Market Name,Ticker,Status,Date and Time of Settlement (ET),Price (USD)
Charles McAdoo 1.5,MLB-PHRR-FG-01OEGEK7VUKTP10-CHOO000-GTE-P00015,Settled Early,08/20/26 12:00:36.416 AM EDT,$1.00
Charles McAdoo 7.5,MLB-PHRR-FG-01OEGEK7VUKTP10-CHOO000-GTE-P00075,Settled Early,08/20/26 12:00:36.763 AM EDT,$0.00
Charles McAdoo 8.5,MLB-PHRR-FG-01OEGEK7VUKTP10-CHOO000-GTE-P00085,Settled Early,08/20/26 12:00:37.084 AM EDT,$0.00
Charles McAdoo 5.5,MLB-PHRR-FG-01OEGEK7VUKTP10-CHOO000-GTE-P00055,Settled Early,08/20/26 12:00:37.428 AM EDT,$1.00
Charles McAdoo 3.5,MLB-PHRR-FG-01OEGEK7VUKTP10-CHOO000-GTE-P00035,Settled Early,08/20/26 12:00:37.734 AM EDT,$1.00
Charles McAdoo 4.5,MLB-PHRR-FG-01OEGEK7VUKTP10-CHOO000-GTE-P00045,Settled Early,08/20/26 12:00:38.012 AM EDT,$1.00
Charles McAdoo 0.5,MLB-PHRR-FG-01OEGEK7VUKTP10-CHOO000-GTE-P00005,Settled Early,08/20/26 12:00:38.440 AM EDT,$1.00
Charles McAdoo 2.5,MLB-PHRR-FG-01OEGEK7VUKTP10-CHOO000-GTE-P00025,Settled Early,08/20/26 12:00:38.789 AM EDT,$1.00
Charles McAdoo 9.5,MLB-PHRR-FG-01OEGEK7VUKTP10-CHOO000-GTE-P00095,Settled Early,08/20/26 12:00:39.077 AM EDT,$0.00
Andres Gimenez 6.5,MLB-PHRR-FG-01OEGEK7VUKTP10-ANEZ001-GTE-P00065,Settled Early,08/20/26 12:00:53.497 AM EDT,$0.00
Andres Gimenez 4.5,MLB-PHRR-FG-01OEGEK7VUKTP10-ANEZ001-GTE-P00045,Settled Early,08/20/26 12:00:53.883 AM EDT,$0.00
Andres Gimenez 5.5,MLB-PHRR-FG-01OEGEK7VUKTP10-ANEZ001-GTE-P00055,Settled Early,08/20/26 12:00:54.228 AM EDT,$0.00
Andres Gimenez 0.5,MLB-PHRR-FG-01OEGEK7VUKTP10-ANEZ001-GTE-P00005,Settled Early,08/20/26 12:00:54.527 AM EDT,$0.00
Andres Gimenez 1.5,MLB-PHRR-FG-01OEGEK7VUKTP10-ANEZ001-GTE-P00015,Settled Early,08/20/26 12:00:54.827 AM EDT,$0.00
Andres Gimenez 2.5,MLB-PHRR-FG-01OEGEK7VUKTP10-ANEZ001-GTE-P00025,Settled Early,08/20/26 12:00:55.237 AM EDT,$0.00
Andres Gimenez 3.5,MLB-PHRR-FG-01OEGEK7VUKTP10-ANEZ001-GTE-P00035,Settled Early,08/20/26 12:00:55.532 AM EDT,$0.00
Andres Gimenez 7.5,MLB-PHRR-FG-01OEGEK7VUKTP10-ANEZ001-GTE-P00075,Settled Early,08/20/26 12:00:55.849 AM EDT,$0.00
Andres Gimenez 8.5,MLB-PHRR-FG-01OEGEK7VUKTP10-ANEZ001-GTE-P00085,Settled Early,08/20/26 12:00:56.280 AM EDT,$0.00
Andres Gimenez 9.5,MLB-PHRR-FG-01OEGEK7VUKTP10-ANEZ001-GTE-P00095,Settled Early,08/20/26 12:00:56.562 AM EDT,$0.00
Josh Smith 0.5,MLB-PHRR-FG-01OEGEK7VUKTP10-JOTH000-GTE-P00005,Settled Early,08/20/26 12:01:10.865 AM EDT,$1.00
Josh Smith 1.5,MLB-PHRR-FG-01OEGEK7VUKTP10-JOTH000-GTE-P00015,Settled Early,08/20/26 12:01:11.173 AM EDT,$1.00
Josh Smith 3.5,MLB-PHRR-FG-01OEGEK7VUKTP10-JOTH000-GTE-P00035,Settled Early,08/20/26 12:01:11.474 AM EDT,$0.00
Josh Smith 2.5,MLB-PHRR-FG-01OEGEK7VUKTP10-JOTH000-GTE-P00025,Settled Early,08/20/26 12:01:11.840 AM EDT,$1.00
Josh Smith 4.5,MLB-PHRR-FG-01OEGEK7VUKTP10-JOTH000-GTE-P00045,Settled Early,08/20/26 12:01:12.162 AM EDT,$0.00
Josh Smith 5.5,MLB-PHRR-FG-01OEGEK7VUKTP10-JOTH000-GTE-P00055,Settled Early,08/20/26 12:01:12.467 AM EDT,$0.00
Josh Smith 6.5,MLB-PHRR-FG-01OEGEK7VUKTP10-JOTH000-GTE-P00065,Settled Early,08/20/26 12:01:12.748 AM EDT,$0.00
Josh Smith 7.5,MLB-PHRR-FG-01OEGEK7VUKTP10-JOTH000-GTE-P00075,Settled Early,08/20/26 12:01:13.050 AM EDT,$0.00
Josh Smith 8.5,MLB-PHRR-FG-01OEGEK7VUKTP10-JOTH000-GTE-P00085,Settled Early,08/20/26 12:01:13.350 AM EDT,$0.00
Josh Smith 9.5,MLB-PHRR-FG-01OEGEK7VUKTP10-JOTH000-GTE-P00095,Settled Early,08/20/26 12:01:13.660 AM EDT,$0.00
Over 11.5,MLB-TRUNS-FG-01OEGJ46VUKNT1G-GTE-P00115,Settled Early,08/20/26 12:08:00.556 AM EDT,$0.00
COL Rockies,MLB-WIN-FG-01OEGJ46VUKNT1G-COES000,Settled Early,08/20/26 12:08:00.621 AM EDT,$0.00
Over 3.5,MLB-TRUNS-FG-01OEGJ46VUKNT1G-GTE-P00035,Settled Early,08/20/26 12:08:00.926 AM EDT,$1.00
LA Dodgers,MLB-WIN-FG-01OEGJ46VUKNT1G-LARS000,Settled Early,08/20/26 12:08:01.087 AM EDT,$1.00
Over 10.5,MLB-TRUNS-FG-01OEGJ46VUKNT1G-GTE-P00105,Settled Early,08/20/26 12:08:01.235 AM EDT,$0.00
Over 8.5,MLB-TRUNS-FG-01OEGJ46VUKNT1G-GTE-P00085,Settled Early,08/20/26 12:08:01.595 AM EDT,$1.00
Over 4.5,MLB-TRUNS-FG-01OEGJ46VUKNT1G-GTE-P00045,Settled Early,08/20/26 12:08:01.924 AM EDT,$1.00
Over 7.5,MLB-TRUNS-FG-01OEGJ46VUKNT1G-GTE-P00075,Settled Early,08/20/26 12:08:02.224 AM EDT,$1.00
Over 6.5,MLB-TRUNS-FG-01OEGJ46VUKNT1G-GTE-P00065,Settled Early,08/20/26 12:08:02.577 AM EDT,$1.00
Over 9.5,MLB-TRUNS-FG-01OEGJ46VUKNT1G-GTE-P00095,Settled Early,08/20/26 12:08:02.897 AM EDT,$1.00
Over 5.5,MLB-TRUNS-FG-01OEGJ46VUKNT1G-GTE-P00055,Settled Early,08/20/26 12:08:03.217 AM EDT,$1.00
Over 12.5,MLB-TRUNS-FG-01OEGJ46VUKNT1G-GTE-P00125,Settled Early,08/20/26 12:08:03.579 AM EDT,$0.00
Over 13.5,MLB-TRUNS-FG-01OEGJ46VUKNT1G-GTE-P00135,Settled Early,08/20/26 12:08:03.965 AM EDT,$0.00
Over 14.5,MLB-TRUNS-FG-01OEGJ46VUKNT1G-GTE-P00145,Settled Early,08/20/26 12:08:04.304 AM EDT,$0.00
Over 15.5,MLB-TRUNS-FG-01OEGJ46VUKNT1G-GTE-P00155,Settled Early,08/20/26 12:08:04.691 AM EDT,$0.00
Blaze Jordan 1.5,MLB-PHRR-FG-01OEGEJ5VUKTPH0-BLAN000-GTE-P00015,Settled Early,08/20/26 12:13:15.037 AM EDT,$0.00
George Springer 4.5,MLB-PHRR-FG-01OEGEK7VUKTP10-GEER000-GTE-P00045,Settled Early,08/20/26 12:15:23.301 AM EDT,$0.00
George Springer 8.5,MLB-PHRR-FG-01OEGEK7VUKTP10-GEER000-GTE-P00085,Settled Early,08/20/26 12:15:23.655 AM EDT,$0.00
George Springer 7.5,MLB-PHRR-FG-01OEGEK7VUKTP10-GEER000-GTE-P00075,Settled Early,08/20/26 12:15:23.997 AM EDT,$0.00
George Springer 2.5,MLB-PHRR-FG-01OEGEK7VUKTP10-GEER000-GTE-P00025,Settled Early,08/20/26 12:15:24.313 AM EDT,$0.00
George Springer 9.5,MLB-PHRR-FG-01OEGEK7VUKTP10-GEER000-GTE-P00095,Settled Early,08/20/26 12:15:24.619 AM EDT,$0.00
George Springer 1.5,MLB-PHRR-FG-01OEGEK7VUKTP10-GEER000-GTE-P00015,Settled Early,08/20/26 12:15:24.948 AM EDT,$0.00
George Springer 6.5,MLB-PHRR-FG-01OEGEK7VUKTP10-GEER000-GTE-P00065,Settled Early,08/20/26 12:15:25.259 AM EDT,$0.00
George Springer 5.5,MLB-PHRR-FG-01OEGEK7VUKTP10-GEER000-GTE-P00055,Settled Early,08/20/26 12:15:25.584 AM EDT,$0.00
George Springer 3.5,MLB-PHRR-FG-01OEGEK7VUKTP10-GEER000-GTE-P00035,Settled Early,08/20/26 12:15:25.918 AM EDT,$0.00
Both Teams to Score,MLS-BTMSC-FG-03VQO7HC4OO7A1O-BINARY,Settled Early,08/20/26 12:36:07.157 AM EDT,$1.00
Both Teams to Score,MLS-BTMSC-FG-014AC26DLBGCFNO-BINARY,Settled Early,08/20/26 12:36:37.122 AM EDT,$0.00
Both Teams to Score,MLS-BTMSC-FG-00U4M0QHF77H030-BINARY,Settled Early,08/20/26 12:39:40.967 AM EDT,$0.00
Charles McAdoo 5.5,MLB-PHRR-FG-0146MBGDL8S0IL0-CHOO000-GTE-P00055,Settled Early,08/20/26 12:56:27.295 AM EDT,$1.00
Charles McAdoo 3.5,MLB-PHRR-FG-0146MBGDL8S0IL0-CHOO000-GTE-P00035,Settled Early,08/20/26 12:56:27.696 AM EDT,$1.00
Charles McAdoo 2.5,MLB-PHRR-FG-0146MBGDL8S0IL0-CHOO000-GTE-P00025,Settled Early,08/20/26 12:56:28.022 AM EDT,$1.00
Charles McAdoo 4.5,MLB-PHRR-FG-0146MBGDL8S0IL0-CHOO000-GTE-P00045,Settled Early,08/20/26 12:56:28.348 AM EDT,$1.00
Charles McAdoo 6.5,MLB-PHRR-FG-0146MBGDL8S0IL0-CHOO000-GTE-P00065,Settled Early,08/20/26 12:56:28.679 AM EDT,$0.00
Charles McAdoo 9.5,MLB-PHRR-FG-0146MBGDL8S0IL0-CHOO000-GTE-P00095,Settled Early,08/20/26 12:56:29.005 AM EDT,$0.00
Charles McAdoo 1.5,MLB-PHRR-FG-0146MBGDL8S0IL0-CHOO000-GTE-P00015,Settled Early,08/20/26 12:56:29.502 AM EDT,$1.00
Charles McAdoo 7.5,MLB-PHRR-FG-0146MBGDL8S0IL0-CHOO000-GTE-P00075,Settled Early,08/20/26 12:56:29.799 AM EDT,$0.00
Charles McAdoo 8.5,MLB-PHRR-FG-0146MBGDL8S0IL0-CHOO000-GTE-P00085,Settled Early,08/20/26 12:56:30.129 AM EDT,$0.00
Charles McAdoo 0.5,MLB-PHRR-FG-0146MBGDL8S0IL0-CHOO000-GTE-P00005,Settled Early,08/20/26 12:56:30.471 AM EDT,$1.00
Cam Smith 0.5,MLB-PHRR-FG-01OEGJ71VUKNS0G-CATH000-GTE-P00005,Settled Early,08/20/26 12:57:40.236 AM EDT,$1.00
Cam Smith 2.5,MLB-PHRR-FG-01OEGJ71VUKNS0G-CATH000-GTE-P00025,Settled Early,08/20/26 12:57:40.612 AM EDT,$0.00
Cam Smith 3.5,MLB-PHRR-FG-01OEGJ71VUKNS0G-CATH000-GTE-P00035,Settled Early,08/20/26 12:57:40.968 AM EDT,$0.00
Cam Smith 1.5,MLB-PHRR-FG-01OEGJ71VUKNS0G-CATH000-GTE-P00015,Settled Early,08/20/26 12:57:41.314 AM EDT,$0.00
Cam Smith 4.5,MLB-PHRR-FG-01OEGJ71VUKNS0G-CATH000-GTE-P00045,Settled Early,08/20/26 12:57:41.671 AM EDT,$0.00
Cam Smith 6.5,MLB-PHRR-FG-01OEGJ71VUKNS0G-CATH000-GTE-P00065,Settled Early,08/20/26 12:57:42.008 AM EDT,$0.00
Cam Smith 8.5,MLB-PHRR-FG-01OEGJ71VUKNS0G-CATH000-GTE-P00085,Settled Early,08/20/26 12:57:42.320 AM EDT,$0.00
Cam Smith 7.5,MLB-PHRR-FG-01OEGJ71VUKNS0G-CATH000-GTE-P00075,Settled Early,08/20/26 12:57:42.616 AM EDT,$0.00
Cam Smith 5.5,MLB-PHRR-FG-01OEGJ71VUKNS0G-CATH000-GTE-P00055,Settled Early,08/20/26 12:57:42.999 AM EDT,$0.00
Cam Smith 9.5,MLB-PHRR-FG-01OEGJ71VUKNS0G-CATH000-GTE-P00095,Settled Early,08/20/26 12:57:43.352 AM EDT,$0.00
Wade Meckler 4.5,MLB-PHRR-FG-01OEGJ71VUKNS0G-WAER001-GTE-P00045,Settled Early,08/20/26 12:57:55.832 AM EDT,$0.00
Wade Meckler 6.5,MLB-PHRR-FG-01OEGJ71VUKNS0G-WAER001-GTE-P00065,Settled Early,08/20/26 12:57:56.205 AM EDT,$0.00
Wade Meckler 2.5,MLB-PHRR-FG-01OEGJ71VUKNS0G-WAER001-GTE-P00025,Settled Early,08/20/26 12:57:56.607 AM EDT,$0.00
Wade Meckler 0.5,MLB-PHRR-FG-01OEGJ71VUKNS0G-WAER001-GTE-P00005,Settled Early,08/20/26 12:57:56.957 AM EDT,$0.00
Wade Meckler 1.5,MLB-PHRR-FG-01OEGJ71VUKNS0G-WAER001-GTE-P00015,Settled Early,08/20/26 12:57:57.264 AM EDT,$0.00
Wade Meckler 8.5,MLB-PHRR-FG-01OEGJ71VUKNS0G-WAER001-GTE-P00085,Settled Early,08/20/26 12:57:57.570 AM EDT,$0.00
Wade Meckler 9.5,MLB-PHRR-FG-01OEGJ71VUKNS0G-WAER001-GTE-P00095,Settled Early,08/20/26 12:57:57.874 AM EDT,$0.00
Wade Meckler 7.5,MLB-PHRR-FG-01OEGJ71VUKNS0G-WAER001-GTE-P00075,Settled Early,08/20/26 12:57:58.188 AM EDT,$0.00
Wade Meckler 5.5,MLB-PHRR-FG-01OEGJ71VUKNS0G-WAER001-GTE-P00055,Settled Early,08/20/26 12:57:58.486 AM EDT,$0.00
Wade Meckler 3.5,MLB-PHRR-FG-01OEGJ71VUKNS0G-WAER001-GTE-P00035,Settled Early,08/20/26 12:57:58.800 AM EDT,$0.00
Mike Trout 4.5,MLB-PHRR-FG-01OEGJ71VUKNS0G-MIUT000-GTE-P00045,Settled Early,08/20/26 01:01:30.045 AM EDT,$0.00
Mike Trout 6.5,MLB-PHRR-FG-01OEGJ71VUKNS0G-MIUT000-GTE-P00065,Settled Early,08/20/26 01:01:31.230 AM EDT,$0.00
Mike Trout 5.5,MLB-PHRR-FG-01OEGJ71VUKNS0G-MIUT000-GTE-P00055,Settled Early,08/20/26 01:01:31.584 AM EDT,$0.00
Mike Trout 0.5,MLB-PHRR-FG-01OEGJ71VUKNS0G-MIUT000-GTE-P00005,Settled Early,08/20/26 01:01:32.002 AM EDT,$1.00
Mike Trout 1.5,MLB-PHRR-FG-01OEGJ71VUKNS0G-MIUT000-GTE-P00015,Settled Early,08/20/26 01:01:32.355 AM EDT,$0.00
Mike Trout 2.5,MLB-PHRR-FG-01OEGJ71VUKNS0G-MIUT000-GTE-P00025,Settled Early,08/20/26 01:01:32.743 AM EDT,$0.00
Mike Trout 9.5,MLB-PHRR-FG-01OEGJ71VUKNS0G-MIUT000-GTE-P00095,Settled Early,08/20/26 01:01:33.120 AM EDT,$0.00
Mike Trout 7.5,MLB-PHRR-FG-01OEGJ71VUKNS0G-MIUT000-GTE-P00075,Settled Early,08/20/26 01:01:33.488 AM EDT,$0.00
Mike Trout 3.5,MLB-PHRR-FG-01OEGJ71VUKNS0G-MIUT000-GTE-P00035,Settled Early,08/20/26 01:01:33.803 AM EDT,$0.00
Mike Trout 8.5,MLB-PHRR-FG-01OEGJ71VUKNS0G-MIUT000-GTE-P00085,Settled Early,08/20/26 01:01:34.198 AM EDT,$0.00
Christian Vazquez 0.5,MLB-PHRR-FG-01OEGJ71VUKNS0G-CHEZ001-GTE-P00005,Settled Early,08/20/26 01:01:47.661 AM EDT,$1.00
Christian Vazquez 2.5,MLB-PHRR-FG-01OEGJ71VUKNS0G-CHEZ001-GTE-P00025,Settled Early,08/20/26 01:01:47.991 AM EDT,$1.00
Christian Vazquez 1.5,MLB-PHRR-FG-01OEGJ71VUKNS0G-CHEZ001-GTE-P00015,Settled Early,08/20/26 01:01:48.303 AM EDT,$1.00
Christian Vazquez 3.5,MLB-PHRR-FG-01OEGJ71VUKNS0G-CHEZ001-GTE-P00035,Settled Early,08/20/26 01:01:48.601 AM EDT,$0.00
Christian Vazquez 5.5,MLB-PHRR-FG-01OEGJ71VUKNS0G-CHEZ001-GTE-P00055,Settled Early,08/20/26 01:01:48.904 AM EDT,$0.00
Christian Vazquez 4.5,MLB-PHRR-FG-01OEGJ71VUKNS0G-CHEZ001-GTE-P00045,Settled Early,08/20/26 01:01:49.180 AM EDT,$0.00
Christian Vazquez 6.5,MLB-PHRR-FG-01OEGJ71VUKNS0G-CHEZ001-GTE-P00065,Settled Early,08/20/26 01:01:49.459 AM EDT,$0.00
Christian Vazquez 7.5,MLB-PHRR-FG-01OEGJ71VUKNS0G-CHEZ001-GTE-P00075,Settled Early,08/20/26 01:01:49.778 AM EDT,$0.00
Christian Vazquez 8.5,MLB-PHRR-FG-01OEGJ71VUKNS0G-CHEZ001-GTE-P00085,Settled Early,08/20/26 01:01:50.062 AM EDT,$0.00
Christian Vazquez 9.5,MLB-PHRR-FG-01OEGJ71VUKNS0G-CHEZ001-GTE-P00095,Settled Early,08/20/26 01:01:50.389 AM EDT,$0.00
Vaughn Grissom 3.5,MLB-PHRR-FG-01OEGJ71VUKNS0G-VAOM000-GTE-P00035,Settled Early,08/20/26 01:02:17.191 AM EDT,$0.00
Vaughn Grissom 5.5,MLB-PHRR-FG-01OEGJ71VUKNS0G-VAOM000-GTE-P00055,Settled Early,08/20/26 01:02:17.779 AM EDT,$0.00
Vaughn Grissom 4.5,MLB-PHRR-FG-01OEGJ71VUKNS0G-VAOM000-GTE-P00045,Settled Early,08/20/26 01:02:18.059 AM EDT,$0.00
Vaughn Grissom 0.5,MLB-PHRR-FG-01OEGJ71VUKNS0G-VAOM000-GTE-P00005,Settled Early,08/20/26 01:02:18.370 AM EDT,$1.00
Vaughn Grissom 6.5,MLB-PHRR-FG-01OEGJ71VUKNS0G-VAOM000-GTE-P00065,Settled Early,08/20/26 01:02:18.742 AM EDT,$0.00
Vaughn Grissom 1.5,MLB-PHRR-FG-01OEGJ71VUKNS0G-VAOM000-GTE-P00015,Settled Early,08/20/26 01:02:19.020 AM EDT,$0.00
Vaughn Grissom 8.5,MLB-PHRR-FG-01OEGJ71VUKNS0G-VAOM000-GTE-P00085,Settled Early,08/20/26 01:02:19.339 AM EDT,$0.00
Vaughn Grissom 9.5,MLB-PHRR-FG-01OEGJ71VUKNS0G-VAOM000-GTE-P00095,Settled Early,08/20/26 01:02:19.769 AM EDT,$0.00
Vaughn Grissom 2.5,MLB-PHRR-FG-01OEGJ71VUKNS0G-VAOM000-GTE-P00025,Settled Early,08/20/26 01:02:20.075 AM EDT,$0.00
Vaughn Grissom 7.5,MLB-PHRR-FG-01OEGJ71VUKNS0G-VAOM000-GTE-P00075,Settled Early,08/20/26 01:02:20.419 AM EDT,$0.00
Denzer Guzman 1.5,MLB-PHRR-FG-01OEGJ71VUKNS0G-DEAN000-GTE-P00015,Settled Early,08/20/26 01:02:38.540 AM EDT,$1.00
Denzer Guzman 0.5,MLB-PHRR-FG-01OEGJ71VUKNS0G-DEAN000-GTE-P00005,Settled Early,08/20/26 01:02:38.862 AM EDT,$1.00
Denzer Guzman 6.5,MLB-PHRR-FG-01OEGJ71VUKNS0G-DEAN000-GTE-P00065,Settled Early,08/20/26 01:02:39.258 AM EDT,$0.00
Denzer Guzman 5.5,MLB-PHRR-FG-01OEGJ71VUKNS0G-DEAN000-GTE-P00055,Settled Early,08/20/26 01:02:39.629 AM EDT,$0.00
Denzer Guzman 9.5,MLB-PHRR-FG-01OEGJ71VUKNS0G-DEAN000-GTE-P00095,Settled Early,08/20/26 01:02:39.928 AM EDT,$0.00
Denzer Guzman 3.5,MLB-PHRR-FG-01OEGJ71VUKNS0G-DEAN000-GTE-P00035,Settled Early,08/20/26 01:02:40.379 AM EDT,$0.00
Denzer Guzman 2.5,MLB-PHRR-FG-01OEGJ71VUKNS0G-DEAN000-GTE-P00025,Settled Early,08/20/26 01:02:40.662 AM EDT,$1.00
Denzer Guzman 7.5,MLB-PHRR-FG-01OEGJ71VUKNS0G-DEAN000-GTE-P00075,Settled Early,08/20/26 01:02:40.957 AM EDT,$0.00
Denzer Guzman 8.5,MLB-PHRR-FG-01OEGJ71VUKNS0G-DEAN000-GTE-P00085,Settled Early,08/20/26 01:02:41.248 AM EDT,$0.00
Denzer Guzman 4.5,MLB-PHRR-FG-01OEGJ71VUKNS0G-DEAN000-GTE-P00045,Settled Early,08/20/26 01:02:41.550 AM EDT,$0.00
Oswald Peraza 3.5,MLB-PHRR-FG-01OEGJ71VUKNS0G-OSZA000-GTE-P00035,Settled Early,08/20/26 01:02:52.232 AM EDT,$0.00
Oswald Peraza 5.5,MLB-PHRR-FG-01OEGJ71VUKNS0G-OSZA000-GTE-P00055,Settled Early,08/20/26 01:02:52.633 AM EDT,$0.00
Oswald Peraza 8.5,MLB-PHRR-FG-01OEGJ71VUKNS0G-OSZA000-GTE-P00085,Settled Early,08/20/26 01:02:52.991 AM EDT,$0.00
Oswald Peraza 7.5,MLB-PHRR-FG-01OEGJ71VUKNS0G-OSZA000-GTE-P00075,Settled Early,08/20/26 01:02:53.288 AM EDT,$0.00
Oswald Peraza 6.5,MLB-PHRR-FG-01OEGJ71VUKNS0G-OSZA000-GTE-P00065,Settled Early,08/20/26 01:02:53.695 AM EDT,$0.00
Oswald Peraza 4.5,MLB-PHRR-FG-01OEGJ71VUKNS0G-OSZA000-GTE-P00045,Settled Early,08/20/26 01:02:54.357 AM EDT,$0.00
Oswald Peraza 1.5,MLB-PHRR-FG-01OEGJ71VUKNS0G-OSZA000-GTE-P00015,Settled Early,08/20/26 01:02:54.875 AM EDT,$0.00
Oswald Peraza 0.5,MLB-PHRR-FG-01OEGJ71VUKNS0G-OSZA000-GTE-P00005,Settled Early,08/20/26 01:02:55.296 AM EDT,$0.00
Oswald Peraza 2.5,MLB-PHRR-FG-01OEGJ71VUKNS0G-OSZA000-GTE-P00025,Settled Early,08/20/26 01:02:55.955 AM EDT,$0.00
Oswald Peraza 9.5,MLB-PHRR-FG-01OEGJ71VUKNS0G-OSZA000-GTE-P00095,Settled Early,08/20/26 01:02:56.380 AM EDT,$0.00
Jeremy Pena 0.5,MLB-PHRR-FG-01OEGJ71VUKNS0G-JENA000-GTE-P00005,Settled Early,08/20/26 01:03:50.141 AM EDT,$0.00
Jeremy Pena 1.5,MLB-PHRR-FG-01OEGJ71VUKNS0G-JENA000-GTE-P00015,Settled Early,08/20/26 01:03:50.491 AM EDT,$0.00
Jeremy Pena 5.5,MLB-PHRR-FG-01OEGJ71VUKNS0G-JENA000-GTE-P00055,Settled Early,08/20/26 01:03:50.824 AM EDT,$0.00
Jeremy Pena 2.5,MLB-PHRR-FG-01OEGJ71VUKNS0G-JENA000-GTE-P00025,Settled Early,08/20/26 01:03:51.154 AM EDT,$0.00
Jeremy Pena 3.5,MLB-PHRR-FG-01OEGJ71VUKNS0G-JENA000-GTE-P00035,Settled Early,08/20/26 01:03:51.445 AM EDT,$0.00
Jeremy Pena 4.5,MLB-PHRR-FG-01OEGJ71VUKNS0G-JENA000-GTE-P00045,Settled Early,08/20/26 01:03:51.886 AM EDT,$0.00
Jeremy Pena 6.5,MLB-PHRR-FG-01OEGJ71VUKNS0G-JENA000-GTE-P00065,Settled Early,08/20/26 01:03:52.190 AM EDT,$0.00
Jeremy Pena 7.5,MLB-PHRR-FG-01OEGJ71VUKNS0G-JENA000-GTE-P00075,Settled Early,08/20/26 01:03:52.499 AM EDT,$0.00
Jeremy Pena 8.5,MLB-PHRR-FG-01OEGJ71VUKNS0G-JENA000-GTE-P00085,Settled Early,08/20/26 01:03:52.886 AM EDT,$0.00
Jeremy Pena 9.5,MLB-PHRR-FG-01OEGJ71VUKNS0G-JENA000-GTE-P00095,Settled Early,08/20/26 01:03:53.189 AM EDT,$0.00
Nolan Schanuel 9.5,MLB-PHRR-FG-01OEGJ71VUKNS0G-NOEL000-GTE-P00095,Settled Early,08/20/26 01:05:07.150 AM EDT,$0.00
Nolan Schanuel 8.5,MLB-PHRR-FG-01OEGJ71VUKNS0G-NOEL000-GTE-P00085,Settled Early,08/20/26 01:05:07.468 AM EDT,$0.00
Nolan Schanuel 7.5,MLB-PHRR-FG-01OEGJ71VUKNS0G-NOEL000-GTE-P00075,Settled Early,08/20/26 01:05:07.920 AM EDT,$0.00
Nolan Schanuel 4.5,MLB-PHRR-FG-01OEGJ71VUKNS0G-NOEL000-GTE-P00045,Settled Early,08/20/26 01:05:08.231 AM EDT,$0.00
Nolan Schanuel 3.5,MLB-PHRR-FG-01OEGJ71VUKNS0G-NOEL000-GTE-P00035,Settled Early,08/20/26 01:05:08.636 AM EDT,$0.00
Nolan Schanuel 1.5,MLB-PHRR-FG-01OEGJ71VUKNS0G-NOEL000-GTE-P00015,Settled Early,08/20/26 01:05:08.933 AM EDT,$0.00
Nolan Schanuel 2.5,MLB-PHRR-FG-01OEGJ71VUKNS0G-NOEL000-GTE-P00025,Settled Early,08/20/26 01:05:09.281 AM EDT,$0.00
Nolan Schanuel 5.5,MLB-PHRR-FG-01OEGJ71VUKNS0G-NOEL000-GTE-P00055,Settled Early,08/20/26 01:05:09.659 AM EDT,$0.00
Nolan Schanuel 0.5,MLB-PHRR-FG-01OEGJ71VUKNS0G-NOEL000-GTE-P00005,Settled Early,08/20/26 01:05:09.970 AM EDT,$0.00
Nolan Schanuel 6.5,MLB-PHRR-FG-01OEGJ71VUKNS0G-NOEL000-GTE-P00065,Settled Early,08/20/26 01:05:10.278 AM EDT,$0.00
Yordan Alvarez 2.5,MLB-PHRR-FG-01OEGJ71VUKNS0G-YOEZ000-GTE-P00025,Settled Early,08/20/26 01:07:16.250 AM EDT,$0.00
Yordan Alvarez 6.5,MLB-PHRR-FG-01OEGJ71VUKNS0G-YOEZ000-GTE-P00065,Settled Early,08/20/26 01:07:16.673 AM EDT,$0.00
Yordan Alvarez 1.5,MLB-PHRR-FG-01OEGJ71VUKNS0G-YOEZ000-GTE-P00015,Settled Early,08/20/26 01:07:16.950 AM EDT,$1.00
Yordan Alvarez 9.5,MLB-PHRR-FG-01OEGJ71VUKNS0G-YOEZ000-GTE-P00095,Settled Early,08/20/26 01:07:17.301 AM EDT,$0.00
Yordan Alvarez 7.5,MLB-PHRR-FG-01OEGJ71VUKNS0G-YOEZ000-GTE-P00075,Settled Early,08/20/26 01:07:17.652 AM EDT,$0.00
Yordan Alvarez 0.5,MLB-PHRR-FG-01OEGJ71VUKNS0G-YOEZ000-GTE-P00005,Settled Early,08/20/26 01:07:17.926 AM EDT,$1.00
Yordan Alvarez 3.5,MLB-PHRR-FG-01OEGJ71VUKNS0G-YOEZ000-GTE-P00035,Settled Early,08/20/26 01:07:18.250 AM EDT,$0.00
Yordan Alvarez 4.5,MLB-PHRR-FG-01OEGJ71VUKNS0G-YOEZ000-GTE-P00045,Settled Early,08/20/26 01:07:18.554 AM EDT,$0.00
Yordan Alvarez 5.5,MLB-PHRR-FG-01OEGJ71VUKNS0G-YOEZ000-GTE-P00055,Settled Early,08/20/26 01:07:18.898 AM EDT,$0.00
Yordan Alvarez 8.5,MLB-PHRR-FG-01OEGJ71VUKNS0G-YOEZ000-GTE-P00085,Settled Early,08/20/26 01:07:19.283 AM EDT,$0.00
Moises Ballesteros 1.5,MLB-PHRR-FG-01OEGJ71VUKNS0G-MOOS000-GTE-P00015,Settled Early,08/20/26 01:07:30.509 AM EDT,$0.00
Moises Ballesteros 5.5,MLB-PHRR-FG-01OEGJ71VUKNS0G-MOOS000-GTE-P00055,Settled Early,08/20/26 01:07:30.802 AM EDT,$0.00
Moises Ballesteros 2.5,MLB-PHRR-FG-01OEGJ71VUKNS0G-MOOS000-GTE-P00025,Settled Early,08/20/26 01:07:31.104 AM EDT,$0.00
Moises Ballesteros 4.5,MLB-PHRR-FG-01OEGJ71VUKNS0G-MOOS000-GTE-P00045,Settled Early,08/20/26 01:07:31.404 AM EDT,$0.00
Moises Ballesteros 3.5,MLB-PHRR-FG-01OEGJ71VUKNS0G-MOOS000-GTE-P00035,Settled Early,08/20/26 01:07:31.780 AM EDT,$0.00
Moises Ballesteros 6.5,MLB-PHRR-FG-01OEGJ71VUKNS0G-MOOS000-GTE-P00065,Settled Early,08/20/26 01:07:32.103 AM EDT,$0.00
Moises Ballesteros 0.5,MLB-PHRR-FG-01OEGJ71VUKNS0G-MOOS000-GTE-P00005,Settled Early,08/20/26 01:07:32.403 AM EDT,$0.00
Moises Ballesteros 7.5,MLB-PHRR-FG-01OEGJ71VUKNS0G-MOOS000-GTE-P00075,Settled Early,08/20/26 01:07:32.776 AM EDT,$0.00
Moises Ballesteros 8.5,MLB-PHRR-FG-01OEGJ71VUKNS0G-MOOS000-GTE-P00085,Settled Early,08/20/26 01:07:33.049 AM EDT,$0.00
Moises Ballesteros 9.5,MLB-PHRR-FG-01OEGJ71VUKNS0G-MOOS000-GTE-P00095,Settled Early,08/20/26 01:07:33.326 AM EDT,$0.00
Josh Lowe 0.5,MLB-PHRR-FG-01OEGJ71VUKNS0G-JOWE000-GTE-P00005,Settled Early,08/20/26 01:07:43.911 AM EDT,$1.00
Josh Lowe 2.5,MLB-PHRR-FG-01OEGJ71VUKNS0G-JOWE000-GTE-P00025,Settled Early,08/20/26 01:07:44.248 AM EDT,$1.00
Josh Lowe 1.5,MLB-PHRR-FG-01OEGJ71VUKNS0G-JOWE000-GTE-P00015,Settled Early,08/20/26 01:07:44.604 AM EDT,$1.00
Josh Lowe 5.5,MLB-PHRR-FG-01OEGJ71VUKNS0G-JOWE000-GTE-P00055,Settled Early,08/20/26 01:07:45.021 AM EDT,$0.00
Josh Lowe 6.5,MLB-PHRR-FG-01OEGJ71VUKNS0G-JOWE000-GTE-P00065,Settled Early,08/20/26 01:07:45.297 AM EDT,$0.00
Josh Lowe 8.5,MLB-PHRR-FG-01OEGJ71VUKNS0G-JOWE000-GTE-P00085,Settled Early,08/20/26 01:07:45.592 AM EDT,$0.00
Josh Lowe 9.5,MLB-PHRR-FG-01OEGJ71VUKNS0G-JOWE000-GTE-P00095,Settled Early,08/20/26 01:07:45.897 AM EDT,$0.00
Josh Lowe 3.5,MLB-PHRR-FG-01OEGJ71VUKNS0G-JOWE000-GTE-P00035,Settled Early,08/20/26 01:07:46.202 AM EDT,$0.00
Josh Lowe 4.5,MLB-PHRR-FG-01OEGJ71VUKNS0G-JOWE000-GTE-P00045,Settled Early,08/20/26 01:07:46.473 AM EDT,$0.00
Josh Lowe 7.5,MLB-PHRR-FG-01OEGJ71VUKNS0G-JOWE000-GTE-P00075,Settled Early,08/20/26 01:07:46.890 AM EDT,$0.00
Taylor Trammell 9.5,MLB-PHRR-FG-01OEGJ71VUKNS0G-TALL000-GTE-P00095,Settled Early,08/20/26 01:18:58.152 AM EDT,$0.00
Taylor Trammell 0.5,MLB-PHRR-FG-01OEGJ71VUKNS0G-TALL000-GTE-P00005,Settled Early,08/20/26 01:18:58.474 AM EDT,$0.00
Taylor Trammell 8.5,MLB-PHRR-FG-01OEGJ71VUKNS0G-TALL000-GTE-P00085,Settled Early,08/20/26 01:18:58.808 AM EDT,$0.00
Taylor Trammell 2.5,MLB-PHRR-FG-01OEGJ71VUKNS0G-TALL000-GTE-P00025,Settled Early,08/20/26 01:18:59.108 AM EDT,$0.00
Taylor Trammell 5.5,MLB-PHRR-FG-01OEGJ71VUKNS0G-TALL000-GTE-P00055,Settled Early,08/20/26 01:18:59.393 AM EDT,$0.00
Taylor Trammell 7.5,MLB-PHRR-FG-01OEGJ71VUKNS0G-TALL000-GTE-P00075,Settled Early,08/20/26 01:18:59.714 AM EDT,$0.00
Taylor Trammell 1.5,MLB-PHRR-FG-01OEGJ71VUKNS0G-TALL000-GTE-P00015,Settled Early,08/20/26 01:19:00.050 AM EDT,$0.00
Taylor Trammell 4.5,MLB-PHRR-FG-01OEGJ71VUKNS0G-TALL000-GTE-P00045,Settled Early,08/20/26 01:19:00.414 AM EDT,$0.00
Taylor Trammell 6.5,MLB-PHRR-FG-01OEGJ71VUKNS0G-TALL000-GTE-P00065,Settled Early,08/20/26 01:19:00.758 AM EDT,$0.00
Taylor Trammell 3.5,MLB-PHRR-FG-01OEGJ71VUKNS0G-TALL000-GTE-P00035,Settled Early,08/20/26 01:19:01.079 AM EDT,$0.00
Isaac Paredes 8.5,MLB-PHRR-FG-01OEGJ71VUKNS0G-ISES000-GTE-P00085,Settled Early,08/20/26 01:19:09.812 AM EDT,$0.00
Isaac Paredes 9.5,MLB-PHRR-FG-01OEGJ71VUKNS0G-ISES000-GTE-P00095,Settled Early,08/20/26 01:19:10.129 AM EDT,$0.00
Isaac Paredes 3.5,MLB-PHRR-FG-01OEGJ71VUKNS0G-ISES000-GTE-P00035,Settled Early,08/20/26 01:19:10.450 AM EDT,$0.00
Isaac Paredes 4.5,MLB-PHRR-FG-01OEGJ71VUKNS0G-ISES000-GTE-P00045,Settled Early,08/20/26 01:19:10.772 AM EDT,$0.00
Isaac Paredes 1.5,MLB-PHRR-FG-01OEGJ71VUKNS0G-ISES000-GTE-P00015,Settled Early,08/20/26 01:19:11.082 AM EDT,$1.00
Isaac Paredes 6.5,MLB-PHRR-FG-01OEGJ71VUKNS0G-ISES000-GTE-P00065,Settled Early,08/20/26 01:19:11.354 AM EDT,$0.00
Isaac Paredes 2.5,MLB-PHRR-FG-01OEGJ71VUKNS0G-ISES000-GTE-P00025,Settled Early,08/20/26 01:19:11.644 AM EDT,$0.00
Isaac Paredes 5.5,MLB-PHRR-FG-01OEGJ71VUKNS0G-ISES000-GTE-P00055,Settled Early,08/20/26 01:19:11.984 AM EDT,$0.00
Isaac Paredes 0.5,MLB-PHRR-FG-01OEGJ71VUKNS0G-ISES000-GTE-P00005,Settled Early,08/20/26 01:19:12.259 AM EDT,$1.00
Isaac Paredes 7.5,MLB-PHRR-FG-01OEGJ71VUKNS0G-ISES000-GTE-P00075,Settled Early,08/20/26 01:19:12.604 AM EDT,$0.00
Christian Walker 1.5,MLB-PHRR-FG-01OEGJ71VUKNS0G-CHER000-GTE-P00015,Settled Early,08/20/26 01:19:21.213 AM EDT,$0.00
Christian Walker 0.5,MLB-PHRR-FG-01OEGJ71VUKNS0G-CHER000-GTE-P00005,Settled Early,08/20/26 01:19:21.596 AM EDT,$0.00
Christian Walker 7.5,MLB-PHRR-FG-01OEGJ71VUKNS0G-CHER000-GTE-P00075,Settled Early,08/20/26 01:19:21.901 AM EDT,$0.00
Christian Walker 2.5,MLB-PHRR-FG-01OEGJ71VUKNS0G-CHER000-GTE-P00025,Settled Early,08/20/26 01:19:22.245 AM EDT,$0.00
Christian Walker 6.5,MLB-PHRR-FG-01OEGJ71VUKNS0G-CHER000-GTE-P00065,Settled Early,08/20/26 01:19:22.668 AM EDT,$0.00
Christian Walker 3.5,MLB-PHRR-FG-01OEGJ71VUKNS0G-CHER000-GTE-P00035,Settled Early,08/20/26 01:19:22.953 AM EDT,$0.00
Christian Walker 8.5,MLB-PHRR-FG-01OEGJ71VUKNS0G-CHER000-GTE-P00085,Settled Early,08/20/26 01:19:23.231 AM EDT,$0.00
Christian Walker 4.5,MLB-PHRR-FG-01OEGJ71VUKNS0G-CHER000-GTE-P00045,Settled Early,08/20/26 01:19:23.589 AM EDT,$0.00
Christian Walker 9.5,MLB-PHRR-FG-01OEGJ71VUKNS0G-CHER000-GTE-P00095,Settled Early,08/20/26 01:19:24.022 AM EDT,$0.00
Christian Walker 5.5,MLB-PHRR-FG-01OEGJ71VUKNS0G-CHER000-GTE-P00055,Settled Early,08/20/26 01:19:24.711 AM EDT,$0.00
Jose Altuve 3.5,MLB-PHRR-FG-01OEGJ71VUKNS0G-JOVE001-GTE-P00035,Settled Early,08/20/26 01:19:33.731 AM EDT,$0.00
Jose Altuve 2.5,MLB-PHRR-FG-01OEGJ71VUKNS0G-JOVE001-GTE-P00025,Settled Early,08/20/26 01:19:34.141 AM EDT,$0.00
Jose Altuve 0.5,MLB-PHRR-FG-01OEGJ71VUKNS0G-JOVE001-GTE-P00005,Settled Early,08/20/26 01:19:34.524 AM EDT,$1.00
Jose Altuve 6.5,MLB-PHRR-FG-01OEGJ71VUKNS0G-JOVE001-GTE-P00065,Settled Early,08/20/26 01:19:34.883 AM EDT,$0.00
Jose Altuve 8.5,MLB-PHRR-FG-01OEGJ71VUKNS0G-JOVE001-GTE-P00085,Settled Early,08/20/26 01:19:35.172 AM EDT,$0.00
Jose Altuve 9.5,MLB-PHRR-FG-01OEGJ71VUKNS0G-JOVE001-GTE-P00095,Settled Early,08/20/26 01:19:35.559 AM EDT,$0.00
Jose Altuve 5.5,MLB-PHRR-FG-01OEGJ71VUKNS0G-JOVE001-GTE-P00055,Settled Early,08/20/26 01:19:35.888 AM EDT,$0.00
Jose Altuve 7.5,MLB-PHRR-FG-01OEGJ71VUKNS0G-JOVE001-GTE-P00075,Settled Early,08/20/26 01:19:36.218 AM EDT,$0.00
Jose Altuve 4.5,MLB-PHRR-FG-01OEGJ71VUKNS0G-JOVE001-GTE-P00045,Settled Early,08/20/26 01:19:36.543 AM EDT,$0.00
Jose Altuve 1.5,MLB-PHRR-FG-01OEGJ71VUKNS0G-JOVE001-GTE-P00015,Settled Early,08/20/26 01:19:36.831 AM EDT,$1.00
LaMonte Wade Jr. 3.5,MLB-PHRR-FG-01OEGJ71VUKNS0G-LAJR000-GTE-P00035,Settled Early,08/20/26 01:19:49.522 AM EDT,$0.00
LaMonte Wade Jr. 2.5,MLB-PHRR-FG-01OEGJ71VUKNS0G-LAJR000-GTE-P00025,Settled Early,08/20/26 01:19:49.816 AM EDT,$0.00
LaMonte Wade Jr. 6.5,MLB-PHRR-FG-01OEGJ71VUKNS0G-LAJR000-GTE-P00065,Settled Early,08/20/26 01:19:50.119 AM EDT,$0.00
LaMonte Wade Jr. 1.5,MLB-PHRR-FG-01OEGJ71VUKNS0G-LAJR000-GTE-P00015,Settled Early,08/20/26 01:19:50.415 AM EDT,$0.00
LaMonte Wade Jr. 5.5,MLB-PHRR-FG-01OEGJ71VUKNS0G-LAJR000-GTE-P00055,Settled Early,08/20/26 01:19:50.694 AM EDT,$0.00
LaMonte Wade Jr. 0.5,MLB-PHRR-FG-01OEGJ71VUKNS0G-LAJR000-GTE-P00005,Settled Early,08/20/26 01:19:51.020 AM EDT,$1.00
LaMonte Wade Jr. 4.5,MLB-PHRR-FG-01OEGJ71VUKNS0G-LAJR000-GTE-P00045,Settled Early,08/20/26 01:19:51.342 AM EDT,$0.00
LaMonte Wade Jr. 8.5,MLB-PHRR-FG-01OEGJ71VUKNS0G-LAJR000-GTE-P00085,Settled Early,08/20/26 01:19:51.636 AM EDT,$0.00
LaMonte Wade Jr. 7.5,MLB-PHRR-FG-01OEGJ71VUKNS0G-LAJR000-GTE-P00075,Settled Early,08/20/26 01:19:51.947 AM EDT,$0.00
LaMonte Wade Jr. 9.5,MLB-PHRR-FG-01OEGJ71VUKNS0G-LAJR000-GTE-P00095,Settled Early,08/20/26 01:19:52.318 AM EDT,$0.00
Zach Neto 5.5,MLB-PHRR-FG-01OEGJ71VUKNS0G-ZATO000-GTE-P00055,Settled Early,08/20/26 01:20:03.145 AM EDT,$0.00
Zach Neto 7.5,MLB-PHRR-FG-01OEGJ71VUKNS0G-ZATO000-GTE-P00075,Settled Early,08/20/26 01:20:03.538 AM EDT,$0.00
Zach Neto 6.5,MLB-PHRR-FG-01OEGJ71VUKNS0G-ZATO000-GTE-P00065,Settled Early,08/20/26 01:20:03.841 AM EDT,$0.00
Zach Neto 9.5,MLB-PHRR-FG-01OEGJ71VUKNS0G-ZATO000-GTE-P00095,Settled Early,08/20/26 01:20:04.148 AM EDT,$0.00
Zach Neto 8.5,MLB-PHRR-FG-01OEGJ71VUKNS0G-ZATO000-GTE-P00085,Settled Early,08/20/26 01:20:04.560 AM EDT,$0.00
Zach Neto 1.5,MLB-PHRR-FG-01OEGJ71VUKNS0G-ZATO000-GTE-P00015,Settled Early,08/20/26 01:20:04.889 AM EDT,$0.00
Zach Neto 4.5,MLB-PHRR-FG-01OEGJ71VUKNS0G-ZATO000-GTE-P00045,Settled Early,08/20/26 01:20:05.252 AM EDT,$0.00
Zach Neto 0.5,MLB-PHRR-FG-01OEGJ71VUKNS0G-ZATO000-GTE-P00005,Settled Early,08/20/26 01:20:05.577 AM EDT,$1.00
Zach Neto 2.5,MLB-PHRR-FG-01OEGJ71VUKNS0G-ZATO000-GTE-P00025,Settled Early,08/20/26 01:20:05.910 AM EDT,$0.00
Zach Neto 3.5,MLB-PHRR-FG-01OEGJ71VUKNS0G-ZATO000-GTE-P00035,Settled Early,08/20/26 01:20:06.214 AM EDT,$0.00
Daulton Varsho 1.5,MLB-PHRR-FG-01OEGJ71VUKNS0G-DAHO000-GTE-P00015,Settled Early,08/20/26 01:20:13.525 AM EDT,$0.00
Daulton Varsho 0.5,MLB-PHRR-FG-01OEGJ71VUKNS0G-DAHO000-GTE-P00005,Settled Early,08/20/26 01:20:13.856 AM EDT,$0.00
Daulton Varsho 2.5,MLB-PHRR-FG-01OEGJ71VUKNS0G-DAHO000-GTE-P00025,Settled Early,08/20/26 01:20:14.179 AM EDT,$0.00
Daulton Varsho 5.5,MLB-PHRR-FG-01OEGJ71VUKNS0G-DAHO000-GTE-P00055,Settled Early,08/20/26 01:20:14.490 AM EDT,$0.00
Daulton Varsho 9.5,MLB-PHRR-FG-01OEGJ71VUKNS0G-DAHO000-GTE-P00095,Settled Early,08/20/26 01:20:14.841 AM EDT,$0.00
Daulton Varsho 8.5,MLB-PHRR-FG-01OEGJ71VUKNS0G-DAHO000-GTE-P00085,Settled Early,08/20/26 01:20:15.360 AM EDT,$0.00
Daulton Varsho 6.5,MLB-PHRR-FG-01OEGJ71VUKNS0G-DAHO000-GTE-P00065,Settled Early,08/20/26 01:20:15.750 AM EDT,$0.00
Daulton Varsho 7.5,MLB-PHRR-FG-01OEGJ71VUKNS0G-DAHO000-GTE-P00075,Settled Early,08/20/26 01:20:16.251 AM EDT,$0.00
Daulton Varsho 4.5,MLB-PHRR-FG-01OEGJ71VUKNS0G-DAHO000-GTE-P00045,Settled Early,08/20/26 01:20:16.722 AM EDT,$0.00
Daulton Varsho 3.5,MLB-PHRR-FG-01OEGJ71VUKNS0G-DAHO000-GTE-P00035,Settled Early,08/20/26 01:20:17.003 AM EDT,$0.00
Zac Veen 0.5,MLB-PHRR-FG-01OEGJ46VUKNT1G-ZAEN000-GTE-P00005,Settled Early,08/20/26 01:21:13.582 AM EDT,$0.00
Zac Veen 1.5,MLB-PHRR-FG-01OEGJ46VUKNT1G-ZAEN000-GTE-P00015,Settled Early,08/20/26 01:21:13.927 AM EDT,$0.00
Zac Veen 2.5,MLB-PHRR-FG-01OEGJ46VUKNT1G-ZAEN000-GTE-P00025,Settled Early,08/20/26 01:21:14.386 AM EDT,$0.00
Zac Veen 3.5,MLB-PHRR-FG-01OEGJ46VUKNT1G-ZAEN000-GTE-P00035,Settled Early,08/20/26 01:21:14.787 AM EDT,$0.00
Zac Veen 4.5,MLB-PHRR-FG-01OEGJ46VUKNT1G-ZAEN000-GTE-P00045,Settled Early,08/20/26 01:21:15.149 AM EDT,$0.00
Zac Veen 5.5,MLB-PHRR-FG-01OEGJ46VUKNT1G-ZAEN000-GTE-P00055,Settled Early,08/20/26 01:21:15.489 AM EDT,$0.00
Zac Veen 6.5,MLB-PHRR-FG-01OEGJ46VUKNT1G-ZAEN000-GTE-P00065,Settled Early,08/20/26 01:21:15.832 AM EDT,$0.00
Zac Veen 7.5,MLB-PHRR-FG-01OEGJ46VUKNT1G-ZAEN000-GTE-P00075,Settled Early,08/20/26 01:21:16.112 AM EDT,$0.00
Zac Veen 8.5,MLB-PHRR-FG-01OEGJ46VUKNT1G-ZAEN000-GTE-P00085,Settled Early,08/20/26 01:21:16.450 AM EDT,$0.00
Zac Veen 9.5,MLB-PHRR-FG-01OEGJ46VUKNT1G-ZAEN000-GTE-P00095,Settled Early,08/20/26 01:21:16.820 AM EDT,$0.00
T.J. Rumfield 1.5,MLB-PHRR-FG-01OEGJ46VUKNT1G-TJLD000-GTE-P00015,Settled Early,08/20/26 01:21:36.365 AM EDT,$1.00
T.J. Rumfield 9.5,MLB-PHRR-FG-01OEGJ46VUKNT1G-TJLD000-GTE-P00095,Settled Early,08/20/26 01:21:36.805 AM EDT,$0.00
T.J. Rumfield 0.5,MLB-PHRR-FG-01OEGJ46VUKNT1G-TJLD000-GTE-P00005,Settled Early,08/20/26 01:21:37.140 AM EDT,$1.00
T.J. Rumfield 2.5,MLB-PHRR-FG-01OEGJ46VUKNT1G-TJLD000-GTE-P00025,Settled Early,08/20/26 01:21:37.566 AM EDT,$0.00
T.J. Rumfield 3.5,MLB-PHRR-FG-01OEGJ46VUKNT1G-TJLD000-GTE-P00035,Settled Early,08/20/26 01:21:37.950 AM EDT,$0.00
T.J. Rumfield 4.5,MLB-PHRR-FG-01OEGJ46VUKNT1G-TJLD000-GTE-P00045,Settled Early,08/20/26 01:21:38.284 AM EDT,$0.00
T.J. Rumfield 5.5,MLB-PHRR-FG-01OEGJ46VUKNT1G-TJLD000-GTE-P00055,Settled Early,08/20/26 01:21:38.579 AM EDT,$0.00
T.J. Rumfield 6.5,MLB-PHRR-FG-01OEGJ46VUKNT1G-TJLD000-GTE-P00065,Settled Early,08/20/26 01:21:38.891 AM EDT,$0.00
T.J. Rumfield 7.5,MLB-PHRR-FG-01OEGJ46VUKNT1G-TJLD000-GTE-P00075,Settled Early,08/20/26 01:21:39.175 AM EDT,$0.00
T.J. Rumfield 8.5,MLB-PHRR-FG-01OEGJ46VUKNT1G-TJLD000-GTE-P00085,Settled Early,08/20/26 01:21:39.529 AM EDT,$0.00
Ben Rortvedt 0.5,MLB-PHRR-FG-01OEGJ46VUKNT1G-BEDT000-GTE-P00005,Settled Early,08/20/26 01:23:30.063 AM EDT,$1.00
Ben Rortvedt 1.5,MLB-PHRR-FG-01OEGJ46VUKNT1G-BEDT000-GTE-P00015,Settled Early,08/20/26 01:23:30.544 AM EDT,$0.00
Ben Rortvedt 2.5,MLB-PHRR-FG-01OEGJ46VUKNT1G-BEDT000-GTE-P00025,Settled Early,08/20/26 01:23:30.938 AM EDT,$0.00
Ben Rortvedt 3.5,MLB-PHRR-FG-01OEGJ46VUKNT1G-BEDT000-GTE-P00035,Settled Early,08/20/26 01:23:31.326 AM EDT,$0.00
Ben Rortvedt 4.5,MLB-PHRR-FG-01OEGJ46VUKNT1G-BEDT000-GTE-P00045,Settled Early,08/20/26 01:23:31.697 AM EDT,$0.00
Ben Rortvedt 5.5,MLB-PHRR-FG-01OEGJ46VUKNT1G-BEDT000-GTE-P00055,Settled Early,08/20/26 01:23:32.026 AM EDT,$0.00
Ben Rortvedt 6.5,MLB-PHRR-FG-01OEGJ46VUKNT1G-BEDT000-GTE-P00065,Settled Early,08/20/26 01:23:32.324 AM EDT,$0.00
Ben Rortvedt 7.5,MLB-PHRR-FG-01OEGJ46VUKNT1G-BEDT000-GTE-P00075,Settled Early,08/20/26 01:23:32.620 AM EDT,$0.00
Ben Rortvedt 8.5,MLB-PHRR-FG-01OEGJ46VUKNT1G-BEDT000-GTE-P00085,Settled Early,08/20/26 01:23:32.906 AM EDT,$0.00
Ben Rortvedt 9.5,MLB-PHRR-FG-01OEGJ46VUKNT1G-BEDT000-GTE-P00095,Settled Early,08/20/26 01:23:33.227 AM EDT,$0.00
Brett Sullivan 3.5,MLB-PHRR-FG-01OEGJ46VUKNT1G-BRAN001-GTE-P00035,Settled Early,08/20/26 01:23:47.556 AM EDT,$0.00
Brett Sullivan 9.5,MLB-PHRR-FG-01OEGJ46VUKNT1G-BRAN001-GTE-P00095,Settled Early,08/20/26 01:23:47.951 AM EDT,$0.00
Brett Sullivan 0.5,MLB-PHRR-FG-01OEGJ46VUKNT1G-BRAN001-GTE-P00005,Settled Early,08/20/26 01:23:48.283 AM EDT,$0.00
Brett Sullivan 1.5,MLB-PHRR-FG-01OEGJ46VUKNT1G-BRAN001-GTE-P00015,Settled Early,08/20/26 01:23:48.679 AM EDT,$0.00
Brett Sullivan 2.5,MLB-PHRR-FG-01OEGJ46VUKNT1G-BRAN001-GTE-P00025,Settled Early,08/20/26 01:23:49.097 AM EDT,$0.00
Brett Sullivan 4.5,MLB-PHRR-FG-01OEGJ46VUKNT1G-BRAN001-GTE-P00045,Settled Early,08/20/26 01:23:49.410 AM EDT,$0.00
Brett Sullivan 5.5,MLB-PHRR-FG-01OEGJ46VUKNT1G-BRAN001-GTE-P00055,Settled Early,08/20/26 01:23:49.719 AM EDT,$0.00
Brett Sullivan 6.5,MLB-PHRR-FG-01OEGJ46VUKNT1G-BRAN001-GTE-P00065,Settled Early,08/20/26 01:23:50.150 AM EDT,$0.00
Brett Sullivan 7.5,MLB-PHRR-FG-01OEGJ46VUKNT1G-BRAN001-GTE-P00075,Settled Early,08/20/26 01:23:50.450 AM EDT,$0.00
Brett Sullivan 8.5,MLB-PHRR-FG-01OEGJ46VUKNT1G-BRAN001-GTE-P00085,Settled Early,08/20/26 01:23:50.829 AM EDT,$0.00
Ezequiel Tovar 3.5,MLB-PHRR-FG-01OEGJ46VUKNT1G-EZAR000-GTE-P00035,Settled Early,08/20/26 01:24:04.317 AM EDT,$0.00
Ezequiel Tovar 1.5,MLB-PHRR-FG-01OEGJ46VUKNT1G-EZAR000-GTE-P00015,Settled Early,08/20/26 01:24:04.904 AM EDT,$0.00
Ezequiel Tovar 0.5,MLB-PHRR-FG-01OEGJ46VUKNT1G-EZAR000-GTE-P00005,Settled Early,08/20/26 01:24:05.268 AM EDT,$0.00
Ezequiel Tovar 2.5,MLB-PHRR-FG-01OEGJ46VUKNT1G-EZAR000-GTE-P00025,Settled Early,08/20/26 01:24:05.931 AM EDT,$0.00
Ezequiel Tovar 4.5,MLB-PHRR-FG-01OEGJ46VUKNT1G-EZAR000-GTE-P00045,Settled Early,08/20/26 01:24:06.288 AM EDT,$0.00
Ezequiel Tovar 5.5,MLB-PHRR-FG-01OEGJ46VUKNT1G-EZAR000-GTE-P00055,Settled Early,08/20/26 01:24:06.675 AM EDT,$0.00
Ezequiel Tovar 6.5,MLB-PHRR-FG-01OEGJ46VUKNT1G-EZAR000-GTE-P00065,Settled Early,08/20/26 01:24:07.047 AM EDT,$0.00
Ezequiel Tovar 7.5,MLB-PHRR-FG-01OEGJ46VUKNT1G-EZAR000-GTE-P00075,Settled Early,08/20/26 01:24:07.419 AM EDT,$0.00
Ezequiel Tovar 8.5,MLB-PHRR-FG-01OEGJ46VUKNT1G-EZAR000-GTE-P00085,Settled Early,08/20/26 01:24:07.819 AM EDT,$0.00
Ezequiel Tovar 9.5,MLB-PHRR-FG-01OEGJ46VUKNT1G-EZAR000-GTE-P00095,Settled Early,08/20/26 01:24:08.103 AM EDT,$0.00
Shohei Ohtani 0.5,MLB-PHRR-FG-01OEGJ46VUKNT1G-SHNI001-GTE-P00005,Settled Early,08/20/26 01:24:18.273 AM EDT,$0.00
Shohei Ohtani 1.5,MLB-PHRR-FG-01OEGJ46VUKNT1G-SHNI001-GTE-P00015,Settled Early,08/20/26 01:24:18.692 AM EDT,$0.00
Shohei Ohtani 2.5,MLB-PHRR-FG-01OEGJ46VUKNT1G-SHNI001-GTE-P00025,Settled Early,08/20/26 01:24:19.171 AM EDT,$0.00
Shohei Ohtani 3.5,MLB-PHRR-FG-01OEGJ46VUKNT1G-SHNI001-GTE-P00035,Settled Early,08/20/26 01:24:19.650 AM EDT,$0.00
Shohei Ohtani 4.5,MLB-PHRR-FG-01OEGJ46VUKNT1G-SHNI001-GTE-P00045,Settled Early,08/20/26 01:24:20.184 AM EDT,$0.00
Shohei Ohtani 5.5,MLB-PHRR-FG-01OEGJ46VUKNT1G-SHNI001-GTE-P00055,Settled Early,08/20/26 01:24:20.605 AM EDT,$0.00
Shohei Ohtani 6.5,MLB-PHRR-FG-01OEGJ46VUKNT1G-SHNI001-GTE-P00065,Settled Early,08/20/26 01:24:20.983 AM EDT,$0.00
Shohei Ohtani 7.5,MLB-PHRR-FG-01OEGJ46VUKNT1G-SHNI001-GTE-P00075,Settled Early,08/20/26 01:24:21.345 AM EDT,$0.00
Shohei Ohtani 8.5,MLB-PHRR-FG-01OEGJ46VUKNT1G-SHNI001-GTE-P00085,Settled Early,08/20/26 01:24:21.832 AM EDT,$0.00
Shohei Ohtani 9.5,MLB-PHRR-FG-01OEGJ46VUKNT1G-SHNI001-GTE-P00095,Settled Early,08/20/26 01:24:22.206 AM EDT,$0.00
Andy Pages 1.5,MLB-PHRR-FG-01OEGJ46VUKNT1G-ANES000-GTE-P00015,Settled Early,08/20/26 01:24:31.653 AM EDT,$1.00
Andy Pages 2.5,MLB-PHRR-FG-01OEGJ46VUKNT1G-ANES000-GTE-P00025,Settled Early,08/20/26 01:24:32.063 AM EDT,$0.00
Andy Pages 9.5,MLB-PHRR-FG-01OEGJ46VUKNT1G-ANES000-GTE-P00095,Settled Early,08/20/26 01:24:32.537 AM EDT,$0.00
Andy Pages 0.5,MLB-PHRR-FG-01OEGJ46VUKNT1G-ANES000-GTE-P00005,Settled Early,08/20/26 01:24:32.856 AM EDT,$1.00
Andy Pages 3.5,MLB-PHRR-FG-01OEGJ46VUKNT1G-ANES000-GTE-P00035,Settled Early,08/20/26 01:24:33.209 AM EDT,$0.00
Andy Pages 4.5,MLB-PHRR-FG-01OEGJ46VUKNT1G-ANES000-GTE-P00045,Settled Early,08/20/26 01:24:33.644 AM EDT,$0.00
Andy Pages 5.5,MLB-PHRR-FG-01OEGJ46VUKNT1G-ANES000-GTE-P00055,Settled Early,08/20/26 01:24:33.998 AM EDT,$0.00
Andy Pages 6.5,MLB-PHRR-FG-01OEGJ46VUKNT1G-ANES000-GTE-P00065,Settled Early,08/20/26 01:24:34.442 AM EDT,$0.00
Andy Pages 7.5,MLB-PHRR-FG-01OEGJ46VUKNT1G-ANES000-GTE-P00075,Settled Early,08/20/26 01:24:34.761 AM EDT,$0.00
Andy Pages 8.5,MLB-PHRR-FG-01OEGJ46VUKNT1G-ANES000-GTE-P00085,Settled Early,08/20/26 01:24:35.065 AM EDT,$0.00
Adael Amador 6.5,MLB-PHRR-FG-01OEGJ46VUKNT1G-ADOR000-GTE-P00065,Settled Early,08/20/26 01:24:52.792 AM EDT,$0.00
Adael Amador 0.5,MLB-PHRR-FG-01OEGJ46VUKNT1G-ADOR000-GTE-P00005,Settled Early,08/20/26 01:24:53.291 AM EDT,$1.00
Adael Amador 1.5,MLB-PHRR-FG-01OEGJ46VUKNT1G-ADOR000-GTE-P00015,Settled Early,08/20/26 01:24:53.822 AM EDT,$1.00
Adael Amador 8.5,MLB-PHRR-FG-01OEGJ46VUKNT1G-ADOR000-GTE-P00085,Settled Early,08/20/26 01:24:54.383 AM EDT,$0.00
Adael Amador 4.5,MLB-PHRR-FG-01OEGJ46VUKNT1G-ADOR000-GTE-P00045,Settled Early,08/20/26 01:24:55.230 AM EDT,$0.00
Adael Amador 5.5,MLB-PHRR-FG-01OEGJ46VUKNT1G-ADOR000-GTE-P00055,Settled Early,08/20/26 01:24:55.753 AM EDT,$0.00
Adael Amador 3.5,MLB-PHRR-FG-01OEGJ46VUKNT1G-ADOR000-GTE-P00035,Settled Early,08/20/26 01:24:56.132 AM EDT,$0.00
Adael Amador 7.5,MLB-PHRR-FG-01OEGJ46VUKNT1G-ADOR000-GTE-P00075,Settled Early,08/20/26 01:24:56.519 AM EDT,$0.00
Adael Amador 2.5,MLB-PHRR-FG-01OEGJ46VUKNT1G-ADOR000-GTE-P00025,Settled Early,08/20/26 01:24:56.829 AM EDT,$1.00
Adael Amador 9.5,MLB-PHRR-FG-01OEGJ46VUKNT1G-ADOR000-GTE-P00095,Settled Early,08/20/26 01:24:57.208 AM EDT,$0.00
Freddie Freeman 1.5,MLB-PHRR-FG-01OEGJ46VUKNT1G-FRAN000-GTE-P00015,Settled Early,08/20/26 01:25:06.339 AM EDT,$1.00
Freddie Freeman 2.5,MLB-PHRR-FG-01OEGJ46VUKNT1G-FRAN000-GTE-P00025,Settled Early,08/20/26 01:25:06.837 AM EDT,$0.00
Freddie Freeman 9.5,MLB-PHRR-FG-01OEGJ46VUKNT1G-FRAN000-GTE-P00095,Settled Early,08/20/26 01:25:07.260 AM EDT,$0.00
Freddie Freeman 0.5,MLB-PHRR-FG-01OEGJ46VUKNT1G-FRAN000-GTE-P00005,Settled Early,08/20/26 01:25:07.585 AM EDT,$1.00
Freddie Freeman 3.5,MLB-PHRR-FG-01OEGJ46VUKNT1G-FRAN000-GTE-P00035,Settled Early,08/20/26 01:25:07.998 AM EDT,$0.00
Freddie Freeman 4.5,MLB-PHRR-FG-01OEGJ46VUKNT1G-FRAN000-GTE-P00045,Settled Early,08/20/26 01:25:08.369 AM EDT,$0.00
Freddie Freeman 5.5,MLB-PHRR-FG-01OEGJ46VUKNT1G-FRAN000-GTE-P00055,Settled Early,08/20/26 01:25:08.791 AM EDT,$0.00
Freddie Freeman 6.5,MLB-PHRR-FG-01OEGJ46VUKNT1G-FRAN000-GTE-P00065,Settled Early,08/20/26 01:25:09.136 AM EDT,$0.00
Freddie Freeman 7.5,MLB-PHRR-FG-01OEGJ46VUKNT1G-FRAN000-GTE-P00075,Settled Early,08/20/26 01:25:09.478 AM EDT,$0.00
Freddie Freeman 8.5,MLB-PHRR-FG-01OEGJ46VUKNT1G-FRAN000-GTE-P00085,Settled Early,08/20/26 01:25:09.787 AM EDT,$0.00
Kyle Tucker 1.5,MLB-PHRR-FG-01OEGJ46VUKNT1G-KYER000-GTE-P00015,Settled Early,08/20/26 01:25:34.209 AM EDT,$1.00
Kyle Tucker 0.5,MLB-PHRR-FG-01OEGJ46VUKNT1G-KYER000-GTE-P00005,Settled Early,08/20/26 01:25:34.639 AM EDT,$1.00
Kyle Tucker 9.5,MLB-PHRR-FG-01OEGJ46VUKNT1G-KYER000-GTE-P00095,Settled Early,08/20/26 01:25:34.997 AM EDT,$0.00
Kyle Tucker 8.5,MLB-PHRR-FG-01OEGJ46VUKNT1G-KYER000-GTE-P00085,Settled Early,08/20/26 01:25:35.404 AM EDT,$0.00
Kyle Tucker 2.5,MLB-PHRR-FG-01OEGJ46VUKNT1G-KYER000-GTE-P00025,Settled Early,08/20/26 01:25:35.772 AM EDT,$1.00
Kyle Tucker 3.5,MLB-PHRR-FG-01OEGJ46VUKNT1G-KYER000-GTE-P00035,Settled Early,08/20/26 01:25:36.117 AM EDT,$0.00
Kyle Tucker 4.5,MLB-PHRR-FG-01OEGJ46VUKNT1G-KYER000-GTE-P00045,Settled Early,08/20/26 01:25:36.516 AM EDT,$0.00
Kyle Tucker 5.5,MLB-PHRR-FG-01OEGJ46VUKNT1G-KYER000-GTE-P00055,Settled Early,08/20/26 01:25:36.872 AM EDT,$0.00
Kyle Tucker 6.5,MLB-PHRR-FG-01OEGJ46VUKNT1G-KYER000-GTE-P00065,Settled Early,08/20/26 01:25:37.176 AM EDT,$0.00
Kyle Tucker 7.5,MLB-PHRR-FG-01OEGJ46VUKNT1G-KYER000-GTE-P00075,Settled Early,08/20/26 01:25:37.551 AM EDT,$0.00
Connor Norby 0.5,MLB-PHRR-FG-01OEGJ46VUKNT1G-COBY000-GTE-P00005,Settled Early,08/20/26 01:25:47.705 AM EDT,$1.00
Connor Norby 8.5,MLB-PHRR-FG-01OEGJ46VUKNT1G-COBY000-GTE-P00085,Settled Early,08/20/26 01:25:48.045 AM EDT,$0.00
Connor Norby 9.5,MLB-PHRR-FG-01OEGJ46VUKNT1G-COBY000-GTE-P00095,Settled Early,08/20/26 01:25:48.437 AM EDT,$0.00
Connor Norby 1.5,MLB-PHRR-FG-01OEGJ46VUKNT1G-COBY000-GTE-P00015,Settled Early,08/20/26 01:25:48.753 AM EDT,$1.00
Connor Norby 2.5,MLB-PHRR-FG-01OEGJ46VUKNT1G-COBY000-GTE-P00025,Settled Early,08/20/26 01:25:49.108 AM EDT,$1.00
Connor Norby 3.5,MLB-PHRR-FG-01OEGJ46VUKNT1G-COBY000-GTE-P00035,Settled Early,08/20/26 01:25:49.466 AM EDT,$0.00
Connor Norby 4.5,MLB-PHRR-FG-01OEGJ46VUKNT1G-COBY000-GTE-P00045,Settled Early,08/20/26 01:25:49.769 AM EDT,$0.00
Connor Norby 5.5,MLB-PHRR-FG-01OEGJ46VUKNT1G-COBY000-GTE-P00055,Settled Early,08/20/26 01:25:50.108 AM EDT,$0.00
Connor Norby 6.5,MLB-PHRR-FG-01OEGJ46VUKNT1G-COBY000-GTE-P00065,Settled Early,08/20/26 01:25:50.441 AM EDT,$0.00
Connor Norby 7.5,MLB-PHRR-FG-01OEGJ46VUKNT1G-COBY000-GTE-P00075,Settled Early,08/20/26 01:25:50.731 AM EDT,$0.00
Miguel Rojas 8.5,MLB-PHRR-FG-01OEGJ46VUKNT1G-MIAS001-GTE-P00085,Settled Early,08/20/26 01:26:00.643 AM EDT,$0.00
Miguel Rojas 9.5,MLB-PHRR-FG-01OEGJ46VUKNT1G-MIAS001-GTE-P00095,Settled Early,08/20/26 01:26:01.051 AM EDT,$0.00
Miguel Rojas 7.5,MLB-PHRR-FG-01OEGJ46VUKNT1G-MIAS001-GTE-P00075,Settled Early,08/20/26 01:26:01.380 AM EDT,$0.00
Miguel Rojas 4.5,MLB-PHRR-FG-01OEGJ46VUKNT1G-MIAS001-GTE-P00045,Settled Early,08/20/26 01:26:01.729 AM EDT,$0.00
Miguel Rojas 3.5,MLB-PHRR-FG-01OEGJ46VUKNT1G-MIAS001-GTE-P00035,Settled Early,08/20/26 01:26:02.217 AM EDT,$0.00
Miguel Rojas 0.5,MLB-PHRR-FG-01OEGJ46VUKNT1G-MIAS001-GTE-P00005,Settled Early,08/20/26 01:26:02.586 AM EDT,$0.00
Miguel Rojas 2.5,MLB-PHRR-FG-01OEGJ46VUKNT1G-MIAS001-GTE-P00025,Settled Early,08/20/26 01:26:02.938 AM EDT,$0.00
Miguel Rojas 1.5,MLB-PHRR-FG-01OEGJ46VUKNT1G-MIAS001-GTE-P00015,Settled Early,08/20/26 01:26:03.301 AM EDT,$0.00
Miguel Rojas 5.5,MLB-PHRR-FG-01OEGJ46VUKNT1G-MIAS001-GTE-P00055,Settled Early,08/20/26 01:26:03.653 AM EDT,$0.00
Miguel Rojas 6.5,MLB-PHRR-FG-01OEGJ46VUKNT1G-MIAS001-GTE-P00065,Settled Early,08/20/26 01:26:04.093 AM EDT,$0.00
Mookie Betts 0.5,MLB-PHRR-FG-01OEGJ46VUKNT1G-MOTS000-GTE-P00005,Settled Early,08/20/26 01:26:55.942 AM EDT,$1.00
Mookie Betts 9.5,MLB-PHRR-FG-01OEGJ46VUKNT1G-MOTS000-GTE-P00095,Settled Early,08/20/26 01:26:56.318 AM EDT,$0.00
Mookie Betts 1.5,MLB-PHRR-FG-01OEGJ46VUKNT1G-MOTS000-GTE-P00015,Settled Early,08/20/26 01:26:56.778 AM EDT,$1.00
Mookie Betts 2.5,MLB-PHRR-FG-01OEGJ46VUKNT1G-MOTS000-GTE-P00025,Settled Early,08/20/26 01:26:57.169 AM EDT,$1.00
Mookie Betts 3.5,MLB-PHRR-FG-01OEGJ46VUKNT1G-MOTS000-GTE-P00035,Settled Early,08/20/26 01:26:57.586 AM EDT,$1.00
Mookie Betts 4.5,MLB-PHRR-FG-01OEGJ46VUKNT1G-MOTS000-GTE-P00045,Settled Early,08/20/26 01:26:57.930 AM EDT,$1.00
Mookie Betts 5.5,MLB-PHRR-FG-01OEGJ46VUKNT1G-MOTS000-GTE-P00055,Settled Early,08/20/26 01:26:58.246 AM EDT,$1.00
Mookie Betts 6.5,MLB-PHRR-FG-01OEGJ46VUKNT1G-MOTS000-GTE-P00065,Settled Early,08/20/26 01:26:58.618 AM EDT,$1.00
Mookie Betts 7.5,MLB-PHRR-FG-01OEGJ46VUKNT1G-MOTS000-GTE-P00075,Settled Early,08/20/26 01:26:58.955 AM EDT,$0.00
Mookie Betts 8.5,MLB-PHRR-FG-01OEGJ46VUKNT1G-MOTS000-GTE-P00085,Settled Early,08/20/26 01:26:59.346 AM EDT,$0.00
Enrique Hernandez 9.5,MLB-PHRR-FG-01OEGJ46VUKNT1G-ENEZ002-GTE-P00095,Settled Early,08/20/26 01:27:28.684 AM EDT,$0.00
Enrique Hernandez 2.5,MLB-PHRR-FG-01OEGJ46VUKNT1G-ENEZ002-GTE-P00025,Settled Early,08/20/26 01:27:29.006 AM EDT,$1.00
Enrique Hernandez 4.5,MLB-PHRR-FG-01OEGJ46VUKNT1G-ENEZ002-GTE-P00045,Settled Early,08/20/26 01:27:29.311 AM EDT,$1.00
Enrique Hernandez 6.5,MLB-PHRR-FG-01OEGJ46VUKNT1G-ENEZ002-GTE-P00065,Settled Early,08/20/26 01:27:29.729 AM EDT,$0.00
Enrique Hernandez 7.5,MLB-PHRR-FG-01OEGJ46VUKNT1G-ENEZ002-GTE-P00075,Settled Early,08/20/26 01:27:30.013 AM EDT,$0.00
Enrique Hernandez 3.5,MLB-PHRR-FG-01OEGJ46VUKNT1G-ENEZ002-GTE-P00035,Settled Early,08/20/26 01:27:30.292 AM EDT,$1.00
Enrique Hernandez 5.5,MLB-PHRR-FG-01OEGJ46VUKNT1G-ENEZ002-GTE-P00055,Settled Early,08/20/26 01:27:30.630 AM EDT,$1.00
Enrique Hernandez 0.5,MLB-PHRR-FG-01OEGJ46VUKNT1G-ENEZ002-GTE-P00005,Settled Early,08/20/26 01:27:30.982 AM EDT,$1.00
Enrique Hernandez 8.5,MLB-PHRR-FG-01OEGJ46VUKNT1G-ENEZ002-GTE-P00085,Settled Early,08/20/26 01:27:31.273 AM EDT,$0.00
Enrique Hernandez 1.5,MLB-PHRR-FG-01OEGJ46VUKNT1G-ENEZ002-GTE-P00015,Settled Early,08/20/26 01:27:31.582 AM EDT,$1.00
Mickey Moniak 0.5,MLB-PHRR-FG-01OEGJ46VUKNT1G-MIAK000-GTE-P00005,Settled Early,08/20/26 01:27:44.669 AM EDT,$1.00
Mickey Moniak 9.5,MLB-PHRR-FG-01OEGJ46VUKNT1G-MIAK000-GTE-P00095,Settled Early,08/20/26 01:27:45.191 AM EDT,$0.00
Mickey Moniak 1.5,MLB-PHRR-FG-01OEGJ46VUKNT1G-MIAK000-GTE-P00015,Settled Early,08/20/26 01:27:45.583 AM EDT,$1.00
Mickey Moniak 2.5,MLB-PHRR-FG-01OEGJ46VUKNT1G-MIAK000-GTE-P00025,Settled Early,08/20/26 01:27:46.058 AM EDT,$1.00
Mickey Moniak 3.5,MLB-PHRR-FG-01OEGJ46VUKNT1G-MIAK000-GTE-P00035,Settled Early,08/20/26 01:27:46.552 AM EDT,$1.00
Mickey Moniak 4.5,MLB-PHRR-FG-01OEGJ46VUKNT1G-MIAK000-GTE-P00045,Settled Early,08/20/26 01:27:46.869 AM EDT,$1.00
Mickey Moniak 5.5,MLB-PHRR-FG-01OEGJ46VUKNT1G-MIAK000-GTE-P00055,Settled Early,08/20/26 01:27:47.184 AM EDT,$1.00
Mickey Moniak 6.5,MLB-PHRR-FG-01OEGJ46VUKNT1G-MIAK000-GTE-P00065,Settled Early,08/20/26 01:27:47.489 AM EDT,$0.00
Mickey Moniak 7.5,MLB-PHRR-FG-01OEGJ46VUKNT1G-MIAK000-GTE-P00075,Settled Early,08/20/26 01:27:47.814 AM EDT,$0.00
Mickey Moniak 8.5,MLB-PHRR-FG-01OEGJ46VUKNT1G-MIAK000-GTE-P00085,Settled Early,08/20/26 01:27:48.140 AM EDT,$0.00
Jake McCarthy 0.5,MLB-PHRR-FG-01OEGJ46VUKNT1G-JAHY000-GTE-P00005,Settled Early,08/20/26 01:27:59.707 AM EDT,$1.00
Jake McCarthy 1.5,MLB-PHRR-FG-01OEGJ46VUKNT1G-JAHY000-GTE-P00015,Settled Early,08/20/26 01:28:00.115 AM EDT,$1.00
Jake McCarthy 2.5,MLB-PHRR-FG-01OEGJ46VUKNT1G-JAHY000-GTE-P00025,Settled Early,08/20/26 01:28:00.543 AM EDT,$0.00
Jake McCarthy 3.5,MLB-PHRR-FG-01OEGJ46VUKNT1G-JAHY000-GTE-P00035,Settled Early,08/20/26 01:28:00.980 AM EDT,$0.00
Jake McCarthy 4.5,MLB-PHRR-FG-01OEGJ46VUKNT1G-JAHY000-GTE-P00045,Settled Early,08/20/26 01:28:01.297 AM EDT,$0.00
Jake McCarthy 5.5,MLB-PHRR-FG-01OEGJ46VUKNT1G-JAHY000-GTE-P00055,Settled Early,08/20/26 01:28:01.627 AM EDT,$0.00
Jake McCarthy 6.5,MLB-PHRR-FG-01OEGJ46VUKNT1G-JAHY000-GTE-P00065,Settled Early,08/20/26 01:28:01.945 AM EDT,$0.00
Jake McCarthy 7.5,MLB-PHRR-FG-01OEGJ46VUKNT1G-JAHY000-GTE-P00075,Settled Early,08/20/26 01:28:02.416 AM EDT,$0.00
Jake McCarthy 8.5,MLB-PHRR-FG-01OEGJ46VUKNT1G-JAHY000-GTE-P00085,Settled Early,08/20/26 01:28:02.791 AM EDT,$0.00
Jake McCarthy 9.5,MLB-PHRR-FG-01OEGJ46VUKNT1G-JAHY000-GTE-P00095,Settled Early,08/20/26 01:28:03.154 AM EDT,$0.00
Cole Carrigg 4.5,MLB-PHRR-FG-01OEGJ46VUKNT1G-COGG000-GTE-P00045,Settled Early,08/20/26 01:28:34.195 AM EDT,$0.00
Cole Carrigg 0.5,MLB-PHRR-FG-01OEGJ46VUKNT1G-COGG000-GTE-P00005,Settled Early,08/20/26 01:28:34.580 AM EDT,$1.00
Cole Carrigg 1.5,MLB-PHRR-FG-01OEGJ46VUKNT1G-COGG000-GTE-P00015,Settled Early,08/20/26 01:28:34.904 AM EDT,$0.00
Cole Carrigg 2.5,MLB-PHRR-FG-01OEGJ46VUKNT1G-COGG000-GTE-P00025,Settled Early,08/20/26 01:28:35.232 AM EDT,$0.00
Cole Carrigg 3.5,MLB-PHRR-FG-01OEGJ46VUKNT1G-COGG000-GTE-P00035,Settled Early,08/20/26 01:28:35.646 AM EDT,$0.00
Cole Carrigg 5.5,MLB-PHRR-FG-01OEGJ46VUKNT1G-COGG000-GTE-P00055,Settled Early,08/20/26 01:28:35.944 AM EDT,$0.00
Cole Carrigg 6.5,MLB-PHRR-FG-01OEGJ46VUKNT1G-COGG000-GTE-P00065,Settled Early,08/20/26 01:28:36.495 AM EDT,$0.00
Cole Carrigg 7.5,MLB-PHRR-FG-01OEGJ46VUKNT1G-COGG000-GTE-P00075,Settled Early,08/20/26 01:28:36.860 AM EDT,$0.00
Cole Carrigg 8.5,MLB-PHRR-FG-01OEGJ46VUKNT1G-COGG000-GTE-P00085,Settled Early,08/20/26 01:28:37.309 AM EDT,$0.00
Cole Carrigg 9.5,MLB-PHRR-FG-01OEGJ46VUKNT1G-COGG000-GTE-P00095,Settled Early,08/20/26 01:28:37.750 AM EDT,$0.00
Teoscar Hernandez 0.5,MLB-PHRR-FG-01OEGJ46VUKNT1G-TEEZ000-GTE-P00005,Settled Early,08/20/26 01:29:25.126 AM EDT,$1.00
Teoscar Hernandez 9.5,MLB-PHRR-FG-01OEGJ46VUKNT1G-TEEZ000-GTE-P00095,Settled Early,08/20/26 01:29:25.593 AM EDT,$0.00
Teoscar Hernandez 1.5,MLB-PHRR-FG-01OEGJ46VUKNT1G-TEEZ000-GTE-P00015,Settled Early,08/20/26 01:29:25.967 AM EDT,$1.00
Teoscar Hernandez 2.5,MLB-PHRR-FG-01OEGJ46VUKNT1G-TEEZ000-GTE-P00025,Settled Early,08/20/26 01:29:26.270 AM EDT,$0.00
Teoscar Hernandez 5.5,MLB-PHRR-FG-01OEGJ46VUKNT1G-TEEZ000-GTE-P00055,Settled Early,08/20/26 01:29:26.735 AM EDT,$0.00
Teoscar Hernandez 3.5,MLB-PHRR-FG-01OEGJ46VUKNT1G-TEEZ000-GTE-P00035,Settled Early,08/20/26 01:29:27.169 AM EDT,$0.00
Teoscar Hernandez 4.5,MLB-PHRR-FG-01OEGJ46VUKNT1G-TEEZ000-GTE-P00045,Settled Early,08/20/26 01:29:27.493 AM EDT,$0.00
Teoscar Hernandez 6.5,MLB-PHRR-FG-01OEGJ46VUKNT1G-TEEZ000-GTE-P00065,Settled Early,08/20/26 01:29:27.927 AM EDT,$0.00
Teoscar Hernandez 8.5,MLB-PHRR-FG-01OEGJ46VUKNT1G-TEEZ000-GTE-P00085,Settled Early,08/20/26 01:29:28.205 AM EDT,$0.00
Teoscar Hernandez 7.5,MLB-PHRR-FG-01OEGJ46VUKNT1G-TEEZ000-GTE-P00075,Settled Early,08/20/26 01:29:28.525 AM EDT,$0.00
Willi Castro 2.5,MLB-PHRR-FG-01OEGJ46VUKNT1G-WIRO000-GTE-P00025,Settled Early,08/20/26 01:29:46.606 AM EDT,$0.00
Willi Castro 0.5,MLB-PHRR-FG-01OEGJ46VUKNT1G-WIRO000-GTE-P00005,Settled Early,08/20/26 01:29:46.940 AM EDT,$0.00
Willi Castro 4.5,MLB-PHRR-FG-01OEGJ46VUKNT1G-WIRO000-GTE-P00045,Settled Early,08/20/26 01:29:47.259 AM EDT,$0.00
Willi Castro 3.5,MLB-PHRR-FG-01OEGJ46VUKNT1G-WIRO000-GTE-P00035,Settled Early,08/20/26 01:29:47.577 AM EDT,$0.00
Willi Castro 8.5,MLB-PHRR-FG-01OEGJ46VUKNT1G-WIRO000-GTE-P00085,Settled Early,08/20/26 01:29:47.959 AM EDT,$0.00
Willi Castro 6.5,MLB-PHRR-FG-01OEGJ46VUKNT1G-WIRO000-GTE-P00065,Settled Early,08/20/26 01:29:48.252 AM EDT,$0.00
Willi Castro 7.5,MLB-PHRR-FG-01OEGJ46VUKNT1G-WIRO000-GTE-P00075,Settled Early,08/20/26 01:29:48.547 AM EDT,$0.00
Willi Castro 1.5,MLB-PHRR-FG-01OEGJ46VUKNT1G-WIRO000-GTE-P00015,Settled Early,08/20/26 01:29:48.918 AM EDT,$0.00
Willi Castro 9.5,MLB-PHRR-FG-01OEGJ46VUKNT1G-WIRO000-GTE-P00095,Settled Early,08/20/26 01:29:49.229 AM EDT,$0.00
Willi Castro 5.5,MLB-PHRR-FG-01OEGJ46VUKNT1G-WIRO000-GTE-P00055,Settled Early,08/20/26 01:29:49.506 AM EDT,$0.00
Max Muncy (LAD) 1.5,MLB-PHRR-FG-01OEGJ46VUKNT1G-MAAD000-GTE-P00015,Settled Early,08/20/26 01:30:00.366 AM EDT,$0.00
Max Muncy (LAD) 3.5,MLB-PHRR-FG-01OEGJ46VUKNT1G-MAAD000-GTE-P00035,Settled Early,08/20/26 01:30:00.804 AM EDT,$0.00
Max Muncy (LAD) 5.5,MLB-PHRR-FG-01OEGJ46VUKNT1G-MAAD000-GTE-P00055,Settled Early,08/20/26 01:30:01.192 AM EDT,$0.00
Max Muncy (LAD) 4.5,MLB-PHRR-FG-01OEGJ46VUKNT1G-MAAD000-GTE-P00045,Settled Early,08/20/26 01:30:01.592 AM EDT,$0.00
Max Muncy (LAD) 0.5,MLB-PHRR-FG-01OEGJ46VUKNT1G-MAAD000-GTE-P00005,Settled Early,08/20/26 01:30:01.957 AM EDT,$0.00
Max Muncy (LAD) 7.5,MLB-PHRR-FG-01OEGJ46VUKNT1G-MAAD000-GTE-P00075,Settled Early,08/20/26 01:30:02.338 AM EDT,$0.00
Max Muncy (LAD) 2.5,MLB-PHRR-FG-01OEGJ46VUKNT1G-MAAD000-GTE-P00025,Settled Early,08/20/26 01:30:02.717 AM EDT,$0.00
Max Muncy (LAD) 8.5,MLB-PHRR-FG-01OEGJ46VUKNT1G-MAAD000-GTE-P00085,Settled Early,08/20/26 01:30:03.133 AM EDT,$0.00
Max Muncy (LAD) 6.5,MLB-PHRR-FG-01OEGJ46VUKNT1G-MAAD000-GTE-P00065,Settled Early,08/20/26 01:30:03.411 AM EDT,$0.00
Max Muncy (LAD) 9.5,MLB-PHRR-FG-01OEGJ46VUKNT1G-MAAD000-GTE-P00095,Settled Early,08/20/26 01:30:03.800 AM EDT,$0.00
Austin Hedges 0.5,MLB-PHRR-FG-0146MBNVL8S0IDO-AUES001-GTE-P00005,Settled Early,08/20/26 01:33:44.203 AM EDT,$0.50
Austin Hedges 7.5,MLB-PHRR-FG-0146MBNVL8S0IDO-AUES001-GTE-P00075,Settled Early,08/20/26 01:33:44.548 AM EDT,$0.50
Austin Hedges 4.5,MLB-PHRR-FG-0146MBNVL8S0IDO-AUES001-GTE-P00045,Settled Early,08/20/26 01:33:44.898 AM EDT,$0.50
Austin Hedges 9.5,MLB-PHRR-FG-0146MBNVL8S0IDO-AUES001-GTE-P00095,Settled Early,08/20/26 01:33:45.205 AM EDT,$0.50
Austin Hedges 2.5,MLB-PHRR-FG-0146MBNVL8S0IDO-AUES001-GTE-P00025,Settled Early,08/20/26 01:33:45.519 AM EDT,$0.50
Austin Hedges 5.5,MLB-PHRR-FG-0146MBNVL8S0IDO-AUES001-GTE-P00055,Settled Early,08/20/26 01:33:45.838 AM EDT,$0.50
Austin Hedges 3.5,MLB-PHRR-FG-0146MBNVL8S0IDO-AUES001-GTE-P00035,Settled Early,08/20/26 01:33:46.150 AM EDT,$0.50
Austin Hedges 8.5,MLB-PHRR-FG-0146MBNVL8S0IDO-AUES001-GTE-P00085,Settled Early,08/20/26 01:33:46.486 AM EDT,$0.50
Austin Hedges 1.5,MLB-PHRR-FG-0146MBNVL8S0IDO-AUES001-GTE-P00015,Settled Early,08/20/26 01:33:46.811 AM EDT,$0.50
Austin Hedges 6.5,MLB-PHRR-FG-0146MBNVL8S0IDO-AUES001-GTE-P00065,Settled Early,08/20/26 01:33:47.116 AM EDT,$0.50
0.5+,MLS-TGLS-FG-03VQO7HC4OO7A1O-GTE-P00005,Settled Early,08/20/26 02:08:38.952 AM EDT,$1.00
3.5+,MLS-TGLS-FG-03VQO7HC4OO7A1O-GTE-P00035,Settled Early,08/20/26 02:08:50.229 AM EDT,$1.00
1.5+,MLS-TGLS-FG-03VQO7HC4OO7A1O-GTE-P00015,Settled Early,08/20/26 02:09:03.949 AM EDT,$1.00
2.5+,MLS-TGLS-FG-03VQO7HC4OO7A1O-GTE-P00025,Settled Early,08/20/26 02:09:20.329 AM EDT,$1.00
4.5+,MLS-TGLS-FG-03VQO7HC4OO7A1O-GTE-P00045,Settled Early,08/20/26 02:10:05.755 AM EDT,$0.00
5.5+,MLS-TGLS-FG-03VQO7HC4OO7A1O-GTE-P00055,Settled Early,08/20/26 02:10:10.180 AM EDT,$0.00
San Diego FC -4.5,MLS-MOVY-FG-03VQO7HC4OO7A1O-SAFC025-GTE-P00045,Settled Early,08/20/26 02:11:18.932 AM EDT,$0.00
Portland Timbers -4.5,MLS-MOVY-FG-03VQO7HC4OO7A1O-PORS004-GTE-P00045,Settled Early,08/20/26 02:11:28.267 AM EDT,$0.00
Portland Timbers -3.5,MLS-MOVY-FG-03VQO7HC4OO7A1O-PORS004-GTE-P00035,Settled Early,08/20/26 02:11:42.147 AM EDT,$0.00
Portland Timbers -2.5,MLS-MOVY-FG-03VQO7HC4OO7A1O-PORS004-GTE-P00025,Settled Early,08/20/26 02:11:50.772 AM EDT,$0.00
San Diego FC -2.5,MLS-MOVY-FG-03VQO7HC4OO7A1O-SAFC025-GTE-P00025,Settled Early,08/20/26 02:11:57.871 AM EDT,$0.00
San Diego FC -1.5,MLS-MOVY-FG-03VQO7HC4OO7A1O-SAFC025-GTE-P00015,Settled Early,08/20/26 02:12:03.410 AM EDT,$0.00
San Diego FC -0.5,MLS-MOVY-FG-03VQO7HC4OO7A1O-SAFC025-GTE-P00005,Settled Early,08/20/26 02:12:10.959 AM EDT,$0.00
Portland Timbers -1.5,MLS-MOVY-FG-03VQO7HC4OO7A1O-PORS004-GTE-P00015,Settled Early,08/20/26 02:12:16.021 AM EDT,$1.00
Portland Timbers -0.5,MLS-MOVY-FG-03VQO7HC4OO7A1O-PORS004-GTE-P00005,Settled Early,08/20/26 02:12:20.223 AM EDT,$1.00
San Diego FC -3.5,MLS-MOVY-FG-03VQO7HC4OO7A1O-SAFC025-GTE-P00035,Settled Early,08/20/26 02:12:24.933 AM EDT,$0.00
5.5+,MLS-TGLS-FG-014AC26DLBGCFNO-GTE-P00055,Settled Early,08/20/26 02:12:59.046 AM EDT,$0.00
1.5+,MLS-TGLS-FG-014AC26DLBGCFNO-GTE-P00015,Settled Early,08/20/26 02:13:04.924 AM EDT,$0.00
2.5+,MLS-TGLS-FG-014AC26DLBGCFNO-GTE-P00025,Settled Early,08/20/26 02:13:09.999 AM EDT,$0.00
0.5+,MLS-TGLS-FG-014AC26DLBGCFNO-GTE-P00005,Settled Early,08/20/26 02:13:15.257 AM EDT,$1.00
4.5+,MLS-TGLS-FG-014AC26DLBGCFNO-GTE-P00045,Settled Early,08/20/26 02:13:20.914 AM EDT,$0.00
3.5+,MLS-TGLS-FG-014AC26DLBGCFNO-GTE-P00035,Settled Early,08/20/26 02:13:25.015 AM EDT,$0.00
Vancouver Whitecaps -1.5,MLS-MOVY-FG-014AC26DLBGCFNO-VAPS004-GTE-P00015,Settled Early,08/20/26 02:13:45.272 AM EDT,$0.00
Vancouver Whitecaps -2.5,MLS-MOVY-FG-014AC26DLBGCFNO-VAPS004-GTE-P00025,Settled Early,08/20/26 02:13:50.019 AM EDT,$0.00
Vancouver Whitecaps -4.5,MLS-MOVY-FG-014AC26DLBGCFNO-VAPS004-GTE-P00045,Settled Early,08/20/26 02:13:54.660 AM EDT,$0.00
Houston Dynamo -1.5,MLS-MOVY-FG-014AC26DLBGCFNO-HOMO002-GTE-P00015,Settled Early,08/20/26 02:13:58.333 AM EDT,$0.00
Vancouver Whitecaps -3.5,MLS-MOVY-FG-014AC26DLBGCFNO-VAPS004-GTE-P00035,Settled Early,08/20/26 02:14:01.836 AM EDT,$0.00
Houston Dynamo -4.5,MLS-MOVY-FG-014AC26DLBGCFNO-HOMO002-GTE-P00045,Settled Early,08/20/26 02:14:07.031 AM EDT,$0.00
Houston Dynamo -0.5,MLS-MOVY-FG-014AC26DLBGCFNO-HOMO002-GTE-P00005,Settled Early,08/20/26 02:14:12.536 AM EDT,$1.00
Vancouver Whitecaps -0.5,MLS-MOVY-FG-014AC26DLBGCFNO-VAPS004-GTE-P00005,Settled Early,08/20/26 02:14:19.040 AM EDT,$0.00
Houston Dynamo -3.5,MLS-MOVY-FG-014AC26DLBGCFNO-HOMO002-GTE-P00035,Settled Early,08/20/26 02:14:23.480 AM EDT,$0.00
Houston Dynamo -2.5,MLS-MOVY-FG-014AC26DLBGCFNO-HOMO002-GTE-P00025,Settled Early,08/20/26 02:14:27.581 AM EDT,$0.00
LA Galaxy -1.5,MLS-MOVY-FG-00U4M0QHF77H030-LAXY001-GTE-P00015,Settled Early,08/20/26 02:15:15.515 AM EDT,$0.00
LA Galaxy -3.5,MLS-MOVY-FG-00U4M0QHF77H030-LAXY001-GTE-P00035,Settled Early,08/20/26 02:15:24.593 AM EDT,$0.00
San Jose Earthquakes -4.5,MLS-MOVY-FG-00U4M0QHF77H030-SAES033-GTE-P00045,Settled Early,08/20/26 02:15:34.845 AM EDT,$0.00
San Jose Earthquakes -2.5,MLS-MOVY-FG-00U4M0QHF77H030-SAES033-GTE-P00025,Settled Early,08/20/26 02:15:39.492 AM EDT,$0.00
LA Galaxy -4.5,MLS-MOVY-FG-00U4M0QHF77H030-LAXY001-GTE-P00045,Settled Early,08/20/26 02:15:43.456 AM EDT,$0.00
LA Galaxy -2.5,MLS-MOVY-FG-00U4M0QHF77H030-LAXY001-GTE-P00025,Settled Early,08/20/26 02:15:47.423 AM EDT,$0.00
San Jose Earthquakes -3.5,MLS-MOVY-FG-00U4M0QHF77H030-SAES033-GTE-P00035,Settled Early,08/20/26 02:15:51.073 AM EDT,$0.00
LA Galaxy -0.5,MLS-MOVY-FG-00U4M0QHF77H030-LAXY001-GTE-P00005,Settled Early,08/20/26 02:15:54.481 AM EDT,$1.00
San Jose Earthquakes -0.5,MLS-MOVY-FG-00U4M0QHF77H030-SAES033-GTE-P00005,Settled Early,08/20/26 02:15:57.539 AM EDT,$0.00
San Jose Earthquakes -1.5,MLS-MOVY-FG-00U4M0QHF77H030-SAES033-GTE-P00015,Settled Early,08/20/26 02:16:01.322 AM EDT,$0.00
3.5+,MLS-TGLS-FG-00U4M0QHF77H030-GTE-P00035,Settled Early,08/20/26 02:16:14.922 AM EDT,$0.00
4.5+,MLS-TGLS-FG-00U4M0QHF77H030-GTE-P00045,Settled Early,08/20/26 02:16:18.531 AM EDT,$0.00
0.5+,MLS-TGLS-FG-00U4M0QHF77H030-GTE-P00005,Settled Early,08/20/26 02:16:21.927 AM EDT,$1.00
5.5+,MLS-TGLS-FG-00U4M0QHF77H030-GTE-P00055,Settled Early,08/20/26 02:16:25.014 AM EDT,$0.00
2.5+,MLS-TGLS-FG-00U4M0QHF77H030-GTE-P00025,Settled Early,08/20/26 02:16:28.118 AM EDT,$0.00
1.5+,MLS-TGLS-FG-00U4M0QHF77H030-GTE-P00015,Settled Early,08/20/26 02:16:30.921 AM EDT,$0.00
4.5+,MLS-TGLS-FG-03VQO7G64OO7B70-GTE-P00045,Settled Early,08/20/26 02:17:09.034 AM EDT,$1.00
2.5+,MLS-TGLS-FG-03VQO7G64OO7B70-GTE-P00025,Settled Early,08/20/26 02:17:13.301 AM EDT,$1.00
3.5+,MLS-TGLS-FG-03VQO7G64OO7B70-GTE-P00035,Settled Early,08/20/26 02:17:16.612 AM EDT,$1.00
1.5+,MLS-TGLS-FG-03VQO7G64OO7B70-GTE-P00015,Settled Early,08/20/26 02:17:20.129 AM EDT,$1.00
0.5+,MLS-TGLS-FG-03VQO7G64OO7B70-GTE-P00005,Settled Early,08/20/26 02:17:23.407 AM EDT,$1.00
5.5+,MLS-TGLS-FG-03VQO7G64OO7B70-GTE-P00055,Settled Early,08/20/26 02:17:27.643 AM EDT,$1.00
Real Salt Lake -3.5,MLS-MOVY-FG-03VQO7G64OO7B70-REKE003-GTE-P00035,Settled Early,08/20/26 02:17:43.846 AM EDT,$0.00
FC Dallas -2.5,MLS-MOVY-FG-03VQO7G64OO7B70-FCAS002-GTE-P00025,Settled Early,08/20/26 02:18:02.994 AM EDT,$0.00
FC Dallas -4.5,MLS-MOVY-FG-03VQO7G64OO7B70-FCAS002-GTE-P00045,Settled Early,08/20/26 02:18:07.563 AM EDT,$0.00
FC Dallas -0.5,MLS-MOVY-FG-03VQO7G64OO7B70-FCAS002-GTE-P00005,Settled Early,08/20/26 02:18:14.560 AM EDT,$1.00
Real Salt Lake -1.5,MLS-MOVY-FG-03VQO7G64OO7B70-REKE003-GTE-P00015,Settled Early,08/20/26 02:18:24.778 AM EDT,$0.00
FC Dallas -1.5,MLS-MOVY-FG-03VQO7G64OO7B70-FCAS002-GTE-P00015,Settled Early,08/20/26 02:18:29.669 AM EDT,$0.00
Real Salt Lake -4.5,MLS-MOVY-FG-03VQO7G64OO7B70-REKE003-GTE-P00045,Settled Early,08/20/26 02:18:34.830 AM EDT,$0.00
Real Salt Lake -0.5,MLS-MOVY-FG-03VQO7G64OO7B70-REKE003-GTE-P00005,Settled Early,08/20/26 02:18:40.305 AM EDT,$0.00
Real Salt Lake -2.5,MLS-MOVY-FG-03VQO7G64OO7B70-REKE003-GTE-P00025,Settled Early,08/20/26 02:18:44.189 AM EDT,$0.00
FC Dallas -3.5,MLS-MOVY-FG-03VQO7G64OO7B70-FCAS002-GTE-P00035,Settled Early,08/20/26 02:18:47.877 AM EDT,$0.00
Seattle Sounders -1.5,MLS-MOVY-FG-014AC20HLBGCF5O-SERS004-GTE-P00015,Settled Early,08/20/26 02:19:05.116 AM EDT,$0.00
Seattle Sounders -0.5,MLS-MOVY-FG-014AC20HLBGCF5O-SERS004-GTE-P00005,Settled Early,08/20/26 02:19:10.486 AM EDT,$0.00
Austin FC -0.5,MLS-MOVY-FG-014AC20HLBGCF5O-AUFC005-GTE-P00005,Settled Early,08/20/26 02:19:14.363 AM EDT,$1.00
Seattle Sounders -2.5,MLS-MOVY-FG-014AC20HLBGCF5O-SERS004-GTE-P00025,Settled Early,08/20/26 02:19:19.151 AM EDT,$0.00
Austin FC -1.5,MLS-MOVY-FG-014AC20HLBGCF5O-AUFC005-GTE-P00015,Settled Early,08/20/26 02:19:23.084 AM EDT,$0.00
Seattle Sounders -4.5,MLS-MOVY-FG-014AC20HLBGCF5O-SERS004-GTE-P00045,Settled Early,08/20/26 02:19:26.268 AM EDT,$0.00
Austin FC -4.5,MLS-MOVY-FG-014AC20HLBGCF5O-AUFC005-GTE-P00045,Settled Early,08/20/26 02:19:29.937 AM EDT,$0.00
Austin FC -2.5,MLS-MOVY-FG-014AC20HLBGCF5O-AUFC005-GTE-P00025,Settled Early,08/20/26 02:19:35.459 AM EDT,$0.00
Austin FC -3.5,MLS-MOVY-FG-014AC20HLBGCF5O-AUFC005-GTE-P00035,Settled Early,08/20/26 02:19:38.414 AM EDT,$0.00
Seattle Sounders -3.5,MLS-MOVY-FG-014AC20HLBGCF5O-SERS004-GTE-P00035,Settled Early,08/20/26 02:19:41.436 AM EDT,$0.00
5.5+,MLS-TGLS-FG-014AC20HLBGCF5O-GTE-P00055,Settled Early,08/20/26 02:19:52.636 AM EDT,$0.00
4.5+,MLS-TGLS-FG-014AC20HLBGCF5O-GTE-P00045,Settled Early,08/20/26 02:19:57.418 AM EDT,$0.00
1.5+,MLS-TGLS-FG-014AC20HLBGCF5O-GTE-P00015,Settled Early,08/20/26 02:20:00.889 AM EDT,$1.00
3.5+,MLS-TGLS-FG-014AC20HLBGCF5O-GTE-P00035,Settled Early,08/20/26 02:20:05.180 AM EDT,$0.00
2.5+,MLS-TGLS-FG-014AC20HLBGCF5O-GTE-P00025,Settled Early,08/20/26 02:20:08.410 AM EDT,$1.00
0.5+,MLS-TGLS-FG-014AC20HLBGCF5O-GTE-P00005,Settled Early,08/20/26 02:20:11.402 AM EDT,$1.00
LAFC -0.5,MLS-MOVY-FG-00U4M0UDF77H0M8-LAFC019-GTE-P00005,Settled Early,08/20/26 02:20:49.430 AM EDT,$0.00
LAFC -2.5,MLS-MOVY-FG-00U4M0UDF77H0M8-LAFC019-GTE-P00025,Settled Early,08/20/26 02:20:55.672 AM EDT,$0.00
Colorado Rapids -0.5,MLS-MOVY-FG-00U4M0UDF77H0M8-CODS008-GTE-P00005,Settled Early,08/20/26 02:21:00.881 AM EDT,$1.00
Colorado Rapids -3.5,MLS-MOVY-FG-00U4M0UDF77H0M8-CODS008-GTE-P00035,Settled Early,08/20/26 02:21:08.995 AM EDT,$0.00
LAFC -1.5,MLS-MOVY-FG-00U4M0UDF77H0M8-LAFC019-GTE-P00015,Settled Early,08/20/26 02:21:15.464 AM EDT,$0.00
Colorado Rapids -2.5,MLS-MOVY-FG-00U4M0UDF77H0M8-CODS008-GTE-P00025,Settled Early,08/20/26 02:21:19.837 AM EDT,$0.00
LAFC -3.5,MLS-MOVY-FG-00U4M0UDF77H0M8-LAFC019-GTE-P00035,Settled Early,08/20/26 02:21:25.736 AM EDT,$0.00
LAFC -4.5,MLS-MOVY-FG-00U4M0UDF77H0M8-LAFC019-GTE-P00045,Settled Early,08/20/26 02:21:29.557 AM EDT,$0.00
Colorado Rapids -4.5,MLS-MOVY-FG-00U4M0UDF77H0M8-CODS008-GTE-P00045,Settled Early,08/20/26 02:21:34.825 AM EDT,$0.00
Colorado Rapids -1.5,MLS-MOVY-FG-00U4M0UDF77H0M8-CODS008-GTE-P00015,Settled Early,08/20/26 02:21:42.990 AM EDT,$0.00
2.5+,MLS-TGLS-FG-00U4M0UDF77H0M8-GTE-P00025,Settled Early,08/20/26 02:21:58.160 AM EDT,$0.00
4.5+,MLS-TGLS-FG-00U4M0UDF77H0M8-GTE-P00045,Settled Early,08/20/26 02:22:02.512 AM EDT,$0.00
1.5+,MLS-TGLS-FG-00U4M0UDF77H0M8-GTE-P00015,Settled Early,08/20/26 02:22:07.958 AM EDT,$0.00
3.5+,MLS-TGLS-FG-00U4M0UDF77H0M8-GTE-P00035,Settled Early,08/20/26 02:22:12.098 AM EDT,$0.00
0.5+,MLS-TGLS-FG-00U4M0UDF77H0M8-GTE-P00005,Settled Early,08/20/26 02:22:15.906 AM EDT,$1.00
5.5+,MLS-TGLS-FG-00U4M0UDF77H0M8-GTE-P00055,Settled Early,08/20/26 02:22:19.691 AM EDT,$0.00
2.5+,MLS-TGLS-FG-03VQO7I94OO7AFO-GTE-P00025,Settled Early,08/20/26 02:22:52.476 AM EDT,$1.00
3.5+,MLS-TGLS-FG-03VQO7I94OO7AFO-GTE-P00035,Settled Early,08/20/26 02:22:56.829 AM EDT,$0.00
1.5+,MLS-TGLS-FG-03VQO7I94OO7AFO-GTE-P00015,Settled Early,08/20/26 02:23:00.529 AM EDT,$1.00
0.5+,MLS-TGLS-FG-03VQO7I94OO7AFO-GTE-P00005,Settled Early,08/20/26 02:23:05.537 AM EDT,$1.00
4.5+,MLS-TGLS-FG-03VQO7I94OO7AFO-GTE-P00045,Settled Early,08/20/26 02:23:10.854 AM EDT,$0.00
5.5+,MLS-TGLS-FG-03VQO7I94OO7AFO-GTE-P00055,Settled Early,08/20/26 02:23:14.467 AM EDT,$0.00
Orlando City -3.5,MLS-MOVY-FG-03VQO7I94OO7AFO-ORTY001-GTE-P00035,Settled Early,08/20/26 02:23:26.868 AM EDT,$0.00
Orlando City -1.5,MLS-MOVY-FG-03VQO7I94OO7AFO-ORTY001-GTE-P00015,Settled Early,08/20/26 02:23:30.486 AM EDT,$0.00
Chicago Fire -0.5,MLS-MOVY-FG-03VQO7I94OO7AFO-CHRE011-GTE-P00005,Settled Early,08/20/26 02:23:35.069 AM EDT,$1.00
Chicago Fire -2.5,MLS-MOVY-FG-03VQO7I94OO7AFO-CHRE011-GTE-P00025,Settled Early,08/20/26 02:23:42.305 AM EDT,$0.00
Chicago Fire -3.5,MLS-MOVY-FG-03VQO7I94OO7AFO-CHRE011-GTE-P00035,Settled Early,08/20/26 02:23:49.691 AM EDT,$0.00
Orlando City -2.5,MLS-MOVY-FG-03VQO7I94OO7AFO-ORTY001-GTE-P00025,Settled Early,08/20/26 02:23:54.540 AM EDT,$0.00
Orlando City -4.5,MLS-MOVY-FG-03VQO7I94OO7AFO-ORTY001-GTE-P00045,Settled Early,08/20/26 02:23:59.446 AM EDT,$0.00
Orlando City -0.5,MLS-MOVY-FG-03VQO7I94OO7AFO-ORTY001-GTE-P00005,Settled Early,08/20/26 02:24:02.574 AM EDT,$0.00
Chicago Fire -4.5,MLS-MOVY-FG-03VQO7I94OO7AFO-CHRE011-GTE-P00045,Settled Early,08/20/26 02:24:06.712 AM EDT,$0.00
Chicago Fire -1.5,MLS-MOVY-FG-03VQO7I94OO7AFO-CHRE011-GTE-P00015,Settled Early,08/20/26 02:24:10.934 AM EDT,$0.00
Both Teams to Score,FRIENDLYCLUB-BTMSC-FG-01DQTLN5TMSVGT0-BINARY,Settled Early,08/20/26 02:24:46.331 AM EDT,$1.00
Persib Bandung,FRIENDLYCLUB-DWIN-FG-01DQTLN5TMSVGT0-PENG011,Settled Early,08/20/26 02:24:59.754 AM EDT,$1.00
Draw,FRIENDLYCLUB-DWIN-FG-01DQTLN5TMSVGT0-DRAW,Settled Early,08/20/26 02:25:02.850 AM EDT,$0.00
Bali United Pusam FC,FRIENDLYCLUB-DWIN-FG-01DQTLN5TMSVGT0-BAFC029,Settled Early,08/20/26 02:25:06.559 AM EDT,$0.00
Tommy Edman 9.5,MLB-PHRR-FG-01OEGJ46VUKNT1G-TOAN002-GTE-P00095,Settled Early,08/20/26 02:58:16.236 AM EDT,$0.50
Tommy Edman 0.5,MLB-PHRR-FG-01OEGJ46VUKNT1G-TOAN002-GTE-P00005,Settled Early,08/20/26 02:58:16.773 AM EDT,$0.50
Tommy Edman 6.5,MLB-PHRR-FG-01OEGJ46VUKNT1G-TOAN002-GTE-P00065,Settled Early,08/20/26 02:58:17.119 AM EDT,$0.50
Tommy Edman 4.5,MLB-PHRR-FG-01OEGJ46VUKNT1G-TOAN002-GTE-P00045,Settled Early,08/20/26 02:58:17.678 AM EDT,$0.50
Tommy Edman 3.5,MLB-PHRR-FG-01OEGJ46VUKNT1G-TOAN002-GTE-P00035,Settled Early,08/20/26 02:58:18.027 AM EDT,$0.50
Tommy Edman 2.5,MLB-PHRR-FG-01OEGJ46VUKNT1G-TOAN002-GTE-P00025,Settled Early,08/20/26 02:58:18.347 AM EDT,$0.50
Tommy Edman 8.5,MLB-PHRR-FG-01OEGJ46VUKNT1G-TOAN002-GTE-P00085,Settled Early,08/20/26 02:58:18.724 AM EDT,$0.50
Tommy Edman 1.5,MLB-PHRR-FG-01OEGJ46VUKNT1G-TOAN002-GTE-P00015,Settled Early,08/20/26 02:58:19.068 AM EDT,$0.50
Tommy Edman 5.5,MLB-PHRR-FG-01OEGJ46VUKNT1G-TOAN002-GTE-P00055,Settled Early,08/20/26 02:58:19.374 AM EDT,$0.50
Tommy Edman 7.5,MLB-PHRR-FG-01OEGJ46VUKNT1G-TOAN002-GTE-P00075,Settled Early,08/20/26 02:58:19.753 AM EDT,$0.50
Yainer Diaz 0.5,MLB-PHRR-FG-01OEGJ71VUKNS0G-YAAZ001-GTE-P00005,Settled Early,08/20/26 02:58:34.309 AM EDT,$0.50
Yainer Diaz 5.5,MLB-PHRR-FG-01OEGJ71VUKNS0G-YAAZ001-GTE-P00055,Settled Early,08/20/26 02:58:34.955 AM EDT,$0.50
Yainer Diaz 2.5,MLB-PHRR-FG-01OEGJ71VUKNS0G-YAAZ001-GTE-P00025,Settled Early,08/20/26 02:58:35.752 AM EDT,$0.50
Yainer Diaz 8.5,MLB-PHRR-FG-01OEGJ71VUKNS0G-YAAZ001-GTE-P00085,Settled Early,08/20/26 02:58:36.125 AM EDT,$0.50
Yainer Diaz 9.5,MLB-PHRR-FG-01OEGJ71VUKNS0G-YAAZ001-GTE-P00095,Settled Early,08/20/26 02:58:36.610 AM EDT,$0.50
Yainer Diaz 7.5,MLB-PHRR-FG-01OEGJ71VUKNS0G-YAAZ001-GTE-P00075,Settled Early,08/20/26 02:58:36.956 AM EDT,$0.50
Yainer Diaz 6.5,MLB-PHRR-FG-01OEGJ71VUKNS0G-YAAZ001-GTE-P00065,Settled Early,08/20/26 02:58:37.300 AM EDT,$0.50
Yainer Diaz 1.5,MLB-PHRR-FG-01OEGJ71VUKNS0G-YAAZ001-GTE-P00015,Settled Early,08/20/26 02:58:37.676 AM EDT,$0.50
Yainer Diaz 3.5,MLB-PHRR-FG-01OEGJ71VUKNS0G-YAAZ001-GTE-P00035,Settled Early,08/20/26 02:58:38.048 AM EDT,$0.50
Yainer Diaz 4.5,MLB-PHRR-FG-01OEGJ71VUKNS0G-YAAZ001-GTE-P00045,Settled Early,08/20/26 02:58:38.468 AM EDT,$0.50
Jake Burger 2.5,MLB-PHRR-FG-01OEGJ74VUKNS0G-JAER001-GTE-P00025,Settled Early,08/20/26 02:58:50.421 AM EDT,$0.50
Jake Burger 0.5,MLB-PHRR-FG-01OEGJ74VUKNS0G-JAER001-GTE-P00005,Settled Early,08/20/26 02:58:50.880 AM EDT,$0.50
Jake Burger 5.5,MLB-PHRR-FG-01OEGJ74VUKNS0G-JAER001-GTE-P00055,Settled Early,08/20/26 02:58:51.242 AM EDT,$0.50
Jake Burger 9.5,MLB-PHRR-FG-01OEGJ74VUKNS0G-JAER001-GTE-P00095,Settled Early,08/20/26 02:58:51.719 AM EDT,$0.50
Jake Burger 4.5,MLB-PHRR-FG-01OEGJ74VUKNS0G-JAER001-GTE-P00045,Settled Early,08/20/26 02:58:52.071 AM EDT,$0.50
Jake Burger 7.5,MLB-PHRR-FG-01OEGJ74VUKNS0G-JAER001-GTE-P00075,Settled Early,08/20/26 02:58:52.529 AM EDT,$0.50
Jake Burger 3.5,MLB-PHRR-FG-01OEGJ74VUKNS0G-JAER001-GTE-P00035,Settled Early,08/20/26 02:58:52.853 AM EDT,$0.50
Jake Burger 8.5,MLB-PHRR-FG-01OEGJ74VUKNS0G-JAER001-GTE-P00085,Settled Early,08/20/26 02:58:53.145 AM EDT,$0.50
Jake Burger 6.5,MLB-PHRR-FG-01OEGJ74VUKNS0G-JAER001-GTE-P00065,Settled Early,08/20/26 02:58:53.569 AM EDT,$0.50
Jake Burger 1.5,MLB-PHRR-FG-01OEGJ74VUKNS0G-JAER001-GTE-P00015,Settled Early,08/20/26 02:58:53.880 AM EDT,$0.50
Charles McAdoo 6.5,MLB-PHRR-FG-01OEGEK7VUKTP10-CHOO000-GTE-P00065,Settled Early,08/20/26 02:59:13.657 AM EDT,$0.00
Ernie Clement 7.5,MLB-PHRR-FG-01OEGEK7VUKTP10-ERNT000-GTE-P00075,Settled Early,08/20/26 02:59:34.519 AM EDT,$0.50
Ernie Clement 1.5,MLB-PHRR-FG-01OEGEK7VUKTP10-ERNT000-GTE-P00015,Settled Early,08/20/26 02:59:34.870 AM EDT,$0.50
Ernie Clement 4.5,MLB-PHRR-FG-01OEGEK7VUKTP10-ERNT000-GTE-P00045,Settled Early,08/20/26 02:59:35.285 AM EDT,$0.50
Ernie Clement 5.5,MLB-PHRR-FG-01OEGEK7VUKTP10-ERNT000-GTE-P00055,Settled Early,08/20/26 02:59:35.610 AM EDT,$0.50
Ernie Clement 6.5,MLB-PHRR-FG-01OEGEK7VUKTP10-ERNT000-GTE-P00065,Settled Early,08/20/26 02:59:35.895 AM EDT,$0.50
Ernie Clement 8.5,MLB-PHRR-FG-01OEGEK7VUKTP10-ERNT000-GTE-P00085,Settled Early,08/20/26 02:59:36.368 AM EDT,$0.50
Ernie Clement 9.5,MLB-PHRR-FG-01OEGEK7VUKTP10-ERNT000-GTE-P00095,Settled Early,08/20/26 02:59:36.690 AM EDT,$0.50
Ernie Clement 0.5,MLB-PHRR-FG-01OEGEK7VUKTP10-ERNT000-GTE-P00005,Settled Early,08/20/26 02:59:37.049 AM EDT,$0.50
Ernie Clement 3.5,MLB-PHRR-FG-01OEGEK7VUKTP10-ERNT000-GTE-P00035,Settled Early,08/20/26 02:59:37.400 AM EDT,$0.50
Ernie Clement 2.5,MLB-PHRR-FG-01OEGEK7VUKTP10-ERNT000-GTE-P00025,Settled Early,08/20/26 02:59:37.746 AM EDT,$0.25
Tyler Heineman 2.5,MLB-PHRR-FG-01OEGJ71VUKNS0G-TYAN002-GTE-P00025,Settled Early,08/20/26 03:12:56.917 AM EDT,$0.50
Tyler Heineman 1.5,MLB-PHRR-FG-01OEGJ71VUKNS0G-TYAN002-GTE-P00015,Settled Early,08/20/26 03:12:57.275 AM EDT,$0.50
Tyler Heineman 6.5,MLB-PHRR-FG-01OEGJ71VUKNS0G-TYAN002-GTE-P00065,Settled Early,08/20/26 03:12:57.613 AM EDT,$0.50
Tyler Heineman 9.5,MLB-PHRR-FG-01OEGJ71VUKNS0G-TYAN002-GTE-P00095,Settled Early,08/20/26 03:12:57.919 AM EDT,$0.50
Tyler Heineman 8.5,MLB-PHRR-FG-01OEGJ71VUKNS0G-TYAN002-GTE-P00085,Settled Early,08/20/26 03:12:58.224 AM EDT,$0.50
Tyler Heineman 4.5,MLB-PHRR-FG-01OEGJ71VUKNS0G-TYAN002-GTE-P00045,Settled Early,08/20/26 03:12:58.542 AM EDT,$0.50
Tyler Heineman 7.5,MLB-PHRR-FG-01OEGJ71VUKNS0G-TYAN002-GTE-P00075,Settled Early,08/20/26 03:12:58.851 AM EDT,$0.50
Tyler Heineman 5.5,MLB-PHRR-FG-01OEGJ71VUKNS0G-TYAN002-GTE-P00055,Settled Early,08/20/26 03:12:59.140 AM EDT,$0.50
Tyler Heineman 0.5,MLB-PHRR-FG-01OEGJ71VUKNS0G-TYAN002-GTE-P00005,Settled Early,08/20/26 03:12:59.427 AM EDT,$0.50
Tyler Heineman 3.5,MLB-PHRR-FG-01OEGJ71VUKNS0G-TYAN002-GTE-P00035,Settled Early,08/20/26 03:12:59.778 AM EDT,$0.50
Victor Mesa Jr. 7.5,MLB-PHRR-FG-01OEGEK7VUKTP10-VIJR000-GTE-P00075,Settled Early,08/20/26 03:13:58.319 AM EDT,$0.50
Victor Mesa Jr. 5.5,MLB-PHRR-FG-01OEGEK7VUKTP10-VIJR000-GTE-P00055,Settled Early,08/20/26 03:13:58.637 AM EDT,$0.50
Victor Mesa Jr. 9.5,MLB-PHRR-FG-01OEGEK7VUKTP10-VIJR000-GTE-P00095,Settled Early,08/20/26 03:13:58.933 AM EDT,$0.50
Victor Mesa Jr. 2.5,MLB-PHRR-FG-01OEGEK7VUKTP10-VIJR000-GTE-P00025,Settled Early,08/20/26 03:13:59.245 AM EDT,$0.50
Victor Mesa Jr. 8.5,MLB-PHRR-FG-01OEGEK7VUKTP10-VIJR000-GTE-P00085,Settled Early,08/20/26 03:13:59.630 AM EDT,$0.50
Victor Mesa Jr. 0.5,MLB-PHRR-FG-01OEGEK7VUKTP10-VIJR000-GTE-P00005,Settled Early,08/20/26 03:13:59.994 AM EDT,$0.50
Victor Mesa Jr. 4.5,MLB-PHRR-FG-01OEGEK7VUKTP10-VIJR000-GTE-P00045,Settled Early,08/20/26 03:14:00.412 AM EDT,$0.50
Victor Mesa Jr. 1.5,MLB-PHRR-FG-01OEGEK7VUKTP10-VIJR000-GTE-P00015,Settled Early,08/20/26 03:14:00.706 AM EDT,$0.50
Victor Mesa Jr. 3.5,MLB-PHRR-FG-01OEGEK7VUKTP10-VIJR000-GTE-P00035,Settled Early,08/20/26 03:14:01.052 AM EDT,$0.50
Victor Mesa Jr. 6.5,MLB-PHRR-FG-01OEGEK7VUKTP10-VIJR000-GTE-P00065,Settled Early,08/20/26 03:14:01.499 AM EDT,$0.50
Christian Franklin 2.5,MLB-PHRR-FG-01OEGEJDVUKTPEO-CHIN001-GTE-P00025,Settled Early,08/20/26 03:23:05.197 AM EDT,$0.50
Christian Franklin 9.5,MLB-PHRR-FG-01OEGEJDVUKTPEO-CHIN001-GTE-P00095,Settled Early,08/20/26 03:23:05.594 AM EDT,$0.50
Christian Franklin 8.5,MLB-PHRR-FG-01OEGEJDVUKTPEO-CHIN001-GTE-P00085,Settled Early,08/20/26 03:23:06.039 AM EDT,$0.50
Christian Franklin 7.5,MLB-PHRR-FG-01OEGEJDVUKTPEO-CHIN001-GTE-P00075,Settled Early,08/20/26 03:23:06.361 AM EDT,$0.50
Christian Franklin 0.5,MLB-PHRR-FG-01OEGEJDVUKTPEO-CHIN001-GTE-P00005,Settled Early,08/20/26 03:23:06.685 AM EDT,$0.50
Christian Franklin 6.5,MLB-PHRR-FG-01OEGEJDVUKTPEO-CHIN001-GTE-P00065,Settled Early,08/20/26 03:23:07.085 AM EDT,$0.50
Christian Franklin 4.5,MLB-PHRR-FG-01OEGEJDVUKTPEO-CHIN001-GTE-P00045,Settled Early,08/20/26 03:23:07.398 AM EDT,$0.50
Christian Franklin 1.5,MLB-PHRR-FG-01OEGEJDVUKTPEO-CHIN001-GTE-P00015,Settled Early,08/20/26 03:23:07.725 AM EDT,$0.39
Christian Franklin 5.5,MLB-PHRR-FG-01OEGEJDVUKTPEO-CHIN001-GTE-P00055,Settled Early,08/20/26 03:23:08.107 AM EDT,$0.50
Christian Franklin 3.5,MLB-PHRR-FG-01OEGEJDVUKTPEO-CHIN001-GTE-P00035,Settled Early,08/20/26 03:23:08.411 AM EDT,$0.50
Hokkaido Nippon Ham Fighters -4.5,NPB-MOVY-FG-01479SHIL86C8D0-HORS000-GTE-P00045,Settled Early,08/20/26 06:01:32.065 AM EDT,$0.00
Over 5.5,NPB-TRUNS-FG-01479SHIL86C8D0-GTE-P00055,Settled Early,08/20/26 06:01:32.164 AM EDT,$1.00
Hokkaido Nippon Ham Fighters,NPB-WIN-FG-01479SHIL86C8D0-HORS000,Settled Early,08/20/26 06:01:32.232 AM EDT,$0.50
Hokkaido Nippon Ham Fighters -7.5,NPB-MOVY-FG-01479SHIL86C8D0-HORS000-GTE-P00075,Settled Early,08/20/26 06:01:32.586 AM EDT,$0.00
Hokkaido Nippon Ham Fighters -3.5,NPB-MOVY-FG-01479SHIL86C8D0-HORS000-GTE-P00035,Settled Early,08/20/26 06:01:32.956 AM EDT,$0.00
Over 3.5,NPB-TRUNS-FG-01479SHIL86C8D0-GTE-P00035,Settled Early,08/20/26 06:01:33.184 AM EDT,$1.00
Fukuoka Softbank Hawks -0.5,NPB-MOVY-FG-01479SHIL86C8D0-FUKS000-GTE-P00005,Settled Early,08/20/26 06:01:33.292 AM EDT,$0.00
Over 4.5,NPB-TRUNS-FG-01479SHIL86C8D0-GTE-P00045,Settled Early,08/20/26 06:01:33.690 AM EDT,$1.00
Fukuoka Softbank Hawks -3.5,NPB-MOVY-FG-01479SHIL86C8D0-FUKS000-GTE-P00035,Settled Early,08/20/26 06:01:33.749 AM EDT,$0.00
Fukuoka Softbank Hawks,NPB-WIN-FG-01479SHIL86C8D0-FUKS000,Settled Early,08/20/26 06:01:33.752 AM EDT,$0.50
Fukuoka Softbank Hawks -2.5,NPB-MOVY-FG-01479SHIL86C8D0-FUKS000-GTE-P00025,Settled Early,08/20/26 06:01:34.071 AM EDT,$0.00
Over 7.5,NPB-TRUNS-FG-01479SHIL86C8D0-GTE-P00075,Settled Early,08/20/26 06:01:34.077 AM EDT,$1.00
Fukuoka Softbank Hawks -1.5,NPB-MOVY-FG-01479SHIL86C8D0-FUKS000-GTE-P00015,Settled Early,08/20/26 06:01:35.016 AM EDT,$0.00
Over 9.5,NPB-TRUNS-FG-01479SHIL86C8D0-GTE-P00095,Settled Early,08/20/26 06:01:35.114 AM EDT,$1.00
Hokkaido Nippon Ham Fighters -2.5,NPB-MOVY-FG-01479SHIL86C8D0-HORS000-GTE-P00025,Settled Early,08/20/26 06:01:35.585 AM EDT,$0.00
Over 8.5,NPB-TRUNS-FG-01479SHIL86C8D0-GTE-P00085,Settled Early,08/20/26 06:01:35.655 AM EDT,$1.00
Over 6.5,NPB-TRUNS-FG-01479SHIL86C8D0-GTE-P00065,Settled Early,08/20/26 06:01:36.146 AM EDT,$1.00
Fukuoka Softbank Hawks -5.5,NPB-MOVY-FG-01479SHIL86C8D0-FUKS000-GTE-P00055,Settled Early,08/20/26 06:01:36.565 AM EDT,$0.00
Hokkaido Nippon Ham Fighters -0.5,NPB-MOVY-FG-01479SHIL86C8D0-HORS000-GTE-P00005,Settled Early,08/20/26 06:01:36.851 AM EDT,$0.00
Over 11.5,NPB-TRUNS-FG-01479SHIL86C8D0-GTE-P00115,Settled Early,08/20/26 06:01:36.866 AM EDT,$0.00
Fukuoka Softbank Hawks -6.5,NPB-MOVY-FG-01479SHIL86C8D0-FUKS000-GTE-P00065,Settled Early,08/20/26 06:01:37.183 AM EDT,$0.00
Over 10.5,NPB-TRUNS-FG-01479SHIL86C8D0-GTE-P00105,Settled Early,08/20/26 06:01:37.293 AM EDT,$0.00
Fukuoka Softbank Hawks -7.5,NPB-MOVY-FG-01479SHIL86C8D0-FUKS000-GTE-P00075,Settled Early,08/20/26 06:01:37.642 AM EDT,$0.00
Over 12.5,NPB-TRUNS-FG-01479SHIL86C8D0-GTE-P00125,Settled Early,08/20/26 06:01:37.651 AM EDT,$0.00
Over 13.5,NPB-TRUNS-FG-01479SHIL86C8D0-GTE-P00135,Settled Early,08/20/26 06:01:37.939 AM EDT,$0.00
Fukuoka Softbank Hawks -4.5,NPB-MOVY-FG-01479SHIL86C8D0-FUKS000-GTE-P00045,Settled Early,08/20/26 06:01:37.975 AM EDT,$0.00
Over 15.5,NPB-TRUNS-FG-01479SHIL86C8D0-GTE-P00155,Settled Early,08/20/26 06:01:38.273 AM EDT,$0.00
Hokkaido Nippon Ham Fighters -1.5,NPB-MOVY-FG-01479SHIL86C8D0-HORS000-GTE-P00015,Settled Early,08/20/26 06:01:38.274 AM EDT,$0.00
Hokkaido Nippon Ham Fighters -6.5,NPB-MOVY-FG-01479SHIL86C8D0-HORS000-GTE-P00065,Settled Early,08/20/26 06:01:38.781 AM EDT,$0.00
Over 14.5,NPB-TRUNS-FG-01479SHIL86C8D0-GTE-P00145,Settled Early,08/20/26 06:01:38.822 AM EDT,$0.00
Hokkaido Nippon Ham Fighters -5.5,NPB-MOVY-FG-01479SHIL86C8D0-HORS000-GTE-P00055,Settled Early,08/20/26 06:01:39.124 AM EDT,$0.00
Saitama Seibu Lions,NPB-WIN-FG-01478AFSL86B0TO-SANS002,Settled Early,08/20/26 07:35:08.017 AM EDT,$0.00
Orix Buffaloes -3.5,NPB-MOVY-FG-01478AFSL86B0TO-ORES000-GTE-P00035,Settled Early,08/20/26 07:35:08.087 AM EDT,$0.00
Over 6.5,NPB-TRUNS-FG-01478AFSL86B0TO-GTE-P00065,Settled Early,08/20/26 07:35:08.157 AM EDT,$0.00
Orix Buffaloes -0.5,NPB-MOVY-FG-01478AFSL86B0TO-ORES000-GTE-P00005,Settled Early,08/20/26 07:35:08.429 AM EDT,$1.00
Over 7.5,NPB-TRUNS-FG-01478AFSL86B0TO-GTE-P00075,Settled Early,08/20/26 07:35:08.536 AM EDT,$0.00
Orix Buffaloes,NPB-WIN-FG-01478AFSL86B0TO-ORES000,Settled Early,08/20/26 07:35:08.688 AM EDT,$1.00
Orix Buffaloes -1.5,NPB-MOVY-FG-01478AFSL86B0TO-ORES000-GTE-P00015,Settled Early,08/20/26 07:35:08.747 AM EDT,$1.00
Over 5.5,NPB-TRUNS-FG-01478AFSL86B0TO-GTE-P00055,Settled Early,08/20/26 07:35:08.910 AM EDT,$0.00
Over 4.5,NPB-TRUNS-FG-01478AFSL86B0TO-GTE-P00045,Settled Early,08/20/26 07:35:09.291 AM EDT,$0.00
Orix Buffaloes -2.5,NPB-MOVY-FG-01478AFSL86B0TO-ORES000-GTE-P00025,Settled Early,08/20/26 07:35:09.379 AM EDT,$0.00
Over 8.5,NPB-TRUNS-FG-01478AFSL86B0TO-GTE-P00085,Settled Early,08/20/26 07:35:09.593 AM EDT,$0.00
Saitama Seibu Lions -7.5,NPB-MOVY-FG-01478AFSL86B0TO-SANS002-GTE-P00075,Settled Early,08/20/26 07:35:09.734 AM EDT,$0.00
Over 3.5,NPB-TRUNS-FG-01478AFSL86B0TO-GTE-P00035,Settled Early,08/20/26 07:35:09.919 AM EDT,$1.00
Saitama Seibu Lions -6.5,NPB-MOVY-FG-01478AFSL86B0TO-SANS002-GTE-P00065,Settled Early,08/20/26 07:35:10.043 AM EDT,$0.00
Over 9.5,NPB-TRUNS-FG-01478AFSL86B0TO-GTE-P00095,Settled Early,08/20/26 07:35:10.364 AM EDT,$0.00
Orix Buffaloes -6.5,NPB-MOVY-FG-01478AFSL86B0TO-ORES000-GTE-P00065,Settled Early,08/20/26 07:35:10.368 AM EDT,$0.00
Over 15.5,NPB-TRUNS-FG-01478AFSL86B0TO-GTE-P00155,Settled Early,08/20/26 07:35:10.762 AM EDT,$0.00
Saitama Seibu Lions -4.5,NPB-MOVY-FG-01478AFSL86B0TO-SANS002-GTE-P00045,Settled Early,08/20/26 07:35:10.860 AM EDT,$0.00
Over 12.5,NPB-TRUNS-FG-01478AFSL86B0TO-GTE-P00125,Settled Early,08/20/26 07:35:11.118 AM EDT,$0.00
Saitama Seibu Lions -0.5,NPB-MOVY-FG-01478AFSL86B0TO-SANS002-GTE-P00005,Settled Early,08/20/26 07:35:11.218 AM EDT,$0.00
Over 13.5,NPB-TRUNS-FG-01478AFSL86B0TO-GTE-P00135,Settled Early,08/20/26 07:35:11.452 AM EDT,$0.00
Saitama Seibu Lions -2.5,NPB-MOVY-FG-01478AFSL86B0TO-SANS002-GTE-P00025,Settled Early,08/20/26 07:35:11.523 AM EDT,$0.00
Over 14.5,NPB-TRUNS-FG-01478AFSL86B0TO-GTE-P00145,Settled Early,08/20/26 07:35:11.769 AM EDT,$0.00
Saitama Seibu Lions -3.5,NPB-MOVY-FG-01478AFSL86B0TO-SANS002-GTE-P00035,Settled Early,08/20/26 07:35:11.890 AM EDT,$0.00
Orix Buffaloes -5.5,NPB-MOVY-FG-01478AFSL86B0TO-ORES000-GTE-P00055,Settled Early,08/20/26 07:35:12.276 AM EDT,$0.00
Over 10.5,NPB-TRUNS-FG-01478AFSL86B0TO-GTE-P00105,Settled Early,08/20/26 07:35:12.277 AM EDT,$0.00
Orix Buffaloes -7.5,NPB-MOVY-FG-01478AFSL86B0TO-ORES000-GTE-P00075,Settled Early,08/20/26 07:35:12.570 AM EDT,$0.00
Over 11.5,NPB-TRUNS-FG-01478AFSL86B0TO-GTE-P00115,Settled Early,08/20/26 07:35:12.596 AM EDT,$0.00
Saitama Seibu Lions -5.5,NPB-MOVY-FG-01478AFSL86B0TO-SANS002-GTE-P00055,Settled Early,08/20/26 07:35:12.942 AM EDT,$0.00
Orix Buffaloes -4.5,NPB-MOVY-FG-01478AFSL86B0TO-ORES000-GTE-P00045,Settled Early,08/20/26 07:35:13.303 AM EDT,$0.00
Saitama Seibu Lions -1.5,NPB-MOVY-FG-01478AFSL86B0TO-SANS002-GTE-P00015,Settled Early,08/20/26 07:35:13.587 AM EDT,$0.00
Hiroshima Toyo Carp,NPB-WIN-FG-01479SH7L86C8HG-HIRP000,Settled Early,08/20/26 08:20:05.998 AM EDT,$1.00
Over 10.5,NPB-TRUNS-FG-01479SH7L86C8HG-GTE-P00105,Settled Early,08/20/26 08:20:06.053 AM EDT,$0.00
Chunichi Dragons -0.5,NPB-MOVY-FG-01479SH7L86C8HG-CHNS000-GTE-P00005,Settled Early,08/20/26 08:20:06.174 AM EDT,$0.00
Chunichi Dragons -1.5,NPB-MOVY-FG-01479SH7L86C8HG-CHNS000-GTE-P00015,Settled Early,08/20/26 08:20:06.557 AM EDT,$0.00
Chunichi Dragons,NPB-WIN-FG-01479SH7L86C8HG-CHNS000,Settled Early,08/20/26 08:20:06.629 AM EDT,$0.00
Over 12.5,NPB-TRUNS-FG-01479SH7L86C8HG-GTE-P00125,Settled Early,08/20/26 08:20:06.634 AM EDT,$0.00
Chunichi Dragons -4.5,NPB-MOVY-FG-01479SH7L86C8HG-CHNS000-GTE-P00045,Settled Early,08/20/26 08:20:06.928 AM EDT,$0.00
Over 13.5,NPB-TRUNS-FG-01479SH7L86C8HG-GTE-P00135,Settled Early,08/20/26 08:20:07.041 AM EDT,$0.00
Chunichi Dragons -6.5,NPB-MOVY-FG-01479SH7L86C8HG-CHNS000-GTE-P00065,Settled Early,08/20/26 08:20:07.337 AM EDT,$0.00
Over 15.5,NPB-TRUNS-FG-01479SH7L86C8HG-GTE-P00155,Settled Early,08/20/26 08:20:07.425 AM EDT,$0.00
Chunichi Dragons -3.5,NPB-MOVY-FG-01479SH7L86C8HG-CHNS000-GTE-P00035,Settled Early,08/20/26 08:20:07.672 AM EDT,$0.00
Over 4.5,NPB-TRUNS-FG-01479SH7L86C8HG-GTE-P00045,Settled Early,08/20/26 08:20:07.738 AM EDT,$0.00
Chunichi Dragons -7.5,NPB-MOVY-FG-01479SH7L86C8HG-CHNS000-GTE-P00075,Settled Early,08/20/26 08:20:08.016 AM EDT,$0.00
Over 3.5,NPB-TRUNS-FG-01479SH7L86C8HG-GTE-P00035,Settled Early,08/20/26 08:20:08.087 AM EDT,$0.00
Hiroshima Toyo Carp -0.5,NPB-MOVY-FG-01479SH7L86C8HG-HIRP000-GTE-P00005,Settled Early,08/20/26 08:20:08.359 AM EDT,$1.00
Over 8.5,NPB-TRUNS-FG-01479SH7L86C8HG-GTE-P00085,Settled Early,08/20/26 08:20:08.481 AM EDT,$0.00
Chunichi Dragons -2.5,NPB-MOVY-FG-01479SH7L86C8HG-CHNS000-GTE-P00025,Settled Early,08/20/26 08:20:08.656 AM EDT,$0.00
Over 5.5,NPB-TRUNS-FG-01479SH7L86C8HG-GTE-P00055,Settled Early,08/20/26 08:20:08.782 AM EDT,$0.00
Chunichi Dragons -5.5,NPB-MOVY-FG-01479SH7L86C8HG-CHNS000-GTE-P00055,Settled Early,08/20/26 08:20:09.001 AM EDT,$0.00
Over 6.5,NPB-TRUNS-FG-01479SH7L86C8HG-GTE-P00065,Settled Early,08/20/26 08:20:09.251 AM EDT,$0.00
Hiroshima Toyo Carp -7.5,NPB-MOVY-FG-01479SH7L86C8HG-HIRP000-GTE-P00075,Settled Early,08/20/26 08:20:09.382 AM EDT,$0.00
Over 7.5,NPB-TRUNS-FG-01479SH7L86C8HG-GTE-P00075,Settled Early,08/20/26 08:20:09.619 AM EDT,$0.00
Hiroshima Toyo Carp -4.5,NPB-MOVY-FG-01479SH7L86C8HG-HIRP000-GTE-P00045,Settled Early,08/20/26 08:20:09.706 AM EDT,$0.00
Over 11.5,NPB-TRUNS-FG-01479SH7L86C8HG-GTE-P00115,Settled Early,08/20/26 08:20:09.902 AM EDT,$0.00
Hiroshima Toyo Carp -1.5,NPB-MOVY-FG-01479SH7L86C8HG-HIRP000-GTE-P00015,Settled Early,08/20/26 08:20:10.006 AM EDT,$0.00
Over 9.5,NPB-TRUNS-FG-01479SH7L86C8HG-GTE-P00095,Settled Early,08/20/26 08:20:10.259 AM EDT,$0.00
Hiroshima Toyo Carp -2.5,NPB-MOVY-FG-01479SH7L86C8HG-HIRP000-GTE-P00025,Settled Early,08/20/26 08:20:10.386 AM EDT,$0.00
Over 14.5,NPB-TRUNS-FG-01479SH7L86C8HG-GTE-P00145,Settled Early,08/20/26 08:20:10.579 AM EDT,$0.00
Hiroshima Toyo Carp -5.5,NPB-MOVY-FG-01479SH7L86C8HG-HIRP000-GTE-P00055,Settled Early,08/20/26 08:20:10.740 AM EDT,$0.00
Hiroshima Toyo Carp -3.5,NPB-MOVY-FG-01479SH7L86C8HG-HIRP000-GTE-P00035,Settled Early,08/20/26 08:20:11.057 AM EDT,$0.00
Hiroshima Toyo Carp -6.5,NPB-MOVY-FG-01479SH7L86C8HG-HIRP000-GTE-P00065,Settled Early,08/20/26 08:20:11.383 AM EDT,$0.00
Yomiuri Giants -0.5,NPB-MOVY-FG-01479SI9L86C9B0-YOTS000-GTE-P00005,Settled Early,08/20/26 08:30:44.700 AM EDT,$1.00
Over 9.5,NPB-TRUNS-FG-01479SI9L86C9B0-GTE-P00095,Settled Early,08/20/26 08:30:44.798 AM EDT,$0.00
Yokohama DeNA BayStars,NPB-WIN-FG-01479SI9L86C9B0-YORS001,Settled Early,08/20/26 08:30:44.863 AM EDT,$0.00
Yokohama DeNA BayStars -0.5,NPB-MOVY-FG-01479SI9L86C9B0-YORS001-GTE-P00005,Settled Early,08/20/26 08:30:45.020 AM EDT,$0.00
Over 15.5,NPB-TRUNS-FG-01479SI9L86C9B0-GTE-P00155,Settled Early,08/20/26 08:30:45.345 AM EDT,$0.00
Yokohama DeNA BayStars -1.5,NPB-MOVY-FG-01479SI9L86C9B0-YORS001-GTE-P00015,Settled Early,08/20/26 08:30:45.718 AM EDT,$0.00
Over 11.5,NPB-TRUNS-FG-01479SI9L86C9B0-GTE-P00115,Settled Early,08/20/26 08:30:45.865 AM EDT,$0.00
Yokohama DeNA BayStars -2.5,NPB-MOVY-FG-01479SI9L86C9B0-YORS001-GTE-P00025,Settled Early,08/20/26 08:30:46.323 AM EDT,$0.00
Yomiuri Giants,NPB-WIN-FG-01479SI9L86C9B0-YOTS000,Settled Early,08/20/26 08:30:46.410 AM EDT,$1.00
Over 10.5,NPB-TRUNS-FG-01479SI9L86C9B0-GTE-P00105,Settled Early,08/20/26 08:30:46.463 AM EDT,$0.00
Yokohama DeNA BayStars -3.5,NPB-MOVY-FG-01479SI9L86C9B0-YORS001-GTE-P00035,Settled Early,08/20/26 08:30:47.009 AM EDT,$0.00
Over 3.5,NPB-TRUNS-FG-01479SI9L86C9B0-GTE-P00035,Settled Early,08/20/26 08:30:47.188 AM EDT,$1.00
Yokohama DeNA BayStars -4.5,NPB-MOVY-FG-01479SI9L86C9B0-YORS001-GTE-P00045,Settled Early,08/20/26 08:30:47.383 AM EDT,$0.00
Over 5.5,NPB-TRUNS-FG-01479SI9L86C9B0-GTE-P00055,Settled Early,08/20/26 08:30:47.549 AM EDT,$1.00
Yokohama DeNA BayStars -6.5,NPB-MOVY-FG-01479SI9L86C9B0-YORS001-GTE-P00065,Settled Early,08/20/26 08:30:47.711 AM EDT,$0.00
Over 4.5,NPB-TRUNS-FG-01479SI9L86C9B0-GTE-P00045,Settled Early,08/20/26 08:30:47.972 AM EDT,$1.00
Yomiuri Giants -4.5,NPB-MOVY-FG-01479SI9L86C9B0-YOTS000-GTE-P00045,Settled Early,08/20/26 08:30:48.160 AM EDT,$0.00
Over 6.5,NPB-TRUNS-FG-01479SI9L86C9B0-GTE-P00065,Settled Early,08/20/26 08:30:48.370 AM EDT,$1.00
Yomiuri Giants -2.5,NPB-MOVY-FG-01479SI9L86C9B0-YOTS000-GTE-P00025,Settled Early,08/20/26 08:30:48.618 AM EDT,$1.00
Over 13.5,NPB-TRUNS-FG-01479SI9L86C9B0-GTE-P00135,Settled Early,08/20/26 08:30:48.726 AM EDT,$0.00
Yomiuri Giants -3.5,NPB-MOVY-FG-01479SI9L86C9B0-YOTS000-GTE-P00035,Settled Early,08/20/26 08:30:49.250 AM EDT,$0.00
Over 7.5,NPB-TRUNS-FG-01479SI9L86C9B0-GTE-P00075,Settled Early,08/20/26 08:30:49.587 AM EDT,$1.00
Yomiuri Giants -7.5,NPB-MOVY-FG-01479SI9L86C9B0-YOTS000-GTE-P00075,Settled Early,08/20/26 08:30:49.951 AM EDT,$0.00
Over 14.5,NPB-TRUNS-FG-01479SI9L86C9B0-GTE-P00145,Settled Early,08/20/26 08:30:50.184 AM EDT,$0.00
Yomiuri Giants -5.5,NPB-MOVY-FG-01479SI9L86C9B0-YOTS000-GTE-P00055,Settled Early,08/20/26 08:30:50.349 AM EDT,$0.00
Over 8.5,NPB-TRUNS-FG-01479SI9L86C9B0-GTE-P00085,Settled Early,08/20/26 08:30:50.633 AM EDT,$1.00
Yomiuri Giants -6.5,NPB-MOVY-FG-01479SI9L86C9B0-YOTS000-GTE-P00065,Settled Early,08/20/26 08:30:51.095 AM EDT,$0.00
Over 12.5,NPB-TRUNS-FG-01479SI9L86C9B0-GTE-P00125,Settled Early,08/20/26 08:30:51.125 AM EDT,$0.00
Yomiuri Giants -1.5,NPB-MOVY-FG-01479SI9L86C9B0-YOTS000-GTE-P00015,Settled Early,08/20/26 08:30:51.397 AM EDT,$1.00
Yokohama DeNA BayStars -5.5,NPB-MOVY-FG-01479SI9L86C9B0-YORS001-GTE-P00055,Settled Early,08/20/26 08:30:52.130 AM EDT,$0.00
Yokohama DeNA BayStars -7.5,NPB-MOVY-FG-01479SI9L86C9B0-YORS001-GTE-P00075,Settled Early,08/20/26 08:30:52.576 AM EDT,$0.00
Over 4.5,NPB-TRUNS-FG-01479SGHL86C97G-GTE-P00045,Settled Early,08/20/26 08:41:36.764 AM EDT,$1.00
Tokyo Yakult Swallows,NPB-WIN-FG-01479SGHL86C97G-TOWS000,Settled Early,08/20/26 08:41:36.817 AM EDT,$1.00
Hanshin Tigers -0.5,NPB-MOVY-FG-01479SGHL86C97G-HARS001-GTE-P00005,Settled Early,08/20/26 08:41:36.874 AM EDT,$0.00
Over 6.5,NPB-TRUNS-FG-01479SGHL86C97G-GTE-P00065,Settled Early,08/20/26 08:41:37.249 AM EDT,$0.00
Tokyo Yakult Swallows -5.5,NPB-MOVY-FG-01479SGHL86C97G-TOWS000-GTE-P00055,Settled Early,08/20/26 08:41:37.784 AM EDT,$0.00
Hanshin Tigers,NPB-WIN-FG-01479SGHL86C97G-HARS001,Settled Early,08/20/26 08:41:37.791 AM EDT,$0.00
Over 7.5,NPB-TRUNS-FG-01479SGHL86C97G-GTE-P00075,Settled Early,08/20/26 08:41:38.119 AM EDT,$0.00
Tokyo Yakult Swallows -7.5,NPB-MOVY-FG-01479SGHL86C97G-TOWS000-GTE-P00075,Settled Early,08/20/26 08:41:38.233 AM EDT,$0.00
Tokyo Yakult Swallows -6.5,NPB-MOVY-FG-01479SGHL86C97G-TOWS000-GTE-P00065,Settled Early,08/20/26 08:41:38.740 AM EDT,$0.00
Over 8.5,NPB-TRUNS-FG-01479SGHL86C97G-GTE-P00085,Settled Early,08/20/26 08:41:39.211 AM EDT,$0.00
Hanshin Tigers -1.5,NPB-MOVY-FG-01479SGHL86C97G-HARS001-GTE-P00015,Settled Early,08/20/26 08:41:39.233 AM EDT,$0.00
Over 10.5,NPB-TRUNS-FG-01479SGHL86C97G-GTE-P00105,Settled Early,08/20/26 08:41:39.689 AM EDT,$0.00
Tokyo Yakult Swallows -0.5,NPB-MOVY-FG-01479SGHL86C97G-TOWS000-GTE-P00005,Settled Early,08/20/26 08:41:39.770 AM EDT,$1.00
Hanshin Tigers -3.5,NPB-MOVY-FG-01479SGHL86C97G-HARS001-GTE-P00035,Settled Early,08/20/26 08:41:40.269 AM EDT,$0.00
Over 11.5,NPB-TRUNS-FG-01479SGHL86C97G-GTE-P00115,Settled Early,08/20/26 08:41:40.269 AM EDT,$0.00
Hanshin Tigers -4.5,NPB-MOVY-FG-01479SGHL86C97G-HARS001-GTE-P00045,Settled Early,08/20/26 08:41:40.684 AM EDT,$0.00
Over 12.5,NPB-TRUNS-FG-01479SGHL86C97G-GTE-P00125,Settled Early,08/20/26 08:41:40.773 AM EDT,$0.00
Hanshin Tigers -2.5,NPB-MOVY-FG-01479SGHL86C97G-HARS001-GTE-P00025,Settled Early,08/20/26 08:41:40.986 AM EDT,$0.00
Over 15.5,NPB-TRUNS-FG-01479SGHL86C97G-GTE-P00155,Settled Early,08/20/26 08:41:41.214 AM EDT,$0.00
Hanshin Tigers -6.5,NPB-MOVY-FG-01479SGHL86C97G-HARS001-GTE-P00065,Settled Early,08/20/26 08:41:41.337 AM EDT,$0.00
Over 5.5,NPB-TRUNS-FG-01479SGHL86C97G-GTE-P00055,Settled Early,08/20/26 08:41:41.618 AM EDT,$0.00
Tokyo Yakult Swallows -1.5,NPB-MOVY-FG-01479SGHL86C97G-TOWS000-GTE-P00015,Settled Early,08/20/26 08:41:41.723 AM EDT,$1.00
Over 3.5,NPB-TRUNS-FG-01479SGHL86C97G-GTE-P00035,Settled Early,08/20/26 08:41:42.178 AM EDT,$1.00
Hanshin Tigers -7.5,NPB-MOVY-FG-01479SGHL86C97G-HARS001-GTE-P00075,Settled Early,08/20/26 08:41:42.248 AM EDT,$0.00
Tokyo Yakult Swallows -4.5,NPB-MOVY-FG-01479SGHL86C97G-TOWS000-GTE-P00045,Settled Early,08/20/26 08:41:42.711 AM EDT,$0.00
Over 14.5,NPB-TRUNS-FG-01479SGHL86C97G-GTE-P00145,Settled Early,08/20/26 08:41:42.714 AM EDT,$0.00
Over 9.5,NPB-TRUNS-FG-01479SGHL86C97G-GTE-P00095,Settled Early,08/20/26 08:41:43.052 AM EDT,$0.00
Hanshin Tigers -5.5,NPB-MOVY-FG-01479SGHL86C97G-HARS001-GTE-P00055,Settled Early,08/20/26 08:41:43.070 AM EDT,$0.00
Tokyo Yakult Swallows -3.5,NPB-MOVY-FG-01479SGHL86C97G-TOWS000-GTE-P00035,Settled Early,08/20/26 08:41:43.351 AM EDT,$0.00
Over 13.5,NPB-TRUNS-FG-01479SGHL86C97G-GTE-P00135,Settled Early,08/20/26 08:41:43.511 AM EDT,$0.00
Tokyo Yakult Swallows -2.5,NPB-MOVY-FG-01479SGHL86C97G-TOWS000-GTE-P00025,Settled Early,08/20/26 08:41:43.670 AM EDT,$1.00
Tohoku Rakuten Golden Eagles -2.5,NPB-MOVY-FG-01479SJJL86C948-TOES000-GTE-P00025,Settled Early,08/20/26 08:44:06.240 AM EDT,$0.00
Tohoku Rakuten Golden Eagles,NPB-WIN-FG-01479SJJL86C948-TOES000,Settled Early,08/20/26 08:44:06.298 AM EDT,$0.00
Over 3.5,NPB-TRUNS-FG-01479SJJL86C948-GTE-P00035,Settled Early,08/20/26 08:44:06.365 AM EDT,$1.00
Tohoku Rakuten Golden Eagles -3.5,NPB-MOVY-FG-01479SJJL86C948-TOES000-GTE-P00035,Settled Early,08/20/26 08:44:06.764 AM EDT,$0.00
Over 4.5,NPB-TRUNS-FG-01479SJJL86C948-GTE-P00045,Settled Early,08/20/26 08:44:06.771 AM EDT,$1.00
Over 7.5,NPB-TRUNS-FG-01479SJJL86C948-GTE-P00075,Settled Early,08/20/26 08:44:07.045 AM EDT,$0.00
Chiba Lotte Marines,NPB-WIN-FG-01479SJJL86C948-CHES000,Settled Early,08/20/26 08:44:07.048 AM EDT,$1.00
Chiba Lotte Marines -2.5,NPB-MOVY-FG-01479SJJL86C948-CHES000-GTE-P00025,Settled Early,08/20/26 08:44:07.070 AM EDT,$0.00
Tohoku Rakuten Golden Eagles -1.5,NPB-MOVY-FG-01479SJJL86C948-TOES000-GTE-P00015,Settled Early,08/20/26 08:44:07.512 AM EDT,$0.00
Over 5.5,NPB-TRUNS-FG-01479SJJL86C948-GTE-P00055,Settled Early,08/20/26 08:44:07.851 AM EDT,$1.00
Tohoku Rakuten Golden Eagles -0.5,NPB-MOVY-FG-01479SJJL86C948-TOES000-GTE-P00005,Settled Early,08/20/26 08:44:07.857 AM EDT,$0.00
Tohoku Rakuten Golden Eagles -4.5,NPB-MOVY-FG-01479SJJL86C948-TOES000-GTE-P00045,Settled Early,08/20/26 08:44:08.198 AM EDT,$0.00
Over 6.5,NPB-TRUNS-FG-01479SJJL86C948-GTE-P00065,Settled Early,08/20/26 08:44:08.245 AM EDT,$1.00
Chiba Lotte Marines -3.5,NPB-MOVY-FG-01479SJJL86C948-CHES000-GTE-P00035,Settled Early,08/20/26 08:44:08.608 AM EDT,$0.00
Over 15.5,NPB-TRUNS-FG-01479SJJL86C948-GTE-P00155,Settled Early,08/20/26 08:44:08.677 AM EDT,$0.00
Chiba Lotte Marines -0.5,NPB-MOVY-FG-01479SJJL86C948-CHES000-GTE-P00005,Settled Early,08/20/26 08:44:08.917 AM EDT,$1.00
Over 10.5,NPB-TRUNS-FG-01479SJJL86C948-GTE-P00105,Settled Early,08/20/26 08:44:08.962 AM EDT,$0.00
Over 13.5,NPB-TRUNS-FG-01479SJJL86C948-GTE-P00135,Settled Early,08/20/26 08:44:09.266 AM EDT,$0.00
Chiba Lotte Marines -5.5,NPB-MOVY-FG-01479SJJL86C948-CHES000-GTE-P00055,Settled Early,08/20/26 08:44:09.426 AM EDT,$0.00
Over 12.5,NPB-TRUNS-FG-01479SJJL86C948-GTE-P00125,Settled Early,08/20/26 08:44:09.629 AM EDT,$0.00
Chiba Lotte Marines -1.5,NPB-MOVY-FG-01479SJJL86C948-CHES000-GTE-P00015,Settled Early,08/20/26 08:44:09.753 AM EDT,$0.00
Over 14.5,NPB-TRUNS-FG-01479SJJL86C948-GTE-P00145,Settled Early,08/20/26 08:44:09.932 AM EDT,$0.00
Chiba Lotte Marines -4.5,NPB-MOVY-FG-01479SJJL86C948-CHES000-GTE-P00045,Settled Early,08/20/26 08:44:10.079 AM EDT,$0.00
Over 8.5,NPB-TRUNS-FG-01479SJJL86C948-GTE-P00085,Settled Early,08/20/26 08:44:10.245 AM EDT,$0.00
Tohoku Rakuten Golden Eagles -5.5,NPB-MOVY-FG-01479SJJL86C948-TOES000-GTE-P00055,Settled Early,08/20/26 08:44:10.619 AM EDT,$0.00
Over 11.5,NPB-TRUNS-FG-01479SJJL86C948-GTE-P00115,Settled Early,08/20/26 08:44:10.627 AM EDT,$0.00
Chiba Lotte Marines -6.5,NPB-MOVY-FG-01479SJJL86C948-CHES000-GTE-P00065,Settled Early,08/20/26 08:44:10.919 AM EDT,$0.00
Over 9.5,NPB-TRUNS-FG-01479SJJL86C948-GTE-P00095,Settled Early,08/20/26 08:44:11.010 AM EDT,$0.00
Chiba Lotte Marines -7.5,NPB-MOVY-FG-01479SJJL86C948-CHES000-GTE-P00075,Settled Early,08/20/26 08:44:11.234 AM EDT,$0.00
Tohoku Rakuten Golden Eagles -6.5,NPB-MOVY-FG-01479SJJL86C948-TOES000-GTE-P00065,Settled Early,08/20/26 08:44:11.538 AM EDT,$0.00
Tohoku Rakuten Golden Eagles -7.5,NPB-MOVY-FG-01479SJJL86C948-TOES000-GTE-P00075,Settled Early,08/20/26 08:44:11.834 AM EDT,$0.00
Lotte Giants -1.5,KBO-MOVY-FG-01479SHSL86C8RO-LOTS001-GTE-P00015,Settled Early,08/20/26 09:22:01.622 AM EDT,$1.00
Over 4.5,KBO-TRUNS-FG-01479SHSL86C8RO-GTE-P00045,Settled Early,08/20/26 09:22:01.712 AM EDT,$1.00
Kiwoom Heroes,KBO-WIN-FG-01479SHSL86C8RO-KIES000,Settled Early,08/20/26 09:22:01.770 AM EDT,$0.00
Over 3.5,KBO-TRUNS-FG-01479SHSL86C8RO-GTE-P00035,Settled Early,08/20/26 09:22:02.146 AM EDT,$1.00
Lotte Giants -0.5,KBO-MOVY-FG-01479SHSL86C8RO-LOTS001-GTE-P00005,Settled Early,08/20/26 09:22:02.205 AM EDT,$1.00
Lotte Giants,KBO-WIN-FG-01479SHSL86C8RO-LOTS001,Settled Early,08/20/26 09:22:02.340 AM EDT,$1.00
Over 6.5,KBO-TRUNS-FG-01479SHSL86C8RO-GTE-P00065,Settled Early,08/20/26 09:22:02.453 AM EDT,$1.00
Lotte Giants -2.5,KBO-MOVY-FG-01479SHSL86C8RO-LOTS001-GTE-P00025,Settled Early,08/20/26 09:22:02.532 AM EDT,$1.00
Lotte Giants -3.5,KBO-MOVY-FG-01479SHSL86C8RO-LOTS001-GTE-P00035,Settled Early,08/20/26 09:22:03.231 AM EDT,$1.00
Over 5.5,KBO-TRUNS-FG-01479SHSL86C8RO-GTE-P00055,Settled Early,08/20/26 09:22:03.304 AM EDT,$1.00
Kiwoom Heroes -7.5,KBO-MOVY-FG-01479SHSL86C8RO-KIES000-GTE-P00075,Settled Early,08/20/26 09:22:03.516 AM EDT,$0.00
Over 15.5,KBO-TRUNS-FG-01479SHSL86C8RO-GTE-P00155,Settled Early,08/20/26 09:22:03.635 AM EDT,$0.00
Lotte Giants -4.5,KBO-MOVY-FG-01479SHSL86C8RO-LOTS001-GTE-P00045,Settled Early,08/20/26 09:22:03.897 AM EDT,$1.00
Over 8.5,KBO-TRUNS-FG-01479SHSL86C8RO-GTE-P00085,Settled Early,08/20/26 09:22:04.100 AM EDT,$0.00
Kiwoom Heroes -1.5,KBO-MOVY-FG-01479SHSL86C8RO-KIES000-GTE-P00015,Settled Early,08/20/26 09:22:04.269 AM EDT,$0.00
Over 7.5,KBO-TRUNS-FG-01479SHSL86C8RO-GTE-P00075,Settled Early,08/20/26 09:22:04.474 AM EDT,$1.00
Kiwoom Heroes -6.5,KBO-MOVY-FG-01479SHSL86C8RO-KIES000-GTE-P00065,Settled Early,08/20/26 09:22:04.676 AM EDT,$0.00
Over 10.5,KBO-TRUNS-FG-01479SHSL86C8RO-GTE-P00105,Settled Early,08/20/26 09:22:04.900 AM EDT,$0.00
Lotte Giants -5.5,KBO-MOVY-FG-01479SHSL86C8RO-LOTS001-GTE-P00055,Settled Early,08/20/26 09:22:05.086 AM EDT,$1.00
Over 12.5,KBO-TRUNS-FG-01479SHSL86C8RO-GTE-P00125,Settled Early,08/20/26 09:22:05.260 AM EDT,$0.00
Lotte Giants -6.5,KBO-MOVY-FG-01479SHSL86C8RO-LOTS001-GTE-P00065,Settled Early,08/20/26 09:22:05.538 AM EDT,$0.00
Over 14.5,KBO-TRUNS-FG-01479SHSL86C8RO-GTE-P00145,Settled Early,08/20/26 09:22:05.585 AM EDT,$0.00
Kiwoom Heroes -0.5,KBO-MOVY-FG-01479SHSL86C8RO-KIES000-GTE-P00005,Settled Early,08/20/26 09:22:05.891 AM EDT,$0.00
Over 11.5,KBO-TRUNS-FG-01479SHSL86C8RO-GTE-P00115,Settled Early,08/20/26 09:22:06.061 AM EDT,$0.00
Kiwoom Heroes -4.5,KBO-MOVY-FG-01479SHSL86C8RO-KIES000-GTE-P00045,Settled Early,08/20/26 09:22:06.247 AM EDT,$0.00
Over 9.5,KBO-TRUNS-FG-01479SHSL86C8RO-GTE-P00095,Settled Early,08/20/26 09:22:06.415 AM EDT,$0.00
Kiwoom Heroes -5.5,KBO-MOVY-FG-01479SHSL86C8RO-KIES000-GTE-P00055,Settled Early,08/20/26 09:22:06.653 AM EDT,$0.00
Over 13.5,KBO-TRUNS-FG-01479SHSL86C8RO-GTE-P00135,Settled Early,08/20/26 09:22:06.975 AM EDT,$0.00
Kiwoom Heroes -3.5,KBO-MOVY-FG-01479SHSL86C8RO-KIES000-GTE-P00035,Settled Early,08/20/26 09:22:07.127 AM EDT,$0.00
Kiwoom Heroes -2.5,KBO-MOVY-FG-01479SHSL86C8RO-KIES000-GTE-P00025,Settled Early,08/20/26 09:22:07.540 AM EDT,$0.00
Lotte Giants -7.5,KBO-MOVY-FG-01479SHSL86C8RO-LOTS001-GTE-P00075,Settled Early,08/20/26 09:22:07.914 AM EDT,$0.00
Over 9.5,KBO-TRUNS-FG-01479SMTL86C978-GTE-P00095,Settled Early,08/20/26 09:38:17.403 AM EDT,$0.00
NC Dinos,KBO-WIN-FG-01479SMTL86C978-NCOS000,Settled Early,08/20/26 09:38:17.460 AM EDT,$1.00
Doosan Bears -0.5,KBO-MOVY-FG-01479SMTL86C978-DORS000-GTE-P00005,Settled Early,08/20/26 09:38:17.522 AM EDT,$0.00
Doosan Bears -1.5,KBO-MOVY-FG-01479SMTL86C978-DORS000-GTE-P00015,Settled Early,08/20/26 09:38:18.032 AM EDT,$0.00
Over 10.5,KBO-TRUNS-FG-01479SMTL86C978-GTE-P00105,Settled Early,08/20/26 09:38:18.268 AM EDT,$0.00
Doosan Bears,KBO-WIN-FG-01479SMTL86C978-DORS000,Settled Early,08/20/26 09:38:18.287 AM EDT,$0.00
Doosan Bears -4.5,KBO-MOVY-FG-01479SMTL86C978-DORS000-GTE-P00045,Settled Early,08/20/26 09:38:18.701 AM EDT,$0.00
Over 11.5,KBO-TRUNS-FG-01479SMTL86C978-GTE-P00115,Settled Early,08/20/26 09:38:18.728 AM EDT,$0.00
Over 12.5,KBO-TRUNS-FG-01479SMTL86C978-GTE-P00125,Settled Early,08/20/26 09:38:19.102 AM EDT,$0.00
Doosan Bears -2.5,KBO-MOVY-FG-01479SMTL86C978-DORS000-GTE-P00025,Settled Early,08/20/26 09:38:19.112 AM EDT,$0.00
Doosan Bears -6.5,KBO-MOVY-FG-01479SMTL86C978-DORS000-GTE-P00065,Settled Early,08/20/26 09:38:19.576 AM EDT,$0.00
Over 13.5,KBO-TRUNS-FG-01479SMTL86C978-GTE-P00135,Settled Early,08/20/26 09:38:19.681 AM EDT,$0.00
NC Dinos -5.5,KBO-MOVY-FG-01479SMTL86C978-NCOS000-GTE-P00055,Settled Early,08/20/26 09:38:19.915 AM EDT,$0.00
Over 14.5,KBO-TRUNS-FG-01479SMTL86C978-GTE-P00145,Settled Early,08/20/26 09:38:19.998 AM EDT,$0.00
NC Dinos -1.5,KBO-MOVY-FG-01479SMTL86C978-NCOS000-GTE-P00015,Settled Early,08/20/26 09:38:20.259 AM EDT,$0.00
Over 15.5,KBO-TRUNS-FG-01479SMTL86C978-GTE-P00155,Settled Early,08/20/26 09:38:20.440 AM EDT,$0.00
NC Dinos -0.5,KBO-MOVY-FG-01479SMTL86C978-NCOS000-GTE-P00005,Settled Early,08/20/26 09:38:20.722 AM EDT,$1.00
Over 3.5,KBO-TRUNS-FG-01479SMTL86C978-GTE-P00035,Settled Early,08/20/26 09:38:20.895 AM EDT,$1.00
NC Dinos -4.5,KBO-MOVY-FG-01479SMTL86C978-NCOS000-GTE-P00045,Settled Early,08/20/26 09:38:21.092 AM EDT,$0.00
Over 4.5,KBO-TRUNS-FG-01479SMTL86C978-GTE-P00045,Settled Early,08/20/26 09:38:21.222 AM EDT,$1.00
NC Dinos -7.5,KBO-MOVY-FG-01479SMTL86C978-NCOS000-GTE-P00075,Settled Early,08/20/26 09:38:21.428 AM EDT,$0.00
Over 7.5,KBO-TRUNS-FG-01479SMTL86C978-GTE-P00075,Settled Early,08/20/26 09:38:21.596 AM EDT,$1.00
Doosan Bears -7.5,KBO-MOVY-FG-01479SMTL86C978-DORS000-GTE-P00075,Settled Early,08/20/26 09:38:21.819 AM EDT,$0.00
Over 6.5,KBO-TRUNS-FG-01479SMTL86C978-GTE-P00065,Settled Early,08/20/26 09:38:22.112 AM EDT,$1.00
NC Dinos -3.5,KBO-MOVY-FG-01479SMTL86C978-NCOS000-GTE-P00035,Settled Early,08/20/26 09:38:22.194 AM EDT,$0.00
Over 5.5,KBO-TRUNS-FG-01479SMTL86C978-GTE-P00055,Settled Early,08/20/26 09:38:22.546 AM EDT,$1.00
NC Dinos -6.5,KBO-MOVY-FG-01479SMTL86C978-NCOS000-GTE-P00065,Settled Early,08/20/26 09:38:22.668 AM EDT,$0.00
Over 8.5,KBO-TRUNS-FG-01479SMTL86C978-GTE-P00085,Settled Early,08/20/26 09:38:22.916 AM EDT,$1.00
Doosan Bears -3.5,KBO-MOVY-FG-01479SMTL86C978-DORS000-GTE-P00035,Settled Early,08/20/26 09:38:22.966 AM EDT,$0.00
NC Dinos -2.5,KBO-MOVY-FG-01479SMTL86C978-NCOS000-GTE-P00025,Settled Early,08/20/26 09:38:23.258 AM EDT,$0.00
Doosan Bears -5.5,KBO-MOVY-FG-01479SMTL86C978-DORS000-GTE-P00055,Settled Early,08/20/26 09:38:23.585 AM EDT,$0.00
Over 5.5,KBO-TRUNS-FG-01479SK4L86C900-GTE-P00055,Settled Early,08/20/26 10:01:00.954 AM EDT,$1.00
Hanwha Eagles -2.5,KBO-MOVY-FG-01479SK4L86C900-HAES000-GTE-P00025,Settled Early,08/20/26 10:01:01.043 AM EDT,$0.00
Hanwha Eagles,KBO-WIN-FG-01479SK4L86C900-HAES000,Settled Early,08/20/26 10:01:01.116 AM EDT,$0.00
Hanwha Eagles -0.5,KBO-MOVY-FG-01479SK4L86C900-HAES000-GTE-P00005,Settled Early,08/20/26 10:01:01.734 AM EDT,$0.00
Over 9.5,KBO-TRUNS-FG-01479SK4L86C900-GTE-P00095,Settled Early,08/20/26 10:01:01.911 AM EDT,$1.00
KIA Tigers,KBO-WIN-FG-01479SK4L86C900-KIRS000,Settled Early,08/20/26 10:01:01.973 AM EDT,$1.00
Hanwha Eagles -3.5,KBO-MOVY-FG-01479SK4L86C900-HAES000-GTE-P00035,Settled Early,08/20/26 10:01:02.143 AM EDT,$0.00
Hanwha Eagles -1.5,KBO-MOVY-FG-01479SK4L86C900-HAES000-GTE-P00015,Settled Early,08/20/26 10:01:02.489 AM EDT,$0.00
Over 7.5,KBO-TRUNS-FG-01479SK4L86C900-GTE-P00075,Settled Early,08/20/26 10:01:02.497 AM EDT,$1.00
Hanwha Eagles -4.5,KBO-MOVY-FG-01479SK4L86C900-HAES000-GTE-P00045,Settled Early,08/20/26 10:01:02.810 AM EDT,$0.00
Over 6.5,KBO-TRUNS-FG-01479SK4L86C900-GTE-P00065,Settled Early,08/20/26 10:01:02.853 AM EDT,$1.00
KIA Tigers -0.5,KBO-MOVY-FG-01479SK4L86C900-KIRS000-GTE-P00005,Settled Early,08/20/26 10:01:03.118 AM EDT,$1.00
Over 12.5,KBO-TRUNS-FG-01479SK4L86C900-GTE-P00125,Settled Early,08/20/26 10:01:03.328 AM EDT,$1.00
KIA Tigers -4.5,KBO-MOVY-FG-01479SK4L86C900-KIRS000-GTE-P00045,Settled Early,08/20/26 10:01:03.403 AM EDT,$0.00
KIA Tigers -5.5,KBO-MOVY-FG-01479SK4L86C900-KIRS000-GTE-P00055,Settled Early,08/20/26 10:01:03.722 AM EDT,$0.00
Over 14.5,KBO-TRUNS-FG-01479SK4L86C900-GTE-P00145,Settled Early,08/20/26 10:01:03.727 AM EDT,$1.00
Over 11.5,KBO-TRUNS-FG-01479SK4L86C900-GTE-P00115,Settled Early,08/20/26 10:01:04.139 AM EDT,$1.00
KIA Tigers -1.5,KBO-MOVY-FG-01479SK4L86C900-KIRS000-GTE-P00015,Settled Early,08/20/26 10:01:04.151 AM EDT,$1.00
Over 15.5,KBO-TRUNS-FG-01479SK4L86C900-GTE-P00155,Settled Early,08/20/26 10:01:04.584 AM EDT,$1.00
KIA Tigers -2.5,KBO-MOVY-FG-01479SK4L86C900-KIRS000-GTE-P00025,Settled Early,08/20/26 10:01:04.652 AM EDT,$1.00
Over 13.5,KBO-TRUNS-FG-01479SK4L86C900-GTE-P00135,Settled Early,08/20/26 10:01:04.883 AM EDT,$1.00
KIA Tigers -3.5,KBO-MOVY-FG-01479SK4L86C900-KIRS000-GTE-P00035,Settled Early,08/20/26 10:01:05.047 AM EDT,$1.00
Over 10.5,KBO-TRUNS-FG-01479SK4L86C900-GTE-P00105,Settled Early,08/20/26 10:01:05.265 AM EDT,$1.00
Hanwha Eagles -5.5,KBO-MOVY-FG-01479SK4L86C900-HAES000-GTE-P00055,Settled Early,08/20/26 10:01:05.471 AM EDT,$0.00
Over 3.5,KBO-TRUNS-FG-01479SK4L86C900-GTE-P00035,Settled Early,08/20/26 10:01:05.710 AM EDT,$1.00
KIA Tigers -6.5,KBO-MOVY-FG-01479SK4L86C900-KIRS000-GTE-P00065,Settled Early,08/20/26 10:01:05.793 AM EDT,$0.00
Over 4.5,KBO-TRUNS-FG-01479SK4L86C900-GTE-P00045,Settled Early,08/20/26 10:01:06.120 AM EDT,$1.00
KIA Tigers -7.5,KBO-MOVY-FG-01479SK4L86C900-KIRS000-GTE-P00075,Settled Early,08/20/26 10:01:06.224 AM EDT,$0.00
Over 8.5,KBO-TRUNS-FG-01479SK4L86C900-GTE-P00085,Settled Early,08/20/26 10:01:06.417 AM EDT,$1.00
Hanwha Eagles -7.5,KBO-MOVY-FG-01479SK4L86C900-HAES000-GTE-P00075,Settled Early,08/20/26 10:01:06.551 AM EDT,$0.00
Hanwha Eagles -6.5,KBO-MOVY-FG-01479SK4L86C900-HAES000-GTE-P00065,Settled Early,08/20/26 10:01:07.049 AM EDT,$0.00
Over 13.5,KBO-TRUNS-FG-01479SIOL86C90O-GTE-P00135,Settled Early,08/20/26 10:04:01.695 AM EDT,$1.00
KT Wiz Suwon,KBO-WIN-FG-01479SIOL86C90O-KTON000,Settled Early,08/20/26 10:04:01.755 AM EDT,$1.00
LG Twins -2.5,KBO-MOVY-FG-01479SIOL86C90O-LGNS000-GTE-P00025,Settled Early,08/20/26 10:04:01.819 AM EDT,$0.00
Over 15.5,KBO-TRUNS-FG-01479SIOL86C90O-GTE-P00155,Settled Early,08/20/26 10:04:02.158 AM EDT,$1.00
LG Twins -1.5,KBO-MOVY-FG-01479SIOL86C90O-LGNS000-GTE-P00015,Settled Early,08/20/26 10:04:02.417 AM EDT,$0.00
Over 12.5,KBO-TRUNS-FG-01479SIOL86C90O-GTE-P00125,Settled Early,08/20/26 10:04:02.578 AM EDT,$1.00
LG Twins -3.5,KBO-MOVY-FG-01479SIOL86C90O-LGNS000-GTE-P00035,Settled Early,08/20/26 10:04:02.723 AM EDT,$0.00
LG Twins,KBO-WIN-FG-01479SIOL86C90O-LGNS000,Settled Early,08/20/26 10:04:02.764 AM EDT,$0.00
Over 8.5,KBO-TRUNS-FG-01479SIOL86C90O-GTE-P00085,Settled Early,08/20/26 10:04:02.898 AM EDT,$1.00
LG Twins -4.5,KBO-MOVY-FG-01479SIOL86C90O-LGNS000-GTE-P00045,Settled Early,08/20/26 10:04:03.139 AM EDT,$0.00
Over 11.5,KBO-TRUNS-FG-01479SIOL86C90O-GTE-P00115,Settled Early,08/20/26 10:04:03.369 AM EDT,$1.00
LG Twins -0.5,KBO-MOVY-FG-01479SIOL86C90O-LGNS000-GTE-P00005,Settled Early,08/20/26 10:04:03.626 AM EDT,$0.00
Over 5.5,KBO-TRUNS-FG-01479SIOL86C90O-GTE-P00055,Settled Early,08/20/26 10:04:03.799 AM EDT,$1.00
KT Wiz Suwon -6.5,KBO-MOVY-FG-01479SIOL86C90O-KTON000-GTE-P00065,Settled Early,08/20/26 10:04:04.011 AM EDT,$1.00
Over 7.5,KBO-TRUNS-FG-01479SIOL86C90O-GTE-P00075,Settled Early,08/20/26 10:04:04.176 AM EDT,$1.00
LG Twins -5.5,KBO-MOVY-FG-01479SIOL86C90O-LGNS000-GTE-P00055,Settled Early,08/20/26 10:04:04.412 AM EDT,$0.00
Over 9.5,KBO-TRUNS-FG-01479SIOL86C90O-GTE-P00095,Settled Early,08/20/26 10:04:04.640 AM EDT,$1.00
KT Wiz Suwon -3.5,KBO-MOVY-FG-01479SIOL86C90O-KTON000-GTE-P00035,Settled Early,08/20/26 10:04:04.710 AM EDT,$1.00
Over 6.5,KBO-TRUNS-FG-01479SIOL86C90O-GTE-P00065,Settled Early,08/20/26 10:04:05.072 AM EDT,$1.00
KT Wiz Suwon -1.5,KBO-MOVY-FG-01479SIOL86C90O-KTON000-GTE-P00015,Settled Early,08/20/26 10:04:05.216 AM EDT,$1.00
Over 14.5,KBO-TRUNS-FG-01479SIOL86C90O-GTE-P00145,Settled Early,08/20/26 10:04:05.550 AM EDT,$1.00
LG Twins -7.5,KBO-MOVY-FG-01479SIOL86C90O-LGNS000-GTE-P00075,Settled Early,08/20/26 10:04:05.700 AM EDT,$0.00
Over 10.5,KBO-TRUNS-FG-01479SIOL86C90O-GTE-P00105,Settled Early,08/20/26 10:04:05.867 AM EDT,$1.00
KT Wiz Suwon -2.5,KBO-MOVY-FG-01479SIOL86C90O-KTON000-GTE-P00025,Settled Early,08/20/26 10:04:05.983 AM EDT,$1.00
Over 3.5,KBO-TRUNS-FG-01479SIOL86C90O-GTE-P00035,Settled Early,08/20/26 10:04:06.246 AM EDT,$1.00
LG Twins -6.5,KBO-MOVY-FG-01479SIOL86C90O-LGNS000-GTE-P00065,Settled Early,08/20/26 10:04:06.510 AM EDT,$0.00
Over 4.5,KBO-TRUNS-FG-01479SIOL86C90O-GTE-P00045,Settled Early,08/20/26 10:04:06.595 AM EDT,$1.00
KT Wiz Suwon -5.5,KBO-MOVY-FG-01479SIOL86C90O-KTON000-GTE-P00055,Settled Early,08/20/26 10:04:06.820 AM EDT,$1.00
KT Wiz Suwon -4.5,KBO-MOVY-FG-01479SIOL86C90O-KTON000-GTE-P00045,Settled Early,08/20/26 10:04:07.304 AM EDT,$1.00
KT Wiz Suwon -7.5,KBO-MOVY-FG-01479SIOL86C90O-KTON000-GTE-P00075,Settled Early,08/20/26 10:04:07.610 AM EDT,$1.00
KT Wiz Suwon -0.5,KBO-MOVY-FG-01479SIOL86C90O-KTON000-GTE-P00005,Settled Early,08/20/26 10:04:07.926 AM EDT,$1.00
SSG Landers -0.5,KBO-MOVY-FG-01479SJ0L86C9UG-SSRS000-GTE-P00005,Settled Early,08/20/26 10:13:01.212 AM EDT,$1.00
Samsung Lions,KBO-WIN-FG-01479SJ0L86C9UG-SANS000,Settled Early,08/20/26 10:13:01.279 AM EDT,$0.00
Over 4.5,KBO-TRUNS-FG-01479SJ0L86C9UG-GTE-P00045,Settled Early,08/20/26 10:13:01.331 AM EDT,$1.00
SSG Landers -4.5,KBO-MOVY-FG-01479SJ0L86C9UG-SSRS000-GTE-P00045,Settled Early,08/20/26 10:13:01.593 AM EDT,$0.00
Over 7.5,KBO-TRUNS-FG-01479SJ0L86C9UG-GTE-P00075,Settled Early,08/20/26 10:13:01.719 AM EDT,$1.00
SSG Landers -5.5,KBO-MOVY-FG-01479SJ0L86C9UG-SSRS000-GTE-P00055,Settled Early,08/20/26 10:13:01.987 AM EDT,$0.00
Over 6.5,KBO-TRUNS-FG-01479SJ0L86C9UG-GTE-P00065,Settled Early,08/20/26 10:13:02.111 AM EDT,$1.00
SSG Landers,KBO-WIN-FG-01479SJ0L86C9UG-SSRS000,Settled Early,08/20/26 10:13:02.147 AM EDT,$1.00
SSG Landers -1.5,KBO-MOVY-FG-01479SJ0L86C9UG-SSRS000-GTE-P00015,Settled Early,08/20/26 10:13:02.298 AM EDT,$1.00
Over 8.5,KBO-TRUNS-FG-01479SJ0L86C9UG-GTE-P00085,Settled Early,08/20/26 10:13:02.425 AM EDT,$1.00
SSG Landers -3.5,KBO-MOVY-FG-01479SJ0L86C9UG-SSRS000-GTE-P00035,Settled Early,08/20/26 10:13:02.627 AM EDT,$0.00
Over 5.5,KBO-TRUNS-FG-01479SJ0L86C9UG-GTE-P00055,Settled Early,08/20/26 10:13:02.903 AM EDT,$1.00
SSG Landers -2.5,KBO-MOVY-FG-01479SJ0L86C9UG-SSRS000-GTE-P00025,Settled Early,08/20/26 10:13:02.987 AM EDT,$0.00
Over 12.5,KBO-TRUNS-FG-01479SJ0L86C9UG-GTE-P00125,Settled Early,08/20/26 10:13:03.186 AM EDT,$0.00
Samsung Lions -6.5,KBO-MOVY-FG-01479SJ0L86C9UG-SANS000-GTE-P00065,Settled Early,08/20/26 10:13:03.431 AM EDT,$0.00
Over 11.5,KBO-TRUNS-FG-01479SJ0L86C9UG-GTE-P00115,Settled Early,08/20/26 10:13:03.549 AM EDT,$0.00
Samsung Lions -5.5,KBO-MOVY-FG-01479SJ0L86C9UG-SANS000-GTE-P00055,Settled Early,08/20/26 10:13:03.845 AM EDT,$0.00
Over 13.5,KBO-TRUNS-FG-01479SJ0L86C9UG-GTE-P00135,Settled Early,08/20/26 10:13:04.222 AM EDT,$0.00
Samsung Lions -3.5,KBO-MOVY-FG-01479SJ0L86C9UG-SANS000-GTE-P00035,Settled Early,08/20/26 10:13:04.370 AM EDT,$0.00
Over 14.5,KBO-TRUNS-FG-01479SJ0L86C9UG-GTE-P00145,Settled Early,08/20/26 10:13:04.984 AM EDT,$0.00
SSG Landers -6.5,KBO-MOVY-FG-01479SJ0L86C9UG-SSRS000-GTE-P00065,Settled Early,08/20/26 10:13:05.013 AM EDT,$0.00
SSG Landers -7.5,KBO-MOVY-FG-01479SJ0L86C9UG-SSRS000-GTE-P00075,Settled Early,08/20/26 10:13:05.316 AM EDT,$0.00
Over 15.5,KBO-TRUNS-FG-01479SJ0L86C9UG-GTE-P00155,Settled Early,08/20/26 10:13:05.359 AM EDT,$0.00
Samsung Lions -1.5,KBO-MOVY-FG-01479SJ0L86C9UG-SANS000-GTE-P00015,Settled Early,08/20/26 10:13:05.765 AM EDT,$0.00
Over 10.5,KBO-TRUNS-FG-01479SJ0L86C9UG-GTE-P00105,Settled Early,08/20/26 10:13:05.961 AM EDT,$0.00
Samsung Lions -4.5,KBO-MOVY-FG-01479SJ0L86C9UG-SANS000-GTE-P00045,Settled Early,08/20/26 10:13:06.466 AM EDT,$0.00
Over 9.5,KBO-TRUNS-FG-01479SJ0L86C9UG-GTE-P00095,Settled Early,08/20/26 10:13:06.515 AM EDT,$1.00
Samsung Lions -7.5,KBO-MOVY-FG-01479SJ0L86C9UG-SANS000-GTE-P00075,Settled Early,08/20/26 10:13:06.927 AM EDT,$0.00
Over 3.5,KBO-TRUNS-FG-01479SJ0L86C9UG-GTE-P00035,Settled Early,08/20/26 10:13:07.154 AM EDT,$1.00
Samsung Lions -2.5,KBO-MOVY-FG-01479SJ0L86C9UG-SANS000-GTE-P00025,Settled Early,08/20/26 10:13:07.385 AM EDT,$0.00
Samsung Lions -0.5,KBO-MOVY-FG-01479SJ0L86C9UG-SANS000-GTE-P00005,Settled Early,08/20/26 10:13:07.947 AM EDT,$0.00
Over 0.5,MLB-TRUNS-I1-00C5BRBTKUS857G-GTE-P00005,Settled Early,08/20/26 12:50:48.931 PM EDT,$1.00
Over 2.5,MLB-TRUNS-I1-00C5BRBTKUS857G-GTE-P00025,Settled Early,08/20/26 01:00:59.245 PM EDT,$0.00
Over 3.5,MLB-TRUNS-I1-00C5BRBTKUS857G-GTE-P00035,Settled Early,08/20/26 01:00:59.811 PM EDT,$0.00
Over 4.5,MLB-TRUNS-I1-00C5BRBTKUS857G-GTE-P00045,Settled Early,08/20/26 01:01:00.843 PM EDT,$0.00
Over 1.5,MLB-TRUNS-I1-00C5BRBTKUS857G-GTE-P00015,Settled Early,08/20/26 01:01:01.160 PM EDT,$0.00
Over 1.5,MLB-TRUNS-I2-00C5BRBTKUS857G-GTE-P00015,Settled Early,08/20/26 01:12:29.104 PM EDT,$0.00
Over 2.5,MLB-TRUNS-I2-00C5BRBTKUS857G-GTE-P00025,Settled Early,08/20/26 01:12:29.575 PM EDT,$0.00
Over 4.5,MLB-TRUNS-I2-00C5BRBTKUS857G-GTE-P00045,Settled Early,08/20/26 01:12:29.862 PM EDT,$0.00
Over 0.5,MLB-TRUNS-I2-00C5BRBTKUS857G-GTE-P00005,Settled Early,08/20/26 01:12:30.312 PM EDT,$0.00
Over 3.5,MLB-TRUNS-I2-00C5BRBTKUS857G-GTE-P00035,Settled Early,08/20/26 01:12:30.758 PM EDT,$0.00
Over 0.5,MLB-TRUNS-I1-00C5B540KUS1NBO-GTE-P00005,Settled Early,08/20/26 01:21:55.243 PM EDT,$1.00
Over 1.5,MLB-TRUNS-I1-00C5B540KUS1NBO-GTE-P00015,Settled Early,08/20/26 01:23:05.257 PM EDT,$1.00
Over 1.5,MLB-TRUNS-I3-00C5BRBTKUS857G-GTE-P00015,Settled Early,08/20/26 01:24:09.092 PM EDT,$1.00
Over 2.5,MLB-TRUNS-I3-00C5BRBTKUS857G-GTE-P00025,Settled Early,08/20/26 01:24:09.545 PM EDT,$1.00
Over 0.5,MLB-TRUNS-I3-00C5BRBTKUS857G-GTE-P00005,Settled Early,08/20/26 01:24:09.991 PM EDT,$1.00
Over 2.5,MLB-TRUNS-I1-00C5B540KUS1NBO-GTE-P00025,Settled Early,08/20/26 01:27:05.209 PM EDT,$1.00
Over 3.5,MLB-TRUNS-I1-00C5B56EKUS1MJG-GTE-P00035,Settled Early,08/20/26 01:27:30.664 PM EDT,$0.00
Over 0.5,MLB-TRUNS-I2-00C5B56EKUS1MJG-GTE-P00005,Settled Early,08/20/26 01:27:30.694 PM EDT,$1.00
Over 2.5,MLB-TRUNS-I1-00C5B56EKUS1MJG-GTE-P00025,Settled Early,08/20/26 01:27:31.109 PM EDT,$0.00
Over 4.5,MLB-TRUNS-I1-00C5B56EKUS1MJG-GTE-P00045,Settled Early,08/20/26 01:27:31.501 PM EDT,$0.00
Over 1.5,MLB-TRUNS-I1-00C5B56EKUS1MJG-GTE-P00015,Settled Early,08/20/26 01:27:31.881 PM EDT,$0.00
Over 0.5,MLB-TRUNS-I1-00C5B56EKUS1MJG-GTE-P00005,Settled Early,08/20/26 01:27:32.337 PM EDT,$0.00
Over 4.5,MLB-TRUNS-I1-00C5B540KUS1NBO-GTE-P00045,Settled Early,08/20/26 01:30:45.760 PM EDT,$0.00
Over 3.5,MLB-TRUNS-I1-00C5B540KUS1NBO-GTE-P00035,Settled Early,08/20/26 01:30:46.193 PM EDT,$0.00
Over 3.5,MLB-TRUNS-I3-00C5BRBTKUS857G-GTE-P00035,Settled Early,08/20/26 01:34:38.942 PM EDT,$0.00
Over 4.5,MLB-TRUNS-I3-00C5BRBTKUS857G-GTE-P00045,Settled Early,08/20/26 01:34:39.308 PM EDT,$0.00
Over 4.5,MLB-TRUNS-I2-00C5B56EKUS1MJG-GTE-P00045,Settled Early,08/20/26 01:41:40.752 PM EDT,$0.00
Over 3.5,MLB-TRUNS-I2-00C5B56EKUS1MJG-GTE-P00035,Settled Early,08/20/26 01:41:41.380 PM EDT,$0.00
Over 1.5,MLB-TRUNS-I2-00C5B56EKUS1MJG-GTE-P00015,Settled Early,08/20/26 01:41:41.958 PM EDT,$0.00
Over 2.5,MLB-TRUNS-I2-00C5B56EKUS1MJG-GTE-P00025,Settled Early,08/20/26 01:41:42.462 PM EDT,$0.00
Over 2.5,MLB-TRUNS-I2-00C5B540KUS1NBO-GTE-P00025,Settled Early,08/20/26 01:47:55.318 PM EDT,$0.00
Over 4.5,MLB-TRUNS-I2-00C5B540KUS1NBO-GTE-P00045,Settled Early,08/20/26 01:47:55.644 PM EDT,$0.00
Over 3.5,MLB-TRUNS-I2-00C5B540KUS1NBO-GTE-P00035,Settled Early,08/20/26 01:47:55.981 PM EDT,$0.00
Over 1.5,MLB-TRUNS-I2-00C5B540KUS1NBO-GTE-P00015,Settled Early,08/20/26 01:47:56.349 PM EDT,$0.00
Over 0.5,MLB-TRUNS-I2-00C5B540KUS1NBO-GTE-P00005,Settled Early,08/20/26 01:47:56.711 PM EDT,$0.00
Over 3.5,MLB-TRUNS-I4-00C5BRBTKUS857G-GTE-P00035,Settled Early,08/20/26 01:54:29.033 PM EDT,$0.00
Over 4.5,MLB-TRUNS-I4-00C5BRBTKUS857G-GTE-P00045,Settled Early,08/20/26 01:54:29.439 PM EDT,$0.00
Over 2.5,MLB-TRUNS-I4-00C5BRBTKUS857G-GTE-P00025,Settled Early,08/20/26 01:54:29.765 PM EDT,$0.00
Over 0.5,MLB-TRUNS-I4-00C5BRBTKUS857G-GTE-P00005,Settled Early,08/20/26 01:54:30.103 PM EDT,$0.00
Over 1.5,MLB-TRUNS-I4-00C5BRBTKUS857G-GTE-P00015,Settled Early,08/20/26 01:54:30.701 PM EDT,$0.00
Over 4.5,MLB-TRUNS-I3-00C5B56EKUS1MJG-GTE-P00045,Settled Early,08/20/26 01:57:30.330 PM EDT,$0.00
Over 3.5,MLB-TRUNS-I3-00C5B56EKUS1MJG-GTE-P00035,Settled Early,08/20/26 01:57:30.697 PM EDT,$0.00
Over 1.5,MLB-TRUNS-I3-00C5B56EKUS1MJG-GTE-P00015,Settled Early,08/20/26 01:57:31.352 PM EDT,$0.00
Over 2.5,MLB-TRUNS-I3-00C5B56EKUS1MJG-GTE-P00025,Settled Early,08/20/26 01:57:31.691 PM EDT,$0.00
Over 0.5,MLB-TRUNS-I3-00C5B56EKUS1MJG-GTE-P00005,Settled Early,08/20/26 01:57:32.077 PM EDT,$0.00
Over 2.5,MLB-TRUNS-I3-00C5B540KUS1NBO-GTE-P00025,Settled Early,08/20/26 01:59:25.429 PM EDT,$0.00
Over 0.5,MLB-TRUNS-I3-00C5B540KUS1NBO-GTE-P00005,Settled Early,08/20/26 01:59:26.165 PM EDT,$0.00
Over 4.5,MLB-TRUNS-I3-00C5B540KUS1NBO-GTE-P00045,Settled Early,08/20/26 01:59:26.659 PM EDT,$0.00
Over 3.5,MLB-TRUNS-I3-00C5B540KUS1NBO-GTE-P00035,Settled Early,08/20/26 01:59:27.385 PM EDT,$0.00
Over 1.5,MLB-TRUNS-I3-00C5B540KUS1NBO-GTE-P00015,Settled Early,08/20/26 01:59:27.737 PM EDT,$0.00
Over 0.5,MLB-TRUNS-I4-00C5B540KUS1NBO-GTE-P00005,Settled Early,08/20/26 02:00:35.315 PM EDT,$1.00
Over 1.5,MLB-TRUNS-I4-00C5B540KUS1NBO-GTE-P00015,Settled Early,08/20/26 02:00:36.076 PM EDT,$1.00
Over 1.5,MLB-TRUNS-I5-00C5BRBTKUS857G-GTE-P00015,Settled Early,08/20/26 02:06:19.323 PM EDT,$0.00
Over 10.5,MLB-TRUNS-IT5-00C5BRBTKUS857G-GTE-P00105,Settled Early,08/20/26 02:06:19.388 PM EDT,$0.00
CIN Reds -1.5,MLB-MOVY-IT5-00C5BRBTKUS857G-CIDS000-GTE-P00015,Settled Early,08/20/26 02:06:19.453 PM EDT,$0.00
CIN Reds,MLB-WIN-IT5-00C5BRBTKUS857G-CIDS000,Settled Early,08/20/26 02:06:19.505 PM EDT,$0.00
Over 2.5,MLB-TRUNS-I5-00C5BRBTKUS857G-GTE-P00025,Settled Early,08/20/26 02:06:19.799 PM EDT,$0.00
CIN Reds -0.5,MLB-MOVY-IT5-00C5BRBTKUS857G-CIDS000-GTE-P00005,Settled Early,08/20/26 02:06:19.880 PM EDT,$0.00
STL Cardinals,MLB-WIN-IT5-00C5BRBTKUS857G-STLS000,Settled Early,08/20/26 02:06:20.034 PM EDT,$1.00
Over 8.5,MLB-TRUNS-IT5-00C5BRBTKUS857G-GTE-P00085,Settled Early,08/20/26 02:06:20.282 PM EDT,$0.00
STL Cardinals -0.5,MLB-MOVY-IT5-00C5BRBTKUS857G-STLS000-GTE-P00005,Settled Early,08/20/26 02:06:20.317 PM EDT,$1.00
Over 0.5,MLB-TRUNS-I5-00C5BRBTKUS857G-GTE-P00005,Settled Early,08/20/26 02:06:20.335 PM EDT,$0.00
Over 4.5,MLB-TRUNS-IT5-00C5BRBTKUS857G-GTE-P00045,Settled Early,08/20/26 02:06:20.816 PM EDT,$0.00
CIN Reds -4.5,MLB-MOVY-IT5-00C5BRBTKUS857G-CIDS000-GTE-P00045,Settled Early,08/20/26 02:06:21.012 PM EDT,$0.00
Over 3.5,MLB-TRUNS-I5-00C5BRBTKUS857G-GTE-P00035,Settled Early,08/20/26 02:06:21.850 PM EDT,$0.00
Over 4.5,MLB-TRUNS-I5-00C5BRBTKUS857G-GTE-P00045,Settled Early,08/20/26 02:06:22.495 PM EDT,$0.00
CIN Reds -3.5,MLB-MOVY-IT5-00C5BRBTKUS857G-CIDS000-GTE-P00035,Settled Early,08/20/26 02:06:22.538 PM EDT,$0.00
Over 3.5,MLB-TRUNS-IT5-00C5BRBTKUS857G-GTE-P00035,Settled Early,08/20/26 02:06:22.761 PM EDT,$1.00
CIN Reds -2.5,MLB-MOVY-IT5-00C5BRBTKUS857G-CIDS000-GTE-P00025,Settled Early,08/20/26 02:06:23.028 PM EDT,$0.00
STL Cardinals -3.5,MLB-MOVY-IT5-00C5BRBTKUS857G-STLS000-GTE-P00035,Settled Early,08/20/26 02:06:23.486 PM EDT,$1.00
Over 6.5,MLB-TRUNS-IT5-00C5BRBTKUS857G-GTE-P00065,Settled Early,08/20/26 02:06:23.559 PM EDT,$0.00
STL Cardinals -1.5,MLB-MOVY-IT5-00C5BRBTKUS857G-STLS000-GTE-P00015,Settled Early,08/20/26 02:06:24.079 PM EDT,$1.00
STL Cardinals -4.5,MLB-MOVY-IT5-00C5BRBTKUS857G-STLS000-GTE-P00045,Settled Early,08/20/26 02:06:25.608 PM EDT,$0.00
Over 7.5,MLB-TRUNS-IT5-00C5BRBTKUS857G-GTE-P00075,Settled Early,08/20/26 02:06:25.847 PM EDT,$0.00
STL Cardinals -2.5,MLB-MOVY-IT5-00C5BRBTKUS857G-STLS000-GTE-P00025,Settled Early,08/20/26 02:06:26.147 PM EDT,$1.00
Over 9.5,MLB-TRUNS-IT5-00C5BRBTKUS857G-GTE-P00095,Settled Early,08/20/26 02:06:26.975 PM EDT,$0.00
Over 5.5,MLB-TRUNS-IT5-00C5BRBTKUS857G-GTE-P00055,Settled Early,08/20/26 02:06:27.359 PM EDT,$0.00
Over 0.5,MLB-TRUNS-IT5-00C5BRBTKUS857G-GTE-P00005,Settled Early,08/20/26 02:06:28.075 PM EDT,$1.00
Over 1.5,MLB-TRUNS-IT5-00C5BRBTKUS857G-GTE-P00015,Settled Early,08/20/26 02:06:28.440 PM EDT,$1.00
Over 2.5,MLB-TRUNS-IT5-00C5BRBTKUS857G-GTE-P00025,Settled Early,08/20/26 02:06:28.875 PM EDT,$1.00
Over 0.5,MLB-TRUNS-I4-00C5B56EKUS1MJG-GTE-P00005,Settled Early,08/20/26 02:11:30.237 PM EDT,$1.00
Over 3.5,MLB-TRUNS-I4-00C5B540KUS1NBO-GTE-P00035,Settled Early,08/20/26 02:19:45.380 PM EDT,$0.00
Over 4.5,MLB-TRUNS-I4-00C5B540KUS1NBO-GTE-P00045,Settled Early,08/20/26 02:19:45.747 PM EDT,$0.00
Over 2.5,MLB-TRUNS-I4-00C5B540KUS1NBO-GTE-P00025,Settled Early,08/20/26 02:19:46.036 PM EDT,$0.00
Over 4.5,MLB-TRUNS-I4-00C5B56EKUS1MJG-GTE-P00045,Settled Early,08/20/26 02:22:01.333 PM EDT,$0.00
Over 1.5,MLB-TRUNS-I4-00C5B56EKUS1MJG-GTE-P00015,Settled Early,08/20/26 02:22:01.685 PM EDT,$0.00
Over 3.5,MLB-TRUNS-I4-00C5B56EKUS1MJG-GTE-P00035,Settled Early,08/20/26 02:22:02.008 PM EDT,$0.00
Over 2.5,MLB-TRUNS-I4-00C5B56EKUS1MJG-GTE-P00025,Settled Early,08/20/26 02:22:02.352 PM EDT,$0.00
Over 0.5,MLB-TRUNS-I5-00C5B56EKUS1MJG-GTE-P00005,Settled Early,08/20/26 02:22:20.256 PM EDT,$1.00
Over 0.5,MLB-TRUNS-I6-00C5BRBTKUS857G-GTE-P00005,Settled Early,08/20/26 02:23:38.969 PM EDT,$1.00
Over 0.5,MLB-TRUNS-I1-00C5B50GKUS1MI8-GTE-P00005,Settled Early,08/20/26 02:24:15.007 PM EDT,$1.00
Over 0.5,MLB-TRUNS-I1-00C5B502KUS1N1G-GTE-P00005,Settled Early,08/20/26 02:26:18.354 PM EDT,$1.00
Over 1.5,MLB-TRUNS-I1-00C5B502KUS1N1G-GTE-P00015,Settled Early,08/20/26 02:26:18.899 PM EDT,$1.00
Over 0.5,MLB-TRUNS-I1-00C5B576KUS1M0G-GTE-P00005,Settled Early,08/20/26 02:26:51.623 PM EDT,$0.00
Over 4.5,MLB-TRUNS-I1-00C5B576KUS1M0G-GTE-P00045,Settled Early,08/20/26 02:26:52.271 PM EDT,$0.00
Over 3.5,MLB-TRUNS-I1-00C5B576KUS1M0G-GTE-P00035,Settled Early,08/20/26 02:26:52.703 PM EDT,$0.00
Over 1.5,MLB-TRUNS-I1-00C5B576KUS1M0G-GTE-P00015,Settled Early,08/20/26 02:26:53.051 PM EDT,$0.00
Over 2.5,MLB-TRUNS-I1-00C5B576KUS1M0G-GTE-P00025,Settled Early,08/20/26 02:26:53.533 PM EDT,$0.00
Over 1.5,MLB-TRUNS-I5-00C5B56EKUS1MJG-GTE-P00015,Settled Early,08/20/26 02:27:50.228 PM EDT,$1.00
Over 2.5,MLB-TRUNS-I1-00C5B502KUS1N1G-GTE-P00025,Settled Early,08/20/26 02:28:18.320 PM EDT,$1.00
Over 2.5,MLB-TRUNS-I6-00C5BRBTKUS857G-GTE-P00025,Settled Early,08/20/26 02:28:29.103 PM EDT,$1.00
Over 3.5,MLB-TRUNS-I6-00C5BRBTKUS857G-GTE-P00035,Settled Early,08/20/26 02:28:29.511 PM EDT,$1.00
Over 4.5,MLB-TRUNS-I6-00C5BRBTKUS857G-GTE-P00045,Settled Early,08/20/26 02:28:29.847 PM EDT,$1.00
Over 1.5,MLB-TRUNS-I6-00C5BRBTKUS857G-GTE-P00015,Settled Early,08/20/26 02:28:30.240 PM EDT,$1.00
Over 1.5,MLB-TRUNS-I1-00C5B50GKUS1MI8-GTE-P00015,Settled Early,08/20/26 02:30:05.409 PM EDT,$0.00
Over 3.5,MLB-TRUNS-I1-00C5B50GKUS1MI8-GTE-P00035,Settled Early,08/20/26 02:30:06.293 PM EDT,$0.00
Over 2.5,MLB-TRUNS-I1-00C5B50GKUS1MI8-GTE-P00025,Settled Early,08/20/26 02:30:06.614 PM EDT,$0.00
Over 4.5,MLB-TRUNS-I1-00C5B50GKUS1MI8-GTE-P00045,Settled Early,08/20/26 02:30:06.952 PM EDT,$0.00
Over 3.5,MLB-TRUNS-I1-00C5B502KUS1N1G-GTE-P00035,Settled Early,08/20/26 02:32:08.924 PM EDT,$1.00
Over 4.5,MLB-TRUNS-I1-00C5B502KUS1N1G-GTE-P00045,Settled Early,08/20/26 02:32:09.322 PM EDT,$1.00
CLE Guardians,MLB-WIN-IT5-00C5B540KUS1NBO-CLNS000,Settled Early,08/20/26 02:37:55.577 PM EDT,$1.00
Over 2.5,MLB-TRUNS-I5-00C5B540KUS1NBO-GTE-P00025,Settled Early,08/20/26 02:37:55.613 PM EDT,$0.00
SF Giants -3.5,MLB-MOVY-IT5-00C5B540KUS1NBO-SFTS000-GTE-P00035,Settled Early,08/20/26 02:37:55.662 PM EDT,$0.00
Over 1.5,MLB-TRUNS-IT5-00C5B540KUS1NBO-GTE-P00015,Settled Early,08/20/26 02:37:55.748 PM EDT,$1.00
Over 0.5,MLB-TRUNS-I5-00C5B540KUS1NBO-GTE-P00005,Settled Early,08/20/26 02:37:56.061 PM EDT,$0.00
CLE Guardians -0.5,MLB-MOVY-IT5-00C5B540KUS1NBO-CLNS000-GTE-P00005,Settled Early,08/20/26 02:37:56.115 PM EDT,$1.00
Over 2.5,MLB-TRUNS-IT5-00C5B540KUS1NBO-GTE-P00025,Settled Early,08/20/26 02:37:56.115 PM EDT,$1.00
SF Giants,MLB-WIN-IT5-00C5B540KUS1NBO-SFTS000,Settled Early,08/20/26 02:37:56.212 PM EDT,$0.00
Over 1.5,MLB-TRUNS-I5-00C5B540KUS1NBO-GTE-P00015,Settled Early,08/20/26 02:37:56.420 PM EDT,$0.00
Over 0.5,MLB-TRUNS-IT5-00C5B540KUS1NBO-GTE-P00005,Settled Early,08/20/26 02:37:56.458 PM EDT,$1.00
CLE Guardians -1.5,MLB-MOVY-IT5-00C5B540KUS1NBO-CLNS000-GTE-P00015,Settled Early,08/20/26 02:37:56.599 PM EDT,$0.00
Over 8.5,MLB-TRUNS-IT5-00C5B540KUS1NBO-GTE-P00085,Settled Early,08/20/26 02:37:56.783 PM EDT,$0.00
Over 3.5,MLB-TRUNS-I5-00C5B540KUS1NBO-GTE-P00035,Settled Early,08/20/26 02:37:56.978 PM EDT,$0.00
CLE Guardians -2.5,MLB-MOVY-IT5-00C5B540KUS1NBO-CLNS000-GTE-P00025,Settled Early,08/20/26 02:37:57.060 PM EDT,$0.00
Over 7.5,MLB-TRUNS-IT5-00C5B540KUS1NBO-GTE-P00075,Settled Early,08/20/26 02:37:57.200 PM EDT,$0.00
Over 4.5,MLB-TRUNS-I5-00C5B540KUS1NBO-GTE-P00045,Settled Early,08/20/26 02:37:57.286 PM EDT,$0.00
CLE Guardians -4.5,MLB-MOVY-IT5-00C5B540KUS1NBO-CLNS000-GTE-P00045,Settled Early,08/20/26 02:37:57.372 PM EDT,$0.00
Over 10.5,MLB-TRUNS-IT5-00C5B540KUS1NBO-GTE-P00105,Settled Early,08/20/26 02:37:57.534 PM EDT,$0.00
SF Giants -0.5,MLB-MOVY-IT5-00C5B540KUS1NBO-SFTS000-GTE-P00005,Settled Early,08/20/26 02:37:57.698 PM EDT,$0.00
Over 9.5,MLB-TRUNS-IT5-00C5B540KUS1NBO-GTE-P00095,Settled Early,08/20/26 02:37:57.876 PM EDT,$0.00
SF Giants -4.5,MLB-MOVY-IT5-00C5B540KUS1NBO-SFTS000-GTE-P00045,Settled Early,08/20/26 02:37:58.082 PM EDT,$0.00
Over 3.5,MLB-TRUNS-IT5-00C5B540KUS1NBO-GTE-P00035,Settled Early,08/20/26 02:37:58.252 PM EDT,$1.00
SF Giants -2.5,MLB-MOVY-IT5-00C5B540KUS1NBO-SFTS000-GTE-P00025,Settled Early,08/20/26 02:37:58.430 PM EDT,$0.00
Over 5.5,MLB-TRUNS-IT5-00C5B540KUS1NBO-GTE-P00055,Settled Early,08/20/26 02:37:58.730 PM EDT,$0.00
SF Giants -1.5,MLB-MOVY-IT5-00C5B540KUS1NBO-SFTS000-GTE-P00015,Settled Early,08/20/26 02:37:58.742 PM EDT,$0.00
CLE Guardians -3.5,MLB-MOVY-IT5-00C5B540KUS1NBO-CLNS000-GTE-P00035,Settled Early,08/20/26 02:37:59.254 PM EDT,$0.00
Over 4.5,MLB-TRUNS-IT5-00C5B540KUS1NBO-GTE-P00045,Settled Early,08/20/26 02:37:59.414 PM EDT,$1.00
Over 6.5,MLB-TRUNS-IT5-00C5B540KUS1NBO-GTE-P00065,Settled Early,08/20/26 02:38:00.079 PM EDT,$0.00
Over 3.5,MLB-TRUNS-I2-00C5B576KUS1M0G-GTE-P00035,Settled Early,08/20/26 02:39:21.611 PM EDT,$0.00
Over 0.5,MLB-TRUNS-I2-00C5B576KUS1M0G-GTE-P00005,Settled Early,08/20/26 02:39:22.013 PM EDT,$0.00
Over 2.5,MLB-TRUNS-I2-00C5B576KUS1M0G-GTE-P00025,Settled Early,08/20/26 02:39:22.407 PM EDT,$0.00
Over 1.5,MLB-TRUNS-I2-00C5B576KUS1M0G-GTE-P00015,Settled Early,08/20/26 02:39:22.719 PM EDT,$0.00
Over 4.5,MLB-TRUNS-I2-00C5B576KUS1M0G-GTE-P00045,Settled Early,08/20/26 02:39:23.319 PM EDT,$0.00
Over 4.5,MLB-TRUNS-I5-00C5B56EKUS1MJG-GTE-P00045,Settled Early,08/20/26 02:39:40.457 PM EDT,$0.00
Over 0.5,MLB-TRUNS-IT5-00C5B56EKUS1MJG-GTE-P00005,Settled Early,08/20/26 02:39:40.515 PM EDT,$1.00
TB Rays,MLB-WIN-IT5-00C5B56EKUS1MJG-TBYS000,Settled Early,08/20/26 02:39:40.570 PM EDT,$0.00
TOR Blue Jays -0.5,MLB-MOVY-IT5-00C5B56EKUS1MJG-TOYS000-GTE-P00005,Settled Early,08/20/26 02:39:40.617 PM EDT,$1.00
Over 2.5,MLB-TRUNS-I5-00C5B56EKUS1MJG-GTE-P00025,Settled Early,08/20/26 02:39:40.880 PM EDT,$0.00
Over 1.5,MLB-TRUNS-IT5-00C5B56EKUS1MJG-GTE-P00015,Settled Early,08/20/26 02:39:40.970 PM EDT,$1.00
TOR Blue Jays -1.5,MLB-MOVY-IT5-00C5B56EKUS1MJG-TOYS000-GTE-P00015,Settled Early,08/20/26 02:39:41.037 PM EDT,$1.00
Over 3.5,MLB-TRUNS-I5-00C5B56EKUS1MJG-GTE-P00035,Settled Early,08/20/26 02:39:41.233 PM EDT,$0.00
TOR Blue Jays,MLB-WIN-IT5-00C5B56EKUS1MJG-TOYS000,Settled Early,08/20/26 02:39:41.334 PM EDT,$1.00
Over 2.5,MLB-TRUNS-IT5-00C5B56EKUS1MJG-GTE-P00025,Settled Early,08/20/26 02:39:41.421 PM EDT,$1.00
TOR Blue Jays -2.5,MLB-MOVY-IT5-00C5B56EKUS1MJG-TOYS000-GTE-P00025,Settled Early,08/20/26 02:39:41.590 PM EDT,$0.00
TOR Blue Jays -3.5,MLB-MOVY-IT5-00C5B56EKUS1MJG-TOYS000-GTE-P00035,Settled Early,08/20/26 02:39:42.000 PM EDT,$0.00
Over 3.5,MLB-TRUNS-IT5-00C5B56EKUS1MJG-GTE-P00035,Settled Early,08/20/26 02:39:42.149 PM EDT,$1.00
TOR Blue Jays -4.5,MLB-MOVY-IT5-00C5B56EKUS1MJG-TOYS000-GTE-P00045,Settled Early,08/20/26 02:39:42.348 PM EDT,$0.00
Over 4.5,MLB-TRUNS-IT5-00C5B56EKUS1MJG-GTE-P00045,Settled Early,08/20/26 02:39:42.631 PM EDT,$0.00
TB Rays -0.5,MLB-MOVY-IT5-00C5B56EKUS1MJG-TBYS000-GTE-P00005,Settled Early,08/20/26 02:39:42.664 PM EDT,$0.00
Over 5.5,MLB-TRUNS-IT5-00C5B56EKUS1MJG-GTE-P00055,Settled Early,08/20/26 02:39:43.085 PM EDT,$0.00
TB Rays -1.5,MLB-MOVY-IT5-00C5B56EKUS1MJG-TBYS000-GTE-P00015,Settled Early,08/20/26 02:39:43.457 PM EDT,$0.00
Over 6.5,MLB-TRUNS-IT5-00C5B56EKUS1MJG-GTE-P00065,Settled Early,08/20/26 02:39:43.477 PM EDT,$0.00
TB Rays -2.5,MLB-MOVY-IT5-00C5B56EKUS1MJG-TBYS000-GTE-P00025,Settled Early,08/20/26 02:39:43.815 PM EDT,$0.00
Over 7.5,MLB-TRUNS-IT5-00C5B56EKUS1MJG-GTE-P00075,Settled Early,08/20/26 02:39:44.070 PM EDT,$0.00
TB Rays -3.5,MLB-MOVY-IT5-00C5B56EKUS1MJG-TBYS000-GTE-P00035,Settled Early,08/20/26 02:39:44.159 PM EDT,$0.00
Over 8.5,MLB-TRUNS-IT5-00C5B56EKUS1MJG-GTE-P00085,Settled Early,08/20/26 02:39:44.522 PM EDT,$0.00
TB Rays -4.5,MLB-MOVY-IT5-00C5B56EKUS1MJG-TBYS000-GTE-P00045,Settled Early,08/20/26 02:39:44.625 PM EDT,$0.00
Over 9.5,MLB-TRUNS-IT5-00C5B56EKUS1MJG-GTE-P00095,Settled Early,08/20/26 02:39:44.955 PM EDT,$0.00
Over 10.5,MLB-TRUNS-IT5-00C5B56EKUS1MJG-GTE-P00105,Settled Early,08/20/26 02:39:45.241 PM EDT,$0.00
Over 0.5,MLB-TRUNS-I3-00C5B576KUS1M0G-GTE-P00005,Settled Early,08/20/26 02:42:01.684 PM EDT,$1.00
Over 2.5,MLB-TRUNS-I7-00C5BRBTKUS857G-GTE-P00025,Settled Early,08/20/26 02:44:19.051 PM EDT,$0.00
Over 3.5,MLB-TRUNS-I7-00C5BRBTKUS857G-GTE-P00035,Settled Early,08/20/26 02:44:19.406 PM EDT,$0.00
Over 4.5,MLB-TRUNS-I7-00C5BRBTKUS857G-GTE-P00045,Settled Early,08/20/26 02:44:19.735 PM EDT,$0.00
Over 1.5,MLB-TRUNS-I7-00C5BRBTKUS857G-GTE-P00015,Settled Early,08/20/26 02:44:20.049 PM EDT,$0.00
Over 0.5,MLB-TRUNS-I7-00C5BRBTKUS857G-GTE-P00005,Settled Early,08/20/26 02:44:20.421 PM EDT,$0.00
Over 0.5,MLB-TRUNS-I2-00C5B502KUS1N1G-GTE-P00005,Settled Early,08/20/26 02:50:38.276 PM EDT,$1.00
Over 1.5,MLB-TRUNS-I2-00C5B502KUS1N1G-GTE-P00015,Settled Early,08/20/26 02:50:39.017 PM EDT,$1.00
Over 4.5,MLB-TRUNS-I2-00C5B50GKUS1MI8-GTE-P00045,Settled Early,08/20/26 02:52:04.954 PM EDT,$0.00
Over 3.5,MLB-TRUNS-I2-00C5B50GKUS1MI8-GTE-P00035,Settled Early,08/20/26 02:52:05.556 PM EDT,$0.00
Over 0.5,MLB-TRUNS-I2-00C5B50GKUS1MI8-GTE-P00005,Settled Early,08/20/26 02:52:05.886 PM EDT,$0.00
Over 1.5,MLB-TRUNS-I2-00C5B50GKUS1MI8-GTE-P00015,Settled Early,08/20/26 02:52:06.276 PM EDT,$0.00
Over 2.5,MLB-TRUNS-I2-00C5B50GKUS1MI8-GTE-P00025,Settled Early,08/20/26 02:52:06.710 PM EDT,$0.00
Over 0.5,MLB-TRUNS-I6-00C5B56EKUS1MJG-GTE-P00005,Settled Early,08/20/26 02:54:00.332 PM EDT,$0.00
Over 1.5,MLB-TRUNS-I6-00C5B56EKUS1MJG-GTE-P00015,Settled Early,08/20/26 02:54:00.702 PM EDT,$0.00
Over 3.5,MLB-TRUNS-I6-00C5B56EKUS1MJG-GTE-P00035,Settled Early,08/20/26 02:54:01.051 PM EDT,$0.00
Over 2.5,MLB-TRUNS-I6-00C5B56EKUS1MJG-GTE-P00025,Settled Early,08/20/26 02:54:01.385 PM EDT,$0.00
Over 4.5,MLB-TRUNS-I3-00C5B576KUS1M0G-GTE-P00045,Settled Early,08/20/26 02:54:01.634 PM EDT,$0.00
Over 4.5,MLB-TRUNS-I6-00C5B56EKUS1MJG-GTE-P00045,Settled Early,08/20/26 02:54:01.824 PM EDT,$0.00
Over 2.5,MLB-TRUNS-I3-00C5B576KUS1M0G-GTE-P00025,Settled Early,08/20/26 02:54:01.996 PM EDT,$0.00
Over 1.5,MLB-TRUNS-I3-00C5B576KUS1M0G-GTE-P00015,Settled Early,08/20/26 02:54:02.336 PM EDT,$0.00
Over 3.5,MLB-TRUNS-I3-00C5B576KUS1M0G-GTE-P00035,Settled Early,08/20/26 02:54:02.785 PM EDT,$0.00
Over 0.5,MLB-TRUNS-I6-00C5B540KUS1NBO-GTE-P00005,Settled Early,08/20/26 02:58:05.202 PM EDT,$1.00
Over 0.5,MLB-TRUNS-I8-00C5BRBTKUS857G-GTE-P00005,Settled Early,08/20/26 03:01:39.038 PM EDT,$0.00
Over 3.5,MLB-TRUNS-I8-00C5BRBTKUS857G-GTE-P00035,Settled Early,08/20/26 03:01:39.434 PM EDT,$0.00
Over 4.5,MLB-TRUNS-I8-00C5BRBTKUS857G-GTE-P00045,Settled Early,08/20/26 03:01:39.849 PM EDT,$0.00
Over 2.5,MLB-TRUNS-I8-00C5BRBTKUS857G-GTE-P00025,Settled Early,08/20/26 03:01:40.149 PM EDT,$0.00
Over 1.5,MLB-TRUNS-I8-00C5BRBTKUS857G-GTE-P00015,Settled Early,08/20/26 03:01:40.455 PM EDT,$0.00
Over 2.5,MLB-TRUNS-I6-00C5B540KUS1NBO-GTE-P00025,Settled Early,08/20/26 03:03:05.294 PM EDT,$0.00
Over 4.5,MLB-TRUNS-I6-00C5B540KUS1NBO-GTE-P00045,Settled Early,08/20/26 03:03:05.786 PM EDT,$0.00
Over 3.5,MLB-TRUNS-I6-00C5B540KUS1NBO-GTE-P00035,Settled Early,08/20/26 03:03:06.073 PM EDT,$0.00
Over 1.5,MLB-TRUNS-I6-00C5B540KUS1NBO-GTE-P00015,Settled Early,08/20/26 03:03:06.508 PM EDT,$0.00
Over 1.5,MLB-TRUNS-I7-00C5B56EKUS1MJG-GTE-P00015,Settled Early,08/20/26 03:03:50.313 PM EDT,$1.00
Over 0.5,MLB-TRUNS-I7-00C5B56EKUS1MJG-GTE-P00005,Settled Early,08/20/26 03:03:50.830 PM EDT,$1.00
Over 4.5,MLB-TRUNS-I2-00C5B502KUS1N1G-GTE-P00045,Settled Early,08/20/26 03:09:48.718 PM EDT,$0.00
Over 2.5,MLB-TRUNS-I2-00C5B502KUS1N1G-GTE-P00025,Settled Early,08/20/26 03:09:49.064 PM EDT,$0.00
Over 3.5,MLB-TRUNS-I2-00C5B502KUS1N1G-GTE-P00035,Settled Early,08/20/26 03:09:49.419 PM EDT,$0.00
Over 3.5,MLB-TRUNS-I4-00C5B576KUS1M0G-GTE-P00035,Settled Early,08/20/26 03:10:31.607 PM EDT,$0.00
Over 2.5,MLB-TRUNS-I4-00C5B576KUS1M0G-GTE-P00025,Settled Early,08/20/26 03:10:31.896 PM EDT,$0.00
Over 4.5,MLB-TRUNS-I4-00C5B576KUS1M0G-GTE-P00045,Settled Early,08/20/26 03:10:32.264 PM EDT,$0.00
Over 0.5,MLB-TRUNS-I4-00C5B576KUS1M0G-GTE-P00005,Settled Early,08/20/26 03:10:32.720 PM EDT,$0.00
Over 1.5,MLB-TRUNS-I4-00C5B576KUS1M0G-GTE-P00015,Settled Early,08/20/26 03:10:33.187 PM EDT,$0.00
Over 1.5,MLB-TRUNS-I9-00C5BRBTKUS857G-GTE-P00015,Settled Early,08/20/26 03:11:58.948 PM EDT,$1.00
Over 0.5,MLB-TRUNS-I9-00C5BRBTKUS857G-GTE-P00005,Settled Early,08/20/26 03:11:59.542 PM EDT,$1.00
Over 2.5,MLB-TRUNS-I9-00C5BRBTKUS857G-GTE-P00025,Settled Early,08/20/26 03:13:39.067 PM EDT,$1.00
Over 0.5,MLB-TRUNS-I3-00C5B50GKUS1MI8-GTE-P00005,Settled Early,08/20/26 03:15:35.186 PM EDT,$1.00
Over 1.5,MLB-TRUNS-I3-00C5B50GKUS1MI8-GTE-P00015,Settled Early,08/20/26 03:15:35.727 PM EDT,$1.00
Over 3.5,MLB-TRUNS-I9-00C5BRBTKUS857G-GTE-P00035,Settled Early,08/20/26 03:17:49.031 PM EDT,$1.00
Over 3.5,MLB-TRUNS-I7-00C5B56EKUS1MJG-GTE-P00035,Settled Early,08/20/26 03:18:41.175 PM EDT,$0.00
Over 2.5,MLB-TRUNS-I7-00C5B56EKUS1MJG-GTE-P00025,Settled Early,08/20/26 03:18:41.552 PM EDT,$0.00
Over 4.5,MLB-TRUNS-I7-00C5B56EKUS1MJG-GTE-P00045,Settled Early,08/20/26 03:18:41.961 PM EDT,$0.00
Over 1.5,MLB-TRUNS-I7-00C5B540KUS1NBO-GTE-P00015,Settled Early,08/20/26 03:19:15.404 PM EDT,$0.00
Over 3.5,MLB-TRUNS-I7-00C5B540KUS1NBO-GTE-P00035,Settled Early,08/20/26 03:19:15.784 PM EDT,$0.00
Over 4.5,MLB-TRUNS-I7-00C5B540KUS1NBO-GTE-P00045,Settled Early,08/20/26 03:19:16.086 PM EDT,$0.00
Over 0.5,MLB-TRUNS-I7-00C5B540KUS1NBO-GTE-P00005,Settled Early,08/20/26 03:19:16.526 PM EDT,$0.00
Over 2.5,MLB-TRUNS-I7-00C5B540KUS1NBO-GTE-P00025,Settled Early,08/20/26 03:19:16.938 PM EDT,$0.00
Over 3.5,MLB-TRUNS-I3-00C5B50GKUS1MI8-GTE-P00035,Settled Early,08/20/26 03:20:05.424 PM EDT,$0.00
Over 2.5,MLB-TRUNS-I3-00C5B50GKUS1MI8-GTE-P00025,Settled Early,08/20/26 03:20:05.745 PM EDT,$0.00
Over 4.5,MLB-TRUNS-I3-00C5B50GKUS1MI8-GTE-P00045,Settled Early,08/20/26 03:20:06.191 PM EDT,$0.00
Over 4.5,MLB-TRUNS-I9-00C5BRBTKUS857G-GTE-P00045,Settled Early,08/20/26 03:21:28.978 PM EDT,$1.00
Over 0.5,MLB-TRUNS-I3-00C5B502KUS1N1G-GTE-P00005,Settled Early,08/20/26 03:24:48.412 PM EDT,$0.00
Over 2.5,MLB-TRUNS-I3-00C5B502KUS1N1G-GTE-P00025,Settled Early,08/20/26 03:24:49.077 PM EDT,$0.00
Over 3.5,MLB-TRUNS-I3-00C5B502KUS1N1G-GTE-P00035,Settled Early,08/20/26 03:24:49.408 PM EDT,$0.00
Over 1.5,MLB-TRUNS-I3-00C5B502KUS1N1G-GTE-P00015,Settled Early,08/20/26 03:24:49.817 PM EDT,$0.00
Over 4.5,MLB-TRUNS-I3-00C5B502KUS1N1G-GTE-P00045,Settled Early,08/20/26 03:24:50.174 PM EDT,$0.00
Over 8.5,MLB-TRUNS-IT5-00C5B576KUS1M0G-GTE-P00085,Settled Early,08/20/26 03:26:11.976 PM EDT,$0.00
Over 4.5,MLB-TRUNS-I5-00C5B576KUS1M0G-GTE-P00045,Settled Early,08/20/26 03:26:12.032 PM EDT,$0.00
CHI White Sox,MLB-WIN-IT5-00C5B576KUS1M0G-CHOX000,Settled Early,08/20/26 03:26:12.073 PM EDT,$0.00
CHI White Sox -0.5,MLB-MOVY-IT5-00C5B576KUS1M0G-CHOX000-GTE-P00005,Settled Early,08/20/26 03:26:12.116 PM EDT,$0.00
Over 1.5,MLB-TRUNS-I5-00C5B576KUS1M0G-GTE-P00015,Settled Early,08/20/26 03:26:12.404 PM EDT,$0.00
Over 0.5,MLB-TRUNS-IT5-00C5B576KUS1M0G-GTE-P00005,Settled Early,08/20/26 03:26:12.405 PM EDT,$1.00
CHI White Sox -1.5,MLB-MOVY-IT5-00C5B576KUS1M0G-CHOX000-GTE-P00015,Settled Early,08/20/26 03:26:12.717 PM EDT,$0.00
ATL Braves,MLB-WIN-IT5-00C5B576KUS1M0G-ATES000,Settled Early,08/20/26 03:26:12.755 PM EDT,$1.00
Over 1.5,MLB-TRUNS-IT5-00C5B576KUS1M0G-GTE-P00015,Settled Early,08/20/26 03:26:12.786 PM EDT,$0.00
Over 0.5,MLB-TRUNS-I5-00C5B576KUS1M0G-GTE-P00005,Settled Early,08/20/26 03:26:12.800 PM EDT,$0.00
Over 2.5,MLB-TRUNS-I5-00C5B576KUS1M0G-GTE-P00025,Settled Early,08/20/26 03:26:13.298 PM EDT,$0.00
CHI White Sox -2.5,MLB-MOVY-IT5-00C5B576KUS1M0G-CHOX000-GTE-P00025,Settled Early,08/20/26 03:26:13.422 PM EDT,$0.00
Over 3.5,MLB-TRUNS-I5-00C5B576KUS1M0G-GTE-P00035,Settled Early,08/20/26 03:26:13.698 PM EDT,$0.00
Over 2.5,MLB-TRUNS-IT5-00C5B576KUS1M0G-GTE-P00025,Settled Early,08/20/26 03:26:13.707 PM EDT,$0.00
CHI White Sox -3.5,MLB-MOVY-IT5-00C5B576KUS1M0G-CHOX000-GTE-P00035,Settled Early,08/20/26 03:26:13.718 PM EDT,$0.00
CHI White Sox -4.5,MLB-MOVY-IT5-00C5B576KUS1M0G-CHOX000-GTE-P00045,Settled Early,08/20/26 03:26:14.081 PM EDT,$0.00
Over 3.5,MLB-TRUNS-IT5-00C5B576KUS1M0G-GTE-P00035,Settled Early,08/20/26 03:26:14.263 PM EDT,$0.00
ATL Braves -0.5,MLB-MOVY-IT5-00C5B576KUS1M0G-ATES000-GTE-P00005,Settled Early,08/20/26 03:26:14.399 PM EDT,$1.00
Over 4.5,MLB-TRUNS-IT5-00C5B576KUS1M0G-GTE-P00045,Settled Early,08/20/26 03:26:14.802 PM EDT,$0.00
ATL Braves -1.5,MLB-MOVY-IT5-00C5B576KUS1M0G-ATES000-GTE-P00015,Settled Early,08/20/26 03:26:15.070 PM EDT,$0.00
Over 5.5,MLB-TRUNS-IT5-00C5B576KUS1M0G-GTE-P00055,Settled Early,08/20/26 03:26:15.334 PM EDT,$0.00
ATL Braves -2.5,MLB-MOVY-IT5-00C5B576KUS1M0G-ATES000-GTE-P00025,Settled Early,08/20/26 03:26:15.713 PM EDT,$0.00
Over 6.5,MLB-TRUNS-IT5-00C5B576KUS1M0G-GTE-P00065,Settled Early,08/20/26 03:26:15.805 PM EDT,$0.00
ATL Braves -3.5,MLB-MOVY-IT5-00C5B576KUS1M0G-ATES000-GTE-P00035,Settled Early,08/20/26 03:26:16.238 PM EDT,$0.00
Over 7.5,MLB-TRUNS-IT5-00C5B576KUS1M0G-GTE-P00075,Settled Early,08/20/26 03:26:16.263 PM EDT,$0.00
Over 9.5,MLB-TRUNS-IT5-00C5B576KUS1M0G-GTE-P00095,Settled Early,08/20/26 03:26:16.691 PM EDT,$0.00
ATL Braves -4.5,MLB-MOVY-IT5-00C5B576KUS1M0G-ATES000-GTE-P00045,Settled Early,08/20/26 03:26:16.716 PM EDT,$0.00
Over 10.5,MLB-TRUNS-IT5-00C5B576KUS1M0G-GTE-P00105,Settled Early,08/20/26 03:26:17.181 PM EDT,$0.00
Over 0.5,MLB-TRUNS-I4-00C5B502KUS1N1G-GTE-P00005,Settled Early,08/20/26 03:32:08.236 PM EDT,$1.00
Over 0.5,MLB-TRUNS-I8-00C5B540KUS1NBO-GTE-P00005,Settled Early,08/20/26 03:34:35.320 PM EDT,$1.00
Over 1.5,MLB-TRUNS-I8-00C5B56EKUS1MJG-GTE-P00015,Settled Early,08/20/26 03:35:40.419 PM EDT,$0.00
Over 2.5,MLB-TRUNS-I8-00C5B56EKUS1MJG-GTE-P00025,Settled Early,08/20/26 03:35:40.872 PM EDT,$0.00
Over 3.5,MLB-TRUNS-I8-00C5B56EKUS1MJG-GTE-P00035,Settled Early,08/20/26 03:35:41.194 PM EDT,$0.00
Over 0.5,MLB-TRUNS-I8-00C5B56EKUS1MJG-GTE-P00005,Settled Early,08/20/26 03:35:41.498 PM EDT,$0.00
Over 4.5,MLB-TRUNS-I8-00C5B56EKUS1MJG-GTE-P00045,Settled Early,08/20/26 03:35:41.892 PM EDT,$0.00
Over 1.5,MLB-TRUNS-I4-00C5B502KUS1N1G-GTE-P00015,Settled Early,08/20/26 03:36:58.592 PM EDT,$1.00
Over 0.5,MLB-TRUNS-I4-00C5B50GKUS1MI8-GTE-P00005,Settled Early,08/20/26 03:37:07.043 PM EDT,$1.00
Over 4.5,MLB-TRUNS-I8-00C5B540KUS1NBO-GTE-P00045,Settled Early,08/20/26 03:40:55.383 PM EDT,$0.00
Over 3.5,MLB-TRUNS-I8-00C5B540KUS1NBO-GTE-P00035,Settled Early,08/20/26 03:40:55.752 PM EDT,$0.00
Over 1.5,MLB-TRUNS-I8-00C5B540KUS1NBO-GTE-P00015,Settled Early,08/20/26 03:40:56.059 PM EDT,$0.00
Over 2.5,MLB-TRUNS-I8-00C5B540KUS1NBO-GTE-P00025,Settled Early,08/20/26 03:40:56.399 PM EDT,$0.00
Over 1.5,MLB-TRUNS-I4-00C5B50GKUS1MI8-GTE-P00015,Settled Early,08/20/26 03:41:35.079 PM EDT,$1.00
Over 3.5,MLB-TRUNS-I6-00C5B576KUS1M0G-GTE-P00035,Settled Early,08/20/26 03:44:31.863 PM EDT,$0.00
Over 4.5,MLB-TRUNS-I6-00C5B576KUS1M0G-GTE-P00045,Settled Early,08/20/26 03:44:32.347 PM EDT,$0.00
Over 1.5,MLB-TRUNS-I6-00C5B576KUS1M0G-GTE-P00015,Settled Early,08/20/26 03:44:32.726 PM EDT,$0.00
Over 2.5,MLB-TRUNS-I6-00C5B576KUS1M0G-GTE-P00025,Settled Early,08/20/26 03:44:33.027 PM EDT,$0.00
Over 0.5,MLB-TRUNS-I6-00C5B576KUS1M0G-GTE-P00005,Settled Early,08/20/26 03:44:33.353 PM EDT,$0.00
Over 3.5,MLB-TRUNS-I4-00C5B50GKUS1MI8-GTE-P00035,Settled Early,08/20/26 03:46:15.089 PM EDT,$0.00
Over 4.5,MLB-TRUNS-I4-00C5B50GKUS1MI8-GTE-P00045,Settled Early,08/20/26 03:46:15.574 PM EDT,$0.00
Over 2.5,MLB-TRUNS-I4-00C5B50GKUS1MI8-GTE-P00025,Settled Early,08/20/26 03:46:15.929 PM EDT,$0.00
Over 0.5,MLB-TRUNS-I7-00C5B576KUS1M0G-GTE-P00005,Settled Early,08/20/26 03:48:01.616 PM EDT,$1.00
Over 2.5,MLB-TRUNS-I4-00C5B502KUS1N1G-GTE-P00025,Settled Early,08/20/26 03:55:28.770 PM EDT,$0.00
Over 4.5,MLB-TRUNS-I4-00C5B502KUS1N1G-GTE-P00045,Settled Early,08/20/26 03:55:29.230 PM EDT,$0.00
Over 3.5,MLB-TRUNS-I4-00C5B502KUS1N1G-GTE-P00035,Settled Early,08/20/26 03:55:29.532 PM EDT,$0.00
Over 2.5,MLB-TRUNS-I9-00C5B56EKUS1MJG-GTE-P00025,Settled Early,08/20/26 03:55:51.152 PM EDT,$0.00
Over 15.5,MLB-TRUNS-FG-00C5B56EKUS1MJG-GTE-P00155,Settled Early,08/20/26 03:55:51.225 PM EDT,$0.00
TOR Blue Jays,MLB-WIN-FG-00C5B56EKUS1MJG-TOYS000,Settled Early,08/20/26 03:55:51.290 PM EDT,$1.00
Over 1.5,MLB-TRUNS-I9-00C5B56EKUS1MJG-GTE-P00015,Settled Early,08/20/26 03:55:51.533 PM EDT,$0.00
Over 14.5,MLB-TRUNS-FG-00C5B56EKUS1MJG-GTE-P00145,Settled Early,08/20/26 03:55:51.579 PM EDT,$0.00
TB Rays,MLB-WIN-FG-00C5B56EKUS1MJG-TBYS000,Settled Early,08/20/26 03:55:51.735 PM EDT,$0.00
Over 0.5,MLB-TRUNS-I9-00C5B56EKUS1MJG-GTE-P00005,Settled Early,08/20/26 03:55:51.923 PM EDT,$0.00
Over 3.5,MLB-TRUNS-FG-00C5B56EKUS1MJG-GTE-P00035,Settled Early,08/20/26 03:55:52.027 PM EDT,$1.00
Over 4.5,MLB-TRUNS-FG-00C5B56EKUS1MJG-GTE-P00045,Settled Early,08/20/26 03:55:52.355 PM EDT,$1.00
Over 5.5,MLB-TRUNS-FG-00C5B56EKUS1MJG-GTE-P00055,Settled Early,08/20/26 03:55:52.775 PM EDT,$1.00
Over 9.5,MLB-TRUNS-FG-00C5B56EKUS1MJG-GTE-P00095,Settled Early,08/20/26 03:55:53.087 PM EDT,$0.00
Over 3.5,MLB-TRUNS-I9-00C5B56EKUS1MJG-GTE-P00035,Settled Early,08/20/26 03:55:53.235 PM EDT,$0.00
Over 10.5,MLB-TRUNS-FG-00C5B56EKUS1MJG-GTE-P00105,Settled Early,08/20/26 03:55:53.470 PM EDT,$0.00
Over 4.5,MLB-TRUNS-I9-00C5B56EKUS1MJG-GTE-P00045,Settled Early,08/20/26 03:55:53.553 PM EDT,$0.00
Over 13.5,MLB-TRUNS-FG-00C5B56EKUS1MJG-GTE-P00135,Settled Early,08/20/26 03:55:53.818 PM EDT,$0.00
Over 8.5,MLB-TRUNS-FG-00C5B56EKUS1MJG-GTE-P00085,Settled Early,08/20/26 03:55:54.463 PM EDT,$0.00
Over 7.5,MLB-TRUNS-FG-00C5B56EKUS1MJG-GTE-P00075,Settled Early,08/20/26 03:55:55.035 PM EDT,$0.00
Over 6.5,MLB-TRUNS-FG-00C5B56EKUS1MJG-GTE-P00065,Settled Early,08/20/26 03:55:55.556 PM EDT,$0.00
Over 12.5,MLB-TRUNS-FG-00C5B56EKUS1MJG-GTE-P00125,Settled Early,08/20/26 03:55:56.612 PM EDT,$0.00
Over 11.5,MLB-TRUNS-FG-00C5B56EKUS1MJG-GTE-P00115,Settled Early,08/20/26 03:55:56.955 PM EDT,$0.00
Over 0.5,MLB-TRUNS-I5-00C5B50GKUS1MI8-GTE-P00005,Settled Early,08/20/26 03:57:24.983 PM EDT,$1.00
STL Cardinals,MLB-WIN-FG-00C5BRBTKUS857G-STLS000,Settled Early,08/20/26 03:59:20.221 PM EDT,$1.00
Over 5.5,MLB-TRUNS-FG-00C5BRBTKUS857G-GTE-P00055,Settled Early,08/20/26 03:59:20.279 PM EDT,$1.00
CIN Reds,MLB-WIN-FG-00C5BRBTKUS857G-CIDS000,Settled Early,08/20/26 03:59:20.563 PM EDT,$0.00
Over 7.5,MLB-TRUNS-FG-00C5BRBTKUS857G-GTE-P00075,Settled Early,08/20/26 03:59:20.590 PM EDT,$1.00
Over 10.5,MLB-TRUNS-FG-00C5BRBTKUS857G-GTE-P00105,Settled Early,08/20/26 03:59:20.997 PM EDT,$1.00
Over 9.5,MLB-TRUNS-FG-00C5BRBTKUS857G-GTE-P00095,Settled Early,08/20/26 03:59:21.358 PM EDT,$1.00
Over 8.5,MLB-TRUNS-FG-00C5BRBTKUS857G-GTE-P00085,Settled Early,08/20/26 03:59:21.704 PM EDT,$1.00
Over 13.5,MLB-TRUNS-FG-00C5BRBTKUS857G-GTE-P00135,Settled Early,08/20/26 03:59:22.015 PM EDT,$1.00
Over 12.5,MLB-TRUNS-FG-00C5BRBTKUS857G-GTE-P00125,Settled Early,08/20/26 03:59:22.399 PM EDT,$1.00
Over 15.5,MLB-TRUNS-FG-00C5BRBTKUS857G-GTE-P00155,Settled Early,08/20/26 03:59:22.688 PM EDT,$1.00
Over 11.5,MLB-TRUNS-FG-00C5BRBTKUS857G-GTE-P00115,Settled Early,08/20/26 03:59:22.979 PM EDT,$1.00
Over 6.5,MLB-TRUNS-FG-00C5BRBTKUS857G-GTE-P00065,Settled Early,08/20/26 03:59:23.398 PM EDT,$1.00
Over 3.5,MLB-TRUNS-FG-00C5BRBTKUS857G-GTE-P00035,Settled Early,08/20/26 03:59:23.715 PM EDT,$1.00
Over 4.5,MLB-TRUNS-FG-00C5BRBTKUS857G-GTE-P00045,Settled Early,08/20/26 03:59:24.329 PM EDT,$1.00
Over 14.5,MLB-TRUNS-FG-00C5BRBTKUS857G-GTE-P00145,Settled Early,08/20/26 03:59:24.900 PM EDT,$1.00
Over 1.5,MLB-TRUNS-I5-00C5B50GKUS1MI8-GTE-P00015,Settled Early,08/20/26 04:00:44.950 PM EDT,$1.00
Kazuma Okamoto 0.5,MLB-PHRR-FG-00C5B56EKUS1MJG-KATO000-GTE-P00005,Settled Early,08/20/26 04:02:55.323 PM EDT,$1.00
Kazuma Okamoto 1.5,MLB-PHRR-FG-00C5B56EKUS1MJG-KATO000-GTE-P00015,Settled Early,08/20/26 04:02:55.692 PM EDT,$1.00
Kazuma Okamoto 2.5,MLB-PHRR-FG-00C5B56EKUS1MJG-KATO000-GTE-P00025,Settled Early,08/20/26 04:02:56.165 PM EDT,$1.00
Kazuma Okamoto 3.5,MLB-PHRR-FG-00C5B56EKUS1MJG-KATO000-GTE-P00035,Settled Early,08/20/26 04:02:56.450 PM EDT,$1.00
Kazuma Okamoto 4.5,MLB-PHRR-FG-00C5B56EKUS1MJG-KATO000-GTE-P00045,Settled Early,08/20/26 04:02:56.778 PM EDT,$0.00
Kazuma Okamoto 5.5,MLB-PHRR-FG-00C5B56EKUS1MJG-KATO000-GTE-P00055,Settled Early,08/20/26 04:02:57.152 PM EDT,$0.00
Kazuma Okamoto 6.5,MLB-PHRR-FG-00C5B56EKUS1MJG-KATO000-GTE-P00065,Settled Early,08/20/26 04:02:57.446 PM EDT,$0.00
Kazuma Okamoto 7.5,MLB-PHRR-FG-00C5B56EKUS1MJG-KATO000-GTE-P00075,Settled Early,08/20/26 04:02:57.791 PM EDT,$0.00
Kazuma Okamoto 8.5,MLB-PHRR-FG-00C5B56EKUS1MJG-KATO000-GTE-P00085,Settled Early,08/20/26 04:02:58.120 PM EDT,$0.00
Kazuma Okamoto 9.5,MLB-PHRR-FG-00C5B56EKUS1MJG-KATO000-GTE-P00095,Settled Early,08/20/26 04:02:58.472 PM EDT,$0.00
Myles Straw 0.5,MLB-PHRR-FG-00C5B56EKUS1MJG-MYAW000-GTE-P00005,Settled Early,08/20/26 04:03:16.996 PM EDT,$0.00
Myles Straw 1.5,MLB-PHRR-FG-00C5B56EKUS1MJG-MYAW000-GTE-P00015,Settled Early,08/20/26 04:03:17.394 PM EDT,$0.00
Myles Straw 2.5,MLB-PHRR-FG-00C5B56EKUS1MJG-MYAW000-GTE-P00025,Settled Early,08/20/26 04:03:17.683 PM EDT,$0.00
Myles Straw 3.5,MLB-PHRR-FG-00C5B56EKUS1MJG-MYAW000-GTE-P00035,Settled Early,08/20/26 04:03:17.974 PM EDT,$0.00
Myles Straw 4.5,MLB-PHRR-FG-00C5B56EKUS1MJG-MYAW000-GTE-P00045,Settled Early,08/20/26 04:03:18.302 PM EDT,$0.00
Myles Straw 5.5,MLB-PHRR-FG-00C5B56EKUS1MJG-MYAW000-GTE-P00055,Settled Early,08/20/26 04:03:18.639 PM EDT,$0.00
Myles Straw 6.5,MLB-PHRR-FG-00C5B56EKUS1MJG-MYAW000-GTE-P00065,Settled Early,08/20/26 04:03:18.992 PM EDT,$0.00
Myles Straw 7.5,MLB-PHRR-FG-00C5B56EKUS1MJG-MYAW000-GTE-P00075,Settled Early,08/20/26 04:03:19.317 PM EDT,$0.00
Myles Straw 8.5,MLB-PHRR-FG-00C5B56EKUS1MJG-MYAW000-GTE-P00085,Settled Early,08/20/26 04:03:19.679 PM EDT,$0.00
Myles Straw 9.5,MLB-PHRR-FG-00C5B56EKUS1MJG-MYAW000-GTE-P00095,Settled Early,08/20/26 04:03:19.999 PM EDT,$0.00
Richie Palacios 0.5,MLB-PHRR-FG-00C5B56EKUS1MJG-RIOS000-GTE-P00005,Settled Early,08/20/26 04:03:40.829 PM EDT,$0.00
Richie Palacios 9.5,MLB-PHRR-FG-00C5B56EKUS1MJG-RIOS000-GTE-P00095,Settled Early,08/20/26 04:03:41.121 PM EDT,$0.00
Richie Palacios 1.5,MLB-PHRR-FG-00C5B56EKUS1MJG-RIOS000-GTE-P00015,Settled Early,08/20/26 04:03:41.536 PM EDT,$0.00
Richie Palacios 2.5,MLB-PHRR-FG-00C5B56EKUS1MJG-RIOS000-GTE-P00025,Settled Early,08/20/26 04:03:42.105 PM EDT,$0.00
Richie Palacios 3.5,MLB-PHRR-FG-00C5B56EKUS1MJG-RIOS000-GTE-P00035,Settled Early,08/20/26 04:03:42.525 PM EDT,$0.00
Richie Palacios 4.5,MLB-PHRR-FG-00C5B56EKUS1MJG-RIOS000-GTE-P00045,Settled Early,08/20/26 04:03:42.857 PM EDT,$0.00
Richie Palacios 5.5,MLB-PHRR-FG-00C5B56EKUS1MJG-RIOS000-GTE-P00055,Settled Early,08/20/26 04:03:43.188 PM EDT,$0.00
Richie Palacios 6.5,MLB-PHRR-FG-00C5B56EKUS1MJG-RIOS000-GTE-P00065,Settled Early,08/20/26 04:03:43.722 PM EDT,$0.00
Richie Palacios 7.5,MLB-PHRR-FG-00C5B56EKUS1MJG-RIOS000-GTE-P00075,Settled Early,08/20/26 04:03:44.355 PM EDT,$0.00
Richie Palacios 8.5,MLB-PHRR-FG-00C5B56EKUS1MJG-RIOS000-GTE-P00085,Settled Early,08/20/26 04:03:45.030 PM EDT,$0.00
Ernie Clement 0.5,MLB-PHRR-FG-00C5B56EKUS1MJG-ERNT000-GTE-P00005,Settled Early,08/20/26 04:04:01.379 PM EDT,$1.00
Ernie Clement 1.5,MLB-PHRR-FG-00C5B56EKUS1MJG-ERNT000-GTE-P00015,Settled Early,08/20/26 04:04:01.742 PM EDT,$0.00
Ernie Clement 2.5,MLB-PHRR-FG-00C5B56EKUS1MJG-ERNT000-GTE-P00025,Settled Early,08/20/26 04:04:02.195 PM EDT,$0.00
Ernie Clement 3.5,MLB-PHRR-FG-00C5B56EKUS1MJG-ERNT000-GTE-P00035,Settled Early,08/20/26 04:04:02.631 PM EDT,$0.00
Ernie Clement 4.5,MLB-PHRR-FG-00C5B56EKUS1MJG-ERNT000-GTE-P00045,Settled Early,08/20/26 04:04:03.028 PM EDT,$0.00
Ernie Clement 5.5,MLB-PHRR-FG-00C5B56EKUS1MJG-ERNT000-GTE-P00055,Settled Early,08/20/26 04:04:03.738 PM EDT,$0.00
Ernie Clement 6.5,MLB-PHRR-FG-00C5B56EKUS1MJG-ERNT000-GTE-P00065,Settled Early,08/20/26 04:04:04.418 PM EDT,$0.00
Ernie Clement 7.5,MLB-PHRR-FG-00C5B56EKUS1MJG-ERNT000-GTE-P00075,Settled Early,08/20/26 04:04:05.053 PM EDT,$0.00
Ernie Clement 8.5,MLB-PHRR-FG-00C5B56EKUS1MJG-ERNT000-GTE-P00085,Settled Early,08/20/26 04:04:05.747 PM EDT,$0.00
Ernie Clement 9.5,MLB-PHRR-FG-00C5B56EKUS1MJG-ERNT000-GTE-P00095,Settled Early,08/20/26 04:04:06.386 PM EDT,$0.00
George Springer 0.5,MLB-PHRR-FG-00C5B56EKUS1MJG-GEER000-GTE-P00005,Settled Early,08/20/26 04:04:21.719 PM EDT,$1.00
George Springer 1.5,MLB-PHRR-FG-00C5B56EKUS1MJG-GEER000-GTE-P00015,Settled Early,08/20/26 04:04:22.454 PM EDT,$1.00
George Springer 2.5,MLB-PHRR-FG-00C5B56EKUS1MJG-GEER000-GTE-P00025,Settled Early,08/20/26 04:04:22.954 PM EDT,$1.00
George Springer 3.5,MLB-PHRR-FG-00C5B56EKUS1MJG-GEER000-GTE-P00035,Settled Early,08/20/26 04:04:23.298 PM EDT,$1.00
George Springer 4.5,MLB-PHRR-FG-00C5B56EKUS1MJG-GEER000-GTE-P00045,Settled Early,08/20/26 04:04:23.694 PM EDT,$0.00
George Springer 5.5,MLB-PHRR-FG-00C5B56EKUS1MJG-GEER000-GTE-P00055,Settled Early,08/20/26 04:04:24.252 PM EDT,$0.00
George Springer 6.5,MLB-PHRR-FG-00C5B56EKUS1MJG-GEER000-GTE-P00065,Settled Early,08/20/26 04:04:25.217 PM EDT,$0.00
George Springer 7.5,MLB-PHRR-FG-00C5B56EKUS1MJG-GEER000-GTE-P00075,Settled Early,08/20/26 04:04:25.788 PM EDT,$0.00
George Springer 8.5,MLB-PHRR-FG-00C5B56EKUS1MJG-GEER000-GTE-P00085,Settled Early,08/20/26 04:04:26.095 PM EDT,$0.00
George Springer 9.5,MLB-PHRR-FG-00C5B56EKUS1MJG-GEER000-GTE-P00095,Settled Early,08/20/26 04:04:26.498 PM EDT,$0.00
Charles McAdoo 0.5,MLB-PHRR-FG-00C5B56EKUS1MJG-CHOO000-GTE-P00005,Settled Early,08/20/26 04:04:52.790 PM EDT,$1.00
Charles McAdoo 1.5,MLB-PHRR-FG-00C5B56EKUS1MJG-CHOO000-GTE-P00015,Settled Early,08/20/26 04:04:53.293 PM EDT,$1.00
Charles McAdoo 2.5,MLB-PHRR-FG-00C5B56EKUS1MJG-CHOO000-GTE-P00025,Settled Early,08/20/26 04:04:53.716 PM EDT,$0.00
Charles McAdoo 3.5,MLB-PHRR-FG-00C5B56EKUS1MJG-CHOO000-GTE-P00035,Settled Early,08/20/26 04:04:54.328 PM EDT,$0.00
Charles McAdoo 4.5,MLB-PHRR-FG-00C5B56EKUS1MJG-CHOO000-GTE-P00045,Settled Early,08/20/26 04:04:55.266 PM EDT,$0.00
Charles McAdoo 5.5,MLB-PHRR-FG-00C5B56EKUS1MJG-CHOO000-GTE-P00055,Settled Early,08/20/26 04:04:55.746 PM EDT,$0.00
Charles McAdoo 6.5,MLB-PHRR-FG-00C5B56EKUS1MJG-CHOO000-GTE-P00065,Settled Early,08/20/26 04:04:56.743 PM EDT,$0.00
Charles McAdoo 7.5,MLB-PHRR-FG-00C5B56EKUS1MJG-CHOO000-GTE-P00075,Settled Early,08/20/26 04:04:57.444 PM EDT,$0.00
Charles McAdoo 8.5,MLB-PHRR-FG-00C5B56EKUS1MJG-CHOO000-GTE-P00085,Settled Early,08/20/26 04:04:57.991 PM EDT,$0.00
Charles McAdoo 9.5,MLB-PHRR-FG-00C5B56EKUS1MJG-CHOO000-GTE-P00095,Settled Early,08/20/26 04:04:58.474 PM EDT,$0.00
Nick Fortes 0.5,MLB-PHRR-FG-00C5B56EKUS1MJG-NIES000-GTE-P00005,Settled Early,08/20/26 04:05:14.647 PM EDT,$0.00
Nick Fortes 3.5,MLB-PHRR-FG-00C5B56EKUS1MJG-NIES000-GTE-P00035,Settled Early,08/20/26 04:05:15.003 PM EDT,$0.00
Nick Fortes 1.5,MLB-PHRR-FG-00C5B56EKUS1MJG-NIES000-GTE-P00015,Settled Early,08/20/26 04:05:15.389 PM EDT,$0.00
Nick Fortes 2.5,MLB-PHRR-FG-00C5B56EKUS1MJG-NIES000-GTE-P00025,Settled Early,08/20/26 04:05:15.738 PM EDT,$0.00
Nick Fortes 4.5,MLB-PHRR-FG-00C5B56EKUS1MJG-NIES000-GTE-P00045,Settled Early,08/20/26 04:05:16.119 PM EDT,$0.00
Nick Fortes 5.5,MLB-PHRR-FG-00C5B56EKUS1MJG-NIES000-GTE-P00055,Settled Early,08/20/26 04:05:16.586 PM EDT,$0.00
Nick Fortes 6.5,MLB-PHRR-FG-00C5B56EKUS1MJG-NIES000-GTE-P00065,Settled Early,08/20/26 04:05:16.938 PM EDT,$0.00
Nick Fortes 7.5,MLB-PHRR-FG-00C5B56EKUS1MJG-NIES000-GTE-P00075,Settled Early,08/20/26 04:05:17.395 PM EDT,$0.00
Nick Fortes 8.5,MLB-PHRR-FG-00C5B56EKUS1MJG-NIES000-GTE-P00085,Settled Early,08/20/26 04:05:17.862 PM EDT,$0.00
Nick Fortes 9.5,MLB-PHRR-FG-00C5B56EKUS1MJG-NIES000-GTE-P00095,Settled Early,08/20/26 04:05:18.212 PM EDT,$0.00
Junior Caminero 9.5,MLB-PHRR-FG-00C5B56EKUS1MJG-JURO000-GTE-P00095,Settled Early,08/20/26 04:05:38.267 PM EDT,$0.00
Junior Caminero 1.5,MLB-PHRR-FG-00C5B56EKUS1MJG-JURO000-GTE-P00015,Settled Early,08/20/26 04:05:38.659 PM EDT,$1.00
Junior Caminero 0.5,MLB-PHRR-FG-00C5B56EKUS1MJG-JURO000-GTE-P00005,Settled Early,08/20/26 04:05:39.735 PM EDT,$1.00
Junior Caminero 2.5,MLB-PHRR-FG-00C5B56EKUS1MJG-JURO000-GTE-P00025,Settled Early,08/20/26 04:05:40.100 PM EDT,$0.00
Junior Caminero 3.5,MLB-PHRR-FG-00C5B56EKUS1MJG-JURO000-GTE-P00035,Settled Early,08/20/26 04:05:40.792 PM EDT,$0.00
Junior Caminero 4.5,MLB-PHRR-FG-00C5B56EKUS1MJG-JURO000-GTE-P00045,Settled Early,08/20/26 04:05:41.219 PM EDT,$0.00
Junior Caminero 5.5,MLB-PHRR-FG-00C5B56EKUS1MJG-JURO000-GTE-P00055,Settled Early,08/20/26 04:05:41.598 PM EDT,$0.00
Junior Caminero 6.5,MLB-PHRR-FG-00C5B56EKUS1MJG-JURO000-GTE-P00065,Settled Early,08/20/26 04:05:42.229 PM EDT,$0.00
Junior Caminero 7.5,MLB-PHRR-FG-00C5B56EKUS1MJG-JURO000-GTE-P00075,Settled Early,08/20/26 04:05:42.710 PM EDT,$0.00
Junior Caminero 8.5,MLB-PHRR-FG-00C5B56EKUS1MJG-JURO000-GTE-P00085,Settled Early,08/20/26 04:05:43.235 PM EDT,$0.00
Andres Gimenez 0.5,MLB-PHRR-FG-00C5B56EKUS1MJG-ANEZ001-GTE-P00005,Settled Early,08/20/26 04:05:56.871 PM EDT,$1.00
Andres Gimenez 1.5,MLB-PHRR-FG-00C5B56EKUS1MJG-ANEZ001-GTE-P00015,Settled Early,08/20/26 04:05:57.238 PM EDT,$0.00
Andres Gimenez 2.5,MLB-PHRR-FG-00C5B56EKUS1MJG-ANEZ001-GTE-P00025,Settled Early,08/20/26 04:05:57.582 PM EDT,$0.00
Andres Gimenez 3.5,MLB-PHRR-FG-00C5B56EKUS1MJG-ANEZ001-GTE-P00035,Settled Early,08/20/26 04:05:57.893 PM EDT,$0.00
Andres Gimenez 4.5,MLB-PHRR-FG-00C5B56EKUS1MJG-ANEZ001-GTE-P00045,Settled Early,08/20/26 04:05:58.258 PM EDT,$0.00
Andres Gimenez 5.5,MLB-PHRR-FG-00C5B56EKUS1MJG-ANEZ001-GTE-P00055,Settled Early,08/20/26 04:05:58.710 PM EDT,$0.00
Andres Gimenez 6.5,MLB-PHRR-FG-00C5B56EKUS1MJG-ANEZ001-GTE-P00065,Settled Early,08/20/26 04:05:59.025 PM EDT,$0.00
Andres Gimenez 7.5,MLB-PHRR-FG-00C5B56EKUS1MJG-ANEZ001-GTE-P00075,Settled Early,08/20/26 04:05:59.393 PM EDT,$0.00
Andres Gimenez 8.5,MLB-PHRR-FG-00C5B56EKUS1MJG-ANEZ001-GTE-P00085,Settled Early,08/20/26 04:05:59.882 PM EDT,$0.00
Andres Gimenez 9.5,MLB-PHRR-FG-00C5B56EKUS1MJG-ANEZ001-GTE-P00095,Settled Early,08/20/26 04:06:00.233 PM EDT,$0.00
Jorge Mateo 0.5,MLB-PHRR-FG-00C5B56EKUS1MJG-JOEO000-GTE-P00005,Settled Early,08/20/26 04:06:23.462 PM EDT,$0.00
Jorge Mateo 1.5,MLB-PHRR-FG-00C5B56EKUS1MJG-JOEO000-GTE-P00015,Settled Early,08/20/26 04:06:23.942 PM EDT,$0.00
Jorge Mateo 2.5,MLB-PHRR-FG-00C5B56EKUS1MJG-JOEO000-GTE-P00025,Settled Early,08/20/26 04:06:24.521 PM EDT,$0.00
Jorge Mateo 3.5,MLB-PHRR-FG-00C5B56EKUS1MJG-JOEO000-GTE-P00035,Settled Early,08/20/26 04:06:25.248 PM EDT,$0.00
Jorge Mateo 4.5,MLB-PHRR-FG-00C5B56EKUS1MJG-JOEO000-GTE-P00045,Settled Early,08/20/26 04:06:25.835 PM EDT,$0.00
Jorge Mateo 5.5,MLB-PHRR-FG-00C5B56EKUS1MJG-JOEO000-GTE-P00055,Settled Early,08/20/26 04:06:26.354 PM EDT,$0.00
Jorge Mateo 6.5,MLB-PHRR-FG-00C5B56EKUS1MJG-JOEO000-GTE-P00065,Settled Early,08/20/26 04:06:26.975 PM EDT,$0.00
Jorge Mateo 7.5,MLB-PHRR-FG-00C5B56EKUS1MJG-JOEO000-GTE-P00075,Settled Early,08/20/26 04:06:27.542 PM EDT,$0.00
Jorge Mateo 8.5,MLB-PHRR-FG-00C5B56EKUS1MJG-JOEO000-GTE-P00085,Settled Early,08/20/26 04:06:28.137 PM EDT,$0.00
Jorge Mateo 9.5,MLB-PHRR-FG-00C5B56EKUS1MJG-JOEO000-GTE-P00095,Settled Early,08/20/26 04:06:28.687 PM EDT,$0.00
Chandler Simpson 6.5,MLB-PHRR-FG-00C5B56EKUS1MJG-CHON002-GTE-P00065,Settled Early,08/20/26 04:06:56.722 PM EDT,$0.00
Chandler Simpson 0.5,MLB-PHRR-FG-00C5B56EKUS1MJG-CHON002-GTE-P00005,Settled Early,08/20/26 04:06:57.068 PM EDT,$1.00
Chandler Simpson 1.5,MLB-PHRR-FG-00C5B56EKUS1MJG-CHON002-GTE-P00015,Settled Early,08/20/26 04:06:57.616 PM EDT,$1.00
Chandler Simpson 2.5,MLB-PHRR-FG-00C5B56EKUS1MJG-CHON002-GTE-P00025,Settled Early,08/20/26 04:06:58.042 PM EDT,$0.00
Chandler Simpson 3.5,MLB-PHRR-FG-00C5B56EKUS1MJG-CHON002-GTE-P00035,Settled Early,08/20/26 04:06:58.435 PM EDT,$0.00
Chandler Simpson 4.5,MLB-PHRR-FG-00C5B56EKUS1MJG-CHON002-GTE-P00045,Settled Early,08/20/26 04:06:59.185 PM EDT,$0.00
Chandler Simpson 5.5,MLB-PHRR-FG-00C5B56EKUS1MJG-CHON002-GTE-P00055,Settled Early,08/20/26 04:06:59.491 PM EDT,$0.00
Chandler Simpson 7.5,MLB-PHRR-FG-00C5B56EKUS1MJG-CHON002-GTE-P00075,Settled Early,08/20/26 04:06:59.858 PM EDT,$0.00
Chandler Simpson 8.5,MLB-PHRR-FG-00C5B56EKUS1MJG-CHON002-GTE-P00085,Settled Early,08/20/26 04:07:00.429 PM EDT,$0.00
Chandler Simpson 9.5,MLB-PHRR-FG-00C5B56EKUS1MJG-CHON002-GTE-P00095,Settled Early,08/20/26 04:07:00.823 PM EDT,$0.00
Jonathan Aranda 1.5,MLB-PHRR-FG-00C5B56EKUS1MJG-JODA002-GTE-P00015,Settled Early,08/20/26 04:07:18.904 PM EDT,$0.00
Jonathan Aranda 0.5,MLB-PHRR-FG-00C5B56EKUS1MJG-JODA002-GTE-P00005,Settled Early,08/20/26 04:07:19.504 PM EDT,$1.00
Jonathan Aranda 2.5,MLB-PHRR-FG-00C5B56EKUS1MJG-JODA002-GTE-P00025,Settled Early,08/20/26 04:07:20.018 PM EDT,$0.00
Jonathan Aranda 3.5,MLB-PHRR-FG-00C5B56EKUS1MJG-JODA002-GTE-P00035,Settled Early,08/20/26 04:07:20.825 PM EDT,$0.00
Jonathan Aranda 4.5,MLB-PHRR-FG-00C5B56EKUS1MJG-JODA002-GTE-P00045,Settled Early,08/20/26 04:07:21.145 PM EDT,$0.00
Jonathan Aranda 5.5,MLB-PHRR-FG-00C5B56EKUS1MJG-JODA002-GTE-P00055,Settled Early,08/20/26 04:07:21.552 PM EDT,$0.00
Jonathan Aranda 6.5,MLB-PHRR-FG-00C5B56EKUS1MJG-JODA002-GTE-P00065,Settled Early,08/20/26 04:07:21.864 PM EDT,$0.00
Jonathan Aranda 7.5,MLB-PHRR-FG-00C5B56EKUS1MJG-JODA002-GTE-P00075,Settled Early,08/20/26 04:07:22.218 PM EDT,$0.00
Jonathan Aranda 8.5,MLB-PHRR-FG-00C5B56EKUS1MJG-JODA002-GTE-P00085,Settled Early,08/20/26 04:07:22.598 PM EDT,$0.00
Jonathan Aranda 9.5,MLB-PHRR-FG-00C5B56EKUS1MJG-JODA002-GTE-P00095,Settled Early,08/20/26 04:07:22.936 PM EDT,$0.00
Alejandro Kirk 2.5,MLB-PHRR-FG-00C5B56EKUS1MJG-ALRK000-GTE-P00025,Settled Early,08/20/26 04:07:43.172 PM EDT,$0.00
Alejandro Kirk 0.5,MLB-PHRR-FG-00C5B56EKUS1MJG-ALRK000-GTE-P00005,Settled Early,08/20/26 04:07:43.569 PM EDT,$1.00
Alejandro Kirk 9.5,MLB-PHRR-FG-00C5B56EKUS1MJG-ALRK000-GTE-P00095,Settled Early,08/20/26 04:07:44.013 PM EDT,$0.00
Alejandro Kirk 8.5,MLB-PHRR-FG-00C5B56EKUS1MJG-ALRK000-GTE-P00085,Settled Early,08/20/26 04:07:44.326 PM EDT,$0.00
Alejandro Kirk 1.5,MLB-PHRR-FG-00C5B56EKUS1MJG-ALRK000-GTE-P00015,Settled Early,08/20/26 04:07:44.679 PM EDT,$0.00
Alejandro Kirk 3.5,MLB-PHRR-FG-00C5B56EKUS1MJG-ALRK000-GTE-P00035,Settled Early,08/20/26 04:07:45.183 PM EDT,$0.00
Alejandro Kirk 4.5,MLB-PHRR-FG-00C5B56EKUS1MJG-ALRK000-GTE-P00045,Settled Early,08/20/26 04:07:45.745 PM EDT,$0.00
Alejandro Kirk 5.5,MLB-PHRR-FG-00C5B56EKUS1MJG-ALRK000-GTE-P00055,Settled Early,08/20/26 04:07:46.053 PM EDT,$0.00
Alejandro Kirk 6.5,MLB-PHRR-FG-00C5B56EKUS1MJG-ALRK000-GTE-P00065,Settled Early,08/20/26 04:07:46.429 PM EDT,$0.00
Alejandro Kirk 7.5,MLB-PHRR-FG-00C5B56EKUS1MJG-ALRK000-GTE-P00075,Settled Early,08/20/26 04:07:46.907 PM EDT,$0.00
Over 13.5,MLB-TRUNS-FG-00C5B540KUS1NBO-GTE-P00135,Settled Early,08/20/26 04:07:56.363 PM EDT,$0.00
Over 4.5,MLB-TRUNS-I9-00C5B540KUS1NBO-GTE-P00045,Settled Early,08/20/26 04:07:56.439 PM EDT,$0.00
CLE Guardians,MLB-WIN-FG-00C5B540KUS1NBO-CLNS000,Settled Early,08/20/26 04:07:56.476 PM EDT,$1.00
Over 15.5,MLB-TRUNS-FG-00C5B540KUS1NBO-GTE-P00155,Settled Early,08/20/26 04:07:56.847 PM EDT,$0.00
SF Giants,MLB-WIN-FG-00C5B540KUS1NBO-SFTS000,Settled Early,08/20/26 04:07:57.190 PM EDT,$0.00
Over 1.5,MLB-TRUNS-I9-00C5B540KUS1NBO-GTE-P00015,Settled Early,08/20/26 04:07:57.427 PM EDT,$0.00
Over 11.5,MLB-TRUNS-FG-00C5B540KUS1NBO-GTE-P00115,Settled Early,08/20/26 04:07:57.428 PM EDT,$0.00
Over 0.5,MLB-TRUNS-I9-00C5B540KUS1NBO-GTE-P00005,Settled Early,08/20/26 04:07:57.760 PM EDT,$0.00
Over 8.5,MLB-TRUNS-FG-00C5B540KUS1NBO-GTE-P00085,Settled Early,08/20/26 04:07:57.761 PM EDT,$0.00
Over 2.5,MLB-TRUNS-I9-00C5B540KUS1NBO-GTE-P00025,Settled Early,08/20/26 04:07:58.091 PM EDT,$0.00
Over 3.5,MLB-TRUNS-FG-00C5B540KUS1NBO-GTE-P00035,Settled Early,08/20/26 04:07:58.116 PM EDT,$1.00
Over 3.5,MLB-TRUNS-I9-00C5B540KUS1NBO-GTE-P00035,Settled Early,08/20/26 04:07:58.454 PM EDT,$0.00
Over 14.5,MLB-TRUNS-FG-00C5B540KUS1NBO-GTE-P00145,Settled Early,08/20/26 04:07:58.506 PM EDT,$0.00
Over 12.5,MLB-TRUNS-FG-00C5B540KUS1NBO-GTE-P00125,Settled Early,08/20/26 04:07:58.791 PM EDT,$0.00
Over 9.5,MLB-TRUNS-FG-00C5B540KUS1NBO-GTE-P00095,Settled Early,08/20/26 04:07:59.213 PM EDT,$0.00
Over 10.5,MLB-TRUNS-FG-00C5B540KUS1NBO-GTE-P00105,Settled Early,08/20/26 04:07:59.557 PM EDT,$0.00
Over 6.5,MLB-TRUNS-FG-00C5B540KUS1NBO-GTE-P00065,Settled Early,08/20/26 04:07:59.903 PM EDT,$1.00
Over 7.5,MLB-TRUNS-FG-00C5B540KUS1NBO-GTE-P00075,Settled Early,08/20/26 04:08:00.429 PM EDT,$0.00
Daz Cameron 0.5,MLB-PHRR-FG-00C5B56EKUS1MJG-DAON295-GTE-P00005,Settled Early,08/20/26 04:08:00.854 PM EDT,$1.00
Over 5.5,MLB-TRUNS-FG-00C5B540KUS1NBO-GTE-P00055,Settled Early,08/20/26 04:08:00.875 PM EDT,$1.00
Over 4.5,MLB-TRUNS-FG-00C5B540KUS1NBO-GTE-P00045,Settled Early,08/20/26 04:08:01.204 PM EDT,$1.00
Daz Cameron 1.5,MLB-PHRR-FG-00C5B56EKUS1MJG-DAON295-GTE-P00015,Settled Early,08/20/26 04:08:01.227 PM EDT,$1.00
Daz Cameron 2.5,MLB-PHRR-FG-00C5B56EKUS1MJG-DAON295-GTE-P00025,Settled Early,08/20/26 04:08:01.526 PM EDT,$1.00
Daz Cameron 3.5,MLB-PHRR-FG-00C5B56EKUS1MJG-DAON295-GTE-P00035,Settled Early,08/20/26 04:08:01.950 PM EDT,$1.00
Daz Cameron 4.5,MLB-PHRR-FG-00C5B56EKUS1MJG-DAON295-GTE-P00045,Settled Early,08/20/26 04:08:02.270 PM EDT,$1.00
Daz Cameron 5.5,MLB-PHRR-FG-00C5B56EKUS1MJG-DAON295-GTE-P00055,Settled Early,08/20/26 04:08:02.615 PM EDT,$0.00
Daz Cameron 6.5,MLB-PHRR-FG-00C5B56EKUS1MJG-DAON295-GTE-P00065,Settled Early,08/20/26 04:08:03.058 PM EDT,$0.00
Daz Cameron 7.5,MLB-PHRR-FG-00C5B56EKUS1MJG-DAON295-GTE-P00075,Settled Early,08/20/26 04:08:03.504 PM EDT,$0.00
Daz Cameron 8.5,MLB-PHRR-FG-00C5B56EKUS1MJG-DAON295-GTE-P00085,Settled Early,08/20/26 04:08:03.931 PM EDT,$0.00
Daz Cameron 9.5,MLB-PHRR-FG-00C5B56EKUS1MJG-DAON295-GTE-P00095,Settled Early,08/20/26 04:08:04.596 PM EDT,$0.00
Jonny DeLuca 0.5,MLB-PHRR-FG-00C5B56EKUS1MJG-JOCA001-GTE-P00005,Settled Early,08/20/26 04:08:23.928 PM EDT,$0.00
Jonny DeLuca 1.5,MLB-PHRR-FG-00C5B56EKUS1MJG-JOCA001-GTE-P00015,Settled Early,08/20/26 04:08:24.421 PM EDT,$0.00
Jonny DeLuca 8.5,MLB-PHRR-FG-00C5B56EKUS1MJG-JOCA001-GTE-P00085,Settled Early,08/20/26 04:08:24.863 PM EDT,$0.00
Jonny DeLuca 9.5,MLB-PHRR-FG-00C5B56EKUS1MJG-JOCA001-GTE-P00095,Settled Early,08/20/26 04:08:25.293 PM EDT,$0.00
Jonny DeLuca 2.5,MLB-PHRR-FG-00C5B56EKUS1MJG-JOCA001-GTE-P00025,Settled Early,08/20/26 04:08:25.610 PM EDT,$0.00
Jonny DeLuca 3.5,MLB-PHRR-FG-00C5B56EKUS1MJG-JOCA001-GTE-P00035,Settled Early,08/20/26 04:08:26.014 PM EDT,$0.00
Jonny DeLuca 4.5,MLB-PHRR-FG-00C5B56EKUS1MJG-JOCA001-GTE-P00045,Settled Early,08/20/26 04:08:26.437 PM EDT,$0.00
Jonny DeLuca 5.5,MLB-PHRR-FG-00C5B56EKUS1MJG-JOCA001-GTE-P00055,Settled Early,08/20/26 04:08:26.809 PM EDT,$0.00
Jonny DeLuca 6.5,MLB-PHRR-FG-00C5B56EKUS1MJG-JOCA001-GTE-P00065,Settled Early,08/20/26 04:08:27.436 PM EDT,$0.00
Jonny DeLuca 7.5,MLB-PHRR-FG-00C5B56EKUS1MJG-JOCA001-GTE-P00075,Settled Early,08/20/26 04:08:27.831 PM EDT,$0.00
Cedric Mullins 0.5,MLB-PHRR-FG-00C5B56EKUS1MJG-CENS000-GTE-P00005,Settled Early,08/20/26 04:08:45.997 PM EDT,$0.00
Cedric Mullins 1.5,MLB-PHRR-FG-00C5B56EKUS1MJG-CENS000-GTE-P00015,Settled Early,08/20/26 04:08:46.548 PM EDT,$0.00
Cedric Mullins 2.5,MLB-PHRR-FG-00C5B56EKUS1MJG-CENS000-GTE-P00025,Settled Early,08/20/26 04:08:46.875 PM EDT,$0.00
Cedric Mullins 3.5,MLB-PHRR-FG-00C5B56EKUS1MJG-CENS000-GTE-P00035,Settled Early,08/20/26 04:08:47.286 PM EDT,$0.00
Cedric Mullins 4.5,MLB-PHRR-FG-00C5B56EKUS1MJG-CENS000-GTE-P00045,Settled Early,08/20/26 04:08:47.753 PM EDT,$0.00
Cedric Mullins 5.5,MLB-PHRR-FG-00C5B56EKUS1MJG-CENS000-GTE-P00055,Settled Early,08/20/26 04:08:48.308 PM EDT,$0.00
Cedric Mullins 6.5,MLB-PHRR-FG-00C5B56EKUS1MJG-CENS000-GTE-P00065,Settled Early,08/20/26 04:08:48.698 PM EDT,$0.00
Cedric Mullins 7.5,MLB-PHRR-FG-00C5B56EKUS1MJG-CENS000-GTE-P00075,Settled Early,08/20/26 04:08:49.493 PM EDT,$0.00
Cedric Mullins 8.5,MLB-PHRR-FG-00C5B56EKUS1MJG-CENS000-GTE-P00085,Settled Early,08/20/26 04:08:50.250 PM EDT,$0.00
Cedric Mullins 9.5,MLB-PHRR-FG-00C5B56EKUS1MJG-CENS000-GTE-P00095,Settled Early,08/20/26 04:08:50.994 PM EDT,$0.00
Over 0.5,MLB-TRUNS-I5-00C5B502KUS1N1G-GTE-P00005,Settled Early,08/20/26 04:09:08.830 PM EDT,$0.00
Over 0.5,MLB-TRUNS-IT5-00C5B502KUS1N1G-GTE-P00005,Settled Early,08/20/26 04:09:08.885 PM EDT,$1.00
MIL Brewers,MLB-WIN-IT5-00C5B502KUS1N1G-MIRS000,Settled Early,08/20/26 04:09:08.947 PM EDT,$1.00
MIL Brewers -0.5,MLB-MOVY-IT5-00C5B502KUS1N1G-MIRS000-GTE-P00005,Settled Early,08/20/26 04:09:08.975 PM EDT,$1.00
MIL Brewers -1.5,MLB-MOVY-IT5-00C5B502KUS1N1G-MIRS000-GTE-P00015,Settled Early,08/20/26 04:09:09.877 PM EDT,$1.00
Over 1.5,MLB-TRUNS-IT5-00C5B502KUS1N1G-GTE-P00015,Settled Early,08/20/26 04:09:09.888 PM EDT,$1.00
SEA Mariners,MLB-WIN-IT5-00C5B502KUS1N1G-SERS000,Settled Early,08/20/26 04:09:10.023 PM EDT,$0.00
Over 2.5,MLB-TRUNS-IT5-00C5B502KUS1N1G-GTE-P00025,Settled Early,08/20/26 04:09:10.637 PM EDT,$1.00
Over 4.5,MLB-TRUNS-I5-00C5B502KUS1N1G-GTE-P00045,Settled Early,08/20/26 04:09:10.839 PM EDT,$0.00
Over 3.5,MLB-TRUNS-IT5-00C5B502KUS1N1G-GTE-P00035,Settled Early,08/20/26 04:09:11.190 PM EDT,$1.00
Over 3.5,MLB-TRUNS-I5-00C5B502KUS1N1G-GTE-P00035,Settled Early,08/20/26 04:09:11.393 PM EDT,$0.00
MIL Brewers -2.5,MLB-MOVY-IT5-00C5B502KUS1N1G-MIRS000-GTE-P00025,Settled Early,08/20/26 04:09:11.395 PM EDT,$0.00
Over 1.5,MLB-TRUNS-I5-00C5B502KUS1N1G-GTE-P00015,Settled Early,08/20/26 04:09:11.817 PM EDT,$0.00
MIL Brewers -3.5,MLB-MOVY-IT5-00C5B502KUS1N1G-MIRS000-GTE-P00035,Settled Early,08/20/26 04:09:11.944 PM EDT,$0.00
Over 4.5,MLB-TRUNS-IT5-00C5B502KUS1N1G-GTE-P00045,Settled Early,08/20/26 04:09:12.020 PM EDT,$1.00
Over 2.5,MLB-TRUNS-I5-00C5B502KUS1N1G-GTE-P00025,Settled Early,08/20/26 04:09:12.152 PM EDT,$0.00
MIL Brewers -4.5,MLB-MOVY-IT5-00C5B502KUS1N1G-MIRS000-GTE-P00045,Settled Early,08/20/26 04:09:12.444 PM EDT,$0.00
Over 5.5,MLB-TRUNS-IT5-00C5B502KUS1N1G-GTE-P00055,Settled Early,08/20/26 04:09:12.708 PM EDT,$1.00
Over 6.5,MLB-TRUNS-IT5-00C5B502KUS1N1G-GTE-P00065,Settled Early,08/20/26 04:09:13.095 PM EDT,$1.00
SEA Mariners -0.5,MLB-MOVY-IT5-00C5B502KUS1N1G-SERS000-GTE-P00005,Settled Early,08/20/26 04:09:13.096 PM EDT,$0.00
SEA Mariners -1.5,MLB-MOVY-IT5-00C5B502KUS1N1G-SERS000-GTE-P00015,Settled Early,08/20/26 04:09:13.537 PM EDT,$0.00
Over 7.5,MLB-TRUNS-IT5-00C5B502KUS1N1G-GTE-P00075,Settled Early,08/20/26 04:09:13.549 PM EDT,$1.00
SEA Mariners -2.5,MLB-MOVY-IT5-00C5B502KUS1N1G-SERS000-GTE-P00025,Settled Early,08/20/26 04:09:13.928 PM EDT,$0.00
Over 8.5,MLB-TRUNS-IT5-00C5B502KUS1N1G-GTE-P00085,Settled Early,08/20/26 04:09:14.104 PM EDT,$1.00
SEA Mariners -3.5,MLB-MOVY-IT5-00C5B502KUS1N1G-SERS000-GTE-P00035,Settled Early,08/20/26 04:09:14.292 PM EDT,$0.00
Over 9.5,MLB-TRUNS-IT5-00C5B502KUS1N1G-GTE-P00095,Settled Early,08/20/26 04:09:14.417 PM EDT,$1.00
SEA Mariners -4.5,MLB-MOVY-IT5-00C5B502KUS1N1G-SERS000-GTE-P00045,Settled Early,08/20/26 04:09:14.636 PM EDT,$0.00
Over 10.5,MLB-TRUNS-IT5-00C5B502KUS1N1G-GTE-P00105,Settled Early,08/20/26 04:09:15.053 PM EDT,$0.00
Yandy Diaz 0.5,MLB-PHRR-FG-00C5B56EKUS1MJG-YAAZ000-GTE-P00005,Settled Early,08/20/26 04:09:16.683 PM EDT,$1.00
Yandy Diaz 9.5,MLB-PHRR-FG-00C5B56EKUS1MJG-YAAZ000-GTE-P00095,Settled Early,08/20/26 04:09:17.152 PM EDT,$0.00
Yandy Diaz 1.5,MLB-PHRR-FG-00C5B56EKUS1MJG-YAAZ000-GTE-P00015,Settled Early,08/20/26 04:09:17.499 PM EDT,$1.00
Yandy Diaz 2.5,MLB-PHRR-FG-00C5B56EKUS1MJG-YAAZ000-GTE-P00025,Settled Early,08/20/26 04:09:17.949 PM EDT,$0.00
Yandy Diaz 3.5,MLB-PHRR-FG-00C5B56EKUS1MJG-YAAZ000-GTE-P00035,Settled Early,08/20/26 04:09:18.372 PM EDT,$0.00
Yandy Diaz 4.5,MLB-PHRR-FG-00C5B56EKUS1MJG-YAAZ000-GTE-P00045,Settled Early,08/20/26 04:09:18.676 PM EDT,$0.00
Yandy Diaz 5.5,MLB-PHRR-FG-00C5B56EKUS1MJG-YAAZ000-GTE-P00055,Settled Early,08/20/26 04:09:19.178 PM EDT,$0.00
Yandy Diaz 6.5,MLB-PHRR-FG-00C5B56EKUS1MJG-YAAZ000-GTE-P00065,Settled Early,08/20/26 04:09:19.474 PM EDT,$0.00
Yandy Diaz 7.5,MLB-PHRR-FG-00C5B56EKUS1MJG-YAAZ000-GTE-P00075,Settled Early,08/20/26 04:09:19.849 PM EDT,$0.00
Yandy Diaz 8.5,MLB-PHRR-FG-00C5B56EKUS1MJG-YAAZ000-GTE-P00085,Settled Early,08/20/26 04:09:20.243 PM EDT,$0.00
Nathan Lukes 0.5,MLB-PHRR-FG-00C5B56EKUS1MJG-NAES001-GTE-P00005,Settled Early,08/20/26 04:09:41.605 PM EDT,$1.00
Over 2.5,MLB-TRUNS-I7-00C5B576KUS1M0G-GTE-P00025,Settled Early,08/20/26 04:09:41.617 PM EDT,$0.00
Over 4.5,MLB-TRUNS-I7-00C5B576KUS1M0G-GTE-P00045,Settled Early,08/20/26 04:09:42.257 PM EDT,$0.00
Nathan Lukes 5.5,MLB-PHRR-FG-00C5B56EKUS1MJG-NAES001-GTE-P00055,Settled Early,08/20/26 04:09:42.316 PM EDT,$0.00
Over 3.5,MLB-TRUNS-I7-00C5B576KUS1M0G-GTE-P00035,Settled Early,08/20/26 04:09:42.715 PM EDT,$0.00
Nathan Lukes 1.5,MLB-PHRR-FG-00C5B56EKUS1MJG-NAES001-GTE-P00015,Settled Early,08/20/26 04:09:42.734 PM EDT,$1.00
Over 1.5,MLB-TRUNS-I7-00C5B576KUS1M0G-GTE-P00015,Settled Early,08/20/26 04:09:43.069 PM EDT,$0.00
Nathan Lukes 2.5,MLB-PHRR-FG-00C5B56EKUS1MJG-NAES001-GTE-P00025,Settled Early,08/20/26 04:09:43.162 PM EDT,$1.00
Nathan Lukes 3.5,MLB-PHRR-FG-00C5B56EKUS1MJG-NAES001-GTE-P00035,Settled Early,08/20/26 04:09:43.526 PM EDT,$0.00
Nathan Lukes 4.5,MLB-PHRR-FG-00C5B56EKUS1MJG-NAES001-GTE-P00045,Settled Early,08/20/26 04:09:44.260 PM EDT,$0.00
Nathan Lukes 6.5,MLB-PHRR-FG-00C5B56EKUS1MJG-NAES001-GTE-P00065,Settled Early,08/20/26 04:09:44.765 PM EDT,$0.00
Over 2.5,MLB-TRUNS-I5-00C5B50GKUS1MI8-GTE-P00025,Settled Early,08/20/26 04:09:45.068 PM EDT,$1.00
Nathan Lukes 7.5,MLB-PHRR-FG-00C5B56EKUS1MJG-NAES001-GTE-P00075,Settled Early,08/20/26 04:09:45.223 PM EDT,$0.00
Nathan Lukes 8.5,MLB-PHRR-FG-00C5B56EKUS1MJG-NAES001-GTE-P00085,Settled Early,08/20/26 04:09:45.709 PM EDT,$0.00
Nathan Lukes 9.5,MLB-PHRR-FG-00C5B56EKUS1MJG-NAES001-GTE-P00095,Settled Early,08/20/26 04:09:46.053 PM EDT,$0.00
Hector Rodriguez 0.5,MLB-PHRR-FG-00C5BRBTKUS857G-HEEZ001-GTE-P00005,Settled Early,08/20/26 04:11:21.774 PM EDT,$1.00
Hector Rodriguez 1.5,MLB-PHRR-FG-00C5BRBTKUS857G-HEEZ001-GTE-P00015,Settled Early,08/20/26 04:11:22.342 PM EDT,$1.00
Hector Rodriguez 2.5,MLB-PHRR-FG-00C5BRBTKUS857G-HEEZ001-GTE-P00025,Settled Early,08/20/26 04:11:22.900 PM EDT,$0.00
Hector Rodriguez 3.5,MLB-PHRR-FG-00C5BRBTKUS857G-HEEZ001-GTE-P00035,Settled Early,08/20/26 04:11:23.483 PM EDT,$0.00
Hector Rodriguez 4.5,MLB-PHRR-FG-00C5BRBTKUS857G-HEEZ001-GTE-P00045,Settled Early,08/20/26 04:11:23.833 PM EDT,$0.00
Hector Rodriguez 5.5,MLB-PHRR-FG-00C5BRBTKUS857G-HEEZ001-GTE-P00055,Settled Early,08/20/26 04:11:24.458 PM EDT,$0.00
Hector Rodriguez 6.5,MLB-PHRR-FG-00C5BRBTKUS857G-HEEZ001-GTE-P00065,Settled Early,08/20/26 04:11:25.043 PM EDT,$0.00
Hector Rodriguez 7.5,MLB-PHRR-FG-00C5BRBTKUS857G-HEEZ001-GTE-P00075,Settled Early,08/20/26 04:11:25.562 PM EDT,$0.00
Hector Rodriguez 8.5,MLB-PHRR-FG-00C5BRBTKUS857G-HEEZ001-GTE-P00085,Settled Early,08/20/26 04:11:26.318 PM EDT,$0.00
Hector Rodriguez 9.5,MLB-PHRR-FG-00C5BRBTKUS857G-HEEZ001-GTE-P00095,Settled Early,08/20/26 04:11:26.988 PM EDT,$0.00
Jimmy Crooks 1.5,MLB-PHRR-FG-00C5BRBTKUS857G-JIKS000-GTE-P00015,Settled Early,08/20/26 04:11:38.279 PM EDT,$0.00
Jimmy Crooks 2.5,MLB-PHRR-FG-00C5BRBTKUS857G-JIKS000-GTE-P00025,Settled Early,08/20/26 04:11:38.699 PM EDT,$0.00
Jimmy Crooks 3.5,MLB-PHRR-FG-00C5BRBTKUS857G-JIKS000-GTE-P00035,Settled Early,08/20/26 04:11:38.981 PM EDT,$0.00
Jimmy Crooks 4.5,MLB-PHRR-FG-00C5BRBTKUS857G-JIKS000-GTE-P00045,Settled Early,08/20/26 04:11:39.294 PM EDT,$0.00
Jimmy Crooks 5.5,MLB-PHRR-FG-00C5BRBTKUS857G-JIKS000-GTE-P00055,Settled Early,08/20/26 04:11:39.603 PM EDT,$0.00
Jimmy Crooks 6.5,MLB-PHRR-FG-00C5BRBTKUS857G-JIKS000-GTE-P00065,Settled Early,08/20/26 04:11:39.966 PM EDT,$0.00
Jimmy Crooks 9.5,MLB-PHRR-FG-00C5BRBTKUS857G-JIKS000-GTE-P00095,Settled Early,08/20/26 04:11:40.476 PM EDT,$0.00
Jimmy Crooks 7.5,MLB-PHRR-FG-00C5BRBTKUS857G-JIKS000-GTE-P00075,Settled Early,08/20/26 04:11:41.016 PM EDT,$0.00
Jimmy Crooks 8.5,MLB-PHRR-FG-00C5BRBTKUS857G-JIKS000-GTE-P00085,Settled Early,08/20/26 04:11:41.382 PM EDT,$0.00
Jimmy Crooks 0.5,MLB-PHRR-FG-00C5BRBTKUS857G-JIKS000-GTE-P00005,Settled Early,08/20/26 04:11:41.830 PM EDT,$0.00
Nathan Church 5.5,MLB-PHRR-FG-00C5BRBTKUS857G-NACH000-GTE-P00055,Settled Early,08/20/26 04:12:00.384 PM EDT,$0.00
Nathan Church 9.5,MLB-PHRR-FG-00C5BRBTKUS857G-NACH000-GTE-P00095,Settled Early,08/20/26 04:12:01.258 PM EDT,$0.00
Nathan Church 8.5,MLB-PHRR-FG-00C5BRBTKUS857G-NACH000-GTE-P00085,Settled Early,08/20/26 04:12:01.940 PM EDT,$0.00
Nathan Church 3.5,MLB-PHRR-FG-00C5BRBTKUS857G-NACH000-GTE-P00035,Settled Early,08/20/26 04:12:02.489 PM EDT,$0.00
Nathan Church 0.5,MLB-PHRR-FG-00C5BRBTKUS857G-NACH000-GTE-P00005,Settled Early,08/20/26 04:12:03.234 PM EDT,$1.00
Nathan Church 1.5,MLB-PHRR-FG-00C5BRBTKUS857G-NACH000-GTE-P00015,Settled Early,08/20/26 04:12:04.223 PM EDT,$0.00
Nathan Church 2.5,MLB-PHRR-FG-00C5BRBTKUS857G-NACH000-GTE-P00025,Settled Early,08/20/26 04:12:05.370 PM EDT,$0.00
Nathan Church 6.5,MLB-PHRR-FG-00C5BRBTKUS857G-NACH000-GTE-P00065,Settled Early,08/20/26 04:12:05.726 PM EDT,$0.00
Nathan Church 4.5,MLB-PHRR-FG-00C5BRBTKUS857G-NACH000-GTE-P00045,Settled Early,08/20/26 04:12:06.389 PM EDT,$0.00
Nathan Church 7.5,MLB-PHRR-FG-00C5BRBTKUS857G-NACH000-GTE-P00075,Settled Early,08/20/26 04:12:06.718 PM EDT,$0.00
Dane Myers 0.5,MLB-PHRR-FG-00C5BRBTKUS857G-DARS000-GTE-P00005,Settled Early,08/20/26 04:12:18.376 PM EDT,$1.00
Dane Myers 1.5,MLB-PHRR-FG-00C5BRBTKUS857G-DARS000-GTE-P00015,Settled Early,08/20/26 04:12:18.761 PM EDT,$0.00
Dane Myers 2.5,MLB-PHRR-FG-00C5BRBTKUS857G-DARS000-GTE-P00025,Settled Early,08/20/26 04:12:19.081 PM EDT,$0.00
Dane Myers 3.5,MLB-PHRR-FG-00C5BRBTKUS857G-DARS000-GTE-P00035,Settled Early,08/20/26 04:12:19.562 PM EDT,$0.00
Dane Myers 4.5,MLB-PHRR-FG-00C5BRBTKUS857G-DARS000-GTE-P00045,Settled Early,08/20/26 04:12:19.885 PM EDT,$0.00
Dane Myers 5.5,MLB-PHRR-FG-00C5BRBTKUS857G-DARS000-GTE-P00055,Settled Early,08/20/26 04:12:20.236 PM EDT,$0.00
Dane Myers 6.5,MLB-PHRR-FG-00C5BRBTKUS857G-DARS000-GTE-P00065,Settled Early,08/20/26 04:12:20.671 PM EDT,$0.00
Dane Myers 7.5,MLB-PHRR-FG-00C5BRBTKUS857G-DARS000-GTE-P00075,Settled Early,08/20/26 04:12:20.990 PM EDT,$0.00
Dane Myers 8.5,MLB-PHRR-FG-00C5BRBTKUS857G-DARS000-GTE-P00085,Settled Early,08/20/26 04:12:21.296 PM EDT,$0.00
Dane Myers 9.5,MLB-PHRR-FG-00C5BRBTKUS857G-DARS000-GTE-P00095,Settled Early,08/20/26 04:12:21.702 PM EDT,$0.00
Matt McLain 0.5,MLB-PHRR-FG-00C5BRBTKUS857G-MAIN000-GTE-P00005,Settled Early,08/20/26 04:12:39.035 PM EDT,$1.00
Matt McLain 1.5,MLB-PHRR-FG-00C5BRBTKUS857G-MAIN000-GTE-P00015,Settled Early,08/20/26 04:12:39.957 PM EDT,$1.00
Matt McLain 2.5,MLB-PHRR-FG-00C5BRBTKUS857G-MAIN000-GTE-P00025,Settled Early,08/20/26 04:12:40.746 PM EDT,$1.00
Matt McLain 3.5,MLB-PHRR-FG-00C5BRBTKUS857G-MAIN000-GTE-P00035,Settled Early,08/20/26 04:12:41.068 PM EDT,$1.00
Matt McLain 4.5,MLB-PHRR-FG-00C5BRBTKUS857G-MAIN000-GTE-P00045,Settled Early,08/20/26 04:12:41.478 PM EDT,$1.00
Matt McLain 5.5,MLB-PHRR-FG-00C5BRBTKUS857G-MAIN000-GTE-P00055,Settled Early,08/20/26 04:12:42.002 PM EDT,$1.00
Matt McLain 6.5,MLB-PHRR-FG-00C5BRBTKUS857G-MAIN000-GTE-P00065,Settled Early,08/20/26 04:12:43.721 PM EDT,$1.00
Matt McLain 7.5,MLB-PHRR-FG-00C5BRBTKUS857G-MAIN000-GTE-P00075,Settled Early,08/20/26 04:12:44.488 PM EDT,$0.00
Matt McLain 8.5,MLB-PHRR-FG-00C5BRBTKUS857G-MAIN000-GTE-P00085,Settled Early,08/20/26 04:12:45.025 PM EDT,$0.00
Matt McLain 9.5,MLB-PHRR-FG-00C5BRBTKUS857G-MAIN000-GTE-P00095,Settled Early,08/20/26 04:12:45.647 PM EDT,$0.00
JJ Bleday 9.5,MLB-PHRR-FG-00C5BRBTKUS857G-JJAY000-GTE-P00095,Settled Early,08/20/26 04:12:56.407 PM EDT,$0.00
JJ Bleday 0.5,MLB-PHRR-FG-00C5BRBTKUS857G-JJAY000-GTE-P00005,Settled Early,08/20/26 04:12:56.720 PM EDT,$1.00
JJ Bleday 1.5,MLB-PHRR-FG-00C5BRBTKUS857G-JJAY000-GTE-P00015,Settled Early,08/20/26 04:12:57.075 PM EDT,$1.00
JJ Bleday 2.5,MLB-PHRR-FG-00C5BRBTKUS857G-JJAY000-GTE-P00025,Settled Early,08/20/26 04:12:57.455 PM EDT,$1.00
JJ Bleday 3.5,MLB-PHRR-FG-00C5BRBTKUS857G-JJAY000-GTE-P00035,Settled Early,08/20/26 04:12:57.848 PM EDT,$0.00
JJ Bleday 4.5,MLB-PHRR-FG-00C5BRBTKUS857G-JJAY000-GTE-P00045,Settled Early,08/20/26 04:12:58.189 PM EDT,$0.00
JJ Bleday 5.5,MLB-PHRR-FG-00C5BRBTKUS857G-JJAY000-GTE-P00055,Settled Early,08/20/26 04:12:58.558 PM EDT,$0.00
JJ Bleday 6.5,MLB-PHRR-FG-00C5BRBTKUS857G-JJAY000-GTE-P00065,Settled Early,08/20/26 04:12:59.098 PM EDT,$0.00
JJ Bleday 7.5,MLB-PHRR-FG-00C5BRBTKUS857G-JJAY000-GTE-P00075,Settled Early,08/20/26 04:12:59.592 PM EDT,$0.00
JJ Bleday 8.5,MLB-PHRR-FG-00C5BRBTKUS857G-JJAY000-GTE-P00085,Settled Early,08/20/26 04:13:00.166 PM EDT,$0.00
Joshua Baez 0.5,MLB-PHRR-FG-00C5BRBTKUS857G-JOEZ006-GTE-P00005,Settled Early,08/20/26 04:13:15.259 PM EDT,$1.00
Joshua Baez 4.5,MLB-PHRR-FG-00C5BRBTKUS857G-JOEZ006-GTE-P00045,Settled Early,08/20/26 04:13:15.649 PM EDT,$0.00
Joshua Baez 2.5,MLB-PHRR-FG-00C5BRBTKUS857G-JOEZ006-GTE-P00025,Settled Early,08/20/26 04:13:16.131 PM EDT,$0.00
Joshua Baez 6.5,MLB-PHRR-FG-00C5BRBTKUS857G-JOEZ006-GTE-P00065,Settled Early,08/20/26 04:13:16.788 PM EDT,$0.00
Joshua Baez 3.5,MLB-PHRR-FG-00C5BRBTKUS857G-JOEZ006-GTE-P00035,Settled Early,08/20/26 04:13:17.322 PM EDT,$0.00
Joshua Baez 7.5,MLB-PHRR-FG-00C5BRBTKUS857G-JOEZ006-GTE-P00075,Settled Early,08/20/26 04:13:17.826 PM EDT,$0.00
Joshua Baez 1.5,MLB-PHRR-FG-00C5BRBTKUS857G-JOEZ006-GTE-P00015,Settled Early,08/20/26 04:13:18.346 PM EDT,$0.00
Joshua Baez 5.5,MLB-PHRR-FG-00C5BRBTKUS857G-JOEZ006-GTE-P00055,Settled Early,08/20/26 04:13:18.735 PM EDT,$0.00
Joshua Baez 9.5,MLB-PHRR-FG-00C5BRBTKUS857G-JOEZ006-GTE-P00095,Settled Early,08/20/26 04:13:19.099 PM EDT,$0.00
Joshua Baez 8.5,MLB-PHRR-FG-00C5BRBTKUS857G-JOEZ006-GTE-P00085,Settled Early,08/20/26 04:13:19.838 PM EDT,$0.00
Blaze Jordan 6.5,MLB-PHRR-FG-00C5BRBTKUS857G-BLAN000-GTE-P00065,Settled Early,08/20/26 04:13:33.024 PM EDT,$0.00
Blaze Jordan 5.5,MLB-PHRR-FG-00C5BRBTKUS857G-BLAN000-GTE-P00055,Settled Early,08/20/26 04:13:33.710 PM EDT,$0.00
Blaze Jordan 1.5,MLB-PHRR-FG-00C5BRBTKUS857G-BLAN000-GTE-P00015,Settled Early,08/20/26 04:13:34.763 PM EDT,$0.00
Blaze Jordan 2.5,MLB-PHRR-FG-00C5BRBTKUS857G-BLAN000-GTE-P00025,Settled Early,08/20/26 04:13:35.276 PM EDT,$0.00
Blaze Jordan 3.5,MLB-PHRR-FG-00C5BRBTKUS857G-BLAN000-GTE-P00035,Settled Early,08/20/26 04:13:35.838 PM EDT,$0.00
Blaze Jordan 8.5,MLB-PHRR-FG-00C5BRBTKUS857G-BLAN000-GTE-P00085,Settled Early,08/20/26 04:13:36.292 PM EDT,$0.00
Blaze Jordan 7.5,MLB-PHRR-FG-00C5BRBTKUS857G-BLAN000-GTE-P00075,Settled Early,08/20/26 04:13:36.862 PM EDT,$0.00
Blaze Jordan 4.5,MLB-PHRR-FG-00C5BRBTKUS857G-BLAN000-GTE-P00045,Settled Early,08/20/26 04:13:37.221 PM EDT,$0.00
Blaze Jordan 9.5,MLB-PHRR-FG-00C5BRBTKUS857G-BLAN000-GTE-P00095,Settled Early,08/20/26 04:13:37.659 PM EDT,$0.00
Blaze Jordan 0.5,MLB-PHRR-FG-00C5BRBTKUS857G-BLAN000-GTE-P00005,Settled Early,08/20/26 04:13:38.033 PM EDT,$0.00
JJ Wetherholt 2.5,MLB-PHRR-FG-00C5BRBTKUS857G-JJLT000-GTE-P00025,Settled Early,08/20/26 04:13:48.721 PM EDT,$1.00
JJ Wetherholt 1.5,MLB-PHRR-FG-00C5BRBTKUS857G-JJLT000-GTE-P00015,Settled Early,08/20/26 04:13:49.111 PM EDT,$1.00
JJ Wetherholt 5.5,MLB-PHRR-FG-00C5BRBTKUS857G-JJLT000-GTE-P00055,Settled Early,08/20/26 04:13:50.103 PM EDT,$0.00
JJ Wetherholt 6.5,MLB-PHRR-FG-00C5BRBTKUS857G-JJLT000-GTE-P00065,Settled Early,08/20/26 04:13:50.546 PM EDT,$0.00
JJ Wetherholt 7.5,MLB-PHRR-FG-00C5BRBTKUS857G-JJLT000-GTE-P00075,Settled Early,08/20/26 04:13:50.909 PM EDT,$0.00
JJ Wetherholt 3.5,MLB-PHRR-FG-00C5BRBTKUS857G-JJLT000-GTE-P00035,Settled Early,08/20/26 04:13:52.573 PM EDT,$1.00
JJ Wetherholt 4.5,MLB-PHRR-FG-00C5BRBTKUS857G-JJLT000-GTE-P00045,Settled Early,08/20/26 04:13:53.577 PM EDT,$0.00
JJ Wetherholt 9.5,MLB-PHRR-FG-00C5BRBTKUS857G-JJLT000-GTE-P00095,Settled Early,08/20/26 04:13:54.137 PM EDT,$0.00
JJ Wetherholt 8.5,MLB-PHRR-FG-00C5BRBTKUS857G-JJLT000-GTE-P00085,Settled Early,08/20/26 04:13:54.810 PM EDT,$0.00
JJ Wetherholt 0.5,MLB-PHRR-FG-00C5BRBTKUS857G-JJLT000-GTE-P00005,Settled Early,08/20/26 04:13:55.466 PM EDT,$1.00
Tyler Stephenson 0.5,MLB-PHRR-FG-00C5BRBTKUS857G-TYON000-GTE-P00005,Settled Early,08/20/26 04:14:05.472 PM EDT,$1.00
Tyler Stephenson 1.5,MLB-PHRR-FG-00C5BRBTKUS857G-TYON000-GTE-P00015,Settled Early,08/20/26 04:14:06.108 PM EDT,$0.00
Tyler Stephenson 2.5,MLB-PHRR-FG-00C5BRBTKUS857G-TYON000-GTE-P00025,Settled Early,08/20/26 04:14:06.477 PM EDT,$0.00
Tyler Stephenson 3.5,MLB-PHRR-FG-00C5BRBTKUS857G-TYON000-GTE-P00035,Settled Early,08/20/26 04:14:07.049 PM EDT,$0.00
Tyler Stephenson 4.5,MLB-PHRR-FG-00C5BRBTKUS857G-TYON000-GTE-P00045,Settled Early,08/20/26 04:14:07.364 PM EDT,$0.00
Tyler Stephenson 5.5,MLB-PHRR-FG-00C5BRBTKUS857G-TYON000-GTE-P00055,Settled Early,08/20/26 04:14:07.688 PM EDT,$0.00
Tyler Stephenson 6.5,MLB-PHRR-FG-00C5BRBTKUS857G-TYON000-GTE-P00065,Settled Early,08/20/26 04:14:08.136 PM EDT,$0.00
Tyler Stephenson 7.5,MLB-PHRR-FG-00C5BRBTKUS857G-TYON000-GTE-P00075,Settled Early,08/20/26 04:14:08.446 PM EDT,$0.00
Tyler Stephenson 8.5,MLB-PHRR-FG-00C5BRBTKUS857G-TYON000-GTE-P00085,Settled Early,08/20/26 04:14:08.763 PM EDT,$0.00
Tyler Stephenson 9.5,MLB-PHRR-FG-00C5BRBTKUS857G-TYON000-GTE-P00095,Settled Early,08/20/26 04:14:09.211 PM EDT,$0.00
Sal Stewart 0.5,MLB-PHRR-FG-00C5BRBTKUS857G-SART001-GTE-P00005,Settled Early,08/20/26 04:14:20.625 PM EDT,$1.00
Sal Stewart 1.5,MLB-PHRR-FG-00C5BRBTKUS857G-SART001-GTE-P00015,Settled Early,08/20/26 04:14:20.967 PM EDT,$1.00
Sal Stewart 2.5,MLB-PHRR-FG-00C5BRBTKUS857G-SART001-GTE-P00025,Settled Early,08/20/26 04:14:21.340 PM EDT,$1.00
Sal Stewart 3.5,MLB-PHRR-FG-00C5BRBTKUS857G-SART001-GTE-P00035,Settled Early,08/20/26 04:14:21.744 PM EDT,$1.00
Sal Stewart 4.5,MLB-PHRR-FG-00C5BRBTKUS857G-SART001-GTE-P00045,Settled Early,08/20/26 04:14:22.267 PM EDT,$0.00
Sal Stewart 5.5,MLB-PHRR-FG-00C5BRBTKUS857G-SART001-GTE-P00055,Settled Early,08/20/26 04:14:22.874 PM EDT,$0.00
Sal Stewart 6.5,MLB-PHRR-FG-00C5BRBTKUS857G-SART001-GTE-P00065,Settled Early,08/20/26 04:14:23.751 PM EDT,$0.00
Sal Stewart 7.5,MLB-PHRR-FG-00C5BRBTKUS857G-SART001-GTE-P00075,Settled Early,08/20/26 04:14:24.439 PM EDT,$0.00
Sal Stewart 8.5,MLB-PHRR-FG-00C5BRBTKUS857G-SART001-GTE-P00085,Settled Early,08/20/26 04:14:26.024 PM EDT,$0.00
Sal Stewart 9.5,MLB-PHRR-FG-00C5BRBTKUS857G-SART001-GTE-P00095,Settled Early,08/20/26 04:14:27.807 PM EDT,$0.00
Jordan Walker 6.5,MLB-PHRR-FG-00C5BRBTKUS857G-JOER005-GTE-P00065,Settled Early,08/20/26 04:14:38.764 PM EDT,$1.00
Jordan Walker 4.5,MLB-PHRR-FG-00C5BRBTKUS857G-JOER005-GTE-P00045,Settled Early,08/20/26 04:14:39.049 PM EDT,$1.00
Jordan Walker 1.5,MLB-PHRR-FG-00C5BRBTKUS857G-JOER005-GTE-P00015,Settled Early,08/20/26 04:14:39.360 PM EDT,$1.00
Jordan Walker 2.5,MLB-PHRR-FG-00C5BRBTKUS857G-JOER005-GTE-P00025,Settled Early,08/20/26 04:14:39.851 PM EDT,$1.00
Jordan Walker 3.5,MLB-PHRR-FG-00C5BRBTKUS857G-JOER005-GTE-P00035,Settled Early,08/20/26 04:14:40.309 PM EDT,$1.00
Jordan Walker 9.5,MLB-PHRR-FG-00C5BRBTKUS857G-JOER005-GTE-P00095,Settled Early,08/20/26 04:14:40.641 PM EDT,$0.00
Jordan Walker 7.5,MLB-PHRR-FG-00C5BRBTKUS857G-JOER005-GTE-P00075,Settled Early,08/20/26 04:14:40.931 PM EDT,$0.00
Jordan Walker 0.5,MLB-PHRR-FG-00C5BRBTKUS857G-JOER005-GTE-P00005,Settled Early,08/20/26 04:14:41.248 PM EDT,$1.00
Jordan Walker 5.5,MLB-PHRR-FG-00C5BRBTKUS857G-JOER005-GTE-P00055,Settled Early,08/20/26 04:14:41.643 PM EDT,$1.00
Jordan Walker 8.5,MLB-PHRR-FG-00C5BRBTKUS857G-JOER005-GTE-P00085,Settled Early,08/20/26 04:14:41.977 PM EDT,$0.00
Elly De La Cruz 0.5,MLB-PHRR-FG-00C5BRBTKUS857G-ELUZ001-GTE-P00005,Settled Early,08/20/26 04:14:54.180 PM EDT,$1.00
Elly De La Cruz 1.5,MLB-PHRR-FG-00C5BRBTKUS857G-ELUZ001-GTE-P00015,Settled Early,08/20/26 04:14:55.878 PM EDT,$1.00
Elly De La Cruz 2.5,MLB-PHRR-FG-00C5BRBTKUS857G-ELUZ001-GTE-P00025,Settled Early,08/20/26 04:14:56.667 PM EDT,$0.00
Elly De La Cruz 3.5,MLB-PHRR-FG-00C5BRBTKUS857G-ELUZ001-GTE-P00035,Settled Early,08/20/26 04:14:57.032 PM EDT,$0.00
Elly De La Cruz 4.5,MLB-PHRR-FG-00C5BRBTKUS857G-ELUZ001-GTE-P00045,Settled Early,08/20/26 04:14:58.570 PM EDT,$0.00
Elly De La Cruz 5.5,MLB-PHRR-FG-00C5BRBTKUS857G-ELUZ001-GTE-P00055,Settled Early,08/20/26 04:14:59.175 PM EDT,$0.00
Elly De La Cruz 6.5,MLB-PHRR-FG-00C5BRBTKUS857G-ELUZ001-GTE-P00065,Settled Early,08/20/26 04:14:59.571 PM EDT,$0.00
Elly De La Cruz 7.5,MLB-PHRR-FG-00C5BRBTKUS857G-ELUZ001-GTE-P00075,Settled Early,08/20/26 04:15:00.194 PM EDT,$0.00
Elly De La Cruz 8.5,MLB-PHRR-FG-00C5BRBTKUS857G-ELUZ001-GTE-P00085,Settled Early,08/20/26 04:15:00.823 PM EDT,$0.00
Elly De La Cruz 9.5,MLB-PHRR-FG-00C5BRBTKUS857G-ELUZ001-GTE-P00095,Settled Early,08/20/26 04:15:01.132 PM EDT,$0.00
Ke'Bryan Hayes 0.5,MLB-PHRR-FG-00C5BRBTKUS857G-KEES001-GTE-P00005,Settled Early,08/20/26 04:15:09.781 PM EDT,$1.00
Ke'Bryan Hayes 1.5,MLB-PHRR-FG-00C5BRBTKUS857G-KEES001-GTE-P00015,Settled Early,08/20/26 04:15:10.255 PM EDT,$1.00
Ke'Bryan Hayes 2.5,MLB-PHRR-FG-00C5BRBTKUS857G-KEES001-GTE-P00025,Settled Early,08/20/26 04:15:10.698 PM EDT,$0.00
Ke'Bryan Hayes 3.5,MLB-PHRR-FG-00C5BRBTKUS857G-KEES001-GTE-P00035,Settled Early,08/20/26 04:15:11.083 PM EDT,$0.00
Ke'Bryan Hayes 4.5,MLB-PHRR-FG-00C5BRBTKUS857G-KEES001-GTE-P00045,Settled Early,08/20/26 04:15:11.408 PM EDT,$0.00
Ke'Bryan Hayes 5.5,MLB-PHRR-FG-00C5BRBTKUS857G-KEES001-GTE-P00055,Settled Early,08/20/26 04:15:11.772 PM EDT,$0.00
Ke'Bryan Hayes 6.5,MLB-PHRR-FG-00C5BRBTKUS857G-KEES001-GTE-P00065,Settled Early,08/20/26 04:15:12.477 PM EDT,$0.00
Ke'Bryan Hayes 7.5,MLB-PHRR-FG-00C5BRBTKUS857G-KEES001-GTE-P00075,Settled Early,08/20/26 04:15:12.948 PM EDT,$0.00
Ke'Bryan Hayes 8.5,MLB-PHRR-FG-00C5BRBTKUS857G-KEES001-GTE-P00085,Settled Early,08/20/26 04:15:13.524 PM EDT,$0.00
Ke'Bryan Hayes 9.5,MLB-PHRR-FG-00C5BRBTKUS857G-KEES001-GTE-P00095,Settled Early,08/20/26 04:15:14.238 PM EDT,$0.00
Alec Burleson 5.5,MLB-PHRR-FG-00C5BRBTKUS857G-ALON001-GTE-P00055,Settled Early,08/20/26 04:15:24.207 PM EDT,$0.00
Alec Burleson 6.5,MLB-PHRR-FG-00C5BRBTKUS857G-ALON001-GTE-P00065,Settled Early,08/20/26 04:15:25.083 PM EDT,$0.00
Alec Burleson 0.5,MLB-PHRR-FG-00C5BRBTKUS857G-ALON001-GTE-P00005,Settled Early,08/20/26 04:15:25.604 PM EDT,$1.00
Alec Burleson 7.5,MLB-PHRR-FG-00C5BRBTKUS857G-ALON001-GTE-P00075,Settled Early,08/20/26 04:15:26.275 PM EDT,$0.00
Alec Burleson 1.5,MLB-PHRR-FG-00C5BRBTKUS857G-ALON001-GTE-P00015,Settled Early,08/20/26 04:15:26.913 PM EDT,$1.00
Alec Burleson 3.5,MLB-PHRR-FG-00C5BRBTKUS857G-ALON001-GTE-P00035,Settled Early,08/20/26 04:15:27.629 PM EDT,$0.00
Alec Burleson 8.5,MLB-PHRR-FG-00C5BRBTKUS857G-ALON001-GTE-P00085,Settled Early,08/20/26 04:15:30.049 PM EDT,$0.00
Alec Burleson 9.5,MLB-PHRR-FG-00C5BRBTKUS857G-ALON001-GTE-P00095,Settled Early,08/20/26 04:15:30.773 PM EDT,$0.00
Alec Burleson 2.5,MLB-PHRR-FG-00C5BRBTKUS857G-ALON001-GTE-P00025,Settled Early,08/20/26 04:15:34.540 PM EDT,$1.00
Michael Toglia 0.5,MLB-PHRR-FG-00C5BRBTKUS857G-MIIA000-GTE-P00005,Settled Early,08/20/26 04:15:40.304 PM EDT,$0.00
Michael Toglia 1.5,MLB-PHRR-FG-00C5BRBTKUS857G-MIIA000-GTE-P00015,Settled Early,08/20/26 04:15:41.027 PM EDT,$0.00
Alec Burleson 4.5,MLB-PHRR-FG-00C5BRBTKUS857G-ALON001-GTE-P00045,Settled Early,08/20/26 04:15:41.425 PM EDT,$0.00
Michael Toglia 2.5,MLB-PHRR-FG-00C5BRBTKUS857G-MIIA000-GTE-P00025,Settled Early,08/20/26 04:15:42.888 PM EDT,$0.00
Michael Toglia 3.5,MLB-PHRR-FG-00C5BRBTKUS857G-MIIA000-GTE-P00035,Settled Early,08/20/26 04:15:43.253 PM EDT,$0.00
Michael Toglia 4.5,MLB-PHRR-FG-00C5BRBTKUS857G-MIIA000-GTE-P00045,Settled Early,08/20/26 04:15:43.642 PM EDT,$0.00
Michael Toglia 5.5,MLB-PHRR-FG-00C5BRBTKUS857G-MIIA000-GTE-P00055,Settled Early,08/20/26 04:15:44.058 PM EDT,$0.00
Michael Toglia 6.5,MLB-PHRR-FG-00C5BRBTKUS857G-MIIA000-GTE-P00065,Settled Early,08/20/26 04:15:44.451 PM EDT,$0.00
Michael Toglia 7.5,MLB-PHRR-FG-00C5BRBTKUS857G-MIIA000-GTE-P00075,Settled Early,08/20/26 04:15:44.871 PM EDT,$0.00
Michael Toglia 8.5,MLB-PHRR-FG-00C5BRBTKUS857G-MIIA000-GTE-P00085,Settled Early,08/20/26 04:15:45.214 PM EDT,$0.00
Michael Toglia 9.5,MLB-PHRR-FG-00C5BRBTKUS857G-MIIA000-GTE-P00095,Settled Early,08/20/26 04:15:45.543 PM EDT,$0.00
Bryan Torres 9.5,MLB-PHRR-FG-00C5BRBTKUS857G-BRES001-GTE-P00095,Settled Early,08/20/26 04:15:55.123 PM EDT,$0.00
Bryan Torres 7.5,MLB-PHRR-FG-00C5BRBTKUS857G-BRES001-GTE-P00075,Settled Early,08/20/26 04:15:55.469 PM EDT,$0.00
Bryan Torres 3.5,MLB-PHRR-FG-00C5BRBTKUS857G-BRES001-GTE-P00035,Settled Early,08/20/26 04:15:55.943 PM EDT,$0.00
Bryan Torres 5.5,MLB-PHRR-FG-00C5BRBTKUS857G-BRES001-GTE-P00055,Settled Early,08/20/26 04:15:56.269 PM EDT,$0.00
Bryan Torres 0.5,MLB-PHRR-FG-00C5BRBTKUS857G-BRES001-GTE-P00005,Settled Early,08/20/26 04:15:56.568 PM EDT,$1.00
Bryan Torres 1.5,MLB-PHRR-FG-00C5BRBTKUS857G-BRES001-GTE-P00015,Settled Early,08/20/26 04:15:56.969 PM EDT,$0.00
Bryan Torres 4.5,MLB-PHRR-FG-00C5BRBTKUS857G-BRES001-GTE-P00045,Settled Early,08/20/26 04:15:57.275 PM EDT,$0.00
Bryan Torres 2.5,MLB-PHRR-FG-00C5BRBTKUS857G-BRES001-GTE-P00025,Settled Early,08/20/26 04:15:57.571 PM EDT,$0.00
Bryan Torres 6.5,MLB-PHRR-FG-00C5BRBTKUS857G-BRES001-GTE-P00065,Settled Early,08/20/26 04:15:57.974 PM EDT,$0.00
Bryan Torres 8.5,MLB-PHRR-FG-00C5BRBTKUS857G-BRES001-GTE-P00085,Settled Early,08/20/26 04:15:58.323 PM EDT,$0.00
Ivan Herrera 3.5,MLB-PHRR-FG-00C5BRBTKUS857G-IVRA000-GTE-P00035,Settled Early,08/20/26 04:16:11.594 PM EDT,$0.00
Ivan Herrera 1.5,MLB-PHRR-FG-00C5BRBTKUS857G-IVRA000-GTE-P00015,Settled Early,08/20/26 04:16:11.950 PM EDT,$1.00
Ivan Herrera 0.5,MLB-PHRR-FG-00C5BRBTKUS857G-IVRA000-GTE-P00005,Settled Early,08/20/26 04:16:12.311 PM EDT,$1.00
Ivan Herrera 2.5,MLB-PHRR-FG-00C5BRBTKUS857G-IVRA000-GTE-P00025,Settled Early,08/20/26 04:16:12.636 PM EDT,$1.00
Ivan Herrera 5.5,MLB-PHRR-FG-00C5BRBTKUS857G-IVRA000-GTE-P00055,Settled Early,08/20/26 04:16:13.009 PM EDT,$0.00
Ivan Herrera 6.5,MLB-PHRR-FG-00C5BRBTKUS857G-IVRA000-GTE-P00065,Settled Early,08/20/26 04:16:13.332 PM EDT,$0.00
Ivan Herrera 9.5,MLB-PHRR-FG-00C5BRBTKUS857G-IVRA000-GTE-P00095,Settled Early,08/20/26 04:16:13.738 PM EDT,$0.00
Ivan Herrera 7.5,MLB-PHRR-FG-00C5BRBTKUS857G-IVRA000-GTE-P00075,Settled Early,08/20/26 04:16:14.232 PM EDT,$0.00
Ivan Herrera 4.5,MLB-PHRR-FG-00C5BRBTKUS857G-IVRA000-GTE-P00045,Settled Early,08/20/26 04:16:14.991 PM EDT,$0.00
Ivan Herrera 8.5,MLB-PHRR-FG-00C5BRBTKUS857G-IVRA000-GTE-P00085,Settled Early,08/20/26 04:16:15.710 PM EDT,$0.00
Masyn Winn 0.5,MLB-PHRR-FG-00C5BRBTKUS857G-MANN001-GTE-P00005,Settled Early,08/20/26 04:16:24.125 PM EDT,$1.00
Masyn Winn 1.5,MLB-PHRR-FG-00C5BRBTKUS857G-MANN001-GTE-P00015,Settled Early,08/20/26 04:16:24.983 PM EDT,$0.00
Masyn Winn 6.5,MLB-PHRR-FG-00C5BRBTKUS857G-MANN001-GTE-P00065,Settled Early,08/20/26 04:16:25.598 PM EDT,$0.00
Masyn Winn 7.5,MLB-PHRR-FG-00C5BRBTKUS857G-MANN001-GTE-P00075,Settled Early,08/20/26 04:16:26.116 PM EDT,$0.00
Masyn Winn 9.5,MLB-PHRR-FG-00C5BRBTKUS857G-MANN001-GTE-P00095,Settled Early,08/20/26 04:16:26.839 PM EDT,$0.00
Masyn Winn 8.5,MLB-PHRR-FG-00C5BRBTKUS857G-MANN001-GTE-P00085,Settled Early,08/20/26 04:16:27.318 PM EDT,$0.00
Masyn Winn 2.5,MLB-PHRR-FG-00C5BRBTKUS857G-MANN001-GTE-P00025,Settled Early,08/20/26 04:16:27.908 PM EDT,$0.00
Masyn Winn 4.5,MLB-PHRR-FG-00C5BRBTKUS857G-MANN001-GTE-P00045,Settled Early,08/20/26 04:16:28.342 PM EDT,$0.00
Masyn Winn 5.5,MLB-PHRR-FG-00C5BRBTKUS857G-MANN001-GTE-P00055,Settled Early,08/20/26 04:16:28.958 PM EDT,$0.00
Masyn Winn 3.5,MLB-PHRR-FG-00C5BRBTKUS857G-MANN001-GTE-P00035,Settled Early,08/20/26 04:16:29.499 PM EDT,$0.00
Over 4.5,MLB-TRUNS-I5-00C5B50GKUS1MI8-GTE-P00045,Settled Early,08/20/26 04:17:05.192 PM EDT,$0.00
Over 0.5,MLB-TRUNS-IT5-00C5B50GKUS1MI8-GTE-P00005,Settled Early,08/20/26 04:17:05.244 PM EDT,$1.00
KC Royals,MLB-WIN-IT5-00C5B50GKUS1MI8-KCLS000,Settled Early,08/20/26 04:17:05.298 PM EDT,$1.00
KC Royals -0.5,MLB-MOVY-IT5-00C5B50GKUS1MI8-KCLS000-GTE-P00005,Settled Early,08/20/26 04:17:05.342 PM EDT,$1.00
Over 3.5,MLB-TRUNS-I5-00C5B50GKUS1MI8-GTE-P00035,Settled Early,08/20/26 04:17:05.757 PM EDT,$0.00
Over 8.5,MLB-TRUNS-IT5-00C5B50GKUS1MI8-GTE-P00085,Settled Early,08/20/26 04:17:05.995 PM EDT,$0.00
KC Royals -1.5,MLB-MOVY-IT5-00C5B50GKUS1MI8-KCLS000-GTE-P00015,Settled Early,08/20/26 04:17:06.168 PM EDT,$1.00
Athletics,MLB-WIN-IT5-00C5B50GKUS1MI8-ATCS000,Settled Early,08/20/26 04:17:06.563 PM EDT,$0.00
Over 1.5,MLB-TRUNS-IT5-00C5B50GKUS1MI8-GTE-P00015,Settled Early,08/20/26 04:17:06.687 PM EDT,$1.00
KC Royals -2.5,MLB-MOVY-IT5-00C5B50GKUS1MI8-KCLS000-GTE-P00025,Settled Early,08/20/26 04:17:06.846 PM EDT,$1.00
Over 2.5,MLB-TRUNS-IT5-00C5B50GKUS1MI8-GTE-P00025,Settled Early,08/20/26 04:17:07.151 PM EDT,$1.00
KC Royals -3.5,MLB-MOVY-IT5-00C5B50GKUS1MI8-KCLS000-GTE-P00035,Settled Early,08/20/26 04:17:07.300 PM EDT,$1.00
Over 3.5,MLB-TRUNS-IT5-00C5B50GKUS1MI8-GTE-P00035,Settled Early,08/20/26 04:17:07.719 PM EDT,$1.00
KC Royals -4.5,MLB-MOVY-IT5-00C5B50GKUS1MI8-KCLS000-GTE-P00045,Settled Early,08/20/26 04:17:07.723 PM EDT,$0.00
Athletics -0.5,MLB-MOVY-IT5-00C5B50GKUS1MI8-ATCS000-GTE-P00005,Settled Early,08/20/26 04:17:08.121 PM EDT,$0.00
Over 4.5,MLB-TRUNS-IT5-00C5B50GKUS1MI8-GTE-P00045,Settled Early,08/20/26 04:17:08.258 PM EDT,$1.00
Athletics -1.5,MLB-MOVY-IT5-00C5B50GKUS1MI8-ATCS000-GTE-P00015,Settled Early,08/20/26 04:17:08.537 PM EDT,$0.00
Over 5.5,MLB-TRUNS-IT5-00C5B50GKUS1MI8-GTE-P00055,Settled Early,08/20/26 04:17:08.866 PM EDT,$1.00
Athletics -2.5,MLB-MOVY-IT5-00C5B50GKUS1MI8-ATCS000-GTE-P00025,Settled Early,08/20/26 04:17:08.871 PM EDT,$0.00
Over 6.5,MLB-TRUNS-IT5-00C5B50GKUS1MI8-GTE-P00065,Settled Early,08/20/26 04:17:09.468 PM EDT,$1.00
Athletics -3.5,MLB-MOVY-IT5-00C5B50GKUS1MI8-ATCS000-GTE-P00035,Settled Early,08/20/26 04:17:09.538 PM EDT,$0.00
Athletics -4.5,MLB-MOVY-IT5-00C5B50GKUS1MI8-ATCS000-GTE-P00045,Settled Early,08/20/26 04:17:09.921 PM EDT,$0.00
Over 7.5,MLB-TRUNS-IT5-00C5B50GKUS1MI8-GTE-P00075,Settled Early,08/20/26 04:17:10.090 PM EDT,$1.00
Over 9.5,MLB-TRUNS-IT5-00C5B50GKUS1MI8-GTE-P00095,Settled Early,08/20/26 04:17:10.671 PM EDT,$0.00
Over 10.5,MLB-TRUNS-IT5-00C5B50GKUS1MI8-GTE-P00105,Settled Early,08/20/26 04:17:11.118 PM EDT,$0.00
Turner Hill 7.5,MLB-PHRR-FG-00C5B540KUS1NBO-TULL001-GTE-P00075,Settled Early,08/20/26 04:19:08.984 PM EDT,$0.00
Turner Hill 0.5,MLB-PHRR-FG-00C5B540KUS1NBO-TULL001-GTE-P00005,Settled Early,08/20/26 04:19:09.329 PM EDT,$0.00
Turner Hill 1.5,MLB-PHRR-FG-00C5B540KUS1NBO-TULL001-GTE-P00015,Settled Early,08/20/26 04:19:09.673 PM EDT,$0.00
Turner Hill 2.5,MLB-PHRR-FG-00C5B540KUS1NBO-TULL001-GTE-P00025,Settled Early,08/20/26 04:19:10.090 PM EDT,$0.00
Turner Hill 3.5,MLB-PHRR-FG-00C5B540KUS1NBO-TULL001-GTE-P00035,Settled Early,08/20/26 04:19:10.403 PM EDT,$0.00
Turner Hill 4.5,MLB-PHRR-FG-00C5B540KUS1NBO-TULL001-GTE-P00045,Settled Early,08/20/26 04:19:10.740 PM EDT,$0.00
Turner Hill 5.5,MLB-PHRR-FG-00C5B540KUS1NBO-TULL001-GTE-P00055,Settled Early,08/20/26 04:19:11.028 PM EDT,$0.00
Turner Hill 6.5,MLB-PHRR-FG-00C5B540KUS1NBO-TULL001-GTE-P00065,Settled Early,08/20/26 04:19:11.330 PM EDT,$0.00
Turner Hill 8.5,MLB-PHRR-FG-00C5B540KUS1NBO-TULL001-GTE-P00085,Settled Early,08/20/26 04:19:11.659 PM EDT,$0.00
Turner Hill 9.5,MLB-PHRR-FG-00C5B540KUS1NBO-TULL001-GTE-P00095,Settled Early,08/20/26 04:19:12.083 PM EDT,$0.00
Drew Gilbert 0.5,MLB-PHRR-FG-00C5B540KUS1NBO-DRRT000-GTE-P00005,Settled Early,08/20/26 04:19:27.003 PM EDT,$0.00
Drew Gilbert 3.5,MLB-PHRR-FG-00C5B540KUS1NBO-DRRT000-GTE-P00035,Settled Early,08/20/26 04:19:28.029 PM EDT,$0.00
Drew Gilbert 2.5,MLB-PHRR-FG-00C5B540KUS1NBO-DRRT000-GTE-P00025,Settled Early,08/20/26 04:19:28.396 PM EDT,$0.00
Drew Gilbert 8.5,MLB-PHRR-FG-00C5B540KUS1NBO-DRRT000-GTE-P00085,Settled Early,08/20/26 04:19:28.753 PM EDT,$0.00
Drew Gilbert 1.5,MLB-PHRR-FG-00C5B540KUS1NBO-DRRT000-GTE-P00015,Settled Early,08/20/26 04:19:29.226 PM EDT,$0.00
Drew Gilbert 5.5,MLB-PHRR-FG-00C5B540KUS1NBO-DRRT000-GTE-P00055,Settled Early,08/20/26 04:19:29.726 PM EDT,$0.00
Drew Gilbert 4.5,MLB-PHRR-FG-00C5B540KUS1NBO-DRRT000-GTE-P00045,Settled Early,08/20/26 04:19:30.056 PM EDT,$0.00
Drew Gilbert 9.5,MLB-PHRR-FG-00C5B540KUS1NBO-DRRT000-GTE-P00095,Settled Early,08/20/26 04:19:30.361 PM EDT,$0.00
Drew Gilbert 6.5,MLB-PHRR-FG-00C5B540KUS1NBO-DRRT000-GTE-P00065,Settled Early,08/20/26 04:19:30.708 PM EDT,$0.00
Drew Gilbert 7.5,MLB-PHRR-FG-00C5B540KUS1NBO-DRRT000-GTE-P00075,Settled Early,08/20/26 04:19:31.001 PM EDT,$0.00
Nathaniel Lowe 4.5,MLB-PHRR-FG-00C5B540KUS1NBO-NAWE000-GTE-P00045,Settled Early,08/20/26 04:19:44.184 PM EDT,$0.00
Nathaniel Lowe 7.5,MLB-PHRR-FG-00C5B540KUS1NBO-NAWE000-GTE-P00075,Settled Early,08/20/26 04:19:44.575 PM EDT,$0.00
Nathaniel Lowe 0.5,MLB-PHRR-FG-00C5B540KUS1NBO-NAWE000-GTE-P00005,Settled Early,08/20/26 04:19:44.969 PM EDT,$1.00
Nathaniel Lowe 9.5,MLB-PHRR-FG-00C5B540KUS1NBO-NAWE000-GTE-P00095,Settled Early,08/20/26 04:19:45.570 PM EDT,$0.00
Nathaniel Lowe 3.5,MLB-PHRR-FG-00C5B540KUS1NBO-NAWE000-GTE-P00035,Settled Early,08/20/26 04:19:46.582 PM EDT,$0.00
Nathaniel Lowe 6.5,MLB-PHRR-FG-00C5B540KUS1NBO-NAWE000-GTE-P00065,Settled Early,08/20/26 04:19:47.174 PM EDT,$0.00
Nathaniel Lowe 5.5,MLB-PHRR-FG-00C5B540KUS1NBO-NAWE000-GTE-P00055,Settled Early,08/20/26 04:19:47.595 PM EDT,$0.00
Nathaniel Lowe 8.5,MLB-PHRR-FG-00C5B540KUS1NBO-NAWE000-GTE-P00085,Settled Early,08/20/26 04:19:48.180 PM EDT,$0.00
Nathaniel Lowe 2.5,MLB-PHRR-FG-00C5B540KUS1NBO-NAWE000-GTE-P00025,Settled Early,08/20/26 04:19:48.885 PM EDT,$0.00
Nathaniel Lowe 1.5,MLB-PHRR-FG-00C5B540KUS1NBO-NAWE000-GTE-P00015,Settled Early,08/20/26 04:19:49.548 PM EDT,$0.00
Christian Koss 1.5,MLB-PHRR-FG-00C5B540KUS1NBO-CHSS000-GTE-P00015,Settled Early,08/20/26 04:20:02.149 PM EDT,$0.00
Christian Koss 3.5,MLB-PHRR-FG-00C5B540KUS1NBO-CHSS000-GTE-P00035,Settled Early,08/20/26 04:20:02.877 PM EDT,$0.00
Christian Koss 5.5,MLB-PHRR-FG-00C5B540KUS1NBO-CHSS000-GTE-P00055,Settled Early,08/20/26 04:20:03.327 PM EDT,$0.00
Christian Koss 6.5,MLB-PHRR-FG-00C5B540KUS1NBO-CHSS000-GTE-P00065,Settled Early,08/20/26 04:20:03.708 PM EDT,$0.00
Christian Koss 8.5,MLB-PHRR-FG-00C5B540KUS1NBO-CHSS000-GTE-P00085,Settled Early,08/20/26 04:20:04.446 PM EDT,$0.00
Christian Koss 2.5,MLB-PHRR-FG-00C5B540KUS1NBO-CHSS000-GTE-P00025,Settled Early,08/20/26 04:20:05.148 PM EDT,$0.00
Christian Koss 4.5,MLB-PHRR-FG-00C5B540KUS1NBO-CHSS000-GTE-P00045,Settled Early,08/20/26 04:20:05.806 PM EDT,$0.00
Christian Koss 0.5,MLB-PHRR-FG-00C5B540KUS1NBO-CHSS000-GTE-P00005,Settled Early,08/20/26 04:20:06.248 PM EDT,$0.00
Christian Koss 7.5,MLB-PHRR-FG-00C5B540KUS1NBO-CHSS000-GTE-P00075,Settled Early,08/20/26 04:20:06.802 PM EDT,$0.00
Christian Koss 9.5,MLB-PHRR-FG-00C5B540KUS1NBO-CHSS000-GTE-P00095,Settled Early,08/20/26 04:20:07.357 PM EDT,$0.00
Drew Cavanaugh 1.5,MLB-PHRR-FG-00C5B540KUS1NBO-DRGH000-GTE-P00015,Settled Early,08/20/26 04:20:21.552 PM EDT,$0.00
Drew Cavanaugh 5.5,MLB-PHRR-FG-00C5B540KUS1NBO-DRGH000-GTE-P00055,Settled Early,08/20/26 04:20:21.930 PM EDT,$0.00
Drew Cavanaugh 6.5,MLB-PHRR-FG-00C5B540KUS1NBO-DRGH000-GTE-P00065,Settled Early,08/20/26 04:20:22.326 PM EDT,$0.00
Drew Cavanaugh 9.5,MLB-PHRR-FG-00C5B540KUS1NBO-DRGH000-GTE-P00095,Settled Early,08/20/26 04:20:22.838 PM EDT,$0.00
Drew Cavanaugh 7.5,MLB-PHRR-FG-00C5B540KUS1NBO-DRGH000-GTE-P00075,Settled Early,08/20/26 04:20:23.176 PM EDT,$0.00
Drew Cavanaugh 4.5,MLB-PHRR-FG-00C5B540KUS1NBO-DRGH000-GTE-P00045,Settled Early,08/20/26 04:20:23.517 PM EDT,$0.00
Drew Cavanaugh 0.5,MLB-PHRR-FG-00C5B540KUS1NBO-DRGH000-GTE-P00005,Settled Early,08/20/26 04:20:23.835 PM EDT,$0.00
Drew Cavanaugh 3.5,MLB-PHRR-FG-00C5B540KUS1NBO-DRGH000-GTE-P00035,Settled Early,08/20/26 04:20:24.303 PM EDT,$0.00
Drew Cavanaugh 2.5,MLB-PHRR-FG-00C5B540KUS1NBO-DRGH000-GTE-P00025,Settled Early,08/20/26 04:20:24.738 PM EDT,$0.00
Drew Cavanaugh 8.5,MLB-PHRR-FG-00C5B540KUS1NBO-DRGH000-GTE-P00085,Settled Early,08/20/26 04:20:25.052 PM EDT,$0.00
Jung Hoo Lee 8.5,MLB-PHRR-FG-00C5B540KUS1NBO-JUEE000-GTE-P00085,Settled Early,08/20/26 04:20:49.896 PM EDT,$0.00
Jung Hoo Lee 6.5,MLB-PHRR-FG-00C5B540KUS1NBO-JUEE000-GTE-P00065,Settled Early,08/20/26 04:20:50.199 PM EDT,$0.00
Jung Hoo Lee 7.5,MLB-PHRR-FG-00C5B540KUS1NBO-JUEE000-GTE-P00075,Settled Early,08/20/26 04:20:50.493 PM EDT,$0.00
Jung Hoo Lee 5.5,MLB-PHRR-FG-00C5B540KUS1NBO-JUEE000-GTE-P00055,Settled Early,08/20/26 04:20:50.826 PM EDT,$0.00
Jung Hoo Lee 4.5,MLB-PHRR-FG-00C5B540KUS1NBO-JUEE000-GTE-P00045,Settled Early,08/20/26 04:20:51.128 PM EDT,$0.00
Jung Hoo Lee 3.5,MLB-PHRR-FG-00C5B540KUS1NBO-JUEE000-GTE-P00035,Settled Early,08/20/26 04:20:51.458 PM EDT,$0.00
Jung Hoo Lee 9.5,MLB-PHRR-FG-00C5B540KUS1NBO-JUEE000-GTE-P00095,Settled Early,08/20/26 04:20:51.958 PM EDT,$0.00
Jung Hoo Lee 2.5,MLB-PHRR-FG-00C5B540KUS1NBO-JUEE000-GTE-P00025,Settled Early,08/20/26 04:20:52.246 PM EDT,$0.00
Jung Hoo Lee 0.5,MLB-PHRR-FG-00C5B540KUS1NBO-JUEE000-GTE-P00005,Settled Early,08/20/26 04:20:52.541 PM EDT,$1.00
Jung Hoo Lee 1.5,MLB-PHRR-FG-00C5B540KUS1NBO-JUEE000-GTE-P00015,Settled Early,08/20/26 04:20:52.907 PM EDT,$0.00
Brayan Rocchio 0.5,MLB-PHRR-FG-00C5B540KUS1NBO-BRIO001-GTE-P00005,Settled Early,08/20/26 04:21:06.700 PM EDT,$1.00
Brayan Rocchio 2.5,MLB-PHRR-FG-00C5B540KUS1NBO-BRIO001-GTE-P00025,Settled Early,08/20/26 04:21:07.109 PM EDT,$0.00
Brayan Rocchio 1.5,MLB-PHRR-FG-00C5B540KUS1NBO-BRIO001-GTE-P00015,Settled Early,08/20/26 04:21:07.415 PM EDT,$1.00
Brayan Rocchio 7.5,MLB-PHRR-FG-00C5B540KUS1NBO-BRIO001-GTE-P00075,Settled Early,08/20/26 04:21:07.745 PM EDT,$0.00
Brayan Rocchio 8.5,MLB-PHRR-FG-00C5B540KUS1NBO-BRIO001-GTE-P00085,Settled Early,08/20/26 04:21:08.163 PM EDT,$0.00
Brayan Rocchio 4.5,MLB-PHRR-FG-00C5B540KUS1NBO-BRIO001-GTE-P00045,Settled Early,08/20/26 04:21:08.474 PM EDT,$0.00
Brayan Rocchio 5.5,MLB-PHRR-FG-00C5B540KUS1NBO-BRIO001-GTE-P00055,Settled Early,08/20/26 04:21:08.787 PM EDT,$0.00
Brayan Rocchio 9.5,MLB-PHRR-FG-00C5B540KUS1NBO-BRIO001-GTE-P00095,Settled Early,08/20/26 04:21:09.204 PM EDT,$0.00
Brayan Rocchio 6.5,MLB-PHRR-FG-00C5B540KUS1NBO-BRIO001-GTE-P00065,Settled Early,08/20/26 04:21:09.500 PM EDT,$0.00
Brayan Rocchio 3.5,MLB-PHRR-FG-00C5B540KUS1NBO-BRIO001-GTE-P00035,Settled Early,08/20/26 04:21:09.822 PM EDT,$0.00
Over 2.5,MLB-TRUNS-I8-00C5B576KUS1M0G-GTE-P00025,Settled Early,08/20/26 04:21:22.133 PM EDT,$0.00
Over 4.5,MLB-TRUNS-I8-00C5B576KUS1M0G-GTE-P00045,Settled Early,08/20/26 04:21:22.487 PM EDT,$0.00
Over 0.5,MLB-TRUNS-I8-00C5B576KUS1M0G-GTE-P00005,Settled Early,08/20/26 04:21:22.782 PM EDT,$0.00
Over 1.5,MLB-TRUNS-I8-00C5B576KUS1M0G-GTE-P00015,Settled Early,08/20/26 04:21:23.471 PM EDT,$0.00
Angel Genao 8.5,MLB-PHRR-FG-00C5B540KUS1NBO-ANAO000-GTE-P00085,Settled Early,08/20/26 04:21:23.959 PM EDT,$0.00
Over 3.5,MLB-TRUNS-I8-00C5B576KUS1M0G-GTE-P00035,Settled Early,08/20/26 04:21:24.196 PM EDT,$0.00
Angel Genao 2.5,MLB-PHRR-FG-00C5B540KUS1NBO-ANAO000-GTE-P00025,Settled Early,08/20/26 04:21:24.607 PM EDT,$0.00
Angel Genao 0.5,MLB-PHRR-FG-00C5B540KUS1NBO-ANAO000-GTE-P00005,Settled Early,08/20/26 04:21:25.073 PM EDT,$1.00
Angel Genao 5.5,MLB-PHRR-FG-00C5B540KUS1NBO-ANAO000-GTE-P00055,Settled Early,08/20/26 04:21:25.597 PM EDT,$0.00
Angel Genao 4.5,MLB-PHRR-FG-00C5B540KUS1NBO-ANAO000-GTE-P00045,Settled Early,08/20/26 04:21:26.218 PM EDT,$0.00
Angel Genao 3.5,MLB-PHRR-FG-00C5B540KUS1NBO-ANAO000-GTE-P00035,Settled Early,08/20/26 04:21:26.570 PM EDT,$0.00
Angel Genao 1.5,MLB-PHRR-FG-00C5B540KUS1NBO-ANAO000-GTE-P00015,Settled Early,08/20/26 04:21:26.923 PM EDT,$0.00
Angel Genao 9.5,MLB-PHRR-FG-00C5B540KUS1NBO-ANAO000-GTE-P00095,Settled Early,08/20/26 04:21:27.227 PM EDT,$0.00
Angel Genao 7.5,MLB-PHRR-FG-00C5B540KUS1NBO-ANAO000-GTE-P00075,Settled Early,08/20/26 04:21:27.576 PM EDT,$0.00
Angel Genao 6.5,MLB-PHRR-FG-00C5B540KUS1NBO-ANAO000-GTE-P00065,Settled Early,08/20/26 04:21:27.926 PM EDT,$0.00
Petey Halpin 9.5,MLB-PHRR-FG-00C5B540KUS1NBO-PEIN000-GTE-P00095,Settled Early,08/20/26 04:21:39.765 PM EDT,$0.00
Petey Halpin 0.5,MLB-PHRR-FG-00C5B540KUS1NBO-PEIN000-GTE-P00005,Settled Early,08/20/26 04:21:40.101 PM EDT,$1.00
Petey Halpin 1.5,MLB-PHRR-FG-00C5B540KUS1NBO-PEIN000-GTE-P00015,Settled Early,08/20/26 04:21:40.638 PM EDT,$1.00
Petey Halpin 2.5,MLB-PHRR-FG-00C5B540KUS1NBO-PEIN000-GTE-P00025,Settled Early,08/20/26 04:21:41.050 PM EDT,$0.00
Petey Halpin 3.5,MLB-PHRR-FG-00C5B540KUS1NBO-PEIN000-GTE-P00035,Settled Early,08/20/26 04:21:41.453 PM EDT,$0.00
Petey Halpin 4.5,MLB-PHRR-FG-00C5B540KUS1NBO-PEIN000-GTE-P00045,Settled Early,08/20/26 04:21:41.767 PM EDT,$0.00
Petey Halpin 5.5,MLB-PHRR-FG-00C5B540KUS1NBO-PEIN000-GTE-P00055,Settled Early,08/20/26 04:21:42.119 PM EDT,$0.00
Petey Halpin 6.5,MLB-PHRR-FG-00C5B540KUS1NBO-PEIN000-GTE-P00065,Settled Early,08/20/26 04:21:42.469 PM EDT,$0.00
Petey Halpin 7.5,MLB-PHRR-FG-00C5B540KUS1NBO-PEIN000-GTE-P00075,Settled Early,08/20/26 04:21:42.754 PM EDT,$0.00
Petey Halpin 8.5,MLB-PHRR-FG-00C5B540KUS1NBO-PEIN000-GTE-P00085,Settled Early,08/20/26 04:21:43.085 PM EDT,$0.00
Jose Ramirez 4.5,MLB-PHRR-FG-00C5B540KUS1NBO-JOEZ004-GTE-P00045,Settled Early,08/20/26 04:21:56.056 PM EDT,$0.00
Jose Ramirez 5.5,MLB-PHRR-FG-00C5B540KUS1NBO-JOEZ004-GTE-P00055,Settled Early,08/20/26 04:21:56.561 PM EDT,$0.00
Jose Ramirez 7.5,MLB-PHRR-FG-00C5B540KUS1NBO-JOEZ004-GTE-P00075,Settled Early,08/20/26 04:21:56.862 PM EDT,$0.00
Jose Ramirez 8.5,MLB-PHRR-FG-00C5B540KUS1NBO-JOEZ004-GTE-P00085,Settled Early,08/20/26 04:21:57.169 PM EDT,$0.00
Jose Ramirez 9.5,MLB-PHRR-FG-00C5B540KUS1NBO-JOEZ004-GTE-P00095,Settled Early,08/20/26 04:21:57.529 PM EDT,$0.00
Jose Ramirez 0.5,MLB-PHRR-FG-00C5B540KUS1NBO-JOEZ004-GTE-P00005,Settled Early,08/20/26 04:21:57.899 PM EDT,$1.00
Jose Ramirez 2.5,MLB-PHRR-FG-00C5B540KUS1NBO-JOEZ004-GTE-P00025,Settled Early,08/20/26 04:21:58.253 PM EDT,$1.00
Jose Ramirez 3.5,MLB-PHRR-FG-00C5B540KUS1NBO-JOEZ004-GTE-P00035,Settled Early,08/20/26 04:21:58.618 PM EDT,$0.00
Jose Ramirez 1.5,MLB-PHRR-FG-00C5B540KUS1NBO-JOEZ004-GTE-P00015,Settled Early,08/20/26 04:21:58.908 PM EDT,$1.00
Jose Ramirez 6.5,MLB-PHRR-FG-00C5B540KUS1NBO-JOEZ004-GTE-P00065,Settled Early,08/20/26 04:21:59.228 PM EDT,$0.00
Steven Kwan 4.5,MLB-PHRR-FG-00C5B540KUS1NBO-STAN000-GTE-P00045,Settled Early,08/20/26 04:22:10.585 PM EDT,$0.00
Steven Kwan 6.5,MLB-PHRR-FG-00C5B540KUS1NBO-STAN000-GTE-P00065,Settled Early,08/20/26 04:22:10.933 PM EDT,$0.00
Steven Kwan 9.5,MLB-PHRR-FG-00C5B540KUS1NBO-STAN000-GTE-P00095,Settled Early,08/20/26 04:22:11.249 PM EDT,$0.00
Steven Kwan 1.5,MLB-PHRR-FG-00C5B540KUS1NBO-STAN000-GTE-P00015,Settled Early,08/20/26 04:22:11.555 PM EDT,$1.00
Steven Kwan 2.5,MLB-PHRR-FG-00C5B540KUS1NBO-STAN000-GTE-P00025,Settled Early,08/20/26 04:22:11.961 PM EDT,$1.00
Steven Kwan 7.5,MLB-PHRR-FG-00C5B540KUS1NBO-STAN000-GTE-P00075,Settled Early,08/20/26 04:22:12.299 PM EDT,$0.00
Steven Kwan 0.5,MLB-PHRR-FG-00C5B540KUS1NBO-STAN000-GTE-P00005,Settled Early,08/20/26 04:22:12.589 PM EDT,$1.00
Steven Kwan 3.5,MLB-PHRR-FG-00C5B540KUS1NBO-STAN000-GTE-P00035,Settled Early,08/20/26 04:22:12.909 PM EDT,$0.00
Steven Kwan 8.5,MLB-PHRR-FG-00C5B540KUS1NBO-STAN000-GTE-P00085,Settled Early,08/20/26 04:22:13.224 PM EDT,$0.00
Steven Kwan 5.5,MLB-PHRR-FG-00C5B540KUS1NBO-STAN000-GTE-P00055,Settled Early,08/20/26 04:22:13.538 PM EDT,$0.00
Rafael Devers 0.5,MLB-PHRR-FG-00C5B540KUS1NBO-RARS000-GTE-P00005,Settled Early,08/20/26 04:22:26.250 PM EDT,$1.00
Rafael Devers 1.5,MLB-PHRR-FG-00C5B540KUS1NBO-RARS000-GTE-P00015,Settled Early,08/20/26 04:22:26.644 PM EDT,$1.00
Rafael Devers 2.5,MLB-PHRR-FG-00C5B540KUS1NBO-RARS000-GTE-P00025,Settled Early,08/20/26 04:22:27.030 PM EDT,$0.00
Rafael Devers 8.5,MLB-PHRR-FG-00C5B540KUS1NBO-RARS000-GTE-P00085,Settled Early,08/20/26 04:22:27.337 PM EDT,$0.00
Rafael Devers 9.5,MLB-PHRR-FG-00C5B540KUS1NBO-RARS000-GTE-P00095,Settled Early,08/20/26 04:22:27.728 PM EDT,$0.00
Rafael Devers 7.5,MLB-PHRR-FG-00C5B540KUS1NBO-RARS000-GTE-P00075,Settled Early,08/20/26 04:22:28.118 PM EDT,$0.00
Rafael Devers 5.5,MLB-PHRR-FG-00C5B540KUS1NBO-RARS000-GTE-P00055,Settled Early,08/20/26 04:22:28.439 PM EDT,$0.00
Rafael Devers 3.5,MLB-PHRR-FG-00C5B540KUS1NBO-RARS000-GTE-P00035,Settled Early,08/20/26 04:22:28.823 PM EDT,$0.00
Rafael Devers 6.5,MLB-PHRR-FG-00C5B540KUS1NBO-RARS000-GTE-P00065,Settled Early,08/20/26 04:22:29.149 PM EDT,$0.00
Rafael Devers 4.5,MLB-PHRR-FG-00C5B540KUS1NBO-RARS000-GTE-P00045,Settled Early,08/20/26 04:22:29.478 PM EDT,$0.00
Angel Martinez 0.5,MLB-PHRR-FG-00C5B540KUS1NBO-ANEZ003-GTE-P00005,Settled Early,08/20/26 04:22:41.517 PM EDT,$1.00
Angel Martinez 1.5,MLB-PHRR-FG-00C5B540KUS1NBO-ANEZ003-GTE-P00015,Settled Early,08/20/26 04:22:41.972 PM EDT,$0.00
Angel Martinez 5.5,MLB-PHRR-FG-00C5B540KUS1NBO-ANEZ003-GTE-P00055,Settled Early,08/20/26 04:22:42.568 PM EDT,$0.00
Angel Martinez 9.5,MLB-PHRR-FG-00C5B540KUS1NBO-ANEZ003-GTE-P00095,Settled Early,08/20/26 04:22:42.864 PM EDT,$0.00
Angel Martinez 6.5,MLB-PHRR-FG-00C5B540KUS1NBO-ANEZ003-GTE-P00065,Settled Early,08/20/26 04:22:43.179 PM EDT,$0.00
Angel Martinez 7.5,MLB-PHRR-FG-00C5B540KUS1NBO-ANEZ003-GTE-P00075,Settled Early,08/20/26 04:22:43.535 PM EDT,$0.00
Angel Martinez 4.5,MLB-PHRR-FG-00C5B540KUS1NBO-ANEZ003-GTE-P00045,Settled Early,08/20/26 04:22:43.985 PM EDT,$0.00
Angel Martinez 2.5,MLB-PHRR-FG-00C5B540KUS1NBO-ANEZ003-GTE-P00025,Settled Early,08/20/26 04:22:44.354 PM EDT,$0.00
Angel Martinez 3.5,MLB-PHRR-FG-00C5B540KUS1NBO-ANEZ003-GTE-P00035,Settled Early,08/20/26 04:22:44.838 PM EDT,$0.00
Angel Martinez 8.5,MLB-PHRR-FG-00C5B540KUS1NBO-ANEZ003-GTE-P00085,Settled Early,08/20/26 04:22:45.318 PM EDT,$0.00
Patrick Bailey 2.5,MLB-PHRR-FG-00C5B540KUS1NBO-PAEY000-GTE-P00025,Settled Early,08/20/26 04:22:59.702 PM EDT,$1.00
Patrick Bailey 6.5,MLB-PHRR-FG-00C5B540KUS1NBO-PAEY000-GTE-P00065,Settled Early,08/20/26 04:23:00.037 PM EDT,$0.00
Patrick Bailey 3.5,MLB-PHRR-FG-00C5B540KUS1NBO-PAEY000-GTE-P00035,Settled Early,08/20/26 04:23:00.403 PM EDT,$1.00
Patrick Bailey 8.5,MLB-PHRR-FG-00C5B540KUS1NBO-PAEY000-GTE-P00085,Settled Early,08/20/26 04:23:00.936 PM EDT,$0.00
Patrick Bailey 4.5,MLB-PHRR-FG-00C5B540KUS1NBO-PAEY000-GTE-P00045,Settled Early,08/20/26 04:23:01.253 PM EDT,$0.00
Patrick Bailey 1.5,MLB-PHRR-FG-00C5B540KUS1NBO-PAEY000-GTE-P00015,Settled Early,08/20/26 04:23:02.008 PM EDT,$1.00
Patrick Bailey 9.5,MLB-PHRR-FG-00C5B540KUS1NBO-PAEY000-GTE-P00095,Settled Early,08/20/26 04:23:02.704 PM EDT,$0.00
Patrick Bailey 5.5,MLB-PHRR-FG-00C5B540KUS1NBO-PAEY000-GTE-P00055,Settled Early,08/20/26 04:23:03.328 PM EDT,$0.00
Patrick Bailey 0.5,MLB-PHRR-FG-00C5B540KUS1NBO-PAEY000-GTE-P00005,Settled Early,08/20/26 04:23:03.945 PM EDT,$1.00
Patrick Bailey 7.5,MLB-PHRR-FG-00C5B540KUS1NBO-PAEY000-GTE-P00075,Settled Early,08/20/26 04:23:04.479 PM EDT,$0.00
Bryce Eldridge 0.5,MLB-PHRR-FG-00C5B540KUS1NBO-BRGE001-GTE-P00005,Settled Early,08/20/26 04:23:18.178 PM EDT,$1.00
Bryce Eldridge 1.5,MLB-PHRR-FG-00C5B540KUS1NBO-BRGE001-GTE-P00015,Settled Early,08/20/26 04:23:18.871 PM EDT,$0.00
Bryce Eldridge 2.5,MLB-PHRR-FG-00C5B540KUS1NBO-BRGE001-GTE-P00025,Settled Early,08/20/26 04:23:19.420 PM EDT,$0.00
Bryce Eldridge 3.5,MLB-PHRR-FG-00C5B540KUS1NBO-BRGE001-GTE-P00035,Settled Early,08/20/26 04:23:20.014 PM EDT,$0.00
Bryce Eldridge 4.5,MLB-PHRR-FG-00C5B540KUS1NBO-BRGE001-GTE-P00045,Settled Early,08/20/26 04:23:20.337 PM EDT,$0.00
Bryce Eldridge 7.5,MLB-PHRR-FG-00C5B540KUS1NBO-BRGE001-GTE-P00075,Settled Early,08/20/26 04:23:20.827 PM EDT,$0.00
Bryce Eldridge 8.5,MLB-PHRR-FG-00C5B540KUS1NBO-BRGE001-GTE-P00085,Settled Early,08/20/26 04:23:21.174 PM EDT,$0.00
Bryce Eldridge 6.5,MLB-PHRR-FG-00C5B540KUS1NBO-BRGE001-GTE-P00065,Settled Early,08/20/26 04:23:21.501 PM EDT,$0.00
Bryce Eldridge 5.5,MLB-PHRR-FG-00C5B540KUS1NBO-BRGE001-GTE-P00055,Settled Early,08/20/26 04:23:21.840 PM EDT,$0.00
Bryce Eldridge 9.5,MLB-PHRR-FG-00C5B540KUS1NBO-BRGE001-GTE-P00095,Settled Early,08/20/26 04:23:22.143 PM EDT,$0.00
Osleivis Basabe 7.5,MLB-PHRR-FG-00C5B540KUS1NBO-OSBE000-GTE-P00075,Settled Early,08/20/26 04:23:33.867 PM EDT,$0.00
Osleivis Basabe 6.5,MLB-PHRR-FG-00C5B540KUS1NBO-OSBE000-GTE-P00065,Settled Early,08/20/26 04:23:34.171 PM EDT,$0.00
Osleivis Basabe 4.5,MLB-PHRR-FG-00C5B540KUS1NBO-OSBE000-GTE-P00045,Settled Early,08/20/26 04:23:34.510 PM EDT,$0.00
Osleivis Basabe 1.5,MLB-PHRR-FG-00C5B540KUS1NBO-OSBE000-GTE-P00015,Settled Early,08/20/26 04:23:34.879 PM EDT,$0.00
Osleivis Basabe 5.5,MLB-PHRR-FG-00C5B540KUS1NBO-OSBE000-GTE-P00055,Settled Early,08/20/26 04:23:35.186 PM EDT,$0.00
Osleivis Basabe 3.5,MLB-PHRR-FG-00C5B540KUS1NBO-OSBE000-GTE-P00035,Settled Early,08/20/26 04:23:35.503 PM EDT,$0.00
Osleivis Basabe 0.5,MLB-PHRR-FG-00C5B540KUS1NBO-OSBE000-GTE-P00005,Settled Early,08/20/26 04:23:35.895 PM EDT,$1.00
Osleivis Basabe 9.5,MLB-PHRR-FG-00C5B540KUS1NBO-OSBE000-GTE-P00095,Settled Early,08/20/26 04:23:36.256 PM EDT,$0.00
Osleivis Basabe 8.5,MLB-PHRR-FG-00C5B540KUS1NBO-OSBE000-GTE-P00085,Settled Early,08/20/26 04:23:36.567 PM EDT,$0.00
Osleivis Basabe 2.5,MLB-PHRR-FG-00C5B540KUS1NBO-OSBE000-GTE-P00025,Settled Early,08/20/26 04:23:36.933 PM EDT,$0.00
Travis Bazzana 4.5,MLB-PHRR-FG-00C5B540KUS1NBO-TRNA000-GTE-P00045,Settled Early,08/20/26 04:23:50.594 PM EDT,$0.00
Travis Bazzana 1.5,MLB-PHRR-FG-00C5B540KUS1NBO-TRNA000-GTE-P00015,Settled Early,08/20/26 04:23:50.937 PM EDT,$1.00
Travis Bazzana 8.5,MLB-PHRR-FG-00C5B540KUS1NBO-TRNA000-GTE-P00085,Settled Early,08/20/26 04:23:51.309 PM EDT,$0.00
Travis Bazzana 7.5,MLB-PHRR-FG-00C5B540KUS1NBO-TRNA000-GTE-P00075,Settled Early,08/20/26 04:23:51.598 PM EDT,$0.00
Travis Bazzana 5.5,MLB-PHRR-FG-00C5B540KUS1NBO-TRNA000-GTE-P00055,Settled Early,08/20/26 04:23:51.928 PM EDT,$0.00
Travis Bazzana 0.5,MLB-PHRR-FG-00C5B540KUS1NBO-TRNA000-GTE-P00005,Settled Early,08/20/26 04:23:52.231 PM EDT,$1.00
Travis Bazzana 9.5,MLB-PHRR-FG-00C5B540KUS1NBO-TRNA000-GTE-P00095,Settled Early,08/20/26 04:23:52.545 PM EDT,$0.00
Travis Bazzana 6.5,MLB-PHRR-FG-00C5B540KUS1NBO-TRNA000-GTE-P00065,Settled Early,08/20/26 04:23:52.924 PM EDT,$0.00
Travis Bazzana 2.5,MLB-PHRR-FG-00C5B540KUS1NBO-TRNA000-GTE-P00025,Settled Early,08/20/26 04:23:53.232 PM EDT,$0.00
Travis Bazzana 3.5,MLB-PHRR-FG-00C5B540KUS1NBO-TRNA000-GTE-P00035,Settled Early,08/20/26 04:23:53.543 PM EDT,$0.00
Willy Adames 7.5,MLB-PHRR-FG-00C5B540KUS1NBO-WIES000-GTE-P00075,Settled Early,08/20/26 04:24:04.956 PM EDT,$0.00
Willy Adames 0.5,MLB-PHRR-FG-00C5B540KUS1NBO-WIES000-GTE-P00005,Settled Early,08/20/26 04:24:05.324 PM EDT,$1.00
Willy Adames 3.5,MLB-PHRR-FG-00C5B540KUS1NBO-WIES000-GTE-P00035,Settled Early,08/20/26 04:24:05.612 PM EDT,$1.00
Willy Adames 1.5,MLB-PHRR-FG-00C5B540KUS1NBO-WIES000-GTE-P00015,Settled Early,08/20/26 04:24:05.902 PM EDT,$1.00
Willy Adames 4.5,MLB-PHRR-FG-00C5B540KUS1NBO-WIES000-GTE-P00045,Settled Early,08/20/26 04:24:06.341 PM EDT,$0.00
Willy Adames 5.5,MLB-PHRR-FG-00C5B540KUS1NBO-WIES000-GTE-P00055,Settled Early,08/20/26 04:24:06.627 PM EDT,$0.00
Willy Adames 8.5,MLB-PHRR-FG-00C5B540KUS1NBO-WIES000-GTE-P00085,Settled Early,08/20/26 04:24:07.057 PM EDT,$0.00
Willy Adames 9.5,MLB-PHRR-FG-00C5B540KUS1NBO-WIES000-GTE-P00095,Settled Early,08/20/26 04:24:07.391 PM EDT,$0.00
Willy Adames 6.5,MLB-PHRR-FG-00C5B540KUS1NBO-WIES000-GTE-P00065,Settled Early,08/20/26 04:24:07.745 PM EDT,$0.00
Willy Adames 2.5,MLB-PHRR-FG-00C5B540KUS1NBO-WIES000-GTE-P00025,Settled Early,08/20/26 04:24:08.109 PM EDT,$1.00
Victor Bericoto 9.5,MLB-PHRR-FG-00C5B540KUS1NBO-VITO001-GTE-P00095,Settled Early,08/20/26 04:24:19.588 PM EDT,$0.00
Victor Bericoto 7.5,MLB-PHRR-FG-00C5B540KUS1NBO-VITO001-GTE-P00075,Settled Early,08/20/26 04:24:20.005 PM EDT,$0.00
Victor Bericoto 2.5,MLB-PHRR-FG-00C5B540KUS1NBO-VITO001-GTE-P00025,Settled Early,08/20/26 04:24:20.358 PM EDT,$0.00
Victor Bericoto 0.5,MLB-PHRR-FG-00C5B540KUS1NBO-VITO001-GTE-P00005,Settled Early,08/20/26 04:24:20.692 PM EDT,$0.00
Victor Bericoto 8.5,MLB-PHRR-FG-00C5B540KUS1NBO-VITO001-GTE-P00085,Settled Early,08/20/26 04:24:21.007 PM EDT,$0.00
Victor Bericoto 6.5,MLB-PHRR-FG-00C5B540KUS1NBO-VITO001-GTE-P00065,Settled Early,08/20/26 04:24:21.420 PM EDT,$0.00
Victor Bericoto 5.5,MLB-PHRR-FG-00C5B540KUS1NBO-VITO001-GTE-P00055,Settled Early,08/20/26 04:24:21.751 PM EDT,$0.00
Victor Bericoto 4.5,MLB-PHRR-FG-00C5B540KUS1NBO-VITO001-GTE-P00045,Settled Early,08/20/26 04:24:22.079 PM EDT,$0.00
Victor Bericoto 3.5,MLB-PHRR-FG-00C5B540KUS1NBO-VITO001-GTE-P00035,Settled Early,08/20/26 04:24:22.433 PM EDT,$0.00
Victor Bericoto 1.5,MLB-PHRR-FG-00C5B540KUS1NBO-VITO001-GTE-P00015,Settled Early,08/20/26 04:24:22.755 PM EDT,$0.00
Jo Adell 1.5,MLB-PHRR-FG-00C5B540KUS1NBO-JOLL001-GTE-P00015,Settled Early,08/20/26 04:24:32.957 PM EDT,$0.00
Jo Adell 0.5,MLB-PHRR-FG-00C5B540KUS1NBO-JOLL001-GTE-P00005,Settled Early,08/20/26 04:24:33.444 PM EDT,$0.00
Jo Adell 2.5,MLB-PHRR-FG-00C5B540KUS1NBO-JOLL001-GTE-P00025,Settled Early,08/20/26 04:24:33.870 PM EDT,$0.00
Jo Adell 8.5,MLB-PHRR-FG-00C5B540KUS1NBO-JOLL001-GTE-P00085,Settled Early,08/20/26 04:24:34.184 PM EDT,$0.00
Jo Adell 5.5,MLB-PHRR-FG-00C5B540KUS1NBO-JOLL001-GTE-P00055,Settled Early,08/20/26 04:24:34.695 PM EDT,$0.00
Jo Adell 4.5,MLB-PHRR-FG-00C5B540KUS1NBO-JOLL001-GTE-P00045,Settled Early,08/20/26 04:24:35.056 PM EDT,$0.00
Jo Adell 9.5,MLB-PHRR-FG-00C5B540KUS1NBO-JOLL001-GTE-P00095,Settled Early,08/20/26 04:24:35.395 PM EDT,$0.00
Jo Adell 3.5,MLB-PHRR-FG-00C5B540KUS1NBO-JOLL001-GTE-P00035,Settled Early,08/20/26 04:24:35.769 PM EDT,$0.00
Jo Adell 7.5,MLB-PHRR-FG-00C5B540KUS1NBO-JOLL001-GTE-P00075,Settled Early,08/20/26 04:24:36.078 PM EDT,$0.00
Jo Adell 6.5,MLB-PHRR-FG-00C5B540KUS1NBO-JOLL001-GTE-P00065,Settled Early,08/20/26 04:24:36.426 PM EDT,$0.00
Over 2.5,MLB-TRUNS-I6-00C5B502KUS1N1G-GTE-P00025,Settled Early,08/20/26 04:24:48.313 PM EDT,$0.00
Over 1.5,MLB-TRUNS-I6-00C5B502KUS1N1G-GTE-P00015,Settled Early,08/20/26 04:24:48.723 PM EDT,$0.00
Over 0.5,MLB-TRUNS-I6-00C5B502KUS1N1G-GTE-P00005,Settled Early,08/20/26 04:24:49.185 PM EDT,$0.00
Over 4.5,MLB-TRUNS-I6-00C5B502KUS1N1G-GTE-P00045,Settled Early,08/20/26 04:24:49.573 PM EDT,$0.00
Over 3.5,MLB-TRUNS-I6-00C5B502KUS1N1G-GTE-P00035,Settled Early,08/20/26 04:24:50.073 PM EDT,$0.00
Over 0.5,MLB-TRUNS-I6-00C5B50GKUS1MI8-GTE-P00005,Settled Early,08/20/26 04:33:15.137 PM EDT,$0.00
Over 2.5,MLB-TRUNS-I6-00C5B50GKUS1MI8-GTE-P00025,Settled Early,08/20/26 04:33:15.623 PM EDT,$0.00
Over 4.5,MLB-TRUNS-I6-00C5B50GKUS1MI8-GTE-P00045,Settled Early,08/20/26 04:33:15.998 PM EDT,$0.00
Over 1.5,MLB-TRUNS-I6-00C5B50GKUS1MI8-GTE-P00015,Settled Early,08/20/26 04:33:16.431 PM EDT,$0.00
Over 3.5,MLB-TRUNS-I6-00C5B50GKUS1MI8-GTE-P00035,Settled Early,08/20/26 04:33:16.750 PM EDT,$0.00
Over 4.5,MLB-TRUNS-I7-00C5B502KUS1N1G-GTE-P00045,Settled Early,08/20/26 04:41:39.901 PM EDT,$0.00
Over 0.5,MLB-TRUNS-I7-00C5B502KUS1N1G-GTE-P00005,Settled Early,08/20/26 04:41:40.270 PM EDT,$0.00
Over 2.5,MLB-TRUNS-I7-00C5B502KUS1N1G-GTE-P00025,Settled Early,08/20/26 04:41:40.706 PM EDT,$0.00
Over 1.5,MLB-TRUNS-I7-00C5B502KUS1N1G-GTE-P00015,Settled Early,08/20/26 04:41:41.272 PM EDT,$0.00
Over 3.5,MLB-TRUNS-I7-00C5B502KUS1N1G-GTE-P00035,Settled Early,08/20/26 04:41:41.727 PM EDT,$0.00
Over 3.5,MLB-TRUNS-I9-00C5B576KUS1M0G-GTE-P00035,Settled Early,08/20/26 04:47:22.917 PM EDT,$0.00
Over 9.5,MLB-TRUNS-FG-00C5B576KUS1M0G-GTE-P00095,Settled Early,08/20/26 04:47:22.993 PM EDT,$0.00
CHI White Sox,MLB-WIN-FG-00C5B576KUS1M0G-CHOX000,Settled Early,08/20/26 04:47:23.057 PM EDT,$0.00
Over 2.5,MLB-TRUNS-I9-00C5B576KUS1M0G-GTE-P00025,Settled Early,08/20/26 04:47:23.263 PM EDT,$0.00
Over 10.5,MLB-TRUNS-FG-00C5B576KUS1M0G-GTE-P00105,Settled Early,08/20/26 04:47:23.387 PM EDT,$0.00
Over 11.5,MLB-TRUNS-FG-00C5B576KUS1M0G-GTE-P00115,Settled Early,08/20/26 04:47:23.699 PM EDT,$0.00
ATL Braves,MLB-WIN-FG-00C5B576KUS1M0G-ATES000,Settled Early,08/20/26 04:47:23.699 PM EDT,$1.00
Over 0.5,MLB-TRUNS-I9-00C5B576KUS1M0G-GTE-P00005,Settled Early,08/20/26 04:47:23.724 PM EDT,$0.00
Over 12.5,MLB-TRUNS-FG-00C5B576KUS1M0G-GTE-P00125,Settled Early,08/20/26 04:47:24.194 PM EDT,$0.00
Over 1.5,MLB-TRUNS-I9-00C5B576KUS1M0G-GTE-P00015,Settled Early,08/20/26 04:47:24.232 PM EDT,$0.00
Over 13.5,MLB-TRUNS-FG-00C5B576KUS1M0G-GTE-P00135,Settled Early,08/20/26 04:47:24.516 PM EDT,$0.00
Over 4.5,MLB-TRUNS-I9-00C5B576KUS1M0G-GTE-P00045,Settled Early,08/20/26 04:47:24.635 PM EDT,$0.00
Over 14.5,MLB-TRUNS-FG-00C5B576KUS1M0G-GTE-P00145,Settled Early,08/20/26 04:47:25.043 PM EDT,$0.00
Over 15.5,MLB-TRUNS-FG-00C5B576KUS1M0G-GTE-P00155,Settled Early,08/20/26 04:47:25.475 PM EDT,$0.00
Over 8.5,MLB-TRUNS-FG-00C5B576KUS1M0G-GTE-P00085,Settled Early,08/20/26 04:47:25.985 PM EDT,$0.00
Over 7.5,MLB-TRUNS-FG-00C5B576KUS1M0G-GTE-P00075,Settled Early,08/20/26 04:47:26.467 PM EDT,$0.00
Over 3.5,MLB-TRUNS-FG-00C5B576KUS1M0G-GTE-P00035,Settled Early,08/20/26 04:47:26.852 PM EDT,$0.00
Over 4.5,MLB-TRUNS-FG-00C5B576KUS1M0G-GTE-P00045,Settled Early,08/20/26 04:47:27.199 PM EDT,$0.00
Over 5.5,MLB-TRUNS-FG-00C5B576KUS1M0G-GTE-P00055,Settled Early,08/20/26 04:47:27.567 PM EDT,$0.00
Over 6.5,MLB-TRUNS-FG-00C5B576KUS1M0G-GTE-P00065,Settled Early,08/20/26 04:47:27.914 PM EDT,$0.00
Andrew Benintendi 6.5,MLB-PHRR-FG-00C5B576KUS1M0G-ANDI000-GTE-P00065,Settled Early,08/20/26 04:51:00.563 PM EDT,$0.00
Andrew Benintendi 1.5,MLB-PHRR-FG-00C5B576KUS1M0G-ANDI000-GTE-P00015,Settled Early,08/20/26 04:51:00.882 PM EDT,$0.00
Andrew Benintendi 0.5,MLB-PHRR-FG-00C5B576KUS1M0G-ANDI000-GTE-P00005,Settled Early,08/20/26 04:51:01.225 PM EDT,$1.00
Andrew Benintendi 7.5,MLB-PHRR-FG-00C5B576KUS1M0G-ANDI000-GTE-P00075,Settled Early,08/20/26 04:51:01.593 PM EDT,$0.00
Andrew Benintendi 2.5,MLB-PHRR-FG-00C5B576KUS1M0G-ANDI000-GTE-P00025,Settled Early,08/20/26 04:51:01.968 PM EDT,$0.00
Andrew Benintendi 8.5,MLB-PHRR-FG-00C5B576KUS1M0G-ANDI000-GTE-P00085,Settled Early,08/20/26 04:51:02.401 PM EDT,$0.00
Andrew Benintendi 3.5,MLB-PHRR-FG-00C5B576KUS1M0G-ANDI000-GTE-P00035,Settled Early,08/20/26 04:51:02.741 PM EDT,$0.00
Andrew Benintendi 4.5,MLB-PHRR-FG-00C5B576KUS1M0G-ANDI000-GTE-P00045,Settled Early,08/20/26 04:51:03.045 PM EDT,$0.00
Andrew Benintendi 5.5,MLB-PHRR-FG-00C5B576KUS1M0G-ANDI000-GTE-P00055,Settled Early,08/20/26 04:51:03.338 PM EDT,$0.00
Andrew Benintendi 9.5,MLB-PHRR-FG-00C5B576KUS1M0G-ANDI000-GTE-P00095,Settled Early,08/20/26 04:51:03.666 PM EDT,$0.00
Drew Romo 7.5,MLB-PHRR-FG-00C5B576KUS1M0G-DRMO000-GTE-P00075,Settled Early,08/20/26 04:51:18.432 PM EDT,$0.00
Drew Romo 9.5,MLB-PHRR-FG-00C5B576KUS1M0G-DRMO000-GTE-P00095,Settled Early,08/20/26 04:51:18.774 PM EDT,$0.00
Drew Romo 3.5,MLB-PHRR-FG-00C5B576KUS1M0G-DRMO000-GTE-P00035,Settled Early,08/20/26 04:51:19.077 PM EDT,$0.00
Drew Romo 2.5,MLB-PHRR-FG-00C5B576KUS1M0G-DRMO000-GTE-P00025,Settled Early,08/20/26 04:51:19.365 PM EDT,$0.00
Drew Romo 0.5,MLB-PHRR-FG-00C5B576KUS1M0G-DRMO000-GTE-P00005,Settled Early,08/20/26 04:51:19.683 PM EDT,$0.00
Drew Romo 1.5,MLB-PHRR-FG-00C5B576KUS1M0G-DRMO000-GTE-P00015,Settled Early,08/20/26 04:51:20.082 PM EDT,$0.00
Drew Romo 4.5,MLB-PHRR-FG-00C5B576KUS1M0G-DRMO000-GTE-P00045,Settled Early,08/20/26 04:51:20.386 PM EDT,$0.00
Drew Romo 5.5,MLB-PHRR-FG-00C5B576KUS1M0G-DRMO000-GTE-P00055,Settled Early,08/20/26 04:51:20.688 PM EDT,$0.00
Drew Romo 6.5,MLB-PHRR-FG-00C5B576KUS1M0G-DRMO000-GTE-P00065,Settled Early,08/20/26 04:51:21.073 PM EDT,$0.00
Drew Romo 8.5,MLB-PHRR-FG-00C5B576KUS1M0G-DRMO000-GTE-P00085,Settled Early,08/20/26 04:51:21.393 PM EDT,$0.00
Drake Baldwin 9.5,MLB-PHRR-FG-00C5B576KUS1M0G-DRIN000-GTE-P00095,Settled Early,08/20/26 04:51:34.071 PM EDT,$0.00
Drake Baldwin 0.5,MLB-PHRR-FG-00C5B576KUS1M0G-DRIN000-GTE-P00005,Settled Early,08/20/26 04:51:34.447 PM EDT,$0.00
Drake Baldwin 3.5,MLB-PHRR-FG-00C5B576KUS1M0G-DRIN000-GTE-P00035,Settled Early,08/20/26 04:51:34.776 PM EDT,$0.00
Drake Baldwin 2.5,MLB-PHRR-FG-00C5B576KUS1M0G-DRIN000-GTE-P00025,Settled Early,08/20/26 04:51:35.127 PM EDT,$0.00
Drake Baldwin 7.5,MLB-PHRR-FG-00C5B576KUS1M0G-DRIN000-GTE-P00075,Settled Early,08/20/26 04:51:35.461 PM EDT,$0.00
Drake Baldwin 8.5,MLB-PHRR-FG-00C5B576KUS1M0G-DRIN000-GTE-P00085,Settled Early,08/20/26 04:51:35.769 PM EDT,$0.00
Drake Baldwin 5.5,MLB-PHRR-FG-00C5B576KUS1M0G-DRIN000-GTE-P00055,Settled Early,08/20/26 04:51:36.057 PM EDT,$0.00
Drake Baldwin 4.5,MLB-PHRR-FG-00C5B576KUS1M0G-DRIN000-GTE-P00045,Settled Early,08/20/26 04:51:36.443 PM EDT,$0.00
Drake Baldwin 1.5,MLB-PHRR-FG-00C5B576KUS1M0G-DRIN000-GTE-P00015,Settled Early,08/20/26 04:51:36.794 PM EDT,$0.00
Drake Baldwin 6.5,MLB-PHRR-FG-00C5B576KUS1M0G-DRIN000-GTE-P00065,Settled Early,08/20/26 04:51:37.543 PM EDT,$0.00
Miguel Vargas 3.5,MLB-PHRR-FG-00C5B576KUS1M0G-MIAS003-GTE-P00035,Settled Early,08/20/26 04:51:51.073 PM EDT,$0.00
Miguel Vargas 4.5,MLB-PHRR-FG-00C5B576KUS1M0G-MIAS003-GTE-P00045,Settled Early,08/20/26 04:51:51.400 PM EDT,$0.00
Miguel Vargas 7.5,MLB-PHRR-FG-00C5B576KUS1M0G-MIAS003-GTE-P00075,Settled Early,08/20/26 04:51:51.726 PM EDT,$0.00
Miguel Vargas 0.5,MLB-PHRR-FG-00C5B576KUS1M0G-MIAS003-GTE-P00005,Settled Early,08/20/26 04:51:52.242 PM EDT,$0.00
Miguel Vargas 1.5,MLB-PHRR-FG-00C5B576KUS1M0G-MIAS003-GTE-P00015,Settled Early,08/20/26 04:51:52.612 PM EDT,$0.00
Miguel Vargas 5.5,MLB-PHRR-FG-00C5B576KUS1M0G-MIAS003-GTE-P00055,Settled Early,08/20/26 04:51:53.211 PM EDT,$0.00
Miguel Vargas 2.5,MLB-PHRR-FG-00C5B576KUS1M0G-MIAS003-GTE-P00025,Settled Early,08/20/26 04:51:53.657 PM EDT,$0.00
Miguel Vargas 6.5,MLB-PHRR-FG-00C5B576KUS1M0G-MIAS003-GTE-P00065,Settled Early,08/20/26 04:51:54.085 PM EDT,$0.00
Miguel Vargas 8.5,MLB-PHRR-FG-00C5B576KUS1M0G-MIAS003-GTE-P00085,Settled Early,08/20/26 04:51:54.479 PM EDT,$0.00
Miguel Vargas 9.5,MLB-PHRR-FG-00C5B576KUS1M0G-MIAS003-GTE-P00095,Settled Early,08/20/26 04:51:54.957 PM EDT,$0.00
Over 4.5,MLB-TRUNS-I7-00C5B50GKUS1MI8-GTE-P00045,Settled Early,08/20/26 04:51:55.152 PM EDT,$0.00
Over 2.5,MLB-TRUNS-I7-00C5B50GKUS1MI8-GTE-P00025,Settled Early,08/20/26 04:51:55.539 PM EDT,$0.00
Over 0.5,MLB-TRUNS-I7-00C5B50GKUS1MI8-GTE-P00005,Settled Early,08/20/26 04:51:55.868 PM EDT,$0.00
Over 1.5,MLB-TRUNS-I7-00C5B50GKUS1MI8-GTE-P00015,Settled Early,08/20/26 04:51:56.357 PM EDT,$0.00
Over 3.5,MLB-TRUNS-I7-00C5B50GKUS1MI8-GTE-P00035,Settled Early,08/20/26 04:51:56.703 PM EDT,$0.00
Munetaka Murakami 0.5,MLB-PHRR-FG-00C5B576KUS1M0G-MUMI000-GTE-P00005,Settled Early,08/20/26 04:52:30.569 PM EDT,$0.00
Munetaka Murakami 4.5,MLB-PHRR-FG-00C5B576KUS1M0G-MUMI000-GTE-P00045,Settled Early,08/20/26 04:52:30.882 PM EDT,$0.00
Munetaka Murakami 1.5,MLB-PHRR-FG-00C5B576KUS1M0G-MUMI000-GTE-P00015,Settled Early,08/20/26 04:52:31.260 PM EDT,$0.00
Munetaka Murakami 3.5,MLB-PHRR-FG-00C5B576KUS1M0G-MUMI000-GTE-P00035,Settled Early,08/20/26 04:52:31.673 PM EDT,$0.00
Munetaka Murakami 2.5,MLB-PHRR-FG-00C5B576KUS1M0G-MUMI000-GTE-P00025,Settled Early,08/20/26 04:52:32.051 PM EDT,$0.00
Munetaka Murakami 5.5,MLB-PHRR-FG-00C5B576KUS1M0G-MUMI000-GTE-P00055,Settled Early,08/20/26 04:52:33.653 PM EDT,$0.00
Munetaka Murakami 8.5,MLB-PHRR-FG-00C5B576KUS1M0G-MUMI000-GTE-P00085,Settled Early,08/20/26 04:52:34.502 PM EDT,$0.00
Munetaka Murakami 9.5,MLB-PHRR-FG-00C5B576KUS1M0G-MUMI000-GTE-P00095,Settled Early,08/20/26 04:52:34.860 PM EDT,$0.00
Munetaka Murakami 6.5,MLB-PHRR-FG-00C5B576KUS1M0G-MUMI000-GTE-P00065,Settled Early,08/20/26 04:52:35.276 PM EDT,$0.00
Munetaka Murakami 7.5,MLB-PHRR-FG-00C5B576KUS1M0G-MUMI000-GTE-P00075,Settled Early,08/20/26 04:52:35.706 PM EDT,$0.00
Austin Riley 0.5,MLB-PHRR-FG-00C5B576KUS1M0G-AUEY000-GTE-P00005,Settled Early,08/20/26 04:52:51.669 PM EDT,$1.00
Austin Riley 3.5,MLB-PHRR-FG-00C5B576KUS1M0G-AUEY000-GTE-P00035,Settled Early,08/20/26 04:52:52.162 PM EDT,$1.00
Austin Riley 6.5,MLB-PHRR-FG-00C5B576KUS1M0G-AUEY000-GTE-P00065,Settled Early,08/20/26 04:52:52.594 PM EDT,$0.00
Austin Riley 7.5,MLB-PHRR-FG-00C5B576KUS1M0G-AUEY000-GTE-P00075,Settled Early,08/20/26 04:52:52.933 PM EDT,$0.00
Austin Riley 1.5,MLB-PHRR-FG-00C5B576KUS1M0G-AUEY000-GTE-P00015,Settled Early,08/20/26 04:52:53.329 PM EDT,$1.00
Austin Riley 4.5,MLB-PHRR-FG-00C5B576KUS1M0G-AUEY000-GTE-P00045,Settled Early,08/20/26 04:52:53.730 PM EDT,$0.00
Austin Riley 2.5,MLB-PHRR-FG-00C5B576KUS1M0G-AUEY000-GTE-P00025,Settled Early,08/20/26 04:52:54.045 PM EDT,$1.00
Austin Riley 5.5,MLB-PHRR-FG-00C5B576KUS1M0G-AUEY000-GTE-P00055,Settled Early,08/20/26 04:52:54.449 PM EDT,$0.00
Austin Riley 9.5,MLB-PHRR-FG-00C5B576KUS1M0G-AUEY000-GTE-P00095,Settled Early,08/20/26 04:52:54.776 PM EDT,$0.00
Austin Riley 8.5,MLB-PHRR-FG-00C5B576KUS1M0G-AUEY000-GTE-P00085,Settled Early,08/20/26 04:52:55.115 PM EDT,$0.00
Over 0.5,MLB-TRUNS-I8-00C5B502KUS1N1G-GTE-P00005,Settled Early,08/20/26 04:58:08.259 PM EDT,$1.00
Sam Antonacci 2.5,MLB-PHRR-FG-00C5B576KUS1M0G-SACI000-GTE-P00025,Settled Early,08/20/26 04:59:53.489 PM EDT,$0.00
Sam Antonacci 3.5,MLB-PHRR-FG-00C5B576KUS1M0G-SACI000-GTE-P00035,Settled Early,08/20/26 04:59:54.033 PM EDT,$0.00
Sam Antonacci 4.5,MLB-PHRR-FG-00C5B576KUS1M0G-SACI000-GTE-P00045,Settled Early,08/20/26 04:59:54.514 PM EDT,$0.00
Sam Antonacci 0.5,MLB-PHRR-FG-00C5B576KUS1M0G-SACI000-GTE-P00005,Settled Early,08/20/26 04:59:54.945 PM EDT,$0.00
Sam Antonacci 1.5,MLB-PHRR-FG-00C5B576KUS1M0G-SACI000-GTE-P00015,Settled Early,08/20/26 04:59:55.523 PM EDT,$0.00
Sam Antonacci 6.5,MLB-PHRR-FG-00C5B576KUS1M0G-SACI000-GTE-P00065,Settled Early,08/20/26 04:59:56.142 PM EDT,$0.00
Sam Antonacci 9.5,MLB-PHRR-FG-00C5B576KUS1M0G-SACI000-GTE-P00095,Settled Early,08/20/26 04:59:56.596 PM EDT,$0.00
Sam Antonacci 8.5,MLB-PHRR-FG-00C5B576KUS1M0G-SACI000-GTE-P00085,Settled Early,08/20/26 04:59:57.059 PM EDT,$0.00
Sam Antonacci 5.5,MLB-PHRR-FG-00C5B576KUS1M0G-SACI000-GTE-P00055,Settled Early,08/20/26 04:59:57.431 PM EDT,$0.00
Sam Antonacci 7.5,MLB-PHRR-FG-00C5B576KUS1M0G-SACI000-GTE-P00075,Settled Early,08/20/26 04:59:57.850 PM EDT,$0.00
Ozzie Albies 3.5,MLB-PHRR-FG-00C5B576KUS1M0G-OZES000-GTE-P00035,Settled Early,08/20/26 05:00:09.722 PM EDT,$0.00
Ozzie Albies 5.5,MLB-PHRR-FG-00C5B576KUS1M0G-OZES000-GTE-P00055,Settled Early,08/20/26 05:00:10.156 PM EDT,$0.00
Ozzie Albies 2.5,MLB-PHRR-FG-00C5B576KUS1M0G-OZES000-GTE-P00025,Settled Early,08/20/26 05:00:10.529 PM EDT,$0.00
Ozzie Albies 0.5,MLB-PHRR-FG-00C5B576KUS1M0G-OZES000-GTE-P00005,Settled Early,08/20/26 05:00:11.110 PM EDT,$1.00
Ozzie Albies 1.5,MLB-PHRR-FG-00C5B576KUS1M0G-OZES000-GTE-P00015,Settled Early,08/20/26 05:00:11.638 PM EDT,$0.00
Ozzie Albies 6.5,MLB-PHRR-FG-00C5B576KUS1M0G-OZES000-GTE-P00065,Settled Early,08/20/26 05:00:12.676 PM EDT,$0.00
Ozzie Albies 4.5,MLB-PHRR-FG-00C5B576KUS1M0G-OZES000-GTE-P00045,Settled Early,08/20/26 05:00:13.108 PM EDT,$0.00
Ozzie Albies 8.5,MLB-PHRR-FG-00C5B576KUS1M0G-OZES000-GTE-P00085,Settled Early,08/20/26 05:00:13.465 PM EDT,$0.00
Ozzie Albies 7.5,MLB-PHRR-FG-00C5B576KUS1M0G-OZES000-GTE-P00075,Settled Early,08/20/26 05:00:14.023 PM EDT,$0.00
Ozzie Albies 9.5,MLB-PHRR-FG-00C5B576KUS1M0G-OZES000-GTE-P00095,Settled Early,08/20/26 05:00:14.450 PM EDT,$0.00
Mauricio Dubon 4.5,MLB-PHRR-FG-00C5B576KUS1M0G-MAON002-GTE-P00045,Settled Early,08/20/26 05:00:30.882 PM EDT,$0.00
Mauricio Dubon 0.5,MLB-PHRR-FG-00C5B576KUS1M0G-MAON002-GTE-P00005,Settled Early,08/20/26 05:00:31.286 PM EDT,$1.00
Mauricio Dubon 1.5,MLB-PHRR-FG-00C5B576KUS1M0G-MAON002-GTE-P00015,Settled Early,08/20/26 05:00:31.722 PM EDT,$1.00
Mauricio Dubon 3.5,MLB-PHRR-FG-00C5B576KUS1M0G-MAON002-GTE-P00035,Settled Early,08/20/26 05:00:32.135 PM EDT,$1.00
Mauricio Dubon 2.5,MLB-PHRR-FG-00C5B576KUS1M0G-MAON002-GTE-P00025,Settled Early,08/20/26 05:00:32.611 PM EDT,$1.00
Mauricio Dubon 9.5,MLB-PHRR-FG-00C5B576KUS1M0G-MAON002-GTE-P00095,Settled Early,08/20/26 05:00:33.113 PM EDT,$0.00
Mauricio Dubon 5.5,MLB-PHRR-FG-00C5B576KUS1M0G-MAON002-GTE-P00055,Settled Early,08/20/26 05:00:33.503 PM EDT,$0.00
Mauricio Dubon 7.5,MLB-PHRR-FG-00C5B576KUS1M0G-MAON002-GTE-P00075,Settled Early,08/20/26 05:00:33.976 PM EDT,$0.00
Mauricio Dubon 6.5,MLB-PHRR-FG-00C5B576KUS1M0G-MAON002-GTE-P00065,Settled Early,08/20/26 05:00:34.357 PM EDT,$0.00
Mauricio Dubon 8.5,MLB-PHRR-FG-00C5B576KUS1M0G-MAON002-GTE-P00085,Settled Early,08/20/26 05:00:34.735 PM EDT,$0.00
Tristan Peters 1.5,MLB-PHRR-FG-00C5B576KUS1M0G-TRRS001-GTE-P00015,Settled Early,08/20/26 05:00:50.869 PM EDT,$0.00
Tristan Peters 3.5,MLB-PHRR-FG-00C5B576KUS1M0G-TRRS001-GTE-P00035,Settled Early,08/20/26 05:00:51.411 PM EDT,$0.00
Tristan Peters 4.5,MLB-PHRR-FG-00C5B576KUS1M0G-TRRS001-GTE-P00045,Settled Early,08/20/26 05:00:51.778 PM EDT,$0.00
Tristan Peters 5.5,MLB-PHRR-FG-00C5B576KUS1M0G-TRRS001-GTE-P00055,Settled Early,08/20/26 05:00:52.242 PM EDT,$0.00
Tristan Peters 6.5,MLB-PHRR-FG-00C5B576KUS1M0G-TRRS001-GTE-P00065,Settled Early,08/20/26 05:00:52.663 PM EDT,$0.00
Tristan Peters 2.5,MLB-PHRR-FG-00C5B576KUS1M0G-TRRS001-GTE-P00025,Settled Early,08/20/26 05:00:53.053 PM EDT,$0.00
Tristan Peters 0.5,MLB-PHRR-FG-00C5B576KUS1M0G-TRRS001-GTE-P00005,Settled Early,08/20/26 05:00:53.534 PM EDT,$0.00
Tristan Peters 9.5,MLB-PHRR-FG-00C5B576KUS1M0G-TRRS001-GTE-P00095,Settled Early,08/20/26 05:00:53.948 PM EDT,$0.00
Tristan Peters 8.5,MLB-PHRR-FG-00C5B576KUS1M0G-TRRS001-GTE-P00085,Settled Early,08/20/26 05:00:54.468 PM EDT,$0.00
Tristan Peters 7.5,MLB-PHRR-FG-00C5B576KUS1M0G-TRRS001-GTE-P00075,Settled Early,08/20/26 05:00:54.941 PM EDT,$0.00
Matt Olson 4.5,MLB-PHRR-FG-00C5B576KUS1M0G-MAON003-GTE-P00045,Settled Early,08/20/26 05:01:15.277 PM EDT,$0.00
Matt Olson 5.5,MLB-PHRR-FG-00C5B576KUS1M0G-MAON003-GTE-P00055,Settled Early,08/20/26 05:01:15.900 PM EDT,$0.00
Matt Olson 3.5,MLB-PHRR-FG-00C5B576KUS1M0G-MAON003-GTE-P00035,Settled Early,08/20/26 05:01:16.527 PM EDT,$0.00
Matt Olson 2.5,MLB-PHRR-FG-00C5B576KUS1M0G-MAON003-GTE-P00025,Settled Early,08/20/26 05:01:17.363 PM EDT,$0.00
Matt Olson 0.5,MLB-PHRR-FG-00C5B576KUS1M0G-MAON003-GTE-P00005,Settled Early,08/20/26 05:01:17.722 PM EDT,$0.00
Matt Olson 1.5,MLB-PHRR-FG-00C5B576KUS1M0G-MAON003-GTE-P00015,Settled Early,08/20/26 05:01:18.171 PM EDT,$0.00
Matt Olson 7.5,MLB-PHRR-FG-00C5B576KUS1M0G-MAON003-GTE-P00075,Settled Early,08/20/26 05:01:19.013 PM EDT,$0.00
Matt Olson 6.5,MLB-PHRR-FG-00C5B576KUS1M0G-MAON003-GTE-P00065,Settled Early,08/20/26 05:01:19.339 PM EDT,$0.00
Matt Olson 9.5,MLB-PHRR-FG-00C5B576KUS1M0G-MAON003-GTE-P00095,Settled Early,08/20/26 05:01:19.669 PM EDT,$0.00
Matt Olson 8.5,MLB-PHRR-FG-00C5B576KUS1M0G-MAON003-GTE-P00085,Settled Early,08/20/26 05:01:20.225 PM EDT,$0.00
Chase Meidroth 2.5,MLB-PHRR-FG-00C5B576KUS1M0G-CHTH001-GTE-P00025,Settled Early,08/20/26 05:01:29.981 PM EDT,$0.00
Chase Meidroth 4.5,MLB-PHRR-FG-00C5B576KUS1M0G-CHTH001-GTE-P00045,Settled Early,08/20/26 05:01:30.361 PM EDT,$0.00
Chase Meidroth 3.5,MLB-PHRR-FG-00C5B576KUS1M0G-CHTH001-GTE-P00035,Settled Early,08/20/26 05:01:30.798 PM EDT,$0.00
Chase Meidroth 0.5,MLB-PHRR-FG-00C5B576KUS1M0G-CHTH001-GTE-P00005,Settled Early,08/20/26 05:01:31.337 PM EDT,$0.00
Chase Meidroth 1.5,MLB-PHRR-FG-00C5B576KUS1M0G-CHTH001-GTE-P00015,Settled Early,08/20/26 05:01:31.762 PM EDT,$0.00
Chase Meidroth 7.5,MLB-PHRR-FG-00C5B576KUS1M0G-CHTH001-GTE-P00075,Settled Early,08/20/26 05:01:32.313 PM EDT,$0.00
Chase Meidroth 6.5,MLB-PHRR-FG-00C5B576KUS1M0G-CHTH001-GTE-P00065,Settled Early,08/20/26 05:01:32.848 PM EDT,$0.00
Chase Meidroth 9.5,MLB-PHRR-FG-00C5B576KUS1M0G-CHTH001-GTE-P00095,Settled Early,08/20/26 05:01:33.182 PM EDT,$0.00
Chase Meidroth 8.5,MLB-PHRR-FG-00C5B576KUS1M0G-CHTH001-GTE-P00085,Settled Early,08/20/26 05:01:33.773 PM EDT,$0.00
Chase Meidroth 5.5,MLB-PHRR-FG-00C5B576KUS1M0G-CHTH001-GTE-P00055,Settled Early,08/20/26 05:01:34.251 PM EDT,$0.00
Sean Murphy 3.5,MLB-PHRR-FG-00C5B576KUS1M0G-SEHY000-GTE-P00035,Settled Early,08/20/26 05:01:49.083 PM EDT,$0.00
Sean Murphy 6.5,MLB-PHRR-FG-00C5B576KUS1M0G-SEHY000-GTE-P00065,Settled Early,08/20/26 05:01:49.681 PM EDT,$0.00
Sean Murphy 8.5,MLB-PHRR-FG-00C5B576KUS1M0G-SEHY000-GTE-P00085,Settled Early,08/20/26 05:01:50.310 PM EDT,$0.00
Sean Murphy 4.5,MLB-PHRR-FG-00C5B576KUS1M0G-SEHY000-GTE-P00045,Settled Early,08/20/26 05:01:50.935 PM EDT,$0.00
Sean Murphy 7.5,MLB-PHRR-FG-00C5B576KUS1M0G-SEHY000-GTE-P00075,Settled Early,08/20/26 05:01:51.397 PM EDT,$0.00
Sean Murphy 2.5,MLB-PHRR-FG-00C5B576KUS1M0G-SEHY000-GTE-P00025,Settled Early,08/20/26 05:01:51.929 PM EDT,$0.00
Sean Murphy 5.5,MLB-PHRR-FG-00C5B576KUS1M0G-SEHY000-GTE-P00055,Settled Early,08/20/26 05:01:52.431 PM EDT,$0.00
Sean Murphy 0.5,MLB-PHRR-FG-00C5B576KUS1M0G-SEHY000-GTE-P00005,Settled Early,08/20/26 05:01:52.888 PM EDT,$1.00
Sean Murphy 1.5,MLB-PHRR-FG-00C5B576KUS1M0G-SEHY000-GTE-P00015,Settled Early,08/20/26 05:01:53.288 PM EDT,$0.00
Sean Murphy 9.5,MLB-PHRR-FG-00C5B576KUS1M0G-SEHY000-GTE-P00095,Settled Early,08/20/26 05:01:53.821 PM EDT,$0.00
Braden Montgomery 1.5,MLB-PHRR-FG-00C5B576KUS1M0G-BRRY000-GTE-P00015,Settled Early,08/20/26 05:02:03.763 PM EDT,$0.00
Braden Montgomery 0.5,MLB-PHRR-FG-00C5B576KUS1M0G-BRRY000-GTE-P00005,Settled Early,08/20/26 05:02:04.430 PM EDT,$0.00
Braden Montgomery 2.5,MLB-PHRR-FG-00C5B576KUS1M0G-BRRY000-GTE-P00025,Settled Early,08/20/26 05:02:04.855 PM EDT,$0.00
Braden Montgomery 4.5,MLB-PHRR-FG-00C5B576KUS1M0G-BRRY000-GTE-P00045,Settled Early,08/20/26 05:02:05.236 PM EDT,$0.00
Braden Montgomery 3.5,MLB-PHRR-FG-00C5B576KUS1M0G-BRRY000-GTE-P00035,Settled Early,08/20/26 05:02:05.609 PM EDT,$0.00
Braden Montgomery 6.5,MLB-PHRR-FG-00C5B576KUS1M0G-BRRY000-GTE-P00065,Settled Early,08/20/26 05:02:06.062 PM EDT,$0.00
Braden Montgomery 5.5,MLB-PHRR-FG-00C5B576KUS1M0G-BRRY000-GTE-P00055,Settled Early,08/20/26 05:02:06.373 PM EDT,$0.00
Braden Montgomery 8.5,MLB-PHRR-FG-00C5B576KUS1M0G-BRRY000-GTE-P00085,Settled Early,08/20/26 05:02:06.711 PM EDT,$0.00
Braden Montgomery 9.5,MLB-PHRR-FG-00C5B576KUS1M0G-BRRY000-GTE-P00095,Settled Early,08/20/26 05:02:07.054 PM EDT,$0.00
Braden Montgomery 7.5,MLB-PHRR-FG-00C5B576KUS1M0G-BRRY000-GTE-P00075,Settled Early,08/20/26 05:02:07.388 PM EDT,$0.00
Lane Thomas 1.5,MLB-PHRR-FG-00C5B576KUS1M0G-LAAS001-GTE-P00015,Settled Early,08/20/26 05:02:18.048 PM EDT,$0.00
Lane Thomas 7.5,MLB-PHRR-FG-00C5B576KUS1M0G-LAAS001-GTE-P00075,Settled Early,08/20/26 05:02:18.471 PM EDT,$0.00
Lane Thomas 0.5,MLB-PHRR-FG-00C5B576KUS1M0G-LAAS001-GTE-P00005,Settled Early,08/20/26 05:02:18.818 PM EDT,$0.00
Lane Thomas 2.5,MLB-PHRR-FG-00C5B576KUS1M0G-LAAS001-GTE-P00025,Settled Early,08/20/26 05:02:19.157 PM EDT,$0.00
Lane Thomas 5.5,MLB-PHRR-FG-00C5B576KUS1M0G-LAAS001-GTE-P00055,Settled Early,08/20/26 05:02:19.487 PM EDT,$0.00
Lane Thomas 6.5,MLB-PHRR-FG-00C5B576KUS1M0G-LAAS001-GTE-P00065,Settled Early,08/20/26 05:02:19.858 PM EDT,$0.00
Lane Thomas 3.5,MLB-PHRR-FG-00C5B576KUS1M0G-LAAS001-GTE-P00035,Settled Early,08/20/26 05:02:20.160 PM EDT,$0.00
Lane Thomas 4.5,MLB-PHRR-FG-00C5B576KUS1M0G-LAAS001-GTE-P00045,Settled Early,08/20/26 05:02:20.493 PM EDT,$0.00
Lane Thomas 8.5,MLB-PHRR-FG-00C5B576KUS1M0G-LAAS001-GTE-P00085,Settled Early,08/20/26 05:02:20.828 PM EDT,$0.00
Lane Thomas 9.5,MLB-PHRR-FG-00C5B576KUS1M0G-LAAS001-GTE-P00095,Settled Early,08/20/26 05:02:21.159 PM EDT,$0.00
Ronald Acuna Jr. 4.5,MLB-PHRR-FG-00C5B576KUS1M0G-ROJR000-GTE-P00045,Settled Early,08/20/26 05:02:51.974 PM EDT,$0.00
Ronald Acuna Jr. 2.5,MLB-PHRR-FG-00C5B576KUS1M0G-ROJR000-GTE-P00025,Settled Early,08/20/26 05:02:52.362 PM EDT,$0.00
Ronald Acuna Jr. 0.5,MLB-PHRR-FG-00C5B576KUS1M0G-ROJR000-GTE-P00005,Settled Early,08/20/26 05:02:52.822 PM EDT,$0.00
Ronald Acuna Jr. 3.5,MLB-PHRR-FG-00C5B576KUS1M0G-ROJR000-GTE-P00035,Settled Early,08/20/26 05:02:53.126 PM EDT,$0.00
Ronald Acuna Jr. 1.5,MLB-PHRR-FG-00C5B576KUS1M0G-ROJR000-GTE-P00015,Settled Early,08/20/26 05:02:53.600 PM EDT,$0.00
Ronald Acuna Jr. 6.5,MLB-PHRR-FG-00C5B576KUS1M0G-ROJR000-GTE-P00065,Settled Early,08/20/26 05:02:54.015 PM EDT,$0.00
Ronald Acuna Jr. 8.5,MLB-PHRR-FG-00C5B576KUS1M0G-ROJR000-GTE-P00085,Settled Early,08/20/26 05:02:54.382 PM EDT,$0.00
Ronald Acuna Jr. 5.5,MLB-PHRR-FG-00C5B576KUS1M0G-ROJR000-GTE-P00055,Settled Early,08/20/26 05:02:54.801 PM EDT,$0.00
Ronald Acuna Jr. 9.5,MLB-PHRR-FG-00C5B576KUS1M0G-ROJR000-GTE-P00095,Settled Early,08/20/26 05:02:55.091 PM EDT,$0.00
Ronald Acuna Jr. 7.5,MLB-PHRR-FG-00C5B576KUS1M0G-ROJR000-GTE-P00075,Settled Early,08/20/26 05:02:55.412 PM EDT,$0.00
Colson Montgomery 8.5,MLB-PHRR-FG-00C5B576KUS1M0G-CORY000-GTE-P00085,Settled Early,08/20/26 05:03:12.147 PM EDT,$0.00
Colson Montgomery 5.5,MLB-PHRR-FG-00C5B576KUS1M0G-CORY000-GTE-P00055,Settled Early,08/20/26 05:03:12.731 PM EDT,$0.00
Colson Montgomery 6.5,MLB-PHRR-FG-00C5B576KUS1M0G-CORY000-GTE-P00065,Settled Early,08/20/26 05:03:13.288 PM EDT,$0.00
Colson Montgomery 4.5,MLB-PHRR-FG-00C5B576KUS1M0G-CORY000-GTE-P00045,Settled Early,08/20/26 05:03:13.686 PM EDT,$0.00
Colson Montgomery 1.5,MLB-PHRR-FG-00C5B576KUS1M0G-CORY000-GTE-P00015,Settled Early,08/20/26 05:03:14.308 PM EDT,$0.00
Colson Montgomery 0.5,MLB-PHRR-FG-00C5B576KUS1M0G-CORY000-GTE-P00005,Settled Early,08/20/26 05:03:14.941 PM EDT,$0.00
Colson Montgomery 2.5,MLB-PHRR-FG-00C5B576KUS1M0G-CORY000-GTE-P00025,Settled Early,08/20/26 05:03:15.551 PM EDT,$0.00
Colson Montgomery 3.5,MLB-PHRR-FG-00C5B576KUS1M0G-CORY000-GTE-P00035,Settled Early,08/20/26 05:03:16.129 PM EDT,$0.00
Colson Montgomery 7.5,MLB-PHRR-FG-00C5B576KUS1M0G-CORY000-GTE-P00075,Settled Early,08/20/26 05:03:16.678 PM EDT,$0.00
Colson Montgomery 9.5,MLB-PHRR-FG-00C5B576KUS1M0G-CORY000-GTE-P00095,Settled Early,08/20/26 05:03:17.216 PM EDT,$0.00
Over 3.5,MLB-TRUNS-I8-00C5B502KUS1N1G-GTE-P00035,Settled Early,08/20/26 05:05:38.291 PM EDT,$0.00
Over 4.5,MLB-TRUNS-I8-00C5B502KUS1N1G-GTE-P00045,Settled Early,08/20/26 05:05:38.824 PM EDT,$0.00
Over 1.5,MLB-TRUNS-I8-00C5B502KUS1N1G-GTE-P00015,Settled Early,08/20/26 05:05:39.375 PM EDT,$0.00
Over 2.5,MLB-TRUNS-I8-00C5B502KUS1N1G-GTE-P00025,Settled Early,08/20/26 05:05:40.052 PM EDT,$0.00
Over 3.5,MLB-TRUNS-I8-00C5B50GKUS1MI8-GTE-P00035,Settled Early,08/20/26 05:07:05.023 PM EDT,$0.00
Over 1.5,MLB-TRUNS-I8-00C5B50GKUS1MI8-GTE-P00015,Settled Early,08/20/26 05:07:05.669 PM EDT,$0.00
Over 4.5,MLB-TRUNS-I8-00C5B50GKUS1MI8-GTE-P00045,Settled Early,08/20/26 05:07:06.093 PM EDT,$0.00
Over 0.5,MLB-TRUNS-I8-00C5B50GKUS1MI8-GTE-P00005,Settled Early,08/20/26 05:07:06.495 PM EDT,$0.00
Over 2.5,MLB-TRUNS-I8-00C5B50GKUS1MI8-GTE-P00025,Settled Early,08/20/26 05:07:07.681 PM EDT,$0.00
SEA Mariners,MLB-WIN-FG-00C5B502KUS1N1G-SERS000,Settled Early,08/20/26 05:15:29.674 PM EDT,$0.00
Over 4.5,MLB-TRUNS-I9-00C5B502KUS1N1G-GTE-P00045,Settled Early,08/20/26 05:15:29.678 PM EDT,$0.00
Over 13.5,MLB-TRUNS-FG-00C5B502KUS1N1G-GTE-P00135,Settled Early,08/20/26 05:15:29.691 PM EDT,$0.00
MIL Brewers,MLB-WIN-FG-00C5B502KUS1N1G-MIRS000,Settled Early,08/20/26 05:15:30.052 PM EDT,$1.00
Over 15.5,MLB-TRUNS-FG-00C5B502KUS1N1G-GTE-P00155,Settled Early,08/20/26 05:15:30.303 PM EDT,$0.00
Over 3.5,MLB-TRUNS-I9-00C5B502KUS1N1G-GTE-P00035,Settled Early,08/20/26 05:15:30.427 PM EDT,$0.00
Over 0.5,MLB-TRUNS-I9-00C5B502KUS1N1G-GTE-P00005,Settled Early,08/20/26 05:15:30.953 PM EDT,$0.00
Over 7.5,MLB-TRUNS-FG-00C5B502KUS1N1G-GTE-P00075,Settled Early,08/20/26 05:15:30.962 PM EDT,$1.00
Over 12.5,MLB-TRUNS-FG-00C5B502KUS1N1G-GTE-P00125,Settled Early,08/20/26 05:15:31.586 PM EDT,$0.00
Over 1.5,MLB-TRUNS-I9-00C5B502KUS1N1G-GTE-P00015,Settled Early,08/20/26 05:15:31.998 PM EDT,$0.00
Over 4.5,MLB-TRUNS-FG-00C5B502KUS1N1G-GTE-P00045,Settled Early,08/20/26 05:15:32.384 PM EDT,$1.00
Over 2.5,MLB-TRUNS-I9-00C5B502KUS1N1G-GTE-P00025,Settled Early,08/20/26 05:15:32.622 PM EDT,$0.00
Over 14.5,MLB-TRUNS-FG-00C5B502KUS1N1G-GTE-P00145,Settled Early,08/20/26 05:15:32.826 PM EDT,$0.00
Over 3.5,MLB-TRUNS-FG-00C5B502KUS1N1G-GTE-P00035,Settled Early,08/20/26 05:15:33.318 PM EDT,$1.00
Over 10.5,MLB-TRUNS-FG-00C5B502KUS1N1G-GTE-P00105,Settled Early,08/20/26 05:15:33.956 PM EDT,$1.00
Over 8.5,MLB-TRUNS-FG-00C5B502KUS1N1G-GTE-P00085,Settled Early,08/20/26 05:15:34.423 PM EDT,$1.00
Over 6.5,MLB-TRUNS-FG-00C5B502KUS1N1G-GTE-P00065,Settled Early,08/20/26 05:15:34.970 PM EDT,$1.00
Over 5.5,MLB-TRUNS-FG-00C5B502KUS1N1G-GTE-P00055,Settled Early,08/20/26 05:15:35.453 PM EDT,$1.00
Over 11.5,MLB-TRUNS-FG-00C5B502KUS1N1G-GTE-P00115,Settled Early,08/20/26 05:15:35.839 PM EDT,$0.00
Over 9.5,MLB-TRUNS-FG-00C5B502KUS1N1G-GTE-P00095,Settled Early,08/20/26 05:15:36.498 PM EDT,$1.00
Over 8.5,MLB-TRUNS-FG-00C5B50GKUS1MI8-GTE-P00085,Settled Early,08/20/26 05:23:26.254 PM EDT,$0.00
Athletics,MLB-WIN-FG-00C5B50GKUS1MI8-ATCS000,Settled Early,08/20/26 05:23:26.318 PM EDT,$0.00
Over 0.5,MLB-TRUNS-I9-00C5B50GKUS1MI8-GTE-P00005,Settled Early,08/20/26 05:23:26.348 PM EDT,$0.00
Over 3.5,MLB-TRUNS-FG-00C5B50GKUS1MI8-GTE-P00035,Settled Early,08/20/26 05:23:26.603 PM EDT,$1.00
KC Royals,MLB-WIN-FG-00C5B50GKUS1MI8-KCLS000,Settled Early,08/20/26 05:23:26.655 PM EDT,$1.00
Over 1.5,MLB-TRUNS-I9-00C5B50GKUS1MI8-GTE-P00015,Settled Early,08/20/26 05:23:26.731 PM EDT,$0.00
Over 9.5,MLB-TRUNS-FG-00C5B50GKUS1MI8-GTE-P00095,Settled Early,08/20/26 05:23:26.948 PM EDT,$0.00
Over 2.5,MLB-TRUNS-I9-00C5B50GKUS1MI8-GTE-P00025,Settled Early,08/20/26 05:23:27.066 PM EDT,$0.00
Over 14.5,MLB-TRUNS-FG-00C5B50GKUS1MI8-GTE-P00145,Settled Early,08/20/26 05:23:27.334 PM EDT,$0.00
Over 3.5,MLB-TRUNS-I9-00C5B50GKUS1MI8-GTE-P00035,Settled Early,08/20/26 05:23:27.408 PM EDT,$0.00
Over 15.5,MLB-TRUNS-FG-00C5B50GKUS1MI8-GTE-P00155,Settled Early,08/20/26 05:23:27.646 PM EDT,$0.00
Over 4.5,MLB-TRUNS-I9-00C5B50GKUS1MI8-GTE-P00045,Settled Early,08/20/26 05:23:27.757 PM EDT,$0.00
Over 12.5,MLB-TRUNS-FG-00C5B50GKUS1MI8-GTE-P00125,Settled Early,08/20/26 05:23:27.937 PM EDT,$0.00
Over 6.5,MLB-TRUNS-FG-00C5B50GKUS1MI8-GTE-P00065,Settled Early,08/20/26 05:23:28.240 PM EDT,$1.00
Over 5.5,MLB-TRUNS-FG-00C5B50GKUS1MI8-GTE-P00055,Settled Early,08/20/26 05:23:28.524 PM EDT,$1.00
Over 10.5,MLB-TRUNS-FG-00C5B50GKUS1MI8-GTE-P00105,Settled Early,08/20/26 05:23:28.808 PM EDT,$0.00
Over 11.5,MLB-TRUNS-FG-00C5B50GKUS1MI8-GTE-P00115,Settled Early,08/20/26 05:23:29.137 PM EDT,$0.00
Over 7.5,MLB-TRUNS-FG-00C5B50GKUS1MI8-GTE-P00075,Settled Early,08/20/26 05:23:29.586 PM EDT,$1.00
Over 4.5,MLB-TRUNS-FG-00C5B50GKUS1MI8-GTE-P00045,Settled Early,08/20/26 05:23:29.897 PM EDT,$1.00
Over 13.5,MLB-TRUNS-FG-00C5B50GKUS1MI8-GTE-P00135,Settled Early,08/20/26 05:23:30.225 PM EDT,$0.00
Dominic Canzone 0.5,MLB-PHRR-FG-00C5B502KUS1N1G-DONE000-GTE-P00005,Settled Early,08/20/26 05:39:32.616 PM EDT,$1.00
Dominic Canzone 2.5,MLB-PHRR-FG-00C5B502KUS1N1G-DONE000-GTE-P00025,Settled Early,08/20/26 05:39:32.966 PM EDT,$0.00
Dominic Canzone 9.5,MLB-PHRR-FG-00C5B502KUS1N1G-DONE000-GTE-P00095,Settled Early,08/20/26 05:39:33.289 PM EDT,$0.00
Dominic Canzone 3.5,MLB-PHRR-FG-00C5B502KUS1N1G-DONE000-GTE-P00035,Settled Early,08/20/26 05:39:33.581 PM EDT,$0.00
Dominic Canzone 7.5,MLB-PHRR-FG-00C5B502KUS1N1G-DONE000-GTE-P00075,Settled Early,08/20/26 05:39:33.985 PM EDT,$0.00
Dominic Canzone 6.5,MLB-PHRR-FG-00C5B502KUS1N1G-DONE000-GTE-P00065,Settled Early,08/20/26 05:39:34.501 PM EDT,$0.00
Dominic Canzone 5.5,MLB-PHRR-FG-00C5B502KUS1N1G-DONE000-GTE-P00055,Settled Early,08/20/26 05:39:34.825 PM EDT,$0.00
Dominic Canzone 4.5,MLB-PHRR-FG-00C5B502KUS1N1G-DONE000-GTE-P00045,Settled Early,08/20/26 05:39:35.129 PM EDT,$0.00
Dominic Canzone 8.5,MLB-PHRR-FG-00C5B502KUS1N1G-DONE000-GTE-P00085,Settled Early,08/20/26 05:39:35.707 PM EDT,$0.00
Dominic Canzone 1.5,MLB-PHRR-FG-00C5B502KUS1N1G-DONE000-GTE-P00015,Settled Early,08/20/26 05:39:36.204 PM EDT,$1.00
Josh Naylor 4.5,MLB-PHRR-FG-00C5B502KUS1N1G-JOOR000-GTE-P00045,Settled Early,08/20/26 05:39:51.470 PM EDT,$0.00
Josh Naylor 2.5,MLB-PHRR-FG-00C5B502KUS1N1G-JOOR000-GTE-P00025,Settled Early,08/20/26 05:39:52.074 PM EDT,$0.00
Josh Naylor 0.5,MLB-PHRR-FG-00C5B502KUS1N1G-JOOR000-GTE-P00005,Settled Early,08/20/26 05:39:52.401 PM EDT,$0.00
Josh Naylor 1.5,MLB-PHRR-FG-00C5B502KUS1N1G-JOOR000-GTE-P00015,Settled Early,08/20/26 05:39:53.169 PM EDT,$0.00
Josh Naylor 9.5,MLB-PHRR-FG-00C5B502KUS1N1G-JOOR000-GTE-P00095,Settled Early,08/20/26 05:39:53.453 PM EDT,$0.00
Josh Naylor 7.5,MLB-PHRR-FG-00C5B502KUS1N1G-JOOR000-GTE-P00075,Settled Early,08/20/26 05:39:53.764 PM EDT,$0.00
Josh Naylor 6.5,MLB-PHRR-FG-00C5B502KUS1N1G-JOOR000-GTE-P00065,Settled Early,08/20/26 05:39:54.104 PM EDT,$0.00
Josh Naylor 8.5,MLB-PHRR-FG-00C5B502KUS1N1G-JOOR000-GTE-P00085,Settled Early,08/20/26 05:39:54.428 PM EDT,$0.00
Josh Naylor 3.5,MLB-PHRR-FG-00C5B502KUS1N1G-JOOR000-GTE-P00035,Settled Early,08/20/26 05:39:54.723 PM EDT,$0.00
Josh Naylor 5.5,MLB-PHRR-FG-00C5B502KUS1N1G-JOOR000-GTE-P00055,Settled Early,08/20/26 05:39:55.061 PM EDT,$0.00
Jackson Chourio 5.5,MLB-PHRR-FG-00C5B502KUS1N1G-JAIO000-GTE-P00055,Settled Early,08/20/26 05:40:10.665 PM EDT,$0.00
Jackson Chourio 9.5,MLB-PHRR-FG-00C5B502KUS1N1G-JAIO000-GTE-P00095,Settled Early,08/20/26 05:40:11.107 PM EDT,$0.00
Jackson Chourio 2.5,MLB-PHRR-FG-00C5B502KUS1N1G-JAIO000-GTE-P00025,Settled Early,08/20/26 05:40:11.651 PM EDT,$0.00
Jackson Chourio 0.5,MLB-PHRR-FG-00C5B502KUS1N1G-JAIO000-GTE-P00005,Settled Early,08/20/26 05:40:12.048 PM EDT,$1.00
Jackson Chourio 7.5,MLB-PHRR-FG-00C5B502KUS1N1G-JAIO000-GTE-P00075,Settled Early,08/20/26 05:40:12.682 PM EDT,$0.00
Jackson Chourio 3.5,MLB-PHRR-FG-00C5B502KUS1N1G-JAIO000-GTE-P00035,Settled Early,08/20/26 05:40:13.047 PM EDT,$0.00
Jackson Chourio 4.5,MLB-PHRR-FG-00C5B502KUS1N1G-JAIO000-GTE-P00045,Settled Early,08/20/26 05:40:13.453 PM EDT,$0.00
Jackson Chourio 8.5,MLB-PHRR-FG-00C5B502KUS1N1G-JAIO000-GTE-P00085,Settled Early,08/20/26 05:40:13.850 PM EDT,$0.00
Jackson Chourio 1.5,MLB-PHRR-FG-00C5B502KUS1N1G-JAIO000-GTE-P00015,Settled Early,08/20/26 05:40:14.488 PM EDT,$0.00
Jackson Chourio 6.5,MLB-PHRR-FG-00C5B502KUS1N1G-JAIO000-GTE-P00065,Settled Early,08/20/26 05:40:15.205 PM EDT,$0.00
Brice Turang 4.5,MLB-PHRR-FG-00C5B502KUS1N1G-BRNG003-GTE-P00045,Settled Early,08/20/26 05:40:30.412 PM EDT,$0.00
Brice Turang 3.5,MLB-PHRR-FG-00C5B502KUS1N1G-BRNG003-GTE-P00035,Settled Early,08/20/26 05:40:30.760 PM EDT,$0.00
Brice Turang 7.5,MLB-PHRR-FG-00C5B502KUS1N1G-BRNG003-GTE-P00075,Settled Early,08/20/26 05:40:31.198 PM EDT,$0.00
Brice Turang 8.5,MLB-PHRR-FG-00C5B502KUS1N1G-BRNG003-GTE-P00085,Settled Early,08/20/26 05:40:31.547 PM EDT,$0.00
Brice Turang 9.5,MLB-PHRR-FG-00C5B502KUS1N1G-BRNG003-GTE-P00095,Settled Early,08/20/26 05:40:31.867 PM EDT,$0.00
Brice Turang 0.5,MLB-PHRR-FG-00C5B502KUS1N1G-BRNG003-GTE-P00005,Settled Early,08/20/26 05:40:32.269 PM EDT,$1.00
Brice Turang 2.5,MLB-PHRR-FG-00C5B502KUS1N1G-BRNG003-GTE-P00025,Settled Early,08/20/26 05:40:32.585 PM EDT,$0.00
Brice Turang 5.5,MLB-PHRR-FG-00C5B502KUS1N1G-BRNG003-GTE-P00055,Settled Early,08/20/26 05:40:32.910 PM EDT,$0.00
Brice Turang 6.5,MLB-PHRR-FG-00C5B502KUS1N1G-BRNG003-GTE-P00065,Settled Early,08/20/26 05:40:33.277 PM EDT,$0.00
Brice Turang 1.5,MLB-PHRR-FG-00C5B502KUS1N1G-BRNG003-GTE-P00015,Settled Early,08/20/26 05:40:33.594 PM EDT,$1.00
Brendan Donovan 0.5,MLB-PHRR-FG-00C5B502KUS1N1G-BRAN000-GTE-P00005,Settled Early,08/20/26 05:40:50.656 PM EDT,$1.00
Brendan Donovan 4.5,MLB-PHRR-FG-00C5B502KUS1N1G-BRAN000-GTE-P00045,Settled Early,08/20/26 05:40:50.947 PM EDT,$0.00
Brendan Donovan 9.5,MLB-PHRR-FG-00C5B502KUS1N1G-BRAN000-GTE-P00095,Settled Early,08/20/26 05:40:51.298 PM EDT,$0.00
Brendan Donovan 1.5,MLB-PHRR-FG-00C5B502KUS1N1G-BRAN000-GTE-P00015,Settled Early,08/20/26 05:40:51.626 PM EDT,$1.00
Brendan Donovan 2.5,MLB-PHRR-FG-00C5B502KUS1N1G-BRAN000-GTE-P00025,Settled Early,08/20/26 05:40:51.965 PM EDT,$1.00
Brendan Donovan 3.5,MLB-PHRR-FG-00C5B502KUS1N1G-BRAN000-GTE-P00035,Settled Early,08/20/26 05:40:52.321 PM EDT,$1.00
Brendan Donovan 5.5,MLB-PHRR-FG-00C5B502KUS1N1G-BRAN000-GTE-P00055,Settled Early,08/20/26 05:40:52.673 PM EDT,$0.00
Brendan Donovan 6.5,MLB-PHRR-FG-00C5B502KUS1N1G-BRAN000-GTE-P00065,Settled Early,08/20/26 05:40:52.996 PM EDT,$0.00
Brendan Donovan 7.5,MLB-PHRR-FG-00C5B502KUS1N1G-BRAN000-GTE-P00075,Settled Early,08/20/26 05:40:53.348 PM EDT,$0.00
Brendan Donovan 8.5,MLB-PHRR-FG-00C5B502KUS1N1G-BRAN000-GTE-P00085,Settled Early,08/20/26 05:40:53.639 PM EDT,$0.00
Taylor Ward 8.5,MLB-PHRR-FG-00C5B502KUS1N1G-TARD000-GTE-P00085,Settled Early,08/20/26 05:41:06.751 PM EDT,$0.00
Taylor Ward 6.5,MLB-PHRR-FG-00C5B502KUS1N1G-TARD000-GTE-P00065,Settled Early,08/20/26 05:41:07.159 PM EDT,$0.00
Taylor Ward 9.5,MLB-PHRR-FG-00C5B502KUS1N1G-TARD000-GTE-P00095,Settled Early,08/20/26 05:41:07.490 PM EDT,$0.00
Taylor Ward 7.5,MLB-PHRR-FG-00C5B502KUS1N1G-TARD000-GTE-P00075,Settled Early,08/20/26 05:41:07.818 PM EDT,$0.00
Taylor Ward 2.5,MLB-PHRR-FG-00C5B502KUS1N1G-TARD000-GTE-P00025,Settled Early,08/20/26 05:41:08.235 PM EDT,$0.00
Taylor Ward 1.5,MLB-PHRR-FG-00C5B502KUS1N1G-TARD000-GTE-P00015,Settled Early,08/20/26 05:41:08.525 PM EDT,$0.00
Taylor Ward 3.5,MLB-PHRR-FG-00C5B502KUS1N1G-TARD000-GTE-P00035,Settled Early,08/20/26 05:41:08.879 PM EDT,$0.00
Taylor Ward 0.5,MLB-PHRR-FG-00C5B502KUS1N1G-TARD000-GTE-P00005,Settled Early,08/20/26 05:41:09.208 PM EDT,$1.00
Taylor Ward 4.5,MLB-PHRR-FG-00C5B502KUS1N1G-TARD000-GTE-P00045,Settled Early,08/20/26 05:41:09.511 PM EDT,$0.00
Taylor Ward 5.5,MLB-PHRR-FG-00C5B502KUS1N1G-TARD000-GTE-P00055,Settled Early,08/20/26 05:41:09.838 PM EDT,$0.00
Jake Bauers 3.5,MLB-PHRR-FG-00C5B502KUS1N1G-JARS000-GTE-P00035,Settled Early,08/20/26 05:41:27.123 PM EDT,$0.00
Jake Bauers 4.5,MLB-PHRR-FG-00C5B502KUS1N1G-JARS000-GTE-P00045,Settled Early,08/20/26 05:41:27.410 PM EDT,$0.00
Jake Bauers 0.5,MLB-PHRR-FG-00C5B502KUS1N1G-JARS000-GTE-P00005,Settled Early,08/20/26 05:41:27.730 PM EDT,$1.00
Jake Bauers 1.5,MLB-PHRR-FG-00C5B502KUS1N1G-JARS000-GTE-P00015,Settled Early,08/20/26 05:41:28.155 PM EDT,$1.00
Jake Bauers 2.5,MLB-PHRR-FG-00C5B502KUS1N1G-JARS000-GTE-P00025,Settled Early,08/20/26 05:41:28.453 PM EDT,$0.00
Jake Bauers 9.5,MLB-PHRR-FG-00C5B502KUS1N1G-JARS000-GTE-P00095,Settled Early,08/20/26 05:41:28.797 PM EDT,$0.00
Jake Bauers 5.5,MLB-PHRR-FG-00C5B502KUS1N1G-JARS000-GTE-P00055,Settled Early,08/20/26 05:41:29.135 PM EDT,$0.00
Jake Bauers 8.5,MLB-PHRR-FG-00C5B502KUS1N1G-JARS000-GTE-P00085,Settled Early,08/20/26 05:41:29.438 PM EDT,$0.00
Jake Bauers 7.5,MLB-PHRR-FG-00C5B502KUS1N1G-JARS000-GTE-P00075,Settled Early,08/20/26 05:41:29.804 PM EDT,$0.00
Jake Bauers 6.5,MLB-PHRR-FG-00C5B502KUS1N1G-JARS000-GTE-P00065,Settled Early,08/20/26 05:41:30.209 PM EDT,$0.00
Garrett Mitchell 1.5,MLB-PHRR-FG-00C5B502KUS1N1G-GALL001-GTE-P00015,Settled Early,08/20/26 05:41:51.848 PM EDT,$1.00
Garrett Mitchell 2.5,MLB-PHRR-FG-00C5B502KUS1N1G-GALL001-GTE-P00025,Settled Early,08/20/26 05:41:52.201 PM EDT,$1.00
Garrett Mitchell 0.5,MLB-PHRR-FG-00C5B502KUS1N1G-GALL001-GTE-P00005,Settled Early,08/20/26 05:41:52.572 PM EDT,$1.00
Garrett Mitchell 3.5,MLB-PHRR-FG-00C5B502KUS1N1G-GALL001-GTE-P00035,Settled Early,08/20/26 05:41:53.033 PM EDT,$1.00
Garrett Mitchell 4.5,MLB-PHRR-FG-00C5B502KUS1N1G-GALL001-GTE-P00045,Settled Early,08/20/26 05:41:53.567 PM EDT,$1.00
Garrett Mitchell 6.5,MLB-PHRR-FG-00C5B502KUS1N1G-GALL001-GTE-P00065,Settled Early,08/20/26 05:41:53.998 PM EDT,$1.00
Garrett Mitchell 5.5,MLB-PHRR-FG-00C5B502KUS1N1G-GALL001-GTE-P00055,Settled Early,08/20/26 05:41:54.605 PM EDT,$1.00
Garrett Mitchell 9.5,MLB-PHRR-FG-00C5B502KUS1N1G-GALL001-GTE-P00095,Settled Early,08/20/26 05:41:55.164 PM EDT,$0.00
Garrett Mitchell 8.5,MLB-PHRR-FG-00C5B502KUS1N1G-GALL001-GTE-P00085,Settled Early,08/20/26 05:41:55.526 PM EDT,$0.00
Garrett Mitchell 7.5,MLB-PHRR-FG-00C5B502KUS1N1G-GALL001-GTE-P00075,Settled Early,08/20/26 05:41:55.960 PM EDT,$1.00
Christian Yelich 0.5,MLB-PHRR-FG-00C5B502KUS1N1G-CHCH000-GTE-P00005,Settled Early,08/20/26 05:42:22.956 PM EDT,$1.00
Christian Yelich 3.5,MLB-PHRR-FG-00C5B502KUS1N1G-CHCH000-GTE-P00035,Settled Early,08/20/26 05:42:23.357 PM EDT,$0.00
Christian Yelich 1.5,MLB-PHRR-FG-00C5B502KUS1N1G-CHCH000-GTE-P00015,Settled Early,08/20/26 05:42:23.720 PM EDT,$1.00
Christian Yelich 2.5,MLB-PHRR-FG-00C5B502KUS1N1G-CHCH000-GTE-P00025,Settled Early,08/20/26 05:42:24.071 PM EDT,$0.00
Christian Yelich 7.5,MLB-PHRR-FG-00C5B502KUS1N1G-CHCH000-GTE-P00075,Settled Early,08/20/26 05:42:24.415 PM EDT,$0.00
Christian Yelich 4.5,MLB-PHRR-FG-00C5B502KUS1N1G-CHCH000-GTE-P00045,Settled Early,08/20/26 05:42:24.779 PM EDT,$0.00
Christian Yelich 8.5,MLB-PHRR-FG-00C5B502KUS1N1G-CHCH000-GTE-P00085,Settled Early,08/20/26 05:42:25.106 PM EDT,$0.00
Christian Yelich 9.5,MLB-PHRR-FG-00C5B502KUS1N1G-CHCH000-GTE-P00095,Settled Early,08/20/26 05:42:25.408 PM EDT,$0.00
Christian Yelich 6.5,MLB-PHRR-FG-00C5B502KUS1N1G-CHCH000-GTE-P00065,Settled Early,08/20/26 05:42:25.708 PM EDT,$0.00
Christian Yelich 5.5,MLB-PHRR-FG-00C5B502KUS1N1G-CHCH000-GTE-P00055,Settled Early,08/20/26 05:42:25.995 PM EDT,$0.00
Gary Sanchez 0.5,MLB-PHRR-FG-00C5B502KUS1N1G-GAEZ002-GTE-P00005,Settled Early,08/20/26 05:42:39.779 PM EDT,$1.00
Gary Sanchez 1.5,MLB-PHRR-FG-00C5B502KUS1N1G-GAEZ002-GTE-P00015,Settled Early,08/20/26 05:42:40.339 PM EDT,$1.00
Gary Sanchez 2.5,MLB-PHRR-FG-00C5B502KUS1N1G-GAEZ002-GTE-P00025,Settled Early,08/20/26 05:42:40.866 PM EDT,$1.00
Gary Sanchez 3.5,MLB-PHRR-FG-00C5B502KUS1N1G-GAEZ002-GTE-P00035,Settled Early,08/20/26 05:42:41.239 PM EDT,$1.00
Gary Sanchez 4.5,MLB-PHRR-FG-00C5B502KUS1N1G-GAEZ002-GTE-P00045,Settled Early,08/20/26 05:42:41.748 PM EDT,$0.00
Gary Sanchez 5.5,MLB-PHRR-FG-00C5B502KUS1N1G-GAEZ002-GTE-P00055,Settled Early,08/20/26 05:42:42.091 PM EDT,$0.00
Gary Sanchez 6.5,MLB-PHRR-FG-00C5B502KUS1N1G-GAEZ002-GTE-P00065,Settled Early,08/20/26 05:42:42.385 PM EDT,$0.00
Gary Sanchez 7.5,MLB-PHRR-FG-00C5B502KUS1N1G-GAEZ002-GTE-P00075,Settled Early,08/20/26 05:42:42.718 PM EDT,$0.00
Gary Sanchez 8.5,MLB-PHRR-FG-00C5B502KUS1N1G-GAEZ002-GTE-P00085,Settled Early,08/20/26 05:42:43.093 PM EDT,$0.00
Gary Sanchez 9.5,MLB-PHRR-FG-00C5B502KUS1N1G-GAEZ002-GTE-P00095,Settled Early,08/20/26 05:42:43.634 PM EDT,$0.00
Joey Ortiz 0.5,MLB-PHRR-FG-00C5B502KUS1N1G-JOIZ000-GTE-P00005,Settled Early,08/20/26 05:42:59.007 PM EDT,$1.00
Joey Ortiz 1.5,MLB-PHRR-FG-00C5B502KUS1N1G-JOIZ000-GTE-P00015,Settled Early,08/20/26 05:42:59.313 PM EDT,$1.00
Joey Ortiz 2.5,MLB-PHRR-FG-00C5B502KUS1N1G-JOIZ000-GTE-P00025,Settled Early,08/20/26 05:42:59.738 PM EDT,$1.00
Joey Ortiz 3.5,MLB-PHRR-FG-00C5B502KUS1N1G-JOIZ000-GTE-P00035,Settled Early,08/20/26 05:43:00.088 PM EDT,$0.00
Joey Ortiz 4.5,MLB-PHRR-FG-00C5B502KUS1N1G-JOIZ000-GTE-P00045,Settled Early,08/20/26 05:43:00.701 PM EDT,$0.00
Joey Ortiz 5.5,MLB-PHRR-FG-00C5B502KUS1N1G-JOIZ000-GTE-P00055,Settled Early,08/20/26 05:43:01.054 PM EDT,$0.00
Joey Ortiz 6.5,MLB-PHRR-FG-00C5B502KUS1N1G-JOIZ000-GTE-P00065,Settled Early,08/20/26 05:43:01.335 PM EDT,$0.00
Joey Ortiz 7.5,MLB-PHRR-FG-00C5B502KUS1N1G-JOIZ000-GTE-P00075,Settled Early,08/20/26 05:43:01.673 PM EDT,$0.00
Joey Ortiz 8.5,MLB-PHRR-FG-00C5B502KUS1N1G-JOIZ000-GTE-P00085,Settled Early,08/20/26 05:43:01.969 PM EDT,$0.00
Joey Ortiz 9.5,MLB-PHRR-FG-00C5B502KUS1N1G-JOIZ000-GTE-P00095,Settled Early,08/20/26 05:43:02.296 PM EDT,$0.00
Julio Rodriguez 0.5,MLB-PHRR-FG-00C5B502KUS1N1G-JUEZ003-GTE-P00005,Settled Early,08/20/26 05:43:15.393 PM EDT,$1.00
Julio Rodriguez 6.5,MLB-PHRR-FG-00C5B502KUS1N1G-JUEZ003-GTE-P00065,Settled Early,08/20/26 05:43:16.103 PM EDT,$0.00
Julio Rodriguez 1.5,MLB-PHRR-FG-00C5B502KUS1N1G-JUEZ003-GTE-P00015,Settled Early,08/20/26 05:43:16.766 PM EDT,$0.00
Julio Rodriguez 8.5,MLB-PHRR-FG-00C5B502KUS1N1G-JUEZ003-GTE-P00085,Settled Early,08/20/26 05:43:17.246 PM EDT,$0.00
Julio Rodriguez 4.5,MLB-PHRR-FG-00C5B502KUS1N1G-JUEZ003-GTE-P00045,Settled Early,08/20/26 05:43:18.074 PM EDT,$0.00
Julio Rodriguez 7.5,MLB-PHRR-FG-00C5B502KUS1N1G-JUEZ003-GTE-P00075,Settled Early,08/20/26 05:43:18.524 PM EDT,$0.00
Julio Rodriguez 2.5,MLB-PHRR-FG-00C5B502KUS1N1G-JUEZ003-GTE-P00025,Settled Early,08/20/26 05:43:18.992 PM EDT,$0.00
Julio Rodriguez 5.5,MLB-PHRR-FG-00C5B502KUS1N1G-JUEZ003-GTE-P00055,Settled Early,08/20/26 05:43:19.642 PM EDT,$0.00
Julio Rodriguez 3.5,MLB-PHRR-FG-00C5B502KUS1N1G-JUEZ003-GTE-P00035,Settled Early,08/20/26 05:43:20.678 PM EDT,$0.00
Julio Rodriguez 9.5,MLB-PHRR-FG-00C5B502KUS1N1G-JUEZ003-GTE-P00095,Settled Early,08/20/26 05:43:21.222 PM EDT,$0.00
David Hamilton 0.5,MLB-PHRR-FG-00C5B502KUS1N1G-DAON006-GTE-P00005,Settled Early,08/20/26 05:43:32.050 PM EDT,$1.00
David Hamilton 8.5,MLB-PHRR-FG-00C5B502KUS1N1G-DAON006-GTE-P00085,Settled Early,08/20/26 05:43:32.329 PM EDT,$0.00
David Hamilton 5.5,MLB-PHRR-FG-00C5B502KUS1N1G-DAON006-GTE-P00055,Settled Early,08/20/26 05:43:32.634 PM EDT,$0.00
David Hamilton 9.5,MLB-PHRR-FG-00C5B502KUS1N1G-DAON006-GTE-P00095,Settled Early,08/20/26 05:43:32.992 PM EDT,$0.00
David Hamilton 1.5,MLB-PHRR-FG-00C5B502KUS1N1G-DAON006-GTE-P00015,Settled Early,08/20/26 05:43:33.296 PM EDT,$1.00
David Hamilton 2.5,MLB-PHRR-FG-00C5B502KUS1N1G-DAON006-GTE-P00025,Settled Early,08/20/26 05:43:33.584 PM EDT,$1.00
David Hamilton 3.5,MLB-PHRR-FG-00C5B502KUS1N1G-DAON006-GTE-P00035,Settled Early,08/20/26 05:43:33.981 PM EDT,$0.00
David Hamilton 7.5,MLB-PHRR-FG-00C5B502KUS1N1G-DAON006-GTE-P00075,Settled Early,08/20/26 05:43:34.394 PM EDT,$0.00
David Hamilton 4.5,MLB-PHRR-FG-00C5B502KUS1N1G-DAON006-GTE-P00045,Settled Early,08/20/26 05:43:34.823 PM EDT,$0.00
David Hamilton 6.5,MLB-PHRR-FG-00C5B502KUS1N1G-DAON006-GTE-P00065,Settled Early,08/20/26 05:43:35.166 PM EDT,$0.00
Brock Rodden 1.5,MLB-PHRR-FG-00C5B502KUS1N1G-BREN001-GTE-P00015,Settled Early,08/20/26 05:43:46.491 PM EDT,$1.00
Brock Rodden 5.5,MLB-PHRR-FG-00C5B502KUS1N1G-BREN001-GTE-P00055,Settled Early,08/20/26 05:43:46.835 PM EDT,$0.00
Brock Rodden 4.5,MLB-PHRR-FG-00C5B502KUS1N1G-BREN001-GTE-P00045,Settled Early,08/20/26 05:43:47.120 PM EDT,$0.00
Brock Rodden 9.5,MLB-PHRR-FG-00C5B502KUS1N1G-BREN001-GTE-P00095,Settled Early,08/20/26 05:43:47.466 PM EDT,$0.00
Brock Rodden 6.5,MLB-PHRR-FG-00C5B502KUS1N1G-BREN001-GTE-P00065,Settled Early,08/20/26 05:43:47.809 PM EDT,$0.00
Brock Rodden 0.5,MLB-PHRR-FG-00C5B502KUS1N1G-BREN001-GTE-P00005,Settled Early,08/20/26 05:43:48.103 PM EDT,$1.00
Brock Rodden 3.5,MLB-PHRR-FG-00C5B502KUS1N1G-BREN001-GTE-P00035,Settled Early,08/20/26 05:43:48.449 PM EDT,$0.00
Brock Rodden 2.5,MLB-PHRR-FG-00C5B502KUS1N1G-BREN001-GTE-P00025,Settled Early,08/20/26 05:43:48.778 PM EDT,$0.00
Brock Rodden 7.5,MLB-PHRR-FG-00C5B502KUS1N1G-BREN001-GTE-P00075,Settled Early,08/20/26 05:43:49.062 PM EDT,$0.00
Brock Rodden 8.5,MLB-PHRR-FG-00C5B502KUS1N1G-BREN001-GTE-P00085,Settled Early,08/20/26 05:43:49.392 PM EDT,$0.00
Cole Young 2.5,MLB-PHRR-FG-00C5B502KUS1N1G-CONG001-GTE-P00025,Settled Early,08/20/26 05:44:02.365 PM EDT,$0.00
Cole Young 1.5,MLB-PHRR-FG-00C5B502KUS1N1G-CONG001-GTE-P00015,Settled Early,08/20/26 05:44:02.694 PM EDT,$0.00
Cole Young 0.5,MLB-PHRR-FG-00C5B502KUS1N1G-CONG001-GTE-P00005,Settled Early,08/20/26 05:44:03.079 PM EDT,$1.00
Cole Young 8.5,MLB-PHRR-FG-00C5B502KUS1N1G-CONG001-GTE-P00085,Settled Early,08/20/26 05:44:03.394 PM EDT,$0.00
Cole Young 7.5,MLB-PHRR-FG-00C5B502KUS1N1G-CONG001-GTE-P00075,Settled Early,08/20/26 05:44:03.709 PM EDT,$0.00
Cole Young 5.5,MLB-PHRR-FG-00C5B502KUS1N1G-CONG001-GTE-P00055,Settled Early,08/20/26 05:44:04.121 PM EDT,$0.00
Cole Young 9.5,MLB-PHRR-FG-00C5B502KUS1N1G-CONG001-GTE-P00095,Settled Early,08/20/26 05:44:04.598 PM EDT,$0.00
Cole Young 3.5,MLB-PHRR-FG-00C5B502KUS1N1G-CONG001-GTE-P00035,Settled Early,08/20/26 05:44:05.066 PM EDT,$0.00
Cole Young 6.5,MLB-PHRR-FG-00C5B502KUS1N1G-CONG001-GTE-P00065,Settled Early,08/20/26 05:44:05.357 PM EDT,$0.00
Cole Young 4.5,MLB-PHRR-FG-00C5B502KUS1N1G-CONG001-GTE-P00045,Settled Early,08/20/26 05:44:05.659 PM EDT,$0.00
Luis Lara 0.5,MLB-PHRR-FG-00C5B502KUS1N1G-LURA000-GTE-P00005,Settled Early,08/20/26 05:44:25.124 PM EDT,$0.00
Luis Lara 1.5,MLB-PHRR-FG-00C5B502KUS1N1G-LURA000-GTE-P00015,Settled Early,08/20/26 05:44:26.229 PM EDT,$0.00
Luis Lara 2.5,MLB-PHRR-FG-00C5B502KUS1N1G-LURA000-GTE-P00025,Settled Early,08/20/26 05:44:26.708 PM EDT,$0.00
Luis Lara 3.5,MLB-PHRR-FG-00C5B502KUS1N1G-LURA000-GTE-P00035,Settled Early,08/20/26 05:44:27.962 PM EDT,$0.00
Luis Lara 4.5,MLB-PHRR-FG-00C5B502KUS1N1G-LURA000-GTE-P00045,Settled Early,08/20/26 05:44:28.292 PM EDT,$0.00
Luis Lara 5.5,MLB-PHRR-FG-00C5B502KUS1N1G-LURA000-GTE-P00055,Settled Early,08/20/26 05:44:28.835 PM EDT,$0.00
Luis Lara 6.5,MLB-PHRR-FG-00C5B502KUS1N1G-LURA000-GTE-P00065,Settled Early,08/20/26 05:44:29.192 PM EDT,$0.00
Luis Lara 7.5,MLB-PHRR-FG-00C5B502KUS1N1G-LURA000-GTE-P00075,Settled Early,08/20/26 05:44:29.523 PM EDT,$0.00
Luis Lara 8.5,MLB-PHRR-FG-00C5B502KUS1N1G-LURA000-GTE-P00085,Settled Early,08/20/26 05:44:29.928 PM EDT,$0.00
Luis Lara 9.5,MLB-PHRR-FG-00C5B502KUS1N1G-LURA000-GTE-P00095,Settled Early,08/20/26 05:44:30.386 PM EDT,$0.00
Randy Arozarena 3.5,MLB-PHRR-FG-00C5B502KUS1N1G-RANA000-GTE-P00035,Settled Early,08/20/26 05:44:47.650 PM EDT,$0.00
Randy Arozarena 6.5,MLB-PHRR-FG-00C5B502KUS1N1G-RANA000-GTE-P00065,Settled Early,08/20/26 05:44:47.995 PM EDT,$0.00
Randy Arozarena 0.5,MLB-PHRR-FG-00C5B502KUS1N1G-RANA000-GTE-P00005,Settled Early,08/20/26 05:44:48.277 PM EDT,$0.00
Randy Arozarena 5.5,MLB-PHRR-FG-00C5B502KUS1N1G-RANA000-GTE-P00055,Settled Early,08/20/26 05:44:48.603 PM EDT,$0.00
Randy Arozarena 9.5,MLB-PHRR-FG-00C5B502KUS1N1G-RANA000-GTE-P00095,Settled Early,08/20/26 05:44:48.950 PM EDT,$0.00
Randy Arozarena 4.5,MLB-PHRR-FG-00C5B502KUS1N1G-RANA000-GTE-P00045,Settled Early,08/20/26 05:44:49.235 PM EDT,$0.00
Randy Arozarena 8.5,MLB-PHRR-FG-00C5B502KUS1N1G-RANA000-GTE-P00085,Settled Early,08/20/26 05:44:49.574 PM EDT,$0.00
Randy Arozarena 2.5,MLB-PHRR-FG-00C5B502KUS1N1G-RANA000-GTE-P00025,Settled Early,08/20/26 05:44:49.917 PM EDT,$0.00
Randy Arozarena 7.5,MLB-PHRR-FG-00C5B502KUS1N1G-RANA000-GTE-P00075,Settled Early,08/20/26 05:44:50.205 PM EDT,$0.00
Randy Arozarena 1.5,MLB-PHRR-FG-00C5B502KUS1N1G-RANA000-GTE-P00015,Settled Early,08/20/26 05:44:50.919 PM EDT,$0.00
Jhonny Pereda 0.5,MLB-PHRR-FG-00C5B502KUS1N1G-JHDA000-GTE-P00005,Settled Early,08/20/26 05:45:02.929 PM EDT,$1.00
Jhonny Pereda 5.5,MLB-PHRR-FG-00C5B502KUS1N1G-JHDA000-GTE-P00055,Settled Early,08/20/26 05:45:03.239 PM EDT,$0.00
Jhonny Pereda 1.5,MLB-PHRR-FG-00C5B502KUS1N1G-JHDA000-GTE-P00015,Settled Early,08/20/26 05:45:03.589 PM EDT,$1.00
Jhonny Pereda 9.5,MLB-PHRR-FG-00C5B502KUS1N1G-JHDA000-GTE-P00095,Settled Early,08/20/26 05:45:03.906 PM EDT,$0.00
Jhonny Pereda 7.5,MLB-PHRR-FG-00C5B502KUS1N1G-JHDA000-GTE-P00075,Settled Early,08/20/26 05:45:04.272 PM EDT,$0.00
Jhonny Pereda 2.5,MLB-PHRR-FG-00C5B502KUS1N1G-JHDA000-GTE-P00025,Settled Early,08/20/26 05:45:04.600 PM EDT,$0.00
Jhonny Pereda 3.5,MLB-PHRR-FG-00C5B502KUS1N1G-JHDA000-GTE-P00035,Settled Early,08/20/26 05:45:04.959 PM EDT,$0.00
Jhonny Pereda 4.5,MLB-PHRR-FG-00C5B502KUS1N1G-JHDA000-GTE-P00045,Settled Early,08/20/26 05:45:05.249 PM EDT,$0.00
Jhonny Pereda 6.5,MLB-PHRR-FG-00C5B502KUS1N1G-JHDA000-GTE-P00065,Settled Early,08/20/26 05:45:05.540 PM EDT,$0.00
Jhonny Pereda 8.5,MLB-PHRR-FG-00C5B502KUS1N1G-JHDA000-GTE-P00085,Settled Early,08/20/26 05:45:05.826 PM EDT,$0.00
Weston Wilson 6.5,MLB-PHRR-FG-00C5B502KUS1N1G-WEON000-GTE-P00065,Settled Early,08/20/26 05:45:20.071 PM EDT,$0.00
Weston Wilson 8.5,MLB-PHRR-FG-00C5B502KUS1N1G-WEON000-GTE-P00085,Settled Early,08/20/26 05:45:20.379 PM EDT,$0.00
Weston Wilson 9.5,MLB-PHRR-FG-00C5B502KUS1N1G-WEON000-GTE-P00095,Settled Early,08/20/26 05:45:20.704 PM EDT,$0.00
Weston Wilson 7.5,MLB-PHRR-FG-00C5B502KUS1N1G-WEON000-GTE-P00075,Settled Early,08/20/26 05:45:21.060 PM EDT,$0.00
Weston Wilson 2.5,MLB-PHRR-FG-00C5B502KUS1N1G-WEON000-GTE-P00025,Settled Early,08/20/26 05:45:21.356 PM EDT,$0.00
Weston Wilson 1.5,MLB-PHRR-FG-00C5B502KUS1N1G-WEON000-GTE-P00015,Settled Early,08/20/26 05:45:21.647 PM EDT,$0.00
Weston Wilson 3.5,MLB-PHRR-FG-00C5B502KUS1N1G-WEON000-GTE-P00035,Settled Early,08/20/26 05:45:22.176 PM EDT,$0.00
Weston Wilson 0.5,MLB-PHRR-FG-00C5B502KUS1N1G-WEON000-GTE-P00005,Settled Early,08/20/26 05:45:22.466 PM EDT,$0.00
Weston Wilson 4.5,MLB-PHRR-FG-00C5B502KUS1N1G-WEON000-GTE-P00045,Settled Early,08/20/26 05:45:22.749 PM EDT,$0.00
Weston Wilson 5.5,MLB-PHRR-FG-00C5B502KUS1N1G-WEON000-GTE-P00055,Settled Early,08/20/26 05:45:23.063 PM EDT,$0.00
Cal Raleigh 2.5,MLB-PHRR-FG-00C5B502KUS1N1G-CAGH000-GTE-P00025,Settled Early,08/20/26 05:45:36.222 PM EDT,$0.00
Cal Raleigh 0.5,MLB-PHRR-FG-00C5B502KUS1N1G-CAGH000-GTE-P00005,Settled Early,08/20/26 05:45:36.706 PM EDT,$0.00
Cal Raleigh 1.5,MLB-PHRR-FG-00C5B502KUS1N1G-CAGH000-GTE-P00015,Settled Early,08/20/26 05:45:37.044 PM EDT,$0.00
Cal Raleigh 6.5,MLB-PHRR-FG-00C5B502KUS1N1G-CAGH000-GTE-P00065,Settled Early,08/20/26 05:45:37.324 PM EDT,$0.00
Cal Raleigh 4.5,MLB-PHRR-FG-00C5B502KUS1N1G-CAGH000-GTE-P00045,Settled Early,08/20/26 05:45:37.606 PM EDT,$0.00
Cal Raleigh 9.5,MLB-PHRR-FG-00C5B502KUS1N1G-CAGH000-GTE-P00095,Settled Early,08/20/26 05:45:37.928 PM EDT,$0.00
Cal Raleigh 5.5,MLB-PHRR-FG-00C5B502KUS1N1G-CAGH000-GTE-P00055,Settled Early,08/20/26 05:45:38.223 PM EDT,$0.00
Cal Raleigh 7.5,MLB-PHRR-FG-00C5B502KUS1N1G-CAGH000-GTE-P00075,Settled Early,08/20/26 05:45:38.530 PM EDT,$0.00
Cal Raleigh 8.5,MLB-PHRR-FG-00C5B502KUS1N1G-CAGH000-GTE-P00085,Settled Early,08/20/26 05:45:38.878 PM EDT,$0.00
Cal Raleigh 3.5,MLB-PHRR-FG-00C5B502KUS1N1G-CAGH000-GTE-P00035,Settled Early,08/20/26 05:45:39.234 PM EDT,$0.00
Zack Gelof 7.5,MLB-PHRR-FG-00C5B50GKUS1MI8-ZAOF000-GTE-P00075,Settled Early,08/20/26 05:46:13.674 PM EDT,$0.00
Zack Gelof 8.5,MLB-PHRR-FG-00C5B50GKUS1MI8-ZAOF000-GTE-P00085,Settled Early,08/20/26 05:46:14.317 PM EDT,$0.00
Zack Gelof 6.5,MLB-PHRR-FG-00C5B50GKUS1MI8-ZAOF000-GTE-P00065,Settled Early,08/20/26 05:46:14.775 PM EDT,$0.00
Zack Gelof 0.5,MLB-PHRR-FG-00C5B50GKUS1MI8-ZAOF000-GTE-P00005,Settled Early,08/20/26 05:46:15.443 PM EDT,$0.00
Zack Gelof 1.5,MLB-PHRR-FG-00C5B50GKUS1MI8-ZAOF000-GTE-P00015,Settled Early,08/20/26 05:46:15.801 PM EDT,$0.00
Zack Gelof 2.5,MLB-PHRR-FG-00C5B50GKUS1MI8-ZAOF000-GTE-P00025,Settled Early,08/20/26 05:46:16.126 PM EDT,$0.00
Zack Gelof 3.5,MLB-PHRR-FG-00C5B50GKUS1MI8-ZAOF000-GTE-P00035,Settled Early,08/20/26 05:46:16.491 PM EDT,$0.00
Zack Gelof 4.5,MLB-PHRR-FG-00C5B50GKUS1MI8-ZAOF000-GTE-P00045,Settled Early,08/20/26 05:46:16.885 PM EDT,$0.00
Zack Gelof 5.5,MLB-PHRR-FG-00C5B50GKUS1MI8-ZAOF000-GTE-P00055,Settled Early,08/20/26 05:46:17.218 PM EDT,$0.00
Zack Gelof 9.5,MLB-PHRR-FG-00C5B50GKUS1MI8-ZAOF000-GTE-P00095,Settled Early,08/20/26 05:46:17.531 PM EDT,$0.00
Darell Hernaiz 1.5,MLB-PHRR-FG-00C5B50GKUS1MI8-DAIZ000-GTE-P00015,Settled Early,08/20/26 05:46:35.803 PM EDT,$0.00
Darell Hernaiz 9.5,MLB-PHRR-FG-00C5B50GKUS1MI8-DAIZ000-GTE-P00095,Settled Early,08/20/26 05:46:36.159 PM EDT,$0.00
Darell Hernaiz 0.5,MLB-PHRR-FG-00C5B50GKUS1MI8-DAIZ000-GTE-P00005,Settled Early,08/20/26 05:46:36.483 PM EDT,$1.00
Darell Hernaiz 2.5,MLB-PHRR-FG-00C5B50GKUS1MI8-DAIZ000-GTE-P00025,Settled Early,08/20/26 05:46:36.831 PM EDT,$0.00
Darell Hernaiz 3.5,MLB-PHRR-FG-00C5B50GKUS1MI8-DAIZ000-GTE-P00035,Settled Early,08/20/26 05:46:37.161 PM EDT,$0.00
Darell Hernaiz 4.5,MLB-PHRR-FG-00C5B50GKUS1MI8-DAIZ000-GTE-P00045,Settled Early,08/20/26 05:46:37.481 PM EDT,$0.00
Darell Hernaiz 5.5,MLB-PHRR-FG-00C5B50GKUS1MI8-DAIZ000-GTE-P00055,Settled Early,08/20/26 05:46:37.843 PM EDT,$0.00
Darell Hernaiz 6.5,MLB-PHRR-FG-00C5B50GKUS1MI8-DAIZ000-GTE-P00065,Settled Early,08/20/26 05:46:38.318 PM EDT,$0.00
Darell Hernaiz 7.5,MLB-PHRR-FG-00C5B50GKUS1MI8-DAIZ000-GTE-P00075,Settled Early,08/20/26 05:46:38.745 PM EDT,$0.00
Darell Hernaiz 8.5,MLB-PHRR-FG-00C5B50GKUS1MI8-DAIZ000-GTE-P00085,Settled Early,08/20/26 05:46:39.043 PM EDT,$0.00
Max Muncy (ATH) 0.5,MLB-PHRR-FG-00C5B50GKUS1MI8-MATH000-GTE-P00005,Settled Early,08/20/26 05:46:57.054 PM EDT,$1.00
Max Muncy (ATH) 1.5,MLB-PHRR-FG-00C5B50GKUS1MI8-MATH000-GTE-P00015,Settled Early,08/20/26 05:46:57.419 PM EDT,$0.00
Max Muncy (ATH) 2.5,MLB-PHRR-FG-00C5B50GKUS1MI8-MATH000-GTE-P00025,Settled Early,08/20/26 05:46:57.734 PM EDT,$0.00
Max Muncy (ATH) 3.5,MLB-PHRR-FG-00C5B50GKUS1MI8-MATH000-GTE-P00035,Settled Early,08/20/26 05:46:58.061 PM EDT,$0.00
Max Muncy (ATH) 4.5,MLB-PHRR-FG-00C5B50GKUS1MI8-MATH000-GTE-P00045,Settled Early,08/20/26 05:46:58.363 PM EDT,$0.00
Max Muncy (ATH) 5.5,MLB-PHRR-FG-00C5B50GKUS1MI8-MATH000-GTE-P00055,Settled Early,08/20/26 05:46:58.663 PM EDT,$0.00
Max Muncy (ATH) 6.5,MLB-PHRR-FG-00C5B50GKUS1MI8-MATH000-GTE-P00065,Settled Early,08/20/26 05:46:58.973 PM EDT,$0.00
Max Muncy (ATH) 7.5,MLB-PHRR-FG-00C5B50GKUS1MI8-MATH000-GTE-P00075,Settled Early,08/20/26 05:46:59.303 PM EDT,$0.00
Max Muncy (ATH) 8.5,MLB-PHRR-FG-00C5B50GKUS1MI8-MATH000-GTE-P00085,Settled Early,08/20/26 05:46:59.722 PM EDT,$0.00
Max Muncy (ATH) 9.5,MLB-PHRR-FG-00C5B50GKUS1MI8-MATH000-GTE-P00095,Settled Early,08/20/26 05:47:00.067 PM EDT,$0.00
Isaac Collins 1.5,MLB-PHRR-FG-00C5B50GKUS1MI8-ISNS000-GTE-P00015,Settled Early,08/20/26 05:47:21.240 PM EDT,$1.00
Isaac Collins 0.5,MLB-PHRR-FG-00C5B50GKUS1MI8-ISNS000-GTE-P00005,Settled Early,08/20/26 05:47:21.546 PM EDT,$1.00
Isaac Collins 2.5,MLB-PHRR-FG-00C5B50GKUS1MI8-ISNS000-GTE-P00025,Settled Early,08/20/26 05:47:21.894 PM EDT,$1.00
Isaac Collins 3.5,MLB-PHRR-FG-00C5B50GKUS1MI8-ISNS000-GTE-P00035,Settled Early,08/20/26 05:47:22.189 PM EDT,$1.00
Isaac Collins 4.5,MLB-PHRR-FG-00C5B50GKUS1MI8-ISNS000-GTE-P00045,Settled Early,08/20/26 05:47:22.499 PM EDT,$0.00
Isaac Collins 5.5,MLB-PHRR-FG-00C5B50GKUS1MI8-ISNS000-GTE-P00055,Settled Early,08/20/26 05:47:22.891 PM EDT,$0.00
Isaac Collins 6.5,MLB-PHRR-FG-00C5B50GKUS1MI8-ISNS000-GTE-P00065,Settled Early,08/20/26 05:47:23.185 PM EDT,$0.00
Isaac Collins 7.5,MLB-PHRR-FG-00C5B50GKUS1MI8-ISNS000-GTE-P00075,Settled Early,08/20/26 05:47:23.493 PM EDT,$0.00
Isaac Collins 8.5,MLB-PHRR-FG-00C5B50GKUS1MI8-ISNS000-GTE-P00085,Settled Early,08/20/26 05:47:23.848 PM EDT,$0.00
Isaac Collins 9.5,MLB-PHRR-FG-00C5B50GKUS1MI8-ISNS000-GTE-P00095,Settled Early,08/20/26 05:47:24.161 PM EDT,$0.00
Brian Serven 0.5,MLB-PHRR-FG-00C5B50GKUS1MI8-BREN008-GTE-P00005,Settled Early,08/20/26 05:47:41.462 PM EDT,$1.00
Brian Serven 6.5,MLB-PHRR-FG-00C5B50GKUS1MI8-BREN008-GTE-P00065,Settled Early,08/20/26 05:47:41.856 PM EDT,$0.00
Brian Serven 1.5,MLB-PHRR-FG-00C5B50GKUS1MI8-BREN008-GTE-P00015,Settled Early,08/20/26 05:47:42.158 PM EDT,$1.00
Brian Serven 2.5,MLB-PHRR-FG-00C5B50GKUS1MI8-BREN008-GTE-P00025,Settled Early,08/20/26 05:47:42.519 PM EDT,$0.00
Brian Serven 3.5,MLB-PHRR-FG-00C5B50GKUS1MI8-BREN008-GTE-P00035,Settled Early,08/20/26 05:47:42.908 PM EDT,$0.00
Brian Serven 4.5,MLB-PHRR-FG-00C5B50GKUS1MI8-BREN008-GTE-P00045,Settled Early,08/20/26 05:47:43.213 PM EDT,$0.00
Brian Serven 5.5,MLB-PHRR-FG-00C5B50GKUS1MI8-BREN008-GTE-P00055,Settled Early,08/20/26 05:47:43.540 PM EDT,$0.00
Brian Serven 7.5,MLB-PHRR-FG-00C5B50GKUS1MI8-BREN008-GTE-P00075,Settled Early,08/20/26 05:47:43.910 PM EDT,$0.00
Brian Serven 8.5,MLB-PHRR-FG-00C5B50GKUS1MI8-BREN008-GTE-P00085,Settled Early,08/20/26 05:47:44.555 PM EDT,$0.00
Brian Serven 9.5,MLB-PHRR-FG-00C5B50GKUS1MI8-BREN008-GTE-P00095,Settled Early,08/20/26 05:47:45.020 PM EDT,$0.00
Carlos Cortes 8.5,MLB-PHRR-FG-00C5B50GKUS1MI8-CAES000-GTE-P00085,Settled Early,08/20/26 05:48:01.751 PM EDT,$0.00
Carlos Cortes 9.5,MLB-PHRR-FG-00C5B50GKUS1MI8-CAES000-GTE-P00095,Settled Early,08/20/26 05:48:02.138 PM EDT,$0.00
Carlos Cortes 0.5,MLB-PHRR-FG-00C5B50GKUS1MI8-CAES000-GTE-P00005,Settled Early,08/20/26 05:48:02.448 PM EDT,$1.00
Carlos Cortes 1.5,MLB-PHRR-FG-00C5B50GKUS1MI8-CAES000-GTE-P00015,Settled Early,08/20/26 05:48:02.757 PM EDT,$1.00
Carlos Cortes 2.5,MLB-PHRR-FG-00C5B50GKUS1MI8-CAES000-GTE-P00025,Settled Early,08/20/26 05:48:03.087 PM EDT,$0.00
Carlos Cortes 3.5,MLB-PHRR-FG-00C5B50GKUS1MI8-CAES000-GTE-P00035,Settled Early,08/20/26 05:48:03.378 PM EDT,$0.00
Carlos Cortes 4.5,MLB-PHRR-FG-00C5B50GKUS1MI8-CAES000-GTE-P00045,Settled Early,08/20/26 05:48:03.713 PM EDT,$0.00
Carlos Cortes 5.5,MLB-PHRR-FG-00C5B50GKUS1MI8-CAES000-GTE-P00055,Settled Early,08/20/26 05:48:04.083 PM EDT,$0.00
Carlos Cortes 6.5,MLB-PHRR-FG-00C5B50GKUS1MI8-CAES000-GTE-P00065,Settled Early,08/20/26 05:48:04.408 PM EDT,$0.00
Carlos Cortes 7.5,MLB-PHRR-FG-00C5B50GKUS1MI8-CAES000-GTE-P00075,Settled Early,08/20/26 05:48:04.858 PM EDT,$0.00
Henry Bolte 9.5,MLB-PHRR-FG-00C5B50GKUS1MI8-HETE000-GTE-P00095,Settled Early,08/20/26 05:48:20.752 PM EDT,$0.00
Henry Bolte 0.5,MLB-PHRR-FG-00C5B50GKUS1MI8-HETE000-GTE-P00005,Settled Early,08/20/26 05:48:21.089 PM EDT,$1.00
Henry Bolte 1.5,MLB-PHRR-FG-00C5B50GKUS1MI8-HETE000-GTE-P00015,Settled Early,08/20/26 05:48:21.388 PM EDT,$0.00
Henry Bolte 2.5,MLB-PHRR-FG-00C5B50GKUS1MI8-HETE000-GTE-P00025,Settled Early,08/20/26 05:48:21.775 PM EDT,$0.00
Henry Bolte 3.5,MLB-PHRR-FG-00C5B50GKUS1MI8-HETE000-GTE-P00035,Settled Early,08/20/26 05:48:22.097 PM EDT,$0.00
Henry Bolte 4.5,MLB-PHRR-FG-00C5B50GKUS1MI8-HETE000-GTE-P00045,Settled Early,08/20/26 05:48:22.404 PM EDT,$0.00
Henry Bolte 5.5,MLB-PHRR-FG-00C5B50GKUS1MI8-HETE000-GTE-P00055,Settled Early,08/20/26 05:48:22.752 PM EDT,$0.00
Henry Bolte 6.5,MLB-PHRR-FG-00C5B50GKUS1MI8-HETE000-GTE-P00065,Settled Early,08/20/26 05:48:23.056 PM EDT,$0.00
Henry Bolte 7.5,MLB-PHRR-FG-00C5B50GKUS1MI8-HETE000-GTE-P00075,Settled Early,08/20/26 05:48:23.342 PM EDT,$0.00
Henry Bolte 8.5,MLB-PHRR-FG-00C5B50GKUS1MI8-HETE000-GTE-P00085,Settled Early,08/20/26 05:48:23.742 PM EDT,$0.00
Jeff McNeil 9.5,MLB-PHRR-FG-00C5B50GKUS1MI8-JEIL000-GTE-P00095,Settled Early,08/20/26 05:48:42.951 PM EDT,$0.00
Jeff McNeil 0.5,MLB-PHRR-FG-00C5B50GKUS1MI8-JEIL000-GTE-P00005,Settled Early,08/20/26 05:48:43.271 PM EDT,$0.00
Jeff McNeil 1.5,MLB-PHRR-FG-00C5B50GKUS1MI8-JEIL000-GTE-P00015,Settled Early,08/20/26 05:48:43.570 PM EDT,$0.00
Jeff McNeil 2.5,MLB-PHRR-FG-00C5B50GKUS1MI8-JEIL000-GTE-P00025,Settled Early,08/20/26 05:48:43.968 PM EDT,$0.00
Jeff McNeil 3.5,MLB-PHRR-FG-00C5B50GKUS1MI8-JEIL000-GTE-P00035,Settled Early,08/20/26 05:48:44.324 PM EDT,$0.00
Jeff McNeil 4.5,MLB-PHRR-FG-00C5B50GKUS1MI8-JEIL000-GTE-P00045,Settled Early,08/20/26 05:48:44.626 PM EDT,$0.00
Jeff McNeil 5.5,MLB-PHRR-FG-00C5B50GKUS1MI8-JEIL000-GTE-P00055,Settled Early,08/20/26 05:48:45.033 PM EDT,$0.00
Jeff McNeil 6.5,MLB-PHRR-FG-00C5B50GKUS1MI8-JEIL000-GTE-P00065,Settled Early,08/20/26 05:48:45.322 PM EDT,$0.00
Jeff McNeil 7.5,MLB-PHRR-FG-00C5B50GKUS1MI8-JEIL000-GTE-P00075,Settled Early,08/20/26 05:48:45.629 PM EDT,$0.00
Jeff McNeil 8.5,MLB-PHRR-FG-00C5B50GKUS1MI8-JEIL000-GTE-P00085,Settled Early,08/20/26 05:48:46.025 PM EDT,$0.00
Michael Massey 7.5,MLB-PHRR-FG-00C5B50GKUS1MI8-MIEY000-GTE-P00075,Settled Early,08/20/26 05:49:02.681 PM EDT,$0.00
Michael Massey 0.5,MLB-PHRR-FG-00C5B50GKUS1MI8-MIEY000-GTE-P00005,Settled Early,08/20/26 05:49:03.162 PM EDT,$1.00
Michael Massey 1.5,MLB-PHRR-FG-00C5B50GKUS1MI8-MIEY000-GTE-P00015,Settled Early,08/20/26 05:49:03.676 PM EDT,$1.00
Michael Massey 2.5,MLB-PHRR-FG-00C5B50GKUS1MI8-MIEY000-GTE-P00025,Settled Early,08/20/26 05:49:04.267 PM EDT,$1.00
Michael Massey 3.5,MLB-PHRR-FG-00C5B50GKUS1MI8-MIEY000-GTE-P00035,Settled Early,08/20/26 05:49:04.700 PM EDT,$1.00
Michael Massey 4.5,MLB-PHRR-FG-00C5B50GKUS1MI8-MIEY000-GTE-P00045,Settled Early,08/20/26 05:49:05.134 PM EDT,$1.00
Michael Massey 5.5,MLB-PHRR-FG-00C5B50GKUS1MI8-MIEY000-GTE-P00055,Settled Early,08/20/26 05:49:05.445 PM EDT,$0.00
Michael Massey 6.5,MLB-PHRR-FG-00C5B50GKUS1MI8-MIEY000-GTE-P00065,Settled Early,08/20/26 05:49:05.889 PM EDT,$0.00
Michael Massey 8.5,MLB-PHRR-FG-00C5B50GKUS1MI8-MIEY000-GTE-P00085,Settled Early,08/20/26 05:49:06.406 PM EDT,$0.00
Michael Massey 9.5,MLB-PHRR-FG-00C5B50GKUS1MI8-MIEY000-GTE-P00095,Settled Early,08/20/26 05:49:06.825 PM EDT,$0.00
Luke Maile 0.5,MLB-PHRR-FG-00C5B50GKUS1MI8-LULE001-GTE-P00005,Settled Early,08/20/26 05:49:19.310 PM EDT,$0.00
Luke Maile 6.5,MLB-PHRR-FG-00C5B50GKUS1MI8-LULE001-GTE-P00065,Settled Early,08/20/26 05:49:19.604 PM EDT,$0.00
Luke Maile 1.5,MLB-PHRR-FG-00C5B50GKUS1MI8-LULE001-GTE-P00015,Settled Early,08/20/26 05:49:20.020 PM EDT,$0.00
Luke Maile 9.5,MLB-PHRR-FG-00C5B50GKUS1MI8-LULE001-GTE-P00095,Settled Early,08/20/26 05:49:20.501 PM EDT,$0.00
Luke Maile 8.5,MLB-PHRR-FG-00C5B50GKUS1MI8-LULE001-GTE-P00085,Settled Early,08/20/26 05:49:20.845 PM EDT,$0.00
Luke Maile 7.5,MLB-PHRR-FG-00C5B50GKUS1MI8-LULE001-GTE-P00075,Settled Early,08/20/26 05:49:21.151 PM EDT,$0.00
Luke Maile 4.5,MLB-PHRR-FG-00C5B50GKUS1MI8-LULE001-GTE-P00045,Settled Early,08/20/26 05:49:21.446 PM EDT,$0.00
Luke Maile 2.5,MLB-PHRR-FG-00C5B50GKUS1MI8-LULE001-GTE-P00025,Settled Early,08/20/26 05:49:21.924 PM EDT,$0.00
Luke Maile 3.5,MLB-PHRR-FG-00C5B50GKUS1MI8-LULE001-GTE-P00035,Settled Early,08/20/26 05:49:22.213 PM EDT,$0.00
Luke Maile 5.5,MLB-PHRR-FG-00C5B50GKUS1MI8-LULE001-GTE-P00055,Settled Early,08/20/26 05:49:22.525 PM EDT,$0.00
Donovan Walton 9.5,MLB-PHRR-FG-00C5B50GKUS1MI8-DOON000-GTE-P00095,Settled Early,08/20/26 05:49:45.289 PM EDT,$0.00
Donovan Walton 0.5,MLB-PHRR-FG-00C5B50GKUS1MI8-DOON000-GTE-P00005,Settled Early,08/20/26 05:49:45.954 PM EDT,$1.00
Donovan Walton 1.5,MLB-PHRR-FG-00C5B50GKUS1MI8-DOON000-GTE-P00015,Settled Early,08/20/26 05:49:46.360 PM EDT,$1.00
Donovan Walton 2.5,MLB-PHRR-FG-00C5B50GKUS1MI8-DOON000-GTE-P00025,Settled Early,08/20/26 05:49:46.801 PM EDT,$0.00
Donovan Walton 3.5,MLB-PHRR-FG-00C5B50GKUS1MI8-DOON000-GTE-P00035,Settled Early,08/20/26 05:49:47.096 PM EDT,$0.00
Donovan Walton 4.5,MLB-PHRR-FG-00C5B50GKUS1MI8-DOON000-GTE-P00045,Settled Early,08/20/26 05:49:47.413 PM EDT,$0.00
Donovan Walton 5.5,MLB-PHRR-FG-00C5B50GKUS1MI8-DOON000-GTE-P00055,Settled Early,08/20/26 05:49:47.828 PM EDT,$0.00
Donovan Walton 6.5,MLB-PHRR-FG-00C5B50GKUS1MI8-DOON000-GTE-P00065,Settled Early,08/20/26 05:49:48.113 PM EDT,$0.00
Donovan Walton 7.5,MLB-PHRR-FG-00C5B50GKUS1MI8-DOON000-GTE-P00075,Settled Early,08/20/26 05:49:48.427 PM EDT,$0.00
Donovan Walton 8.5,MLB-PHRR-FG-00C5B50GKUS1MI8-DOON000-GTE-P00085,Settled Early,08/20/26 05:49:48.798 PM EDT,$0.00
Lawrence Butler 0.5,MLB-PHRR-FG-00C5B50GKUS1MI8-LAER001-GTE-P00005,Settled Early,08/20/26 05:50:08.253 PM EDT,$1.00
Lawrence Butler 1.5,MLB-PHRR-FG-00C5B50GKUS1MI8-LAER001-GTE-P00015,Settled Early,08/20/26 05:50:08.594 PM EDT,$1.00
Lawrence Butler 2.5,MLB-PHRR-FG-00C5B50GKUS1MI8-LAER001-GTE-P00025,Settled Early,08/20/26 05:50:08.977 PM EDT,$1.00
Lawrence Butler 3.5,MLB-PHRR-FG-00C5B50GKUS1MI8-LAER001-GTE-P00035,Settled Early,08/20/26 05:50:09.320 PM EDT,$0.00
Lawrence Butler 4.5,MLB-PHRR-FG-00C5B50GKUS1MI8-LAER001-GTE-P00045,Settled Early,08/20/26 05:50:09.635 PM EDT,$0.00
Lawrence Butler 5.5,MLB-PHRR-FG-00C5B50GKUS1MI8-LAER001-GTE-P00055,Settled Early,08/20/26 05:50:09.947 PM EDT,$0.00
Lawrence Butler 6.5,MLB-PHRR-FG-00C5B50GKUS1MI8-LAER001-GTE-P00065,Settled Early,08/20/26 05:50:10.233 PM EDT,$0.00
Lawrence Butler 7.5,MLB-PHRR-FG-00C5B50GKUS1MI8-LAER001-GTE-P00075,Settled Early,08/20/26 05:50:10.560 PM EDT,$0.00
Lawrence Butler 8.5,MLB-PHRR-FG-00C5B50GKUS1MI8-LAER001-GTE-P00085,Settled Early,08/20/26 05:50:10.858 PM EDT,$0.00
Lawrence Butler 9.5,MLB-PHRR-FG-00C5B50GKUS1MI8-LAER001-GTE-P00095,Settled Early,08/20/26 05:50:11.173 PM EDT,$0.00
Vinnie Pasquantino 5.5,MLB-PHRR-FG-00C5B50GKUS1MI8-VINO000-GTE-P00055,Settled Early,08/20/26 05:50:31.014 PM EDT,$0.00
Vinnie Pasquantino 9.5,MLB-PHRR-FG-00C5B50GKUS1MI8-VINO000-GTE-P00095,Settled Early,08/20/26 05:50:31.356 PM EDT,$0.00
Vinnie Pasquantino 4.5,MLB-PHRR-FG-00C5B50GKUS1MI8-VINO000-GTE-P00045,Settled Early,08/20/26 05:50:31.680 PM EDT,$0.00
Vinnie Pasquantino 6.5,MLB-PHRR-FG-00C5B50GKUS1MI8-VINO000-GTE-P00065,Settled Early,08/20/26 05:50:32.025 PM EDT,$0.00
Vinnie Pasquantino 0.5,MLB-PHRR-FG-00C5B50GKUS1MI8-VINO000-GTE-P00005,Settled Early,08/20/26 05:50:32.361 PM EDT,$1.00
Vinnie Pasquantino 1.5,MLB-PHRR-FG-00C5B50GKUS1MI8-VINO000-GTE-P00015,Settled Early,08/20/26 05:50:32.669 PM EDT,$0.00
Vinnie Pasquantino 2.5,MLB-PHRR-FG-00C5B50GKUS1MI8-VINO000-GTE-P00025,Settled Early,08/20/26 05:50:33.084 PM EDT,$0.00
Vinnie Pasquantino 3.5,MLB-PHRR-FG-00C5B50GKUS1MI8-VINO000-GTE-P00035,Settled Early,08/20/26 05:50:33.383 PM EDT,$0.00
Vinnie Pasquantino 7.5,MLB-PHRR-FG-00C5B50GKUS1MI8-VINO000-GTE-P00075,Settled Early,08/20/26 05:50:33.670 PM EDT,$0.00
Vinnie Pasquantino 8.5,MLB-PHRR-FG-00C5B50GKUS1MI8-VINO000-GTE-P00085,Settled Early,08/20/26 05:50:33.997 PM EDT,$0.00
Tyler Tolbert 2.5,MLB-PHRR-FG-00C5B50GKUS1MI8-TYRT000-GTE-P00025,Settled Early,08/20/26 05:50:54.604 PM EDT,$0.00
Tyler Tolbert 0.5,MLB-PHRR-FG-00C5B50GKUS1MI8-TYRT000-GTE-P00005,Settled Early,08/20/26 05:50:55.025 PM EDT,$0.00
Tyler Tolbert 1.5,MLB-PHRR-FG-00C5B50GKUS1MI8-TYRT000-GTE-P00015,Settled Early,08/20/26 05:50:55.388 PM EDT,$0.00
Tyler Tolbert 3.5,MLB-PHRR-FG-00C5B50GKUS1MI8-TYRT000-GTE-P00035,Settled Early,08/20/26 05:50:55.699 PM EDT,$0.00
Tyler Tolbert 4.5,MLB-PHRR-FG-00C5B50GKUS1MI8-TYRT000-GTE-P00045,Settled Early,08/20/26 05:50:56.014 PM EDT,$0.00
Tyler Tolbert 5.5,MLB-PHRR-FG-00C5B50GKUS1MI8-TYRT000-GTE-P00055,Settled Early,08/20/26 05:50:56.324 PM EDT,$0.00
Tyler Tolbert 6.5,MLB-PHRR-FG-00C5B50GKUS1MI8-TYRT000-GTE-P00065,Settled Early,08/20/26 05:50:56.689 PM EDT,$0.00
Tyler Tolbert 7.5,MLB-PHRR-FG-00C5B50GKUS1MI8-TYRT000-GTE-P00075,Settled Early,08/20/26 05:50:57.012 PM EDT,$0.00
Tyler Tolbert 8.5,MLB-PHRR-FG-00C5B50GKUS1MI8-TYRT000-GTE-P00085,Settled Early,08/20/26 05:50:57.293 PM EDT,$0.00
Tyler Tolbert 9.5,MLB-PHRR-FG-00C5B50GKUS1MI8-TYRT000-GTE-P00095,Settled Early,08/20/26 05:50:57.592 PM EDT,$0.00
Bobby Witt Jr. 0.5,MLB-PHRR-FG-00C5B50GKUS1MI8-BOJR000-GTE-P00005,Settled Early,08/20/26 05:51:40.440 PM EDT,$1.00
Bobby Witt Jr. 9.5,MLB-PHRR-FG-00C5B50GKUS1MI8-BOJR000-GTE-P00095,Settled Early,08/20/26 05:51:40.795 PM EDT,$0.00
Bobby Witt Jr. 1.5,MLB-PHRR-FG-00C5B50GKUS1MI8-BOJR000-GTE-P00015,Settled Early,08/20/26 05:51:41.128 PM EDT,$1.00
Bobby Witt Jr. 2.5,MLB-PHRR-FG-00C5B50GKUS1MI8-BOJR000-GTE-P00025,Settled Early,08/20/26 05:51:41.569 PM EDT,$1.00
Bobby Witt Jr. 3.5,MLB-PHRR-FG-00C5B50GKUS1MI8-BOJR000-GTE-P00035,Settled Early,08/20/26 05:51:42.011 PM EDT,$1.00
Bobby Witt Jr. 4.5,MLB-PHRR-FG-00C5B50GKUS1MI8-BOJR000-GTE-P00045,Settled Early,08/20/26 05:51:42.317 PM EDT,$1.00
Bobby Witt Jr. 5.5,MLB-PHRR-FG-00C5B50GKUS1MI8-BOJR000-GTE-P00055,Settled Early,08/20/26 05:51:42.858 PM EDT,$1.00
Bobby Witt Jr. 6.5,MLB-PHRR-FG-00C5B50GKUS1MI8-BOJR000-GTE-P00065,Settled Early,08/20/26 05:51:43.200 PM EDT,$0.00
Bobby Witt Jr. 7.5,MLB-PHRR-FG-00C5B50GKUS1MI8-BOJR000-GTE-P00075,Settled Early,08/20/26 05:51:43.576 PM EDT,$0.00
Bobby Witt Jr. 8.5,MLB-PHRR-FG-00C5B50GKUS1MI8-BOJR000-GTE-P00085,Settled Early,08/20/26 05:51:43.931 PM EDT,$0.00
Maikel Garcia 0.5,MLB-PHRR-FG-00C5B50GKUS1MI8-MAIA000-GTE-P00005,Settled Early,08/20/26 05:51:56.170 PM EDT,$1.00
Maikel Garcia 1.5,MLB-PHRR-FG-00C5B50GKUS1MI8-MAIA000-GTE-P00015,Settled Early,08/20/26 05:51:56.591 PM EDT,$0.00
Maikel Garcia 9.5,MLB-PHRR-FG-00C5B50GKUS1MI8-MAIA000-GTE-P00095,Settled Early,08/20/26 05:51:57.087 PM EDT,$0.00
Maikel Garcia 2.5,MLB-PHRR-FG-00C5B50GKUS1MI8-MAIA000-GTE-P00025,Settled Early,08/20/26 05:51:57.392 PM EDT,$0.00
Maikel Garcia 3.5,MLB-PHRR-FG-00C5B50GKUS1MI8-MAIA000-GTE-P00035,Settled Early,08/20/26 05:51:57.728 PM EDT,$0.00
Maikel Garcia 4.5,MLB-PHRR-FG-00C5B50GKUS1MI8-MAIA000-GTE-P00045,Settled Early,08/20/26 05:51:58.079 PM EDT,$0.00
Maikel Garcia 5.5,MLB-PHRR-FG-00C5B50GKUS1MI8-MAIA000-GTE-P00055,Settled Early,08/20/26 05:51:58.521 PM EDT,$0.00
Maikel Garcia 6.5,MLB-PHRR-FG-00C5B50GKUS1MI8-MAIA000-GTE-P00065,Settled Early,08/20/26 05:51:58.966 PM EDT,$0.00
Maikel Garcia 7.5,MLB-PHRR-FG-00C5B50GKUS1MI8-MAIA000-GTE-P00075,Settled Early,08/20/26 05:51:59.276 PM EDT,$0.00
Maikel Garcia 8.5,MLB-PHRR-FG-00C5B50GKUS1MI8-MAIA000-GTE-P00085,Settled Early,08/20/26 05:51:59.633 PM EDT,$0.00
Salvador Perez 2.5,MLB-PHRR-FG-00C5B50GKUS1MI8-SAEZ000-GTE-P00025,Settled Early,08/20/26 05:52:19.705 PM EDT,$1.00
Salvador Perez 9.5,MLB-PHRR-FG-00C5B50GKUS1MI8-SAEZ000-GTE-P00095,Settled Early,08/20/26 05:52:20.045 PM EDT,$0.00
Salvador Perez 0.5,MLB-PHRR-FG-00C5B50GKUS1MI8-SAEZ000-GTE-P00005,Settled Early,08/20/26 05:52:20.326 PM EDT,$1.00
Salvador Perez 1.5,MLB-PHRR-FG-00C5B50GKUS1MI8-SAEZ000-GTE-P00015,Settled Early,08/20/26 05:52:20.632 PM EDT,$1.00
Salvador Perez 3.5,MLB-PHRR-FG-00C5B50GKUS1MI8-SAEZ000-GTE-P00035,Settled Early,08/20/26 05:52:21.081 PM EDT,$1.00
Salvador Perez 4.5,MLB-PHRR-FG-00C5B50GKUS1MI8-SAEZ000-GTE-P00045,Settled Early,08/20/26 05:52:21.395 PM EDT,$1.00
Salvador Perez 5.5,MLB-PHRR-FG-00C5B50GKUS1MI8-SAEZ000-GTE-P00055,Settled Early,08/20/26 05:52:21.723 PM EDT,$0.00
Salvador Perez 6.5,MLB-PHRR-FG-00C5B50GKUS1MI8-SAEZ000-GTE-P00065,Settled Early,08/20/26 05:52:22.124 PM EDT,$0.00
Salvador Perez 7.5,MLB-PHRR-FG-00C5B50GKUS1MI8-SAEZ000-GTE-P00075,Settled Early,08/20/26 05:52:22.437 PM EDT,$0.00
Salvador Perez 8.5,MLB-PHRR-FG-00C5B50GKUS1MI8-SAEZ000-GTE-P00085,Settled Early,08/20/26 05:52:22.790 PM EDT,$0.00
Nick Loftin 0.5,MLB-PHRR-FG-00C5B50GKUS1MI8-NIIN000-GTE-P00005,Settled Early,08/20/26 05:52:43.652 PM EDT,$1.00
Nick Loftin 1.5,MLB-PHRR-FG-00C5B50GKUS1MI8-NIIN000-GTE-P00015,Settled Early,08/20/26 05:52:43.979 PM EDT,$1.00
Nick Loftin 2.5,MLB-PHRR-FG-00C5B50GKUS1MI8-NIIN000-GTE-P00025,Settled Early,08/20/26 05:52:44.418 PM EDT,$0.00
Nick Loftin 3.5,MLB-PHRR-FG-00C5B50GKUS1MI8-NIIN000-GTE-P00035,Settled Early,08/20/26 05:52:44.932 PM EDT,$0.00
Nick Loftin 4.5,MLB-PHRR-FG-00C5B50GKUS1MI8-NIIN000-GTE-P00045,Settled Early,08/20/26 05:52:45.377 PM EDT,$0.00
Nick Loftin 5.5,MLB-PHRR-FG-00C5B50GKUS1MI8-NIIN000-GTE-P00055,Settled Early,08/20/26 05:52:45.747 PM EDT,$0.00
Nick Loftin 6.5,MLB-PHRR-FG-00C5B50GKUS1MI8-NIIN000-GTE-P00065,Settled Early,08/20/26 05:52:46.103 PM EDT,$0.00
Nick Loftin 7.5,MLB-PHRR-FG-00C5B50GKUS1MI8-NIIN000-GTE-P00075,Settled Early,08/20/26 05:52:46.399 PM EDT,$0.00
Nick Loftin 8.5,MLB-PHRR-FG-00C5B50GKUS1MI8-NIIN000-GTE-P00085,Settled Early,08/20/26 05:52:46.769 PM EDT,$0.00
Nick Loftin 9.5,MLB-PHRR-FG-00C5B50GKUS1MI8-NIIN000-GTE-P00095,Settled Early,08/20/26 05:52:47.204 PM EDT,$0.00
John Rave 9.5,MLB-PHRR-FG-00C5B50GKUS1MI8-JOVE002-GTE-P00095,Settled Early,08/20/26 05:54:18.905 PM EDT,$0.00
John Rave 0.5,MLB-PHRR-FG-00C5B50GKUS1MI8-JOVE002-GTE-P00005,Settled Early,08/20/26 05:54:19.413 PM EDT,$0.00
John Rave 3.5,MLB-PHRR-FG-00C5B50GKUS1MI8-JOVE002-GTE-P00035,Settled Early,08/20/26 05:54:19.744 PM EDT,$0.00
John Rave 5.5,MLB-PHRR-FG-00C5B50GKUS1MI8-JOVE002-GTE-P00055,Settled Early,08/20/26 05:54:20.092 PM EDT,$0.00
John Rave 2.5,MLB-PHRR-FG-00C5B50GKUS1MI8-JOVE002-GTE-P00025,Settled Early,08/20/26 05:54:20.396 PM EDT,$0.00
John Rave 6.5,MLB-PHRR-FG-00C5B50GKUS1MI8-JOVE002-GTE-P00065,Settled Early,08/20/26 05:54:20.741 PM EDT,$0.00
John Rave 4.5,MLB-PHRR-FG-00C5B50GKUS1MI8-JOVE002-GTE-P00045,Settled Early,08/20/26 05:54:21.278 PM EDT,$0.00
John Rave 8.5,MLB-PHRR-FG-00C5B50GKUS1MI8-JOVE002-GTE-P00085,Settled Early,08/20/26 05:54:21.611 PM EDT,$0.00
John Rave 1.5,MLB-PHRR-FG-00C5B50GKUS1MI8-JOVE002-GTE-P00015,Settled Early,08/20/26 05:54:21.927 PM EDT,$0.00
John Rave 7.5,MLB-PHRR-FG-00C5B50GKUS1MI8-JOVE002-GTE-P00075,Settled Early,08/20/26 05:54:22.258 PM EDT,$0.00
Over 4.5,MLB-TRUNS-I1-00C5B54TKUS1MPG-GTE-P00045,Settled Early,08/20/26 07:22:46.359 PM EDT,$0.00
Over 0.5,MLB-TRUNS-I1-00C5B54TKUS1MPG-GTE-P00005,Settled Early,08/20/26 07:22:46.739 PM EDT,$0.00
Over 3.5,MLB-TRUNS-I1-00C5B54TKUS1MPG-GTE-P00035,Settled Early,08/20/26 07:22:47.468 PM EDT,$0.00
Over 2.5,MLB-TRUNS-I1-00C5B54TKUS1MPG-GTE-P00025,Settled Early,08/20/26 07:22:47.844 PM EDT,$0.00
Over 1.5,MLB-TRUNS-I1-00C5B54TKUS1MPG-GTE-P00015,Settled Early,08/20/26 07:22:48.230 PM EDT,$0.00
Sanluqueno,FRIENDLYCLUB-DWIN-FG-01DQLDJKTLKPIUO-SANO017,Settled Early,08/20/26 07:23:24.253 PM EDT,$0.00
Draw,FRIENDLYCLUB-DWIN-FG-01DQLDJKTLKPIUO-DRAW,Settled Early,08/20/26 07:23:24.889 PM EDT,$1.00
CA Antoniano,FRIENDLYCLUB-DWIN-FG-01DQLDJKTLKPIUO-CANO027,Settled Early,08/20/26 07:23:26.132 PM EDT,$0.00
Both Teams to Score,FRIENDLYCLUB-BTMSC-FG-01DQLDJKTLKPIUO-BINARY,Settled Early,08/20/26 07:23:49.023 PM EDT,$0.00
Over 1.5,MLB-TRUNS-I2-00C5B54TKUS1MPG-GTE-P00015,Settled Early,08/20/26 07:35:26.395 PM EDT,$0.00
Over 3.5,MLB-TRUNS-I2-00C5B54TKUS1MPG-GTE-P00035,Settled Early,08/20/26 07:35:26.790 PM EDT,$0.00
Over 0.5,MLB-TRUNS-I2-00C5B54TKUS1MPG-GTE-P00005,Settled Early,08/20/26 07:35:27.169 PM EDT,$0.00
Over 2.5,MLB-TRUNS-I2-00C5B54TKUS1MPG-GTE-P00025,Settled Early,08/20/26 07:35:27.655 PM EDT,$0.00
Over 4.5,MLB-TRUNS-I2-00C5B54TKUS1MPG-GTE-P00045,Settled Early,08/20/26 07:35:28.049 PM EDT,$0.00
Over 0.5,MLB-TRUNS-I3-00C5B54TKUS1MPG-GTE-P00005,Settled Early,08/20/26 07:41:56.400 PM EDT,$1.00
Over 1.5,MLB-TRUNS-I3-00C5B54TKUS1MPG-GTE-P00015,Settled Early,08/20/26 07:46:26.547 PM EDT,$1.00
Over 2.5,MLB-TRUNS-I3-00C5B54TKUS1MPG-GTE-P00025,Settled Early,08/20/26 07:49:16.368 PM EDT,$1.00
Over 4.5,MLB-TRUNS-I3-00C5B54TKUS1MPG-GTE-P00045,Settled Early,08/20/26 08:03:46.481 PM EDT,$0.00
Over 3.5,MLB-TRUNS-I3-00C5B54TKUS1MPG-GTE-P00035,Settled Early,08/20/26 08:03:46.934 PM EDT,$0.00
Over 0.5,MLB-TRUNS-I4-00C5B54TKUS1MPG-GTE-P00005,Settled Early,08/20/26 08:16:56.364 PM EDT,$0.00
Over 4.5,MLB-TRUNS-I4-00C5B54TKUS1MPG-GTE-P00045,Settled Early,08/20/26 08:16:56.976 PM EDT,$0.00
Over 2.5,MLB-TRUNS-I4-00C5B54TKUS1MPG-GTE-P00025,Settled Early,08/20/26 08:16:57.339 PM EDT,$0.00
Over 1.5,MLB-TRUNS-I4-00C5B54TKUS1MPG-GTE-P00015,Settled Early,08/20/26 08:16:57.641 PM EDT,$0.00
Over 3.5,MLB-TRUNS-I4-00C5B54TKUS1MPG-GTE-P00035,Settled Early,08/20/26 08:16:57.954 PM EDT,$0.00
Over 2.5,MLB-TRUNS-I1-00C5B524KUS1NU0-GTE-P00025,Settled Early,08/20/26 08:21:23.194 PM EDT,$0.00
Over 3.5,MLB-TRUNS-I1-00C5B524KUS1NU0-GTE-P00035,Settled Early,08/20/26 08:21:23.600 PM EDT,$0.00
Over 0.5,MLB-TRUNS-I1-00C5B524KUS1NU0-GTE-P00005,Settled Early,08/20/26 08:21:24.074 PM EDT,$0.00
Over 1.5,MLB-TRUNS-I1-00C5B524KUS1NU0-GTE-P00015,Settled Early,08/20/26 08:21:24.990 PM EDT,$0.00
Over 4.5,MLB-TRUNS-I1-00C5B524KUS1NU0-GTE-P00045,Settled Early,08/20/26 08:21:25.333 PM EDT,$0.00
Over 0.5,MLB-TRUNS-I5-00C5B54TKUS1MPG-GTE-P00005,Settled Early,08/20/26 08:24:36.322 PM EDT,$1.00
Over 0.5,MLB-TRUNS-IT5-00C5B54TKUS1MPG-GTE-P00005,Settled Early,08/20/26 08:31:56.521 PM EDT,$1.00
BAL Orioles,MLB-WIN-IT5-00C5B54TKUS1MPG-BAES000,Settled Early,08/20/26 08:31:56.581 PM EDT,$0.00
Over 4.5,MLB-TRUNS-I5-00C5B54TKUS1MPG-GTE-P00045,Settled Early,08/20/26 08:31:56.602 PM EDT,$0.00
Over 0.5,MLB-TRUNS-I6-00C5B54TKUS1MPG-GTE-P00005,Settled Early,08/20/26 08:31:56.623 PM EDT,$1.00
BAL Orioles -0.5,MLB-MOVY-IT5-00C5B54TKUS1MPG-BAES000-GTE-P00005,Settled Early,08/20/26 08:31:56.682 PM EDT,$0.00
Over 1.5,MLB-TRUNS-IT5-00C5B54TKUS1MPG-GTE-P00015,Settled Early,08/20/26 08:31:56.854 PM EDT,$1.00
Over 1.5,MLB-TRUNS-I5-00C5B54TKUS1MPG-GTE-P00015,Settled Early,08/20/26 08:31:56.938 PM EDT,$0.00
BAL Orioles -1.5,MLB-MOVY-IT5-00C5B54TKUS1MPG-BAES000-GTE-P00015,Settled Early,08/20/26 08:31:57.185 PM EDT,$0.00
NY Yankees,MLB-WIN-IT5-00C5B54TKUS1MPG-NYES000,Settled Early,08/20/26 08:31:57.269 PM EDT,$1.00
Over 3.5,MLB-TRUNS-I5-00C5B54TKUS1MPG-GTE-P00035,Settled Early,08/20/26 08:31:57.345 PM EDT,$0.00
Over 2.5,MLB-TRUNS-IT5-00C5B54TKUS1MPG-GTE-P00025,Settled Early,08/20/26 08:31:57.527 PM EDT,$1.00
BAL Orioles -2.5,MLB-MOVY-IT5-00C5B54TKUS1MPG-BAES000-GTE-P00025,Settled Early,08/20/26 08:31:57.623 PM EDT,$0.00
Over 2.5,MLB-TRUNS-I5-00C5B54TKUS1MPG-GTE-P00025,Settled Early,08/20/26 08:31:57.772 PM EDT,$0.00
BAL Orioles -3.5,MLB-MOVY-IT5-00C5B54TKUS1MPG-BAES000-GTE-P00035,Settled Early,08/20/26 08:31:58.043 PM EDT,$0.00
Over 3.5,MLB-TRUNS-IT5-00C5B54TKUS1MPG-GTE-P00035,Settled Early,08/20/26 08:31:58.216 PM EDT,$1.00
BAL Orioles -4.5,MLB-MOVY-IT5-00C5B54TKUS1MPG-BAES000-GTE-P00045,Settled Early,08/20/26 08:31:58.473 PM EDT,$0.00
NY Yankees -0.5,MLB-MOVY-IT5-00C5B54TKUS1MPG-NYES000-GTE-P00005,Settled Early,08/20/26 08:31:58.850 PM EDT,$1.00
Over 4.5,MLB-TRUNS-IT5-00C5B54TKUS1MPG-GTE-P00045,Settled Early,08/20/26 08:31:59.538 PM EDT,$0.00
NY Yankees -1.5,MLB-MOVY-IT5-00C5B54TKUS1MPG-NYES000-GTE-P00015,Settled Early,08/20/26 08:31:59.743 PM EDT,$1.00
Over 5.5,MLB-TRUNS-IT5-00C5B54TKUS1MPG-GTE-P00055,Settled Early,08/20/26 08:32:00.110 PM EDT,$0.00
NY Yankees -2.5,MLB-MOVY-IT5-00C5B54TKUS1MPG-NYES000-GTE-P00025,Settled Early,08/20/26 08:32:00.132 PM EDT,$0.00
Over 6.5,MLB-TRUNS-IT5-00C5B54TKUS1MPG-GTE-P00065,Settled Early,08/20/26 08:32:00.509 PM EDT,$0.00
NY Yankees -3.5,MLB-MOVY-IT5-00C5B54TKUS1MPG-NYES000-GTE-P00035,Settled Early,08/20/26 08:32:00.672 PM EDT,$0.00
Over 7.5,MLB-TRUNS-IT5-00C5B54TKUS1MPG-GTE-P00075,Settled Early,08/20/26 08:32:01.075 PM EDT,$0.00
NY Yankees -4.5,MLB-MOVY-IT5-00C5B54TKUS1MPG-NYES000-GTE-P00045,Settled Early,08/20/26 08:32:01.090 PM EDT,$0.00
Over 8.5,MLB-TRUNS-IT5-00C5B54TKUS1MPG-GTE-P00085,Settled Early,08/20/26 08:32:01.397 PM EDT,$0.00
Over 9.5,MLB-TRUNS-IT5-00C5B54TKUS1MPG-GTE-P00095,Settled Early,08/20/26 08:32:01.728 PM EDT,$0.00
Over 10.5,MLB-TRUNS-IT5-00C5B54TKUS1MPG-GTE-P00105,Settled Early,08/20/26 08:32:02.043 PM EDT,$0.00
Over 1.5,MLB-TRUNS-I6-00C5B54TKUS1MPG-GTE-P00015,Settled Early,08/20/26 08:36:46.560 PM EDT,$1.00
Over 0.5,MLB-TRUNS-I2-00C5B53EKUS1N28-GTE-P00005,Settled Early,08/20/26 08:37:01.710 PM EDT,$1.00
Over 1.5,MLB-TRUNS-I2-00C5B53EKUS1N28-GTE-P00015,Settled Early,08/20/26 08:40:31.711 PM EDT,$1.00
Over 0.5,MLB-TRUNS-I2-00C5B524KUS1NU0-GTE-P00005,Settled Early,08/20/26 08:44:32.931 PM EDT,$0.00
Over 3.5,MLB-TRUNS-I2-00C5B524KUS1NU0-GTE-P00035,Settled Early,08/20/26 08:44:33.330 PM EDT,$0.00
Over 1.5,MLB-TRUNS-I2-00C5B524KUS1NU0-GTE-P00015,Settled Early,08/20/26 08:44:33.638 PM EDT,$0.00
Over 2.5,MLB-TRUNS-I2-00C5B524KUS1NU0-GTE-P00025,Settled Early,08/20/26 08:44:34.071 PM EDT,$0.00
Over 4.5,MLB-TRUNS-I2-00C5B524KUS1NU0-GTE-P00045,Settled Early,08/20/26 08:44:34.390 PM EDT,$0.00
Over 2.5,MLB-TRUNS-I2-00C5B53EKUS1N28-GTE-P00025,Settled Early,08/20/26 08:45:13.138 PM EDT,$1.00
Over 3.5,MLB-TRUNS-I6-00C5B54TKUS1MPG-GTE-P00035,Settled Early,08/20/26 08:52:26.297 PM EDT,$0.00
Over 2.5,MLB-TRUNS-I6-00C5B54TKUS1MPG-GTE-P00025,Settled Early,08/20/26 08:52:26.892 PM EDT,$0.00
Over 4.5,MLB-TRUNS-I6-00C5B54TKUS1MPG-GTE-P00045,Settled Early,08/20/26 08:52:27.275 PM EDT,$0.00
Over 0.5,MLB-TRUNS-I3-00C5B524KUS1NU0-GTE-P00005,Settled Early,08/20/26 08:54:42.993 PM EDT,$1.00
Over 3.5,MLB-TRUNS-I2-00C5B53EKUS1N28-GTE-P00035,Settled Early,08/20/26 08:57:21.805 PM EDT,$0.00
Over 4.5,MLB-TRUNS-I2-00C5B53EKUS1N28-GTE-P00045,Settled Early,08/20/26 08:57:22.414 PM EDT,$0.00
Over 3.5,MLB-TRUNS-I3-00C5B524KUS1NU0-GTE-P00035,Settled Early,08/20/26 08:58:32.883 PM EDT,$0.00
Over 1.5,MLB-TRUNS-I3-00C5B524KUS1NU0-GTE-P00015,Settled Early,08/20/26 08:58:33.343 PM EDT,$0.00
Over 2.5,MLB-TRUNS-I3-00C5B524KUS1NU0-GTE-P00025,Settled Early,08/20/26 08:58:33.733 PM EDT,$0.00
Over 4.5,MLB-TRUNS-I3-00C5B524KUS1NU0-GTE-P00045,Settled Early,08/20/26 08:58:34.257 PM EDT,$0.00
Over 1.5,MLB-TRUNS-I7-00C5B54TKUS1MPG-GTE-P00015,Settled Early,08/20/26 09:09:36.285 PM EDT,$0.00
Over 4.5,MLB-TRUNS-I7-00C5B54TKUS1MPG-GTE-P00045,Settled Early,08/20/26 09:09:36.782 PM EDT,$0.00
Over 2.5,MLB-TRUNS-I7-00C5B54TKUS1MPG-GTE-P00025,Settled Early,08/20/26 09:09:37.120 PM EDT,$0.00
Over 3.5,MLB-TRUNS-I7-00C5B54TKUS1MPG-GTE-P00035,Settled Early,08/20/26 09:09:37.493 PM EDT,$0.00
Over 0.5,MLB-TRUNS-I7-00C5B54TKUS1MPG-GTE-P00005,Settled Early,08/20/26 09:09:37.799 PM EDT,$0.00
Over 3.5,MLB-TRUNS-I3-00C5B53EKUS1N28-GTE-P00035,Settled Early,08/20/26 09:10:11.777 PM EDT,$0.00
Over 1.5,MLB-TRUNS-I3-00C5B53EKUS1N28-GTE-P00015,Settled Early,08/20/26 09:10:12.179 PM EDT,$0.00
Over 0.5,MLB-TRUNS-I3-00C5B53EKUS1N28-GTE-P00005,Settled Early,08/20/26 09:10:12.592 PM EDT,$0.00
Over 2.5,MLB-TRUNS-I3-00C5B53EKUS1N28-GTE-P00025,Settled Early,08/20/26 09:10:13.120 PM EDT,$0.00
Over 4.5,MLB-TRUNS-I3-00C5B53EKUS1N28-GTE-P00045,Settled Early,08/20/26 09:10:13.468 PM EDT,$0.00
Over 0.5,MLB-TRUNS-I4-00C5B53EKUS1N28-GTE-P00005,Settled Early,08/20/26 09:13:52.181 PM EDT,$1.00
Over 1.5,MLB-TRUNS-I4-00C5B524KUS1NU0-GTE-P00015,Settled Early,08/20/26 09:14:22.903 PM EDT,$0.00
Over 3.5,MLB-TRUNS-I4-00C5B524KUS1NU0-GTE-P00035,Settled Early,08/20/26 09:14:23.275 PM EDT,$0.00
Over 4.5,MLB-TRUNS-I4-00C5B524KUS1NU0-GTE-P00045,Settled Early,08/20/26 09:14:23.649 PM EDT,$0.00
Over 2.5,MLB-TRUNS-I4-00C5B524KUS1NU0-GTE-P00025,Settled Early,08/20/26 09:14:23.999 PM EDT,$0.00
Over 0.5,MLB-TRUNS-I4-00C5B524KUS1NU0-GTE-P00005,Settled Early,08/20/26 09:14:24.396 PM EDT,$0.00
Over 0.5,MLB-TRUNS-I8-00C5B54TKUS1MPG-GTE-P00005,Settled Early,08/20/26 09:14:26.276 PM EDT,$1.00
Over 1.5,MLB-TRUNS-I4-00C5B53EKUS1N28-GTE-P00015,Settled Early,08/20/26 09:21:01.769 PM EDT,$1.00
Over 3.5,MLB-TRUNS-I4-00C5B53EKUS1N28-GTE-P00035,Settled Early,08/20/26 09:25:31.736 PM EDT,$1.00
Over 2.5,MLB-TRUNS-I4-00C5B53EKUS1N28-GTE-P00025,Settled Early,08/20/26 09:25:32.158 PM EDT,$1.00
Over 4.5,MLB-TRUNS-I4-00C5B53EKUS1N28-GTE-P00045,Settled Early,08/20/26 09:26:21.716 PM EDT,$1.00
Over 1.5,MLB-TRUNS-I8-00C5B54TKUS1MPG-GTE-P00015,Settled Early,08/20/26 09:31:56.714 PM EDT,$0.00
Over 2.5,MLB-TRUNS-I8-00C5B54TKUS1MPG-GTE-P00025,Settled Early,08/20/26 09:31:57.084 PM EDT,$0.00
Over 3.5,MLB-TRUNS-I8-00C5B54TKUS1MPG-GTE-P00035,Settled Early,08/20/26 09:31:57.500 PM EDT,$0.00
Over 4.5,MLB-TRUNS-I8-00C5B54TKUS1MPG-GTE-P00045,Settled Early,08/20/26 09:31:57.893 PM EDT,$0.00
Over 0.5,MLB-TRUNS-I5-00C5B524KUS1NU0-GTE-P00005,Settled Early,08/20/26 09:32:23.036 PM EDT,$0.00
Over 10.5,MLB-TRUNS-IT5-00C5B524KUS1NU0-GTE-P00105,Settled Early,08/20/26 09:32:23.108 PM EDT,$0.00
WAS Nationals,MLB-WIN-IT5-00C5B524KUS1NU0-WALS000,Settled Early,08/20/26 09:32:23.161 PM EDT,$0.00
TEX Rangers -4.5,MLB-MOVY-IT5-00C5B524KUS1NU0-TERS000-GTE-P00045,Settled Early,08/20/26 09:32:23.195 PM EDT,$0.00
Over 4.5,MLB-TRUNS-I5-00C5B524KUS1NU0-GTE-P00045,Settled Early,08/20/26 09:32:23.472 PM EDT,$0.00
Over 5.5,MLB-TRUNS-IT5-00C5B524KUS1NU0-GTE-P00055,Settled Early,08/20/26 09:32:23.497 PM EDT,$0.00
WAS Nationals -0.5,MLB-MOVY-IT5-00C5B524KUS1NU0-WALS000-GTE-P00005,Settled Early,08/20/26 09:32:23.521 PM EDT,$0.00
Over 2.5,MLB-TRUNS-I5-00C5B524KUS1NU0-GTE-P00025,Settled Early,08/20/26 09:32:23.777 PM EDT,$0.00
WAS Nationals -1.5,MLB-MOVY-IT5-00C5B524KUS1NU0-WALS000-GTE-P00015,Settled Early,08/20/26 09:32:23.834 PM EDT,$0.00
TEX Rangers,MLB-WIN-IT5-00C5B524KUS1NU0-TERS000,Settled Early,08/20/26 09:32:23.841 PM EDT,$1.00
Over 0.5,MLB-TRUNS-IT5-00C5B524KUS1NU0-GTE-P00005,Settled Early,08/20/26 09:32:23.896 PM EDT,$1.00
Over 1.5,MLB-TRUNS-I5-00C5B524KUS1NU0-GTE-P00015,Settled Early,08/20/26 09:32:24.197 PM EDT,$0.00
WAS Nationals -2.5,MLB-MOVY-IT5-00C5B524KUS1NU0-WALS000-GTE-P00025,Settled Early,08/20/26 09:32:24.275 PM EDT,$0.00
Over 1.5,MLB-TRUNS-IT5-00C5B524KUS1NU0-GTE-P00015,Settled Early,08/20/26 09:32:24.388 PM EDT,$0.00
Over 3.5,MLB-TRUNS-I5-00C5B524KUS1NU0-GTE-P00035,Settled Early,08/20/26 09:32:24.533 PM EDT,$0.00
WAS Nationals -3.5,MLB-MOVY-IT5-00C5B524KUS1NU0-WALS000-GTE-P00035,Settled Early,08/20/26 09:32:24.576 PM EDT,$0.00
WAS Nationals -4.5,MLB-MOVY-IT5-00C5B524KUS1NU0-WALS000-GTE-P00045,Settled Early,08/20/26 09:32:24.924 PM EDT,$0.00
Over 2.5,MLB-TRUNS-IT5-00C5B524KUS1NU0-GTE-P00025,Settled Early,08/20/26 09:32:24.969 PM EDT,$0.00
TEX Rangers -0.5,MLB-MOVY-IT5-00C5B524KUS1NU0-TERS000-GTE-P00005,Settled Early,08/20/26 09:32:25.292 PM EDT,$1.00
Over 3.5,MLB-TRUNS-IT5-00C5B524KUS1NU0-GTE-P00035,Settled Early,08/20/26 09:32:25.451 PM EDT,$0.00
TEX Rangers -1.5,MLB-MOVY-IT5-00C5B524KUS1NU0-TERS000-GTE-P00015,Settled Early,08/20/26 09:32:25.942 PM EDT,$0.00
Over 4.5,MLB-TRUNS-IT5-00C5B524KUS1NU0-GTE-P00045,Settled Early,08/20/26 09:32:26.173 PM EDT,$0.00
TEX Rangers -2.5,MLB-MOVY-IT5-00C5B524KUS1NU0-TERS000-GTE-P00025,Settled Early,08/20/26 09:32:26.382 PM EDT,$0.00
Over 6.5,MLB-TRUNS-IT5-00C5B524KUS1NU0-GTE-P00065,Settled Early,08/20/26 09:32:26.550 PM EDT,$0.00
TEX Rangers -3.5,MLB-MOVY-IT5-00C5B524KUS1NU0-TERS000-GTE-P00035,Settled Early,08/20/26 09:32:26.697 PM EDT,$0.00
Over 7.5,MLB-TRUNS-IT5-00C5B524KUS1NU0-GTE-P00075,Settled Early,08/20/26 09:32:26.848 PM EDT,$0.00
Over 8.5,MLB-TRUNS-IT5-00C5B524KUS1NU0-GTE-P00085,Settled Early,08/20/26 09:32:27.164 PM EDT,$0.00
Over 9.5,MLB-TRUNS-IT5-00C5B524KUS1NU0-GTE-P00095,Settled Early,08/20/26 09:32:27.544 PM EDT,$0.00
Over 0.5,MLB-TRUNS-I5-00C5B53EKUS1N28-GTE-P00005,Settled Early,08/20/26 09:45:13.836 PM EDT,$1.00
Over 2.5,MLB-TRUNS-I5-00C5B53EKUS1N28-GTE-P00025,Settled Early,08/20/26 09:46:12.061 PM EDT,$1.00
Over 3.5,MLB-TRUNS-I5-00C5B53EKUS1N28-GTE-P00035,Settled Early,08/20/26 09:46:12.400 PM EDT,$1.00
Over 1.5,MLB-TRUNS-I5-00C5B53EKUS1N28-GTE-P00015,Settled Early,08/20/26 09:46:12.694 PM EDT,$1.00
Over 1.5,MLB-TRUNS-I9-00C5B54TKUS1MPG-GTE-P00015,Settled Early,08/20/26 09:47:17.173 PM EDT,$0.00
BAL Orioles,MLB-WIN-FG-00C5B54TKUS1MPG-BAES000,Settled Early,08/20/26 09:47:17.205 PM EDT,$0.00
Over 3.5,MLB-TRUNS-FG-00C5B54TKUS1MPG-GTE-P00035,Settled Early,08/20/26 09:47:17.259 PM EDT,$1.00
NY Yankees,MLB-WIN-FG-00C5B54TKUS1MPG-NYES000,Settled Early,08/20/26 09:47:17.550 PM EDT,$1.00
Over 4.5,MLB-TRUNS-I9-00C5B54TKUS1MPG-GTE-P00045,Settled Early,08/20/26 09:47:17.560 PM EDT,$0.00
Over 4.5,MLB-TRUNS-FG-00C5B54TKUS1MPG-GTE-P00045,Settled Early,08/20/26 09:47:17.669 PM EDT,$1.00
Over 0.5,MLB-TRUNS-I9-00C5B54TKUS1MPG-GTE-P00005,Settled Early,08/20/26 09:47:17.857 PM EDT,$0.00
Over 7.5,MLB-TRUNS-FG-00C5B54TKUS1MPG-GTE-P00075,Settled Early,08/20/26 09:47:18.102 PM EDT,$0.00
Over 2.5,MLB-TRUNS-I9-00C5B54TKUS1MPG-GTE-P00025,Settled Early,08/20/26 09:47:18.274 PM EDT,$0.00
Over 14.5,MLB-TRUNS-FG-00C5B54TKUS1MPG-GTE-P00145,Settled Early,08/20/26 09:47:18.384 PM EDT,$0.00
Over 3.5,MLB-TRUNS-I9-00C5B54TKUS1MPG-GTE-P00035,Settled Early,08/20/26 09:47:18.567 PM EDT,$0.00
Over 5.5,MLB-TRUNS-FG-00C5B54TKUS1MPG-GTE-P00055,Settled Early,08/20/26 09:47:18.705 PM EDT,$1.00
Over 6.5,MLB-TRUNS-FG-00C5B54TKUS1MPG-GTE-P00065,Settled Early,08/20/26 09:47:19.158 PM EDT,$1.00
Over 8.5,MLB-TRUNS-FG-00C5B54TKUS1MPG-GTE-P00085,Settled Early,08/20/26 09:47:19.477 PM EDT,$0.00
Over 9.5,MLB-TRUNS-FG-00C5B54TKUS1MPG-GTE-P00095,Settled Early,08/20/26 09:47:19.774 PM EDT,$0.00
Over 10.5,MLB-TRUNS-FG-00C5B54TKUS1MPG-GTE-P00105,Settled Early,08/20/26 09:47:20.151 PM EDT,$0.00
Over 11.5,MLB-TRUNS-FG-00C5B54TKUS1MPG-GTE-P00115,Settled Early,08/20/26 09:47:20.440 PM EDT,$0.00
Over 12.5,MLB-TRUNS-FG-00C5B54TKUS1MPG-GTE-P00125,Settled Early,08/20/26 09:47:20.759 PM EDT,$0.00
Over 13.5,MLB-TRUNS-FG-00C5B54TKUS1MPG-GTE-P00135,Settled Early,08/20/26 09:47:21.175 PM EDT,$0.00
Over 15.5,MLB-TRUNS-FG-00C5B54TKUS1MPG-GTE-P00155,Settled Early,08/20/26 09:47:21.457 PM EDT,$0.00
Over 1.5,MLB-TRUNS-I6-00C5B524KUS1NU0-GTE-P00015,Settled Early,08/20/26 09:48:13.041 PM EDT,$0.00
Over 4.5,MLB-TRUNS-I6-00C5B524KUS1NU0-GTE-P00045,Settled Early,08/20/26 09:48:13.389 PM EDT,$0.00
Over 3.5,MLB-TRUNS-I6-00C5B524KUS1NU0-GTE-P00035,Settled Early,08/20/26 09:48:13.698 PM EDT,$0.00
Over 0.5,MLB-TRUNS-I6-00C5B524KUS1NU0-GTE-P00005,Settled Early,08/20/26 09:48:14.020 PM EDT,$0.00
Over 2.5,MLB-TRUNS-I6-00C5B524KUS1NU0-GTE-P00025,Settled Early,08/20/26 09:48:14.398 PM EDT,$0.00
Carlos Narvaez 3.5,MLB-PHRR-FG-00C5B54TKUS1MPG-CAEZ000-GTE-P00035,Settled Early,08/20/26 09:56:44.839 PM EDT,$0.00
Carlos Narvaez 4.5,MLB-PHRR-FG-00C5B54TKUS1MPG-CAEZ000-GTE-P00045,Settled Early,08/20/26 09:56:45.456 PM EDT,$0.00
Carlos Narvaez 5.5,MLB-PHRR-FG-00C5B54TKUS1MPG-CAEZ000-GTE-P00055,Settled Early,08/20/26 09:56:45.775 PM EDT,$0.00
Carlos Narvaez 6.5,MLB-PHRR-FG-00C5B54TKUS1MPG-CAEZ000-GTE-P00065,Settled Early,08/20/26 09:56:46.288 PM EDT,$0.00
Carlos Narvaez 7.5,MLB-PHRR-FG-00C5B54TKUS1MPG-CAEZ000-GTE-P00075,Settled Early,08/20/26 09:56:46.625 PM EDT,$0.00
Carlos Narvaez 0.5,MLB-PHRR-FG-00C5B54TKUS1MPG-CAEZ000-GTE-P00005,Settled Early,08/20/26 09:56:46.953 PM EDT,$0.00
Carlos Narvaez 1.5,MLB-PHRR-FG-00C5B54TKUS1MPG-CAEZ000-GTE-P00015,Settled Early,08/20/26 09:56:47.398 PM EDT,$0.00
Carlos Narvaez 2.5,MLB-PHRR-FG-00C5B54TKUS1MPG-CAEZ000-GTE-P00025,Settled Early,08/20/26 09:56:47.712 PM EDT,$0.00
Carlos Narvaez 9.5,MLB-PHRR-FG-00C5B54TKUS1MPG-CAEZ000-GTE-P00095,Settled Early,08/20/26 09:56:48.049 PM EDT,$0.00
Carlos Narvaez 8.5,MLB-PHRR-FG-00C5B54TKUS1MPG-CAEZ000-GTE-P00085,Settled Early,08/20/26 09:56:48.453 PM EDT,$0.00
Colton Cowser 9.5,MLB-PHRR-FG-00C5B54TKUS1MPG-COER004-GTE-P00095,Settled Early,08/20/26 09:57:09.869 PM EDT,$0.00
Colton Cowser 1.5,MLB-PHRR-FG-00C5B54TKUS1MPG-COER004-GTE-P00015,Settled Early,08/20/26 09:57:10.223 PM EDT,$0.00
Colton Cowser 3.5,MLB-PHRR-FG-00C5B54TKUS1MPG-COER004-GTE-P00035,Settled Early,08/20/26 09:57:10.545 PM EDT,$0.00
Colton Cowser 2.5,MLB-PHRR-FG-00C5B54TKUS1MPG-COER004-GTE-P00025,Settled Early,08/20/26 09:57:10.921 PM EDT,$0.00
Colton Cowser 0.5,MLB-PHRR-FG-00C5B54TKUS1MPG-COER004-GTE-P00005,Settled Early,08/20/26 09:57:11.258 PM EDT,$0.00
Colton Cowser 4.5,MLB-PHRR-FG-00C5B54TKUS1MPG-COER004-GTE-P00045,Settled Early,08/20/26 09:57:11.680 PM EDT,$0.00
Colton Cowser 5.5,MLB-PHRR-FG-00C5B54TKUS1MPG-COER004-GTE-P00055,Settled Early,08/20/26 09:57:12.004 PM EDT,$0.00
Colton Cowser 6.5,MLB-PHRR-FG-00C5B54TKUS1MPG-COER004-GTE-P00065,Settled Early,08/20/26 09:57:12.315 PM EDT,$0.00
Colton Cowser 7.5,MLB-PHRR-FG-00C5B54TKUS1MPG-COER004-GTE-P00075,Settled Early,08/20/26 09:57:12.744 PM EDT,$0.00
Colton Cowser 8.5,MLB-PHRR-FG-00C5B54TKUS1MPG-COER004-GTE-P00085,Settled Early,08/20/26 09:57:13.096 PM EDT,$0.00
Jazz Chisholm 6.5,MLB-PHRR-FG-00C5B54TKUS1MPG-JALM000-GTE-P00065,Settled Early,08/20/26 09:57:31.816 PM EDT,$0.00
Jazz Chisholm 8.5,MLB-PHRR-FG-00C5B54TKUS1MPG-JALM000-GTE-P00085,Settled Early,08/20/26 09:57:32.199 PM EDT,$0.00
Jazz Chisholm 4.5,MLB-PHRR-FG-00C5B54TKUS1MPG-JALM000-GTE-P00045,Settled Early,08/20/26 09:57:32.528 PM EDT,$0.00
Jazz Chisholm 0.5,MLB-PHRR-FG-00C5B54TKUS1MPG-JALM000-GTE-P00005,Settled Early,08/20/26 09:57:32.881 PM EDT,$1.00
Jazz Chisholm 3.5,MLB-PHRR-FG-00C5B54TKUS1MPG-JALM000-GTE-P00035,Settled Early,08/20/26 09:57:33.210 PM EDT,$0.00
Jazz Chisholm 2.5,MLB-PHRR-FG-00C5B54TKUS1MPG-JALM000-GTE-P00025,Settled Early,08/20/26 09:57:33.526 PM EDT,$0.00
Jazz Chisholm 1.5,MLB-PHRR-FG-00C5B54TKUS1MPG-JALM000-GTE-P00015,Settled Early,08/20/26 09:57:33.890 PM EDT,$1.00
Jazz Chisholm 9.5,MLB-PHRR-FG-00C5B54TKUS1MPG-JALM000-GTE-P00095,Settled Early,08/20/26 09:57:34.337 PM EDT,$0.00
Jazz Chisholm 5.5,MLB-PHRR-FG-00C5B54TKUS1MPG-JALM000-GTE-P00055,Settled Early,08/20/26 09:57:34.647 PM EDT,$0.00
Jazz Chisholm 7.5,MLB-PHRR-FG-00C5B54TKUS1MPG-JALM000-GTE-P00075,Settled Early,08/20/26 09:57:34.972 PM EDT,$0.00
George Lombard Jr. 0.5,MLB-PHRR-FG-00C5B54TKUS1MPG-GEJR000-GTE-P00005,Settled Early,08/20/26 09:57:54.276 PM EDT,$0.00
George Lombard Jr. 2.5,MLB-PHRR-FG-00C5B54TKUS1MPG-GEJR000-GTE-P00025,Settled Early,08/20/26 09:57:55.263 PM EDT,$0.00
George Lombard Jr. 3.5,MLB-PHRR-FG-00C5B54TKUS1MPG-GEJR000-GTE-P00035,Settled Early,08/20/26 09:57:56.555 PM EDT,$0.00
George Lombard Jr. 1.5,MLB-PHRR-FG-00C5B54TKUS1MPG-GEJR000-GTE-P00015,Settled Early,08/20/26 09:57:57.019 PM EDT,$0.00
George Lombard Jr. 4.5,MLB-PHRR-FG-00C5B54TKUS1MPG-GEJR000-GTE-P00045,Settled Early,08/20/26 09:57:57.463 PM EDT,$0.00
George Lombard Jr. 6.5,MLB-PHRR-FG-00C5B54TKUS1MPG-GEJR000-GTE-P00065,Settled Early,08/20/26 09:57:57.858 PM EDT,$0.00
George Lombard Jr. 7.5,MLB-PHRR-FG-00C5B54TKUS1MPG-GEJR000-GTE-P00075,Settled Early,08/20/26 09:57:58.186 PM EDT,$0.00
George Lombard Jr. 8.5,MLB-PHRR-FG-00C5B54TKUS1MPG-GEJR000-GTE-P00085,Settled Early,08/20/26 09:57:58.516 PM EDT,$0.00
George Lombard Jr. 9.5,MLB-PHRR-FG-00C5B54TKUS1MPG-GEJR000-GTE-P00095,Settled Early,08/20/26 09:57:59.027 PM EDT,$0.00
George Lombard Jr. 5.5,MLB-PHRR-FG-00C5B54TKUS1MPG-GEJR000-GTE-P00055,Settled Early,08/20/26 09:57:59.382 PM EDT,$0.00
Trent Grisham 3.5,MLB-PHRR-FG-00C5B54TKUS1MPG-TRAM000-GTE-P00035,Settled Early,08/20/26 09:58:19.903 PM EDT,$0.00
Trent Grisham 7.5,MLB-PHRR-FG-00C5B54TKUS1MPG-TRAM000-GTE-P00075,Settled Early,08/20/26 09:58:20.323 PM EDT,$0.00
Trent Grisham 8.5,MLB-PHRR-FG-00C5B54TKUS1MPG-TRAM000-GTE-P00085,Settled Early,08/20/26 09:58:20.633 PM EDT,$0.00
Trent Grisham 9.5,MLB-PHRR-FG-00C5B54TKUS1MPG-TRAM000-GTE-P00095,Settled Early,08/20/26 09:58:21.009 PM EDT,$0.00
Trent Grisham 6.5,MLB-PHRR-FG-00C5B54TKUS1MPG-TRAM000-GTE-P00065,Settled Early,08/20/26 09:58:21.364 PM EDT,$0.00
Trent Grisham 5.5,MLB-PHRR-FG-00C5B54TKUS1MPG-TRAM000-GTE-P00055,Settled Early,08/20/26 09:58:21.675 PM EDT,$0.00
Trent Grisham 0.5,MLB-PHRR-FG-00C5B54TKUS1MPG-TRAM000-GTE-P00005,Settled Early,08/20/26 09:58:22.010 PM EDT,$1.00
Trent Grisham 2.5,MLB-PHRR-FG-00C5B54TKUS1MPG-TRAM000-GTE-P00025,Settled Early,08/20/26 09:58:22.374 PM EDT,$0.00
Trent Grisham 1.5,MLB-PHRR-FG-00C5B54TKUS1MPG-TRAM000-GTE-P00015,Settled Early,08/20/26 09:58:22.714 PM EDT,$0.00
Trent Grisham 4.5,MLB-PHRR-FG-00C5B54TKUS1MPG-TRAM000-GTE-P00045,Settled Early,08/20/26 09:58:23.027 PM EDT,$0.00
Heliot Ramos 0.5,MLB-PHRR-FG-00C5B54TKUS1MPG-HEOS000-GTE-P00005,Settled Early,08/20/26 09:58:39.334 PM EDT,$1.00
Heliot Ramos 1.5,MLB-PHRR-FG-00C5B54TKUS1MPG-HEOS000-GTE-P00015,Settled Early,08/20/26 09:58:39.650 PM EDT,$1.00
Heliot Ramos 2.5,MLB-PHRR-FG-00C5B54TKUS1MPG-HEOS000-GTE-P00025,Settled Early,08/20/26 09:58:40.139 PM EDT,$0.00
Heliot Ramos 4.5,MLB-PHRR-FG-00C5B54TKUS1MPG-HEOS000-GTE-P00045,Settled Early,08/20/26 09:58:40.472 PM EDT,$0.00
Heliot Ramos 6.5,MLB-PHRR-FG-00C5B54TKUS1MPG-HEOS000-GTE-P00065,Settled Early,08/20/26 09:58:40.753 PM EDT,$0.00
Heliot Ramos 7.5,MLB-PHRR-FG-00C5B54TKUS1MPG-HEOS000-GTE-P00075,Settled Early,08/20/26 09:58:41.046 PM EDT,$0.00
Heliot Ramos 9.5,MLB-PHRR-FG-00C5B54TKUS1MPG-HEOS000-GTE-P00095,Settled Early,08/20/26 09:58:41.387 PM EDT,$0.00
Heliot Ramos 5.5,MLB-PHRR-FG-00C5B54TKUS1MPG-HEOS000-GTE-P00055,Settled Early,08/20/26 09:58:41.684 PM EDT,$0.00
Heliot Ramos 3.5,MLB-PHRR-FG-00C5B54TKUS1MPG-HEOS000-GTE-P00035,Settled Early,08/20/26 09:58:42.055 PM EDT,$0.00
Heliot Ramos 8.5,MLB-PHRR-FG-00C5B54TKUS1MPG-HEOS000-GTE-P00085,Settled Early,08/20/26 09:58:42.408 PM EDT,$0.00
Over 4.5,MLB-TRUNS-I5-00C5B53EKUS1N28-GTE-P00045,Settled Early,08/20/26 09:59:22.590 PM EDT,$0.00
HOU Astros,MLB-WIN-IT5-00C5B53EKUS1N28-HOOS000,Settled Early,08/20/26 09:59:22.612 PM EDT,$0.00
LA Angels -0.5,MLB-MOVY-IT5-00C5B53EKUS1N28-LALS000-GTE-P00005,Settled Early,08/20/26 09:59:22.663 PM EDT,$1.00
Over 4.5,MLB-TRUNS-IT5-00C5B53EKUS1N28-GTE-P00045,Settled Early,08/20/26 09:59:22.739 PM EDT,$1.00
LA Angels,MLB-WIN-IT5-00C5B53EKUS1N28-LALS000,Settled Early,08/20/26 09:59:23.381 PM EDT,$1.00
Over 3.5,MLB-TRUNS-IT5-00C5B53EKUS1N28-GTE-P00035,Settled Early,08/20/26 09:59:23.439 PM EDT,$1.00
HOU Astros -4.5,MLB-MOVY-IT5-00C5B53EKUS1N28-HOOS000-GTE-P00045,Settled Early,08/20/26 09:59:23.465 PM EDT,$0.00
Over 0.5,MLB-TRUNS-IT5-00C5B53EKUS1N28-GTE-P00005,Settled Early,08/20/26 09:59:23.937 PM EDT,$1.00
HOU Astros -2.5,MLB-MOVY-IT5-00C5B53EKUS1N28-HOOS000-GTE-P00025,Settled Early,08/20/26 09:59:24.043 PM EDT,$0.00
Over 1.5,MLB-TRUNS-IT5-00C5B53EKUS1N28-GTE-P00015,Settled Early,08/20/26 09:59:24.368 PM EDT,$1.00
HOU Astros -0.5,MLB-MOVY-IT5-00C5B53EKUS1N28-HOOS000-GTE-P00005,Settled Early,08/20/26 09:59:24.569 PM EDT,$0.00
Over 2.5,MLB-TRUNS-IT5-00C5B53EKUS1N28-GTE-P00025,Settled Early,08/20/26 09:59:24.793 PM EDT,$1.00
Over 5.5,MLB-TRUNS-IT5-00C5B53EKUS1N28-GTE-P00055,Settled Early,08/20/26 09:59:25.353 PM EDT,$1.00
LA Angels -1.5,MLB-MOVY-IT5-00C5B53EKUS1N28-LALS000-GTE-P00015,Settled Early,08/20/26 09:59:25.357 PM EDT,$1.00
LA Angels -2.5,MLB-MOVY-IT5-00C5B53EKUS1N28-LALS000-GTE-P00025,Settled Early,08/20/26 09:59:26.064 PM EDT,$1.00
Over 6.5,MLB-TRUNS-IT5-00C5B53EKUS1N28-GTE-P00065,Settled Early,08/20/26 09:59:26.287 PM EDT,$1.00
LA Angels -3.5,MLB-MOVY-IT5-00C5B53EKUS1N28-LALS000-GTE-P00035,Settled Early,08/20/26 09:59:26.678 PM EDT,$1.00
Over 7.5,MLB-TRUNS-IT5-00C5B53EKUS1N28-GTE-P00075,Settled Early,08/20/26 09:59:27.173 PM EDT,$1.00
Christian Encarnacion-Strand 5.5,MLB-PHRR-FG-00C5B54TKUS1MPG-CHND000-GTE-P00055,Settled Early,08/20/26 09:59:27.174 PM EDT,$0.00
LA Angels -4.5,MLB-MOVY-IT5-00C5B53EKUS1N28-LALS000-GTE-P00045,Settled Early,08/20/26 09:59:27.458 PM EDT,$1.00
Christian Encarnacion-Strand 6.5,MLB-PHRR-FG-00C5B54TKUS1MPG-CHND000-GTE-P00065,Settled Early,08/20/26 09:59:27.869 PM EDT,$0.00
HOU Astros -1.5,MLB-MOVY-IT5-00C5B53EKUS1N28-HOOS000-GTE-P00015,Settled Early,08/20/26 09:59:27.881 PM EDT,$0.00
Christian Encarnacion-Strand 7.5,MLB-PHRR-FG-00C5B54TKUS1MPG-CHND000-GTE-P00075,Settled Early,08/20/26 09:59:28.193 PM EDT,$0.00
Over 8.5,MLB-TRUNS-IT5-00C5B53EKUS1N28-GTE-P00085,Settled Early,08/20/26 09:59:28.197 PM EDT,$1.00
HOU Astros -3.5,MLB-MOVY-IT5-00C5B53EKUS1N28-HOOS000-GTE-P00035,Settled Early,08/20/26 09:59:28.412 PM EDT,$0.00
Over 9.5,MLB-TRUNS-IT5-00C5B53EKUS1N28-GTE-P00095,Settled Early,08/20/26 09:59:28.523 PM EDT,$1.00
Christian Encarnacion-Strand 8.5,MLB-PHRR-FG-00C5B54TKUS1MPG-CHND000-GTE-P00085,Settled Early,08/20/26 09:59:28.600 PM EDT,$0.00
Christian Encarnacion-Strand 9.5,MLB-PHRR-FG-00C5B54TKUS1MPG-CHND000-GTE-P00095,Settled Early,08/20/26 09:59:29.017 PM EDT,$0.00
Over 10.5,MLB-TRUNS-IT5-00C5B53EKUS1N28-GTE-P00105,Settled Early,08/20/26 09:59:29.090 PM EDT,$1.00
Christian Encarnacion-Strand 4.5,MLB-PHRR-FG-00C5B54TKUS1MPG-CHND000-GTE-P00045,Settled Early,08/20/26 09:59:29.316 PM EDT,$0.00
Christian Encarnacion-Strand 2.5,MLB-PHRR-FG-00C5B54TKUS1MPG-CHND000-GTE-P00025,Settled Early,08/20/26 09:59:29.675 PM EDT,$0.00
Christian Encarnacion-Strand 3.5,MLB-PHRR-FG-00C5B54TKUS1MPG-CHND000-GTE-P00035,Settled Early,08/20/26 09:59:30.116 PM EDT,$0.00
Christian Encarnacion-Strand 0.5,MLB-PHRR-FG-00C5B54TKUS1MPG-CHND000-GTE-P00005,Settled Early,08/20/26 09:59:30.539 PM EDT,$0.00
Christian Encarnacion-Strand 1.5,MLB-PHRR-FG-00C5B54TKUS1MPG-CHND000-GTE-P00015,Settled Early,08/20/26 09:59:30.894 PM EDT,$0.00
Dylan Beavers 6.5,MLB-PHRR-FG-00C5B54TKUS1MPG-DYRS000-GTE-P00065,Settled Early,08/20/26 09:59:48.005 PM EDT,$0.00
Dylan Beavers 7.5,MLB-PHRR-FG-00C5B54TKUS1MPG-DYRS000-GTE-P00075,Settled Early,08/20/26 09:59:48.342 PM EDT,$0.00
Dylan Beavers 8.5,MLB-PHRR-FG-00C5B54TKUS1MPG-DYRS000-GTE-P00085,Settled Early,08/20/26 09:59:48.665 PM EDT,$0.00
Dylan Beavers 9.5,MLB-PHRR-FG-00C5B54TKUS1MPG-DYRS000-GTE-P00095,Settled Early,08/20/26 09:59:49.000 PM EDT,$0.00
Dylan Beavers 1.5,MLB-PHRR-FG-00C5B54TKUS1MPG-DYRS000-GTE-P00015,Settled Early,08/20/26 09:59:49.316 PM EDT,$1.00
Dylan Beavers 2.5,MLB-PHRR-FG-00C5B54TKUS1MPG-DYRS000-GTE-P00025,Settled Early,08/20/26 09:59:49.651 PM EDT,$1.00
Dylan Beavers 0.5,MLB-PHRR-FG-00C5B54TKUS1MPG-DYRS000-GTE-P00005,Settled Early,08/20/26 09:59:49.962 PM EDT,$1.00
Dylan Beavers 3.5,MLB-PHRR-FG-00C5B54TKUS1MPG-DYRS000-GTE-P00035,Settled Early,08/20/26 09:59:50.271 PM EDT,$0.00
Dylan Beavers 4.5,MLB-PHRR-FG-00C5B54TKUS1MPG-DYRS000-GTE-P00045,Settled Early,08/20/26 09:59:50.558 PM EDT,$0.00
Dylan Beavers 5.5,MLB-PHRR-FG-00C5B54TKUS1MPG-DYRS000-GTE-P00055,Settled Early,08/20/26 09:59:50.875 PM EDT,$0.00
Spencer Jones 3.5,MLB-PHRR-FG-00C5B54TKUS1MPG-SPES000-GTE-P00035,Settled Early,08/20/26 10:00:27.081 PM EDT,$1.00
Spencer Jones 1.5,MLB-PHRR-FG-00C5B54TKUS1MPG-SPES000-GTE-P00015,Settled Early,08/20/26 10:00:27.508 PM EDT,$1.00
Spencer Jones 2.5,MLB-PHRR-FG-00C5B54TKUS1MPG-SPES000-GTE-P00025,Settled Early,08/20/26 10:00:28.010 PM EDT,$1.00
Spencer Jones 0.5,MLB-PHRR-FG-00C5B54TKUS1MPG-SPES000-GTE-P00005,Settled Early,08/20/26 10:00:28.372 PM EDT,$1.00
Spencer Jones 4.5,MLB-PHRR-FG-00C5B54TKUS1MPG-SPES000-GTE-P00045,Settled Early,08/20/26 10:00:28.763 PM EDT,$1.00
Spencer Jones 8.5,MLB-PHRR-FG-00C5B54TKUS1MPG-SPES000-GTE-P00085,Settled Early,08/20/26 10:00:29.148 PM EDT,$0.00
Spencer Jones 9.5,MLB-PHRR-FG-00C5B54TKUS1MPG-SPES000-GTE-P00095,Settled Early,08/20/26 10:00:29.491 PM EDT,$0.00
Spencer Jones 6.5,MLB-PHRR-FG-00C5B54TKUS1MPG-SPES000-GTE-P00065,Settled Early,08/20/26 10:00:29.828 PM EDT,$0.00
Spencer Jones 7.5,MLB-PHRR-FG-00C5B54TKUS1MPG-SPES000-GTE-P00075,Settled Early,08/20/26 10:00:30.220 PM EDT,$0.00
Spencer Jones 5.5,MLB-PHRR-FG-00C5B54TKUS1MPG-SPES000-GTE-P00055,Settled Early,08/20/26 10:00:30.573 PM EDT,$1.00
Gunnar Henderson 3.5,MLB-PHRR-FG-00C5B54TKUS1MPG-GUON000-GTE-P00035,Settled Early,08/20/26 10:00:55.875 PM EDT,$0.00
Gunnar Henderson 4.5,MLB-PHRR-FG-00C5B54TKUS1MPG-GUON000-GTE-P00045,Settled Early,08/20/26 10:00:56.243 PM EDT,$0.00
Gunnar Henderson 5.5,MLB-PHRR-FG-00C5B54TKUS1MPG-GUON000-GTE-P00055,Settled Early,08/20/26 10:00:56.571 PM EDT,$0.00
Gunnar Henderson 6.5,MLB-PHRR-FG-00C5B54TKUS1MPG-GUON000-GTE-P00065,Settled Early,08/20/26 10:00:56.888 PM EDT,$0.00
Gunnar Henderson 7.5,MLB-PHRR-FG-00C5B54TKUS1MPG-GUON000-GTE-P00075,Settled Early,08/20/26 10:00:57.227 PM EDT,$0.00
Gunnar Henderson 8.5,MLB-PHRR-FG-00C5B54TKUS1MPG-GUON000-GTE-P00085,Settled Early,08/20/26 10:00:57.602 PM EDT,$0.00
Gunnar Henderson 9.5,MLB-PHRR-FG-00C5B54TKUS1MPG-GUON000-GTE-P00095,Settled Early,08/20/26 10:00:57.892 PM EDT,$0.00
Gunnar Henderson 0.5,MLB-PHRR-FG-00C5B54TKUS1MPG-GUON000-GTE-P00005,Settled Early,08/20/26 10:00:58.283 PM EDT,$1.00
Gunnar Henderson 1.5,MLB-PHRR-FG-00C5B54TKUS1MPG-GUON000-GTE-P00015,Settled Early,08/20/26 10:00:58.718 PM EDT,$0.00
Gunnar Henderson 2.5,MLB-PHRR-FG-00C5B54TKUS1MPG-GUON000-GTE-P00025,Settled Early,08/20/26 10:00:59.151 PM EDT,$0.00
Samuel Basallo 8.5,MLB-PHRR-FG-00C5B54TKUS1MPG-SALO001-GTE-P00085,Settled Early,08/20/26 10:01:25.552 PM EDT,$0.00
Samuel Basallo 3.5,MLB-PHRR-FG-00C5B54TKUS1MPG-SALO001-GTE-P00035,Settled Early,08/20/26 10:01:25.901 PM EDT,$0.00
Samuel Basallo 4.5,MLB-PHRR-FG-00C5B54TKUS1MPG-SALO001-GTE-P00045,Settled Early,08/20/26 10:01:26.278 PM EDT,$0.00
Samuel Basallo 2.5,MLB-PHRR-FG-00C5B54TKUS1MPG-SALO001-GTE-P00025,Settled Early,08/20/26 10:01:26.592 PM EDT,$0.00
Samuel Basallo 1.5,MLB-PHRR-FG-00C5B54TKUS1MPG-SALO001-GTE-P00015,Settled Early,08/20/26 10:01:26.889 PM EDT,$0.00
Samuel Basallo 0.5,MLB-PHRR-FG-00C5B54TKUS1MPG-SALO001-GTE-P00005,Settled Early,08/20/26 10:01:27.261 PM EDT,$0.00
Samuel Basallo 5.5,MLB-PHRR-FG-00C5B54TKUS1MPG-SALO001-GTE-P00055,Settled Early,08/20/26 10:01:27.592 PM EDT,$0.00
Samuel Basallo 6.5,MLB-PHRR-FG-00C5B54TKUS1MPG-SALO001-GTE-P00065,Settled Early,08/20/26 10:01:27.943 PM EDT,$0.00
Samuel Basallo 7.5,MLB-PHRR-FG-00C5B54TKUS1MPG-SALO001-GTE-P00075,Settled Early,08/20/26 10:01:28.245 PM EDT,$0.00
Samuel Basallo 9.5,MLB-PHRR-FG-00C5B54TKUS1MPG-SALO001-GTE-P00095,Settled Early,08/20/26 10:01:28.540 PM EDT,$0.00
Jose Caballero 2.5,MLB-PHRR-FG-00C5B54TKUS1MPG-JORO004-GTE-P00025,Settled Early,08/20/26 10:01:44.391 PM EDT,$0.00
Jose Caballero 3.5,MLB-PHRR-FG-00C5B54TKUS1MPG-JORO004-GTE-P00035,Settled Early,08/20/26 10:01:44.960 PM EDT,$0.00
Jose Caballero 4.5,MLB-PHRR-FG-00C5B54TKUS1MPG-JORO004-GTE-P00045,Settled Early,08/20/26 10:01:45.422 PM EDT,$0.00
Jose Caballero 5.5,MLB-PHRR-FG-00C5B54TKUS1MPG-JORO004-GTE-P00055,Settled Early,08/20/26 10:01:45.784 PM EDT,$0.00
Jose Caballero 6.5,MLB-PHRR-FG-00C5B54TKUS1MPG-JORO004-GTE-P00065,Settled Early,08/20/26 10:01:46.143 PM EDT,$0.00
Jose Caballero 7.5,MLB-PHRR-FG-00C5B54TKUS1MPG-JORO004-GTE-P00075,Settled Early,08/20/26 10:01:46.706 PM EDT,$0.00
Jose Caballero 8.5,MLB-PHRR-FG-00C5B54TKUS1MPG-JORO004-GTE-P00085,Settled Early,08/20/26 10:01:47.178 PM EDT,$0.00
Jose Caballero 9.5,MLB-PHRR-FG-00C5B54TKUS1MPG-JORO004-GTE-P00095,Settled Early,08/20/26 10:01:47.523 PM EDT,$0.00
Jose Caballero 0.5,MLB-PHRR-FG-00C5B54TKUS1MPG-JORO004-GTE-P00005,Settled Early,08/20/26 10:01:47.900 PM EDT,$1.00
Jose Caballero 1.5,MLB-PHRR-FG-00C5B54TKUS1MPG-JORO004-GTE-P00015,Settled Early,08/20/26 10:01:48.275 PM EDT,$0.00
Leody Taveras 1.5,MLB-PHRR-FG-00C5B54TKUS1MPG-LEAS001-GTE-P00015,Settled Early,08/20/26 10:02:04.534 PM EDT,$0.00
Leody Taveras 3.5,MLB-PHRR-FG-00C5B54TKUS1MPG-LEAS001-GTE-P00035,Settled Early,08/20/26 10:02:05.053 PM EDT,$0.00
Leody Taveras 4.5,MLB-PHRR-FG-00C5B54TKUS1MPG-LEAS001-GTE-P00045,Settled Early,08/20/26 10:02:05.429 PM EDT,$0.00
Leody Taveras 2.5,MLB-PHRR-FG-00C5B54TKUS1MPG-LEAS001-GTE-P00025,Settled Early,08/20/26 10:02:05.776 PM EDT,$0.00
Leody Taveras 8.5,MLB-PHRR-FG-00C5B54TKUS1MPG-LEAS001-GTE-P00085,Settled Early,08/20/26 10:02:06.137 PM EDT,$0.00
Leody Taveras 0.5,MLB-PHRR-FG-00C5B54TKUS1MPG-LEAS001-GTE-P00005,Settled Early,08/20/26 10:02:06.447 PM EDT,$0.00
Leody Taveras 5.5,MLB-PHRR-FG-00C5B54TKUS1MPG-LEAS001-GTE-P00055,Settled Early,08/20/26 10:02:06.795 PM EDT,$0.00
Leody Taveras 7.5,MLB-PHRR-FG-00C5B54TKUS1MPG-LEAS001-GTE-P00075,Settled Early,08/20/26 10:02:07.290 PM EDT,$0.00
Leody Taveras 6.5,MLB-PHRR-FG-00C5B54TKUS1MPG-LEAS001-GTE-P00065,Settled Early,08/20/26 10:02:07.594 PM EDT,$0.00
Leody Taveras 9.5,MLB-PHRR-FG-00C5B54TKUS1MPG-LEAS001-GTE-P00095,Settled Early,08/20/26 10:02:07.967 PM EDT,$0.00
Pete Alonso 0.5,MLB-PHRR-FG-00C5B54TKUS1MPG-PESO000-GTE-P00005,Settled Early,08/20/26 10:02:25.260 PM EDT,$1.00
Pete Alonso 1.5,MLB-PHRR-FG-00C5B54TKUS1MPG-PESO000-GTE-P00015,Settled Early,08/20/26 10:02:25.876 PM EDT,$1.00
Pete Alonso 2.5,MLB-PHRR-FG-00C5B54TKUS1MPG-PESO000-GTE-P00025,Settled Early,08/20/26 10:02:26.502 PM EDT,$0.00
Pete Alonso 3.5,MLB-PHRR-FG-00C5B54TKUS1MPG-PESO000-GTE-P00035,Settled Early,08/20/26 10:02:26.933 PM EDT,$0.00
Pete Alonso 4.5,MLB-PHRR-FG-00C5B54TKUS1MPG-PESO000-GTE-P00045,Settled Early,08/20/26 10:02:27.257 PM EDT,$0.00
Pete Alonso 5.5,MLB-PHRR-FG-00C5B54TKUS1MPG-PESO000-GTE-P00055,Settled Early,08/20/26 10:02:27.599 PM EDT,$0.00
Pete Alonso 6.5,MLB-PHRR-FG-00C5B54TKUS1MPG-PESO000-GTE-P00065,Settled Early,08/20/26 10:02:27.963 PM EDT,$0.00
Pete Alonso 7.5,MLB-PHRR-FG-00C5B54TKUS1MPG-PESO000-GTE-P00075,Settled Early,08/20/26 10:02:28.274 PM EDT,$0.00
Pete Alonso 8.5,MLB-PHRR-FG-00C5B54TKUS1MPG-PESO000-GTE-P00085,Settled Early,08/20/26 10:02:28.583 PM EDT,$0.00
Pete Alonso 9.5,MLB-PHRR-FG-00C5B54TKUS1MPG-PESO000-GTE-P00095,Settled Early,08/20/26 10:02:28.889 PM EDT,$0.00
Austin Wells 2.5,MLB-PHRR-FG-00C5B54TKUS1MPG-AULS000-GTE-P00025,Settled Early,08/20/26 10:02:50.735 PM EDT,$0.00
Austin Wells 0.5,MLB-PHRR-FG-00C5B54TKUS1MPG-AULS000-GTE-P00005,Settled Early,08/20/26 10:02:51.213 PM EDT,$1.00
Austin Wells 5.5,MLB-PHRR-FG-00C5B54TKUS1MPG-AULS000-GTE-P00055,Settled Early,08/20/26 10:02:51.628 PM EDT,$0.00
Austin Wells 1.5,MLB-PHRR-FG-00C5B54TKUS1MPG-AULS000-GTE-P00015,Settled Early,08/20/26 10:02:51.994 PM EDT,$1.00
Austin Wells 3.5,MLB-PHRR-FG-00C5B54TKUS1MPG-AULS000-GTE-P00035,Settled Early,08/20/26 10:02:52.336 PM EDT,$0.00
Austin Wells 4.5,MLB-PHRR-FG-00C5B54TKUS1MPG-AULS000-GTE-P00045,Settled Early,08/20/26 10:02:52.690 PM EDT,$0.00
Austin Wells 6.5,MLB-PHRR-FG-00C5B54TKUS1MPG-AULS000-GTE-P00065,Settled Early,08/20/26 10:02:52.998 PM EDT,$0.00
Austin Wells 7.5,MLB-PHRR-FG-00C5B54TKUS1MPG-AULS000-GTE-P00075,Settled Early,08/20/26 10:02:53.334 PM EDT,$0.00
Austin Wells 8.5,MLB-PHRR-FG-00C5B54TKUS1MPG-AULS000-GTE-P00085,Settled Early,08/20/26 10:02:53.676 PM EDT,$0.00
Austin Wells 9.5,MLB-PHRR-FG-00C5B54TKUS1MPG-AULS000-GTE-P00095,Settled Early,08/20/26 10:02:54.104 PM EDT,$0.00
Jackson Holliday 5.5,MLB-PHRR-FG-00C5B54TKUS1MPG-JAAY002-GTE-P00055,Settled Early,08/20/26 10:03:16.368 PM EDT,$0.00
Jackson Holliday 0.5,MLB-PHRR-FG-00C5B54TKUS1MPG-JAAY002-GTE-P00005,Settled Early,08/20/26 10:03:16.749 PM EDT,$0.00
Jackson Holliday 1.5,MLB-PHRR-FG-00C5B54TKUS1MPG-JAAY002-GTE-P00015,Settled Early,08/20/26 10:03:17.253 PM EDT,$0.00
Jackson Holliday 7.5,MLB-PHRR-FG-00C5B54TKUS1MPG-JAAY002-GTE-P00075,Settled Early,08/20/26 10:03:17.792 PM EDT,$0.00
Jackson Holliday 3.5,MLB-PHRR-FG-00C5B54TKUS1MPG-JAAY002-GTE-P00035,Settled Early,08/20/26 10:03:18.294 PM EDT,$0.00
Jackson Holliday 6.5,MLB-PHRR-FG-00C5B54TKUS1MPG-JAAY002-GTE-P00065,Settled Early,08/20/26 10:03:18.678 PM EDT,$0.00
Jackson Holliday 4.5,MLB-PHRR-FG-00C5B54TKUS1MPG-JAAY002-GTE-P00045,Settled Early,08/20/26 10:03:18.976 PM EDT,$0.00
Jackson Holliday 2.5,MLB-PHRR-FG-00C5B54TKUS1MPG-JAAY002-GTE-P00025,Settled Early,08/20/26 10:03:19.290 PM EDT,$0.00
Jackson Holliday 8.5,MLB-PHRR-FG-00C5B54TKUS1MPG-JAAY002-GTE-P00085,Settled Early,08/20/26 10:03:19.711 PM EDT,$0.00
Jackson Holliday 9.5,MLB-PHRR-FG-00C5B54TKUS1MPG-JAAY002-GTE-P00095,Settled Early,08/20/26 10:03:20.105 PM EDT,$0.00
Over 3.5,MLB-TRUNS-I7-00C5B524KUS1NU0-GTE-P00035,Settled Early,08/20/26 10:06:03.675 PM EDT,$0.00
Over 0.5,MLB-TRUNS-I7-00C5B524KUS1NU0-GTE-P00005,Settled Early,08/20/26 10:06:04.111 PM EDT,$0.00
Over 2.5,MLB-TRUNS-I7-00C5B524KUS1NU0-GTE-P00025,Settled Early,08/20/26 10:06:04.609 PM EDT,$0.00
Over 1.5,MLB-TRUNS-I7-00C5B524KUS1NU0-GTE-P00015,Settled Early,08/20/26 10:06:05.188 PM EDT,$0.00
Over 4.5,MLB-TRUNS-I7-00C5B524KUS1NU0-GTE-P00045,Settled Early,08/20/26 10:06:05.588 PM EDT,$0.00
Over 0.5,MLB-TRUNS-I6-00C5B53EKUS1N28-GTE-P00005,Settled Early,08/20/26 10:12:51.778 PM EDT,$0.00
Over 4.5,MLB-TRUNS-I6-00C5B53EKUS1N28-GTE-P00045,Settled Early,08/20/26 10:12:52.208 PM EDT,$0.00
Over 2.5,MLB-TRUNS-I6-00C5B53EKUS1N28-GTE-P00025,Settled Early,08/20/26 10:12:52.521 PM EDT,$0.00
Over 3.5,MLB-TRUNS-I6-00C5B53EKUS1N28-GTE-P00035,Settled Early,08/20/26 10:12:52.918 PM EDT,$0.00
Over 1.5,MLB-TRUNS-I6-00C5B53EKUS1N28-GTE-P00015,Settled Early,08/20/26 10:12:53.228 PM EDT,$0.00
Over 0.5,MLB-TRUNS-I8-00C5B524KUS1NU0-GTE-P00005,Settled Early,08/20/26 10:19:32.910 PM EDT,$1.00
Over 2.5,MLB-TRUNS-I8-00C5B524KUS1NU0-GTE-P00025,Settled Early,08/20/26 10:22:53.406 PM EDT,$0.00
Over 1.5,MLB-TRUNS-I8-00C5B524KUS1NU0-GTE-P00015,Settled Early,08/20/26 10:22:53.887 PM EDT,$0.00
Over 3.5,MLB-TRUNS-I8-00C5B524KUS1NU0-GTE-P00035,Settled Early,08/20/26 10:22:54.245 PM EDT,$0.00
Over 4.5,MLB-TRUNS-I8-00C5B524KUS1NU0-GTE-P00045,Settled Early,08/20/26 10:22:54.785 PM EDT,$0.00
Over 0.5,MLB-TRUNS-I7-00C5B53EKUS1N28-GTE-P00005,Settled Early,08/20/26 10:23:03.052 PM EDT,$1.00
Over 1.5,MLB-TRUNS-I7-00C5B53EKUS1N28-GTE-P00015,Settled Early,08/20/26 10:23:03.503 PM EDT,$1.00
Over 4.5,MLB-TRUNS-I7-00C5B53EKUS1N28-GTE-P00045,Settled Early,08/20/26 10:33:31.768 PM EDT,$0.00
Over 3.5,MLB-TRUNS-I7-00C5B53EKUS1N28-GTE-P00035,Settled Early,08/20/26 10:33:32.151 PM EDT,$0.00
Over 2.5,MLB-TRUNS-I7-00C5B53EKUS1N28-GTE-P00025,Settled Early,08/20/26 10:33:32.554 PM EDT,$0.00
Over 3.5,MLB-TRUNS-I9-00C5B524KUS1NU0-GTE-P00035,Settled Early,08/20/26 10:43:59.014 PM EDT,$0.00
Over 3.5,MLB-TRUNS-FG-00C5B524KUS1NU0-GTE-P00035,Settled Early,08/20/26 10:43:59.091 PM EDT,$0.00
TEX Rangers,MLB-WIN-FG-00C5B524KUS1NU0-TERS000,Settled Early,08/20/26 10:43:59.154 PM EDT,$1.00
Over 1.5,MLB-TRUNS-I9-00C5B524KUS1NU0-GTE-P00015,Settled Early,08/20/26 10:43:59.389 PM EDT,$0.00
Over 4.5,MLB-TRUNS-FG-00C5B524KUS1NU0-GTE-P00045,Settled Early,08/20/26 10:43:59.472 PM EDT,$0.00
WAS Nationals,MLB-WIN-FG-00C5B524KUS1NU0-WALS000,Settled Early,08/20/26 10:43:59.535 PM EDT,$0.00
Over 0.5,MLB-TRUNS-I9-00C5B524KUS1NU0-GTE-P00005,Settled Early,08/20/26 10:43:59.710 PM EDT,$0.00
Over 6.5,MLB-TRUNS-FG-00C5B524KUS1NU0-GTE-P00065,Settled Early,08/20/26 10:43:59.813 PM EDT,$0.00
Over 2.5,MLB-TRUNS-I9-00C5B524KUS1NU0-GTE-P00025,Settled Early,08/20/26 10:44:00.124 PM EDT,$0.00
Over 9.5,MLB-TRUNS-FG-00C5B524KUS1NU0-GTE-P00095,Settled Early,08/20/26 10:44:00.163 PM EDT,$0.00
Over 4.5,MLB-TRUNS-I9-00C5B524KUS1NU0-GTE-P00045,Settled Early,08/20/26 10:44:00.586 PM EDT,$0.00
Over 15.5,MLB-TRUNS-FG-00C5B524KUS1NU0-GTE-P00155,Settled Early,08/20/26 10:44:00.587 PM EDT,$0.00
Over 5.5,MLB-TRUNS-FG-00C5B524KUS1NU0-GTE-P00055,Settled Early,08/20/26 10:44:00.901 PM EDT,$0.00
Over 7.5,MLB-TRUNS-FG-00C5B524KUS1NU0-GTE-P00075,Settled Early,08/20/26 10:44:01.213 PM EDT,$0.00
Over 8.5,MLB-TRUNS-FG-00C5B524KUS1NU0-GTE-P00085,Settled Early,08/20/26 10:44:01.549 PM EDT,$0.00
Over 10.5,MLB-TRUNS-FG-00C5B524KUS1NU0-GTE-P00105,Settled Early,08/20/26 10:44:01.876 PM EDT,$0.00
Over 11.5,MLB-TRUNS-FG-00C5B524KUS1NU0-GTE-P00115,Settled Early,08/20/26 10:44:02.186 PM EDT,$0.00
Over 12.5,MLB-TRUNS-FG-00C5B524KUS1NU0-GTE-P00125,Settled Early,08/20/26 10:44:02.560 PM EDT,$0.00
Over 13.5,MLB-TRUNS-FG-00C5B524KUS1NU0-GTE-P00135,Settled Early,08/20/26 10:44:02.847 PM EDT,$0.00
Over 14.5,MLB-TRUNS-FG-00C5B524KUS1NU0-GTE-P00145,Settled Early,08/20/26 10:44:03.315 PM EDT,$0.00
Ezequiel Duran 0.5,MLB-PHRR-FG-00C5B524KUS1NU0-EZAN000-GTE-P00005,Settled Early,08/20/26 10:46:19.293 PM EDT,$1.00
Ezequiel Duran 1.5,MLB-PHRR-FG-00C5B524KUS1NU0-EZAN000-GTE-P00015,Settled Early,08/20/26 10:46:19.658 PM EDT,$1.00
Ezequiel Duran 2.5,MLB-PHRR-FG-00C5B524KUS1NU0-EZAN000-GTE-P00025,Settled Early,08/20/26 10:46:20.350 PM EDT,$1.00
Ezequiel Duran 3.5,MLB-PHRR-FG-00C5B524KUS1NU0-EZAN000-GTE-P00035,Settled Early,08/20/26 10:46:20.635 PM EDT,$0.00
Ezequiel Duran 4.5,MLB-PHRR-FG-00C5B524KUS1NU0-EZAN000-GTE-P00045,Settled Early,08/20/26 10:46:20.953 PM EDT,$0.00
Ezequiel Duran 5.5,MLB-PHRR-FG-00C5B524KUS1NU0-EZAN000-GTE-P00055,Settled Early,08/20/26 10:46:21.348 PM EDT,$0.00
Ezequiel Duran 6.5,MLB-PHRR-FG-00C5B524KUS1NU0-EZAN000-GTE-P00065,Settled Early,08/20/26 10:46:21.639 PM EDT,$0.00
Ezequiel Duran 7.5,MLB-PHRR-FG-00C5B524KUS1NU0-EZAN000-GTE-P00075,Settled Early,08/20/26 10:46:21.954 PM EDT,$0.00
Ezequiel Duran 8.5,MLB-PHRR-FG-00C5B524KUS1NU0-EZAN000-GTE-P00085,Settled Early,08/20/26 10:46:22.302 PM EDT,$0.00
Ezequiel Duran 9.5,MLB-PHRR-FG-00C5B524KUS1NU0-EZAN000-GTE-P00095,Settled Early,08/20/26 10:46:22.613 PM EDT,$0.00
Danny Jansen 0.5,MLB-PHRR-FG-00C5B524KUS1NU0-DAEN000-GTE-P00005,Settled Early,08/20/26 10:46:48.085 PM EDT,$0.00
Danny Jansen 1.5,MLB-PHRR-FG-00C5B524KUS1NU0-DAEN000-GTE-P00015,Settled Early,08/20/26 10:46:48.407 PM EDT,$0.00
Danny Jansen 2.5,MLB-PHRR-FG-00C5B524KUS1NU0-DAEN000-GTE-P00025,Settled Early,08/20/26 10:46:48.736 PM EDT,$0.00
Danny Jansen 3.5,MLB-PHRR-FG-00C5B524KUS1NU0-DAEN000-GTE-P00035,Settled Early,08/20/26 10:46:49.068 PM EDT,$0.00
Danny Jansen 4.5,MLB-PHRR-FG-00C5B524KUS1NU0-DAEN000-GTE-P00045,Settled Early,08/20/26 10:46:49.553 PM EDT,$0.00
Danny Jansen 5.5,MLB-PHRR-FG-00C5B524KUS1NU0-DAEN000-GTE-P00055,Settled Early,08/20/26 10:46:49.838 PM EDT,$0.00
Danny Jansen 6.5,MLB-PHRR-FG-00C5B524KUS1NU0-DAEN000-GTE-P00065,Settled Early,08/20/26 10:46:50.199 PM EDT,$0.00
Danny Jansen 7.5,MLB-PHRR-FG-00C5B524KUS1NU0-DAEN000-GTE-P00075,Settled Early,08/20/26 10:46:50.623 PM EDT,$0.00
Danny Jansen 8.5,MLB-PHRR-FG-00C5B524KUS1NU0-DAEN000-GTE-P00085,Settled Early,08/20/26 10:46:50.959 PM EDT,$0.00
Danny Jansen 9.5,MLB-PHRR-FG-00C5B524KUS1NU0-DAEN000-GTE-P00095,Settled Early,08/20/26 10:46:51.250 PM EDT,$0.00
Corey Seager 8.5,MLB-PHRR-FG-00C5B524KUS1NU0-COER000-GTE-P00085,Settled Early,08/20/26 10:47:25.274 PM EDT,$0.00
Corey Seager 9.5,MLB-PHRR-FG-00C5B524KUS1NU0-COER000-GTE-P00095,Settled Early,08/20/26 10:47:25.599 PM EDT,$0.00
Corey Seager 0.5,MLB-PHRR-FG-00C5B524KUS1NU0-COER000-GTE-P00005,Settled Early,08/20/26 10:47:25.979 PM EDT,$1.00
Corey Seager 1.5,MLB-PHRR-FG-00C5B524KUS1NU0-COER000-GTE-P00015,Settled Early,08/20/26 10:47:26.293 PM EDT,$1.00
Corey Seager 2.5,MLB-PHRR-FG-00C5B524KUS1NU0-COER000-GTE-P00025,Settled Early,08/20/26 10:47:26.830 PM EDT,$1.00
Corey Seager 3.5,MLB-PHRR-FG-00C5B524KUS1NU0-COER000-GTE-P00035,Settled Early,08/20/26 10:47:27.133 PM EDT,$1.00
Corey Seager 4.5,MLB-PHRR-FG-00C5B524KUS1NU0-COER000-GTE-P00045,Settled Early,08/20/26 10:47:27.452 PM EDT,$0.00
Corey Seager 5.5,MLB-PHRR-FG-00C5B524KUS1NU0-COER000-GTE-P00055,Settled Early,08/20/26 10:47:27.829 PM EDT,$0.00
Corey Seager 6.5,MLB-PHRR-FG-00C5B524KUS1NU0-COER000-GTE-P00065,Settled Early,08/20/26 10:47:28.115 PM EDT,$0.00
Corey Seager 7.5,MLB-PHRR-FG-00C5B524KUS1NU0-COER000-GTE-P00075,Settled Early,08/20/26 10:47:28.447 PM EDT,$0.00
Dylan Crews 0.5,MLB-PHRR-FG-00C5B524KUS1NU0-DYWS000-GTE-P00005,Settled Early,08/20/26 10:47:52.691 PM EDT,$0.00
Dylan Crews 1.5,MLB-PHRR-FG-00C5B524KUS1NU0-DYWS000-GTE-P00015,Settled Early,08/20/26 10:47:53.169 PM EDT,$0.00
Dylan Crews 2.5,MLB-PHRR-FG-00C5B524KUS1NU0-DYWS000-GTE-P00025,Settled Early,08/20/26 10:47:53.503 PM EDT,$0.00
Dylan Crews 3.5,MLB-PHRR-FG-00C5B524KUS1NU0-DYWS000-GTE-P00035,Settled Early,08/20/26 10:47:53.808 PM EDT,$0.00
Dylan Crews 4.5,MLB-PHRR-FG-00C5B524KUS1NU0-DYWS000-GTE-P00045,Settled Early,08/20/26 10:47:54.149 PM EDT,$0.00
Dylan Crews 5.5,MLB-PHRR-FG-00C5B524KUS1NU0-DYWS000-GTE-P00055,Settled Early,08/20/26 10:47:54.592 PM EDT,$0.00
Dylan Crews 6.5,MLB-PHRR-FG-00C5B524KUS1NU0-DYWS000-GTE-P00065,Settled Early,08/20/26 10:47:55.036 PM EDT,$0.00
Dylan Crews 7.5,MLB-PHRR-FG-00C5B524KUS1NU0-DYWS000-GTE-P00075,Settled Early,08/20/26 10:47:55.424 PM EDT,$0.00
Dylan Crews 8.5,MLB-PHRR-FG-00C5B524KUS1NU0-DYWS000-GTE-P00085,Settled Early,08/20/26 10:47:55.756 PM EDT,$0.00
Dylan Crews 9.5,MLB-PHRR-FG-00C5B524KUS1NU0-DYWS000-GTE-P00095,Settled Early,08/20/26 10:47:56.159 PM EDT,$0.00
Abimelec Ortiz 0.5,MLB-PHRR-FG-00C5B524KUS1NU0-ABIZ000-GTE-P00005,Settled Early,08/20/26 10:48:10.705 PM EDT,$0.00
Abimelec Ortiz 2.5,MLB-PHRR-FG-00C5B524KUS1NU0-ABIZ000-GTE-P00025,Settled Early,08/20/26 10:48:11.523 PM EDT,$0.00
Abimelec Ortiz 3.5,MLB-PHRR-FG-00C5B524KUS1NU0-ABIZ000-GTE-P00035,Settled Early,08/20/26 10:48:12.133 PM EDT,$0.00
Abimelec Ortiz 9.5,MLB-PHRR-FG-00C5B524KUS1NU0-ABIZ000-GTE-P00095,Settled Early,08/20/26 10:48:12.497 PM EDT,$0.00
Abimelec Ortiz 1.5,MLB-PHRR-FG-00C5B524KUS1NU0-ABIZ000-GTE-P00015,Settled Early,08/20/26 10:48:12.847 PM EDT,$0.00
Abimelec Ortiz 4.5,MLB-PHRR-FG-00C5B524KUS1NU0-ABIZ000-GTE-P00045,Settled Early,08/20/26 10:48:13.353 PM EDT,$0.00
Abimelec Ortiz 5.5,MLB-PHRR-FG-00C5B524KUS1NU0-ABIZ000-GTE-P00055,Settled Early,08/20/26 10:48:13.635 PM EDT,$0.00
Abimelec Ortiz 6.5,MLB-PHRR-FG-00C5B524KUS1NU0-ABIZ000-GTE-P00065,Settled Early,08/20/26 10:48:13.957 PM EDT,$0.00
Abimelec Ortiz 7.5,MLB-PHRR-FG-00C5B524KUS1NU0-ABIZ000-GTE-P00075,Settled Early,08/20/26 10:48:14.374 PM EDT,$0.00
Abimelec Ortiz 8.5,MLB-PHRR-FG-00C5B524KUS1NU0-ABIZ000-GTE-P00085,Settled Early,08/20/26 10:48:14.712 PM EDT,$0.00
Keibert Ruiz 3.5,MLB-PHRR-FG-00C5B524KUS1NU0-KEIZ000-GTE-P00035,Settled Early,08/20/26 10:48:31.848 PM EDT,$0.00
Keibert Ruiz 9.5,MLB-PHRR-FG-00C5B524KUS1NU0-KEIZ000-GTE-P00095,Settled Early,08/20/26 10:48:32.194 PM EDT,$0.00
Keibert Ruiz 0.5,MLB-PHRR-FG-00C5B524KUS1NU0-KEIZ000-GTE-P00005,Settled Early,08/20/26 10:48:32.541 PM EDT,$0.00
Keibert Ruiz 1.5,MLB-PHRR-FG-00C5B524KUS1NU0-KEIZ000-GTE-P00015,Settled Early,08/20/26 10:48:32.956 PM EDT,$0.00
Keibert Ruiz 2.5,MLB-PHRR-FG-00C5B524KUS1NU0-KEIZ000-GTE-P00025,Settled Early,08/20/26 10:48:33.286 PM EDT,$0.00
Keibert Ruiz 4.5,MLB-PHRR-FG-00C5B524KUS1NU0-KEIZ000-GTE-P00045,Settled Early,08/20/26 10:48:33.730 PM EDT,$0.00
Keibert Ruiz 5.5,MLB-PHRR-FG-00C5B524KUS1NU0-KEIZ000-GTE-P00055,Settled Early,08/20/26 10:48:34.047 PM EDT,$0.00
Keibert Ruiz 6.5,MLB-PHRR-FG-00C5B524KUS1NU0-KEIZ000-GTE-P00065,Settled Early,08/20/26 10:48:34.391 PM EDT,$0.00
Keibert Ruiz 7.5,MLB-PHRR-FG-00C5B524KUS1NU0-KEIZ000-GTE-P00075,Settled Early,08/20/26 10:48:34.744 PM EDT,$0.00
Keibert Ruiz 8.5,MLB-PHRR-FG-00C5B524KUS1NU0-KEIZ000-GTE-P00085,Settled Early,08/20/26 10:48:35.044 PM EDT,$0.00
Evan Carter 0.5,MLB-PHRR-FG-00C5B524KUS1NU0-EVER000-GTE-P00005,Settled Early,08/20/26 10:48:53.435 PM EDT,$0.00
Evan Carter 1.5,MLB-PHRR-FG-00C5B524KUS1NU0-EVER000-GTE-P00015,Settled Early,08/20/26 10:48:53.802 PM EDT,$0.00
Evan Carter 2.5,MLB-PHRR-FG-00C5B524KUS1NU0-EVER000-GTE-P00025,Settled Early,08/20/26 10:48:54.195 PM EDT,$0.00
Evan Carter 3.5,MLB-PHRR-FG-00C5B524KUS1NU0-EVER000-GTE-P00035,Settled Early,08/20/26 10:48:54.552 PM EDT,$0.00
Evan Carter 4.5,MLB-PHRR-FG-00C5B524KUS1NU0-EVER000-GTE-P00045,Settled Early,08/20/26 10:48:54.869 PM EDT,$0.00
Evan Carter 5.5,MLB-PHRR-FG-00C5B524KUS1NU0-EVER000-GTE-P00055,Settled Early,08/20/26 10:48:55.168 PM EDT,$0.00
Evan Carter 6.5,MLB-PHRR-FG-00C5B524KUS1NU0-EVER000-GTE-P00065,Settled Early,08/20/26 10:48:55.500 PM EDT,$0.00
Evan Carter 7.5,MLB-PHRR-FG-00C5B524KUS1NU0-EVER000-GTE-P00075,Settled Early,08/20/26 10:48:55.856 PM EDT,$0.00
Evan Carter 8.5,MLB-PHRR-FG-00C5B524KUS1NU0-EVER000-GTE-P00085,Settled Early,08/20/26 10:48:56.239 PM EDT,$0.00
Evan Carter 9.5,MLB-PHRR-FG-00C5B524KUS1NU0-EVER000-GTE-P00095,Settled Early,08/20/26 10:48:56.575 PM EDT,$0.00
Brady House 9.5,MLB-PHRR-FG-00C5B524KUS1NU0-BRSE000-GTE-P00095,Settled Early,08/20/26 10:49:11.922 PM EDT,$0.00
Brady House 0.5,MLB-PHRR-FG-00C5B524KUS1NU0-BRSE000-GTE-P00005,Settled Early,08/20/26 10:49:12.236 PM EDT,$1.00
Brady House 1.5,MLB-PHRR-FG-00C5B524KUS1NU0-BRSE000-GTE-P00015,Settled Early,08/20/26 10:49:12.577 PM EDT,$0.00
Brady House 2.5,MLB-PHRR-FG-00C5B524KUS1NU0-BRSE000-GTE-P00025,Settled Early,08/20/26 10:49:12.899 PM EDT,$0.00
Brady House 3.5,MLB-PHRR-FG-00C5B524KUS1NU0-BRSE000-GTE-P00035,Settled Early,08/20/26 10:49:13.238 PM EDT,$0.00
Brady House 4.5,MLB-PHRR-FG-00C5B524KUS1NU0-BRSE000-GTE-P00045,Settled Early,08/20/26 10:49:13.588 PM EDT,$0.00
Brady House 5.5,MLB-PHRR-FG-00C5B524KUS1NU0-BRSE000-GTE-P00055,Settled Early,08/20/26 10:49:13.913 PM EDT,$0.00
Brady House 6.5,MLB-PHRR-FG-00C5B524KUS1NU0-BRSE000-GTE-P00065,Settled Early,08/20/26 10:49:14.255 PM EDT,$0.00
Brady House 7.5,MLB-PHRR-FG-00C5B524KUS1NU0-BRSE000-GTE-P00075,Settled Early,08/20/26 10:49:14.540 PM EDT,$0.00
Brady House 8.5,MLB-PHRR-FG-00C5B524KUS1NU0-BRSE000-GTE-P00085,Settled Early,08/20/26 10:49:14.868 PM EDT,$0.00
Justin Foscue 6.5,MLB-PHRR-FG-00C5B524KUS1NU0-JUUE000-GTE-P00065,Settled Early,08/20/26 10:49:33.376 PM EDT,$0.00
Justin Foscue 8.5,MLB-PHRR-FG-00C5B524KUS1NU0-JUUE000-GTE-P00085,Settled Early,08/20/26 10:49:33.738 PM EDT,$0.00
Justin Foscue 0.5,MLB-PHRR-FG-00C5B524KUS1NU0-JUUE000-GTE-P00005,Settled Early,08/20/26 10:49:34.188 PM EDT,$1.00
Justin Foscue 1.5,MLB-PHRR-FG-00C5B524KUS1NU0-JUUE000-GTE-P00015,Settled Early,08/20/26 10:49:34.555 PM EDT,$1.00
Justin Foscue 2.5,MLB-PHRR-FG-00C5B524KUS1NU0-JUUE000-GTE-P00025,Settled Early,08/20/26 10:49:35.015 PM EDT,$0.00
Justin Foscue 3.5,MLB-PHRR-FG-00C5B524KUS1NU0-JUUE000-GTE-P00035,Settled Early,08/20/26 10:49:35.355 PM EDT,$0.00
Justin Foscue 4.5,MLB-PHRR-FG-00C5B524KUS1NU0-JUUE000-GTE-P00045,Settled Early,08/20/26 10:49:35.741 PM EDT,$0.00
Justin Foscue 5.5,MLB-PHRR-FG-00C5B524KUS1NU0-JUUE000-GTE-P00055,Settled Early,08/20/26 10:49:36.050 PM EDT,$0.00
Justin Foscue 7.5,MLB-PHRR-FG-00C5B524KUS1NU0-JUUE000-GTE-P00075,Settled Early,08/20/26 10:49:36.478 PM EDT,$0.00
Justin Foscue 9.5,MLB-PHRR-FG-00C5B524KUS1NU0-JUUE000-GTE-P00095,Settled Early,08/20/26 10:49:36.784 PM EDT,$0.00
Brandon Nimmo 1.5,MLB-PHRR-FG-00C5B524KUS1NU0-BRMO000-GTE-P00015,Settled Early,08/20/26 10:49:52.769 PM EDT,$0.00
Brandon Nimmo 0.5,MLB-PHRR-FG-00C5B524KUS1NU0-BRMO000-GTE-P00005,Settled Early,08/20/26 10:49:53.149 PM EDT,$0.00
Brandon Nimmo 3.5,MLB-PHRR-FG-00C5B524KUS1NU0-BRMO000-GTE-P00035,Settled Early,08/20/26 10:49:53.458 PM EDT,$0.00
Brandon Nimmo 5.5,MLB-PHRR-FG-00C5B524KUS1NU0-BRMO000-GTE-P00055,Settled Early,08/20/26 10:49:53.815 PM EDT,$0.00
Brandon Nimmo 2.5,MLB-PHRR-FG-00C5B524KUS1NU0-BRMO000-GTE-P00025,Settled Early,08/20/26 10:49:54.181 PM EDT,$0.00
Brandon Nimmo 4.5,MLB-PHRR-FG-00C5B524KUS1NU0-BRMO000-GTE-P00045,Settled Early,08/20/26 10:49:54.580 PM EDT,$0.00
Brandon Nimmo 6.5,MLB-PHRR-FG-00C5B524KUS1NU0-BRMO000-GTE-P00065,Settled Early,08/20/26 10:49:54.889 PM EDT,$0.00
Brandon Nimmo 7.5,MLB-PHRR-FG-00C5B524KUS1NU0-BRMO000-GTE-P00075,Settled Early,08/20/26 10:49:55.227 PM EDT,$0.00
Brandon Nimmo 8.5,MLB-PHRR-FG-00C5B524KUS1NU0-BRMO000-GTE-P00085,Settled Early,08/20/26 10:49:55.628 PM EDT,$0.00
Brandon Nimmo 9.5,MLB-PHRR-FG-00C5B524KUS1NU0-BRMO000-GTE-P00095,Settled Early,08/20/26 10:49:55.933 PM EDT,$0.00
Andres Chaparro 0.5,MLB-PHRR-FG-00C5B524KUS1NU0-ANRO001-GTE-P00005,Settled Early,08/20/26 10:50:12.346 PM EDT,$0.00
Andres Chaparro 3.5,MLB-PHRR-FG-00C5B524KUS1NU0-ANRO001-GTE-P00035,Settled Early,08/20/26 10:50:12.759 PM EDT,$0.00
Andres Chaparro 2.5,MLB-PHRR-FG-00C5B524KUS1NU0-ANRO001-GTE-P00025,Settled Early,08/20/26 10:50:13.108 PM EDT,$0.00
Andres Chaparro 7.5,MLB-PHRR-FG-00C5B524KUS1NU0-ANRO001-GTE-P00075,Settled Early,08/20/26 10:50:13.609 PM EDT,$0.00
Andres Chaparro 1.5,MLB-PHRR-FG-00C5B524KUS1NU0-ANRO001-GTE-P00015,Settled Early,08/20/26 10:50:13.951 PM EDT,$0.00
Andres Chaparro 4.5,MLB-PHRR-FG-00C5B524KUS1NU0-ANRO001-GTE-P00045,Settled Early,08/20/26 10:50:14.296 PM EDT,$0.00
Andres Chaparro 5.5,MLB-PHRR-FG-00C5B524KUS1NU0-ANRO001-GTE-P00055,Settled Early,08/20/26 10:50:14.679 PM EDT,$0.00
Andres Chaparro 6.5,MLB-PHRR-FG-00C5B524KUS1NU0-ANRO001-GTE-P00065,Settled Early,08/20/26 10:50:15.069 PM EDT,$0.00
Andres Chaparro 8.5,MLB-PHRR-FG-00C5B524KUS1NU0-ANRO001-GTE-P00085,Settled Early,08/20/26 10:50:15.415 PM EDT,$0.00
Andres Chaparro 9.5,MLB-PHRR-FG-00C5B524KUS1NU0-ANRO001-GTE-P00095,Settled Early,08/20/26 10:50:15.746 PM EDT,$0.00
Over 1.5,MLB-TRUNS-I8-00C5B53EKUS1N28-GTE-P00015,Settled Early,08/20/26 10:50:31.917 PM EDT,$0.00
Over 4.5,MLB-TRUNS-I8-00C5B53EKUS1N28-GTE-P00045,Settled Early,08/20/26 10:50:32.381 PM EDT,$0.00
Over 2.5,MLB-TRUNS-I8-00C5B53EKUS1N28-GTE-P00025,Settled Early,08/20/26 10:50:32.731 PM EDT,$0.00
Over 0.5,MLB-TRUNS-I8-00C5B53EKUS1N28-GTE-P00005,Settled Early,08/20/26 10:50:33.085 PM EDT,$0.00
Over 3.5,MLB-TRUNS-I8-00C5B53EKUS1N28-GTE-P00035,Settled Early,08/20/26 10:50:33.530 PM EDT,$0.00
Nasim Nunez 9.5,MLB-PHRR-FG-00C5B524KUS1NU0-NAEZ001-GTE-P00095,Settled Early,08/20/26 10:50:35.871 PM EDT,$0.00
Nasim Nunez 0.5,MLB-PHRR-FG-00C5B524KUS1NU0-NAEZ001-GTE-P00005,Settled Early,08/20/26 10:50:36.210 PM EDT,$0.00
Nasim Nunez 1.5,MLB-PHRR-FG-00C5B524KUS1NU0-NAEZ001-GTE-P00015,Settled Early,08/20/26 10:50:36.570 PM EDT,$0.00
Nasim Nunez 2.5,MLB-PHRR-FG-00C5B524KUS1NU0-NAEZ001-GTE-P00025,Settled Early,08/20/26 10:50:36.867 PM EDT,$0.00
Nasim Nunez 3.5,MLB-PHRR-FG-00C5B524KUS1NU0-NAEZ001-GTE-P00035,Settled Early,08/20/26 10:50:37.269 PM EDT,$0.00
Nasim Nunez 4.5,MLB-PHRR-FG-00C5B524KUS1NU0-NAEZ001-GTE-P00045,Settled Early,08/20/26 10:50:37.553 PM EDT,$0.00
Nasim Nunez 5.5,MLB-PHRR-FG-00C5B524KUS1NU0-NAEZ001-GTE-P00055,Settled Early,08/20/26 10:50:37.918 PM EDT,$0.00
Nasim Nunez 6.5,MLB-PHRR-FG-00C5B524KUS1NU0-NAEZ001-GTE-P00065,Settled Early,08/20/26 10:50:38.267 PM EDT,$0.00
Nasim Nunez 7.5,MLB-PHRR-FG-00C5B524KUS1NU0-NAEZ001-GTE-P00075,Settled Early,08/20/26 10:50:38.602 PM EDT,$0.00
Nasim Nunez 8.5,MLB-PHRR-FG-00C5B524KUS1NU0-NAEZ001-GTE-P00085,Settled Early,08/20/26 10:50:39.198 PM EDT,$0.00
Jake Burger 2.5,MLB-PHRR-FG-00C5B524KUS1NU0-JAER001-GTE-P00025,Settled Early,08/20/26 10:51:01.976 PM EDT,$0.00
Jake Burger 9.5,MLB-PHRR-FG-00C5B524KUS1NU0-JAER001-GTE-P00095,Settled Early,08/20/26 10:51:02.395 PM EDT,$0.00
Jake Burger 1.5,MLB-PHRR-FG-00C5B524KUS1NU0-JAER001-GTE-P00015,Settled Early,08/20/26 10:51:02.683 PM EDT,$0.00
Jake Burger 0.5,MLB-PHRR-FG-00C5B524KUS1NU0-JAER001-GTE-P00005,Settled Early,08/20/26 10:51:03.088 PM EDT,$0.00
Jake Burger 3.5,MLB-PHRR-FG-00C5B524KUS1NU0-JAER001-GTE-P00035,Settled Early,08/20/26 10:51:03.569 PM EDT,$0.00
Jake Burger 4.5,MLB-PHRR-FG-00C5B524KUS1NU0-JAER001-GTE-P00045,Settled Early,08/20/26 10:51:03.962 PM EDT,$0.00
Jake Burger 5.5,MLB-PHRR-FG-00C5B524KUS1NU0-JAER001-GTE-P00055,Settled Early,08/20/26 10:51:04.435 PM EDT,$0.00
Jake Burger 6.5,MLB-PHRR-FG-00C5B524KUS1NU0-JAER001-GTE-P00065,Settled Early,08/20/26 10:51:04.821 PM EDT,$0.00
Jake Burger 7.5,MLB-PHRR-FG-00C5B524KUS1NU0-JAER001-GTE-P00075,Settled Early,08/20/26 10:51:05.128 PM EDT,$0.00
Jake Burger 8.5,MLB-PHRR-FG-00C5B524KUS1NU0-JAER001-GTE-P00085,Settled Early,08/20/26 10:51:05.482 PM EDT,$0.00
Andrew Pinckney 7.5,MLB-PHRR-FG-00C5B524KUS1NU0-ANEY001-GTE-P00075,Settled Early,08/20/26 10:51:24.171 PM EDT,$0.00
Andrew Pinckney 0.5,MLB-PHRR-FG-00C5B524KUS1NU0-ANEY001-GTE-P00005,Settled Early,08/20/26 10:51:24.554 PM EDT,$0.00
Andrew Pinckney 1.5,MLB-PHRR-FG-00C5B524KUS1NU0-ANEY001-GTE-P00015,Settled Early,08/20/26 10:51:24.899 PM EDT,$0.00
Andrew Pinckney 6.5,MLB-PHRR-FG-00C5B524KUS1NU0-ANEY001-GTE-P00065,Settled Early,08/20/26 10:51:25.236 PM EDT,$0.00
Andrew Pinckney 8.5,MLB-PHRR-FG-00C5B524KUS1NU0-ANEY001-GTE-P00085,Settled Early,08/20/26 10:51:25.542 PM EDT,$0.00
Andrew Pinckney 4.5,MLB-PHRR-FG-00C5B524KUS1NU0-ANEY001-GTE-P00045,Settled Early,08/20/26 10:51:25.848 PM EDT,$0.00
Andrew Pinckney 5.5,MLB-PHRR-FG-00C5B524KUS1NU0-ANEY001-GTE-P00055,Settled Early,08/20/26 10:51:26.136 PM EDT,$0.00
Andrew Pinckney 9.5,MLB-PHRR-FG-00C5B524KUS1NU0-ANEY001-GTE-P00095,Settled Early,08/20/26 10:51:26.498 PM EDT,$0.00
Andrew Pinckney 3.5,MLB-PHRR-FG-00C5B524KUS1NU0-ANEY001-GTE-P00035,Settled Early,08/20/26 10:51:26.818 PM EDT,$0.00
Andrew Pinckney 2.5,MLB-PHRR-FG-00C5B524KUS1NU0-ANEY001-GTE-P00025,Settled Early,08/20/26 10:51:27.151 PM EDT,$0.00
Over 0.5,MLB-TRUNS-I9-00C5B53EKUS1N28-GTE-P00005,Settled Early,08/20/26 10:51:41.770 PM EDT,$1.00
Over 1.5,MLB-TRUNS-I9-00C5B53EKUS1N28-GTE-P00015,Settled Early,08/20/26 10:51:42.181 PM EDT,$1.00
Cody Freeman 8.5,MLB-PHRR-FG-00C5B524KUS1NU0-COAN001-GTE-P00085,Settled Early,08/20/26 10:51:47.152 PM EDT,$0.00
Cody Freeman 9.5,MLB-PHRR-FG-00C5B524KUS1NU0-COAN001-GTE-P00095,Settled Early,08/20/26 10:51:47.507 PM EDT,$0.00
Cody Freeman 2.5,MLB-PHRR-FG-00C5B524KUS1NU0-COAN001-GTE-P00025,Settled Early,08/20/26 10:51:47.814 PM EDT,$0.00
Cody Freeman 0.5,MLB-PHRR-FG-00C5B524KUS1NU0-COAN001-GTE-P00005,Settled Early,08/20/26 10:51:48.146 PM EDT,$0.00
Cody Freeman 1.5,MLB-PHRR-FG-00C5B524KUS1NU0-COAN001-GTE-P00015,Settled Early,08/20/26 10:51:48.527 PM EDT,$0.00
Cody Freeman 3.5,MLB-PHRR-FG-00C5B524KUS1NU0-COAN001-GTE-P00035,Settled Early,08/20/26 10:51:48.842 PM EDT,$0.00
Cody Freeman 4.5,MLB-PHRR-FG-00C5B524KUS1NU0-COAN001-GTE-P00045,Settled Early,08/20/26 10:51:49.164 PM EDT,$0.00
Cody Freeman 5.5,MLB-PHRR-FG-00C5B524KUS1NU0-COAN001-GTE-P00055,Settled Early,08/20/26 10:51:49.463 PM EDT,$0.00
Cody Freeman 6.5,MLB-PHRR-FG-00C5B524KUS1NU0-COAN001-GTE-P00065,Settled Early,08/20/26 10:51:49.772 PM EDT,$0.00
Cody Freeman 7.5,MLB-PHRR-FG-00C5B524KUS1NU0-COAN001-GTE-P00075,Settled Early,08/20/26 10:51:50.144 PM EDT,$0.00
Daylen Lile 1.5,MLB-PHRR-FG-00C5B524KUS1NU0-DALE000-GTE-P00015,Settled Early,08/20/26 10:52:05.381 PM EDT,$0.00
Daylen Lile 0.5,MLB-PHRR-FG-00C5B524KUS1NU0-DALE000-GTE-P00005,Settled Early,08/20/26 10:52:05.776 PM EDT,$0.00
Daylen Lile 9.5,MLB-PHRR-FG-00C5B524KUS1NU0-DALE000-GTE-P00095,Settled Early,08/20/26 10:52:06.234 PM EDT,$0.00
Daylen Lile 2.5,MLB-PHRR-FG-00C5B524KUS1NU0-DALE000-GTE-P00025,Settled Early,08/20/26 10:52:06.539 PM EDT,$0.00
Daylen Lile 3.5,MLB-PHRR-FG-00C5B524KUS1NU0-DALE000-GTE-P00035,Settled Early,08/20/26 10:52:06.825 PM EDT,$0.00
Daylen Lile 4.5,MLB-PHRR-FG-00C5B524KUS1NU0-DALE000-GTE-P00045,Settled Early,08/20/26 10:52:07.209 PM EDT,$0.00
Daylen Lile 5.5,MLB-PHRR-FG-00C5B524KUS1NU0-DALE000-GTE-P00055,Settled Early,08/20/26 10:52:07.544 PM EDT,$0.00
Daylen Lile 6.5,MLB-PHRR-FG-00C5B524KUS1NU0-DALE000-GTE-P00065,Settled Early,08/20/26 10:52:07.895 PM EDT,$0.00
Daylen Lile 7.5,MLB-PHRR-FG-00C5B524KUS1NU0-DALE000-GTE-P00075,Settled Early,08/20/26 10:52:08.265 PM EDT,$0.00
Daylen Lile 8.5,MLB-PHRR-FG-00C5B524KUS1NU0-DALE000-GTE-P00085,Settled Early,08/20/26 10:52:08.588 PM EDT,$0.00
Wyatt Langford 4.5,MLB-PHRR-FG-00C5B524KUS1NU0-WYRD000-GTE-P00045,Settled Early,08/20/26 10:52:32.794 PM EDT,$0.00
Wyatt Langford 1.5,MLB-PHRR-FG-00C5B524KUS1NU0-WYRD000-GTE-P00015,Settled Early,08/20/26 10:52:33.138 PM EDT,$0.00
Wyatt Langford 0.5,MLB-PHRR-FG-00C5B524KUS1NU0-WYRD000-GTE-P00005,Settled Early,08/20/26 10:52:33.568 PM EDT,$0.00
Wyatt Langford 2.5,MLB-PHRR-FG-00C5B524KUS1NU0-WYRD000-GTE-P00025,Settled Early,08/20/26 10:52:33.911 PM EDT,$0.00
Wyatt Langford 3.5,MLB-PHRR-FG-00C5B524KUS1NU0-WYRD000-GTE-P00035,Settled Early,08/20/26 10:52:34.269 PM EDT,$0.00
Wyatt Langford 5.5,MLB-PHRR-FG-00C5B524KUS1NU0-WYRD000-GTE-P00055,Settled Early,08/20/26 10:52:34.635 PM EDT,$0.00
Wyatt Langford 6.5,MLB-PHRR-FG-00C5B524KUS1NU0-WYRD000-GTE-P00065,Settled Early,08/20/26 10:52:34.970 PM EDT,$0.00
Wyatt Langford 7.5,MLB-PHRR-FG-00C5B524KUS1NU0-WYRD000-GTE-P00075,Settled Early,08/20/26 10:52:35.313 PM EDT,$0.00
Wyatt Langford 8.5,MLB-PHRR-FG-00C5B524KUS1NU0-WYRD000-GTE-P00085,Settled Early,08/20/26 10:52:35.660 PM EDT,$0.00
Wyatt Langford 9.5,MLB-PHRR-FG-00C5B524KUS1NU0-WYRD000-GTE-P00095,Settled Early,08/20/26 10:52:35.973 PM EDT,$0.00
Jose Tena 5.5,MLB-PHRR-FG-00C5B524KUS1NU0-JONA001-GTE-P00055,Settled Early,08/20/26 10:52:54.747 PM EDT,$0.00
Jose Tena 0.5,MLB-PHRR-FG-00C5B524KUS1NU0-JONA001-GTE-P00005,Settled Early,08/20/26 10:52:55.145 PM EDT,$0.00
Jose Tena 1.5,MLB-PHRR-FG-00C5B524KUS1NU0-JONA001-GTE-P00015,Settled Early,08/20/26 10:52:55.518 PM EDT,$0.00
Jose Tena 4.5,MLB-PHRR-FG-00C5B524KUS1NU0-JONA001-GTE-P00045,Settled Early,08/20/26 10:52:55.916 PM EDT,$0.00
Jose Tena 3.5,MLB-PHRR-FG-00C5B524KUS1NU0-JONA001-GTE-P00035,Settled Early,08/20/26 10:52:56.242 PM EDT,$0.00
Jose Tena 7.5,MLB-PHRR-FG-00C5B524KUS1NU0-JONA001-GTE-P00075,Settled Early,08/20/26 10:52:56.642 PM EDT,$0.00
Jose Tena 6.5,MLB-PHRR-FG-00C5B524KUS1NU0-JONA001-GTE-P00065,Settled Early,08/20/26 10:52:56.981 PM EDT,$0.00
Jose Tena 2.5,MLB-PHRR-FG-00C5B524KUS1NU0-JONA001-GTE-P00025,Settled Early,08/20/26 10:52:57.333 PM EDT,$0.00
Jose Tena 8.5,MLB-PHRR-FG-00C5B524KUS1NU0-JONA001-GTE-P00085,Settled Early,08/20/26 10:52:57.724 PM EDT,$0.00
Jose Tena 9.5,MLB-PHRR-FG-00C5B524KUS1NU0-JONA001-GTE-P00095,Settled Early,08/20/26 10:52:58.039 PM EDT,$0.00
Jorbit Vivas 0.5,MLB-PHRR-FG-00C5B524KUS1NU0-JOAS005-GTE-P00005,Settled Early,08/20/26 10:53:35.687 PM EDT,$0.00
Jorbit Vivas 9.5,MLB-PHRR-FG-00C5B524KUS1NU0-JOAS005-GTE-P00095,Settled Early,08/20/26 10:53:36.188 PM EDT,$0.00
Jorbit Vivas 6.5,MLB-PHRR-FG-00C5B524KUS1NU0-JOAS005-GTE-P00065,Settled Early,08/20/26 10:53:36.554 PM EDT,$0.00
Jorbit Vivas 3.5,MLB-PHRR-FG-00C5B524KUS1NU0-JOAS005-GTE-P00035,Settled Early,08/20/26 10:53:36.912 PM EDT,$0.00
Jorbit Vivas 5.5,MLB-PHRR-FG-00C5B524KUS1NU0-JOAS005-GTE-P00055,Settled Early,08/20/26 10:53:37.266 PM EDT,$0.00
Jorbit Vivas 4.5,MLB-PHRR-FG-00C5B524KUS1NU0-JOAS005-GTE-P00045,Settled Early,08/20/26 10:53:37.553 PM EDT,$0.00
Jorbit Vivas 1.5,MLB-PHRR-FG-00C5B524KUS1NU0-JOAS005-GTE-P00015,Settled Early,08/20/26 10:53:37.868 PM EDT,$0.00
Jorbit Vivas 7.5,MLB-PHRR-FG-00C5B524KUS1NU0-JOAS005-GTE-P00075,Settled Early,08/20/26 10:53:38.182 PM EDT,$0.00
Jorbit Vivas 2.5,MLB-PHRR-FG-00C5B524KUS1NU0-JOAS005-GTE-P00025,Settled Early,08/20/26 10:53:38.493 PM EDT,$0.00
Jorbit Vivas 8.5,MLB-PHRR-FG-00C5B524KUS1NU0-JOAS005-GTE-P00085,Settled Early,08/20/26 10:53:38.853 PM EDT,$0.00
Over 2.5,MLB-TRUNS-I9-00C5B53EKUS1N28-GTE-P00025,Settled Early,08/20/26 11:00:41.774 PM EDT,$1.00
Over 9.5,MLB-TRUNS-FG-00C5B53EKUS1N28-GTE-P00095,Settled Early,08/20/26 11:09:22.784 PM EDT,$1.00
HOU Astros,MLB-WIN-FG-00C5B53EKUS1N28-HOOS000,Settled Early,08/20/26 11:09:22.839 PM EDT,$0.00
Over 3.5,MLB-TRUNS-I9-00C5B53EKUS1N28-GTE-P00035,Settled Early,08/20/26 11:09:22.860 PM EDT,$0.00
LA Angels,MLB-WIN-FG-00C5B53EKUS1N28-LALS000,Settled Early,08/20/26 11:09:23.145 PM EDT,$1.00
Over 8.5,MLB-TRUNS-FG-00C5B53EKUS1N28-GTE-P00085,Settled Early,08/20/26 11:09:23.179 PM EDT,$1.00
Over 4.5,MLB-TRUNS-I9-00C5B53EKUS1N28-GTE-P00045,Settled Early,08/20/26 11:09:23.248 PM EDT,$0.00
Over 4.5,MLB-TRUNS-FG-00C5B53EKUS1N28-GTE-P00045,Settled Early,08/20/26 11:09:23.517 PM EDT,$1.00
Over 7.5,MLB-TRUNS-FG-00C5B53EKUS1N28-GTE-P00075,Settled Early,08/20/26 11:09:23.826 PM EDT,$1.00
Over 6.5,MLB-TRUNS-FG-00C5B53EKUS1N28-GTE-P00065,Settled Early,08/20/26 11:09:24.203 PM EDT,$1.00
Over 3.5,MLB-TRUNS-FG-00C5B53EKUS1N28-GTE-P00035,Settled Early,08/20/26 11:09:24.503 PM EDT,$1.00
Over 5.5,MLB-TRUNS-FG-00C5B53EKUS1N28-GTE-P00055,Settled Early,08/20/26 11:09:24.817 PM EDT,$1.00
Over 10.5,MLB-TRUNS-FG-00C5B53EKUS1N28-GTE-P00105,Settled Early,08/20/26 11:09:25.169 PM EDT,$1.00
Over 11.5,MLB-TRUNS-FG-00C5B53EKUS1N28-GTE-P00115,Settled Early,08/20/26 11:09:25.469 PM EDT,$1.00
Over 12.5,MLB-TRUNS-FG-00C5B53EKUS1N28-GTE-P00125,Settled Early,08/20/26 11:09:25.762 PM EDT,$1.00
Over 13.5,MLB-TRUNS-FG-00C5B53EKUS1N28-GTE-P00135,Settled Early,08/20/26 11:09:26.091 PM EDT,$1.00
Over 14.5,MLB-TRUNS-FG-00C5B53EKUS1N28-GTE-P00145,Settled Early,08/20/26 11:09:26.421 PM EDT,$1.00
Over 15.5,MLB-TRUNS-FG-00C5B53EKUS1N28-GTE-P00155,Settled Early,08/20/26 11:09:26.724 PM EDT,$1.00
LaMonte Wade Jr. 7.5,MLB-PHRR-FG-00C5B53EKUS1N28-LAJR000-GTE-P00075,Settled Early,08/20/26 11:27:18.919 PM EDT,$0.00
LaMonte Wade Jr. 8.5,MLB-PHRR-FG-00C5B53EKUS1N28-LAJR000-GTE-P00085,Settled Early,08/20/26 11:27:19.416 PM EDT,$0.00
LaMonte Wade Jr. 0.5,MLB-PHRR-FG-00C5B53EKUS1N28-LAJR000-GTE-P00005,Settled Early,08/20/26 11:27:19.773 PM EDT,$1.00
LaMonte Wade Jr. 1.5,MLB-PHRR-FG-00C5B53EKUS1N28-LAJR000-GTE-P00015,Settled Early,08/20/26 11:27:20.104 PM EDT,$0.00
LaMonte Wade Jr. 2.5,MLB-PHRR-FG-00C5B53EKUS1N28-LAJR000-GTE-P00025,Settled Early,08/20/26 11:27:20.573 PM EDT,$0.00
LaMonte Wade Jr. 3.5,MLB-PHRR-FG-00C5B53EKUS1N28-LAJR000-GTE-P00035,Settled Early,08/20/26 11:27:20.897 PM EDT,$0.00
LaMonte Wade Jr. 4.5,MLB-PHRR-FG-00C5B53EKUS1N28-LAJR000-GTE-P00045,Settled Early,08/20/26 11:27:21.228 PM EDT,$0.00
LaMonte Wade Jr. 5.5,MLB-PHRR-FG-00C5B53EKUS1N28-LAJR000-GTE-P00055,Settled Early,08/20/26 11:27:21.540 PM EDT,$0.00
LaMonte Wade Jr. 6.5,MLB-PHRR-FG-00C5B53EKUS1N28-LAJR000-GTE-P00065,Settled Early,08/20/26 11:27:21.849 PM EDT,$0.00
LaMonte Wade Jr. 9.5,MLB-PHRR-FG-00C5B53EKUS1N28-LAJR000-GTE-P00095,Settled Early,08/20/26 11:27:22.135 PM EDT,$0.00
Vaughn Grissom 9.5,MLB-PHRR-FG-00C5B53EKUS1N28-VAOM000-GTE-P00095,Settled Early,08/20/26 11:28:22.745 PM EDT,$0.00
Vaughn Grissom 0.5,MLB-PHRR-FG-00C5B53EKUS1N28-VAOM000-GTE-P00005,Settled Early,08/20/26 11:28:23.159 PM EDT,$1.00
Vaughn Grissom 1.5,MLB-PHRR-FG-00C5B53EKUS1N28-VAOM000-GTE-P00015,Settled Early,08/20/26 11:28:23.525 PM EDT,$1.00
Vaughn Grissom 2.5,MLB-PHRR-FG-00C5B53EKUS1N28-VAOM000-GTE-P00025,Settled Early,08/20/26 11:28:23.906 PM EDT,$1.00
Vaughn Grissom 3.5,MLB-PHRR-FG-00C5B53EKUS1N28-VAOM000-GTE-P00035,Settled Early,08/20/26 11:28:24.302 PM EDT,$1.00
Vaughn Grissom 4.5,MLB-PHRR-FG-00C5B53EKUS1N28-VAOM000-GTE-P00045,Settled Early,08/20/26 11:28:24.640 PM EDT,$1.00
Vaughn Grissom 5.5,MLB-PHRR-FG-00C5B53EKUS1N28-VAOM000-GTE-P00055,Settled Early,08/20/26 11:28:24.930 PM EDT,$1.00
Vaughn Grissom 6.5,MLB-PHRR-FG-00C5B53EKUS1N28-VAOM000-GTE-P00065,Settled Early,08/20/26 11:28:25.227 PM EDT,$1.00
Vaughn Grissom 7.5,MLB-PHRR-FG-00C5B53EKUS1N28-VAOM000-GTE-P00075,Settled Early,08/20/26 11:28:25.529 PM EDT,$0.00
Vaughn Grissom 8.5,MLB-PHRR-FG-00C5B53EKUS1N28-VAOM000-GTE-P00085,Settled Early,08/20/26 11:28:25.855 PM EDT,$0.00
Yordan Alvarez 8.5,MLB-PHRR-FG-00C5B53EKUS1N28-YOEZ000-GTE-P00085,Settled Early,08/20/26 11:28:49.729 PM EDT,$0.00
Yordan Alvarez 9.5,MLB-PHRR-FG-00C5B53EKUS1N28-YOEZ000-GTE-P00095,Settled Early,08/20/26 11:28:50.076 PM EDT,$0.00
Yordan Alvarez 0.5,MLB-PHRR-FG-00C5B53EKUS1N28-YOEZ000-GTE-P00005,Settled Early,08/20/26 11:28:50.429 PM EDT,$1.00
Yordan Alvarez 1.5,MLB-PHRR-FG-00C5B53EKUS1N28-YOEZ000-GTE-P00015,Settled Early,08/20/26 11:28:50.770 PM EDT,$1.00
Yordan Alvarez 2.5,MLB-PHRR-FG-00C5B53EKUS1N28-YOEZ000-GTE-P00025,Settled Early,08/20/26 11:28:51.153 PM EDT,$0.00
Yordan Alvarez 3.5,MLB-PHRR-FG-00C5B53EKUS1N28-YOEZ000-GTE-P00035,Settled Early,08/20/26 11:28:51.667 PM EDT,$0.00
Yordan Alvarez 4.5,MLB-PHRR-FG-00C5B53EKUS1N28-YOEZ000-GTE-P00045,Settled Early,08/20/26 11:28:52.055 PM EDT,$0.00
Yordan Alvarez 5.5,MLB-PHRR-FG-00C5B53EKUS1N28-YOEZ000-GTE-P00055,Settled Early,08/20/26 11:28:52.444 PM EDT,$0.00
Yordan Alvarez 6.5,MLB-PHRR-FG-00C5B53EKUS1N28-YOEZ000-GTE-P00065,Settled Early,08/20/26 11:28:52.738 PM EDT,$0.00
Yordan Alvarez 7.5,MLB-PHRR-FG-00C5B53EKUS1N28-YOEZ000-GTE-P00075,Settled Early,08/20/26 11:28:53.039 PM EDT,$0.00
Mike Trout 7.5,MLB-PHRR-FG-00C5B53EKUS1N28-MIUT000-GTE-P00075,Settled Early,08/20/26 11:29:29.629 PM EDT,$0.00
Mike Trout 8.5,MLB-PHRR-FG-00C5B53EKUS1N28-MIUT000-GTE-P00085,Settled Early,08/20/26 11:29:29.980 PM EDT,$0.00
Mike Trout 0.5,MLB-PHRR-FG-00C5B53EKUS1N28-MIUT000-GTE-P00005,Settled Early,08/20/26 11:29:30.324 PM EDT,$1.00
Mike Trout 1.5,MLB-PHRR-FG-00C5B53EKUS1N28-MIUT000-GTE-P00015,Settled Early,08/20/26 11:29:30.645 PM EDT,$1.00
Mike Trout 2.5,MLB-PHRR-FG-00C5B53EKUS1N28-MIUT000-GTE-P00025,Settled Early,08/20/26 11:29:31.158 PM EDT,$0.00
Mike Trout 3.5,MLB-PHRR-FG-00C5B53EKUS1N28-MIUT000-GTE-P00035,Settled Early,08/20/26 11:29:31.475 PM EDT,$0.00
Mike Trout 4.5,MLB-PHRR-FG-00C5B53EKUS1N28-MIUT000-GTE-P00045,Settled Early,08/20/26 11:29:31.845 PM EDT,$0.00
Mike Trout 5.5,MLB-PHRR-FG-00C5B53EKUS1N28-MIUT000-GTE-P00055,Settled Early,08/20/26 11:29:32.146 PM EDT,$0.00
Mike Trout 6.5,MLB-PHRR-FG-00C5B53EKUS1N28-MIUT000-GTE-P00065,Settled Early,08/20/26 11:29:32.522 PM EDT,$0.00
Mike Trout 9.5,MLB-PHRR-FG-00C5B53EKUS1N28-MIUT000-GTE-P00095,Settled Early,08/20/26 11:29:32.908 PM EDT,$0.00
Wade Meckler 5.5,MLB-PHRR-FG-00C5B53EKUS1N28-WAER001-GTE-P00055,Settled Early,08/20/26 11:32:26.849 PM EDT,$0.00
Wade Meckler 2.5,MLB-PHRR-FG-00C5B53EKUS1N28-WAER001-GTE-P00025,Settled Early,08/20/26 11:32:27.222 PM EDT,$1.00
Wade Meckler 8.5,MLB-PHRR-FG-00C5B53EKUS1N28-WAER001-GTE-P00085,Settled Early,08/20/26 11:32:27.528 PM EDT,$0.00
Wade Meckler 0.5,MLB-PHRR-FG-00C5B53EKUS1N28-WAER001-GTE-P00005,Settled Early,08/20/26 11:32:27.816 PM EDT,$1.00
Wade Meckler 1.5,MLB-PHRR-FG-00C5B53EKUS1N28-WAER001-GTE-P00015,Settled Early,08/20/26 11:32:28.144 PM EDT,$1.00
Wade Meckler 3.5,MLB-PHRR-FG-00C5B53EKUS1N28-WAER001-GTE-P00035,Settled Early,08/20/26 11:32:28.517 PM EDT,$0.00
Wade Meckler 4.5,MLB-PHRR-FG-00C5B53EKUS1N28-WAER001-GTE-P00045,Settled Early,08/20/26 11:32:28.817 PM EDT,$0.00
Wade Meckler 6.5,MLB-PHRR-FG-00C5B53EKUS1N28-WAER001-GTE-P00065,Settled Early,08/20/26 11:32:29.111 PM EDT,$0.00
Wade Meckler 7.5,MLB-PHRR-FG-00C5B53EKUS1N28-WAER001-GTE-P00075,Settled Early,08/20/26 11:32:29.532 PM EDT,$0.00
Wade Meckler 9.5,MLB-PHRR-FG-00C5B53EKUS1N28-WAER001-GTE-P00095,Settled Early,08/20/26 11:32:29.815 PM EDT,$0.00
Josh Lowe 8.5,MLB-PHRR-FG-00C5B53EKUS1N28-JOWE000-GTE-P00085,Settled Early,08/20/26 11:33:06.548 PM EDT,$0.00
Josh Lowe 2.5,MLB-PHRR-FG-00C5B53EKUS1N28-JOWE000-GTE-P00025,Settled Early,08/20/26 11:33:07.053 PM EDT,$1.00
Josh Lowe 0.5,MLB-PHRR-FG-00C5B53EKUS1N28-JOWE000-GTE-P00005,Settled Early,08/20/26 11:33:07.352 PM EDT,$1.00
Josh Lowe 1.5,MLB-PHRR-FG-00C5B53EKUS1N28-JOWE000-GTE-P00015,Settled Early,08/20/26 11:33:07.723 PM EDT,$1.00
Josh Lowe 3.5,MLB-PHRR-FG-00C5B53EKUS1N28-JOWE000-GTE-P00035,Settled Early,08/20/26 11:33:08.076 PM EDT,$1.00
Josh Lowe 4.5,MLB-PHRR-FG-00C5B53EKUS1N28-JOWE000-GTE-P00045,Settled Early,08/20/26 11:33:08.384 PM EDT,$0.00
Josh Lowe 5.5,MLB-PHRR-FG-00C5B53EKUS1N28-JOWE000-GTE-P00055,Settled Early,08/20/26 11:33:08.748 PM EDT,$0.00
Josh Lowe 6.5,MLB-PHRR-FG-00C5B53EKUS1N28-JOWE000-GTE-P00065,Settled Early,08/20/26 11:33:09.097 PM EDT,$0.00
Josh Lowe 7.5,MLB-PHRR-FG-00C5B53EKUS1N28-JOWE000-GTE-P00075,Settled Early,08/20/26 11:33:09.405 PM EDT,$0.00
Josh Lowe 9.5,MLB-PHRR-FG-00C5B53EKUS1N28-JOWE000-GTE-P00095,Settled Early,08/20/26 11:33:09.744 PM EDT,$0.00
Tyler Heineman 9.5,MLB-PHRR-FG-00C5B53EKUS1N28-TYAN002-GTE-P00095,Settled Early,08/20/26 11:33:35.077 PM EDT,$0.00
Tyler Heineman 0.5,MLB-PHRR-FG-00C5B53EKUS1N28-TYAN002-GTE-P00005,Settled Early,08/20/26 11:33:35.519 PM EDT,$1.00
Tyler Heineman 1.5,MLB-PHRR-FG-00C5B53EKUS1N28-TYAN002-GTE-P00015,Settled Early,08/20/26 11:33:35.833 PM EDT,$1.00
Tyler Heineman 2.5,MLB-PHRR-FG-00C5B53EKUS1N28-TYAN002-GTE-P00025,Settled Early,08/20/26 11:33:36.176 PM EDT,$1.00
Tyler Heineman 3.5,MLB-PHRR-FG-00C5B53EKUS1N28-TYAN002-GTE-P00035,Settled Early,08/20/26 11:33:36.485 PM EDT,$0.00
Tyler Heineman 4.5,MLB-PHRR-FG-00C5B53EKUS1N28-TYAN002-GTE-P00045,Settled Early,08/20/26 11:33:36.801 PM EDT,$0.00
Tyler Heineman 5.5,MLB-PHRR-FG-00C5B53EKUS1N28-TYAN002-GTE-P00055,Settled Early,08/20/26 11:33:37.177 PM EDT,$0.00
Tyler Heineman 6.5,MLB-PHRR-FG-00C5B53EKUS1N28-TYAN002-GTE-P00065,Settled Early,08/20/26 11:33:37.608 PM EDT,$0.00
Tyler Heineman 7.5,MLB-PHRR-FG-00C5B53EKUS1N28-TYAN002-GTE-P00075,Settled Early,08/20/26 11:33:37.894 PM EDT,$0.00
Tyler Heineman 8.5,MLB-PHRR-FG-00C5B53EKUS1N28-TYAN002-GTE-P00085,Settled Early,08/20/26 11:33:38.258 PM EDT,$0.00
Zach Neto 4.5,MLB-PHRR-FG-00C5B53EKUS1N28-ZATO000-GTE-P00045,Settled Early,08/20/26 11:34:00.360 PM EDT,$1.00
Zach Neto 0.5,MLB-PHRR-FG-00C5B53EKUS1N28-ZATO000-GTE-P00005,Settled Early,08/20/26 11:34:00.659 PM EDT,$1.00
Zach Neto 1.5,MLB-PHRR-FG-00C5B53EKUS1N28-ZATO000-GTE-P00015,Settled Early,08/20/26 11:34:01.037 PM EDT,$1.00
Zach Neto 2.5,MLB-PHRR-FG-00C5B53EKUS1N28-ZATO000-GTE-P00025,Settled Early,08/20/26 11:34:01.392 PM EDT,$1.00
Zach Neto 3.5,MLB-PHRR-FG-00C5B53EKUS1N28-ZATO000-GTE-P00035,Settled Early,08/20/26 11:34:01.723 PM EDT,$1.00
Zach Neto 5.5,MLB-PHRR-FG-00C5B53EKUS1N28-ZATO000-GTE-P00055,Settled Early,08/20/26 11:34:02.161 PM EDT,$1.00
Zach Neto 6.5,MLB-PHRR-FG-00C5B53EKUS1N28-ZATO000-GTE-P00065,Settled Early,08/20/26 11:34:02.535 PM EDT,$1.00
Zach Neto 7.5,MLB-PHRR-FG-00C5B53EKUS1N28-ZATO000-GTE-P00075,Settled Early,08/20/26 11:34:02.858 PM EDT,$1.00
Zach Neto 8.5,MLB-PHRR-FG-00C5B53EKUS1N28-ZATO000-GTE-P00085,Settled Early,08/20/26 11:34:03.177 PM EDT,$1.00
Zach Neto 9.5,MLB-PHRR-FG-00C5B53EKUS1N28-ZATO000-GTE-P00095,Settled Early,08/20/26 11:34:03.483 PM EDT,$1.00
Adam Frazier 0.5,MLB-PHRR-FG-00C5B53EKUS1N28-ADER000-GTE-P00005,Settled Early,08/20/26 11:34:18.435 PM EDT,$1.00
Adam Frazier 1.5,MLB-PHRR-FG-00C5B53EKUS1N28-ADER000-GTE-P00015,Settled Early,08/20/26 11:34:18.833 PM EDT,$1.00
Adam Frazier 2.5,MLB-PHRR-FG-00C5B53EKUS1N28-ADER000-GTE-P00025,Settled Early,08/20/26 11:34:19.152 PM EDT,$1.00
Adam Frazier 5.5,MLB-PHRR-FG-00C5B53EKUS1N28-ADER000-GTE-P00055,Settled Early,08/20/26 11:34:19.445 PM EDT,$1.00
Adam Frazier 4.5,MLB-PHRR-FG-00C5B53EKUS1N28-ADER000-GTE-P00045,Settled Early,08/20/26 11:34:19.799 PM EDT,$1.00
Adam Frazier 8.5,MLB-PHRR-FG-00C5B53EKUS1N28-ADER000-GTE-P00085,Settled Early,08/20/26 11:34:20.134 PM EDT,$0.00
Adam Frazier 9.5,MLB-PHRR-FG-00C5B53EKUS1N28-ADER000-GTE-P00095,Settled Early,08/20/26 11:34:20.453 PM EDT,$0.00
Adam Frazier 3.5,MLB-PHRR-FG-00C5B53EKUS1N28-ADER000-GTE-P00035,Settled Early,08/20/26 11:34:20.758 PM EDT,$1.00
Adam Frazier 6.5,MLB-PHRR-FG-00C5B53EKUS1N28-ADER000-GTE-P00065,Settled Early,08/20/26 11:34:21.077 PM EDT,$0.00
Adam Frazier 7.5,MLB-PHRR-FG-00C5B53EKUS1N28-ADER000-GTE-P00075,Settled Early,08/20/26 11:34:21.414 PM EDT,$0.00
Moises Ballesteros 0.5,MLB-PHRR-FG-00C5B53EKUS1N28-MOOS000-GTE-P00005,Settled Early,08/20/26 11:34:58.534 PM EDT,$1.00
Moises Ballesteros 1.5,MLB-PHRR-FG-00C5B53EKUS1N28-MOOS000-GTE-P00015,Settled Early,08/20/26 11:34:58.837 PM EDT,$1.00
Moises Ballesteros 2.5,MLB-PHRR-FG-00C5B53EKUS1N28-MOOS000-GTE-P00025,Settled Early,08/20/26 11:34:59.187 PM EDT,$1.00
Moises Ballesteros 3.5,MLB-PHRR-FG-00C5B53EKUS1N28-MOOS000-GTE-P00035,Settled Early,08/20/26 11:34:59.559 PM EDT,$1.00
Moises Ballesteros 4.5,MLB-PHRR-FG-00C5B53EKUS1N28-MOOS000-GTE-P00045,Settled Early,08/20/26 11:34:59.916 PM EDT,$1.00
Moises Ballesteros 5.5,MLB-PHRR-FG-00C5B53EKUS1N28-MOOS000-GTE-P00055,Settled Early,08/20/26 11:35:00.209 PM EDT,$1.00
Moises Ballesteros 6.5,MLB-PHRR-FG-00C5B53EKUS1N28-MOOS000-GTE-P00065,Settled Early,08/20/26 11:35:00.527 PM EDT,$0.00
Moises Ballesteros 7.5,MLB-PHRR-FG-00C5B53EKUS1N28-MOOS000-GTE-P00075,Settled Early,08/20/26 11:35:00.815 PM EDT,$0.00
Moises Ballesteros 8.5,MLB-PHRR-FG-00C5B53EKUS1N28-MOOS000-GTE-P00085,Settled Early,08/20/26 11:35:01.110 PM EDT,$0.00
Moises Ballesteros 9.5,MLB-PHRR-FG-00C5B53EKUS1N28-MOOS000-GTE-P00095,Settled Early,08/20/26 11:35:01.429 PM EDT,$0.00
Nolan Schanuel 0.5,MLB-PHRR-FG-00C5B53EKUS1N28-NOEL000-GTE-P00005,Settled Early,08/20/26 11:35:28.424 PM EDT,$1.00
Nolan Schanuel 1.5,MLB-PHRR-FG-00C5B53EKUS1N28-NOEL000-GTE-P00015,Settled Early,08/20/26 11:35:28.835 PM EDT,$1.00
Nolan Schanuel 7.5,MLB-PHRR-FG-00C5B53EKUS1N28-NOEL000-GTE-P00075,Settled Early,08/20/26 11:35:29.186 PM EDT,$0.00
Nolan Schanuel 2.5,MLB-PHRR-FG-00C5B53EKUS1N28-NOEL000-GTE-P00025,Settled Early,08/20/26 11:35:29.570 PM EDT,$0.00
Nolan Schanuel 3.5,MLB-PHRR-FG-00C5B53EKUS1N28-NOEL000-GTE-P00035,Settled Early,08/20/26 11:35:29.888 PM EDT,$0.00
Nolan Schanuel 4.5,MLB-PHRR-FG-00C5B53EKUS1N28-NOEL000-GTE-P00045,Settled Early,08/20/26 11:35:30.193 PM EDT,$0.00
Nolan Schanuel 5.5,MLB-PHRR-FG-00C5B53EKUS1N28-NOEL000-GTE-P00055,Settled Early,08/20/26 11:35:30.568 PM EDT,$0.00
Nolan Schanuel 6.5,MLB-PHRR-FG-00C5B53EKUS1N28-NOEL000-GTE-P00065,Settled Early,08/20/26 11:35:30.931 PM EDT,$0.00
Nolan Schanuel 8.5,MLB-PHRR-FG-00C5B53EKUS1N28-NOEL000-GTE-P00085,Settled Early,08/20/26 11:35:31.214 PM EDT,$0.00
Nolan Schanuel 9.5,MLB-PHRR-FG-00C5B53EKUS1N28-NOEL000-GTE-P00095,Settled Early,08/20/26 11:35:31.576 PM EDT,$0.00
Daulton Varsho 0.5,MLB-PHRR-FG-00C5B53EKUS1N28-DAHO000-GTE-P00005,Settled Early,08/20/26 11:35:53.403 PM EDT,$1.00
Daulton Varsho 9.5,MLB-PHRR-FG-00C5B53EKUS1N28-DAHO000-GTE-P00095,Settled Early,08/20/26 11:35:53.723 PM EDT,$0.00
Daulton Varsho 1.5,MLB-PHRR-FG-00C5B53EKUS1N28-DAHO000-GTE-P00015,Settled Early,08/20/26 11:35:54.249 PM EDT,$1.00
Daulton Varsho 2.5,MLB-PHRR-FG-00C5B53EKUS1N28-DAHO000-GTE-P00025,Settled Early,08/20/26 11:35:54.697 PM EDT,$0.00
Daulton Varsho 3.5,MLB-PHRR-FG-00C5B53EKUS1N28-DAHO000-GTE-P00035,Settled Early,08/20/26 11:35:55.213 PM EDT,$0.00
Daulton Varsho 4.5,MLB-PHRR-FG-00C5B53EKUS1N28-DAHO000-GTE-P00045,Settled Early,08/20/26 11:35:55.561 PM EDT,$0.00
Daulton Varsho 5.5,MLB-PHRR-FG-00C5B53EKUS1N28-DAHO000-GTE-P00055,Settled Early,08/20/26 11:35:56.175 PM EDT,$0.00
Daulton Varsho 6.5,MLB-PHRR-FG-00C5B53EKUS1N28-DAHO000-GTE-P00065,Settled Early,08/20/26 11:35:56.728 PM EDT,$0.00
Daulton Varsho 7.5,MLB-PHRR-FG-00C5B53EKUS1N28-DAHO000-GTE-P00075,Settled Early,08/20/26 11:35:57.314 PM EDT,$0.00
Daulton Varsho 8.5,MLB-PHRR-FG-00C5B53EKUS1N28-DAHO000-GTE-P00085,Settled Early,08/20/26 11:35:57.787 PM EDT,$0.00
Cam Smith 8.5,MLB-PHRR-FG-00C5B53EKUS1N28-CATH000-GTE-P00085,Settled Early,08/20/26 11:36:13.680 PM EDT,$0.00
Cam Smith 6.5,MLB-PHRR-FG-00C5B53EKUS1N28-CATH000-GTE-P00065,Settled Early,08/20/26 11:36:14.044 PM EDT,$0.00
Cam Smith 0.5,MLB-PHRR-FG-00C5B53EKUS1N28-CATH000-GTE-P00005,Settled Early,08/20/26 11:36:14.419 PM EDT,$1.00
Cam Smith 1.5,MLB-PHRR-FG-00C5B53EKUS1N28-CATH000-GTE-P00015,Settled Early,08/20/26 11:36:14.828 PM EDT,$0.00
Cam Smith 2.5,MLB-PHRR-FG-00C5B53EKUS1N28-CATH000-GTE-P00025,Settled Early,08/20/26 11:36:15.380 PM EDT,$0.00
Cam Smith 3.5,MLB-PHRR-FG-00C5B53EKUS1N28-CATH000-GTE-P00035,Settled Early,08/20/26 11:36:15.700 PM EDT,$0.00
Cam Smith 4.5,MLB-PHRR-FG-00C5B53EKUS1N28-CATH000-GTE-P00045,Settled Early,08/20/26 11:36:16.264 PM EDT,$0.00
Cam Smith 5.5,MLB-PHRR-FG-00C5B53EKUS1N28-CATH000-GTE-P00055,Settled Early,08/20/26 11:36:16.594 PM EDT,$0.00
Cam Smith 7.5,MLB-PHRR-FG-00C5B53EKUS1N28-CATH000-GTE-P00075,Settled Early,08/20/26 11:36:16.895 PM EDT,$0.00
Cam Smith 9.5,MLB-PHRR-FG-00C5B53EKUS1N28-CATH000-GTE-P00095,Settled Early,08/20/26 11:36:17.195 PM EDT,$0.00
Christian Vazquez 2.5,MLB-PHRR-FG-00C5B53EKUS1N28-CHEZ001-GTE-P00025,Settled Early,08/20/26 11:36:45.441 PM EDT,$0.00
Christian Vazquez 4.5,MLB-PHRR-FG-00C5B53EKUS1N28-CHEZ001-GTE-P00045,Settled Early,08/20/26 11:36:45.829 PM EDT,$0.00
Christian Vazquez 5.5,MLB-PHRR-FG-00C5B53EKUS1N28-CHEZ001-GTE-P00055,Settled Early,08/20/26 11:36:46.159 PM EDT,$0.00
Christian Vazquez 0.5,MLB-PHRR-FG-00C5B53EKUS1N28-CHEZ001-GTE-P00005,Settled Early,08/20/26 11:36:46.459 PM EDT,$1.00
Christian Vazquez 3.5,MLB-PHRR-FG-00C5B53EKUS1N28-CHEZ001-GTE-P00035,Settled Early,08/20/26 11:36:46.811 PM EDT,$0.00
Christian Vazquez 1.5,MLB-PHRR-FG-00C5B53EKUS1N28-CHEZ001-GTE-P00015,Settled Early,08/20/26 11:36:47.214 PM EDT,$0.00
Christian Vazquez 8.5,MLB-PHRR-FG-00C5B53EKUS1N28-CHEZ001-GTE-P00085,Settled Early,08/20/26 11:36:47.539 PM EDT,$0.00
Christian Vazquez 7.5,MLB-PHRR-FG-00C5B53EKUS1N28-CHEZ001-GTE-P00075,Settled Early,08/20/26 11:36:47.855 PM EDT,$0.00
Christian Vazquez 9.5,MLB-PHRR-FG-00C5B53EKUS1N28-CHEZ001-GTE-P00095,Settled Early,08/20/26 11:36:48.145 PM EDT,$0.00
Christian Vazquez 6.5,MLB-PHRR-FG-00C5B53EKUS1N28-CHEZ001-GTE-P00065,Settled Early,08/20/26 11:36:48.464 PM EDT,$0.00
Isaac Paredes 9.5,MLB-PHRR-FG-00C5B53EKUS1N28-ISES000-GTE-P00095,Settled Early,08/20/26 11:37:13.776 PM EDT,$0.00
Isaac Paredes 0.5,MLB-PHRR-FG-00C5B53EKUS1N28-ISES000-GTE-P00005,Settled Early,08/20/26 11:37:14.148 PM EDT,$1.00
Isaac Paredes 1.5,MLB-PHRR-FG-00C5B53EKUS1N28-ISES000-GTE-P00015,Settled Early,08/20/26 11:37:14.438 PM EDT,$1.00
Isaac Paredes 2.5,MLB-PHRR-FG-00C5B53EKUS1N28-ISES000-GTE-P00025,Settled Early,08/20/26 11:37:14.862 PM EDT,$0.00
Isaac Paredes 3.5,MLB-PHRR-FG-00C5B53EKUS1N28-ISES000-GTE-P00035,Settled Early,08/20/26 11:37:15.351 PM EDT,$0.00
Isaac Paredes 4.5,MLB-PHRR-FG-00C5B53EKUS1N28-ISES000-GTE-P00045,Settled Early,08/20/26 11:37:15.690 PM EDT,$0.00
Isaac Paredes 5.5,MLB-PHRR-FG-00C5B53EKUS1N28-ISES000-GTE-P00055,Settled Early,08/20/26 11:37:16.065 PM EDT,$0.00
Isaac Paredes 6.5,MLB-PHRR-FG-00C5B53EKUS1N28-ISES000-GTE-P00065,Settled Early,08/20/26 11:37:16.396 PM EDT,$0.00
Isaac Paredes 7.5,MLB-PHRR-FG-00C5B53EKUS1N28-ISES000-GTE-P00075,Settled Early,08/20/26 11:37:16.713 PM EDT,$0.00
Isaac Paredes 8.5,MLB-PHRR-FG-00C5B53EKUS1N28-ISES000-GTE-P00085,Settled Early,08/20/26 11:37:16.997 PM EDT,$0.00
Nick Allen 0.5,MLB-PHRR-FG-00C5B53EKUS1N28-NIEN000-GTE-P00005,Settled Early,08/20/26 11:37:51.542 PM EDT,$1.00
Nick Allen 2.5,MLB-PHRR-FG-00C5B53EKUS1N28-NIEN000-GTE-P00025,Settled Early,08/20/26 11:37:51.924 PM EDT,$0.00
Nick Allen 1.5,MLB-PHRR-FG-00C5B53EKUS1N28-NIEN000-GTE-P00015,Settled Early,08/20/26 11:37:52.278 PM EDT,$1.00
Nick Allen 6.5,MLB-PHRR-FG-00C5B53EKUS1N28-NIEN000-GTE-P00065,Settled Early,08/20/26 11:37:52.613 PM EDT,$0.00
Nick Allen 4.5,MLB-PHRR-FG-00C5B53EKUS1N28-NIEN000-GTE-P00045,Settled Early,08/20/26 11:37:52.959 PM EDT,$0.00
Nick Allen 3.5,MLB-PHRR-FG-00C5B53EKUS1N28-NIEN000-GTE-P00035,Settled Early,08/20/26 11:37:53.407 PM EDT,$0.00
Nick Allen 7.5,MLB-PHRR-FG-00C5B53EKUS1N28-NIEN000-GTE-P00075,Settled Early,08/20/26 11:37:53.736 PM EDT,$0.00
Nick Allen 9.5,MLB-PHRR-FG-00C5B53EKUS1N28-NIEN000-GTE-P00095,Settled Early,08/20/26 11:37:54.073 PM EDT,$0.00
Nick Allen 5.5,MLB-PHRR-FG-00C5B53EKUS1N28-NIEN000-GTE-P00055,Settled Early,08/20/26 11:37:54.438 PM EDT,$0.00
Nick Allen 8.5,MLB-PHRR-FG-00C5B53EKUS1N28-NIEN000-GTE-P00085,Settled Early,08/20/26 11:37:54.912 PM EDT,$0.00
Jose Altuve 0.5,MLB-PHRR-FG-00C5B53EKUS1N28-JOVE001-GTE-P00005,Settled Early,08/20/26 11:38:35.008 PM EDT,$0.00
Jose Altuve 7.5,MLB-PHRR-FG-00C5B53EKUS1N28-JOVE001-GTE-P00075,Settled Early,08/20/26 11:38:35.362 PM EDT,$0.00
Jose Altuve 1.5,MLB-PHRR-FG-00C5B53EKUS1N28-JOVE001-GTE-P00015,Settled Early,08/20/26 11:38:35.676 PM EDT,$0.00
Jose Altuve 2.5,MLB-PHRR-FG-00C5B53EKUS1N28-JOVE001-GTE-P00025,Settled Early,08/20/26 11:38:36.079 PM EDT,$0.00
Jose Altuve 3.5,MLB-PHRR-FG-00C5B53EKUS1N28-JOVE001-GTE-P00035,Settled Early,08/20/26 11:38:36.417 PM EDT,$0.00
Jose Altuve 4.5,MLB-PHRR-FG-00C5B53EKUS1N28-JOVE001-GTE-P00045,Settled Early,08/20/26 11:38:36.745 PM EDT,$0.00
Jose Altuve 5.5,MLB-PHRR-FG-00C5B53EKUS1N28-JOVE001-GTE-P00055,Settled Early,08/20/26 11:38:37.097 PM EDT,$0.00
Jose Altuve 6.5,MLB-PHRR-FG-00C5B53EKUS1N28-JOVE001-GTE-P00065,Settled Early,08/20/26 11:38:37.412 PM EDT,$0.00
Jose Altuve 8.5,MLB-PHRR-FG-00C5B53EKUS1N28-JOVE001-GTE-P00085,Settled Early,08/20/26 11:38:37.727 PM EDT,$0.00
Jose Altuve 9.5,MLB-PHRR-FG-00C5B53EKUS1N28-JOVE001-GTE-P00095,Settled Early,08/20/26 11:38:38.124 PM EDT,$0.00
Taylor Trammell 0.5,MLB-PHRR-FG-00C5B53EKUS1N28-TALL000-GTE-P00005,Settled Early,08/20/26 11:39:07.580 PM EDT,$0.00
Taylor Trammell 9.5,MLB-PHRR-FG-00C5B53EKUS1N28-TALL000-GTE-P00095,Settled Early,08/20/26 11:39:07.888 PM EDT,$0.00
Taylor Trammell 8.5,MLB-PHRR-FG-00C5B53EKUS1N28-TALL000-GTE-P00085,Settled Early,08/20/26 11:39:08.176 PM EDT,$0.00
Taylor Trammell 1.5,MLB-PHRR-FG-00C5B53EKUS1N28-TALL000-GTE-P00015,Settled Early,08/20/26 11:39:08.454 PM EDT,$0.00
Taylor Trammell 2.5,MLB-PHRR-FG-00C5B53EKUS1N28-TALL000-GTE-P00025,Settled Early,08/20/26 11:39:08.849 PM EDT,$0.00
Taylor Trammell 3.5,MLB-PHRR-FG-00C5B53EKUS1N28-TALL000-GTE-P00035,Settled Early,08/20/26 11:39:09.171 PM EDT,$0.00
Taylor Trammell 4.5,MLB-PHRR-FG-00C5B53EKUS1N28-TALL000-GTE-P00045,Settled Early,08/20/26 11:39:09.478 PM EDT,$0.00
Taylor Trammell 5.5,MLB-PHRR-FG-00C5B53EKUS1N28-TALL000-GTE-P00055,Settled Early,08/20/26 11:39:09.818 PM EDT,$0.00
Taylor Trammell 6.5,MLB-PHRR-FG-00C5B53EKUS1N28-TALL000-GTE-P00065,Settled Early,08/20/26 11:39:10.173 PM EDT,$0.00
Taylor Trammell 7.5,MLB-PHRR-FG-00C5B53EKUS1N28-TALL000-GTE-P00075,Settled Early,08/20/26 11:39:10.456 PM EDT,$0.00
Yainer Diaz 0.5,MLB-PHRR-FG-00C5B53EKUS1N28-YAAZ001-GTE-P00005,Settled Early,08/20/26 11:39:37.193 PM EDT,$1.00
Yainer Diaz 8.5,MLB-PHRR-FG-00C5B53EKUS1N28-YAAZ001-GTE-P00085,Settled Early,08/20/26 11:39:37.527 PM EDT,$0.00
Yainer Diaz 6.5,MLB-PHRR-FG-00C5B53EKUS1N28-YAAZ001-GTE-P00065,Settled Early,08/20/26 11:39:37.844 PM EDT,$0.00
Yainer Diaz 5.5,MLB-PHRR-FG-00C5B53EKUS1N28-YAAZ001-GTE-P00055,Settled Early,08/20/26 11:39:38.235 PM EDT,$0.00
Yainer Diaz 9.5,MLB-PHRR-FG-00C5B53EKUS1N28-YAAZ001-GTE-P00095,Settled Early,08/20/26 11:39:38.542 PM EDT,$0.00
Yainer Diaz 7.5,MLB-PHRR-FG-00C5B53EKUS1N28-YAAZ001-GTE-P00075,Settled Early,08/20/26 11:39:38.871 PM EDT,$0.00
Yainer Diaz 4.5,MLB-PHRR-FG-00C5B53EKUS1N28-YAAZ001-GTE-P00045,Settled Early,08/20/26 11:39:39.229 PM EDT,$0.00
Yainer Diaz 3.5,MLB-PHRR-FG-00C5B53EKUS1N28-YAAZ001-GTE-P00035,Settled Early,08/20/26 11:39:39.541 PM EDT,$0.00
Yainer Diaz 1.5,MLB-PHRR-FG-00C5B53EKUS1N28-YAAZ001-GTE-P00015,Settled Early,08/20/26 11:39:39.860 PM EDT,$0.00
Yainer Diaz 2.5,MLB-PHRR-FG-00C5B53EKUS1N28-YAAZ001-GTE-P00025,Settled Early,08/20/26 11:39:40.184 PM EDT,$0.00
Denzer Guzman 1.5,MLB-PHRR-FG-00C5B53EKUS1N28-DEAN000-GTE-P00015,Settled Early,08/20/26 11:39:56.876 PM EDT,$1.00
Denzer Guzman 0.5,MLB-PHRR-FG-00C5B53EKUS1N28-DEAN000-GTE-P00005,Settled Early,08/20/26 11:39:57.232 PM EDT,$1.00
Denzer Guzman 6.5,MLB-PHRR-FG-00C5B53EKUS1N28-DEAN000-GTE-P00065,Settled Early,08/20/26 11:39:57.691 PM EDT,$0.00
Denzer Guzman 8.5,MLB-PHRR-FG-00C5B53EKUS1N28-DEAN000-GTE-P00085,Settled Early,08/20/26 11:39:58.030 PM EDT,$0.00
Denzer Guzman 9.5,MLB-PHRR-FG-00C5B53EKUS1N28-DEAN000-GTE-P00095,Settled Early,08/20/26 11:39:58.350 PM EDT,$0.00
Denzer Guzman 4.5,MLB-PHRR-FG-00C5B53EKUS1N28-DEAN000-GTE-P00045,Settled Early,08/20/26 11:39:58.780 PM EDT,$0.00
Denzer Guzman 7.5,MLB-PHRR-FG-00C5B53EKUS1N28-DEAN000-GTE-P00075,Settled Early,08/20/26 11:39:59.083 PM EDT,$0.00
Denzer Guzman 3.5,MLB-PHRR-FG-00C5B53EKUS1N28-DEAN000-GTE-P00035,Settled Early,08/20/26 11:39:59.380 PM EDT,$1.00
Denzer Guzman 2.5,MLB-PHRR-FG-00C5B53EKUS1N28-DEAN000-GTE-P00025,Settled Early,08/20/26 11:39:59.727 PM EDT,$1.00
Denzer Guzman 5.5,MLB-PHRR-FG-00C5B53EKUS1N28-DEAN000-GTE-P00055,Settled Early,08/20/26 11:40:00.003 PM EDT,$0.00
