Market Name,Ticker,Status,Date and Time of Settlement (ET),Price (USD)
Over 2.5,MLB-TRUNS-IT5-000F9TBUI50AH6G-GTE-P00025,Settled Early,08/01/26 12:33:23.351 AM EDT,$1.00
Over 0.5,MLB-TRUNS-IT5-000F9TBUI50AH6G-GTE-P00005,Settled Early,08/01/26 12:33:23.626 AM EDT,$1.00
Over 3.5,MLB-TRUNS-IT5-000F9TBUI50AH6G-GTE-P00035,Settled Early,08/01/26 12:33:23.827 AM EDT,$1.00
Over 1.5,MLB-TRUNS-IT5-000F9TBUI50AH6G-GTE-P00015,Settled Early,08/01/26 12:33:24.208 AM EDT,$1.00
Over 4.5,MLB-TRUNS-IT5-000F9TBUI50AH6G-GTE-P00045,Settled Early,08/01/26 12:33:24.399 AM EDT,$1.00
Over 9.5,MLB-TRUNS-IT5-000F9TBUI50AH6G-GTE-P00095,Settled Early,08/01/26 12:33:24.856 AM EDT,$0.00
Over 8.5,MLB-TRUNS-IT5-000F9TBUI50AH6G-GTE-P00085,Settled Early,08/01/26 12:33:25.067 AM EDT,$0.00
Over 7.5,MLB-TRUNS-IT5-000F9TBUI50AH6G-GTE-P00075,Settled Early,08/01/26 12:33:25.262 AM EDT,$0.00
Over 6.5,MLB-TRUNS-IT5-000F9TBUI50AH6G-GTE-P00065,Settled Early,08/01/26 12:33:25.469 AM EDT,$1.00
Over 5.5,MLB-TRUNS-IT5-000F9TBUI50AH6G-GTE-P00055,Settled Early,08/01/26 12:33:25.669 AM EDT,$1.00
Over 10.5,MLB-TRUNS-IT5-000F9TBUI50AH6G-GTE-P00105,Settled Early,08/01/26 12:33:25.895 AM EDT,$0.00
Over 6.5,MLB-TRUNS-IT5-000F9TAII50AG9O-GTE-P00065,Settled Early,08/01/26 12:34:58.260 AM EDT,$1.00
Over 4.5,MLB-TRUNS-IT5-000F9TAII50AG9O-GTE-P00045,Settled Early,08/01/26 12:34:58.573 AM EDT,$1.00
Over 7.5,MLB-TRUNS-IT5-000F9TAII50AG9O-GTE-P00075,Settled Early,08/01/26 12:34:58.925 AM EDT,$1.00
Over 5.5,MLB-TRUNS-IT5-000F9TAII50AG9O-GTE-P00055,Settled Early,08/01/26 12:34:59.123 AM EDT,$1.00
Over 1.5,MLB-TRUNS-IT5-000F9TAII50AG9O-GTE-P00015,Settled Early,08/01/26 12:34:59.315 AM EDT,$1.00
Over 2.5,MLB-TRUNS-IT5-000F9TAII50AG9O-GTE-P00025,Settled Early,08/01/26 12:34:59.755 AM EDT,$1.00
Over 0.5,MLB-TRUNS-IT5-000F9TAII50AG9O-GTE-P00005,Settled Early,08/01/26 12:34:59.969 AM EDT,$1.00
Over 10.5,MLB-TRUNS-IT5-000F9TAII50AG9O-GTE-P00105,Settled Early,08/01/26 12:35:00.141 AM EDT,$0.00
Over 3.5,MLB-TRUNS-IT5-000F9TAII50AG9O-GTE-P00035,Settled Early,08/01/26 12:35:00.313 AM EDT,$1.00
Over 8.5,MLB-TRUNS-IT5-000F9TAII50AG9O-GTE-P00085,Settled Early,08/01/26 12:35:00.575 AM EDT,$0.00
Over 9.5,MLB-TRUNS-IT5-000F9TAII50AG9O-GTE-P00095,Settled Early,08/01/26 12:35:00.775 AM EDT,$0.00
Over 0.5,MLB-TRUNS-I8-000F9T8JI50AGVO-GTE-P00005,Settled Early,08/01/26 12:38:06.455 AM EDT,$1.00
Over 1.5,MLB-TRUNS-I8-000F9T8JI50AGVO-GTE-P00015,Settled Early,08/01/26 12:38:06.784 AM EDT,$1.00
Over 2.5,MLB-TRUNS-I8-000F9T8JI50AGVO-GTE-P00025,Settled Early,08/01/26 12:38:07.101 AM EDT,$1.00
Over 4.5,MLB-TRUNS-I8-000F9T8JI50AGVO-GTE-P00045,Settled Early,08/01/26 12:38:07.493 AM EDT,$1.00
Over 3.5,MLB-TRUNS-I8-000F9T8JI50AGVO-GTE-P00035,Settled Early,08/01/26 12:38:07.689 AM EDT,$1.00
Over 5.5,MLB-TRUNS-IT5-000F9T8FI50AHA0-GTE-P00055,Settled Early,08/01/26 12:38:46.740 AM EDT,$1.00
Over 7.5,MLB-TRUNS-IT5-000F9T8FI50AHA0-GTE-P00075,Settled Early,08/01/26 12:38:47.197 AM EDT,$0.00
Over 8.5,MLB-TRUNS-IT5-000F9T8FI50AHA0-GTE-P00085,Settled Early,08/01/26 12:38:47.391 AM EDT,$0.00
Over 9.5,MLB-TRUNS-IT5-000F9T8FI50AHA0-GTE-P00095,Settled Early,08/01/26 12:38:47.584 AM EDT,$0.00
Over 10.5,MLB-TRUNS-IT5-000F9T8FI50AHA0-GTE-P00105,Settled Early,08/01/26 12:38:47.761 AM EDT,$0.00
Over 2.5,MLB-TRUNS-IT5-000F9T8FI50AHA0-GTE-P00025,Settled Early,08/01/26 12:38:47.935 AM EDT,$1.00
Over 4.5,MLB-TRUNS-IT5-000F9T8FI50AHA0-GTE-P00045,Settled Early,08/01/26 12:38:48.136 AM EDT,$1.00
Over 1.5,MLB-TRUNS-IT5-000F9T8FI50AHA0-GTE-P00015,Settled Early,08/01/26 12:38:48.532 AM EDT,$1.00
Over 0.5,MLB-TRUNS-IT5-000F9T8FI50AHA0-GTE-P00005,Settled Early,08/01/26 12:38:48.739 AM EDT,$1.00
Over 6.5,MLB-TRUNS-IT5-000F9T8FI50AHA0-GTE-P00065,Settled Early,08/01/26 12:38:48.906 AM EDT,$0.00
Over 3.5,MLB-TRUNS-IT5-000F9T8FI50AHA0-GTE-P00035,Settled Early,08/01/26 12:38:49.207 AM EDT,$1.00
Over 5.5,MLB-TRUNS-IT5-000F9T8VI50AG40-GTE-P00055,Settled Early,08/01/26 12:45:01.446 AM EDT,$1.00
Over 6.5,MLB-TRUNS-IT5-000F9T8VI50AG40-GTE-P00065,Settled Early,08/01/26 12:45:01.803 AM EDT,$0.00
Over 7.5,MLB-TRUNS-IT5-000F9T8VI50AG40-GTE-P00075,Settled Early,08/01/26 12:45:02.145 AM EDT,$0.00
Over 8.5,MLB-TRUNS-IT5-000F9T8VI50AG40-GTE-P00085,Settled Early,08/01/26 12:45:02.371 AM EDT,$0.00
Over 9.5,MLB-TRUNS-IT5-000F9T8VI50AG40-GTE-P00095,Settled Early,08/01/26 12:45:02.559 AM EDT,$0.00
Over 10.5,MLB-TRUNS-IT5-000F9T8VI50AG40-GTE-P00105,Settled Early,08/01/26 12:45:02.760 AM EDT,$0.00
Over 0.5,MLB-TRUNS-IT5-000F9T8VI50AG40-GTE-P00005,Settled Early,08/01/26 12:45:02.933 AM EDT,$1.00
Over 1.5,MLB-TRUNS-IT5-000F9T8VI50AG40-GTE-P00015,Settled Early,08/01/26 12:45:03.135 AM EDT,$1.00
Over 2.5,MLB-TRUNS-IT5-000F9T8VI50AG40-GTE-P00025,Settled Early,08/01/26 12:45:03.302 AM EDT,$1.00
Over 3.5,MLB-TRUNS-IT5-000F9T8VI50AG40-GTE-P00035,Settled Early,08/01/26 12:45:03.564 AM EDT,$1.00
Over 4.5,MLB-TRUNS-IT5-000F9T8VI50AG40-GTE-P00045,Settled Early,08/01/26 12:45:04.042 AM EDT,$1.00
Over 0.5,MLB-TRUNS-IT5-000F9TFPI50AH4O-GTE-P00005,Settled Early,08/01/26 12:45:26.995 AM EDT,$1.00
Over 1.5,MLB-TRUNS-IT5-000F9TFPI50AH4O-GTE-P00015,Settled Early,08/01/26 12:45:27.166 AM EDT,$1.00
Over 2.5,MLB-TRUNS-IT5-000F9TFPI50AH4O-GTE-P00025,Settled Early,08/01/26 12:45:27.337 AM EDT,$1.00
Over 7.5,MLB-TRUNS-IT5-000F9TFPI50AH4O-GTE-P00075,Settled Early,08/01/26 12:45:27.612 AM EDT,$0.00
Over 8.5,MLB-TRUNS-IT5-000F9TFPI50AH4O-GTE-P00085,Settled Early,08/01/26 12:45:27.775 AM EDT,$0.00
Over 4.5,MLB-TRUNS-IT5-000F9TFPI50AH4O-GTE-P00045,Settled Early,08/01/26 12:45:27.993 AM EDT,$0.00
Over 9.5,MLB-TRUNS-IT5-000F9TFPI50AH4O-GTE-P00095,Settled Early,08/01/26 12:45:28.326 AM EDT,$0.00
Over 10.5,MLB-TRUNS-IT5-000F9TFPI50AH4O-GTE-P00105,Settled Early,08/01/26 12:45:28.542 AM EDT,$0.00
Over 3.5,MLB-TRUNS-IT5-000F9TFPI50AH4O-GTE-P00035,Settled Early,08/01/26 12:45:28.735 AM EDT,$0.00
Over 5.5,MLB-TRUNS-IT5-000F9TFPI50AH4O-GTE-P00055,Settled Early,08/01/26 12:45:28.993 AM EDT,$0.00
Over 6.5,MLB-TRUNS-IT5-000F9TFPI50AH4O-GTE-P00065,Settled Early,08/01/26 12:45:29.294 AM EDT,$0.00
Over 1.5,MLB-TRUNS-IT5-000F9T8JI50AGVO-GTE-P00015,Settled Early,08/01/26 12:47:43.770 AM EDT,$1.00
Over 4.5,MLB-TRUNS-IT5-000F9T8JI50AGVO-GTE-P00045,Settled Early,08/01/26 12:47:44.004 AM EDT,$0.00
Over 3.5,MLB-TRUNS-IT5-000F9T8JI50AGVO-GTE-P00035,Settled Early,08/01/26 12:47:44.457 AM EDT,$0.00
Over 6.5,MLB-TRUNS-IT5-000F9T8JI50AGVO-GTE-P00065,Settled Early,08/01/26 12:47:44.814 AM EDT,$0.00
Over 7.5,MLB-TRUNS-IT5-000F9T8JI50AGVO-GTE-P00075,Settled Early,08/01/26 12:47:45.011 AM EDT,$0.00
Over 2.5,MLB-TRUNS-IT5-000F9T8JI50AGVO-GTE-P00025,Settled Early,08/01/26 12:47:45.207 AM EDT,$1.00
Over 5.5,MLB-TRUNS-IT5-000F9T8JI50AGVO-GTE-P00055,Settled Early,08/01/26 12:47:45.377 AM EDT,$0.00
Over 10.5,MLB-TRUNS-IT5-000F9T8JI50AGVO-GTE-P00105,Settled Early,08/01/26 12:47:45.764 AM EDT,$0.00
Over 8.5,MLB-TRUNS-IT5-000F9T8JI50AGVO-GTE-P00085,Settled Early,08/01/26 12:47:45.934 AM EDT,$0.00
Over 9.5,MLB-TRUNS-IT5-000F9T8JI50AGVO-GTE-P00095,Settled Early,08/01/26 12:47:46.127 AM EDT,$0.00
Over 0.5,MLB-TRUNS-IT5-000F9T8JI50AGVO-GTE-P00005,Settled Early,08/01/26 12:47:46.296 AM EDT,$1.00
Over 6.5,MLB-TRUNS-FG-000F9T8JI50AGVO-GTE-P00065,Settled Early,08/01/26 12:49:25.215 AM EDT,$1.00
Over 10.5,MLB-TRUNS-FG-000F9T8JI50AGVO-GTE-P00105,Settled Early,08/01/26 12:49:25.434 AM EDT,$1.00
Over 14.5,MLB-TRUNS-FG-000F9T8JI50AGVO-GTE-P00145,Settled Early,08/01/26 12:49:25.625 AM EDT,$0.00
Over 11.5,MLB-TRUNS-FG-000F9T8JI50AGVO-GTE-P00115,Settled Early,08/01/26 12:49:25.821 AM EDT,$1.00
Over 13.5,MLB-TRUNS-FG-000F9T8JI50AGVO-GTE-P00135,Settled Early,08/01/26 12:49:26.006 AM EDT,$1.00
Over 8.5,MLB-TRUNS-FG-000F9T8JI50AGVO-GTE-P00085,Settled Early,08/01/26 12:49:26.233 AM EDT,$1.00
Over 12.5,MLB-TRUNS-FG-000F9T8JI50AGVO-GTE-P00125,Settled Early,08/01/26 12:49:26.431 AM EDT,$1.00
Over 5.5,MLB-TRUNS-FG-000F9T8JI50AGVO-GTE-P00055,Settled Early,08/01/26 12:49:26.615 AM EDT,$1.00
Over 7.5,MLB-TRUNS-FG-000F9T8JI50AGVO-GTE-P00075,Settled Early,08/01/26 12:49:26.800 AM EDT,$1.00
Over 4.5,MLB-TRUNS-FG-000F9T8JI50AGVO-GTE-P00045,Settled Early,08/01/26 12:49:26.972 AM EDT,$1.00
Over 9.5,MLB-TRUNS-FG-000F9T8JI50AGVO-GTE-P00095,Settled Early,08/01/26 12:49:27.174 AM EDT,$1.00
Over 15.5,MLB-TRUNS-FG-000F9T8JI50AGVO-GTE-P00155,Settled Early,08/01/26 12:49:27.363 AM EDT,$0.00
Over 3.5,MLB-TRUNS-FG-000F9T8JI50AGVO-GTE-P00035,Settled Early,08/01/26 12:49:27.552 AM EDT,$1.00
Over 14.5,MLB-TRUNS-FG-000F9T8VI50AG40-GTE-P00145,Settled Early,08/01/26 12:50:18.912 AM EDT,$0.00
Over 4.5,MLB-TRUNS-FG-000F9T8VI50AG40-GTE-P00045,Settled Early,08/01/26 12:50:19.084 AM EDT,$1.00
Over 3.5,MLB-TRUNS-FG-000F9T8VI50AG40-GTE-P00035,Settled Early,08/01/26 12:50:19.280 AM EDT,$1.00
Over 5.5,MLB-TRUNS-FG-000F9T8VI50AG40-GTE-P00055,Settled Early,08/01/26 12:50:19.478 AM EDT,$1.00
Over 15.5,MLB-TRUNS-FG-000F9T8VI50AG40-GTE-P00155,Settled Early,08/01/26 12:50:19.649 AM EDT,$0.00
Over 11.5,MLB-TRUNS-FG-000F9T8VI50AG40-GTE-P00115,Settled Early,08/01/26 12:50:19.839 AM EDT,$1.00
Over 12.5,MLB-TRUNS-FG-000F9T8VI50AG40-GTE-P00125,Settled Early,08/01/26 12:50:20.008 AM EDT,$1.00
Over 10.5,MLB-TRUNS-FG-000F9T8VI50AG40-GTE-P00105,Settled Early,08/01/26 12:50:20.180 AM EDT,$1.00
Over 8.5,MLB-TRUNS-FG-000F9T8VI50AG40-GTE-P00085,Settled Early,08/01/26 12:50:20.354 AM EDT,$1.00
Over 13.5,MLB-TRUNS-FG-000F9T8VI50AG40-GTE-P00135,Settled Early,08/01/26 12:50:20.562 AM EDT,$0.00
Over 9.5,MLB-TRUNS-FG-000F9T8VI50AG40-GTE-P00095,Settled Early,08/01/26 12:50:20.749 AM EDT,$1.00
Over 7.5,MLB-TRUNS-FG-000F9T8VI50AG40-GTE-P00075,Settled Early,08/01/26 12:50:20.917 AM EDT,$1.00
Over 6.5,MLB-TRUNS-FG-000F9T8VI50AG40-GTE-P00065,Settled Early,08/01/26 12:50:21.080 AM EDT,$1.00
Over 3.5,MLB-TRUNS-FG-000F9T8FI50AHA0-GTE-P00035,Settled Early,08/01/26 12:51:02.484 AM EDT,$1.00
Over 11.5,MLB-TRUNS-FG-000F9T8FI50AHA0-GTE-P00115,Settled Early,08/01/26 12:51:02.675 AM EDT,$0.00
Over 12.5,MLB-TRUNS-FG-000F9T8FI50AHA0-GTE-P00125,Settled Early,08/01/26 12:51:02.868 AM EDT,$0.00
Over 7.5,MLB-TRUNS-FG-000F9T8FI50AHA0-GTE-P00075,Settled Early,08/01/26 12:51:03.063 AM EDT,$0.00
Over 10.5,MLB-TRUNS-FG-000F9T8FI50AHA0-GTE-P00105,Settled Early,08/01/26 12:51:03.258 AM EDT,$0.00
Over 8.5,MLB-TRUNS-FG-000F9T8FI50AHA0-GTE-P00085,Settled Early,08/01/26 12:51:03.464 AM EDT,$0.00
Over 4.5,MLB-TRUNS-FG-000F9T8FI50AHA0-GTE-P00045,Settled Early,08/01/26 12:51:03.655 AM EDT,$1.00
Over 5.5,MLB-TRUNS-FG-000F9T8FI50AHA0-GTE-P00055,Settled Early,08/01/26 12:51:03.872 AM EDT,$1.00
Over 6.5,MLB-TRUNS-FG-000F9T8FI50AHA0-GTE-P00065,Settled Early,08/01/26 12:51:04.039 AM EDT,$1.00
Over 15.5,MLB-TRUNS-FG-000F9T8FI50AHA0-GTE-P00155,Settled Early,08/01/26 12:51:04.210 AM EDT,$0.00
Over 9.5,MLB-TRUNS-FG-000F9T8FI50AHA0-GTE-P00095,Settled Early,08/01/26 12:51:04.380 AM EDT,$0.00
Over 13.5,MLB-TRUNS-FG-000F9T8FI50AHA0-GTE-P00135,Settled Early,08/01/26 12:51:04.553 AM EDT,$0.00
Over 14.5,MLB-TRUNS-FG-000F9T8FI50AHA0-GTE-P00145,Settled Early,08/01/26 12:51:04.749 AM EDT,$0.00
Over 4.5,MLB-TRUNS-IT5-000F839EI50D218-GTE-P00045,Settled Early,08/01/26 12:51:40.285 AM EDT,$1.00
Over 5.5,MLB-TRUNS-IT5-000F839EI50D218-GTE-P00055,Settled Early,08/01/26 12:51:40.642 AM EDT,$0.00
Over 6.5,MLB-TRUNS-IT5-000F839EI50D218-GTE-P00065,Settled Early,08/01/26 12:51:41.016 AM EDT,$0.00
Over 7.5,MLB-TRUNS-IT5-000F839EI50D218-GTE-P00075,Settled Early,08/01/26 12:51:41.347 AM EDT,$0.00
Over 8.5,MLB-TRUNS-IT5-000F839EI50D218-GTE-P00085,Settled Early,08/01/26 12:51:41.582 AM EDT,$0.00
Over 9.5,MLB-TRUNS-IT5-000F839EI50D218-GTE-P00095,Settled Early,08/01/26 12:51:41.808 AM EDT,$0.00
Over 10.5,MLB-TRUNS-IT5-000F839EI50D218-GTE-P00105,Settled Early,08/01/26 12:51:42.005 AM EDT,$0.00
Over 2.5,MLB-TRUNS-IT5-000F839EI50D218-GTE-P00025,Settled Early,08/01/26 12:51:42.220 AM EDT,$1.00
Over 3.5,MLB-TRUNS-IT5-000F839EI50D218-GTE-P00035,Settled Early,08/01/26 12:51:42.430 AM EDT,$1.00
Over 1.5,MLB-TRUNS-IT5-000F839EI50D218-GTE-P00015,Settled Early,08/01/26 12:51:42.682 AM EDT,$1.00
Over 0.5,MLB-TRUNS-IT5-000F839EI50D218-GTE-P00005,Settled Early,08/01/26 12:51:42.875 AM EDT,$1.00
Over 3.5,MLB-TRUNS-FG-000F9TAII50AG9O-GTE-P00035,Settled Early,08/01/26 12:52:07.743 AM EDT,$1.00
Over 4.5,MLB-TRUNS-FG-000F9TAII50AG9O-GTE-P00045,Settled Early,08/01/26 12:52:08.023 AM EDT,$1.00
Over 5.5,MLB-TRUNS-FG-000F9TAII50AG9O-GTE-P00055,Settled Early,08/01/26 12:52:08.242 AM EDT,$1.00
Over 6.5,MLB-TRUNS-FG-000F9TAII50AG9O-GTE-P00065,Settled Early,08/01/26 12:52:08.529 AM EDT,$1.00
Over 7.5,MLB-TRUNS-FG-000F9TAII50AG9O-GTE-P00075,Settled Early,08/01/26 12:52:08.759 AM EDT,$1.00
Over 9.5,MLB-TRUNS-FG-000F9TAII50AG9O-GTE-P00095,Settled Early,08/01/26 12:52:08.964 AM EDT,$0.00
Over 11.5,MLB-TRUNS-FG-000F9TAII50AG9O-GTE-P00115,Settled Early,08/01/26 12:52:09.205 AM EDT,$0.00
Over 15.5,MLB-TRUNS-FG-000F9TAII50AG9O-GTE-P00155,Settled Early,08/01/26 12:52:09.401 AM EDT,$0.00
Over 12.5,MLB-TRUNS-FG-000F9TAII50AG9O-GTE-P00125,Settled Early,08/01/26 12:52:09.601 AM EDT,$0.00
Over 8.5,MLB-TRUNS-FG-000F9TAII50AG9O-GTE-P00085,Settled Early,08/01/26 12:52:09.789 AM EDT,$0.00
Over 13.5,MLB-TRUNS-FG-000F9TAII50AG9O-GTE-P00135,Settled Early,08/01/26 12:52:10.024 AM EDT,$0.00
Over 10.5,MLB-TRUNS-FG-000F9TAII50AG9O-GTE-P00105,Settled Early,08/01/26 12:52:10.219 AM EDT,$0.00
Over 14.5,MLB-TRUNS-FG-000F9TAII50AG9O-GTE-P00145,Settled Early,08/01/26 12:52:10.391 AM EDT,$0.00
Over 3.5,MLB-TRUNS-FG-000F9TFPI50AH4O-GTE-P00035,Settled Early,08/01/26 12:52:43.063 AM EDT,$1.00
Over 4.5,MLB-TRUNS-FG-000F9TFPI50AH4O-GTE-P00045,Settled Early,08/01/26 12:52:43.316 AM EDT,$0.00
Over 5.5,MLB-TRUNS-FG-000F9TFPI50AH4O-GTE-P00055,Settled Early,08/01/26 12:52:43.529 AM EDT,$0.00
Over 7.5,MLB-TRUNS-FG-000F9TFPI50AH4O-GTE-P00075,Settled Early,08/01/26 12:52:43.764 AM EDT,$0.00
Over 13.5,MLB-TRUNS-FG-000F9TFPI50AH4O-GTE-P00135,Settled Early,08/01/26 12:52:44.025 AM EDT,$0.00
Over 8.5,MLB-TRUNS-FG-000F9TFPI50AH4O-GTE-P00085,Settled Early,08/01/26 12:52:44.231 AM EDT,$0.00
Over 10.5,MLB-TRUNS-FG-000F9TFPI50AH4O-GTE-P00105,Settled Early,08/01/26 12:52:44.436 AM EDT,$0.00
Over 6.5,MLB-TRUNS-FG-000F9TFPI50AH4O-GTE-P00065,Settled Early,08/01/26 12:52:44.613 AM EDT,$0.00
Over 9.5,MLB-TRUNS-FG-000F9TFPI50AH4O-GTE-P00095,Settled Early,08/01/26 12:52:44.788 AM EDT,$0.00
Over 11.5,MLB-TRUNS-FG-000F9TFPI50AH4O-GTE-P00115,Settled Early,08/01/26 12:52:44.999 AM EDT,$0.00
Over 12.5,MLB-TRUNS-FG-000F9TFPI50AH4O-GTE-P00125,Settled Early,08/01/26 12:52:45.163 AM EDT,$0.00
Over 15.5,MLB-TRUNS-FG-000F9TFPI50AH4O-GTE-P00155,Settled Early,08/01/26 12:52:45.356 AM EDT,$0.00
Over 14.5,MLB-TRUNS-FG-000F9TFPI50AH4O-GTE-P00145,Settled Early,08/01/26 12:52:45.525 AM EDT,$0.00
Javier Baez 1.5,MLB-PHRR-FG-000F9T8JI50AGVO-JAEZ000-GTE-P00015,Settled Early,08/01/26 01:04:56.715 AM EDT,$1.00
Javier Baez 2.5,MLB-PHRR-FG-000F9T8JI50AGVO-JAEZ000-GTE-P00025,Settled Early,08/01/26 01:04:56.993 AM EDT,$1.00
Javier Baez 4.5,MLB-PHRR-FG-000F9T8JI50AGVO-JAEZ000-GTE-P00045,Settled Early,08/01/26 01:04:57.225 AM EDT,$1.00
Javier Baez 5.5,MLB-PHRR-FG-000F9T8JI50AGVO-JAEZ000-GTE-P00055,Settled Early,08/01/26 01:04:57.491 AM EDT,$1.00
Javier Baez 6.5,MLB-PHRR-FG-000F9T8JI50AGVO-JAEZ000-GTE-P00065,Settled Early,08/01/26 01:04:57.726 AM EDT,$1.00
Javier Baez 7.5,MLB-PHRR-FG-000F9T8JI50AGVO-JAEZ000-GTE-P00075,Settled Early,08/01/26 01:04:57.935 AM EDT,$1.00
Javier Baez 0.5,MLB-PHRR-FG-000F9T8JI50AGVO-JAEZ000-GTE-P00005,Settled Early,08/01/26 01:04:58.185 AM EDT,$1.00
Javier Baez 8.5,MLB-PHRR-FG-000F9T8JI50AGVO-JAEZ000-GTE-P00085,Settled Early,08/01/26 01:04:58.410 AM EDT,$0.00
Javier Baez 9.5,MLB-PHRR-FG-000F9T8JI50AGVO-JAEZ000-GTE-P00095,Settled Early,08/01/26 01:04:58.603 AM EDT,$0.00
Javier Baez 3.5,MLB-PHRR-FG-000F9T8JI50AGVO-JAEZ000-GTE-P00035,Settled Early,08/01/26 01:04:58.831 AM EDT,$1.00
Over 1.5,MLB-TRUNS-I1-000F9T8FI50AHA0-GTE-P00015,Settled Early,08/01/26 01:52:44.101 AM EDT,$1.00
Over 2.5,MLB-TRUNS-I1-000F9T8FI50AHA0-GTE-P00025,Settled Early,08/01/26 01:52:44.562 AM EDT,$0.00
Over 0.5,MLB-TRUNS-I1-000F9T8FI50AHA0-GTE-P00005,Settled Early,08/01/26 01:52:44.956 AM EDT,$1.00
Over 4.5,MLB-TRUNS-I1-000F9T8FI50AHA0-GTE-P00045,Settled Early,08/01/26 01:52:45.275 AM EDT,$0.00
Over 3.5,MLB-TRUNS-I1-000F9T8FI50AHA0-GTE-P00035,Settled Early,08/01/26 01:52:45.502 AM EDT,$0.00
Over 1.5,MLB-TRUNS-I4-000F9T8FI50AHA0-GTE-P00015,Settled Early,08/01/26 01:52:58.387 AM EDT,$1.00
Over 3.5,MLB-TRUNS-I4-000F9T8FI50AHA0-GTE-P00035,Settled Early,08/01/26 01:52:58.680 AM EDT,$0.00
Over 0.5,MLB-TRUNS-I4-000F9T8FI50AHA0-GTE-P00005,Settled Early,08/01/26 01:52:58.956 AM EDT,$1.00
Over 2.5,MLB-TRUNS-I4-000F9T8FI50AHA0-GTE-P00025,Settled Early,08/01/26 01:52:59.221 AM EDT,$1.00
Over 4.5,MLB-TRUNS-I4-000F9T8FI50AHA0-GTE-P00045,Settled Early,08/01/26 01:52:59.492 AM EDT,$0.00
Over 2.5,MLB-TRUNS-I8-000F9T8FI50AHA0-GTE-P00025,Settled Early,08/01/26 01:53:15.734 AM EDT,$0.00
Over 1.5,MLB-TRUNS-I8-000F9T8FI50AHA0-GTE-P00015,Settled Early,08/01/26 01:53:15.988 AM EDT,$0.00
Over 0.5,MLB-TRUNS-I8-000F9T8FI50AHA0-GTE-P00005,Settled Early,08/01/26 01:53:16.244 AM EDT,$0.00
Over 4.5,MLB-TRUNS-I8-000F9T8FI50AHA0-GTE-P00045,Settled Early,08/01/26 01:53:16.481 AM EDT,$0.00
Over 3.5,MLB-TRUNS-I8-000F9T8FI50AHA0-GTE-P00035,Settled Early,08/01/26 01:53:16.712 AM EDT,$0.00
Over 0.5,MLB-TRUNS-I6-000F9T8FI50AHA0-GTE-P00005,Settled Early,08/01/26 01:53:51.436 AM EDT,$1.00
Over 2.5,MLB-TRUNS-I6-000F9T8FI50AHA0-GTE-P00025,Settled Early,08/01/26 01:53:51.703 AM EDT,$0.00
Over 1.5,MLB-TRUNS-I6-000F9T8FI50AHA0-GTE-P00015,Settled Early,08/01/26 01:53:52.009 AM EDT,$0.00
Over 3.5,MLB-TRUNS-I6-000F9T8FI50AHA0-GTE-P00035,Settled Early,08/01/26 01:53:52.227 AM EDT,$0.00
Over 4.5,MLB-TRUNS-I6-000F9T8FI50AHA0-GTE-P00045,Settled Early,08/01/26 01:53:52.425 AM EDT,$0.00
Over 0.5,MLB-TRUNS-I9-000F9T8FI50AHA0-GTE-P00005,Settled Early,08/01/26 01:54:08.616 AM EDT,$0.00
Over 2.5,MLB-TRUNS-I9-000F9T8FI50AHA0-GTE-P00025,Settled Early,08/01/26 01:54:08.867 AM EDT,$0.00
Over 4.5,MLB-TRUNS-I9-000F9T8FI50AHA0-GTE-P00045,Settled Early,08/01/26 01:54:09.087 AM EDT,$0.00
Over 1.5,MLB-TRUNS-I9-000F9T8FI50AHA0-GTE-P00015,Settled Early,08/01/26 01:54:09.356 AM EDT,$0.00
Over 3.5,MLB-TRUNS-I9-000F9T8FI50AHA0-GTE-P00035,Settled Early,08/01/26 01:54:09.600 AM EDT,$0.00
Over 0.5,MLB-TRUNS-I5-000F9T8FI50AHA0-GTE-P00005,Settled Early,08/01/26 01:54:27.880 AM EDT,$0.00
Over 2.5,MLB-TRUNS-I5-000F9T8FI50AHA0-GTE-P00025,Settled Early,08/01/26 01:54:28.400 AM EDT,$0.00
Over 3.5,MLB-TRUNS-I5-000F9T8FI50AHA0-GTE-P00035,Settled Early,08/01/26 01:54:28.981 AM EDT,$0.00
Over 4.5,MLB-TRUNS-I5-000F9T8FI50AHA0-GTE-P00045,Settled Early,08/01/26 01:54:29.485 AM EDT,$0.00
Over 1.5,MLB-TRUNS-I5-000F9T8FI50AHA0-GTE-P00015,Settled Early,08/01/26 01:54:29.864 AM EDT,$0.00
Yordan Alvarez 7.5,MLB-PHRR-FG-000F9T8VI50AG40-YOEZ000-GTE-P00075,Settled Early,08/01/26 01:54:32.337 AM EDT,$0.00
Yordan Alvarez 8.5,MLB-PHRR-FG-000F9T8VI50AG40-YOEZ000-GTE-P00085,Settled Early,08/01/26 01:54:32.620 AM EDT,$0.00
Yordan Alvarez 9.5,MLB-PHRR-FG-000F9T8VI50AG40-YOEZ000-GTE-P00095,Settled Early,08/01/26 01:54:32.846 AM EDT,$0.00
Yordan Alvarez 4.5,MLB-PHRR-FG-000F9T8VI50AG40-YOEZ000-GTE-P00045,Settled Early,08/01/26 01:54:33.099 AM EDT,$0.00
Yordan Alvarez 6.5,MLB-PHRR-FG-000F9T8VI50AG40-YOEZ000-GTE-P00065,Settled Early,08/01/26 01:54:33.354 AM EDT,$0.00
Yordan Alvarez 1.5,MLB-PHRR-FG-000F9T8VI50AG40-YOEZ000-GTE-P00015,Settled Early,08/01/26 01:54:33.544 AM EDT,$1.00
Yordan Alvarez 2.5,MLB-PHRR-FG-000F9T8VI50AG40-YOEZ000-GTE-P00025,Settled Early,08/01/26 01:54:33.864 AM EDT,$1.00
Yordan Alvarez 5.5,MLB-PHRR-FG-000F9T8VI50AG40-YOEZ000-GTE-P00055,Settled Early,08/01/26 01:54:34.119 AM EDT,$0.00
Yordan Alvarez 3.5,MLB-PHRR-FG-000F9T8VI50AG40-YOEZ000-GTE-P00035,Settled Early,08/01/26 01:54:34.396 AM EDT,$1.00
Yordan Alvarez 0.5,MLB-PHRR-FG-000F9T8VI50AG40-YOEZ000-GTE-P00005,Settled Early,08/01/26 01:54:34.624 AM EDT,$1.00
Yordan Alvarez 6.5,MLB-PTBS-FG-000F9T8VI50AG40-YOEZ000-GTE-P00065,Settled Early,08/01/26 01:55:00.526 AM EDT,$0.00
Over 0.5,MLB-TRUNS-I2-000F9T8FI50AHA0-GTE-P00005,Settled Early,08/01/26 01:55:00.721 AM EDT,$0.00
Yordan Alvarez 0.5,MLB-PTBS-FG-000F9T8VI50AG40-YOEZ000-GTE-P00005,Settled Early,08/01/26 01:55:00.774 AM EDT,$1.00
Yordan Alvarez 5.5,MLB-PTBS-FG-000F9T8VI50AG40-YOEZ000-GTE-P00055,Settled Early,08/01/26 01:55:01.001 AM EDT,$0.00
Over 4.5,MLB-TRUNS-I2-000F9T8FI50AHA0-GTE-P00045,Settled Early,08/01/26 01:55:01.088 AM EDT,$0.00
Yordan Alvarez 7.5,MLB-PTBS-FG-000F9T8VI50AG40-YOEZ000-GTE-P00075,Settled Early,08/01/26 01:55:01.278 AM EDT,$0.00
Over 3.5,MLB-TRUNS-I2-000F9T8FI50AHA0-GTE-P00035,Settled Early,08/01/26 01:55:01.392 AM EDT,$0.00
Yordan Alvarez 3.5,MLB-PTBS-FG-000F9T8VI50AG40-YOEZ000-GTE-P00035,Settled Early,08/01/26 01:55:01.605 AM EDT,$0.00
Over 1.5,MLB-TRUNS-I2-000F9T8FI50AHA0-GTE-P00015,Settled Early,08/01/26 01:55:01.675 AM EDT,$0.00
Yordan Alvarez 2.5,MLB-PTBS-FG-000F9T8VI50AG40-YOEZ000-GTE-P00025,Settled Early,08/01/26 01:55:01.810 AM EDT,$0.00
Over 2.5,MLB-TRUNS-I2-000F9T8FI50AHA0-GTE-P00025,Settled Early,08/01/26 01:55:01.975 AM EDT,$0.00
Yordan Alvarez 1.5,MLB-PTBS-FG-000F9T8VI50AG40-YOEZ000-GTE-P00015,Settled Early,08/01/26 01:55:02.053 AM EDT,$1.00
Yordan Alvarez 4.5,MLB-PTBS-FG-000F9T8VI50AG40-YOEZ000-GTE-P00045,Settled Early,08/01/26 01:55:02.364 AM EDT,$0.00
Over 3.5,MLB-TRUNS-I7-000F9T8FI50AHA0-GTE-P00035,Settled Early,08/01/26 01:55:21.973 AM EDT,$0.00
Over 4.5,MLB-TRUNS-I7-000F9T8FI50AHA0-GTE-P00045,Settled Early,08/01/26 01:55:22.242 AM EDT,$0.00
Over 2.5,MLB-TRUNS-I7-000F9T8FI50AHA0-GTE-P00025,Settled Early,08/01/26 01:55:22.477 AM EDT,$0.00
Over 0.5,MLB-TRUNS-I7-000F9T8FI50AHA0-GTE-P00005,Settled Early,08/01/26 01:55:22.694 AM EDT,$0.00
Over 1.5,MLB-TRUNS-I7-000F9T8FI50AHA0-GTE-P00015,Settled Early,08/01/26 01:55:23.016 AM EDT,$0.00
Over 4.5,MLB-TRUNS-I3-000F9T8FI50AHA0-GTE-P00045,Settled Early,08/01/26 01:55:35.591 AM EDT,$0.00
Over 2.5,MLB-TRUNS-I3-000F9T8FI50AHA0-GTE-P00025,Settled Early,08/01/26 01:55:35.842 AM EDT,$0.00
Over 0.5,MLB-TRUNS-I3-000F9T8FI50AHA0-GTE-P00005,Settled Early,08/01/26 01:55:36.056 AM EDT,$1.00
Over 1.5,MLB-TRUNS-I3-000F9T8FI50AHA0-GTE-P00015,Settled Early,08/01/26 01:55:36.287 AM EDT,$0.00
Over 3.5,MLB-TRUNS-I3-000F9T8FI50AHA0-GTE-P00035,Settled Early,08/01/26 01:55:36.547 AM EDT,$0.00
Rafael Devers 9.5,MLB-PHRR-FG-000F9T8FI50AHA0-RARS000-GTE-P00095,Settled Early,08/01/26 01:56:17.419 AM EDT,$0.00
Rafael Devers 3.5,MLB-PHRR-FG-000F9T8FI50AHA0-RARS000-GTE-P00035,Settled Early,08/01/26 01:56:17.670 AM EDT,$0.00
Rafael Devers 1.5,MLB-PHRR-FG-000F9T8FI50AHA0-RARS000-GTE-P00015,Settled Early,08/01/26 01:56:17.905 AM EDT,$0.00
Rafael Devers 2.5,MLB-PHRR-FG-000F9T8FI50AHA0-RARS000-GTE-P00025,Settled Early,08/01/26 01:56:18.248 AM EDT,$0.00
Rafael Devers 0.5,MLB-PHRR-FG-000F9T8FI50AHA0-RARS000-GTE-P00005,Settled Early,08/01/26 01:56:18.486 AM EDT,$0.00
Rafael Devers 7.5,MLB-PHRR-FG-000F9T8FI50AHA0-RARS000-GTE-P00075,Settled Early,08/01/26 01:56:18.708 AM EDT,$0.00
Rafael Devers 6.5,MLB-PHRR-FG-000F9T8FI50AHA0-RARS000-GTE-P00065,Settled Early,08/01/26 01:56:18.928 AM EDT,$0.00
Rafael Devers 8.5,MLB-PHRR-FG-000F9T8FI50AHA0-RARS000-GTE-P00085,Settled Early,08/01/26 01:56:19.153 AM EDT,$0.00
Rafael Devers 4.5,MLB-PHRR-FG-000F9T8FI50AHA0-RARS000-GTE-P00045,Settled Early,08/01/26 01:56:19.350 AM EDT,$0.00
Rafael Devers 5.5,MLB-PHRR-FG-000F9T8FI50AHA0-RARS000-GTE-P00055,Settled Early,08/01/26 01:56:19.571 AM EDT,$0.00
Rafael Devers 3.5,MLB-PRBI-FG-000F9T8FI50AHA0-RARS000-GTE-P00035,Settled Early,08/01/26 01:56:29.091 AM EDT,$0.00
Rafael Devers 0.5,MLB-PRBI-FG-000F9T8FI50AHA0-RARS000-GTE-P00005,Settled Early,08/01/26 01:56:29.360 AM EDT,$0.00
Rafael Devers 2.5,MLB-PRBI-FG-000F9T8FI50AHA0-RARS000-GTE-P00025,Settled Early,08/01/26 01:56:29.566 AM EDT,$0.00
Rafael Devers 1.5,MLB-PRBI-FG-000F9T8FI50AHA0-RARS000-GTE-P00015,Settled Early,08/01/26 01:56:29.771 AM EDT,$0.00
Rafael Devers 4.5,MLB-PRBI-FG-000F9T8FI50AHA0-RARS000-GTE-P00045,Settled Early,08/01/26 01:56:30.029 AM EDT,$0.00
Rafael Devers 1.5,MLB-PHIT-FG-000F9T8FI50AHA0-RARS000-GTE-P00015,Settled Early,08/01/26 01:56:44.314 AM EDT,$0.00
Rafael Devers 2.5,MLB-PHIT-FG-000F9T8FI50AHA0-RARS000-GTE-P00025,Settled Early,08/01/26 01:56:44.586 AM EDT,$0.00
Rafael Devers 0.5,MLB-PHIT-FG-000F9T8FI50AHA0-RARS000-GTE-P00005,Settled Early,08/01/26 01:56:44.867 AM EDT,$0.00
Rafael Devers 3.5,MLB-PHIT-FG-000F9T8FI50AHA0-RARS000-GTE-P00035,Settled Early,08/01/26 01:56:45.113 AM EDT,$0.00
Rafael Devers 4.5,MLB-PHIT-FG-000F9T8FI50AHA0-RARS000-GTE-P00045,Settled Early,08/01/26 01:56:45.328 AM EDT,$0.00
Rafael Devers 1.5,MLB-PHRN-FG-000F9T8FI50AHA0-RARS000-GTE-P00015,Settled Early,08/01/26 01:56:53.874 AM EDT,$0.00
Rafael Devers 0.5,MLB-PHRN-FG-000F9T8FI50AHA0-RARS000-GTE-P00005,Settled Early,08/01/26 01:56:54.105 AM EDT,$0.00
Rafael Devers 2.5,MLB-PHRN-FG-000F9T8FI50AHA0-RARS000-GTE-P00025,Settled Early,08/01/26 01:56:54.349 AM EDT,$0.00
Yordan Alvarez 4.5,MLB-PRBI-FG-000F9T8VI50AG40-YOEZ000-GTE-P00045,Settled Early,08/01/26 01:57:04.121 AM EDT,$0.00
Yordan Alvarez 2.5,MLB-PRBI-FG-000F9T8VI50AG40-YOEZ000-GTE-P00025,Settled Early,08/01/26 01:57:04.351 AM EDT,$0.00
Yordan Alvarez 3.5,MLB-PRBI-FG-000F9T8VI50AG40-YOEZ000-GTE-P00035,Settled Early,08/01/26 01:57:04.579 AM EDT,$0.00
Yordan Alvarez 0.5,MLB-PRBI-FG-000F9T8VI50AG40-YOEZ000-GTE-P00005,Settled Early,08/01/26 01:57:04.780 AM EDT,$1.00
Yordan Alvarez 1.5,MLB-PRBI-FG-000F9T8VI50AG40-YOEZ000-GTE-P00015,Settled Early,08/01/26 01:57:04.966 AM EDT,$1.00
Yordan Alvarez 0.5,MLB-PHIT-FG-000F9T8VI50AG40-YOEZ000-GTE-P00005,Settled Early,08/01/26 01:57:15.819 AM EDT,$1.00
Yordan Alvarez 1.5,MLB-PHIT-FG-000F9T8VI50AG40-YOEZ000-GTE-P00015,Settled Early,08/01/26 01:57:16.109 AM EDT,$1.00
Yordan Alvarez 3.5,MLB-PHIT-FG-000F9T8VI50AG40-YOEZ000-GTE-P00035,Settled Early,08/01/26 01:57:16.361 AM EDT,$0.00
Yordan Alvarez 4.5,MLB-PHIT-FG-000F9T8VI50AG40-YOEZ000-GTE-P00045,Settled Early,08/01/26 01:57:16.588 AM EDT,$0.00
Bryce Eldridge 2.5,MLB-PHRR-FG-000F9T8FI50AHA0-BRGE001-GTE-P00025,Settled Early,08/01/26 01:57:16.770 AM EDT,$0.00
Yordan Alvarez 2.5,MLB-PHIT-FG-000F9T8VI50AG40-YOEZ000-GTE-P00025,Settled Early,08/01/26 01:57:16.884 AM EDT,$0.00
Bryce Eldridge 3.5,MLB-PHRR-FG-000F9T8FI50AHA0-BRGE001-GTE-P00035,Settled Early,08/01/26 01:57:16.986 AM EDT,$0.00
Bryce Eldridge 1.5,MLB-PHRR-FG-000F9T8FI50AHA0-BRGE001-GTE-P00015,Settled Early,08/01/26 01:57:17.265 AM EDT,$0.00
Bryce Eldridge 0.5,MLB-PHRR-FG-000F9T8FI50AHA0-BRGE001-GTE-P00005,Settled Early,08/01/26 01:57:17.514 AM EDT,$0.00
Bryce Eldridge 6.5,MLB-PHRR-FG-000F9T8FI50AHA0-BRGE001-GTE-P00065,Settled Early,08/01/26 01:57:17.729 AM EDT,$0.00
Bryce Eldridge 5.5,MLB-PHRR-FG-000F9T8FI50AHA0-BRGE001-GTE-P00055,Settled Early,08/01/26 01:57:17.914 AM EDT,$0.00
Bryce Eldridge 4.5,MLB-PHRR-FG-000F9T8FI50AHA0-BRGE001-GTE-P00045,Settled Early,08/01/26 01:57:18.092 AM EDT,$0.00
Bryce Eldridge 8.5,MLB-PHRR-FG-000F9T8FI50AHA0-BRGE001-GTE-P00085,Settled Early,08/01/26 01:57:18.336 AM EDT,$0.00
Bryce Eldridge 7.5,MLB-PHRR-FG-000F9T8FI50AHA0-BRGE001-GTE-P00075,Settled Early,08/01/26 01:57:18.532 AM EDT,$0.00
Bryce Eldridge 9.5,MLB-PHRR-FG-000F9T8FI50AHA0-BRGE001-GTE-P00095,Settled Early,08/01/26 01:57:18.719 AM EDT,$0.00
Yordan Alvarez 2.5,MLB-PHRN-FG-000F9T8VI50AG40-YOEZ000-GTE-P00025,Settled Early,08/01/26 01:57:26.960 AM EDT,$0.00
Yordan Alvarez 0.5,MLB-PHRN-FG-000F9T8VI50AG40-YOEZ000-GTE-P00005,Settled Early,08/01/26 01:57:27.229 AM EDT,$0.00
Yordan Alvarez 1.5,MLB-PHRN-FG-000F9T8VI50AG40-YOEZ000-GTE-P00015,Settled Early,08/01/26 01:57:27.468 AM EDT,$0.00
Bryce Eldridge 3.5,MLB-PRBI-FG-000F9T8FI50AHA0-BRGE001-GTE-P00035,Settled Early,08/01/26 01:57:33.638 AM EDT,$0.00
Bryce Eldridge 1.5,MLB-PRBI-FG-000F9T8FI50AHA0-BRGE001-GTE-P00015,Settled Early,08/01/26 01:57:33.890 AM EDT,$0.00
Bryce Eldridge 2.5,MLB-PRBI-FG-000F9T8FI50AHA0-BRGE001-GTE-P00025,Settled Early,08/01/26 01:57:34.137 AM EDT,$0.00
Bryce Eldridge 0.5,MLB-PRBI-FG-000F9T8FI50AHA0-BRGE001-GTE-P00005,Settled Early,08/01/26 01:57:34.372 AM EDT,$0.00
Bryce Eldridge 4.5,MLB-PRBI-FG-000F9T8FI50AHA0-BRGE001-GTE-P00045,Settled Early,08/01/26 01:57:34.614 AM EDT,$0.00
Bryce Eldridge 2.5,MLB-PTBS-FG-000F9T8FI50AHA0-BRGE001-GTE-P00025,Settled Early,08/01/26 01:57:44.615 AM EDT,$0.00
Bryce Eldridge 0.5,MLB-PTBS-FG-000F9T8FI50AHA0-BRGE001-GTE-P00005,Settled Early,08/01/26 01:57:44.869 AM EDT,$0.00
Bryce Eldridge 4.5,MLB-PTBS-FG-000F9T8FI50AHA0-BRGE001-GTE-P00045,Settled Early,08/01/26 01:57:45.106 AM EDT,$0.00
Bryce Eldridge 7.5,MLB-PTBS-FG-000F9T8FI50AHA0-BRGE001-GTE-P00075,Settled Early,08/01/26 01:57:45.316 AM EDT,$0.00
Bryce Eldridge 1.5,MLB-PTBS-FG-000F9T8FI50AHA0-BRGE001-GTE-P00015,Settled Early,08/01/26 01:57:45.548 AM EDT,$0.00
Bryce Eldridge 6.5,MLB-PTBS-FG-000F9T8FI50AHA0-BRGE001-GTE-P00065,Settled Early,08/01/26 01:57:45.759 AM EDT,$0.00
Bryce Eldridge 3.5,MLB-PTBS-FG-000F9T8FI50AHA0-BRGE001-GTE-P00035,Settled Early,08/01/26 01:57:45.951 AM EDT,$0.00
Bryce Eldridge 5.5,MLB-PTBS-FG-000F9T8FI50AHA0-BRGE001-GTE-P00055,Settled Early,08/01/26 01:57:46.169 AM EDT,$0.00
Bryce Eldridge 0.5,MLB-PHIT-FG-000F9T8FI50AHA0-BRGE001-GTE-P00005,Settled Early,08/01/26 01:57:52.466 AM EDT,$0.00
Bryce Eldridge 4.5,MLB-PHIT-FG-000F9T8FI50AHA0-BRGE001-GTE-P00045,Settled Early,08/01/26 01:57:52.740 AM EDT,$0.00
Bryce Eldridge 3.5,MLB-PHIT-FG-000F9T8FI50AHA0-BRGE001-GTE-P00035,Settled Early,08/01/26 01:57:53.012 AM EDT,$0.00
Bryce Eldridge 1.5,MLB-PHIT-FG-000F9T8FI50AHA0-BRGE001-GTE-P00015,Settled Early,08/01/26 01:57:53.211 AM EDT,$0.00
Bryce Eldridge 2.5,MLB-PHIT-FG-000F9T8FI50AHA0-BRGE001-GTE-P00025,Settled Early,08/01/26 01:57:53.434 AM EDT,$0.00
Bryce Eldridge 1.5,MLB-PHRN-FG-000F9T8FI50AHA0-BRGE001-GTE-P00015,Settled Early,08/01/26 01:58:02.054 AM EDT,$0.00
Bryce Eldridge 0.5,MLB-PHRN-FG-000F9T8FI50AHA0-BRGE001-GTE-P00005,Settled Early,08/01/26 01:58:02.318 AM EDT,$0.00
Bryce Eldridge 2.5,MLB-PHRN-FG-000F9T8FI50AHA0-BRGE001-GTE-P00025,Settled Early,08/01/26 01:58:02.553 AM EDT,$0.00
Joc Pederson 4.5,MLB-PHRR-FG-000F9T8VI50AG40-JOON005-GTE-P00045,Settled Early,08/01/26 01:58:16.351 AM EDT,$0.00
Joc Pederson 6.5,MLB-PHRR-FG-000F9T8VI50AG40-JOON005-GTE-P00065,Settled Early,08/01/26 01:58:16.691 AM EDT,$0.00
Joc Pederson 7.5,MLB-PHRR-FG-000F9T8VI50AG40-JOON005-GTE-P00075,Settled Early,08/01/26 01:58:16.962 AM EDT,$0.00
Joc Pederson 9.5,MLB-PHRR-FG-000F9T8VI50AG40-JOON005-GTE-P00095,Settled Early,08/01/26 01:58:17.236 AM EDT,$0.00
Joc Pederson 1.5,MLB-PHRR-FG-000F9T8VI50AG40-JOON005-GTE-P00015,Settled Early,08/01/26 01:58:17.453 AM EDT,$1.00
Joc Pederson 5.5,MLB-PHRR-FG-000F9T8VI50AG40-JOON005-GTE-P00055,Settled Early,08/01/26 01:58:17.710 AM EDT,$0.00
Joc Pederson 3.5,MLB-PHRR-FG-000F9T8VI50AG40-JOON005-GTE-P00035,Settled Early,08/01/26 01:58:17.902 AM EDT,$0.00
Joc Pederson 2.5,MLB-PHRR-FG-000F9T8VI50AG40-JOON005-GTE-P00025,Settled Early,08/01/26 01:58:18.104 AM EDT,$1.00
Joc Pederson 0.5,MLB-PHRR-FG-000F9T8VI50AG40-JOON005-GTE-P00005,Settled Early,08/01/26 01:58:18.343 AM EDT,$1.00
Joc Pederson 8.5,MLB-PHRR-FG-000F9T8VI50AG40-JOON005-GTE-P00085,Settled Early,08/01/26 01:58:18.530 AM EDT,$0.00
Joc Pederson 1.5,MLB-PTBS-FG-000F9T8VI50AG40-JOON005-GTE-P00015,Settled Early,08/01/26 01:58:33.608 AM EDT,$1.00
Joc Pederson 0.5,MLB-PTBS-FG-000F9T8VI50AG40-JOON005-GTE-P00005,Settled Early,08/01/26 01:58:33.864 AM EDT,$1.00
Joc Pederson 2.5,MLB-PTBS-FG-000F9T8VI50AG40-JOON005-GTE-P00025,Settled Early,08/01/26 01:58:34.133 AM EDT,$1.00
Joc Pederson 6.5,MLB-PTBS-FG-000F9T8VI50AG40-JOON005-GTE-P00065,Settled Early,08/01/26 01:58:34.340 AM EDT,$0.00
Joc Pederson 3.5,MLB-PTBS-FG-000F9T8VI50AG40-JOON005-GTE-P00035,Settled Early,08/01/26 01:58:34.541 AM EDT,$1.00
Joc Pederson 5.5,MLB-PTBS-FG-000F9T8VI50AG40-JOON005-GTE-P00055,Settled Early,08/01/26 01:58:34.767 AM EDT,$0.00
Joc Pederson 4.5,MLB-PTBS-FG-000F9T8VI50AG40-JOON005-GTE-P00045,Settled Early,08/01/26 01:58:34.974 AM EDT,$0.00
Joc Pederson 7.5,MLB-PTBS-FG-000F9T8VI50AG40-JOON005-GTE-P00075,Settled Early,08/01/26 01:58:35.154 AM EDT,$0.00
Joc Pederson 0.5,MLB-PRBI-FG-000F9T8VI50AG40-JOON005-GTE-P00005,Settled Early,08/01/26 01:58:43.693 AM EDT,$1.00
Joc Pederson 4.5,MLB-PRBI-FG-000F9T8VI50AG40-JOON005-GTE-P00045,Settled Early,08/01/26 01:58:43.921 AM EDT,$0.00
Joc Pederson 3.5,MLB-PRBI-FG-000F9T8VI50AG40-JOON005-GTE-P00035,Settled Early,08/01/26 01:58:44.168 AM EDT,$0.00
Joc Pederson 1.5,MLB-PRBI-FG-000F9T8VI50AG40-JOON005-GTE-P00015,Settled Early,08/01/26 01:58:44.397 AM EDT,$0.00
Joc Pederson 2.5,MLB-PRBI-FG-000F9T8VI50AG40-JOON005-GTE-P00025,Settled Early,08/01/26 01:58:44.636 AM EDT,$0.00
Joc Pederson 1.5,MLB-PHIT-FG-000F9T8VI50AG40-JOON005-GTE-P00015,Settled Early,08/01/26 01:58:52.955 AM EDT,$0.00
Joc Pederson 0.5,MLB-PHIT-FG-000F9T8VI50AG40-JOON005-GTE-P00005,Settled Early,08/01/26 01:58:53.210 AM EDT,$1.00
Joc Pederson 4.5,MLB-PHIT-FG-000F9T8VI50AG40-JOON005-GTE-P00045,Settled Early,08/01/26 01:58:53.453 AM EDT,$0.00
Joc Pederson 2.5,MLB-PHIT-FG-000F9T8VI50AG40-JOON005-GTE-P00025,Settled Early,08/01/26 01:58:53.689 AM EDT,$0.00
Joc Pederson 3.5,MLB-PHIT-FG-000F9T8VI50AG40-JOON005-GTE-P00035,Settled Early,08/01/26 01:58:53.880 AM EDT,$0.00
Joc Pederson 0.5,MLB-PHRN-FG-000F9T8VI50AG40-JOON005-GTE-P00005,Settled Early,08/01/26 01:59:04.102 AM EDT,$1.00
Joc Pederson 1.5,MLB-PHRN-FG-000F9T8VI50AG40-JOON005-GTE-P00015,Settled Early,08/01/26 01:59:04.380 AM EDT,$0.00
Joc Pederson 2.5,MLB-PHRN-FG-000F9T8VI50AG40-JOON005-GTE-P00025,Settled Early,08/01/26 01:59:04.629 AM EDT,$0.00
Luis Arraez 1.5,MLB-PHRR-FG-000F9T8FI50AHA0-LUEZ000-GTE-P00015,Settled Early,08/01/26 01:59:15.931 AM EDT,$0.00
Luis Arraez 2.5,MLB-PHRR-FG-000F9T8FI50AHA0-LUEZ000-GTE-P00025,Settled Early,08/01/26 01:59:16.186 AM EDT,$0.00
Luis Arraez 4.5,MLB-PHRR-FG-000F9T8FI50AHA0-LUEZ000-GTE-P00045,Settled Early,08/01/26 01:59:16.441 AM EDT,$0.00
Luis Arraez 5.5,MLB-PHRR-FG-000F9T8FI50AHA0-LUEZ000-GTE-P00055,Settled Early,08/01/26 01:59:16.689 AM EDT,$0.00
Luis Arraez 6.5,MLB-PHRR-FG-000F9T8FI50AHA0-LUEZ000-GTE-P00065,Settled Early,08/01/26 01:59:16.913 AM EDT,$0.00
Luis Arraez 8.5,MLB-PHRR-FG-000F9T8FI50AHA0-LUEZ000-GTE-P00085,Settled Early,08/01/26 01:59:17.111 AM EDT,$0.00
Luis Arraez 0.5,MLB-PHRR-FG-000F9T8FI50AHA0-LUEZ000-GTE-P00005,Settled Early,08/01/26 01:59:17.309 AM EDT,$1.00
Luis Arraez 7.5,MLB-PHRR-FG-000F9T8FI50AHA0-LUEZ000-GTE-P00075,Settled Early,08/01/26 01:59:17.497 AM EDT,$0.00
Luis Arraez 3.5,MLB-PHRR-FG-000F9T8FI50AHA0-LUEZ000-GTE-P00035,Settled Early,08/01/26 01:59:17.679 AM EDT,$0.00
Luis Arraez 9.5,MLB-PHRR-FG-000F9T8FI50AHA0-LUEZ000-GTE-P00095,Settled Early,08/01/26 01:59:17.968 AM EDT,$0.00
Luis Arraez 1.5,MLB-PRBI-FG-000F9T8FI50AHA0-LUEZ000-GTE-P00015,Settled Early,08/01/26 01:59:27.858 AM EDT,$0.00
Luis Arraez 0.5,MLB-PRBI-FG-000F9T8FI50AHA0-LUEZ000-GTE-P00005,Settled Early,08/01/26 01:59:28.108 AM EDT,$0.00
Luis Arraez 3.5,MLB-PRBI-FG-000F9T8FI50AHA0-LUEZ000-GTE-P00035,Settled Early,08/01/26 01:59:28.405 AM EDT,$0.00
Luis Arraez 4.5,MLB-PRBI-FG-000F9T8FI50AHA0-LUEZ000-GTE-P00045,Settled Early,08/01/26 01:59:28.651 AM EDT,$0.00
Luis Arraez 2.5,MLB-PRBI-FG-000F9T8FI50AHA0-LUEZ000-GTE-P00025,Settled Early,08/01/26 01:59:28.909 AM EDT,$0.00
Luis Arraez 1.5,MLB-PTBS-FG-000F9T8FI50AHA0-LUEZ000-GTE-P00015,Settled Early,08/01/26 01:59:37.686 AM EDT,$0.00
Luis Arraez 4.5,MLB-PTBS-FG-000F9T8FI50AHA0-LUEZ000-GTE-P00045,Settled Early,08/01/26 01:59:37.972 AM EDT,$0.00
Luis Arraez 0.5,MLB-PTBS-FG-000F9T8FI50AHA0-LUEZ000-GTE-P00005,Settled Early,08/01/26 01:59:38.262 AM EDT,$1.00
Luis Arraez 3.5,MLB-PTBS-FG-000F9T8FI50AHA0-LUEZ000-GTE-P00035,Settled Early,08/01/26 01:59:38.530 AM EDT,$0.00
Luis Arraez 2.5,MLB-PTBS-FG-000F9T8FI50AHA0-LUEZ000-GTE-P00025,Settled Early,08/01/26 01:59:38.760 AM EDT,$0.00
Luis Arraez 7.5,MLB-PTBS-FG-000F9T8FI50AHA0-LUEZ000-GTE-P00075,Settled Early,08/01/26 01:59:38.993 AM EDT,$0.00
Luis Arraez 5.5,MLB-PTBS-FG-000F9T8FI50AHA0-LUEZ000-GTE-P00055,Settled Early,08/01/26 01:59:39.204 AM EDT,$0.00
Luis Arraez 6.5,MLB-PTBS-FG-000F9T8FI50AHA0-LUEZ000-GTE-P00065,Settled Early,08/01/26 01:59:39.386 AM EDT,$0.00
Luis Arraez 0.5,MLB-PHIT-FG-000F9T8FI50AHA0-LUEZ000-GTE-P00005,Settled Early,08/01/26 01:59:45.804 AM EDT,$1.00
Luis Arraez 3.5,MLB-PHIT-FG-000F9T8FI50AHA0-LUEZ000-GTE-P00035,Settled Early,08/01/26 01:59:46.067 AM EDT,$0.00
Luis Arraez 1.5,MLB-PHIT-FG-000F9T8FI50AHA0-LUEZ000-GTE-P00015,Settled Early,08/01/26 01:59:46.300 AM EDT,$0.00
Luis Arraez 2.5,MLB-PHIT-FG-000F9T8FI50AHA0-LUEZ000-GTE-P00025,Settled Early,08/01/26 01:59:46.556 AM EDT,$0.00
Luis Arraez 4.5,MLB-PHIT-FG-000F9T8FI50AHA0-LUEZ000-GTE-P00045,Settled Early,08/01/26 01:59:46.778 AM EDT,$0.00
Luis Arraez 1.5,MLB-PHRN-FG-000F9T8FI50AHA0-LUEZ000-GTE-P00015,Settled Early,08/01/26 02:00:01.340 AM EDT,$0.00
Luis Arraez 2.5,MLB-PHRN-FG-000F9T8FI50AHA0-LUEZ000-GTE-P00025,Settled Early,08/01/26 02:00:01.643 AM EDT,$0.00
Luis Arraez 0.5,MLB-PHRN-FG-000F9T8FI50AHA0-LUEZ000-GTE-P00005,Settled Early,08/01/26 02:00:01.899 AM EDT,$0.00
Grant McCray 6.5,MLB-PHRR-FG-000F9T8FI50AHA0-GRAY000-GTE-P00065,Settled Early,08/01/26 02:00:15.840 AM EDT,$0.00
Grant McCray 5.5,MLB-PHRR-FG-000F9T8FI50AHA0-GRAY000-GTE-P00055,Settled Early,08/01/26 02:00:16.036 AM EDT,$0.00
Grant McCray 7.5,MLB-PHRR-FG-000F9T8FI50AHA0-GRAY000-GTE-P00075,Settled Early,08/01/26 02:00:16.256 AM EDT,$0.00
Grant McCray 8.5,MLB-PHRR-FG-000F9T8FI50AHA0-GRAY000-GTE-P00085,Settled Early,08/01/26 02:00:16.458 AM EDT,$0.00
Grant McCray 3.5,MLB-PHRR-FG-000F9T8FI50AHA0-GRAY000-GTE-P00035,Settled Early,08/01/26 02:00:16.667 AM EDT,$0.00
Grant McCray 1.5,MLB-PHRR-FG-000F9T8FI50AHA0-GRAY000-GTE-P00015,Settled Early,08/01/26 02:00:16.856 AM EDT,$0.00
Grant McCray 2.5,MLB-PHRR-FG-000F9T8FI50AHA0-GRAY000-GTE-P00025,Settled Early,08/01/26 02:00:17.029 AM EDT,$0.00
Grant McCray 4.5,MLB-PHRR-FG-000F9T8FI50AHA0-GRAY000-GTE-P00045,Settled Early,08/01/26 02:00:17.215 AM EDT,$0.00
Grant McCray 0.5,MLB-PHRR-FG-000F9T8FI50AHA0-GRAY000-GTE-P00005,Settled Early,08/01/26 02:00:17.421 AM EDT,$0.00
Grant McCray 9.5,MLB-PHRR-FG-000F9T8FI50AHA0-GRAY000-GTE-P00095,Settled Early,08/01/26 02:00:17.608 AM EDT,$0.00
Jackson Merrill 1.5,MLB-PHRR-FG-000F9T8FI50AHA0-JALL000-GTE-P00015,Settled Early,08/01/26 02:00:44.090 AM EDT,$0.00
Jackson Merrill 2.5,MLB-PHRR-FG-000F9T8FI50AHA0-JALL000-GTE-P00025,Settled Early,08/01/26 02:00:44.291 AM EDT,$0.00
Jackson Merrill 3.5,MLB-PHRR-FG-000F9T8FI50AHA0-JALL000-GTE-P00035,Settled Early,08/01/26 02:00:44.509 AM EDT,$0.00
Jackson Merrill 4.5,MLB-PHRR-FG-000F9T8FI50AHA0-JALL000-GTE-P00045,Settled Early,08/01/26 02:00:44.715 AM EDT,$0.00
Jackson Merrill 5.5,MLB-PHRR-FG-000F9T8FI50AHA0-JALL000-GTE-P00055,Settled Early,08/01/26 02:00:44.917 AM EDT,$0.00
Jackson Merrill 6.5,MLB-PHRR-FG-000F9T8FI50AHA0-JALL000-GTE-P00065,Settled Early,08/01/26 02:00:45.161 AM EDT,$0.00
Jackson Merrill 7.5,MLB-PHRR-FG-000F9T8FI50AHA0-JALL000-GTE-P00075,Settled Early,08/01/26 02:00:45.374 AM EDT,$0.00
Jackson Merrill 8.5,MLB-PHRR-FG-000F9T8FI50AHA0-JALL000-GTE-P00085,Settled Early,08/01/26 02:00:45.618 AM EDT,$0.00
Jackson Merrill 9.5,MLB-PHRR-FG-000F9T8FI50AHA0-JALL000-GTE-P00095,Settled Early,08/01/26 02:00:45.832 AM EDT,$0.00
Jackson Merrill 0.5,MLB-PHRR-FG-000F9T8FI50AHA0-JALL000-GTE-P00005,Settled Early,08/01/26 02:00:46.025 AM EDT,$1.00
Jackson Merrill 3.5,MLB-PRBI-FG-000F9T8FI50AHA0-JALL000-GTE-P00035,Settled Early,08/01/26 02:00:53.907 AM EDT,$0.00
Jackson Merrill 2.5,MLB-PRBI-FG-000F9T8FI50AHA0-JALL000-GTE-P00025,Settled Early,08/01/26 02:00:54.094 AM EDT,$0.00
Jackson Merrill 1.5,MLB-PRBI-FG-000F9T8FI50AHA0-JALL000-GTE-P00015,Settled Early,08/01/26 02:00:54.310 AM EDT,$0.00
Jackson Merrill 0.5,MLB-PRBI-FG-000F9T8FI50AHA0-JALL000-GTE-P00005,Settled Early,08/01/26 02:00:54.479 AM EDT,$0.00
Jackson Merrill 4.5,MLB-PRBI-FG-000F9T8FI50AHA0-JALL000-GTE-P00045,Settled Early,08/01/26 02:00:54.665 AM EDT,$0.00
Jackson Merrill 0.5,MLB-PTBS-FG-000F9T8FI50AHA0-JALL000-GTE-P00005,Settled Early,08/01/26 02:01:25.378 AM EDT,$0.00
Jackson Merrill 2.5,MLB-PTBS-FG-000F9T8FI50AHA0-JALL000-GTE-P00025,Settled Early,08/01/26 02:01:25.586 AM EDT,$0.00
Jackson Merrill 1.5,MLB-PTBS-FG-000F9T8FI50AHA0-JALL000-GTE-P00015,Settled Early,08/01/26 02:01:25.783 AM EDT,$0.00
Jackson Merrill 5.5,MLB-PTBS-FG-000F9T8FI50AHA0-JALL000-GTE-P00055,Settled Early,08/01/26 02:01:25.964 AM EDT,$0.00
Jackson Merrill 6.5,MLB-PTBS-FG-000F9T8FI50AHA0-JALL000-GTE-P00065,Settled Early,08/01/26 02:01:26.143 AM EDT,$0.00
Jackson Merrill 4.5,MLB-PTBS-FG-000F9T8FI50AHA0-JALL000-GTE-P00045,Settled Early,08/01/26 02:01:26.338 AM EDT,$0.00
Jackson Merrill 7.5,MLB-PTBS-FG-000F9T8FI50AHA0-JALL000-GTE-P00075,Settled Early,08/01/26 02:01:26.514 AM EDT,$0.00
Jackson Merrill 3.5,MLB-PTBS-FG-000F9T8FI50AHA0-JALL000-GTE-P00035,Settled Early,08/01/26 02:01:26.688 AM EDT,$0.00
Jackson Merrill 2.5,MLB-PHIT-FG-000F9T8FI50AHA0-JALL000-GTE-P00025,Settled Early,08/01/26 02:01:33.182 AM EDT,$0.00
Jackson Merrill 0.5,MLB-PHIT-FG-000F9T8FI50AHA0-JALL000-GTE-P00005,Settled Early,08/01/26 02:01:33.389 AM EDT,$0.00
Jackson Merrill 1.5,MLB-PHIT-FG-000F9T8FI50AHA0-JALL000-GTE-P00015,Settled Early,08/01/26 02:01:33.594 AM EDT,$0.00
Jackson Merrill 3.5,MLB-PHIT-FG-000F9T8FI50AHA0-JALL000-GTE-P00035,Settled Early,08/01/26 02:01:33.803 AM EDT,$0.00
Jackson Merrill 4.5,MLB-PHIT-FG-000F9T8FI50AHA0-JALL000-GTE-P00045,Settled Early,08/01/26 02:01:33.985 AM EDT,$0.00
Jackson Merrill 0.5,MLB-PHRN-FG-000F9T8FI50AHA0-JALL000-GTE-P00005,Settled Early,08/01/26 02:01:43.740 AM EDT,$0.00
Jackson Merrill 2.5,MLB-PHRN-FG-000F9T8FI50AHA0-JALL000-GTE-P00025,Settled Early,08/01/26 02:01:44.062 AM EDT,$0.00
Jackson Merrill 1.5,MLB-PHRN-FG-000F9T8FI50AHA0-JALL000-GTE-P00015,Settled Early,08/01/26 02:01:44.334 AM EDT,$0.00
Jung Hoo Lee 0.5,MLB-PHRR-FG-000F9T8FI50AHA0-JUEE000-GTE-P00005,Settled Early,08/01/26 02:02:13.232 AM EDT,$0.00
Jung Hoo Lee 1.5,MLB-PHRR-FG-000F9T8FI50AHA0-JUEE000-GTE-P00015,Settled Early,08/01/26 02:02:13.449 AM EDT,$0.00
Jung Hoo Lee 2.5,MLB-PHRR-FG-000F9T8FI50AHA0-JUEE000-GTE-P00025,Settled Early,08/01/26 02:02:13.656 AM EDT,$0.00
Jung Hoo Lee 3.5,MLB-PHRR-FG-000F9T8FI50AHA0-JUEE000-GTE-P00035,Settled Early,08/01/26 02:02:13.891 AM EDT,$0.00
Jung Hoo Lee 4.5,MLB-PHRR-FG-000F9T8FI50AHA0-JUEE000-GTE-P00045,Settled Early,08/01/26 02:02:14.079 AM EDT,$0.00
Jung Hoo Lee 5.5,MLB-PHRR-FG-000F9T8FI50AHA0-JUEE000-GTE-P00055,Settled Early,08/01/26 02:02:14.270 AM EDT,$0.00
Jung Hoo Lee 9.5,MLB-PHRR-FG-000F9T8FI50AHA0-JUEE000-GTE-P00095,Settled Early,08/01/26 02:02:14.463 AM EDT,$0.00
Jung Hoo Lee 7.5,MLB-PHRR-FG-000F9T8FI50AHA0-JUEE000-GTE-P00075,Settled Early,08/01/26 02:02:14.628 AM EDT,$0.00
Jung Hoo Lee 8.5,MLB-PHRR-FG-000F9T8FI50AHA0-JUEE000-GTE-P00085,Settled Early,08/01/26 02:02:14.829 AM EDT,$0.00
Jung Hoo Lee 6.5,MLB-PHRR-FG-000F9T8FI50AHA0-JUEE000-GTE-P00065,Settled Early,08/01/26 02:02:15.033 AM EDT,$0.00
Jung Hoo Lee 3.5,MLB-PRBI-FG-000F9T8FI50AHA0-JUEE000-GTE-P00035,Settled Early,08/01/26 02:02:19.853 AM EDT,$0.00
Jung Hoo Lee 2.5,MLB-PRBI-FG-000F9T8FI50AHA0-JUEE000-GTE-P00025,Settled Early,08/01/26 02:02:20.092 AM EDT,$0.00
Jung Hoo Lee 0.5,MLB-PRBI-FG-000F9T8FI50AHA0-JUEE000-GTE-P00005,Settled Early,08/01/26 02:02:20.314 AM EDT,$0.00
Jung Hoo Lee 1.5,MLB-PRBI-FG-000F9T8FI50AHA0-JUEE000-GTE-P00015,Settled Early,08/01/26 02:02:20.509 AM EDT,$0.00
Jung Hoo Lee 4.5,MLB-PRBI-FG-000F9T8FI50AHA0-JUEE000-GTE-P00045,Settled Early,08/01/26 02:02:20.700 AM EDT,$0.00
Jung Hoo Lee 2.5,MLB-PHIT-FG-000F9T8FI50AHA0-JUEE000-GTE-P00025,Settled Early,08/01/26 02:02:27.162 AM EDT,$0.00
Jung Hoo Lee 4.5,MLB-PHIT-FG-000F9T8FI50AHA0-JUEE000-GTE-P00045,Settled Early,08/01/26 02:02:27.338 AM EDT,$0.00
Jung Hoo Lee 3.5,MLB-PHIT-FG-000F9T8FI50AHA0-JUEE000-GTE-P00035,Settled Early,08/01/26 02:02:27.531 AM EDT,$0.00
Jung Hoo Lee 1.5,MLB-PHIT-FG-000F9T8FI50AHA0-JUEE000-GTE-P00015,Settled Early,08/01/26 02:02:27.720 AM EDT,$0.00
Jung Hoo Lee 0.5,MLB-PHIT-FG-000F9T8FI50AHA0-JUEE000-GTE-P00005,Settled Early,08/01/26 02:02:27.893 AM EDT,$0.00
Jung Hoo Lee 1.5,MLB-PHRN-FG-000F9T8FI50AHA0-JUEE000-GTE-P00015,Settled Early,08/01/26 02:02:44.700 AM EDT,$0.00
Jung Hoo Lee 2.5,MLB-PHRN-FG-000F9T8FI50AHA0-JUEE000-GTE-P00025,Settled Early,08/01/26 02:02:44.897 AM EDT,$0.00
Jung Hoo Lee 0.5,MLB-PHRN-FG-000F9T8FI50AHA0-JUEE000-GTE-P00005,Settled Early,08/01/26 02:02:45.119 AM EDT,$0.00
Freddy Fermin 0.5,MLB-PHRR-FG-000F9T8FI50AHA0-FRIN000-GTE-P00005,Settled Early,08/01/26 02:03:07.257 AM EDT,$1.00
Freddy Fermin 5.5,MLB-PHRR-FG-000F9T8FI50AHA0-FRIN000-GTE-P00055,Settled Early,08/01/26 02:03:07.435 AM EDT,$0.00
Freddy Fermin 4.5,MLB-PHRR-FG-000F9T8FI50AHA0-FRIN000-GTE-P00045,Settled Early,08/01/26 02:03:07.745 AM EDT,$0.00
Freddy Fermin 1.5,MLB-PHRR-FG-000F9T8FI50AHA0-FRIN000-GTE-P00015,Settled Early,08/01/26 02:03:07.996 AM EDT,$0.00
Freddy Fermin 2.5,MLB-PHRR-FG-000F9T8FI50AHA0-FRIN000-GTE-P00025,Settled Early,08/01/26 02:03:08.246 AM EDT,$0.00
Freddy Fermin 3.5,MLB-PHRR-FG-000F9T8FI50AHA0-FRIN000-GTE-P00035,Settled Early,08/01/26 02:03:08.472 AM EDT,$0.00
Freddy Fermin 6.5,MLB-PHRR-FG-000F9T8FI50AHA0-FRIN000-GTE-P00065,Settled Early,08/01/26 02:03:08.668 AM EDT,$0.00
Freddy Fermin 8.5,MLB-PHRR-FG-000F9T8FI50AHA0-FRIN000-GTE-P00085,Settled Early,08/01/26 02:03:08.843 AM EDT,$0.00
Freddy Fermin 9.5,MLB-PHRR-FG-000F9T8FI50AHA0-FRIN000-GTE-P00095,Settled Early,08/01/26 02:03:09.014 AM EDT,$0.00
Freddy Fermin 7.5,MLB-PHRR-FG-000F9T8FI50AHA0-FRIN000-GTE-P00075,Settled Early,08/01/26 02:03:09.221 AM EDT,$0.00
Freddy Fermin 0.5,MLB-PRBI-FG-000F9T8FI50AHA0-FRIN000-GTE-P00005,Settled Early,08/01/26 02:03:14.420 AM EDT,$0.00
Freddy Fermin 3.5,MLB-PRBI-FG-000F9T8FI50AHA0-FRIN000-GTE-P00035,Settled Early,08/01/26 02:03:14.621 AM EDT,$0.00
Freddy Fermin 4.5,MLB-PRBI-FG-000F9T8FI50AHA0-FRIN000-GTE-P00045,Settled Early,08/01/26 02:03:14.887 AM EDT,$0.00
Freddy Fermin 1.5,MLB-PRBI-FG-000F9T8FI50AHA0-FRIN000-GTE-P00015,Settled Early,08/01/26 02:03:15.085 AM EDT,$0.00
Freddy Fermin 2.5,MLB-PRBI-FG-000F9T8FI50AHA0-FRIN000-GTE-P00025,Settled Early,08/01/26 02:03:15.286 AM EDT,$0.00
Freddy Fermin 1.5,MLB-PTBS-FG-000F9T8FI50AHA0-FRIN000-GTE-P00015,Settled Early,08/01/26 02:03:21.361 AM EDT,$0.00
Freddy Fermin 3.5,MLB-PTBS-FG-000F9T8FI50AHA0-FRIN000-GTE-P00035,Settled Early,08/01/26 02:03:21.566 AM EDT,$0.00
Freddy Fermin 2.5,MLB-PTBS-FG-000F9T8FI50AHA0-FRIN000-GTE-P00025,Settled Early,08/01/26 02:03:21.747 AM EDT,$0.00
Freddy Fermin 0.5,MLB-PTBS-FG-000F9T8FI50AHA0-FRIN000-GTE-P00005,Settled Early,08/01/26 02:03:21.942 AM EDT,$1.00
Freddy Fermin 4.5,MLB-PTBS-FG-000F9T8FI50AHA0-FRIN000-GTE-P00045,Settled Early,08/01/26 02:03:22.144 AM EDT,$0.00
Freddy Fermin 6.5,MLB-PTBS-FG-000F9T8FI50AHA0-FRIN000-GTE-P00065,Settled Early,08/01/26 02:03:22.343 AM EDT,$0.00
Freddy Fermin 7.5,MLB-PTBS-FG-000F9T8FI50AHA0-FRIN000-GTE-P00075,Settled Early,08/01/26 02:03:22.540 AM EDT,$0.00
Freddy Fermin 5.5,MLB-PTBS-FG-000F9T8FI50AHA0-FRIN000-GTE-P00055,Settled Early,08/01/26 02:03:22.728 AM EDT,$0.00
Freddy Fermin 1.5,MLB-PHIT-FG-000F9T8FI50AHA0-FRIN000-GTE-P00015,Settled Early,08/01/26 02:03:30.085 AM EDT,$0.00
Freddy Fermin 2.5,MLB-PHIT-FG-000F9T8FI50AHA0-FRIN000-GTE-P00025,Settled Early,08/01/26 02:03:30.263 AM EDT,$0.00
Freddy Fermin 0.5,MLB-PHIT-FG-000F9T8FI50AHA0-FRIN000-GTE-P00005,Settled Early,08/01/26 02:03:30.462 AM EDT,$1.00
Freddy Fermin 4.5,MLB-PHIT-FG-000F9T8FI50AHA0-FRIN000-GTE-P00045,Settled Early,08/01/26 02:03:30.661 AM EDT,$0.00
Freddy Fermin 3.5,MLB-PHIT-FG-000F9T8FI50AHA0-FRIN000-GTE-P00035,Settled Early,08/01/26 02:03:30.858 AM EDT,$0.00
Freddy Fermin 0.5,MLB-PHRN-FG-000F9T8FI50AHA0-FRIN000-GTE-P00005,Settled Early,08/01/26 02:03:37.475 AM EDT,$0.00
Freddy Fermin 1.5,MLB-PHRN-FG-000F9T8FI50AHA0-FRIN000-GTE-P00015,Settled Early,08/01/26 02:03:37.670 AM EDT,$0.00
Freddy Fermin 2.5,MLB-PHRN-FG-000F9T8FI50AHA0-FRIN000-GTE-P00025,Settled Early,08/01/26 02:03:37.869 AM EDT,$0.00
Wyatt Langford 1.5,MLB-PHRR-FG-000F9T8VI50AG40-WYRD000-GTE-P00015,Settled Early,08/01/26 02:03:46.068 AM EDT,$0.00
Wyatt Langford 2.5,MLB-PHRR-FG-000F9T8VI50AG40-WYRD000-GTE-P00025,Settled Early,08/01/26 02:03:46.315 AM EDT,$0.00
Wyatt Langford 4.5,MLB-PHRR-FG-000F9T8VI50AG40-WYRD000-GTE-P00045,Settled Early,08/01/26 02:03:46.521 AM EDT,$0.00
Wyatt Langford 5.5,MLB-PHRR-FG-000F9T8VI50AG40-WYRD000-GTE-P00055,Settled Early,08/01/26 02:03:46.694 AM EDT,$0.00
Wyatt Langford 6.5,MLB-PHRR-FG-000F9T8VI50AG40-WYRD000-GTE-P00065,Settled Early,08/01/26 02:03:46.895 AM EDT,$0.00
Wyatt Langford 3.5,MLB-PHRR-FG-000F9T8VI50AG40-WYRD000-GTE-P00035,Settled Early,08/01/26 02:03:47.093 AM EDT,$0.00
Wyatt Langford 7.5,MLB-PHRR-FG-000F9T8VI50AG40-WYRD000-GTE-P00075,Settled Early,08/01/26 02:03:47.288 AM EDT,$0.00
Wyatt Langford 8.5,MLB-PHRR-FG-000F9T8VI50AG40-WYRD000-GTE-P00085,Settled Early,08/01/26 02:03:47.474 AM EDT,$0.00
Wyatt Langford 9.5,MLB-PHRR-FG-000F9T8VI50AG40-WYRD000-GTE-P00095,Settled Early,08/01/26 02:03:47.670 AM EDT,$0.00
Wyatt Langford 0.5,MLB-PHRR-FG-000F9T8VI50AG40-WYRD000-GTE-P00005,Settled Early,08/01/26 02:03:47.868 AM EDT,$1.00
Willy Adames 6.5,MLB-PHRR-FG-000F9T8FI50AHA0-WIES000-GTE-P00065,Settled Early,08/01/26 02:03:58.196 AM EDT,$0.00
Willy Adames 9.5,MLB-PHRR-FG-000F9T8FI50AHA0-WIES000-GTE-P00095,Settled Early,08/01/26 02:03:58.420 AM EDT,$0.00
Willy Adames 4.5,MLB-PHRR-FG-000F9T8FI50AHA0-WIES000-GTE-P00045,Settled Early,08/01/26 02:03:58.637 AM EDT,$0.00
Willy Adames 0.5,MLB-PHRR-FG-000F9T8FI50AHA0-WIES000-GTE-P00005,Settled Early,08/01/26 02:03:58.819 AM EDT,$0.00
Willy Adames 1.5,MLB-PHRR-FG-000F9T8FI50AHA0-WIES000-GTE-P00015,Settled Early,08/01/26 02:03:59.006 AM EDT,$0.00
Willy Adames 3.5,MLB-PHRR-FG-000F9T8FI50AHA0-WIES000-GTE-P00035,Settled Early,08/01/26 02:03:59.222 AM EDT,$0.00
Willy Adames 2.5,MLB-PHRR-FG-000F9T8FI50AHA0-WIES000-GTE-P00025,Settled Early,08/01/26 02:03:59.423 AM EDT,$0.00
Willy Adames 8.5,MLB-PHRR-FG-000F9T8FI50AHA0-WIES000-GTE-P00085,Settled Early,08/01/26 02:03:59.613 AM EDT,$0.00
Willy Adames 5.5,MLB-PHRR-FG-000F9T8FI50AHA0-WIES000-GTE-P00055,Settled Early,08/01/26 02:03:59.801 AM EDT,$0.00
Willy Adames 7.5,MLB-PHRR-FG-000F9T8FI50AHA0-WIES000-GTE-P00075,Settled Early,08/01/26 02:03:59.994 AM EDT,$0.00
Wyatt Langford 0.5,MLB-PHIT-FG-000F9T8VI50AG40-WYRD000-GTE-P00005,Settled Early,08/01/26 02:04:01.460 AM EDT,$1.00
Wyatt Langford 1.5,MLB-PHIT-FG-000F9T8VI50AG40-WYRD000-GTE-P00015,Settled Early,08/01/26 02:04:01.630 AM EDT,$0.00
Wyatt Langford 2.5,MLB-PHIT-FG-000F9T8VI50AG40-WYRD000-GTE-P00025,Settled Early,08/01/26 02:04:01.822 AM EDT,$0.00
Wyatt Langford 3.5,MLB-PHIT-FG-000F9T8VI50AG40-WYRD000-GTE-P00035,Settled Early,08/01/26 02:04:01.999 AM EDT,$0.00
Wyatt Langford 4.5,MLB-PHIT-FG-000F9T8VI50AG40-WYRD000-GTE-P00045,Settled Early,08/01/26 02:04:02.174 AM EDT,$0.00
Willy Adames 2.5,MLB-PRBI-FG-000F9T8FI50AHA0-WIES000-GTE-P00025,Settled Early,08/01/26 02:04:06.133 AM EDT,$0.00
Willy Adames 1.5,MLB-PRBI-FG-000F9T8FI50AHA0-WIES000-GTE-P00015,Settled Early,08/01/26 02:04:06.327 AM EDT,$0.00
Willy Adames 3.5,MLB-PRBI-FG-000F9T8FI50AHA0-WIES000-GTE-P00035,Settled Early,08/01/26 02:04:06.499 AM EDT,$0.00
Willy Adames 4.5,MLB-PRBI-FG-000F9T8FI50AHA0-WIES000-GTE-P00045,Settled Early,08/01/26 02:04:06.668 AM EDT,$0.00
Willy Adames 0.5,MLB-PRBI-FG-000F9T8FI50AHA0-WIES000-GTE-P00005,Settled Early,08/01/26 02:04:06.832 AM EDT,$0.00
Wyatt Langford 0.5,MLB-PRBI-FG-000F9T8VI50AG40-WYRD000-GTE-P00005,Settled Early,08/01/26 02:04:10.915 AM EDT,$0.00
Wyatt Langford 1.5,MLB-PRBI-FG-000F9T8VI50AG40-WYRD000-GTE-P00015,Settled Early,08/01/26 02:04:11.107 AM EDT,$0.00
Wyatt Langford 2.5,MLB-PRBI-FG-000F9T8VI50AG40-WYRD000-GTE-P00025,Settled Early,08/01/26 02:04:11.276 AM EDT,$0.00
Wyatt Langford 3.5,MLB-PRBI-FG-000F9T8VI50AG40-WYRD000-GTE-P00035,Settled Early,08/01/26 02:04:11.444 AM EDT,$0.00
Wyatt Langford 4.5,MLB-PRBI-FG-000F9T8VI50AG40-WYRD000-GTE-P00045,Settled Early,08/01/26 02:04:11.636 AM EDT,$0.00
Willy Adames 2.5,MLB-PTBS-FG-000F9T8FI50AHA0-WIES000-GTE-P00025,Settled Early,08/01/26 02:04:15.781 AM EDT,$0.00
Willy Adames 3.5,MLB-PTBS-FG-000F9T8FI50AHA0-WIES000-GTE-P00035,Settled Early,08/01/26 02:04:15.975 AM EDT,$0.00
Willy Adames 7.5,MLB-PTBS-FG-000F9T8FI50AHA0-WIES000-GTE-P00075,Settled Early,08/01/26 02:04:16.158 AM EDT,$0.00
Willy Adames 0.5,MLB-PTBS-FG-000F9T8FI50AHA0-WIES000-GTE-P00005,Settled Early,08/01/26 02:04:16.353 AM EDT,$0.00
Willy Adames 1.5,MLB-PTBS-FG-000F9T8FI50AHA0-WIES000-GTE-P00015,Settled Early,08/01/26 02:04:16.543 AM EDT,$0.00
Willy Adames 5.5,MLB-PTBS-FG-000F9T8FI50AHA0-WIES000-GTE-P00055,Settled Early,08/01/26 02:04:16.728 AM EDT,$0.00
Willy Adames 6.5,MLB-PTBS-FG-000F9T8FI50AHA0-WIES000-GTE-P00065,Settled Early,08/01/26 02:04:16.896 AM EDT,$0.00
Willy Adames 4.5,MLB-PTBS-FG-000F9T8FI50AHA0-WIES000-GTE-P00045,Settled Early,08/01/26 02:04:17.088 AM EDT,$0.00
Willy Adames 2.5,MLB-PHIT-FG-000F9T8FI50AHA0-WIES000-GTE-P00025,Settled Early,08/01/26 02:04:23.129 AM EDT,$0.00
Willy Adames 1.5,MLB-PHIT-FG-000F9T8FI50AHA0-WIES000-GTE-P00015,Settled Early,08/01/26 02:04:23.324 AM EDT,$0.00
Willy Adames 0.5,MLB-PHIT-FG-000F9T8FI50AHA0-WIES000-GTE-P00005,Settled Early,08/01/26 02:04:23.517 AM EDT,$0.00
Willy Adames 3.5,MLB-PHIT-FG-000F9T8FI50AHA0-WIES000-GTE-P00035,Settled Early,08/01/26 02:04:23.680 AM EDT,$0.00
Willy Adames 4.5,MLB-PHIT-FG-000F9T8FI50AHA0-WIES000-GTE-P00045,Settled Early,08/01/26 02:04:23.861 AM EDT,$0.00
Wyatt Langford 0.5,MLB-PTBS-FG-000F9T8VI50AG40-WYRD000-GTE-P00005,Settled Early,08/01/26 02:04:27.643 AM EDT,$1.00
Wyatt Langford 3.5,MLB-PTBS-FG-000F9T8VI50AG40-WYRD000-GTE-P00035,Settled Early,08/01/26 02:04:27.810 AM EDT,$0.00
Wyatt Langford 1.5,MLB-PTBS-FG-000F9T8VI50AG40-WYRD000-GTE-P00015,Settled Early,08/01/26 02:04:27.991 AM EDT,$0.00
Wyatt Langford 6.5,MLB-PTBS-FG-000F9T8VI50AG40-WYRD000-GTE-P00065,Settled Early,08/01/26 02:04:28.155 AM EDT,$0.00
Wyatt Langford 7.5,MLB-PTBS-FG-000F9T8VI50AG40-WYRD000-GTE-P00075,Settled Early,08/01/26 02:04:28.376 AM EDT,$0.00
Wyatt Langford 2.5,MLB-PTBS-FG-000F9T8VI50AG40-WYRD000-GTE-P00025,Settled Early,08/01/26 02:04:28.581 AM EDT,$0.00
Wyatt Langford 4.5,MLB-PTBS-FG-000F9T8VI50AG40-WYRD000-GTE-P00045,Settled Early,08/01/26 02:04:28.782 AM EDT,$0.00
Wyatt Langford 5.5,MLB-PTBS-FG-000F9T8VI50AG40-WYRD000-GTE-P00055,Settled Early,08/01/26 02:04:29.029 AM EDT,$0.00
Willy Adames 2.5,MLB-PHRN-FG-000F9T8FI50AHA0-WIES000-GTE-P00025,Settled Early,08/01/26 02:04:30.181 AM EDT,$0.00
Willy Adames 1.5,MLB-PHRN-FG-000F9T8FI50AHA0-WIES000-GTE-P00015,Settled Early,08/01/26 02:04:30.407 AM EDT,$0.00
Willy Adames 0.5,MLB-PHRN-FG-000F9T8FI50AHA0-WIES000-GTE-P00005,Settled Early,08/01/26 02:04:30.577 AM EDT,$0.00
Wyatt Langford 2.5,MLB-PHRN-FG-000F9T8VI50AG40-WYRD000-GTE-P00025,Settled Early,08/01/26 02:04:39.961 AM EDT,$0.00
Wyatt Langford 1.5,MLB-PHRN-FG-000F9T8VI50AG40-WYRD000-GTE-P00015,Settled Early,08/01/26 02:04:40.149 AM EDT,$0.00
Wyatt Langford 0.5,MLB-PHRN-FG-000F9T8VI50AG40-WYRD000-GTE-P00005,Settled Early,08/01/26 02:04:40.322 AM EDT,$0.00
Corey Seager 1.5,MLB-PHRR-FG-000F9T8VI50AG40-COER000-GTE-P00015,Settled Early,08/01/26 02:05:20.879 AM EDT,$1.00
Corey Seager 0.5,MLB-PHRR-FG-000F9T8VI50AG40-COER000-GTE-P00005,Settled Early,08/01/26 02:05:21.094 AM EDT,$1.00
Corey Seager 4.5,MLB-PHRR-FG-000F9T8VI50AG40-COER000-GTE-P00045,Settled Early,08/01/26 02:05:21.286 AM EDT,$0.00
Corey Seager 5.5,MLB-PHRR-FG-000F9T8VI50AG40-COER000-GTE-P00055,Settled Early,08/01/26 02:05:21.478 AM EDT,$0.00
Corey Seager 8.5,MLB-PHRR-FG-000F9T8VI50AG40-COER000-GTE-P00085,Settled Early,08/01/26 02:05:21.649 AM EDT,$0.00
Corey Seager 9.5,MLB-PHRR-FG-000F9T8VI50AG40-COER000-GTE-P00095,Settled Early,08/01/26 02:05:21.846 AM EDT,$0.00
Corey Seager 7.5,MLB-PHRR-FG-000F9T8VI50AG40-COER000-GTE-P00075,Settled Early,08/01/26 02:05:22.019 AM EDT,$0.00
Corey Seager 6.5,MLB-PHRR-FG-000F9T8VI50AG40-COER000-GTE-P00065,Settled Early,08/01/26 02:05:22.220 AM EDT,$0.00
Corey Seager 3.5,MLB-PHRR-FG-000F9T8VI50AG40-COER000-GTE-P00035,Settled Early,08/01/26 02:05:22.387 AM EDT,$0.00
Corey Seager 2.5,MLB-PHRR-FG-000F9T8VI50AG40-COER000-GTE-P00025,Settled Early,08/01/26 02:05:22.574 AM EDT,$1.00
Heliot Ramos 2.5,MLB-PHRR-FG-000F9T8FI50AHA0-HEOS000-GTE-P00025,Settled Early,08/01/26 02:05:45.887 AM EDT,$0.00
Heliot Ramos 0.5,MLB-PHRR-FG-000F9T8FI50AHA0-HEOS000-GTE-P00005,Settled Early,08/01/26 02:05:46.099 AM EDT,$0.00
Heliot Ramos 1.5,MLB-PHRR-FG-000F9T8FI50AHA0-HEOS000-GTE-P00015,Settled Early,08/01/26 02:05:46.292 AM EDT,$0.00
Heliot Ramos 4.5,MLB-PHRR-FG-000F9T8FI50AHA0-HEOS000-GTE-P00045,Settled Early,08/01/26 02:05:46.520 AM EDT,$0.00
Heliot Ramos 3.5,MLB-PHRR-FG-000F9T8FI50AHA0-HEOS000-GTE-P00035,Settled Early,08/01/26 02:05:46.729 AM EDT,$0.00
Heliot Ramos 5.5,MLB-PHRR-FG-000F9T8FI50AHA0-HEOS000-GTE-P00055,Settled Early,08/01/26 02:05:46.981 AM EDT,$0.00
Heliot Ramos 9.5,MLB-PHRR-FG-000F9T8FI50AHA0-HEOS000-GTE-P00095,Settled Early,08/01/26 02:05:47.202 AM EDT,$0.00
Heliot Ramos 8.5,MLB-PHRR-FG-000F9T8FI50AHA0-HEOS000-GTE-P00085,Settled Early,08/01/26 02:05:47.372 AM EDT,$0.00
Heliot Ramos 6.5,MLB-PHRR-FG-000F9T8FI50AHA0-HEOS000-GTE-P00065,Settled Early,08/01/26 02:05:47.567 AM EDT,$0.00
Heliot Ramos 7.5,MLB-PHRR-FG-000F9T8FI50AHA0-HEOS000-GTE-P00075,Settled Early,08/01/26 02:05:47.767 AM EDT,$0.00
Heliot Ramos 0.5,MLB-PRBI-FG-000F9T8FI50AHA0-HEOS000-GTE-P00005,Settled Early,08/01/26 02:05:57.148 AM EDT,$0.00
Heliot Ramos 2.5,MLB-PRBI-FG-000F9T8FI50AHA0-HEOS000-GTE-P00025,Settled Early,08/01/26 02:05:57.401 AM EDT,$0.00
Heliot Ramos 4.5,MLB-PRBI-FG-000F9T8FI50AHA0-HEOS000-GTE-P00045,Settled Early,08/01/26 02:05:57.592 AM EDT,$0.00
Heliot Ramos 3.5,MLB-PRBI-FG-000F9T8FI50AHA0-HEOS000-GTE-P00035,Settled Early,08/01/26 02:05:57.804 AM EDT,$0.00
Heliot Ramos 1.5,MLB-PRBI-FG-000F9T8FI50AHA0-HEOS000-GTE-P00015,Settled Early,08/01/26 02:05:57.988 AM EDT,$0.00
Brandon Nimmo 1.5,MLB-PHRR-FG-000F9T8VI50AG40-BRMO000-GTE-P00015,Settled Early,08/01/26 02:06:06.174 AM EDT,$0.00
Brandon Nimmo 2.5,MLB-PHRR-FG-000F9T8VI50AG40-BRMO000-GTE-P00025,Settled Early,08/01/26 02:06:06.422 AM EDT,$0.00
Brandon Nimmo 3.5,MLB-PHRR-FG-000F9T8VI50AG40-BRMO000-GTE-P00035,Settled Early,08/01/26 02:06:06.613 AM EDT,$0.00
Brandon Nimmo 4.5,MLB-PHRR-FG-000F9T8VI50AG40-BRMO000-GTE-P00045,Settled Early,08/01/26 02:06:06.825 AM EDT,$0.00
Brandon Nimmo 5.5,MLB-PHRR-FG-000F9T8VI50AG40-BRMO000-GTE-P00055,Settled Early,08/01/26 02:06:07.034 AM EDT,$0.00
Brandon Nimmo 6.5,MLB-PHRR-FG-000F9T8VI50AG40-BRMO000-GTE-P00065,Settled Early,08/01/26 02:06:07.231 AM EDT,$0.00
Brandon Nimmo 7.5,MLB-PHRR-FG-000F9T8VI50AG40-BRMO000-GTE-P00075,Settled Early,08/01/26 02:06:07.401 AM EDT,$0.00
Brandon Nimmo 8.5,MLB-PHRR-FG-000F9T8VI50AG40-BRMO000-GTE-P00085,Settled Early,08/01/26 02:06:07.567 AM EDT,$0.00
Brandon Nimmo 0.5,MLB-PHRR-FG-000F9T8VI50AG40-BRMO000-GTE-P00005,Settled Early,08/01/26 02:06:07.741 AM EDT,$0.00
Brandon Nimmo 9.5,MLB-PHRR-FG-000F9T8VI50AG40-BRMO000-GTE-P00095,Settled Early,08/01/26 02:06:07.929 AM EDT,$0.00
Heliot Ramos 2.5,MLB-PTBS-FG-000F9T8FI50AHA0-HEOS000-GTE-P00025,Settled Early,08/01/26 02:06:11.746 AM EDT,$0.00
Heliot Ramos 3.5,MLB-PTBS-FG-000F9T8FI50AHA0-HEOS000-GTE-P00035,Settled Early,08/01/26 02:06:11.965 AM EDT,$0.00
Heliot Ramos 0.5,MLB-PTBS-FG-000F9T8FI50AHA0-HEOS000-GTE-P00005,Settled Early,08/01/26 02:06:12.178 AM EDT,$0.00
Heliot Ramos 5.5,MLB-PTBS-FG-000F9T8FI50AHA0-HEOS000-GTE-P00055,Settled Early,08/01/26 02:06:12.342 AM EDT,$0.00
Heliot Ramos 7.5,MLB-PTBS-FG-000F9T8FI50AHA0-HEOS000-GTE-P00075,Settled Early,08/01/26 02:06:12.516 AM EDT,$0.00
Heliot Ramos 6.5,MLB-PTBS-FG-000F9T8FI50AHA0-HEOS000-GTE-P00065,Settled Early,08/01/26 02:06:12.704 AM EDT,$0.00
Heliot Ramos 1.5,MLB-PTBS-FG-000F9T8FI50AHA0-HEOS000-GTE-P00015,Settled Early,08/01/26 02:06:12.895 AM EDT,$0.00
Heliot Ramos 4.5,MLB-PTBS-FG-000F9T8FI50AHA0-HEOS000-GTE-P00045,Settled Early,08/01/26 02:06:13.089 AM EDT,$0.00
Heliot Ramos 2.5,MLB-PHIT-FG-000F9T8FI50AHA0-HEOS000-GTE-P00025,Settled Early,08/01/26 02:06:17.785 AM EDT,$0.00
Heliot Ramos 0.5,MLB-PHIT-FG-000F9T8FI50AHA0-HEOS000-GTE-P00005,Settled Early,08/01/26 02:06:18.003 AM EDT,$0.00
Heliot Ramos 1.5,MLB-PHIT-FG-000F9T8FI50AHA0-HEOS000-GTE-P00015,Settled Early,08/01/26 02:06:18.235 AM EDT,$0.00
Heliot Ramos 3.5,MLB-PHIT-FG-000F9T8FI50AHA0-HEOS000-GTE-P00035,Settled Early,08/01/26 02:06:18.504 AM EDT,$0.00
Brandon Nimmo 1.5,MLB-PTBS-FG-000F9T8VI50AG40-BRMO000-GTE-P00015,Settled Early,08/01/26 02:06:18.594 AM EDT,$0.00
Heliot Ramos 4.5,MLB-PHIT-FG-000F9T8FI50AHA0-HEOS000-GTE-P00045,Settled Early,08/01/26 02:06:18.685 AM EDT,$0.00
Brandon Nimmo 0.5,MLB-PTBS-FG-000F9T8VI50AG40-BRMO000-GTE-P00005,Settled Early,08/01/26 02:06:18.827 AM EDT,$0.00
Brandon Nimmo 5.5,MLB-PTBS-FG-000F9T8VI50AG40-BRMO000-GTE-P00055,Settled Early,08/01/26 02:06:19.050 AM EDT,$0.00
Brandon Nimmo 4.5,MLB-PTBS-FG-000F9T8VI50AG40-BRMO000-GTE-P00045,Settled Early,08/01/26 02:06:19.233 AM EDT,$0.00
Brandon Nimmo 2.5,MLB-PTBS-FG-000F9T8VI50AG40-BRMO000-GTE-P00025,Settled Early,08/01/26 02:06:19.412 AM EDT,$0.00
Brandon Nimmo 3.5,MLB-PTBS-FG-000F9T8VI50AG40-BRMO000-GTE-P00035,Settled Early,08/01/26 02:06:19.584 AM EDT,$0.00
Brandon Nimmo 6.5,MLB-PTBS-FG-000F9T8VI50AG40-BRMO000-GTE-P00065,Settled Early,08/01/26 02:06:19.751 AM EDT,$0.00
Brandon Nimmo 7.5,MLB-PTBS-FG-000F9T8VI50AG40-BRMO000-GTE-P00075,Settled Early,08/01/26 02:06:19.919 AM EDT,$0.00
Heliot Ramos 1.5,MLB-PHRN-FG-000F9T8FI50AHA0-HEOS000-GTE-P00015,Settled Early,08/01/26 02:06:23.349 AM EDT,$0.00
Heliot Ramos 0.5,MLB-PHRN-FG-000F9T8FI50AHA0-HEOS000-GTE-P00005,Settled Early,08/01/26 02:06:23.518 AM EDT,$0.00
Heliot Ramos 2.5,MLB-PHRN-FG-000F9T8FI50AHA0-HEOS000-GTE-P00025,Settled Early,08/01/26 02:06:23.693 AM EDT,$0.00
Ty France 0.5,MLB-PHRR-FG-000F9T8FI50AHA0-TYCE000-GTE-P00005,Settled Early,08/01/26 02:07:16.446 AM EDT,$1.00
Ty France 1.5,MLB-PHRR-FG-000F9T8FI50AHA0-TYCE000-GTE-P00015,Settled Early,08/01/26 02:07:16.658 AM EDT,$1.00
Ty France 3.5,MLB-PHRR-FG-000F9T8FI50AHA0-TYCE000-GTE-P00035,Settled Early,08/01/26 02:07:17.033 AM EDT,$1.00
Ty France 5.5,MLB-PHRR-FG-000F9T8FI50AHA0-TYCE000-GTE-P00055,Settled Early,08/01/26 02:07:17.281 AM EDT,$0.00
Ty France 6.5,MLB-PHRR-FG-000F9T8FI50AHA0-TYCE000-GTE-P00065,Settled Early,08/01/26 02:07:17.483 AM EDT,$0.00
Ty France 4.5,MLB-PHRR-FG-000F9T8FI50AHA0-TYCE000-GTE-P00045,Settled Early,08/01/26 02:07:17.729 AM EDT,$1.00
Ty France 2.5,MLB-PHRR-FG-000F9T8FI50AHA0-TYCE000-GTE-P00025,Settled Early,08/01/26 02:07:17.972 AM EDT,$1.00
Ty France 7.5,MLB-PHRR-FG-000F9T8FI50AHA0-TYCE000-GTE-P00075,Settled Early,08/01/26 02:07:18.177 AM EDT,$0.00
Ty France 9.5,MLB-PHRR-FG-000F9T8FI50AHA0-TYCE000-GTE-P00095,Settled Early,08/01/26 02:07:18.395 AM EDT,$0.00
Ty France 8.5,MLB-PHRR-FG-000F9T8FI50AHA0-TYCE000-GTE-P00085,Settled Early,08/01/26 02:07:18.596 AM EDT,$0.00
Ty France 0.5,MLB-PTBS-FG-000F9T8FI50AHA0-TYCE000-GTE-P00005,Settled Early,08/01/26 02:07:34.865 AM EDT,$1.00
Ty France 3.5,MLB-PTBS-FG-000F9T8FI50AHA0-TYCE000-GTE-P00035,Settled Early,08/01/26 02:07:35.113 AM EDT,$0.00
Ty France 5.5,MLB-PTBS-FG-000F9T8FI50AHA0-TYCE000-GTE-P00055,Settled Early,08/01/26 02:07:35.328 AM EDT,$0.00
Ty France 4.5,MLB-PTBS-FG-000F9T8FI50AHA0-TYCE000-GTE-P00045,Settled Early,08/01/26 02:07:35.519 AM EDT,$0.00
Ty France 2.5,MLB-PTBS-FG-000F9T8FI50AHA0-TYCE000-GTE-P00025,Settled Early,08/01/26 02:07:35.715 AM EDT,$0.00
Ty France 6.5,MLB-PTBS-FG-000F9T8FI50AHA0-TYCE000-GTE-P00065,Settled Early,08/01/26 02:07:35.913 AM EDT,$0.00
Ty France 7.5,MLB-PTBS-FG-000F9T8FI50AHA0-TYCE000-GTE-P00075,Settled Early,08/01/26 02:07:36.101 AM EDT,$0.00
Ty France 1.5,MLB-PTBS-FG-000F9T8FI50AHA0-TYCE000-GTE-P00015,Settled Early,08/01/26 02:07:36.285 AM EDT,$1.00
Ty France 2.5,MLB-PHIT-FG-000F9T8FI50AHA0-TYCE000-GTE-P00025,Settled Early,08/01/26 02:07:50.920 AM EDT,$0.00
Ty France 1.5,MLB-PHIT-FG-000F9T8FI50AHA0-TYCE000-GTE-P00015,Settled Early,08/01/26 02:07:51.108 AM EDT,$1.00
Ty France 0.5,MLB-PHIT-FG-000F9T8FI50AHA0-TYCE000-GTE-P00005,Settled Early,08/01/26 02:07:51.326 AM EDT,$1.00
Ty France 4.5,MLB-PHIT-FG-000F9T8FI50AHA0-TYCE000-GTE-P00045,Settled Early,08/01/26 02:07:51.523 AM EDT,$0.00
Ty France 3.5,MLB-PHIT-FG-000F9T8FI50AHA0-TYCE000-GTE-P00035,Settled Early,08/01/26 02:07:51.717 AM EDT,$0.00
Brandon Nimmo 4.5,MLB-PRBI-FG-000F9T8VI50AG40-BRMO000-GTE-P00045,Settled Early,08/01/26 02:07:58.601 AM EDT,$0.00
Brandon Nimmo 1.5,MLB-PRBI-FG-000F9T8VI50AG40-BRMO000-GTE-P00015,Settled Early,08/01/26 02:07:58.806 AM EDT,$0.00
Brandon Nimmo 0.5,MLB-PRBI-FG-000F9T8VI50AG40-BRMO000-GTE-P00005,Settled Early,08/01/26 02:07:58.990 AM EDT,$0.00
Brandon Nimmo 3.5,MLB-PRBI-FG-000F9T8VI50AG40-BRMO000-GTE-P00035,Settled Early,08/01/26 02:07:59.179 AM EDT,$0.00
Brandon Nimmo 2.5,MLB-PRBI-FG-000F9T8VI50AG40-BRMO000-GTE-P00025,Settled Early,08/01/26 02:07:59.375 AM EDT,$0.00
Brandon Nimmo 3.5,MLB-PHIT-FG-000F9T8VI50AG40-BRMO000-GTE-P00035,Settled Early,08/01/26 02:08:27.187 AM EDT,$0.00
Brandon Nimmo 2.5,MLB-PHIT-FG-000F9T8VI50AG40-BRMO000-GTE-P00025,Settled Early,08/01/26 02:08:27.359 AM EDT,$0.00
Brandon Nimmo 1.5,MLB-PHIT-FG-000F9T8VI50AG40-BRMO000-GTE-P00015,Settled Early,08/01/26 02:08:27.527 AM EDT,$0.00
Brandon Nimmo 4.5,MLB-PHIT-FG-000F9T8VI50AG40-BRMO000-GTE-P00045,Settled Early,08/01/26 02:08:27.697 AM EDT,$0.00
Brandon Nimmo 0.5,MLB-PHIT-FG-000F9T8VI50AG40-BRMO000-GTE-P00005,Settled Early,08/01/26 02:08:27.879 AM EDT,$0.00
Ty France 1.5,MLB-PRBI-FG-000F9T8FI50AHA0-TYCE000-GTE-P00015,Settled Early,08/01/26 02:08:29.840 AM EDT,$1.00
Ty France 4.5,MLB-PRBI-FG-000F9T8FI50AHA0-TYCE000-GTE-P00045,Settled Early,08/01/26 02:08:30.037 AM EDT,$0.00
Ty France 2.5,MLB-PRBI-FG-000F9T8FI50AHA0-TYCE000-GTE-P00025,Settled Early,08/01/26 02:08:30.231 AM EDT,$1.00
Ty France 3.5,MLB-PRBI-FG-000F9T8FI50AHA0-TYCE000-GTE-P00035,Settled Early,08/01/26 02:08:30.416 AM EDT,$0.00
Ty France 0.5,MLB-PRBI-FG-000F9T8FI50AHA0-TYCE000-GTE-P00005,Settled Early,08/01/26 02:08:30.583 AM EDT,$1.00
Ty France 0.5,MLB-PHRN-FG-000F9T8FI50AHA0-TYCE000-GTE-P00005,Settled Early,08/01/26 02:08:50.849 AM EDT,$0.00
Ty France 1.5,MLB-PHRN-FG-000F9T8FI50AHA0-TYCE000-GTE-P00015,Settled Early,08/01/26 02:08:51.051 AM EDT,$0.00
Ty France 2.5,MLB-PHRN-FG-000F9T8FI50AHA0-TYCE000-GTE-P00025,Settled Early,08/01/26 02:08:51.270 AM EDT,$0.00
Brandon Nimmo 1.5,MLB-PHRN-FG-000F9T8VI50AG40-BRMO000-GTE-P00015,Settled Early,08/01/26 02:10:42.698 AM EDT,$0.00
Brandon Nimmo 0.5,MLB-PHRN-FG-000F9T8VI50AG40-BRMO000-GTE-P00005,Settled Early,08/01/26 02:10:42.899 AM EDT,$0.00
Brandon Nimmo 2.5,MLB-PHRN-FG-000F9T8VI50AG40-BRMO000-GTE-P00025,Settled Early,08/01/26 02:10:43.097 AM EDT,$0.00
Ezequiel Duran 0.5,MLB-PHRR-FG-000F9T8VI50AG40-EZAN000-GTE-P00005,Settled Early,08/01/26 02:11:14.199 AM EDT,$1.00
Ezequiel Duran 1.5,MLB-PHRR-FG-000F9T8VI50AG40-EZAN000-GTE-P00015,Settled Early,08/01/26 02:11:14.513 AM EDT,$0.00
Ezequiel Duran 2.5,MLB-PHRR-FG-000F9T8VI50AG40-EZAN000-GTE-P00025,Settled Early,08/01/26 02:11:14.746 AM EDT,$0.00
Ezequiel Duran 3.5,MLB-PHRR-FG-000F9T8VI50AG40-EZAN000-GTE-P00035,Settled Early,08/01/26 02:11:14.996 AM EDT,$0.00
Ezequiel Duran 4.5,MLB-PHRR-FG-000F9T8VI50AG40-EZAN000-GTE-P00045,Settled Early,08/01/26 02:11:15.227 AM EDT,$0.00
Ezequiel Duran 5.5,MLB-PHRR-FG-000F9T8VI50AG40-EZAN000-GTE-P00055,Settled Early,08/01/26 02:11:15.420 AM EDT,$0.00
Ezequiel Duran 6.5,MLB-PHRR-FG-000F9T8VI50AG40-EZAN000-GTE-P00065,Settled Early,08/01/26 02:11:15.619 AM EDT,$0.00
Ezequiel Duran 7.5,MLB-PHRR-FG-000F9T8VI50AG40-EZAN000-GTE-P00075,Settled Early,08/01/26 02:11:15.813 AM EDT,$0.00
Ezequiel Duran 8.5,MLB-PHRR-FG-000F9T8VI50AG40-EZAN000-GTE-P00085,Settled Early,08/01/26 02:11:15.995 AM EDT,$0.00
Ezequiel Duran 9.5,MLB-PHRR-FG-000F9T8VI50AG40-EZAN000-GTE-P00095,Settled Early,08/01/26 02:11:16.187 AM EDT,$0.00
Ezequiel Duran 1.5,MLB-PHIT-FG-000F9T8VI50AG40-EZAN000-GTE-P00015,Settled Early,08/01/26 02:11:28.703 AM EDT,$0.00
Ezequiel Duran 2.5,MLB-PHIT-FG-000F9T8VI50AG40-EZAN000-GTE-P00025,Settled Early,08/01/26 02:11:28.916 AM EDT,$0.00
Ezequiel Duran 4.5,MLB-PHIT-FG-000F9T8VI50AG40-EZAN000-GTE-P00045,Settled Early,08/01/26 02:11:29.091 AM EDT,$0.00
Ezequiel Duran 3.5,MLB-PHIT-FG-000F9T8VI50AG40-EZAN000-GTE-P00035,Settled Early,08/01/26 02:11:29.309 AM EDT,$0.00
Ezequiel Duran 0.5,MLB-PHIT-FG-000F9T8VI50AG40-EZAN000-GTE-P00005,Settled Early,08/01/26 02:11:29.502 AM EDT,$1.00
Ezequiel Duran 2.5,MLB-PTBS-FG-000F9T8VI50AG40-EZAN000-GTE-P00025,Settled Early,08/01/26 02:11:43.512 AM EDT,$0.00
Ezequiel Duran 0.5,MLB-PTBS-FG-000F9T8VI50AG40-EZAN000-GTE-P00005,Settled Early,08/01/26 02:11:43.683 AM EDT,$1.00
Ezequiel Duran 1.5,MLB-PTBS-FG-000F9T8VI50AG40-EZAN000-GTE-P00015,Settled Early,08/01/26 02:11:43.850 AM EDT,$0.00
Ezequiel Duran 5.5,MLB-PTBS-FG-000F9T8VI50AG40-EZAN000-GTE-P00055,Settled Early,08/01/26 02:11:44.022 AM EDT,$0.00
Ezequiel Duran 6.5,MLB-PTBS-FG-000F9T8VI50AG40-EZAN000-GTE-P00065,Settled Early,08/01/26 02:11:44.195 AM EDT,$0.00
Ezequiel Duran 4.5,MLB-PTBS-FG-000F9T8VI50AG40-EZAN000-GTE-P00045,Settled Early,08/01/26 02:11:44.407 AM EDT,$0.00
Ezequiel Duran 7.5,MLB-PTBS-FG-000F9T8VI50AG40-EZAN000-GTE-P00075,Settled Early,08/01/26 02:11:44.573 AM EDT,$0.00
Ezequiel Duran 3.5,MLB-PTBS-FG-000F9T8VI50AG40-EZAN000-GTE-P00035,Settled Early,08/01/26 02:11:44.743 AM EDT,$0.00
Ezequiel Duran 0.5,MLB-PRBI-FG-000F9T8VI50AG40-EZAN000-GTE-P00005,Settled Early,08/01/26 02:11:55.678 AM EDT,$0.00
Ezequiel Duran 1.5,MLB-PRBI-FG-000F9T8VI50AG40-EZAN000-GTE-P00015,Settled Early,08/01/26 02:11:55.876 AM EDT,$0.00
Ezequiel Duran 3.5,MLB-PRBI-FG-000F9T8VI50AG40-EZAN000-GTE-P00035,Settled Early,08/01/26 02:11:56.046 AM EDT,$0.00
Ezequiel Duran 2.5,MLB-PRBI-FG-000F9T8VI50AG40-EZAN000-GTE-P00025,Settled Early,08/01/26 02:11:56.216 AM EDT,$0.00
Ezequiel Duran 4.5,MLB-PRBI-FG-000F9T8VI50AG40-EZAN000-GTE-P00045,Settled Early,08/01/26 02:11:56.403 AM EDT,$0.00
Over 0.5,MLB-TRUNS-I8-000F839EI50D218-GTE-P00005,Settled Early,08/01/26 02:12:04.188 AM EDT,$1.00
Over 1.5,MLB-TRUNS-I8-000F839EI50D218-GTE-P00015,Settled Early,08/01/26 02:12:04.400 AM EDT,$0.00
Over 2.5,MLB-TRUNS-I8-000F839EI50D218-GTE-P00025,Settled Early,08/01/26 02:12:04.658 AM EDT,$0.00
Over 3.5,MLB-TRUNS-I8-000F839EI50D218-GTE-P00035,Settled Early,08/01/26 02:12:04.876 AM EDT,$0.00
Over 4.5,MLB-TRUNS-I8-000F839EI50D218-GTE-P00045,Settled Early,08/01/26 02:12:05.042 AM EDT,$0.00
Ezequiel Duran 1.5,MLB-PHRN-FG-000F9T8VI50AG40-EZAN000-GTE-P00015,Settled Early,08/01/26 02:12:08.371 AM EDT,$0.00
Ezequiel Duran 2.5,MLB-PHRN-FG-000F9T8VI50AG40-EZAN000-GTE-P00025,Settled Early,08/01/26 02:12:08.560 AM EDT,$0.00
Ezequiel Duran 0.5,MLB-PHRN-FG-000F9T8VI50AG40-EZAN000-GTE-P00005,Settled Early,08/01/26 02:12:08.735 AM EDT,$0.00
Luke Keaschall 2.5,MLB-PHRR-FG-000F839EI50D218-LULL000-GTE-P00025,Settled Early,08/01/26 02:12:43.336 AM EDT,$1.00
Luke Keaschall 3.5,MLB-PHRR-FG-000F839EI50D218-LULL000-GTE-P00035,Settled Early,08/01/26 02:12:43.572 AM EDT,$0.00
Luke Keaschall 4.5,MLB-PHRR-FG-000F839EI50D218-LULL000-GTE-P00045,Settled Early,08/01/26 02:12:43.794 AM EDT,$0.00
Luke Keaschall 5.5,MLB-PHRR-FG-000F839EI50D218-LULL000-GTE-P00055,Settled Early,08/01/26 02:12:43.968 AM EDT,$0.00
Luke Keaschall 6.5,MLB-PHRR-FG-000F839EI50D218-LULL000-GTE-P00065,Settled Early,08/01/26 02:12:44.147 AM EDT,$0.00
Luke Keaschall 7.5,MLB-PHRR-FG-000F839EI50D218-LULL000-GTE-P00075,Settled Early,08/01/26 02:12:44.358 AM EDT,$0.00
Luke Keaschall 8.5,MLB-PHRR-FG-000F839EI50D218-LULL000-GTE-P00085,Settled Early,08/01/26 02:12:44.563 AM EDT,$0.00
Luke Keaschall 9.5,MLB-PHRR-FG-000F839EI50D218-LULL000-GTE-P00095,Settled Early,08/01/26 02:12:44.754 AM EDT,$0.00
Luke Keaschall 1.5,MLB-PHRR-FG-000F839EI50D218-LULL000-GTE-P00015,Settled Early,08/01/26 02:12:44.958 AM EDT,$1.00
Luke Keaschall 0.5,MLB-PHRR-FG-000F839EI50D218-LULL000-GTE-P00005,Settled Early,08/01/26 02:12:45.187 AM EDT,$1.00
Evan Carter 0.5,MLB-PHRR-FG-000F9T8VI50AG40-EVER000-GTE-P00005,Settled Early,08/01/26 02:12:47.352 AM EDT,$1.00
Evan Carter 1.5,MLB-PHRR-FG-000F9T8VI50AG40-EVER000-GTE-P00015,Settled Early,08/01/26 02:12:47.564 AM EDT,$1.00
Evan Carter 6.5,MLB-PHRR-FG-000F9T8VI50AG40-EVER000-GTE-P00065,Settled Early,08/01/26 02:12:47.803 AM EDT,$0.00
Evan Carter 7.5,MLB-PHRR-FG-000F9T8VI50AG40-EVER000-GTE-P00075,Settled Early,08/01/26 02:12:48.005 AM EDT,$0.00
Evan Carter 8.5,MLB-PHRR-FG-000F9T8VI50AG40-EVER000-GTE-P00085,Settled Early,08/01/26 02:12:48.276 AM EDT,$0.00
Evan Carter 9.5,MLB-PHRR-FG-000F9T8VI50AG40-EVER000-GTE-P00095,Settled Early,08/01/26 02:12:48.561 AM EDT,$0.00
Evan Carter 4.5,MLB-PHRR-FG-000F9T8VI50AG40-EVER000-GTE-P00045,Settled Early,08/01/26 02:12:48.756 AM EDT,$0.00
Evan Carter 3.5,MLB-PHRR-FG-000F9T8VI50AG40-EVER000-GTE-P00035,Settled Early,08/01/26 02:12:48.989 AM EDT,$0.00
Evan Carter 2.5,MLB-PHRR-FG-000F9T8VI50AG40-EVER000-GTE-P00025,Settled Early,08/01/26 02:12:49.292 AM EDT,$1.00
Evan Carter 5.5,MLB-PHRR-FG-000F9T8VI50AG40-EVER000-GTE-P00055,Settled Early,08/01/26 02:12:49.521 AM EDT,$0.00
Evan Carter 3.5,MLB-PTBS-FG-000F9T8VI50AG40-EVER000-GTE-P00035,Settled Early,08/01/26 02:13:02.630 AM EDT,$0.00
Evan Carter 0.5,MLB-PTBS-FG-000F9T8VI50AG40-EVER000-GTE-P00005,Settled Early,08/01/26 02:13:02.828 AM EDT,$1.00
Evan Carter 1.5,MLB-PTBS-FG-000F9T8VI50AG40-EVER000-GTE-P00015,Settled Early,08/01/26 02:13:03.036 AM EDT,$1.00
Evan Carter 2.5,MLB-PTBS-FG-000F9T8VI50AG40-EVER000-GTE-P00025,Settled Early,08/01/26 02:13:03.241 AM EDT,$0.00
Evan Carter 4.5,MLB-PTBS-FG-000F9T8VI50AG40-EVER000-GTE-P00045,Settled Early,08/01/26 02:13:03.436 AM EDT,$0.00
Evan Carter 5.5,MLB-PTBS-FG-000F9T8VI50AG40-EVER000-GTE-P00055,Settled Early,08/01/26 02:13:03.629 AM EDT,$0.00
Evan Carter 6.5,MLB-PTBS-FG-000F9T8VI50AG40-EVER000-GTE-P00065,Settled Early,08/01/26 02:13:03.822 AM EDT,$0.00
Evan Carter 7.5,MLB-PTBS-FG-000F9T8VI50AG40-EVER000-GTE-P00075,Settled Early,08/01/26 02:13:04.012 AM EDT,$0.00
Evan Carter 0.5,MLB-PHIT-FG-000F9T8VI50AG40-EVER000-GTE-P00005,Settled Early,08/01/26 02:13:22.465 AM EDT,$1.00
Evan Carter 4.5,MLB-PHIT-FG-000F9T8VI50AG40-EVER000-GTE-P00045,Settled Early,08/01/26 02:13:22.705 AM EDT,$0.00
Evan Carter 2.5,MLB-PHIT-FG-000F9T8VI50AG40-EVER000-GTE-P00025,Settled Early,08/01/26 02:13:22.902 AM EDT,$0.00
Evan Carter 1.5,MLB-PHIT-FG-000F9T8VI50AG40-EVER000-GTE-P00015,Settled Early,08/01/26 02:13:23.097 AM EDT,$1.00
Evan Carter 3.5,MLB-PHIT-FG-000F9T8VI50AG40-EVER000-GTE-P00035,Settled Early,08/01/26 02:13:23.299 AM EDT,$0.00
Royce Lewis 5.5,MLB-PHRR-FG-000F839EI50D218-ROIS000-GTE-P00055,Settled Early,08/01/26 02:13:23.862 AM EDT,$0.00
Royce Lewis 6.5,MLB-PHRR-FG-000F839EI50D218-ROIS000-GTE-P00065,Settled Early,08/01/26 02:13:24.034 AM EDT,$0.00
Royce Lewis 7.5,MLB-PHRR-FG-000F839EI50D218-ROIS000-GTE-P00075,Settled Early,08/01/26 02:13:24.209 AM EDT,$0.00
Royce Lewis 8.5,MLB-PHRR-FG-000F839EI50D218-ROIS000-GTE-P00085,Settled Early,08/01/26 02:13:24.388 AM EDT,$0.00
Royce Lewis 9.5,MLB-PHRR-FG-000F839EI50D218-ROIS000-GTE-P00095,Settled Early,08/01/26 02:13:24.577 AM EDT,$0.00
Royce Lewis 0.5,MLB-PHRR-FG-000F839EI50D218-ROIS000-GTE-P00005,Settled Early,08/01/26 02:13:24.746 AM EDT,$1.00
Royce Lewis 3.5,MLB-PHRR-FG-000F839EI50D218-ROIS000-GTE-P00035,Settled Early,08/01/26 02:13:24.948 AM EDT,$0.00
Royce Lewis 4.5,MLB-PHRR-FG-000F839EI50D218-ROIS000-GTE-P00045,Settled Early,08/01/26 02:13:25.147 AM EDT,$0.00
Royce Lewis 2.5,MLB-PHRR-FG-000F839EI50D218-ROIS000-GTE-P00025,Settled Early,08/01/26 02:13:25.370 AM EDT,$1.00
Royce Lewis 1.5,MLB-PHRR-FG-000F839EI50D218-ROIS000-GTE-P00015,Settled Early,08/01/26 02:13:25.579 AM EDT,$1.00
Evan Carter 1.5,MLB-PHRN-FG-000F9T8VI50AG40-EVER000-GTE-P00015,Settled Early,08/01/26 02:13:35.117 AM EDT,$0.00
Evan Carter 0.5,MLB-PHRN-FG-000F9T8VI50AG40-EVER000-GTE-P00005,Settled Early,08/01/26 02:13:35.325 AM EDT,$0.00
Evan Carter 2.5,MLB-PHRN-FG-000F9T8VI50AG40-EVER000-GTE-P00025,Settled Early,08/01/26 02:13:35.546 AM EDT,$0.00
Royce Lewis 3.5,MLB-PRBI-FG-000F839EI50D218-ROIS000-GTE-P00035,Settled Early,08/01/26 02:13:44.357 AM EDT,$0.00
Royce Lewis 4.5,MLB-PRBI-FG-000F839EI50D218-ROIS000-GTE-P00045,Settled Early,08/01/26 02:13:44.574 AM EDT,$0.00
Royce Lewis 0.5,MLB-PRBI-FG-000F839EI50D218-ROIS000-GTE-P00005,Settled Early,08/01/26 02:13:44.780 AM EDT,$1.00
Royce Lewis 1.5,MLB-PRBI-FG-000F839EI50D218-ROIS000-GTE-P00015,Settled Early,08/01/26 02:13:44.964 AM EDT,$0.00
Royce Lewis 2.5,MLB-PRBI-FG-000F839EI50D218-ROIS000-GTE-P00025,Settled Early,08/01/26 02:13:45.149 AM EDT,$0.00
Over 0.5,MLB-TRUNS-I6-000F839EI50D218-GTE-P00005,Settled Early,08/01/26 02:14:00.949 AM EDT,$0.00
Over 1.5,MLB-TRUNS-I6-000F839EI50D218-GTE-P00015,Settled Early,08/01/26 02:14:01.201 AM EDT,$0.00
Over 2.5,MLB-TRUNS-I6-000F839EI50D218-GTE-P00025,Settled Early,08/01/26 02:14:01.408 AM EDT,$0.00
Over 3.5,MLB-TRUNS-I6-000F839EI50D218-GTE-P00035,Settled Early,08/01/26 02:14:01.639 AM EDT,$0.00
Over 4.5,MLB-TRUNS-I6-000F839EI50D218-GTE-P00045,Settled Early,08/01/26 02:14:01.831 AM EDT,$0.00
Over 0.5,MLB-TRUNS-I7-000F839EI50D218-GTE-P00005,Settled Early,08/01/26 02:14:12.622 AM EDT,$1.00
Over 1.5,MLB-TRUNS-I7-000F839EI50D218-GTE-P00015,Settled Early,08/01/26 02:14:12.895 AM EDT,$1.00
Over 3.5,MLB-TRUNS-I7-000F839EI50D218-GTE-P00035,Settled Early,08/01/26 02:14:13.084 AM EDT,$0.00
Over 2.5,MLB-TRUNS-I7-000F839EI50D218-GTE-P00025,Settled Early,08/01/26 02:14:13.282 AM EDT,$0.00
Over 4.5,MLB-TRUNS-I7-000F839EI50D218-GTE-P00045,Settled Early,08/01/26 02:14:13.539 AM EDT,$0.00
Evan Carter 4.5,MLB-PRBI-FG-000F9T8VI50AG40-EVER000-GTE-P00045,Settled Early,08/01/26 02:14:17.940 AM EDT,$0.00
Evan Carter 1.5,MLB-PRBI-FG-000F9T8VI50AG40-EVER000-GTE-P00015,Settled Early,08/01/26 02:14:18.135 AM EDT,$0.00
Evan Carter 2.5,MLB-PRBI-FG-000F9T8VI50AG40-EVER000-GTE-P00025,Settled Early,08/01/26 02:14:18.349 AM EDT,$0.00
Evan Carter 0.5,MLB-PRBI-FG-000F9T8VI50AG40-EVER000-GTE-P00005,Settled Early,08/01/26 02:14:18.562 AM EDT,$1.00
Evan Carter 3.5,MLB-PRBI-FG-000F9T8VI50AG40-EVER000-GTE-P00035,Settled Early,08/01/26 02:14:18.778 AM EDT,$0.00
SEA Mariners,MLB-WIN-IT5-000F839EI50D218-SERS000,Settled Early,08/01/26 02:14:32.574 AM EDT,$1.00
MIN Twins,MLB-WIN-IT5-000F839EI50D218-MINS000,Settled Early,08/01/26 02:14:32.919 AM EDT,$0.00
Jake Burger 0.5,MLB-PHRR-FG-000F9T8VI50AG40-JAER001-GTE-P00005,Settled Early,08/01/26 02:14:50.294 AM EDT,$1.00
Jake Burger 1.5,MLB-PHRR-FG-000F9T8VI50AG40-JAER001-GTE-P00015,Settled Early,08/01/26 02:14:50.556 AM EDT,$0.00
Jake Burger 2.5,MLB-PHRR-FG-000F9T8VI50AG40-JAER001-GTE-P00025,Settled Early,08/01/26 02:14:50.754 AM EDT,$0.00
Jake Burger 3.5,MLB-PHRR-FG-000F9T8VI50AG40-JAER001-GTE-P00035,Settled Early,08/01/26 02:14:50.944 AM EDT,$0.00
Jake Burger 5.5,MLB-PHRR-FG-000F9T8VI50AG40-JAER001-GTE-P00055,Settled Early,08/01/26 02:14:51.149 AM EDT,$0.00
Jake Burger 6.5,MLB-PHRR-FG-000F9T8VI50AG40-JAER001-GTE-P00065,Settled Early,08/01/26 02:14:51.349 AM EDT,$0.00
Jake Burger 7.5,MLB-PHRR-FG-000F9T8VI50AG40-JAER001-GTE-P00075,Settled Early,08/01/26 02:14:51.563 AM EDT,$0.00
Jake Burger 8.5,MLB-PHRR-FG-000F9T8VI50AG40-JAER001-GTE-P00085,Settled Early,08/01/26 02:14:51.763 AM EDT,$0.00
Jake Burger 4.5,MLB-PHRR-FG-000F9T8VI50AG40-JAER001-GTE-P00045,Settled Early,08/01/26 02:14:51.957 AM EDT,$0.00
Jake Burger 9.5,MLB-PHRR-FG-000F9T8VI50AG40-JAER001-GTE-P00095,Settled Early,08/01/26 02:14:52.162 AM EDT,$0.00
Brooks Lee 0.5,MLB-PHRR-FG-000F839EI50D218-BREE000-GTE-P00005,Settled Early,08/01/26 02:14:56.415 AM EDT,$1.00
Brooks Lee 2.5,MLB-PHRR-FG-000F839EI50D218-BREE000-GTE-P00025,Settled Early,08/01/26 02:14:56.609 AM EDT,$1.00
Brooks Lee 5.5,MLB-PHRR-FG-000F839EI50D218-BREE000-GTE-P00055,Settled Early,08/01/26 02:14:56.804 AM EDT,$0.00
Brooks Lee 8.5,MLB-PHRR-FG-000F839EI50D218-BREE000-GTE-P00085,Settled Early,08/01/26 02:14:56.976 AM EDT,$0.00
Brooks Lee 9.5,MLB-PHRR-FG-000F839EI50D218-BREE000-GTE-P00095,Settled Early,08/01/26 02:14:57.172 AM EDT,$0.00
Brooks Lee 1.5,MLB-PHRR-FG-000F839EI50D218-BREE000-GTE-P00015,Settled Early,08/01/26 02:14:57.343 AM EDT,$1.00
Brooks Lee 6.5,MLB-PHRR-FG-000F839EI50D218-BREE000-GTE-P00065,Settled Early,08/01/26 02:14:57.521 AM EDT,$0.00
Brooks Lee 4.5,MLB-PHRR-FG-000F839EI50D218-BREE000-GTE-P00045,Settled Early,08/01/26 02:14:57.688 AM EDT,$0.00
Brooks Lee 7.5,MLB-PHRR-FG-000F839EI50D218-BREE000-GTE-P00075,Settled Early,08/01/26 02:14:57.855 AM EDT,$0.00
Brooks Lee 3.5,MLB-PHRR-FG-000F839EI50D218-BREE000-GTE-P00035,Settled Early,08/01/26 02:14:58.041 AM EDT,$1.00
Jake Burger 1.5,MLB-PRBI-FG-000F9T8VI50AG40-JAER001-GTE-P00015,Settled Early,08/01/26 02:15:02.258 AM EDT,$0.00
Jake Burger 0.5,MLB-PRBI-FG-000F9T8VI50AG40-JAER001-GTE-P00005,Settled Early,08/01/26 02:15:02.469 AM EDT,$0.00
Jake Burger 2.5,MLB-PRBI-FG-000F9T8VI50AG40-JAER001-GTE-P00025,Settled Early,08/01/26 02:15:02.688 AM EDT,$0.00
Jake Burger 3.5,MLB-PRBI-FG-000F9T8VI50AG40-JAER001-GTE-P00035,Settled Early,08/01/26 02:15:02.880 AM EDT,$0.00
Jake Burger 4.5,MLB-PRBI-FG-000F9T8VI50AG40-JAER001-GTE-P00045,Settled Early,08/01/26 02:15:03.070 AM EDT,$0.00
Alan Roden 3.5,MLB-PHRR-FG-000F839EI50D218-ALEN000-GTE-P00035,Settled Early,08/01/26 02:15:19.034 AM EDT,$0.00
Alan Roden 4.5,MLB-PHRR-FG-000F839EI50D218-ALEN000-GTE-P00045,Settled Early,08/01/26 02:15:19.232 AM EDT,$0.00
Alan Roden 5.5,MLB-PHRR-FG-000F839EI50D218-ALEN000-GTE-P00055,Settled Early,08/01/26 02:15:19.428 AM EDT,$0.00
Alan Roden 6.5,MLB-PHRR-FG-000F839EI50D218-ALEN000-GTE-P00065,Settled Early,08/01/26 02:15:19.646 AM EDT,$0.00
Alan Roden 7.5,MLB-PHRR-FG-000F839EI50D218-ALEN000-GTE-P00075,Settled Early,08/01/26 02:15:19.873 AM EDT,$0.00
Alan Roden 8.5,MLB-PHRR-FG-000F839EI50D218-ALEN000-GTE-P00085,Settled Early,08/01/26 02:15:20.062 AM EDT,$0.00
Alan Roden 9.5,MLB-PHRR-FG-000F839EI50D218-ALEN000-GTE-P00095,Settled Early,08/01/26 02:15:20.252 AM EDT,$0.00
Alan Roden 2.5,MLB-PHRR-FG-000F839EI50D218-ALEN000-GTE-P00025,Settled Early,08/01/26 02:15:20.419 AM EDT,$0.00
Alan Roden 1.5,MLB-PHRR-FG-000F839EI50D218-ALEN000-GTE-P00015,Settled Early,08/01/26 02:15:20.649 AM EDT,$1.00
Alan Roden 0.5,MLB-PHRR-FG-000F839EI50D218-ALEN000-GTE-P00005,Settled Early,08/01/26 02:15:20.873 AM EDT,$1.00
Jake Burger 0.5,MLB-PTBS-FG-000F9T8VI50AG40-JAER001-GTE-P00005,Settled Early,08/01/26 02:15:24.185 AM EDT,$1.00
Jake Burger 2.5,MLB-PTBS-FG-000F9T8VI50AG40-JAER001-GTE-P00025,Settled Early,08/01/26 02:15:24.357 AM EDT,$0.00
Jake Burger 3.5,MLB-PTBS-FG-000F9T8VI50AG40-JAER001-GTE-P00035,Settled Early,08/01/26 02:15:24.527 AM EDT,$0.00
Jake Burger 6.5,MLB-PTBS-FG-000F9T8VI50AG40-JAER001-GTE-P00065,Settled Early,08/01/26 02:15:24.691 AM EDT,$0.00
Jake Burger 7.5,MLB-PTBS-FG-000F9T8VI50AG40-JAER001-GTE-P00075,Settled Early,08/01/26 02:15:24.860 AM EDT,$0.00
Jake Burger 5.5,MLB-PTBS-FG-000F9T8VI50AG40-JAER001-GTE-P00055,Settled Early,08/01/26 02:15:25.030 AM EDT,$0.00
Jake Burger 1.5,MLB-PTBS-FG-000F9T8VI50AG40-JAER001-GTE-P00015,Settled Early,08/01/26 02:15:25.198 AM EDT,$0.00
Jake Burger 4.5,MLB-PTBS-FG-000F9T8VI50AG40-JAER001-GTE-P00045,Settled Early,08/01/26 02:15:25.374 AM EDT,$0.00
Jake Burger 0.5,MLB-PHIT-FG-000F9T8VI50AG40-JAER001-GTE-P00005,Settled Early,08/01/26 02:15:37.848 AM EDT,$1.00
Jake Burger 2.5,MLB-PHIT-FG-000F9T8VI50AG40-JAER001-GTE-P00025,Settled Early,08/01/26 02:15:38.091 AM EDT,$0.00
Jake Burger 1.5,MLB-PHIT-FG-000F9T8VI50AG40-JAER001-GTE-P00015,Settled Early,08/01/26 02:15:38.314 AM EDT,$0.00
Jake Burger 3.5,MLB-PHIT-FG-000F9T8VI50AG40-JAER001-GTE-P00035,Settled Early,08/01/26 02:15:38.497 AM EDT,$0.00
Jake Burger 4.5,MLB-PHIT-FG-000F9T8VI50AG40-JAER001-GTE-P00045,Settled Early,08/01/26 02:15:38.698 AM EDT,$0.00
Jake Burger 2.5,MLB-PHRN-FG-000F9T8VI50AG40-JAER001-GTE-P00025,Settled Early,08/01/26 02:15:55.035 AM EDT,$0.00
Jake Burger 0.5,MLB-PHRN-FG-000F9T8VI50AG40-JAER001-GTE-P00005,Settled Early,08/01/26 02:15:55.207 AM EDT,$0.00
Jake Burger 1.5,MLB-PHRN-FG-000F9T8VI50AG40-JAER001-GTE-P00015,Settled Early,08/01/26 02:15:55.443 AM EDT,$0.00
Cal Raleigh 4.5,MLB-PHRR-FG-000F839EI50D218-CAGH000-GTE-P00045,Settled Early,08/01/26 02:19:01.173 AM EDT,$0.00
Cal Raleigh 5.5,MLB-PHRR-FG-000F839EI50D218-CAGH000-GTE-P00055,Settled Early,08/01/26 02:19:01.418 AM EDT,$0.00
Cal Raleigh 6.5,MLB-PHRR-FG-000F839EI50D218-CAGH000-GTE-P00065,Settled Early,08/01/26 02:19:01.640 AM EDT,$0.00
Cal Raleigh 7.5,MLB-PHRR-FG-000F839EI50D218-CAGH000-GTE-P00075,Settled Early,08/01/26 02:19:01.834 AM EDT,$0.00
Cal Raleigh 8.5,MLB-PHRR-FG-000F839EI50D218-CAGH000-GTE-P00085,Settled Early,08/01/26 02:19:02.048 AM EDT,$0.00
Cal Raleigh 9.5,MLB-PHRR-FG-000F839EI50D218-CAGH000-GTE-P00095,Settled Early,08/01/26 02:19:02.249 AM EDT,$0.00
Cal Raleigh 3.5,MLB-PHRR-FG-000F839EI50D218-CAGH000-GTE-P00035,Settled Early,08/01/26 02:19:02.423 AM EDT,$0.00
Cal Raleigh 2.5,MLB-PHRR-FG-000F839EI50D218-CAGH000-GTE-P00025,Settled Early,08/01/26 02:19:02.622 AM EDT,$1.00
Cal Raleigh 1.5,MLB-PHRR-FG-000F839EI50D218-CAGH000-GTE-P00015,Settled Early,08/01/26 02:19:02.865 AM EDT,$1.00
Cal Raleigh 0.5,MLB-PHRR-FG-000F839EI50D218-CAGH000-GTE-P00005,Settled Early,08/01/26 02:19:03.048 AM EDT,$1.00
MIN Twins -3.5,MLB-MOVY-IT5-000F839EI50D218-MINS000-GTE-P00035,Settled Early,08/01/26 02:19:26.518 AM EDT,$0.00
MIN Twins -4.5,MLB-MOVY-IT5-000F839EI50D218-MINS000-GTE-P00045,Settled Early,08/01/26 02:19:26.698 AM EDT,$0.00
SEA Mariners -0.5,MLB-MOVY-IT5-000F839EI50D218-SERS000-GTE-P00005,Settled Early,08/01/26 02:19:26.877 AM EDT,$1.00
SEA Mariners -1.5,MLB-MOVY-IT5-000F839EI50D218-SERS000-GTE-P00015,Settled Early,08/01/26 02:19:27.210 AM EDT,$0.00
SEA Mariners -2.5,MLB-MOVY-IT5-000F839EI50D218-SERS000-GTE-P00025,Settled Early,08/01/26 02:19:27.499 AM EDT,$0.00
SEA Mariners -3.5,MLB-MOVY-IT5-000F839EI50D218-SERS000-GTE-P00035,Settled Early,08/01/26 02:19:27.734 AM EDT,$0.00
SEA Mariners -4.5,MLB-MOVY-IT5-000F839EI50D218-SERS000-GTE-P00045,Settled Early,08/01/26 02:19:27.904 AM EDT,$0.00
MIN Twins -1.5,MLB-MOVY-IT5-000F839EI50D218-MINS000-GTE-P00015,Settled Early,08/01/26 02:19:28.097 AM EDT,$0.00
MIN Twins -2.5,MLB-MOVY-IT5-000F839EI50D218-MINS000-GTE-P00025,Settled Early,08/01/26 02:19:28.290 AM EDT,$0.00
MIN Twins -0.5,MLB-MOVY-IT5-000F839EI50D218-MINS000-GTE-P00005,Settled Early,08/01/26 02:19:28.478 AM EDT,$0.00
Nicky Lopez 5.5,MLB-PHRR-FG-000F9T8VI50AG40-NIEZ000-GTE-P00055,Settled Early,08/01/26 02:19:36.377 AM EDT,$0.00
Nicky Lopez 6.5,MLB-PHRR-FG-000F9T8VI50AG40-NIEZ000-GTE-P00065,Settled Early,08/01/26 02:19:36.590 AM EDT,$0.00
Nicky Lopez 7.5,MLB-PHRR-FG-000F9T8VI50AG40-NIEZ000-GTE-P00075,Settled Early,08/01/26 02:19:36.780 AM EDT,$0.00
Nicky Lopez 8.5,MLB-PHRR-FG-000F9T8VI50AG40-NIEZ000-GTE-P00085,Settled Early,08/01/26 02:19:36.981 AM EDT,$0.00
Nicky Lopez 9.5,MLB-PHRR-FG-000F9T8VI50AG40-NIEZ000-GTE-P00095,Settled Early,08/01/26 02:19:37.149 AM EDT,$0.00
Nicky Lopez 1.5,MLB-PHRR-FG-000F9T8VI50AG40-NIEZ000-GTE-P00015,Settled Early,08/01/26 02:19:37.361 AM EDT,$0.00
Nicky Lopez 0.5,MLB-PHRR-FG-000F9T8VI50AG40-NIEZ000-GTE-P00005,Settled Early,08/01/26 02:19:37.557 AM EDT,$0.00
Nicky Lopez 3.5,MLB-PHRR-FG-000F9T8VI50AG40-NIEZ000-GTE-P00035,Settled Early,08/01/26 02:19:37.742 AM EDT,$0.00
Nicky Lopez 2.5,MLB-PHRR-FG-000F9T8VI50AG40-NIEZ000-GTE-P00025,Settled Early,08/01/26 02:19:37.934 AM EDT,$0.00
Nicky Lopez 4.5,MLB-PHRR-FG-000F9T8VI50AG40-NIEZ000-GTE-P00045,Settled Early,08/01/26 02:19:38.128 AM EDT,$0.00
Over 1.5,MLB-TRUNS-I1-000F839EI50D218-GTE-P00015,Settled Early,08/01/26 02:19:42.449 AM EDT,$1.00
Over 3.5,MLB-TRUNS-I1-000F839EI50D218-GTE-P00035,Settled Early,08/01/26 02:19:42.640 AM EDT,$0.00
Over 4.5,MLB-TRUNS-I1-000F839EI50D218-GTE-P00045,Settled Early,08/01/26 02:19:42.845 AM EDT,$0.00
Over 0.5,MLB-TRUNS-I1-000F839EI50D218-GTE-P00005,Settled Early,08/01/26 02:19:43.013 AM EDT,$1.00
Over 2.5,MLB-TRUNS-I1-000F839EI50D218-GTE-P00025,Settled Early,08/01/26 02:19:43.289 AM EDT,$0.00
Nicky Lopez 0.5,MLB-PRBI-FG-000F9T8VI50AG40-NIEZ000-GTE-P00005,Settled Early,08/01/26 02:19:53.266 AM EDT,$0.00
Nicky Lopez 3.5,MLB-PRBI-FG-000F9T8VI50AG40-NIEZ000-GTE-P00035,Settled Early,08/01/26 02:19:53.477 AM EDT,$0.00
Nicky Lopez 4.5,MLB-PRBI-FG-000F9T8VI50AG40-NIEZ000-GTE-P00045,Settled Early,08/01/26 02:19:53.669 AM EDT,$0.00
Nicky Lopez 1.5,MLB-PRBI-FG-000F9T8VI50AG40-NIEZ000-GTE-P00015,Settled Early,08/01/26 02:19:53.863 AM EDT,$0.00
Nicky Lopez 2.5,MLB-PRBI-FG-000F9T8VI50AG40-NIEZ000-GTE-P00025,Settled Early,08/01/26 02:19:54.050 AM EDT,$0.00
Over 0.5,MLB-TRUNS-I5-000F839EI50D218-GTE-P00005,Settled Early,08/01/26 02:20:19.088 AM EDT,$0.00
Over 4.5,MLB-TRUNS-I5-000F839EI50D218-GTE-P00045,Settled Early,08/01/26 02:20:19.323 AM EDT,$0.00
Nicky Lopez 7.5,MLB-PTBS-FG-000F9T8VI50AG40-NIEZ000-GTE-P00075,Settled Early,08/01/26 02:20:19.474 AM EDT,$0.00
Over 3.5,MLB-TRUNS-I5-000F839EI50D218-GTE-P00035,Settled Early,08/01/26 02:20:19.537 AM EDT,$0.00
Nicky Lopez 2.5,MLB-PTBS-FG-000F9T8VI50AG40-NIEZ000-GTE-P00025,Settled Early,08/01/26 02:20:19.707 AM EDT,$0.00
Over 1.5,MLB-TRUNS-I5-000F839EI50D218-GTE-P00015,Settled Early,08/01/26 02:20:19.761 AM EDT,$0.00
Nicky Lopez 0.5,MLB-PTBS-FG-000F9T8VI50AG40-NIEZ000-GTE-P00005,Settled Early,08/01/26 02:20:19.916 AM EDT,$0.00
Over 2.5,MLB-TRUNS-I5-000F839EI50D218-GTE-P00025,Settled Early,08/01/26 02:20:19.976 AM EDT,$0.00
Nicky Lopez 6.5,MLB-PTBS-FG-000F9T8VI50AG40-NIEZ000-GTE-P00065,Settled Early,08/01/26 02:20:20.128 AM EDT,$0.00
Nicky Lopez 1.5,MLB-PTBS-FG-000F9T8VI50AG40-NIEZ000-GTE-P00015,Settled Early,08/01/26 02:20:20.358 AM EDT,$0.00
Nicky Lopez 3.5,MLB-PTBS-FG-000F9T8VI50AG40-NIEZ000-GTE-P00035,Settled Early,08/01/26 02:20:20.538 AM EDT,$0.00
Nicky Lopez 4.5,MLB-PTBS-FG-000F9T8VI50AG40-NIEZ000-GTE-P00045,Settled Early,08/01/26 02:20:20.733 AM EDT,$0.00
Nicky Lopez 5.5,MLB-PTBS-FG-000F9T8VI50AG40-NIEZ000-GTE-P00055,Settled Early,08/01/26 02:20:20.934 AM EDT,$0.00
Nicky Lopez 1.5,MLB-PHIT-FG-000F9T8VI50AG40-NIEZ000-GTE-P00015,Settled Early,08/01/26 02:20:32.426 AM EDT,$0.00
Nicky Lopez 0.5,MLB-PHIT-FG-000F9T8VI50AG40-NIEZ000-GTE-P00005,Settled Early,08/01/26 02:20:32.613 AM EDT,$0.00
Nicky Lopez 3.5,MLB-PHIT-FG-000F9T8VI50AG40-NIEZ000-GTE-P00035,Settled Early,08/01/26 02:20:32.815 AM EDT,$0.00
Nicky Lopez 4.5,MLB-PHIT-FG-000F9T8VI50AG40-NIEZ000-GTE-P00045,Settled Early,08/01/26 02:20:33.007 AM EDT,$0.00
Nicky Lopez 2.5,MLB-PHIT-FG-000F9T8VI50AG40-NIEZ000-GTE-P00025,Settled Early,08/01/26 02:20:33.176 AM EDT,$0.00
Nicky Lopez 0.5,MLB-PHRN-FG-000F9T8VI50AG40-NIEZ000-GTE-P00005,Settled Early,08/01/26 02:20:41.816 AM EDT,$0.00
Nicky Lopez 2.5,MLB-PHRN-FG-000F9T8VI50AG40-NIEZ000-GTE-P00025,Settled Early,08/01/26 02:20:42.022 AM EDT,$0.00
Nicky Lopez 1.5,MLB-PHRN-FG-000F9T8VI50AG40-NIEZ000-GTE-P00015,Settled Early,08/01/26 02:20:42.214 AM EDT,$0.00
Victor Robles 0.5,MLB-PHRR-FG-000F839EI50D218-VIES000-GTE-P00005,Settled Early,08/01/26 02:20:45.002 AM EDT,$0.00
Victor Robles 6.5,MLB-PHRR-FG-000F839EI50D218-VIES000-GTE-P00065,Settled Early,08/01/26 02:20:45.239 AM EDT,$0.00
Victor Robles 1.5,MLB-PHRR-FG-000F839EI50D218-VIES000-GTE-P00015,Settled Early,08/01/26 02:20:45.443 AM EDT,$0.00
Victor Robles 9.5,MLB-PHRR-FG-000F839EI50D218-VIES000-GTE-P00095,Settled Early,08/01/26 02:20:45.607 AM EDT,$0.00
Victor Robles 5.5,MLB-PHRR-FG-000F839EI50D218-VIES000-GTE-P00055,Settled Early,08/01/26 02:20:45.799 AM EDT,$0.00
Victor Robles 7.5,MLB-PHRR-FG-000F839EI50D218-VIES000-GTE-P00075,Settled Early,08/01/26 02:20:45.994 AM EDT,$0.00
Victor Robles 3.5,MLB-PHRR-FG-000F839EI50D218-VIES000-GTE-P00035,Settled Early,08/01/26 02:20:46.179 AM EDT,$0.00
Victor Robles 8.5,MLB-PHRR-FG-000F839EI50D218-VIES000-GTE-P00085,Settled Early,08/01/26 02:20:46.370 AM EDT,$0.00
Victor Robles 2.5,MLB-PHRR-FG-000F839EI50D218-VIES000-GTE-P00025,Settled Early,08/01/26 02:20:46.537 AM EDT,$0.00
Victor Robles 4.5,MLB-PHRR-FG-000F839EI50D218-VIES000-GTE-P00045,Settled Early,08/01/26 02:20:46.701 AM EDT,$0.00
Austin Wynns 1.5,MLB-PHRR-FG-000F9T8VI50AG40-AUNS000-GTE-P00015,Settled Early,08/01/26 02:21:14.320 AM EDT,$0.00
Austin Wynns 2.5,MLB-PHRR-FG-000F9T8VI50AG40-AUNS000-GTE-P00025,Settled Early,08/01/26 02:21:14.516 AM EDT,$0.00
Austin Wynns 0.5,MLB-PHRR-FG-000F9T8VI50AG40-AUNS000-GTE-P00005,Settled Early,08/01/26 02:21:14.726 AM EDT,$0.00
Austin Wynns 9.5,MLB-PHRR-FG-000F9T8VI50AG40-AUNS000-GTE-P00095,Settled Early,08/01/26 02:21:14.933 AM EDT,$0.00
Austin Wynns 8.5,MLB-PHRR-FG-000F9T8VI50AG40-AUNS000-GTE-P00085,Settled Early,08/01/26 02:21:15.146 AM EDT,$0.00
Austin Wynns 4.5,MLB-PHRR-FG-000F9T8VI50AG40-AUNS000-GTE-P00045,Settled Early,08/01/26 02:21:15.335 AM EDT,$0.00
Austin Wynns 5.5,MLB-PHRR-FG-000F9T8VI50AG40-AUNS000-GTE-P00055,Settled Early,08/01/26 02:21:15.525 AM EDT,$0.00
Austin Wynns 6.5,MLB-PHRR-FG-000F9T8VI50AG40-AUNS000-GTE-P00065,Settled Early,08/01/26 02:21:15.714 AM EDT,$0.00
Austin Wynns 7.5,MLB-PHRR-FG-000F9T8VI50AG40-AUNS000-GTE-P00075,Settled Early,08/01/26 02:21:15.905 AM EDT,$0.00
Austin Wynns 3.5,MLB-PHRR-FG-000F9T8VI50AG40-AUNS000-GTE-P00035,Settled Early,08/01/26 02:21:16.103 AM EDT,$0.00
Randy Arozarena 6.5,MLB-PHRR-FG-000F839EI50D218-RANA000-GTE-P00065,Settled Early,08/01/26 02:21:33.042 AM EDT,$0.00
Randy Arozarena 7.5,MLB-PHRR-FG-000F839EI50D218-RANA000-GTE-P00075,Settled Early,08/01/26 02:21:33.275 AM EDT,$0.00
Randy Arozarena 8.5,MLB-PHRR-FG-000F839EI50D218-RANA000-GTE-P00085,Settled Early,08/01/26 02:21:33.519 AM EDT,$0.00
Randy Arozarena 9.5,MLB-PHRR-FG-000F839EI50D218-RANA000-GTE-P00095,Settled Early,08/01/26 02:21:33.754 AM EDT,$0.00
Randy Arozarena 5.5,MLB-PHRR-FG-000F839EI50D218-RANA000-GTE-P00055,Settled Early,08/01/26 02:21:33.942 AM EDT,$0.00
Randy Arozarena 2.5,MLB-PHRR-FG-000F839EI50D218-RANA000-GTE-P00025,Settled Early,08/01/26 02:21:34.139 AM EDT,$0.00
Randy Arozarena 3.5,MLB-PHRR-FG-000F839EI50D218-RANA000-GTE-P00035,Settled Early,08/01/26 02:21:34.358 AM EDT,$0.00
Randy Arozarena 0.5,MLB-PHRR-FG-000F839EI50D218-RANA000-GTE-P00005,Settled Early,08/01/26 02:21:34.576 AM EDT,$1.00
Randy Arozarena 4.5,MLB-PHRR-FG-000F839EI50D218-RANA000-GTE-P00045,Settled Early,08/01/26 02:21:34.804 AM EDT,$0.00
Randy Arozarena 1.5,MLB-PHRR-FG-000F839EI50D218-RANA000-GTE-P00015,Settled Early,08/01/26 02:21:34.977 AM EDT,$0.00
Trevor Larnach 0.5,MLB-PHRR-FG-000F839EI50D218-TRCH000-GTE-P00005,Settled Early,08/01/26 02:22:09.318 AM EDT,$0.00
Trevor Larnach 1.5,MLB-PHRR-FG-000F839EI50D218-TRCH000-GTE-P00015,Settled Early,08/01/26 02:22:09.555 AM EDT,$0.00
Trevor Larnach 2.5,MLB-PHRR-FG-000F839EI50D218-TRCH000-GTE-P00025,Settled Early,08/01/26 02:22:09.776 AM EDT,$0.00
Trevor Larnach 3.5,MLB-PHRR-FG-000F839EI50D218-TRCH000-GTE-P00035,Settled Early,08/01/26 02:22:10.004 AM EDT,$0.00
Trevor Larnach 4.5,MLB-PHRR-FG-000F839EI50D218-TRCH000-GTE-P00045,Settled Early,08/01/26 02:22:10.169 AM EDT,$0.00
Trevor Larnach 5.5,MLB-PHRR-FG-000F839EI50D218-TRCH000-GTE-P00055,Settled Early,08/01/26 02:22:10.379 AM EDT,$0.00
Trevor Larnach 6.5,MLB-PHRR-FG-000F839EI50D218-TRCH000-GTE-P00065,Settled Early,08/01/26 02:22:10.595 AM EDT,$0.00
Trevor Larnach 7.5,MLB-PHRR-FG-000F839EI50D218-TRCH000-GTE-P00075,Settled Early,08/01/26 02:22:10.782 AM EDT,$0.00
Luis Rengifo 4.5,MLB-PHRR-FG-000F9T8FI50AHA0-LUFO000-GTE-P00045,Settled Early,08/01/26 02:22:10.879 AM EDT,$0.00
Trevor Larnach 8.5,MLB-PHRR-FG-000F839EI50D218-TRCH000-GTE-P00085,Settled Early,08/01/26 02:22:10.967 AM EDT,$0.00
Luis Rengifo 7.5,MLB-PHRR-FG-000F9T8FI50AHA0-LUFO000-GTE-P00075,Settled Early,08/01/26 02:22:11.062 AM EDT,$0.00
Trevor Larnach 9.5,MLB-PHRR-FG-000F839EI50D218-TRCH000-GTE-P00095,Settled Early,08/01/26 02:22:11.204 AM EDT,$0.00
Luis Rengifo 8.5,MLB-PHRR-FG-000F9T8FI50AHA0-LUFO000-GTE-P00085,Settled Early,08/01/26 02:22:11.256 AM EDT,$0.00
Luis Rengifo 1.5,MLB-PHRR-FG-000F9T8FI50AHA0-LUFO000-GTE-P00015,Settled Early,08/01/26 02:22:11.444 AM EDT,$1.00
Luis Rengifo 0.5,MLB-PHRR-FG-000F9T8FI50AHA0-LUFO000-GTE-P00005,Settled Early,08/01/26 02:22:11.679 AM EDT,$1.00
Luis Rengifo 3.5,MLB-PHRR-FG-000F9T8FI50AHA0-LUFO000-GTE-P00035,Settled Early,08/01/26 02:22:11.851 AM EDT,$1.00
Luis Rengifo 2.5,MLB-PHRR-FG-000F9T8FI50AHA0-LUFO000-GTE-P00025,Settled Early,08/01/26 02:22:12.079 AM EDT,$1.00
Luis Rengifo 9.5,MLB-PHRR-FG-000F9T8FI50AHA0-LUFO000-GTE-P00095,Settled Early,08/01/26 02:22:12.296 AM EDT,$0.00
Luis Rengifo 5.5,MLB-PHRR-FG-000F9T8FI50AHA0-LUFO000-GTE-P00055,Settled Early,08/01/26 02:22:12.465 AM EDT,$0.00
Luis Rengifo 6.5,MLB-PHRR-FG-000F9T8FI50AHA0-LUFO000-GTE-P00065,Settled Early,08/01/26 02:22:12.664 AM EDT,$0.00
Jeremy Pena 7.5,MLB-PHRR-FG-000F9T8VI50AG40-JENA000-GTE-P00075,Settled Early,08/01/26 02:22:15.743 AM EDT,$0.00
Jeremy Pena 3.5,MLB-PHRR-FG-000F9T8VI50AG40-JENA000-GTE-P00035,Settled Early,08/01/26 02:22:15.974 AM EDT,$1.00
Jeremy Pena 8.5,MLB-PHRR-FG-000F9T8VI50AG40-JENA000-GTE-P00085,Settled Early,08/01/26 02:22:16.182 AM EDT,$0.00
Jeremy Pena 2.5,MLB-PHRR-FG-000F9T8VI50AG40-JENA000-GTE-P00025,Settled Early,08/01/26 02:22:16.408 AM EDT,$1.00
Jeremy Pena 6.5,MLB-PHRR-FG-000F9T8VI50AG40-JENA000-GTE-P00065,Settled Early,08/01/26 02:22:16.669 AM EDT,$1.00
Jeremy Pena 0.5,MLB-PHRR-FG-000F9T8VI50AG40-JENA000-GTE-P00005,Settled Early,08/01/26 02:22:16.880 AM EDT,$1.00
Jeremy Pena 1.5,MLB-PHRR-FG-000F9T8VI50AG40-JENA000-GTE-P00015,Settled Early,08/01/26 02:22:17.172 AM EDT,$1.00
Jeremy Pena 4.5,MLB-PHRR-FG-000F9T8VI50AG40-JENA000-GTE-P00045,Settled Early,08/01/26 02:22:17.468 AM EDT,$1.00
Jeremy Pena 9.5,MLB-PHRR-FG-000F9T8VI50AG40-JENA000-GTE-P00095,Settled Early,08/01/26 02:22:17.652 AM EDT,$0.00
Jeremy Pena 5.5,MLB-PHRR-FG-000F9T8VI50AG40-JENA000-GTE-P00055,Settled Early,08/01/26 02:22:17.864 AM EDT,$1.00
Luis Rengifo 1.5,MLB-PHIT-FG-000F9T8FI50AHA0-LUFO000-GTE-P00015,Settled Early,08/01/26 02:22:25.978 AM EDT,$0.00
Luis Rengifo 4.5,MLB-PHIT-FG-000F9T8FI50AHA0-LUFO000-GTE-P00045,Settled Early,08/01/26 02:22:26.224 AM EDT,$0.00
Luis Rengifo 3.5,MLB-PHIT-FG-000F9T8FI50AHA0-LUFO000-GTE-P00035,Settled Early,08/01/26 02:22:26.468 AM EDT,$0.00
Luis Rengifo 2.5,MLB-PHIT-FG-000F9T8FI50AHA0-LUFO000-GTE-P00025,Settled Early,08/01/26 02:22:26.682 AM EDT,$0.00
Luis Rengifo 0.5,MLB-PHIT-FG-000F9T8FI50AHA0-LUFO000-GTE-P00005,Settled Early,08/01/26 02:22:26.856 AM EDT,$1.00
Jeremy Pena 2.5,MLB-PRBI-FG-000F9T8VI50AG40-JENA000-GTE-P00025,Settled Early,08/01/26 02:22:35.947 AM EDT,$1.00
Jeremy Pena 0.5,MLB-PRBI-FG-000F9T8VI50AG40-JENA000-GTE-P00005,Settled Early,08/01/26 02:22:36.201 AM EDT,$1.00
Jeremy Pena 1.5,MLB-PRBI-FG-000F9T8VI50AG40-JENA000-GTE-P00015,Settled Early,08/01/26 02:22:36.410 AM EDT,$1.00
Jeremy Pena 4.5,MLB-PRBI-FG-000F9T8VI50AG40-JENA000-GTE-P00045,Settled Early,08/01/26 02:22:36.622 AM EDT,$0.00
Jeremy Pena 3.5,MLB-PRBI-FG-000F9T8VI50AG40-JENA000-GTE-P00035,Settled Early,08/01/26 02:22:36.864 AM EDT,$0.00
Luis Rengifo 6.5,MLB-PTBS-FG-000F9T8FI50AHA0-LUFO000-GTE-P00065,Settled Early,08/01/26 02:22:38.592 AM EDT,$0.00
Luis Rengifo 2.5,MLB-PTBS-FG-000F9T8FI50AHA0-LUFO000-GTE-P00025,Settled Early,08/01/26 02:22:38.809 AM EDT,$0.00
Luis Rengifo 1.5,MLB-PTBS-FG-000F9T8FI50AHA0-LUFO000-GTE-P00015,Settled Early,08/01/26 02:22:39.028 AM EDT,$0.00
Luis Rengifo 0.5,MLB-PTBS-FG-000F9T8FI50AHA0-LUFO000-GTE-P00005,Settled Early,08/01/26 02:22:39.256 AM EDT,$1.00
Luis Rengifo 7.5,MLB-PTBS-FG-000F9T8FI50AHA0-LUFO000-GTE-P00075,Settled Early,08/01/26 02:22:39.447 AM EDT,$0.00
Luis Rengifo 5.5,MLB-PTBS-FG-000F9T8FI50AHA0-LUFO000-GTE-P00055,Settled Early,08/01/26 02:22:39.638 AM EDT,$0.00
Luis Rengifo 3.5,MLB-PTBS-FG-000F9T8FI50AHA0-LUFO000-GTE-P00035,Settled Early,08/01/26 02:22:39.854 AM EDT,$0.00
Luis Rengifo 4.5,MLB-PTBS-FG-000F9T8FI50AHA0-LUFO000-GTE-P00045,Settled Early,08/01/26 02:22:40.053 AM EDT,$0.00
Luis Rengifo 3.5,MLB-PRBI-FG-000F9T8FI50AHA0-LUFO000-GTE-P00035,Settled Early,08/01/26 02:22:45.396 AM EDT,$0.00
Luis Rengifo 4.5,MLB-PRBI-FG-000F9T8FI50AHA0-LUFO000-GTE-P00045,Settled Early,08/01/26 02:22:45.646 AM EDT,$0.00
Luis Rengifo 0.5,MLB-PRBI-FG-000F9T8FI50AHA0-LUFO000-GTE-P00005,Settled Early,08/01/26 02:22:45.908 AM EDT,$0.00
Luis Rengifo 1.5,MLB-PRBI-FG-000F9T8FI50AHA0-LUFO000-GTE-P00015,Settled Early,08/01/26 02:22:46.151 AM EDT,$0.00
Luis Rengifo 2.5,MLB-PRBI-FG-000F9T8FI50AHA0-LUFO000-GTE-P00025,Settled Early,08/01/26 02:22:46.426 AM EDT,$0.00
Josh Naylor 9.5,MLB-PHRR-FG-000F839EI50D218-JOOR000-GTE-P00095,Settled Early,08/01/26 02:22:47.907 AM EDT,$0.00
Josh Naylor 0.5,MLB-PHRR-FG-000F839EI50D218-JOOR000-GTE-P00005,Settled Early,08/01/26 02:22:48.134 AM EDT,$0.00
Josh Naylor 2.5,MLB-PHRR-FG-000F839EI50D218-JOOR000-GTE-P00025,Settled Early,08/01/26 02:22:48.380 AM EDT,$0.00
Josh Naylor 6.5,MLB-PHRR-FG-000F839EI50D218-JOOR000-GTE-P00065,Settled Early,08/01/26 02:22:48.588 AM EDT,$0.00
Josh Naylor 5.5,MLB-PHRR-FG-000F839EI50D218-JOOR000-GTE-P00055,Settled Early,08/01/26 02:22:48.796 AM EDT,$0.00
Josh Naylor 8.5,MLB-PHRR-FG-000F839EI50D218-JOOR000-GTE-P00085,Settled Early,08/01/26 02:22:48.986 AM EDT,$0.00
Josh Naylor 7.5,MLB-PHRR-FG-000F839EI50D218-JOOR000-GTE-P00075,Settled Early,08/01/26 02:22:49.253 AM EDT,$0.00
Josh Naylor 1.5,MLB-PHRR-FG-000F839EI50D218-JOOR000-GTE-P00015,Settled Early,08/01/26 02:22:49.426 AM EDT,$0.00
Josh Naylor 3.5,MLB-PHRR-FG-000F839EI50D218-JOOR000-GTE-P00035,Settled Early,08/01/26 02:22:49.648 AM EDT,$0.00
Josh Naylor 4.5,MLB-PHRR-FG-000F839EI50D218-JOOR000-GTE-P00045,Settled Early,08/01/26 02:22:49.814 AM EDT,$0.00
Jeremy Pena 7.5,MLB-PTBS-FG-000F9T8VI50AG40-JENA000-GTE-P00075,Settled Early,08/01/26 02:22:51.869 AM EDT,$0.00
Jeremy Pena 6.5,MLB-PTBS-FG-000F9T8VI50AG40-JENA000-GTE-P00065,Settled Early,08/01/26 02:22:52.097 AM EDT,$0.00
Jeremy Pena 4.5,MLB-PTBS-FG-000F9T8VI50AG40-JENA000-GTE-P00045,Settled Early,08/01/26 02:22:52.325 AM EDT,$0.00
Jeremy Pena 3.5,MLB-PTBS-FG-000F9T8VI50AG40-JENA000-GTE-P00035,Settled Early,08/01/26 02:22:52.535 AM EDT,$1.00
Jeremy Pena 2.5,MLB-PTBS-FG-000F9T8VI50AG40-JENA000-GTE-P00025,Settled Early,08/01/26 02:22:52.740 AM EDT,$1.00
Jeremy Pena 5.5,MLB-PTBS-FG-000F9T8VI50AG40-JENA000-GTE-P00055,Settled Early,08/01/26 02:22:52.943 AM EDT,$0.00
Jeremy Pena 1.5,MLB-PTBS-FG-000F9T8VI50AG40-JENA000-GTE-P00015,Settled Early,08/01/26 02:22:53.129 AM EDT,$1.00
Jeremy Pena 0.5,MLB-PTBS-FG-000F9T8VI50AG40-JENA000-GTE-P00005,Settled Early,08/01/26 02:22:53.341 AM EDT,$1.00
Christian Koss 1.5,MLB-PHRR-FG-000F9T8FI50AHA0-CHSS000-GTE-P00015,Settled Early,08/01/26 02:23:01.556 AM EDT,$0.00
Christian Koss 4.5,MLB-PHRR-FG-000F9T8FI50AHA0-CHSS000-GTE-P00045,Settled Early,08/01/26 02:23:01.807 AM EDT,$0.00
Christian Koss 5.5,MLB-PHRR-FG-000F9T8FI50AHA0-CHSS000-GTE-P00055,Settled Early,08/01/26 02:23:02.048 AM EDT,$0.00
Christian Koss 6.5,MLB-PHRR-FG-000F9T8FI50AHA0-CHSS000-GTE-P00065,Settled Early,08/01/26 02:23:02.265 AM EDT,$0.00
Christian Koss 9.5,MLB-PHRR-FG-000F9T8FI50AHA0-CHSS000-GTE-P00095,Settled Early,08/01/26 02:23:02.480 AM EDT,$0.00
Christian Koss 0.5,MLB-PHRR-FG-000F9T8FI50AHA0-CHSS000-GTE-P00005,Settled Early,08/01/26 02:23:02.716 AM EDT,$1.00
Christian Koss 8.5,MLB-PHRR-FG-000F9T8FI50AHA0-CHSS000-GTE-P00085,Settled Early,08/01/26 02:23:02.898 AM EDT,$0.00
Christian Koss 7.5,MLB-PHRR-FG-000F9T8FI50AHA0-CHSS000-GTE-P00075,Settled Early,08/01/26 02:23:03.112 AM EDT,$0.00
Christian Koss 2.5,MLB-PHRR-FG-000F9T8FI50AHA0-CHSS000-GTE-P00025,Settled Early,08/01/26 02:23:03.329 AM EDT,$0.00
Christian Koss 3.5,MLB-PHRR-FG-000F9T8FI50AHA0-CHSS000-GTE-P00035,Settled Early,08/01/26 02:23:03.497 AM EDT,$0.00
Jeremy Pena 4.5,MLB-PHIT-FG-000F9T8VI50AG40-JENA000-GTE-P00045,Settled Early,08/01/26 02:23:08.427 AM EDT,$0.00
Jeremy Pena 2.5,MLB-PHIT-FG-000F9T8VI50AG40-JENA000-GTE-P00025,Settled Early,08/01/26 02:23:08.752 AM EDT,$1.00
Jeremy Pena 1.5,MLB-PHIT-FG-000F9T8VI50AG40-JENA000-GTE-P00015,Settled Early,08/01/26 02:23:09.061 AM EDT,$1.00
Jeremy Pena 3.5,MLB-PHIT-FG-000F9T8VI50AG40-JENA000-GTE-P00035,Settled Early,08/01/26 02:23:09.306 AM EDT,$0.00
Jeremy Pena 0.5,MLB-PHIT-FG-000F9T8VI50AG40-JENA000-GTE-P00005,Settled Early,08/01/26 02:23:09.510 AM EDT,$1.00
Christian Koss 3.5,MLB-PRBI-FG-000F9T8FI50AHA0-CHSS000-GTE-P00035,Settled Early,08/01/26 02:23:11.174 AM EDT,$0.00
Christian Koss 4.5,MLB-PRBI-FG-000F9T8FI50AHA0-CHSS000-GTE-P00045,Settled Early,08/01/26 02:23:11.355 AM EDT,$0.00
Christian Koss 0.5,MLB-PRBI-FG-000F9T8FI50AHA0-CHSS000-GTE-P00005,Settled Early,08/01/26 02:23:11.553 AM EDT,$0.00
Christian Koss 1.5,MLB-PRBI-FG-000F9T8FI50AHA0-CHSS000-GTE-P00015,Settled Early,08/01/26 02:23:11.778 AM EDT,$0.00
Christian Koss 2.5,MLB-PRBI-FG-000F9T8FI50AHA0-CHSS000-GTE-P00025,Settled Early,08/01/26 02:23:11.950 AM EDT,$0.00
Jeremy Pena 2.5,MLB-PHRN-FG-000F9T8VI50AG40-JENA000-GTE-P00025,Settled Early,08/01/26 02:23:20.485 AM EDT,$0.00
Jeremy Pena 1.5,MLB-PHRN-FG-000F9T8VI50AG40-JENA000-GTE-P00015,Settled Early,08/01/26 02:23:20.793 AM EDT,$0.00
Jeremy Pena 0.5,MLB-PHRN-FG-000F9T8VI50AG40-JENA000-GTE-P00005,Settled Early,08/01/26 02:23:21.123 AM EDT,$0.00
Julio Rodriguez 4.5,MLB-PHRR-FG-000F839EI50D218-JUEZ003-GTE-P00045,Settled Early,08/01/26 02:23:59.394 AM EDT,$0.00
Julio Rodriguez 5.5,MLB-PHRR-FG-000F839EI50D218-JUEZ003-GTE-P00055,Settled Early,08/01/26 02:23:59.616 AM EDT,$0.00
Julio Rodriguez 6.5,MLB-PHRR-FG-000F839EI50D218-JUEZ003-GTE-P00065,Settled Early,08/01/26 02:23:59.875 AM EDT,$0.00
Julio Rodriguez 7.5,MLB-PHRR-FG-000F839EI50D218-JUEZ003-GTE-P00075,Settled Early,08/01/26 02:24:00.132 AM EDT,$0.00
Julio Rodriguez 3.5,MLB-PHRR-FG-000F839EI50D218-JUEZ003-GTE-P00035,Settled Early,08/01/26 02:24:00.352 AM EDT,$0.00
Julio Rodriguez 0.5,MLB-PHRR-FG-000F839EI50D218-JUEZ003-GTE-P00005,Settled Early,08/01/26 02:24:00.539 AM EDT,$1.00
Julio Rodriguez 1.5,MLB-PHRR-FG-000F839EI50D218-JUEZ003-GTE-P00015,Settled Early,08/01/26 02:24:00.747 AM EDT,$0.00
Julio Rodriguez 2.5,MLB-PHRR-FG-000F839EI50D218-JUEZ003-GTE-P00025,Settled Early,08/01/26 02:24:00.987 AM EDT,$0.00
Julio Rodriguez 9.5,MLB-PHRR-FG-000F839EI50D218-JUEZ003-GTE-P00095,Settled Early,08/01/26 02:24:01.177 AM EDT,$0.00
Julio Rodriguez 8.5,MLB-PHRR-FG-000F839EI50D218-JUEZ003-GTE-P00085,Settled Early,08/01/26 02:24:01.361 AM EDT,$0.00
Cam Smith 3.5,MLB-PHIT-FG-000F9T8VI50AG40-CATH000-GTE-P00035,Settled Early,08/01/26 02:24:34.792 AM EDT,$0.00
Cam Smith 4.5,MLB-PHIT-FG-000F9T8VI50AG40-CATH000-GTE-P00045,Settled Early,08/01/26 02:24:35.085 AM EDT,$0.00
Cam Smith 1.5,MLB-PHIT-FG-000F9T8VI50AG40-CATH000-GTE-P00015,Settled Early,08/01/26 02:24:35.362 AM EDT,$1.00
Cam Smith 0.5,MLB-PHIT-FG-000F9T8VI50AG40-CATH000-GTE-P00005,Settled Early,08/01/26 02:24:35.563 AM EDT,$1.00
Cam Smith 2.5,MLB-PHIT-FG-000F9T8VI50AG40-CATH000-GTE-P00025,Settled Early,08/01/26 02:24:35.790 AM EDT,$0.00
Over 0.5,MLB-TRUNS-I9-000F839EI50D218-GTE-P00005,Settled Early,08/01/26 02:24:36.087 AM EDT,$0.00
Over 2.5,MLB-TRUNS-I9-000F839EI50D218-GTE-P00025,Settled Early,08/01/26 02:24:36.287 AM EDT,$0.00
Over 1.5,MLB-TRUNS-I9-000F839EI50D218-GTE-P00015,Settled Early,08/01/26 02:24:36.485 AM EDT,$0.00
Over 4.5,MLB-TRUNS-I9-000F839EI50D218-GTE-P00045,Settled Early,08/01/26 02:24:36.669 AM EDT,$0.00
Over 3.5,MLB-TRUNS-I9-000F839EI50D218-GTE-P00035,Settled Early,08/01/26 02:24:36.857 AM EDT,$0.00
Christian Koss 1.5,MLB-PTBS-FG-000F9T8FI50AHA0-CHSS000-GTE-P00015,Settled Early,08/01/26 02:24:45.450 AM EDT,$0.00
Christian Koss 2.5,MLB-PTBS-FG-000F9T8FI50AHA0-CHSS000-GTE-P00025,Settled Early,08/01/26 02:24:45.732 AM EDT,$0.00
Christian Koss 0.5,MLB-PTBS-FG-000F9T8FI50AHA0-CHSS000-GTE-P00005,Settled Early,08/01/26 02:24:45.951 AM EDT,$1.00
Christian Koss 4.5,MLB-PTBS-FG-000F9T8FI50AHA0-CHSS000-GTE-P00045,Settled Early,08/01/26 02:24:46.160 AM EDT,$0.00
Christian Koss 7.5,MLB-PTBS-FG-000F9T8FI50AHA0-CHSS000-GTE-P00075,Settled Early,08/01/26 02:24:46.407 AM EDT,$0.00
Christian Koss 5.5,MLB-PTBS-FG-000F9T8FI50AHA0-CHSS000-GTE-P00055,Settled Early,08/01/26 02:24:46.649 AM EDT,$0.00
Christian Koss 6.5,MLB-PTBS-FG-000F9T8FI50AHA0-CHSS000-GTE-P00065,Settled Early,08/01/26 02:24:46.856 AM EDT,$0.00
Christian Koss 3.5,MLB-PTBS-FG-000F9T8FI50AHA0-CHSS000-GTE-P00035,Settled Early,08/01/26 02:24:47.065 AM EDT,$0.00
Colt Emerson 6.5,MLB-PHRR-FG-000F839EI50D218-COON004-GTE-P00065,Settled Early,08/01/26 02:24:49.730 AM EDT,$0.00
Colt Emerson 7.5,MLB-PHRR-FG-000F839EI50D218-COON004-GTE-P00075,Settled Early,08/01/26 02:24:49.953 AM EDT,$0.00
Colt Emerson 8.5,MLB-PHRR-FG-000F839EI50D218-COON004-GTE-P00085,Settled Early,08/01/26 02:24:50.142 AM EDT,$0.00
Colt Emerson 9.5,MLB-PHRR-FG-000F839EI50D218-COON004-GTE-P00095,Settled Early,08/01/26 02:24:50.367 AM EDT,$0.00
Colt Emerson 3.5,MLB-PHRR-FG-000F839EI50D218-COON004-GTE-P00035,Settled Early,08/01/26 02:24:50.564 AM EDT,$0.00
Colt Emerson 5.5,MLB-PHRR-FG-000F839EI50D218-COON004-GTE-P00055,Settled Early,08/01/26 02:24:50.763 AM EDT,$0.00
Colt Emerson 2.5,MLB-PHRR-FG-000F839EI50D218-COON004-GTE-P00025,Settled Early,08/01/26 02:24:50.945 AM EDT,$0.00
Colt Emerson 0.5,MLB-PHRR-FG-000F839EI50D218-COON004-GTE-P00005,Settled Early,08/01/26 02:24:51.139 AM EDT,$0.00
Colt Emerson 4.5,MLB-PHRR-FG-000F839EI50D218-COON004-GTE-P00045,Settled Early,08/01/26 02:24:51.330 AM EDT,$0.00
Colt Emerson 1.5,MLB-PHRR-FG-000F839EI50D218-COON004-GTE-P00015,Settled Early,08/01/26 02:24:51.495 AM EDT,$0.00
Christian Koss 1.5,MLB-PHIT-FG-000F9T8FI50AHA0-CHSS000-GTE-P00015,Settled Early,08/01/26 02:24:52.860 AM EDT,$0.00
Christian Koss 0.5,MLB-PHIT-FG-000F9T8FI50AHA0-CHSS000-GTE-P00005,Settled Early,08/01/26 02:24:53.029 AM EDT,$1.00
Christian Koss 4.5,MLB-PHIT-FG-000F9T8FI50AHA0-CHSS000-GTE-P00045,Settled Early,08/01/26 02:24:53.261 AM EDT,$0.00
Christian Koss 2.5,MLB-PHIT-FG-000F9T8FI50AHA0-CHSS000-GTE-P00025,Settled Early,08/01/26 02:24:53.432 AM EDT,$0.00
Christian Koss 3.5,MLB-PHIT-FG-000F9T8FI50AHA0-CHSS000-GTE-P00035,Settled Early,08/01/26 02:24:53.602 AM EDT,$0.00
Cam Smith 6.5,MLB-PHRR-FG-000F9T8VI50AG40-CATH000-GTE-P00065,Settled Early,08/01/26 02:24:54.758 AM EDT,$0.00
Cam Smith 7.5,MLB-PHRR-FG-000F9T8VI50AG40-CATH000-GTE-P00075,Settled Early,08/01/26 02:24:54.927 AM EDT,$0.00
Cam Smith 8.5,MLB-PHRR-FG-000F9T8VI50AG40-CATH000-GTE-P00085,Settled Early,08/01/26 02:24:55.095 AM EDT,$0.00
Cam Smith 9.5,MLB-PHRR-FG-000F9T8VI50AG40-CATH000-GTE-P00095,Settled Early,08/01/26 02:24:55.295 AM EDT,$0.00
Cam Smith 1.5,MLB-PHRR-FG-000F9T8VI50AG40-CATH000-GTE-P00015,Settled Early,08/01/26 02:24:55.491 AM EDT,$1.00
Cam Smith 4.5,MLB-PHRR-FG-000F9T8VI50AG40-CATH000-GTE-P00045,Settled Early,08/01/26 02:24:55.712 AM EDT,$0.00
Cam Smith 5.5,MLB-PHRR-FG-000F9T8VI50AG40-CATH000-GTE-P00055,Settled Early,08/01/26 02:24:55.902 AM EDT,$0.00
Cam Smith 3.5,MLB-PHRR-FG-000F9T8VI50AG40-CATH000-GTE-P00035,Settled Early,08/01/26 02:24:56.065 AM EDT,$1.00
Cam Smith 0.5,MLB-PHRR-FG-000F9T8VI50AG40-CATH000-GTE-P00005,Settled Early,08/01/26 02:24:56.243 AM EDT,$1.00
Cam Smith 2.5,MLB-PHRR-FG-000F9T8VI50AG40-CATH000-GTE-P00025,Settled Early,08/01/26 02:24:56.423 AM EDT,$1.00
Christian Koss 2.5,MLB-PHRN-FG-000F9T8FI50AHA0-CHSS000-GTE-P00025,Settled Early,08/01/26 02:25:01.153 AM EDT,$0.00
Christian Koss 0.5,MLB-PHRN-FG-000F9T8FI50AHA0-CHSS000-GTE-P00005,Settled Early,08/01/26 02:25:01.516 AM EDT,$0.00
Christian Koss 1.5,MLB-PHRN-FG-000F9T8FI50AHA0-CHSS000-GTE-P00015,Settled Early,08/01/26 02:25:01.766 AM EDT,$0.00
Cam Smith 3.5,MLB-PTBS-FG-000F9T8VI50AG40-CATH000-GTE-P00035,Settled Early,08/01/26 02:25:10.291 AM EDT,$1.00
Cam Smith 5.5,MLB-PTBS-FG-000F9T8VI50AG40-CATH000-GTE-P00055,Settled Early,08/01/26 02:25:10.493 AM EDT,$0.00
Cam Smith 2.5,MLB-PTBS-FG-000F9T8VI50AG40-CATH000-GTE-P00025,Settled Early,08/01/26 02:25:10.725 AM EDT,$1.00
Cam Smith 0.5,MLB-PTBS-FG-000F9T8VI50AG40-CATH000-GTE-P00005,Settled Early,08/01/26 02:25:10.959 AM EDT,$1.00
Cam Smith 4.5,MLB-PTBS-FG-000F9T8VI50AG40-CATH000-GTE-P00045,Settled Early,08/01/26 02:25:11.146 AM EDT,$0.00
Cam Smith 6.5,MLB-PTBS-FG-000F9T8VI50AG40-CATH000-GTE-P00065,Settled Early,08/01/26 02:25:11.353 AM EDT,$0.00
Cam Smith 7.5,MLB-PTBS-FG-000F9T8VI50AG40-CATH000-GTE-P00075,Settled Early,08/01/26 02:25:11.576 AM EDT,$0.00
Cam Smith 1.5,MLB-PTBS-FG-000F9T8VI50AG40-CATH000-GTE-P00015,Settled Early,08/01/26 02:25:11.748 AM EDT,$1.00
Luis Campusano 0.5,MLB-PHRR-FG-000F9T8FI50AHA0-LUNO001-GTE-P00005,Settled Early,08/01/26 02:25:28.215 AM EDT,$1.00
Luis Campusano 1.5,MLB-PHRR-FG-000F9T8FI50AHA0-LUNO001-GTE-P00015,Settled Early,08/01/26 02:25:28.490 AM EDT,$1.00
Luis Campusano 2.5,MLB-PHRR-FG-000F9T8FI50AHA0-LUNO001-GTE-P00025,Settled Early,08/01/26 02:25:28.696 AM EDT,$1.00
Luis Campusano 3.5,MLB-PHRR-FG-000F9T8FI50AHA0-LUNO001-GTE-P00035,Settled Early,08/01/26 02:25:28.911 AM EDT,$1.00
Luis Campusano 4.5,MLB-PHRR-FG-000F9T8FI50AHA0-LUNO001-GTE-P00045,Settled Early,08/01/26 02:25:29.131 AM EDT,$0.00
Luis Campusano 5.5,MLB-PHRR-FG-000F9T8FI50AHA0-LUNO001-GTE-P00055,Settled Early,08/01/26 02:25:29.333 AM EDT,$0.00
Luis Campusano 6.5,MLB-PHRR-FG-000F9T8FI50AHA0-LUNO001-GTE-P00065,Settled Early,08/01/26 02:25:29.534 AM EDT,$0.00
Luis Campusano 7.5,MLB-PHRR-FG-000F9T8FI50AHA0-LUNO001-GTE-P00075,Settled Early,08/01/26 02:25:29.727 AM EDT,$0.00
Luis Campusano 8.5,MLB-PHRR-FG-000F9T8FI50AHA0-LUNO001-GTE-P00085,Settled Early,08/01/26 02:25:29.898 AM EDT,$0.00
Luis Campusano 9.5,MLB-PHRR-FG-000F9T8FI50AHA0-LUNO001-GTE-P00095,Settled Early,08/01/26 02:25:30.081 AM EDT,$0.00
Luis Campusano 7.5,MLB-PTBS-FG-000F9T8FI50AHA0-LUNO001-GTE-P00075,Settled Early,08/01/26 02:25:36.270 AM EDT,$0.00
Luis Campusano 5.5,MLB-PTBS-FG-000F9T8FI50AHA0-LUNO001-GTE-P00055,Settled Early,08/01/26 02:25:36.523 AM EDT,$0.00
Luis Campusano 6.5,MLB-PTBS-FG-000F9T8FI50AHA0-LUNO001-GTE-P00065,Settled Early,08/01/26 02:25:36.740 AM EDT,$0.00
Luis Campusano 2.5,MLB-PTBS-FG-000F9T8FI50AHA0-LUNO001-GTE-P00025,Settled Early,08/01/26 02:25:36.946 AM EDT,$1.00
Luis Campusano 1.5,MLB-PTBS-FG-000F9T8FI50AHA0-LUNO001-GTE-P00015,Settled Early,08/01/26 02:25:37.146 AM EDT,$1.00
Luis Campusano 0.5,MLB-PTBS-FG-000F9T8FI50AHA0-LUNO001-GTE-P00005,Settled Early,08/01/26 02:25:37.375 AM EDT,$1.00
Luis Campusano 4.5,MLB-PTBS-FG-000F9T8FI50AHA0-LUNO001-GTE-P00045,Settled Early,08/01/26 02:25:37.573 AM EDT,$0.00
Luis Campusano 3.5,MLB-PTBS-FG-000F9T8FI50AHA0-LUNO001-GTE-P00035,Settled Early,08/01/26 02:25:37.763 AM EDT,$0.00
Kody Clemens 8.5,MLB-PHRR-FG-000F839EI50D218-KONS000-GTE-P00085,Settled Early,08/01/26 02:25:37.863 AM EDT,$0.00
Kody Clemens 5.5,MLB-PHRR-FG-000F839EI50D218-KONS000-GTE-P00055,Settled Early,08/01/26 02:25:38.092 AM EDT,$0.00
Kody Clemens 3.5,MLB-PHRR-FG-000F839EI50D218-KONS000-GTE-P00035,Settled Early,08/01/26 02:25:38.328 AM EDT,$0.00
Kody Clemens 4.5,MLB-PHRR-FG-000F839EI50D218-KONS000-GTE-P00045,Settled Early,08/01/26 02:25:38.529 AM EDT,$0.00
Kody Clemens 2.5,MLB-PHRR-FG-000F839EI50D218-KONS000-GTE-P00025,Settled Early,08/01/26 02:25:38.723 AM EDT,$0.00
Kody Clemens 7.5,MLB-PHRR-FG-000F839EI50D218-KONS000-GTE-P00075,Settled Early,08/01/26 02:25:38.917 AM EDT,$0.00
Kody Clemens 9.5,MLB-PHRR-FG-000F839EI50D218-KONS000-GTE-P00095,Settled Early,08/01/26 02:25:39.111 AM EDT,$0.00
Kody Clemens 0.5,MLB-PHRR-FG-000F839EI50D218-KONS000-GTE-P00005,Settled Early,08/01/26 02:25:39.323 AM EDT,$0.00
Kody Clemens 1.5,MLB-PHRR-FG-000F839EI50D218-KONS000-GTE-P00015,Settled Early,08/01/26 02:25:39.496 AM EDT,$0.00
Kody Clemens 6.5,MLB-PHRR-FG-000F839EI50D218-KONS000-GTE-P00065,Settled Early,08/01/26 02:25:39.701 AM EDT,$0.00
Cam Smith 1.5,MLB-PRBI-FG-000F9T8VI50AG40-CATH000-GTE-P00015,Settled Early,08/01/26 02:25:40.318 AM EDT,$0.00
Cam Smith 2.5,MLB-PRBI-FG-000F9T8VI50AG40-CATH000-GTE-P00025,Settled Early,08/01/26 02:25:40.527 AM EDT,$0.00
Cam Smith 4.5,MLB-PRBI-FG-000F9T8VI50AG40-CATH000-GTE-P00045,Settled Early,08/01/26 02:25:40.766 AM EDT,$0.00
Cam Smith 0.5,MLB-PRBI-FG-000F9T8VI50AG40-CATH000-GTE-P00005,Settled Early,08/01/26 02:25:40.935 AM EDT,$0.00
Cam Smith 3.5,MLB-PRBI-FG-000F9T8VI50AG40-CATH000-GTE-P00035,Settled Early,08/01/26 02:25:41.141 AM EDT,$0.00
Luis Campusano 3.5,MLB-PRBI-FG-000F9T8FI50AHA0-LUNO001-GTE-P00035,Settled Early,08/01/26 02:25:47.212 AM EDT,$0.00
Luis Campusano 0.5,MLB-PRBI-FG-000F9T8FI50AHA0-LUNO001-GTE-P00005,Settled Early,08/01/26 02:25:47.489 AM EDT,$1.00
Luis Campusano 1.5,MLB-PRBI-FG-000F9T8FI50AHA0-LUNO001-GTE-P00015,Settled Early,08/01/26 02:25:47.734 AM EDT,$0.00
Luis Campusano 2.5,MLB-PRBI-FG-000F9T8FI50AHA0-LUNO001-GTE-P00025,Settled Early,08/01/26 02:25:47.973 AM EDT,$0.00
Luis Campusano 4.5,MLB-PRBI-FG-000F9T8FI50AHA0-LUNO001-GTE-P00045,Settled Early,08/01/26 02:25:48.222 AM EDT,$0.00
Cam Smith 0.5,MLB-PHRN-FG-000F9T8VI50AG40-CATH000-GTE-P00005,Settled Early,08/01/26 02:25:57.031 AM EDT,$0.00
Cam Smith 1.5,MLB-PHRN-FG-000F9T8VI50AG40-CATH000-GTE-P00015,Settled Early,08/01/26 02:25:57.265 AM EDT,$0.00
Cam Smith 2.5,MLB-PHRN-FG-000F9T8VI50AG40-CATH000-GTE-P00025,Settled Early,08/01/26 02:25:57.505 AM EDT,$0.00
Luis Campusano 3.5,MLB-PHIT-FG-000F9T8FI50AHA0-LUNO001-GTE-P00035,Settled Early,08/01/26 02:26:17.976 AM EDT,$0.00
Luis Campusano 1.5,MLB-PHIT-FG-000F9T8FI50AHA0-LUNO001-GTE-P00015,Settled Early,08/01/26 02:26:18.229 AM EDT,$1.00
Luis Campusano 0.5,MLB-PHIT-FG-000F9T8FI50AHA0-LUNO001-GTE-P00005,Settled Early,08/01/26 02:26:18.486 AM EDT,$1.00
Luis Campusano 4.5,MLB-PHIT-FG-000F9T8FI50AHA0-LUNO001-GTE-P00045,Settled Early,08/01/26 02:26:18.727 AM EDT,$0.00
Luis Campusano 2.5,MLB-PHIT-FG-000F9T8FI50AHA0-LUNO001-GTE-P00025,Settled Early,08/01/26 02:26:18.932 AM EDT,$1.00
Luis Campusano 0.5,MLB-PHRN-FG-000F9T8FI50AHA0-LUNO001-GTE-P00005,Settled Early,08/01/26 02:26:25.052 AM EDT,$0.00
Luis Campusano 2.5,MLB-PHRN-FG-000F9T8FI50AHA0-LUNO001-GTE-P00025,Settled Early,08/01/26 02:26:25.289 AM EDT,$0.00
Luis Campusano 1.5,MLB-PHRN-FG-000F9T8FI50AHA0-LUNO001-GTE-P00015,Settled Early,08/01/26 02:26:25.506 AM EDT,$0.00
Christian Walker 1.5,MLB-PHIT-FG-000F9T8VI50AG40-CHER000-GTE-P00015,Settled Early,08/01/26 02:26:29.100 AM EDT,$0.00
Christian Walker 4.5,MLB-PHIT-FG-000F9T8VI50AG40-CHER000-GTE-P00045,Settled Early,08/01/26 02:26:29.339 AM EDT,$0.00
Christian Walker 2.5,MLB-PHIT-FG-000F9T8VI50AG40-CHER000-GTE-P00025,Settled Early,08/01/26 02:26:29.543 AM EDT,$0.00
Christian Walker 3.5,MLB-PHIT-FG-000F9T8VI50AG40-CHER000-GTE-P00035,Settled Early,08/01/26 02:26:29.743 AM EDT,$0.00
Christian Walker 0.5,MLB-PHIT-FG-000F9T8VI50AG40-CHER000-GTE-P00005,Settled Early,08/01/26 02:26:29.944 AM EDT,$1.00
Josh Bell 3.5,MLB-PHRR-FG-000F839EI50D218-JOLL002-GTE-P00035,Settled Early,08/01/26 02:26:33.224 AM EDT,$0.00
Josh Bell 2.5,MLB-PHRR-FG-000F839EI50D218-JOLL002-GTE-P00025,Settled Early,08/01/26 02:26:33.477 AM EDT,$0.00
Josh Bell 1.5,MLB-PHRR-FG-000F839EI50D218-JOLL002-GTE-P00015,Settled Early,08/01/26 02:26:33.706 AM EDT,$1.00
Josh Bell 0.5,MLB-PHRR-FG-000F839EI50D218-JOLL002-GTE-P00005,Settled Early,08/01/26 02:26:33.923 AM EDT,$1.00
Josh Bell 4.5,MLB-PHRR-FG-000F839EI50D218-JOLL002-GTE-P00045,Settled Early,08/01/26 02:26:34.183 AM EDT,$0.00
Josh Bell 5.5,MLB-PHRR-FG-000F839EI50D218-JOLL002-GTE-P00055,Settled Early,08/01/26 02:26:34.364 AM EDT,$0.00
Josh Bell 7.5,MLB-PHRR-FG-000F839EI50D218-JOLL002-GTE-P00075,Settled Early,08/01/26 02:26:34.550 AM EDT,$0.00
Josh Bell 6.5,MLB-PHRR-FG-000F839EI50D218-JOLL002-GTE-P00065,Settled Early,08/01/26 02:26:34.748 AM EDT,$0.00
Josh Bell 8.5,MLB-PHRR-FG-000F839EI50D218-JOLL002-GTE-P00085,Settled Early,08/01/26 02:26:34.916 AM EDT,$0.00
Josh Bell 9.5,MLB-PHRR-FG-000F839EI50D218-JOLL002-GTE-P00095,Settled Early,08/01/26 02:26:35.111 AM EDT,$0.00
Christian Walker 3.5,MLB-PHRR-FG-000F9T8VI50AG40-CHER000-GTE-P00035,Settled Early,08/01/26 02:26:47.763 AM EDT,$0.00
Christian Walker 4.5,MLB-PHRR-FG-000F9T8VI50AG40-CHER000-GTE-P00045,Settled Early,08/01/26 02:26:48.018 AM EDT,$0.00
Jase Bowen 2.5,MLB-PHRR-FG-000F9T8FI50AHA0-JAEN000-GTE-P00025,Settled Early,08/01/26 02:26:48.100 AM EDT,$1.00
Christian Walker 5.5,MLB-PHRR-FG-000F9T8VI50AG40-CHER000-GTE-P00055,Settled Early,08/01/26 02:26:48.370 AM EDT,$0.00
Jase Bowen 3.5,MLB-PHRR-FG-000F9T8FI50AHA0-JAEN000-GTE-P00035,Settled Early,08/01/26 02:26:48.396 AM EDT,$1.00
Christian Walker 6.5,MLB-PHRR-FG-000F9T8VI50AG40-CHER000-GTE-P00065,Settled Early,08/01/26 02:26:48.621 AM EDT,$0.00
Jase Bowen 4.5,MLB-PHRR-FG-000F9T8FI50AHA0-JAEN000-GTE-P00045,Settled Early,08/01/26 02:26:48.637 AM EDT,$0.00
Christian Walker 7.5,MLB-PHRR-FG-000F9T8VI50AG40-CHER000-GTE-P00075,Settled Early,08/01/26 02:26:48.840 AM EDT,$0.00
Jase Bowen 5.5,MLB-PHRR-FG-000F9T8FI50AHA0-JAEN000-GTE-P00055,Settled Early,08/01/26 02:26:48.887 AM EDT,$0.00
Christian Walker 8.5,MLB-PHRR-FG-000F9T8VI50AG40-CHER000-GTE-P00085,Settled Early,08/01/26 02:26:49.086 AM EDT,$0.00
Jase Bowen 6.5,MLB-PHRR-FG-000F9T8FI50AHA0-JAEN000-GTE-P00065,Settled Early,08/01/26 02:26:49.103 AM EDT,$0.00
Christian Walker 9.5,MLB-PHRR-FG-000F9T8VI50AG40-CHER000-GTE-P00095,Settled Early,08/01/26 02:26:49.308 AM EDT,$0.00
Jase Bowen 7.5,MLB-PHRR-FG-000F9T8FI50AHA0-JAEN000-GTE-P00075,Settled Early,08/01/26 02:26:49.336 AM EDT,$0.00
Jase Bowen 8.5,MLB-PHRR-FG-000F9T8FI50AHA0-JAEN000-GTE-P00085,Settled Early,08/01/26 02:26:49.511 AM EDT,$0.00
Christian Walker 1.5,MLB-PHRR-FG-000F9T8VI50AG40-CHER000-GTE-P00015,Settled Early,08/01/26 02:26:49.524 AM EDT,$1.00
Jase Bowen 0.5,MLB-PHRR-FG-000F9T8FI50AHA0-JAEN000-GTE-P00005,Settled Early,08/01/26 02:26:49.712 AM EDT,$1.00
Christian Walker 2.5,MLB-PHRR-FG-000F9T8VI50AG40-CHER000-GTE-P00025,Settled Early,08/01/26 02:26:49.779 AM EDT,$1.00
Jase Bowen 1.5,MLB-PHRR-FG-000F9T8FI50AHA0-JAEN000-GTE-P00015,Settled Early,08/01/26 02:26:49.927 AM EDT,$1.00
Christian Walker 0.5,MLB-PHRR-FG-000F9T8VI50AG40-CHER000-GTE-P00005,Settled Early,08/01/26 02:26:49.984 AM EDT,$1.00
Jase Bowen 9.5,MLB-PHRR-FG-000F9T8FI50AHA0-JAEN000-GTE-P00095,Settled Early,08/01/26 02:26:50.140 AM EDT,$0.00
Over 1.5,MLB-TRUNS-I2-000F839EI50D218-GTE-P00015,Settled Early,08/01/26 02:26:50.601 AM EDT,$1.00
Over 0.5,MLB-TRUNS-I2-000F839EI50D218-GTE-P00005,Settled Early,08/01/26 02:26:50.828 AM EDT,$1.00
Over 2.5,MLB-TRUNS-I2-000F839EI50D218-GTE-P00025,Settled Early,08/01/26 02:26:51.058 AM EDT,$1.00
Over 4.5,MLB-TRUNS-I2-000F839EI50D218-GTE-P00045,Settled Early,08/01/26 02:26:51.257 AM EDT,$0.00
Over 3.5,MLB-TRUNS-I2-000F839EI50D218-GTE-P00035,Settled Early,08/01/26 02:26:51.450 AM EDT,$0.00
Jase Bowen 4.5,MLB-PTBS-FG-000F9T8FI50AHA0-JAEN000-GTE-P00045,Settled Early,08/01/26 02:26:59.517 AM EDT,$1.00
Jase Bowen 6.5,MLB-PTBS-FG-000F9T8FI50AHA0-JAEN000-GTE-P00065,Settled Early,08/01/26 02:26:59.754 AM EDT,$0.00
Jase Bowen 0.5,MLB-PTBS-FG-000F9T8FI50AHA0-JAEN000-GTE-P00005,Settled Early,08/01/26 02:26:59.980 AM EDT,$1.00
Jase Bowen 7.5,MLB-PTBS-FG-000F9T8FI50AHA0-JAEN000-GTE-P00075,Settled Early,08/01/26 02:27:00.183 AM EDT,$0.00
Jase Bowen 3.5,MLB-PTBS-FG-000F9T8FI50AHA0-JAEN000-GTE-P00035,Settled Early,08/01/26 02:27:00.386 AM EDT,$1.00
Jase Bowen 5.5,MLB-PTBS-FG-000F9T8FI50AHA0-JAEN000-GTE-P00055,Settled Early,08/01/26 02:27:00.602 AM EDT,$0.00
Christian Walker 1.5,MLB-PRBI-FG-000F9T8VI50AG40-CHER000-GTE-P00015,Settled Early,08/01/26 02:27:00.765 AM EDT,$0.00
Jase Bowen 1.5,MLB-PTBS-FG-000F9T8FI50AHA0-JAEN000-GTE-P00015,Settled Early,08/01/26 02:27:00.770 AM EDT,$1.00
Jase Bowen 2.5,MLB-PTBS-FG-000F9T8FI50AHA0-JAEN000-GTE-P00025,Settled Early,08/01/26 02:27:00.964 AM EDT,$1.00
Christian Walker 0.5,MLB-PRBI-FG-000F9T8VI50AG40-CHER000-GTE-P00005,Settled Early,08/01/26 02:27:00.979 AM EDT,$1.00
Christian Walker 3.5,MLB-PRBI-FG-000F9T8VI50AG40-CHER000-GTE-P00035,Settled Early,08/01/26 02:27:01.166 AM EDT,$0.00
Christian Walker 2.5,MLB-PRBI-FG-000F9T8VI50AG40-CHER000-GTE-P00025,Settled Early,08/01/26 02:27:01.391 AM EDT,$0.00
Christian Walker 4.5,MLB-PRBI-FG-000F9T8VI50AG40-CHER000-GTE-P00045,Settled Early,08/01/26 02:27:01.577 AM EDT,$0.00
Over 2.5,MLB-TRUNS-I3-000F839EI50D218-GTE-P00025,Settled Early,08/01/26 02:27:03.112 AM EDT,$0.00
Over 3.5,MLB-TRUNS-I3-000F839EI50D218-GTE-P00035,Settled Early,08/01/26 02:27:03.317 AM EDT,$0.00
Over 0.5,MLB-TRUNS-I3-000F839EI50D218-GTE-P00005,Settled Early,08/01/26 02:27:03.483 AM EDT,$0.00
Over 4.5,MLB-TRUNS-I3-000F839EI50D218-GTE-P00045,Settled Early,08/01/26 02:27:03.748 AM EDT,$0.00
Over 1.5,MLB-TRUNS-I3-000F839EI50D218-GTE-P00015,Settled Early,08/01/26 02:27:03.945 AM EDT,$0.00
Jase Bowen 0.5,MLB-PRBI-FG-000F9T8FI50AHA0-JAEN000-GTE-P00005,Settled Early,08/01/26 02:27:07.164 AM EDT,$1.00
Jase Bowen 1.5,MLB-PRBI-FG-000F9T8FI50AHA0-JAEN000-GTE-P00015,Settled Early,08/01/26 02:27:07.396 AM EDT,$0.00
Jase Bowen 2.5,MLB-PRBI-FG-000F9T8FI50AHA0-JAEN000-GTE-P00025,Settled Early,08/01/26 02:27:07.614 AM EDT,$0.00
Jase Bowen 3.5,MLB-PRBI-FG-000F9T8FI50AHA0-JAEN000-GTE-P00035,Settled Early,08/01/26 02:27:07.848 AM EDT,$0.00
Jase Bowen 4.5,MLB-PRBI-FG-000F9T8FI50AHA0-JAEN000-GTE-P00045,Settled Early,08/01/26 02:27:08.069 AM EDT,$0.00
Christian Walker 1.5,MLB-PTBS-FG-000F9T8VI50AG40-CHER000-GTE-P00015,Settled Early,08/01/26 02:27:14.233 AM EDT,$1.00
Christian Walker 2.5,MLB-PTBS-FG-000F9T8VI50AG40-CHER000-GTE-P00025,Settled Early,08/01/26 02:27:14.501 AM EDT,$1.00
Christian Walker 3.5,MLB-PTBS-FG-000F9T8VI50AG40-CHER000-GTE-P00035,Settled Early,08/01/26 02:27:14.745 AM EDT,$1.00
Christian Walker 0.5,MLB-PTBS-FG-000F9T8VI50AG40-CHER000-GTE-P00005,Settled Early,08/01/26 02:27:15.006 AM EDT,$1.00
Christian Walker 4.5,MLB-PTBS-FG-000F9T8VI50AG40-CHER000-GTE-P00045,Settled Early,08/01/26 02:27:15.221 AM EDT,$0.00
Christian Walker 6.5,MLB-PTBS-FG-000F9T8VI50AG40-CHER000-GTE-P00065,Settled Early,08/01/26 02:27:15.440 AM EDT,$0.00
Christian Walker 5.5,MLB-PTBS-FG-000F9T8VI50AG40-CHER000-GTE-P00055,Settled Early,08/01/26 02:27:15.651 AM EDT,$0.00
Christian Walker 7.5,MLB-PTBS-FG-000F9T8VI50AG40-CHER000-GTE-P00075,Settled Early,08/01/26 02:27:15.848 AM EDT,$0.00
Jase Bowen 2.5,MLB-PHIT-FG-000F9T8FI50AHA0-JAEN000-GTE-P00025,Settled Early,08/01/26 02:27:16.977 AM EDT,$0.00
Jase Bowen 1.5,MLB-PHIT-FG-000F9T8FI50AHA0-JAEN000-GTE-P00015,Settled Early,08/01/26 02:27:17.172 AM EDT,$1.00
Over 0.5,MLB-TRUNS-I4-000F839EI50D218-GTE-P00005,Settled Early,08/01/26 02:27:17.287 AM EDT,$0.00
Jase Bowen 0.5,MLB-PHIT-FG-000F9T8FI50AHA0-JAEN000-GTE-P00005,Settled Early,08/01/26 02:27:17.348 AM EDT,$1.00
Over 4.5,MLB-TRUNS-I4-000F839EI50D218-GTE-P00045,Settled Early,08/01/26 02:27:17.489 AM EDT,$0.00
Jase Bowen 4.5,MLB-PHIT-FG-000F9T8FI50AHA0-JAEN000-GTE-P00045,Settled Early,08/01/26 02:27:17.577 AM EDT,$0.00
Over 2.5,MLB-TRUNS-I4-000F839EI50D218-GTE-P00025,Settled Early,08/01/26 02:27:17.699 AM EDT,$0.00
Jase Bowen 3.5,MLB-PHIT-FG-000F9T8FI50AHA0-JAEN000-GTE-P00035,Settled Early,08/01/26 02:27:17.790 AM EDT,$0.00
Over 1.5,MLB-TRUNS-I4-000F839EI50D218-GTE-P00015,Settled Early,08/01/26 02:27:17.887 AM EDT,$0.00
Over 3.5,MLB-TRUNS-I4-000F839EI50D218-GTE-P00035,Settled Early,08/01/26 02:27:18.104 AM EDT,$0.00
Jase Bowen 1.5,MLB-PHRN-FG-000F9T8FI50AHA0-JAEN000-GTE-P00015,Settled Early,08/01/26 02:27:23.628 AM EDT,$0.00
Jase Bowen 0.5,MLB-PHRN-FG-000F9T8FI50AHA0-JAEN000-GTE-P00005,Settled Early,08/01/26 02:27:23.881 AM EDT,$1.00
Jase Bowen 2.5,MLB-PHRN-FG-000F9T8FI50AHA0-JAEN000-GTE-P00025,Settled Early,08/01/26 02:27:24.111 AM EDT,$0.00
Christian Walker 1.5,MLB-PHRN-FG-000F9T8VI50AG40-CHER000-GTE-P00015,Settled Early,08/01/26 02:27:29.684 AM EDT,$0.00
Christian Walker 0.5,MLB-PHRN-FG-000F9T8VI50AG40-CHER000-GTE-P00005,Settled Early,08/01/26 02:27:29.905 AM EDT,$1.00
Christian Walker 2.5,MLB-PHRN-FG-000F9T8VI50AG40-CHER000-GTE-P00025,Settled Early,08/01/26 02:27:30.138 AM EDT,$0.00
Ryan Jeffers 0.5,MLB-PHRR-FG-000F839EI50D218-RYRS001-GTE-P00005,Settled Early,08/01/26 02:27:39.920 AM EDT,$1.00
Ryan Jeffers 2.5,MLB-PHRR-FG-000F839EI50D218-RYRS001-GTE-P00025,Settled Early,08/01/26 02:27:40.199 AM EDT,$1.00
Ryan Jeffers 6.5,MLB-PHRR-FG-000F839EI50D218-RYRS001-GTE-P00065,Settled Early,08/01/26 02:27:40.442 AM EDT,$0.00
Ryan Jeffers 9.5,MLB-PHRR-FG-000F839EI50D218-RYRS001-GTE-P00095,Settled Early,08/01/26 02:27:40.664 AM EDT,$0.00
Ryan Jeffers 7.5,MLB-PHRR-FG-000F839EI50D218-RYRS001-GTE-P00075,Settled Early,08/01/26 02:27:40.888 AM EDT,$0.00
Ryan Jeffers 1.5,MLB-PHRR-FG-000F839EI50D218-RYRS001-GTE-P00015,Settled Early,08/01/26 02:27:41.093 AM EDT,$1.00
Ryan Jeffers 5.5,MLB-PHRR-FG-000F839EI50D218-RYRS001-GTE-P00055,Settled Early,08/01/26 02:27:41.342 AM EDT,$0.00
Ryan Jeffers 3.5,MLB-PHRR-FG-000F839EI50D218-RYRS001-GTE-P00035,Settled Early,08/01/26 02:27:41.538 AM EDT,$0.00
Ryan Jeffers 8.5,MLB-PHRR-FG-000F839EI50D218-RYRS001-GTE-P00085,Settled Early,08/01/26 02:27:41.728 AM EDT,$0.00
Ryan Jeffers 4.5,MLB-PHRR-FG-000F839EI50D218-RYRS001-GTE-P00045,Settled Early,08/01/26 02:27:41.902 AM EDT,$0.00
Xander Bogaerts 1.5,MLB-PHRR-FG-000F9T8FI50AHA0-XATS000-GTE-P00015,Settled Early,08/01/26 02:28:10.263 AM EDT,$0.00
Xander Bogaerts 0.5,MLB-PHRR-FG-000F9T8FI50AHA0-XATS000-GTE-P00005,Settled Early,08/01/26 02:28:10.496 AM EDT,$1.00
Xander Bogaerts 2.5,MLB-PHRR-FG-000F9T8FI50AHA0-XATS000-GTE-P00025,Settled Early,08/01/26 02:28:10.788 AM EDT,$0.00
Xander Bogaerts 8.5,MLB-PHRR-FG-000F9T8FI50AHA0-XATS000-GTE-P00085,Settled Early,08/01/26 02:28:11.072 AM EDT,$0.00
Xander Bogaerts 4.5,MLB-PHRR-FG-000F9T8FI50AHA0-XATS000-GTE-P00045,Settled Early,08/01/26 02:28:11.308 AM EDT,$0.00
Xander Bogaerts 6.5,MLB-PHRR-FG-000F9T8FI50AHA0-XATS000-GTE-P00065,Settled Early,08/01/26 02:28:11.500 AM EDT,$0.00
Xander Bogaerts 3.5,MLB-PHRR-FG-000F9T8FI50AHA0-XATS000-GTE-P00035,Settled Early,08/01/26 02:28:11.712 AM EDT,$0.00
Xander Bogaerts 7.5,MLB-PHRR-FG-000F9T8FI50AHA0-XATS000-GTE-P00075,Settled Early,08/01/26 02:28:11.954 AM EDT,$0.00
Xander Bogaerts 5.5,MLB-PHRR-FG-000F9T8FI50AHA0-XATS000-GTE-P00055,Settled Early,08/01/26 02:28:12.168 AM EDT,$0.00
Xander Bogaerts 9.5,MLB-PHRR-FG-000F9T8FI50AHA0-XATS000-GTE-P00095,Settled Early,08/01/26 02:28:12.371 AM EDT,$0.00
Jose Altuve 6.5,MLB-PHRR-FG-000F9T8VI50AG40-JOVE001-GTE-P00065,Settled Early,08/01/26 02:28:16.371 AM EDT,$0.00
Jose Altuve 7.5,MLB-PHRR-FG-000F9T8VI50AG40-JOVE001-GTE-P00075,Settled Early,08/01/26 02:28:16.634 AM EDT,$0.00
Jose Altuve 8.5,MLB-PHRR-FG-000F9T8VI50AG40-JOVE001-GTE-P00085,Settled Early,08/01/26 02:28:16.879 AM EDT,$0.00
Jose Altuve 9.5,MLB-PHRR-FG-000F9T8VI50AG40-JOVE001-GTE-P00095,Settled Early,08/01/26 02:28:17.135 AM EDT,$0.00
Jose Altuve 1.5,MLB-PHRR-FG-000F9T8VI50AG40-JOVE001-GTE-P00015,Settled Early,08/01/26 02:28:17.460 AM EDT,$0.00
Jose Altuve 2.5,MLB-PHRR-FG-000F9T8VI50AG40-JOVE001-GTE-P00025,Settled Early,08/01/26 02:28:17.753 AM EDT,$0.00
Jose Altuve 3.5,MLB-PHRR-FG-000F9T8VI50AG40-JOVE001-GTE-P00035,Settled Early,08/01/26 02:28:18.059 AM EDT,$0.00
Jose Altuve 4.5,MLB-PHRR-FG-000F9T8VI50AG40-JOVE001-GTE-P00045,Settled Early,08/01/26 02:28:18.341 AM EDT,$0.00
Jose Altuve 5.5,MLB-PHRR-FG-000F9T8VI50AG40-JOVE001-GTE-P00055,Settled Early,08/01/26 02:28:18.522 AM EDT,$0.00
Jose Altuve 0.5,MLB-PHRR-FG-000F9T8VI50AG40-JOVE001-GTE-P00005,Settled Early,08/01/26 02:28:18.735 AM EDT,$0.00
Xander Bogaerts 0.5,MLB-PTBS-FG-000F9T8FI50AHA0-XATS000-GTE-P00005,Settled Early,08/01/26 02:28:19.158 AM EDT,$1.00
Xander Bogaerts 3.5,MLB-PTBS-FG-000F9T8FI50AHA0-XATS000-GTE-P00035,Settled Early,08/01/26 02:28:19.371 AM EDT,$0.00
Xander Bogaerts 1.5,MLB-PTBS-FG-000F9T8FI50AHA0-XATS000-GTE-P00015,Settled Early,08/01/26 02:28:19.559 AM EDT,$0.00
Xander Bogaerts 2.5,MLB-PTBS-FG-000F9T8FI50AHA0-XATS000-GTE-P00025,Settled Early,08/01/26 02:28:19.727 AM EDT,$0.00
Xander Bogaerts 4.5,MLB-PTBS-FG-000F9T8FI50AHA0-XATS000-GTE-P00045,Settled Early,08/01/26 02:28:19.896 AM EDT,$0.00
Xander Bogaerts 6.5,MLB-PTBS-FG-000F9T8FI50AHA0-XATS000-GTE-P00065,Settled Early,08/01/26 02:28:20.088 AM EDT,$0.00
Xander Bogaerts 5.5,MLB-PTBS-FG-000F9T8FI50AHA0-XATS000-GTE-P00055,Settled Early,08/01/26 02:28:20.281 AM EDT,$0.00
Xander Bogaerts 7.5,MLB-PTBS-FG-000F9T8FI50AHA0-XATS000-GTE-P00075,Settled Early,08/01/26 02:28:20.453 AM EDT,$0.00
Xander Bogaerts 1.5,MLB-PRBI-FG-000F9T8FI50AHA0-XATS000-GTE-P00015,Settled Early,08/01/26 02:28:26.159 AM EDT,$0.00
Xander Bogaerts 0.5,MLB-PRBI-FG-000F9T8FI50AHA0-XATS000-GTE-P00005,Settled Early,08/01/26 02:28:26.414 AM EDT,$0.00
Xander Bogaerts 2.5,MLB-PRBI-FG-000F9T8FI50AHA0-XATS000-GTE-P00025,Settled Early,08/01/26 02:28:26.659 AM EDT,$0.00
Xander Bogaerts 3.5,MLB-PRBI-FG-000F9T8FI50AHA0-XATS000-GTE-P00035,Settled Early,08/01/26 02:28:26.848 AM EDT,$0.00
Xander Bogaerts 4.5,MLB-PRBI-FG-000F9T8FI50AHA0-XATS000-GTE-P00045,Settled Early,08/01/26 02:28:27.049 AM EDT,$0.00
Dominic Canzone 7.5,MLB-PHRR-FG-000F839EI50D218-DONE000-GTE-P00075,Settled Early,08/01/26 02:28:30.411 AM EDT,$0.00
Dominic Canzone 2.5,MLB-PHRR-FG-000F839EI50D218-DONE000-GTE-P00025,Settled Early,08/01/26 02:28:30.654 AM EDT,$0.00
Dominic Canzone 1.5,MLB-PHRR-FG-000F839EI50D218-DONE000-GTE-P00015,Settled Early,08/01/26 02:28:30.891 AM EDT,$1.00
Dominic Canzone 6.5,MLB-PHRR-FG-000F839EI50D218-DONE000-GTE-P00065,Settled Early,08/01/26 02:28:31.190 AM EDT,$0.00
Dominic Canzone 3.5,MLB-PHRR-FG-000F839EI50D218-DONE000-GTE-P00035,Settled Early,08/01/26 02:28:31.391 AM EDT,$0.00
Dominic Canzone 5.5,MLB-PHRR-FG-000F839EI50D218-DONE000-GTE-P00055,Settled Early,08/01/26 02:28:31.581 AM EDT,$0.00
Dominic Canzone 4.5,MLB-PHRR-FG-000F839EI50D218-DONE000-GTE-P00045,Settled Early,08/01/26 02:28:31.758 AM EDT,$0.00
Dominic Canzone 0.5,MLB-PHRR-FG-000F839EI50D218-DONE000-GTE-P00005,Settled Early,08/01/26 02:28:31.943 AM EDT,$1.00
Dominic Canzone 9.5,MLB-PHRR-FG-000F839EI50D218-DONE000-GTE-P00095,Settled Early,08/01/26 02:28:32.117 AM EDT,$0.00
Dominic Canzone 8.5,MLB-PHRR-FG-000F839EI50D218-DONE000-GTE-P00085,Settled Early,08/01/26 02:28:32.320 AM EDT,$0.00
Jose Altuve 3.5,MLB-PRBI-FG-000F9T8VI50AG40-JOVE001-GTE-P00035,Settled Early,08/01/26 02:28:33.162 AM EDT,$0.00
Jose Altuve 2.5,MLB-PRBI-FG-000F9T8VI50AG40-JOVE001-GTE-P00025,Settled Early,08/01/26 02:28:33.331 AM EDT,$0.00
Jose Altuve 4.5,MLB-PRBI-FG-000F9T8VI50AG40-JOVE001-GTE-P00045,Settled Early,08/01/26 02:28:33.501 AM EDT,$0.00
Jose Altuve 1.5,MLB-PRBI-FG-000F9T8VI50AG40-JOVE001-GTE-P00015,Settled Early,08/01/26 02:28:33.667 AM EDT,$0.00
Jose Altuve 0.5,MLB-PRBI-FG-000F9T8VI50AG40-JOVE001-GTE-P00005,Settled Early,08/01/26 02:28:33.853 AM EDT,$0.00
Xander Bogaerts 0.5,MLB-PHIT-FG-000F9T8FI50AHA0-XATS000-GTE-P00005,Settled Early,08/01/26 02:28:34.542 AM EDT,$1.00
Xander Bogaerts 1.5,MLB-PHIT-FG-000F9T8FI50AHA0-XATS000-GTE-P00015,Settled Early,08/01/26 02:28:34.726 AM EDT,$0.00
Xander Bogaerts 3.5,MLB-PHIT-FG-000F9T8FI50AHA0-XATS000-GTE-P00035,Settled Early,08/01/26 02:28:34.891 AM EDT,$0.00
Xander Bogaerts 4.5,MLB-PHIT-FG-000F9T8FI50AHA0-XATS000-GTE-P00045,Settled Early,08/01/26 02:28:35.055 AM EDT,$0.00
Xander Bogaerts 2.5,MLB-PHIT-FG-000F9T8FI50AHA0-XATS000-GTE-P00025,Settled Early,08/01/26 02:28:35.226 AM EDT,$0.00
Xander Bogaerts 0.5,MLB-PHRN-FG-000F9T8FI50AHA0-XATS000-GTE-P00005,Settled Early,08/01/26 02:28:40.949 AM EDT,$0.00
Xander Bogaerts 2.5,MLB-PHRN-FG-000F9T8FI50AHA0-XATS000-GTE-P00025,Settled Early,08/01/26 02:28:41.192 AM EDT,$0.00
Xander Bogaerts 1.5,MLB-PHRN-FG-000F9T8FI50AHA0-XATS000-GTE-P00015,Settled Early,08/01/26 02:28:41.434 AM EDT,$0.00
Jose Altuve 2.5,MLB-PHRN-FG-000F9T8VI50AG40-JOVE001-GTE-P00025,Settled Early,08/01/26 02:28:45.028 AM EDT,$0.00
Jose Altuve 0.5,MLB-PHRN-FG-000F9T8VI50AG40-JOVE001-GTE-P00005,Settled Early,08/01/26 02:28:45.270 AM EDT,$0.00
Jose Altuve 1.5,MLB-PHRN-FG-000F9T8VI50AG40-JOVE001-GTE-P00015,Settled Early,08/01/26 02:28:45.471 AM EDT,$0.00
Cole Young 7.5,MLB-PHRR-FG-000F839EI50D218-CONG001-GTE-P00075,Settled Early,08/01/26 02:28:47.915 AM EDT,$0.00
Cole Young 8.5,MLB-PHRR-FG-000F839EI50D218-CONG001-GTE-P00085,Settled Early,08/01/26 02:28:48.145 AM EDT,$0.00
Cole Young 9.5,MLB-PHRR-FG-000F839EI50D218-CONG001-GTE-P00095,Settled Early,08/01/26 02:28:48.355 AM EDT,$0.00
Cole Young 2.5,MLB-PHRR-FG-000F839EI50D218-CONG001-GTE-P00025,Settled Early,08/01/26 02:28:48.599 AM EDT,$1.00
Cole Young 5.5,MLB-PHRR-FG-000F839EI50D218-CONG001-GTE-P00055,Settled Early,08/01/26 02:28:48.800 AM EDT,$0.00
Cole Young 0.5,MLB-PHRR-FG-000F839EI50D218-CONG001-GTE-P00005,Settled Early,08/01/26 02:28:49.040 AM EDT,$1.00
Cole Young 4.5,MLB-PHRR-FG-000F839EI50D218-CONG001-GTE-P00045,Settled Early,08/01/26 02:28:49.272 AM EDT,$0.00
Cole Young 3.5,MLB-PHRR-FG-000F839EI50D218-CONG001-GTE-P00035,Settled Early,08/01/26 02:28:49.478 AM EDT,$0.00
Cole Young 6.5,MLB-PHRR-FG-000F839EI50D218-CONG001-GTE-P00065,Settled Early,08/01/26 02:28:49.674 AM EDT,$0.00
Cole Young 1.5,MLB-PHRR-FG-000F839EI50D218-CONG001-GTE-P00015,Settled Early,08/01/26 02:28:49.842 AM EDT,$1.00
Tristan Gray 5.5,MLB-PHRR-FG-000F839EI50D218-TRAY000-GTE-P00055,Settled Early,08/01/26 02:28:58.415 AM EDT,$0.00
Tristan Gray 2.5,MLB-PHRR-FG-000F839EI50D218-TRAY000-GTE-P00025,Settled Early,08/01/26 02:28:58.687 AM EDT,$0.00
Tristan Gray 1.5,MLB-PHRR-FG-000F839EI50D218-TRAY000-GTE-P00015,Settled Early,08/01/26 02:28:58.948 AM EDT,$0.00
Tristan Gray 7.5,MLB-PHRR-FG-000F839EI50D218-TRAY000-GTE-P00075,Settled Early,08/01/26 02:28:59.203 AM EDT,$0.00
Tristan Gray 3.5,MLB-PHRR-FG-000F839EI50D218-TRAY000-GTE-P00035,Settled Early,08/01/26 02:28:59.435 AM EDT,$0.00
Tristan Gray 0.5,MLB-PHRR-FG-000F839EI50D218-TRAY000-GTE-P00005,Settled Early,08/01/26 02:28:59.641 AM EDT,$0.00
Tristan Gray 8.5,MLB-PHRR-FG-000F839EI50D218-TRAY000-GTE-P00085,Settled Early,08/01/26 02:28:59.852 AM EDT,$0.00
Tristan Gray 9.5,MLB-PHRR-FG-000F839EI50D218-TRAY000-GTE-P00095,Settled Early,08/01/26 02:29:00.060 AM EDT,$0.00
Tristan Gray 4.5,MLB-PHRR-FG-000F839EI50D218-TRAY000-GTE-P00045,Settled Early,08/01/26 02:29:00.234 AM EDT,$0.00
Tristan Gray 6.5,MLB-PHRR-FG-000F839EI50D218-TRAY000-GTE-P00065,Settled Early,08/01/26 02:29:00.432 AM EDT,$0.00
Drew Cavanaugh 8.5,MLB-PHRR-FG-000F9T8FI50AHA0-DRGH000-GTE-P00085,Settled Early,08/01/26 02:29:04.901 AM EDT,$0.00
Drew Cavanaugh 2.5,MLB-PHRR-FG-000F9T8FI50AHA0-DRGH000-GTE-P00025,Settled Early,08/01/26 02:29:05.136 AM EDT,$0.00
Drew Cavanaugh 3.5,MLB-PHRR-FG-000F9T8FI50AHA0-DRGH000-GTE-P00035,Settled Early,08/01/26 02:29:05.348 AM EDT,$0.00
Drew Cavanaugh 0.5,MLB-PHRR-FG-000F9T8FI50AHA0-DRGH000-GTE-P00005,Settled Early,08/01/26 02:29:05.559 AM EDT,$0.00
Drew Cavanaugh 1.5,MLB-PHRR-FG-000F9T8FI50AHA0-DRGH000-GTE-P00015,Settled Early,08/01/26 02:29:05.798 AM EDT,$0.00
Drew Cavanaugh 7.5,MLB-PHRR-FG-000F9T8FI50AHA0-DRGH000-GTE-P00075,Settled Early,08/01/26 02:29:05.984 AM EDT,$0.00
Drew Cavanaugh 6.5,MLB-PHRR-FG-000F9T8FI50AHA0-DRGH000-GTE-P00065,Settled Early,08/01/26 02:29:06.160 AM EDT,$0.00
Drew Cavanaugh 4.5,MLB-PHRR-FG-000F9T8FI50AHA0-DRGH000-GTE-P00045,Settled Early,08/01/26 02:29:06.353 AM EDT,$0.00
Drew Cavanaugh 9.5,MLB-PHRR-FG-000F9T8FI50AHA0-DRGH000-GTE-P00095,Settled Early,08/01/26 02:29:06.541 AM EDT,$0.00
Drew Cavanaugh 5.5,MLB-PHRR-FG-000F9T8FI50AHA0-DRGH000-GTE-P00055,Settled Early,08/01/26 02:29:06.711 AM EDT,$0.00
Weston Wilson 2.5,MLB-PHRR-FG-000F839EI50D218-WEON000-GTE-P00025,Settled Early,08/01/26 02:29:12.653 AM EDT,$0.00
Weston Wilson 0.5,MLB-PHRR-FG-000F839EI50D218-WEON000-GTE-P00005,Settled Early,08/01/26 02:29:12.904 AM EDT,$0.00
Weston Wilson 4.5,MLB-PHRR-FG-000F839EI50D218-WEON000-GTE-P00045,Settled Early,08/01/26 02:29:13.161 AM EDT,$0.00
Weston Wilson 7.5,MLB-PHRR-FG-000F839EI50D218-WEON000-GTE-P00075,Settled Early,08/01/26 02:29:13.406 AM EDT,$0.00
Weston Wilson 5.5,MLB-PHRR-FG-000F839EI50D218-WEON000-GTE-P00055,Settled Early,08/01/26 02:29:13.613 AM EDT,$0.00
Weston Wilson 1.5,MLB-PHRR-FG-000F839EI50D218-WEON000-GTE-P00015,Settled Early,08/01/26 02:29:13.828 AM EDT,$0.00
Weston Wilson 3.5,MLB-PHRR-FG-000F839EI50D218-WEON000-GTE-P00035,Settled Early,08/01/26 02:29:14.036 AM EDT,$0.00
Weston Wilson 9.5,MLB-PHRR-FG-000F839EI50D218-WEON000-GTE-P00095,Settled Early,08/01/26 02:29:14.234 AM EDT,$0.00
Weston Wilson 6.5,MLB-PHRR-FG-000F839EI50D218-WEON000-GTE-P00065,Settled Early,08/01/26 02:29:14.420 AM EDT,$0.00
Weston Wilson 8.5,MLB-PHRR-FG-000F839EI50D218-WEON000-GTE-P00085,Settled Early,08/01/26 02:29:14.595 AM EDT,$0.00
Jose Altuve 2.5,MLB-PTBS-FG-000F9T8VI50AG40-JOVE001-GTE-P00025,Settled Early,08/01/26 02:29:15.065 AM EDT,$0.00
Jose Altuve 5.5,MLB-PTBS-FG-000F9T8VI50AG40-JOVE001-GTE-P00055,Settled Early,08/01/26 02:29:15.256 AM EDT,$0.00
Jose Altuve 0.5,MLB-PTBS-FG-000F9T8VI50AG40-JOVE001-GTE-P00005,Settled Early,08/01/26 02:29:15.442 AM EDT,$0.00
Jose Altuve 6.5,MLB-PTBS-FG-000F9T8VI50AG40-JOVE001-GTE-P00065,Settled Early,08/01/26 02:29:15.638 AM EDT,$0.00
Jose Altuve 3.5,MLB-PTBS-FG-000F9T8VI50AG40-JOVE001-GTE-P00035,Settled Early,08/01/26 02:29:15.828 AM EDT,$0.00
Jose Altuve 4.5,MLB-PTBS-FG-000F9T8VI50AG40-JOVE001-GTE-P00045,Settled Early,08/01/26 02:29:16.048 AM EDT,$0.00
Jose Altuve 1.5,MLB-PTBS-FG-000F9T8VI50AG40-JOVE001-GTE-P00015,Settled Early,08/01/26 02:29:16.221 AM EDT,$0.00
Jose Altuve 7.5,MLB-PTBS-FG-000F9T8VI50AG40-JOVE001-GTE-P00075,Settled Early,08/01/26 02:29:16.391 AM EDT,$0.00
Drew Cavanaugh 7.5,MLB-PTBS-FG-000F9T8FI50AHA0-DRGH000-GTE-P00075,Settled Early,08/01/26 02:29:20.566 AM EDT,$0.00
Drew Cavanaugh 2.5,MLB-PTBS-FG-000F9T8FI50AHA0-DRGH000-GTE-P00025,Settled Early,08/01/26 02:29:20.816 AM EDT,$0.00
Drew Cavanaugh 1.5,MLB-PTBS-FG-000F9T8FI50AHA0-DRGH000-GTE-P00015,Settled Early,08/01/26 02:29:21.074 AM EDT,$0.00
Drew Cavanaugh 0.5,MLB-PTBS-FG-000F9T8FI50AHA0-DRGH000-GTE-P00005,Settled Early,08/01/26 02:29:21.292 AM EDT,$0.00
Drew Cavanaugh 6.5,MLB-PTBS-FG-000F9T8FI50AHA0-DRGH000-GTE-P00065,Settled Early,08/01/26 02:29:21.510 AM EDT,$0.00
Drew Cavanaugh 3.5,MLB-PTBS-FG-000F9T8FI50AHA0-DRGH000-GTE-P00035,Settled Early,08/01/26 02:29:21.727 AM EDT,$0.00
Drew Cavanaugh 5.5,MLB-PTBS-FG-000F9T8FI50AHA0-DRGH000-GTE-P00055,Settled Early,08/01/26 02:29:21.939 AM EDT,$0.00
Drew Cavanaugh 4.5,MLB-PTBS-FG-000F9T8FI50AHA0-DRGH000-GTE-P00045,Settled Early,08/01/26 02:29:22.155 AM EDT,$0.00
Jose Altuve 2.5,MLB-PHIT-FG-000F9T8VI50AG40-JOVE001-GTE-P00025,Settled Early,08/01/26 02:29:29.276 AM EDT,$0.00
Jose Altuve 0.5,MLB-PHIT-FG-000F9T8VI50AG40-JOVE001-GTE-P00005,Settled Early,08/01/26 02:29:29.478 AM EDT,$0.00
Jose Altuve 4.5,MLB-PHIT-FG-000F9T8VI50AG40-JOVE001-GTE-P00045,Settled Early,08/01/26 02:29:29.693 AM EDT,$0.00
Jose Altuve 1.5,MLB-PHIT-FG-000F9T8VI50AG40-JOVE001-GTE-P00015,Settled Early,08/01/26 02:29:29.904 AM EDT,$0.00
Jose Altuve 3.5,MLB-PHIT-FG-000F9T8VI50AG40-JOVE001-GTE-P00035,Settled Early,08/01/26 02:29:30.106 AM EDT,$0.00
Drew Cavanaugh 1.5,MLB-PRBI-FG-000F9T8FI50AHA0-DRGH000-GTE-P00015,Settled Early,08/01/26 02:29:35.706 AM EDT,$0.00
Drew Cavanaugh 3.5,MLB-PRBI-FG-000F9T8FI50AHA0-DRGH000-GTE-P00035,Settled Early,08/01/26 02:29:35.962 AM EDT,$0.00
Drew Cavanaugh 0.5,MLB-PRBI-FG-000F9T8FI50AHA0-DRGH000-GTE-P00005,Settled Early,08/01/26 02:29:36.220 AM EDT,$0.00
Drew Cavanaugh 2.5,MLB-PRBI-FG-000F9T8FI50AHA0-DRGH000-GTE-P00025,Settled Early,08/01/26 02:29:36.427 AM EDT,$0.00
Drew Cavanaugh 4.5,MLB-PRBI-FG-000F9T8FI50AHA0-DRGH000-GTE-P00045,Settled Early,08/01/26 02:29:36.645 AM EDT,$0.00
Drew Cavanaugh 2.5,MLB-PHIT-FG-000F9T8FI50AHA0-DRGH000-GTE-P00025,Settled Early,08/01/26 02:29:42.788 AM EDT,$0.00
Drew Cavanaugh 1.5,MLB-PHIT-FG-000F9T8FI50AHA0-DRGH000-GTE-P00015,Settled Early,08/01/26 02:29:43.022 AM EDT,$0.00
Drew Cavanaugh 0.5,MLB-PHIT-FG-000F9T8FI50AHA0-DRGH000-GTE-P00005,Settled Early,08/01/26 02:29:43.256 AM EDT,$0.00
Drew Cavanaugh 3.5,MLB-PHIT-FG-000F9T8FI50AHA0-DRGH000-GTE-P00035,Settled Early,08/01/26 02:29:43.503 AM EDT,$0.00
Drew Cavanaugh 4.5,MLB-PHIT-FG-000F9T8FI50AHA0-DRGH000-GTE-P00045,Settled Early,08/01/26 02:29:43.694 AM EDT,$0.00
Zebby Matthews 12.5,MLB-PKS-FG-000F839EI50D218-ZEWS000-GTE-P00125,Settled Early,08/01/26 02:29:44.794 AM EDT,$0.00
Zebby Matthews 5.5,MLB-PKS-FG-000F839EI50D218-ZEWS000-GTE-P00055,Settled Early,08/01/26 02:29:44.995 AM EDT,$1.00
Zebby Matthews 13.5,MLB-PKS-FG-000F839EI50D218-ZEWS000-GTE-P00135,Settled Early,08/01/26 02:29:45.167 AM EDT,$0.00
Zebby Matthews 4.5,MLB-PKS-FG-000F839EI50D218-ZEWS000-GTE-P00045,Settled Early,08/01/26 02:29:45.340 AM EDT,$1.00
Zebby Matthews 6.5,MLB-PKS-FG-000F839EI50D218-ZEWS000-GTE-P00065,Settled Early,08/01/26 02:29:45.508 AM EDT,$1.00
Zebby Matthews 3.5,MLB-PKS-FG-000F839EI50D218-ZEWS000-GTE-P00035,Settled Early,08/01/26 02:29:45.703 AM EDT,$1.00
Zebby Matthews 7.5,MLB-PKS-FG-000F839EI50D218-ZEWS000-GTE-P00075,Settled Early,08/01/26 02:29:45.888 AM EDT,$1.00
Zebby Matthews 2.5,MLB-PKS-FG-000F839EI50D218-ZEWS000-GTE-P00025,Settled Early,08/01/26 02:29:46.076 AM EDT,$1.00
Zebby Matthews 10.5,MLB-PKS-FG-000F839EI50D218-ZEWS000-GTE-P00105,Settled Early,08/01/26 02:29:46.275 AM EDT,$0.00
Zebby Matthews 1.5,MLB-PKS-FG-000F839EI50D218-ZEWS000-GTE-P00015,Settled Early,08/01/26 02:29:46.444 AM EDT,$1.00
Zebby Matthews 9.5,MLB-PKS-FG-000F839EI50D218-ZEWS000-GTE-P00095,Settled Early,08/01/26 02:29:46.635 AM EDT,$1.00
Zebby Matthews 11.5,MLB-PKS-FG-000F839EI50D218-ZEWS000-GTE-P00115,Settled Early,08/01/26 02:29:46.802 AM EDT,$0.00
Zebby Matthews 8.5,MLB-PKS-FG-000F839EI50D218-ZEWS000-GTE-P00085,Settled Early,08/01/26 02:29:46.975 AM EDT,$1.00
Drew Cavanaugh 1.5,MLB-PHRN-FG-000F9T8FI50AHA0-DRGH000-GTE-P00015,Settled Early,08/01/26 02:29:49.502 AM EDT,$0.00
Drew Cavanaugh 0.5,MLB-PHRN-FG-000F9T8FI50AHA0-DRGH000-GTE-P00005,Settled Early,08/01/26 02:29:49.751 AM EDT,$0.00
Drew Cavanaugh 2.5,MLB-PHRN-FG-000F9T8FI50AHA0-DRGH000-GTE-P00025,Settled Early,08/01/26 02:29:49.989 AM EDT,$0.00
Kody Clemens 3.5,MLB-PTBS-FG-000F839EI50D218-KONS000-GTE-P00035,Settled Early,08/01/26 02:30:00.559 AM EDT,$0.00
Kody Clemens 0.5,MLB-PTBS-FG-000F839EI50D218-KONS000-GTE-P00005,Settled Early,08/01/26 02:30:00.787 AM EDT,$0.00
Kody Clemens 6.5,MLB-PTBS-FG-000F839EI50D218-KONS000-GTE-P00065,Settled Early,08/01/26 02:30:01.008 AM EDT,$0.00
Kody Clemens 5.5,MLB-PTBS-FG-000F839EI50D218-KONS000-GTE-P00055,Settled Early,08/01/26 02:30:01.207 AM EDT,$0.00
Kody Clemens 7.5,MLB-PTBS-FG-000F839EI50D218-KONS000-GTE-P00075,Settled Early,08/01/26 02:30:01.415 AM EDT,$0.00
Kody Clemens 4.5,MLB-PTBS-FG-000F839EI50D218-KONS000-GTE-P00045,Settled Early,08/01/26 02:30:01.612 AM EDT,$0.00
Kody Clemens 1.5,MLB-PTBS-FG-000F839EI50D218-KONS000-GTE-P00015,Settled Early,08/01/26 02:30:01.822 AM EDT,$0.00
Kody Clemens 2.5,MLB-PTBS-FG-000F839EI50D218-KONS000-GTE-P00025,Settled Early,08/01/26 02:30:01.991 AM EDT,$0.00
Josh Naylor 0.5,MLB-PHIT-FG-000F839EI50D218-JOOR000-GTE-P00005,Settled Early,08/01/26 02:30:13.598 AM EDT,$0.00
Josh Naylor 4.5,MLB-PHIT-FG-000F839EI50D218-JOOR000-GTE-P00045,Settled Early,08/01/26 02:30:13.800 AM EDT,$0.00
Josh Naylor 1.5,MLB-PHIT-FG-000F839EI50D218-JOOR000-GTE-P00015,Settled Early,08/01/26 02:30:14.027 AM EDT,$0.00
Josh Naylor 2.5,MLB-PHIT-FG-000F839EI50D218-JOOR000-GTE-P00025,Settled Early,08/01/26 02:30:14.248 AM EDT,$0.00
Josh Naylor 3.5,MLB-PHIT-FG-000F839EI50D218-JOOR000-GTE-P00035,Settled Early,08/01/26 02:30:14.441 AM EDT,$0.00
Manny Machado 4.5,MLB-PHRR-FG-000F9T8FI50AHA0-MADO001-GTE-P00045,Settled Early,08/01/26 02:30:20.062 AM EDT,$0.00
Manny Machado 5.5,MLB-PHRR-FG-000F9T8FI50AHA0-MADO001-GTE-P00055,Settled Early,08/01/26 02:30:20.281 AM EDT,$0.00
Manny Machado 6.5,MLB-PHRR-FG-000F9T8FI50AHA0-MADO001-GTE-P00065,Settled Early,08/01/26 02:30:20.478 AM EDT,$0.00
Manny Machado 7.5,MLB-PHRR-FG-000F9T8FI50AHA0-MADO001-GTE-P00075,Settled Early,08/01/26 02:30:20.680 AM EDT,$0.00
Manny Machado 9.5,MLB-PHRR-FG-000F9T8FI50AHA0-MADO001-GTE-P00095,Settled Early,08/01/26 02:30:20.872 AM EDT,$0.00
Manny Machado 3.5,MLB-PHRR-FG-000F9T8FI50AHA0-MADO001-GTE-P00035,Settled Early,08/01/26 02:30:21.050 AM EDT,$0.00
Manny Machado 1.5,MLB-PHRR-FG-000F9T8FI50AHA0-MADO001-GTE-P00015,Settled Early,08/01/26 02:30:21.249 AM EDT,$1.00
Manny Machado 8.5,MLB-PHRR-FG-000F9T8FI50AHA0-MADO001-GTE-P00085,Settled Early,08/01/26 02:30:21.444 AM EDT,$0.00
Manny Machado 0.5,MLB-PHRR-FG-000F9T8FI50AHA0-MADO001-GTE-P00005,Settled Early,08/01/26 02:30:21.638 AM EDT,$1.00
Manny Machado 2.5,MLB-PHRR-FG-000F9T8FI50AHA0-MADO001-GTE-P00025,Settled Early,08/01/26 02:30:21.828 AM EDT,$0.00
Bryce Miller 4.5,MLB-PKS-FG-000F839EI50D218-BRER007-GTE-P00045,Settled Early,08/01/26 02:30:30.075 AM EDT,$0.00
Bryce Miller 2.5,MLB-PKS-FG-000F839EI50D218-BRER007-GTE-P00025,Settled Early,08/01/26 02:30:30.277 AM EDT,$1.00
Manny Machado 3.5,MLB-PRBI-FG-000F9T8FI50AHA0-MADO001-GTE-P00035,Settled Early,08/01/26 02:30:30.417 AM EDT,$0.00
Bryce Miller 1.5,MLB-PKS-FG-000F839EI50D218-BRER007-GTE-P00015,Settled Early,08/01/26 02:30:30.540 AM EDT,$1.00
Manny Machado 2.5,MLB-PRBI-FG-000F9T8FI50AHA0-MADO001-GTE-P00025,Settled Early,08/01/26 02:30:30.623 AM EDT,$0.00
Bryce Miller 5.5,MLB-PKS-FG-000F839EI50D218-BRER007-GTE-P00055,Settled Early,08/01/26 02:30:30.740 AM EDT,$0.00
Manny Machado 4.5,MLB-PRBI-FG-000F9T8FI50AHA0-MADO001-GTE-P00045,Settled Early,08/01/26 02:30:30.818 AM EDT,$0.00
Bryce Miller 3.5,MLB-PKS-FG-000F839EI50D218-BRER007-GTE-P00035,Settled Early,08/01/26 02:30:30.960 AM EDT,$0.00
Manny Machado 1.5,MLB-PRBI-FG-000F9T8FI50AHA0-MADO001-GTE-P00015,Settled Early,08/01/26 02:30:31.014 AM EDT,$0.00
Bryce Miller 7.5,MLB-PKS-FG-000F839EI50D218-BRER007-GTE-P00075,Settled Early,08/01/26 02:30:31.179 AM EDT,$0.00
Manny Machado 0.5,MLB-PRBI-FG-000F9T8FI50AHA0-MADO001-GTE-P00005,Settled Early,08/01/26 02:30:31.236 AM EDT,$1.00
Bryce Miller 9.5,MLB-PKS-FG-000F839EI50D218-BRER007-GTE-P00095,Settled Early,08/01/26 02:30:31.380 AM EDT,$0.00
Bryce Miller 11.5,MLB-PKS-FG-000F839EI50D218-BRER007-GTE-P00115,Settled Early,08/01/26 02:30:31.549 AM EDT,$0.00
Bryce Miller 12.5,MLB-PKS-FG-000F839EI50D218-BRER007-GTE-P00125,Settled Early,08/01/26 02:30:31.757 AM EDT,$0.00
Bryce Miller 13.5,MLB-PKS-FG-000F839EI50D218-BRER007-GTE-P00135,Settled Early,08/01/26 02:30:31.919 AM EDT,$0.00
Bryce Miller 10.5,MLB-PKS-FG-000F839EI50D218-BRER007-GTE-P00105,Settled Early,08/01/26 02:30:32.093 AM EDT,$0.00
Bryce Miller 6.5,MLB-PKS-FG-000F839EI50D218-BRER007-GTE-P00065,Settled Early,08/01/26 02:30:32.280 AM EDT,$0.00
Bryce Miller 8.5,MLB-PKS-FG-000F839EI50D218-BRER007-GTE-P00085,Settled Early,08/01/26 02:30:32.454 AM EDT,$0.00
Manny Machado 1.5,MLB-PTBS-FG-000F9T8FI50AHA0-MADO001-GTE-P00015,Settled Early,08/01/26 02:30:41.686 AM EDT,$1.00
Manny Machado 3.5,MLB-PTBS-FG-000F9T8FI50AHA0-MADO001-GTE-P00035,Settled Early,08/01/26 02:30:41.857 AM EDT,$0.00
Manny Machado 4.5,MLB-PTBS-FG-000F9T8FI50AHA0-MADO001-GTE-P00045,Settled Early,08/01/26 02:30:42.075 AM EDT,$0.00
Manny Machado 6.5,MLB-PTBS-FG-000F9T8FI50AHA0-MADO001-GTE-P00065,Settled Early,08/01/26 02:30:42.250 AM EDT,$0.00
Manny Machado 5.5,MLB-PTBS-FG-000F9T8FI50AHA0-MADO001-GTE-P00055,Settled Early,08/01/26 02:30:42.424 AM EDT,$0.00
Manny Machado 7.5,MLB-PTBS-FG-000F9T8FI50AHA0-MADO001-GTE-P00075,Settled Early,08/01/26 02:30:42.627 AM EDT,$0.00
Manny Machado 2.5,MLB-PTBS-FG-000F9T8FI50AHA0-MADO001-GTE-P00025,Settled Early,08/01/26 02:30:42.801 AM EDT,$0.00
Manny Machado 0.5,MLB-PTBS-FG-000F9T8FI50AHA0-MADO001-GTE-P00005,Settled Early,08/01/26 02:30:42.991 AM EDT,$1.00
Brooks Lee 0.5,MLB-PRBI-FG-000F839EI50D218-BREE000-GTE-P00005,Settled Early,08/01/26 02:30:48.072 AM EDT,$1.00
Brooks Lee 1.5,MLB-PRBI-FG-000F839EI50D218-BREE000-GTE-P00015,Settled Early,08/01/26 02:30:48.269 AM EDT,$1.00
Brooks Lee 2.5,MLB-PRBI-FG-000F839EI50D218-BREE000-GTE-P00025,Settled Early,08/01/26 02:30:48.448 AM EDT,$0.00
Brooks Lee 4.5,MLB-PRBI-FG-000F839EI50D218-BREE000-GTE-P00045,Settled Early,08/01/26 02:30:48.649 AM EDT,$0.00
Brooks Lee 3.5,MLB-PRBI-FG-000F839EI50D218-BREE000-GTE-P00035,Settled Early,08/01/26 02:30:48.839 AM EDT,$0.00
Manny Machado 4.5,MLB-PHIT-FG-000F9T8FI50AHA0-MADO001-GTE-P00045,Settled Early,08/01/26 02:30:50.157 AM EDT,$0.00
Manny Machado 2.5,MLB-PHIT-FG-000F9T8FI50AHA0-MADO001-GTE-P00025,Settled Early,08/01/26 02:30:50.343 AM EDT,$0.00
Manny Machado 1.5,MLB-PHIT-FG-000F9T8FI50AHA0-MADO001-GTE-P00015,Settled Early,08/01/26 02:30:50.555 AM EDT,$0.00
Manny Machado 0.5,MLB-PHIT-FG-000F9T8FI50AHA0-MADO001-GTE-P00005,Settled Early,08/01/26 02:30:50.750 AM EDT,$1.00
Manny Machado 3.5,MLB-PHIT-FG-000F9T8FI50AHA0-MADO001-GTE-P00035,Settled Early,08/01/26 02:30:50.934 AM EDT,$0.00
Yainer Diaz 5.5,MLB-PHRR-FG-000F9T8VI50AG40-YAAZ001-GTE-P00055,Settled Early,08/01/26 02:30:51.198 AM EDT,$1.00
Yainer Diaz 6.5,MLB-PHRR-FG-000F9T8VI50AG40-YAAZ001-GTE-P00065,Settled Early,08/01/26 02:30:51.394 AM EDT,$1.00
Yainer Diaz 7.5,MLB-PHRR-FG-000F9T8VI50AG40-YAAZ001-GTE-P00075,Settled Early,08/01/26 02:30:51.598 AM EDT,$0.00
Yainer Diaz 8.5,MLB-PHRR-FG-000F9T8VI50AG40-YAAZ001-GTE-P00085,Settled Early,08/01/26 02:30:51.786 AM EDT,$0.00
Yainer Diaz 9.5,MLB-PHRR-FG-000F9T8VI50AG40-YAAZ001-GTE-P00095,Settled Early,08/01/26 02:30:51.972 AM EDT,$0.00
Yainer Diaz 4.5,MLB-PHRR-FG-000F9T8VI50AG40-YAAZ001-GTE-P00045,Settled Early,08/01/26 02:30:52.185 AM EDT,$1.00
Yainer Diaz 0.5,MLB-PHRR-FG-000F9T8VI50AG40-YAAZ001-GTE-P00005,Settled Early,08/01/26 02:30:52.356 AM EDT,$1.00
Yainer Diaz 1.5,MLB-PHRR-FG-000F9T8VI50AG40-YAAZ001-GTE-P00015,Settled Early,08/01/26 02:30:52.555 AM EDT,$1.00
Yainer Diaz 3.5,MLB-PHRR-FG-000F9T8VI50AG40-YAAZ001-GTE-P00035,Settled Early,08/01/26 02:30:52.745 AM EDT,$1.00
Yainer Diaz 2.5,MLB-PHRR-FG-000F9T8VI50AG40-YAAZ001-GTE-P00025,Settled Early,08/01/26 02:30:52.930 AM EDT,$1.00
Manny Machado 2.5,MLB-PHRN-FG-000F9T8FI50AHA0-MADO001-GTE-P00025,Settled Early,08/01/26 02:30:57.010 AM EDT,$0.00
Manny Machado 1.5,MLB-PHRN-FG-000F9T8FI50AHA0-MADO001-GTE-P00015,Settled Early,08/01/26 02:30:57.205 AM EDT,$0.00
Manny Machado 0.5,MLB-PHRN-FG-000F9T8FI50AHA0-MADO001-GTE-P00005,Settled Early,08/01/26 02:30:57.399 AM EDT,$0.00
Trevor Larnach 4.5,MLB-PRBI-FG-000F839EI50D218-TRCH000-GTE-P00045,Settled Early,08/01/26 02:30:58.698 AM EDT,$0.00
Trevor Larnach 1.5,MLB-PRBI-FG-000F839EI50D218-TRCH000-GTE-P00015,Settled Early,08/01/26 02:30:58.894 AM EDT,$0.00
Trevor Larnach 0.5,MLB-PRBI-FG-000F839EI50D218-TRCH000-GTE-P00005,Settled Early,08/01/26 02:30:59.091 AM EDT,$0.00
Trevor Larnach 2.5,MLB-PRBI-FG-000F839EI50D218-TRCH000-GTE-P00025,Settled Early,08/01/26 02:30:59.281 AM EDT,$0.00
Trevor Larnach 3.5,MLB-PRBI-FG-000F839EI50D218-TRCH000-GTE-P00035,Settled Early,08/01/26 02:30:59.459 AM EDT,$0.00
Ryan Kreidler 2.5,MLB-PRBI-FG-000F839EI50D218-RYER005-GTE-P00025,Settled Early,08/01/26 02:31:08.482 AM EDT,$0.00
Ryan Kreidler 1.5,MLB-PRBI-FG-000F839EI50D218-RYER005-GTE-P00015,Settled Early,08/01/26 02:31:08.687 AM EDT,$0.00
Ryan Kreidler 0.5,MLB-PRBI-FG-000F839EI50D218-RYER005-GTE-P00005,Settled Early,08/01/26 02:31:08.855 AM EDT,$0.00
Ryan Kreidler 3.5,MLB-PRBI-FG-000F839EI50D218-RYER005-GTE-P00035,Settled Early,08/01/26 02:31:09.045 AM EDT,$0.00
Ryan Kreidler 4.5,MLB-PRBI-FG-000F839EI50D218-RYER005-GTE-P00045,Settled Early,08/01/26 02:31:09.226 AM EDT,$0.00
Yainer Diaz 1.5,MLB-PRBI-FG-000F9T8VI50AG40-YAAZ001-GTE-P00015,Settled Early,08/01/26 02:31:13.438 AM EDT,$0.00
Yainer Diaz 2.5,MLB-PRBI-FG-000F9T8VI50AG40-YAAZ001-GTE-P00025,Settled Early,08/01/26 02:31:13.632 AM EDT,$0.00
Yainer Diaz 4.5,MLB-PRBI-FG-000F9T8VI50AG40-YAAZ001-GTE-P00045,Settled Early,08/01/26 02:31:13.800 AM EDT,$0.00
Yainer Diaz 3.5,MLB-PRBI-FG-000F9T8VI50AG40-YAAZ001-GTE-P00035,Settled Early,08/01/26 02:31:13.995 AM EDT,$0.00
Yainer Diaz 0.5,MLB-PRBI-FG-000F9T8VI50AG40-YAAZ001-GTE-P00005,Settled Early,08/01/26 02:31:14.191 AM EDT,$1.00
Fernando Tatis Jr. 0.5,MLB-PHRR-FG-000F9T8FI50AHA0-FEJR000-GTE-P00005,Settled Early,08/01/26 02:31:17.908 AM EDT,$1.00
Fernando Tatis Jr. 1.5,MLB-PHRR-FG-000F9T8FI50AHA0-FEJR000-GTE-P00015,Settled Early,08/01/26 02:31:18.166 AM EDT,$1.00
Fernando Tatis Jr. 8.5,MLB-PHRR-FG-000F9T8FI50AHA0-FEJR000-GTE-P00085,Settled Early,08/01/26 02:31:18.437 AM EDT,$0.00
Fernando Tatis Jr. 5.5,MLB-PHRR-FG-000F9T8FI50AHA0-FEJR000-GTE-P00055,Settled Early,08/01/26 02:31:18.633 AM EDT,$0.00
Fernando Tatis Jr. 9.5,MLB-PHRR-FG-000F9T8FI50AHA0-FEJR000-GTE-P00095,Settled Early,08/01/26 02:31:18.839 AM EDT,$0.00
Fernando Tatis Jr. 2.5,MLB-PHRR-FG-000F9T8FI50AHA0-FEJR000-GTE-P00025,Settled Early,08/01/26 02:31:19.033 AM EDT,$1.00
Fernando Tatis Jr. 3.5,MLB-PHRR-FG-000F9T8FI50AHA0-FEJR000-GTE-P00035,Settled Early,08/01/26 02:31:19.264 AM EDT,$0.00
Fernando Tatis Jr. 4.5,MLB-PHRR-FG-000F9T8FI50AHA0-FEJR000-GTE-P00045,Settled Early,08/01/26 02:31:19.481 AM EDT,$0.00
Fernando Tatis Jr. 6.5,MLB-PHRR-FG-000F9T8FI50AHA0-FEJR000-GTE-P00065,Settled Early,08/01/26 02:31:19.684 AM EDT,$0.00
Fernando Tatis Jr. 7.5,MLB-PHRR-FG-000F9T8FI50AHA0-FEJR000-GTE-P00075,Settled Early,08/01/26 02:31:19.882 AM EDT,$0.00
Kody Clemens 1.5,MLB-PHIT-FG-000F839EI50D218-KONS000-GTE-P00015,Settled Early,08/01/26 02:31:20.295 AM EDT,$0.00
Kody Clemens 3.5,MLB-PHIT-FG-000F839EI50D218-KONS000-GTE-P00035,Settled Early,08/01/26 02:31:20.461 AM EDT,$0.00
Kody Clemens 2.5,MLB-PHIT-FG-000F839EI50D218-KONS000-GTE-P00025,Settled Early,08/01/26 02:31:20.633 AM EDT,$0.00
Kody Clemens 0.5,MLB-PHIT-FG-000F839EI50D218-KONS000-GTE-P00005,Settled Early,08/01/26 02:31:20.833 AM EDT,$0.00
Kody Clemens 4.5,MLB-PHIT-FG-000F839EI50D218-KONS000-GTE-P00045,Settled Early,08/01/26 02:31:21.003 AM EDT,$0.00
Fernando Tatis Jr. 3.5,MLB-PRBI-FG-000F9T8FI50AHA0-FEJR000-GTE-P00035,Settled Early,08/01/26 02:31:26.946 AM EDT,$0.00
Fernando Tatis Jr. 2.5,MLB-PRBI-FG-000F9T8FI50AHA0-FEJR000-GTE-P00025,Settled Early,08/01/26 02:31:27.143 AM EDT,$0.00
Fernando Tatis Jr. 1.5,MLB-PRBI-FG-000F9T8FI50AHA0-FEJR000-GTE-P00015,Settled Early,08/01/26 02:31:27.313 AM EDT,$0.00
Fernando Tatis Jr. 4.5,MLB-PRBI-FG-000F9T8FI50AHA0-FEJR000-GTE-P00045,Settled Early,08/01/26 02:31:27.503 AM EDT,$0.00
Fernando Tatis Jr. 0.5,MLB-PRBI-FG-000F9T8FI50AHA0-FEJR000-GTE-P00005,Settled Early,08/01/26 02:31:27.681 AM EDT,$0.00
Yainer Diaz 5.5,MLB-PTBS-FG-000F9T8VI50AG40-YAAZ001-GTE-P00055,Settled Early,08/01/26 02:31:28.623 AM EDT,$1.00
Yainer Diaz 2.5,MLB-PTBS-FG-000F9T8VI50AG40-YAAZ001-GTE-P00025,Settled Early,08/01/26 02:31:28.794 AM EDT,$1.00
Yainer Diaz 6.5,MLB-PTBS-FG-000F9T8VI50AG40-YAAZ001-GTE-P00065,Settled Early,08/01/26 02:31:28.998 AM EDT,$1.00
Yainer Diaz 0.5,MLB-PTBS-FG-000F9T8VI50AG40-YAAZ001-GTE-P00005,Settled Early,08/01/26 02:31:29.167 AM EDT,$1.00
Yainer Diaz 7.5,MLB-PTBS-FG-000F9T8VI50AG40-YAAZ001-GTE-P00075,Settled Early,08/01/26 02:31:29.342 AM EDT,$0.00
Yainer Diaz 1.5,MLB-PTBS-FG-000F9T8VI50AG40-YAAZ001-GTE-P00015,Settled Early,08/01/26 02:31:29.517 AM EDT,$1.00
Yainer Diaz 3.5,MLB-PTBS-FG-000F9T8VI50AG40-YAAZ001-GTE-P00035,Settled Early,08/01/26 02:31:29.680 AM EDT,$1.00
Yainer Diaz 4.5,MLB-PTBS-FG-000F9T8VI50AG40-YAAZ001-GTE-P00045,Settled Early,08/01/26 02:31:29.863 AM EDT,$1.00
Fernando Tatis Jr. 0.5,MLB-PTBS-FG-000F9T8FI50AHA0-FEJR000-GTE-P00005,Settled Early,08/01/26 02:31:43.396 AM EDT,$1.00
Fernando Tatis Jr. 2.5,MLB-PTBS-FG-000F9T8FI50AHA0-FEJR000-GTE-P00025,Settled Early,08/01/26 02:31:43.619 AM EDT,$0.00
Fernando Tatis Jr. 1.5,MLB-PTBS-FG-000F9T8FI50AHA0-FEJR000-GTE-P00015,Settled Early,08/01/26 02:31:43.794 AM EDT,$1.00
Fernando Tatis Jr. 6.5,MLB-PTBS-FG-000F9T8FI50AHA0-FEJR000-GTE-P00065,Settled Early,08/01/26 02:31:43.978 AM EDT,$0.00
Fernando Tatis Jr. 5.5,MLB-PTBS-FG-000F9T8FI50AHA0-FEJR000-GTE-P00055,Settled Early,08/01/26 02:31:44.172 AM EDT,$0.00
Fernando Tatis Jr. 7.5,MLB-PTBS-FG-000F9T8FI50AHA0-FEJR000-GTE-P00075,Settled Early,08/01/26 02:31:44.355 AM EDT,$0.00
Fernando Tatis Jr. 4.5,MLB-PTBS-FG-000F9T8FI50AHA0-FEJR000-GTE-P00045,Settled Early,08/01/26 02:31:44.523 AM EDT,$0.00
Fernando Tatis Jr. 3.5,MLB-PTBS-FG-000F9T8FI50AHA0-FEJR000-GTE-P00035,Settled Early,08/01/26 02:31:44.693 AM EDT,$0.00
Yainer Diaz 2.5,MLB-PHRN-FG-000F9T8VI50AG40-YAAZ001-GTE-P00025,Settled Early,08/01/26 02:32:00.859 AM EDT,$0.00
Yainer Diaz 0.5,MLB-PHRN-FG-000F9T8VI50AG40-YAAZ001-GTE-P00005,Settled Early,08/01/26 02:32:01.031 AM EDT,$1.00
Yainer Diaz 1.5,MLB-PHRN-FG-000F9T8VI50AG40-YAAZ001-GTE-P00015,Settled Early,08/01/26 02:32:01.229 AM EDT,$0.00
Fernando Tatis Jr. 4.5,MLB-PHIT-FG-000F9T8FI50AHA0-FEJR000-GTE-P00045,Settled Early,08/01/26 02:32:04.813 AM EDT,$0.00
Fernando Tatis Jr. 1.5,MLB-PHIT-FG-000F9T8FI50AHA0-FEJR000-GTE-P00015,Settled Early,08/01/26 02:32:04.994 AM EDT,$0.00
Fernando Tatis Jr. 2.5,MLB-PHIT-FG-000F9T8FI50AHA0-FEJR000-GTE-P00025,Settled Early,08/01/26 02:32:05.165 AM EDT,$0.00
Fernando Tatis Jr. 3.5,MLB-PHIT-FG-000F9T8FI50AHA0-FEJR000-GTE-P00035,Settled Early,08/01/26 02:32:05.340 AM EDT,$0.00
Fernando Tatis Jr. 0.5,MLB-PHIT-FG-000F9T8FI50AHA0-FEJR000-GTE-P00005,Settled Early,08/01/26 02:32:05.532 AM EDT,$1.00
Fernando Tatis Jr. 0.5,MLB-PHRN-FG-000F9T8FI50AHA0-FEJR000-GTE-P00005,Settled Early,08/01/26 02:32:18.060 AM EDT,$0.00
Fernando Tatis Jr. 1.5,MLB-PHRN-FG-000F9T8FI50AHA0-FEJR000-GTE-P00015,Settled Early,08/01/26 02:32:18.257 AM EDT,$0.00
Fernando Tatis Jr. 2.5,MLB-PHRN-FG-000F9T8FI50AHA0-FEJR000-GTE-P00025,Settled Early,08/01/26 02:32:18.467 AM EDT,$0.00
Brooks Lee 0.5,MLB-PHIT-FG-000F839EI50D218-BREE000-GTE-P00005,Settled Early,08/01/26 02:32:35.086 AM EDT,$1.00
Brooks Lee 4.5,MLB-PHIT-FG-000F839EI50D218-BREE000-GTE-P00045,Settled Early,08/01/26 02:32:35.289 AM EDT,$0.00
Brooks Lee 3.5,MLB-PHIT-FG-000F839EI50D218-BREE000-GTE-P00035,Settled Early,08/01/26 02:32:35.482 AM EDT,$0.00
Brooks Lee 2.5,MLB-PHIT-FG-000F839EI50D218-BREE000-GTE-P00025,Settled Early,08/01/26 02:32:35.674 AM EDT,$0.00
Brooks Lee 1.5,MLB-PHIT-FG-000F839EI50D218-BREE000-GTE-P00015,Settled Early,08/01/26 02:32:35.871 AM EDT,$0.00
Elias Diaz 0.5,MLB-PHIT-FG-000F9T8VI50AG40-ELAZ000-GTE-P00005,Settled Early,08/01/26 02:32:43.646 AM EDT,$0.00
Elias Diaz 4.5,MLB-PHIT-FG-000F9T8VI50AG40-ELAZ000-GTE-P00045,Settled Early,08/01/26 02:32:43.822 AM EDT,$0.00
Elias Diaz 3.5,MLB-PHIT-FG-000F9T8VI50AG40-ELAZ000-GTE-P00035,Settled Early,08/01/26 02:32:43.994 AM EDT,$0.00
Elias Diaz 2.5,MLB-PHIT-FG-000F9T8VI50AG40-ELAZ000-GTE-P00025,Settled Early,08/01/26 02:32:44.195 AM EDT,$0.00
Elias Diaz 1.5,MLB-PHIT-FG-000F9T8VI50AG40-ELAZ000-GTE-P00015,Settled Early,08/01/26 02:32:44.387 AM EDT,$0.00
SF Giants -2.5,MLB-MOVY-IT5-000F9T8FI50AHA0-SFTS000-GTE-P00025,Settled Early,08/01/26 02:32:53.303 AM EDT,$0.00
SF Giants -3.5,MLB-MOVY-IT5-000F9T8FI50AHA0-SFTS000-GTE-P00035,Settled Early,08/01/26 02:32:53.471 AM EDT,$0.00
SD Padres -0.5,MLB-MOVY-IT5-000F9T8FI50AHA0-SDES000-GTE-P00005,Settled Early,08/01/26 02:32:53.674 AM EDT,$1.00
SD Padres -2.5,MLB-MOVY-IT5-000F9T8FI50AHA0-SDES000-GTE-P00025,Settled Early,08/01/26 02:32:54.027 AM EDT,$1.00
SD Padres -1.5,MLB-MOVY-IT5-000F9T8FI50AHA0-SDES000-GTE-P00015,Settled Early,08/01/26 02:32:54.284 AM EDT,$1.00
SF Giants -1.5,MLB-MOVY-IT5-000F9T8FI50AHA0-SFTS000-GTE-P00015,Settled Early,08/01/26 02:32:54.524 AM EDT,$0.00
SD Padres -4.5,MLB-MOVY-IT5-000F9T8FI50AHA0-SDES000-GTE-P00045,Settled Early,08/01/26 02:32:54.716 AM EDT,$1.00
SF Giants -0.5,MLB-MOVY-IT5-000F9T8FI50AHA0-SFTS000-GTE-P00005,Settled Early,08/01/26 02:32:54.916 AM EDT,$0.00
SF Giants -4.5,MLB-MOVY-IT5-000F9T8FI50AHA0-SFTS000-GTE-P00045,Settled Early,08/01/26 02:32:55.088 AM EDT,$0.00
SD Padres -3.5,MLB-MOVY-IT5-000F9T8FI50AHA0-SDES000-GTE-P00035,Settled Early,08/01/26 02:32:55.297 AM EDT,$1.00
Elias Diaz 1.5,MLB-PHRR-FG-000F9T8VI50AG40-ELAZ000-GTE-P00015,Settled Early,08/01/26 02:32:56.868 AM EDT,$0.00
Elias Diaz 0.5,MLB-PHRR-FG-000F9T8VI50AG40-ELAZ000-GTE-P00005,Settled Early,08/01/26 02:32:57.075 AM EDT,$0.00
Elias Diaz 2.5,MLB-PHRR-FG-000F9T8VI50AG40-ELAZ000-GTE-P00025,Settled Early,08/01/26 02:32:57.273 AM EDT,$0.00
Elias Diaz 4.5,MLB-PHRR-FG-000F9T8VI50AG40-ELAZ000-GTE-P00045,Settled Early,08/01/26 02:32:57.478 AM EDT,$0.00
Elias Diaz 3.5,MLB-PHRR-FG-000F9T8VI50AG40-ELAZ000-GTE-P00035,Settled Early,08/01/26 02:32:57.645 AM EDT,$0.00
Elias Diaz 9.5,MLB-PHRR-FG-000F9T8VI50AG40-ELAZ000-GTE-P00095,Settled Early,08/01/26 02:32:57.818 AM EDT,$0.00
Elias Diaz 6.5,MLB-PHRR-FG-000F9T8VI50AG40-ELAZ000-GTE-P00065,Settled Early,08/01/26 02:32:57.991 AM EDT,$0.00
Elias Diaz 5.5,MLB-PHRR-FG-000F9T8VI50AG40-ELAZ000-GTE-P00055,Settled Early,08/01/26 02:32:58.231 AM EDT,$0.00
Elias Diaz 8.5,MLB-PHRR-FG-000F9T8VI50AG40-ELAZ000-GTE-P00085,Settled Early,08/01/26 02:32:58.436 AM EDT,$0.00
Elias Diaz 7.5,MLB-PHRR-FG-000F9T8VI50AG40-ELAZ000-GTE-P00075,Settled Early,08/01/26 02:32:58.613 AM EDT,$0.00
Brooks Lee 7.5,MLB-PTBS-FG-000F839EI50D218-BREE000-GTE-P00075,Settled Early,08/01/26 02:32:59.799 AM EDT,$0.00
Brooks Lee 6.5,MLB-PTBS-FG-000F839EI50D218-BREE000-GTE-P00065,Settled Early,08/01/26 02:32:59.966 AM EDT,$0.00
Brooks Lee 5.5,MLB-PTBS-FG-000F839EI50D218-BREE000-GTE-P00055,Settled Early,08/01/26 02:33:00.152 AM EDT,$0.00
Brooks Lee 2.5,MLB-PTBS-FG-000F839EI50D218-BREE000-GTE-P00025,Settled Early,08/01/26 02:33:00.321 AM EDT,$1.00
Brooks Lee 0.5,MLB-PTBS-FG-000F839EI50D218-BREE000-GTE-P00005,Settled Early,08/01/26 02:33:00.490 AM EDT,$1.00
Brooks Lee 1.5,MLB-PTBS-FG-000F839EI50D218-BREE000-GTE-P00015,Settled Early,08/01/26 02:33:00.681 AM EDT,$1.00
Brooks Lee 3.5,MLB-PTBS-FG-000F839EI50D218-BREE000-GTE-P00035,Settled Early,08/01/26 02:33:00.854 AM EDT,$1.00
Brooks Lee 4.5,MLB-PTBS-FG-000F839EI50D218-BREE000-GTE-P00045,Settled Early,08/01/26 02:33:01.027 AM EDT,$0.00
Elias Diaz 2.5,MLB-PRBI-FG-000F9T8VI50AG40-ELAZ000-GTE-P00025,Settled Early,08/01/26 02:33:09.990 AM EDT,$0.00
Elias Diaz 0.5,MLB-PRBI-FG-000F9T8VI50AG40-ELAZ000-GTE-P00005,Settled Early,08/01/26 02:33:10.162 AM EDT,$0.00
Elias Diaz 4.5,MLB-PRBI-FG-000F9T8VI50AG40-ELAZ000-GTE-P00045,Settled Early,08/01/26 02:33:10.331 AM EDT,$0.00
Elias Diaz 3.5,MLB-PRBI-FG-000F9T8VI50AG40-ELAZ000-GTE-P00035,Settled Early,08/01/26 02:33:10.495 AM EDT,$0.00
Elias Diaz 1.5,MLB-PRBI-FG-000F9T8VI50AG40-ELAZ000-GTE-P00015,Settled Early,08/01/26 02:33:10.694 AM EDT,$0.00
Elias Diaz 6.5,MLB-PTBS-FG-000F9T8VI50AG40-ELAZ000-GTE-P00065,Settled Early,08/01/26 02:33:21.599 AM EDT,$0.00
Elias Diaz 7.5,MLB-PTBS-FG-000F9T8VI50AG40-ELAZ000-GTE-P00075,Settled Early,08/01/26 02:33:21.780 AM EDT,$0.00
Elias Diaz 2.5,MLB-PTBS-FG-000F9T8VI50AG40-ELAZ000-GTE-P00025,Settled Early,08/01/26 02:33:21.972 AM EDT,$0.00
Elias Diaz 4.5,MLB-PTBS-FG-000F9T8VI50AG40-ELAZ000-GTE-P00045,Settled Early,08/01/26 02:33:22.165 AM EDT,$0.00
Elias Diaz 3.5,MLB-PTBS-FG-000F9T8VI50AG40-ELAZ000-GTE-P00035,Settled Early,08/01/26 02:33:22.356 AM EDT,$0.00
Elias Diaz 5.5,MLB-PTBS-FG-000F9T8VI50AG40-ELAZ000-GTE-P00055,Settled Early,08/01/26 02:33:22.552 AM EDT,$0.00
Elias Diaz 1.5,MLB-PTBS-FG-000F9T8VI50AG40-ELAZ000-GTE-P00015,Settled Early,08/01/26 02:33:22.749 AM EDT,$0.00
Elias Diaz 0.5,MLB-PTBS-FG-000F9T8VI50AG40-ELAZ000-GTE-P00005,Settled Early,08/01/26 02:33:22.922 AM EDT,$0.00
Elias Diaz 0.5,MLB-PHRN-FG-000F9T8VI50AG40-ELAZ000-GTE-P00005,Settled Early,08/01/26 02:33:31.608 AM EDT,$0.00
Elias Diaz 2.5,MLB-PHRN-FG-000F9T8VI50AG40-ELAZ000-GTE-P00025,Settled Early,08/01/26 02:33:31.806 AM EDT,$0.00
Elias Diaz 1.5,MLB-PHRN-FG-000F9T8VI50AG40-ELAZ000-GTE-P00015,Settled Early,08/01/26 02:33:31.979 AM EDT,$0.00
Brooks Lee 0.5,MLB-PHRN-FG-000F839EI50D218-BREE000-GTE-P00005,Settled Early,08/01/26 02:33:45.515 AM EDT,$1.00
Brooks Lee 2.5,MLB-PHRN-FG-000F839EI50D218-BREE000-GTE-P00025,Settled Early,08/01/26 02:33:45.749 AM EDT,$0.00
Brooks Lee 1.5,MLB-PHRN-FG-000F839EI50D218-BREE000-GTE-P00015,Settled Early,08/01/26 02:33:45.934 AM EDT,$0.00
SF Giants,MLB-WIN-IT5-000F9T8FI50AHA0-SFTS000,Settled Early,08/01/26 02:33:46.224 AM EDT,$0.00
SD Padres,MLB-WIN-IT5-000F9T8FI50AHA0-SDES000,Settled Early,08/01/26 02:33:46.504 AM EDT,$1.00
Drew Gilbert 0.5,MLB-PHRR-FG-000F9T8FI50AHA0-DRRT000-GTE-P00005,Settled Early,08/01/26 02:34:00.048 AM EDT,$0.00
Drew Gilbert 7.5,MLB-PHRR-FG-000F9T8FI50AHA0-DRRT000-GTE-P00075,Settled Early,08/01/26 02:34:00.226 AM EDT,$0.00
Drew Gilbert 8.5,MLB-PHRR-FG-000F9T8FI50AHA0-DRRT000-GTE-P00085,Settled Early,08/01/26 02:34:00.457 AM EDT,$0.00
Drew Gilbert 4.5,MLB-PHRR-FG-000F9T8FI50AHA0-DRRT000-GTE-P00045,Settled Early,08/01/26 02:34:00.634 AM EDT,$0.00
Drew Gilbert 2.5,MLB-PHRR-FG-000F9T8FI50AHA0-DRRT000-GTE-P00025,Settled Early,08/01/26 02:34:00.832 AM EDT,$0.00
Drew Gilbert 3.5,MLB-PHRR-FG-000F9T8FI50AHA0-DRRT000-GTE-P00035,Settled Early,08/01/26 02:34:01.010 AM EDT,$0.00
Drew Gilbert 1.5,MLB-PHRR-FG-000F9T8FI50AHA0-DRRT000-GTE-P00015,Settled Early,08/01/26 02:34:01.183 AM EDT,$0.00
Drew Gilbert 9.5,MLB-PHRR-FG-000F9T8FI50AHA0-DRRT000-GTE-P00095,Settled Early,08/01/26 02:34:01.399 AM EDT,$0.00
Drew Gilbert 6.5,MLB-PHRR-FG-000F9T8FI50AHA0-DRRT000-GTE-P00065,Settled Early,08/01/26 02:34:01.596 AM EDT,$0.00
Drew Gilbert 5.5,MLB-PHRR-FG-000F9T8FI50AHA0-DRRT000-GTE-P00055,Settled Early,08/01/26 02:34:01.768 AM EDT,$0.00
Drew Gilbert 5.5,MLB-PTBS-FG-000F9T8FI50AHA0-DRRT000-GTE-P00055,Settled Early,08/01/26 02:34:06.132 AM EDT,$0.00
Drew Gilbert 6.5,MLB-PTBS-FG-000F9T8FI50AHA0-DRRT000-GTE-P00065,Settled Early,08/01/26 02:34:06.297 AM EDT,$0.00
Drew Gilbert 4.5,MLB-PTBS-FG-000F9T8FI50AHA0-DRRT000-GTE-P00045,Settled Early,08/01/26 02:34:06.466 AM EDT,$0.00
Drew Gilbert 2.5,MLB-PTBS-FG-000F9T8FI50AHA0-DRRT000-GTE-P00025,Settled Early,08/01/26 02:34:06.665 AM EDT,$0.00
Drew Gilbert 0.5,MLB-PTBS-FG-000F9T8FI50AHA0-DRRT000-GTE-P00005,Settled Early,08/01/26 02:34:06.839 AM EDT,$0.00
Drew Gilbert 3.5,MLB-PTBS-FG-000F9T8FI50AHA0-DRRT000-GTE-P00035,Settled Early,08/01/26 02:34:07.003 AM EDT,$0.00
Drew Gilbert 1.5,MLB-PTBS-FG-000F9T8FI50AHA0-DRRT000-GTE-P00015,Settled Early,08/01/26 02:34:07.172 AM EDT,$0.00
Drew Gilbert 7.5,MLB-PTBS-FG-000F9T8FI50AHA0-DRRT000-GTE-P00075,Settled Early,08/01/26 02:34:07.364 AM EDT,$0.00
HOU Astros -4.5,MLB-MOVY-FG-000F9T8VI50AG40-HOOS000-GTE-P00045,Settled Early,08/01/26 02:34:07.783 AM EDT,$1.00
HOU Astros -3.5,MLB-MOVY-FG-000F9T8VI50AG40-HOOS000-GTE-P00035,Settled Early,08/01/26 02:34:07.973 AM EDT,$1.00
HOU Astros -7.5,MLB-MOVY-FG-000F9T8VI50AG40-HOOS000-GTE-P00075,Settled Early,08/01/26 02:34:08.170 AM EDT,$1.00
TEX Rangers -1.5,MLB-MOVY-FG-000F9T8VI50AG40-TERS000-GTE-P00015,Settled Early,08/01/26 02:34:08.376 AM EDT,$0.00
TEX Rangers -2.5,MLB-MOVY-FG-000F9T8VI50AG40-TERS000-GTE-P00025,Settled Early,08/01/26 02:34:08.599 AM EDT,$0.00
TEX Rangers -0.5,MLB-MOVY-FG-000F9T8VI50AG40-TERS000-GTE-P00005,Settled Early,08/01/26 02:34:08.821 AM EDT,$0.00
TEX Rangers -4.5,MLB-MOVY-FG-000F9T8VI50AG40-TERS000-GTE-P00045,Settled Early,08/01/26 02:34:08.997 AM EDT,$0.00
TEX Rangers -3.5,MLB-MOVY-FG-000F9T8VI50AG40-TERS000-GTE-P00035,Settled Early,08/01/26 02:34:09.175 AM EDT,$0.00
HOU Astros -6.5,MLB-MOVY-FG-000F9T8VI50AG40-HOOS000-GTE-P00065,Settled Early,08/01/26 02:34:09.341 AM EDT,$1.00
HOU Astros -0.5,MLB-MOVY-FG-000F9T8VI50AG40-HOOS000-GTE-P00005,Settled Early,08/01/26 02:34:09.508 AM EDT,$1.00
HOU Astros -1.5,MLB-MOVY-FG-000F9T8VI50AG40-HOOS000-GTE-P00015,Settled Early,08/01/26 02:34:09.680 AM EDT,$1.00
TEX Rangers -6.5,MLB-MOVY-FG-000F9T8VI50AG40-TERS000-GTE-P00065,Settled Early,08/01/26 02:34:09.877 AM EDT,$0.00
HOU Astros -2.5,MLB-MOVY-FG-000F9T8VI50AG40-HOOS000-GTE-P00025,Settled Early,08/01/26 02:34:10.291 AM EDT,$1.00
TEX Rangers -7.5,MLB-MOVY-FG-000F9T8VI50AG40-TERS000-GTE-P00075,Settled Early,08/01/26 02:34:10.462 AM EDT,$0.00
TEX Rangers -5.5,MLB-MOVY-FG-000F9T8VI50AG40-TERS000-GTE-P00055,Settled Early,08/01/26 02:34:10.630 AM EDT,$0.00
HOU Astros -5.5,MLB-MOVY-FG-000F9T8VI50AG40-HOOS000-GTE-P00055,Settled Early,08/01/26 02:34:10.796 AM EDT,$1.00
Alan Roden 0.5,MLB-PTBS-FG-000F839EI50D218-ALEN000-GTE-P00005,Settled Early,08/01/26 02:34:11.956 AM EDT,$1.00
Alan Roden 3.5,MLB-PTBS-FG-000F839EI50D218-ALEN000-GTE-P00035,Settled Early,08/01/26 02:34:12.151 AM EDT,$0.00
Alan Roden 6.5,MLB-PTBS-FG-000F839EI50D218-ALEN000-GTE-P00065,Settled Early,08/01/26 02:34:12.321 AM EDT,$0.00
Alan Roden 1.5,MLB-PTBS-FG-000F839EI50D218-ALEN000-GTE-P00015,Settled Early,08/01/26 02:34:12.528 AM EDT,$0.00
Alan Roden 4.5,MLB-PTBS-FG-000F839EI50D218-ALEN000-GTE-P00045,Settled Early,08/01/26 02:34:12.755 AM EDT,$0.00
Alan Roden 7.5,MLB-PTBS-FG-000F839EI50D218-ALEN000-GTE-P00075,Settled Early,08/01/26 02:34:12.940 AM EDT,$0.00
Drew Gilbert 1.5,MLB-PRBI-FG-000F9T8FI50AHA0-DRRT000-GTE-P00015,Settled Early,08/01/26 02:34:13.115 AM EDT,$0.00
Alan Roden 5.5,MLB-PTBS-FG-000F839EI50D218-ALEN000-GTE-P00055,Settled Early,08/01/26 02:34:13.126 AM EDT,$0.00
Drew Gilbert 2.5,MLB-PRBI-FG-000F9T8FI50AHA0-DRRT000-GTE-P00025,Settled Early,08/01/26 02:34:13.282 AM EDT,$0.00
Alan Roden 2.5,MLB-PTBS-FG-000F839EI50D218-ALEN000-GTE-P00025,Settled Early,08/01/26 02:34:13.319 AM EDT,$0.00
Drew Gilbert 4.5,MLB-PRBI-FG-000F9T8FI50AHA0-DRRT000-GTE-P00045,Settled Early,08/01/26 02:34:13.479 AM EDT,$0.00
Drew Gilbert 3.5,MLB-PRBI-FG-000F9T8FI50AHA0-DRRT000-GTE-P00035,Settled Early,08/01/26 02:34:13.696 AM EDT,$0.00
Drew Gilbert 0.5,MLB-PRBI-FG-000F9T8FI50AHA0-DRRT000-GTE-P00005,Settled Early,08/01/26 02:34:13.867 AM EDT,$0.00
Drew Gilbert 1.5,MLB-PHIT-FG-000F9T8FI50AHA0-DRRT000-GTE-P00015,Settled Early,08/01/26 02:34:19.292 AM EDT,$0.00
Drew Gilbert 2.5,MLB-PHIT-FG-000F9T8FI50AHA0-DRRT000-GTE-P00025,Settled Early,08/01/26 02:34:19.487 AM EDT,$0.00
Drew Gilbert 3.5,MLB-PHIT-FG-000F9T8FI50AHA0-DRRT000-GTE-P00035,Settled Early,08/01/26 02:34:19.660 AM EDT,$0.00
Drew Gilbert 4.5,MLB-PHIT-FG-000F9T8FI50AHA0-DRRT000-GTE-P00045,Settled Early,08/01/26 02:34:19.848 AM EDT,$0.00
Drew Gilbert 0.5,MLB-PHIT-FG-000F9T8FI50AHA0-DRRT000-GTE-P00005,Settled Early,08/01/26 02:34:20.039 AM EDT,$0.00
TEX Rangers,MLB-WIN-FG-000F9T8VI50AG40-TERS000,Settled Early,08/01/26 02:34:20.767 AM EDT,$0.00
HOU Astros,MLB-WIN-FG-000F9T8VI50AG40-HOOS000,Settled Early,08/01/26 02:34:20.960 AM EDT,$1.00
Drew Gilbert 0.5,MLB-PHRN-FG-000F9T8FI50AHA0-DRRT000-GTE-P00005,Settled Early,08/01/26 02:34:25.071 AM EDT,$0.00
Drew Gilbert 1.5,MLB-PHRN-FG-000F9T8FI50AHA0-DRRT000-GTE-P00015,Settled Early,08/01/26 02:34:25.240 AM EDT,$0.00
Drew Gilbert 2.5,MLB-PHRN-FG-000F9T8FI50AHA0-DRRT000-GTE-P00025,Settled Early,08/01/26 02:34:25.457 AM EDT,$0.00
Alan Roden 2.5,MLB-PHIT-FG-000F839EI50D218-ALEN000-GTE-P00025,Settled Early,08/01/26 02:34:26.723 AM EDT,$0.00
Alan Roden 0.5,MLB-PHIT-FG-000F839EI50D218-ALEN000-GTE-P00005,Settled Early,08/01/26 02:34:26.914 AM EDT,$1.00
Alan Roden 4.5,MLB-PHIT-FG-000F839EI50D218-ALEN000-GTE-P00045,Settled Early,08/01/26 02:34:27.084 AM EDT,$0.00
Alan Roden 1.5,MLB-PHIT-FG-000F839EI50D218-ALEN000-GTE-P00015,Settled Early,08/01/26 02:34:27.249 AM EDT,$0.00
Alan Roden 3.5,MLB-PHIT-FG-000F839EI50D218-ALEN000-GTE-P00035,Settled Early,08/01/26 02:34:27.448 AM EDT,$0.00
Carson Whisenhunt 3.5,MLB-PKS-FG-000F9T8FI50AHA0-CANT000-GTE-P00035,Settled Early,08/01/26 02:34:45.176 AM EDT,$0.00
Carson Whisenhunt 5.5,MLB-PKS-FG-000F9T8FI50AHA0-CANT000-GTE-P00055,Settled Early,08/01/26 02:34:45.369 AM EDT,$0.00
Carson Whisenhunt 11.5,MLB-PKS-FG-000F9T8FI50AHA0-CANT000-GTE-P00115,Settled Early,08/01/26 02:34:45.568 AM EDT,$0.00
Carson Whisenhunt 13.5,MLB-PKS-FG-000F9T8FI50AHA0-CANT000-GTE-P00135,Settled Early,08/01/26 02:34:45.732 AM EDT,$0.00
Carson Whisenhunt 12.5,MLB-PKS-FG-000F9T8FI50AHA0-CANT000-GTE-P00125,Settled Early,08/01/26 02:34:45.898 AM EDT,$0.00
Carson Whisenhunt 6.5,MLB-PKS-FG-000F9T8FI50AHA0-CANT000-GTE-P00065,Settled Early,08/01/26 02:34:46.087 AM EDT,$0.00
Carson Whisenhunt 7.5,MLB-PKS-FG-000F9T8FI50AHA0-CANT000-GTE-P00075,Settled Early,08/01/26 02:34:46.253 AM EDT,$0.00
Carson Whisenhunt 9.5,MLB-PKS-FG-000F9T8FI50AHA0-CANT000-GTE-P00095,Settled Early,08/01/26 02:34:46.420 AM EDT,$0.00
Carson Whisenhunt 10.5,MLB-PKS-FG-000F9T8FI50AHA0-CANT000-GTE-P00105,Settled Early,08/01/26 02:34:46.604 AM EDT,$0.00
Carson Whisenhunt 8.5,MLB-PKS-FG-000F9T8FI50AHA0-CANT000-GTE-P00085,Settled Early,08/01/26 02:34:46.774 AM EDT,$0.00
Carson Whisenhunt 1.5,MLB-PKS-FG-000F9T8FI50AHA0-CANT000-GTE-P00015,Settled Early,08/01/26 02:34:46.966 AM EDT,$1.00
Carson Whisenhunt 4.5,MLB-PKS-FG-000F9T8FI50AHA0-CANT000-GTE-P00045,Settled Early,08/01/26 02:34:47.151 AM EDT,$0.00
Carson Whisenhunt 2.5,MLB-PKS-FG-000F9T8FI50AHA0-CANT000-GTE-P00025,Settled Early,08/01/26 02:34:47.339 AM EDT,$1.00
Alan Roden 0.5,MLB-PRBI-FG-000F839EI50D218-ALEN000-GTE-P00005,Settled Early,08/01/26 02:34:53.101 AM EDT,$0.00
Alan Roden 3.5,MLB-PRBI-FG-000F839EI50D218-ALEN000-GTE-P00035,Settled Early,08/01/26 02:34:53.312 AM EDT,$0.00
Alan Roden 1.5,MLB-PRBI-FG-000F839EI50D218-ALEN000-GTE-P00015,Settled Early,08/01/26 02:34:53.529 AM EDT,$0.00
Alan Roden 4.5,MLB-PRBI-FG-000F839EI50D218-ALEN000-GTE-P00045,Settled Early,08/01/26 02:34:53.699 AM EDT,$0.00
Alan Roden 2.5,MLB-PRBI-FG-000F839EI50D218-ALEN000-GTE-P00025,Settled Early,08/01/26 02:34:53.889 AM EDT,$0.00
Alan Roden 2.5,MLB-PHRN-FG-000F839EI50D218-ALEN000-GTE-P00025,Settled Early,08/01/26 02:35:04.482 AM EDT,$0.00
Alan Roden 1.5,MLB-PHRN-FG-000F839EI50D218-ALEN000-GTE-P00015,Settled Early,08/01/26 02:35:04.685 AM EDT,$0.00
Alan Roden 0.5,MLB-PHRN-FG-000F839EI50D218-ALEN000-GTE-P00005,Settled Early,08/01/26 02:35:04.868 AM EDT,$0.00
SD Padres -0.5,MLB-MOVY-FG-000F9T8FI50AHA0-SDES000-GTE-P00005,Settled Early,08/01/26 02:35:06.501 AM EDT,$1.00
SD Padres -2.5,MLB-MOVY-FG-000F9T8FI50AHA0-SDES000-GTE-P00025,Settled Early,08/01/26 02:35:06.681 AM EDT,$1.00
SF Giants -5.5,MLB-MOVY-FG-000F9T8FI50AHA0-SFTS000-GTE-P00055,Settled Early,08/01/26 02:35:06.845 AM EDT,$0.00
SD Padres -6.5,MLB-MOVY-FG-000F9T8FI50AHA0-SDES000-GTE-P00065,Settled Early,08/01/26 02:35:07.018 AM EDT,$1.00
SD Padres -5.5,MLB-MOVY-FG-000F9T8FI50AHA0-SDES000-GTE-P00055,Settled Early,08/01/26 02:35:07.205 AM EDT,$1.00
SF Giants -1.5,MLB-MOVY-FG-000F9T8FI50AHA0-SFTS000-GTE-P00015,Settled Early,08/01/26 02:35:07.415 AM EDT,$0.00
SD Padres -7.5,MLB-MOVY-FG-000F9T8FI50AHA0-SDES000-GTE-P00075,Settled Early,08/01/26 02:35:07.612 AM EDT,$0.00
SF Giants -0.5,MLB-MOVY-FG-000F9T8FI50AHA0-SFTS000-GTE-P00005,Settled Early,08/01/26 02:35:07.805 AM EDT,$0.00
SD Padres -4.5,MLB-MOVY-FG-000F9T8FI50AHA0-SDES000-GTE-P00045,Settled Early,08/01/26 02:35:07.975 AM EDT,$1.00
SF Giants -7.5,MLB-MOVY-FG-000F9T8FI50AHA0-SFTS000-GTE-P00075,Settled Early,08/01/26 02:35:08.190 AM EDT,$0.00
SF Giants -6.5,MLB-MOVY-FG-000F9T8FI50AHA0-SFTS000-GTE-P00065,Settled Early,08/01/26 02:35:08.399 AM EDT,$0.00
SF Giants -3.5,MLB-MOVY-FG-000F9T8FI50AHA0-SFTS000-GTE-P00035,Settled Early,08/01/26 02:35:08.595 AM EDT,$0.00
SF Giants -4.5,MLB-MOVY-FG-000F9T8FI50AHA0-SFTS000-GTE-P00045,Settled Early,08/01/26 02:35:08.796 AM EDT,$0.00
SD Padres -1.5,MLB-MOVY-FG-000F9T8FI50AHA0-SDES000-GTE-P00015,Settled Early,08/01/26 02:35:08.988 AM EDT,$1.00
SD Padres -3.5,MLB-MOVY-FG-000F9T8FI50AHA0-SDES000-GTE-P00035,Settled Early,08/01/26 02:35:09.174 AM EDT,$1.00
SF Giants -2.5,MLB-MOVY-FG-000F9T8FI50AHA0-SFTS000-GTE-P00025,Settled Early,08/01/26 02:35:09.358 AM EDT,$0.00
Lucas Spence 1.5,MLB-PHIT-FG-000F9T8VI50AG40-LUCE000-GTE-P00015,Settled Early,08/01/26 02:35:35.347 AM EDT,$0.00
Lucas Spence 4.5,MLB-PHIT-FG-000F9T8VI50AG40-LUCE000-GTE-P00045,Settled Early,08/01/26 02:35:35.607 AM EDT,$0.00
Lucas Spence 2.5,MLB-PHIT-FG-000F9T8VI50AG40-LUCE000-GTE-P00025,Settled Early,08/01/26 02:35:35.815 AM EDT,$0.00
Lucas Spence 3.5,MLB-PHIT-FG-000F9T8VI50AG40-LUCE000-GTE-P00035,Settled Early,08/01/26 02:35:36.029 AM EDT,$0.00
Lucas Spence 0.5,MLB-PHIT-FG-000F9T8VI50AG40-LUCE000-GTE-P00005,Settled Early,08/01/26 02:35:36.242 AM EDT,$1.00
Luke Keaschall 3.5,MLB-PHIT-FG-000F839EI50D218-LULL000-GTE-P00035,Settled Early,08/01/26 02:35:46.338 AM EDT,$0.00
Luke Keaschall 2.5,MLB-PHIT-FG-000F839EI50D218-LULL000-GTE-P00025,Settled Early,08/01/26 02:35:46.520 AM EDT,$0.00
Luke Keaschall 1.5,MLB-PHIT-FG-000F839EI50D218-LULL000-GTE-P00015,Settled Early,08/01/26 02:35:46.706 AM EDT,$1.00
Luke Keaschall 4.5,MLB-PHIT-FG-000F839EI50D218-LULL000-GTE-P00045,Settled Early,08/01/26 02:35:46.877 AM EDT,$0.00
Luke Keaschall 0.5,MLB-PHIT-FG-000F839EI50D218-LULL000-GTE-P00005,Settled Early,08/01/26 02:35:47.076 AM EDT,$1.00
Lucas Spence 1.5,MLB-PHRR-FG-000F9T8VI50AG40-LUCE000-GTE-P00015,Settled Early,08/01/26 02:35:53.468 AM EDT,$1.00
Lucas Spence 0.5,MLB-PHRR-FG-000F9T8VI50AG40-LUCE000-GTE-P00005,Settled Early,08/01/26 02:35:53.659 AM EDT,$1.00
Lucas Spence 2.5,MLB-PHRR-FG-000F9T8VI50AG40-LUCE000-GTE-P00025,Settled Early,08/01/26 02:35:53.838 AM EDT,$1.00
Lucas Spence 5.5,MLB-PHRR-FG-000F9T8VI50AG40-LUCE000-GTE-P00055,Settled Early,08/01/26 02:35:54.039 AM EDT,$0.00
Lucas Spence 9.5,MLB-PHRR-FG-000F9T8VI50AG40-LUCE000-GTE-P00095,Settled Early,08/01/26 02:35:54.259 AM EDT,$0.00
Lucas Spence 6.5,MLB-PHRR-FG-000F9T8VI50AG40-LUCE000-GTE-P00065,Settled Early,08/01/26 02:35:54.447 AM EDT,$0.00
Lucas Spence 3.5,MLB-PHRR-FG-000F9T8VI50AG40-LUCE000-GTE-P00035,Settled Early,08/01/26 02:35:54.638 AM EDT,$0.00
Lucas Spence 7.5,MLB-PHRR-FG-000F9T8VI50AG40-LUCE000-GTE-P00075,Settled Early,08/01/26 02:35:54.836 AM EDT,$0.00
Lucas Spence 4.5,MLB-PHRR-FG-000F9T8VI50AG40-LUCE000-GTE-P00045,Settled Early,08/01/26 02:35:55.043 AM EDT,$0.00
Lucas Spence 8.5,MLB-PHRR-FG-000F9T8VI50AG40-LUCE000-GTE-P00085,Settled Early,08/01/26 02:35:55.267 AM EDT,$0.00
SF Giants,MLB-WIN-FG-000F9T8FI50AHA0-SFTS000,Settled Early,08/01/26 02:35:59.144 AM EDT,$0.00
SD Padres,MLB-WIN-FG-000F9T8FI50AHA0-SDES000,Settled Early,08/01/26 02:35:59.332 AM EDT,$1.00
Luke Keaschall 1.5,MLB-PRBI-FG-000F839EI50D218-LULL000-GTE-P00015,Settled Early,08/01/26 02:36:01.351 AM EDT,$0.00
Luke Keaschall 2.5,MLB-PRBI-FG-000F839EI50D218-LULL000-GTE-P00025,Settled Early,08/01/26 02:36:01.565 AM EDT,$0.00
Luke Keaschall 0.5,MLB-PRBI-FG-000F839EI50D218-LULL000-GTE-P00005,Settled Early,08/01/26 02:36:01.738 AM EDT,$1.00
Luke Keaschall 3.5,MLB-PRBI-FG-000F839EI50D218-LULL000-GTE-P00035,Settled Early,08/01/26 02:36:01.908 AM EDT,$0.00
Luke Keaschall 4.5,MLB-PRBI-FG-000F839EI50D218-LULL000-GTE-P00045,Settled Early,08/01/26 02:36:02.099 AM EDT,$0.00
Lucas Spence 5.5,MLB-PTBS-FG-000F9T8VI50AG40-LUCE000-GTE-P00055,Settled Early,08/01/26 02:36:09.791 AM EDT,$0.00
Lucas Spence 2.5,MLB-PTBS-FG-000F9T8VI50AG40-LUCE000-GTE-P00025,Settled Early,08/01/26 02:36:09.962 AM EDT,$0.00
Lucas Spence 1.5,MLB-PTBS-FG-000F9T8VI50AG40-LUCE000-GTE-P00015,Settled Early,08/01/26 02:36:10.126 AM EDT,$0.00
Lucas Spence 3.5,MLB-PTBS-FG-000F9T8VI50AG40-LUCE000-GTE-P00035,Settled Early,08/01/26 02:36:10.310 AM EDT,$0.00
Lucas Spence 6.5,MLB-PTBS-FG-000F9T8VI50AG40-LUCE000-GTE-P00065,Settled Early,08/01/26 02:36:10.473 AM EDT,$0.00
Lucas Spence 7.5,MLB-PTBS-FG-000F9T8VI50AG40-LUCE000-GTE-P00075,Settled Early,08/01/26 02:36:10.641 AM EDT,$0.00
Lucas Spence 0.5,MLB-PTBS-FG-000F9T8VI50AG40-LUCE000-GTE-P00005,Settled Early,08/01/26 02:36:10.807 AM EDT,$1.00
Lucas Spence 4.5,MLB-PTBS-FG-000F9T8VI50AG40-LUCE000-GTE-P00045,Settled Early,08/01/26 02:36:10.999 AM EDT,$0.00
Luke Keaschall 0.5,MLB-PTBS-FG-000F839EI50D218-LULL000-GTE-P00005,Settled Early,08/01/26 02:36:18.149 AM EDT,$1.00
Luke Keaschall 2.5,MLB-PTBS-FG-000F839EI50D218-LULL000-GTE-P00025,Settled Early,08/01/26 02:36:18.356 AM EDT,$1.00
Luke Keaschall 3.5,MLB-PTBS-FG-000F839EI50D218-LULL000-GTE-P00035,Settled Early,08/01/26 02:36:18.558 AM EDT,$0.00
Luke Keaschall 7.5,MLB-PTBS-FG-000F839EI50D218-LULL000-GTE-P00075,Settled Early,08/01/26 02:36:18.747 AM EDT,$0.00
Lucas Spence 2.5,MLB-PHRN-FG-000F9T8VI50AG40-LUCE000-GTE-P00025,Settled Early,08/01/26 02:36:18.787 AM EDT,$0.00
Luke Keaschall 5.5,MLB-PTBS-FG-000F839EI50D218-LULL000-GTE-P00055,Settled Early,08/01/26 02:36:18.983 AM EDT,$0.00
Lucas Spence 1.5,MLB-PHRN-FG-000F9T8VI50AG40-LUCE000-GTE-P00015,Settled Early,08/01/26 02:36:19.004 AM EDT,$0.00
Lucas Spence 0.5,MLB-PHRN-FG-000F9T8VI50AG40-LUCE000-GTE-P00005,Settled Early,08/01/26 02:36:19.193 AM EDT,$0.00
Luke Keaschall 4.5,MLB-PTBS-FG-000F839EI50D218-LULL000-GTE-P00045,Settled Early,08/01/26 02:36:19.225 AM EDT,$0.00
Luke Keaschall 6.5,MLB-PTBS-FG-000F839EI50D218-LULL000-GTE-P00065,Settled Early,08/01/26 02:36:19.417 AM EDT,$0.00
Luke Keaschall 1.5,MLB-PTBS-FG-000F839EI50D218-LULL000-GTE-P00015,Settled Early,08/01/26 02:36:19.610 AM EDT,$1.00
Lucas Spence 3.5,MLB-PRBI-FG-000F9T8VI50AG40-LUCE000-GTE-P00035,Settled Early,08/01/26 02:36:30.635 AM EDT,$0.00
Lucas Spence 1.5,MLB-PRBI-FG-000F9T8VI50AG40-LUCE000-GTE-P00015,Settled Early,08/01/26 02:36:30.829 AM EDT,$0.00
Lucas Spence 2.5,MLB-PRBI-FG-000F9T8VI50AG40-LUCE000-GTE-P00025,Settled Early,08/01/26 02:36:31.023 AM EDT,$0.00
Lucas Spence 0.5,MLB-PRBI-FG-000F9T8VI50AG40-LUCE000-GTE-P00005,Settled Early,08/01/26 02:36:31.216 AM EDT,$1.00
Lucas Spence 4.5,MLB-PRBI-FG-000F9T8VI50AG40-LUCE000-GTE-P00045,Settled Early,08/01/26 02:36:31.430 AM EDT,$0.00
Over 1.5,MLB-TRUNS-I9-000F9TBUI50AH6G-GTE-P00015,Settled Early,08/01/26 02:36:52.459 AM EDT,$0.00
Over 0.5,MLB-TRUNS-I9-000F9TBUI50AH6G-GTE-P00005,Settled Early,08/01/26 02:36:52.735 AM EDT,$1.00
Over 4.5,MLB-TRUNS-I9-000F9TBUI50AH6G-GTE-P00045,Settled Early,08/01/26 02:36:52.995 AM EDT,$0.00
Over 2.5,MLB-TRUNS-I9-000F9TBUI50AH6G-GTE-P00025,Settled Early,08/01/26 02:36:53.187 AM EDT,$0.00
Over 3.5,MLB-TRUNS-I9-000F9TBUI50AH6G-GTE-P00035,Settled Early,08/01/26 02:36:53.472 AM EDT,$0.00
Luke Keaschall 2.5,MLB-PHRN-FG-000F839EI50D218-LULL000-GTE-P00025,Settled Early,08/01/26 02:37:14.110 AM EDT,$0.00
Luke Keaschall 0.5,MLB-PHRN-FG-000F839EI50D218-LULL000-GTE-P00005,Settled Early,08/01/26 02:37:14.304 AM EDT,$0.00
Luke Keaschall 1.5,MLB-PHRN-FG-000F839EI50D218-LULL000-GTE-P00015,Settled Early,08/01/26 02:37:14.479 AM EDT,$0.00
Dillon Dingler 2.5,MLB-PHRR-FG-000F9T8JI50AGVO-DIER000-GTE-P00025,Settled Early,08/01/26 02:37:16.008 AM EDT,$1.00
Dillon Dingler 0.5,MLB-PHRR-FG-000F9T8JI50AGVO-DIER000-GTE-P00005,Settled Early,08/01/26 02:37:16.262 AM EDT,$1.00
Dillon Dingler 1.5,MLB-PHRR-FG-000F9T8JI50AGVO-DIER000-GTE-P00015,Settled Early,08/01/26 02:37:16.473 AM EDT,$1.00
Dillon Dingler 8.5,MLB-PHRR-FG-000F9T8JI50AGVO-DIER000-GTE-P00085,Settled Early,08/01/26 02:37:16.769 AM EDT,$0.00
Dillon Dingler 9.5,MLB-PHRR-FG-000F9T8JI50AGVO-DIER000-GTE-P00095,Settled Early,08/01/26 02:37:16.941 AM EDT,$0.00
Dillon Dingler 6.5,MLB-PHRR-FG-000F9T8JI50AGVO-DIER000-GTE-P00065,Settled Early,08/01/26 02:37:17.111 AM EDT,$1.00
Dillon Dingler 7.5,MLB-PHRR-FG-000F9T8JI50AGVO-DIER000-GTE-P00075,Settled Early,08/01/26 02:37:17.298 AM EDT,$0.00
Dillon Dingler 3.5,MLB-PHRR-FG-000F9T8JI50AGVO-DIER000-GTE-P00035,Settled Early,08/01/26 02:37:17.525 AM EDT,$1.00
Dillon Dingler 5.5,MLB-PHRR-FG-000F9T8JI50AGVO-DIER000-GTE-P00055,Settled Early,08/01/26 02:37:17.746 AM EDT,$1.00
Dillon Dingler 4.5,MLB-PHRR-FG-000F9T8JI50AGVO-DIER000-GTE-P00045,Settled Early,08/01/26 02:37:17.921 AM EDT,$1.00
Isaac Paredes 6.5,MLB-PHRR-FG-000F9T8VI50AG40-ISES000-GTE-P00065,Settled Early,08/01/26 02:37:25.537 AM EDT,$0.00
Isaac Paredes 7.5,MLB-PHRR-FG-000F9T8VI50AG40-ISES000-GTE-P00075,Settled Early,08/01/26 02:37:25.739 AM EDT,$0.00
Isaac Paredes 8.5,MLB-PHRR-FG-000F9T8VI50AG40-ISES000-GTE-P00085,Settled Early,08/01/26 02:37:25.931 AM EDT,$0.00
Isaac Paredes 9.5,MLB-PHRR-FG-000F9T8VI50AG40-ISES000-GTE-P00095,Settled Early,08/01/26 02:37:26.103 AM EDT,$0.00
Isaac Paredes 4.5,MLB-PHRR-FG-000F9T8VI50AG40-ISES000-GTE-P00045,Settled Early,08/01/26 02:37:26.282 AM EDT,$1.00
Isaac Paredes 3.5,MLB-PHRR-FG-000F9T8VI50AG40-ISES000-GTE-P00035,Settled Early,08/01/26 02:37:26.450 AM EDT,$1.00
Isaac Paredes 5.5,MLB-PHRR-FG-000F9T8VI50AG40-ISES000-GTE-P00055,Settled Early,08/01/26 02:37:26.669 AM EDT,$0.00
Isaac Paredes 1.5,MLB-PHRR-FG-000F9T8VI50AG40-ISES000-GTE-P00015,Settled Early,08/01/26 02:37:26.842 AM EDT,$1.00
Isaac Paredes 0.5,MLB-PHRR-FG-000F9T8VI50AG40-ISES000-GTE-P00005,Settled Early,08/01/26 02:37:27.050 AM EDT,$1.00
Isaac Paredes 2.5,MLB-PHRR-FG-000F9T8VI50AG40-ISES000-GTE-P00025,Settled Early,08/01/26 02:37:27.222 AM EDT,$1.00
Kevin McGonigle 4.5,MLB-PHRR-FG-000F9T8JI50AGVO-KELE000-GTE-P00045,Settled Early,08/01/26 02:37:32.748 AM EDT,$1.00
Kevin McGonigle 5.5,MLB-PHRR-FG-000F9T8JI50AGVO-KELE000-GTE-P00055,Settled Early,08/01/26 02:37:32.944 AM EDT,$0.00
Kevin McGonigle 6.5,MLB-PHRR-FG-000F9T8JI50AGVO-KELE000-GTE-P00065,Settled Early,08/01/26 02:37:33.172 AM EDT,$0.00
Kevin McGonigle 3.5,MLB-PHRR-FG-000F9T8JI50AGVO-KELE000-GTE-P00035,Settled Early,08/01/26 02:37:33.395 AM EDT,$1.00
Kevin McGonigle 0.5,MLB-PHRR-FG-000F9T8JI50AGVO-KELE000-GTE-P00005,Settled Early,08/01/26 02:37:33.623 AM EDT,$1.00
Kevin McGonigle 1.5,MLB-PHRR-FG-000F9T8JI50AGVO-KELE000-GTE-P00015,Settled Early,08/01/26 02:37:33.859 AM EDT,$1.00
Kevin McGonigle 2.5,MLB-PHRR-FG-000F9T8JI50AGVO-KELE000-GTE-P00025,Settled Early,08/01/26 02:37:34.054 AM EDT,$1.00
Kevin McGonigle 7.5,MLB-PHRR-FG-000F9T8JI50AGVO-KELE000-GTE-P00075,Settled Early,08/01/26 02:37:34.254 AM EDT,$0.00
Kevin McGonigle 9.5,MLB-PHRR-FG-000F9T8JI50AGVO-KELE000-GTE-P00095,Settled Early,08/01/26 02:37:34.429 AM EDT,$0.00
Kevin McGonigle 8.5,MLB-PHRR-FG-000F9T8JI50AGVO-KELE000-GTE-P00085,Settled Early,08/01/26 02:37:34.593 AM EDT,$0.00
Kody Clemens 0.5,MLB-PRBI-FG-000F839EI50D218-KONS000-GTE-P00005,Settled Early,08/01/26 02:37:36.273 AM EDT,$0.00
Kody Clemens 4.5,MLB-PRBI-FG-000F839EI50D218-KONS000-GTE-P00045,Settled Early,08/01/26 02:37:36.466 AM EDT,$0.00
Kody Clemens 2.5,MLB-PRBI-FG-000F839EI50D218-KONS000-GTE-P00025,Settled Early,08/01/26 02:37:36.662 AM EDT,$0.00
Kody Clemens 3.5,MLB-PRBI-FG-000F839EI50D218-KONS000-GTE-P00035,Settled Early,08/01/26 02:37:36.832 AM EDT,$0.00
Kody Clemens 1.5,MLB-PRBI-FG-000F839EI50D218-KONS000-GTE-P00015,Settled Early,08/01/26 02:37:37.025 AM EDT,$0.00
Kody Clemens 0.5,MLB-PHRN-FG-000F839EI50D218-KONS000-GTE-P00005,Settled Early,08/01/26 02:37:44.719 AM EDT,$0.00
Kody Clemens 2.5,MLB-PHRN-FG-000F839EI50D218-KONS000-GTE-P00025,Settled Early,08/01/26 02:37:44.885 AM EDT,$0.00
Kody Clemens 1.5,MLB-PHRN-FG-000F839EI50D218-KONS000-GTE-P00015,Settled Early,08/01/26 02:37:45.057 AM EDT,$0.00
Isaac Paredes 5.5,MLB-PTBS-FG-000F9T8VI50AG40-ISES000-GTE-P00055,Settled Early,08/01/26 02:37:45.518 AM EDT,$0.00
Isaac Paredes 3.5,MLB-PTBS-FG-000F9T8VI50AG40-ISES000-GTE-P00035,Settled Early,08/01/26 02:37:45.705 AM EDT,$1.00
Isaac Paredes 4.5,MLB-PTBS-FG-000F9T8VI50AG40-ISES000-GTE-P00045,Settled Early,08/01/26 02:37:45.877 AM EDT,$1.00
Isaac Paredes 1.5,MLB-PTBS-FG-000F9T8VI50AG40-ISES000-GTE-P00015,Settled Early,08/01/26 02:37:46.045 AM EDT,$1.00
Isaac Paredes 7.5,MLB-PTBS-FG-000F9T8VI50AG40-ISES000-GTE-P00075,Settled Early,08/01/26 02:37:46.214 AM EDT,$0.00
Isaac Paredes 0.5,MLB-PTBS-FG-000F9T8VI50AG40-ISES000-GTE-P00005,Settled Early,08/01/26 02:37:46.384 AM EDT,$1.00
Isaac Paredes 2.5,MLB-PTBS-FG-000F9T8VI50AG40-ISES000-GTE-P00025,Settled Early,08/01/26 02:37:46.551 AM EDT,$1.00
Isaac Paredes 6.5,MLB-PTBS-FG-000F9T8VI50AG40-ISES000-GTE-P00065,Settled Early,08/01/26 02:37:46.716 AM EDT,$0.00
Ben Malgeri 0.5,MLB-PHRR-FG-000F9T8JI50AGVO-BERI000-GTE-P00005,Settled Early,08/01/26 02:37:55.839 AM EDT,$1.00
Ben Malgeri 1.5,MLB-PHRR-FG-000F9T8JI50AGVO-BERI000-GTE-P00015,Settled Early,08/01/26 02:37:56.083 AM EDT,$1.00
Ben Malgeri 6.5,MLB-PHRR-FG-000F9T8JI50AGVO-BERI000-GTE-P00065,Settled Early,08/01/26 02:37:56.332 AM EDT,$0.00
Ben Malgeri 9.5,MLB-PHRR-FG-000F9T8JI50AGVO-BERI000-GTE-P00095,Settled Early,08/01/26 02:37:56.498 AM EDT,$0.00
Ben Malgeri 8.5,MLB-PHRR-FG-000F9T8JI50AGVO-BERI000-GTE-P00085,Settled Early,08/01/26 02:37:56.670 AM EDT,$0.00
Ben Malgeri 2.5,MLB-PHRR-FG-000F9T8JI50AGVO-BERI000-GTE-P00025,Settled Early,08/01/26 02:37:56.843 AM EDT,$1.00
Ben Malgeri 5.5,MLB-PHRR-FG-000F9T8JI50AGVO-BERI000-GTE-P00055,Settled Early,08/01/26 02:37:57.063 AM EDT,$0.00
Ben Malgeri 7.5,MLB-PHRR-FG-000F9T8JI50AGVO-BERI000-GTE-P00075,Settled Early,08/01/26 02:37:57.266 AM EDT,$0.00
Ben Malgeri 4.5,MLB-PHRR-FG-000F9T8JI50AGVO-BERI000-GTE-P00045,Settled Early,08/01/26 02:37:57.464 AM EDT,$1.00
Ben Malgeri 3.5,MLB-PHRR-FG-000F9T8JI50AGVO-BERI000-GTE-P00035,Settled Early,08/01/26 02:37:57.698 AM EDT,$1.00
Isaac Paredes 1.5,MLB-PHRN-FG-000F9T8VI50AG40-ISES000-GTE-P00015,Settled Early,08/01/26 02:37:58.279 AM EDT,$0.00
Isaac Paredes 2.5,MLB-PHRN-FG-000F9T8VI50AG40-ISES000-GTE-P00025,Settled Early,08/01/26 02:37:58.469 AM EDT,$0.00
Isaac Paredes 0.5,MLB-PHRN-FG-000F9T8VI50AG40-ISES000-GTE-P00005,Settled Early,08/01/26 02:37:58.654 AM EDT,$1.00
Ryan Kreidler 3.5,MLB-PTBS-FG-000F839EI50D218-RYER005-GTE-P00035,Settled Early,08/01/26 02:38:06.802 AM EDT,$0.00
Ryan Kreidler 5.5,MLB-PTBS-FG-000F839EI50D218-RYER005-GTE-P00055,Settled Early,08/01/26 02:38:07.019 AM EDT,$0.00
Ryan Kreidler 6.5,MLB-PTBS-FG-000F839EI50D218-RYER005-GTE-P00065,Settled Early,08/01/26 02:38:07.227 AM EDT,$0.00
Ryan Kreidler 0.5,MLB-PTBS-FG-000F839EI50D218-RYER005-GTE-P00005,Settled Early,08/01/26 02:38:07.413 AM EDT,$0.00
Ryan Kreidler 2.5,MLB-PTBS-FG-000F839EI50D218-RYER005-GTE-P00025,Settled Early,08/01/26 02:38:07.582 AM EDT,$0.00
Ryan Kreidler 1.5,MLB-PTBS-FG-000F839EI50D218-RYER005-GTE-P00015,Settled Early,08/01/26 02:38:07.752 AM EDT,$0.00
Ryan Kreidler 7.5,MLB-PTBS-FG-000F839EI50D218-RYER005-GTE-P00075,Settled Early,08/01/26 02:38:07.933 AM EDT,$0.00
Ryan Kreidler 4.5,MLB-PTBS-FG-000F839EI50D218-RYER005-GTE-P00045,Settled Early,08/01/26 02:38:08.108 AM EDT,$0.00
Over 4.5,MLB-TRUNS-I6-000F9TBUI50AH6G-GTE-P00045,Settled Early,08/01/26 02:38:10.812 AM EDT,$0.00
Isaac Paredes 0.5,MLB-PHIT-FG-000F9T8VI50AG40-ISES000-GTE-P00005,Settled Early,08/01/26 02:38:10.964 AM EDT,$1.00
Over 2.5,MLB-TRUNS-I6-000F9TBUI50AH6G-GTE-P00025,Settled Early,08/01/26 02:38:10.987 AM EDT,$0.00
Isaac Paredes 3.5,MLB-PHIT-FG-000F9T8VI50AG40-ISES000-GTE-P00035,Settled Early,08/01/26 02:38:11.129 AM EDT,$0.00
Isaac Paredes 4.5,MLB-PHIT-FG-000F9T8VI50AG40-ISES000-GTE-P00045,Settled Early,08/01/26 02:38:11.314 AM EDT,$0.00
Over 0.5,MLB-TRUNS-I6-000F9TBUI50AH6G-GTE-P00005,Settled Early,08/01/26 02:38:11.370 AM EDT,$0.00
Isaac Paredes 1.5,MLB-PHIT-FG-000F9T8VI50AG40-ISES000-GTE-P00015,Settled Early,08/01/26 02:38:11.490 AM EDT,$1.00
Isaac Paredes 2.5,MLB-PHIT-FG-000F9T8VI50AG40-ISES000-GTE-P00025,Settled Early,08/01/26 02:38:11.707 AM EDT,$0.00
Over 3.5,MLB-TRUNS-I6-000F9TBUI50AH6G-GTE-P00035,Settled Early,08/01/26 02:38:11.708 AM EDT,$0.00
Ryan Kreidler 1.5,MLB-PHIT-FG-000F839EI50D218-RYER005-GTE-P00015,Settled Early,08/01/26 02:38:19.316 AM EDT,$0.00
Ryan Kreidler 3.5,MLB-PHIT-FG-000F839EI50D218-RYER005-GTE-P00035,Settled Early,08/01/26 02:38:19.524 AM EDT,$0.00
Ryan Kreidler 2.5,MLB-PHIT-FG-000F839EI50D218-RYER005-GTE-P00025,Settled Early,08/01/26 02:38:19.769 AM EDT,$0.00
Ryan Kreidler 0.5,MLB-PHIT-FG-000F839EI50D218-RYER005-GTE-P00005,Settled Early,08/01/26 02:38:20.092 AM EDT,$0.00
Ryan Kreidler 4.5,MLB-PHIT-FG-000F839EI50D218-RYER005-GTE-P00045,Settled Early,08/01/26 02:38:20.363 AM EDT,$0.00
Isaac Paredes 1.5,MLB-PRBI-FG-000F9T8VI50AG40-ISES000-GTE-P00015,Settled Early,08/01/26 02:38:26.418 AM EDT,$1.00
Isaac Paredes 0.5,MLB-PRBI-FG-000F9T8VI50AG40-ISES000-GTE-P00005,Settled Early,08/01/26 02:38:26.584 AM EDT,$1.00
Isaac Paredes 2.5,MLB-PRBI-FG-000F9T8VI50AG40-ISES000-GTE-P00025,Settled Early,08/01/26 02:38:26.764 AM EDT,$0.00
Isaac Paredes 4.5,MLB-PRBI-FG-000F9T8VI50AG40-ISES000-GTE-P00045,Settled Early,08/01/26 02:38:26.942 AM EDT,$0.00
Isaac Paredes 3.5,MLB-PRBI-FG-000F9T8VI50AG40-ISES000-GTE-P00035,Settled Early,08/01/26 02:38:27.112 AM EDT,$0.00
Ryan Kreidler 2.5,MLB-PHRR-FG-000F839EI50D218-RYER005-GTE-P00025,Settled Early,08/01/26 02:38:31.245 AM EDT,$0.00
Ryan Kreidler 3.5,MLB-PHRR-FG-000F839EI50D218-RYER005-GTE-P00035,Settled Early,08/01/26 02:38:31.411 AM EDT,$0.00
Ryan Kreidler 1.5,MLB-PHRR-FG-000F839EI50D218-RYER005-GTE-P00015,Settled Early,08/01/26 02:38:31.606 AM EDT,$0.00
Ryan Kreidler 0.5,MLB-PHRR-FG-000F839EI50D218-RYER005-GTE-P00005,Settled Early,08/01/26 02:38:31.796 AM EDT,$0.00
Ryan Kreidler 4.5,MLB-PHRR-FG-000F839EI50D218-RYER005-GTE-P00045,Settled Early,08/01/26 02:38:31.991 AM EDT,$0.00
Ryan Kreidler 5.5,MLB-PHRR-FG-000F839EI50D218-RYER005-GTE-P00055,Settled Early,08/01/26 02:38:32.213 AM EDT,$0.00
Ryan Kreidler 8.5,MLB-PHRR-FG-000F839EI50D218-RYER005-GTE-P00085,Settled Early,08/01/26 02:38:32.389 AM EDT,$0.00
Ryan Kreidler 6.5,MLB-PHRR-FG-000F839EI50D218-RYER005-GTE-P00065,Settled Early,08/01/26 02:38:32.583 AM EDT,$0.00
Ryan Kreidler 9.5,MLB-PHRR-FG-000F839EI50D218-RYER005-GTE-P00095,Settled Early,08/01/26 02:38:32.775 AM EDT,$0.00
Ryan Kreidler 7.5,MLB-PHRR-FG-000F839EI50D218-RYER005-GTE-P00075,Settled Early,08/01/26 02:38:32.991 AM EDT,$0.00
Over 0.5,MLB-TRUNS-I9-000F9T8JI50AGVO-GTE-P00005,Settled Early,08/01/26 02:38:38.083 AM EDT,$1.00
Over 3.5,MLB-TRUNS-I9-000F9T8JI50AGVO-GTE-P00035,Settled Early,08/01/26 02:38:38.363 AM EDT,$1.00
Over 1.5,MLB-TRUNS-I9-000F9T8JI50AGVO-GTE-P00015,Settled Early,08/01/26 02:38:38.605 AM EDT,$1.00
Over 4.5,MLB-TRUNS-I9-000F9T8JI50AGVO-GTE-P00045,Settled Early,08/01/26 02:38:38.866 AM EDT,$0.00
Over 2.5,MLB-TRUNS-I9-000F9T8JI50AGVO-GTE-P00025,Settled Early,08/01/26 02:38:39.059 AM EDT,$1.00
Ryan Kreidler 1.5,MLB-PHRN-FG-000F839EI50D218-RYER005-GTE-P00015,Settled Early,08/01/26 02:38:41.554 AM EDT,$0.00
Ryan Kreidler 2.5,MLB-PHRN-FG-000F839EI50D218-RYER005-GTE-P00025,Settled Early,08/01/26 02:38:41.721 AM EDT,$0.00
Ryan Kreidler 0.5,MLB-PHRN-FG-000F839EI50D218-RYER005-GTE-P00005,Settled Early,08/01/26 02:38:41.924 AM EDT,$0.00
Taylor Trammell 5.5,MLB-PHRR-FG-000F9T8VI50AG40-TALL000-GTE-P00055,Settled Early,08/01/26 02:38:53.437 AM EDT,$0.00
Taylor Trammell 6.5,MLB-PHRR-FG-000F9T8VI50AG40-TALL000-GTE-P00065,Settled Early,08/01/26 02:38:53.738 AM EDT,$0.00
Taylor Trammell 7.5,MLB-PHRR-FG-000F9T8VI50AG40-TALL000-GTE-P00075,Settled Early,08/01/26 02:38:53.957 AM EDT,$0.00
Taylor Trammell 8.5,MLB-PHRR-FG-000F9T8VI50AG40-TALL000-GTE-P00085,Settled Early,08/01/26 02:38:54.168 AM EDT,$0.00
Taylor Trammell 9.5,MLB-PHRR-FG-000F9T8VI50AG40-TALL000-GTE-P00095,Settled Early,08/01/26 02:38:54.378 AM EDT,$0.00
Taylor Trammell 1.5,MLB-PHRR-FG-000F9T8VI50AG40-TALL000-GTE-P00015,Settled Early,08/01/26 02:38:54.606 AM EDT,$1.00
Over 1.5,MLB-TRUNS-I8-000F9TBUI50AH6G-GTE-P00015,Settled Early,08/01/26 02:38:54.738 AM EDT,$0.00
Taylor Trammell 2.5,MLB-PHRR-FG-000F9T8VI50AG40-TALL000-GTE-P00025,Settled Early,08/01/26 02:38:54.817 AM EDT,$0.00
Taylor Trammell 4.5,MLB-PHRR-FG-000F9T8VI50AG40-TALL000-GTE-P00045,Settled Early,08/01/26 02:38:55.007 AM EDT,$0.00
Over 0.5,MLB-TRUNS-I8-000F9TBUI50AH6G-GTE-P00005,Settled Early,08/01/26 02:38:55.020 AM EDT,$0.00
Taylor Trammell 3.5,MLB-PHRR-FG-000F9T8VI50AG40-TALL000-GTE-P00035,Settled Early,08/01/26 02:38:55.225 AM EDT,$0.00
Over 3.5,MLB-TRUNS-I8-000F9TBUI50AH6G-GTE-P00035,Settled Early,08/01/26 02:38:55.365 AM EDT,$0.00
Taylor Trammell 0.5,MLB-PHRR-FG-000F9T8VI50AG40-TALL000-GTE-P00005,Settled Early,08/01/26 02:38:55.447 AM EDT,$1.00
Over 4.5,MLB-TRUNS-I8-000F9TBUI50AH6G-GTE-P00045,Settled Early,08/01/26 02:38:55.629 AM EDT,$0.00
Over 2.5,MLB-TRUNS-I8-000F9TBUI50AH6G-GTE-P00025,Settled Early,08/01/26 02:38:55.820 AM EDT,$0.00
Josh Bell 2.5,MLB-PTBS-FG-000F839EI50D218-JOLL002-GTE-P00025,Settled Early,08/01/26 02:39:02.660 AM EDT,$0.00
Josh Bell 0.5,MLB-PTBS-FG-000F839EI50D218-JOLL002-GTE-P00005,Settled Early,08/01/26 02:39:02.847 AM EDT,$1.00
Josh Bell 5.5,MLB-PTBS-FG-000F839EI50D218-JOLL002-GTE-P00055,Settled Early,08/01/26 02:39:03.042 AM EDT,$0.00
Josh Bell 3.5,MLB-PTBS-FG-000F839EI50D218-JOLL002-GTE-P00035,Settled Early,08/01/26 02:39:03.230 AM EDT,$0.00
Josh Bell 1.5,MLB-PTBS-FG-000F839EI50D218-JOLL002-GTE-P00015,Settled Early,08/01/26 02:39:03.419 AM EDT,$0.00
Josh Bell 7.5,MLB-PTBS-FG-000F839EI50D218-JOLL002-GTE-P00075,Settled Early,08/01/26 02:39:03.587 AM EDT,$0.00
Josh Bell 6.5,MLB-PTBS-FG-000F839EI50D218-JOLL002-GTE-P00065,Settled Early,08/01/26 02:39:03.798 AM EDT,$0.00
Josh Bell 4.5,MLB-PTBS-FG-000F839EI50D218-JOLL002-GTE-P00045,Settled Early,08/01/26 02:39:03.965 AM EDT,$0.00
Taylor Trammell 4.5,MLB-PTBS-FG-000F9T8VI50AG40-TALL000-GTE-P00045,Settled Early,08/01/26 02:39:11.400 AM EDT,$0.00
Taylor Trammell 6.5,MLB-PTBS-FG-000F9T8VI50AG40-TALL000-GTE-P00065,Settled Early,08/01/26 02:39:11.597 AM EDT,$0.00
Taylor Trammell 7.5,MLB-PTBS-FG-000F9T8VI50AG40-TALL000-GTE-P00075,Settled Early,08/01/26 02:39:11.807 AM EDT,$0.00
Taylor Trammell 5.5,MLB-PTBS-FG-000F9T8VI50AG40-TALL000-GTE-P00055,Settled Early,08/01/26 02:39:11.974 AM EDT,$0.00
Taylor Trammell 1.5,MLB-PTBS-FG-000F9T8VI50AG40-TALL000-GTE-P00015,Settled Early,08/01/26 02:39:12.161 AM EDT,$1.00
Josh Bell 1.5,MLB-PHIT-FG-000F839EI50D218-JOLL002-GTE-P00015,Settled Early,08/01/26 02:39:12.202 AM EDT,$0.00
Taylor Trammell 3.5,MLB-PTBS-FG-000F9T8VI50AG40-TALL000-GTE-P00035,Settled Early,08/01/26 02:39:12.372 AM EDT,$0.00
Josh Bell 4.5,MLB-PHIT-FG-000F839EI50D218-JOLL002-GTE-P00045,Settled Early,08/01/26 02:39:12.402 AM EDT,$0.00
Taylor Trammell 0.5,MLB-PTBS-FG-000F9T8VI50AG40-TALL000-GTE-P00005,Settled Early,08/01/26 02:39:12.604 AM EDT,$1.00
Josh Bell 2.5,MLB-PHIT-FG-000F839EI50D218-JOLL002-GTE-P00025,Settled Early,08/01/26 02:39:12.604 AM EDT,$0.00
Taylor Trammell 2.5,MLB-PTBS-FG-000F9T8VI50AG40-TALL000-GTE-P00025,Settled Early,08/01/26 02:39:12.794 AM EDT,$0.00
Josh Bell 3.5,MLB-PHIT-FG-000F839EI50D218-JOLL002-GTE-P00035,Settled Early,08/01/26 02:39:12.817 AM EDT,$0.00
Josh Bell 0.5,MLB-PHIT-FG-000F839EI50D218-JOLL002-GTE-P00005,Settled Early,08/01/26 02:39:13.012 AM EDT,$1.00
Spencer Torkelson 0.5,MLB-PHRR-FG-000F9T8JI50AGVO-SPON000-GTE-P00005,Settled Early,08/01/26 02:39:22.520 AM EDT,$1.00
Spencer Torkelson 9.5,MLB-PHRR-FG-000F9T8JI50AGVO-SPON000-GTE-P00095,Settled Early,08/01/26 02:39:22.711 AM EDT,$0.00
Spencer Torkelson 2.5,MLB-PHRR-FG-000F9T8JI50AGVO-SPON000-GTE-P00025,Settled Early,08/01/26 02:39:22.928 AM EDT,$1.00
Spencer Torkelson 8.5,MLB-PHRR-FG-000F9T8JI50AGVO-SPON000-GTE-P00085,Settled Early,08/01/26 02:39:23.157 AM EDT,$0.00
Spencer Torkelson 3.5,MLB-PHRR-FG-000F9T8JI50AGVO-SPON000-GTE-P00035,Settled Early,08/01/26 02:39:23.371 AM EDT,$1.00
Spencer Torkelson 6.5,MLB-PHRR-FG-000F9T8JI50AGVO-SPON000-GTE-P00065,Settled Early,08/01/26 02:39:23.623 AM EDT,$0.00
Spencer Torkelson 7.5,MLB-PHRR-FG-000F9T8JI50AGVO-SPON000-GTE-P00075,Settled Early,08/01/26 02:39:23.791 AM EDT,$0.00
Spencer Torkelson 5.5,MLB-PHRR-FG-000F9T8JI50AGVO-SPON000-GTE-P00055,Settled Early,08/01/26 02:39:23.957 AM EDT,$1.00
Spencer Torkelson 1.5,MLB-PHRR-FG-000F9T8JI50AGVO-SPON000-GTE-P00015,Settled Early,08/01/26 02:39:24.221 AM EDT,$1.00
Spencer Torkelson 4.5,MLB-PHRR-FG-000F9T8JI50AGVO-SPON000-GTE-P00045,Settled Early,08/01/26 02:39:24.442 AM EDT,$1.00
BOS Red Sox -0.5,MLB-MOVY-IT5-000F9TBUI50AH6G-BOOX000-GTE-P00005,Settled Early,08/01/26 02:39:41.257 AM EDT,$0.00
BOS Red Sox -1.5,MLB-MOVY-IT5-000F9TBUI50AH6G-BOOX000-GTE-P00015,Settled Early,08/01/26 02:39:41.520 AM EDT,$0.00
BOS Red Sox -2.5,MLB-MOVY-IT5-000F9TBUI50AH6G-BOOX000-GTE-P00025,Settled Early,08/01/26 02:39:41.762 AM EDT,$0.00
BOS Red Sox -4.5,MLB-MOVY-IT5-000F9TBUI50AH6G-BOOX000-GTE-P00045,Settled Early,08/01/26 02:39:42.031 AM EDT,$0.00
LA Dodgers -1.5,MLB-MOVY-IT5-000F9TBUI50AH6G-LARS000-GTE-P00015,Settled Early,08/01/26 02:39:42.204 AM EDT,$0.00
LA Dodgers -0.5,MLB-MOVY-IT5-000F9TBUI50AH6G-LARS000-GTE-P00005,Settled Early,08/01/26 02:39:42.422 AM EDT,$1.00
LA Dodgers -2.5,MLB-MOVY-IT5-000F9TBUI50AH6G-LARS000-GTE-P00025,Settled Early,08/01/26 02:39:42.750 AM EDT,$0.00
LA Dodgers -3.5,MLB-MOVY-IT5-000F9TBUI50AH6G-LARS000-GTE-P00035,Settled Early,08/01/26 02:39:42.942 AM EDT,$0.00
LA Dodgers -4.5,MLB-MOVY-IT5-000F9TBUI50AH6G-LARS000-GTE-P00045,Settled Early,08/01/26 02:39:43.128 AM EDT,$0.00
BOS Red Sox -3.5,MLB-MOVY-IT5-000F9TBUI50AH6G-BOOX000-GTE-P00035,Settled Early,08/01/26 02:39:43.298 AM EDT,$0.00
Taylor Trammell 4.5,MLB-PRBI-FG-000F9T8VI50AG40-TALL000-GTE-P00045,Settled Early,08/01/26 02:39:49.602 AM EDT,$0.00
Taylor Trammell 0.5,MLB-PRBI-FG-000F9T8VI50AG40-TALL000-GTE-P00005,Settled Early,08/01/26 02:39:49.793 AM EDT,$0.00
Taylor Trammell 2.5,MLB-PRBI-FG-000F9T8VI50AG40-TALL000-GTE-P00025,Settled Early,08/01/26 02:39:49.964 AM EDT,$0.00
Taylor Trammell 3.5,MLB-PRBI-FG-000F9T8VI50AG40-TALL000-GTE-P00035,Settled Early,08/01/26 02:39:50.158 AM EDT,$0.00
Taylor Trammell 1.5,MLB-PRBI-FG-000F9T8VI50AG40-TALL000-GTE-P00015,Settled Early,08/01/26 02:39:50.355 AM EDT,$0.00
LA Dodgers,MLB-WIN-IT5-000F9TBUI50AH6G-LARS000,Settled Early,08/01/26 02:39:59.946 AM EDT,$1.00
BOS Red Sox,MLB-WIN-IT5-000F9TBUI50AH6G-BOOX000,Settled Early,08/01/26 02:40:00.390 AM EDT,$0.00
Taylor Trammell 0.5,MLB-PHIT-FG-000F9T8VI50AG40-TALL000-GTE-P00005,Settled Early,08/01/26 02:40:06.462 AM EDT,$1.00
Taylor Trammell 2.5,MLB-PHIT-FG-000F9T8VI50AG40-TALL000-GTE-P00025,Settled Early,08/01/26 02:40:06.637 AM EDT,$0.00
Taylor Trammell 3.5,MLB-PHIT-FG-000F9T8VI50AG40-TALL000-GTE-P00035,Settled Early,08/01/26 02:40:06.827 AM EDT,$0.00
Taylor Trammell 4.5,MLB-PHIT-FG-000F9T8VI50AG40-TALL000-GTE-P00045,Settled Early,08/01/26 02:40:06.991 AM EDT,$0.00
Taylor Trammell 1.5,MLB-PHIT-FG-000F9T8VI50AG40-TALL000-GTE-P00015,Settled Early,08/01/26 02:40:07.159 AM EDT,$0.00
DET Tigers,MLB-WIN-IT5-000F9T8JI50AGVO-DERS000,Settled Early,08/01/26 02:40:14.665 AM EDT,$1.00
Athletics,MLB-WIN-IT5-000F9T8JI50AGVO-ATCS000,Settled Early,08/01/26 02:40:15.197 AM EDT,$0.00
Taylor Trammell 2.5,MLB-PHRN-FG-000F9T8VI50AG40-TALL000-GTE-P00025,Settled Early,08/01/26 02:40:18.921 AM EDT,$0.00
Taylor Trammell 1.5,MLB-PHRN-FG-000F9T8VI50AG40-TALL000-GTE-P00015,Settled Early,08/01/26 02:40:19.122 AM EDT,$0.00
Taylor Trammell 0.5,MLB-PHRN-FG-000F9T8VI50AG40-TALL000-GTE-P00005,Settled Early,08/01/26 02:40:19.335 AM EDT,$0.00
COL Rockies -0.5,MLB-MOVY-IT5-000F9TFPI50AH4O-COES000-GTE-P00005,Settled Early,08/01/26 02:40:37.176 AM EDT,$1.00
COL Rockies -1.5,MLB-MOVY-IT5-000F9TFPI50AH4O-COES000-GTE-P00015,Settled Early,08/01/26 02:40:37.416 AM EDT,$1.00
KC Royals -2.5,MLB-MOVY-IT5-000F9TFPI50AH4O-KCLS000-GTE-P00025,Settled Early,08/01/26 02:40:37.720 AM EDT,$0.00
KC Royals -4.5,MLB-MOVY-IT5-000F9TFPI50AH4O-KCLS000-GTE-P00045,Settled Early,08/01/26 02:40:37.924 AM EDT,$0.00
KC Royals -3.5,MLB-MOVY-IT5-000F9TFPI50AH4O-KCLS000-GTE-P00035,Settled Early,08/01/26 02:40:38.110 AM EDT,$0.00
KC Royals -1.5,MLB-MOVY-IT5-000F9TFPI50AH4O-KCLS000-GTE-P00015,Settled Early,08/01/26 02:40:38.342 AM EDT,$0.00
COL Rockies -4.5,MLB-MOVY-IT5-000F9TFPI50AH4O-COES000-GTE-P00045,Settled Early,08/01/26 02:40:38.533 AM EDT,$0.00
KC Royals -0.5,MLB-MOVY-IT5-000F9TFPI50AH4O-KCLS000-GTE-P00005,Settled Early,08/01/26 02:40:38.729 AM EDT,$0.00
COL Rockies -2.5,MLB-MOVY-IT5-000F9TFPI50AH4O-COES000-GTE-P00025,Settled Early,08/01/26 02:40:38.966 AM EDT,$1.00
COL Rockies -3.5,MLB-MOVY-IT5-000F9TFPI50AH4O-COES000-GTE-P00035,Settled Early,08/01/26 02:40:39.184 AM EDT,$0.00
HOU Astros -2.5,MLB-MOVY-IT5-000F9T8VI50AG40-HOOS000-GTE-P00025,Settled Early,08/01/26 02:40:53.211 AM EDT,$1.00
HOU Astros -3.5,MLB-MOVY-IT5-000F9T8VI50AG40-HOOS000-GTE-P00035,Settled Early,08/01/26 02:40:53.402 AM EDT,$1.00
HOU Astros -4.5,MLB-MOVY-IT5-000F9T8VI50AG40-HOOS000-GTE-P00045,Settled Early,08/01/26 02:40:53.617 AM EDT,$1.00
TEX Rangers -0.5,MLB-MOVY-IT5-000F9T8VI50AG40-TERS000-GTE-P00005,Settled Early,08/01/26 02:40:53.816 AM EDT,$0.00
TEX Rangers -2.5,MLB-MOVY-IT5-000F9T8VI50AG40-TERS000-GTE-P00025,Settled Early,08/01/26 02:40:54.052 AM EDT,$0.00
TEX Rangers -4.5,MLB-MOVY-IT5-000F9T8VI50AG40-TERS000-GTE-P00045,Settled Early,08/01/26 02:40:54.247 AM EDT,$0.00
HOU Astros -1.5,MLB-MOVY-IT5-000F9T8VI50AG40-HOOS000-GTE-P00015,Settled Early,08/01/26 02:40:54.417 AM EDT,$1.00
HOU Astros -0.5,MLB-MOVY-IT5-000F9T8VI50AG40-HOOS000-GTE-P00005,Settled Early,08/01/26 02:40:54.621 AM EDT,$1.00
TEX Rangers -1.5,MLB-MOVY-IT5-000F9T8VI50AG40-TERS000-GTE-P00015,Settled Early,08/01/26 02:40:54.937 AM EDT,$0.00
TEX Rangers -3.5,MLB-MOVY-IT5-000F9T8VI50AG40-TERS000-GTE-P00035,Settled Early,08/01/26 02:40:55.125 AM EDT,$0.00
Over 2.5,MLB-TRUNS-I5-000F9TBUI50AH6G-GTE-P00025,Settled Early,08/01/26 02:41:01.758 AM EDT,$1.00
Over 0.5,MLB-TRUNS-I5-000F9TBUI50AH6G-GTE-P00005,Settled Early,08/01/26 02:41:01.986 AM EDT,$1.00
Over 1.5,MLB-TRUNS-I5-000F9TBUI50AH6G-GTE-P00015,Settled Early,08/01/26 02:41:02.213 AM EDT,$1.00
Over 3.5,MLB-TRUNS-I5-000F9TBUI50AH6G-GTE-P00035,Settled Early,08/01/26 02:41:02.486 AM EDT,$0.00
Over 4.5,MLB-TRUNS-I5-000F9TBUI50AH6G-GTE-P00045,Settled Early,08/01/26 02:41:02.682 AM EDT,$0.00
Over 1.5,MLB-TRUNS-I6-000F9T8VI50AG40-GTE-P00015,Settled Early,08/01/26 02:41:08.846 AM EDT,$1.00
Over 4.5,MLB-TRUNS-I6-000F9T8VI50AG40-GTE-P00045,Settled Early,08/01/26 02:41:09.047 AM EDT,$0.00
Over 3.5,MLB-TRUNS-I6-000F9T8VI50AG40-GTE-P00035,Settled Early,08/01/26 02:41:09.243 AM EDT,$0.00
Over 2.5,MLB-TRUNS-I6-000F9T8VI50AG40-GTE-P00025,Settled Early,08/01/26 02:41:09.425 AM EDT,$0.00
Over 0.5,MLB-TRUNS-I6-000F9T8VI50AG40-GTE-P00005,Settled Early,08/01/26 02:41:09.618 AM EDT,$1.00
Over 0.5,MLB-TRUNS-I7-000F9T8VI50AG40-GTE-P00005,Settled Early,08/01/26 02:41:19.739 AM EDT,$1.00
Over 1.5,MLB-TRUNS-I7-000F9T8VI50AG40-GTE-P00015,Settled Early,08/01/26 02:41:20.000 AM EDT,$1.00
Over 4.5,MLB-TRUNS-I7-000F9T8VI50AG40-GTE-P00045,Settled Early,08/01/26 02:41:20.173 AM EDT,$0.00
Over 2.5,MLB-TRUNS-I7-000F9T8VI50AG40-GTE-P00025,Settled Early,08/01/26 02:41:20.376 AM EDT,$1.00
Over 3.5,MLB-TRUNS-I7-000F9T8VI50AG40-GTE-P00035,Settled Early,08/01/26 02:41:20.589 AM EDT,$1.00
Over 3.5,MLB-TRUNS-I8-000F9T8VI50AG40-GTE-P00035,Settled Early,08/01/26 02:41:33.427 AM EDT,$0.00
Over 0.5,MLB-TRUNS-I8-000F9T8VI50AG40-GTE-P00005,Settled Early,08/01/26 02:41:33.664 AM EDT,$1.00
Over 4.5,MLB-TRUNS-I8-000F9T8VI50AG40-GTE-P00045,Settled Early,08/01/26 02:41:33.888 AM EDT,$0.00
Over 1.5,MLB-TRUNS-I8-000F9T8VI50AG40-GTE-P00015,Settled Early,08/01/26 02:41:34.094 AM EDT,$0.00
Over 2.5,MLB-TRUNS-I8-000F9T8VI50AG40-GTE-P00025,Settled Early,08/01/26 02:41:34.329 AM EDT,$0.00
Over 1.5,MLB-TRUNS-I9-000F9T8VI50AG40-GTE-P00015,Settled Early,08/01/26 02:41:46.916 AM EDT,$0.00
Over 4.5,MLB-TRUNS-I9-000F9T8VI50AG40-GTE-P00045,Settled Early,08/01/26 02:41:47.110 AM EDT,$0.00
Over 2.5,MLB-TRUNS-I9-000F9T8VI50AG40-GTE-P00025,Settled Early,08/01/26 02:41:47.301 AM EDT,$0.00
Over 0.5,MLB-TRUNS-I9-000F9T8VI50AG40-GTE-P00005,Settled Early,08/01/26 02:41:47.472 AM EDT,$0.00
Over 3.5,MLB-TRUNS-I9-000F9T8VI50AG40-GTE-P00035,Settled Early,08/01/26 02:41:47.735 AM EDT,$0.00
LaMonte Wade Jr. 0.5,MLB-PHRR-FG-000F9T8VI50AG40-LAJR000-GTE-P00005,Settled Early,08/01/26 02:42:06.178 AM EDT,$1.00
LaMonte Wade Jr. 3.5,MLB-PHRR-FG-000F9T8VI50AG40-LAJR000-GTE-P00035,Settled Early,08/01/26 02:42:06.397 AM EDT,$0.00
LaMonte Wade Jr. 5.5,MLB-PHRR-FG-000F9T8VI50AG40-LAJR000-GTE-P00055,Settled Early,08/01/26 02:42:06.599 AM EDT,$0.00
LaMonte Wade Jr. 4.5,MLB-PHRR-FG-000F9T8VI50AG40-LAJR000-GTE-P00045,Settled Early,08/01/26 02:42:06.818 AM EDT,$0.00
LaMonte Wade Jr. 9.5,MLB-PHRR-FG-000F9T8VI50AG40-LAJR000-GTE-P00095,Settled Early,08/01/26 02:42:07.012 AM EDT,$0.00
LaMonte Wade Jr. 2.5,MLB-PHRR-FG-000F9T8VI50AG40-LAJR000-GTE-P00025,Settled Early,08/01/26 02:42:07.181 AM EDT,$1.00
LaMonte Wade Jr. 7.5,MLB-PHRR-FG-000F9T8VI50AG40-LAJR000-GTE-P00075,Settled Early,08/01/26 02:42:07.356 AM EDT,$0.00
LaMonte Wade Jr. 6.5,MLB-PHRR-FG-000F9T8VI50AG40-LAJR000-GTE-P00065,Settled Early,08/01/26 02:42:07.556 AM EDT,$0.00
LaMonte Wade Jr. 1.5,MLB-PHRR-FG-000F9T8VI50AG40-LAJR000-GTE-P00015,Settled Early,08/01/26 02:42:07.722 AM EDT,$1.00
LaMonte Wade Jr. 8.5,MLB-PHRR-FG-000F9T8VI50AG40-LAJR000-GTE-P00085,Settled Early,08/01/26 02:42:07.899 AM EDT,$0.00
HOU Astros,MLB-WIN-IT5-000F9T8VI50AG40-HOOS000,Settled Early,08/01/26 02:42:22.473 AM EDT,$1.00
TEX Rangers,MLB-WIN-IT5-000F9T8VI50AG40-TERS000,Settled Early,08/01/26 02:42:22.860 AM EDT,$0.00
Hunter Brown 3.5,MLB-PKS-FG-000F9T8VI50AG40-HUWN000-GTE-P00035,Settled Early,08/01/26 02:42:52.170 AM EDT,$1.00
Hunter Brown 4.5,MLB-PKS-FG-000F9T8VI50AG40-HUWN000-GTE-P00045,Settled Early,08/01/26 02:42:52.367 AM EDT,$1.00
Hunter Brown 1.5,MLB-PKS-FG-000F9T8VI50AG40-HUWN000-GTE-P00015,Settled Early,08/01/26 02:42:52.594 AM EDT,$1.00
Hunter Brown 6.5,MLB-PKS-FG-000F9T8VI50AG40-HUWN000-GTE-P00065,Settled Early,08/01/26 02:42:52.786 AM EDT,$0.00
Hunter Brown 7.5,MLB-PKS-FG-000F9T8VI50AG40-HUWN000-GTE-P00075,Settled Early,08/01/26 02:42:52.971 AM EDT,$0.00
Hunter Brown 2.5,MLB-PKS-FG-000F9T8VI50AG40-HUWN000-GTE-P00025,Settled Early,08/01/26 02:42:53.158 AM EDT,$1.00
Hunter Brown 8.5,MLB-PKS-FG-000F9T8VI50AG40-HUWN000-GTE-P00085,Settled Early,08/01/26 02:42:53.362 AM EDT,$0.00
Hunter Brown 5.5,MLB-PKS-FG-000F9T8VI50AG40-HUWN000-GTE-P00055,Settled Early,08/01/26 02:42:53.540 AM EDT,$0.00
Hunter Brown 10.5,MLB-PKS-FG-000F9T8VI50AG40-HUWN000-GTE-P00105,Settled Early,08/01/26 02:42:53.728 AM EDT,$0.00
Hunter Brown 9.5,MLB-PKS-FG-000F9T8VI50AG40-HUWN000-GTE-P00095,Settled Early,08/01/26 02:42:53.924 AM EDT,$0.00
Hunter Brown 13.5,MLB-PKS-FG-000F9T8VI50AG40-HUWN000-GTE-P00135,Settled Early,08/01/26 02:42:54.122 AM EDT,$0.00
Hunter Brown 11.5,MLB-PKS-FG-000F9T8VI50AG40-HUWN000-GTE-P00115,Settled Early,08/01/26 02:42:54.320 AM EDT,$0.00
Hunter Brown 12.5,MLB-PKS-FG-000F9T8VI50AG40-HUWN000-GTE-P00125,Settled Early,08/01/26 02:42:54.488 AM EDT,$0.00
Josh Bell 4.5,MLB-PRBI-FG-000F839EI50D218-JOLL002-GTE-P00045,Settled Early,08/01/26 02:42:56.456 AM EDT,$0.00
Josh Bell 3.5,MLB-PRBI-FG-000F839EI50D218-JOLL002-GTE-P00035,Settled Early,08/01/26 02:42:56.623 AM EDT,$0.00
Josh Bell 0.5,MLB-PRBI-FG-000F839EI50D218-JOLL002-GTE-P00005,Settled Early,08/01/26 02:42:56.789 AM EDT,$0.00
Josh Bell 2.5,MLB-PRBI-FG-000F839EI50D218-JOLL002-GTE-P00025,Settled Early,08/01/26 02:42:56.957 AM EDT,$0.00
Josh Bell 1.5,MLB-PRBI-FG-000F839EI50D218-JOLL002-GTE-P00015,Settled Early,08/01/26 02:42:57.124 AM EDT,$0.00
Nathan Eovaldi 2.5,MLB-PKS-FG-000F9T8VI50AG40-NADI000-GTE-P00025,Settled Early,08/01/26 02:43:06.622 AM EDT,$1.00
Nathan Eovaldi 3.5,MLB-PKS-FG-000F9T8VI50AG40-NADI000-GTE-P00035,Settled Early,08/01/26 02:43:06.813 AM EDT,$1.00
Nathan Eovaldi 1.5,MLB-PKS-FG-000F9T8VI50AG40-NADI000-GTE-P00015,Settled Early,08/01/26 02:43:07.008 AM EDT,$1.00
Nathan Eovaldi 5.5,MLB-PKS-FG-000F9T8VI50AG40-NADI000-GTE-P00055,Settled Early,08/01/26 02:43:07.177 AM EDT,$0.00
Nathan Eovaldi 7.5,MLB-PKS-FG-000F9T8VI50AG40-NADI000-GTE-P00075,Settled Early,08/01/26 02:43:07.349 AM EDT,$0.00
Nathan Eovaldi 4.5,MLB-PKS-FG-000F9T8VI50AG40-NADI000-GTE-P00045,Settled Early,08/01/26 02:43:07.526 AM EDT,$1.00
Nathan Eovaldi 6.5,MLB-PKS-FG-000F9T8VI50AG40-NADI000-GTE-P00065,Settled Early,08/01/26 02:43:07.701 AM EDT,$0.00
Nathan Eovaldi 13.5,MLB-PKS-FG-000F9T8VI50AG40-NADI000-GTE-P00135,Settled Early,08/01/26 02:43:07.877 AM EDT,$0.00
Nathan Eovaldi 8.5,MLB-PKS-FG-000F9T8VI50AG40-NADI000-GTE-P00085,Settled Early,08/01/26 02:43:08.047 AM EDT,$0.00
Nathan Eovaldi 10.5,MLB-PKS-FG-000F9T8VI50AG40-NADI000-GTE-P00105,Settled Early,08/01/26 02:43:08.231 AM EDT,$0.00
Nathan Eovaldi 11.5,MLB-PKS-FG-000F9T8VI50AG40-NADI000-GTE-P00115,Settled Early,08/01/26 02:43:08.420 AM EDT,$0.00
Nathan Eovaldi 9.5,MLB-PKS-FG-000F9T8VI50AG40-NADI000-GTE-P00095,Settled Early,08/01/26 02:43:08.592 AM EDT,$0.00
Nathan Eovaldi 12.5,MLB-PKS-FG-000F9T8VI50AG40-NADI000-GTE-P00125,Settled Early,08/01/26 02:43:08.781 AM EDT,$0.00
Josh Bell 0.5,MLB-PHRN-FG-000F839EI50D218-JOLL002-GTE-P00005,Settled Early,08/01/26 02:43:09.022 AM EDT,$0.00
Josh Bell 2.5,MLB-PHRN-FG-000F839EI50D218-JOLL002-GTE-P00025,Settled Early,08/01/26 02:43:09.184 AM EDT,$0.00
Josh Bell 1.5,MLB-PHRN-FG-000F839EI50D218-JOLL002-GTE-P00015,Settled Early,08/01/26 02:43:09.371 AM EDT,$0.00
Trevor Larnach 0.5,MLB-PHIT-FG-000F839EI50D218-TRCH000-GTE-P00005,Settled Early,08/01/26 02:43:32.538 AM EDT,$0.00
Trevor Larnach 4.5,MLB-PHIT-FG-000F839EI50D218-TRCH000-GTE-P00045,Settled Early,08/01/26 02:43:32.745 AM EDT,$0.00
Trevor Larnach 2.5,MLB-PHIT-FG-000F839EI50D218-TRCH000-GTE-P00025,Settled Early,08/01/26 02:43:32.927 AM EDT,$0.00
Trevor Larnach 1.5,MLB-PHIT-FG-000F839EI50D218-TRCH000-GTE-P00015,Settled Early,08/01/26 02:43:33.154 AM EDT,$0.00
Trevor Larnach 3.5,MLB-PHIT-FG-000F839EI50D218-TRCH000-GTE-P00035,Settled Early,08/01/26 02:43:33.368 AM EDT,$0.00
Trevor Larnach 4.5,MLB-PTBS-FG-000F839EI50D218-TRCH000-GTE-P00045,Settled Early,08/01/26 02:43:42.020 AM EDT,$0.00
Trevor Larnach 5.5,MLB-PTBS-FG-000F839EI50D218-TRCH000-GTE-P00055,Settled Early,08/01/26 02:43:42.219 AM EDT,$0.00
Trevor Larnach 2.5,MLB-PTBS-FG-000F839EI50D218-TRCH000-GTE-P00025,Settled Early,08/01/26 02:43:42.393 AM EDT,$0.00
Trevor Larnach 6.5,MLB-PTBS-FG-000F839EI50D218-TRCH000-GTE-P00065,Settled Early,08/01/26 02:43:42.602 AM EDT,$0.00
Trevor Larnach 7.5,MLB-PTBS-FG-000F839EI50D218-TRCH000-GTE-P00075,Settled Early,08/01/26 02:43:42.768 AM EDT,$0.00
Trevor Larnach 0.5,MLB-PTBS-FG-000F839EI50D218-TRCH000-GTE-P00005,Settled Early,08/01/26 02:43:42.978 AM EDT,$0.00
Trevor Larnach 1.5,MLB-PTBS-FG-000F839EI50D218-TRCH000-GTE-P00015,Settled Early,08/01/26 02:43:43.169 AM EDT,$0.00
Trevor Larnach 3.5,MLB-PTBS-FG-000F839EI50D218-TRCH000-GTE-P00035,Settled Early,08/01/26 02:43:43.357 AM EDT,$0.00
Over 2.5,MLB-TRUNS-I3-000F9TBUI50AH6G-GTE-P00025,Settled Early,08/01/26 02:43:50.234 AM EDT,$0.00
Over 1.5,MLB-TRUNS-I3-000F9TBUI50AH6G-GTE-P00015,Settled Early,08/01/26 02:43:50.488 AM EDT,$1.00
Over 0.5,MLB-TRUNS-I3-000F9TBUI50AH6G-GTE-P00005,Settled Early,08/01/26 02:43:50.694 AM EDT,$1.00
Over 4.5,MLB-TRUNS-I3-000F9TBUI50AH6G-GTE-P00045,Settled Early,08/01/26 02:43:50.956 AM EDT,$0.00
Over 3.5,MLB-TRUNS-I3-000F9TBUI50AH6G-GTE-P00035,Settled Early,08/01/26 02:43:51.196 AM EDT,$0.00
Trevor Larnach 2.5,MLB-PHRN-FG-000F839EI50D218-TRCH000-GTE-P00025,Settled Early,08/01/26 02:43:53.239 AM EDT,$0.00
Trevor Larnach 0.5,MLB-PHRN-FG-000F839EI50D218-TRCH000-GTE-P00005,Settled Early,08/01/26 02:43:53.436 AM EDT,$0.00
Trevor Larnach 1.5,MLB-PHRN-FG-000F839EI50D218-TRCH000-GTE-P00015,Settled Early,08/01/26 02:43:53.607 AM EDT,$0.00
MIL Brewers -0.5,MLB-MOVY-IT5-000F9TAII50AG9O-MIRS000-GTE-P00005,Settled Early,08/01/26 02:44:15.603 AM EDT,$1.00
MIL Brewers -2.5,MLB-MOVY-IT5-000F9TAII50AG9O-MIRS000-GTE-P00025,Settled Early,08/01/26 02:44:16.016 AM EDT,$1.00
LA Angels -3.5,MLB-MOVY-IT5-000F9TAII50AG9O-LALS000-GTE-P00035,Settled Early,08/01/26 02:44:16.196 AM EDT,$0.00
LA Angels -4.5,MLB-MOVY-IT5-000F9TAII50AG9O-LALS000-GTE-P00045,Settled Early,08/01/26 02:44:16.390 AM EDT,$0.00
LA Angels -2.5,MLB-MOVY-IT5-000F9TAII50AG9O-LALS000-GTE-P00025,Settled Early,08/01/26 02:44:16.588 AM EDT,$0.00
MIL Brewers -4.5,MLB-MOVY-IT5-000F9TAII50AG9O-MIRS000-GTE-P00045,Settled Early,08/01/26 02:44:16.786 AM EDT,$0.00
LA Angels -0.5,MLB-MOVY-IT5-000F9TAII50AG9O-LALS000-GTE-P00005,Settled Early,08/01/26 02:44:16.953 AM EDT,$0.00
MIL Brewers -1.5,MLB-MOVY-IT5-000F9TAII50AG9O-MIRS000-GTE-P00015,Settled Early,08/01/26 02:44:17.151 AM EDT,$1.00
LA Angels -1.5,MLB-MOVY-IT5-000F9TAII50AG9O-LALS000-GTE-P00015,Settled Early,08/01/26 02:44:17.496 AM EDT,$0.00
MIL Brewers -3.5,MLB-MOVY-IT5-000F9TAII50AG9O-MIRS000-GTE-P00035,Settled Early,08/01/26 02:44:17.690 AM EDT,$1.00
Over 0.5,MLB-TRUNS-I8-000F9TAII50AG9O-GTE-P00005,Settled Early,08/01/26 02:44:27.783 AM EDT,$0.00
Over 1.5,MLB-TRUNS-I8-000F9TAII50AG9O-GTE-P00015,Settled Early,08/01/26 02:44:28.076 AM EDT,$0.00
Over 3.5,MLB-TRUNS-I8-000F9TAII50AG9O-GTE-P00035,Settled Early,08/01/26 02:44:28.326 AM EDT,$0.00
Over 2.5,MLB-TRUNS-I8-000F9TAII50AG9O-GTE-P00025,Settled Early,08/01/26 02:44:28.514 AM EDT,$0.00
Over 4.5,MLB-TRUNS-I8-000F9TAII50AG9O-GTE-P00045,Settled Early,08/01/26 02:44:28.728 AM EDT,$0.00
Royce Lewis 2.5,MLB-PHIT-FG-000F839EI50D218-ROIS000-GTE-P00025,Settled Early,08/01/26 02:44:52.787 AM EDT,$0.00
Royce Lewis 3.5,MLB-PHIT-FG-000F839EI50D218-ROIS000-GTE-P00035,Settled Early,08/01/26 02:44:53.009 AM EDT,$0.00
Royce Lewis 4.5,MLB-PHIT-FG-000F839EI50D218-ROIS000-GTE-P00045,Settled Early,08/01/26 02:44:53.235 AM EDT,$0.00
Royce Lewis 0.5,MLB-PHIT-FG-000F839EI50D218-ROIS000-GTE-P00005,Settled Early,08/01/26 02:44:53.431 AM EDT,$1.00
Royce Lewis 1.5,MLB-PHIT-FG-000F839EI50D218-ROIS000-GTE-P00015,Settled Early,08/01/26 02:44:53.631 AM EDT,$0.00
Max Clark 0.5,MLB-PHRR-FG-000F9T8JI50AGVO-MARK000-GTE-P00005,Settled Early,08/01/26 02:45:04.644 AM EDT,$1.00
Max Clark 1.5,MLB-PHRR-FG-000F9T8JI50AGVO-MARK000-GTE-P00015,Settled Early,08/01/26 02:45:04.814 AM EDT,$1.00
Max Clark 4.5,MLB-PHRR-FG-000F9T8JI50AGVO-MARK000-GTE-P00045,Settled Early,08/01/26 02:45:05.029 AM EDT,$1.00
Max Clark 7.5,MLB-PHRR-FG-000F9T8JI50AGVO-MARK000-GTE-P00075,Settled Early,08/01/26 02:45:05.244 AM EDT,$0.00
Max Clark 6.5,MLB-PHRR-FG-000F9T8JI50AGVO-MARK000-GTE-P00065,Settled Early,08/01/26 02:45:05.437 AM EDT,$0.00
Max Clark 8.5,MLB-PHRR-FG-000F9T8JI50AGVO-MARK000-GTE-P00085,Settled Early,08/01/26 02:45:05.643 AM EDT,$0.00
Max Clark 3.5,MLB-PHRR-FG-000F9T8JI50AGVO-MARK000-GTE-P00035,Settled Early,08/01/26 02:45:05.838 AM EDT,$1.00
Max Clark 9.5,MLB-PHRR-FG-000F9T8JI50AGVO-MARK000-GTE-P00095,Settled Early,08/01/26 02:45:06.036 AM EDT,$0.00
Max Clark 5.5,MLB-PHRR-FG-000F9T8JI50AGVO-MARK000-GTE-P00055,Settled Early,08/01/26 02:45:06.212 AM EDT,$1.00
Max Clark 2.5,MLB-PHRR-FG-000F9T8JI50AGVO-MARK000-GTE-P00025,Settled Early,08/01/26 02:45:06.435 AM EDT,$1.00
Over 4.5,MLB-TRUNS-I7-000F9TBUI50AH6G-GTE-P00045,Settled Early,08/01/26 02:45:07.881 AM EDT,$1.00
Over 3.5,MLB-TRUNS-I7-000F9TBUI50AH6G-GTE-P00035,Settled Early,08/01/26 02:45:08.109 AM EDT,$1.00
Over 0.5,MLB-TRUNS-I7-000F9TBUI50AH6G-GTE-P00005,Settled Early,08/01/26 02:45:08.299 AM EDT,$1.00
Over 2.5,MLB-TRUNS-I7-000F9TBUI50AH6G-GTE-P00025,Settled Early,08/01/26 02:45:08.619 AM EDT,$1.00
Royce Lewis 4.5,MLB-PTBS-FG-000F839EI50D218-ROIS000-GTE-P00045,Settled Early,08/01/26 02:45:08.895 AM EDT,$0.00
Royce Lewis 5.5,MLB-PTBS-FG-000F839EI50D218-ROIS000-GTE-P00055,Settled Early,08/01/26 02:45:09.062 AM EDT,$0.00
Royce Lewis 0.5,MLB-PTBS-FG-000F839EI50D218-ROIS000-GTE-P00005,Settled Early,08/01/26 02:45:09.260 AM EDT,$1.00
Royce Lewis 2.5,MLB-PTBS-FG-000F839EI50D218-ROIS000-GTE-P00025,Settled Early,08/01/26 02:45:09.431 AM EDT,$1.00
Royce Lewis 1.5,MLB-PTBS-FG-000F839EI50D218-ROIS000-GTE-P00015,Settled Early,08/01/26 02:45:09.608 AM EDT,$1.00
Royce Lewis 3.5,MLB-PTBS-FG-000F839EI50D218-ROIS000-GTE-P00035,Settled Early,08/01/26 02:45:09.777 AM EDT,$1.00
Royce Lewis 6.5,MLB-PTBS-FG-000F839EI50D218-ROIS000-GTE-P00065,Settled Early,08/01/26 02:45:10.005 AM EDT,$0.00
Royce Lewis 7.5,MLB-PTBS-FG-000F839EI50D218-ROIS000-GTE-P00075,Settled Early,08/01/26 02:45:10.213 AM EDT,$0.00
Royce Lewis 2.5,MLB-PHRN-FG-000F839EI50D218-ROIS000-GTE-P00025,Settled Early,08/01/26 02:45:24.286 AM EDT,$0.00
Royce Lewis 1.5,MLB-PHRN-FG-000F839EI50D218-ROIS000-GTE-P00015,Settled Early,08/01/26 02:45:24.461 AM EDT,$0.00
Royce Lewis 0.5,MLB-PHRN-FG-000F839EI50D218-ROIS000-GTE-P00005,Settled Early,08/01/26 02:45:24.673 AM EDT,$1.00
COL Rockies,MLB-WIN-IT5-000F9TFPI50AH4O-COES000,Settled Early,08/01/26 02:45:25.770 AM EDT,$1.00
KC Royals,MLB-WIN-IT5-000F9TFPI50AH4O-KCLS000,Settled Early,08/01/26 02:45:26.120 AM EDT,$0.00
DET Tigers -4.5,MLB-MOVY-IT5-000F9T8JI50AGVO-DERS000-GTE-P00045,Settled Early,08/01/26 02:45:46.214 AM EDT,$0.00
DET Tigers -0.5,MLB-MOVY-IT5-000F9T8JI50AGVO-DERS000-GTE-P00005,Settled Early,08/01/26 02:45:46.426 AM EDT,$1.00
DET Tigers -3.5,MLB-MOVY-IT5-000F9T8JI50AGVO-DERS000-GTE-P00035,Settled Early,08/01/26 02:45:46.651 AM EDT,$0.00
DET Tigers -1.5,MLB-MOVY-IT5-000F9T8JI50AGVO-DERS000-GTE-P00015,Settled Early,08/01/26 02:45:46.826 AM EDT,$0.00
DET Tigers -2.5,MLB-MOVY-IT5-000F9T8JI50AGVO-DERS000-GTE-P00025,Settled Early,08/01/26 02:45:46.992 AM EDT,$0.00
Athletics -2.5,MLB-MOVY-IT5-000F9T8JI50AGVO-ATCS000-GTE-P00025,Settled Early,08/01/26 02:45:47.183 AM EDT,$0.00
Athletics -3.5,MLB-MOVY-IT5-000F9T8JI50AGVO-ATCS000-GTE-P00035,Settled Early,08/01/26 02:45:47.351 AM EDT,$0.00
Athletics -1.5,MLB-MOVY-IT5-000F9T8JI50AGVO-ATCS000-GTE-P00015,Settled Early,08/01/26 02:45:47.517 AM EDT,$0.00
Athletics -0.5,MLB-MOVY-IT5-000F9T8JI50AGVO-ATCS000-GTE-P00005,Settled Early,08/01/26 02:45:47.757 AM EDT,$0.00
Athletics -4.5,MLB-MOVY-IT5-000F9T8JI50AGVO-ATCS000-GTE-P00045,Settled Early,08/01/26 02:45:47.996 AM EDT,$0.00
Shohei Ohtani 0.5,MLB-PHRR-FG-000F9TBUI50AH6G-SHNI001-GTE-P00005,Settled Early,08/01/26 02:45:56.869 AM EDT,$1.00
Shohei Ohtani 1.5,MLB-PHRR-FG-000F9TBUI50AH6G-SHNI001-GTE-P00015,Settled Early,08/01/26 02:45:57.088 AM EDT,$1.00
Shohei Ohtani 3.5,MLB-PHRR-FG-000F9TBUI50AH6G-SHNI001-GTE-P00035,Settled Early,08/01/26 02:45:57.448 AM EDT,$1.00
Ryan Jeffers 4.5,MLB-PRBI-FG-000F839EI50D218-RYRS001-GTE-P00045,Settled Early,08/01/26 02:45:57.625 AM EDT,$0.00
Shohei Ohtani 4.5,MLB-PHRR-FG-000F9TBUI50AH6G-SHNI001-GTE-P00045,Settled Early,08/01/26 02:45:57.680 AM EDT,$1.00
Ryan Jeffers 2.5,MLB-PRBI-FG-000F839EI50D218-RYRS001-GTE-P00025,Settled Early,08/01/26 02:45:57.800 AM EDT,$0.00
Shohei Ohtani 5.5,MLB-PHRR-FG-000F9TBUI50AH6G-SHNI001-GTE-P00055,Settled Early,08/01/26 02:45:57.880 AM EDT,$1.00
Ryan Jeffers 1.5,MLB-PRBI-FG-000F839EI50D218-RYRS001-GTE-P00015,Settled Early,08/01/26 02:45:58.000 AM EDT,$0.00
Shohei Ohtani 2.5,MLB-PHRR-FG-000F9TBUI50AH6G-SHNI001-GTE-P00025,Settled Early,08/01/26 02:45:58.083 AM EDT,$1.00
Ryan Jeffers 0.5,MLB-PRBI-FG-000F839EI50D218-RYRS001-GTE-P00005,Settled Early,08/01/26 02:45:58.206 AM EDT,$1.00
Ryan Jeffers 3.5,MLB-PRBI-FG-000F839EI50D218-RYRS001-GTE-P00035,Settled Early,08/01/26 02:45:58.391 AM EDT,$0.00
Shohei Ohtani 7.5,MLB-PHRR-FG-000F9TBUI50AH6G-SHNI001-GTE-P00075,Settled Early,08/01/26 02:45:58.418 AM EDT,$0.00
Shohei Ohtani 9.5,MLB-PHRR-FG-000F9TBUI50AH6G-SHNI001-GTE-P00095,Settled Early,08/01/26 02:45:58.628 AM EDT,$0.00
Shohei Ohtani 8.5,MLB-PHRR-FG-000F9TBUI50AH6G-SHNI001-GTE-P00085,Settled Early,08/01/26 02:45:58.841 AM EDT,$0.00
Shohei Ohtani 6.5,MLB-PHRR-FG-000F9TBUI50AH6G-SHNI001-GTE-P00065,Settled Early,08/01/26 02:45:59.032 AM EDT,$0.00
Ryan Jeffers 5.5,MLB-PTBS-FG-000F839EI50D218-RYRS001-GTE-P00055,Settled Early,08/01/26 02:46:09.697 AM EDT,$0.00
Ryan Jeffers 7.5,MLB-PTBS-FG-000F839EI50D218-RYRS001-GTE-P00075,Settled Early,08/01/26 02:46:09.866 AM EDT,$0.00
Ryan Jeffers 1.5,MLB-PTBS-FG-000F839EI50D218-RYRS001-GTE-P00015,Settled Early,08/01/26 02:46:10.036 AM EDT,$1.00
Ryan Jeffers 0.5,MLB-PTBS-FG-000F839EI50D218-RYRS001-GTE-P00005,Settled Early,08/01/26 02:46:10.233 AM EDT,$1.00
Ryan Jeffers 2.5,MLB-PTBS-FG-000F839EI50D218-RYRS001-GTE-P00025,Settled Early,08/01/26 02:46:10.413 AM EDT,$1.00
Ryan Jeffers 6.5,MLB-PTBS-FG-000F839EI50D218-RYRS001-GTE-P00065,Settled Early,08/01/26 02:46:10.584 AM EDT,$0.00
Ryan Jeffers 4.5,MLB-PTBS-FG-000F839EI50D218-RYRS001-GTE-P00045,Settled Early,08/01/26 02:46:10.757 AM EDT,$0.00
Ryan Jeffers 3.5,MLB-PTBS-FG-000F839EI50D218-RYRS001-GTE-P00035,Settled Early,08/01/26 02:46:10.950 AM EDT,$1.00
Ryan Jeffers 3.5,MLB-PHIT-FG-000F839EI50D218-RYRS001-GTE-P00035,Settled Early,08/01/26 02:46:21.733 AM EDT,$0.00
Ryan Jeffers 2.5,MLB-PHIT-FG-000F839EI50D218-RYRS001-GTE-P00025,Settled Early,08/01/26 02:46:21.933 AM EDT,$0.00
Ryan Jeffers 0.5,MLB-PHIT-FG-000F839EI50D218-RYRS001-GTE-P00005,Settled Early,08/01/26 02:46:22.132 AM EDT,$1.00
Ryan Jeffers 1.5,MLB-PHIT-FG-000F839EI50D218-RYRS001-GTE-P00015,Settled Early,08/01/26 02:46:22.332 AM EDT,$0.00
Ryan Jeffers 4.5,MLB-PHIT-FG-000F839EI50D218-RYRS001-GTE-P00045,Settled Early,08/01/26 02:46:22.540 AM EDT,$0.00
Over 2.5,MLB-TRUNS-I9-000F9TAII50AG9O-GTE-P00025,Settled Early,08/01/26 02:46:24.828 AM EDT,$0.00
Over 1.5,MLB-TRUNS-I9-000F9TAII50AG9O-GTE-P00015,Settled Early,08/01/26 02:46:25.020 AM EDT,$0.00
Over 0.5,MLB-TRUNS-I9-000F9TAII50AG9O-GTE-P00005,Settled Early,08/01/26 02:46:25.278 AM EDT,$0.00
Over 3.5,MLB-TRUNS-I9-000F9TAII50AG9O-GTE-P00035,Settled Early,08/01/26 02:46:25.542 AM EDT,$0.00
Over 4.5,MLB-TRUNS-I9-000F9TAII50AG9O-GTE-P00045,Settled Early,08/01/26 02:46:25.713 AM EDT,$0.00
Ryan Jeffers 2.5,MLB-PHRN-FG-000F839EI50D218-RYRS001-GTE-P00025,Settled Early,08/01/26 02:46:34.521 AM EDT,$0.00
Ryan Jeffers 0.5,MLB-PHRN-FG-000F839EI50D218-RYRS001-GTE-P00005,Settled Early,08/01/26 02:46:34.734 AM EDT,$1.00
Ryan Jeffers 1.5,MLB-PHRN-FG-000F839EI50D218-RYRS001-GTE-P00015,Settled Early,08/01/26 02:46:34.936 AM EDT,$0.00
Shohei Ohtani 7.5,MLB-PTBS-FG-000F9TBUI50AH6G-SHNI001-GTE-P00075,Settled Early,08/01/26 02:46:43.332 AM EDT,$0.00
Shohei Ohtani 4.5,MLB-PTBS-FG-000F9TBUI50AH6G-SHNI001-GTE-P00045,Settled Early,08/01/26 02:46:43.547 AM EDT,$1.00
Shohei Ohtani 1.5,MLB-PTBS-FG-000F9TBUI50AH6G-SHNI001-GTE-P00015,Settled Early,08/01/26 02:46:43.784 AM EDT,$1.00
Shohei Ohtani 5.5,MLB-PTBS-FG-000F9TBUI50AH6G-SHNI001-GTE-P00055,Settled Early,08/01/26 02:46:43.977 AM EDT,$1.00
Shohei Ohtani 6.5,MLB-PTBS-FG-000F9TBUI50AH6G-SHNI001-GTE-P00065,Settled Early,08/01/26 02:46:44.184 AM EDT,$0.00
Shohei Ohtani 0.5,MLB-PTBS-FG-000F9TBUI50AH6G-SHNI001-GTE-P00005,Settled Early,08/01/26 02:46:44.493 AM EDT,$1.00
Shohei Ohtani 2.5,MLB-PTBS-FG-000F9TBUI50AH6G-SHNI001-GTE-P00025,Settled Early,08/01/26 02:46:44.707 AM EDT,$1.00
Shohei Ohtani 3.5,MLB-PTBS-FG-000F9TBUI50AH6G-SHNI001-GTE-P00035,Settled Early,08/01/26 02:46:44.874 AM EDT,$1.00
Jake Bauers 0.5,MLB-PHRR-FG-000F9TAII50AG9O-JARS000-GTE-P00005,Settled Early,08/01/26 02:46:45.379 AM EDT,$1.00
Jake Bauers 1.5,MLB-PHRR-FG-000F9TAII50AG9O-JARS000-GTE-P00015,Settled Early,08/01/26 02:46:45.580 AM EDT,$1.00
Jake Bauers 2.5,MLB-PHRR-FG-000F9TAII50AG9O-JARS000-GTE-P00025,Settled Early,08/01/26 02:46:45.775 AM EDT,$1.00
Jake Bauers 3.5,MLB-PHRR-FG-000F9TAII50AG9O-JARS000-GTE-P00035,Settled Early,08/01/26 02:46:45.951 AM EDT,$1.00
Jake Bauers 4.5,MLB-PHRR-FG-000F9TAII50AG9O-JARS000-GTE-P00045,Settled Early,08/01/26 02:46:46.168 AM EDT,$1.00
Jake Bauers 5.5,MLB-PHRR-FG-000F9TAII50AG9O-JARS000-GTE-P00055,Settled Early,08/01/26 02:46:46.346 AM EDT,$1.00
Jake Bauers 6.5,MLB-PHRR-FG-000F9TAII50AG9O-JARS000-GTE-P00065,Settled Early,08/01/26 02:46:46.518 AM EDT,$1.00
Jake Bauers 7.5,MLB-PHRR-FG-000F9TAII50AG9O-JARS000-GTE-P00075,Settled Early,08/01/26 02:46:46.726 AM EDT,$0.00
Jake Bauers 8.5,MLB-PHRR-FG-000F9TAII50AG9O-JARS000-GTE-P00085,Settled Early,08/01/26 02:46:46.891 AM EDT,$0.00
Jake Bauers 9.5,MLB-PHRR-FG-000F9TAII50AG9O-JARS000-GTE-P00095,Settled Early,08/01/26 02:46:47.055 AM EDT,$0.00
Dominic Canzone 4.5,MLB-PRBI-FG-000F839EI50D218-DONE000-GTE-P00045,Settled Early,08/01/26 02:47:00.070 AM EDT,$0.00
Dominic Canzone 3.5,MLB-PRBI-FG-000F839EI50D218-DONE000-GTE-P00035,Settled Early,08/01/26 02:47:00.255 AM EDT,$0.00
Dominic Canzone 2.5,MLB-PRBI-FG-000F839EI50D218-DONE000-GTE-P00025,Settled Early,08/01/26 02:47:00.427 AM EDT,$0.00
Dominic Canzone 0.5,MLB-PRBI-FG-000F839EI50D218-DONE000-GTE-P00005,Settled Early,08/01/26 02:47:00.598 AM EDT,$0.00
Dominic Canzone 1.5,MLB-PRBI-FG-000F839EI50D218-DONE000-GTE-P00015,Settled Early,08/01/26 02:47:00.794 AM EDT,$0.00
Dominic Canzone 2.5,MLB-PTBS-FG-000F839EI50D218-DONE000-GTE-P00025,Settled Early,08/01/26 02:47:11.525 AM EDT,$0.00
Dominic Canzone 0.5,MLB-PTBS-FG-000F839EI50D218-DONE000-GTE-P00005,Settled Early,08/01/26 02:47:11.717 AM EDT,$1.00
Dominic Canzone 4.5,MLB-PTBS-FG-000F839EI50D218-DONE000-GTE-P00045,Settled Early,08/01/26 02:47:11.918 AM EDT,$0.00
Dominic Canzone 3.5,MLB-PTBS-FG-000F839EI50D218-DONE000-GTE-P00035,Settled Early,08/01/26 02:47:12.089 AM EDT,$0.00
Shohei Ohtani 3.5,MLB-PHIT-FG-000F9TBUI50AH6G-SHNI001-GTE-P00035,Settled Early,08/01/26 02:47:12.152 AM EDT,$0.00
Dominic Canzone 1.5,MLB-PTBS-FG-000F839EI50D218-DONE000-GTE-P00015,Settled Early,08/01/26 02:47:12.285 AM EDT,$1.00
Shohei Ohtani 1.5,MLB-PHIT-FG-000F9TBUI50AH6G-SHNI001-GTE-P00015,Settled Early,08/01/26 02:47:12.348 AM EDT,$1.00
Dominic Canzone 7.5,MLB-PTBS-FG-000F839EI50D218-DONE000-GTE-P00075,Settled Early,08/01/26 02:47:12.477 AM EDT,$0.00
Shohei Ohtani 4.5,MLB-PHIT-FG-000F9TBUI50AH6G-SHNI001-GTE-P00045,Settled Early,08/01/26 02:47:12.563 AM EDT,$0.00
Dominic Canzone 5.5,MLB-PTBS-FG-000F839EI50D218-DONE000-GTE-P00055,Settled Early,08/01/26 02:47:12.692 AM EDT,$0.00
Shohei Ohtani 0.5,MLB-PHIT-FG-000F9TBUI50AH6G-SHNI001-GTE-P00005,Settled Early,08/01/26 02:47:12.752 AM EDT,$1.00
Dominic Canzone 6.5,MLB-PTBS-FG-000F839EI50D218-DONE000-GTE-P00065,Settled Early,08/01/26 02:47:12.860 AM EDT,$0.00
Shohei Ohtani 2.5,MLB-PHIT-FG-000F9TBUI50AH6G-SHNI001-GTE-P00025,Settled Early,08/01/26 02:47:12.948 AM EDT,$0.00
Over 0.5,MLB-TRUNS-I2-000F9TAII50AG9O-GTE-P00005,Settled Early,08/01/26 02:47:20.005 AM EDT,$1.00
Over 1.5,MLB-TRUNS-I2-000F9TAII50AG9O-GTE-P00015,Settled Early,08/01/26 02:47:20.222 AM EDT,$0.00
Over 2.5,MLB-TRUNS-I2-000F9TAII50AG9O-GTE-P00025,Settled Early,08/01/26 02:47:20.525 AM EDT,$0.00
Over 4.5,MLB-TRUNS-I2-000F9TAII50AG9O-GTE-P00045,Settled Early,08/01/26 02:47:20.765 AM EDT,$0.00
Over 3.5,MLB-TRUNS-I2-000F9TAII50AG9O-GTE-P00035,Settled Early,08/01/26 02:47:20.958 AM EDT,$0.00
Dominic Canzone 3.5,MLB-PHIT-FG-000F839EI50D218-DONE000-GTE-P00035,Settled Early,08/01/26 02:47:21.630 AM EDT,$0.00
Dominic Canzone 4.5,MLB-PHIT-FG-000F839EI50D218-DONE000-GTE-P00045,Settled Early,08/01/26 02:47:21.827 AM EDT,$0.00
Dominic Canzone 2.5,MLB-PHIT-FG-000F839EI50D218-DONE000-GTE-P00025,Settled Early,08/01/26 02:47:22.000 AM EDT,$0.00
Dominic Canzone 0.5,MLB-PHIT-FG-000F839EI50D218-DONE000-GTE-P00005,Settled Early,08/01/26 02:47:22.189 AM EDT,$1.00
Dominic Canzone 1.5,MLB-PHIT-FG-000F839EI50D218-DONE000-GTE-P00015,Settled Early,08/01/26 02:47:22.357 AM EDT,$0.00
Dominic Canzone 0.5,MLB-PHRN-FG-000F839EI50D218-DONE000-GTE-P00005,Settled Early,08/01/26 02:47:31.670 AM EDT,$0.00
Dominic Canzone 2.5,MLB-PHRN-FG-000F839EI50D218-DONE000-GTE-P00025,Settled Early,08/01/26 02:47:31.867 AM EDT,$0.00
Dominic Canzone 1.5,MLB-PHRN-FG-000F839EI50D218-DONE000-GTE-P00015,Settled Early,08/01/26 02:47:32.066 AM EDT,$0.00
Brice Turang 0.5,MLB-PHRR-FG-000F9TAII50AG9O-BRNG003-GTE-P00005,Settled Early,08/01/26 02:47:40.105 AM EDT,$1.00
Brice Turang 9.5,MLB-PHRR-FG-000F9TAII50AG9O-BRNG003-GTE-P00095,Settled Early,08/01/26 02:47:40.364 AM EDT,$0.00
Brice Turang 2.5,MLB-PHRR-FG-000F9TAII50AG9O-BRNG003-GTE-P00025,Settled Early,08/01/26 02:47:40.576 AM EDT,$1.00
Brice Turang 4.5,MLB-PHRR-FG-000F9TAII50AG9O-BRNG003-GTE-P00045,Settled Early,08/01/26 02:47:40.831 AM EDT,$0.00
Brice Turang 5.5,MLB-PHRR-FG-000F9TAII50AG9O-BRNG003-GTE-P00055,Settled Early,08/01/26 02:47:41.022 AM EDT,$0.00
Brice Turang 1.5,MLB-PHRR-FG-000F9TAII50AG9O-BRNG003-GTE-P00015,Settled Early,08/01/26 02:47:41.219 AM EDT,$1.00
Brice Turang 8.5,MLB-PHRR-FG-000F9TAII50AG9O-BRNG003-GTE-P00085,Settled Early,08/01/26 02:47:41.488 AM EDT,$0.00
Brice Turang 3.5,MLB-PHRR-FG-000F9TAII50AG9O-BRNG003-GTE-P00035,Settled Early,08/01/26 02:47:41.652 AM EDT,$1.00
Brice Turang 6.5,MLB-PHRR-FG-000F9TAII50AG9O-BRNG003-GTE-P00065,Settled Early,08/01/26 02:47:41.875 AM EDT,$0.00
Shohei Ohtani 0.5,MLB-PRBI-FG-000F9TBUI50AH6G-SHNI001-GTE-P00005,Settled Early,08/01/26 02:47:41.920 AM EDT,$1.00
Brice Turang 7.5,MLB-PHRR-FG-000F9TAII50AG9O-BRNG003-GTE-P00075,Settled Early,08/01/26 02:47:42.048 AM EDT,$0.00
Shohei Ohtani 4.5,MLB-PRBI-FG-000F9TBUI50AH6G-SHNI001-GTE-P00045,Settled Early,08/01/26 02:47:42.122 AM EDT,$0.00
Shohei Ohtani 1.5,MLB-PRBI-FG-000F9TBUI50AH6G-SHNI001-GTE-P00015,Settled Early,08/01/26 02:47:42.314 AM EDT,$1.00
Shohei Ohtani 3.5,MLB-PRBI-FG-000F9TBUI50AH6G-SHNI001-GTE-P00035,Settled Early,08/01/26 02:47:42.481 AM EDT,$0.00
Shohei Ohtani 2.5,MLB-PRBI-FG-000F9TBUI50AH6G-SHNI001-GTE-P00025,Settled Early,08/01/26 02:47:42.681 AM EDT,$0.00
Shohei Ohtani 2.5,MLB-PHRN-FG-000F9TBUI50AH6G-SHNI001-GTE-P00025,Settled Early,08/01/26 02:47:54.272 AM EDT,$0.00
Shohei Ohtani 0.5,MLB-PHRN-FG-000F9TBUI50AH6G-SHNI001-GTE-P00005,Settled Early,08/01/26 02:47:54.465 AM EDT,$1.00
Shohei Ohtani 1.5,MLB-PHRN-FG-000F9TBUI50AH6G-SHNI001-GTE-P00015,Settled Early,08/01/26 02:47:54.662 AM EDT,$0.00
MIL Brewers,MLB-WIN-IT5-000F9TAII50AG9O-MIRS000,Settled Early,08/01/26 02:47:55.878 AM EDT,$1.00
LA Angels,MLB-WIN-IT5-000F9TAII50AG9O-LALS000,Settled Early,08/01/26 02:47:56.301 AM EDT,$0.00
Colt Emerson 5.5,MLB-PTBS-FG-000F839EI50D218-COON004-GTE-P00055,Settled Early,08/01/26 02:47:58.273 AM EDT,$0.00
Colt Emerson 0.5,MLB-PTBS-FG-000F839EI50D218-COON004-GTE-P00005,Settled Early,08/01/26 02:47:58.465 AM EDT,$0.00
Colt Emerson 3.5,MLB-PTBS-FG-000F839EI50D218-COON004-GTE-P00035,Settled Early,08/01/26 02:47:58.654 AM EDT,$0.00
Colt Emerson 4.5,MLB-PTBS-FG-000F839EI50D218-COON004-GTE-P00045,Settled Early,08/01/26 02:47:58.837 AM EDT,$0.00
Colt Emerson 7.5,MLB-PTBS-FG-000F839EI50D218-COON004-GTE-P00075,Settled Early,08/01/26 02:47:59.032 AM EDT,$0.00
Colt Emerson 2.5,MLB-PTBS-FG-000F839EI50D218-COON004-GTE-P00025,Settled Early,08/01/26 02:47:59.252 AM EDT,$0.00
Colt Emerson 6.5,MLB-PTBS-FG-000F839EI50D218-COON004-GTE-P00065,Settled Early,08/01/26 02:47:59.438 AM EDT,$0.00
Colt Emerson 1.5,MLB-PTBS-FG-000F839EI50D218-COON004-GTE-P00015,Settled Early,08/01/26 02:47:59.611 AM EDT,$0.00
Over 1.5,MLB-TRUNS-I1-000F9T8JI50AGVO-GTE-P00015,Settled Early,08/01/26 02:48:13.054 AM EDT,$0.00
Over 2.5,MLB-TRUNS-I1-000F9T8JI50AGVO-GTE-P00025,Settled Early,08/01/26 02:48:13.292 AM EDT,$0.00
Over 4.5,MLB-TRUNS-I1-000F9T8JI50AGVO-GTE-P00045,Settled Early,08/01/26 02:48:13.502 AM EDT,$0.00
Over 3.5,MLB-TRUNS-I1-000F9T8JI50AGVO-GTE-P00035,Settled Early,08/01/26 02:48:13.715 AM EDT,$0.00
Over 0.5,MLB-TRUNS-I1-000F9T8JI50AGVO-GTE-P00005,Settled Early,08/01/26 02:48:13.913 AM EDT,$1.00
Colt Emerson 2.5,MLB-PHIT-FG-000F839EI50D218-COON004-GTE-P00025,Settled Early,08/01/26 02:48:15.967 AM EDT,$0.00
Colt Emerson 4.5,MLB-PHIT-FG-000F839EI50D218-COON004-GTE-P00045,Settled Early,08/01/26 02:48:16.167 AM EDT,$0.00
Colt Emerson 1.5,MLB-PHIT-FG-000F839EI50D218-COON004-GTE-P00015,Settled Early,08/01/26 02:48:16.381 AM EDT,$0.00
Colt Emerson 3.5,MLB-PHIT-FG-000F839EI50D218-COON004-GTE-P00035,Settled Early,08/01/26 02:48:16.587 AM EDT,$0.00
Colt Emerson 0.5,MLB-PHIT-FG-000F839EI50D218-COON004-GTE-P00005,Settled Early,08/01/26 02:48:16.786 AM EDT,$0.00
Over 15.5,MLB-TRUNS-FG-000F9TBUI50AH6G-GTE-P00155,Settled Early,08/01/26 02:48:21.255 AM EDT,$0.00
Over 9.5,MLB-TRUNS-FG-000F9TBUI50AH6G-GTE-P00095,Settled Early,08/01/26 02:48:21.447 AM EDT,$1.00
Over 14.5,MLB-TRUNS-FG-000F9TBUI50AH6G-GTE-P00145,Settled Early,08/01/26 02:48:21.632 AM EDT,$0.00
Over 5.5,MLB-TRUNS-FG-000F9TBUI50AH6G-GTE-P00055,Settled Early,08/01/26 02:48:21.823 AM EDT,$1.00
Over 10.5,MLB-TRUNS-FG-000F9TBUI50AH6G-GTE-P00105,Settled Early,08/01/26 02:48:22.018 AM EDT,$1.00
Over 3.5,MLB-TRUNS-FG-000F9TBUI50AH6G-GTE-P00035,Settled Early,08/01/26 02:48:22.197 AM EDT,$1.00
Over 4.5,MLB-TRUNS-FG-000F9TBUI50AH6G-GTE-P00045,Settled Early,08/01/26 02:48:22.384 AM EDT,$1.00
Over 12.5,MLB-TRUNS-FG-000F9TBUI50AH6G-GTE-P00125,Settled Early,08/01/26 02:48:22.593 AM EDT,$1.00
Over 11.5,MLB-TRUNS-FG-000F9TBUI50AH6G-GTE-P00115,Settled Early,08/01/26 02:48:22.780 AM EDT,$1.00
Over 8.5,MLB-TRUNS-FG-000F9TBUI50AH6G-GTE-P00085,Settled Early,08/01/26 02:48:22.995 AM EDT,$1.00
Over 13.5,MLB-TRUNS-FG-000F9TBUI50AH6G-GTE-P00135,Settled Early,08/01/26 02:48:23.191 AM EDT,$0.00
Over 6.5,MLB-TRUNS-FG-000F9TBUI50AH6G-GTE-P00065,Settled Early,08/01/26 02:48:23.385 AM EDT,$1.00
Over 7.5,MLB-TRUNS-FG-000F9TBUI50AH6G-GTE-P00075,Settled Early,08/01/26 02:48:23.568 AM EDT,$1.00
Colt Emerson 1.5,MLB-PRBI-FG-000F839EI50D218-COON004-GTE-P00015,Settled Early,08/01/26 02:48:24.157 AM EDT,$0.00
Colt Emerson 0.5,MLB-PRBI-FG-000F839EI50D218-COON004-GTE-P00005,Settled Early,08/01/26 02:48:24.354 AM EDT,$0.00
Colt Emerson 4.5,MLB-PRBI-FG-000F839EI50D218-COON004-GTE-P00045,Settled Early,08/01/26 02:48:24.516 AM EDT,$0.00
Colt Emerson 3.5,MLB-PRBI-FG-000F839EI50D218-COON004-GTE-P00035,Settled Early,08/01/26 02:48:24.686 AM EDT,$0.00
Colt Emerson 2.5,MLB-PRBI-FG-000F839EI50D218-COON004-GTE-P00025,Settled Early,08/01/26 02:48:24.854 AM EDT,$0.00
BOS Red Sox,MLB-WIN-FG-000F9TBUI50AH6G-BOOX000,Settled Early,08/01/26 02:48:32.117 AM EDT,$1.00
LA Dodgers,MLB-WIN-FG-000F9TBUI50AH6G-LARS000,Settled Early,08/01/26 02:48:32.318 AM EDT,$0.00
Colt Emerson 1.5,MLB-PHRN-FG-000F839EI50D218-COON004-GTE-P00015,Settled Early,08/01/26 02:48:32.629 AM EDT,$0.00
Colt Emerson 2.5,MLB-PHRN-FG-000F839EI50D218-COON004-GTE-P00025,Settled Early,08/01/26 02:48:32.825 AM EDT,$0.00
Colt Emerson 0.5,MLB-PHRN-FG-000F839EI50D218-COON004-GTE-P00005,Settled Early,08/01/26 02:48:33.021 AM EDT,$0.00
Over 0.5,MLB-TRUNS-I5-000F9TFPI50AH4O-GTE-P00005,Settled Early,08/01/26 02:48:40.194 AM EDT,$0.00
Over 1.5,MLB-TRUNS-I5-000F9TFPI50AH4O-GTE-P00015,Settled Early,08/01/26 02:48:40.449 AM EDT,$0.00
Over 2.5,MLB-TRUNS-I5-000F9TFPI50AH4O-GTE-P00025,Settled Early,08/01/26 02:48:40.680 AM EDT,$0.00
Over 3.5,MLB-TRUNS-I5-000F9TFPI50AH4O-GTE-P00035,Settled Early,08/01/26 02:48:40.855 AM EDT,$0.00
Over 4.5,MLB-TRUNS-I5-000F9TFPI50AH4O-GTE-P00045,Settled Early,08/01/26 02:48:41.071 AM EDT,$0.00
Denzer Guzman 0.5,MLB-PHRR-FG-000F9TAII50AG9O-DEAN000-GTE-P00005,Settled Early,08/01/26 02:48:59.265 AM EDT,$1.00
Denzer Guzman 9.5,MLB-PHRR-FG-000F9TAII50AG9O-DEAN000-GTE-P00095,Settled Early,08/01/26 02:48:59.692 AM EDT,$0.00
Denzer Guzman 7.5,MLB-PHRR-FG-000F9TAII50AG9O-DEAN000-GTE-P00075,Settled Early,08/01/26 02:48:59.870 AM EDT,$0.00
Denzer Guzman 2.5,MLB-PHRR-FG-000F9TAII50AG9O-DEAN000-GTE-P00025,Settled Early,08/01/26 02:49:00.037 AM EDT,$1.00
Denzer Guzman 3.5,MLB-PHRR-FG-000F9TAII50AG9O-DEAN000-GTE-P00035,Settled Early,08/01/26 02:49:00.239 AM EDT,$1.00
Denzer Guzman 6.5,MLB-PHRR-FG-000F9TAII50AG9O-DEAN000-GTE-P00065,Settled Early,08/01/26 02:49:00.424 AM EDT,$0.00
Denzer Guzman 5.5,MLB-PHRR-FG-000F9TAII50AG9O-DEAN000-GTE-P00055,Settled Early,08/01/26 02:49:00.634 AM EDT,$0.00
Denzer Guzman 1.5,MLB-PHRR-FG-000F9TAII50AG9O-DEAN000-GTE-P00015,Settled Early,08/01/26 02:49:00.836 AM EDT,$1.00
Denzer Guzman 4.5,MLB-PHRR-FG-000F9TAII50AG9O-DEAN000-GTE-P00045,Settled Early,08/01/26 02:49:00.997 AM EDT,$0.00
Denzer Guzman 8.5,MLB-PHRR-FG-000F9TAII50AG9O-DEAN000-GTE-P00085,Settled Early,08/01/26 02:49:01.192 AM EDT,$0.00
LA Dodgers -0.5,MLB-MOVY-FG-000F9TBUI50AH6G-LARS000-GTE-P00005,Settled Early,08/01/26 02:49:06.401 AM EDT,$0.00
BOS Red Sox -3.5,MLB-MOVY-FG-000F9TBUI50AH6G-BOOX000-GTE-P00035,Settled Early,08/01/26 02:49:06.606 AM EDT,$1.00
LA Dodgers -6.5,MLB-MOVY-FG-000F9TBUI50AH6G-LARS000-GTE-P00065,Settled Early,08/01/26 02:49:06.802 AM EDT,$0.00
BOS Red Sox -7.5,MLB-MOVY-FG-000F9TBUI50AH6G-BOOX000-GTE-P00075,Settled Early,08/01/26 02:49:06.989 AM EDT,$0.00
LA Dodgers -4.5,MLB-MOVY-FG-000F9TBUI50AH6G-LARS000-GTE-P00045,Settled Early,08/01/26 02:49:07.199 AM EDT,$0.00
BOS Red Sox -5.5,MLB-MOVY-FG-000F9TBUI50AH6G-BOOX000-GTE-P00055,Settled Early,08/01/26 02:49:07.390 AM EDT,$0.00
LA Dodgers -2.5,MLB-MOVY-FG-000F9TBUI50AH6G-LARS000-GTE-P00025,Settled Early,08/01/26 02:49:07.582 AM EDT,$0.00
LA Dodgers -7.5,MLB-MOVY-FG-000F9TBUI50AH6G-LARS000-GTE-P00075,Settled Early,08/01/26 02:49:07.757 AM EDT,$0.00
LA Dodgers -1.5,MLB-MOVY-FG-000F9TBUI50AH6G-LARS000-GTE-P00015,Settled Early,08/01/26 02:49:07.964 AM EDT,$0.00
BOS Red Sox -1.5,MLB-MOVY-FG-000F9TBUI50AH6G-BOOX000-GTE-P00015,Settled Early,08/01/26 02:49:08.200 AM EDT,$1.00
LA Dodgers -5.5,MLB-MOVY-FG-000F9TBUI50AH6G-LARS000-GTE-P00055,Settled Early,08/01/26 02:49:08.377 AM EDT,$0.00
LA Dodgers -3.5,MLB-MOVY-FG-000F9TBUI50AH6G-LARS000-GTE-P00035,Settled Early,08/01/26 02:49:08.547 AM EDT,$0.00
BOS Red Sox -2.5,MLB-MOVY-FG-000F9TBUI50AH6G-BOOX000-GTE-P00025,Settled Early,08/01/26 02:49:08.721 AM EDT,$1.00
BOS Red Sox -4.5,MLB-MOVY-FG-000F9TBUI50AH6G-BOOX000-GTE-P00045,Settled Early,08/01/26 02:49:08.893 AM EDT,$1.00
BOS Red Sox -6.5,MLB-MOVY-FG-000F9TBUI50AH6G-BOOX000-GTE-P00065,Settled Early,08/01/26 02:49:09.086 AM EDT,$0.00
BOS Red Sox -0.5,MLB-MOVY-FG-000F9TBUI50AH6G-BOOX000-GTE-P00005,Settled Early,08/01/26 02:49:09.257 AM EDT,$1.00
Over 0.5,MLB-TRUNS-I4-000F9TBUI50AH6G-GTE-P00005,Settled Early,08/01/26 02:49:20.175 AM EDT,$1.00
Over 1.5,MLB-TRUNS-I4-000F9TBUI50AH6G-GTE-P00015,Settled Early,08/01/26 02:49:20.373 AM EDT,$0.00
Over 3.5,MLB-TRUNS-I4-000F9TBUI50AH6G-GTE-P00035,Settled Early,08/01/26 02:49:20.588 AM EDT,$0.00
Over 2.5,MLB-TRUNS-I4-000F9TBUI50AH6G-GTE-P00025,Settled Early,08/01/26 02:49:20.803 AM EDT,$0.00
Over 4.5,MLB-TRUNS-I4-000F9TBUI50AH6G-GTE-P00045,Settled Early,08/01/26 02:49:20.997 AM EDT,$0.00
Jarren Duran 6.5,MLB-PHRR-FG-000F9TBUI50AH6G-JAAN001-GTE-P00065,Settled Early,08/01/26 02:49:28.433 AM EDT,$0.00
Jarren Duran 0.5,MLB-PHRR-FG-000F9TBUI50AH6G-JAAN001-GTE-P00005,Settled Early,08/01/26 02:49:28.608 AM EDT,$1.00
Jarren Duran 2.5,MLB-PHRR-FG-000F9TBUI50AH6G-JAAN001-GTE-P00025,Settled Early,08/01/26 02:49:28.784 AM EDT,$1.00
Jarren Duran 9.5,MLB-PHRR-FG-000F9TBUI50AH6G-JAAN001-GTE-P00095,Settled Early,08/01/26 02:49:28.971 AM EDT,$0.00
Jarren Duran 5.5,MLB-PHRR-FG-000F9TBUI50AH6G-JAAN001-GTE-P00055,Settled Early,08/01/26 02:49:29.186 AM EDT,$0.00
Jarren Duran 8.5,MLB-PHRR-FG-000F9TBUI50AH6G-JAAN001-GTE-P00085,Settled Early,08/01/26 02:49:29.390 AM EDT,$0.00
Jarren Duran 4.5,MLB-PHRR-FG-000F9TBUI50AH6G-JAAN001-GTE-P00045,Settled Early,08/01/26 02:49:29.577 AM EDT,$0.00
Jarren Duran 1.5,MLB-PHRR-FG-000F9TBUI50AH6G-JAAN001-GTE-P00015,Settled Early,08/01/26 02:49:29.745 AM EDT,$1.00
Over 0.5,MLB-TRUNS-I1-000F9TBUI50AH6G-GTE-P00005,Settled Early,08/01/26 02:49:29.957 AM EDT,$0.00
Jarren Duran 3.5,MLB-PHRR-FG-000F9TBUI50AH6G-JAAN001-GTE-P00035,Settled Early,08/01/26 02:49:29.961 AM EDT,$1.00
Jarren Duran 7.5,MLB-PHRR-FG-000F9TBUI50AH6G-JAAN001-GTE-P00075,Settled Early,08/01/26 02:49:30.125 AM EDT,$0.00
Over 2.5,MLB-TRUNS-I1-000F9TBUI50AH6G-GTE-P00025,Settled Early,08/01/26 02:49:30.378 AM EDT,$0.00
Over 4.5,MLB-TRUNS-I1-000F9TBUI50AH6G-GTE-P00045,Settled Early,08/01/26 02:49:30.573 AM EDT,$0.00
Over 1.5,MLB-TRUNS-I1-000F9TBUI50AH6G-GTE-P00015,Settled Early,08/01/26 02:49:30.738 AM EDT,$0.00
Over 3.5,MLB-TRUNS-I1-000F9TBUI50AH6G-GTE-P00035,Settled Early,08/01/26 02:49:31.034 AM EDT,$0.00
Weston Wilson 1.5,MLB-PHIT-FG-000F839EI50D218-WEON000-GTE-P00015,Settled Early,08/01/26 02:49:39.306 AM EDT,$0.00
Weston Wilson 3.5,MLB-PHIT-FG-000F839EI50D218-WEON000-GTE-P00035,Settled Early,08/01/26 02:49:39.521 AM EDT,$0.00
Weston Wilson 2.5,MLB-PHIT-FG-000F839EI50D218-WEON000-GTE-P00025,Settled Early,08/01/26 02:49:39.710 AM EDT,$0.00
Weston Wilson 0.5,MLB-PHIT-FG-000F839EI50D218-WEON000-GTE-P00005,Settled Early,08/01/26 02:49:39.910 AM EDT,$0.00
Weston Wilson 4.5,MLB-PHIT-FG-000F839EI50D218-WEON000-GTE-P00045,Settled Early,08/01/26 02:49:40.123 AM EDT,$0.00
Over 4.5,MLB-TRUNS-I2-000F9TBUI50AH6G-GTE-P00045,Settled Early,08/01/26 02:49:40.448 AM EDT,$0.00
Over 2.5,MLB-TRUNS-I2-000F9TBUI50AH6G-GTE-P00025,Settled Early,08/01/26 02:49:40.643 AM EDT,$0.00
Over 3.5,MLB-TRUNS-I2-000F9TBUI50AH6G-GTE-P00035,Settled Early,08/01/26 02:49:40.863 AM EDT,$0.00
Over 1.5,MLB-TRUNS-I2-000F9TBUI50AH6G-GTE-P00015,Settled Early,08/01/26 02:49:41.062 AM EDT,$0.00
Over 0.5,MLB-TRUNS-I2-000F9TBUI50AH6G-GTE-P00005,Settled Early,08/01/26 02:49:41.265 AM EDT,$1.00
Weston Wilson 4.5,MLB-PRBI-FG-000F839EI50D218-WEON000-GTE-P00045,Settled Early,08/01/26 02:49:48.584 AM EDT,$0.00
Weston Wilson 3.5,MLB-PRBI-FG-000F839EI50D218-WEON000-GTE-P00035,Settled Early,08/01/26 02:49:48.795 AM EDT,$0.00
Weston Wilson 0.5,MLB-PRBI-FG-000F839EI50D218-WEON000-GTE-P00005,Settled Early,08/01/26 02:49:48.981 AM EDT,$0.00
Weston Wilson 1.5,MLB-PRBI-FG-000F839EI50D218-WEON000-GTE-P00015,Settled Early,08/01/26 02:49:49.171 AM EDT,$0.00
Weston Wilson 2.5,MLB-PRBI-FG-000F839EI50D218-WEON000-GTE-P00025,Settled Early,08/01/26 02:49:49.360 AM EDT,$0.00
Over 0.5,MLB-TRUNS-I3-000F9T8JI50AGVO-GTE-P00005,Settled Early,08/01/26 02:49:50.705 AM EDT,$1.00
Over 1.5,MLB-TRUNS-I3-000F9T8JI50AGVO-GTE-P00015,Settled Early,08/01/26 02:49:50.944 AM EDT,$0.00
Over 2.5,MLB-TRUNS-I3-000F9T8JI50AGVO-GTE-P00025,Settled Early,08/01/26 02:49:51.186 AM EDT,$0.00
Over 4.5,MLB-TRUNS-I3-000F9T8JI50AGVO-GTE-P00045,Settled Early,08/01/26 02:49:51.365 AM EDT,$0.00
Over 3.5,MLB-TRUNS-I3-000F9T8JI50AGVO-GTE-P00035,Settled Early,08/01/26 02:49:51.560 AM EDT,$0.00
Weston Wilson 7.5,MLB-PTBS-FG-000F839EI50D218-WEON000-GTE-P00075,Settled Early,08/01/26 02:50:01.435 AM EDT,$0.00
Weston Wilson 1.5,MLB-PTBS-FG-000F839EI50D218-WEON000-GTE-P00015,Settled Early,08/01/26 02:50:01.637 AM EDT,$0.00
Weston Wilson 2.5,MLB-PTBS-FG-000F839EI50D218-WEON000-GTE-P00025,Settled Early,08/01/26 02:50:01.833 AM EDT,$0.00
Weston Wilson 3.5,MLB-PTBS-FG-000F839EI50D218-WEON000-GTE-P00035,Settled Early,08/01/26 02:50:02.001 AM EDT,$0.00
Weston Wilson 5.5,MLB-PTBS-FG-000F839EI50D218-WEON000-GTE-P00055,Settled Early,08/01/26 02:50:02.168 AM EDT,$0.00
Weston Wilson 6.5,MLB-PTBS-FG-000F839EI50D218-WEON000-GTE-P00065,Settled Early,08/01/26 02:50:02.403 AM EDT,$0.00
Weston Wilson 0.5,MLB-PTBS-FG-000F839EI50D218-WEON000-GTE-P00005,Settled Early,08/01/26 02:50:02.574 AM EDT,$0.00
Weston Wilson 4.5,MLB-PTBS-FG-000F839EI50D218-WEON000-GTE-P00045,Settled Early,08/01/26 02:50:02.768 AM EDT,$0.00
Weston Wilson 1.5,MLB-PHRN-FG-000F839EI50D218-WEON000-GTE-P00015,Settled Early,08/01/26 02:50:14.889 AM EDT,$0.00
Weston Wilson 2.5,MLB-PHRN-FG-000F839EI50D218-WEON000-GTE-P00025,Settled Early,08/01/26 02:50:15.100 AM EDT,$0.00
Weston Wilson 0.5,MLB-PHRN-FG-000F839EI50D218-WEON000-GTE-P00005,Settled Early,08/01/26 02:50:15.276 AM EDT,$0.00
Andy Pages 0.5,MLB-PHRR-FG-000F9TBUI50AH6G-ANES000-GTE-P00005,Settled Early,08/01/26 02:50:23.217 AM EDT,$1.00
Andy Pages 1.5,MLB-PHRR-FG-000F9TBUI50AH6G-ANES000-GTE-P00015,Settled Early,08/01/26 02:50:23.392 AM EDT,$0.00
Andy Pages 2.5,MLB-PHRR-FG-000F9TBUI50AH6G-ANES000-GTE-P00025,Settled Early,08/01/26 02:50:23.650 AM EDT,$0.00
Andy Pages 6.5,MLB-PHRR-FG-000F9TBUI50AH6G-ANES000-GTE-P00065,Settled Early,08/01/26 02:50:23.843 AM EDT,$0.00
Andy Pages 7.5,MLB-PHRR-FG-000F9TBUI50AH6G-ANES000-GTE-P00075,Settled Early,08/01/26 02:50:24.031 AM EDT,$0.00
Andy Pages 8.5,MLB-PHRR-FG-000F9TBUI50AH6G-ANES000-GTE-P00085,Settled Early,08/01/26 02:50:24.217 AM EDT,$0.00
Andy Pages 9.5,MLB-PHRR-FG-000F9TBUI50AH6G-ANES000-GTE-P00095,Settled Early,08/01/26 02:50:24.393 AM EDT,$0.00
Andy Pages 4.5,MLB-PHRR-FG-000F9TBUI50AH6G-ANES000-GTE-P00045,Settled Early,08/01/26 02:50:24.590 AM EDT,$0.00
Andy Pages 3.5,MLB-PHRR-FG-000F9TBUI50AH6G-ANES000-GTE-P00035,Settled Early,08/01/26 02:50:24.785 AM EDT,$0.00
Andy Pages 5.5,MLB-PHRR-FG-000F9TBUI50AH6G-ANES000-GTE-P00055,Settled Early,08/01/26 02:50:24.952 AM EDT,$0.00
Over 2.5,MLB-TRUNS-I4-000F9TAII50AG9O-GTE-P00025,Settled Early,08/01/26 02:50:37.223 AM EDT,$0.00
Over 0.5,MLB-TRUNS-I4-000F9TAII50AG9O-GTE-P00005,Settled Early,08/01/26 02:50:37.440 AM EDT,$0.00
Over 4.5,MLB-TRUNS-I4-000F9TAII50AG9O-GTE-P00045,Settled Early,08/01/26 02:50:37.768 AM EDT,$0.00
Over 3.5,MLB-TRUNS-I4-000F9TAII50AG9O-GTE-P00035,Settled Early,08/01/26 02:50:37.957 AM EDT,$0.00
Over 1.5,MLB-TRUNS-I4-000F9TAII50AG9O-GTE-P00015,Settled Early,08/01/26 02:50:38.157 AM EDT,$0.00
Cole Young 2.5,MLB-PRBI-FG-000F839EI50D218-CONG001-GTE-P00025,Settled Early,08/01/26 02:50:46.510 AM EDT,$0.00
Cole Young 1.5,MLB-PRBI-FG-000F839EI50D218-CONG001-GTE-P00015,Settled Early,08/01/26 02:50:46.714 AM EDT,$0.00
Cole Young 0.5,MLB-PRBI-FG-000F839EI50D218-CONG001-GTE-P00005,Settled Early,08/01/26 02:50:46.907 AM EDT,$1.00
Cole Young 3.5,MLB-PRBI-FG-000F839EI50D218-CONG001-GTE-P00035,Settled Early,08/01/26 02:50:47.075 AM EDT,$0.00
Cole Young 4.5,MLB-PRBI-FG-000F839EI50D218-CONG001-GTE-P00045,Settled Early,08/01/26 02:50:47.247 AM EDT,$0.00
Over 2.5,MLB-TRUNS-I3-000F9TFPI50AH4O-GTE-P00025,Settled Early,08/01/26 02:50:50.181 AM EDT,$0.00
Over 3.5,MLB-TRUNS-I3-000F9TFPI50AH4O-GTE-P00035,Settled Early,08/01/26 02:50:50.376 AM EDT,$0.00
Over 1.5,MLB-TRUNS-I3-000F9TFPI50AH4O-GTE-P00015,Settled Early,08/01/26 02:50:50.548 AM EDT,$0.00
Over 0.5,MLB-TRUNS-I3-000F9TFPI50AH4O-GTE-P00005,Settled Early,08/01/26 02:50:50.716 AM EDT,$0.00
Over 4.5,MLB-TRUNS-I3-000F9TFPI50AH4O-GTE-P00045,Settled Early,08/01/26 02:50:50.969 AM EDT,$0.00
Cole Young 4.5,MLB-PHIT-FG-000F839EI50D218-CONG001-GTE-P00045,Settled Early,08/01/26 02:50:57.876 AM EDT,$0.00
Cole Young 3.5,MLB-PHIT-FG-000F839EI50D218-CONG001-GTE-P00035,Settled Early,08/01/26 02:50:58.093 AM EDT,$0.00
Cole Young 0.5,MLB-PHIT-FG-000F839EI50D218-CONG001-GTE-P00005,Settled Early,08/01/26 02:50:58.349 AM EDT,$1.00
Cole Young 2.5,MLB-PHIT-FG-000F839EI50D218-CONG001-GTE-P00025,Settled Early,08/01/26 02:50:58.579 AM EDT,$0.00
Cole Young 1.5,MLB-PHIT-FG-000F839EI50D218-CONG001-GTE-P00015,Settled Early,08/01/26 02:50:58.750 AM EDT,$0.00
Nick Sogard 7.5,MLB-PHRR-FG-000F9TBUI50AH6G-NIRD000-GTE-P00075,Settled Early,08/01/26 02:51:01.721 AM EDT,$0.00
Nick Sogard 8.5,MLB-PHRR-FG-000F9TBUI50AH6G-NIRD000-GTE-P00085,Settled Early,08/01/26 02:51:01.894 AM EDT,$0.00
Nick Sogard 6.5,MLB-PHRR-FG-000F9TBUI50AH6G-NIRD000-GTE-P00065,Settled Early,08/01/26 02:51:02.103 AM EDT,$0.00
Nick Sogard 9.5,MLB-PHRR-FG-000F9TBUI50AH6G-NIRD000-GTE-P00095,Settled Early,08/01/26 02:51:02.272 AM EDT,$0.00
Nick Sogard 0.5,MLB-PHRR-FG-000F9TBUI50AH6G-NIRD000-GTE-P00005,Settled Early,08/01/26 02:51:02.457 AM EDT,$1.00
Nick Sogard 5.5,MLB-PHRR-FG-000F9TBUI50AH6G-NIRD000-GTE-P00055,Settled Early,08/01/26 02:51:02.622 AM EDT,$0.00
Nick Sogard 4.5,MLB-PHRR-FG-000F9TBUI50AH6G-NIRD000-GTE-P00045,Settled Early,08/01/26 02:51:02.789 AM EDT,$0.00
Nick Sogard 1.5,MLB-PHRR-FG-000F9TBUI50AH6G-NIRD000-GTE-P00015,Settled Early,08/01/26 02:51:02.975 AM EDT,$1.00
Nick Sogard 3.5,MLB-PHRR-FG-000F9TBUI50AH6G-NIRD000-GTE-P00035,Settled Early,08/01/26 02:51:03.190 AM EDT,$0.00
Nick Sogard 2.5,MLB-PHRR-FG-000F9TBUI50AH6G-NIRD000-GTE-P00025,Settled Early,08/01/26 02:51:03.386 AM EDT,$1.00
Masataka Yoshida 0.5,MLB-PHRR-FG-000F9TBUI50AH6G-MADA000-GTE-P00005,Settled Early,08/01/26 02:51:11.953 AM EDT,$1.00
Masataka Yoshida 4.5,MLB-PHRR-FG-000F9TBUI50AH6G-MADA000-GTE-P00045,Settled Early,08/01/26 02:51:12.215 AM EDT,$0.00
Masataka Yoshida 8.5,MLB-PHRR-FG-000F9TBUI50AH6G-MADA000-GTE-P00085,Settled Early,08/01/26 02:51:12.462 AM EDT,$0.00
Masataka Yoshida 9.5,MLB-PHRR-FG-000F9TBUI50AH6G-MADA000-GTE-P00095,Settled Early,08/01/26 02:51:12.685 AM EDT,$0.00
Masataka Yoshida 7.5,MLB-PHRR-FG-000F9TBUI50AH6G-MADA000-GTE-P00075,Settled Early,08/01/26 02:51:12.910 AM EDT,$0.00
Masataka Yoshida 5.5,MLB-PHRR-FG-000F9TBUI50AH6G-MADA000-GTE-P00055,Settled Early,08/01/26 02:51:13.168 AM EDT,$0.00
Masataka Yoshida 2.5,MLB-PHRR-FG-000F9TBUI50AH6G-MADA000-GTE-P00025,Settled Early,08/01/26 02:51:13.356 AM EDT,$1.00
Cole Young 0.5,MLB-PTBS-FG-000F839EI50D218-CONG001-GTE-P00005,Settled Early,08/01/26 02:51:13.378 AM EDT,$1.00
Cole Young 3.5,MLB-PTBS-FG-000F839EI50D218-CONG001-GTE-P00035,Settled Early,08/01/26 02:51:13.595 AM EDT,$1.00
Masataka Yoshida 3.5,MLB-PHRR-FG-000F9TBUI50AH6G-MADA000-GTE-P00035,Settled Early,08/01/26 02:51:13.605 AM EDT,$1.00
Cole Young 7.5,MLB-PTBS-FG-000F839EI50D218-CONG001-GTE-P00075,Settled Early,08/01/26 02:51:13.802 AM EDT,$0.00
Masataka Yoshida 6.5,MLB-PHRR-FG-000F9TBUI50AH6G-MADA000-GTE-P00065,Settled Early,08/01/26 02:51:13.813 AM EDT,$0.00
Masataka Yoshida 1.5,MLB-PHRR-FG-000F9TBUI50AH6G-MADA000-GTE-P00015,Settled Early,08/01/26 02:51:14.028 AM EDT,$1.00
Cole Young 1.5,MLB-PTBS-FG-000F839EI50D218-CONG001-GTE-P00015,Settled Early,08/01/26 02:51:14.028 AM EDT,$1.00
Cole Young 5.5,MLB-PTBS-FG-000F839EI50D218-CONG001-GTE-P00055,Settled Early,08/01/26 02:51:14.274 AM EDT,$0.00
Cole Young 6.5,MLB-PTBS-FG-000F839EI50D218-CONG001-GTE-P00065,Settled Early,08/01/26 02:51:14.505 AM EDT,$0.00
Cole Young 4.5,MLB-PTBS-FG-000F839EI50D218-CONG001-GTE-P00045,Settled Early,08/01/26 02:51:14.707 AM EDT,$0.00
Cole Young 2.5,MLB-PTBS-FG-000F839EI50D218-CONG001-GTE-P00025,Settled Early,08/01/26 02:51:14.890 AM EDT,$1.00
Over 0.5,MLB-TRUNS-I1-000F9TAII50AG9O-GTE-P00005,Settled Early,08/01/26 02:51:32.390 AM EDT,$0.00
Over 4.5,MLB-TRUNS-I1-000F9TAII50AG9O-GTE-P00045,Settled Early,08/01/26 02:51:32.791 AM EDT,$0.00
Over 3.5,MLB-TRUNS-I1-000F9TAII50AG9O-GTE-P00035,Settled Early,08/01/26 02:51:33.024 AM EDT,$0.00
Over 2.5,MLB-TRUNS-I1-000F9TAII50AG9O-GTE-P00025,Settled Early,08/01/26 02:51:33.255 AM EDT,$0.00
Over 1.5,MLB-TRUNS-I1-000F9TAII50AG9O-GTE-P00015,Settled Early,08/01/26 02:51:33.519 AM EDT,$0.00
Ceddanne Rafaela 0.5,MLB-PHRR-FG-000F9TBUI50AH6G-CELA000-GTE-P00005,Settled Early,08/01/26 02:51:33.523 AM EDT,$1.00
Ceddanne Rafaela 9.5,MLB-PHRR-FG-000F9TBUI50AH6G-CELA000-GTE-P00095,Settled Early,08/01/26 02:51:33.714 AM EDT,$0.00
Ceddanne Rafaela 5.5,MLB-PHRR-FG-000F9TBUI50AH6G-CELA000-GTE-P00055,Settled Early,08/01/26 02:51:33.959 AM EDT,$1.00
Ceddanne Rafaela 4.5,MLB-PHRR-FG-000F9TBUI50AH6G-CELA000-GTE-P00045,Settled Early,08/01/26 02:51:34.140 AM EDT,$1.00
Ceddanne Rafaela 2.5,MLB-PHRR-FG-000F9TBUI50AH6G-CELA000-GTE-P00025,Settled Early,08/01/26 02:51:34.345 AM EDT,$1.00
Ceddanne Rafaela 1.5,MLB-PHRR-FG-000F9TBUI50AH6G-CELA000-GTE-P00015,Settled Early,08/01/26 02:51:34.513 AM EDT,$1.00
Ceddanne Rafaela 3.5,MLB-PHRR-FG-000F9TBUI50AH6G-CELA000-GTE-P00035,Settled Early,08/01/26 02:51:34.702 AM EDT,$1.00
Ceddanne Rafaela 7.5,MLB-PHRR-FG-000F9TBUI50AH6G-CELA000-GTE-P00075,Settled Early,08/01/26 02:51:34.891 AM EDT,$0.00
Ceddanne Rafaela 6.5,MLB-PHRR-FG-000F9TBUI50AH6G-CELA000-GTE-P00065,Settled Early,08/01/26 02:51:35.108 AM EDT,$1.00
Ceddanne Rafaela 8.5,MLB-PHRR-FG-000F9TBUI50AH6G-CELA000-GTE-P00085,Settled Early,08/01/26 02:51:35.271 AM EDT,$0.00
Cole Young 1.5,MLB-PHRN-FG-000F839EI50D218-CONG001-GTE-P00015,Settled Early,08/01/26 02:51:37.930 AM EDT,$0.00
Cole Young 0.5,MLB-PHRN-FG-000F839EI50D218-CONG001-GTE-P00005,Settled Early,08/01/26 02:51:38.179 AM EDT,$1.00
Cole Young 2.5,MLB-PHRN-FG-000F839EI50D218-CONG001-GTE-P00025,Settled Early,08/01/26 02:51:38.429 AM EDT,$0.00
Over 0.5,MLB-TRUNS-I5-000F9TAII50AG9O-GTE-P00005,Settled Early,08/01/26 02:51:49.170 AM EDT,$1.00
Over 4.5,MLB-TRUNS-I5-000F9TAII50AG9O-GTE-P00045,Settled Early,08/01/26 02:51:49.501 AM EDT,$1.00
Over 2.5,MLB-TRUNS-I5-000F9TAII50AG9O-GTE-P00025,Settled Early,08/01/26 02:51:49.762 AM EDT,$1.00
Over 3.5,MLB-TRUNS-I5-000F9TAII50AG9O-GTE-P00035,Settled Early,08/01/26 02:51:50.050 AM EDT,$1.00
Over 1.5,MLB-TRUNS-I5-000F9TAII50AG9O-GTE-P00015,Settled Early,08/01/26 02:51:50.318 AM EDT,$1.00
Ceddanne Rafaela 7.5,MLB-PTBS-FG-000F9TBUI50AH6G-CELA000-GTE-P00075,Settled Early,08/01/26 02:51:52.988 AM EDT,$0.00
Ceddanne Rafaela 1.5,MLB-PTBS-FG-000F9TBUI50AH6G-CELA000-GTE-P00015,Settled Early,08/01/26 02:51:53.353 AM EDT,$1.00
Ceddanne Rafaela 6.5,MLB-PTBS-FG-000F9TBUI50AH6G-CELA000-GTE-P00065,Settled Early,08/01/26 02:51:53.584 AM EDT,$0.00
Ceddanne Rafaela 4.5,MLB-PTBS-FG-000F9TBUI50AH6G-CELA000-GTE-P00045,Settled Early,08/01/26 02:51:53.905 AM EDT,$1.00
Ceddanne Rafaela 5.5,MLB-PTBS-FG-000F9TBUI50AH6G-CELA000-GTE-P00055,Settled Early,08/01/26 02:51:54.130 AM EDT,$1.00
Ceddanne Rafaela 0.5,MLB-PTBS-FG-000F9TBUI50AH6G-CELA000-GTE-P00005,Settled Early,08/01/26 02:51:54.321 AM EDT,$1.00
Ceddanne Rafaela 2.5,MLB-PTBS-FG-000F9TBUI50AH6G-CELA000-GTE-P00025,Settled Early,08/01/26 02:51:54.535 AM EDT,$1.00
Ceddanne Rafaela 3.5,MLB-PTBS-FG-000F9TBUI50AH6G-CELA000-GTE-P00035,Settled Early,08/01/26 02:51:54.752 AM EDT,$1.00
Over 1.5,MLB-TRUNS-I4-000F9TFPI50AH4O-GTE-P00015,Settled Early,08/01/26 02:52:03.811 AM EDT,$1.00
Over 0.5,MLB-TRUNS-I4-000F9TFPI50AH4O-GTE-P00005,Settled Early,08/01/26 02:52:04.069 AM EDT,$1.00
Over 3.5,MLB-TRUNS-I4-000F9TFPI50AH4O-GTE-P00035,Settled Early,08/01/26 02:52:04.398 AM EDT,$0.00
Over 2.5,MLB-TRUNS-I4-000F9TFPI50AH4O-GTE-P00025,Settled Early,08/01/26 02:52:04.646 AM EDT,$0.00
Randy Arozarena 2.5,MLB-PHIT-FG-000F839EI50D218-RANA000-GTE-P00025,Settled Early,08/01/26 02:52:04.764 AM EDT,$0.00
Over 4.5,MLB-TRUNS-I4-000F9TFPI50AH4O-GTE-P00045,Settled Early,08/01/26 02:52:04.878 AM EDT,$0.00
Randy Arozarena 0.5,MLB-PHIT-FG-000F839EI50D218-RANA000-GTE-P00005,Settled Early,08/01/26 02:52:04.963 AM EDT,$0.00
Randy Arozarena 1.5,MLB-PHIT-FG-000F839EI50D218-RANA000-GTE-P00015,Settled Early,08/01/26 02:52:05.187 AM EDT,$0.00
Randy Arozarena 3.5,MLB-PHIT-FG-000F839EI50D218-RANA000-GTE-P00035,Settled Early,08/01/26 02:52:05.385 AM EDT,$0.00
Randy Arozarena 4.5,MLB-PHIT-FG-000F839EI50D218-RANA000-GTE-P00045,Settled Early,08/01/26 02:52:05.556 AM EDT,$0.00
Ceddanne Rafaela 1.5,MLB-PHRN-FG-000F9TBUI50AH6G-CELA000-GTE-P00015,Settled Early,08/01/26 02:52:06.904 AM EDT,$0.00
Ceddanne Rafaela 0.5,MLB-PHRN-FG-000F9TBUI50AH6G-CELA000-GTE-P00005,Settled Early,08/01/26 02:52:07.117 AM EDT,$1.00
Ceddanne Rafaela 2.5,MLB-PHRN-FG-000F9TBUI50AH6G-CELA000-GTE-P00025,Settled Early,08/01/26 02:52:07.291 AM EDT,$0.00
Randy Arozarena 1.5,MLB-PRBI-FG-000F839EI50D218-RANA000-GTE-P00015,Settled Early,08/01/26 02:52:16.899 AM EDT,$0.00
Randy Arozarena 3.5,MLB-PRBI-FG-000F839EI50D218-RANA000-GTE-P00035,Settled Early,08/01/26 02:52:17.154 AM EDT,$0.00
Randy Arozarena 4.5,MLB-PRBI-FG-000F839EI50D218-RANA000-GTE-P00045,Settled Early,08/01/26 02:52:17.408 AM EDT,$0.00
Randy Arozarena 2.5,MLB-PRBI-FG-000F839EI50D218-RANA000-GTE-P00025,Settled Early,08/01/26 02:52:17.646 AM EDT,$0.00
Randy Arozarena 0.5,MLB-PRBI-FG-000F839EI50D218-RANA000-GTE-P00005,Settled Early,08/01/26 02:52:17.869 AM EDT,$0.00
Randy Arozarena 4.5,MLB-PTBS-FG-000F839EI50D218-RANA000-GTE-P00045,Settled Early,08/01/26 02:52:28.328 AM EDT,$0.00
Randy Arozarena 2.5,MLB-PTBS-FG-000F839EI50D218-RANA000-GTE-P00025,Settled Early,08/01/26 02:52:28.607 AM EDT,$0.00
Randy Arozarena 5.5,MLB-PTBS-FG-000F839EI50D218-RANA000-GTE-P00055,Settled Early,08/01/26 02:52:28.837 AM EDT,$0.00
Randy Arozarena 0.5,MLB-PTBS-FG-000F839EI50D218-RANA000-GTE-P00005,Settled Early,08/01/26 02:52:29.056 AM EDT,$0.00
Randy Arozarena 3.5,MLB-PTBS-FG-000F839EI50D218-RANA000-GTE-P00035,Settled Early,08/01/26 02:52:29.275 AM EDT,$0.00
Randy Arozarena 7.5,MLB-PTBS-FG-000F839EI50D218-RANA000-GTE-P00075,Settled Early,08/01/26 02:52:29.460 AM EDT,$0.00
Randy Arozarena 1.5,MLB-PTBS-FG-000F839EI50D218-RANA000-GTE-P00015,Settled Early,08/01/26 02:52:29.677 AM EDT,$0.00
Randy Arozarena 6.5,MLB-PTBS-FG-000F839EI50D218-RANA000-GTE-P00065,Settled Early,08/01/26 02:52:29.856 AM EDT,$0.00
Ceddanne Rafaela 4.5,MLB-PHIT-FG-000F9TBUI50AH6G-CELA000-GTE-P00045,Settled Early,08/01/26 02:52:33.365 AM EDT,$0.00
Ceddanne Rafaela 2.5,MLB-PHIT-FG-000F9TBUI50AH6G-CELA000-GTE-P00025,Settled Early,08/01/26 02:52:33.593 AM EDT,$1.00
Ceddanne Rafaela 3.5,MLB-PHIT-FG-000F9TBUI50AH6G-CELA000-GTE-P00035,Settled Early,08/01/26 02:52:33.841 AM EDT,$0.00
Ceddanne Rafaela 0.5,MLB-PHIT-FG-000F9TBUI50AH6G-CELA000-GTE-P00005,Settled Early,08/01/26 02:52:34.072 AM EDT,$1.00
Ceddanne Rafaela 1.5,MLB-PHIT-FG-000F9TBUI50AH6G-CELA000-GTE-P00015,Settled Early,08/01/26 02:52:34.277 AM EDT,$1.00
Ceddanne Rafaela 0.5,MLB-PRBI-FG-000F9TBUI50AH6G-CELA000-GTE-P00005,Settled Early,08/01/26 02:52:47.109 AM EDT,$1.00
Ceddanne Rafaela 3.5,MLB-PRBI-FG-000F9TBUI50AH6G-CELA000-GTE-P00035,Settled Early,08/01/26 02:52:47.366 AM EDT,$0.00
Ceddanne Rafaela 1.5,MLB-PRBI-FG-000F9TBUI50AH6G-CELA000-GTE-P00015,Settled Early,08/01/26 02:52:47.589 AM EDT,$1.00
Ceddanne Rafaela 2.5,MLB-PRBI-FG-000F9TBUI50AH6G-CELA000-GTE-P00025,Settled Early,08/01/26 02:52:47.790 AM EDT,$0.00
Ceddanne Rafaela 4.5,MLB-PRBI-FG-000F9TBUI50AH6G-CELA000-GTE-P00045,Settled Early,08/01/26 02:52:48.024 AM EDT,$0.00
Randy Arozarena 2.5,MLB-PHRN-FG-000F839EI50D218-RANA000-GTE-P00025,Settled Early,08/01/26 02:53:07.465 AM EDT,$0.00
Randy Arozarena 1.5,MLB-PHRN-FG-000F839EI50D218-RANA000-GTE-P00015,Settled Early,08/01/26 02:53:07.724 AM EDT,$0.00
Randy Arozarena 0.5,MLB-PHRN-FG-000F839EI50D218-RANA000-GTE-P00005,Settled Early,08/01/26 02:53:07.926 AM EDT,$0.00
Julio Rodriguez 1.5,MLB-PHIT-FG-000F839EI50D218-JUEZ003-GTE-P00015,Settled Early,08/01/26 02:53:31.905 AM EDT,$0.00
Julio Rodriguez 0.5,MLB-PHIT-FG-000F839EI50D218-JUEZ003-GTE-P00005,Settled Early,08/01/26 02:53:32.162 AM EDT,$1.00
Julio Rodriguez 2.5,MLB-PHIT-FG-000F839EI50D218-JUEZ003-GTE-P00025,Settled Early,08/01/26 02:53:32.531 AM EDT,$0.00
Julio Rodriguez 3.5,MLB-PHIT-FG-000F839EI50D218-JUEZ003-GTE-P00035,Settled Early,08/01/26 02:53:32.758 AM EDT,$0.00
Julio Rodriguez 4.5,MLB-PHIT-FG-000F839EI50D218-JUEZ003-GTE-P00045,Settled Early,08/01/26 02:53:32.978 AM EDT,$0.00
Julio Rodriguez 1.5,MLB-PTBS-FG-000F839EI50D218-JUEZ003-GTE-P00015,Settled Early,08/01/26 02:54:01.481 AM EDT,$0.00
Julio Rodriguez 6.5,MLB-PTBS-FG-000F839EI50D218-JUEZ003-GTE-P00065,Settled Early,08/01/26 02:54:01.761 AM EDT,$0.00
Julio Rodriguez 4.5,MLB-PTBS-FG-000F839EI50D218-JUEZ003-GTE-P00045,Settled Early,08/01/26 02:54:01.996 AM EDT,$0.00
Julio Rodriguez 7.5,MLB-PTBS-FG-000F839EI50D218-JUEZ003-GTE-P00075,Settled Early,08/01/26 02:54:02.235 AM EDT,$0.00
Julio Rodriguez 2.5,MLB-PTBS-FG-000F839EI50D218-JUEZ003-GTE-P00025,Settled Early,08/01/26 02:54:02.443 AM EDT,$0.00
Julio Rodriguez 0.5,MLB-PTBS-FG-000F839EI50D218-JUEZ003-GTE-P00005,Settled Early,08/01/26 02:54:02.612 AM EDT,$1.00
Julio Rodriguez 3.5,MLB-PTBS-FG-000F839EI50D218-JUEZ003-GTE-P00035,Settled Early,08/01/26 02:54:02.837 AM EDT,$0.00
Julio Rodriguez 5.5,MLB-PTBS-FG-000F839EI50D218-JUEZ003-GTE-P00055,Settled Early,08/01/26 02:54:03.126 AM EDT,$0.00
Julio Rodriguez 1.5,MLB-PRBI-FG-000F839EI50D218-JUEZ003-GTE-P00015,Settled Early,08/01/26 02:54:11.538 AM EDT,$0.00
Julio Rodriguez 0.5,MLB-PRBI-FG-000F839EI50D218-JUEZ003-GTE-P00005,Settled Early,08/01/26 02:54:11.771 AM EDT,$0.00
Julio Rodriguez 4.5,MLB-PRBI-FG-000F839EI50D218-JUEZ003-GTE-P00045,Settled Early,08/01/26 02:54:11.997 AM EDT,$0.00
Julio Rodriguez 2.5,MLB-PRBI-FG-000F839EI50D218-JUEZ003-GTE-P00025,Settled Early,08/01/26 02:54:12.233 AM EDT,$0.00
Julio Rodriguez 3.5,MLB-PRBI-FG-000F839EI50D218-JUEZ003-GTE-P00035,Settled Early,08/01/26 02:54:12.445 AM EDT,$0.00
Julio Rodriguez 1.5,MLB-PHRN-FG-000F839EI50D218-JUEZ003-GTE-P00015,Settled Early,08/01/26 02:54:21.578 AM EDT,$0.00
Julio Rodriguez 2.5,MLB-PHRN-FG-000F839EI50D218-JUEZ003-GTE-P00025,Settled Early,08/01/26 02:54:21.831 AM EDT,$0.00
Julio Rodriguez 0.5,MLB-PHRN-FG-000F839EI50D218-JUEZ003-GTE-P00005,Settled Early,08/01/26 02:54:22.072 AM EDT,$0.00
Josh Naylor 0.5,MLB-PRBI-FG-000F839EI50D218-JOOR000-GTE-P00005,Settled Early,08/01/26 02:54:48.813 AM EDT,$0.00
Josh Naylor 2.5,MLB-PRBI-FG-000F839EI50D218-JOOR000-GTE-P00025,Settled Early,08/01/26 02:54:49.053 AM EDT,$0.00
Josh Naylor 3.5,MLB-PRBI-FG-000F839EI50D218-JOOR000-GTE-P00035,Settled Early,08/01/26 02:54:49.269 AM EDT,$0.00
Josh Naylor 4.5,MLB-PRBI-FG-000F839EI50D218-JOOR000-GTE-P00045,Settled Early,08/01/26 02:54:49.528 AM EDT,$0.00
Josh Naylor 1.5,MLB-PRBI-FG-000F839EI50D218-JOOR000-GTE-P00015,Settled Early,08/01/26 02:54:49.750 AM EDT,$0.00
Josh Naylor 6.5,MLB-PTBS-FG-000F839EI50D218-JOOR000-GTE-P00065,Settled Early,08/01/26 02:54:59.700 AM EDT,$0.00
Josh Naylor 1.5,MLB-PTBS-FG-000F839EI50D218-JOOR000-GTE-P00015,Settled Early,08/01/26 02:54:59.925 AM EDT,$0.00
Josh Naylor 4.5,MLB-PTBS-FG-000F839EI50D218-JOOR000-GTE-P00045,Settled Early,08/01/26 02:55:00.145 AM EDT,$0.00
Josh Naylor 0.5,MLB-PTBS-FG-000F839EI50D218-JOOR000-GTE-P00005,Settled Early,08/01/26 02:55:00.359 AM EDT,$0.00
Josh Naylor 3.5,MLB-PTBS-FG-000F839EI50D218-JOOR000-GTE-P00035,Settled Early,08/01/26 02:55:00.588 AM EDT,$0.00
Josh Naylor 7.5,MLB-PTBS-FG-000F839EI50D218-JOOR000-GTE-P00075,Settled Early,08/01/26 02:55:00.773 AM EDT,$0.00
Josh Naylor 5.5,MLB-PTBS-FG-000F839EI50D218-JOOR000-GTE-P00055,Settled Early,08/01/26 02:55:00.972 AM EDT,$0.00
Josh Naylor 2.5,MLB-PTBS-FG-000F839EI50D218-JOOR000-GTE-P00025,Settled Early,08/01/26 02:55:01.163 AM EDT,$0.00
Josh Naylor 1.5,MLB-PHRN-FG-000F839EI50D218-JOOR000-GTE-P00015,Settled Early,08/01/26 02:55:09.472 AM EDT,$0.00
Josh Naylor 2.5,MLB-PHRN-FG-000F839EI50D218-JOOR000-GTE-P00025,Settled Early,08/01/26 02:55:09.685 AM EDT,$0.00
Josh Naylor 0.5,MLB-PHRN-FG-000F839EI50D218-JOOR000-GTE-P00005,Settled Early,08/01/26 02:55:09.920 AM EDT,$0.00
Cal Raleigh 0.5,MLB-PHIT-FG-000F839EI50D218-CAGH000-GTE-P00005,Settled Early,08/01/26 02:55:54.526 AM EDT,$1.00
Cal Raleigh 4.5,MLB-PHIT-FG-000F839EI50D218-CAGH000-GTE-P00045,Settled Early,08/01/26 02:55:54.780 AM EDT,$0.00
Cal Raleigh 1.5,MLB-PHIT-FG-000F839EI50D218-CAGH000-GTE-P00015,Settled Early,08/01/26 02:55:54.996 AM EDT,$0.00
Cal Raleigh 2.5,MLB-PHIT-FG-000F839EI50D218-CAGH000-GTE-P00025,Settled Early,08/01/26 02:55:55.231 AM EDT,$0.00
Cal Raleigh 3.5,MLB-PHIT-FG-000F839EI50D218-CAGH000-GTE-P00035,Settled Early,08/01/26 02:55:55.461 AM EDT,$0.00
Cal Raleigh 1.5,MLB-PTBS-FG-000F839EI50D218-CAGH000-GTE-P00015,Settled Early,08/01/26 02:56:10.545 AM EDT,$1.00
Cal Raleigh 6.5,MLB-PTBS-FG-000F839EI50D218-CAGH000-GTE-P00065,Settled Early,08/01/26 02:56:10.788 AM EDT,$0.00
Cal Raleigh 2.5,MLB-PTBS-FG-000F839EI50D218-CAGH000-GTE-P00025,Settled Early,08/01/26 02:56:10.988 AM EDT,$0.00
Cal Raleigh 7.5,MLB-PTBS-FG-000F839EI50D218-CAGH000-GTE-P00075,Settled Early,08/01/26 02:56:11.183 AM EDT,$0.00
Cal Raleigh 5.5,MLB-PTBS-FG-000F839EI50D218-CAGH000-GTE-P00055,Settled Early,08/01/26 02:56:11.391 AM EDT,$0.00
Cal Raleigh 0.5,MLB-PTBS-FG-000F839EI50D218-CAGH000-GTE-P00005,Settled Early,08/01/26 02:56:11.582 AM EDT,$1.00
Cal Raleigh 3.5,MLB-PTBS-FG-000F839EI50D218-CAGH000-GTE-P00035,Settled Early,08/01/26 02:56:11.763 AM EDT,$0.00
Cal Raleigh 4.5,MLB-PTBS-FG-000F839EI50D218-CAGH000-GTE-P00045,Settled Early,08/01/26 02:56:11.987 AM EDT,$0.00
Cal Raleigh 0.5,MLB-PRBI-FG-000F839EI50D218-CAGH000-GTE-P00005,Settled Early,08/01/26 02:56:26.022 AM EDT,$1.00
Cal Raleigh 4.5,MLB-PRBI-FG-000F839EI50D218-CAGH000-GTE-P00045,Settled Early,08/01/26 02:56:26.306 AM EDT,$0.00
Cal Raleigh 2.5,MLB-PRBI-FG-000F839EI50D218-CAGH000-GTE-P00025,Settled Early,08/01/26 02:56:26.566 AM EDT,$0.00
Cal Raleigh 3.5,MLB-PRBI-FG-000F839EI50D218-CAGH000-GTE-P00035,Settled Early,08/01/26 02:56:26.818 AM EDT,$0.00
Cal Raleigh 1.5,MLB-PRBI-FG-000F839EI50D218-CAGH000-GTE-P00015,Settled Early,08/01/26 02:56:27.043 AM EDT,$1.00
Cal Raleigh 1.5,MLB-PHRN-FG-000F839EI50D218-CAGH000-GTE-P00015,Settled Early,08/01/26 02:56:40.738 AM EDT,$0.00
Cal Raleigh 2.5,MLB-PHRN-FG-000F839EI50D218-CAGH000-GTE-P00025,Settled Early,08/01/26 02:56:40.969 AM EDT,$0.00
Cal Raleigh 0.5,MLB-PHRN-FG-000F839EI50D218-CAGH000-GTE-P00005,Settled Early,08/01/26 02:56:41.177 AM EDT,$0.00
Wilyer Abreu 1.5,MLB-PHRR-FG-000F9TBUI50AH6G-WIEU000-GTE-P00015,Settled Early,08/01/26 02:56:57.427 AM EDT,$1.00
Wilyer Abreu 2.5,MLB-PHRR-FG-000F9TBUI50AH6G-WIEU000-GTE-P00025,Settled Early,08/01/26 02:56:57.699 AM EDT,$0.00
Wilyer Abreu 3.5,MLB-PHRR-FG-000F9TBUI50AH6G-WIEU000-GTE-P00035,Settled Early,08/01/26 02:56:58.017 AM EDT,$0.00
Wilyer Abreu 9.5,MLB-PHRR-FG-000F9TBUI50AH6G-WIEU000-GTE-P00095,Settled Early,08/01/26 02:56:58.245 AM EDT,$0.00
Wilyer Abreu 0.5,MLB-PHRR-FG-000F9TBUI50AH6G-WIEU000-GTE-P00005,Settled Early,08/01/26 02:56:58.737 AM EDT,$1.00
Wilyer Abreu 8.5,MLB-PHRR-FG-000F9TBUI50AH6G-WIEU000-GTE-P00085,Settled Early,08/01/26 02:56:59.016 AM EDT,$0.00
Wilyer Abreu 4.5,MLB-PHRR-FG-000F9TBUI50AH6G-WIEU000-GTE-P00045,Settled Early,08/01/26 02:56:59.225 AM EDT,$0.00
Wilyer Abreu 6.5,MLB-PHRR-FG-000F9TBUI50AH6G-WIEU000-GTE-P00065,Settled Early,08/01/26 02:56:59.474 AM EDT,$0.00
Wilyer Abreu 7.5,MLB-PHRR-FG-000F9TBUI50AH6G-WIEU000-GTE-P00075,Settled Early,08/01/26 02:56:59.656 AM EDT,$0.00
Wilyer Abreu 5.5,MLB-PHRR-FG-000F9TBUI50AH6G-WIEU000-GTE-P00055,Settled Early,08/01/26 02:56:59.856 AM EDT,$0.00
Wilyer Abreu 4.5,MLB-PHIT-FG-000F9TBUI50AH6G-WIEU000-GTE-P00045,Settled Early,08/01/26 02:57:13.270 AM EDT,$0.00
Wilyer Abreu 2.5,MLB-PHIT-FG-000F9TBUI50AH6G-WIEU000-GTE-P00025,Settled Early,08/01/26 02:57:13.529 AM EDT,$0.00
Wilyer Abreu 1.5,MLB-PHIT-FG-000F9TBUI50AH6G-WIEU000-GTE-P00015,Settled Early,08/01/26 02:57:13.746 AM EDT,$0.00
Wilyer Abreu 3.5,MLB-PHIT-FG-000F9TBUI50AH6G-WIEU000-GTE-P00035,Settled Early,08/01/26 02:57:14.024 AM EDT,$0.00
Wilyer Abreu 0.5,MLB-PHIT-FG-000F9TBUI50AH6G-WIEU000-GTE-P00005,Settled Early,08/01/26 02:57:14.241 AM EDT,$1.00
Wilyer Abreu 0.5,MLB-PRBI-FG-000F9TBUI50AH6G-WIEU000-GTE-P00005,Settled Early,08/01/26 02:57:27.051 AM EDT,$0.00
Wilyer Abreu 3.5,MLB-PRBI-FG-000F9TBUI50AH6G-WIEU000-GTE-P00035,Settled Early,08/01/26 02:57:27.390 AM EDT,$0.00
Wilyer Abreu 2.5,MLB-PRBI-FG-000F9TBUI50AH6G-WIEU000-GTE-P00025,Settled Early,08/01/26 02:57:27.670 AM EDT,$0.00
Wilyer Abreu 1.5,MLB-PRBI-FG-000F9TBUI50AH6G-WIEU000-GTE-P00015,Settled Early,08/01/26 02:57:27.919 AM EDT,$0.00
Wilyer Abreu 4.5,MLB-PRBI-FG-000F9TBUI50AH6G-WIEU000-GTE-P00045,Settled Early,08/01/26 02:57:28.220 AM EDT,$0.00
Wilyer Abreu 1.5,MLB-PHRN-FG-000F9TBUI50AH6G-WIEU000-GTE-P00015,Settled Early,08/01/26 02:57:37.240 AM EDT,$0.00
Wilyer Abreu 2.5,MLB-PHRN-FG-000F9TBUI50AH6G-WIEU000-GTE-P00025,Settled Early,08/01/26 02:57:37.513 AM EDT,$0.00
Wilyer Abreu 0.5,MLB-PHRN-FG-000F9TBUI50AH6G-WIEU000-GTE-P00005,Settled Early,08/01/26 02:57:37.756 AM EDT,$0.00
MIN Twins -0.5,MLB-MOVY-FG-000F839EI50D218-MINS000-GTE-P00005,Settled Early,08/01/26 02:57:44.225 AM EDT,$1.00
MIN Twins -3.5,MLB-MOVY-FG-000F839EI50D218-MINS000-GTE-P00035,Settled Early,08/01/26 02:57:44.457 AM EDT,$0.00
MIN Twins -2.5,MLB-MOVY-FG-000F839EI50D218-MINS000-GTE-P00025,Settled Early,08/01/26 02:57:44.663 AM EDT,$0.00
MIN Twins -4.5,MLB-MOVY-FG-000F839EI50D218-MINS000-GTE-P00045,Settled Early,08/01/26 02:57:44.900 AM EDT,$0.00
MIN Twins -1.5,MLB-MOVY-FG-000F839EI50D218-MINS000-GTE-P00015,Settled Early,08/01/26 02:57:45.141 AM EDT,$1.00
SEA Mariners -1.5,MLB-MOVY-FG-000F839EI50D218-SERS000-GTE-P00015,Settled Early,08/01/26 02:57:45.327 AM EDT,$0.00
SEA Mariners -5.5,MLB-MOVY-FG-000F839EI50D218-SERS000-GTE-P00055,Settled Early,08/01/26 02:57:45.515 AM EDT,$0.00
SEA Mariners -4.5,MLB-MOVY-FG-000F839EI50D218-SERS000-GTE-P00045,Settled Early,08/01/26 02:57:45.698 AM EDT,$0.00
MIN Twins -5.5,MLB-MOVY-FG-000F839EI50D218-MINS000-GTE-P00055,Settled Early,08/01/26 02:57:45.879 AM EDT,$0.00
MIN Twins -6.5,MLB-MOVY-FG-000F839EI50D218-MINS000-GTE-P00065,Settled Early,08/01/26 02:57:46.047 AM EDT,$0.00
SEA Mariners -7.5,MLB-MOVY-FG-000F839EI50D218-SERS000-GTE-P00075,Settled Early,08/01/26 02:57:46.237 AM EDT,$0.00
SEA Mariners -2.5,MLB-MOVY-FG-000F839EI50D218-SERS000-GTE-P00025,Settled Early,08/01/26 02:57:46.432 AM EDT,$0.00
SEA Mariners -3.5,MLB-MOVY-FG-000F839EI50D218-SERS000-GTE-P00035,Settled Early,08/01/26 02:57:46.601 AM EDT,$0.00
MIN Twins -7.5,MLB-MOVY-FG-000F839EI50D218-MINS000-GTE-P00075,Settled Early,08/01/26 02:57:46.788 AM EDT,$0.00
SEA Mariners -6.5,MLB-MOVY-FG-000F839EI50D218-SERS000-GTE-P00065,Settled Early,08/01/26 02:57:46.952 AM EDT,$0.00
SEA Mariners -0.5,MLB-MOVY-FG-000F839EI50D218-SERS000-GTE-P00005,Settled Early,08/01/26 02:57:47.142 AM EDT,$0.00
Wilyer Abreu 4.5,MLB-PTBS-FG-000F9TBUI50AH6G-WIEU000-GTE-P00045,Settled Early,08/01/26 02:57:47.797 AM EDT,$0.00
Wilyer Abreu 3.5,MLB-PTBS-FG-000F9TBUI50AH6G-WIEU000-GTE-P00035,Settled Early,08/01/26 02:57:47.968 AM EDT,$0.00
Wilyer Abreu 0.5,MLB-PTBS-FG-000F9TBUI50AH6G-WIEU000-GTE-P00005,Settled Early,08/01/26 02:57:48.160 AM EDT,$1.00
Wilyer Abreu 7.5,MLB-PTBS-FG-000F9TBUI50AH6G-WIEU000-GTE-P00075,Settled Early,08/01/26 02:57:48.369 AM EDT,$0.00
Wilyer Abreu 5.5,MLB-PTBS-FG-000F9TBUI50AH6G-WIEU000-GTE-P00055,Settled Early,08/01/26 02:57:48.540 AM EDT,$0.00
Wilyer Abreu 6.5,MLB-PTBS-FG-000F9TBUI50AH6G-WIEU000-GTE-P00065,Settled Early,08/01/26 02:57:48.711 AM EDT,$0.00
Wilyer Abreu 1.5,MLB-PTBS-FG-000F9TBUI50AH6G-WIEU000-GTE-P00015,Settled Early,08/01/26 02:57:48.903 AM EDT,$0.00
Wilyer Abreu 2.5,MLB-PTBS-FG-000F9TBUI50AH6G-WIEU000-GTE-P00025,Settled Early,08/01/26 02:57:49.068 AM EDT,$0.00
Enrique Hernandez 3.5,MLB-PHRR-FG-000F9TBUI50AH6G-ENEZ002-GTE-P00035,Settled Early,08/01/26 02:57:49.574 AM EDT,$0.00
Enrique Hernandez 7.5,MLB-PHRR-FG-000F9TBUI50AH6G-ENEZ002-GTE-P00075,Settled Early,08/01/26 02:57:49.779 AM EDT,$0.00
Enrique Hernandez 4.5,MLB-PHRR-FG-000F9TBUI50AH6G-ENEZ002-GTE-P00045,Settled Early,08/01/26 02:57:49.957 AM EDT,$0.00
Enrique Hernandez 1.5,MLB-PHRR-FG-000F9TBUI50AH6G-ENEZ002-GTE-P00015,Settled Early,08/01/26 02:57:50.125 AM EDT,$0.00
Enrique Hernandez 0.5,MLB-PHRR-FG-000F9TBUI50AH6G-ENEZ002-GTE-P00005,Settled Early,08/01/26 02:57:50.355 AM EDT,$1.00
Enrique Hernandez 8.5,MLB-PHRR-FG-000F9TBUI50AH6G-ENEZ002-GTE-P00085,Settled Early,08/01/26 02:57:50.560 AM EDT,$0.00
Enrique Hernandez 5.5,MLB-PHRR-FG-000F9TBUI50AH6G-ENEZ002-GTE-P00055,Settled Early,08/01/26 02:57:50.737 AM EDT,$0.00
Enrique Hernandez 2.5,MLB-PHRR-FG-000F9TBUI50AH6G-ENEZ002-GTE-P00025,Settled Early,08/01/26 02:57:50.930 AM EDT,$0.00
Enrique Hernandez 9.5,MLB-PHRR-FG-000F9TBUI50AH6G-ENEZ002-GTE-P00095,Settled Early,08/01/26 02:57:51.112 AM EDT,$0.00
Enrique Hernandez 6.5,MLB-PHRR-FG-000F9TBUI50AH6G-ENEZ002-GTE-P00065,Settled Early,08/01/26 02:57:51.305 AM EDT,$0.00
Over 3.5,MLB-TRUNS-FG-000F839EI50D218-GTE-P00035,Settled Early,08/01/26 02:58:09.382 AM EDT,$1.00
Over 4.5,MLB-TRUNS-FG-000F839EI50D218-GTE-P00045,Settled Early,08/01/26 02:58:09.612 AM EDT,$1.00
Over 15.5,MLB-TRUNS-FG-000F839EI50D218-GTE-P00155,Settled Early,08/01/26 02:58:09.857 AM EDT,$0.00
Over 5.5,MLB-TRUNS-FG-000F839EI50D218-GTE-P00055,Settled Early,08/01/26 02:58:10.050 AM EDT,$1.00
Over 11.5,MLB-TRUNS-FG-000F839EI50D218-GTE-P00115,Settled Early,08/01/26 02:58:10.259 AM EDT,$0.00
Over 12.5,MLB-TRUNS-FG-000F839EI50D218-GTE-P00125,Settled Early,08/01/26 02:58:10.474 AM EDT,$0.00
Over 10.5,MLB-TRUNS-FG-000F839EI50D218-GTE-P00105,Settled Early,08/01/26 02:58:10.642 AM EDT,$0.00
Over 14.5,MLB-TRUNS-FG-000F839EI50D218-GTE-P00145,Settled Early,08/01/26 02:58:10.841 AM EDT,$0.00
Over 13.5,MLB-TRUNS-FG-000F839EI50D218-GTE-P00135,Settled Early,08/01/26 02:58:11.032 AM EDT,$0.00
Over 7.5,MLB-TRUNS-FG-000F839EI50D218-GTE-P00075,Settled Early,08/01/26 02:58:11.225 AM EDT,$1.00
Over 9.5,MLB-TRUNS-FG-000F839EI50D218-GTE-P00095,Settled Early,08/01/26 02:58:11.400 AM EDT,$0.00
Over 6.5,MLB-TRUNS-FG-000F839EI50D218-GTE-P00065,Settled Early,08/01/26 02:58:11.574 AM EDT,$1.00
Over 8.5,MLB-TRUNS-FG-000F839EI50D218-GTE-P00085,Settled Early,08/01/26 02:58:11.747 AM EDT,$0.00
Over 3.5,MLB-TRUNS-I2-000F9TFPI50AH4O-GTE-P00035,Settled Early,08/01/26 02:58:24.970 AM EDT,$0.00
Over 4.5,MLB-TRUNS-I2-000F9TFPI50AH4O-GTE-P00045,Settled Early,08/01/26 02:58:25.225 AM EDT,$0.00
Over 2.5,MLB-TRUNS-I2-000F9TFPI50AH4O-GTE-P00025,Settled Early,08/01/26 02:58:25.490 AM EDT,$0.00
Over 1.5,MLB-TRUNS-I2-000F9TFPI50AH4O-GTE-P00015,Settled Early,08/01/26 02:58:25.737 AM EDT,$0.00
Over 0.5,MLB-TRUNS-I2-000F9TFPI50AH4O-GTE-P00005,Settled Early,08/01/26 02:58:26.021 AM EDT,$0.00
MIN Twins,MLB-WIN-FG-000F839EI50D218-MINS000,Settled Early,08/01/26 02:58:33.562 AM EDT,$1.00
SEA Mariners,MLB-WIN-FG-000F839EI50D218-SERS000,Settled Early,08/01/26 02:58:33.815 AM EDT,$0.00
Mookie Betts 2.5,MLB-PHRR-FG-000F9TBUI50AH6G-MOTS000-GTE-P00025,Settled Early,08/01/26 02:58:46.496 AM EDT,$0.00
Mookie Betts 3.5,MLB-PHRR-FG-000F9TBUI50AH6G-MOTS000-GTE-P00035,Settled Early,08/01/26 02:58:46.728 AM EDT,$0.00
Mookie Betts 5.5,MLB-PHRR-FG-000F9TBUI50AH6G-MOTS000-GTE-P00055,Settled Early,08/01/26 02:58:46.945 AM EDT,$0.00
Mookie Betts 7.5,MLB-PHRR-FG-000F9TBUI50AH6G-MOTS000-GTE-P00075,Settled Early,08/01/26 02:58:47.145 AM EDT,$0.00
Mookie Betts 9.5,MLB-PHRR-FG-000F9TBUI50AH6G-MOTS000-GTE-P00095,Settled Early,08/01/26 02:58:47.364 AM EDT,$0.00
Mookie Betts 0.5,MLB-PHRR-FG-000F9TBUI50AH6G-MOTS000-GTE-P00005,Settled Early,08/01/26 02:58:47.563 AM EDT,$1.00
Mookie Betts 4.5,MLB-PHRR-FG-000F9TBUI50AH6G-MOTS000-GTE-P00045,Settled Early,08/01/26 02:58:47.824 AM EDT,$0.00
Mookie Betts 8.5,MLB-PHRR-FG-000F9TBUI50AH6G-MOTS000-GTE-P00085,Settled Early,08/01/26 02:58:48.013 AM EDT,$0.00
Mookie Betts 1.5,MLB-PHRR-FG-000F9TBUI50AH6G-MOTS000-GTE-P00015,Settled Early,08/01/26 02:58:48.208 AM EDT,$0.00
Mookie Betts 6.5,MLB-PHRR-FG-000F9TBUI50AH6G-MOTS000-GTE-P00065,Settled Early,08/01/26 02:58:48.571 AM EDT,$0.00
Over 1.5,MLB-TRUNS-I8-000F9TFPI50AH4O-GTE-P00015,Settled Early,08/01/26 02:59:10.243 AM EDT,$0.00
Over 4.5,MLB-TRUNS-I8-000F9TFPI50AH4O-GTE-P00045,Settled Early,08/01/26 02:59:10.505 AM EDT,$0.00
Over 0.5,MLB-TRUNS-I8-000F9TFPI50AH4O-GTE-P00005,Settled Early,08/01/26 02:59:10.785 AM EDT,$0.00
Over 3.5,MLB-TRUNS-I8-000F9TFPI50AH4O-GTE-P00035,Settled Early,08/01/26 02:59:11.132 AM EDT,$0.00
Over 2.5,MLB-TRUNS-I8-000F9TFPI50AH4O-GTE-P00025,Settled Early,08/01/26 02:59:11.323 AM EDT,$0.00
Andruw Monasterio 0.5,MLB-PHRR-FG-000F9TBUI50AH6G-ANIO000-GTE-P00005,Settled Early,08/01/26 02:59:38.659 AM EDT,$1.00
Andruw Monasterio 1.5,MLB-PHRR-FG-000F9TBUI50AH6G-ANIO000-GTE-P00015,Settled Early,08/01/26 02:59:38.908 AM EDT,$1.00
Andruw Monasterio 2.5,MLB-PHRR-FG-000F9TBUI50AH6G-ANIO000-GTE-P00025,Settled Early,08/01/26 02:59:39.202 AM EDT,$1.00
Andruw Monasterio 4.5,MLB-PHRR-FG-000F9TBUI50AH6G-ANIO000-GTE-P00045,Settled Early,08/01/26 02:59:39.486 AM EDT,$0.00
Andruw Monasterio 5.5,MLB-PHRR-FG-000F9TBUI50AH6G-ANIO000-GTE-P00055,Settled Early,08/01/26 02:59:39.674 AM EDT,$0.00
Andruw Monasterio 6.5,MLB-PHRR-FG-000F9TBUI50AH6G-ANIO000-GTE-P00065,Settled Early,08/01/26 02:59:39.881 AM EDT,$0.00
Andruw Monasterio 8.5,MLB-PHRR-FG-000F9TBUI50AH6G-ANIO000-GTE-P00085,Settled Early,08/01/26 02:59:40.065 AM EDT,$0.00
Andruw Monasterio 7.5,MLB-PHRR-FG-000F9TBUI50AH6G-ANIO000-GTE-P00075,Settled Early,08/01/26 02:59:40.238 AM EDT,$0.00
Andruw Monasterio 9.5,MLB-PHRR-FG-000F9TBUI50AH6G-ANIO000-GTE-P00095,Settled Early,08/01/26 02:59:40.447 AM EDT,$0.00
Andruw Monasterio 3.5,MLB-PHRR-FG-000F9TBUI50AH6G-ANIO000-GTE-P00035,Settled Early,08/01/26 02:59:40.637 AM EDT,$0.00
Andruw Monasterio 0.5,MLB-PHRN-FG-000F9TBUI50AH6G-ANIO000-GTE-P00005,Settled Early,08/01/26 02:59:49.500 AM EDT,$0.00
Andruw Monasterio 1.5,MLB-PHRN-FG-000F9TBUI50AH6G-ANIO000-GTE-P00015,Settled Early,08/01/26 02:59:49.757 AM EDT,$0.00
Andruw Monasterio 2.5,MLB-PHRN-FG-000F9TBUI50AH6G-ANIO000-GTE-P00025,Settled Early,08/01/26 02:59:50.005 AM EDT,$0.00
Andruw Monasterio 0.5,MLB-PHIT-FG-000F9TBUI50AH6G-ANIO000-GTE-P00005,Settled Early,08/01/26 03:00:07.274 AM EDT,$1.00
Andruw Monasterio 3.5,MLB-PHIT-FG-000F9TBUI50AH6G-ANIO000-GTE-P00035,Settled Early,08/01/26 03:00:07.456 AM EDT,$0.00
Andruw Monasterio 2.5,MLB-PHIT-FG-000F9TBUI50AH6G-ANIO000-GTE-P00025,Settled Early,08/01/26 03:00:07.633 AM EDT,$0.00
Andruw Monasterio 4.5,MLB-PHIT-FG-000F9TBUI50AH6G-ANIO000-GTE-P00045,Settled Early,08/01/26 03:00:07.830 AM EDT,$0.00
Andruw Monasterio 1.5,MLB-PHIT-FG-000F9TBUI50AH6G-ANIO000-GTE-P00015,Settled Early,08/01/26 03:00:08.006 AM EDT,$0.00
Andruw Monasterio 1.5,MLB-PRBI-FG-000F9TBUI50AH6G-ANIO000-GTE-P00015,Settled Early,08/01/26 03:00:45.658 AM EDT,$1.00
Andruw Monasterio 4.5,MLB-PRBI-FG-000F9TBUI50AH6G-ANIO000-GTE-P00045,Settled Early,08/01/26 03:00:45.856 AM EDT,$0.00
Andruw Monasterio 3.5,MLB-PRBI-FG-000F9TBUI50AH6G-ANIO000-GTE-P00035,Settled Early,08/01/26 03:00:46.038 AM EDT,$0.00
Andruw Monasterio 0.5,MLB-PRBI-FG-000F9TBUI50AH6G-ANIO000-GTE-P00005,Settled Early,08/01/26 03:00:46.211 AM EDT,$1.00
Andruw Monasterio 2.5,MLB-PRBI-FG-000F9TBUI50AH6G-ANIO000-GTE-P00025,Settled Early,08/01/26 03:00:46.406 AM EDT,$0.00
Andruw Monasterio 1.5,MLB-PTBS-FG-000F9TBUI50AH6G-ANIO000-GTE-P00015,Settled Early,08/01/26 03:00:59.769 AM EDT,$1.00
Andruw Monasterio 3.5,MLB-PTBS-FG-000F9TBUI50AH6G-ANIO000-GTE-P00035,Settled Early,08/01/26 03:00:59.963 AM EDT,$0.00
Andruw Monasterio 7.5,MLB-PTBS-FG-000F9TBUI50AH6G-ANIO000-GTE-P00075,Settled Early,08/01/26 03:01:00.158 AM EDT,$0.00
Andruw Monasterio 5.5,MLB-PTBS-FG-000F9TBUI50AH6G-ANIO000-GTE-P00055,Settled Early,08/01/26 03:01:00.421 AM EDT,$0.00
Andruw Monasterio 4.5,MLB-PTBS-FG-000F9TBUI50AH6G-ANIO000-GTE-P00045,Settled Early,08/01/26 03:01:00.649 AM EDT,$0.00
Andruw Monasterio 6.5,MLB-PTBS-FG-000F9TBUI50AH6G-ANIO000-GTE-P00065,Settled Early,08/01/26 03:01:00.830 AM EDT,$0.00
Andruw Monasterio 2.5,MLB-PTBS-FG-000F9TBUI50AH6G-ANIO000-GTE-P00025,Settled Early,08/01/26 03:01:01.025 AM EDT,$0.00
Andruw Monasterio 0.5,MLB-PTBS-FG-000F9TBUI50AH6G-ANIO000-GTE-P00005,Settled Early,08/01/26 03:01:01.208 AM EDT,$1.00
Michael Massey 0.5,MLB-PHRR-FG-000F9TFPI50AH4O-MIEY000-GTE-P00005,Settled Early,08/01/26 03:02:07.997 AM EDT,$0.00
Michael Massey 1.5,MLB-PHRR-FG-000F9TFPI50AH4O-MIEY000-GTE-P00015,Settled Early,08/01/26 03:02:08.247 AM EDT,$0.00
Michael Massey 2.5,MLB-PHRR-FG-000F9TFPI50AH4O-MIEY000-GTE-P00025,Settled Early,08/01/26 03:02:08.418 AM EDT,$0.00
Michael Massey 3.5,MLB-PHRR-FG-000F9TFPI50AH4O-MIEY000-GTE-P00035,Settled Early,08/01/26 03:02:08.788 AM EDT,$0.00
Michael Massey 4.5,MLB-PHRR-FG-000F9TFPI50AH4O-MIEY000-GTE-P00045,Settled Early,08/01/26 03:02:09.014 AM EDT,$0.00
Michael Massey 5.5,MLB-PHRR-FG-000F9TFPI50AH4O-MIEY000-GTE-P00055,Settled Early,08/01/26 03:02:09.242 AM EDT,$0.00
Michael Massey 6.5,MLB-PHRR-FG-000F9TFPI50AH4O-MIEY000-GTE-P00065,Settled Early,08/01/26 03:02:09.537 AM EDT,$0.00
Michael Massey 7.5,MLB-PHRR-FG-000F9TFPI50AH4O-MIEY000-GTE-P00075,Settled Early,08/01/26 03:02:09.717 AM EDT,$0.00
Michael Massey 8.5,MLB-PHRR-FG-000F9TFPI50AH4O-MIEY000-GTE-P00085,Settled Early,08/01/26 03:02:09.898 AM EDT,$0.00
Michael Massey 9.5,MLB-PHRR-FG-000F9TFPI50AH4O-MIEY000-GTE-P00095,Settled Early,08/01/26 03:02:10.077 AM EDT,$0.00
Over 3.5,MLB-TRUNS-I7-000F9TFPI50AH4O-GTE-P00035,Settled Early,08/01/26 03:02:15.532 AM EDT,$0.00
Over 4.5,MLB-TRUNS-I7-000F9TFPI50AH4O-GTE-P00045,Settled Early,08/01/26 03:02:15.752 AM EDT,$0.00
Over 1.5,MLB-TRUNS-I7-000F9TFPI50AH4O-GTE-P00015,Settled Early,08/01/26 03:02:15.940 AM EDT,$0.00
Over 0.5,MLB-TRUNS-I7-000F9TFPI50AH4O-GTE-P00005,Settled Early,08/01/26 03:02:16.143 AM EDT,$0.00
Over 2.5,MLB-TRUNS-I7-000F9TFPI50AH4O-GTE-P00025,Settled Early,08/01/26 03:02:16.393 AM EDT,$0.00
Michael Massey 1.5,MLB-PHRN-FG-000F9TFPI50AH4O-MIEY000-GTE-P00015,Settled Early,08/01/26 03:02:17.599 AM EDT,$0.00
Michael Massey 0.5,MLB-PHRN-FG-000F9TFPI50AH4O-MIEY000-GTE-P00005,Settled Early,08/01/26 03:02:17.825 AM EDT,$0.00
Michael Massey 2.5,MLB-PHRN-FG-000F9TFPI50AH4O-MIEY000-GTE-P00025,Settled Early,08/01/26 03:02:18.072 AM EDT,$0.00
Michael Massey 1.5,MLB-PTBS-FG-000F9TFPI50AH4O-MIEY000-GTE-P00015,Settled Early,08/01/26 03:02:28.136 AM EDT,$0.00
Michael Massey 3.5,MLB-PTBS-FG-000F9TFPI50AH4O-MIEY000-GTE-P00035,Settled Early,08/01/26 03:02:28.475 AM EDT,$0.00
Michael Massey 5.5,MLB-PTBS-FG-000F9TFPI50AH4O-MIEY000-GTE-P00055,Settled Early,08/01/26 03:02:28.672 AM EDT,$0.00
Michael Massey 6.5,MLB-PTBS-FG-000F9TFPI50AH4O-MIEY000-GTE-P00065,Settled Early,08/01/26 03:02:28.843 AM EDT,$0.00
Michael Massey 0.5,MLB-PTBS-FG-000F9TFPI50AH4O-MIEY000-GTE-P00005,Settled Early,08/01/26 03:02:29.016 AM EDT,$0.00
Michael Massey 4.5,MLB-PTBS-FG-000F9TFPI50AH4O-MIEY000-GTE-P00045,Settled Early,08/01/26 03:02:29.218 AM EDT,$0.00
Michael Massey 2.5,MLB-PTBS-FG-000F9TFPI50AH4O-MIEY000-GTE-P00025,Settled Early,08/01/26 03:02:29.419 AM EDT,$0.00
Michael Massey 7.5,MLB-PTBS-FG-000F9TFPI50AH4O-MIEY000-GTE-P00075,Settled Early,08/01/26 03:02:29.639 AM EDT,$0.00
Over 1.5,MLB-TRUNS-I3-000F9TAII50AG9O-GTE-P00015,Settled Early,08/01/26 03:02:31.064 AM EDT,$0.00
Over 0.5,MLB-TRUNS-I3-000F9TAII50AG9O-GTE-P00005,Settled Early,08/01/26 03:02:31.278 AM EDT,$0.00
Over 3.5,MLB-TRUNS-I3-000F9TAII50AG9O-GTE-P00035,Settled Early,08/01/26 03:02:31.491 AM EDT,$0.00
Over 2.5,MLB-TRUNS-I3-000F9TAII50AG9O-GTE-P00025,Settled Early,08/01/26 03:02:31.657 AM EDT,$0.00
Over 4.5,MLB-TRUNS-I3-000F9TAII50AG9O-GTE-P00045,Settled Early,08/01/26 03:02:31.820 AM EDT,$0.00
Michael Massey 3.5,MLB-PHIT-FG-000F9TFPI50AH4O-MIEY000-GTE-P00035,Settled Early,08/01/26 03:02:37.264 AM EDT,$0.00
Michael Massey 4.5,MLB-PHIT-FG-000F9TFPI50AH4O-MIEY000-GTE-P00045,Settled Early,08/01/26 03:02:37.465 AM EDT,$0.00
Michael Massey 1.5,MLB-PHIT-FG-000F9TFPI50AH4O-MIEY000-GTE-P00015,Settled Early,08/01/26 03:02:37.638 AM EDT,$0.00
Michael Massey 0.5,MLB-PHIT-FG-000F9TFPI50AH4O-MIEY000-GTE-P00005,Settled Early,08/01/26 03:02:37.864 AM EDT,$0.00
Michael Massey 2.5,MLB-PHIT-FG-000F9TFPI50AH4O-MIEY000-GTE-P00025,Settled Early,08/01/26 03:02:38.066 AM EDT,$0.00
Willson Contreras 0.5,MLB-PHRR-FG-000F9TBUI50AH6G-WIAS000-GTE-P00005,Settled Early,08/01/26 03:02:46.522 AM EDT,$0.00
Willson Contreras 3.5,MLB-PHRR-FG-000F9TBUI50AH6G-WIAS000-GTE-P00035,Settled Early,08/01/26 03:02:46.960 AM EDT,$0.00
Michael Massey 1.5,MLB-PRBI-FG-000F9TFPI50AH4O-MIEY000-GTE-P00015,Settled Early,08/01/26 03:02:47.160 AM EDT,$0.00
Willson Contreras 4.5,MLB-PHRR-FG-000F9TBUI50AH6G-WIAS000-GTE-P00045,Settled Early,08/01/26 03:02:47.394 AM EDT,$0.00
Michael Massey 0.5,MLB-PRBI-FG-000F9TFPI50AH4O-MIEY000-GTE-P00005,Settled Early,08/01/26 03:02:47.651 AM EDT,$0.00
Willson Contreras 7.5,MLB-PHRR-FG-000F9TBUI50AH6G-WIAS000-GTE-P00075,Settled Early,08/01/26 03:02:47.823 AM EDT,$0.00
Michael Massey 2.5,MLB-PRBI-FG-000F9TFPI50AH4O-MIEY000-GTE-P00025,Settled Early,08/01/26 03:02:48.098 AM EDT,$0.00
Willson Contreras 8.5,MLB-PHRR-FG-000F9TBUI50AH6G-WIAS000-GTE-P00085,Settled Early,08/01/26 03:02:48.288 AM EDT,$0.00
Michael Massey 3.5,MLB-PRBI-FG-000F9TFPI50AH4O-MIEY000-GTE-P00035,Settled Early,08/01/26 03:02:48.553 AM EDT,$0.00
Willson Contreras 9.5,MLB-PHRR-FG-000F9TBUI50AH6G-WIAS000-GTE-P00095,Settled Early,08/01/26 03:02:48.757 AM EDT,$0.00
Michael Massey 4.5,MLB-PRBI-FG-000F9TFPI50AH4O-MIEY000-GTE-P00045,Settled Early,08/01/26 03:02:48.987 AM EDT,$0.00
Willson Contreras 1.5,MLB-PHRR-FG-000F9TBUI50AH6G-WIAS000-GTE-P00015,Settled Early,08/01/26 03:02:49.191 AM EDT,$0.00
Willson Contreras 2.5,MLB-PHRR-FG-000F9TBUI50AH6G-WIAS000-GTE-P00025,Settled Early,08/01/26 03:02:49.655 AM EDT,$0.00
Willson Contreras 6.5,MLB-PHRR-FG-000F9TBUI50AH6G-WIAS000-GTE-P00065,Settled Early,08/01/26 03:02:50.097 AM EDT,$0.00
Willson Contreras 5.5,MLB-PHRR-FG-000F9TBUI50AH6G-WIAS000-GTE-P00055,Settled Early,08/01/26 03:02:50.561 AM EDT,$0.00
Willson Contreras 7.5,MLB-PTBS-FG-000F9TBUI50AH6G-WIAS000-GTE-P00075,Settled Early,08/01/26 03:02:55.843 AM EDT,$0.00
Willson Contreras 2.5,MLB-PTBS-FG-000F9TBUI50AH6G-WIAS000-GTE-P00025,Settled Early,08/01/26 03:02:56.369 AM EDT,$0.00
Willson Contreras 6.5,MLB-PTBS-FG-000F9TBUI50AH6G-WIAS000-GTE-P00065,Settled Early,08/01/26 03:02:56.920 AM EDT,$0.00
Willson Contreras 0.5,MLB-PTBS-FG-000F9TBUI50AH6G-WIAS000-GTE-P00005,Settled Early,08/01/26 03:02:57.450 AM EDT,$0.00
Willson Contreras 1.5,MLB-PTBS-FG-000F9TBUI50AH6G-WIAS000-GTE-P00015,Settled Early,08/01/26 03:02:58.024 AM EDT,$0.00
Willson Contreras 5.5,MLB-PTBS-FG-000F9TBUI50AH6G-WIAS000-GTE-P00055,Settled Early,08/01/26 03:02:58.567 AM EDT,$0.00
Willson Contreras 3.5,MLB-PTBS-FG-000F9TBUI50AH6G-WIAS000-GTE-P00035,Settled Early,08/01/26 03:02:59.144 AM EDT,$0.00
Willson Contreras 4.5,MLB-PTBS-FG-000F9TBUI50AH6G-WIAS000-GTE-P00045,Settled Early,08/01/26 03:02:59.703 AM EDT,$0.00
Willson Contreras 1.5,MLB-PHRN-FG-000F9TBUI50AH6G-WIAS000-GTE-P00015,Settled Early,08/01/26 03:03:07.450 AM EDT,$0.00
Willson Contreras 0.5,MLB-PHRN-FG-000F9TBUI50AH6G-WIAS000-GTE-P00005,Settled Early,08/01/26 03:03:07.944 AM EDT,$0.00
Willson Contreras 2.5,MLB-PHRN-FG-000F9TBUI50AH6G-WIAS000-GTE-P00025,Settled Early,08/01/26 03:03:08.455 AM EDT,$0.00
Willson Contreras 1.5,MLB-PHIT-FG-000F9TBUI50AH6G-WIAS000-GTE-P00015,Settled Early,08/01/26 03:03:16.559 AM EDT,$0.00
Willson Contreras 4.5,MLB-PHIT-FG-000F9TBUI50AH6G-WIAS000-GTE-P00045,Settled Early,08/01/26 03:03:17.036 AM EDT,$0.00
Willson Contreras 3.5,MLB-PHIT-FG-000F9TBUI50AH6G-WIAS000-GTE-P00035,Settled Early,08/01/26 03:03:17.501 AM EDT,$0.00
Willson Contreras 2.5,MLB-PHIT-FG-000F9TBUI50AH6G-WIAS000-GTE-P00025,Settled Early,08/01/26 03:03:17.988 AM EDT,$0.00
Willson Contreras 0.5,MLB-PHIT-FG-000F9TBUI50AH6G-WIAS000-GTE-P00005,Settled Early,08/01/26 03:03:18.483 AM EDT,$0.00
Andrew Velazquez 1.5,MLB-PHRR-FG-000F9TFPI50AH4O-ANEZ006-GTE-P00015,Settled Early,08/01/26 03:03:24.235 AM EDT,$0.00
Andrew Velazquez 5.5,MLB-PHRR-FG-000F9TFPI50AH4O-ANEZ006-GTE-P00055,Settled Early,08/01/26 03:03:24.625 AM EDT,$0.00
Andrew Velazquez 4.5,MLB-PHRR-FG-000F9TFPI50AH4O-ANEZ006-GTE-P00045,Settled Early,08/01/26 03:03:24.942 AM EDT,$0.00
Andrew Velazquez 0.5,MLB-PHRR-FG-000F9TFPI50AH4O-ANEZ006-GTE-P00005,Settled Early,08/01/26 03:03:25.256 AM EDT,$0.00
Andrew Velazquez 2.5,MLB-PHRR-FG-000F9TFPI50AH4O-ANEZ006-GTE-P00025,Settled Early,08/01/26 03:03:25.560 AM EDT,$0.00
Andrew Velazquez 3.5,MLB-PHRR-FG-000F9TFPI50AH4O-ANEZ006-GTE-P00035,Settled Early,08/01/26 03:03:25.883 AM EDT,$0.00
Andrew Velazquez 6.5,MLB-PHRR-FG-000F9TFPI50AH4O-ANEZ006-GTE-P00065,Settled Early,08/01/26 03:03:26.146 AM EDT,$0.00
Andrew Velazquez 8.5,MLB-PHRR-FG-000F9TFPI50AH4O-ANEZ006-GTE-P00085,Settled Early,08/01/26 03:03:26.380 AM EDT,$0.00
Andrew Velazquez 7.5,MLB-PHRR-FG-000F9TFPI50AH4O-ANEZ006-GTE-P00075,Settled Early,08/01/26 03:03:26.589 AM EDT,$0.00
Andrew Velazquez 9.5,MLB-PHRR-FG-000F9TFPI50AH4O-ANEZ006-GTE-P00095,Settled Early,08/01/26 03:03:26.856 AM EDT,$0.00
Willson Contreras 0.5,MLB-PRBI-FG-000F9TBUI50AH6G-WIAS000-GTE-P00005,Settled Early,08/01/26 03:03:38.847 AM EDT,$0.00
Willson Contreras 2.5,MLB-PRBI-FG-000F9TBUI50AH6G-WIAS000-GTE-P00025,Settled Early,08/01/26 03:03:39.018 AM EDT,$0.00
Willson Contreras 3.5,MLB-PRBI-FG-000F9TBUI50AH6G-WIAS000-GTE-P00035,Settled Early,08/01/26 03:03:39.187 AM EDT,$0.00
Willson Contreras 1.5,MLB-PRBI-FG-000F9TBUI50AH6G-WIAS000-GTE-P00015,Settled Early,08/01/26 03:03:39.400 AM EDT,$0.00
Willson Contreras 4.5,MLB-PRBI-FG-000F9TBUI50AH6G-WIAS000-GTE-P00045,Settled Early,08/01/26 03:03:39.596 AM EDT,$0.00
Ezequiel Tovar 0.5,MLB-PHRR-FG-000F9TFPI50AH4O-EZAR000-GTE-P00005,Settled Early,08/01/26 03:03:44.203 AM EDT,$0.00
Ezequiel Tovar 1.5,MLB-PHRR-FG-000F9TFPI50AH4O-EZAR000-GTE-P00015,Settled Early,08/01/26 03:03:44.403 AM EDT,$0.00
Ezequiel Tovar 2.5,MLB-PHRR-FG-000F9TFPI50AH4O-EZAR000-GTE-P00025,Settled Early,08/01/26 03:03:44.581 AM EDT,$0.00
Ezequiel Tovar 3.5,MLB-PHRR-FG-000F9TFPI50AH4O-EZAR000-GTE-P00035,Settled Early,08/01/26 03:03:44.748 AM EDT,$0.00
Freddie Freeman 3.5,MLB-PHRR-FG-000F9TBUI50AH6G-FRAN000-GTE-P00035,Settled Early,08/01/26 03:03:44.889 AM EDT,$1.00
Ezequiel Tovar 4.5,MLB-PHRR-FG-000F9TFPI50AH4O-EZAR000-GTE-P00045,Settled Early,08/01/26 03:03:44.921 AM EDT,$0.00
Ezequiel Tovar 5.5,MLB-PHRR-FG-000F9TFPI50AH4O-EZAR000-GTE-P00055,Settled Early,08/01/26 03:03:45.102 AM EDT,$0.00
Freddie Freeman 5.5,MLB-PHRR-FG-000F9TBUI50AH6G-FRAN000-GTE-P00055,Settled Early,08/01/26 03:03:45.116 AM EDT,$0.00
Freddie Freeman 6.5,MLB-PHRR-FG-000F9TBUI50AH6G-FRAN000-GTE-P00065,Settled Early,08/01/26 03:03:45.302 AM EDT,$0.00
Ezequiel Tovar 6.5,MLB-PHRR-FG-000F9TFPI50AH4O-EZAR000-GTE-P00065,Settled Early,08/01/26 03:03:45.324 AM EDT,$0.00
Freddie Freeman 7.5,MLB-PHRR-FG-000F9TBUI50AH6G-FRAN000-GTE-P00075,Settled Early,08/01/26 03:03:45.504 AM EDT,$0.00
Ezequiel Tovar 7.5,MLB-PHRR-FG-000F9TFPI50AH4O-EZAR000-GTE-P00075,Settled Early,08/01/26 03:03:45.518 AM EDT,$0.00
Ezequiel Tovar 8.5,MLB-PHRR-FG-000F9TFPI50AH4O-EZAR000-GTE-P00085,Settled Early,08/01/26 03:03:45.686 AM EDT,$0.00
Freddie Freeman 8.5,MLB-PHRR-FG-000F9TBUI50AH6G-FRAN000-GTE-P00085,Settled Early,08/01/26 03:03:45.691 AM EDT,$0.00
Ezequiel Tovar 9.5,MLB-PHRR-FG-000F9TFPI50AH4O-EZAR000-GTE-P00095,Settled Early,08/01/26 03:03:45.879 AM EDT,$0.00
Freddie Freeman 9.5,MLB-PHRR-FG-000F9TBUI50AH6G-FRAN000-GTE-P00095,Settled Early,08/01/26 03:03:45.890 AM EDT,$0.00
Freddie Freeman 2.5,MLB-PHRR-FG-000F9TBUI50AH6G-FRAN000-GTE-P00025,Settled Early,08/01/26 03:03:46.080 AM EDT,$1.00
Freddie Freeman 0.5,MLB-PHRR-FG-000F9TBUI50AH6G-FRAN000-GTE-P00005,Settled Early,08/01/26 03:03:46.303 AM EDT,$1.00
Freddie Freeman 4.5,MLB-PHRR-FG-000F9TBUI50AH6G-FRAN000-GTE-P00045,Settled Early,08/01/26 03:03:46.505 AM EDT,$0.00
Freddie Freeman 1.5,MLB-PHRR-FG-000F9TBUI50AH6G-FRAN000-GTE-P00015,Settled Early,08/01/26 03:03:46.698 AM EDT,$1.00
Ezequiel Tovar 4.5,MLB-PTBS-FG-000F9TFPI50AH4O-EZAR000-GTE-P00045,Settled Early,08/01/26 03:03:56.702 AM EDT,$0.00
Ezequiel Tovar 0.5,MLB-PTBS-FG-000F9TFPI50AH4O-EZAR000-GTE-P00005,Settled Early,08/01/26 03:03:56.901 AM EDT,$0.00
Ezequiel Tovar 1.5,MLB-PTBS-FG-000F9TFPI50AH4O-EZAR000-GTE-P00015,Settled Early,08/01/26 03:03:57.087 AM EDT,$0.00
Ezequiel Tovar 6.5,MLB-PTBS-FG-000F9TFPI50AH4O-EZAR000-GTE-P00065,Settled Early,08/01/26 03:03:57.280 AM EDT,$0.00
Ezequiel Tovar 3.5,MLB-PTBS-FG-000F9TFPI50AH4O-EZAR000-GTE-P00035,Settled Early,08/01/26 03:03:57.476 AM EDT,$0.00
Ezequiel Tovar 5.5,MLB-PTBS-FG-000F9TFPI50AH4O-EZAR000-GTE-P00055,Settled Early,08/01/26 03:03:57.662 AM EDT,$0.00
Ezequiel Tovar 2.5,MLB-PTBS-FG-000F9TFPI50AH4O-EZAR000-GTE-P00025,Settled Early,08/01/26 03:03:57.828 AM EDT,$0.00
Ezequiel Tovar 7.5,MLB-PTBS-FG-000F9TFPI50AH4O-EZAR000-GTE-P00075,Settled Early,08/01/26 03:03:58.025 AM EDT,$0.00
Over 4.5,MLB-TRUNS-I7-000F9TAII50AG9O-GTE-P00045,Settled Early,08/01/26 03:04:02.147 AM EDT,$0.00
Over 3.5,MLB-TRUNS-I7-000F9TAII50AG9O-GTE-P00035,Settled Early,08/01/26 03:04:02.365 AM EDT,$0.00
Over 0.5,MLB-TRUNS-I7-000F9TAII50AG9O-GTE-P00005,Settled Early,08/01/26 03:04:02.566 AM EDT,$0.00
Over 1.5,MLB-TRUNS-I7-000F9TAII50AG9O-GTE-P00015,Settled Early,08/01/26 03:04:02.834 AM EDT,$0.00
Over 2.5,MLB-TRUNS-I7-000F9TAII50AG9O-GTE-P00025,Settled Early,08/01/26 03:04:03.017 AM EDT,$0.00
Ezequiel Tovar 1.5,MLB-PHIT-FG-000F9TFPI50AH4O-EZAR000-GTE-P00015,Settled Early,08/01/26 03:04:05.735 AM EDT,$0.00
Ezequiel Tovar 0.5,MLB-PHIT-FG-000F9TFPI50AH4O-EZAR000-GTE-P00005,Settled Early,08/01/26 03:04:05.958 AM EDT,$0.00
Ezequiel Tovar 3.5,MLB-PHIT-FG-000F9TFPI50AH4O-EZAR000-GTE-P00035,Settled Early,08/01/26 03:04:06.147 AM EDT,$0.00
Ezequiel Tovar 2.5,MLB-PHIT-FG-000F9TFPI50AH4O-EZAR000-GTE-P00025,Settled Early,08/01/26 03:04:06.316 AM EDT,$0.00
Ezequiel Tovar 4.5,MLB-PHIT-FG-000F9TFPI50AH4O-EZAR000-GTE-P00045,Settled Early,08/01/26 03:04:06.514 AM EDT,$0.00
Ezequiel Tovar 4.5,MLB-PRBI-FG-000F9TFPI50AH4O-EZAR000-GTE-P00045,Settled Early,08/01/26 03:04:15.897 AM EDT,$0.00
Ezequiel Tovar 2.5,MLB-PRBI-FG-000F9TFPI50AH4O-EZAR000-GTE-P00025,Settled Early,08/01/26 03:04:16.090 AM EDT,$0.00
Ezequiel Tovar 3.5,MLB-PRBI-FG-000F9TFPI50AH4O-EZAR000-GTE-P00035,Settled Early,08/01/26 03:04:16.277 AM EDT,$0.00
Ezequiel Tovar 1.5,MLB-PRBI-FG-000F9TFPI50AH4O-EZAR000-GTE-P00015,Settled Early,08/01/26 03:04:16.473 AM EDT,$0.00
Ezequiel Tovar 0.5,MLB-PRBI-FG-000F9TFPI50AH4O-EZAR000-GTE-P00005,Settled Early,08/01/26 03:04:16.680 AM EDT,$0.00
Masataka Yoshida 0.5,MLB-PHIT-FG-000F9TBUI50AH6G-MADA000-GTE-P00005,Settled Early,08/01/26 03:04:18.695 AM EDT,$1.00
Masataka Yoshida 1.5,MLB-PHIT-FG-000F9TBUI50AH6G-MADA000-GTE-P00015,Settled Early,08/01/26 03:04:18.914 AM EDT,$1.00
Masataka Yoshida 2.5,MLB-PHIT-FG-000F9TBUI50AH6G-MADA000-GTE-P00025,Settled Early,08/01/26 03:04:19.116 AM EDT,$0.00
Masataka Yoshida 4.5,MLB-PHIT-FG-000F9TBUI50AH6G-MADA000-GTE-P00045,Settled Early,08/01/26 03:04:19.280 AM EDT,$0.00
Masataka Yoshida 3.5,MLB-PHIT-FG-000F9TBUI50AH6G-MADA000-GTE-P00035,Settled Early,08/01/26 03:04:19.494 AM EDT,$0.00
Jonah Heim 9.5,MLB-PHRR-FG-000F9T8JI50AGVO-JOIM000-GTE-P00095,Settled Early,08/01/26 03:04:22.026 AM EDT,$0.00
Jonah Heim 4.5,MLB-PHRR-FG-000F9T8JI50AGVO-JOIM000-GTE-P00045,Settled Early,08/01/26 03:04:22.238 AM EDT,$0.00
Jonah Heim 2.5,MLB-PHRR-FG-000F9T8JI50AGVO-JOIM000-GTE-P00025,Settled Early,08/01/26 03:04:22.407 AM EDT,$0.00
Jonah Heim 0.5,MLB-PHRR-FG-000F9T8JI50AGVO-JOIM000-GTE-P00005,Settled Early,08/01/26 03:04:22.607 AM EDT,$1.00
Jonah Heim 8.5,MLB-PHRR-FG-000F9T8JI50AGVO-JOIM000-GTE-P00085,Settled Early,08/01/26 03:04:22.807 AM EDT,$0.00
Jonah Heim 1.5,MLB-PHRR-FG-000F9T8JI50AGVO-JOIM000-GTE-P00015,Settled Early,08/01/26 03:04:23.005 AM EDT,$1.00
Jonah Heim 5.5,MLB-PHRR-FG-000F9T8JI50AGVO-JOIM000-GTE-P00055,Settled Early,08/01/26 03:04:23.196 AM EDT,$0.00
Jonah Heim 6.5,MLB-PHRR-FG-000F9T8JI50AGVO-JOIM000-GTE-P00065,Settled Early,08/01/26 03:04:23.388 AM EDT,$0.00
Jonah Heim 7.5,MLB-PHRR-FG-000F9T8JI50AGVO-JOIM000-GTE-P00075,Settled Early,08/01/26 03:04:23.587 AM EDT,$0.00
Jonah Heim 3.5,MLB-PHRR-FG-000F9T8JI50AGVO-JOIM000-GTE-P00035,Settled Early,08/01/26 03:04:23.776 AM EDT,$0.00
Ezequiel Tovar 1.5,MLB-PHRN-FG-000F9TFPI50AH4O-EZAR000-GTE-P00015,Settled Early,08/01/26 03:04:24.371 AM EDT,$0.00
Ezequiel Tovar 0.5,MLB-PHRN-FG-000F9TFPI50AH4O-EZAR000-GTE-P00005,Settled Early,08/01/26 03:04:24.561 AM EDT,$0.00
Ezequiel Tovar 2.5,MLB-PHRN-FG-000F9TFPI50AH4O-EZAR000-GTE-P00025,Settled Early,08/01/26 03:04:24.754 AM EDT,$0.00
Masataka Yoshida 0.5,MLB-PTBS-FG-000F9TBUI50AH6G-MADA000-GTE-P00005,Settled Early,08/01/26 03:04:31.247 AM EDT,$1.00
Masataka Yoshida 1.5,MLB-PTBS-FG-000F9TBUI50AH6G-MADA000-GTE-P00015,Settled Early,08/01/26 03:04:31.412 AM EDT,$1.00
Masataka Yoshida 6.5,MLB-PTBS-FG-000F9TBUI50AH6G-MADA000-GTE-P00065,Settled Early,08/01/26 03:04:31.606 AM EDT,$0.00
Masataka Yoshida 5.5,MLB-PTBS-FG-000F9TBUI50AH6G-MADA000-GTE-P00055,Settled Early,08/01/26 03:04:31.792 AM EDT,$0.00
Masataka Yoshida 2.5,MLB-PTBS-FG-000F9TBUI50AH6G-MADA000-GTE-P00025,Settled Early,08/01/26 03:04:31.960 AM EDT,$0.00
Masataka Yoshida 3.5,MLB-PTBS-FG-000F9TBUI50AH6G-MADA000-GTE-P00035,Settled Early,08/01/26 03:04:32.155 AM EDT,$0.00
Masataka Yoshida 4.5,MLB-PTBS-FG-000F9TBUI50AH6G-MADA000-GTE-P00045,Settled Early,08/01/26 03:04:32.342 AM EDT,$0.00
Masataka Yoshida 7.5,MLB-PTBS-FG-000F9TBUI50AH6G-MADA000-GTE-P00075,Settled Early,08/01/26 03:04:32.519 AM EDT,$0.00
Over 4.5,MLB-TRUNS-I6-000F9TAII50AG9O-GTE-P00045,Settled Early,08/01/26 03:04:35.986 AM EDT,$0.00
Over 0.5,MLB-TRUNS-I6-000F9TAII50AG9O-GTE-P00005,Settled Early,08/01/26 03:04:36.174 AM EDT,$0.00
Over 2.5,MLB-TRUNS-I6-000F9TAII50AG9O-GTE-P00025,Settled Early,08/01/26 03:04:36.430 AM EDT,$0.00
Over 1.5,MLB-TRUNS-I6-000F9TAII50AG9O-GTE-P00015,Settled Early,08/01/26 03:04:36.594 AM EDT,$0.00
Over 3.5,MLB-TRUNS-I6-000F9TAII50AG9O-GTE-P00035,Settled Early,08/01/26 03:04:36.763 AM EDT,$0.00
Masataka Yoshida 0.5,MLB-PHRN-FG-000F9TBUI50AH6G-MADA000-GTE-P00005,Settled Early,08/01/26 03:04:39.758 AM EDT,$0.00
Masataka Yoshida 2.5,MLB-PHRN-FG-000F9TBUI50AH6G-MADA000-GTE-P00025,Settled Early,08/01/26 03:04:39.962 AM EDT,$0.00
Masataka Yoshida 1.5,MLB-PHRN-FG-000F9TBUI50AH6G-MADA000-GTE-P00015,Settled Early,08/01/26 03:04:40.172 AM EDT,$0.00
Cole Carrigg 3.5,MLB-PHIT-FG-000F9TFPI50AH4O-COGG000-GTE-P00035,Settled Early,08/01/26 03:04:47.547 AM EDT,$0.00
Cole Carrigg 2.5,MLB-PHIT-FG-000F9TFPI50AH4O-COGG000-GTE-P00025,Settled Early,08/01/26 03:04:47.928 AM EDT,$0.00
Cole Carrigg 4.5,MLB-PHIT-FG-000F9TFPI50AH4O-COGG000-GTE-P00045,Settled Early,08/01/26 03:04:48.295 AM EDT,$0.00
Cole Carrigg 1.5,MLB-PHIT-FG-000F9TFPI50AH4O-COGG000-GTE-P00015,Settled Early,08/01/26 03:04:48.674 AM EDT,$0.00
Cole Carrigg 0.5,MLB-PHIT-FG-000F9TFPI50AH4O-COGG000-GTE-P00005,Settled Early,08/01/26 03:04:49.046 AM EDT,$0.00
Masataka Yoshida 0.5,MLB-PRBI-FG-000F9TBUI50AH6G-MADA000-GTE-P00005,Settled Early,08/01/26 03:04:49.807 AM EDT,$1.00
Masataka Yoshida 4.5,MLB-PRBI-FG-000F9TBUI50AH6G-MADA000-GTE-P00045,Settled Early,08/01/26 03:04:50.188 AM EDT,$0.00
Masataka Yoshida 2.5,MLB-PRBI-FG-000F9TBUI50AH6G-MADA000-GTE-P00025,Settled Early,08/01/26 03:04:50.559 AM EDT,$0.00
Masataka Yoshida 3.5,MLB-PRBI-FG-000F9TBUI50AH6G-MADA000-GTE-P00035,Settled Early,08/01/26 03:04:50.944 AM EDT,$0.00
Masataka Yoshida 1.5,MLB-PRBI-FG-000F9TBUI50AH6G-MADA000-GTE-P00015,Settled Early,08/01/26 03:04:51.332 AM EDT,$1.00
Kyle Tucker 3.5,MLB-PHRR-FG-000F9TBUI50AH6G-KYER000-GTE-P00035,Settled Early,08/01/26 03:04:52.422 AM EDT,$0.00
Kyle Tucker 0.5,MLB-PHRR-FG-000F9TBUI50AH6G-KYER000-GTE-P00005,Settled Early,08/01/26 03:04:52.862 AM EDT,$1.00
Kyle Tucker 1.5,MLB-PHRR-FG-000F9TBUI50AH6G-KYER000-GTE-P00015,Settled Early,08/01/26 03:04:53.239 AM EDT,$1.00
Kyle Tucker 2.5,MLB-PHRR-FG-000F9TBUI50AH6G-KYER000-GTE-P00025,Settled Early,08/01/26 03:04:53.651 AM EDT,$0.00
Kyle Tucker 5.5,MLB-PHRR-FG-000F9TBUI50AH6G-KYER000-GTE-P00055,Settled Early,08/01/26 03:04:54.100 AM EDT,$0.00
Kyle Tucker 4.5,MLB-PHRR-FG-000F9TBUI50AH6G-KYER000-GTE-P00045,Settled Early,08/01/26 03:04:54.477 AM EDT,$0.00
Kyle Tucker 7.5,MLB-PHRR-FG-000F9TBUI50AH6G-KYER000-GTE-P00075,Settled Early,08/01/26 03:04:54.854 AM EDT,$0.00
Kyle Tucker 6.5,MLB-PHRR-FG-000F9TBUI50AH6G-KYER000-GTE-P00065,Settled Early,08/01/26 03:04:55.216 AM EDT,$0.00
Kyle Tucker 8.5,MLB-PHRR-FG-000F9TBUI50AH6G-KYER000-GTE-P00085,Settled Early,08/01/26 03:04:55.571 AM EDT,$0.00
Cole Carrigg 9.5,MLB-PHRR-FG-000F9TFPI50AH4O-COGG000-GTE-P00095,Settled Early,08/01/26 03:04:57.572 AM EDT,$0.00
Cole Carrigg 1.5,MLB-PHRR-FG-000F9TFPI50AH4O-COGG000-GTE-P00015,Settled Early,08/01/26 03:04:57.947 AM EDT,$0.00
Cole Carrigg 7.5,MLB-PHRR-FG-000F9TFPI50AH4O-COGG000-GTE-P00075,Settled Early,08/01/26 03:04:58.323 AM EDT,$0.00
Cole Carrigg 8.5,MLB-PHRR-FG-000F9TFPI50AH4O-COGG000-GTE-P00085,Settled Early,08/01/26 03:04:58.689 AM EDT,$0.00
Cole Carrigg 4.5,MLB-PHRR-FG-000F9TFPI50AH4O-COGG000-GTE-P00045,Settled Early,08/01/26 03:04:59.064 AM EDT,$0.00
Cole Carrigg 0.5,MLB-PHRR-FG-000F9TFPI50AH4O-COGG000-GTE-P00005,Settled Early,08/01/26 03:04:59.446 AM EDT,$0.00
Cole Carrigg 5.5,MLB-PHRR-FG-000F9TFPI50AH4O-COGG000-GTE-P00055,Settled Early,08/01/26 03:04:59.801 AM EDT,$0.00
Cole Carrigg 2.5,MLB-PHRR-FG-000F9TFPI50AH4O-COGG000-GTE-P00025,Settled Early,08/01/26 03:05:00.202 AM EDT,$0.00
Cole Carrigg 6.5,MLB-PHRR-FG-000F9TFPI50AH4O-COGG000-GTE-P00065,Settled Early,08/01/26 03:05:00.565 AM EDT,$0.00
Cole Carrigg 3.5,MLB-PHRR-FG-000F9TFPI50AH4O-COGG000-GTE-P00035,Settled Early,08/01/26 03:05:00.928 AM EDT,$0.00
Cole Carrigg 4.5,MLB-PRBI-FG-000F9TFPI50AH4O-COGG000-GTE-P00045,Settled Early,08/01/26 03:05:07.162 AM EDT,$0.00
Cole Carrigg 1.5,MLB-PRBI-FG-000F9TFPI50AH4O-COGG000-GTE-P00015,Settled Early,08/01/26 03:05:07.377 AM EDT,$0.00
Cole Carrigg 3.5,MLB-PRBI-FG-000F9TFPI50AH4O-COGG000-GTE-P00035,Settled Early,08/01/26 03:05:07.599 AM EDT,$0.00
Cole Carrigg 2.5,MLB-PRBI-FG-000F9TFPI50AH4O-COGG000-GTE-P00025,Settled Early,08/01/26 03:05:07.856 AM EDT,$0.00
Cole Carrigg 0.5,MLB-PRBI-FG-000F9TFPI50AH4O-COGG000-GTE-P00005,Settled Early,08/01/26 03:05:08.118 AM EDT,$0.00
Mookie Betts 1.5,MLB-PHRN-FG-000F9TBUI50AH6G-MOTS000-GTE-P00015,Settled Early,08/01/26 03:05:16.168 AM EDT,$0.00
Mookie Betts 0.5,MLB-PHRN-FG-000F9TBUI50AH6G-MOTS000-GTE-P00005,Settled Early,08/01/26 03:05:16.362 AM EDT,$0.00
Mookie Betts 2.5,MLB-PHRN-FG-000F9TBUI50AH6G-MOTS000-GTE-P00025,Settled Early,08/01/26 03:05:16.575 AM EDT,$0.00
Cole Carrigg 7.5,MLB-PTBS-FG-000F9TFPI50AH4O-COGG000-GTE-P00075,Settled Early,08/01/26 03:05:17.981 AM EDT,$0.00
Cole Carrigg 3.5,MLB-PTBS-FG-000F9TFPI50AH4O-COGG000-GTE-P00035,Settled Early,08/01/26 03:05:18.175 AM EDT,$0.00
Cole Carrigg 2.5,MLB-PTBS-FG-000F9TFPI50AH4O-COGG000-GTE-P00025,Settled Early,08/01/26 03:05:18.392 AM EDT,$0.00
Cole Carrigg 0.5,MLB-PTBS-FG-000F9TFPI50AH4O-COGG000-GTE-P00005,Settled Early,08/01/26 03:05:18.564 AM EDT,$0.00
Cole Carrigg 6.5,MLB-PTBS-FG-000F9TFPI50AH4O-COGG000-GTE-P00065,Settled Early,08/01/26 03:05:18.732 AM EDT,$0.00
Cole Carrigg 1.5,MLB-PTBS-FG-000F9TFPI50AH4O-COGG000-GTE-P00015,Settled Early,08/01/26 03:05:18.920 AM EDT,$0.00
Cole Carrigg 5.5,MLB-PTBS-FG-000F9TFPI50AH4O-COGG000-GTE-P00055,Settled Early,08/01/26 03:05:19.128 AM EDT,$0.00
Cole Carrigg 4.5,MLB-PTBS-FG-000F9TFPI50AH4O-COGG000-GTE-P00045,Settled Early,08/01/26 03:05:19.360 AM EDT,$0.00
Cole Carrigg 0.5,MLB-PHRN-FG-000F9TFPI50AH4O-COGG000-GTE-P00005,Settled Early,08/01/26 03:05:25.713 AM EDT,$0.00
Cole Carrigg 2.5,MLB-PHRN-FG-000F9TFPI50AH4O-COGG000-GTE-P00025,Settled Early,08/01/26 03:05:25.911 AM EDT,$0.00
Cole Carrigg 1.5,MLB-PHRN-FG-000F9TFPI50AH4O-COGG000-GTE-P00015,Settled Early,08/01/26 03:05:26.107 AM EDT,$0.00
Mookie Betts 0.5,MLB-PRBI-FG-000F9TBUI50AH6G-MOTS000-GTE-P00005,Settled Early,08/01/26 03:05:41.286 AM EDT,$0.00
Mookie Betts 2.5,MLB-PRBI-FG-000F9TBUI50AH6G-MOTS000-GTE-P00025,Settled Early,08/01/26 03:05:41.451 AM EDT,$0.00
Mookie Betts 4.5,MLB-PRBI-FG-000F9TBUI50AH6G-MOTS000-GTE-P00045,Settled Early,08/01/26 03:05:41.651 AM EDT,$0.00
Mookie Betts 3.5,MLB-PRBI-FG-000F9TBUI50AH6G-MOTS000-GTE-P00035,Settled Early,08/01/26 03:05:41.861 AM EDT,$0.00
Mookie Betts 1.5,MLB-PRBI-FG-000F9TBUI50AH6G-MOTS000-GTE-P00015,Settled Early,08/01/26 03:05:42.051 AM EDT,$0.00
Hunter Goodman 5.5,MLB-PHRR-FG-000F9TFPI50AH4O-HUAN001-GTE-P00055,Settled Early,08/01/26 03:05:47.384 AM EDT,$0.00
Hunter Goodman 6.5,MLB-PHRR-FG-000F9TFPI50AH4O-HUAN001-GTE-P00065,Settled Early,08/01/26 03:05:47.596 AM EDT,$0.00
Hunter Goodman 7.5,MLB-PHRR-FG-000F9TFPI50AH4O-HUAN001-GTE-P00075,Settled Early,08/01/26 03:05:47.799 AM EDT,$0.00
Hunter Goodman 8.5,MLB-PHRR-FG-000F9TFPI50AH4O-HUAN001-GTE-P00085,Settled Early,08/01/26 03:05:48.002 AM EDT,$0.00
Hunter Goodman 9.5,MLB-PHRR-FG-000F9TFPI50AH4O-HUAN001-GTE-P00095,Settled Early,08/01/26 03:05:48.192 AM EDT,$0.00
Hunter Goodman 2.5,MLB-PHRR-FG-000F9TFPI50AH4O-HUAN001-GTE-P00025,Settled Early,08/01/26 03:05:48.383 AM EDT,$0.00
Hunter Goodman 1.5,MLB-PHRR-FG-000F9TFPI50AH4O-HUAN001-GTE-P00015,Settled Early,08/01/26 03:05:48.549 AM EDT,$0.00
Hunter Goodman 0.5,MLB-PHRR-FG-000F9TFPI50AH4O-HUAN001-GTE-P00005,Settled Early,08/01/26 03:05:48.774 AM EDT,$0.00
Hunter Goodman 3.5,MLB-PHRR-FG-000F9TFPI50AH4O-HUAN001-GTE-P00035,Settled Early,08/01/26 03:05:48.940 AM EDT,$0.00
Teoscar Hernandez 1.5,MLB-PHRR-FG-000F9TBUI50AH6G-TEEZ000-GTE-P00015,Settled Early,08/01/26 03:05:48.993 AM EDT,$0.00
Hunter Goodman 4.5,MLB-PHRR-FG-000F9TFPI50AH4O-HUAN001-GTE-P00045,Settled Early,08/01/26 03:05:49.135 AM EDT,$0.00
Teoscar Hernandez 4.5,MLB-PHRR-FG-000F9TBUI50AH6G-TEEZ000-GTE-P00045,Settled Early,08/01/26 03:05:49.255 AM EDT,$0.00
Teoscar Hernandez 6.5,MLB-PHRR-FG-000F9TBUI50AH6G-TEEZ000-GTE-P00065,Settled Early,08/01/26 03:05:49.437 AM EDT,$0.00
Teoscar Hernandez 8.5,MLB-PHRR-FG-000F9TBUI50AH6G-TEEZ000-GTE-P00085,Settled Early,08/01/26 03:05:49.601 AM EDT,$0.00
Teoscar Hernandez 9.5,MLB-PHRR-FG-000F9TBUI50AH6G-TEEZ000-GTE-P00095,Settled Early,08/01/26 03:05:49.801 AM EDT,$0.00
Teoscar Hernandez 7.5,MLB-PHRR-FG-000F9TBUI50AH6G-TEEZ000-GTE-P00075,Settled Early,08/01/26 03:05:49.965 AM EDT,$0.00
Teoscar Hernandez 3.5,MLB-PHRR-FG-000F9TBUI50AH6G-TEEZ000-GTE-P00035,Settled Early,08/01/26 03:05:50.166 AM EDT,$0.00
Mookie Betts 0.5,MLB-PHIT-FG-000F9TBUI50AH6G-MOTS000-GTE-P00005,Settled Early,08/01/26 03:05:50.277 AM EDT,$1.00
Teoscar Hernandez 2.5,MLB-PHRR-FG-000F9TBUI50AH6G-TEEZ000-GTE-P00025,Settled Early,08/01/26 03:05:50.408 AM EDT,$0.00
Mookie Betts 4.5,MLB-PHIT-FG-000F9TBUI50AH6G-MOTS000-GTE-P00045,Settled Early,08/01/26 03:05:50.508 AM EDT,$0.00
Teoscar Hernandez 5.5,MLB-PHRR-FG-000F9TBUI50AH6G-TEEZ000-GTE-P00055,Settled Early,08/01/26 03:05:50.646 AM EDT,$0.00
Mookie Betts 3.5,MLB-PHIT-FG-000F9TBUI50AH6G-MOTS000-GTE-P00035,Settled Early,08/01/26 03:05:50.746 AM EDT,$0.00
Teoscar Hernandez 0.5,MLB-PHRR-FG-000F9TBUI50AH6G-TEEZ000-GTE-P00005,Settled Early,08/01/26 03:05:50.841 AM EDT,$0.00
Mookie Betts 1.5,MLB-PHIT-FG-000F9TBUI50AH6G-MOTS000-GTE-P00015,Settled Early,08/01/26 03:05:50.965 AM EDT,$0.00
Mookie Betts 2.5,MLB-PHIT-FG-000F9TBUI50AH6G-MOTS000-GTE-P00025,Settled Early,08/01/26 03:05:51.132 AM EDT,$0.00
Hunter Goodman 0.5,MLB-PHRN-FG-000F9TFPI50AH4O-HUAN001-GTE-P00005,Settled Early,08/01/26 03:05:56.490 AM EDT,$0.00
Hunter Goodman 2.5,MLB-PHRN-FG-000F9TFPI50AH4O-HUAN001-GTE-P00025,Settled Early,08/01/26 03:05:56.716 AM EDT,$0.00
Hunter Goodman 1.5,MLB-PHRN-FG-000F9TFPI50AH4O-HUAN001-GTE-P00015,Settled Early,08/01/26 03:05:56.927 AM EDT,$0.00
Hunter Goodman 3.5,MLB-PTBS-FG-000F9TFPI50AH4O-HUAN001-GTE-P00035,Settled Early,08/01/26 03:06:07.797 AM EDT,$0.00
Hunter Goodman 1.5,MLB-PTBS-FG-000F9TFPI50AH4O-HUAN001-GTE-P00015,Settled Early,08/01/26 03:06:08.048 AM EDT,$0.00
Hunter Goodman 4.5,MLB-PTBS-FG-000F9TFPI50AH4O-HUAN001-GTE-P00045,Settled Early,08/01/26 03:06:08.294 AM EDT,$0.00
Hunter Goodman 5.5,MLB-PTBS-FG-000F9TFPI50AH4O-HUAN001-GTE-P00055,Settled Early,08/01/26 03:06:08.532 AM EDT,$0.00
Hunter Goodman 7.5,MLB-PTBS-FG-000F9TFPI50AH4O-HUAN001-GTE-P00075,Settled Early,08/01/26 03:06:08.756 AM EDT,$0.00
Hunter Goodman 6.5,MLB-PTBS-FG-000F9TFPI50AH4O-HUAN001-GTE-P00065,Settled Early,08/01/26 03:06:08.960 AM EDT,$0.00
Hunter Goodman 0.5,MLB-PTBS-FG-000F9TFPI50AH4O-HUAN001-GTE-P00005,Settled Early,08/01/26 03:06:09.233 AM EDT,$0.00
Hunter Goodman 2.5,MLB-PTBS-FG-000F9TFPI50AH4O-HUAN001-GTE-P00025,Settled Early,08/01/26 03:06:09.479 AM EDT,$0.00
Hunter Goodman 4.5,MLB-PRBI-FG-000F9TFPI50AH4O-HUAN001-GTE-P00045,Settled Early,08/01/26 03:06:17.895 AM EDT,$0.00
Hunter Goodman 1.5,MLB-PRBI-FG-000F9TFPI50AH4O-HUAN001-GTE-P00015,Settled Early,08/01/26 03:06:18.099 AM EDT,$0.00
Hunter Goodman 0.5,MLB-PRBI-FG-000F9TFPI50AH4O-HUAN001-GTE-P00005,Settled Early,08/01/26 03:06:18.293 AM EDT,$0.00
Hunter Goodman 3.5,MLB-PRBI-FG-000F9TFPI50AH4O-HUAN001-GTE-P00035,Settled Early,08/01/26 03:06:18.513 AM EDT,$0.00
Hunter Goodman 2.5,MLB-PRBI-FG-000F9TFPI50AH4O-HUAN001-GTE-P00025,Settled Early,08/01/26 03:06:18.738 AM EDT,$0.00
Andy Pages 0.5,MLB-PHIT-FG-000F9TBUI50AH6G-ANES000-GTE-P00005,Settled Early,08/01/26 03:06:19.138 AM EDT,$1.00
Andy Pages 1.5,MLB-PHIT-FG-000F9TBUI50AH6G-ANES000-GTE-P00015,Settled Early,08/01/26 03:06:19.342 AM EDT,$0.00
Andy Pages 3.5,MLB-PHIT-FG-000F9TBUI50AH6G-ANES000-GTE-P00035,Settled Early,08/01/26 03:06:19.527 AM EDT,$0.00
Over 1.5,MLB-TRUNS-I5-000F9T8JI50AGVO-GTE-P00015,Settled Early,08/01/26 03:06:19.652 AM EDT,$0.00
Andy Pages 2.5,MLB-PHIT-FG-000F9TBUI50AH6G-ANES000-GTE-P00025,Settled Early,08/01/26 03:06:19.748 AM EDT,$0.00
Over 2.5,MLB-TRUNS-I5-000F9T8JI50AGVO-GTE-P00025,Settled Early,08/01/26 03:06:19.836 AM EDT,$0.00
Andy Pages 4.5,MLB-PHIT-FG-000F9TBUI50AH6G-ANES000-GTE-P00045,Settled Early,08/01/26 03:06:19.987 AM EDT,$0.00
Over 0.5,MLB-TRUNS-I5-000F9T8JI50AGVO-GTE-P00005,Settled Early,08/01/26 03:06:20.166 AM EDT,$0.00
Over 3.5,MLB-TRUNS-I5-000F9T8JI50AGVO-GTE-P00035,Settled Early,08/01/26 03:06:20.429 AM EDT,$0.00
Over 4.5,MLB-TRUNS-I5-000F9T8JI50AGVO-GTE-P00045,Settled Early,08/01/26 03:06:20.607 AM EDT,$0.00
Hunter Goodman 0.5,MLB-PHIT-FG-000F9TFPI50AH4O-HUAN001-GTE-P00005,Settled Early,08/01/26 03:06:26.705 AM EDT,$0.00
Hunter Goodman 2.5,MLB-PHIT-FG-000F9TFPI50AH4O-HUAN001-GTE-P00025,Settled Early,08/01/26 03:06:26.915 AM EDT,$0.00
Hunter Goodman 4.5,MLB-PHIT-FG-000F9TFPI50AH4O-HUAN001-GTE-P00045,Settled Early,08/01/26 03:06:27.095 AM EDT,$0.00
Hunter Goodman 1.5,MLB-PHIT-FG-000F9TFPI50AH4O-HUAN001-GTE-P00015,Settled Early,08/01/26 03:06:27.268 AM EDT,$0.00
Hunter Goodman 3.5,MLB-PHIT-FG-000F9TFPI50AH4O-HUAN001-GTE-P00035,Settled Early,08/01/26 03:06:27.457 AM EDT,$0.00
Over 0.5,MLB-TRUNS-I7-000F9T8JI50AGVO-GTE-P00005,Settled Early,08/01/26 03:06:31.881 AM EDT,$0.00
Over 2.5,MLB-TRUNS-I7-000F9T8JI50AGVO-GTE-P00025,Settled Early,08/01/26 03:06:32.094 AM EDT,$0.00
Over 3.5,MLB-TRUNS-I7-000F9T8JI50AGVO-GTE-P00035,Settled Early,08/01/26 03:06:32.258 AM EDT,$0.00
Over 4.5,MLB-TRUNS-I7-000F9T8JI50AGVO-GTE-P00045,Settled Early,08/01/26 03:06:32.422 AM EDT,$0.00
Over 1.5,MLB-TRUNS-I7-000F9T8JI50AGVO-GTE-P00015,Settled Early,08/01/26 03:06:32.594 AM EDT,$0.00
Andy Pages 0.5,MLB-PHRN-FG-000F9TBUI50AH6G-ANES000-GTE-P00005,Settled Early,08/01/26 03:06:37.738 AM EDT,$0.00
Andy Pages 2.5,MLB-PHRN-FG-000F9TBUI50AH6G-ANES000-GTE-P00025,Settled Early,08/01/26 03:06:37.928 AM EDT,$0.00
Andy Pages 1.5,MLB-PHRN-FG-000F9TBUI50AH6G-ANES000-GTE-P00015,Settled Early,08/01/26 03:06:38.117 AM EDT,$0.00
Andy Pages 4.5,MLB-PRBI-FG-000F9TBUI50AH6G-ANES000-GTE-P00045,Settled Early,08/01/26 03:06:46.390 AM EDT,$0.00
Andy Pages 1.5,MLB-PRBI-FG-000F9TBUI50AH6G-ANES000-GTE-P00015,Settled Early,08/01/26 03:06:46.608 AM EDT,$0.00
Andy Pages 2.5,MLB-PRBI-FG-000F9TBUI50AH6G-ANES000-GTE-P00025,Settled Early,08/01/26 03:06:46.781 AM EDT,$0.00
Andy Pages 0.5,MLB-PRBI-FG-000F9TBUI50AH6G-ANES000-GTE-P00005,Settled Early,08/01/26 03:06:46.949 AM EDT,$0.00
Andy Pages 3.5,MLB-PRBI-FG-000F9TBUI50AH6G-ANES000-GTE-P00035,Settled Early,08/01/26 03:06:47.119 AM EDT,$0.00
Christian Yelich 0.5,MLB-PHRR-FG-000F9TAII50AG9O-CHCH000-GTE-P00005,Settled Early,08/01/26 03:06:56.116 AM EDT,$1.00
Christian Yelich 1.5,MLB-PHRR-FG-000F9TAII50AG9O-CHCH000-GTE-P00015,Settled Early,08/01/26 03:06:56.356 AM EDT,$0.00
Christian Yelich 2.5,MLB-PHRR-FG-000F9TAII50AG9O-CHCH000-GTE-P00025,Settled Early,08/01/26 03:06:56.587 AM EDT,$0.00
Christian Yelich 3.5,MLB-PHRR-FG-000F9TAII50AG9O-CHCH000-GTE-P00035,Settled Early,08/01/26 03:06:56.791 AM EDT,$0.00
Christian Yelich 4.5,MLB-PHRR-FG-000F9TAII50AG9O-CHCH000-GTE-P00045,Settled Early,08/01/26 03:06:57.001 AM EDT,$0.00
Christian Yelich 5.5,MLB-PHRR-FG-000F9TAII50AG9O-CHCH000-GTE-P00055,Settled Early,08/01/26 03:06:57.241 AM EDT,$0.00
Christian Yelich 6.5,MLB-PHRR-FG-000F9TAII50AG9O-CHCH000-GTE-P00065,Settled Early,08/01/26 03:06:57.408 AM EDT,$0.00
Christian Yelich 7.5,MLB-PHRR-FG-000F9TAII50AG9O-CHCH000-GTE-P00075,Settled Early,08/01/26 03:06:57.607 AM EDT,$0.00
Christian Yelich 8.5,MLB-PHRR-FG-000F9TAII50AG9O-CHCH000-GTE-P00085,Settled Early,08/01/26 03:06:57.813 AM EDT,$0.00
Christian Yelich 9.5,MLB-PHRR-FG-000F9TAII50AG9O-CHCH000-GTE-P00095,Settled Early,08/01/26 03:06:58.026 AM EDT,$0.00
Andy Pages 7.5,MLB-PTBS-FG-000F9TBUI50AH6G-ANES000-GTE-P00075,Settled Early,08/01/26 03:07:00.733 AM EDT,$0.00
Andy Pages 2.5,MLB-PTBS-FG-000F9TBUI50AH6G-ANES000-GTE-P00025,Settled Early,08/01/26 03:07:00.900 AM EDT,$0.00
Andy Pages 0.5,MLB-PTBS-FG-000F9TBUI50AH6G-ANES000-GTE-P00005,Settled Early,08/01/26 03:07:01.075 AM EDT,$1.00
Andy Pages 1.5,MLB-PTBS-FG-000F9TBUI50AH6G-ANES000-GTE-P00015,Settled Early,08/01/26 03:07:01.288 AM EDT,$0.00
Andy Pages 6.5,MLB-PTBS-FG-000F9TBUI50AH6G-ANES000-GTE-P00065,Settled Early,08/01/26 03:07:01.459 AM EDT,$0.00
Andy Pages 4.5,MLB-PTBS-FG-000F9TBUI50AH6G-ANES000-GTE-P00045,Settled Early,08/01/26 03:07:01.627 AM EDT,$0.00
Andy Pages 3.5,MLB-PTBS-FG-000F9TBUI50AH6G-ANES000-GTE-P00035,Settled Early,08/01/26 03:07:01.788 AM EDT,$0.00
Andy Pages 5.5,MLB-PTBS-FG-000F9TBUI50AH6G-ANES000-GTE-P00055,Settled Early,08/01/26 03:07:01.955 AM EDT,$0.00
Jake McCarthy 0.5,MLB-PHRR-FG-000F9TFPI50AH4O-JAHY000-GTE-P00005,Settled Early,08/01/26 03:07:18.656 AM EDT,$0.00
Jake McCarthy 1.5,MLB-PHRR-FG-000F9TFPI50AH4O-JAHY000-GTE-P00015,Settled Early,08/01/26 03:07:18.828 AM EDT,$0.00
Jake McCarthy 2.5,MLB-PHRR-FG-000F9TFPI50AH4O-JAHY000-GTE-P00025,Settled Early,08/01/26 03:07:19.032 AM EDT,$0.00
Jake McCarthy 3.5,MLB-PHRR-FG-000F9TFPI50AH4O-JAHY000-GTE-P00035,Settled Early,08/01/26 03:07:19.324 AM EDT,$0.00
Jake McCarthy 4.5,MLB-PHRR-FG-000F9TFPI50AH4O-JAHY000-GTE-P00045,Settled Early,08/01/26 03:07:19.518 AM EDT,$0.00
Jake McCarthy 5.5,MLB-PHRR-FG-000F9TFPI50AH4O-JAHY000-GTE-P00055,Settled Early,08/01/26 03:07:19.725 AM EDT,$0.00
Jake McCarthy 6.5,MLB-PHRR-FG-000F9TFPI50AH4O-JAHY000-GTE-P00065,Settled Early,08/01/26 03:07:19.897 AM EDT,$0.00
Jake McCarthy 7.5,MLB-PHRR-FG-000F9TFPI50AH4O-JAHY000-GTE-P00075,Settled Early,08/01/26 03:07:20.087 AM EDT,$0.00
Jake McCarthy 8.5,MLB-PHRR-FG-000F9TFPI50AH4O-JAHY000-GTE-P00085,Settled Early,08/01/26 03:07:20.265 AM EDT,$0.00
Jake McCarthy 9.5,MLB-PHRR-FG-000F9TFPI50AH4O-JAHY000-GTE-P00095,Settled Early,08/01/26 03:07:20.465 AM EDT,$0.00
Over 3.5,MLB-TRUNS-I9-000F9TFPI50AH4O-GTE-P00035,Settled Early,08/01/26 03:07:23.386 AM EDT,$0.00
Over 0.5,MLB-TRUNS-I9-000F9TFPI50AH4O-GTE-P00005,Settled Early,08/01/26 03:07:23.592 AM EDT,$0.00
Over 1.5,MLB-TRUNS-I9-000F9TFPI50AH4O-GTE-P00015,Settled Early,08/01/26 03:07:23.861 AM EDT,$0.00
Over 2.5,MLB-TRUNS-I9-000F9TFPI50AH4O-GTE-P00025,Settled Early,08/01/26 03:07:24.062 AM EDT,$0.00
Over 4.5,MLB-TRUNS-I9-000F9TFPI50AH4O-GTE-P00045,Settled Early,08/01/26 03:07:24.228 AM EDT,$0.00
Jake McCarthy 0.5,MLB-PRBI-FG-000F9TFPI50AH4O-JAHY000-GTE-P00005,Settled Early,08/01/26 03:07:29.886 AM EDT,$0.00
Jake McCarthy 3.5,MLB-PRBI-FG-000F9TFPI50AH4O-JAHY000-GTE-P00035,Settled Early,08/01/26 03:07:30.084 AM EDT,$0.00
Jake McCarthy 1.5,MLB-PRBI-FG-000F9TFPI50AH4O-JAHY000-GTE-P00015,Settled Early,08/01/26 03:07:30.250 AM EDT,$0.00
Jake McCarthy 2.5,MLB-PRBI-FG-000F9TFPI50AH4O-JAHY000-GTE-P00025,Settled Early,08/01/26 03:07:30.439 AM EDT,$0.00
Jake McCarthy 4.5,MLB-PRBI-FG-000F9TFPI50AH4O-JAHY000-GTE-P00045,Settled Early,08/01/26 03:07:30.634 AM EDT,$0.00
Jake McCarthy 1.5,MLB-PTBS-FG-000F9TFPI50AH4O-JAHY000-GTE-P00015,Settled Early,08/01/26 03:07:40.754 AM EDT,$0.00
Jake McCarthy 2.5,MLB-PTBS-FG-000F9TFPI50AH4O-JAHY000-GTE-P00025,Settled Early,08/01/26 03:07:40.949 AM EDT,$0.00
Jake McCarthy 3.5,MLB-PTBS-FG-000F9TFPI50AH4O-JAHY000-GTE-P00035,Settled Early,08/01/26 03:07:41.141 AM EDT,$0.00
Jake McCarthy 0.5,MLB-PTBS-FG-000F9TFPI50AH4O-JAHY000-GTE-P00005,Settled Early,08/01/26 03:07:41.331 AM EDT,$0.00
Jake McCarthy 4.5,MLB-PTBS-FG-000F9TFPI50AH4O-JAHY000-GTE-P00045,Settled Early,08/01/26 03:07:41.541 AM EDT,$0.00
Jake McCarthy 5.5,MLB-PTBS-FG-000F9TFPI50AH4O-JAHY000-GTE-P00055,Settled Early,08/01/26 03:07:41.738 AM EDT,$0.00
Jake McCarthy 6.5,MLB-PTBS-FG-000F9TFPI50AH4O-JAHY000-GTE-P00065,Settled Early,08/01/26 03:07:41.911 AM EDT,$0.00
Jake McCarthy 7.5,MLB-PTBS-FG-000F9TFPI50AH4O-JAHY000-GTE-P00075,Settled Early,08/01/26 03:07:42.099 AM EDT,$0.00
Carlos Narvaez 0.5,MLB-PHRR-FG-000F9TBUI50AH6G-CAEZ000-GTE-P00005,Settled Early,08/01/26 03:07:45.738 AM EDT,$1.00
Carlos Narvaez 2.5,MLB-PHRR-FG-000F9TBUI50AH6G-CAEZ000-GTE-P00025,Settled Early,08/01/26 03:07:45.960 AM EDT,$0.00
Carlos Narvaez 9.5,MLB-PHRR-FG-000F9TBUI50AH6G-CAEZ000-GTE-P00095,Settled Early,08/01/26 03:07:46.146 AM EDT,$0.00
Carlos Narvaez 3.5,MLB-PHRR-FG-000F9TBUI50AH6G-CAEZ000-GTE-P00035,Settled Early,08/01/26 03:07:46.315 AM EDT,$0.00
Carlos Narvaez 4.5,MLB-PHRR-FG-000F9TBUI50AH6G-CAEZ000-GTE-P00045,Settled Early,08/01/26 03:07:46.514 AM EDT,$0.00
Carlos Narvaez 5.5,MLB-PHRR-FG-000F9TBUI50AH6G-CAEZ000-GTE-P00055,Settled Early,08/01/26 03:07:46.714 AM EDT,$0.00
Carlos Narvaez 8.5,MLB-PHRR-FG-000F9TBUI50AH6G-CAEZ000-GTE-P00085,Settled Early,08/01/26 03:07:46.884 AM EDT,$0.00
Carlos Narvaez 6.5,MLB-PHRR-FG-000F9TBUI50AH6G-CAEZ000-GTE-P00065,Settled Early,08/01/26 03:07:47.076 AM EDT,$0.00
Carlos Narvaez 1.5,MLB-PHRR-FG-000F9TBUI50AH6G-CAEZ000-GTE-P00015,Settled Early,08/01/26 03:07:47.245 AM EDT,$0.00
Carlos Narvaez 7.5,MLB-PHRR-FG-000F9TBUI50AH6G-CAEZ000-GTE-P00075,Settled Early,08/01/26 03:07:47.435 AM EDT,$0.00
Jake McCarthy 0.5,MLB-PHIT-FG-000F9TFPI50AH4O-JAHY000-GTE-P00005,Settled Early,08/01/26 03:07:52.282 AM EDT,$0.00
Jake McCarthy 1.5,MLB-PHIT-FG-000F9TFPI50AH4O-JAHY000-GTE-P00015,Settled Early,08/01/26 03:07:52.477 AM EDT,$0.00
Jake McCarthy 2.5,MLB-PHIT-FG-000F9TFPI50AH4O-JAHY000-GTE-P00025,Settled Early,08/01/26 03:07:52.643 AM EDT,$0.00
Jake McCarthy 3.5,MLB-PHIT-FG-000F9TFPI50AH4O-JAHY000-GTE-P00035,Settled Early,08/01/26 03:07:52.835 AM EDT,$0.00
Jake McCarthy 4.5,MLB-PHIT-FG-000F9TFPI50AH4O-JAHY000-GTE-P00045,Settled Early,08/01/26 03:07:53.030 AM EDT,$0.00
Carlos Narvaez 4.5,MLB-PHIT-FG-000F9TBUI50AH6G-CAEZ000-GTE-P00045,Settled Early,08/01/26 03:07:54.967 AM EDT,$0.00
Carlos Narvaez 3.5,MLB-PHIT-FG-000F9TBUI50AH6G-CAEZ000-GTE-P00035,Settled Early,08/01/26 03:07:55.164 AM EDT,$0.00
Carlos Narvaez 0.5,MLB-PHIT-FG-000F9TBUI50AH6G-CAEZ000-GTE-P00005,Settled Early,08/01/26 03:07:55.380 AM EDT,$0.00
Carlos Narvaez 1.5,MLB-PHIT-FG-000F9TBUI50AH6G-CAEZ000-GTE-P00015,Settled Early,08/01/26 03:07:55.573 AM EDT,$0.00
Carlos Narvaez 2.5,MLB-PHIT-FG-000F9TBUI50AH6G-CAEZ000-GTE-P00025,Settled Early,08/01/26 03:07:55.738 AM EDT,$0.00
Jake McCarthy 1.5,MLB-PHRN-FG-000F9TFPI50AH4O-JAHY000-GTE-P00015,Settled Early,08/01/26 03:08:00.420 AM EDT,$0.00
Jake McCarthy 2.5,MLB-PHRN-FG-000F9TFPI50AH4O-JAHY000-GTE-P00025,Settled Early,08/01/26 03:08:00.598 AM EDT,$0.00
Jake McCarthy 0.5,MLB-PHRN-FG-000F9TFPI50AH4O-JAHY000-GTE-P00005,Settled Early,08/01/26 03:08:00.768 AM EDT,$0.00
Carlos Narvaez 4.5,MLB-PRBI-FG-000F9TBUI50AH6G-CAEZ000-GTE-P00045,Settled Early,08/01/26 03:08:06.959 AM EDT,$0.00
Carlos Narvaez 1.5,MLB-PRBI-FG-000F9TBUI50AH6G-CAEZ000-GTE-P00015,Settled Early,08/01/26 03:08:07.174 AM EDT,$0.00
Carlos Narvaez 0.5,MLB-PRBI-FG-000F9TBUI50AH6G-CAEZ000-GTE-P00005,Settled Early,08/01/26 03:08:07.382 AM EDT,$1.00
Carlos Narvaez 3.5,MLB-PRBI-FG-000F9TBUI50AH6G-CAEZ000-GTE-P00035,Settled Early,08/01/26 03:08:07.562 AM EDT,$0.00
Carlos Narvaez 2.5,MLB-PRBI-FG-000F9TBUI50AH6G-CAEZ000-GTE-P00025,Settled Early,08/01/26 03:08:07.755 AM EDT,$0.00
Carlos Narvaez 6.5,MLB-PTBS-FG-000F9TBUI50AH6G-CAEZ000-GTE-P00065,Settled Early,08/01/26 03:08:20.304 AM EDT,$0.00
Carlos Narvaez 0.5,MLB-PTBS-FG-000F9TBUI50AH6G-CAEZ000-GTE-P00005,Settled Early,08/01/26 03:08:20.492 AM EDT,$0.00
Carlos Narvaez 5.5,MLB-PTBS-FG-000F9TBUI50AH6G-CAEZ000-GTE-P00055,Settled Early,08/01/26 03:08:20.711 AM EDT,$0.00
Carlos Narvaez 2.5,MLB-PTBS-FG-000F9TBUI50AH6G-CAEZ000-GTE-P00025,Settled Early,08/01/26 03:08:20.903 AM EDT,$0.00
Carlos Narvaez 4.5,MLB-PTBS-FG-000F9TBUI50AH6G-CAEZ000-GTE-P00045,Settled Early,08/01/26 03:08:21.133 AM EDT,$0.00
Carlos Narvaez 3.5,MLB-PTBS-FG-000F9TBUI50AH6G-CAEZ000-GTE-P00035,Settled Early,08/01/26 03:08:21.333 AM EDT,$0.00
Carlos Narvaez 7.5,MLB-PTBS-FG-000F9TBUI50AH6G-CAEZ000-GTE-P00075,Settled Early,08/01/26 03:08:21.526 AM EDT,$0.00
Carlos Narvaez 1.5,MLB-PTBS-FG-000F9TBUI50AH6G-CAEZ000-GTE-P00015,Settled Early,08/01/26 03:08:21.719 AM EDT,$0.00
Miguel Rojas 0.5,MLB-PHRR-FG-000F9TBUI50AH6G-MIAS001-GTE-P00005,Settled Early,08/01/26 03:08:21.818 AM EDT,$0.00
Miguel Rojas 3.5,MLB-PHRR-FG-000F9TBUI50AH6G-MIAS001-GTE-P00035,Settled Early,08/01/26 03:08:22.030 AM EDT,$0.00
Miguel Rojas 4.5,MLB-PHRR-FG-000F9TBUI50AH6G-MIAS001-GTE-P00045,Settled Early,08/01/26 03:08:22.245 AM EDT,$0.00
Miguel Rojas 9.5,MLB-PHRR-FG-000F9TBUI50AH6G-MIAS001-GTE-P00095,Settled Early,08/01/26 03:08:22.441 AM EDT,$0.00
Miguel Rojas 2.5,MLB-PHRR-FG-000F9TBUI50AH6G-MIAS001-GTE-P00025,Settled Early,08/01/26 03:08:22.635 AM EDT,$0.00
Miguel Rojas 5.5,MLB-PHRR-FG-000F9TBUI50AH6G-MIAS001-GTE-P00055,Settled Early,08/01/26 03:08:22.838 AM EDT,$0.00
Miguel Rojas 1.5,MLB-PHRR-FG-000F9TBUI50AH6G-MIAS001-GTE-P00015,Settled Early,08/01/26 03:08:23.007 AM EDT,$0.00
Miguel Rojas 8.5,MLB-PHRR-FG-000F9TBUI50AH6G-MIAS001-GTE-P00085,Settled Early,08/01/26 03:08:23.250 AM EDT,$0.00
Miguel Rojas 7.5,MLB-PHRR-FG-000F9TBUI50AH6G-MIAS001-GTE-P00075,Settled Early,08/01/26 03:08:23.445 AM EDT,$0.00
Miguel Rojas 6.5,MLB-PHRR-FG-000F9TBUI50AH6G-MIAS001-GTE-P00065,Settled Early,08/01/26 03:08:23.611 AM EDT,$0.00
Carlos Narvaez 0.5,MLB-PHRN-FG-000F9TBUI50AH6G-CAEZ000-GTE-P00005,Settled Early,08/01/26 03:08:28.498 AM EDT,$0.00
Carlos Narvaez 1.5,MLB-PHRN-FG-000F9TBUI50AH6G-CAEZ000-GTE-P00015,Settled Early,08/01/26 03:08:28.704 AM EDT,$0.00
Carlos Narvaez 2.5,MLB-PHRN-FG-000F9TBUI50AH6G-CAEZ000-GTE-P00025,Settled Early,08/01/26 03:08:28.894 AM EDT,$0.00
Nick Loftin 0.5,MLB-PTBS-FG-000F9TFPI50AH4O-NIIN000-GTE-P00005,Settled Early,08/01/26 03:08:31.944 AM EDT,$0.00
Nick Loftin 3.5,MLB-PTBS-FG-000F9TFPI50AH4O-NIIN000-GTE-P00035,Settled Early,08/01/26 03:08:32.119 AM EDT,$0.00
Nick Loftin 4.5,MLB-PTBS-FG-000F9TFPI50AH4O-NIIN000-GTE-P00045,Settled Early,08/01/26 03:08:32.297 AM EDT,$0.00
Nick Loftin 2.5,MLB-PTBS-FG-000F9TFPI50AH4O-NIIN000-GTE-P00025,Settled Early,08/01/26 03:08:32.465 AM EDT,$0.00
Nick Loftin 5.5,MLB-PTBS-FG-000F9TFPI50AH4O-NIIN000-GTE-P00055,Settled Early,08/01/26 03:08:32.638 AM EDT,$0.00
Nick Loftin 1.5,MLB-PTBS-FG-000F9TFPI50AH4O-NIIN000-GTE-P00015,Settled Early,08/01/26 03:08:32.809 AM EDT,$0.00
Nick Loftin 7.5,MLB-PTBS-FG-000F9TFPI50AH4O-NIIN000-GTE-P00075,Settled Early,08/01/26 03:08:32.973 AM EDT,$0.00
Nick Loftin 6.5,MLB-PTBS-FG-000F9TFPI50AH4O-NIIN000-GTE-P00065,Settled Early,08/01/26 03:08:33.165 AM EDT,$0.00
Nick Loftin 1.5,MLB-PHRN-FG-000F9TFPI50AH4O-NIIN000-GTE-P00015,Settled Early,08/01/26 03:08:40.539 AM EDT,$0.00
Nick Loftin 0.5,MLB-PHRN-FG-000F9TFPI50AH4O-NIIN000-GTE-P00005,Settled Early,08/01/26 03:08:40.731 AM EDT,$0.00
Nick Loftin 2.5,MLB-PHRN-FG-000F9TFPI50AH4O-NIIN000-GTE-P00025,Settled Early,08/01/26 03:08:40.945 AM EDT,$0.00
Nick Loftin 1.5,MLB-PRBI-FG-000F9TFPI50AH4O-NIIN000-GTE-P00015,Settled Early,08/01/26 03:08:50.881 AM EDT,$0.00
Nick Loftin 4.5,MLB-PRBI-FG-000F9TFPI50AH4O-NIIN000-GTE-P00045,Settled Early,08/01/26 03:08:51.071 AM EDT,$0.00
Nick Loftin 3.5,MLB-PRBI-FG-000F9TFPI50AH4O-NIIN000-GTE-P00035,Settled Early,08/01/26 03:08:51.263 AM EDT,$0.00
Nick Loftin 2.5,MLB-PRBI-FG-000F9TFPI50AH4O-NIIN000-GTE-P00025,Settled Early,08/01/26 03:08:51.477 AM EDT,$0.00
Nick Loftin 0.5,MLB-PRBI-FG-000F9TFPI50AH4O-NIIN000-GTE-P00005,Settled Early,08/01/26 03:08:51.673 AM EDT,$0.00
Jac Caglianone 1.5,MLB-PHRR-FG-000F9TFPI50AH4O-JANE000-GTE-P00015,Settled Early,08/01/26 03:08:53.238 AM EDT,$0.00
Jac Caglianone 2.5,MLB-PHRR-FG-000F9TFPI50AH4O-JANE000-GTE-P00025,Settled Early,08/01/26 03:08:53.510 AM EDT,$0.00
Jac Caglianone 3.5,MLB-PHRR-FG-000F9TFPI50AH4O-JANE000-GTE-P00035,Settled Early,08/01/26 03:08:53.770 AM EDT,$0.00
Jac Caglianone 4.5,MLB-PHRR-FG-000F9TFPI50AH4O-JANE000-GTE-P00045,Settled Early,08/01/26 03:08:53.966 AM EDT,$0.00
Jac Caglianone 5.5,MLB-PHRR-FG-000F9TFPI50AH4O-JANE000-GTE-P00055,Settled Early,08/01/26 03:08:54.134 AM EDT,$0.00
Jac Caglianone 6.5,MLB-PHRR-FG-000F9TFPI50AH4O-JANE000-GTE-P00065,Settled Early,08/01/26 03:08:54.302 AM EDT,$0.00
Jac Caglianone 7.5,MLB-PHRR-FG-000F9TFPI50AH4O-JANE000-GTE-P00075,Settled Early,08/01/26 03:08:54.494 AM EDT,$0.00
Jac Caglianone 8.5,MLB-PHRR-FG-000F9TFPI50AH4O-JANE000-GTE-P00085,Settled Early,08/01/26 03:08:54.663 AM EDT,$0.00
Jac Caglianone 9.5,MLB-PHRR-FG-000F9TFPI50AH4O-JANE000-GTE-P00095,Settled Early,08/01/26 03:08:54.848 AM EDT,$0.00
Jac Caglianone 0.5,MLB-PHRR-FG-000F9TFPI50AH4O-JANE000-GTE-P00005,Settled Early,08/01/26 03:08:55.037 AM EDT,$0.00
Eliezer Alfonzo 5.5,MLB-PHRR-FG-000F9TBUI50AH6G-ELZO000-GTE-P00055,Settled Early,08/01/26 03:08:58.597 AM EDT,$0.00
Eliezer Alfonzo 6.5,MLB-PHRR-FG-000F9TBUI50AH6G-ELZO000-GTE-P00065,Settled Early,08/01/26 03:08:58.800 AM EDT,$0.00
Eliezer Alfonzo 7.5,MLB-PHRR-FG-000F9TBUI50AH6G-ELZO000-GTE-P00075,Settled Early,08/01/26 03:08:58.980 AM EDT,$0.00
Eliezer Alfonzo 8.5,MLB-PHRR-FG-000F9TBUI50AH6G-ELZO000-GTE-P00085,Settled Early,08/01/26 03:08:59.172 AM EDT,$0.00
Eliezer Alfonzo 9.5,MLB-PHRR-FG-000F9TBUI50AH6G-ELZO000-GTE-P00095,Settled Early,08/01/26 03:08:59.352 AM EDT,$0.00
Eliezer Alfonzo 4.5,MLB-PHRR-FG-000F9TBUI50AH6G-ELZO000-GTE-P00045,Settled Early,08/01/26 03:08:59.525 AM EDT,$0.00
Eliezer Alfonzo 0.5,MLB-PHRR-FG-000F9TBUI50AH6G-ELZO000-GTE-P00005,Settled Early,08/01/26 03:08:59.695 AM EDT,$1.00
Eliezer Alfonzo 1.5,MLB-PHRR-FG-000F9TBUI50AH6G-ELZO000-GTE-P00015,Settled Early,08/01/26 03:08:59.866 AM EDT,$1.00
Eliezer Alfonzo 2.5,MLB-PHRR-FG-000F9TBUI50AH6G-ELZO000-GTE-P00025,Settled Early,08/01/26 03:09:00.080 AM EDT,$1.00
Eliezer Alfonzo 3.5,MLB-PHRR-FG-000F9TBUI50AH6G-ELZO000-GTE-P00035,Settled Early,08/01/26 03:09:00.257 AM EDT,$0.00
Nick Loftin 5.5,MLB-PHRR-FG-000F9TFPI50AH4O-NIIN000-GTE-P00055,Settled Early,08/01/26 03:09:00.684 AM EDT,$0.00
Nick Loftin 3.5,MLB-PHRR-FG-000F9TFPI50AH4O-NIIN000-GTE-P00035,Settled Early,08/01/26 03:09:00.865 AM EDT,$0.00
Nick Loftin 2.5,MLB-PHRR-FG-000F9TFPI50AH4O-NIIN000-GTE-P00025,Settled Early,08/01/26 03:09:01.038 AM EDT,$0.00
Nick Loftin 0.5,MLB-PHRR-FG-000F9TFPI50AH4O-NIIN000-GTE-P00005,Settled Early,08/01/26 03:09:01.201 AM EDT,$0.00
Nick Loftin 1.5,MLB-PHRR-FG-000F9TFPI50AH4O-NIIN000-GTE-P00015,Settled Early,08/01/26 03:09:01.368 AM EDT,$0.00
Nick Loftin 7.5,MLB-PHRR-FG-000F9TFPI50AH4O-NIIN000-GTE-P00075,Settled Early,08/01/26 03:09:01.530 AM EDT,$0.00
Nick Loftin 6.5,MLB-PHRR-FG-000F9TFPI50AH4O-NIIN000-GTE-P00065,Settled Early,08/01/26 03:09:01.696 AM EDT,$0.00
Nick Loftin 4.5,MLB-PHRR-FG-000F9TFPI50AH4O-NIIN000-GTE-P00045,Settled Early,08/01/26 03:09:01.862 AM EDT,$0.00
Nick Loftin 9.5,MLB-PHRR-FG-000F9TFPI50AH4O-NIIN000-GTE-P00095,Settled Early,08/01/26 03:09:02.029 AM EDT,$0.00
Nick Loftin 8.5,MLB-PHRR-FG-000F9TFPI50AH4O-NIIN000-GTE-P00085,Settled Early,08/01/26 03:09:02.225 AM EDT,$0.00
Nick Loftin 3.5,MLB-PHIT-FG-000F9TFPI50AH4O-NIIN000-GTE-P00035,Settled Early,08/01/26 03:09:10.490 AM EDT,$0.00
Nick Loftin 1.5,MLB-PHIT-FG-000F9TFPI50AH4O-NIIN000-GTE-P00015,Settled Early,08/01/26 03:09:10.749 AM EDT,$0.00
Nick Loftin 2.5,MLB-PHIT-FG-000F9TFPI50AH4O-NIIN000-GTE-P00025,Settled Early,08/01/26 03:09:10.937 AM EDT,$0.00
Nick Loftin 0.5,MLB-PHIT-FG-000F9TFPI50AH4O-NIIN000-GTE-P00005,Settled Early,08/01/26 03:09:11.104 AM EDT,$0.00
Nick Loftin 4.5,MLB-PHIT-FG-000F9TFPI50AH4O-NIIN000-GTE-P00045,Settled Early,08/01/26 03:09:11.273 AM EDT,$0.00
Josh Rojas 0.5,MLB-PHRR-FG-000F9TFPI50AH4O-JOAS004-GTE-P00005,Settled Early,08/01/26 03:09:36.109 AM EDT,$0.00
Josh Rojas 1.5,MLB-PHRR-FG-000F9TFPI50AH4O-JOAS004-GTE-P00015,Settled Early,08/01/26 03:09:36.304 AM EDT,$0.00
Josh Rojas 2.5,MLB-PHRR-FG-000F9TFPI50AH4O-JOAS004-GTE-P00025,Settled Early,08/01/26 03:09:36.497 AM EDT,$0.00
Josh Rojas 3.5,MLB-PHRR-FG-000F9TFPI50AH4O-JOAS004-GTE-P00035,Settled Early,08/01/26 03:09:36.669 AM EDT,$0.00
Josh Rojas 4.5,MLB-PHRR-FG-000F9TFPI50AH4O-JOAS004-GTE-P00045,Settled Early,08/01/26 03:09:36.906 AM EDT,$0.00
Josh Rojas 5.5,MLB-PHRR-FG-000F9TFPI50AH4O-JOAS004-GTE-P00055,Settled Early,08/01/26 03:09:37.127 AM EDT,$0.00
Josh Rojas 6.5,MLB-PHRR-FG-000F9TFPI50AH4O-JOAS004-GTE-P00065,Settled Early,08/01/26 03:09:37.333 AM EDT,$0.00
Josh Rojas 7.5,MLB-PHRR-FG-000F9TFPI50AH4O-JOAS004-GTE-P00075,Settled Early,08/01/26 03:09:37.531 AM EDT,$0.00
Josh Rojas 8.5,MLB-PHRR-FG-000F9TFPI50AH4O-JOAS004-GTE-P00085,Settled Early,08/01/26 03:09:37.736 AM EDT,$0.00
Josh Rojas 9.5,MLB-PHRR-FG-000F9TFPI50AH4O-JOAS004-GTE-P00095,Settled Early,08/01/26 03:09:37.935 AM EDT,$0.00
Over 0.5,MLB-TRUNS-I4-000F9T8JI50AGVO-GTE-P00005,Settled Early,08/01/26 03:09:45.541 AM EDT,$1.00
Over 3.5,MLB-TRUNS-I4-000F9T8JI50AGVO-GTE-P00035,Settled Early,08/01/26 03:09:45.729 AM EDT,$0.00
Over 1.5,MLB-TRUNS-I4-000F9T8JI50AGVO-GTE-P00015,Settled Early,08/01/26 03:09:45.946 AM EDT,$0.00
Over 4.5,MLB-TRUNS-I4-000F9T8JI50AGVO-GTE-P00045,Settled Early,08/01/26 03:09:46.166 AM EDT,$0.00
Over 2.5,MLB-TRUNS-I4-000F9T8JI50AGVO-GTE-P00025,Settled Early,08/01/26 03:09:46.347 AM EDT,$0.00
Josh Rojas 3.5,MLB-PRBI-FG-000F9TFPI50AH4O-JOAS004-GTE-P00035,Settled Early,08/01/26 03:09:46.666 AM EDT,$0.00
Josh Rojas 1.5,MLB-PRBI-FG-000F9TFPI50AH4O-JOAS004-GTE-P00015,Settled Early,08/01/26 03:09:46.849 AM EDT,$0.00
Josh Rojas 0.5,MLB-PRBI-FG-000F9TFPI50AH4O-JOAS004-GTE-P00005,Settled Early,08/01/26 03:09:47.017 AM EDT,$0.00
Josh Rojas 2.5,MLB-PRBI-FG-000F9TFPI50AH4O-JOAS004-GTE-P00025,Settled Early,08/01/26 03:09:47.212 AM EDT,$0.00
Josh Rojas 4.5,MLB-PRBI-FG-000F9TFPI50AH4O-JOAS004-GTE-P00045,Settled Early,08/01/26 03:09:47.375 AM EDT,$0.00
Teoscar Hernandez 0.5,MLB-PTBS-FG-000F9TBUI50AH6G-TEEZ000-GTE-P00005,Settled Early,08/01/26 03:09:54.468 AM EDT,$0.00
Teoscar Hernandez 7.5,MLB-PTBS-FG-000F9TBUI50AH6G-TEEZ000-GTE-P00075,Settled Early,08/01/26 03:09:54.669 AM EDT,$0.00
Teoscar Hernandez 2.5,MLB-PTBS-FG-000F9TBUI50AH6G-TEEZ000-GTE-P00025,Settled Early,08/01/26 03:09:54.857 AM EDT,$0.00
Teoscar Hernandez 5.5,MLB-PTBS-FG-000F9TBUI50AH6G-TEEZ000-GTE-P00055,Settled Early,08/01/26 03:09:55.027 AM EDT,$0.00
Teoscar Hernandez 4.5,MLB-PTBS-FG-000F9TBUI50AH6G-TEEZ000-GTE-P00045,Settled Early,08/01/26 03:09:55.222 AM EDT,$0.00
Teoscar Hernandez 1.5,MLB-PTBS-FG-000F9TBUI50AH6G-TEEZ000-GTE-P00015,Settled Early,08/01/26 03:09:55.412 AM EDT,$0.00
Teoscar Hernandez 6.5,MLB-PTBS-FG-000F9TBUI50AH6G-TEEZ000-GTE-P00065,Settled Early,08/01/26 03:09:55.595 AM EDT,$0.00
Teoscar Hernandez 3.5,MLB-PTBS-FG-000F9TBUI50AH6G-TEEZ000-GTE-P00035,Settled Early,08/01/26 03:09:55.789 AM EDT,$0.00
Josh Rojas 1.5,MLB-PHRN-FG-000F9TFPI50AH4O-JOAS004-GTE-P00015,Settled Early,08/01/26 03:09:56.150 AM EDT,$0.00
Josh Rojas 0.5,MLB-PHRN-FG-000F9TFPI50AH4O-JOAS004-GTE-P00005,Settled Early,08/01/26 03:09:56.349 AM EDT,$0.00
Josh Rojas 2.5,MLB-PHRN-FG-000F9TFPI50AH4O-JOAS004-GTE-P00025,Settled Early,08/01/26 03:09:56.543 AM EDT,$0.00
Josh Rojas 3.5,MLB-PHIT-FG-000F9TFPI50AH4O-JOAS004-GTE-P00035,Settled Early,08/01/26 03:10:06.179 AM EDT,$0.00
Teoscar Hernandez 0.5,MLB-PRBI-FG-000F9TBUI50AH6G-TEEZ000-GTE-P00005,Settled Early,08/01/26 03:10:06.181 AM EDT,$0.00
Josh Rojas 4.5,MLB-PHIT-FG-000F9TFPI50AH4O-JOAS004-GTE-P00045,Settled Early,08/01/26 03:10:06.386 AM EDT,$0.00
Teoscar Hernandez 1.5,MLB-PRBI-FG-000F9TBUI50AH6G-TEEZ000-GTE-P00015,Settled Early,08/01/26 03:10:06.406 AM EDT,$0.00
Teoscar Hernandez 2.5,MLB-PRBI-FG-000F9TBUI50AH6G-TEEZ000-GTE-P00025,Settled Early,08/01/26 03:10:06.602 AM EDT,$0.00
Josh Rojas 0.5,MLB-PHIT-FG-000F9TFPI50AH4O-JOAS004-GTE-P00005,Settled Early,08/01/26 03:10:06.602 AM EDT,$0.00
Teoscar Hernandez 4.5,MLB-PRBI-FG-000F9TBUI50AH6G-TEEZ000-GTE-P00045,Settled Early,08/01/26 03:10:06.797 AM EDT,$0.00
Josh Rojas 2.5,MLB-PHIT-FG-000F9TFPI50AH4O-JOAS004-GTE-P00025,Settled Early,08/01/26 03:10:06.798 AM EDT,$0.00
Josh Rojas 1.5,MLB-PHIT-FG-000F9TFPI50AH4O-JOAS004-GTE-P00015,Settled Early,08/01/26 03:10:07.001 AM EDT,$0.00
Teoscar Hernandez 3.5,MLB-PRBI-FG-000F9TBUI50AH6G-TEEZ000-GTE-P00035,Settled Early,08/01/26 03:10:07.018 AM EDT,$0.00
Teoscar Hernandez 1.5,MLB-PHRN-FG-000F9TBUI50AH6G-TEEZ000-GTE-P00015,Settled Early,08/01/26 03:10:14.459 AM EDT,$0.00
Teoscar Hernandez 2.5,MLB-PHRN-FG-000F9TBUI50AH6G-TEEZ000-GTE-P00025,Settled Early,08/01/26 03:10:14.654 AM EDT,$0.00
Teoscar Hernandez 0.5,MLB-PHRN-FG-000F9TBUI50AH6G-TEEZ000-GTE-P00005,Settled Early,08/01/26 03:10:14.863 AM EDT,$0.00
Josh Rojas 0.5,MLB-PTBS-FG-000F9TFPI50AH4O-JOAS004-GTE-P00005,Settled Early,08/01/26 03:10:15.428 AM EDT,$0.00
Josh Rojas 5.5,MLB-PTBS-FG-000F9TFPI50AH4O-JOAS004-GTE-P00055,Settled Early,08/01/26 03:10:15.602 AM EDT,$0.00
Josh Rojas 3.5,MLB-PTBS-FG-000F9TFPI50AH4O-JOAS004-GTE-P00035,Settled Early,08/01/26 03:10:15.799 AM EDT,$0.00
Josh Rojas 6.5,MLB-PTBS-FG-000F9TFPI50AH4O-JOAS004-GTE-P00065,Settled Early,08/01/26 03:10:15.987 AM EDT,$0.00
Josh Rojas 2.5,MLB-PTBS-FG-000F9TFPI50AH4O-JOAS004-GTE-P00025,Settled Early,08/01/26 03:10:16.157 AM EDT,$0.00
Josh Rojas 1.5,MLB-PTBS-FG-000F9TFPI50AH4O-JOAS004-GTE-P00015,Settled Early,08/01/26 03:10:16.355 AM EDT,$0.00
Josh Rojas 4.5,MLB-PTBS-FG-000F9TFPI50AH4O-JOAS004-GTE-P00045,Settled Early,08/01/26 03:10:16.529 AM EDT,$0.00
Josh Rojas 7.5,MLB-PTBS-FG-000F9TFPI50AH4O-JOAS004-GTE-P00075,Settled Early,08/01/26 03:10:16.697 AM EDT,$0.00
Teoscar Hernandez 0.5,MLB-PHIT-FG-000F9TBUI50AH6G-TEEZ000-GTE-P00005,Settled Early,08/01/26 03:10:23.488 AM EDT,$0.00
Teoscar Hernandez 3.5,MLB-PHIT-FG-000F9TBUI50AH6G-TEEZ000-GTE-P00035,Settled Early,08/01/26 03:10:23.680 AM EDT,$0.00
Teoscar Hernandez 1.5,MLB-PHIT-FG-000F9TBUI50AH6G-TEEZ000-GTE-P00015,Settled Early,08/01/26 03:10:23.875 AM EDT,$0.00
Teoscar Hernandez 2.5,MLB-PHIT-FG-000F9TBUI50AH6G-TEEZ000-GTE-P00025,Settled Early,08/01/26 03:10:24.066 AM EDT,$0.00
Teoscar Hernandez 4.5,MLB-PHIT-FG-000F9TBUI50AH6G-TEEZ000-GTE-P00045,Settled Early,08/01/26 03:10:24.263 AM EDT,$0.00
Jac Caglianone 2.5,MLB-PHRN-FG-000F9TFPI50AH4O-JANE000-GTE-P00025,Settled Early,08/01/26 03:10:39.964 AM EDT,$0.00
Jac Caglianone 0.5,MLB-PHRN-FG-000F9TFPI50AH4O-JANE000-GTE-P00005,Settled Early,08/01/26 03:10:40.138 AM EDT,$0.00
Jac Caglianone 1.5,MLB-PHRN-FG-000F9TFPI50AH4O-JANE000-GTE-P00015,Settled Early,08/01/26 03:10:40.351 AM EDT,$0.00
Jac Caglianone 0.5,MLB-PTBS-FG-000F9TFPI50AH4O-JANE000-GTE-P00005,Settled Early,08/01/26 03:10:50.475 AM EDT,$0.00
Jac Caglianone 1.5,MLB-PTBS-FG-000F9TFPI50AH4O-JANE000-GTE-P00015,Settled Early,08/01/26 03:10:50.684 AM EDT,$0.00
Jac Caglianone 3.5,MLB-PTBS-FG-000F9TFPI50AH4O-JANE000-GTE-P00035,Settled Early,08/01/26 03:10:50.885 AM EDT,$0.00
Jac Caglianone 6.5,MLB-PTBS-FG-000F9TFPI50AH4O-JANE000-GTE-P00065,Settled Early,08/01/26 03:10:51.081 AM EDT,$0.00
Jac Caglianone 2.5,MLB-PTBS-FG-000F9TFPI50AH4O-JANE000-GTE-P00025,Settled Early,08/01/26 03:10:51.266 AM EDT,$0.00
Jac Caglianone 7.5,MLB-PTBS-FG-000F9TFPI50AH4O-JANE000-GTE-P00075,Settled Early,08/01/26 03:10:51.489 AM EDT,$0.00
Jac Caglianone 4.5,MLB-PTBS-FG-000F9TFPI50AH4O-JANE000-GTE-P00045,Settled Early,08/01/26 03:10:51.698 AM EDT,$0.00
Jac Caglianone 5.5,MLB-PTBS-FG-000F9TFPI50AH4O-JANE000-GTE-P00055,Settled Early,08/01/26 03:10:51.893 AM EDT,$0.00
Jac Caglianone 4.5,MLB-PHIT-FG-000F9TFPI50AH4O-JANE000-GTE-P00045,Settled Early,08/01/26 03:10:59.955 AM EDT,$0.00
Jac Caglianone 2.5,MLB-PHIT-FG-000F9TFPI50AH4O-JANE000-GTE-P00025,Settled Early,08/01/26 03:11:00.124 AM EDT,$0.00
Jac Caglianone 1.5,MLB-PHIT-FG-000F9TFPI50AH4O-JANE000-GTE-P00015,Settled Early,08/01/26 03:11:00.292 AM EDT,$0.00
Jac Caglianone 0.5,MLB-PHIT-FG-000F9TFPI50AH4O-JANE000-GTE-P00005,Settled Early,08/01/26 03:11:00.468 AM EDT,$0.00
Jac Caglianone 3.5,MLB-PHIT-FG-000F9TFPI50AH4O-JANE000-GTE-P00035,Settled Early,08/01/26 03:11:00.698 AM EDT,$0.00
Jac Caglianone 2.5,MLB-PRBI-FG-000F9TFPI50AH4O-JANE000-GTE-P00025,Settled Early,08/01/26 03:11:08.648 AM EDT,$0.00
Jac Caglianone 1.5,MLB-PRBI-FG-000F9TFPI50AH4O-JANE000-GTE-P00015,Settled Early,08/01/26 03:11:08.823 AM EDT,$0.00
Jac Caglianone 0.5,MLB-PRBI-FG-000F9TFPI50AH4O-JANE000-GTE-P00005,Settled Early,08/01/26 03:11:08.995 AM EDT,$0.00
Jac Caglianone 4.5,MLB-PRBI-FG-000F9TFPI50AH4O-JANE000-GTE-P00045,Settled Early,08/01/26 03:11:09.165 AM EDT,$0.00
Jac Caglianone 3.5,MLB-PRBI-FG-000F9TFPI50AH4O-JANE000-GTE-P00035,Settled Early,08/01/26 03:11:09.332 AM EDT,$0.00
Over 5.5,NPB-TRUNS-FG-03VTIFHU4O0S3I8-GTE-P00055,Settled Early,08/01/26 03:11:15.071 AM EDT,$1.00
Over 3.5,NPB-TRUNS-FG-03VTIFHU4O0S3I8-GTE-P00035,Settled Early,08/01/26 03:11:15.301 AM EDT,$1.00
Over 4.5,NPB-TRUNS-FG-03VTIFHU4O0S3I8-GTE-P00045,Settled Early,08/01/26 03:11:15.517 AM EDT,$1.00
Jeff McNeil 2.5,MLB-PHRR-FG-000F9T8JI50AGVO-JEIL000-GTE-P00025,Settled Early,08/01/26 03:12:40.208 AM EDT,$0.00
Jeff McNeil 3.5,MLB-PHRR-FG-000F9T8JI50AGVO-JEIL000-GTE-P00035,Settled Early,08/01/26 03:12:40.436 AM EDT,$0.00
Jeff McNeil 9.5,MLB-PHRR-FG-000F9T8JI50AGVO-JEIL000-GTE-P00095,Settled Early,08/01/26 03:12:40.613 AM EDT,$0.00
Jeff McNeil 5.5,MLB-PHRR-FG-000F9T8JI50AGVO-JEIL000-GTE-P00055,Settled Early,08/01/26 03:12:40.825 AM EDT,$0.00
Jeff McNeil 4.5,MLB-PHRR-FG-000F9T8JI50AGVO-JEIL000-GTE-P00045,Settled Early,08/01/26 03:12:41.028 AM EDT,$0.00
Jeff McNeil 6.5,MLB-PHRR-FG-000F9T8JI50AGVO-JEIL000-GTE-P00065,Settled Early,08/01/26 03:12:41.222 AM EDT,$0.00
Jeff McNeil 1.5,MLB-PHRR-FG-000F9T8JI50AGVO-JEIL000-GTE-P00015,Settled Early,08/01/26 03:12:41.417 AM EDT,$0.00
Jeff McNeil 7.5,MLB-PHRR-FG-000F9T8JI50AGVO-JEIL000-GTE-P00075,Settled Early,08/01/26 03:12:41.592 AM EDT,$0.00
Jeff McNeil 0.5,MLB-PHRR-FG-000F9T8JI50AGVO-JEIL000-GTE-P00005,Settled Early,08/01/26 03:12:41.792 AM EDT,$0.00
Jeff McNeil 8.5,MLB-PHRR-FG-000F9T8JI50AGVO-JEIL000-GTE-P00085,Settled Early,08/01/26 03:12:41.983 AM EDT,$0.00
Freddie Freeman 3.5,MLB-PHIT-FG-000F9TBUI50AH6G-FRAN000-GTE-P00035,Settled Early,08/01/26 03:12:45.853 AM EDT,$0.00
Freddie Freeman 0.5,MLB-PHIT-FG-000F9TBUI50AH6G-FRAN000-GTE-P00005,Settled Early,08/01/26 03:12:46.082 AM EDT,$1.00
Freddie Freeman 4.5,MLB-PHIT-FG-000F9TBUI50AH6G-FRAN000-GTE-P00045,Settled Early,08/01/26 03:12:46.306 AM EDT,$0.00
Freddie Freeman 1.5,MLB-PHIT-FG-000F9TBUI50AH6G-FRAN000-GTE-P00015,Settled Early,08/01/26 03:12:46.567 AM EDT,$1.00
Freddie Freeman 2.5,MLB-PHIT-FG-000F9TBUI50AH6G-FRAN000-GTE-P00025,Settled Early,08/01/26 03:12:46.818 AM EDT,$1.00
Freddie Freeman 4.5,MLB-PRBI-FG-000F9TBUI50AH6G-FRAN000-GTE-P00045,Settled Early,08/01/26 03:12:57.762 AM EDT,$0.00
Freddie Freeman 0.5,MLB-PRBI-FG-000F9TBUI50AH6G-FRAN000-GTE-P00005,Settled Early,08/01/26 03:12:57.956 AM EDT,$1.00
Freddie Freeman 1.5,MLB-PRBI-FG-000F9TBUI50AH6G-FRAN000-GTE-P00015,Settled Early,08/01/26 03:12:58.155 AM EDT,$0.00
Freddie Freeman 3.5,MLB-PRBI-FG-000F9TBUI50AH6G-FRAN000-GTE-P00035,Settled Early,08/01/26 03:12:58.328 AM EDT,$0.00
Freddie Freeman 2.5,MLB-PRBI-FG-000F9TBUI50AH6G-FRAN000-GTE-P00025,Settled Early,08/01/26 03:12:58.526 AM EDT,$0.00
Freddie Freeman 7.5,MLB-PTBS-FG-000F9TBUI50AH6G-FRAN000-GTE-P00075,Settled Early,08/01/26 03:13:09.549 AM EDT,$0.00
Freddie Freeman 6.5,MLB-PTBS-FG-000F9TBUI50AH6G-FRAN000-GTE-P00065,Settled Early,08/01/26 03:13:09.749 AM EDT,$0.00
Freddie Freeman 5.5,MLB-PTBS-FG-000F9TBUI50AH6G-FRAN000-GTE-P00055,Settled Early,08/01/26 03:13:09.917 AM EDT,$0.00
Freddie Freeman 0.5,MLB-PTBS-FG-000F9TBUI50AH6G-FRAN000-GTE-P00005,Settled Early,08/01/26 03:13:10.089 AM EDT,$1.00
Freddie Freeman 4.5,MLB-PTBS-FG-000F9TBUI50AH6G-FRAN000-GTE-P00045,Settled Early,08/01/26 03:13:10.264 AM EDT,$0.00
Freddie Freeman 2.5,MLB-PTBS-FG-000F9TBUI50AH6G-FRAN000-GTE-P00025,Settled Early,08/01/26 03:13:10.436 AM EDT,$1.00
Freddie Freeman 1.5,MLB-PTBS-FG-000F9TBUI50AH6G-FRAN000-GTE-P00015,Settled Early,08/01/26 03:13:10.644 AM EDT,$1.00
Freddie Freeman 3.5,MLB-PTBS-FG-000F9TBUI50AH6G-FRAN000-GTE-P00035,Settled Early,08/01/26 03:13:10.821 AM EDT,$0.00
Freddie Freeman 2.5,MLB-PHRN-FG-000F9TBUI50AH6G-FRAN000-GTE-P00025,Settled Early,08/01/26 03:13:18.430 AM EDT,$0.00
Freddie Freeman 1.5,MLB-PHRN-FG-000F9TBUI50AH6G-FRAN000-GTE-P00015,Settled Early,08/01/26 03:13:18.638 AM EDT,$0.00
Freddie Freeman 0.5,MLB-PHRN-FG-000F9TBUI50AH6G-FRAN000-GTE-P00005,Settled Early,08/01/26 03:13:18.836 AM EDT,$0.00
Kyle Tucker 0.5,MLB-PHIT-FG-000F9TBUI50AH6G-KYER000-GTE-P00005,Settled Early,08/01/26 03:13:45.673 AM EDT,$1.00
Kyle Tucker 3.5,MLB-PHIT-FG-000F9TBUI50AH6G-KYER000-GTE-P00035,Settled Early,08/01/26 03:13:45.882 AM EDT,$0.00
Kyle Tucker 4.5,MLB-PHIT-FG-000F9TBUI50AH6G-KYER000-GTE-P00045,Settled Early,08/01/26 03:13:46.063 AM EDT,$0.00
Kyle Tucker 2.5,MLB-PHIT-FG-000F9TBUI50AH6G-KYER000-GTE-P00025,Settled Early,08/01/26 03:13:46.258 AM EDT,$0.00
Kyle Tucker 1.5,MLB-PHIT-FG-000F9TBUI50AH6G-KYER000-GTE-P00015,Settled Early,08/01/26 03:13:46.457 AM EDT,$0.00
Kyle Tucker 1.5,MLB-PHRN-FG-000F9TBUI50AH6G-KYER000-GTE-P00015,Settled Early,08/01/26 03:13:54.995 AM EDT,$0.00
Kyle Tucker 2.5,MLB-PHRN-FG-000F9TBUI50AH6G-KYER000-GTE-P00025,Settled Early,08/01/26 03:13:55.219 AM EDT,$0.00
Kyle Tucker 0.5,MLB-PHRN-FG-000F9TBUI50AH6G-KYER000-GTE-P00005,Settled Early,08/01/26 03:13:55.454 AM EDT,$0.00
Kyle Tucker 0.5,MLB-PTBS-FG-000F9TBUI50AH6G-KYER000-GTE-P00005,Settled Early,08/01/26 03:14:05.415 AM EDT,$1.00
Kyle Tucker 6.5,MLB-PTBS-FG-000F9TBUI50AH6G-KYER000-GTE-P00065,Settled Early,08/01/26 03:14:05.657 AM EDT,$0.00
Kyle Tucker 3.5,MLB-PTBS-FG-000F9TBUI50AH6G-KYER000-GTE-P00035,Settled Early,08/01/26 03:14:05.830 AM EDT,$0.00
Kyle Tucker 1.5,MLB-PTBS-FG-000F9TBUI50AH6G-KYER000-GTE-P00015,Settled Early,08/01/26 03:14:06.055 AM EDT,$0.00
Kyle Tucker 7.5,MLB-PTBS-FG-000F9TBUI50AH6G-KYER000-GTE-P00075,Settled Early,08/01/26 03:14:06.275 AM EDT,$0.00
Kyle Tucker 5.5,MLB-PTBS-FG-000F9TBUI50AH6G-KYER000-GTE-P00055,Settled Early,08/01/26 03:14:06.447 AM EDT,$0.00
Kyle Tucker 2.5,MLB-PTBS-FG-000F9TBUI50AH6G-KYER000-GTE-P00025,Settled Early,08/01/26 03:14:06.618 AM EDT,$0.00
Kyle Tucker 4.5,MLB-PTBS-FG-000F9TBUI50AH6G-KYER000-GTE-P00045,Settled Early,08/01/26 03:14:06.823 AM EDT,$0.00
Kyle Tucker 1.5,MLB-PRBI-FG-000F9TBUI50AH6G-KYER000-GTE-P00015,Settled Early,08/01/26 03:14:15.631 AM EDT,$0.00
Kyle Tucker 0.5,MLB-PRBI-FG-000F9TBUI50AH6G-KYER000-GTE-P00005,Settled Early,08/01/26 03:14:15.825 AM EDT,$0.00
Kyle Tucker 4.5,MLB-PRBI-FG-000F9TBUI50AH6G-KYER000-GTE-P00045,Settled Early,08/01/26 03:14:16.035 AM EDT,$0.00
Kyle Tucker 2.5,MLB-PRBI-FG-000F9TBUI50AH6G-KYER000-GTE-P00025,Settled Early,08/01/26 03:14:16.241 AM EDT,$0.00
Kyle Tucker 3.5,MLB-PRBI-FG-000F9TBUI50AH6G-KYER000-GTE-P00035,Settled Early,08/01/26 03:14:16.447 AM EDT,$0.00
T.J. Rumfield 0.5,MLB-PHRR-FG-000F9TFPI50AH4O-TJLD000-GTE-P00005,Settled Early,08/01/26 03:14:45.025 AM EDT,$1.00
T.J. Rumfield 3.5,MLB-PHRR-FG-000F9TFPI50AH4O-TJLD000-GTE-P00035,Settled Early,08/01/26 03:15:17.222 AM EDT,$0.00
T.J. Rumfield 4.5,MLB-PHRR-FG-000F9TFPI50AH4O-TJLD000-GTE-P00045,Settled Early,08/01/26 03:15:33.570 AM EDT,$0.00
T.J. Rumfield 9.5,MLB-PHRR-FG-000F9TFPI50AH4O-TJLD000-GTE-P00095,Settled Early,08/01/26 03:15:41.663 AM EDT,$0.00
T.J. Rumfield 7.5,MLB-PHRR-FG-000F9TFPI50AH4O-TJLD000-GTE-P00075,Settled Early,08/01/26 03:15:49.852 AM EDT,$0.00
T.J. Rumfield 5.5,MLB-PHRR-FG-000F9TFPI50AH4O-TJLD000-GTE-P00055,Settled Early,08/01/26 03:15:56.750 AM EDT,$0.00
T.J. Rumfield 6.5,MLB-PHRR-FG-000F9TFPI50AH4O-TJLD000-GTE-P00065,Settled Early,08/01/26 03:16:04.185 AM EDT,$0.00
T.J. Rumfield 8.5,MLB-PHRR-FG-000F9TFPI50AH4O-TJLD000-GTE-P00085,Settled Early,08/01/26 03:16:19.942 AM EDT,$0.00
T.J. Rumfield 1.5,MLB-PHRR-FG-000F9TFPI50AH4O-TJLD000-GTE-P00015,Settled Early,08/01/26 03:16:40.291 AM EDT,$1.00
Miguel Rojas 6.5,MLB-PTBS-FG-000F9TBUI50AH6G-MIAS001-GTE-P00065,Settled Early,08/01/26 03:17:13.467 AM EDT,$0.00
Miguel Rojas 1.5,MLB-PTBS-FG-000F9TBUI50AH6G-MIAS001-GTE-P00015,Settled Early,08/01/26 03:17:13.670 AM EDT,$0.00
Miguel Rojas 5.5,MLB-PTBS-FG-000F9TBUI50AH6G-MIAS001-GTE-P00055,Settled Early,08/01/26 03:17:13.886 AM EDT,$0.00
Miguel Rojas 3.5,MLB-PTBS-FG-000F9TBUI50AH6G-MIAS001-GTE-P00035,Settled Early,08/01/26 03:17:14.059 AM EDT,$0.00
Miguel Rojas 4.5,MLB-PTBS-FG-000F9TBUI50AH6G-MIAS001-GTE-P00045,Settled Early,08/01/26 03:17:14.253 AM EDT,$0.00
Miguel Rojas 2.5,MLB-PTBS-FG-000F9TBUI50AH6G-MIAS001-GTE-P00025,Settled Early,08/01/26 03:17:14.427 AM EDT,$0.00
Miguel Rojas 0.5,MLB-PTBS-FG-000F9TBUI50AH6G-MIAS001-GTE-P00005,Settled Early,08/01/26 03:17:14.625 AM EDT,$0.00
Miguel Rojas 7.5,MLB-PTBS-FG-000F9TBUI50AH6G-MIAS001-GTE-P00075,Settled Early,08/01/26 03:17:14.818 AM EDT,$0.00
Miguel Rojas 0.5,MLB-PRBI-FG-000F9TBUI50AH6G-MIAS001-GTE-P00005,Settled Early,08/01/26 03:17:24.555 AM EDT,$0.00
Miguel Rojas 4.5,MLB-PRBI-FG-000F9TBUI50AH6G-MIAS001-GTE-P00045,Settled Early,08/01/26 03:17:24.749 AM EDT,$0.00
Miguel Rojas 1.5,MLB-PRBI-FG-000F9TBUI50AH6G-MIAS001-GTE-P00015,Settled Early,08/01/26 03:17:24.942 AM EDT,$0.00
Miguel Rojas 3.5,MLB-PRBI-FG-000F9TBUI50AH6G-MIAS001-GTE-P00035,Settled Early,08/01/26 03:17:25.135 AM EDT,$0.00
Miguel Rojas 2.5,MLB-PRBI-FG-000F9TBUI50AH6G-MIAS001-GTE-P00025,Settled Early,08/01/26 03:17:25.314 AM EDT,$0.00
Miguel Rojas 0.5,MLB-PHIT-FG-000F9TBUI50AH6G-MIAS001-GTE-P00005,Settled Early,08/01/26 03:17:33.428 AM EDT,$0.00
Miguel Rojas 4.5,MLB-PHIT-FG-000F9TBUI50AH6G-MIAS001-GTE-P00045,Settled Early,08/01/26 03:17:33.615 AM EDT,$0.00
Miguel Rojas 2.5,MLB-PHIT-FG-000F9TBUI50AH6G-MIAS001-GTE-P00025,Settled Early,08/01/26 03:17:33.822 AM EDT,$0.00
Miguel Rojas 1.5,MLB-PHIT-FG-000F9TBUI50AH6G-MIAS001-GTE-P00015,Settled Early,08/01/26 03:17:34.005 AM EDT,$0.00
Miguel Rojas 3.5,MLB-PHIT-FG-000F9TBUI50AH6G-MIAS001-GTE-P00035,Settled Early,08/01/26 03:17:34.178 AM EDT,$0.00
Miguel Rojas 2.5,MLB-PHRN-FG-000F9TBUI50AH6G-MIAS001-GTE-P00025,Settled Early,08/01/26 03:17:42.831 AM EDT,$0.00
Miguel Rojas 1.5,MLB-PHRN-FG-000F9TBUI50AH6G-MIAS001-GTE-P00015,Settled Early,08/01/26 03:17:43.004 AM EDT,$0.00
Miguel Rojas 0.5,MLB-PHRN-FG-000F9TBUI50AH6G-MIAS001-GTE-P00005,Settled Early,08/01/26 03:17:43.200 AM EDT,$0.00
Anthony Seigler 4.5,MLB-PHIT-FG-000F9TBUI50AH6G-ANER002-GTE-P00045,Settled Early,08/01/26 03:18:10.322 AM EDT,$0.00
Anthony Seigler 2.5,MLB-PHIT-FG-000F9TBUI50AH6G-ANER002-GTE-P00025,Settled Early,08/01/26 03:18:10.506 AM EDT,$0.00
Anthony Seigler 3.5,MLB-PHIT-FG-000F9TBUI50AH6G-ANER002-GTE-P00035,Settled Early,08/01/26 03:18:10.703 AM EDT,$0.00
Anthony Seigler 0.5,MLB-PHIT-FG-000F9TBUI50AH6G-ANER002-GTE-P00005,Settled Early,08/01/26 03:18:10.871 AM EDT,$0.00
Anthony Seigler 1.5,MLB-PHIT-FG-000F9TBUI50AH6G-ANER002-GTE-P00015,Settled Early,08/01/26 03:18:11.040 AM EDT,$0.00
T.J. Rumfield 5.5,MLB-PTBS-FG-000F9TFPI50AH4O-TJLD000-GTE-P00055,Settled Early,08/01/26 03:18:23.501 AM EDT,$0.00
T.J. Rumfield 0.5,MLB-PTBS-FG-000F9TFPI50AH4O-TJLD000-GTE-P00005,Settled Early,08/01/26 03:18:23.694 AM EDT,$1.00
T.J. Rumfield 1.5,MLB-PTBS-FG-000F9TFPI50AH4O-TJLD000-GTE-P00015,Settled Early,08/01/26 03:18:23.907 AM EDT,$1.00
T.J. Rumfield 3.5,MLB-PTBS-FG-000F9TFPI50AH4O-TJLD000-GTE-P00035,Settled Early,08/01/26 03:18:24.104 AM EDT,$0.00
T.J. Rumfield 6.5,MLB-PTBS-FG-000F9TFPI50AH4O-TJLD000-GTE-P00065,Settled Early,08/01/26 03:18:24.285 AM EDT,$0.00
T.J. Rumfield 7.5,MLB-PTBS-FG-000F9TFPI50AH4O-TJLD000-GTE-P00075,Settled Early,08/01/26 03:18:24.484 AM EDT,$0.00
T.J. Rumfield 2.5,MLB-PTBS-FG-000F9TFPI50AH4O-TJLD000-GTE-P00025,Settled Early,08/01/26 03:18:24.673 AM EDT,$0.00
T.J. Rumfield 4.5,MLB-PTBS-FG-000F9TFPI50AH4O-TJLD000-GTE-P00045,Settled Early,08/01/26 03:18:24.874 AM EDT,$0.00
T.J. Rumfield 3.5,MLB-PRBI-FG-000F9TFPI50AH4O-TJLD000-GTE-P00035,Settled Early,08/01/26 03:18:40.910 AM EDT,$0.00
T.J. Rumfield 4.5,MLB-PRBI-FG-000F9TFPI50AH4O-TJLD000-GTE-P00045,Settled Early,08/01/26 03:18:41.118 AM EDT,$0.00
T.J. Rumfield 0.5,MLB-PRBI-FG-000F9TFPI50AH4O-TJLD000-GTE-P00005,Settled Early,08/01/26 03:18:41.315 AM EDT,$1.00
T.J. Rumfield 2.5,MLB-PRBI-FG-000F9TFPI50AH4O-TJLD000-GTE-P00025,Settled Early,08/01/26 03:18:41.511 AM EDT,$0.00
T.J. Rumfield 1.5,MLB-PRBI-FG-000F9TFPI50AH4O-TJLD000-GTE-P00015,Settled Early,08/01/26 03:18:41.708 AM EDT,$0.00
Anthony Seigler 1.5,MLB-PHRR-FG-000F9TBUI50AH6G-ANER002-GTE-P00015,Settled Early,08/01/26 03:18:45.259 AM EDT,$0.00
Anthony Seigler 9.5,MLB-PHRR-FG-000F9TBUI50AH6G-ANER002-GTE-P00095,Settled Early,08/01/26 03:18:45.437 AM EDT,$0.00
Anthony Seigler 6.5,MLB-PHRR-FG-000F9TBUI50AH6G-ANER002-GTE-P00065,Settled Early,08/01/26 03:18:45.608 AM EDT,$0.00
Anthony Seigler 3.5,MLB-PHRR-FG-000F9TBUI50AH6G-ANER002-GTE-P00035,Settled Early,08/01/26 03:18:45.793 AM EDT,$0.00
Anthony Seigler 8.5,MLB-PHRR-FG-000F9TBUI50AH6G-ANER002-GTE-P00085,Settled Early,08/01/26 03:18:45.955 AM EDT,$0.00
Anthony Seigler 7.5,MLB-PHRR-FG-000F9TBUI50AH6G-ANER002-GTE-P00075,Settled Early,08/01/26 03:18:46.119 AM EDT,$0.00
Anthony Seigler 5.5,MLB-PHRR-FG-000F9TBUI50AH6G-ANER002-GTE-P00055,Settled Early,08/01/26 03:18:46.289 AM EDT,$0.00
Anthony Seigler 2.5,MLB-PHRR-FG-000F9TBUI50AH6G-ANER002-GTE-P00025,Settled Early,08/01/26 03:18:46.458 AM EDT,$0.00
Anthony Seigler 0.5,MLB-PHRR-FG-000F9TBUI50AH6G-ANER002-GTE-P00005,Settled Early,08/01/26 03:18:46.658 AM EDT,$0.00
Anthony Seigler 4.5,MLB-PHRR-FG-000F9TBUI50AH6G-ANER002-GTE-P00045,Settled Early,08/01/26 03:18:46.845 AM EDT,$0.00
Anthony Seigler 7.5,MLB-PTBS-FG-000F9TBUI50AH6G-ANER002-GTE-P00075,Settled Early,08/01/26 03:19:06.927 AM EDT,$0.00
Anthony Seigler 1.5,MLB-PTBS-FG-000F9TBUI50AH6G-ANER002-GTE-P00015,Settled Early,08/01/26 03:19:07.124 AM EDT,$0.00
Anthony Seigler 0.5,MLB-PTBS-FG-000F9TBUI50AH6G-ANER002-GTE-P00005,Settled Early,08/01/26 03:19:07.299 AM EDT,$0.00
Anthony Seigler 5.5,MLB-PTBS-FG-000F9TBUI50AH6G-ANER002-GTE-P00055,Settled Early,08/01/26 03:19:07.495 AM EDT,$0.00
Anthony Seigler 6.5,MLB-PTBS-FG-000F9TBUI50AH6G-ANER002-GTE-P00065,Settled Early,08/01/26 03:19:07.694 AM EDT,$0.00
Anthony Seigler 4.5,MLB-PTBS-FG-000F9TBUI50AH6G-ANER002-GTE-P00045,Settled Early,08/01/26 03:19:07.903 AM EDT,$0.00
Anthony Seigler 2.5,MLB-PTBS-FG-000F9TBUI50AH6G-ANER002-GTE-P00025,Settled Early,08/01/26 03:19:08.112 AM EDT,$0.00
Anthony Seigler 3.5,MLB-PTBS-FG-000F9TBUI50AH6G-ANER002-GTE-P00035,Settled Early,08/01/26 03:19:08.296 AM EDT,$0.00
Anthony Seigler 1.5,MLB-PRBI-FG-000F9TBUI50AH6G-ANER002-GTE-P00015,Settled Early,08/01/26 03:19:15.345 AM EDT,$0.00
Anthony Seigler 0.5,MLB-PRBI-FG-000F9TBUI50AH6G-ANER002-GTE-P00005,Settled Early,08/01/26 03:19:15.545 AM EDT,$0.00
Anthony Seigler 4.5,MLB-PRBI-FG-000F9TBUI50AH6G-ANER002-GTE-P00045,Settled Early,08/01/26 03:19:15.745 AM EDT,$0.00
Anthony Seigler 3.5,MLB-PRBI-FG-000F9TBUI50AH6G-ANER002-GTE-P00035,Settled Early,08/01/26 03:19:15.909 AM EDT,$0.00
Anthony Seigler 2.5,MLB-PRBI-FG-000F9TBUI50AH6G-ANER002-GTE-P00025,Settled Early,08/01/26 03:19:16.099 AM EDT,$0.00
T.J. Rumfield 2.5,MLB-PHIT-FG-000F9TFPI50AH4O-TJLD000-GTE-P00025,Settled Early,08/01/26 03:19:18.282 AM EDT,$0.00
Anthony Seigler 2.5,MLB-PHRN-FG-000F9TBUI50AH6G-ANER002-GTE-P00025,Settled Early,08/01/26 03:19:46.919 AM EDT,$0.00
Anthony Seigler 1.5,MLB-PHRN-FG-000F9TBUI50AH6G-ANER002-GTE-P00015,Settled Early,08/01/26 03:19:47.118 AM EDT,$0.00
Anthony Seigler 0.5,MLB-PHRN-FG-000F9TBUI50AH6G-ANER002-GTE-P00005,Settled Early,08/01/26 03:19:47.307 AM EDT,$0.00
T.J. Rumfield 4.5,MLB-PHIT-FG-000F9TFPI50AH4O-TJLD000-GTE-P00045,Settled Early,08/01/26 03:20:25.691 AM EDT,$0.00
T.J. Rumfield 3.5,MLB-PHIT-FG-000F9TFPI50AH4O-TJLD000-GTE-P00035,Settled Early,08/01/26 03:20:31.744 AM EDT,$0.00
Caleb Durbin 2.5,MLB-PHRR-FG-000F9TBUI50AH6G-CAIN000-GTE-P00025,Settled Early,08/01/26 03:20:32.613 AM EDT,$1.00
Caleb Durbin 0.5,MLB-PHRR-FG-000F9TBUI50AH6G-CAIN000-GTE-P00005,Settled Early,08/01/26 03:20:32.865 AM EDT,$1.00
Caleb Durbin 8.5,MLB-PHRR-FG-000F9TBUI50AH6G-CAIN000-GTE-P00085,Settled Early,08/01/26 03:20:33.038 AM EDT,$0.00
Caleb Durbin 4.5,MLB-PHRR-FG-000F9TBUI50AH6G-CAIN000-GTE-P00045,Settled Early,08/01/26 03:20:33.213 AM EDT,$0.00
Caleb Durbin 7.5,MLB-PHRR-FG-000F9TBUI50AH6G-CAIN000-GTE-P00075,Settled Early,08/01/26 03:20:33.434 AM EDT,$0.00
Caleb Durbin 6.5,MLB-PHRR-FG-000F9TBUI50AH6G-CAIN000-GTE-P00065,Settled Early,08/01/26 03:20:33.622 AM EDT,$0.00
Caleb Durbin 3.5,MLB-PHRR-FG-000F9TBUI50AH6G-CAIN000-GTE-P00035,Settled Early,08/01/26 03:20:33.795 AM EDT,$1.00
Caleb Durbin 1.5,MLB-PHRR-FG-000F9TBUI50AH6G-CAIN000-GTE-P00015,Settled Early,08/01/26 03:20:33.998 AM EDT,$1.00
Caleb Durbin 9.5,MLB-PHRR-FG-000F9TBUI50AH6G-CAIN000-GTE-P00095,Settled Early,08/01/26 03:20:34.166 AM EDT,$0.00
Caleb Durbin 5.5,MLB-PHRR-FG-000F9TBUI50AH6G-CAIN000-GTE-P00055,Settled Early,08/01/26 03:20:34.338 AM EDT,$0.00
T.J. Rumfield 0.5,MLB-PHIT-FG-000F9TFPI50AH4O-TJLD000-GTE-P00005,Settled Early,08/01/26 03:20:44.204 AM EDT,$1.00
Caleb Durbin 0.5,MLB-PTBS-FG-000F9TBUI50AH6G-CAIN000-GTE-P00005,Settled Early,08/01/26 03:20:45.163 AM EDT,$1.00
Caleb Durbin 7.5,MLB-PTBS-FG-000F9TBUI50AH6G-CAIN000-GTE-P00075,Settled Early,08/01/26 03:20:45.366 AM EDT,$0.00
Caleb Durbin 3.5,MLB-PTBS-FG-000F9TBUI50AH6G-CAIN000-GTE-P00035,Settled Early,08/01/26 03:20:45.532 AM EDT,$0.00
Caleb Durbin 1.5,MLB-PTBS-FG-000F9TBUI50AH6G-CAIN000-GTE-P00015,Settled Early,08/01/26 03:20:45.737 AM EDT,$1.00
Caleb Durbin 5.5,MLB-PTBS-FG-000F9TBUI50AH6G-CAIN000-GTE-P00055,Settled Early,08/01/26 03:20:45.945 AM EDT,$0.00
Caleb Durbin 4.5,MLB-PTBS-FG-000F9TBUI50AH6G-CAIN000-GTE-P00045,Settled Early,08/01/26 03:20:46.155 AM EDT,$0.00
Caleb Durbin 2.5,MLB-PTBS-FG-000F9TBUI50AH6G-CAIN000-GTE-P00025,Settled Early,08/01/26 03:20:46.320 AM EDT,$1.00
Caleb Durbin 6.5,MLB-PTBS-FG-000F9TBUI50AH6G-CAIN000-GTE-P00065,Settled Early,08/01/26 03:20:46.513 AM EDT,$0.00
Caleb Durbin 3.5,MLB-PHIT-FG-000F9TBUI50AH6G-CAIN000-GTE-P00035,Settled Early,08/01/26 03:20:54.621 AM EDT,$0.00
Caleb Durbin 1.5,MLB-PHIT-FG-000F9TBUI50AH6G-CAIN000-GTE-P00015,Settled Early,08/01/26 03:20:54.828 AM EDT,$1.00
Caleb Durbin 0.5,MLB-PHIT-FG-000F9TBUI50AH6G-CAIN000-GTE-P00005,Settled Early,08/01/26 03:20:55.017 AM EDT,$1.00
Caleb Durbin 4.5,MLB-PHIT-FG-000F9TBUI50AH6G-CAIN000-GTE-P00045,Settled Early,08/01/26 03:20:55.218 AM EDT,$0.00
Caleb Durbin 2.5,MLB-PHIT-FG-000F9TBUI50AH6G-CAIN000-GTE-P00025,Settled Early,08/01/26 03:20:55.414 AM EDT,$0.00
Caleb Durbin 4.5,MLB-PRBI-FG-000F9TBUI50AH6G-CAIN000-GTE-P00045,Settled Early,08/01/26 03:21:02.436 AM EDT,$0.00
Caleb Durbin 1.5,MLB-PRBI-FG-000F9TBUI50AH6G-CAIN000-GTE-P00015,Settled Early,08/01/26 03:21:02.602 AM EDT,$0.00
Caleb Durbin 3.5,MLB-PRBI-FG-000F9TBUI50AH6G-CAIN000-GTE-P00035,Settled Early,08/01/26 03:21:02.798 AM EDT,$0.00
Caleb Durbin 0.5,MLB-PRBI-FG-000F9TBUI50AH6G-CAIN000-GTE-P00005,Settled Early,08/01/26 03:21:02.964 AM EDT,$0.00
Caleb Durbin 2.5,MLB-PRBI-FG-000F9TBUI50AH6G-CAIN000-GTE-P00025,Settled Early,08/01/26 03:21:03.137 AM EDT,$0.00
Caleb Durbin 2.5,MLB-PHRN-FG-000F9TBUI50AH6G-CAIN000-GTE-P00025,Settled Early,08/01/26 03:21:09.922 AM EDT,$0.00
Caleb Durbin 1.5,MLB-PHRN-FG-000F9TBUI50AH6G-CAIN000-GTE-P00015,Settled Early,08/01/26 03:21:10.149 AM EDT,$0.00
Caleb Durbin 0.5,MLB-PHRN-FG-000F9TBUI50AH6G-CAIN000-GTE-P00005,Settled Early,08/01/26 03:21:10.360 AM EDT,$0.00
T.J. Rumfield 0.5,MLB-PHRN-FG-000F9TFPI50AH4O-TJLD000-GTE-P00005,Settled Early,08/01/26 03:21:18.004 AM EDT,$0.00
T.J. Rumfield 1.5,MLB-PHRN-FG-000F9TFPI50AH4O-TJLD000-GTE-P00015,Settled Early,08/01/26 03:21:18.287 AM EDT,$0.00
T.J. Rumfield 2.5,MLB-PHRN-FG-000F9TFPI50AH4O-TJLD000-GTE-P00025,Settled Early,08/01/26 03:21:18.520 AM EDT,$0.00
Jarren Duran 0.5,MLB-PHIT-FG-000F9TBUI50AH6G-JAAN001-GTE-P00005,Settled Early,08/01/26 03:21:32.863 AM EDT,$1.00
Jarren Duran 4.5,MLB-PHIT-FG-000F9TBUI50AH6G-JAAN001-GTE-P00045,Settled Early,08/01/26 03:21:33.097 AM EDT,$0.00
Jarren Duran 1.5,MLB-PHIT-FG-000F9TBUI50AH6G-JAAN001-GTE-P00015,Settled Early,08/01/26 03:21:33.361 AM EDT,$1.00
Jarren Duran 2.5,MLB-PHIT-FG-000F9TBUI50AH6G-JAAN001-GTE-P00025,Settled Early,08/01/26 03:21:33.591 AM EDT,$0.00
Jarren Duran 3.5,MLB-PHIT-FG-000F9TBUI50AH6G-JAAN001-GTE-P00035,Settled Early,08/01/26 03:21:33.796 AM EDT,$0.00
Troy Johnston 0.5,MLB-PHRR-FG-000F9TFPI50AH4O-TRON000-GTE-P00005,Settled Early,08/01/26 03:21:39.462 AM EDT,$1.00
Troy Johnston 1.5,MLB-PHRR-FG-000F9TFPI50AH4O-TRON000-GTE-P00015,Settled Early,08/01/26 03:21:39.691 AM EDT,$0.00
Troy Johnston 2.5,MLB-PHRR-FG-000F9TFPI50AH4O-TRON000-GTE-P00025,Settled Early,08/01/26 03:21:39.945 AM EDT,$0.00
Troy Johnston 3.5,MLB-PHRR-FG-000F9TFPI50AH4O-TRON000-GTE-P00035,Settled Early,08/01/26 03:21:40.181 AM EDT,$0.00
Troy Johnston 4.5,MLB-PHRR-FG-000F9TFPI50AH4O-TRON000-GTE-P00045,Settled Early,08/01/26 03:21:40.394 AM EDT,$0.00
Troy Johnston 5.5,MLB-PHRR-FG-000F9TFPI50AH4O-TRON000-GTE-P00055,Settled Early,08/01/26 03:21:40.595 AM EDT,$0.00
Troy Johnston 6.5,MLB-PHRR-FG-000F9TFPI50AH4O-TRON000-GTE-P00065,Settled Early,08/01/26 03:21:40.781 AM EDT,$0.00
Troy Johnston 7.5,MLB-PHRR-FG-000F9TFPI50AH4O-TRON000-GTE-P00075,Settled Early,08/01/26 03:21:40.990 AM EDT,$0.00
Troy Johnston 8.5,MLB-PHRR-FG-000F9TFPI50AH4O-TRON000-GTE-P00085,Settled Early,08/01/26 03:21:41.199 AM EDT,$0.00
Troy Johnston 9.5,MLB-PHRR-FG-000F9TFPI50AH4O-TRON000-GTE-P00095,Settled Early,08/01/26 03:21:41.399 AM EDT,$0.00
Jarren Duran 1.5,MLB-PTBS-FG-000F9TBUI50AH6G-JAAN001-GTE-P00015,Settled Early,08/01/26 03:21:43.213 AM EDT,$1.00
Jarren Duran 0.5,MLB-PTBS-FG-000F9TBUI50AH6G-JAAN001-GTE-P00005,Settled Early,08/01/26 03:21:43.445 AM EDT,$1.00
Jarren Duran 3.5,MLB-PTBS-FG-000F9TBUI50AH6G-JAAN001-GTE-P00035,Settled Early,08/01/26 03:21:43.609 AM EDT,$0.00
Jarren Duran 5.5,MLB-PTBS-FG-000F9TBUI50AH6G-JAAN001-GTE-P00055,Settled Early,08/01/26 03:21:43.791 AM EDT,$0.00
Jarren Duran 4.5,MLB-PTBS-FG-000F9TBUI50AH6G-JAAN001-GTE-P00045,Settled Early,08/01/26 03:21:43.975 AM EDT,$0.00
Jarren Duran 6.5,MLB-PTBS-FG-000F9TBUI50AH6G-JAAN001-GTE-P00065,Settled Early,08/01/26 03:21:44.161 AM EDT,$0.00
Jarren Duran 2.5,MLB-PTBS-FG-000F9TBUI50AH6G-JAAN001-GTE-P00025,Settled Early,08/01/26 03:21:44.385 AM EDT,$0.00
Jarren Duran 7.5,MLB-PTBS-FG-000F9TBUI50AH6G-JAAN001-GTE-P00075,Settled Early,08/01/26 03:21:44.558 AM EDT,$0.00
Troy Johnston 1.5,MLB-PRBI-FG-000F9TFPI50AH4O-TRON000-GTE-P00015,Settled Early,08/01/26 03:21:55.668 AM EDT,$0.00
Troy Johnston 0.5,MLB-PRBI-FG-000F9TFPI50AH4O-TRON000-GTE-P00005,Settled Early,08/01/26 03:21:55.915 AM EDT,$0.00
Troy Johnston 3.5,MLB-PRBI-FG-000F9TFPI50AH4O-TRON000-GTE-P00035,Settled Early,08/01/26 03:21:56.162 AM EDT,$0.00
Troy Johnston 2.5,MLB-PRBI-FG-000F9TFPI50AH4O-TRON000-GTE-P00025,Settled Early,08/01/26 03:21:56.401 AM EDT,$0.00
Troy Johnston 4.5,MLB-PRBI-FG-000F9TFPI50AH4O-TRON000-GTE-P00045,Settled Early,08/01/26 03:21:56.590 AM EDT,$0.00
Jarren Duran 2.5,MLB-PRBI-FG-000F9TBUI50AH6G-JAAN001-GTE-P00025,Settled Early,08/01/26 03:22:06.510 AM EDT,$0.00
Jarren Duran 0.5,MLB-PRBI-FG-000F9TBUI50AH6G-JAAN001-GTE-P00005,Settled Early,08/01/26 03:22:06.763 AM EDT,$1.00
Jarren Duran 1.5,MLB-PRBI-FG-000F9TBUI50AH6G-JAAN001-GTE-P00015,Settled Early,08/01/26 03:22:06.990 AM EDT,$1.00
Jarren Duran 3.5,MLB-PRBI-FG-000F9TBUI50AH6G-JAAN001-GTE-P00035,Settled Early,08/01/26 03:22:07.216 AM EDT,$0.00
Jarren Duran 4.5,MLB-PRBI-FG-000F9TBUI50AH6G-JAAN001-GTE-P00045,Settled Early,08/01/26 03:22:07.446 AM EDT,$0.00
Troy Johnston 7.5,MLB-PTBS-FG-000F9TFPI50AH4O-TRON000-GTE-P00075,Settled Early,08/01/26 03:22:08.637 AM EDT,$0.00
Troy Johnston 0.5,MLB-PTBS-FG-000F9TFPI50AH4O-TRON000-GTE-P00005,Settled Early,08/01/26 03:22:08.837 AM EDT,$0.00
Troy Johnston 6.5,MLB-PTBS-FG-000F9TFPI50AH4O-TRON000-GTE-P00065,Settled Early,08/01/26 03:22:09.034 AM EDT,$0.00
Troy Johnston 5.5,MLB-PTBS-FG-000F9TFPI50AH4O-TRON000-GTE-P00055,Settled Early,08/01/26 03:22:09.249 AM EDT,$0.00
Troy Johnston 3.5,MLB-PTBS-FG-000F9TFPI50AH4O-TRON000-GTE-P00035,Settled Early,08/01/26 03:22:09.415 AM EDT,$0.00
Troy Johnston 4.5,MLB-PTBS-FG-000F9TFPI50AH4O-TRON000-GTE-P00045,Settled Early,08/01/26 03:22:09.585 AM EDT,$0.00
Troy Johnston 1.5,MLB-PTBS-FG-000F9TFPI50AH4O-TRON000-GTE-P00015,Settled Early,08/01/26 03:22:09.751 AM EDT,$0.00
Troy Johnston 2.5,MLB-PTBS-FG-000F9TFPI50AH4O-TRON000-GTE-P00025,Settled Early,08/01/26 03:22:09.939 AM EDT,$0.00
Jarren Duran 0.5,MLB-PHRN-FG-000F9TBUI50AH6G-JAAN001-GTE-P00005,Settled Early,08/01/26 03:22:13.819 AM EDT,$0.00
Jarren Duran 2.5,MLB-PHRN-FG-000F9TBUI50AH6G-JAAN001-GTE-P00025,Settled Early,08/01/26 03:22:14.045 AM EDT,$0.00
Jarren Duran 1.5,MLB-PHRN-FG-000F9TBUI50AH6G-JAAN001-GTE-P00015,Settled Early,08/01/26 03:22:14.254 AM EDT,$0.00
Troy Johnston 0.5,MLB-PHIT-FG-000F9TFPI50AH4O-TRON000-GTE-P00005,Settled Early,08/01/26 03:22:22.052 AM EDT,$0.00
Troy Johnston 2.5,MLB-PHIT-FG-000F9TFPI50AH4O-TRON000-GTE-P00025,Settled Early,08/01/26 03:22:22.302 AM EDT,$0.00
Troy Johnston 3.5,MLB-PHIT-FG-000F9TFPI50AH4O-TRON000-GTE-P00035,Settled Early,08/01/26 03:22:22.549 AM EDT,$0.00
Troy Johnston 4.5,MLB-PHIT-FG-000F9TFPI50AH4O-TRON000-GTE-P00045,Settled Early,08/01/26 03:22:22.770 AM EDT,$0.00
Troy Johnston 1.5,MLB-PHIT-FG-000F9TFPI50AH4O-TRON000-GTE-P00015,Settled Early,08/01/26 03:22:23.000 AM EDT,$0.00
Troy Johnston 1.5,MLB-PHRN-FG-000F9TFPI50AH4O-TRON000-GTE-P00015,Settled Early,08/01/26 03:22:35.161 AM EDT,$0.00
Troy Johnston 2.5,MLB-PHRN-FG-000F9TFPI50AH4O-TRON000-GTE-P00025,Settled Early,08/01/26 03:22:35.417 AM EDT,$0.00
Troy Johnston 0.5,MLB-PHRN-FG-000F9TFPI50AH4O-TRON000-GTE-P00005,Settled Early,08/01/26 03:22:35.653 AM EDT,$0.00
Mickey Moniak 0.5,MLB-PHRR-FG-000F9TFPI50AH4O-MIAK000-GTE-P00005,Settled Early,08/01/26 03:23:04.001 AM EDT,$1.00
Mickey Moniak 1.5,MLB-PHRR-FG-000F9TFPI50AH4O-MIAK000-GTE-P00015,Settled Early,08/01/26 03:23:04.236 AM EDT,$1.00
Mickey Moniak 2.5,MLB-PHRR-FG-000F9TFPI50AH4O-MIAK000-GTE-P00025,Settled Early,08/01/26 03:23:04.465 AM EDT,$0.00
Mickey Moniak 3.5,MLB-PHRR-FG-000F9TFPI50AH4O-MIAK000-GTE-P00035,Settled Early,08/01/26 03:23:04.723 AM EDT,$0.00
Mickey Moniak 4.5,MLB-PHRR-FG-000F9TFPI50AH4O-MIAK000-GTE-P00045,Settled Early,08/01/26 03:23:04.910 AM EDT,$0.00
Mickey Moniak 5.5,MLB-PHRR-FG-000F9TFPI50AH4O-MIAK000-GTE-P00055,Settled Early,08/01/26 03:23:05.134 AM EDT,$0.00
Mickey Moniak 6.5,MLB-PHRR-FG-000F9TFPI50AH4O-MIAK000-GTE-P00065,Settled Early,08/01/26 03:23:05.345 AM EDT,$0.00
Mickey Moniak 7.5,MLB-PHRR-FG-000F9TFPI50AH4O-MIAK000-GTE-P00075,Settled Early,08/01/26 03:23:05.548 AM EDT,$0.00
Mickey Moniak 8.5,MLB-PHRR-FG-000F9TFPI50AH4O-MIAK000-GTE-P00085,Settled Early,08/01/26 03:23:05.740 AM EDT,$0.00
Mickey Moniak 9.5,MLB-PHRR-FG-000F9TFPI50AH4O-MIAK000-GTE-P00095,Settled Early,08/01/26 03:23:05.922 AM EDT,$0.00
Ranger Suarez 13.5,MLB-PKS-FG-000F9TBUI50AH6G-RAEZ004-GTE-P00135,Settled Early,08/01/26 03:23:16.754 AM EDT,$0.00
Ranger Suarez 9.5,MLB-PKS-FG-000F9TBUI50AH6G-RAEZ004-GTE-P00095,Settled Early,08/01/26 03:23:17.016 AM EDT,$0.00
Ranger Suarez 10.5,MLB-PKS-FG-000F9TBUI50AH6G-RAEZ004-GTE-P00105,Settled Early,08/01/26 03:23:17.256 AM EDT,$0.00
Ranger Suarez 7.5,MLB-PKS-FG-000F9TBUI50AH6G-RAEZ004-GTE-P00075,Settled Early,08/01/26 03:23:17.464 AM EDT,$0.00
Ranger Suarez 1.5,MLB-PKS-FG-000F9TBUI50AH6G-RAEZ004-GTE-P00015,Settled Early,08/01/26 03:23:17.698 AM EDT,$1.00
Ranger Suarez 8.5,MLB-PKS-FG-000F9TBUI50AH6G-RAEZ004-GTE-P00085,Settled Early,08/01/26 03:23:17.900 AM EDT,$0.00
Mickey Moniak 0.5,MLB-PHIT-FG-000F9TFPI50AH4O-MIAK000-GTE-P00005,Settled Early,08/01/26 03:23:17.912 AM EDT,$1.00
Ranger Suarez 2.5,MLB-PKS-FG-000F9TBUI50AH6G-RAEZ004-GTE-P00025,Settled Early,08/01/26 03:23:18.091 AM EDT,$0.00
Mickey Moniak 1.5,MLB-PHIT-FG-000F9TFPI50AH4O-MIAK000-GTE-P00015,Settled Early,08/01/26 03:23:18.170 AM EDT,$0.00
Ranger Suarez 12.5,MLB-PKS-FG-000F9TBUI50AH6G-RAEZ004-GTE-P00125,Settled Early,08/01/26 03:23:18.326 AM EDT,$0.00
Mickey Moniak 3.5,MLB-PHIT-FG-000F9TFPI50AH4O-MIAK000-GTE-P00035,Settled Early,08/01/26 03:23:18.392 AM EDT,$0.00
Ranger Suarez 4.5,MLB-PKS-FG-000F9TBUI50AH6G-RAEZ004-GTE-P00045,Settled Early,08/01/26 03:23:18.555 AM EDT,$0.00
Mickey Moniak 2.5,MLB-PHIT-FG-000F9TFPI50AH4O-MIAK000-GTE-P00025,Settled Early,08/01/26 03:23:18.609 AM EDT,$0.00
Ranger Suarez 6.5,MLB-PKS-FG-000F9TBUI50AH6G-RAEZ004-GTE-P00065,Settled Early,08/01/26 03:23:18.748 AM EDT,$0.00
Mickey Moniak 4.5,MLB-PHIT-FG-000F9TFPI50AH4O-MIAK000-GTE-P00045,Settled Early,08/01/26 03:23:18.818 AM EDT,$0.00
Ranger Suarez 3.5,MLB-PKS-FG-000F9TBUI50AH6G-RAEZ004-GTE-P00035,Settled Early,08/01/26 03:23:18.959 AM EDT,$0.00
Ranger Suarez 5.5,MLB-PKS-FG-000F9TBUI50AH6G-RAEZ004-GTE-P00055,Settled Early,08/01/26 03:23:19.191 AM EDT,$0.00
Ranger Suarez 11.5,MLB-PKS-FG-000F9TBUI50AH6G-RAEZ004-GTE-P00115,Settled Early,08/01/26 03:23:19.407 AM EDT,$0.00
Mickey Moniak 0.5,MLB-PTBS-FG-000F9TFPI50AH4O-MIAK000-GTE-P00005,Settled Early,08/01/26 03:23:37.567 AM EDT,$1.00
Mickey Moniak 7.5,MLB-PTBS-FG-000F9TFPI50AH4O-MIAK000-GTE-P00075,Settled Early,08/01/26 03:23:37.810 AM EDT,$0.00
Mickey Moniak 1.5,MLB-PTBS-FG-000F9TFPI50AH4O-MIAK000-GTE-P00015,Settled Early,08/01/26 03:23:38.045 AM EDT,$1.00
Mickey Moniak 6.5,MLB-PTBS-FG-000F9TFPI50AH4O-MIAK000-GTE-P00065,Settled Early,08/01/26 03:23:38.315 AM EDT,$0.00
Mickey Moniak 2.5,MLB-PTBS-FG-000F9TFPI50AH4O-MIAK000-GTE-P00025,Settled Early,08/01/26 03:23:38.541 AM EDT,$0.00
Mickey Moniak 3.5,MLB-PTBS-FG-000F9TFPI50AH4O-MIAK000-GTE-P00035,Settled Early,08/01/26 03:23:38.767 AM EDT,$0.00
Mickey Moniak 5.5,MLB-PTBS-FG-000F9TFPI50AH4O-MIAK000-GTE-P00055,Settled Early,08/01/26 03:23:38.988 AM EDT,$0.00
Mickey Moniak 4.5,MLB-PTBS-FG-000F9TFPI50AH4O-MIAK000-GTE-P00045,Settled Early,08/01/26 03:23:39.186 AM EDT,$0.00
Mickey Moniak 1.5,MLB-PRBI-FG-000F9TFPI50AH4O-MIAK000-GTE-P00015,Settled Early,08/01/26 03:23:57.734 AM EDT,$0.00
Mickey Moniak 0.5,MLB-PRBI-FG-000F9TFPI50AH4O-MIAK000-GTE-P00005,Settled Early,08/01/26 03:23:58.027 AM EDT,$0.00
Mickey Moniak 2.5,MLB-PRBI-FG-000F9TFPI50AH4O-MIAK000-GTE-P00025,Settled Early,08/01/26 03:23:58.362 AM EDT,$0.00
Mickey Moniak 3.5,MLB-PRBI-FG-000F9TFPI50AH4O-MIAK000-GTE-P00035,Settled Early,08/01/26 03:23:58.646 AM EDT,$0.00
Mickey Moniak 4.5,MLB-PRBI-FG-000F9TFPI50AH4O-MIAK000-GTE-P00045,Settled Early,08/01/26 03:23:58.877 AM EDT,$0.00
Mickey Moniak 2.5,MLB-PHRN-FG-000F9TFPI50AH4O-MIAK000-GTE-P00025,Settled Early,08/01/26 03:24:10.732 AM EDT,$0.00
Mickey Moniak 1.5,MLB-PHRN-FG-000F9TFPI50AH4O-MIAK000-GTE-P00015,Settled Early,08/01/26 03:24:10.970 AM EDT,$0.00
Mickey Moniak 0.5,MLB-PHRN-FG-000F9TFPI50AH4O-MIAK000-GTE-P00005,Settled Early,08/01/26 03:24:11.168 AM EDT,$0.00
Carter Jensen 2.5,MLB-PHRR-FG-000F9TFPI50AH4O-CAEN000-GTE-P00025,Settled Early,08/01/26 03:24:51.413 AM EDT,$1.00
Carter Jensen 3.5,MLB-PHRR-FG-000F9TFPI50AH4O-CAEN000-GTE-P00035,Settled Early,08/01/26 03:24:51.730 AM EDT,$0.00
Carter Jensen 4.5,MLB-PHRR-FG-000F9TFPI50AH4O-CAEN000-GTE-P00045,Settled Early,08/01/26 03:24:51.950 AM EDT,$0.00
Carter Jensen 5.5,MLB-PHRR-FG-000F9TFPI50AH4O-CAEN000-GTE-P00055,Settled Early,08/01/26 03:24:52.188 AM EDT,$0.00
Carter Jensen 6.5,MLB-PHRR-FG-000F9TFPI50AH4O-CAEN000-GTE-P00065,Settled Early,08/01/26 03:24:52.433 AM EDT,$0.00
Carter Jensen 7.5,MLB-PHRR-FG-000F9TFPI50AH4O-CAEN000-GTE-P00075,Settled Early,08/01/26 03:24:52.665 AM EDT,$0.00
Carter Jensen 8.5,MLB-PHRR-FG-000F9TFPI50AH4O-CAEN000-GTE-P00085,Settled Early,08/01/26 03:24:52.899 AM EDT,$0.00
Carter Jensen 9.5,MLB-PHRR-FG-000F9TFPI50AH4O-CAEN000-GTE-P00095,Settled Early,08/01/26 03:24:53.101 AM EDT,$0.00
Carter Jensen 0.5,MLB-PHRR-FG-000F9TFPI50AH4O-CAEN000-GTE-P00005,Settled Early,08/01/26 03:24:53.279 AM EDT,$1.00
Carter Jensen 1.5,MLB-PHRR-FG-000F9TFPI50AH4O-CAEN000-GTE-P00015,Settled Early,08/01/26 03:24:53.487 AM EDT,$1.00
Carter Jensen 2.5,MLB-PHRN-FG-000F9TFPI50AH4O-CAEN000-GTE-P00025,Settled Early,08/01/26 03:25:03.807 AM EDT,$0.00
Carter Jensen 1.5,MLB-PHRN-FG-000F9TFPI50AH4O-CAEN000-GTE-P00015,Settled Early,08/01/26 03:25:04.062 AM EDT,$0.00
Carter Jensen 0.5,MLB-PHRN-FG-000F9TFPI50AH4O-CAEN000-GTE-P00005,Settled Early,08/01/26 03:25:04.365 AM EDT,$1.00
Carter Jensen 1.5,MLB-PRBI-FG-000F9TFPI50AH4O-CAEN000-GTE-P00015,Settled Early,08/01/26 03:25:24.933 AM EDT,$0.00
Carter Jensen 2.5,MLB-PRBI-FG-000F9TFPI50AH4O-CAEN000-GTE-P00025,Settled Early,08/01/26 03:25:25.208 AM EDT,$0.00
Carter Jensen 0.5,MLB-PRBI-FG-000F9TFPI50AH4O-CAEN000-GTE-P00005,Settled Early,08/01/26 03:25:25.457 AM EDT,$1.00
Carter Jensen 4.5,MLB-PRBI-FG-000F9TFPI50AH4O-CAEN000-GTE-P00045,Settled Early,08/01/26 03:25:25.706 AM EDT,$0.00
Carter Jensen 3.5,MLB-PRBI-FG-000F9TFPI50AH4O-CAEN000-GTE-P00035,Settled Early,08/01/26 03:25:25.949 AM EDT,$0.00
Carter Jensen 4.5,MLB-PHIT-FG-000F9TFPI50AH4O-CAEN000-GTE-P00045,Settled Early,08/01/26 03:25:37.682 AM EDT,$0.00
Carter Jensen 3.5,MLB-PHIT-FG-000F9TFPI50AH4O-CAEN000-GTE-P00035,Settled Early,08/01/26 03:25:37.952 AM EDT,$0.00
Carter Jensen 2.5,MLB-PHIT-FG-000F9TFPI50AH4O-CAEN000-GTE-P00025,Settled Early,08/01/26 03:25:38.194 AM EDT,$0.00
Carter Jensen 0.5,MLB-PHIT-FG-000F9TFPI50AH4O-CAEN000-GTE-P00005,Settled Early,08/01/26 03:25:38.452 AM EDT,$1.00
Carter Jensen 1.5,MLB-PHIT-FG-000F9TFPI50AH4O-CAEN000-GTE-P00015,Settled Early,08/01/26 03:25:38.683 AM EDT,$0.00
Carter Jensen 1.5,MLB-PTBS-FG-000F9TFPI50AH4O-CAEN000-GTE-P00015,Settled Early,08/01/26 03:26:10.556 AM EDT,$1.00
Carter Jensen 0.5,MLB-PTBS-FG-000F9TFPI50AH4O-CAEN000-GTE-P00005,Settled Early,08/01/26 03:26:10.791 AM EDT,$1.00
Carter Jensen 5.5,MLB-PTBS-FG-000F9TFPI50AH4O-CAEN000-GTE-P00055,Settled Early,08/01/26 03:26:10.989 AM EDT,$0.00
Carter Jensen 3.5,MLB-PTBS-FG-000F9TFPI50AH4O-CAEN000-GTE-P00035,Settled Early,08/01/26 03:26:11.192 AM EDT,$1.00
Carter Jensen 4.5,MLB-PTBS-FG-000F9TFPI50AH4O-CAEN000-GTE-P00045,Settled Early,08/01/26 03:26:11.388 AM EDT,$0.00
Carter Jensen 2.5,MLB-PTBS-FG-000F9TFPI50AH4O-CAEN000-GTE-P00025,Settled Early,08/01/26 03:26:11.591 AM EDT,$1.00
Carter Jensen 7.5,MLB-PTBS-FG-000F9TFPI50AH4O-CAEN000-GTE-P00075,Settled Early,08/01/26 03:26:11.808 AM EDT,$0.00
Carter Jensen 6.5,MLB-PTBS-FG-000F9TFPI50AH4O-CAEN000-GTE-P00065,Settled Early,08/01/26 03:26:11.996 AM EDT,$0.00
Lane Thomas 3.5,MLB-PHRR-FG-000F9TFPI50AH4O-LAAS001-GTE-P00035,Settled Early,08/01/26 03:26:36.250 AM EDT,$0.00
Lane Thomas 4.5,MLB-PHRR-FG-000F9TFPI50AH4O-LAAS001-GTE-P00045,Settled Early,08/01/26 03:26:36.509 AM EDT,$0.00
Lane Thomas 5.5,MLB-PHRR-FG-000F9TFPI50AH4O-LAAS001-GTE-P00055,Settled Early,08/01/26 03:26:36.765 AM EDT,$0.00
Lane Thomas 6.5,MLB-PHRR-FG-000F9TFPI50AH4O-LAAS001-GTE-P00065,Settled Early,08/01/26 03:26:36.982 AM EDT,$0.00
Lane Thomas 7.5,MLB-PHRR-FG-000F9TFPI50AH4O-LAAS001-GTE-P00075,Settled Early,08/01/26 03:26:37.243 AM EDT,$0.00
Lane Thomas 8.5,MLB-PHRR-FG-000F9TFPI50AH4O-LAAS001-GTE-P00085,Settled Early,08/01/26 03:26:37.457 AM EDT,$0.00
Lane Thomas 9.5,MLB-PHRR-FG-000F9TFPI50AH4O-LAAS001-GTE-P00095,Settled Early,08/01/26 03:26:37.683 AM EDT,$0.00
Lane Thomas 2.5,MLB-PHRR-FG-000F9TFPI50AH4O-LAAS001-GTE-P00025,Settled Early,08/01/26 03:26:37.889 AM EDT,$0.00
Lane Thomas 1.5,MLB-PHRR-FG-000F9TFPI50AH4O-LAAS001-GTE-P00015,Settled Early,08/01/26 03:26:38.072 AM EDT,$0.00
Lane Thomas 0.5,MLB-PHRR-FG-000F9TFPI50AH4O-LAAS001-GTE-P00005,Settled Early,08/01/26 03:26:38.304 AM EDT,$1.00
Nolan Schanuel 0.5,MLB-PHRR-FG-000F9TAII50AG9O-NOEL000-GTE-P00005,Settled Early,08/01/26 03:26:39.419 AM EDT,$1.00
Nolan Schanuel 1.5,MLB-PHRR-FG-000F9TAII50AG9O-NOEL000-GTE-P00015,Settled Early,08/01/26 03:26:39.621 AM EDT,$0.00
Nolan Schanuel 8.5,MLB-PHRR-FG-000F9TAII50AG9O-NOEL000-GTE-P00085,Settled Early,08/01/26 03:26:39.838 AM EDT,$0.00
Nolan Schanuel 9.5,MLB-PHRR-FG-000F9TAII50AG9O-NOEL000-GTE-P00095,Settled Early,08/01/26 03:26:40.021 AM EDT,$0.00
Nolan Schanuel 3.5,MLB-PHRR-FG-000F9TAII50AG9O-NOEL000-GTE-P00035,Settled Early,08/01/26 03:26:40.205 AM EDT,$0.00
Nolan Schanuel 4.5,MLB-PHRR-FG-000F9TAII50AG9O-NOEL000-GTE-P00045,Settled Early,08/01/26 03:26:40.414 AM EDT,$0.00
Nolan Schanuel 7.5,MLB-PHRR-FG-000F9TAII50AG9O-NOEL000-GTE-P00075,Settled Early,08/01/26 03:26:40.598 AM EDT,$0.00
Nolan Schanuel 6.5,MLB-PHRR-FG-000F9TAII50AG9O-NOEL000-GTE-P00065,Settled Early,08/01/26 03:26:40.797 AM EDT,$0.00
Nolan Schanuel 2.5,MLB-PHRR-FG-000F9TAII50AG9O-NOEL000-GTE-P00025,Settled Early,08/01/26 03:26:41.005 AM EDT,$0.00
Nolan Schanuel 5.5,MLB-PHRR-FG-000F9TAII50AG9O-NOEL000-GTE-P00055,Settled Early,08/01/26 03:26:41.245 AM EDT,$0.00
Lane Thomas 0.5,MLB-PHRN-FG-000F9TFPI50AH4O-LAAS001-GTE-P00005,Settled Early,08/01/26 03:26:48.517 AM EDT,$0.00
Lane Thomas 1.5,MLB-PHRN-FG-000F9TFPI50AH4O-LAAS001-GTE-P00015,Settled Early,08/01/26 03:26:48.750 AM EDT,$0.00
Lane Thomas 2.5,MLB-PHRN-FG-000F9TFPI50AH4O-LAAS001-GTE-P00025,Settled Early,08/01/26 03:26:48.964 AM EDT,$0.00
Nolan Schanuel 0.5,MLB-PRBI-FG-000F9TAII50AG9O-NOEL000-GTE-P00005,Settled Early,08/01/26 03:26:52.258 AM EDT,$0.00
Nolan Schanuel 4.5,MLB-PRBI-FG-000F9TAII50AG9O-NOEL000-GTE-P00045,Settled Early,08/01/26 03:26:52.515 AM EDT,$0.00
Nolan Schanuel 3.5,MLB-PRBI-FG-000F9TAII50AG9O-NOEL000-GTE-P00035,Settled Early,08/01/26 03:26:52.764 AM EDT,$0.00
Nolan Schanuel 2.5,MLB-PRBI-FG-000F9TAII50AG9O-NOEL000-GTE-P00025,Settled Early,08/01/26 03:26:53.005 AM EDT,$0.00
Nolan Schanuel 1.5,MLB-PRBI-FG-000F9TAII50AG9O-NOEL000-GTE-P00015,Settled Early,08/01/26 03:26:53.203 AM EDT,$0.00
Lane Thomas 1.5,MLB-PHIT-FG-000F9TFPI50AH4O-LAAS001-GTE-P00015,Settled Early,08/01/26 03:27:01.179 AM EDT,$0.00
Lane Thomas 4.5,MLB-PHIT-FG-000F9TFPI50AH4O-LAAS001-GTE-P00045,Settled Early,08/01/26 03:27:01.407 AM EDT,$0.00
Lane Thomas 3.5,MLB-PHIT-FG-000F9TFPI50AH4O-LAAS001-GTE-P00035,Settled Early,08/01/26 03:27:01.645 AM EDT,$0.00
Lane Thomas 0.5,MLB-PHIT-FG-000F9TFPI50AH4O-LAAS001-GTE-P00005,Settled Early,08/01/26 03:27:01.850 AM EDT,$1.00
Lane Thomas 2.5,MLB-PHIT-FG-000F9TFPI50AH4O-LAAS001-GTE-P00025,Settled Early,08/01/26 03:27:02.094 AM EDT,$0.00
Nolan Schanuel 0.5,MLB-PTBS-FG-000F9TAII50AG9O-NOEL000-GTE-P00005,Settled Early,08/01/26 03:27:04.050 AM EDT,$1.00
Nolan Schanuel 5.5,MLB-PTBS-FG-000F9TAII50AG9O-NOEL000-GTE-P00055,Settled Early,08/01/26 03:27:04.243 AM EDT,$0.00
Nolan Schanuel 6.5,MLB-PTBS-FG-000F9TAII50AG9O-NOEL000-GTE-P00065,Settled Early,08/01/26 03:27:04.415 AM EDT,$0.00
Nolan Schanuel 7.5,MLB-PTBS-FG-000F9TAII50AG9O-NOEL000-GTE-P00075,Settled Early,08/01/26 03:27:04.633 AM EDT,$0.00
Nolan Schanuel 1.5,MLB-PTBS-FG-000F9TAII50AG9O-NOEL000-GTE-P00015,Settled Early,08/01/26 03:27:04.814 AM EDT,$0.00
Nolan Schanuel 2.5,MLB-PTBS-FG-000F9TAII50AG9O-NOEL000-GTE-P00025,Settled Early,08/01/26 03:27:04.999 AM EDT,$0.00
Nolan Schanuel 3.5,MLB-PTBS-FG-000F9TAII50AG9O-NOEL000-GTE-P00035,Settled Early,08/01/26 03:27:05.187 AM EDT,$0.00
Nolan Schanuel 4.5,MLB-PTBS-FG-000F9TAII50AG9O-NOEL000-GTE-P00045,Settled Early,08/01/26 03:27:05.383 AM EDT,$0.00
Nolan Schanuel 2.5,MLB-PHRN-FG-000F9TAII50AG9O-NOEL000-GTE-P00025,Settled Early,08/01/26 03:27:12.413 AM EDT,$0.00
Nolan Schanuel 0.5,MLB-PHRN-FG-000F9TAII50AG9O-NOEL000-GTE-P00005,Settled Early,08/01/26 03:27:12.648 AM EDT,$0.00
Nolan Schanuel 1.5,MLB-PHRN-FG-000F9TAII50AG9O-NOEL000-GTE-P00015,Settled Early,08/01/26 03:27:12.875 AM EDT,$0.00
Nolan Schanuel 0.5,MLB-PHIT-FG-000F9TAII50AG9O-NOEL000-GTE-P00005,Settled Early,08/01/26 03:27:20.233 AM EDT,$1.00
Nolan Schanuel 4.5,MLB-PHIT-FG-000F9TAII50AG9O-NOEL000-GTE-P00045,Settled Early,08/01/26 03:27:20.514 AM EDT,$0.00
Nolan Schanuel 1.5,MLB-PHIT-FG-000F9TAII50AG9O-NOEL000-GTE-P00015,Settled Early,08/01/26 03:27:20.753 AM EDT,$0.00
Nolan Schanuel 2.5,MLB-PHIT-FG-000F9TAII50AG9O-NOEL000-GTE-P00025,Settled Early,08/01/26 03:27:20.985 AM EDT,$0.00
Nolan Schanuel 3.5,MLB-PHIT-FG-000F9TAII50AG9O-NOEL000-GTE-P00035,Settled Early,08/01/26 03:27:21.182 AM EDT,$0.00
Lane Thomas 1.5,MLB-PRBI-FG-000F9TFPI50AH4O-LAAS001-GTE-P00015,Settled Early,08/01/26 03:27:23.739 AM EDT,$0.00
Jacob Wilson 3.5,MLB-PHRR-FG-000F9T8JI50AGVO-JAON003-GTE-P00035,Settled Early,08/01/26 03:27:23.802 AM EDT,$0.00
Lane Thomas 3.5,MLB-PRBI-FG-000F9TFPI50AH4O-LAAS001-GTE-P00035,Settled Early,08/01/26 03:27:23.998 AM EDT,$0.00
Jacob Wilson 4.5,MLB-PHRR-FG-000F9T8JI50AGVO-JAON003-GTE-P00045,Settled Early,08/01/26 03:27:24.073 AM EDT,$0.00
Lane Thomas 2.5,MLB-PRBI-FG-000F9TFPI50AH4O-LAAS001-GTE-P00025,Settled Early,08/01/26 03:27:24.259 AM EDT,$0.00
Jacob Wilson 8.5,MLB-PHRR-FG-000F9T8JI50AGVO-JAON003-GTE-P00085,Settled Early,08/01/26 03:27:24.341 AM EDT,$0.00
Lane Thomas 0.5,MLB-PRBI-FG-000F9TFPI50AH4O-LAAS001-GTE-P00005,Settled Early,08/01/26 03:27:24.504 AM EDT,$0.00
Jacob Wilson 1.5,MLB-PHRR-FG-000F9T8JI50AGVO-JAON003-GTE-P00015,Settled Early,08/01/26 03:27:24.534 AM EDT,$1.00
Lane Thomas 4.5,MLB-PRBI-FG-000F9TFPI50AH4O-LAAS001-GTE-P00045,Settled Early,08/01/26 03:27:24.712 AM EDT,$0.00
Jacob Wilson 0.5,MLB-PHRR-FG-000F9T8JI50AGVO-JAON003-GTE-P00005,Settled Early,08/01/26 03:27:24.744 AM EDT,$1.00
Jacob Wilson 5.5,MLB-PHRR-FG-000F9T8JI50AGVO-JAON003-GTE-P00055,Settled Early,08/01/26 03:27:24.942 AM EDT,$0.00
Jacob Wilson 2.5,MLB-PHRR-FG-000F9T8JI50AGVO-JAON003-GTE-P00025,Settled Early,08/01/26 03:27:25.134 AM EDT,$0.00
Jacob Wilson 6.5,MLB-PHRR-FG-000F9T8JI50AGVO-JAON003-GTE-P00065,Settled Early,08/01/26 03:27:25.303 AM EDT,$0.00
Jacob Wilson 9.5,MLB-PHRR-FG-000F9T8JI50AGVO-JAON003-GTE-P00095,Settled Early,08/01/26 03:27:25.506 AM EDT,$0.00
Jacob Wilson 7.5,MLB-PHRR-FG-000F9T8JI50AGVO-JAON003-GTE-P00075,Settled Early,08/01/26 03:27:25.672 AM EDT,$0.00
Jacob Wilson 5.5,MLB-PTBS-FG-000F9T8JI50AGVO-JAON003-GTE-P00055,Settled Early,08/01/26 03:27:37.999 AM EDT,$0.00
Jacob Wilson 4.5,MLB-PTBS-FG-000F9T8JI50AGVO-JAON003-GTE-P00045,Settled Early,08/01/26 03:27:38.272 AM EDT,$0.00
Jacob Wilson 1.5,MLB-PTBS-FG-000F9T8JI50AGVO-JAON003-GTE-P00015,Settled Early,08/01/26 03:27:38.498 AM EDT,$0.00
Jacob Wilson 0.5,MLB-PTBS-FG-000F9T8JI50AGVO-JAON003-GTE-P00005,Settled Early,08/01/26 03:27:38.753 AM EDT,$1.00
Jacob Wilson 2.5,MLB-PTBS-FG-000F9T8JI50AGVO-JAON003-GTE-P00025,Settled Early,08/01/26 03:27:38.988 AM EDT,$0.00
Jacob Wilson 7.5,MLB-PTBS-FG-000F9T8JI50AGVO-JAON003-GTE-P00075,Settled Early,08/01/26 03:27:39.201 AM EDT,$0.00
Jacob Wilson 6.5,MLB-PTBS-FG-000F9T8JI50AGVO-JAON003-GTE-P00065,Settled Early,08/01/26 03:27:39.423 AM EDT,$0.00
Jacob Wilson 3.5,MLB-PTBS-FG-000F9T8JI50AGVO-JAON003-GTE-P00035,Settled Early,08/01/26 03:27:39.611 AM EDT,$0.00
Lane Thomas 5.5,MLB-PTBS-FG-000F9TFPI50AH4O-LAAS001-GTE-P00055,Settled Early,08/01/26 03:27:39.892 AM EDT,$0.00
Lane Thomas 0.5,MLB-PTBS-FG-000F9TFPI50AH4O-LAAS001-GTE-P00005,Settled Early,08/01/26 03:27:40.089 AM EDT,$1.00
Lane Thomas 3.5,MLB-PTBS-FG-000F9TFPI50AH4O-LAAS001-GTE-P00035,Settled Early,08/01/26 03:27:40.285 AM EDT,$0.00
Lane Thomas 4.5,MLB-PTBS-FG-000F9TFPI50AH4O-LAAS001-GTE-P00045,Settled Early,08/01/26 03:27:40.487 AM EDT,$0.00
Lane Thomas 1.5,MLB-PTBS-FG-000F9TFPI50AH4O-LAAS001-GTE-P00015,Settled Early,08/01/26 03:27:40.694 AM EDT,$0.00
Lane Thomas 7.5,MLB-PTBS-FG-000F9TFPI50AH4O-LAAS001-GTE-P00075,Settled Early,08/01/26 03:27:40.889 AM EDT,$0.00
Lane Thomas 6.5,MLB-PTBS-FG-000F9TFPI50AH4O-LAAS001-GTE-P00065,Settled Early,08/01/26 03:27:41.082 AM EDT,$0.00
Lane Thomas 2.5,MLB-PTBS-FG-000F9TFPI50AH4O-LAAS001-GTE-P00025,Settled Early,08/01/26 03:27:41.275 AM EDT,$0.00
Brice Turang 4.5,MLB-PHIT-FG-000F9TAII50AG9O-BRNG003-GTE-P00045,Settled Early,08/01/26 03:27:41.923 AM EDT,$0.00
Brice Turang 3.5,MLB-PHIT-FG-000F9TAII50AG9O-BRNG003-GTE-P00035,Settled Early,08/01/26 03:27:42.134 AM EDT,$0.00
Brice Turang 2.5,MLB-PHIT-FG-000F9TAII50AG9O-BRNG003-GTE-P00025,Settled Early,08/01/26 03:27:42.301 AM EDT,$0.00
Brice Turang 0.5,MLB-PHIT-FG-000F9TAII50AG9O-BRNG003-GTE-P00005,Settled Early,08/01/26 03:27:42.467 AM EDT,$1.00
Brice Turang 1.5,MLB-PHIT-FG-000F9TAII50AG9O-BRNG003-GTE-P00015,Settled Early,08/01/26 03:27:42.660 AM EDT,$0.00
Jacob Wilson 1.5,MLB-PRBI-FG-000F9T8JI50AGVO-JAON003-GTE-P00015,Settled Early,08/01/26 03:27:48.472 AM EDT,$0.00
Jacob Wilson 4.5,MLB-PRBI-FG-000F9T8JI50AGVO-JAON003-GTE-P00045,Settled Early,08/01/26 03:27:48.741 AM EDT,$0.00
Jacob Wilson 2.5,MLB-PRBI-FG-000F9T8JI50AGVO-JAON003-GTE-P00025,Settled Early,08/01/26 03:27:48.983 AM EDT,$0.00
Jacob Wilson 0.5,MLB-PRBI-FG-000F9T8JI50AGVO-JAON003-GTE-P00005,Settled Early,08/01/26 03:27:49.215 AM EDT,$0.00
Jacob Wilson 3.5,MLB-PRBI-FG-000F9T8JI50AGVO-JAON003-GTE-P00035,Settled Early,08/01/26 03:27:49.414 AM EDT,$0.00
Jacob Wilson 0.5,MLB-PHRN-FG-000F9T8JI50AGVO-JAON003-GTE-P00005,Settled Early,08/01/26 03:28:00.112 AM EDT,$0.00
Jacob Wilson 2.5,MLB-PHRN-FG-000F9T8JI50AGVO-JAON003-GTE-P00025,Settled Early,08/01/26 03:28:00.344 AM EDT,$0.00
Jacob Wilson 1.5,MLB-PHRN-FG-000F9T8JI50AGVO-JAON003-GTE-P00015,Settled Early,08/01/26 03:28:00.550 AM EDT,$0.00
Brice Turang 0.5,MLB-PRBI-FG-000F9TAII50AG9O-BRNG003-GTE-P00005,Settled Early,08/01/26 03:28:01.414 AM EDT,$1.00
Brice Turang 1.5,MLB-PRBI-FG-000F9TAII50AG9O-BRNG003-GTE-P00015,Settled Early,08/01/26 03:28:01.640 AM EDT,$1.00
Brice Turang 3.5,MLB-PRBI-FG-000F9TAII50AG9O-BRNG003-GTE-P00035,Settled Early,08/01/26 03:28:01.839 AM EDT,$0.00
Brice Turang 4.5,MLB-PRBI-FG-000F9TAII50AG9O-BRNG003-GTE-P00045,Settled Early,08/01/26 03:28:02.043 AM EDT,$0.00
Brice Turang 2.5,MLB-PRBI-FG-000F9TAII50AG9O-BRNG003-GTE-P00025,Settled Early,08/01/26 03:28:02.220 AM EDT,$0.00
Jacob Wilson 2.5,MLB-PHIT-FG-000F9T8JI50AGVO-JAON003-GTE-P00025,Settled Early,08/01/26 03:28:10.554 AM EDT,$0.00
Jacob Wilson 0.5,MLB-PHIT-FG-000F9T8JI50AGVO-JAON003-GTE-P00005,Settled Early,08/01/26 03:28:10.783 AM EDT,$1.00
Jacob Wilson 1.5,MLB-PHIT-FG-000F9T8JI50AGVO-JAON003-GTE-P00015,Settled Early,08/01/26 03:28:11.014 AM EDT,$0.00
Jacob Wilson 3.5,MLB-PHIT-FG-000F9T8JI50AGVO-JAON003-GTE-P00035,Settled Early,08/01/26 03:28:11.296 AM EDT,$0.00
Jacob Wilson 4.5,MLB-PHIT-FG-000F9T8JI50AGVO-JAON003-GTE-P00045,Settled Early,08/01/26 03:28:11.488 AM EDT,$0.00
Brice Turang 0.5,MLB-PHRN-FG-000F9TAII50AG9O-BRNG003-GTE-P00005,Settled Early,08/01/26 03:28:20.286 AM EDT,$1.00
Brice Turang 1.5,MLB-PHRN-FG-000F9TAII50AG9O-BRNG003-GTE-P00015,Settled Early,08/01/26 03:28:20.575 AM EDT,$0.00
Brice Turang 2.5,MLB-PHRN-FG-000F9TAII50AG9O-BRNG003-GTE-P00025,Settled Early,08/01/26 03:28:20.803 AM EDT,$0.00
Eduardo Valencia 2.5,MLB-PTBS-FG-000F9T8JI50AGVO-EDIA001-GTE-P00025,Settled Early,08/01/26 03:28:34.403 AM EDT,$0.00
Eduardo Valencia 3.5,MLB-PTBS-FG-000F9T8JI50AGVO-EDIA001-GTE-P00035,Settled Early,08/01/26 03:28:34.643 AM EDT,$0.00
Eduardo Valencia 1.5,MLB-PTBS-FG-000F9T8JI50AGVO-EDIA001-GTE-P00015,Settled Early,08/01/26 03:28:34.879 AM EDT,$1.00
Eduardo Valencia 4.5,MLB-PTBS-FG-000F9T8JI50AGVO-EDIA001-GTE-P00045,Settled Early,08/01/26 03:28:35.117 AM EDT,$0.00
Eduardo Valencia 0.5,MLB-PTBS-FG-000F9T8JI50AGVO-EDIA001-GTE-P00005,Settled Early,08/01/26 03:28:36.401 AM EDT,$1.00
Eduardo Valencia 5.5,MLB-PTBS-FG-000F9T8JI50AGVO-EDIA001-GTE-P00055,Settled Early,08/01/26 03:28:36.573 AM EDT,$0.00
Eduardo Valencia 6.5,MLB-PTBS-FG-000F9T8JI50AGVO-EDIA001-GTE-P00065,Settled Early,08/01/26 03:28:36.786 AM EDT,$0.00
Eduardo Valencia 7.5,MLB-PTBS-FG-000F9T8JI50AGVO-EDIA001-GTE-P00075,Settled Early,08/01/26 03:28:37.000 AM EDT,$0.00
Brice Turang 7.5,MLB-PTBS-FG-000F9TAII50AG9O-BRNG003-GTE-P00075,Settled Early,08/01/26 03:28:38.520 AM EDT,$0.00
Brice Turang 4.5,MLB-PTBS-FG-000F9TAII50AG9O-BRNG003-GTE-P00045,Settled Early,08/01/26 03:28:38.748 AM EDT,$0.00
Brice Turang 3.5,MLB-PTBS-FG-000F9TAII50AG9O-BRNG003-GTE-P00035,Settled Early,08/01/26 03:28:38.991 AM EDT,$1.00
Brice Turang 1.5,MLB-PTBS-FG-000F9TAII50AG9O-BRNG003-GTE-P00015,Settled Early,08/01/26 03:28:39.195 AM EDT,$1.00
Brice Turang 5.5,MLB-PTBS-FG-000F9TAII50AG9O-BRNG003-GTE-P00055,Settled Early,08/01/26 03:28:39.389 AM EDT,$0.00
Brice Turang 2.5,MLB-PTBS-FG-000F9TAII50AG9O-BRNG003-GTE-P00025,Settled Early,08/01/26 03:28:39.577 AM EDT,$1.00
Brice Turang 0.5,MLB-PTBS-FG-000F9TAII50AG9O-BRNG003-GTE-P00005,Settled Early,08/01/26 03:28:39.784 AM EDT,$1.00
Brice Turang 6.5,MLB-PTBS-FG-000F9TAII50AG9O-BRNG003-GTE-P00065,Settled Early,08/01/26 03:28:39.999 AM EDT,$0.00
Salvador Perez 0.5,MLB-PHRR-FG-000F9TFPI50AH4O-SAEZ000-GTE-P00005,Settled Early,08/01/26 03:28:44.132 AM EDT,$1.00
Salvador Perez 1.5,MLB-PHRR-FG-000F9TFPI50AH4O-SAEZ000-GTE-P00015,Settled Early,08/01/26 03:28:44.385 AM EDT,$1.00
Salvador Perez 2.5,MLB-PHRR-FG-000F9TFPI50AH4O-SAEZ000-GTE-P00025,Settled Early,08/01/26 03:28:44.661 AM EDT,$0.00
Salvador Perez 3.5,MLB-PHRR-FG-000F9TFPI50AH4O-SAEZ000-GTE-P00035,Settled Early,08/01/26 03:28:44.877 AM EDT,$0.00
Salvador Perez 4.5,MLB-PHRR-FG-000F9TFPI50AH4O-SAEZ000-GTE-P00045,Settled Early,08/01/26 03:28:45.066 AM EDT,$0.00
Salvador Perez 5.5,MLB-PHRR-FG-000F9TFPI50AH4O-SAEZ000-GTE-P00055,Settled Early,08/01/26 03:28:45.311 AM EDT,$0.00
Salvador Perez 6.5,MLB-PHRR-FG-000F9TFPI50AH4O-SAEZ000-GTE-P00065,Settled Early,08/01/26 03:28:45.530 AM EDT,$0.00
Salvador Perez 7.5,MLB-PHRR-FG-000F9TFPI50AH4O-SAEZ000-GTE-P00075,Settled Early,08/01/26 03:28:45.793 AM EDT,$0.00
Salvador Perez 8.5,MLB-PHRR-FG-000F9TFPI50AH4O-SAEZ000-GTE-P00085,Settled Early,08/01/26 03:28:46.012 AM EDT,$0.00
Salvador Perez 9.5,MLB-PHRR-FG-000F9TFPI50AH4O-SAEZ000-GTE-P00095,Settled Early,08/01/26 03:28:46.206 AM EDT,$0.00
Eduardo Valencia 3.5,MLB-PRBI-FG-000F9T8JI50AGVO-EDIA001-GTE-P00035,Settled Early,08/01/26 03:28:47.767 AM EDT,$0.00
Eduardo Valencia 2.5,MLB-PRBI-FG-000F9T8JI50AGVO-EDIA001-GTE-P00025,Settled Early,08/01/26 03:28:48.017 AM EDT,$0.00
Eduardo Valencia 1.5,MLB-PRBI-FG-000F9T8JI50AGVO-EDIA001-GTE-P00015,Settled Early,08/01/26 03:28:48.222 AM EDT,$0.00
Eduardo Valencia 4.5,MLB-PRBI-FG-000F9T8JI50AGVO-EDIA001-GTE-P00045,Settled Early,08/01/26 03:28:48.456 AM EDT,$0.00
Eduardo Valencia 0.5,MLB-PRBI-FG-000F9T8JI50AGVO-EDIA001-GTE-P00005,Settled Early,08/01/26 03:28:48.648 AM EDT,$0.00
Salvador Perez 6.5,MLB-PTBS-FG-000F9TFPI50AH4O-SAEZ000-GTE-P00065,Settled Early,08/01/26 03:28:56.378 AM EDT,$0.00
Salvador Perez 1.5,MLB-PTBS-FG-000F9TFPI50AH4O-SAEZ000-GTE-P00015,Settled Early,08/01/26 03:28:56.625 AM EDT,$1.00
Salvador Perez 3.5,MLB-PTBS-FG-000F9TFPI50AH4O-SAEZ000-GTE-P00035,Settled Early,08/01/26 03:28:56.877 AM EDT,$0.00
Salvador Perez 0.5,MLB-PTBS-FG-000F9TFPI50AH4O-SAEZ000-GTE-P00005,Settled Early,08/01/26 03:28:57.085 AM EDT,$1.00
Salvador Perez 7.5,MLB-PTBS-FG-000F9TFPI50AH4O-SAEZ000-GTE-P00075,Settled Early,08/01/26 03:28:57.300 AM EDT,$0.00
Salvador Perez 2.5,MLB-PTBS-FG-000F9TFPI50AH4O-SAEZ000-GTE-P00025,Settled Early,08/01/26 03:28:57.512 AM EDT,$0.00
Salvador Perez 4.5,MLB-PTBS-FG-000F9TFPI50AH4O-SAEZ000-GTE-P00045,Settled Early,08/01/26 03:28:57.713 AM EDT,$0.00
Salvador Perez 5.5,MLB-PTBS-FG-000F9TFPI50AH4O-SAEZ000-GTE-P00055,Settled Early,08/01/26 03:28:57.892 AM EDT,$0.00
Eduardo Valencia 0.5,MLB-PHRR-FG-000F9T8JI50AGVO-EDIA001-GTE-P00005,Settled Early,08/01/26 03:29:02.504 AM EDT,$1.00
Eduardo Valencia 1.5,MLB-PHRR-FG-000F9T8JI50AGVO-EDIA001-GTE-P00015,Settled Early,08/01/26 03:29:02.738 AM EDT,$0.00
Eduardo Valencia 2.5,MLB-PHRR-FG-000F9T8JI50AGVO-EDIA001-GTE-P00025,Settled Early,08/01/26 03:29:02.997 AM EDT,$0.00
Eduardo Valencia 5.5,MLB-PHRR-FG-000F9T8JI50AGVO-EDIA001-GTE-P00055,Settled Early,08/01/26 03:29:03.225 AM EDT,$0.00
Eduardo Valencia 7.5,MLB-PHRR-FG-000F9T8JI50AGVO-EDIA001-GTE-P00075,Settled Early,08/01/26 03:29:03.458 AM EDT,$0.00
Eduardo Valencia 4.5,MLB-PHRR-FG-000F9T8JI50AGVO-EDIA001-GTE-P00045,Settled Early,08/01/26 03:29:03.672 AM EDT,$0.00
Eduardo Valencia 8.5,MLB-PHRR-FG-000F9T8JI50AGVO-EDIA001-GTE-P00085,Settled Early,08/01/26 03:29:03.898 AM EDT,$0.00
Eduardo Valencia 6.5,MLB-PHRR-FG-000F9T8JI50AGVO-EDIA001-GTE-P00065,Settled Early,08/01/26 03:29:04.083 AM EDT,$0.00
Eduardo Valencia 3.5,MLB-PHRR-FG-000F9T8JI50AGVO-EDIA001-GTE-P00035,Settled Early,08/01/26 03:29:04.286 AM EDT,$0.00
Eduardo Valencia 9.5,MLB-PHRR-FG-000F9T8JI50AGVO-EDIA001-GTE-P00095,Settled Early,08/01/26 03:29:04.515 AM EDT,$0.00
Salvador Perez 0.5,MLB-PHRN-FG-000F9TFPI50AH4O-SAEZ000-GTE-P00005,Settled Early,08/01/26 03:29:07.004 AM EDT,$0.00
Salvador Perez 1.5,MLB-PHRN-FG-000F9TFPI50AH4O-SAEZ000-GTE-P00015,Settled Early,08/01/26 03:29:07.216 AM EDT,$0.00
Salvador Perez 2.5,MLB-PHRN-FG-000F9TFPI50AH4O-SAEZ000-GTE-P00025,Settled Early,08/01/26 03:29:07.414 AM EDT,$0.00
Eduardo Valencia 3.5,MLB-PHIT-FG-000F9T8JI50AGVO-EDIA001-GTE-P00035,Settled Early,08/01/26 03:29:12.480 AM EDT,$0.00
Eduardo Valencia 1.5,MLB-PHIT-FG-000F9T8JI50AGVO-EDIA001-GTE-P00015,Settled Early,08/01/26 03:29:12.707 AM EDT,$0.00
Eduardo Valencia 4.5,MLB-PHIT-FG-000F9T8JI50AGVO-EDIA001-GTE-P00045,Settled Early,08/01/26 03:29:12.936 AM EDT,$0.00
Eduardo Valencia 2.5,MLB-PHIT-FG-000F9T8JI50AGVO-EDIA001-GTE-P00025,Settled Early,08/01/26 03:29:13.152 AM EDT,$0.00
Eduardo Valencia 0.5,MLB-PHIT-FG-000F9T8JI50AGVO-EDIA001-GTE-P00005,Settled Early,08/01/26 03:29:13.335 AM EDT,$1.00
Christian Yelich 3.5,MLB-PHIT-FG-000F9TAII50AG9O-CHCH000-GTE-P00035,Settled Early,08/01/26 03:29:16.600 AM EDT,$0.00
Christian Yelich 0.5,MLB-PHIT-FG-000F9TAII50AG9O-CHCH000-GTE-P00005,Settled Early,08/01/26 03:29:16.831 AM EDT,$1.00
Christian Yelich 4.5,MLB-PHIT-FG-000F9TAII50AG9O-CHCH000-GTE-P00045,Settled Early,08/01/26 03:29:17.077 AM EDT,$0.00
Christian Yelich 1.5,MLB-PHIT-FG-000F9TAII50AG9O-CHCH000-GTE-P00015,Settled Early,08/01/26 03:29:17.321 AM EDT,$0.00
Christian Yelich 2.5,MLB-PHIT-FG-000F9TAII50AG9O-CHCH000-GTE-P00025,Settled Early,08/01/26 03:29:17.558 AM EDT,$0.00
Salvador Perez 4.5,MLB-PHIT-FG-000F9TFPI50AH4O-SAEZ000-GTE-P00045,Settled Early,08/01/26 03:29:25.495 AM EDT,$0.00
Salvador Perez 1.5,MLB-PHIT-FG-000F9TFPI50AH4O-SAEZ000-GTE-P00015,Settled Early,08/01/26 03:29:25.832 AM EDT,$1.00
Salvador Perez 2.5,MLB-PHIT-FG-000F9TFPI50AH4O-SAEZ000-GTE-P00025,Settled Early,08/01/26 03:29:26.098 AM EDT,$0.00
Salvador Perez 0.5,MLB-PHIT-FG-000F9TFPI50AH4O-SAEZ000-GTE-P00005,Settled Early,08/01/26 03:29:26.356 AM EDT,$1.00
Salvador Perez 3.5,MLB-PHIT-FG-000F9TFPI50AH4O-SAEZ000-GTE-P00035,Settled Early,08/01/26 03:29:26.593 AM EDT,$0.00
Eduardo Valencia 1.5,MLB-PHRN-FG-000F9T8JI50AGVO-EDIA001-GTE-P00015,Settled Early,08/01/26 03:29:26.600 AM EDT,$0.00
Eduardo Valencia 0.5,MLB-PHRN-FG-000F9T8JI50AGVO-EDIA001-GTE-P00005,Settled Early,08/01/26 03:29:26.842 AM EDT,$0.00
Eduardo Valencia 2.5,MLB-PHRN-FG-000F9T8JI50AGVO-EDIA001-GTE-P00025,Settled Early,08/01/26 03:29:27.087 AM EDT,$0.00
Christian Yelich 1.5,MLB-PHRN-FG-000F9TAII50AG9O-CHCH000-GTE-P00015,Settled Early,08/01/26 03:29:30.445 AM EDT,$0.00
Christian Yelich 2.5,MLB-PHRN-FG-000F9TAII50AG9O-CHCH000-GTE-P00025,Settled Early,08/01/26 03:29:30.700 AM EDT,$0.00
Christian Yelich 0.5,MLB-PHRN-FG-000F9TAII50AG9O-CHCH000-GTE-P00005,Settled Early,08/01/26 03:29:30.919 AM EDT,$0.00
Salvador Perez 0.5,MLB-PRBI-FG-000F9TFPI50AH4O-SAEZ000-GTE-P00005,Settled Early,08/01/26 03:29:38.392 AM EDT,$0.00
Salvador Perez 1.5,MLB-PRBI-FG-000F9TFPI50AH4O-SAEZ000-GTE-P00015,Settled Early,08/01/26 03:29:38.667 AM EDT,$0.00
Salvador Perez 2.5,MLB-PRBI-FG-000F9TFPI50AH4O-SAEZ000-GTE-P00025,Settled Early,08/01/26 03:29:38.979 AM EDT,$0.00
Salvador Perez 4.5,MLB-PRBI-FG-000F9TFPI50AH4O-SAEZ000-GTE-P00045,Settled Early,08/01/26 03:29:39.206 AM EDT,$0.00
Salvador Perez 3.5,MLB-PRBI-FG-000F9TFPI50AH4O-SAEZ000-GTE-P00035,Settled Early,08/01/26 03:29:39.437 AM EDT,$0.00
Riley Greene 0.5,MLB-PHRR-FG-000F9T8JI50AGVO-RINE000-GTE-P00005,Settled Early,08/01/26 03:29:53.943 AM EDT,$0.00
Riley Greene 1.5,MLB-PHRR-FG-000F9T8JI50AGVO-RINE000-GTE-P00015,Settled Early,08/01/26 03:29:54.200 AM EDT,$0.00
Riley Greene 3.5,MLB-PHRR-FG-000F9T8JI50AGVO-RINE000-GTE-P00035,Settled Early,08/01/26 03:29:54.449 AM EDT,$0.00
Riley Greene 4.5,MLB-PHRR-FG-000F9T8JI50AGVO-RINE000-GTE-P00045,Settled Early,08/01/26 03:29:54.654 AM EDT,$0.00
Riley Greene 6.5,MLB-PHRR-FG-000F9T8JI50AGVO-RINE000-GTE-P00065,Settled Early,08/01/26 03:29:54.899 AM EDT,$0.00
Riley Greene 7.5,MLB-PHRR-FG-000F9T8JI50AGVO-RINE000-GTE-P00075,Settled Early,08/01/26 03:29:55.112 AM EDT,$0.00
Riley Greene 8.5,MLB-PHRR-FG-000F9T8JI50AGVO-RINE000-GTE-P00085,Settled Early,08/01/26 03:29:55.308 AM EDT,$0.00
Riley Greene 5.5,MLB-PHRR-FG-000F9T8JI50AGVO-RINE000-GTE-P00055,Settled Early,08/01/26 03:29:55.531 AM EDT,$0.00
Riley Greene 9.5,MLB-PHRR-FG-000F9T8JI50AGVO-RINE000-GTE-P00095,Settled Early,08/01/26 03:29:55.762 AM EDT,$0.00
Riley Greene 2.5,MLB-PHRR-FG-000F9T8JI50AGVO-RINE000-GTE-P00025,Settled Early,08/01/26 03:29:55.957 AM EDT,$0.00
Christian Yelich 3.5,MLB-PTBS-FG-000F9TAII50AG9O-CHCH000-GTE-P00035,Settled Early,08/01/26 03:29:56.547 AM EDT,$0.00
Christian Yelich 2.5,MLB-PTBS-FG-000F9TAII50AG9O-CHCH000-GTE-P00025,Settled Early,08/01/26 03:29:56.745 AM EDT,$0.00
Christian Yelich 1.5,MLB-PTBS-FG-000F9TAII50AG9O-CHCH000-GTE-P00015,Settled Early,08/01/26 03:29:56.941 AM EDT,$0.00
Christian Yelich 7.5,MLB-PTBS-FG-000F9TAII50AG9O-CHCH000-GTE-P00075,Settled Early,08/01/26 03:29:57.144 AM EDT,$0.00
Christian Yelich 6.5,MLB-PTBS-FG-000F9TAII50AG9O-CHCH000-GTE-P00065,Settled Early,08/01/26 03:29:57.349 AM EDT,$0.00
Christian Yelich 5.5,MLB-PTBS-FG-000F9TAII50AG9O-CHCH000-GTE-P00055,Settled Early,08/01/26 03:29:57.555 AM EDT,$0.00
Christian Yelich 4.5,MLB-PTBS-FG-000F9TAII50AG9O-CHCH000-GTE-P00045,Settled Early,08/01/26 03:29:57.726 AM EDT,$0.00
Tyler Freeman 0.5,MLB-PHRR-FG-000F9TFPI50AH4O-TYAN000-GTE-P00005,Settled Early,08/01/26 03:29:57.857 AM EDT,$0.00
Christian Yelich 0.5,MLB-PTBS-FG-000F9TAII50AG9O-CHCH000-GTE-P00005,Settled Early,08/01/26 03:29:57.963 AM EDT,$1.00
Tyler Freeman 1.5,MLB-PHRR-FG-000F9TFPI50AH4O-TYAN000-GTE-P00015,Settled Early,08/01/26 03:29:58.081 AM EDT,$0.00
Tyler Freeman 2.5,MLB-PHRR-FG-000F9TFPI50AH4O-TYAN000-GTE-P00025,Settled Early,08/01/26 03:29:58.269 AM EDT,$0.00
Tyler Freeman 3.5,MLB-PHRR-FG-000F9TFPI50AH4O-TYAN000-GTE-P00035,Settled Early,08/01/26 03:29:58.462 AM EDT,$0.00
Tyler Freeman 5.5,MLB-PHRR-FG-000F9TFPI50AH4O-TYAN000-GTE-P00055,Settled Early,08/01/26 03:29:58.640 AM EDT,$0.00
Tyler Freeman 9.5,MLB-PHRR-FG-000F9TFPI50AH4O-TYAN000-GTE-P00095,Settled Early,08/01/26 03:29:58.841 AM EDT,$0.00
Tyler Freeman 6.5,MLB-PHRR-FG-000F9TFPI50AH4O-TYAN000-GTE-P00065,Settled Early,08/01/26 03:29:59.011 AM EDT,$0.00
Tyler Freeman 8.5,MLB-PHRR-FG-000F9TFPI50AH4O-TYAN000-GTE-P00085,Settled Early,08/01/26 03:29:59.222 AM EDT,$0.00
Tyler Freeman 7.5,MLB-PHRR-FG-000F9TFPI50AH4O-TYAN000-GTE-P00075,Settled Early,08/01/26 03:29:59.458 AM EDT,$0.00
Tyler Freeman 4.5,MLB-PHRR-FG-000F9TFPI50AH4O-TYAN000-GTE-P00045,Settled Early,08/01/26 03:29:59.645 AM EDT,$0.00
Christian Yelich 0.5,MLB-PRBI-FG-000F9TAII50AG9O-CHCH000-GTE-P00005,Settled Early,08/01/26 03:30:04.860 AM EDT,$0.00
Christian Yelich 4.5,MLB-PRBI-FG-000F9TAII50AG9O-CHCH000-GTE-P00045,Settled Early,08/01/26 03:30:05.037 AM EDT,$0.00
Christian Yelich 2.5,MLB-PRBI-FG-000F9TAII50AG9O-CHCH000-GTE-P00025,Settled Early,08/01/26 03:30:05.228 AM EDT,$0.00
Christian Yelich 1.5,MLB-PRBI-FG-000F9TAII50AG9O-CHCH000-GTE-P00015,Settled Early,08/01/26 03:30:05.433 AM EDT,$0.00
Christian Yelich 3.5,MLB-PRBI-FG-000F9TAII50AG9O-CHCH000-GTE-P00035,Settled Early,08/01/26 03:30:05.629 AM EDT,$0.00
Riley Greene 0.5,MLB-PHRN-FG-000F9T8JI50AGVO-RINE000-GTE-P00005,Settled Early,08/01/26 03:30:16.469 AM EDT,$0.00
Riley Greene 2.5,MLB-PHRN-FG-000F9T8JI50AGVO-RINE000-GTE-P00025,Settled Early,08/01/26 03:30:16.671 AM EDT,$0.00
Riley Greene 1.5,MLB-PHRN-FG-000F9T8JI50AGVO-RINE000-GTE-P00015,Settled Early,08/01/26 03:30:16.860 AM EDT,$0.00
Isaac Collins 5.5,MLB-PHRR-FG-000F9TFPI50AH4O-ISNS000-GTE-P00055,Settled Early,08/01/26 03:30:23.389 AM EDT,$0.00
Isaac Collins 6.5,MLB-PHRR-FG-000F9TFPI50AH4O-ISNS000-GTE-P00065,Settled Early,08/01/26 03:30:23.560 AM EDT,$0.00
Isaac Collins 7.5,MLB-PHRR-FG-000F9TFPI50AH4O-ISNS000-GTE-P00075,Settled Early,08/01/26 03:30:23.737 AM EDT,$0.00
Isaac Collins 8.5,MLB-PHRR-FG-000F9TFPI50AH4O-ISNS000-GTE-P00085,Settled Early,08/01/26 03:30:23.936 AM EDT,$0.00
Isaac Collins 9.5,MLB-PHRR-FG-000F9TFPI50AH4O-ISNS000-GTE-P00095,Settled Early,08/01/26 03:30:24.102 AM EDT,$0.00
Isaac Collins 3.5,MLB-PHRR-FG-000F9TFPI50AH4O-ISNS000-GTE-P00035,Settled Early,08/01/26 03:30:24.298 AM EDT,$0.00
Isaac Collins 4.5,MLB-PHRR-FG-000F9TFPI50AH4O-ISNS000-GTE-P00045,Settled Early,08/01/26 03:30:24.486 AM EDT,$0.00
Isaac Collins 0.5,MLB-PHRR-FG-000F9TFPI50AH4O-ISNS000-GTE-P00005,Settled Early,08/01/26 03:30:24.687 AM EDT,$1.00
Riley Greene 4.5,MLB-PRBI-FG-000F9T8JI50AGVO-RINE000-GTE-P00045,Settled Early,08/01/26 03:30:24.768 AM EDT,$0.00
Isaac Collins 2.5,MLB-PHRR-FG-000F9TFPI50AH4O-ISNS000-GTE-P00025,Settled Early,08/01/26 03:30:24.890 AM EDT,$0.00
Riley Greene 2.5,MLB-PRBI-FG-000F9T8JI50AGVO-RINE000-GTE-P00025,Settled Early,08/01/26 03:30:24.982 AM EDT,$0.00
Isaac Collins 1.5,MLB-PHRR-FG-000F9TFPI50AH4O-ISNS000-GTE-P00015,Settled Early,08/01/26 03:30:25.075 AM EDT,$0.00
Riley Greene 3.5,MLB-PRBI-FG-000F9T8JI50AGVO-RINE000-GTE-P00035,Settled Early,08/01/26 03:30:25.210 AM EDT,$0.00
Riley Greene 0.5,MLB-PRBI-FG-000F9T8JI50AGVO-RINE000-GTE-P00005,Settled Early,08/01/26 03:30:25.404 AM EDT,$0.00
Riley Greene 1.5,MLB-PRBI-FG-000F9T8JI50AGVO-RINE000-GTE-P00015,Settled Early,08/01/26 03:30:25.569 AM EDT,$0.00
Shane Drohan 12.5,MLB-PKS-FG-000F9TAII50AG9O-SHAN000-GTE-P00125,Settled Early,08/01/26 03:30:27.812 AM EDT,$0.00
Shane Drohan 8.5,MLB-PKS-FG-000F9TAII50AG9O-SHAN000-GTE-P00085,Settled Early,08/01/26 03:30:27.981 AM EDT,$0.00
Shane Drohan 11.5,MLB-PKS-FG-000F9TAII50AG9O-SHAN000-GTE-P00115,Settled Early,08/01/26 03:30:28.193 AM EDT,$0.00
Shane Drohan 4.5,MLB-PKS-FG-000F9TAII50AG9O-SHAN000-GTE-P00045,Settled Early,08/01/26 03:30:28.399 AM EDT,$1.00
Shane Drohan 6.5,MLB-PKS-FG-000F9TAII50AG9O-SHAN000-GTE-P00065,Settled Early,08/01/26 03:30:28.567 AM EDT,$1.00
Shane Drohan 10.5,MLB-PKS-FG-000F9TAII50AG9O-SHAN000-GTE-P00105,Settled Early,08/01/26 03:30:28.742 AM EDT,$0.00
Shane Drohan 5.5,MLB-PKS-FG-000F9TAII50AG9O-SHAN000-GTE-P00055,Settled Early,08/01/26 03:30:28.948 AM EDT,$1.00
Shane Drohan 3.5,MLB-PKS-FG-000F9TAII50AG9O-SHAN000-GTE-P00035,Settled Early,08/01/26 03:30:29.158 AM EDT,$1.00
Shane Drohan 7.5,MLB-PKS-FG-000F9TAII50AG9O-SHAN000-GTE-P00075,Settled Early,08/01/26 03:30:29.332 AM EDT,$0.00
Shane Drohan 13.5,MLB-PKS-FG-000F9TAII50AG9O-SHAN000-GTE-P00135,Settled Early,08/01/26 03:30:29.519 AM EDT,$0.00
Shane Drohan 9.5,MLB-PKS-FG-000F9TAII50AG9O-SHAN000-GTE-P00095,Settled Early,08/01/26 03:30:29.707 AM EDT,$0.00
Shane Drohan 2.5,MLB-PKS-FG-000F9TAII50AG9O-SHAN000-GTE-P00025,Settled Early,08/01/26 03:30:29.879 AM EDT,$1.00
Shane Drohan 1.5,MLB-PKS-FG-000F9TAII50AG9O-SHAN000-GTE-P00015,Settled Early,08/01/26 03:30:30.105 AM EDT,$1.00
Riley Greene 4.5,MLB-PHIT-FG-000F9T8JI50AGVO-RINE000-GTE-P00045,Settled Early,08/01/26 03:30:34.144 AM EDT,$0.00
Riley Greene 1.5,MLB-PHIT-FG-000F9T8JI50AGVO-RINE000-GTE-P00015,Settled Early,08/01/26 03:30:34.324 AM EDT,$0.00
Riley Greene 2.5,MLB-PHIT-FG-000F9T8JI50AGVO-RINE000-GTE-P00025,Settled Early,08/01/26 03:30:34.555 AM EDT,$0.00
Riley Greene 3.5,MLB-PHIT-FG-000F9T8JI50AGVO-RINE000-GTE-P00035,Settled Early,08/01/26 03:30:34.746 AM EDT,$0.00
Riley Greene 0.5,MLB-PHIT-FG-000F9T8JI50AGVO-RINE000-GTE-P00005,Settled Early,08/01/26 03:30:34.921 AM EDT,$0.00
Isaac Collins 0.5,MLB-PHRN-FG-000F9TFPI50AH4O-ISNS000-GTE-P00005,Settled Early,08/01/26 03:30:35.838 AM EDT,$0.00
Isaac Collins 2.5,MLB-PHRN-FG-000F9TFPI50AH4O-ISNS000-GTE-P00025,Settled Early,08/01/26 03:30:36.048 AM EDT,$0.00
Isaac Collins 1.5,MLB-PHRN-FG-000F9TFPI50AH4O-ISNS000-GTE-P00015,Settled Early,08/01/26 03:30:36.267 AM EDT,$0.00
Riley Greene 1.5,MLB-PTBS-FG-000F9T8JI50AGVO-RINE000-GTE-P00015,Settled Early,08/01/26 03:30:42.732 AM EDT,$0.00
Riley Greene 2.5,MLB-PTBS-FG-000F9T8JI50AGVO-RINE000-GTE-P00025,Settled Early,08/01/26 03:30:42.952 AM EDT,$0.00
Riley Greene 0.5,MLB-PTBS-FG-000F9T8JI50AGVO-RINE000-GTE-P00005,Settled Early,08/01/26 03:30:43.178 AM EDT,$0.00
Riley Greene 7.5,MLB-PTBS-FG-000F9T8JI50AGVO-RINE000-GTE-P00075,Settled Early,08/01/26 03:30:43.381 AM EDT,$0.00
Riley Greene 5.5,MLB-PTBS-FG-000F9T8JI50AGVO-RINE000-GTE-P00055,Settled Early,08/01/26 03:30:43.584 AM EDT,$0.00
Riley Greene 3.5,MLB-PTBS-FG-000F9T8JI50AGVO-RINE000-GTE-P00035,Settled Early,08/01/26 03:30:43.782 AM EDT,$0.00
Riley Greene 6.5,MLB-PTBS-FG-000F9T8JI50AGVO-RINE000-GTE-P00065,Settled Early,08/01/26 03:30:44.004 AM EDT,$0.00
Riley Greene 4.5,MLB-PTBS-FG-000F9T8JI50AGVO-RINE000-GTE-P00045,Settled Early,08/01/26 03:30:44.201 AM EDT,$0.00
Isaac Collins 0.5,MLB-PHIT-FG-000F9TFPI50AH4O-ISNS000-GTE-P00005,Settled Early,08/01/26 03:30:45.963 AM EDT,$1.00
Isaac Collins 3.5,MLB-PHIT-FG-000F9TFPI50AH4O-ISNS000-GTE-P00035,Settled Early,08/01/26 03:30:46.136 AM EDT,$0.00
Isaac Collins 2.5,MLB-PHIT-FG-000F9TFPI50AH4O-ISNS000-GTE-P00025,Settled Early,08/01/26 03:30:46.325 AM EDT,$0.00
Isaac Collins 4.5,MLB-PHIT-FG-000F9TFPI50AH4O-ISNS000-GTE-P00045,Settled Early,08/01/26 03:30:46.496 AM EDT,$0.00
Isaac Collins 1.5,MLB-PHIT-FG-000F9TFPI50AH4O-ISNS000-GTE-P00015,Settled Early,08/01/26 03:30:46.664 AM EDT,$0.00
Ryan Johnson (LAA) 13.5,MLB-PKS-FG-000F9TAII50AG9O-RYAA000-GTE-P00135,Settled Early,08/01/26 03:30:49.979 AM EDT,$0.00
Ryan Johnson (LAA) 4.5,MLB-PKS-FG-000F9TAII50AG9O-RYAA000-GTE-P00045,Settled Early,08/01/26 03:30:50.179 AM EDT,$0.00
Ryan Johnson (LAA) 12.5,MLB-PKS-FG-000F9TAII50AG9O-RYAA000-GTE-P00125,Settled Early,08/01/26 03:30:50.405 AM EDT,$0.00
Ryan Johnson (LAA) 1.5,MLB-PKS-FG-000F9TAII50AG9O-RYAA000-GTE-P00015,Settled Early,08/01/26 03:30:50.594 AM EDT,$1.00
Ryan Johnson (LAA) 6.5,MLB-PKS-FG-000F9TAII50AG9O-RYAA000-GTE-P00065,Settled Early,08/01/26 03:30:50.799 AM EDT,$0.00
Ryan Johnson (LAA) 7.5,MLB-PKS-FG-000F9TAII50AG9O-RYAA000-GTE-P00075,Settled Early,08/01/26 03:30:50.973 AM EDT,$0.00
Ryan Johnson (LAA) 11.5,MLB-PKS-FG-000F9TAII50AG9O-RYAA000-GTE-P00115,Settled Early,08/01/26 03:30:51.161 AM EDT,$0.00
Ryan Johnson (LAA) 9.5,MLB-PKS-FG-000F9TAII50AG9O-RYAA000-GTE-P00095,Settled Early,08/01/26 03:30:51.357 AM EDT,$0.00
Ryan Johnson (LAA) 2.5,MLB-PKS-FG-000F9TAII50AG9O-RYAA000-GTE-P00025,Settled Early,08/01/26 03:30:51.550 AM EDT,$1.00
Ryan Johnson (LAA) 5.5,MLB-PKS-FG-000F9TAII50AG9O-RYAA000-GTE-P00055,Settled Early,08/01/26 03:30:51.748 AM EDT,$0.00
Ryan Johnson (LAA) 3.5,MLB-PKS-FG-000F9TAII50AG9O-RYAA000-GTE-P00035,Settled Early,08/01/26 03:30:51.919 AM EDT,$0.00
Ryan Johnson (LAA) 10.5,MLB-PKS-FG-000F9TAII50AG9O-RYAA000-GTE-P00105,Settled Early,08/01/26 03:30:52.126 AM EDT,$0.00
Ryan Johnson (LAA) 8.5,MLB-PKS-FG-000F9TAII50AG9O-RYAA000-GTE-P00085,Settled Early,08/01/26 03:30:52.314 AM EDT,$0.00
Isaac Collins 0.5,MLB-PTBS-FG-000F9TFPI50AH4O-ISNS000-GTE-P00005,Settled Early,08/01/26 03:31:01.783 AM EDT,$1.00
Isaac Collins 4.5,MLB-PTBS-FG-000F9TFPI50AH4O-ISNS000-GTE-P00045,Settled Early,08/01/26 03:31:01.984 AM EDT,$0.00
Isaac Collins 3.5,MLB-PTBS-FG-000F9TFPI50AH4O-ISNS000-GTE-P00035,Settled Early,08/01/26 03:31:02.171 AM EDT,$0.00
Isaac Collins 5.5,MLB-PTBS-FG-000F9TFPI50AH4O-ISNS000-GTE-P00055,Settled Early,08/01/26 03:31:02.349 AM EDT,$0.00
Isaac Collins 7.5,MLB-PTBS-FG-000F9TFPI50AH4O-ISNS000-GTE-P00075,Settled Early,08/01/26 03:31:02.546 AM EDT,$0.00
Isaac Collins 6.5,MLB-PTBS-FG-000F9TFPI50AH4O-ISNS000-GTE-P00065,Settled Early,08/01/26 03:31:02.711 AM EDT,$0.00
Isaac Collins 1.5,MLB-PTBS-FG-000F9TFPI50AH4O-ISNS000-GTE-P00015,Settled Early,08/01/26 03:31:02.905 AM EDT,$1.00
Isaac Collins 2.5,MLB-PTBS-FG-000F9TFPI50AH4O-ISNS000-GTE-P00025,Settled Early,08/01/26 03:31:03.080 AM EDT,$1.00
Tyler Soderstrom 1.5,MLB-PHRR-FG-000F9T8JI50AGVO-TYOM000-GTE-P00015,Settled Early,08/01/26 03:31:11.190 AM EDT,$0.00
Tyler Soderstrom 6.5,MLB-PHRR-FG-000F9T8JI50AGVO-TYOM000-GTE-P00065,Settled Early,08/01/26 03:31:11.362 AM EDT,$0.00
Tyler Soderstrom 8.5,MLB-PHRR-FG-000F9T8JI50AGVO-TYOM000-GTE-P00085,Settled Early,08/01/26 03:31:11.558 AM EDT,$0.00
Tyler Soderstrom 9.5,MLB-PHRR-FG-000F9T8JI50AGVO-TYOM000-GTE-P00095,Settled Early,08/01/26 03:31:11.728 AM EDT,$0.00
Tyler Soderstrom 3.5,MLB-PHRR-FG-000F9T8JI50AGVO-TYOM000-GTE-P00035,Settled Early,08/01/26 03:31:11.896 AM EDT,$0.00
Tyler Soderstrom 2.5,MLB-PHRR-FG-000F9T8JI50AGVO-TYOM000-GTE-P00025,Settled Early,08/01/26 03:31:12.069 AM EDT,$0.00
Tyler Soderstrom 0.5,MLB-PHRR-FG-000F9T8JI50AGVO-TYOM000-GTE-P00005,Settled Early,08/01/26 03:31:12.242 AM EDT,$0.00
Tyler Soderstrom 7.5,MLB-PHRR-FG-000F9T8JI50AGVO-TYOM000-GTE-P00075,Settled Early,08/01/26 03:31:12.434 AM EDT,$0.00
Tyler Soderstrom 5.5,MLB-PHRR-FG-000F9T8JI50AGVO-TYOM000-GTE-P00055,Settled Early,08/01/26 03:31:12.609 AM EDT,$0.00
Tyler Soderstrom 4.5,MLB-PHRR-FG-000F9T8JI50AGVO-TYOM000-GTE-P00045,Settled Early,08/01/26 03:31:12.777 AM EDT,$0.00
Zach Neto 0.5,MLB-PHRR-FG-000F9TAII50AG9O-ZATO000-GTE-P00005,Settled Early,08/01/26 03:31:14.032 AM EDT,$1.00
Zach Neto 1.5,MLB-PHRR-FG-000F9TAII50AG9O-ZATO000-GTE-P00015,Settled Early,08/01/26 03:31:14.213 AM EDT,$0.00
Zach Neto 2.5,MLB-PHRR-FG-000F9TAII50AG9O-ZATO000-GTE-P00025,Settled Early,08/01/26 03:31:14.476 AM EDT,$0.00
Zach Neto 3.5,MLB-PHRR-FG-000F9TAII50AG9O-ZATO000-GTE-P00035,Settled Early,08/01/26 03:31:14.669 AM EDT,$0.00
Zach Neto 4.5,MLB-PHRR-FG-000F9TAII50AG9O-ZATO000-GTE-P00045,Settled Early,08/01/26 03:31:14.837 AM EDT,$0.00
Zach Neto 5.5,MLB-PHRR-FG-000F9TAII50AG9O-ZATO000-GTE-P00055,Settled Early,08/01/26 03:31:15.004 AM EDT,$0.00
Zach Neto 6.5,MLB-PHRR-FG-000F9TAII50AG9O-ZATO000-GTE-P00065,Settled Early,08/01/26 03:31:15.187 AM EDT,$0.00
Zach Neto 7.5,MLB-PHRR-FG-000F9TAII50AG9O-ZATO000-GTE-P00075,Settled Early,08/01/26 03:31:15.389 AM EDT,$0.00
Zach Neto 8.5,MLB-PHRR-FG-000F9TAII50AG9O-ZATO000-GTE-P00085,Settled Early,08/01/26 03:31:15.586 AM EDT,$0.00
Zach Neto 9.5,MLB-PHRR-FG-000F9TAII50AG9O-ZATO000-GTE-P00095,Settled Early,08/01/26 03:31:15.781 AM EDT,$0.00
Isaac Collins 2.5,MLB-PRBI-FG-000F9TFPI50AH4O-ISNS000-GTE-P00025,Settled Early,08/01/26 03:31:17.229 AM EDT,$0.00
Tyler Soderstrom 0.5,MLB-PRBI-FG-000F9T8JI50AGVO-TYOM000-GTE-P00005,Settled Early,08/01/26 03:31:17.405 AM EDT,$0.00
Isaac Collins 1.5,MLB-PRBI-FG-000F9TFPI50AH4O-ISNS000-GTE-P00015,Settled Early,08/01/26 03:31:17.433 AM EDT,$0.00
Tyler Soderstrom 2.5,MLB-PRBI-FG-000F9T8JI50AGVO-TYOM000-GTE-P00025,Settled Early,08/01/26 03:31:17.583 AM EDT,$0.00
Isaac Collins 3.5,MLB-PRBI-FG-000F9TFPI50AH4O-ISNS000-GTE-P00035,Settled Early,08/01/26 03:31:17.637 AM EDT,$0.00
Tyler Soderstrom 1.5,MLB-PRBI-FG-000F9T8JI50AGVO-TYOM000-GTE-P00015,Settled Early,08/01/26 03:31:17.809 AM EDT,$0.00
Isaac Collins 0.5,MLB-PRBI-FG-000F9TFPI50AH4O-ISNS000-GTE-P00005,Settled Early,08/01/26 03:31:17.834 AM EDT,$0.00
Tyler Soderstrom 3.5,MLB-PRBI-FG-000F9T8JI50AGVO-TYOM000-GTE-P00035,Settled Early,08/01/26 03:31:18.032 AM EDT,$0.00
Isaac Collins 4.5,MLB-PRBI-FG-000F9TFPI50AH4O-ISNS000-GTE-P00045,Settled Early,08/01/26 03:31:18.050 AM EDT,$0.00
Tyler Soderstrom 4.5,MLB-PRBI-FG-000F9T8JI50AGVO-TYOM000-GTE-P00045,Settled Early,08/01/26 03:31:18.257 AM EDT,$0.00
Zach Neto 0.5,MLB-PTBS-FG-000F9TAII50AG9O-ZATO000-GTE-P00005,Settled Early,08/01/26 03:31:24.169 AM EDT,$1.00
Zach Neto 7.5,MLB-PTBS-FG-000F9TAII50AG9O-ZATO000-GTE-P00075,Settled Early,08/01/26 03:31:24.363 AM EDT,$0.00
Zach Neto 6.5,MLB-PTBS-FG-000F9TAII50AG9O-ZATO000-GTE-P00065,Settled Early,08/01/26 03:31:24.569 AM EDT,$0.00
Tyler Soderstrom 0.5,MLB-PHIT-FG-000F9T8JI50AGVO-TYOM000-GTE-P00005,Settled Early,08/01/26 03:31:24.678 AM EDT,$0.00
Zach Neto 1.5,MLB-PTBS-FG-000F9TAII50AG9O-ZATO000-GTE-P00015,Settled Early,08/01/26 03:31:24.758 AM EDT,$0.00
Tyler Soderstrom 3.5,MLB-PHIT-FG-000F9T8JI50AGVO-TYOM000-GTE-P00035,Settled Early,08/01/26 03:31:24.855 AM EDT,$0.00
Zach Neto 5.5,MLB-PTBS-FG-000F9TAII50AG9O-ZATO000-GTE-P00055,Settled Early,08/01/26 03:31:24.962 AM EDT,$0.00
Tyler Soderstrom 1.5,MLB-PHIT-FG-000F9T8JI50AGVO-TYOM000-GTE-P00015,Settled Early,08/01/26 03:31:25.074 AM EDT,$0.00
Zach Neto 4.5,MLB-PTBS-FG-000F9TAII50AG9O-ZATO000-GTE-P00045,Settled Early,08/01/26 03:31:25.169 AM EDT,$0.00
Tyler Soderstrom 4.5,MLB-PHIT-FG-000F9T8JI50AGVO-TYOM000-GTE-P00045,Settled Early,08/01/26 03:31:25.294 AM EDT,$0.00
Zach Neto 2.5,MLB-PTBS-FG-000F9TAII50AG9O-ZATO000-GTE-P00025,Settled Early,08/01/26 03:31:25.384 AM EDT,$0.00
Tyler Soderstrom 2.5,MLB-PHIT-FG-000F9T8JI50AGVO-TYOM000-GTE-P00025,Settled Early,08/01/26 03:31:25.508 AM EDT,$0.00
Zach Neto 3.5,MLB-PTBS-FG-000F9TAII50AG9O-ZATO000-GTE-P00035,Settled Early,08/01/26 03:31:25.602 AM EDT,$0.00
Zach Neto 0.5,MLB-PHRN-FG-000F9TAII50AG9O-ZATO000-GTE-P00005,Settled Early,08/01/26 03:31:32.619 AM EDT,$0.00
Zach Neto 1.5,MLB-PHRN-FG-000F9TAII50AG9O-ZATO000-GTE-P00015,Settled Early,08/01/26 03:31:32.797 AM EDT,$0.00
Zach Neto 2.5,MLB-PHRN-FG-000F9TAII50AG9O-ZATO000-GTE-P00025,Settled Early,08/01/26 03:31:32.987 AM EDT,$0.00
Tyler Soderstrom 1.5,MLB-PHRN-FG-000F9T8JI50AGVO-TYOM000-GTE-P00015,Settled Early,08/01/26 03:31:33.557 AM EDT,$0.00
Tyler Soderstrom 0.5,MLB-PHRN-FG-000F9T8JI50AGVO-TYOM000-GTE-P00005,Settled Early,08/01/26 03:31:33.734 AM EDT,$0.00
Tyler Soderstrom 2.5,MLB-PHRN-FG-000F9T8JI50AGVO-TYOM000-GTE-P00025,Settled Early,08/01/26 03:31:33.910 AM EDT,$0.00
Brenton Doyle 6.5,MLB-PHRR-FG-000F9TFPI50AH4O-BRLE002-GTE-P00065,Settled Early,08/01/26 03:31:40.296 AM EDT,$0.00
Brenton Doyle 7.5,MLB-PHRR-FG-000F9TFPI50AH4O-BRLE002-GTE-P00075,Settled Early,08/01/26 03:31:40.493 AM EDT,$0.00
Brenton Doyle 8.5,MLB-PHRR-FG-000F9TFPI50AH4O-BRLE002-GTE-P00085,Settled Early,08/01/26 03:31:40.710 AM EDT,$0.00
Brenton Doyle 9.5,MLB-PHRR-FG-000F9TFPI50AH4O-BRLE002-GTE-P00095,Settled Early,08/01/26 03:31:40.920 AM EDT,$0.00
Brenton Doyle 2.5,MLB-PHRR-FG-000F9TFPI50AH4O-BRLE002-GTE-P00025,Settled Early,08/01/26 03:31:41.122 AM EDT,$0.00
Brenton Doyle 1.5,MLB-PHRR-FG-000F9TFPI50AH4O-BRLE002-GTE-P00015,Settled Early,08/01/26 03:31:41.320 AM EDT,$1.00
Brenton Doyle 0.5,MLB-PHRR-FG-000F9TFPI50AH4O-BRLE002-GTE-P00005,Settled Early,08/01/26 03:31:41.533 AM EDT,$1.00
Brenton Doyle 3.5,MLB-PHRR-FG-000F9TFPI50AH4O-BRLE002-GTE-P00035,Settled Early,08/01/26 03:31:41.707 AM EDT,$0.00
Brenton Doyle 5.5,MLB-PHRR-FG-000F9TFPI50AH4O-BRLE002-GTE-P00055,Settled Early,08/01/26 03:31:41.908 AM EDT,$0.00
Brenton Doyle 4.5,MLB-PHRR-FG-000F9TFPI50AH4O-BRLE002-GTE-P00045,Settled Early,08/01/26 03:31:42.112 AM EDT,$0.00
Zach Neto 0.5,MLB-PHIT-FG-000F9TAII50AG9O-ZATO000-GTE-P00005,Settled Early,08/01/26 03:31:42.158 AM EDT,$1.00
Zach Neto 4.5,MLB-PHIT-FG-000F9TAII50AG9O-ZATO000-GTE-P00045,Settled Early,08/01/26 03:31:42.374 AM EDT,$0.00
Zach Neto 3.5,MLB-PHIT-FG-000F9TAII50AG9O-ZATO000-GTE-P00035,Settled Early,08/01/26 03:31:42.576 AM EDT,$0.00
Zach Neto 1.5,MLB-PHIT-FG-000F9TAII50AG9O-ZATO000-GTE-P00015,Settled Early,08/01/26 03:31:42.768 AM EDT,$0.00
Zach Neto 2.5,MLB-PHIT-FG-000F9TAII50AG9O-ZATO000-GTE-P00025,Settled Early,08/01/26 03:31:42.939 AM EDT,$0.00
Tyler Soderstrom 0.5,MLB-PTBS-FG-000F9T8JI50AGVO-TYOM000-GTE-P00005,Settled Early,08/01/26 03:31:43.646 AM EDT,$0.00
Tyler Soderstrom 6.5,MLB-PTBS-FG-000F9T8JI50AGVO-TYOM000-GTE-P00065,Settled Early,08/01/26 03:31:43.819 AM EDT,$0.00
Tyler Soderstrom 7.5,MLB-PTBS-FG-000F9T8JI50AGVO-TYOM000-GTE-P00075,Settled Early,08/01/26 03:31:44.031 AM EDT,$0.00
Tyler Soderstrom 5.5,MLB-PTBS-FG-000F9T8JI50AGVO-TYOM000-GTE-P00055,Settled Early,08/01/26 03:31:44.273 AM EDT,$0.00
Tyler Soderstrom 2.5,MLB-PTBS-FG-000F9T8JI50AGVO-TYOM000-GTE-P00025,Settled Early,08/01/26 03:31:44.454 AM EDT,$0.00
Tyler Soderstrom 1.5,MLB-PTBS-FG-000F9T8JI50AGVO-TYOM000-GTE-P00015,Settled Early,08/01/26 03:31:44.632 AM EDT,$0.00
Tyler Soderstrom 3.5,MLB-PTBS-FG-000F9T8JI50AGVO-TYOM000-GTE-P00035,Settled Early,08/01/26 03:31:44.811 AM EDT,$0.00
Tyler Soderstrom 4.5,MLB-PTBS-FG-000F9T8JI50AGVO-TYOM000-GTE-P00045,Settled Early,08/01/26 03:31:45.013 AM EDT,$0.00
Zach Neto 4.5,MLB-PRBI-FG-000F9TAII50AG9O-ZATO000-GTE-P00045,Settled Early,08/01/26 03:31:50.145 AM EDT,$0.00
Zach Neto 0.5,MLB-PRBI-FG-000F9TAII50AG9O-ZATO000-GTE-P00005,Settled Early,08/01/26 03:31:50.392 AM EDT,$0.00
Zach Neto 1.5,MLB-PRBI-FG-000F9TAII50AG9O-ZATO000-GTE-P00015,Settled Early,08/01/26 03:31:50.589 AM EDT,$0.00
Zach Neto 3.5,MLB-PRBI-FG-000F9TAII50AG9O-ZATO000-GTE-P00035,Settled Early,08/01/26 03:31:50.773 AM EDT,$0.00
Zach Neto 2.5,MLB-PRBI-FG-000F9TAII50AG9O-ZATO000-GTE-P00025,Settled Early,08/01/26 03:31:50.968 AM EDT,$0.00
Lawrence Butler 1.5,MLB-PHRR-FG-000F9T8JI50AGVO-LAER001-GTE-P00015,Settled Early,08/01/26 03:32:05.524 AM EDT,$0.00
Lawrence Butler 0.5,MLB-PHRR-FG-000F9T8JI50AGVO-LAER001-GTE-P00005,Settled Early,08/01/26 03:32:05.856 AM EDT,$0.00
Lawrence Butler 9.5,MLB-PHRR-FG-000F9T8JI50AGVO-LAER001-GTE-P00095,Settled Early,08/01/26 03:32:06.068 AM EDT,$0.00
Lawrence Butler 4.5,MLB-PHRR-FG-000F9T8JI50AGVO-LAER001-GTE-P00045,Settled Early,08/01/26 03:32:06.281 AM EDT,$0.00
Lawrence Butler 7.5,MLB-PHRR-FG-000F9T8JI50AGVO-LAER001-GTE-P00075,Settled Early,08/01/26 03:32:06.480 AM EDT,$0.00
Lawrence Butler 3.5,MLB-PHRR-FG-000F9T8JI50AGVO-LAER001-GTE-P00035,Settled Early,08/01/26 03:32:06.651 AM EDT,$0.00
Lawrence Butler 8.5,MLB-PHRR-FG-000F9T8JI50AGVO-LAER001-GTE-P00085,Settled Early,08/01/26 03:32:06.853 AM EDT,$0.00
Lawrence Butler 6.5,MLB-PHRR-FG-000F9T8JI50AGVO-LAER001-GTE-P00065,Settled Early,08/01/26 03:32:07.043 AM EDT,$0.00
Lawrence Butler 2.5,MLB-PHRR-FG-000F9T8JI50AGVO-LAER001-GTE-P00025,Settled Early,08/01/26 03:32:07.232 AM EDT,$0.00
Lawrence Butler 5.5,MLB-PHRR-FG-000F9T8JI50AGVO-LAER001-GTE-P00055,Settled Early,08/01/26 03:32:07.404 AM EDT,$0.00
Lawrence Butler 0.5,MLB-PHIT-FG-000F9T8JI50AGVO-LAER001-GTE-P00005,Settled Early,08/01/26 03:32:13.163 AM EDT,$0.00
Lawrence Butler 1.5,MLB-PHIT-FG-000F9T8JI50AGVO-LAER001-GTE-P00015,Settled Early,08/01/26 03:32:13.375 AM EDT,$0.00
Lawrence Butler 4.5,MLB-PHIT-FG-000F9T8JI50AGVO-LAER001-GTE-P00045,Settled Early,08/01/26 03:32:13.540 AM EDT,$0.00
Lawrence Butler 2.5,MLB-PHIT-FG-000F9T8JI50AGVO-LAER001-GTE-P00025,Settled Early,08/01/26 03:32:13.732 AM EDT,$0.00
Lawrence Butler 3.5,MLB-PHIT-FG-000F9T8JI50AGVO-LAER001-GTE-P00035,Settled Early,08/01/26 03:32:13.897 AM EDT,$0.00
Lawrence Butler 1.5,MLB-PHRN-FG-000F9T8JI50AGVO-LAER001-GTE-P00015,Settled Early,08/01/26 03:32:21.986 AM EDT,$0.00
Lawrence Butler 0.5,MLB-PHRN-FG-000F9T8JI50AGVO-LAER001-GTE-P00005,Settled Early,08/01/26 03:32:22.182 AM EDT,$0.00
Lawrence Butler 2.5,MLB-PHRN-FG-000F9T8JI50AGVO-LAER001-GTE-P00025,Settled Early,08/01/26 03:32:22.380 AM EDT,$0.00
Lawrence Butler 0.5,MLB-PTBS-FG-000F9T8JI50AGVO-LAER001-GTE-P00005,Settled Early,08/01/26 03:32:32.469 AM EDT,$0.00
Lawrence Butler 1.5,MLB-PTBS-FG-000F9T8JI50AGVO-LAER001-GTE-P00015,Settled Early,08/01/26 03:32:32.643 AM EDT,$0.00
Lawrence Butler 7.5,MLB-PTBS-FG-000F9T8JI50AGVO-LAER001-GTE-P00075,Settled Early,08/01/26 03:32:32.821 AM EDT,$0.00
Lawrence Butler 6.5,MLB-PTBS-FG-000F9T8JI50AGVO-LAER001-GTE-P00065,Settled Early,08/01/26 03:32:33.020 AM EDT,$0.00
Lawrence Butler 4.5,MLB-PTBS-FG-000F9T8JI50AGVO-LAER001-GTE-P00045,Settled Early,08/01/26 03:32:33.194 AM EDT,$0.00
Lawrence Butler 3.5,MLB-PTBS-FG-000F9T8JI50AGVO-LAER001-GTE-P00035,Settled Early,08/01/26 03:32:33.366 AM EDT,$0.00
Lawrence Butler 2.5,MLB-PTBS-FG-000F9T8JI50AGVO-LAER001-GTE-P00025,Settled Early,08/01/26 03:32:33.569 AM EDT,$0.00
Lawrence Butler 5.5,MLB-PTBS-FG-000F9T8JI50AGVO-LAER001-GTE-P00055,Settled Early,08/01/26 03:32:33.749 AM EDT,$0.00
Cooper Pratt 0.5,MLB-PHIT-FG-000F9TAII50AG9O-COTT000-GTE-P00005,Settled Early,08/01/26 03:32:33.818 AM EDT,$1.00
Cooper Pratt 4.5,MLB-PHIT-FG-000F9TAII50AG9O-COTT000-GTE-P00045,Settled Early,08/01/26 03:32:33.991 AM EDT,$0.00
Cooper Pratt 2.5,MLB-PHIT-FG-000F9TAII50AG9O-COTT000-GTE-P00025,Settled Early,08/01/26 03:32:34.180 AM EDT,$0.00
Cooper Pratt 3.5,MLB-PHIT-FG-000F9TAII50AG9O-COTT000-GTE-P00035,Settled Early,08/01/26 03:32:34.350 AM EDT,$0.00
Lawrence Butler 0.5,MLB-PRBI-FG-000F9T8JI50AGVO-LAER001-GTE-P00005,Settled Early,08/01/26 03:32:38.572 AM EDT,$0.00
Lawrence Butler 4.5,MLB-PRBI-FG-000F9T8JI50AGVO-LAER001-GTE-P00045,Settled Early,08/01/26 03:32:38.747 AM EDT,$0.00
Lawrence Butler 3.5,MLB-PRBI-FG-000F9T8JI50AGVO-LAER001-GTE-P00035,Settled Early,08/01/26 03:32:38.917 AM EDT,$0.00
Lawrence Butler 1.5,MLB-PRBI-FG-000F9T8JI50AGVO-LAER001-GTE-P00015,Settled Early,08/01/26 03:32:39.088 AM EDT,$0.00
Lawrence Butler 2.5,MLB-PRBI-FG-000F9T8JI50AGVO-LAER001-GTE-P00025,Settled Early,08/01/26 03:32:39.293 AM EDT,$0.00
Kyle Karros 0.5,MLB-PHRR-FG-000F9TFPI50AH4O-KYOS000-GTE-P00005,Settled Early,08/01/26 03:33:03.126 AM EDT,$1.00
Kyle Karros 1.5,MLB-PHRR-FG-000F9TFPI50AH4O-KYOS000-GTE-P00015,Settled Early,08/01/26 03:33:03.323 AM EDT,$1.00
Kyle Karros 2.5,MLB-PHRR-FG-000F9TFPI50AH4O-KYOS000-GTE-P00025,Settled Early,08/01/26 03:33:03.510 AM EDT,$1.00
Kyle Karros 8.5,MLB-PHRR-FG-000F9TFPI50AH4O-KYOS000-GTE-P00085,Settled Early,08/01/26 03:33:03.688 AM EDT,$0.00
Kyle Karros 9.5,MLB-PHRR-FG-000F9TFPI50AH4O-KYOS000-GTE-P00095,Settled Early,08/01/26 03:33:03.866 AM EDT,$0.00
Kyle Karros 6.5,MLB-PHRR-FG-000F9TFPI50AH4O-KYOS000-GTE-P00065,Settled Early,08/01/26 03:33:04.056 AM EDT,$0.00
Kyle Karros 4.5,MLB-PHRR-FG-000F9TFPI50AH4O-KYOS000-GTE-P00045,Settled Early,08/01/26 03:33:04.244 AM EDT,$0.00
Kyle Karros 3.5,MLB-PHRR-FG-000F9TFPI50AH4O-KYOS000-GTE-P00035,Settled Early,08/01/26 03:33:04.452 AM EDT,$0.00
Kyle Karros 5.5,MLB-PHRR-FG-000F9TFPI50AH4O-KYOS000-GTE-P00055,Settled Early,08/01/26 03:33:04.627 AM EDT,$0.00
Kyle Karros 7.5,MLB-PHRR-FG-000F9TFPI50AH4O-KYOS000-GTE-P00075,Settled Early,08/01/26 03:33:04.824 AM EDT,$0.00
Jeff McNeil 1.5,MLB-PRBI-FG-000F9T8JI50AGVO-JEIL000-GTE-P00015,Settled Early,08/01/26 03:33:19.022 AM EDT,$0.00
Jeff McNeil 0.5,MLB-PRBI-FG-000F9T8JI50AGVO-JEIL000-GTE-P00005,Settled Early,08/01/26 03:33:19.235 AM EDT,$0.00
Kyle Karros 0.5,MLB-PTBS-FG-000F9TFPI50AH4O-KYOS000-GTE-P00005,Settled Early,08/01/26 03:33:19.320 AM EDT,$1.00
Jeff McNeil 4.5,MLB-PRBI-FG-000F9T8JI50AGVO-JEIL000-GTE-P00045,Settled Early,08/01/26 03:33:19.448 AM EDT,$0.00
Kyle Karros 4.5,MLB-PTBS-FG-000F9TFPI50AH4O-KYOS000-GTE-P00045,Settled Early,08/01/26 03:33:19.527 AM EDT,$0.00
Jeff McNeil 2.5,MLB-PRBI-FG-000F9T8JI50AGVO-JEIL000-GTE-P00025,Settled Early,08/01/26 03:33:19.669 AM EDT,$0.00
Kyle Karros 1.5,MLB-PTBS-FG-000F9TFPI50AH4O-KYOS000-GTE-P00015,Settled Early,08/01/26 03:33:19.728 AM EDT,$1.00
Jeff McNeil 3.5,MLB-PRBI-FG-000F9T8JI50AGVO-JEIL000-GTE-P00035,Settled Early,08/01/26 03:33:19.895 AM EDT,$0.00
Kyle Karros 7.5,MLB-PTBS-FG-000F9TFPI50AH4O-KYOS000-GTE-P00075,Settled Early,08/01/26 03:33:19.904 AM EDT,$0.00
Kyle Karros 5.5,MLB-PTBS-FG-000F9TFPI50AH4O-KYOS000-GTE-P00055,Settled Early,08/01/26 03:33:20.104 AM EDT,$0.00
Kyle Karros 2.5,MLB-PTBS-FG-000F9TFPI50AH4O-KYOS000-GTE-P00025,Settled Early,08/01/26 03:33:20.289 AM EDT,$0.00
Kyle Karros 6.5,MLB-PTBS-FG-000F9TFPI50AH4O-KYOS000-GTE-P00065,Settled Early,08/01/26 03:33:20.475 AM EDT,$0.00
Kyle Karros 3.5,MLB-PTBS-FG-000F9TFPI50AH4O-KYOS000-GTE-P00035,Settled Early,08/01/26 03:33:20.686 AM EDT,$0.00
Jeff McNeil 5.5,MLB-PTBS-FG-000F9T8JI50AGVO-JEIL000-GTE-P00055,Settled Early,08/01/26 03:33:26.582 AM EDT,$0.00
Jeff McNeil 7.5,MLB-PTBS-FG-000F9T8JI50AGVO-JEIL000-GTE-P00075,Settled Early,08/01/26 03:33:26.783 AM EDT,$0.00
Jeff McNeil 6.5,MLB-PTBS-FG-000F9T8JI50AGVO-JEIL000-GTE-P00065,Settled Early,08/01/26 03:33:27.016 AM EDT,$0.00
Jeff McNeil 0.5,MLB-PTBS-FG-000F9T8JI50AGVO-JEIL000-GTE-P00005,Settled Early,08/01/26 03:33:27.215 AM EDT,$0.00
Jeff McNeil 1.5,MLB-PTBS-FG-000F9T8JI50AGVO-JEIL000-GTE-P00015,Settled Early,08/01/26 03:33:27.418 AM EDT,$0.00
Jeff McNeil 2.5,MLB-PTBS-FG-000F9T8JI50AGVO-JEIL000-GTE-P00025,Settled Early,08/01/26 03:33:27.611 AM EDT,$0.00
Jeff McNeil 4.5,MLB-PTBS-FG-000F9T8JI50AGVO-JEIL000-GTE-P00045,Settled Early,08/01/26 03:33:27.781 AM EDT,$0.00
Jeff McNeil 3.5,MLB-PTBS-FG-000F9T8JI50AGVO-JEIL000-GTE-P00035,Settled Early,08/01/26 03:33:27.973 AM EDT,$0.00
Jeff McNeil 2.5,MLB-PHIT-FG-000F9T8JI50AGVO-JEIL000-GTE-P00025,Settled Early,08/01/26 03:33:33.325 AM EDT,$0.00
Jeff McNeil 0.5,MLB-PHIT-FG-000F9T8JI50AGVO-JEIL000-GTE-P00005,Settled Early,08/01/26 03:33:33.515 AM EDT,$0.00
Kyle Karros 0.5,MLB-PHIT-FG-000F9TFPI50AH4O-KYOS000-GTE-P00005,Settled Early,08/01/26 03:33:33.611 AM EDT,$1.00
Jeff McNeil 1.5,MLB-PHIT-FG-000F9T8JI50AGVO-JEIL000-GTE-P00015,Settled Early,08/01/26 03:33:33.702 AM EDT,$0.00
Kyle Karros 4.5,MLB-PHIT-FG-000F9TFPI50AH4O-KYOS000-GTE-P00045,Settled Early,08/01/26 03:33:33.786 AM EDT,$0.00
Jeff McNeil 4.5,MLB-PHIT-FG-000F9T8JI50AGVO-JEIL000-GTE-P00045,Settled Early,08/01/26 03:33:33.918 AM EDT,$0.00
Kyle Karros 1.5,MLB-PHIT-FG-000F9TFPI50AH4O-KYOS000-GTE-P00015,Settled Early,08/01/26 03:33:33.959 AM EDT,$1.00
Jeff McNeil 3.5,MLB-PHIT-FG-000F9T8JI50AGVO-JEIL000-GTE-P00035,Settled Early,08/01/26 03:33:34.136 AM EDT,$0.00
Kyle Karros 2.5,MLB-PHIT-FG-000F9TFPI50AH4O-KYOS000-GTE-P00025,Settled Early,08/01/26 03:33:34.152 AM EDT,$0.00
Kyle Karros 3.5,MLB-PHIT-FG-000F9TFPI50AH4O-KYOS000-GTE-P00035,Settled Early,08/01/26 03:33:34.351 AM EDT,$0.00
Cooper Pratt 5.5,MLB-PHRR-FG-000F9TAII50AG9O-COTT000-GTE-P00055,Settled Early,08/01/26 03:33:34.583 AM EDT,$0.00
Cooper Pratt 0.5,MLB-PHRR-FG-000F9TAII50AG9O-COTT000-GTE-P00005,Settled Early,08/01/26 03:33:34.772 AM EDT,$1.00
Cooper Pratt 1.5,MLB-PHRR-FG-000F9TAII50AG9O-COTT000-GTE-P00015,Settled Early,08/01/26 03:33:34.947 AM EDT,$1.00
Cooper Pratt 2.5,MLB-PHRR-FG-000F9TAII50AG9O-COTT000-GTE-P00025,Settled Early,08/01/26 03:33:35.118 AM EDT,$1.00
Cooper Pratt 3.5,MLB-PHRR-FG-000F9TAII50AG9O-COTT000-GTE-P00035,Settled Early,08/01/26 03:33:35.296 AM EDT,$0.00
Cooper Pratt 4.5,MLB-PHRR-FG-000F9TAII50AG9O-COTT000-GTE-P00045,Settled Early,08/01/26 03:33:35.493 AM EDT,$0.00
Cooper Pratt 6.5,MLB-PHRR-FG-000F9TAII50AG9O-COTT000-GTE-P00065,Settled Early,08/01/26 03:33:35.688 AM EDT,$0.00
Cooper Pratt 7.5,MLB-PHRR-FG-000F9TAII50AG9O-COTT000-GTE-P00075,Settled Early,08/01/26 03:33:35.874 AM EDT,$0.00
Cooper Pratt 8.5,MLB-PHRR-FG-000F9TAII50AG9O-COTT000-GTE-P00085,Settled Early,08/01/26 03:33:36.068 AM EDT,$0.00
Cooper Pratt 9.5,MLB-PHRR-FG-000F9TAII50AG9O-COTT000-GTE-P00095,Settled Early,08/01/26 03:33:36.249 AM EDT,$0.00
Jeff McNeil 1.5,MLB-PHRN-FG-000F9T8JI50AGVO-JEIL000-GTE-P00015,Settled Early,08/01/26 03:33:39.355 AM EDT,$0.00
Jeff McNeil 2.5,MLB-PHRN-FG-000F9T8JI50AGVO-JEIL000-GTE-P00025,Settled Early,08/01/26 03:33:39.527 AM EDT,$0.00
Jeff McNeil 0.5,MLB-PHRN-FG-000F9T8JI50AGVO-JEIL000-GTE-P00005,Settled Early,08/01/26 03:33:39.719 AM EDT,$0.00
Kyle Karros 4.5,MLB-PRBI-FG-000F9TFPI50AH4O-KYOS000-GTE-P00045,Settled Early,08/01/26 03:33:51.190 AM EDT,$0.00
Kyle Karros 3.5,MLB-PRBI-FG-000F9TFPI50AH4O-KYOS000-GTE-P00035,Settled Early,08/01/26 03:33:51.384 AM EDT,$0.00
Kyle Karros 2.5,MLB-PRBI-FG-000F9TFPI50AH4O-KYOS000-GTE-P00025,Settled Early,08/01/26 03:33:51.584 AM EDT,$0.00
Kyle Karros 1.5,MLB-PRBI-FG-000F9TFPI50AH4O-KYOS000-GTE-P00015,Settled Early,08/01/26 03:33:51.780 AM EDT,$0.00
Kyle Karros 0.5,MLB-PRBI-FG-000F9TFPI50AH4O-KYOS000-GTE-P00005,Settled Early,08/01/26 03:33:51.950 AM EDT,$0.00
Cooper Pratt 0.5,MLB-PRBI-FG-000F9TAII50AG9O-COTT000-GTE-P00005,Settled Early,08/01/26 03:33:54.705 AM EDT,$1.00
Cooper Pratt 4.5,MLB-PRBI-FG-000F9TAII50AG9O-COTT000-GTE-P00045,Settled Early,08/01/26 03:33:54.899 AM EDT,$0.00
Cooper Pratt 1.5,MLB-PRBI-FG-000F9TAII50AG9O-COTT000-GTE-P00015,Settled Early,08/01/26 03:33:55.087 AM EDT,$0.00
Cooper Pratt 2.5,MLB-PRBI-FG-000F9TAII50AG9O-COTT000-GTE-P00025,Settled Early,08/01/26 03:33:55.292 AM EDT,$0.00
Cooper Pratt 3.5,MLB-PRBI-FG-000F9TAII50AG9O-COTT000-GTE-P00035,Settled Early,08/01/26 03:33:55.495 AM EDT,$0.00
Alika Williams 9.5,MLB-PHRR-FG-000F9T8JI50AGVO-ALMS000-GTE-P00095,Settled Early,08/01/26 03:33:57.520 AM EDT,$0.00
Alika Williams 0.5,MLB-PHRR-FG-000F9T8JI50AGVO-ALMS000-GTE-P00005,Settled Early,08/01/26 03:33:57.722 AM EDT,$0.00
Alika Williams 1.5,MLB-PHRR-FG-000F9T8JI50AGVO-ALMS000-GTE-P00015,Settled Early,08/01/26 03:33:57.922 AM EDT,$0.00
Alika Williams 5.5,MLB-PHRR-FG-000F9T8JI50AGVO-ALMS000-GTE-P00055,Settled Early,08/01/26 03:33:58.116 AM EDT,$0.00
Alika Williams 4.5,MLB-PHRR-FG-000F9T8JI50AGVO-ALMS000-GTE-P00045,Settled Early,08/01/26 03:33:58.318 AM EDT,$0.00
Alika Williams 3.5,MLB-PHRR-FG-000F9T8JI50AGVO-ALMS000-GTE-P00035,Settled Early,08/01/26 03:33:58.524 AM EDT,$0.00
Alika Williams 8.5,MLB-PHRR-FG-000F9T8JI50AGVO-ALMS000-GTE-P00085,Settled Early,08/01/26 03:33:58.718 AM EDT,$0.00
Alika Williams 6.5,MLB-PHRR-FG-000F9T8JI50AGVO-ALMS000-GTE-P00065,Settled Early,08/01/26 03:33:58.893 AM EDT,$0.00
Alika Williams 2.5,MLB-PHRR-FG-000F9T8JI50AGVO-ALMS000-GTE-P00025,Settled Early,08/01/26 03:33:59.064 AM EDT,$0.00
Alika Williams 7.5,MLB-PHRR-FG-000F9T8JI50AGVO-ALMS000-GTE-P00075,Settled Early,08/01/26 03:33:59.231 AM EDT,$0.00
Cooper Pratt 7.5,MLB-PTBS-FG-000F9TAII50AG9O-COTT000-GTE-P00075,Settled Early,08/01/26 03:34:09.047 AM EDT,$0.00
Cooper Pratt 1.5,MLB-PTBS-FG-000F9TAII50AG9O-COTT000-GTE-P00015,Settled Early,08/01/26 03:34:09.264 AM EDT,$0.00
Cooper Pratt 4.5,MLB-PTBS-FG-000F9TAII50AG9O-COTT000-GTE-P00045,Settled Early,08/01/26 03:34:09.491 AM EDT,$0.00
Cooper Pratt 6.5,MLB-PTBS-FG-000F9TAII50AG9O-COTT000-GTE-P00065,Settled Early,08/01/26 03:34:09.694 AM EDT,$0.00
Cooper Pratt 0.5,MLB-PTBS-FG-000F9TAII50AG9O-COTT000-GTE-P00005,Settled Early,08/01/26 03:34:09.888 AM EDT,$1.00
Cooper Pratt 5.5,MLB-PTBS-FG-000F9TAII50AG9O-COTT000-GTE-P00055,Settled Early,08/01/26 03:34:10.071 AM EDT,$0.00
Cooper Pratt 2.5,MLB-PTBS-FG-000F9TAII50AG9O-COTT000-GTE-P00025,Settled Early,08/01/26 03:34:10.254 AM EDT,$0.00
Cooper Pratt 3.5,MLB-PTBS-FG-000F9TAII50AG9O-COTT000-GTE-P00035,Settled Early,08/01/26 03:34:10.451 AM EDT,$0.00
Cooper Pratt 2.5,MLB-PHRN-FG-000F9TAII50AG9O-COTT000-GTE-P00025,Settled Early,08/01/26 03:34:15.423 AM EDT,$0.00
Cooper Pratt 1.5,MLB-PHRN-FG-000F9TAII50AG9O-COTT000-GTE-P00015,Settled Early,08/01/26 03:34:15.622 AM EDT,$0.00
Cooper Pratt 0.5,MLB-PHRN-FG-000F9TAII50AG9O-COTT000-GTE-P00005,Settled Early,08/01/26 03:34:15.814 AM EDT,$0.00
Gleyber Torres 1.5,MLB-PHRR-FG-000F9T8JI50AGVO-GLES000-GTE-P00015,Settled Early,08/01/26 03:34:27.425 AM EDT,$0.00
Gleyber Torres 2.5,MLB-PHRR-FG-000F9T8JI50AGVO-GLES000-GTE-P00025,Settled Early,08/01/26 03:34:27.617 AM EDT,$0.00
Gleyber Torres 3.5,MLB-PHRR-FG-000F9T8JI50AGVO-GLES000-GTE-P00035,Settled Early,08/01/26 03:34:27.876 AM EDT,$0.00
Gleyber Torres 4.5,MLB-PHRR-FG-000F9T8JI50AGVO-GLES000-GTE-P00045,Settled Early,08/01/26 03:34:28.091 AM EDT,$0.00
Gleyber Torres 5.5,MLB-PHRR-FG-000F9T8JI50AGVO-GLES000-GTE-P00055,Settled Early,08/01/26 03:34:28.310 AM EDT,$0.00
Gleyber Torres 6.5,MLB-PHRR-FG-000F9T8JI50AGVO-GLES000-GTE-P00065,Settled Early,08/01/26 03:34:28.529 AM EDT,$0.00
Gleyber Torres 7.5,MLB-PHRR-FG-000F9T8JI50AGVO-GLES000-GTE-P00075,Settled Early,08/01/26 03:34:28.705 AM EDT,$0.00
Gleyber Torres 9.5,MLB-PHRR-FG-000F9T8JI50AGVO-GLES000-GTE-P00095,Settled Early,08/01/26 03:34:28.903 AM EDT,$0.00
Gleyber Torres 0.5,MLB-PHRR-FG-000F9T8JI50AGVO-GLES000-GTE-P00005,Settled Early,08/01/26 03:34:29.114 AM EDT,$0.00
Gleyber Torres 8.5,MLB-PHRR-FG-000F9T8JI50AGVO-GLES000-GTE-P00085,Settled Early,08/01/26 03:34:29.313 AM EDT,$0.00
Gleyber Torres 1.5,MLB-PHRN-FG-000F9T8JI50AGVO-GLES000-GTE-P00015,Settled Early,08/01/26 03:34:35.227 AM EDT,$0.00
Gleyber Torres 0.5,MLB-PHRN-FG-000F9T8JI50AGVO-GLES000-GTE-P00005,Settled Early,08/01/26 03:34:35.441 AM EDT,$0.00
Gleyber Torres 2.5,MLB-PHRN-FG-000F9T8JI50AGVO-GLES000-GTE-P00025,Settled Early,08/01/26 03:34:35.644 AM EDT,$0.00
Garrett Mitchell 0.5,MLB-PHRR-FG-000F9TAII50AG9O-GALL001-GTE-P00005,Settled Early,08/01/26 03:34:39.173 AM EDT,$1.00
Garrett Mitchell 1.5,MLB-PHRR-FG-000F9TAII50AG9O-GALL001-GTE-P00015,Settled Early,08/01/26 03:34:39.443 AM EDT,$1.00
Garrett Mitchell 2.5,MLB-PHRR-FG-000F9TAII50AG9O-GALL001-GTE-P00025,Settled Early,08/01/26 03:34:39.731 AM EDT,$0.00
Garrett Mitchell 3.5,MLB-PHRR-FG-000F9TAII50AG9O-GALL001-GTE-P00035,Settled Early,08/01/26 03:34:40.148 AM EDT,$0.00
Garrett Mitchell 4.5,MLB-PHRR-FG-000F9TAII50AG9O-GALL001-GTE-P00045,Settled Early,08/01/26 03:34:40.354 AM EDT,$0.00
Garrett Mitchell 5.5,MLB-PHRR-FG-000F9TAII50AG9O-GALL001-GTE-P00055,Settled Early,08/01/26 03:34:40.554 AM EDT,$0.00
Garrett Mitchell 6.5,MLB-PHRR-FG-000F9TAII50AG9O-GALL001-GTE-P00065,Settled Early,08/01/26 03:34:40.740 AM EDT,$0.00
Garrett Mitchell 7.5,MLB-PHRR-FG-000F9TAII50AG9O-GALL001-GTE-P00075,Settled Early,08/01/26 03:34:40.934 AM EDT,$0.00
Garrett Mitchell 8.5,MLB-PHRR-FG-000F9TAII50AG9O-GALL001-GTE-P00085,Settled Early,08/01/26 03:34:41.215 AM EDT,$0.00
Garrett Mitchell 9.5,MLB-PHRR-FG-000F9TAII50AG9O-GALL001-GTE-P00095,Settled Early,08/01/26 03:34:41.423 AM EDT,$0.00
Kyle Karros 2.5,MLB-PHRN-FG-000F9TFPI50AH4O-KYOS000-GTE-P00025,Settled Early,08/01/26 03:34:43.879 AM EDT,$0.00
Kyle Karros 0.5,MLB-PHRN-FG-000F9TFPI50AH4O-KYOS000-GTE-P00005,Settled Early,08/01/26 03:34:44.049 AM EDT,$0.00
Kyle Karros 1.5,MLB-PHRN-FG-000F9TFPI50AH4O-KYOS000-GTE-P00015,Settled Early,08/01/26 03:34:44.236 AM EDT,$0.00
Gleyber Torres 1.5,MLB-PRBI-FG-000F9T8JI50AGVO-GLES000-GTE-P00015,Settled Early,08/01/26 03:34:45.167 AM EDT,$0.00
Gleyber Torres 0.5,MLB-PRBI-FG-000F9T8JI50AGVO-GLES000-GTE-P00005,Settled Early,08/01/26 03:34:45.364 AM EDT,$0.00
Gleyber Torres 3.5,MLB-PRBI-FG-000F9T8JI50AGVO-GLES000-GTE-P00035,Settled Early,08/01/26 03:34:45.569 AM EDT,$0.00
Gleyber Torres 4.5,MLB-PRBI-FG-000F9T8JI50AGVO-GLES000-GTE-P00045,Settled Early,08/01/26 03:34:45.762 AM EDT,$0.00
Gleyber Torres 2.5,MLB-PRBI-FG-000F9T8JI50AGVO-GLES000-GTE-P00025,Settled Early,08/01/26 03:34:45.953 AM EDT,$0.00
Garrett Mitchell 4.5,MLB-PHIT-FG-000F9TAII50AG9O-GALL001-GTE-P00045,Settled Early,08/01/26 03:34:48.112 AM EDT,$0.00
Garrett Mitchell 2.5,MLB-PHIT-FG-000F9TAII50AG9O-GALL001-GTE-P00025,Settled Early,08/01/26 03:34:48.318 AM EDT,$0.00
Garrett Mitchell 3.5,MLB-PHIT-FG-000F9TAII50AG9O-GALL001-GTE-P00035,Settled Early,08/01/26 03:34:48.525 AM EDT,$0.00
Garrett Mitchell 1.5,MLB-PHIT-FG-000F9TAII50AG9O-GALL001-GTE-P00015,Settled Early,08/01/26 03:34:48.747 AM EDT,$1.00
Garrett Mitchell 0.5,MLB-PHIT-FG-000F9TAII50AG9O-GALL001-GTE-P00005,Settled Early,08/01/26 03:34:48.960 AM EDT,$1.00
Gleyber Torres 1.5,MLB-PTBS-FG-000F9T8JI50AGVO-GLES000-GTE-P00015,Settled Early,08/01/26 03:34:52.800 AM EDT,$0.00
Gleyber Torres 6.5,MLB-PTBS-FG-000F9T8JI50AGVO-GLES000-GTE-P00065,Settled Early,08/01/26 03:34:52.992 AM EDT,$0.00
Gleyber Torres 7.5,MLB-PTBS-FG-000F9T8JI50AGVO-GLES000-GTE-P00075,Settled Early,08/01/26 03:34:53.211 AM EDT,$0.00
Gleyber Torres 0.5,MLB-PTBS-FG-000F9T8JI50AGVO-GLES000-GTE-P00005,Settled Early,08/01/26 03:34:53.395 AM EDT,$0.00
Gleyber Torres 5.5,MLB-PTBS-FG-000F9T8JI50AGVO-GLES000-GTE-P00055,Settled Early,08/01/26 03:34:53.590 AM EDT,$0.00
Gleyber Torres 3.5,MLB-PTBS-FG-000F9T8JI50AGVO-GLES000-GTE-P00035,Settled Early,08/01/26 03:34:53.784 AM EDT,$0.00
Gleyber Torres 2.5,MLB-PTBS-FG-000F9T8JI50AGVO-GLES000-GTE-P00025,Settled Early,08/01/26 03:34:53.984 AM EDT,$0.00
Gleyber Torres 4.5,MLB-PTBS-FG-000F9T8JI50AGVO-GLES000-GTE-P00045,Settled Early,08/01/26 03:34:54.162 AM EDT,$0.00
Garrett Mitchell 1.5,MLB-PHRN-FG-000F9TAII50AG9O-GALL001-GTE-P00015,Settled Early,08/01/26 03:34:56.608 AM EDT,$0.00
Garrett Mitchell 0.5,MLB-PHRN-FG-000F9TAII50AG9O-GALL001-GTE-P00005,Settled Early,08/01/26 03:34:56.868 AM EDT,$0.00
Garrett Mitchell 2.5,MLB-PHRN-FG-000F9TAII50AG9O-GALL001-GTE-P00025,Settled Early,08/01/26 03:34:57.047 AM EDT,$0.00
Gleyber Torres 0.5,MLB-PHIT-FG-000F9T8JI50AGVO-GLES000-GTE-P00005,Settled Early,08/01/26 03:35:00.415 AM EDT,$0.00
John Rave 8.5,MLB-PHRR-FG-000F9TFPI50AH4O-JOVE002-GTE-P00085,Settled Early,08/01/26 03:35:00.451 AM EDT,$0.00
Gleyber Torres 1.5,MLB-PHIT-FG-000F9T8JI50AGVO-GLES000-GTE-P00015,Settled Early,08/01/26 03:35:00.591 AM EDT,$0.00
John Rave 9.5,MLB-PHRR-FG-000F9TFPI50AH4O-JOVE002-GTE-P00095,Settled Early,08/01/26 03:35:00.666 AM EDT,$0.00
Gleyber Torres 2.5,MLB-PHIT-FG-000F9T8JI50AGVO-GLES000-GTE-P00025,Settled Early,08/01/26 03:35:00.784 AM EDT,$0.00
John Rave 3.5,MLB-PHRR-FG-000F9TFPI50AH4O-JOVE002-GTE-P00035,Settled Early,08/01/26 03:35:00.914 AM EDT,$0.00
Gleyber Torres 4.5,MLB-PHIT-FG-000F9T8JI50AGVO-GLES000-GTE-P00045,Settled Early,08/01/26 03:35:01.000 AM EDT,$0.00
John Rave 4.5,MLB-PHRR-FG-000F9TFPI50AH4O-JOVE002-GTE-P00045,Settled Early,08/01/26 03:35:01.158 AM EDT,$0.00
Gleyber Torres 3.5,MLB-PHIT-FG-000F9T8JI50AGVO-GLES000-GTE-P00035,Settled Early,08/01/26 03:35:01.175 AM EDT,$0.00
John Rave 5.5,MLB-PHRR-FG-000F9TFPI50AH4O-JOVE002-GTE-P00055,Settled Early,08/01/26 03:35:01.332 AM EDT,$0.00
John Rave 0.5,MLB-PHRR-FG-000F9TFPI50AH4O-JOVE002-GTE-P00005,Settled Early,08/01/26 03:35:01.548 AM EDT,$1.00
John Rave 2.5,MLB-PHRR-FG-000F9TFPI50AH4O-JOVE002-GTE-P00025,Settled Early,08/01/26 03:35:01.740 AM EDT,$0.00
John Rave 6.5,MLB-PHRR-FG-000F9TFPI50AH4O-JOVE002-GTE-P00065,Settled Early,08/01/26 03:35:01.915 AM EDT,$0.00
John Rave 1.5,MLB-PHRR-FG-000F9TFPI50AH4O-JOVE002-GTE-P00015,Settled Early,08/01/26 03:35:02.108 AM EDT,$0.00
John Rave 7.5,MLB-PHRR-FG-000F9TFPI50AH4O-JOVE002-GTE-P00075,Settled Early,08/01/26 03:35:02.278 AM EDT,$0.00
Garrett Mitchell 4.5,MLB-PRBI-FG-000F9TAII50AG9O-GALL001-GTE-P00045,Settled Early,08/01/26 03:35:03.862 AM EDT,$0.00
Garrett Mitchell 3.5,MLB-PRBI-FG-000F9TAII50AG9O-GALL001-GTE-P00035,Settled Early,08/01/26 03:35:04.069 AM EDT,$0.00
Garrett Mitchell 1.5,MLB-PRBI-FG-000F9TAII50AG9O-GALL001-GTE-P00015,Settled Early,08/01/26 03:35:04.255 AM EDT,$0.00
Garrett Mitchell 0.5,MLB-PRBI-FG-000F9TAII50AG9O-GALL001-GTE-P00005,Settled Early,08/01/26 03:35:04.451 AM EDT,$0.00
Garrett Mitchell 2.5,MLB-PRBI-FG-000F9TAII50AG9O-GALL001-GTE-P00025,Settled Early,08/01/26 03:35:04.647 AM EDT,$0.00
Garrett Mitchell 0.5,MLB-PTBS-FG-000F9TAII50AG9O-GALL001-GTE-P00005,Settled Early,08/01/26 03:35:17.762 AM EDT,$1.00
Garrett Mitchell 4.5,MLB-PTBS-FG-000F9TAII50AG9O-GALL001-GTE-P00045,Settled Early,08/01/26 03:35:18.003 AM EDT,$0.00
Garrett Mitchell 3.5,MLB-PTBS-FG-000F9TAII50AG9O-GALL001-GTE-P00035,Settled Early,08/01/26 03:35:18.223 AM EDT,$0.00
Garrett Mitchell 7.5,MLB-PTBS-FG-000F9TAII50AG9O-GALL001-GTE-P00075,Settled Early,08/01/26 03:35:18.434 AM EDT,$0.00
Garrett Mitchell 2.5,MLB-PTBS-FG-000F9TAII50AG9O-GALL001-GTE-P00025,Settled Early,08/01/26 03:35:18.659 AM EDT,$1.00
Garrett Mitchell 1.5,MLB-PTBS-FG-000F9TAII50AG9O-GALL001-GTE-P00015,Settled Early,08/01/26 03:35:18.847 AM EDT,$1.00
Garrett Mitchell 5.5,MLB-PTBS-FG-000F9TAII50AG9O-GALL001-GTE-P00055,Settled Early,08/01/26 03:35:19.048 AM EDT,$0.00
Garrett Mitchell 6.5,MLB-PTBS-FG-000F9TAII50AG9O-GALL001-GTE-P00065,Settled Early,08/01/26 03:35:19.243 AM EDT,$0.00
Tommy White 7.5,MLB-PHRR-FG-000F9T8JI50AGVO-TOTE001-GTE-P00075,Settled Early,08/01/26 03:35:23.747 AM EDT,$0.00
Tommy White 8.5,MLB-PHRR-FG-000F9T8JI50AGVO-TOTE001-GTE-P00085,Settled Early,08/01/26 03:35:23.956 AM EDT,$0.00
Tommy White 0.5,MLB-PHRR-FG-000F9T8JI50AGVO-TOTE001-GTE-P00005,Settled Early,08/01/26 03:35:24.168 AM EDT,$0.00
Tommy White 9.5,MLB-PHRR-FG-000F9T8JI50AGVO-TOTE001-GTE-P00095,Settled Early,08/01/26 03:35:24.364 AM EDT,$0.00
Tommy White 6.5,MLB-PHRR-FG-000F9T8JI50AGVO-TOTE001-GTE-P00065,Settled Early,08/01/26 03:35:24.570 AM EDT,$0.00
Tommy White 1.5,MLB-PHRR-FG-000F9T8JI50AGVO-TOTE001-GTE-P00015,Settled Early,08/01/26 03:35:24.767 AM EDT,$0.00
Tommy White 5.5,MLB-PHRR-FG-000F9T8JI50AGVO-TOTE001-GTE-P00055,Settled Early,08/01/26 03:35:24.965 AM EDT,$0.00
Tommy White 4.5,MLB-PHRR-FG-000F9T8JI50AGVO-TOTE001-GTE-P00045,Settled Early,08/01/26 03:35:25.157 AM EDT,$0.00
Tommy White 2.5,MLB-PHRR-FG-000F9T8JI50AGVO-TOTE001-GTE-P00025,Settled Early,08/01/26 03:35:25.353 AM EDT,$0.00
Tommy White 3.5,MLB-PHRR-FG-000F9T8JI50AGVO-TOTE001-GTE-P00035,Settled Early,08/01/26 03:35:25.545 AM EDT,$0.00
Michael Wacha 8.5,MLB-PKS-FG-000F9TFPI50AH4O-MIHA000-GTE-P00085,Settled Early,08/01/26 03:35:26.720 AM EDT,$0.00
Michael Wacha 4.5,MLB-PKS-FG-000F9TFPI50AH4O-MIHA000-GTE-P00045,Settled Early,08/01/26 03:35:26.915 AM EDT,$1.00
Michael Wacha 7.5,MLB-PKS-FG-000F9TFPI50AH4O-MIHA000-GTE-P00075,Settled Early,08/01/26 03:35:27.105 AM EDT,$0.00
Michael Wacha 1.5,MLB-PKS-FG-000F9TFPI50AH4O-MIHA000-GTE-P00015,Settled Early,08/01/26 03:35:27.289 AM EDT,$1.00
Michael Wacha 3.5,MLB-PKS-FG-000F9TFPI50AH4O-MIHA000-GTE-P00035,Settled Early,08/01/26 03:35:27.466 AM EDT,$1.00
Michael Wacha 6.5,MLB-PKS-FG-000F9TFPI50AH4O-MIHA000-GTE-P00065,Settled Early,08/01/26 03:35:27.637 AM EDT,$1.00
Michael Wacha 2.5,MLB-PKS-FG-000F9TFPI50AH4O-MIHA000-GTE-P00025,Settled Early,08/01/26 03:35:27.849 AM EDT,$1.00
Michael Wacha 5.5,MLB-PKS-FG-000F9TFPI50AH4O-MIHA000-GTE-P00055,Settled Early,08/01/26 03:35:28.066 AM EDT,$1.00
Michael Wacha 10.5,MLB-PKS-FG-000F9TFPI50AH4O-MIHA000-GTE-P00105,Settled Early,08/01/26 03:35:28.236 AM EDT,$0.00
Michael Wacha 13.5,MLB-PKS-FG-000F9TFPI50AH4O-MIHA000-GTE-P00135,Settled Early,08/01/26 03:35:28.415 AM EDT,$0.00
Michael Wacha 12.5,MLB-PKS-FG-000F9TFPI50AH4O-MIHA000-GTE-P00125,Settled Early,08/01/26 03:35:28.618 AM EDT,$0.00
Michael Wacha 9.5,MLB-PKS-FG-000F9TFPI50AH4O-MIHA000-GTE-P00095,Settled Early,08/01/26 03:35:28.789 AM EDT,$0.00
Michael Wacha 11.5,MLB-PKS-FG-000F9TFPI50AH4O-MIHA000-GTE-P00115,Settled Early,08/01/26 03:35:28.964 AM EDT,$0.00
Tommy White 1.5,MLB-PHIT-FG-000F9T8JI50AGVO-TOTE001-GTE-P00015,Settled Early,08/01/26 03:35:36.597 AM EDT,$0.00
Tommy White 3.5,MLB-PHIT-FG-000F9T8JI50AGVO-TOTE001-GTE-P00035,Settled Early,08/01/26 03:35:36.799 AM EDT,$0.00
Tommy White 4.5,MLB-PHIT-FG-000F9T8JI50AGVO-TOTE001-GTE-P00045,Settled Early,08/01/26 03:35:37.000 AM EDT,$0.00
Tommy White 2.5,MLB-PHIT-FG-000F9T8JI50AGVO-TOTE001-GTE-P00025,Settled Early,08/01/26 03:35:37.205 AM EDT,$0.00
Tommy White 0.5,MLB-PHIT-FG-000F9T8JI50AGVO-TOTE001-GTE-P00005,Settled Early,08/01/26 03:35:37.389 AM EDT,$0.00
Tommy White 0.5,MLB-PHRN-FG-000F9T8JI50AGVO-TOTE001-GTE-P00005,Settled Early,08/01/26 03:35:45.230 AM EDT,$0.00
Tommy White 2.5,MLB-PHRN-FG-000F9T8JI50AGVO-TOTE001-GTE-P00025,Settled Early,08/01/26 03:35:45.425 AM EDT,$0.00
Tommy White 1.5,MLB-PHRN-FG-000F9T8JI50AGVO-TOTE001-GTE-P00015,Settled Early,08/01/26 03:35:45.633 AM EDT,$0.00
Tommy White 0.5,MLB-PRBI-FG-000F9T8JI50AGVO-TOTE001-GTE-P00005,Settled Early,08/01/26 03:35:53.441 AM EDT,$0.00
Tommy White 4.5,MLB-PRBI-FG-000F9T8JI50AGVO-TOTE001-GTE-P00045,Settled Early,08/01/26 03:35:53.644 AM EDT,$0.00
Tommy White 3.5,MLB-PRBI-FG-000F9T8JI50AGVO-TOTE001-GTE-P00035,Settled Early,08/01/26 03:35:53.861 AM EDT,$0.00
Tommy White 1.5,MLB-PRBI-FG-000F9T8JI50AGVO-TOTE001-GTE-P00015,Settled Early,08/01/26 03:35:54.049 AM EDT,$0.00
Tommy White 2.5,MLB-PRBI-FG-000F9T8JI50AGVO-TOTE001-GTE-P00025,Settled Early,08/01/26 03:35:54.246 AM EDT,$0.00
Tomoyuki Sugano 2.5,MLB-PKS-FG-000F9TFPI50AH4O-TONO000-GTE-P00025,Settled Early,08/01/26 03:35:55.973 AM EDT,$0.00
Tomoyuki Sugano 10.5,MLB-PKS-FG-000F9TFPI50AH4O-TONO000-GTE-P00105,Settled Early,08/01/26 03:35:56.192 AM EDT,$0.00
Tomoyuki Sugano 3.5,MLB-PKS-FG-000F9TFPI50AH4O-TONO000-GTE-P00035,Settled Early,08/01/26 03:35:56.395 AM EDT,$0.00
Tomoyuki Sugano 11.5,MLB-PKS-FG-000F9TFPI50AH4O-TONO000-GTE-P00115,Settled Early,08/01/26 03:35:56.568 AM EDT,$0.00
Tomoyuki Sugano 1.5,MLB-PKS-FG-000F9TFPI50AH4O-TONO000-GTE-P00015,Settled Early,08/01/26 03:35:56.777 AM EDT,$1.00
Tomoyuki Sugano 5.5,MLB-PKS-FG-000F9TFPI50AH4O-TONO000-GTE-P00055,Settled Early,08/01/26 03:35:56.967 AM EDT,$0.00
Tomoyuki Sugano 6.5,MLB-PKS-FG-000F9TFPI50AH4O-TONO000-GTE-P00065,Settled Early,08/01/26 03:35:57.158 AM EDT,$0.00
Tomoyuki Sugano 7.5,MLB-PKS-FG-000F9TFPI50AH4O-TONO000-GTE-P00075,Settled Early,08/01/26 03:35:57.346 AM EDT,$0.00
Tomoyuki Sugano 13.5,MLB-PKS-FG-000F9TFPI50AH4O-TONO000-GTE-P00135,Settled Early,08/01/26 03:35:57.521 AM EDT,$0.00
Tomoyuki Sugano 4.5,MLB-PKS-FG-000F9TFPI50AH4O-TONO000-GTE-P00045,Settled Early,08/01/26 03:35:57.691 AM EDT,$0.00
Tomoyuki Sugano 9.5,MLB-PKS-FG-000F9TFPI50AH4O-TONO000-GTE-P00095,Settled Early,08/01/26 03:35:57.879 AM EDT,$0.00
Tomoyuki Sugano 12.5,MLB-PKS-FG-000F9TFPI50AH4O-TONO000-GTE-P00125,Settled Early,08/01/26 03:35:58.070 AM EDT,$0.00
Tomoyuki Sugano 8.5,MLB-PKS-FG-000F9TFPI50AH4O-TONO000-GTE-P00085,Settled Early,08/01/26 03:35:58.294 AM EDT,$0.00
Tommy White 0.5,MLB-PTBS-FG-000F9T8JI50AGVO-TOTE001-GTE-P00005,Settled Early,08/01/26 03:36:00.623 AM EDT,$0.00
Tommy White 4.5,MLB-PTBS-FG-000F9T8JI50AGVO-TOTE001-GTE-P00045,Settled Early,08/01/26 03:36:00.826 AM EDT,$0.00
Tommy White 7.5,MLB-PTBS-FG-000F9T8JI50AGVO-TOTE001-GTE-P00075,Settled Early,08/01/26 03:36:00.999 AM EDT,$0.00
Tommy White 2.5,MLB-PTBS-FG-000F9T8JI50AGVO-TOTE001-GTE-P00025,Settled Early,08/01/26 03:36:01.188 AM EDT,$0.00
Tommy White 5.5,MLB-PTBS-FG-000F9T8JI50AGVO-TOTE001-GTE-P00055,Settled Early,08/01/26 03:36:01.358 AM EDT,$0.00
Tommy White 1.5,MLB-PTBS-FG-000F9T8JI50AGVO-TOTE001-GTE-P00015,Settled Early,08/01/26 03:36:01.555 AM EDT,$0.00
Tommy White 3.5,MLB-PTBS-FG-000F9T8JI50AGVO-TOTE001-GTE-P00035,Settled Early,08/01/26 03:36:01.727 AM EDT,$0.00
Tommy White 6.5,MLB-PTBS-FG-000F9T8JI50AGVO-TOTE001-GTE-P00065,Settled Early,08/01/26 03:36:01.907 AM EDT,$0.00
Over 0.5,MLB-TRUNS-I6-000F9TFPI50AH4O-GTE-P00005,Settled Early,08/01/26 03:36:11.097 AM EDT,$1.00
Over 3.5,MLB-TRUNS-I6-000F9TFPI50AH4O-GTE-P00035,Settled Early,08/01/26 03:36:11.299 AM EDT,$0.00
Over 2.5,MLB-TRUNS-I6-000F9TFPI50AH4O-GTE-P00025,Settled Early,08/01/26 03:36:11.467 AM EDT,$0.00
Over 4.5,MLB-TRUNS-I6-000F9TFPI50AH4O-GTE-P00045,Settled Early,08/01/26 03:36:11.668 AM EDT,$0.00
Over 1.5,MLB-TRUNS-I6-000F9TFPI50AH4O-GTE-P00015,Settled Early,08/01/26 03:36:11.844 AM EDT,$0.00
Max Clark 1.5,MLB-PHIT-FG-000F9T8JI50AGVO-MARK000-GTE-P00015,Settled Early,08/01/26 03:36:26.365 AM EDT,$1.00
Max Clark 4.5,MLB-PHIT-FG-000F9T8JI50AGVO-MARK000-GTE-P00045,Settled Early,08/01/26 03:36:26.584 AM EDT,$0.00
Max Clark 2.5,MLB-PHIT-FG-000F9T8JI50AGVO-MARK000-GTE-P00025,Settled Early,08/01/26 03:36:26.784 AM EDT,$1.00
Max Clark 0.5,MLB-PHIT-FG-000F9T8JI50AGVO-MARK000-GTE-P00005,Settled Early,08/01/26 03:36:26.997 AM EDT,$1.00
Max Clark 3.5,MLB-PHIT-FG-000F9T8JI50AGVO-MARK000-GTE-P00035,Settled Early,08/01/26 03:36:27.200 AM EDT,$0.00
Max Clark 0.5,MLB-PHRN-FG-000F9T8JI50AGVO-MARK000-GTE-P00005,Settled Early,08/01/26 03:36:35.486 AM EDT,$0.00
Max Clark 1.5,MLB-PHRN-FG-000F9T8JI50AGVO-MARK000-GTE-P00015,Settled Early,08/01/26 03:36:35.684 AM EDT,$0.00
Max Clark 2.5,MLB-PHRN-FG-000F9T8JI50AGVO-MARK000-GTE-P00025,Settled Early,08/01/26 03:36:35.859 AM EDT,$0.00
COL Rockies -1.5,MLB-MOVY-FG-000F9TFPI50AH4O-COES000-GTE-P00015,Settled Early,08/01/26 03:36:40.378 AM EDT,$1.00
COL Rockies -0.5,MLB-MOVY-FG-000F9TFPI50AH4O-COES000-GTE-P00005,Settled Early,08/01/26 03:36:40.551 AM EDT,$1.00
KC Royals -4.5,MLB-MOVY-FG-000F9TFPI50AH4O-KCLS000-GTE-P00045,Settled Early,08/01/26 03:36:40.750 AM EDT,$0.00
KC Royals -2.5,MLB-MOVY-FG-000F9TFPI50AH4O-KCLS000-GTE-P00025,Settled Early,08/01/26 03:36:40.940 AM EDT,$0.00
KC Royals -1.5,MLB-MOVY-FG-000F9TFPI50AH4O-KCLS000-GTE-P00015,Settled Early,08/01/26 03:36:41.131 AM EDT,$0.00
KC Royals -3.5,MLB-MOVY-FG-000F9TFPI50AH4O-KCLS000-GTE-P00035,Settled Early,08/01/26 03:36:41.324 AM EDT,$0.00
KC Royals -6.5,MLB-MOVY-FG-000F9TFPI50AH4O-KCLS000-GTE-P00065,Settled Early,08/01/26 03:36:41.532 AM EDT,$0.00
KC Royals -5.5,MLB-MOVY-FG-000F9TFPI50AH4O-KCLS000-GTE-P00055,Settled Early,08/01/26 03:36:41.725 AM EDT,$0.00
KC Royals -7.5,MLB-MOVY-FG-000F9TFPI50AH4O-KCLS000-GTE-P00075,Settled Early,08/01/26 03:36:41.954 AM EDT,$0.00
COL Rockies -3.5,MLB-MOVY-FG-000F9TFPI50AH4O-COES000-GTE-P00035,Settled Early,08/01/26 03:36:42.184 AM EDT,$0.00
COL Rockies -6.5,MLB-MOVY-FG-000F9TFPI50AH4O-COES000-GTE-P00065,Settled Early,08/01/26 03:36:42.369 AM EDT,$0.00
COL Rockies -2.5,MLB-MOVY-FG-000F9TFPI50AH4O-COES000-GTE-P00025,Settled Early,08/01/26 03:36:42.538 AM EDT,$0.00
COL Rockies -5.5,MLB-MOVY-FG-000F9TFPI50AH4O-COES000-GTE-P00055,Settled Early,08/01/26 03:36:42.726 AM EDT,$0.00
COL Rockies -7.5,MLB-MOVY-FG-000F9TFPI50AH4O-COES000-GTE-P00075,Settled Early,08/01/26 03:36:42.941 AM EDT,$0.00
COL Rockies -4.5,MLB-MOVY-FG-000F9TFPI50AH4O-COES000-GTE-P00045,Settled Early,08/01/26 03:36:43.112 AM EDT,$0.00
KC Royals -0.5,MLB-MOVY-FG-000F9TFPI50AH4O-KCLS000-GTE-P00005,Settled Early,08/01/26 03:36:43.284 AM EDT,$0.00
Max Clark 1.5,MLB-PTBS-FG-000F9T8JI50AGVO-MARK000-GTE-P00015,Settled Early,08/01/26 03:36:45.795 AM EDT,$1.00
Max Clark 0.5,MLB-PTBS-FG-000F9T8JI50AGVO-MARK000-GTE-P00005,Settled Early,08/01/26 03:36:46.011 AM EDT,$1.00
Max Clark 2.5,MLB-PTBS-FG-000F9T8JI50AGVO-MARK000-GTE-P00025,Settled Early,08/01/26 03:36:46.213 AM EDT,$1.00
Max Clark 3.5,MLB-PTBS-FG-000F9T8JI50AGVO-MARK000-GTE-P00035,Settled Early,08/01/26 03:36:46.418 AM EDT,$1.00
Max Clark 7.5,MLB-PTBS-FG-000F9T8JI50AGVO-MARK000-GTE-P00075,Settled Early,08/01/26 03:36:46.594 AM EDT,$0.00
Max Clark 6.5,MLB-PTBS-FG-000F9T8JI50AGVO-MARK000-GTE-P00065,Settled Early,08/01/26 03:36:46.769 AM EDT,$0.00
Max Clark 4.5,MLB-PTBS-FG-000F9T8JI50AGVO-MARK000-GTE-P00045,Settled Early,08/01/26 03:36:46.965 AM EDT,$1.00
Max Clark 5.5,MLB-PTBS-FG-000F9T8JI50AGVO-MARK000-GTE-P00055,Settled Early,08/01/26 03:36:47.135 AM EDT,$0.00
COL Rockies,MLB-WIN-FG-000F9TFPI50AH4O-COES000,Settled Early,08/01/26 03:36:51.996 AM EDT,$1.00
KC Royals,MLB-WIN-FG-000F9TFPI50AH4O-KCLS000,Settled Early,08/01/26 03:36:52.170 AM EDT,$0.00
Max Clark 1.5,MLB-PRBI-FG-000F9T8JI50AGVO-MARK000-GTE-P00015,Settled Early,08/01/26 03:36:56.073 AM EDT,$0.00
Max Clark 4.5,MLB-PRBI-FG-000F9T8JI50AGVO-MARK000-GTE-P00045,Settled Early,08/01/26 03:36:56.245 AM EDT,$0.00
Max Clark 0.5,MLB-PRBI-FG-000F9T8JI50AGVO-MARK000-GTE-P00005,Settled Early,08/01/26 03:36:56.436 AM EDT,$1.00
Max Clark 3.5,MLB-PRBI-FG-000F9T8JI50AGVO-MARK000-GTE-P00035,Settled Early,08/01/26 03:36:56.624 AM EDT,$0.00
Max Clark 2.5,MLB-PRBI-FG-000F9T8JI50AGVO-MARK000-GTE-P00025,Settled Early,08/01/26 03:36:56.813 AM EDT,$0.00
Nick Kurtz 5.5,MLB-PHRR-FG-000F9T8JI50AGVO-NITZ000-GTE-P00055,Settled Early,08/01/26 03:38:01.911 AM EDT,$0.00
Nick Kurtz 9.5,MLB-PHRR-FG-000F9T8JI50AGVO-NITZ000-GTE-P00095,Settled Early,08/01/26 03:38:02.118 AM EDT,$0.00
Nick Kurtz 1.5,MLB-PHRR-FG-000F9T8JI50AGVO-NITZ000-GTE-P00015,Settled Early,08/01/26 03:38:02.312 AM EDT,$0.00
Nick Kurtz 7.5,MLB-PHRR-FG-000F9T8JI50AGVO-NITZ000-GTE-P00075,Settled Early,08/01/26 03:38:02.489 AM EDT,$0.00
Nick Kurtz 2.5,MLB-PHRR-FG-000F9T8JI50AGVO-NITZ000-GTE-P00025,Settled Early,08/01/26 03:38:02.679 AM EDT,$0.00
Nick Kurtz 8.5,MLB-PHRR-FG-000F9T8JI50AGVO-NITZ000-GTE-P00085,Settled Early,08/01/26 03:38:03.067 AM EDT,$0.00
Nick Kurtz 6.5,MLB-PHRR-FG-000F9T8JI50AGVO-NITZ000-GTE-P00065,Settled Early,08/01/26 03:38:03.436 AM EDT,$0.00
Nick Kurtz 4.5,MLB-PHRR-FG-000F9T8JI50AGVO-NITZ000-GTE-P00045,Settled Early,08/01/26 03:38:03.632 AM EDT,$0.00
Nick Kurtz 0.5,MLB-PHRR-FG-000F9T8JI50AGVO-NITZ000-GTE-P00005,Settled Early,08/01/26 03:38:03.858 AM EDT,$0.00
Nick Kurtz 3.5,MLB-PHRR-FG-000F9T8JI50AGVO-NITZ000-GTE-P00035,Settled Early,08/01/26 03:38:04.028 AM EDT,$0.00
Nick Kurtz 2.5,MLB-PHRN-FG-000F9T8JI50AGVO-NITZ000-GTE-P00025,Settled Early,08/01/26 03:38:09.471 AM EDT,$0.00
Nick Kurtz 1.5,MLB-PHRN-FG-000F9T8JI50AGVO-NITZ000-GTE-P00015,Settled Early,08/01/26 03:38:09.711 AM EDT,$0.00
Nick Kurtz 0.5,MLB-PHRN-FG-000F9T8JI50AGVO-NITZ000-GTE-P00005,Settled Early,08/01/26 03:38:09.984 AM EDT,$0.00
Nick Kurtz 2.5,MLB-PRBI-FG-000F9T8JI50AGVO-NITZ000-GTE-P00025,Settled Early,08/01/26 03:38:18.295 AM EDT,$0.00
Nick Kurtz 3.5,MLB-PRBI-FG-000F9T8JI50AGVO-NITZ000-GTE-P00035,Settled Early,08/01/26 03:38:18.517 AM EDT,$0.00
Nick Kurtz 4.5,MLB-PRBI-FG-000F9T8JI50AGVO-NITZ000-GTE-P00045,Settled Early,08/01/26 03:38:18.719 AM EDT,$0.00
Nick Kurtz 1.5,MLB-PRBI-FG-000F9T8JI50AGVO-NITZ000-GTE-P00015,Settled Early,08/01/26 03:38:18.916 AM EDT,$0.00
David Hamilton 0.5,MLB-PHRR-FG-000F9TAII50AG9O-DAON006-GTE-P00005,Settled Early,08/01/26 03:38:19.030 AM EDT,$0.00
Nick Kurtz 0.5,MLB-PRBI-FG-000F9T8JI50AGVO-NITZ000-GTE-P00005,Settled Early,08/01/26 03:38:19.139 AM EDT,$0.00
David Hamilton 9.5,MLB-PHRR-FG-000F9TAII50AG9O-DAON006-GTE-P00095,Settled Early,08/01/26 03:38:19.236 AM EDT,$0.00
David Hamilton 1.5,MLB-PHRR-FG-000F9TAII50AG9O-DAON006-GTE-P00015,Settled Early,08/01/26 03:38:19.443 AM EDT,$0.00
David Hamilton 2.5,MLB-PHRR-FG-000F9TAII50AG9O-DAON006-GTE-P00025,Settled Early,08/01/26 03:38:19.612 AM EDT,$0.00
David Hamilton 3.5,MLB-PHRR-FG-000F9TAII50AG9O-DAON006-GTE-P00035,Settled Early,08/01/26 03:38:19.816 AM EDT,$0.00
David Hamilton 4.5,MLB-PHRR-FG-000F9TAII50AG9O-DAON006-GTE-P00045,Settled Early,08/01/26 03:38:20.016 AM EDT,$0.00
David Hamilton 5.5,MLB-PHRR-FG-000F9TAII50AG9O-DAON006-GTE-P00055,Settled Early,08/01/26 03:38:20.212 AM EDT,$0.00
David Hamilton 6.5,MLB-PHRR-FG-000F9TAII50AG9O-DAON006-GTE-P00065,Settled Early,08/01/26 03:38:20.411 AM EDT,$0.00
David Hamilton 7.5,MLB-PHRR-FG-000F9TAII50AG9O-DAON006-GTE-P00075,Settled Early,08/01/26 03:38:20.606 AM EDT,$0.00
David Hamilton 8.5,MLB-PHRR-FG-000F9TAII50AG9O-DAON006-GTE-P00085,Settled Early,08/01/26 03:38:20.778 AM EDT,$0.00
Nick Kurtz 4.5,MLB-PTBS-FG-000F9T8JI50AGVO-NITZ000-GTE-P00045,Settled Early,08/01/26 03:38:26.934 AM EDT,$0.00
Nick Kurtz 7.5,MLB-PTBS-FG-000F9T8JI50AGVO-NITZ000-GTE-P00075,Settled Early,08/01/26 03:38:27.152 AM EDT,$0.00
Nick Kurtz 6.5,MLB-PTBS-FG-000F9T8JI50AGVO-NITZ000-GTE-P00065,Settled Early,08/01/26 03:38:27.364 AM EDT,$0.00
Nick Kurtz 5.5,MLB-PTBS-FG-000F9T8JI50AGVO-NITZ000-GTE-P00055,Settled Early,08/01/26 03:38:27.569 AM EDT,$0.00
Nick Kurtz 0.5,MLB-PTBS-FG-000F9T8JI50AGVO-NITZ000-GTE-P00005,Settled Early,08/01/26 03:38:27.767 AM EDT,$0.00
Nick Kurtz 1.5,MLB-PTBS-FG-000F9T8JI50AGVO-NITZ000-GTE-P00015,Settled Early,08/01/26 03:38:27.962 AM EDT,$0.00
Nick Kurtz 2.5,MLB-PTBS-FG-000F9T8JI50AGVO-NITZ000-GTE-P00025,Settled Early,08/01/26 03:38:28.152 AM EDT,$0.00
Nick Kurtz 3.5,MLB-PTBS-FG-000F9T8JI50AGVO-NITZ000-GTE-P00035,Settled Early,08/01/26 03:38:28.342 AM EDT,$0.00
David Hamilton 1.5,MLB-PHRN-FG-000F9TAII50AG9O-DAON006-GTE-P00015,Settled Early,08/01/26 03:38:29.444 AM EDT,$0.00
David Hamilton 2.5,MLB-PHRN-FG-000F9TAII50AG9O-DAON006-GTE-P00025,Settled Early,08/01/26 03:38:29.655 AM EDT,$0.00
David Hamilton 0.5,MLB-PHRN-FG-000F9TAII50AG9O-DAON006-GTE-P00005,Settled Early,08/01/26 03:38:29.868 AM EDT,$0.00
Nick Kurtz 2.5,MLB-PHIT-FG-000F9T8JI50AGVO-NITZ000-GTE-P00025,Settled Early,08/01/26 03:38:35.998 AM EDT,$0.00
Nick Kurtz 4.5,MLB-PHIT-FG-000F9T8JI50AGVO-NITZ000-GTE-P00045,Settled Early,08/01/26 03:38:36.211 AM EDT,$0.00
Nick Kurtz 3.5,MLB-PHIT-FG-000F9T8JI50AGVO-NITZ000-GTE-P00035,Settled Early,08/01/26 03:38:36.418 AM EDT,$0.00
Nick Kurtz 1.5,MLB-PHIT-FG-000F9T8JI50AGVO-NITZ000-GTE-P00015,Settled Early,08/01/26 03:38:36.644 AM EDT,$0.00
Nick Kurtz 0.5,MLB-PHIT-FG-000F9T8JI50AGVO-NITZ000-GTE-P00005,Settled Early,08/01/26 03:38:36.816 AM EDT,$0.00
David Hamilton 0.5,MLB-PRBI-FG-000F9TAII50AG9O-DAON006-GTE-P00005,Settled Early,08/01/26 03:38:38.912 AM EDT,$0.00
David Hamilton 4.5,MLB-PRBI-FG-000F9TAII50AG9O-DAON006-GTE-P00045,Settled Early,08/01/26 03:38:39.123 AM EDT,$0.00
David Hamilton 1.5,MLB-PRBI-FG-000F9TAII50AG9O-DAON006-GTE-P00015,Settled Early,08/01/26 03:38:39.316 AM EDT,$0.00
David Hamilton 3.5,MLB-PRBI-FG-000F9TAII50AG9O-DAON006-GTE-P00035,Settled Early,08/01/26 03:38:39.486 AM EDT,$0.00
David Hamilton 2.5,MLB-PRBI-FG-000F9TAII50AG9O-DAON006-GTE-P00025,Settled Early,08/01/26 03:38:39.650 AM EDT,$0.00
David Hamilton 0.5,MLB-PHIT-FG-000F9TAII50AG9O-DAON006-GTE-P00005,Settled Early,08/01/26 03:38:48.394 AM EDT,$0.00
David Hamilton 3.5,MLB-PHIT-FG-000F9TAII50AG9O-DAON006-GTE-P00035,Settled Early,08/01/26 03:38:48.669 AM EDT,$0.00
David Hamilton 4.5,MLB-PHIT-FG-000F9TAII50AG9O-DAON006-GTE-P00045,Settled Early,08/01/26 03:38:48.854 AM EDT,$0.00
David Hamilton 1.5,MLB-PHIT-FG-000F9TAII50AG9O-DAON006-GTE-P00015,Settled Early,08/01/26 03:38:49.037 AM EDT,$0.00
David Hamilton 2.5,MLB-PHIT-FG-000F9TAII50AG9O-DAON006-GTE-P00025,Settled Early,08/01/26 03:38:49.229 AM EDT,$0.00
David Hamilton 0.5,MLB-PTBS-FG-000F9TAII50AG9O-DAON006-GTE-P00005,Settled Early,08/01/26 03:38:55.978 AM EDT,$0.00
David Hamilton 7.5,MLB-PTBS-FG-000F9TAII50AG9O-DAON006-GTE-P00075,Settled Early,08/01/26 03:38:56.184 AM EDT,$0.00
David Hamilton 3.5,MLB-PTBS-FG-000F9TAII50AG9O-DAON006-GTE-P00035,Settled Early,08/01/26 03:38:56.386 AM EDT,$0.00
David Hamilton 5.5,MLB-PTBS-FG-000F9TAII50AG9O-DAON006-GTE-P00055,Settled Early,08/01/26 03:38:56.585 AM EDT,$0.00
David Hamilton 1.5,MLB-PTBS-FG-000F9TAII50AG9O-DAON006-GTE-P00015,Settled Early,08/01/26 03:38:56.782 AM EDT,$0.00
David Hamilton 6.5,MLB-PTBS-FG-000F9TAII50AG9O-DAON006-GTE-P00065,Settled Early,08/01/26 03:38:56.956 AM EDT,$0.00
Javier Baez 3.5,MLB-PRBI-FG-000F9T8JI50AGVO-JAEZ000-GTE-P00035,Settled Early,08/01/26 03:38:57.152 AM EDT,$0.00
David Hamilton 2.5,MLB-PTBS-FG-000F9TAII50AG9O-DAON006-GTE-P00025,Settled Early,08/01/26 03:38:57.167 AM EDT,$0.00
Javier Baez 4.5,MLB-PRBI-FG-000F9T8JI50AGVO-JAEZ000-GTE-P00045,Settled Early,08/01/26 03:38:57.359 AM EDT,$0.00
David Hamilton 4.5,MLB-PTBS-FG-000F9TAII50AG9O-DAON006-GTE-P00045,Settled Early,08/01/26 03:38:57.374 AM EDT,$0.00
Javier Baez 0.5,MLB-PRBI-FG-000F9T8JI50AGVO-JAEZ000-GTE-P00005,Settled Early,08/01/26 03:38:57.562 AM EDT,$1.00
Javier Baez 1.5,MLB-PRBI-FG-000F9T8JI50AGVO-JAEZ000-GTE-P00015,Settled Early,08/01/26 03:38:57.781 AM EDT,$1.00
Javier Baez 2.5,MLB-PRBI-FG-000F9T8JI50AGVO-JAEZ000-GTE-P00025,Settled Early,08/01/26 03:38:57.968 AM EDT,$1.00
Javier Baez 2.5,MLB-PHIT-FG-000F9T8JI50AGVO-JAEZ000-GTE-P00025,Settled Early,08/01/26 03:39:08.253 AM EDT,$1.00
Javier Baez 1.5,MLB-PHIT-FG-000F9T8JI50AGVO-JAEZ000-GTE-P00015,Settled Early,08/01/26 03:39:08.444 AM EDT,$1.00
Javier Baez 3.5,MLB-PHIT-FG-000F9T8JI50AGVO-JAEZ000-GTE-P00035,Settled Early,08/01/26 03:39:08.657 AM EDT,$0.00
Javier Baez 4.5,MLB-PHIT-FG-000F9T8JI50AGVO-JAEZ000-GTE-P00045,Settled Early,08/01/26 03:39:08.860 AM EDT,$0.00
Javier Baez 0.5,MLB-PHIT-FG-000F9T8JI50AGVO-JAEZ000-GTE-P00005,Settled Early,08/01/26 03:39:09.051 AM EDT,$1.00
Javier Baez 1.5,MLB-PHRN-FG-000F9T8JI50AGVO-JAEZ000-GTE-P00015,Settled Early,08/01/26 03:39:16.180 AM EDT,$0.00
Javier Baez 0.5,MLB-PHRN-FG-000F9T8JI50AGVO-JAEZ000-GTE-P00005,Settled Early,08/01/26 03:39:16.382 AM EDT,$0.00
Javier Baez 2.5,MLB-PHRN-FG-000F9T8JI50AGVO-JAEZ000-GTE-P00025,Settled Early,08/01/26 03:39:16.574 AM EDT,$0.00
Denzer Guzman 4.5,MLB-PHIT-FG-000F9TAII50AG9O-DEAN000-GTE-P00045,Settled Early,08/01/26 03:39:22.655 AM EDT,$0.00
Denzer Guzman 0.5,MLB-PHIT-FG-000F9TAII50AG9O-DEAN000-GTE-P00005,Settled Early,08/01/26 03:39:22.852 AM EDT,$1.00
Denzer Guzman 3.5,MLB-PHIT-FG-000F9TAII50AG9O-DEAN000-GTE-P00035,Settled Early,08/01/26 03:39:23.043 AM EDT,$0.00
Denzer Guzman 1.5,MLB-PHIT-FG-000F9TAII50AG9O-DEAN000-GTE-P00015,Settled Early,08/01/26 03:39:23.240 AM EDT,$0.00
Denzer Guzman 2.5,MLB-PHIT-FG-000F9TAII50AG9O-DEAN000-GTE-P00025,Settled Early,08/01/26 03:39:23.440 AM EDT,$0.00
Javier Baez 0.5,MLB-PTBS-FG-000F9T8JI50AGVO-JAEZ000-GTE-P00005,Settled Early,08/01/26 03:39:25.593 AM EDT,$1.00
Javier Baez 1.5,MLB-PTBS-FG-000F9T8JI50AGVO-JAEZ000-GTE-P00015,Settled Early,08/01/26 03:39:25.766 AM EDT,$1.00
Javier Baez 3.5,MLB-PTBS-FG-000F9T8JI50AGVO-JAEZ000-GTE-P00035,Settled Early,08/01/26 03:39:25.976 AM EDT,$0.00
Javier Baez 2.5,MLB-PTBS-FG-000F9T8JI50AGVO-JAEZ000-GTE-P00025,Settled Early,08/01/26 03:39:26.167 AM EDT,$1.00
Javier Baez 7.5,MLB-PTBS-FG-000F9T8JI50AGVO-JAEZ000-GTE-P00075,Settled Early,08/01/26 03:39:26.384 AM EDT,$0.00
Javier Baez 5.5,MLB-PTBS-FG-000F9T8JI50AGVO-JAEZ000-GTE-P00055,Settled Early,08/01/26 03:39:26.579 AM EDT,$0.00
Javier Baez 6.5,MLB-PTBS-FG-000F9T8JI50AGVO-JAEZ000-GTE-P00065,Settled Early,08/01/26 03:39:26.743 AM EDT,$0.00
Javier Baez 4.5,MLB-PTBS-FG-000F9T8JI50AGVO-JAEZ000-GTE-P00045,Settled Early,08/01/26 03:39:26.953 AM EDT,$0.00
Denzer Guzman 0.5,MLB-PHRN-FG-000F9TAII50AG9O-DEAN000-GTE-P00005,Settled Early,08/01/26 03:39:33.567 AM EDT,$1.00
Denzer Guzman 1.5,MLB-PHRN-FG-000F9TAII50AG9O-DEAN000-GTE-P00015,Settled Early,08/01/26 03:39:33.758 AM EDT,$0.00
Denzer Guzman 2.5,MLB-PHRN-FG-000F9TAII50AG9O-DEAN000-GTE-P00025,Settled Early,08/01/26 03:39:33.953 AM EDT,$0.00
Donovan Walton 4.5,MLB-PRBI-FG-000F9T8JI50AGVO-DOON000-GTE-P00045,Settled Early,08/01/26 03:39:43.257 AM EDT,$0.00
Donovan Walton 3.5,MLB-PRBI-FG-000F9T8JI50AGVO-DOON000-GTE-P00035,Settled Early,08/01/26 03:39:43.443 AM EDT,$0.00
Donovan Walton 0.5,MLB-PRBI-FG-000F9T8JI50AGVO-DOON000-GTE-P00005,Settled Early,08/01/26 03:39:43.636 AM EDT,$0.00
Donovan Walton 1.5,MLB-PRBI-FG-000F9T8JI50AGVO-DOON000-GTE-P00015,Settled Early,08/01/26 03:39:43.813 AM EDT,$0.00
Donovan Walton 2.5,MLB-PRBI-FG-000F9T8JI50AGVO-DOON000-GTE-P00025,Settled Early,08/01/26 03:39:44.013 AM EDT,$0.00
Denzer Guzman 7.5,MLB-PTBS-FG-000F9TAII50AG9O-DEAN000-GTE-P00075,Settled Early,08/01/26 03:39:44.919 AM EDT,$0.00
Denzer Guzman 5.5,MLB-PTBS-FG-000F9TAII50AG9O-DEAN000-GTE-P00055,Settled Early,08/01/26 03:39:45.122 AM EDT,$0.00
Denzer Guzman 6.5,MLB-PTBS-FG-000F9TAII50AG9O-DEAN000-GTE-P00065,Settled Early,08/01/26 03:39:45.303 AM EDT,$0.00
Denzer Guzman 0.5,MLB-PTBS-FG-000F9TAII50AG9O-DEAN000-GTE-P00005,Settled Early,08/01/26 03:39:45.481 AM EDT,$1.00
Denzer Guzman 4.5,MLB-PTBS-FG-000F9TAII50AG9O-DEAN000-GTE-P00045,Settled Early,08/01/26 03:39:45.673 AM EDT,$0.00
Denzer Guzman 2.5,MLB-PTBS-FG-000F9TAII50AG9O-DEAN000-GTE-P00025,Settled Early,08/01/26 03:39:45.860 AM EDT,$1.00
Denzer Guzman 1.5,MLB-PTBS-FG-000F9TAII50AG9O-DEAN000-GTE-P00015,Settled Early,08/01/26 03:39:46.055 AM EDT,$1.00
Denzer Guzman 3.5,MLB-PTBS-FG-000F9TAII50AG9O-DEAN000-GTE-P00035,Settled Early,08/01/26 03:39:46.228 AM EDT,$1.00
Donovan Walton 5.5,MLB-PHRR-FG-000F9T8JI50AGVO-DOON000-GTE-P00055,Settled Early,08/01/26 03:39:50.248 AM EDT,$0.00
Donovan Walton 4.5,MLB-PHRR-FG-000F9T8JI50AGVO-DOON000-GTE-P00045,Settled Early,08/01/26 03:39:50.427 AM EDT,$0.00
Donovan Walton 7.5,MLB-PHRR-FG-000F9T8JI50AGVO-DOON000-GTE-P00075,Settled Early,08/01/26 03:39:50.610 AM EDT,$0.00
Donovan Walton 3.5,MLB-PHRR-FG-000F9T8JI50AGVO-DOON000-GTE-P00035,Settled Early,08/01/26 03:39:50.809 AM EDT,$0.00
Donovan Walton 0.5,MLB-PHRR-FG-000F9T8JI50AGVO-DOON000-GTE-P00005,Settled Early,08/01/26 03:39:50.989 AM EDT,$0.00
Donovan Walton 6.5,MLB-PHRR-FG-000F9T8JI50AGVO-DOON000-GTE-P00065,Settled Early,08/01/26 03:39:51.164 AM EDT,$0.00
Donovan Walton 1.5,MLB-PHRR-FG-000F9T8JI50AGVO-DOON000-GTE-P00015,Settled Early,08/01/26 03:39:51.334 AM EDT,$0.00
Donovan Walton 9.5,MLB-PHRR-FG-000F9T8JI50AGVO-DOON000-GTE-P00095,Settled Early,08/01/26 03:39:51.548 AM EDT,$0.00
Donovan Walton 8.5,MLB-PHRR-FG-000F9T8JI50AGVO-DOON000-GTE-P00085,Settled Early,08/01/26 03:39:51.748 AM EDT,$0.00
Donovan Walton 2.5,MLB-PHRR-FG-000F9T8JI50AGVO-DOON000-GTE-P00025,Settled Early,08/01/26 03:39:51.947 AM EDT,$0.00
Donovan Walton 1.5,MLB-PTBS-FG-000F9T8JI50AGVO-DOON000-GTE-P00015,Settled Early,08/01/26 03:39:58.135 AM EDT,$0.00
Donovan Walton 0.5,MLB-PTBS-FG-000F9T8JI50AGVO-DOON000-GTE-P00005,Settled Early,08/01/26 03:39:58.341 AM EDT,$0.00
Donovan Walton 7.5,MLB-PTBS-FG-000F9T8JI50AGVO-DOON000-GTE-P00075,Settled Early,08/01/26 03:39:58.555 AM EDT,$0.00
Donovan Walton 4.5,MLB-PTBS-FG-000F9T8JI50AGVO-DOON000-GTE-P00045,Settled Early,08/01/26 03:39:58.856 AM EDT,$0.00
Donovan Walton 5.5,MLB-PTBS-FG-000F9T8JI50AGVO-DOON000-GTE-P00055,Settled Early,08/01/26 03:39:59.053 AM EDT,$0.00
Donovan Walton 2.5,MLB-PTBS-FG-000F9T8JI50AGVO-DOON000-GTE-P00025,Settled Early,08/01/26 03:39:59.272 AM EDT,$0.00
Donovan Walton 3.5,MLB-PTBS-FG-000F9T8JI50AGVO-DOON000-GTE-P00035,Settled Early,08/01/26 03:39:59.445 AM EDT,$0.00
Donovan Walton 6.5,MLB-PTBS-FG-000F9T8JI50AGVO-DOON000-GTE-P00065,Settled Early,08/01/26 03:39:59.712 AM EDT,$0.00
Donovan Walton 2.5,MLB-PHRN-FG-000F9T8JI50AGVO-DOON000-GTE-P00025,Settled Early,08/01/26 03:40:08.416 AM EDT,$0.00
Donovan Walton 1.5,MLB-PHRN-FG-000F9T8JI50AGVO-DOON000-GTE-P00015,Settled Early,08/01/26 03:40:08.628 AM EDT,$0.00
Donovan Walton 0.5,MLB-PHRN-FG-000F9T8JI50AGVO-DOON000-GTE-P00005,Settled Early,08/01/26 03:40:08.826 AM EDT,$0.00
Donovan Walton 1.5,MLB-PHIT-FG-000F9T8JI50AGVO-DOON000-GTE-P00015,Settled Early,08/01/26 03:40:15.404 AM EDT,$0.00
Donovan Walton 4.5,MLB-PHIT-FG-000F9T8JI50AGVO-DOON000-GTE-P00045,Settled Early,08/01/26 03:40:15.609 AM EDT,$0.00
Donovan Walton 3.5,MLB-PHIT-FG-000F9T8JI50AGVO-DOON000-GTE-P00035,Settled Early,08/01/26 03:40:15.797 AM EDT,$0.00
Donovan Walton 0.5,MLB-PHIT-FG-000F9T8JI50AGVO-DOON000-GTE-P00005,Settled Early,08/01/26 03:40:15.977 AM EDT,$0.00
Donovan Walton 2.5,MLB-PHIT-FG-000F9T8JI50AGVO-DOON000-GTE-P00025,Settled Early,08/01/26 03:40:16.149 AM EDT,$0.00
Denzer Guzman 0.5,MLB-PRBI-FG-000F9TAII50AG9O-DEAN000-GTE-P00005,Settled Early,08/01/26 03:40:19.260 AM EDT,$1.00
Denzer Guzman 3.5,MLB-PRBI-FG-000F9TAII50AG9O-DEAN000-GTE-P00035,Settled Early,08/01/26 03:40:19.475 AM EDT,$0.00
Denzer Guzman 4.5,MLB-PRBI-FG-000F9TAII50AG9O-DEAN000-GTE-P00045,Settled Early,08/01/26 03:40:19.671 AM EDT,$0.00
Denzer Guzman 2.5,MLB-PRBI-FG-000F9TAII50AG9O-DEAN000-GTE-P00025,Settled Early,08/01/26 03:40:19.872 AM EDT,$0.00
Denzer Guzman 1.5,MLB-PRBI-FG-000F9TAII50AG9O-DEAN000-GTE-P00015,Settled Early,08/01/26 03:40:20.073 AM EDT,$1.00
LA Angels,MLB-WIN-FG-000F9TAII50AG9O-LALS000,Settled Early,08/01/26 03:40:35.626 AM EDT,$0.00
MIL Brewers,MLB-WIN-FG-000F9TAII50AG9O-MIRS000,Settled Early,08/01/26 03:40:35.829 AM EDT,$1.00
Kevin McGonigle 4.5,MLB-PHIT-FG-000F9T8JI50AGVO-KELE000-GTE-P00045,Settled Early,08/01/26 03:40:36.967 AM EDT,$0.00
Kevin McGonigle 1.5,MLB-PHIT-FG-000F9T8JI50AGVO-KELE000-GTE-P00015,Settled Early,08/01/26 03:40:37.164 AM EDT,$0.00
Kevin McGonigle 0.5,MLB-PHIT-FG-000F9T8JI50AGVO-KELE000-GTE-P00005,Settled Early,08/01/26 03:40:37.362 AM EDT,$1.00
Kevin McGonigle 2.5,MLB-PHIT-FG-000F9T8JI50AGVO-KELE000-GTE-P00025,Settled Early,08/01/26 03:40:37.529 AM EDT,$0.00
Kevin McGonigle 3.5,MLB-PHIT-FG-000F9T8JI50AGVO-KELE000-GTE-P00035,Settled Early,08/01/26 03:40:37.743 AM EDT,$0.00
LA Angels -0.5,MLB-MOVY-FG-000F9TAII50AG9O-LALS000-GTE-P00005,Settled Early,08/01/26 03:40:45.181 AM EDT,$0.00
LA Angels -5.5,MLB-MOVY-FG-000F9TAII50AG9O-LALS000-GTE-P00055,Settled Early,08/01/26 03:40:45.368 AM EDT,$0.00
LA Angels -4.5,MLB-MOVY-FG-000F9TAII50AG9O-LALS000-GTE-P00045,Settled Early,08/01/26 03:40:45.565 AM EDT,$0.00
LA Angels -7.5,MLB-MOVY-FG-000F9TAII50AG9O-LALS000-GTE-P00075,Settled Early,08/01/26 03:40:45.739 AM EDT,$0.00
LA Angels -6.5,MLB-MOVY-FG-000F9TAII50AG9O-LALS000-GTE-P00065,Settled Early,08/01/26 03:40:45.941 AM EDT,$0.00
LA Angels -3.5,MLB-MOVY-FG-000F9TAII50AG9O-LALS000-GTE-P00035,Settled Early,08/01/26 03:40:46.139 AM EDT,$0.00
LA Angels -2.5,MLB-MOVY-FG-000F9TAII50AG9O-LALS000-GTE-P00025,Settled Early,08/01/26 03:40:46.312 AM EDT,$0.00
MIL Brewers -4.5,MLB-MOVY-FG-000F9TAII50AG9O-MIRS000-GTE-P00045,Settled Early,08/01/26 03:40:46.528 AM EDT,$0.00
LA Angels -1.5,MLB-MOVY-FG-000F9TAII50AG9O-LALS000-GTE-P00015,Settled Early,08/01/26 03:40:46.701 AM EDT,$0.00
MIL Brewers -0.5,MLB-MOVY-FG-000F9TAII50AG9O-MIRS000-GTE-P00005,Settled Early,08/01/26 03:40:46.892 AM EDT,$1.00
MIL Brewers -5.5,MLB-MOVY-FG-000F9TAII50AG9O-MIRS000-GTE-P00055,Settled Early,08/01/26 03:40:47.068 AM EDT,$0.00
Kevin McGonigle 2.5,MLB-PHRN-FG-000F9T8JI50AGVO-KELE000-GTE-P00025,Settled Early,08/01/26 03:40:47.150 AM EDT,$0.00
MIL Brewers -7.5,MLB-MOVY-FG-000F9TAII50AG9O-MIRS000-GTE-P00075,Settled Early,08/01/26 03:40:47.266 AM EDT,$0.00
Kevin McGonigle 1.5,MLB-PHRN-FG-000F9T8JI50AGVO-KELE000-GTE-P00015,Settled Early,08/01/26 03:40:47.343 AM EDT,$0.00
MIL Brewers -1.5,MLB-MOVY-FG-000F9TAII50AG9O-MIRS000-GTE-P00015,Settled Early,08/01/26 03:40:47.471 AM EDT,$1.00
Kevin McGonigle 0.5,MLB-PHRN-FG-000F9T8JI50AGVO-KELE000-GTE-P00005,Settled Early,08/01/26 03:40:47.552 AM EDT,$1.00
MIL Brewers -2.5,MLB-MOVY-FG-000F9TAII50AG9O-MIRS000-GTE-P00025,Settled Early,08/01/26 03:40:47.703 AM EDT,$1.00
MIL Brewers -6.5,MLB-MOVY-FG-000F9TAII50AG9O-MIRS000-GTE-P00065,Settled Early,08/01/26 03:40:47.913 AM EDT,$0.00
MIL Brewers -3.5,MLB-MOVY-FG-000F9TAII50AG9O-MIRS000-GTE-P00035,Settled Early,08/01/26 03:40:48.090 AM EDT,$1.00
Kevin McGonigle 1.5,MLB-PTBS-FG-000F9T8JI50AGVO-KELE000-GTE-P00015,Settled Early,08/01/26 03:40:56.921 AM EDT,$1.00
Kevin McGonigle 2.5,MLB-PTBS-FG-000F9T8JI50AGVO-KELE000-GTE-P00025,Settled Early,08/01/26 03:40:57.116 AM EDT,$1.00
Kevin McGonigle 4.5,MLB-PTBS-FG-000F9T8JI50AGVO-KELE000-GTE-P00045,Settled Early,08/01/26 03:40:57.309 AM EDT,$0.00
Kevin McGonigle 6.5,MLB-PTBS-FG-000F9T8JI50AGVO-KELE000-GTE-P00065,Settled Early,08/01/26 03:40:57.521 AM EDT,$0.00
Kevin McGonigle 3.5,MLB-PTBS-FG-000F9T8JI50AGVO-KELE000-GTE-P00035,Settled Early,08/01/26 03:40:57.713 AM EDT,$1.00
Kevin McGonigle 5.5,MLB-PTBS-FG-000F9T8JI50AGVO-KELE000-GTE-P00055,Settled Early,08/01/26 03:40:57.906 AM EDT,$0.00
Kevin McGonigle 7.5,MLB-PTBS-FG-000F9T8JI50AGVO-KELE000-GTE-P00075,Settled Early,08/01/26 03:40:58.121 AM EDT,$0.00
Kevin McGonigle 0.5,MLB-PTBS-FG-000F9T8JI50AGVO-KELE000-GTE-P00005,Settled Early,08/01/26 03:40:58.323 AM EDT,$1.00
Kevin McGonigle 0.5,MLB-PRBI-FG-000F9T8JI50AGVO-KELE000-GTE-P00005,Settled Early,08/01/26 03:41:08.655 AM EDT,$1.00
Kevin McGonigle 4.5,MLB-PRBI-FG-000F9T8JI50AGVO-KELE000-GTE-P00045,Settled Early,08/01/26 03:41:08.858 AM EDT,$0.00
Kevin McGonigle 2.5,MLB-PRBI-FG-000F9T8JI50AGVO-KELE000-GTE-P00025,Settled Early,08/01/26 03:41:09.070 AM EDT,$0.00
Kevin McGonigle 1.5,MLB-PRBI-FG-000F9T8JI50AGVO-KELE000-GTE-P00015,Settled Early,08/01/26 03:41:09.272 AM EDT,$1.00
Kevin McGonigle 3.5,MLB-PRBI-FG-000F9T8JI50AGVO-KELE000-GTE-P00035,Settled Early,08/01/26 03:41:09.488 AM EDT,$0.00
Mike Trout 0.5,MLB-PHRR-FG-000F9TAII50AG9O-MIUT000-GTE-P00005,Settled Early,08/01/26 03:41:19.463 AM EDT,$0.00
Mike Trout 5.5,MLB-PHRR-FG-000F9TAII50AG9O-MIUT000-GTE-P00055,Settled Early,08/01/26 03:41:19.658 AM EDT,$0.00
Mike Trout 7.5,MLB-PHRR-FG-000F9TAII50AG9O-MIUT000-GTE-P00075,Settled Early,08/01/26 03:41:19.849 AM EDT,$0.00
Mike Trout 8.5,MLB-PHRR-FG-000F9TAII50AG9O-MIUT000-GTE-P00085,Settled Early,08/01/26 03:41:20.073 AM EDT,$0.00
Mike Trout 9.5,MLB-PHRR-FG-000F9TAII50AG9O-MIUT000-GTE-P00095,Settled Early,08/01/26 03:41:20.278 AM EDT,$0.00
Mike Trout 1.5,MLB-PHRR-FG-000F9TAII50AG9O-MIUT000-GTE-P00015,Settled Early,08/01/26 03:41:20.478 AM EDT,$0.00
Mike Trout 3.5,MLB-PHRR-FG-000F9TAII50AG9O-MIUT000-GTE-P00035,Settled Early,08/01/26 03:41:20.734 AM EDT,$0.00
Mike Trout 4.5,MLB-PHRR-FG-000F9TAII50AG9O-MIUT000-GTE-P00045,Settled Early,08/01/26 03:41:20.964 AM EDT,$0.00
Mike Trout 6.5,MLB-PHRR-FG-000F9TAII50AG9O-MIUT000-GTE-P00065,Settled Early,08/01/26 03:41:21.160 AM EDT,$0.00
Dillon Dingler 2.5,MLB-PHRN-FG-000F9T8JI50AGVO-DIER000-GTE-P00025,Settled Early,08/01/26 03:41:26.861 AM EDT,$0.00
Dillon Dingler 1.5,MLB-PHRN-FG-000F9T8JI50AGVO-DIER000-GTE-P00015,Settled Early,08/01/26 03:41:27.063 AM EDT,$0.00
Dillon Dingler 0.5,MLB-PHRN-FG-000F9T8JI50AGVO-DIER000-GTE-P00005,Settled Early,08/01/26 03:41:27.280 AM EDT,$1.00
Mike Trout 6.5,MLB-PTBS-FG-000F9TAII50AG9O-MIUT000-GTE-P00065,Settled Early,08/01/26 03:41:32.343 AM EDT,$0.00
Mike Trout 5.5,MLB-PTBS-FG-000F9TAII50AG9O-MIUT000-GTE-P00055,Settled Early,08/01/26 03:41:32.537 AM EDT,$0.00
Mike Trout 4.5,MLB-PTBS-FG-000F9TAII50AG9O-MIUT000-GTE-P00045,Settled Early,08/01/26 03:41:32.724 AM EDT,$0.00
Mike Trout 1.5,MLB-PTBS-FG-000F9TAII50AG9O-MIUT000-GTE-P00015,Settled Early,08/01/26 03:41:32.905 AM EDT,$0.00
Mike Trout 2.5,MLB-PTBS-FG-000F9TAII50AG9O-MIUT000-GTE-P00025,Settled Early,08/01/26 03:41:33.076 AM EDT,$0.00
Mike Trout 0.5,MLB-PTBS-FG-000F9TAII50AG9O-MIUT000-GTE-P00005,Settled Early,08/01/26 03:41:33.248 AM EDT,$0.00
Mike Trout 7.5,MLB-PTBS-FG-000F9TAII50AG9O-MIUT000-GTE-P00075,Settled Early,08/01/26 03:41:33.415 AM EDT,$0.00
Mike Trout 3.5,MLB-PTBS-FG-000F9TAII50AG9O-MIUT000-GTE-P00035,Settled Early,08/01/26 03:41:33.582 AM EDT,$0.00
Dillon Dingler 0.5,MLB-PRBI-FG-000F9T8JI50AGVO-DIER000-GTE-P00005,Settled Early,08/01/26 03:41:37.491 AM EDT,$1.00
Dillon Dingler 2.5,MLB-PRBI-FG-000F9T8JI50AGVO-DIER000-GTE-P00025,Settled Early,08/01/26 03:41:37.663 AM EDT,$1.00
Dillon Dingler 4.5,MLB-PRBI-FG-000F9T8JI50AGVO-DIER000-GTE-P00045,Settled Early,08/01/26 03:41:37.873 AM EDT,$0.00
Dillon Dingler 1.5,MLB-PRBI-FG-000F9T8JI50AGVO-DIER000-GTE-P00015,Settled Early,08/01/26 03:41:38.067 AM EDT,$1.00
Dillon Dingler 3.5,MLB-PRBI-FG-000F9T8JI50AGVO-DIER000-GTE-P00035,Settled Early,08/01/26 03:41:38.282 AM EDT,$1.00
Mike Trout 4.5,MLB-PHIT-FG-000F9TAII50AG9O-MIUT000-GTE-P00045,Settled Early,08/01/26 03:41:40.374 AM EDT,$0.00
Mike Trout 2.5,MLB-PHIT-FG-000F9TAII50AG9O-MIUT000-GTE-P00025,Settled Early,08/01/26 03:41:40.585 AM EDT,$0.00
Mike Trout 0.5,MLB-PHIT-FG-000F9TAII50AG9O-MIUT000-GTE-P00005,Settled Early,08/01/26 03:41:40.826 AM EDT,$0.00
Mike Trout 3.5,MLB-PHIT-FG-000F9TAII50AG9O-MIUT000-GTE-P00035,Settled Early,08/01/26 03:41:41.046 AM EDT,$0.00
Mike Trout 1.5,MLB-PHIT-FG-000F9TAII50AG9O-MIUT000-GTE-P00015,Settled Early,08/01/26 03:41:41.251 AM EDT,$0.00
Dillon Dingler 0.5,MLB-PHIT-FG-000F9T8JI50AGVO-DIER000-GTE-P00005,Settled Early,08/01/26 03:41:45.610 AM EDT,$1.00
Dillon Dingler 1.5,MLB-PHIT-FG-000F9T8JI50AGVO-DIER000-GTE-P00015,Settled Early,08/01/26 03:41:45.817 AM EDT,$1.00
Dillon Dingler 4.5,MLB-PHIT-FG-000F9T8JI50AGVO-DIER000-GTE-P00045,Settled Early,08/01/26 03:41:46.033 AM EDT,$0.00
Dillon Dingler 2.5,MLB-PHIT-FG-000F9T8JI50AGVO-DIER000-GTE-P00025,Settled Early,08/01/26 03:41:46.210 AM EDT,$0.00
Dillon Dingler 3.5,MLB-PHIT-FG-000F9T8JI50AGVO-DIER000-GTE-P00035,Settled Early,08/01/26 03:41:46.380 AM EDT,$0.00
Mike Trout 1.5,MLB-PRBI-FG-000F9TAII50AG9O-MIUT000-GTE-P00015,Settled Early,08/01/26 03:41:47.975 AM EDT,$0.00
Mike Trout 4.5,MLB-PRBI-FG-000F9TAII50AG9O-MIUT000-GTE-P00045,Settled Early,08/01/26 03:41:48.174 AM EDT,$0.00
Mike Trout 0.5,MLB-PRBI-FG-000F9TAII50AG9O-MIUT000-GTE-P00005,Settled Early,08/01/26 03:41:48.401 AM EDT,$0.00
Mike Trout 3.5,MLB-PRBI-FG-000F9TAII50AG9O-MIUT000-GTE-P00035,Settled Early,08/01/26 03:41:48.618 AM EDT,$0.00
Mike Trout 2.5,MLB-PRBI-FG-000F9TAII50AG9O-MIUT000-GTE-P00025,Settled Early,08/01/26 03:41:48.815 AM EDT,$0.00
Dillon Dingler 0.5,MLB-PTBS-FG-000F9T8JI50AGVO-DIER000-GTE-P00005,Settled Early,08/01/26 03:41:55.713 AM EDT,$1.00
Dillon Dingler 2.5,MLB-PTBS-FG-000F9T8JI50AGVO-DIER000-GTE-P00025,Settled Early,08/01/26 03:41:55.926 AM EDT,$1.00
Dillon Dingler 1.5,MLB-PTBS-FG-000F9T8JI50AGVO-DIER000-GTE-P00015,Settled Early,08/01/26 03:41:56.147 AM EDT,$1.00
Mike Trout 1.5,MLB-PHRN-FG-000F9TAII50AG9O-MIUT000-GTE-P00015,Settled Early,08/01/26 03:41:56.239 AM EDT,$0.00
Dillon Dingler 3.5,MLB-PTBS-FG-000F9T8JI50AGVO-DIER000-GTE-P00035,Settled Early,08/01/26 03:41:56.342 AM EDT,$1.00
Mike Trout 0.5,MLB-PHRN-FG-000F9TAII50AG9O-MIUT000-GTE-P00005,Settled Early,08/01/26 03:41:56.434 AM EDT,$0.00
Dillon Dingler 4.5,MLB-PTBS-FG-000F9T8JI50AGVO-DIER000-GTE-P00045,Settled Early,08/01/26 03:41:56.603 AM EDT,$1.00
Mike Trout 2.5,MLB-PHRN-FG-000F9TAII50AG9O-MIUT000-GTE-P00025,Settled Early,08/01/26 03:41:56.605 AM EDT,$0.00
Dillon Dingler 6.5,MLB-PTBS-FG-000F9T8JI50AGVO-DIER000-GTE-P00065,Settled Early,08/01/26 03:41:56.804 AM EDT,$0.00
Dillon Dingler 5.5,MLB-PTBS-FG-000F9T8JI50AGVO-DIER000-GTE-P00055,Settled Early,08/01/26 03:41:57.040 AM EDT,$0.00
Dillon Dingler 7.5,MLB-PTBS-FG-000F9T8JI50AGVO-DIER000-GTE-P00075,Settled Early,08/01/26 03:41:57.244 AM EDT,$0.00
Jo Adell 0.5,MLB-PHRR-FG-000F9TAII50AG9O-JOLL001-GTE-P00005,Settled Early,08/01/26 03:42:28.526 AM EDT,$0.00
Jo Adell 1.5,MLB-PHRR-FG-000F9TAII50AG9O-JOLL001-GTE-P00015,Settled Early,08/01/26 03:42:28.722 AM EDT,$0.00
Jo Adell 2.5,MLB-PHRR-FG-000F9TAII50AG9O-JOLL001-GTE-P00025,Settled Early,08/01/26 03:42:28.984 AM EDT,$0.00
Jo Adell 3.5,MLB-PHRR-FG-000F9TAII50AG9O-JOLL001-GTE-P00035,Settled Early,08/01/26 03:42:29.200 AM EDT,$0.00
Jo Adell 4.5,MLB-PHRR-FG-000F9TAII50AG9O-JOLL001-GTE-P00045,Settled Early,08/01/26 03:42:29.392 AM EDT,$0.00
Jo Adell 5.5,MLB-PHRR-FG-000F9TAII50AG9O-JOLL001-GTE-P00055,Settled Early,08/01/26 03:42:29.589 AM EDT,$0.00
Jo Adell 6.5,MLB-PHRR-FG-000F9TAII50AG9O-JOLL001-GTE-P00065,Settled Early,08/01/26 03:42:29.785 AM EDT,$0.00
Jo Adell 7.5,MLB-PHRR-FG-000F9TAII50AG9O-JOLL001-GTE-P00075,Settled Early,08/01/26 03:42:29.987 AM EDT,$0.00
Jo Adell 8.5,MLB-PHRR-FG-000F9TAII50AG9O-JOLL001-GTE-P00085,Settled Early,08/01/26 03:42:30.191 AM EDT,$0.00
Jo Adell 9.5,MLB-PHRR-FG-000F9TAII50AG9O-JOLL001-GTE-P00095,Settled Early,08/01/26 03:42:30.411 AM EDT,$0.00
Jo Adell 1.5,MLB-PRBI-FG-000F9TAII50AG9O-JOLL001-GTE-P00015,Settled Early,08/01/26 03:42:37.495 AM EDT,$0.00
Jo Adell 4.5,MLB-PRBI-FG-000F9TAII50AG9O-JOLL001-GTE-P00045,Settled Early,08/01/26 03:42:37.702 AM EDT,$0.00
Jo Adell 2.5,MLB-PRBI-FG-000F9TAII50AG9O-JOLL001-GTE-P00025,Settled Early,08/01/26 03:42:37.896 AM EDT,$0.00
Jo Adell 0.5,MLB-PRBI-FG-000F9TAII50AG9O-JOLL001-GTE-P00005,Settled Early,08/01/26 03:42:38.101 AM EDT,$0.00
Jo Adell 3.5,MLB-PRBI-FG-000F9TAII50AG9O-JOLL001-GTE-P00035,Settled Early,08/01/26 03:42:38.323 AM EDT,$0.00
Hao-Yu Lee 3.5,MLB-PHRR-FG-000F9T8JI50AGVO-HAEE000-GTE-P00035,Settled Early,08/01/26 03:42:44.498 AM EDT,$0.00
Hao-Yu Lee 5.5,MLB-PHRR-FG-000F9T8JI50AGVO-HAEE000-GTE-P00055,Settled Early,08/01/26 03:42:44.691 AM EDT,$0.00
Hao-Yu Lee 9.5,MLB-PHRR-FG-000F9T8JI50AGVO-HAEE000-GTE-P00095,Settled Early,08/01/26 03:42:44.906 AM EDT,$0.00
Hao-Yu Lee 0.5,MLB-PHRR-FG-000F9T8JI50AGVO-HAEE000-GTE-P00005,Settled Early,08/01/26 03:42:45.105 AM EDT,$0.00
Hao-Yu Lee 1.5,MLB-PHRR-FG-000F9T8JI50AGVO-HAEE000-GTE-P00015,Settled Early,08/01/26 03:42:45.307 AM EDT,$0.00
Hao-Yu Lee 7.5,MLB-PHRR-FG-000F9T8JI50AGVO-HAEE000-GTE-P00075,Settled Early,08/01/26 03:42:45.542 AM EDT,$0.00
Hao-Yu Lee 8.5,MLB-PHRR-FG-000F9T8JI50AGVO-HAEE000-GTE-P00085,Settled Early,08/01/26 03:42:45.746 AM EDT,$0.00
Jo Adell 7.5,MLB-PTBS-FG-000F9TAII50AG9O-JOLL001-GTE-P00075,Settled Early,08/01/26 03:42:45.871 AM EDT,$0.00
Hao-Yu Lee 6.5,MLB-PHRR-FG-000F9T8JI50AGVO-HAEE000-GTE-P00065,Settled Early,08/01/26 03:42:45.912 AM EDT,$0.00
Jo Adell 6.5,MLB-PTBS-FG-000F9TAII50AG9O-JOLL001-GTE-P00065,Settled Early,08/01/26 03:42:46.070 AM EDT,$0.00
Hao-Yu Lee 2.5,MLB-PHRR-FG-000F9T8JI50AGVO-HAEE000-GTE-P00025,Settled Early,08/01/26 03:42:46.118 AM EDT,$0.00
Jo Adell 1.5,MLB-PTBS-FG-000F9TAII50AG9O-JOLL001-GTE-P00015,Settled Early,08/01/26 03:42:46.300 AM EDT,$0.00
Hao-Yu Lee 4.5,MLB-PHRR-FG-000F9T8JI50AGVO-HAEE000-GTE-P00045,Settled Early,08/01/26 03:42:46.373 AM EDT,$0.00
Jo Adell 2.5,MLB-PTBS-FG-000F9TAII50AG9O-JOLL001-GTE-P00025,Settled Early,08/01/26 03:42:46.477 AM EDT,$0.00
Jo Adell 3.5,MLB-PTBS-FG-000F9TAII50AG9O-JOLL001-GTE-P00035,Settled Early,08/01/26 03:42:46.672 AM EDT,$0.00
Jo Adell 5.5,MLB-PTBS-FG-000F9TAII50AG9O-JOLL001-GTE-P00055,Settled Early,08/01/26 03:42:46.860 AM EDT,$0.00
Jo Adell 0.5,MLB-PTBS-FG-000F9TAII50AG9O-JOLL001-GTE-P00005,Settled Early,08/01/26 03:42:47.040 AM EDT,$0.00
Jo Adell 4.5,MLB-PTBS-FG-000F9TAII50AG9O-JOLL001-GTE-P00045,Settled Early,08/01/26 03:42:47.213 AM EDT,$0.00
Hao-Yu Lee 4.5,MLB-PHIT-FG-000F9T8JI50AGVO-HAEE000-GTE-P00045,Settled Early,08/01/26 03:42:51.949 AM EDT,$0.00
Hao-Yu Lee 3.5,MLB-PHIT-FG-000F9T8JI50AGVO-HAEE000-GTE-P00035,Settled Early,08/01/26 03:42:52.167 AM EDT,$0.00
Hao-Yu Lee 2.5,MLB-PHIT-FG-000F9T8JI50AGVO-HAEE000-GTE-P00025,Settled Early,08/01/26 03:42:52.359 AM EDT,$0.00
Hao-Yu Lee 0.5,MLB-PHIT-FG-000F9T8JI50AGVO-HAEE000-GTE-P00005,Settled Early,08/01/26 03:42:52.559 AM EDT,$0.00
Hao-Yu Lee 1.5,MLB-PHIT-FG-000F9T8JI50AGVO-HAEE000-GTE-P00015,Settled Early,08/01/26 03:42:52.766 AM EDT,$0.00
Jo Adell 3.5,MLB-PHIT-FG-000F9TAII50AG9O-JOLL001-GTE-P00035,Settled Early,08/01/26 03:42:53.572 AM EDT,$0.00
Jo Adell 0.5,MLB-PHIT-FG-000F9TAII50AG9O-JOLL001-GTE-P00005,Settled Early,08/01/26 03:42:53.739 AM EDT,$0.00
Jo Adell 2.5,MLB-PHIT-FG-000F9TAII50AG9O-JOLL001-GTE-P00025,Settled Early,08/01/26 03:42:53.937 AM EDT,$0.00
Jo Adell 4.5,MLB-PHIT-FG-000F9TAII50AG9O-JOLL001-GTE-P00045,Settled Early,08/01/26 03:42:54.149 AM EDT,$0.00
Jo Adell 1.5,MLB-PHIT-FG-000F9TAII50AG9O-JOLL001-GTE-P00015,Settled Early,08/01/26 03:42:54.350 AM EDT,$0.00
Hao-Yu Lee 0.5,MLB-PRBI-FG-000F9T8JI50AGVO-HAEE000-GTE-P00005,Settled Early,08/01/26 03:42:59.145 AM EDT,$0.00
Hao-Yu Lee 4.5,MLB-PRBI-FG-000F9T8JI50AGVO-HAEE000-GTE-P00045,Settled Early,08/01/26 03:42:59.344 AM EDT,$0.00
Hao-Yu Lee 2.5,MLB-PRBI-FG-000F9T8JI50AGVO-HAEE000-GTE-P00025,Settled Early,08/01/26 03:42:59.543 AM EDT,$0.00
Hao-Yu Lee 3.5,MLB-PRBI-FG-000F9T8JI50AGVO-HAEE000-GTE-P00035,Settled Early,08/01/26 03:42:59.738 AM EDT,$0.00
Hao-Yu Lee 1.5,MLB-PRBI-FG-000F9T8JI50AGVO-HAEE000-GTE-P00015,Settled Early,08/01/26 03:42:59.929 AM EDT,$0.00
Jo Adell 0.5,MLB-PHRN-FG-000F9TAII50AG9O-JOLL001-GTE-P00005,Settled Early,08/01/26 03:43:01.294 AM EDT,$0.00
Jo Adell 1.5,MLB-PHRN-FG-000F9TAII50AG9O-JOLL001-GTE-P00015,Settled Early,08/01/26 03:43:01.467 AM EDT,$0.00
Jo Adell 2.5,MLB-PHRN-FG-000F9TAII50AG9O-JOLL001-GTE-P00025,Settled Early,08/01/26 03:43:01.669 AM EDT,$0.00
Hao-Yu Lee 1.5,MLB-PTBS-FG-000F9T8JI50AGVO-HAEE000-GTE-P00015,Settled Early,08/01/26 03:43:06.823 AM EDT,$0.00
Hao-Yu Lee 2.5,MLB-PTBS-FG-000F9T8JI50AGVO-HAEE000-GTE-P00025,Settled Early,08/01/26 03:43:07.012 AM EDT,$0.00
Hao-Yu Lee 4.5,MLB-PTBS-FG-000F9T8JI50AGVO-HAEE000-GTE-P00045,Settled Early,08/01/26 03:43:07.209 AM EDT,$0.00
Hao-Yu Lee 3.5,MLB-PTBS-FG-000F9T8JI50AGVO-HAEE000-GTE-P00035,Settled Early,08/01/26 03:43:07.417 AM EDT,$0.00
Hao-Yu Lee 0.5,MLB-PTBS-FG-000F9T8JI50AGVO-HAEE000-GTE-P00005,Settled Early,08/01/26 03:43:07.605 AM EDT,$0.00
Hao-Yu Lee 5.5,MLB-PTBS-FG-000F9T8JI50AGVO-HAEE000-GTE-P00055,Settled Early,08/01/26 03:43:07.892 AM EDT,$0.00
Hao-Yu Lee 6.5,MLB-PTBS-FG-000F9T8JI50AGVO-HAEE000-GTE-P00065,Settled Early,08/01/26 03:43:08.107 AM EDT,$0.00
Hao-Yu Lee 7.5,MLB-PTBS-FG-000F9T8JI50AGVO-HAEE000-GTE-P00075,Settled Early,08/01/26 03:43:08.328 AM EDT,$0.00
Hao-Yu Lee 0.5,MLB-PHRN-FG-000F9T8JI50AGVO-HAEE000-GTE-P00005,Settled Early,08/01/26 03:43:15.413 AM EDT,$0.00
Hao-Yu Lee 1.5,MLB-PHRN-FG-000F9T8JI50AGVO-HAEE000-GTE-P00015,Settled Early,08/01/26 03:43:15.587 AM EDT,$0.00
Hao-Yu Lee 2.5,MLB-PHRN-FG-000F9T8JI50AGVO-HAEE000-GTE-P00025,Settled Early,08/01/26 03:43:15.795 AM EDT,$0.00
Jackson Chourio 4.5,MLB-PHIT-FG-000F9TAII50AG9O-JAIO000-GTE-P00045,Settled Early,08/01/26 03:43:25.480 AM EDT,$0.00
Jackson Chourio 0.5,MLB-PHIT-FG-000F9TAII50AG9O-JAIO000-GTE-P00005,Settled Early,08/01/26 03:43:25.685 AM EDT,$1.00
Jackson Chourio 2.5,MLB-PHIT-FG-000F9TAII50AG9O-JAIO000-GTE-P00025,Settled Early,08/01/26 03:43:25.876 AM EDT,$0.00
Jackson Chourio 1.5,MLB-PHIT-FG-000F9TAII50AG9O-JAIO000-GTE-P00015,Settled Early,08/01/26 03:43:26.077 AM EDT,$0.00
Jackson Chourio 3.5,MLB-PHIT-FG-000F9TAII50AG9O-JAIO000-GTE-P00035,Settled Early,08/01/26 03:43:26.274 AM EDT,$0.00
Jonah Heim 1.5,MLB-PRBI-FG-000F9T8JI50AGVO-JOIM000-GTE-P00015,Settled Early,08/01/26 03:43:32.192 AM EDT,$0.00
Jonah Heim 0.5,MLB-PRBI-FG-000F9T8JI50AGVO-JOIM000-GTE-P00005,Settled Early,08/01/26 03:43:32.380 AM EDT,$1.00
Jonah Heim 4.5,MLB-PRBI-FG-000F9T8JI50AGVO-JOIM000-GTE-P00045,Settled Early,08/01/26 03:43:32.572 AM EDT,$0.00
Jonah Heim 3.5,MLB-PRBI-FG-000F9T8JI50AGVO-JOIM000-GTE-P00035,Settled Early,08/01/26 03:43:32.741 AM EDT,$0.00
Jonah Heim 2.5,MLB-PRBI-FG-000F9T8JI50AGVO-JOIM000-GTE-P00025,Settled Early,08/01/26 03:43:32.911 AM EDT,$0.00
Jackson Chourio 0.5,MLB-PHRR-FG-000F9TAII50AG9O-JAIO000-GTE-P00005,Settled Early,08/01/26 03:43:37.441 AM EDT,$1.00
Jackson Chourio 9.5,MLB-PHRR-FG-000F9TAII50AG9O-JAIO000-GTE-P00095,Settled Early,08/01/26 03:43:37.644 AM EDT,$0.00
Jackson Chourio 1.5,MLB-PHRR-FG-000F9TAII50AG9O-JAIO000-GTE-P00015,Settled Early,08/01/26 03:43:37.851 AM EDT,$1.00
Jackson Chourio 2.5,MLB-PHRR-FG-000F9TAII50AG9O-JAIO000-GTE-P00025,Settled Early,08/01/26 03:43:38.106 AM EDT,$0.00
Jackson Chourio 3.5,MLB-PHRR-FG-000F9TAII50AG9O-JAIO000-GTE-P00035,Settled Early,08/01/26 03:43:38.422 AM EDT,$0.00
Jackson Chourio 4.5,MLB-PHRR-FG-000F9TAII50AG9O-JAIO000-GTE-P00045,Settled Early,08/01/26 03:43:38.625 AM EDT,$0.00
Jackson Chourio 5.5,MLB-PHRR-FG-000F9TAII50AG9O-JAIO000-GTE-P00055,Settled Early,08/01/26 03:43:38.831 AM EDT,$0.00
Jackson Chourio 6.5,MLB-PHRR-FG-000F9TAII50AG9O-JAIO000-GTE-P00065,Settled Early,08/01/26 03:43:39.052 AM EDT,$0.00
Jackson Chourio 7.5,MLB-PHRR-FG-000F9TAII50AG9O-JAIO000-GTE-P00075,Settled Early,08/01/26 03:43:39.252 AM EDT,$0.00
Jackson Chourio 8.5,MLB-PHRR-FG-000F9TAII50AG9O-JAIO000-GTE-P00085,Settled Early,08/01/26 03:43:39.470 AM EDT,$0.00
Jonah Heim 5.5,MLB-PTBS-FG-000F9T8JI50AGVO-JOIM000-GTE-P00055,Settled Early,08/01/26 03:43:42.004 AM EDT,$0.00
Jonah Heim 6.5,MLB-PTBS-FG-000F9T8JI50AGVO-JOIM000-GTE-P00065,Settled Early,08/01/26 03:43:42.236 AM EDT,$0.00
Jonah Heim 1.5,MLB-PTBS-FG-000F9T8JI50AGVO-JOIM000-GTE-P00015,Settled Early,08/01/26 03:43:42.403 AM EDT,$1.00
Jonah Heim 2.5,MLB-PTBS-FG-000F9T8JI50AGVO-JOIM000-GTE-P00025,Settled Early,08/01/26 03:43:42.583 AM EDT,$0.00
Jonah Heim 7.5,MLB-PTBS-FG-000F9T8JI50AGVO-JOIM000-GTE-P00075,Settled Early,08/01/26 03:43:42.755 AM EDT,$0.00
Jonah Heim 0.5,MLB-PTBS-FG-000F9T8JI50AGVO-JOIM000-GTE-P00005,Settled Early,08/01/26 03:43:42.920 AM EDT,$1.00
Jonah Heim 3.5,MLB-PTBS-FG-000F9T8JI50AGVO-JOIM000-GTE-P00035,Settled Early,08/01/26 03:43:43.139 AM EDT,$0.00
Jonah Heim 4.5,MLB-PTBS-FG-000F9T8JI50AGVO-JOIM000-GTE-P00045,Settled Early,08/01/26 03:43:43.303 AM EDT,$0.00
Jonah Heim 2.5,MLB-PHRN-FG-000F9T8JI50AGVO-JOIM000-GTE-P00025,Settled Early,08/01/26 03:43:51.278 AM EDT,$0.00
Jonah Heim 0.5,MLB-PHRN-FG-000F9T8JI50AGVO-JOIM000-GTE-P00005,Settled Early,08/01/26 03:43:51.483 AM EDT,$0.00
Jonah Heim 1.5,MLB-PHRN-FG-000F9T8JI50AGVO-JOIM000-GTE-P00015,Settled Early,08/01/26 03:43:51.679 AM EDT,$0.00
Jonah Heim 1.5,MLB-PHIT-FG-000F9T8JI50AGVO-JOIM000-GTE-P00015,Settled Early,08/01/26 03:43:59.000 AM EDT,$0.00
Jonah Heim 4.5,MLB-PHIT-FG-000F9T8JI50AGVO-JOIM000-GTE-P00045,Settled Early,08/01/26 03:43:59.185 AM EDT,$0.00
Jonah Heim 3.5,MLB-PHIT-FG-000F9T8JI50AGVO-JOIM000-GTE-P00035,Settled Early,08/01/26 03:43:59.397 AM EDT,$0.00
Jonah Heim 2.5,MLB-PHIT-FG-000F9T8JI50AGVO-JOIM000-GTE-P00025,Settled Early,08/01/26 03:43:59.602 AM EDT,$0.00
Jonah Heim 0.5,MLB-PHIT-FG-000F9T8JI50AGVO-JOIM000-GTE-P00005,Settled Early,08/01/26 03:43:59.792 AM EDT,$1.00
Colt Keith 9.5,MLB-PHRR-FG-000F9T8JI50AGVO-COTH000-GTE-P00095,Settled Early,08/01/26 03:44:21.407 AM EDT,$0.00
Colt Keith 7.5,MLB-PHRR-FG-000F9T8JI50AGVO-COTH000-GTE-P00075,Settled Early,08/01/26 03:44:21.629 AM EDT,$0.00
Colt Keith 5.5,MLB-PHRR-FG-000F9T8JI50AGVO-COTH000-GTE-P00055,Settled Early,08/01/26 03:44:21.828 AM EDT,$0.00
Colt Keith 0.5,MLB-PHRR-FG-000F9T8JI50AGVO-COTH000-GTE-P00005,Settled Early,08/01/26 03:44:22.033 AM EDT,$0.00
Colt Keith 2.5,MLB-PHRR-FG-000F9T8JI50AGVO-COTH000-GTE-P00025,Settled Early,08/01/26 03:44:22.220 AM EDT,$0.00
Colt Keith 4.5,MLB-PHRR-FG-000F9T8JI50AGVO-COTH000-GTE-P00045,Settled Early,08/01/26 03:44:22.426 AM EDT,$0.00
Colt Keith 3.5,MLB-PHRR-FG-000F9T8JI50AGVO-COTH000-GTE-P00035,Settled Early,08/01/26 03:44:22.622 AM EDT,$0.00
Colt Keith 6.5,MLB-PHRR-FG-000F9T8JI50AGVO-COTH000-GTE-P00065,Settled Early,08/01/26 03:44:22.818 AM EDT,$0.00
Colt Keith 8.5,MLB-PHRR-FG-000F9T8JI50AGVO-COTH000-GTE-P00085,Settled Early,08/01/26 03:44:23.015 AM EDT,$0.00
Colt Keith 1.5,MLB-PHRR-FG-000F9T8JI50AGVO-COTH000-GTE-P00015,Settled Early,08/01/26 03:44:23.211 AM EDT,$0.00
Colt Keith 1.5,MLB-PTBS-FG-000F9T8JI50AGVO-COTH000-GTE-P00015,Settled Early,08/01/26 03:44:28.911 AM EDT,$0.00
Colt Keith 4.5,MLB-PTBS-FG-000F9T8JI50AGVO-COTH000-GTE-P00045,Settled Early,08/01/26 03:44:29.112 AM EDT,$0.00
Colt Keith 5.5,MLB-PTBS-FG-000F9T8JI50AGVO-COTH000-GTE-P00055,Settled Early,08/01/26 03:44:29.304 AM EDT,$0.00
Colt Keith 6.5,MLB-PTBS-FG-000F9T8JI50AGVO-COTH000-GTE-P00065,Settled Early,08/01/26 03:44:29.498 AM EDT,$0.00
Colt Keith 0.5,MLB-PTBS-FG-000F9T8JI50AGVO-COTH000-GTE-P00005,Settled Early,08/01/26 03:44:29.692 AM EDT,$0.00
Colt Keith 7.5,MLB-PTBS-FG-000F9T8JI50AGVO-COTH000-GTE-P00075,Settled Early,08/01/26 03:44:29.862 AM EDT,$0.00
Colt Keith 2.5,MLB-PTBS-FG-000F9T8JI50AGVO-COTH000-GTE-P00025,Settled Early,08/01/26 03:44:30.071 AM EDT,$0.00
Colt Keith 3.5,MLB-PTBS-FG-000F9T8JI50AGVO-COTH000-GTE-P00035,Settled Early,08/01/26 03:44:30.265 AM EDT,$0.00
Colt Keith 0.5,MLB-PHRN-FG-000F9T8JI50AGVO-COTH000-GTE-P00005,Settled Early,08/01/26 03:44:36.208 AM EDT,$0.00
Colt Keith 2.5,MLB-PHRN-FG-000F9T8JI50AGVO-COTH000-GTE-P00025,Settled Early,08/01/26 03:44:36.424 AM EDT,$0.00
Colt Keith 1.5,MLB-PHRN-FG-000F9T8JI50AGVO-COTH000-GTE-P00015,Settled Early,08/01/26 03:44:36.651 AM EDT,$0.00
Jackson Chourio 0.5,MLB-PRBI-FG-000F9TAII50AG9O-JAIO000-GTE-P00005,Settled Early,08/01/26 03:44:38.200 AM EDT,$0.00
Jackson Chourio 4.5,MLB-PRBI-FG-000F9TAII50AG9O-JAIO000-GTE-P00045,Settled Early,08/01/26 03:44:38.394 AM EDT,$0.00
Jackson Chourio 3.5,MLB-PRBI-FG-000F9TAII50AG9O-JAIO000-GTE-P00035,Settled Early,08/01/26 03:44:38.572 AM EDT,$0.00
Jackson Chourio 1.5,MLB-PRBI-FG-000F9TAII50AG9O-JAIO000-GTE-P00015,Settled Early,08/01/26 03:44:38.770 AM EDT,$0.00
Jackson Chourio 2.5,MLB-PRBI-FG-000F9TAII50AG9O-JAIO000-GTE-P00025,Settled Early,08/01/26 03:44:38.963 AM EDT,$0.00
Colt Keith 1.5,MLB-PHIT-FG-000F9T8JI50AGVO-COTH000-GTE-P00015,Settled Early,08/01/26 03:44:46.073 AM EDT,$0.00
Colt Keith 4.5,MLB-PHIT-FG-000F9T8JI50AGVO-COTH000-GTE-P00045,Settled Early,08/01/26 03:44:46.291 AM EDT,$0.00
Colt Keith 3.5,MLB-PHIT-FG-000F9T8JI50AGVO-COTH000-GTE-P00035,Settled Early,08/01/26 03:44:46.491 AM EDT,$0.00
Colt Keith 0.5,MLB-PHIT-FG-000F9T8JI50AGVO-COTH000-GTE-P00005,Settled Early,08/01/26 03:44:46.669 AM EDT,$0.00
Colt Keith 2.5,MLB-PHIT-FG-000F9T8JI50AGVO-COTH000-GTE-P00025,Settled Early,08/01/26 03:44:46.860 AM EDT,$0.00
Colt Keith 0.5,MLB-PRBI-FG-000F9T8JI50AGVO-COTH000-GTE-P00005,Settled Early,08/01/26 03:44:52.368 AM EDT,$0.00
Colt Keith 1.5,MLB-PRBI-FG-000F9T8JI50AGVO-COTH000-GTE-P00015,Settled Early,08/01/26 03:44:52.591 AM EDT,$0.00
Colt Keith 4.5,MLB-PRBI-FG-000F9T8JI50AGVO-COTH000-GTE-P00045,Settled Early,08/01/26 03:44:52.844 AM EDT,$0.00
Colt Keith 3.5,MLB-PRBI-FG-000F9T8JI50AGVO-COTH000-GTE-P00035,Settled Early,08/01/26 03:44:53.018 AM EDT,$0.00
Colt Keith 2.5,MLB-PRBI-FG-000F9T8JI50AGVO-COTH000-GTE-P00025,Settled Early,08/01/26 03:44:53.241 AM EDT,$0.00
Jackson Chourio 0.5,MLB-PHRN-FG-000F9TAII50AG9O-JAIO000-GTE-P00005,Settled Early,08/01/26 03:44:56.867 AM EDT,$0.00
Jackson Chourio 2.5,MLB-PHRN-FG-000F9TAII50AG9O-JAIO000-GTE-P00025,Settled Early,08/01/26 03:44:57.055 AM EDT,$0.00
Over 1.5,MLB-TRUNS-I6-000F9T8JI50AGVO-GTE-P00015,Settled Early,08/01/26 03:45:03.940 AM EDT,$0.00
Over 0.5,MLB-TRUNS-I6-000F9T8JI50AGVO-GTE-P00005,Settled Early,08/01/26 03:45:04.141 AM EDT,$0.00
Over 2.5,MLB-TRUNS-I6-000F9T8JI50AGVO-GTE-P00025,Settled Early,08/01/26 03:45:04.346 AM EDT,$0.00
Over 4.5,MLB-TRUNS-I6-000F9T8JI50AGVO-GTE-P00045,Settled Early,08/01/26 03:45:04.562 AM EDT,$0.00
Over 3.5,MLB-TRUNS-I6-000F9T8JI50AGVO-GTE-P00035,Settled Early,08/01/26 03:45:04.742 AM EDT,$0.00
Jackson Chourio 0.5,MLB-PTBS-FG-000F9TAII50AG9O-JAIO000-GTE-P00005,Settled Early,08/01/26 03:45:06.914 AM EDT,$1.00
Jackson Chourio 4.5,MLB-PTBS-FG-000F9TAII50AG9O-JAIO000-GTE-P00045,Settled Early,08/01/26 03:45:07.091 AM EDT,$0.00
Jackson Chourio 7.5,MLB-PTBS-FG-000F9TAII50AG9O-JAIO000-GTE-P00075,Settled Early,08/01/26 03:45:07.268 AM EDT,$0.00
Jackson Chourio 5.5,MLB-PTBS-FG-000F9TAII50AG9O-JAIO000-GTE-P00055,Settled Early,08/01/26 03:45:07.461 AM EDT,$0.00
Jackson Chourio 6.5,MLB-PTBS-FG-000F9TAII50AG9O-JAIO000-GTE-P00065,Settled Early,08/01/26 03:45:07.629 AM EDT,$0.00
Jackson Chourio 2.5,MLB-PTBS-FG-000F9TAII50AG9O-JAIO000-GTE-P00025,Settled Early,08/01/26 03:45:07.802 AM EDT,$0.00
Jackson Chourio 3.5,MLB-PTBS-FG-000F9TAII50AG9O-JAIO000-GTE-P00035,Settled Early,08/01/26 03:45:08.004 AM EDT,$0.00
Jackson Chourio 1.5,MLB-PTBS-FG-000F9TAII50AG9O-JAIO000-GTE-P00015,Settled Early,08/01/26 03:45:08.277 AM EDT,$0.00
Over 2.5,MLB-TRUNS-I2-000F9T8JI50AGVO-GTE-P00025,Settled Early,08/01/26 03:45:10.839 AM EDT,$0.00
Over 4.5,MLB-TRUNS-I2-000F9T8JI50AGVO-GTE-P00045,Settled Early,08/01/26 03:45:11.063 AM EDT,$0.00
Over 0.5,MLB-TRUNS-I2-000F9T8JI50AGVO-GTE-P00005,Settled Early,08/01/26 03:45:11.262 AM EDT,$0.00
Over 3.5,MLB-TRUNS-I2-000F9T8JI50AGVO-GTE-P00035,Settled Early,08/01/26 03:45:11.437 AM EDT,$0.00
Over 1.5,MLB-TRUNS-I2-000F9T8JI50AGVO-GTE-P00015,Settled Early,08/01/26 03:45:11.653 AM EDT,$0.00
Athletics -3.5,MLB-MOVY-FG-000F9T8JI50AGVO-ATCS000-GTE-P00035,Settled Early,08/01/26 03:45:34.051 AM EDT,$0.00
Athletics -4.5,MLB-MOVY-FG-000F9T8JI50AGVO-ATCS000-GTE-P00045,Settled Early,08/01/26 03:45:34.237 AM EDT,$0.00
DET Tigers -0.5,MLB-MOVY-FG-000F9T8JI50AGVO-DERS000-GTE-P00005,Settled Early,08/01/26 03:45:34.431 AM EDT,$1.00
Athletics -5.5,MLB-MOVY-FG-000F9T8JI50AGVO-ATCS000-GTE-P00055,Settled Early,08/01/26 03:45:34.603 AM EDT,$0.00
DET Tigers -1.5,MLB-MOVY-FG-000F9T8JI50AGVO-DERS000-GTE-P00015,Settled Early,08/01/26 03:45:34.768 AM EDT,$1.00
DET Tigers -3.5,MLB-MOVY-FG-000F9T8JI50AGVO-DERS000-GTE-P00035,Settled Early,08/01/26 03:45:34.938 AM EDT,$1.00
DET Tigers -2.5,MLB-MOVY-FG-000F9T8JI50AGVO-DERS000-GTE-P00025,Settled Early,08/01/26 03:45:35.119 AM EDT,$1.00
DET Tigers -4.5,MLB-MOVY-FG-000F9T8JI50AGVO-DERS000-GTE-P00045,Settled Early,08/01/26 03:45:35.287 AM EDT,$1.00
Athletics -0.5,MLB-MOVY-FG-000F9T8JI50AGVO-ATCS000-GTE-P00005,Settled Early,08/01/26 03:45:35.456 AM EDT,$0.00
William Contreras 0.5,MLB-PTBS-FG-000F9TAII50AG9O-WIAS001-GTE-P00005,Settled Early,08/01/26 03:45:35.477 AM EDT,$1.00
Athletics -6.5,MLB-MOVY-FG-000F9T8JI50AGVO-ATCS000-GTE-P00065,Settled Early,08/01/26 03:45:35.650 AM EDT,$0.00
William Contreras 6.5,MLB-PTBS-FG-000F9TAII50AG9O-WIAS001-GTE-P00065,Settled Early,08/01/26 03:45:35.667 AM EDT,$0.00
DET Tigers -6.5,MLB-MOVY-FG-000F9T8JI50AGVO-DERS000-GTE-P00065,Settled Early,08/01/26 03:45:35.865 AM EDT,$1.00
William Contreras 4.5,MLB-PTBS-FG-000F9TAII50AG9O-WIAS001-GTE-P00045,Settled Early,08/01/26 03:45:35.874 AM EDT,$0.00
William Contreras 7.5,MLB-PTBS-FG-000F9TAII50AG9O-WIAS001-GTE-P00075,Settled Early,08/01/26 03:45:36.062 AM EDT,$0.00
DET Tigers -5.5,MLB-MOVY-FG-000F9T8JI50AGVO-DERS000-GTE-P00055,Settled Early,08/01/26 03:45:36.072 AM EDT,$1.00
William Contreras 3.5,MLB-PTBS-FG-000F9TAII50AG9O-WIAS001-GTE-P00035,Settled Early,08/01/26 03:45:36.239 AM EDT,$0.00
Athletics -1.5,MLB-MOVY-FG-000F9T8JI50AGVO-ATCS000-GTE-P00015,Settled Early,08/01/26 03:45:36.257 AM EDT,$0.00
Athletics -2.5,MLB-MOVY-FG-000F9T8JI50AGVO-ATCS000-GTE-P00025,Settled Early,08/01/26 03:45:36.442 AM EDT,$0.00
William Contreras 2.5,MLB-PTBS-FG-000F9TAII50AG9O-WIAS001-GTE-P00025,Settled Early,08/01/26 03:45:36.457 AM EDT,$0.00
DET Tigers -7.5,MLB-MOVY-FG-000F9T8JI50AGVO-DERS000-GTE-P00075,Settled Early,08/01/26 03:45:36.635 AM EDT,$1.00
William Contreras 1.5,MLB-PTBS-FG-000F9TAII50AG9O-WIAS001-GTE-P00015,Settled Early,08/01/26 03:45:36.670 AM EDT,$1.00
Athletics -7.5,MLB-MOVY-FG-000F9T8JI50AGVO-ATCS000-GTE-P00075,Settled Early,08/01/26 03:45:36.853 AM EDT,$0.00
William Contreras 5.5,MLB-PTBS-FG-000F9TAII50AG9O-WIAS001-GTE-P00055,Settled Early,08/01/26 03:45:36.869 AM EDT,$0.00
Athletics,MLB-WIN-FG-000F9T8JI50AGVO-ATCS000,Settled Early,08/01/26 03:45:42.953 AM EDT,$0.00
DET Tigers,MLB-WIN-FG-000F9T8JI50AGVO-DERS000,Settled Early,08/01/26 03:45:43.149 AM EDT,$1.00
Spencer Torkelson 2.5,MLB-PTBS-FG-000F9T8JI50AGVO-SPON000-GTE-P00025,Settled Early,08/01/26 03:46:34.010 AM EDT,$1.00
Spencer Torkelson 1.5,MLB-PTBS-FG-000F9T8JI50AGVO-SPON000-GTE-P00015,Settled Early,08/01/26 03:46:34.251 AM EDT,$1.00
Spencer Torkelson 7.5,MLB-PTBS-FG-000F9T8JI50AGVO-SPON000-GTE-P00075,Settled Early,08/01/26 03:46:34.450 AM EDT,$0.00
Spencer Torkelson 5.5,MLB-PTBS-FG-000F9T8JI50AGVO-SPON000-GTE-P00055,Settled Early,08/01/26 03:46:34.621 AM EDT,$0.00
Spencer Torkelson 4.5,MLB-PTBS-FG-000F9T8JI50AGVO-SPON000-GTE-P00045,Settled Early,08/01/26 03:46:34.791 AM EDT,$0.00
Spencer Torkelson 6.5,MLB-PTBS-FG-000F9T8JI50AGVO-SPON000-GTE-P00065,Settled Early,08/01/26 03:46:34.960 AM EDT,$0.00
Spencer Torkelson 0.5,MLB-PTBS-FG-000F9T8JI50AGVO-SPON000-GTE-P00005,Settled Early,08/01/26 03:46:35.132 AM EDT,$1.00
Spencer Torkelson 3.5,MLB-PTBS-FG-000F9T8JI50AGVO-SPON000-GTE-P00035,Settled Early,08/01/26 03:46:35.300 AM EDT,$0.00
William Contreras 4.5,MLB-PHRR-FG-000F9TAII50AG9O-WIAS001-GTE-P00045,Settled Early,08/01/26 03:46:35.731 AM EDT,$0.00
William Contreras 5.5,MLB-PHRR-FG-000F9TAII50AG9O-WIAS001-GTE-P00055,Settled Early,08/01/26 03:46:35.896 AM EDT,$0.00
William Contreras 8.5,MLB-PHRR-FG-000F9TAII50AG9O-WIAS001-GTE-P00085,Settled Early,08/01/26 03:46:36.074 AM EDT,$0.00
William Contreras 9.5,MLB-PHRR-FG-000F9TAII50AG9O-WIAS001-GTE-P00095,Settled Early,08/01/26 03:46:36.269 AM EDT,$0.00
William Contreras 1.5,MLB-PHRR-FG-000F9TAII50AG9O-WIAS001-GTE-P00015,Settled Early,08/01/26 03:46:36.433 AM EDT,$1.00
William Contreras 0.5,MLB-PHRR-FG-000F9TAII50AG9O-WIAS001-GTE-P00005,Settled Early,08/01/26 03:46:36.641 AM EDT,$1.00
William Contreras 7.5,MLB-PHRR-FG-000F9TAII50AG9O-WIAS001-GTE-P00075,Settled Early,08/01/26 03:46:36.837 AM EDT,$0.00
William Contreras 6.5,MLB-PHRR-FG-000F9TAII50AG9O-WIAS001-GTE-P00065,Settled Early,08/01/26 03:46:37.038 AM EDT,$0.00
William Contreras 3.5,MLB-PHRR-FG-000F9TAII50AG9O-WIAS001-GTE-P00035,Settled Early,08/01/26 03:46:37.210 AM EDT,$0.00
Spencer Torkelson 3.5,MLB-PRBI-FG-000F9T8JI50AGVO-SPON000-GTE-P00035,Settled Early,08/01/26 03:46:42.566 AM EDT,$0.00
Spencer Torkelson 4.5,MLB-PRBI-FG-000F9T8JI50AGVO-SPON000-GTE-P00045,Settled Early,08/01/26 03:46:42.770 AM EDT,$0.00
Spencer Torkelson 1.5,MLB-PRBI-FG-000F9T8JI50AGVO-SPON000-GTE-P00015,Settled Early,08/01/26 03:46:42.969 AM EDT,$0.00
Spencer Torkelson 2.5,MLB-PRBI-FG-000F9T8JI50AGVO-SPON000-GTE-P00025,Settled Early,08/01/26 03:46:43.182 AM EDT,$0.00
Spencer Torkelson 0.5,MLB-PRBI-FG-000F9T8JI50AGVO-SPON000-GTE-P00005,Settled Early,08/01/26 03:46:43.368 AM EDT,$0.00
William Contreras 4.5,MLB-PHIT-FG-000F9TAII50AG9O-WIAS001-GTE-P00045,Settled Early,08/01/26 03:46:47.158 AM EDT,$0.00
William Contreras 0.5,MLB-PHIT-FG-000F9TAII50AG9O-WIAS001-GTE-P00005,Settled Early,08/01/26 03:46:47.343 AM EDT,$1.00
William Contreras 1.5,MLB-PHIT-FG-000F9TAII50AG9O-WIAS001-GTE-P00015,Settled Early,08/01/26 03:46:47.558 AM EDT,$0.00
William Contreras 3.5,MLB-PHIT-FG-000F9TAII50AG9O-WIAS001-GTE-P00035,Settled Early,08/01/26 03:46:47.730 AM EDT,$0.00
William Contreras 2.5,MLB-PHIT-FG-000F9TAII50AG9O-WIAS001-GTE-P00025,Settled Early,08/01/26 03:46:47.906 AM EDT,$0.00
Spencer Torkelson 2.5,MLB-PHRN-FG-000F9T8JI50AGVO-SPON000-GTE-P00025,Settled Early,08/01/26 03:46:51.103 AM EDT,$0.00
Spencer Torkelson 1.5,MLB-PHRN-FG-000F9T8JI50AGVO-SPON000-GTE-P00015,Settled Early,08/01/26 03:46:51.311 AM EDT,$0.00
Spencer Torkelson 0.5,MLB-PHRN-FG-000F9T8JI50AGVO-SPON000-GTE-P00005,Settled Early,08/01/26 03:46:51.502 AM EDT,$0.00
William Contreras 0.5,MLB-PRBI-FG-000F9TAII50AG9O-WIAS001-GTE-P00005,Settled Early,08/01/26 03:46:56.124 AM EDT,$0.00
William Contreras 4.5,MLB-PRBI-FG-000F9TAII50AG9O-WIAS001-GTE-P00045,Settled Early,08/01/26 03:46:56.319 AM EDT,$0.00
William Contreras 3.5,MLB-PRBI-FG-000F9TAII50AG9O-WIAS001-GTE-P00035,Settled Early,08/01/26 03:46:56.526 AM EDT,$0.00
William Contreras 2.5,MLB-PRBI-FG-000F9TAII50AG9O-WIAS001-GTE-P00025,Settled Early,08/01/26 03:46:56.704 AM EDT,$0.00
William Contreras 1.5,MLB-PRBI-FG-000F9TAII50AG9O-WIAS001-GTE-P00015,Settled Early,08/01/26 03:46:56.901 AM EDT,$0.00
Spencer Torkelson 1.5,MLB-PHIT-FG-000F9T8JI50AGVO-SPON000-GTE-P00015,Settled Early,08/01/26 03:47:03.202 AM EDT,$1.00
Spencer Torkelson 0.5,MLB-PHIT-FG-000F9T8JI50AGVO-SPON000-GTE-P00005,Settled Early,08/01/26 03:47:03.373 AM EDT,$1.00
Spencer Torkelson 3.5,MLB-PHIT-FG-000F9T8JI50AGVO-SPON000-GTE-P00035,Settled Early,08/01/26 03:47:03.540 AM EDT,$0.00
Spencer Torkelson 4.5,MLB-PHIT-FG-000F9T8JI50AGVO-SPON000-GTE-P00045,Settled Early,08/01/26 03:47:03.728 AM EDT,$0.00
Spencer Torkelson 2.5,MLB-PHIT-FG-000F9T8JI50AGVO-SPON000-GTE-P00025,Settled Early,08/01/26 03:47:03.899 AM EDT,$1.00
William Contreras 0.5,MLB-PHRN-FG-000F9TAII50AG9O-WIAS001-GTE-P00005,Settled Early,08/01/26 03:47:04.981 AM EDT,$0.00
William Contreras 1.5,MLB-PHRN-FG-000F9TAII50AG9O-WIAS001-GTE-P00015,Settled Early,08/01/26 03:47:05.149 AM EDT,$0.00
William Contreras 2.5,MLB-PHRN-FG-000F9TAII50AG9O-WIAS001-GTE-P00025,Settled Early,08/01/26 03:47:05.352 AM EDT,$0.00
Henry Bolte 2.5,MLB-PHRR-FG-000F9T8JI50AGVO-HETE000-GTE-P00025,Settled Early,08/01/26 03:47:25.369 AM EDT,$0.00
Henry Bolte 7.5,MLB-PHRR-FG-000F9T8JI50AGVO-HETE000-GTE-P00075,Settled Early,08/01/26 03:47:25.573 AM EDT,$0.00
Henry Bolte 8.5,MLB-PHRR-FG-000F9T8JI50AGVO-HETE000-GTE-P00085,Settled Early,08/01/26 03:47:25.780 AM EDT,$0.00
Henry Bolte 3.5,MLB-PHRR-FG-000F9T8JI50AGVO-HETE000-GTE-P00035,Settled Early,08/01/26 03:47:25.982 AM EDT,$0.00
Henry Bolte 5.5,MLB-PHRR-FG-000F9T8JI50AGVO-HETE000-GTE-P00055,Settled Early,08/01/26 03:47:26.175 AM EDT,$0.00
Travis d'Arnaud 0.5,MLB-PHRR-FG-000F9TAII50AG9O-TRUD000-GTE-P00005,Settled Early,08/01/26 03:47:26.281 AM EDT,$0.00
Henry Bolte 0.5,MLB-PHRR-FG-000F9T8JI50AGVO-HETE000-GTE-P00005,Settled Early,08/01/26 03:47:26.414 AM EDT,$1.00
Travis d'Arnaud 1.5,MLB-PHRR-FG-000F9TAII50AG9O-TRUD000-GTE-P00015,Settled Early,08/01/26 03:47:26.492 AM EDT,$0.00
Henry Bolte 1.5,MLB-PHRR-FG-000F9T8JI50AGVO-HETE000-GTE-P00015,Settled Early,08/01/26 03:47:26.637 AM EDT,$0.00
Travis d'Arnaud 2.5,MLB-PHRR-FG-000F9TAII50AG9O-TRUD000-GTE-P00025,Settled Early,08/01/26 03:47:26.705 AM EDT,$0.00
Henry Bolte 4.5,MLB-PHRR-FG-000F9T8JI50AGVO-HETE000-GTE-P00045,Settled Early,08/01/26 03:47:26.806 AM EDT,$0.00
Travis d'Arnaud 3.5,MLB-PHRR-FG-000F9TAII50AG9O-TRUD000-GTE-P00035,Settled Early,08/01/26 03:47:26.918 AM EDT,$0.00
Henry Bolte 6.5,MLB-PHRR-FG-000F9T8JI50AGVO-HETE000-GTE-P00065,Settled Early,08/01/26 03:47:27.036 AM EDT,$0.00
Travis d'Arnaud 4.5,MLB-PHRR-FG-000F9TAII50AG9O-TRUD000-GTE-P00045,Settled Early,08/01/26 03:47:27.147 AM EDT,$0.00
Henry Bolte 9.5,MLB-PHRR-FG-000F9T8JI50AGVO-HETE000-GTE-P00095,Settled Early,08/01/26 03:47:27.240 AM EDT,$0.00
Travis d'Arnaud 5.5,MLB-PHRR-FG-000F9TAII50AG9O-TRUD000-GTE-P00055,Settled Early,08/01/26 03:47:27.317 AM EDT,$0.00
Travis d'Arnaud 6.5,MLB-PHRR-FG-000F9TAII50AG9O-TRUD000-GTE-P00065,Settled Early,08/01/26 03:47:27.516 AM EDT,$0.00
Travis d'Arnaud 7.5,MLB-PHRR-FG-000F9TAII50AG9O-TRUD000-GTE-P00075,Settled Early,08/01/26 03:47:27.720 AM EDT,$0.00
Travis d'Arnaud 8.5,MLB-PHRR-FG-000F9TAII50AG9O-TRUD000-GTE-P00085,Settled Early,08/01/26 03:47:27.897 AM EDT,$0.00
Travis d'Arnaud 9.5,MLB-PHRR-FG-000F9TAII50AG9O-TRUD000-GTE-P00095,Settled Early,08/01/26 03:47:28.097 AM EDT,$0.00
Travis d'Arnaud 5.5,MLB-PTBS-FG-000F9TAII50AG9O-TRUD000-GTE-P00055,Settled Early,08/01/26 03:47:35.888 AM EDT,$0.00
Travis d'Arnaud 0.5,MLB-PTBS-FG-000F9TAII50AG9O-TRUD000-GTE-P00005,Settled Early,08/01/26 03:47:36.072 AM EDT,$0.00
Travis d'Arnaud 4.5,MLB-PTBS-FG-000F9TAII50AG9O-TRUD000-GTE-P00045,Settled Early,08/01/26 03:47:36.262 AM EDT,$0.00
Travis d'Arnaud 2.5,MLB-PTBS-FG-000F9TAII50AG9O-TRUD000-GTE-P00025,Settled Early,08/01/26 03:47:36.456 AM EDT,$0.00
Travis d'Arnaud 3.5,MLB-PTBS-FG-000F9TAII50AG9O-TRUD000-GTE-P00035,Settled Early,08/01/26 03:47:36.647 AM EDT,$0.00
Travis d'Arnaud 7.5,MLB-PTBS-FG-000F9TAII50AG9O-TRUD000-GTE-P00075,Settled Early,08/01/26 03:47:36.842 AM EDT,$0.00
Travis d'Arnaud 1.5,MLB-PTBS-FG-000F9TAII50AG9O-TRUD000-GTE-P00015,Settled Early,08/01/26 03:47:37.016 AM EDT,$0.00
Henry Bolte 0.5,MLB-PRBI-FG-000F9T8JI50AGVO-HETE000-GTE-P00005,Settled Early,08/01/26 03:47:37.114 AM EDT,$0.00
Travis d'Arnaud 6.5,MLB-PTBS-FG-000F9TAII50AG9O-TRUD000-GTE-P00065,Settled Early,08/01/26 03:47:37.210 AM EDT,$0.00
Henry Bolte 3.5,MLB-PRBI-FG-000F9T8JI50AGVO-HETE000-GTE-P00035,Settled Early,08/01/26 03:47:37.316 AM EDT,$0.00
Henry Bolte 4.5,MLB-PRBI-FG-000F9T8JI50AGVO-HETE000-GTE-P00045,Settled Early,08/01/26 03:47:37.535 AM EDT,$0.00
Henry Bolte 1.5,MLB-PRBI-FG-000F9T8JI50AGVO-HETE000-GTE-P00015,Settled Early,08/01/26 03:47:37.739 AM EDT,$0.00
Henry Bolte 2.5,MLB-PRBI-FG-000F9T8JI50AGVO-HETE000-GTE-P00025,Settled Early,08/01/26 03:47:37.921 AM EDT,$0.00
Henry Bolte 6.5,MLB-PTBS-FG-000F9T8JI50AGVO-HETE000-GTE-P00065,Settled Early,08/01/26 03:47:45.433 AM EDT,$0.00
Henry Bolte 7.5,MLB-PTBS-FG-000F9T8JI50AGVO-HETE000-GTE-P00075,Settled Early,08/01/26 03:47:45.641 AM EDT,$0.00
Travis d'Arnaud 0.5,MLB-PHIT-FG-000F9TAII50AG9O-TRUD000-GTE-P00005,Settled Early,08/01/26 03:47:45.687 AM EDT,$0.00
Henry Bolte 5.5,MLB-PTBS-FG-000F9T8JI50AGVO-HETE000-GTE-P00055,Settled Early,08/01/26 03:47:45.849 AM EDT,$0.00
Travis d'Arnaud 3.5,MLB-PHIT-FG-000F9TAII50AG9O-TRUD000-GTE-P00035,Settled Early,08/01/26 03:47:45.882 AM EDT,$0.00
Henry Bolte 2.5,MLB-PTBS-FG-000F9T8JI50AGVO-HETE000-GTE-P00025,Settled Early,08/01/26 03:47:46.096 AM EDT,$0.00
Travis d'Arnaud 2.5,MLB-PHIT-FG-000F9TAII50AG9O-TRUD000-GTE-P00025,Settled Early,08/01/26 03:47:46.121 AM EDT,$0.00
Henry Bolte 1.5,MLB-PTBS-FG-000F9T8JI50AGVO-HETE000-GTE-P00015,Settled Early,08/01/26 03:47:46.273 AM EDT,$0.00
Travis d'Arnaud 1.5,MLB-PHIT-FG-000F9TAII50AG9O-TRUD000-GTE-P00015,Settled Early,08/01/26 03:47:46.342 AM EDT,$0.00
Henry Bolte 3.5,MLB-PTBS-FG-000F9T8JI50AGVO-HETE000-GTE-P00035,Settled Early,08/01/26 03:47:46.452 AM EDT,$0.00
Travis d'Arnaud 4.5,MLB-PHIT-FG-000F9TAII50AG9O-TRUD000-GTE-P00045,Settled Early,08/01/26 03:47:46.539 AM EDT,$0.00
Henry Bolte 0.5,MLB-PTBS-FG-000F9T8JI50AGVO-HETE000-GTE-P00005,Settled Early,08/01/26 03:47:46.652 AM EDT,$1.00
Henry Bolte 4.5,MLB-PTBS-FG-000F9T8JI50AGVO-HETE000-GTE-P00045,Settled Early,08/01/26 03:47:46.828 AM EDT,$0.00
Henry Bolte 1.5,MLB-PHRN-FG-000F9T8JI50AGVO-HETE000-GTE-P00015,Settled Early,08/01/26 03:47:51.269 AM EDT,$0.00
Henry Bolte 0.5,MLB-PHRN-FG-000F9T8JI50AGVO-HETE000-GTE-P00005,Settled Early,08/01/26 03:47:51.436 AM EDT,$0.00
Henry Bolte 2.5,MLB-PHRN-FG-000F9T8JI50AGVO-HETE000-GTE-P00025,Settled Early,08/01/26 03:47:51.607 AM EDT,$0.00
Travis d'Arnaud 4.5,MLB-PRBI-FG-000F9TAII50AG9O-TRUD000-GTE-P00045,Settled Early,08/01/26 03:47:53.033 AM EDT,$0.00
Travis d'Arnaud 1.5,MLB-PRBI-FG-000F9TAII50AG9O-TRUD000-GTE-P00015,Settled Early,08/01/26 03:47:53.205 AM EDT,$0.00
Travis d'Arnaud 0.5,MLB-PRBI-FG-000F9TAII50AG9O-TRUD000-GTE-P00005,Settled Early,08/01/26 03:47:53.427 AM EDT,$0.00
Travis d'Arnaud 3.5,MLB-PRBI-FG-000F9TAII50AG9O-TRUD000-GTE-P00035,Settled Early,08/01/26 03:47:53.652 AM EDT,$0.00
Travis d'Arnaud 2.5,MLB-PRBI-FG-000F9TAII50AG9O-TRUD000-GTE-P00025,Settled Early,08/01/26 03:47:53.851 AM EDT,$0.00
Henry Bolte 2.5,MLB-PHIT-FG-000F9T8JI50AGVO-HETE000-GTE-P00025,Settled Early,08/01/26 03:47:57.546 AM EDT,$0.00
Henry Bolte 1.5,MLB-PHIT-FG-000F9T8JI50AGVO-HETE000-GTE-P00015,Settled Early,08/01/26 03:47:57.740 AM EDT,$0.00
Henry Bolte 0.5,MLB-PHIT-FG-000F9T8JI50AGVO-HETE000-GTE-P00005,Settled Early,08/01/26 03:47:57.907 AM EDT,$1.00
Henry Bolte 4.5,MLB-PHIT-FG-000F9T8JI50AGVO-HETE000-GTE-P00045,Settled Early,08/01/26 03:47:58.082 AM EDT,$0.00
Henry Bolte 3.5,MLB-PHIT-FG-000F9T8JI50AGVO-HETE000-GTE-P00035,Settled Early,08/01/26 03:47:58.318 AM EDT,$0.00
Travis d'Arnaud 0.5,MLB-PHRN-FG-000F9TAII50AG9O-TRUD000-GTE-P00005,Settled Early,08/01/26 03:48:02.742 AM EDT,$0.00
Travis d'Arnaud 1.5,MLB-PHRN-FG-000F9TAII50AG9O-TRUD000-GTE-P00015,Settled Early,08/01/26 03:48:02.919 AM EDT,$0.00
Travis d'Arnaud 2.5,MLB-PHRN-FG-000F9TAII50AG9O-TRUD000-GTE-P00025,Settled Early,08/01/26 03:48:03.095 AM EDT,$0.00
Jeffrey Springs 3.5,MLB-PKS-FG-000F9T8JI50AGVO-JEGS000-GTE-P00035,Settled Early,08/01/26 03:48:19.862 AM EDT,$0.00
Jeffrey Springs 11.5,MLB-PKS-FG-000F9T8JI50AGVO-JEGS000-GTE-P00115,Settled Early,08/01/26 03:48:20.223 AM EDT,$0.00
Jeffrey Springs 13.5,MLB-PKS-FG-000F9T8JI50AGVO-JEGS000-GTE-P00135,Settled Early,08/01/26 03:48:20.473 AM EDT,$0.00
Jeffrey Springs 6.5,MLB-PKS-FG-000F9T8JI50AGVO-JEGS000-GTE-P00065,Settled Early,08/01/26 03:48:20.739 AM EDT,$0.00
Jeffrey Springs 8.5,MLB-PKS-FG-000F9T8JI50AGVO-JEGS000-GTE-P00085,Settled Early,08/01/26 03:48:20.917 AM EDT,$0.00
Jeffrey Springs 4.5,MLB-PKS-FG-000F9T8JI50AGVO-JEGS000-GTE-P00045,Settled Early,08/01/26 03:48:21.108 AM EDT,$0.00
Jeffrey Springs 2.5,MLB-PKS-FG-000F9T8JI50AGVO-JEGS000-GTE-P00025,Settled Early,08/01/26 03:48:21.329 AM EDT,$0.00
Jeffrey Springs 12.5,MLB-PKS-FG-000F9T8JI50AGVO-JEGS000-GTE-P00125,Settled Early,08/01/26 03:48:21.539 AM EDT,$0.00
Jeffrey Springs 5.5,MLB-PKS-FG-000F9T8JI50AGVO-JEGS000-GTE-P00055,Settled Early,08/01/26 03:48:21.738 AM EDT,$0.00
Jeffrey Springs 1.5,MLB-PKS-FG-000F9T8JI50AGVO-JEGS000-GTE-P00015,Settled Early,08/01/26 03:48:21.933 AM EDT,$1.00
Jeffrey Springs 7.5,MLB-PKS-FG-000F9T8JI50AGVO-JEGS000-GTE-P00075,Settled Early,08/01/26 03:48:22.136 AM EDT,$0.00
Jeffrey Springs 10.5,MLB-PKS-FG-000F9T8JI50AGVO-JEGS000-GTE-P00105,Settled Early,08/01/26 03:48:22.328 AM EDT,$0.00
Jeffrey Springs 9.5,MLB-PKS-FG-000F9T8JI50AGVO-JEGS000-GTE-P00095,Settled Early,08/01/26 03:48:22.528 AM EDT,$0.00
Jake Bauers 0.5,MLB-PHIT-FG-000F9TAII50AG9O-JARS000-GTE-P00005,Settled Early,08/01/26 03:48:28.241 AM EDT,$1.00
Jake Bauers 3.5,MLB-PHIT-FG-000F9TAII50AG9O-JARS000-GTE-P00035,Settled Early,08/01/26 03:48:28.589 AM EDT,$0.00
Jake Bauers 4.5,MLB-PHIT-FG-000F9TAII50AG9O-JARS000-GTE-P00045,Settled Early,08/01/26 03:48:28.794 AM EDT,$0.00
Jake Bauers 2.5,MLB-PHIT-FG-000F9TAII50AG9O-JARS000-GTE-P00025,Settled Early,08/01/26 03:48:29.111 AM EDT,$0.00
Jake Bauers 1.5,MLB-PHIT-FG-000F9TAII50AG9O-JARS000-GTE-P00015,Settled Early,08/01/26 03:48:29.366 AM EDT,$1.00
Jake Bauers 3.5,MLB-PTBS-FG-000F9TAII50AG9O-JARS000-GTE-P00035,Settled Early,08/01/26 03:48:39.555 AM EDT,$1.00
Jake Bauers 2.5,MLB-PTBS-FG-000F9TAII50AG9O-JARS000-GTE-P00025,Settled Early,08/01/26 03:48:39.728 AM EDT,$1.00
Jake Bauers 7.5,MLB-PTBS-FG-000F9TAII50AG9O-JARS000-GTE-P00075,Settled Early,08/01/26 03:48:39.945 AM EDT,$0.00
Jake Bauers 1.5,MLB-PTBS-FG-000F9TAII50AG9O-JARS000-GTE-P00015,Settled Early,08/01/26 03:48:40.141 AM EDT,$1.00
Jake Bauers 0.5,MLB-PTBS-FG-000F9TAII50AG9O-JARS000-GTE-P00005,Settled Early,08/01/26 03:48:40.342 AM EDT,$1.00
Jake Bauers 5.5,MLB-PTBS-FG-000F9TAII50AG9O-JARS000-GTE-P00055,Settled Early,08/01/26 03:48:40.565 AM EDT,$0.00
Jake Bauers 6.5,MLB-PTBS-FG-000F9TAII50AG9O-JARS000-GTE-P00065,Settled Early,08/01/26 03:48:40.760 AM EDT,$0.00
Jake Bauers 4.5,MLB-PTBS-FG-000F9TAII50AG9O-JARS000-GTE-P00045,Settled Early,08/01/26 03:48:40.954 AM EDT,$1.00
Jake Bauers 0.5,MLB-PRBI-FG-000F9TAII50AG9O-JARS000-GTE-P00005,Settled Early,08/01/26 03:48:50.652 AM EDT,$1.00
Jake Bauers 4.5,MLB-PRBI-FG-000F9TAII50AG9O-JARS000-GTE-P00045,Settled Early,08/01/26 03:48:50.830 AM EDT,$0.00
Jake Bauers 3.5,MLB-PRBI-FG-000F9TAII50AG9O-JARS000-GTE-P00035,Settled Early,08/01/26 03:48:51.020 AM EDT,$0.00
Jake Bauers 2.5,MLB-PRBI-FG-000F9TAII50AG9O-JARS000-GTE-P00025,Settled Early,08/01/26 03:48:51.240 AM EDT,$1.00
Jake Bauers 1.5,MLB-PRBI-FG-000F9TAII50AG9O-JARS000-GTE-P00015,Settled Early,08/01/26 03:48:51.409 AM EDT,$1.00
Jake Bauers 0.5,MLB-PHRN-FG-000F9TAII50AG9O-JARS000-GTE-P00005,Settled Early,08/01/26 03:49:05.359 AM EDT,$1.00
Jake Bauers 1.5,MLB-PHRN-FG-000F9TAII50AG9O-JARS000-GTE-P00015,Settled Early,08/01/26 03:49:05.530 AM EDT,$0.00
Jake Bauers 2.5,MLB-PHRN-FG-000F9TAII50AG9O-JARS000-GTE-P00025,Settled Early,08/01/26 03:49:05.717 AM EDT,$0.00
Jose Siri 0.5,MLB-PHRR-FG-000F9TAII50AG9O-JORI000-GTE-P00005,Settled Early,08/01/26 03:49:24.351 AM EDT,$0.00
Jose Siri 1.5,MLB-PHRR-FG-000F9TAII50AG9O-JORI000-GTE-P00015,Settled Early,08/01/26 03:49:24.625 AM EDT,$0.00
Jose Siri 2.5,MLB-PHRR-FG-000F9TAII50AG9O-JORI000-GTE-P00025,Settled Early,08/01/26 03:49:24.801 AM EDT,$0.00
Jose Siri 3.5,MLB-PHRR-FG-000F9TAII50AG9O-JORI000-GTE-P00035,Settled Early,08/01/26 03:49:25.018 AM EDT,$0.00
Jose Siri 4.5,MLB-PHRR-FG-000F9TAII50AG9O-JORI000-GTE-P00045,Settled Early,08/01/26 03:49:25.217 AM EDT,$0.00
Jose Siri 5.5,MLB-PHRR-FG-000F9TAII50AG9O-JORI000-GTE-P00055,Settled Early,08/01/26 03:49:25.402 AM EDT,$0.00
Jose Siri 6.5,MLB-PHRR-FG-000F9TAII50AG9O-JORI000-GTE-P00065,Settled Early,08/01/26 03:49:25.573 AM EDT,$0.00
Jose Siri 7.5,MLB-PHRR-FG-000F9TAII50AG9O-JORI000-GTE-P00075,Settled Early,08/01/26 03:49:25.751 AM EDT,$0.00
Jose Siri 8.5,MLB-PHRR-FG-000F9TAII50AG9O-JORI000-GTE-P00085,Settled Early,08/01/26 03:49:25.953 AM EDT,$0.00
Jose Siri 9.5,MLB-PHRR-FG-000F9TAII50AG9O-JORI000-GTE-P00095,Settled Early,08/01/26 03:49:26.149 AM EDT,$0.00
Jose Siri 0.5,MLB-PTBS-FG-000F9TAII50AG9O-JORI000-GTE-P00005,Settled Early,08/01/26 03:49:32.654 AM EDT,$0.00
Jose Siri 7.5,MLB-PTBS-FG-000F9TAII50AG9O-JORI000-GTE-P00075,Settled Early,08/01/26 03:49:32.823 AM EDT,$0.00
Jose Siri 4.5,MLB-PTBS-FG-000F9TAII50AG9O-JORI000-GTE-P00045,Settled Early,08/01/26 03:49:33.023 AM EDT,$0.00
Jose Siri 2.5,MLB-PTBS-FG-000F9TAII50AG9O-JORI000-GTE-P00025,Settled Early,08/01/26 03:49:33.212 AM EDT,$0.00
Jose Siri 1.5,MLB-PTBS-FG-000F9TAII50AG9O-JORI000-GTE-P00015,Settled Early,08/01/26 03:49:33.392 AM EDT,$0.00
Jose Siri 6.5,MLB-PTBS-FG-000F9TAII50AG9O-JORI000-GTE-P00065,Settled Early,08/01/26 03:49:33.564 AM EDT,$0.00
Jose Siri 3.5,MLB-PTBS-FG-000F9TAII50AG9O-JORI000-GTE-P00035,Settled Early,08/01/26 03:49:33.740 AM EDT,$0.00
Jose Siri 5.5,MLB-PTBS-FG-000F9TAII50AG9O-JORI000-GTE-P00055,Settled Early,08/01/26 03:49:33.923 AM EDT,$0.00
Jose Siri 0.5,MLB-PRBI-FG-000F9TAII50AG9O-JORI000-GTE-P00005,Settled Early,08/01/26 03:49:38.980 AM EDT,$0.00
Jose Siri 4.5,MLB-PRBI-FG-000F9TAII50AG9O-JORI000-GTE-P00045,Settled Early,08/01/26 03:49:39.178 AM EDT,$0.00
Jose Siri 2.5,MLB-PRBI-FG-000F9TAII50AG9O-JORI000-GTE-P00025,Settled Early,08/01/26 03:49:39.379 AM EDT,$0.00
Jose Siri 1.5,MLB-PRBI-FG-000F9TAII50AG9O-JORI000-GTE-P00015,Settled Early,08/01/26 03:49:39.564 AM EDT,$0.00
Jose Siri 3.5,MLB-PRBI-FG-000F9TAII50AG9O-JORI000-GTE-P00035,Settled Early,08/01/26 03:49:39.762 AM EDT,$0.00
Jose Siri 1.5,MLB-PHRN-FG-000F9TAII50AG9O-JORI000-GTE-P00015,Settled Early,08/01/26 03:49:46.264 AM EDT,$0.00
Jose Siri 2.5,MLB-PHRN-FG-000F9TAII50AG9O-JORI000-GTE-P00025,Settled Early,08/01/26 03:49:46.470 AM EDT,$0.00
Jose Siri 0.5,MLB-PHRN-FG-000F9TAII50AG9O-JORI000-GTE-P00005,Settled Early,08/01/26 03:49:46.672 AM EDT,$0.00
Jose Siri 0.5,MLB-PHIT-FG-000F9TAII50AG9O-JORI000-GTE-P00005,Settled Early,08/01/26 03:49:54.148 AM EDT,$0.00
Jose Siri 3.5,MLB-PHIT-FG-000F9TAII50AG9O-JORI000-GTE-P00035,Settled Early,08/01/26 03:49:54.337 AM EDT,$0.00
Jose Siri 1.5,MLB-PHIT-FG-000F9TAII50AG9O-JORI000-GTE-P00015,Settled Early,08/01/26 03:49:54.604 AM EDT,$0.00
Jose Siri 2.5,MLB-PHIT-FG-000F9TAII50AG9O-JORI000-GTE-P00025,Settled Early,08/01/26 03:49:54.782 AM EDT,$0.00
Jose Siri 4.5,MLB-PHIT-FG-000F9TAII50AG9O-JORI000-GTE-P00045,Settled Early,08/01/26 03:49:54.982 AM EDT,$0.00
Jorge Soler 4.5,MLB-PHIT-FG-000F9TAII50AG9O-JOER002-GTE-P00045,Settled Early,08/01/26 03:50:14.775 AM EDT,$0.00
Jorge Soler 0.5,MLB-PHIT-FG-000F9TAII50AG9O-JOER002-GTE-P00005,Settled Early,08/01/26 03:50:14.949 AM EDT,$0.00
Jorge Soler 2.5,MLB-PHIT-FG-000F9TAII50AG9O-JOER002-GTE-P00025,Settled Early,08/01/26 03:50:15.142 AM EDT,$0.00
Jorge Soler 1.5,MLB-PHIT-FG-000F9TAII50AG9O-JOER002-GTE-P00015,Settled Early,08/01/26 03:50:15.313 AM EDT,$0.00
Jorge Soler 3.5,MLB-PHIT-FG-000F9TAII50AG9O-JOER002-GTE-P00035,Settled Early,08/01/26 03:50:15.498 AM EDT,$0.00
Jorge Soler 9.5,MLB-PHRR-FG-000F9TAII50AG9O-JOER002-GTE-P00095,Settled Early,08/01/26 03:50:26.136 AM EDT,$0.00
Jorge Soler 0.5,MLB-PHRR-FG-000F9TAII50AG9O-JOER002-GTE-P00005,Settled Early,08/01/26 03:50:26.346 AM EDT,$0.00
Jorge Soler 1.5,MLB-PHRR-FG-000F9TAII50AG9O-JOER002-GTE-P00015,Settled Early,08/01/26 03:50:26.552 AM EDT,$0.00
Jorge Soler 2.5,MLB-PHRR-FG-000F9TAII50AG9O-JOER002-GTE-P00025,Settled Early,08/01/26 03:50:26.755 AM EDT,$0.00
Jorge Soler 3.5,MLB-PHRR-FG-000F9TAII50AG9O-JOER002-GTE-P00035,Settled Early,08/01/26 03:50:26.958 AM EDT,$0.00
Jorge Soler 4.5,MLB-PHRR-FG-000F9TAII50AG9O-JOER002-GTE-P00045,Settled Early,08/01/26 03:50:27.159 AM EDT,$0.00
Jorge Soler 5.5,MLB-PHRR-FG-000F9TAII50AG9O-JOER002-GTE-P00055,Settled Early,08/01/26 03:50:27.332 AM EDT,$0.00
Jorge Soler 6.5,MLB-PHRR-FG-000F9TAII50AG9O-JOER002-GTE-P00065,Settled Early,08/01/26 03:50:27.518 AM EDT,$0.00
Jorge Soler 7.5,MLB-PHRR-FG-000F9TAII50AG9O-JOER002-GTE-P00075,Settled Early,08/01/26 03:50:27.709 AM EDT,$0.00
Jorge Soler 8.5,MLB-PHRR-FG-000F9TAII50AG9O-JOER002-GTE-P00085,Settled Early,08/01/26 03:50:27.909 AM EDT,$0.00
Jorge Soler 0.5,MLB-PRBI-FG-000F9TAII50AG9O-JOER002-GTE-P00005,Settled Early,08/01/26 03:50:34.967 AM EDT,$0.00
Jorge Soler 2.5,MLB-PRBI-FG-000F9TAII50AG9O-JOER002-GTE-P00025,Settled Early,08/01/26 03:50:35.157 AM EDT,$0.00
Jorge Soler 4.5,MLB-PRBI-FG-000F9TAII50AG9O-JOER002-GTE-P00045,Settled Early,08/01/26 03:50:35.394 AM EDT,$0.00
Jorge Soler 3.5,MLB-PRBI-FG-000F9TAII50AG9O-JOER002-GTE-P00035,Settled Early,08/01/26 03:50:35.569 AM EDT,$0.00
Jorge Soler 2.5,MLB-PHRN-FG-000F9TAII50AG9O-JOER002-GTE-P00025,Settled Early,08/01/26 03:50:43.266 AM EDT,$0.00
Jorge Soler 1.5,MLB-PHRN-FG-000F9TAII50AG9O-JOER002-GTE-P00015,Settled Early,08/01/26 03:50:43.486 AM EDT,$0.00
Jorge Soler 0.5,MLB-PHRN-FG-000F9TAII50AG9O-JOER002-GTE-P00005,Settled Early,08/01/26 03:50:43.660 AM EDT,$0.00
Jorge Soler 7.5,MLB-PTBS-FG-000F9TAII50AG9O-JOER002-GTE-P00075,Settled Early,08/01/26 03:50:52.615 AM EDT,$0.00
Jorge Soler 2.5,MLB-PTBS-FG-000F9TAII50AG9O-JOER002-GTE-P00025,Settled Early,08/01/26 03:50:52.835 AM EDT,$0.00
Jorge Soler 3.5,MLB-PTBS-FG-000F9TAII50AG9O-JOER002-GTE-P00035,Settled Early,08/01/26 03:50:53.006 AM EDT,$0.00
Jorge Soler 4.5,MLB-PTBS-FG-000F9TAII50AG9O-JOER002-GTE-P00045,Settled Early,08/01/26 03:50:53.212 AM EDT,$0.00
Jorge Soler 6.5,MLB-PTBS-FG-000F9TAII50AG9O-JOER002-GTE-P00065,Settled Early,08/01/26 03:50:53.418 AM EDT,$0.00
Jorge Soler 1.5,MLB-PTBS-FG-000F9TAII50AG9O-JOER002-GTE-P00015,Settled Early,08/01/26 03:50:53.617 AM EDT,$0.00
Jorge Soler 0.5,MLB-PTBS-FG-000F9TAII50AG9O-JOER002-GTE-P00005,Settled Early,08/01/26 03:50:53.810 AM EDT,$0.00
Jorge Soler 5.5,MLB-PTBS-FG-000F9TAII50AG9O-JOER002-GTE-P00055,Settled Early,08/01/26 03:50:54.005 AM EDT,$0.00
Vaughn Grissom 0.5,MLB-PHRR-FG-000F9TAII50AG9O-VAOM000-GTE-P00005,Settled Early,08/01/26 03:51:18.251 AM EDT,$1.00
Vaughn Grissom 1.5,MLB-PHRR-FG-000F9TAII50AG9O-VAOM000-GTE-P00015,Settled Early,08/01/26 03:51:18.506 AM EDT,$1.00
Vaughn Grissom 2.5,MLB-PHRR-FG-000F9TAII50AG9O-VAOM000-GTE-P00025,Settled Early,08/01/26 03:51:18.777 AM EDT,$0.00
Vaughn Grissom 3.5,MLB-PHRR-FG-000F9TAII50AG9O-VAOM000-GTE-P00035,Settled Early,08/01/26 03:51:19.025 AM EDT,$0.00
Vaughn Grissom 4.5,MLB-PHRR-FG-000F9TAII50AG9O-VAOM000-GTE-P00045,Settled Early,08/01/26 03:51:19.254 AM EDT,$0.00
Vaughn Grissom 5.5,MLB-PHRR-FG-000F9TAII50AG9O-VAOM000-GTE-P00055,Settled Early,08/01/26 03:51:19.458 AM EDT,$0.00
Vaughn Grissom 6.5,MLB-PHRR-FG-000F9TAII50AG9O-VAOM000-GTE-P00065,Settled Early,08/01/26 03:51:19.663 AM EDT,$0.00
Vaughn Grissom 7.5,MLB-PHRR-FG-000F9TAII50AG9O-VAOM000-GTE-P00075,Settled Early,08/01/26 03:51:19.860 AM EDT,$0.00
Vaughn Grissom 8.5,MLB-PHRR-FG-000F9TAII50AG9O-VAOM000-GTE-P00085,Settled Early,08/01/26 03:51:20.035 AM EDT,$0.00
Vaughn Grissom 9.5,MLB-PHRR-FG-000F9TAII50AG9O-VAOM000-GTE-P00095,Settled Early,08/01/26 03:51:20.231 AM EDT,$0.00
Vaughn Grissom 0.5,MLB-PRBI-FG-000F9TAII50AG9O-VAOM000-GTE-P00005,Settled Early,08/01/26 03:51:27.730 AM EDT,$0.00
Vaughn Grissom 4.5,MLB-PRBI-FG-000F9TAII50AG9O-VAOM000-GTE-P00045,Settled Early,08/01/26 03:51:27.992 AM EDT,$0.00
Vaughn Grissom 1.5,MLB-PRBI-FG-000F9TAII50AG9O-VAOM000-GTE-P00015,Settled Early,08/01/26 03:51:28.283 AM EDT,$0.00
Vaughn Grissom 3.5,MLB-PRBI-FG-000F9TAII50AG9O-VAOM000-GTE-P00035,Settled Early,08/01/26 03:51:28.520 AM EDT,$0.00
Vaughn Grissom 2.5,MLB-PRBI-FG-000F9TAII50AG9O-VAOM000-GTE-P00025,Settled Early,08/01/26 03:51:28.749 AM EDT,$0.00
Vaughn Grissom 0.5,MLB-PHIT-FG-000F9TAII50AG9O-VAOM000-GTE-P00005,Settled Early,08/01/26 03:51:40.293 AM EDT,$1.00
Vaughn Grissom 1.5,MLB-PHIT-FG-000F9TAII50AG9O-VAOM000-GTE-P00015,Settled Early,08/01/26 03:51:40.554 AM EDT,$0.00
Vaughn Grissom 2.5,MLB-PHIT-FG-000F9TAII50AG9O-VAOM000-GTE-P00025,Settled Early,08/01/26 03:51:40.805 AM EDT,$0.00
Vaughn Grissom 3.5,MLB-PHIT-FG-000F9TAII50AG9O-VAOM000-GTE-P00035,Settled Early,08/01/26 03:51:41.075 AM EDT,$0.00
Vaughn Grissom 4.5,MLB-PHIT-FG-000F9TAII50AG9O-VAOM000-GTE-P00045,Settled Early,08/01/26 03:51:41.306 AM EDT,$0.00
Vaughn Grissom 7.5,MLB-PTBS-FG-000F9TAII50AG9O-VAOM000-GTE-P00075,Settled Early,08/01/26 03:51:52.038 AM EDT,$0.00
Vaughn Grissom 6.5,MLB-PTBS-FG-000F9TAII50AG9O-VAOM000-GTE-P00065,Settled Early,08/01/26 03:51:52.272 AM EDT,$0.00
Vaughn Grissom 3.5,MLB-PTBS-FG-000F9TAII50AG9O-VAOM000-GTE-P00035,Settled Early,08/01/26 03:51:52.515 AM EDT,$0.00
Vaughn Grissom 1.5,MLB-PTBS-FG-000F9TAII50AG9O-VAOM000-GTE-P00015,Settled Early,08/01/26 03:51:52.738 AM EDT,$0.00
Vaughn Grissom 2.5,MLB-PTBS-FG-000F9TAII50AG9O-VAOM000-GTE-P00025,Settled Early,08/01/26 03:51:52.976 AM EDT,$0.00
Vaughn Grissom 5.5,MLB-PTBS-FG-000F9TAII50AG9O-VAOM000-GTE-P00055,Settled Early,08/01/26 03:51:53.210 AM EDT,$0.00
Vaughn Grissom 0.5,MLB-PTBS-FG-000F9TAII50AG9O-VAOM000-GTE-P00005,Settled Early,08/01/26 03:51:53.487 AM EDT,$1.00
Vaughn Grissom 4.5,MLB-PTBS-FG-000F9TAII50AG9O-VAOM000-GTE-P00045,Settled Early,08/01/26 03:51:53.692 AM EDT,$0.00
Vaughn Grissom 1.5,MLB-PHRN-FG-000F9TAII50AG9O-VAOM000-GTE-P00015,Settled Early,08/01/26 03:51:59.713 AM EDT,$0.00
Vaughn Grissom 0.5,MLB-PHRN-FG-000F9TAII50AG9O-VAOM000-GTE-P00005,Settled Early,08/01/26 03:51:59.953 AM EDT,$0.00
Vaughn Grissom 2.5,MLB-PHRN-FG-000F9TAII50AG9O-VAOM000-GTE-P00025,Settled Early,08/01/26 03:52:00.189 AM EDT,$0.00
Luis Lara 3.5,MLB-PHRR-FG-000F9TAII50AG9O-LURA000-GTE-P00035,Settled Early,08/01/26 03:52:14.915 AM EDT,$0.00
Luis Lara 9.5,MLB-PHRR-FG-000F9TAII50AG9O-LURA000-GTE-P00095,Settled Early,08/01/26 03:52:15.155 AM EDT,$0.00
Luis Lara 8.5,MLB-PHRR-FG-000F9TAII50AG9O-LURA000-GTE-P00085,Settled Early,08/01/26 03:52:15.388 AM EDT,$0.00
Luis Lara 5.5,MLB-PHRR-FG-000F9TAII50AG9O-LURA000-GTE-P00055,Settled Early,08/01/26 03:52:15.576 AM EDT,$0.00
Luis Lara 2.5,MLB-PHRR-FG-000F9TAII50AG9O-LURA000-GTE-P00025,Settled Early,08/01/26 03:52:15.770 AM EDT,$0.00
Luis Lara 1.5,MLB-PHRR-FG-000F9TAII50AG9O-LURA000-GTE-P00015,Settled Early,08/01/26 03:52:15.985 AM EDT,$0.00
Luis Lara 4.5,MLB-PHRR-FG-000F9TAII50AG9O-LURA000-GTE-P00045,Settled Early,08/01/26 03:52:16.161 AM EDT,$0.00
Luis Lara 6.5,MLB-PHRR-FG-000F9TAII50AG9O-LURA000-GTE-P00065,Settled Early,08/01/26 03:52:16.360 AM EDT,$0.00
Luis Lara 7.5,MLB-PHRR-FG-000F9TAII50AG9O-LURA000-GTE-P00075,Settled Early,08/01/26 03:52:16.554 AM EDT,$0.00
Luis Lara 0.5,MLB-PHRR-FG-000F9TAII50AG9O-LURA000-GTE-P00005,Settled Early,08/01/26 03:52:16.748 AM EDT,$0.00
Over 12.5,NPB-TRUNS-FG-03VTIFHU4O0S3I8-GTE-P00125,Settled Early,08/01/26 05:13:44.846 AM EDT,$0.00
Over 6.5,NPB-TRUNS-FG-03VTIFHU4O0S3I8-GTE-P00065,Settled Early,08/01/26 05:13:45.087 AM EDT,$1.00
Over 14.5,NPB-TRUNS-FG-03VTIFHU4O0S3I8-GTE-P00145,Settled Early,08/01/26 05:13:45.828 AM EDT,$0.00
Over 9.5,NPB-TRUNS-FG-03VTIFHU4O0S3I8-GTE-P00095,Settled Early,08/01/26 05:13:46.041 AM EDT,$0.00
Over 7.5,NPB-TRUNS-FG-03VTIFHU4O0S3I8-GTE-P00075,Settled Early,08/01/26 05:13:46.333 AM EDT,$1.00
Over 11.5,NPB-TRUNS-FG-03VTIFHU4O0S3I8-GTE-P00115,Settled Early,08/01/26 05:13:47.069 AM EDT,$0.00
Over 8.5,NPB-TRUNS-FG-03VTIFHU4O0S3I8-GTE-P00085,Settled Early,08/01/26 05:13:47.267 AM EDT,$0.00
Over 13.5,NPB-TRUNS-FG-03VTIFHU4O0S3I8-GTE-P00135,Settled Early,08/01/26 05:13:47.762 AM EDT,$0.00
Over 10.5,NPB-TRUNS-FG-03VTIFHU4O0S3I8-GTE-P00105,Settled Early,08/01/26 05:13:47.959 AM EDT,$0.00
Over 15.5,NPB-TRUNS-FG-03VTIFHU4O0S3I8-GTE-P00155,Settled Early,08/01/26 05:13:48.235 AM EDT,$0.00
Chiba Lotte Marines -5.5,NPB-MOVY-FG-03VTIFHU4O0S3I8-CHES000-GTE-P00055,Settled Early,08/01/26 05:14:05.391 AM EDT,$0.00
Chiba Lotte Marines -1.5,NPB-MOVY-FG-03VTIFHU4O0S3I8-CHES000-GTE-P00015,Settled Early,08/01/26 05:14:05.574 AM EDT,$1.00
Chiba Lotte Marines -4.5,NPB-MOVY-FG-03VTIFHU4O0S3I8-CHES000-GTE-P00045,Settled Early,08/01/26 05:14:05.869 AM EDT,$0.00
Hokkaido Nippon Ham Fighters -1.5,NPB-MOVY-FG-03VTIFHU4O0S3I8-HORS000-GTE-P00015,Settled Early,08/01/26 05:14:06.063 AM EDT,$0.00
Chiba Lotte Marines -6.5,NPB-MOVY-FG-03VTIFHU4O0S3I8-CHES000-GTE-P00065,Settled Early,08/01/26 05:14:06.739 AM EDT,$0.00
Hokkaido Nippon Ham Fighters -6.5,NPB-MOVY-FG-03VTIFHU4O0S3I8-HORS000-GTE-P00065,Settled Early,08/01/26 05:14:06.931 AM EDT,$0.00
Hokkaido Nippon Ham Fighters -0.5,NPB-MOVY-FG-03VTIFHU4O0S3I8-HORS000-GTE-P00005,Settled Early,08/01/26 05:14:07.160 AM EDT,$0.00
Chiba Lotte Marines -3.5,NPB-MOVY-FG-03VTIFHU4O0S3I8-CHES000-GTE-P00035,Settled Early,08/01/26 05:14:07.346 AM EDT,$0.00
Hokkaido Nippon Ham Fighters -3.5,NPB-MOVY-FG-03VTIFHU4O0S3I8-HORS000-GTE-P00035,Settled Early,08/01/26 05:14:07.554 AM EDT,$0.00
Chiba Lotte Marines -2.5,NPB-MOVY-FG-03VTIFHU4O0S3I8-CHES000-GTE-P00025,Settled Early,08/01/26 05:14:07.750 AM EDT,$0.00
Hokkaido Nippon Ham Fighters -2.5,NPB-MOVY-FG-03VTIFHU4O0S3I8-HORS000-GTE-P00025,Settled Early,08/01/26 05:14:07.954 AM EDT,$0.00
Chiba Lotte Marines -0.5,NPB-MOVY-FG-03VTIFHU4O0S3I8-CHES000-GTE-P00005,Settled Early,08/01/26 05:14:08.289 AM EDT,$1.00
Hokkaido Nippon Ham Fighters -7.5,NPB-MOVY-FG-03VTIFHU4O0S3I8-HORS000-GTE-P00075,Settled Early,08/01/26 05:14:08.492 AM EDT,$0.00
Chiba Lotte Marines -7.5,NPB-MOVY-FG-03VTIFHU4O0S3I8-CHES000-GTE-P00075,Settled Early,08/01/26 05:14:08.720 AM EDT,$0.00
Hokkaido Nippon Ham Fighters -4.5,NPB-MOVY-FG-03VTIFHU4O0S3I8-HORS000-GTE-P00045,Settled Early,08/01/26 05:14:08.914 AM EDT,$0.00
Hokkaido Nippon Ham Fighters -5.5,NPB-MOVY-FG-03VTIFHU4O0S3I8-HORS000-GTE-P00055,Settled Early,08/01/26 05:14:09.156 AM EDT,$0.00
Hokkaido Nippon Ham Fighters,NPB-WIN-FG-03VTIFHU4O0S3I8-HORS000,Settled Early,08/01/26 05:14:23.117 AM EDT,$0.00
Chiba Lotte Marines,NPB-WIN-FG-03VTIFHU4O0S3I8-CHES000,Settled Early,08/01/26 05:14:23.787 AM EDT,$1.00
Over 3.5,NPB-TRUNS-FG-03VTIC3B4O0JHDG-GTE-P00035,Settled Early,08/01/26 05:41:59.441 AM EDT,$1.00
Over 6.5,KBO-TRUNS-FG-03VT79SC4OIIKKO-GTE-P00065,Settled Early,08/01/26 06:09:05.484 AM EDT,$1.00
Over 7.5,KBO-TRUNS-FG-03VT79SC4OIIKKO-GTE-P00075,Settled Early,08/01/26 06:09:05.733 AM EDT,$1.00
Over 3.5,KBO-TRUNS-FG-03VT79SC4OIIKKO-GTE-P00035,Settled Early,08/01/26 06:09:05.903 AM EDT,$1.00
Over 4.5,KBO-TRUNS-FG-03VT79SC4OIIKKO-GTE-P00045,Settled Early,08/01/26 06:09:06.103 AM EDT,$1.00
Over 5.5,KBO-TRUNS-FG-03VT79SC4OIIKKO-GTE-P00055,Settled Early,08/01/26 06:09:06.278 AM EDT,$1.00
Over 4.5,NPB-TRUNS-FG-03VTIFJG4O0S3Q0-GTE-P00045,Settled Early,08/01/26 06:09:33.352 AM EDT,$1.00
Over 3.5,NPB-TRUNS-FG-03VTIFJG4O0S3Q0-GTE-P00035,Settled Early,08/01/26 06:09:33.546 AM EDT,$1.00
Over 6.5,NPB-TRUNS-FG-03VTIC3B4O0JHDG-GTE-P00065,Settled Early,08/01/26 06:09:59.810 AM EDT,$1.00
Over 4.5,NPB-TRUNS-FG-03VTIC3B4O0JHDG-GTE-P00045,Settled Early,08/01/26 06:10:00.094 AM EDT,$1.00
Over 7.5,NPB-TRUNS-FG-03VTIC3B4O0JHDG-GTE-P00075,Settled Early,08/01/26 06:10:00.275 AM EDT,$1.00
Over 5.5,NPB-TRUNS-FG-03VTIC3B4O0JHDG-GTE-P00055,Settled Early,08/01/26 06:10:00.522 AM EDT,$1.00
Over 10.5,KBO-TRUNS-FG-03VT79SC4OIIKKO-GTE-P00105,Settled Early,08/01/26 06:31:20.603 AM EDT,$1.00
Over 8.5,KBO-TRUNS-FG-03VT79SC4OIIKKO-GTE-P00085,Settled Early,08/01/26 06:31:21.012 AM EDT,$1.00
Over 9.5,KBO-TRUNS-FG-03VT79SC4OIIKKO-GTE-P00095,Settled Early,08/01/26 06:31:21.201 AM EDT,$1.00
Over 3.5,NPB-TRUNS-FG-03VTIFL14O0S3FG-GTE-P00035,Settled Early,08/01/26 06:32:11.426 AM EDT,$1.00
Over 4.5,NPB-TRUNS-FG-03VTIFL14O0S3FG-GTE-P00045,Settled Early,08/01/26 06:32:11.674 AM EDT,$1.00
Over 3.5,KBO-TRUNS-FG-03VT79PA4OIILEG-GTE-P00035,Settled Early,08/01/26 06:32:35.089 AM EDT,$1.00
Over 8.5,KBO-TRUNS-FG-03VT79PA4OIILEG-GTE-P00085,Settled Early,08/01/26 06:52:27.058 AM EDT,$1.00
Over 4.5,KBO-TRUNS-FG-03VT79PA4OIILEG-GTE-P00045,Settled Early,08/01/26 06:52:27.570 AM EDT,$1.00
Over 7.5,KBO-TRUNS-FG-03VT79PA4OIILEG-GTE-P00075,Settled Early,08/01/26 06:52:27.785 AM EDT,$1.00
Over 5.5,KBO-TRUNS-FG-03VT79PA4OIILEG-GTE-P00055,Settled Early,08/01/26 06:52:28.091 AM EDT,$1.00
Over 6.5,KBO-TRUNS-FG-03VT79PA4OIILEG-GTE-P00065,Settled Early,08/01/26 06:52:28.310 AM EDT,$1.00
Over 5.5,NPB-TRUNS-FG-03VTIFJG4O0S3Q0-GTE-P00055,Settled Early,08/01/26 06:52:51.610 AM EDT,$1.00
Over 3.5,KBO-TRUNS-FG-03VT79Q24OIILFO-GTE-P00035,Settled Early,08/01/26 07:35:58.693 AM EDT,$1.00
Over 7.5,NPB-TRUNS-FG-03VTIFJG4O0S3Q0-GTE-P00075,Settled Early,08/01/26 07:36:23.481 AM EDT,$1.00
Over 6.5,NPB-TRUNS-FG-03VTIFJG4O0S3Q0-GTE-P00065,Settled Early,08/01/26 07:36:23.778 AM EDT,$1.00
Over 5.5,NPB-TRUNS-FG-03VTIFL14O0S3FG-GTE-P00055,Settled Early,08/01/26 07:36:48.707 AM EDT,$1.00
Over 6.5,NPB-TRUNS-FG-03VTIFL14O0S3FG-GTE-P00065,Settled Early,08/01/26 07:36:48.905 AM EDT,$1.00
Over 3.5,NPB-TRUNS-FG-03VTIFNN4O0S3L8-GTE-P00035,Settled Early,08/01/26 07:37:13.562 AM EDT,$1.00
Over 4.5,NPB-TRUNS-FG-03VTIFNN4O0S3L8-GTE-P00045,Settled Early,08/01/26 07:37:13.760 AM EDT,$1.00
Over 13.5,NPB-TRUNS-FG-03VTIC3B4O0JHDG-GTE-P00135,Settled Early,08/01/26 07:37:43.209 AM EDT,$1.00
Over 14.5,NPB-TRUNS-FG-03VTIC3B4O0JHDG-GTE-P00145,Settled Early,08/01/26 07:37:43.469 AM EDT,$1.00
Over 8.5,NPB-TRUNS-FG-03VTIC3B4O0JHDG-GTE-P00085,Settled Early,08/01/26 07:37:43.701 AM EDT,$1.00
Over 10.5,NPB-TRUNS-FG-03VTIC3B4O0JHDG-GTE-P00105,Settled Early,08/01/26 07:37:43.902 AM EDT,$1.00
Over 12.5,NPB-TRUNS-FG-03VTIC3B4O0JHDG-GTE-P00125,Settled Early,08/01/26 07:37:44.121 AM EDT,$1.00
Over 9.5,NPB-TRUNS-FG-03VTIC3B4O0JHDG-GTE-P00095,Settled Early,08/01/26 07:37:44.288 AM EDT,$1.00
Over 11.5,NPB-TRUNS-FG-03VTIC3B4O0JHDG-GTE-P00115,Settled Early,08/01/26 07:37:44.485 AM EDT,$1.00
Over 10.5,KBO-TRUNS-FG-03VT79PA4OIILEG-GTE-P00105,Settled Early,08/01/26 07:38:40.701 AM EDT,$1.00
Over 9.5,KBO-TRUNS-FG-03VT79PA4OIILEG-GTE-P00095,Settled Early,08/01/26 07:38:40.991 AM EDT,$1.00
Over 3.5,NPB-TRUNS-FG-03VTIFMO4O0S3M0-GTE-P00035,Settled Early,08/01/26 07:39:10.600 AM EDT,$1.00
Over 4.5,NPB-TRUNS-FG-03VTIFMO4O0S3M0-GTE-P00045,Settled Early,08/01/26 07:39:10.803 AM EDT,$1.00
Fukuoka Softbank Hawks,NPB-WIN-FG-03VTIFNN4O0S3L8-FUKS000,Settled Early,08/01/26 07:58:36.908 AM EDT,$1.00
Tohoku Rakuten Golden Eagles,NPB-WIN-FG-03VTIFNN4O0S3L8-TOES000,Settled Early,08/01/26 07:58:37.474 AM EDT,$0.00
Over 5.5,NPB-TRUNS-FG-03VTIFNN4O0S3L8-GTE-P00055,Settled Early,08/01/26 07:58:56.011 AM EDT,$0.00
Over 7.5,NPB-TRUNS-FG-03VTIFNN4O0S3L8-GTE-P00075,Settled Early,08/01/26 07:58:56.264 AM EDT,$0.00
Over 10.5,NPB-TRUNS-FG-03VTIFNN4O0S3L8-GTE-P00105,Settled Early,08/01/26 07:58:56.587 AM EDT,$0.00
Over 11.5,NPB-TRUNS-FG-03VTIFNN4O0S3L8-GTE-P00115,Settled Early,08/01/26 07:58:56.772 AM EDT,$0.00
Over 12.5,NPB-TRUNS-FG-03VTIFNN4O0S3L8-GTE-P00125,Settled Early,08/01/26 07:58:56.974 AM EDT,$0.00
Over 13.5,NPB-TRUNS-FG-03VTIFNN4O0S3L8-GTE-P00135,Settled Early,08/01/26 07:58:57.196 AM EDT,$0.00
Over 14.5,NPB-TRUNS-FG-03VTIFNN4O0S3L8-GTE-P00145,Settled Early,08/01/26 07:58:57.410 AM EDT,$0.00
Over 15.5,NPB-TRUNS-FG-03VTIFNN4O0S3L8-GTE-P00155,Settled Early,08/01/26 07:58:57.636 AM EDT,$0.00
Over 8.5,NPB-TRUNS-FG-03VTIFNN4O0S3L8-GTE-P00085,Settled Early,08/01/26 07:58:57.806 AM EDT,$0.00
Over 6.5,NPB-TRUNS-FG-03VTIFNN4O0S3L8-GTE-P00065,Settled Early,08/01/26 07:58:58.044 AM EDT,$0.00
Over 9.5,NPB-TRUNS-FG-03VTIFNN4O0S3L8-GTE-P00095,Settled Early,08/01/26 07:58:58.410 AM EDT,$0.00
Tohoku Rakuten Golden Eagles -5.5,NPB-MOVY-FG-03VTIFNN4O0S3L8-TOES000-GTE-P00055,Settled Early,08/01/26 07:59:10.717 AM EDT,$0.00
Tohoku Rakuten Golden Eagles -6.5,NPB-MOVY-FG-03VTIFNN4O0S3L8-TOES000-GTE-P00065,Settled Early,08/01/26 07:59:10.945 AM EDT,$0.00
Fukuoka Softbank Hawks -0.5,NPB-MOVY-FG-03VTIFNN4O0S3L8-FUKS000-GTE-P00005,Settled Early,08/01/26 07:59:11.184 AM EDT,$1.00
Fukuoka Softbank Hawks -2.5,NPB-MOVY-FG-03VTIFNN4O0S3L8-FUKS000-GTE-P00025,Settled Early,08/01/26 07:59:11.413 AM EDT,$1.00
Fukuoka Softbank Hawks -4.5,NPB-MOVY-FG-03VTIFNN4O0S3L8-FUKS000-GTE-P00045,Settled Early,08/01/26 07:59:11.666 AM EDT,$1.00
Fukuoka Softbank Hawks -5.5,NPB-MOVY-FG-03VTIFNN4O0S3L8-FUKS000-GTE-P00055,Settled Early,08/01/26 07:59:11.851 AM EDT,$0.00
Fukuoka Softbank Hawks -7.5,NPB-MOVY-FG-03VTIFNN4O0S3L8-FUKS000-GTE-P00075,Settled Early,08/01/26 07:59:12.064 AM EDT,$0.00
Tohoku Rakuten Golden Eagles -2.5,NPB-MOVY-FG-03VTIFNN4O0S3L8-TOES000-GTE-P00025,Settled Early,08/01/26 07:59:12.234 AM EDT,$0.00
Tohoku Rakuten Golden Eagles -0.5,NPB-MOVY-FG-03VTIFNN4O0S3L8-TOES000-GTE-P00005,Settled Early,08/01/26 07:59:12.444 AM EDT,$0.00
Tohoku Rakuten Golden Eagles -1.5,NPB-MOVY-FG-03VTIFNN4O0S3L8-TOES000-GTE-P00015,Settled Early,08/01/26 07:59:12.661 AM EDT,$0.00
Fukuoka Softbank Hawks -1.5,NPB-MOVY-FG-03VTIFNN4O0S3L8-FUKS000-GTE-P00015,Settled Early,08/01/26 07:59:12.829 AM EDT,$1.00
Tohoku Rakuten Golden Eagles -3.5,NPB-MOVY-FG-03VTIFNN4O0S3L8-TOES000-GTE-P00035,Settled Early,08/01/26 07:59:13.087 AM EDT,$0.00
Tohoku Rakuten Golden Eagles -7.5,NPB-MOVY-FG-03VTIFNN4O0S3L8-TOES000-GTE-P00075,Settled Early,08/01/26 07:59:13.253 AM EDT,$0.00
Fukuoka Softbank Hawks -6.5,NPB-MOVY-FG-03VTIFNN4O0S3L8-FUKS000-GTE-P00065,Settled Early,08/01/26 07:59:13.424 AM EDT,$0.00
Fukuoka Softbank Hawks -3.5,NPB-MOVY-FG-03VTIFNN4O0S3L8-FUKS000-GTE-P00035,Settled Early,08/01/26 07:59:13.598 AM EDT,$1.00
Tohoku Rakuten Golden Eagles -4.5,NPB-MOVY-FG-03VTIFNN4O0S3L8-TOES000-GTE-P00045,Settled Early,08/01/26 07:59:13.793 AM EDT,$0.00
Over 11.5,KBO-TRUNS-FG-03VT79PA4OIILEG-GTE-P00115,Settled Early,08/01/26 07:59:24.545 AM EDT,$1.00
Over 10.5,NPB-TRUNS-FG-03VTIFMO4O0S3M0-GTE-P00105,Settled Early,08/01/26 08:05:21.669 AM EDT,$0.00
Over 15.5,NPB-TRUNS-FG-03VTIFMO4O0S3M0-GTE-P00155,Settled Early,08/01/26 08:05:21.954 AM EDT,$0.00
Over 9.5,NPB-TRUNS-FG-03VTIFMO4O0S3M0-GTE-P00095,Settled Early,08/01/26 08:05:22.174 AM EDT,$0.00
Over 8.5,NPB-TRUNS-FG-03VTIFMO4O0S3M0-GTE-P00085,Settled Early,08/01/26 08:05:22.376 AM EDT,$0.00
Over 7.5,NPB-TRUNS-FG-03VTIFMO4O0S3M0-GTE-P00075,Settled Early,08/01/26 08:05:22.619 AM EDT,$0.00
Over 13.5,NPB-TRUNS-FG-03VTIFMO4O0S3M0-GTE-P00135,Settled Early,08/01/26 08:05:22.863 AM EDT,$0.00
Over 6.5,NPB-TRUNS-FG-03VTIFMO4O0S3M0-GTE-P00065,Settled Early,08/01/26 08:05:23.054 AM EDT,$0.00
Over 12.5,NPB-TRUNS-FG-03VTIFMO4O0S3M0-GTE-P00125,Settled Early,08/01/26 08:05:23.440 AM EDT,$0.00
Over 11.5,NPB-TRUNS-FG-03VTIFMO4O0S3M0-GTE-P00115,Settled Early,08/01/26 08:05:23.610 AM EDT,$0.00
Over 5.5,NPB-TRUNS-FG-03VTIFMO4O0S3M0-GTE-P00055,Settled Early,08/01/26 08:05:23.780 AM EDT,$0.00
Over 14.5,NPB-TRUNS-FG-03VTIFMO4O0S3M0-GTE-P00145,Settled Early,08/01/26 08:05:24.157 AM EDT,$0.00
Saitama Seibu Lions,NPB-WIN-FG-03VTIFMO4O0S3M0-SANS002,Settled Early,08/01/26 08:06:15.081 AM EDT,$1.00
Orix Buffaloes,NPB-WIN-FG-03VTIFMO4O0S3M0-ORES000,Settled Early,08/01/26 08:06:15.635 AM EDT,$0.00
Orix Buffaloes -1.5,NPB-MOVY-FG-03VTIFMO4O0S3M0-ORES000-GTE-P00015,Settled Early,08/01/26 08:06:43.917 AM EDT,$0.00
Orix Buffaloes -6.5,NPB-MOVY-FG-03VTIFMO4O0S3M0-ORES000-GTE-P00065,Settled Early,08/01/26 08:06:44.190 AM EDT,$0.00
Saitama Seibu Lions -0.5,NPB-MOVY-FG-03VTIFMO4O0S3M0-SANS002-GTE-P00005,Settled Early,08/01/26 08:06:44.406 AM EDT,$1.00
Orix Buffaloes -0.5,NPB-MOVY-FG-03VTIFMO4O0S3M0-ORES000-GTE-P00005,Settled Early,08/01/26 08:06:44.610 AM EDT,$0.00
Orix Buffaloes -7.5,NPB-MOVY-FG-03VTIFMO4O0S3M0-ORES000-GTE-P00075,Settled Early,08/01/26 08:06:44.810 AM EDT,$0.00
Orix Buffaloes -3.5,NPB-MOVY-FG-03VTIFMO4O0S3M0-ORES000-GTE-P00035,Settled Early,08/01/26 08:06:45.009 AM EDT,$0.00
Orix Buffaloes -2.5,NPB-MOVY-FG-03VTIFMO4O0S3M0-ORES000-GTE-P00025,Settled Early,08/01/26 08:06:45.180 AM EDT,$0.00
Orix Buffaloes -5.5,NPB-MOVY-FG-03VTIFMO4O0S3M0-ORES000-GTE-P00055,Settled Early,08/01/26 08:06:45.434 AM EDT,$0.00
Orix Buffaloes -4.5,NPB-MOVY-FG-03VTIFMO4O0S3M0-ORES000-GTE-P00045,Settled Early,08/01/26 08:06:45.628 AM EDT,$0.00
Saitama Seibu Lions -1.5,NPB-MOVY-FG-03VTIFMO4O0S3M0-SANS002-GTE-P00015,Settled Early,08/01/26 08:06:45.818 AM EDT,$1.00
Saitama Seibu Lions -4.5,NPB-MOVY-FG-03VTIFMO4O0S3M0-SANS002-GTE-P00045,Settled Early,08/01/26 08:06:46.047 AM EDT,$0.00
Saitama Seibu Lions -2.5,NPB-MOVY-FG-03VTIFMO4O0S3M0-SANS002-GTE-P00025,Settled Early,08/01/26 08:06:46.262 AM EDT,$1.00
Saitama Seibu Lions -3.5,NPB-MOVY-FG-03VTIFMO4O0S3M0-SANS002-GTE-P00035,Settled Early,08/01/26 08:06:46.506 AM EDT,$0.00
Saitama Seibu Lions -7.5,NPB-MOVY-FG-03VTIFMO4O0S3M0-SANS002-GTE-P00075,Settled Early,08/01/26 08:06:46.763 AM EDT,$0.00
Saitama Seibu Lions -6.5,NPB-MOVY-FG-03VTIFMO4O0S3M0-SANS002-GTE-P00065,Settled Early,08/01/26 08:06:46.983 AM EDT,$0.00
Saitama Seibu Lions -5.5,NPB-MOVY-FG-03VTIFMO4O0S3M0-SANS002-GTE-P00055,Settled Early,08/01/26 08:06:47.224 AM EDT,$0.00
Hiroshima Toyo Carp,NPB-WIN-FG-03VTIFJG4O0S3Q0-HIRP000,Settled Early,08/01/26 08:15:31.064 AM EDT,$0.00
Chunichi Dragons,NPB-WIN-FG-03VTIFJG4O0S3Q0-CHNS000,Settled Early,08/01/26 08:15:31.619 AM EDT,$1.00
Over 9.5,NPB-TRUNS-FG-03VTIFJG4O0S3Q0-GTE-P00095,Settled Early,08/01/26 08:16:01.090 AM EDT,$0.00
Over 8.5,NPB-TRUNS-FG-03VTIFJG4O0S3Q0-GTE-P00085,Settled Early,08/01/26 08:16:01.286 AM EDT,$0.00
Over 10.5,NPB-TRUNS-FG-03VTIFJG4O0S3Q0-GTE-P00105,Settled Early,08/01/26 08:16:01.545 AM EDT,$0.00
Over 12.5,NPB-TRUNS-FG-03VTIFJG4O0S3Q0-GTE-P00125,Settled Early,08/01/26 08:16:01.719 AM EDT,$0.00
Over 13.5,NPB-TRUNS-FG-03VTIFJG4O0S3Q0-GTE-P00135,Settled Early,08/01/26 08:16:01.932 AM EDT,$0.00
Over 11.5,NPB-TRUNS-FG-03VTIFJG4O0S3Q0-GTE-P00115,Settled Early,08/01/26 08:16:02.109 AM EDT,$0.00
Over 14.5,NPB-TRUNS-FG-03VTIFJG4O0S3Q0-GTE-P00145,Settled Early,08/01/26 08:16:02.302 AM EDT,$0.00
Over 15.5,NPB-TRUNS-FG-03VTIFJG4O0S3Q0-GTE-P00155,Settled Early,08/01/26 08:16:02.493 AM EDT,$0.00
Chunichi Dragons -5.5,NPB-MOVY-FG-03VTIFJG4O0S3Q0-CHNS000-GTE-P00055,Settled Early,08/01/26 08:16:36.047 AM EDT,$1.00
Chunichi Dragons -1.5,NPB-MOVY-FG-03VTIFJG4O0S3Q0-CHNS000-GTE-P00015,Settled Early,08/01/26 08:16:36.293 AM EDT,$1.00
Chunichi Dragons -3.5,NPB-MOVY-FG-03VTIFJG4O0S3Q0-CHNS000-GTE-P00035,Settled Early,08/01/26 08:16:36.509 AM EDT,$1.00
Chunichi Dragons -0.5,NPB-MOVY-FG-03VTIFJG4O0S3Q0-CHNS000-GTE-P00005,Settled Early,08/01/26 08:16:36.679 AM EDT,$1.00
Chunichi Dragons -6.5,NPB-MOVY-FG-03VTIFJG4O0S3Q0-CHNS000-GTE-P00065,Settled Early,08/01/26 08:16:36.855 AM EDT,$0.00
Chunichi Dragons -2.5,NPB-MOVY-FG-03VTIFJG4O0S3Q0-CHNS000-GTE-P00025,Settled Early,08/01/26 08:16:37.024 AM EDT,$1.00
Chunichi Dragons -4.5,NPB-MOVY-FG-03VTIFJG4O0S3Q0-CHNS000-GTE-P00045,Settled Early,08/01/26 08:16:37.194 AM EDT,$1.00
Hiroshima Toyo Carp -7.5,NPB-MOVY-FG-03VTIFJG4O0S3Q0-HIRP000-GTE-P00075,Settled Early,08/01/26 08:16:37.358 AM EDT,$0.00
Hiroshima Toyo Carp -2.5,NPB-MOVY-FG-03VTIFJG4O0S3Q0-HIRP000-GTE-P00025,Settled Early,08/01/26 08:16:37.532 AM EDT,$0.00
Hiroshima Toyo Carp -0.5,NPB-MOVY-FG-03VTIFJG4O0S3Q0-HIRP000-GTE-P00005,Settled Early,08/01/26 08:16:37.701 AM EDT,$0.00
Hiroshima Toyo Carp -3.5,NPB-MOVY-FG-03VTIFJG4O0S3Q0-HIRP000-GTE-P00035,Settled Early,08/01/26 08:16:37.897 AM EDT,$0.00
Hiroshima Toyo Carp -1.5,NPB-MOVY-FG-03VTIFJG4O0S3Q0-HIRP000-GTE-P00015,Settled Early,08/01/26 08:16:38.065 AM EDT,$0.00
Chunichi Dragons -7.5,NPB-MOVY-FG-03VTIFJG4O0S3Q0-CHNS000-GTE-P00075,Settled Early,08/01/26 08:16:38.301 AM EDT,$0.00
Hiroshima Toyo Carp -5.5,NPB-MOVY-FG-03VTIFJG4O0S3Q0-HIRP000-GTE-P00055,Settled Early,08/01/26 08:16:38.484 AM EDT,$0.00
Hiroshima Toyo Carp -6.5,NPB-MOVY-FG-03VTIFJG4O0S3Q0-HIRP000-GTE-P00065,Settled Early,08/01/26 08:16:38.678 AM EDT,$0.00
Hiroshima Toyo Carp -4.5,NPB-MOVY-FG-03VTIFJG4O0S3Q0-HIRP000-GTE-P00045,Settled Early,08/01/26 08:16:38.876 AM EDT,$0.00
Over 8.5,NPB-TRUNS-FG-03VTIFL14O0S3FG-GTE-P00085,Settled Early,08/01/26 08:17:15.612 AM EDT,$1.00
Over 9.5,NPB-TRUNS-FG-03VTIFL14O0S3FG-GTE-P00095,Settled Early,08/01/26 08:17:15.887 AM EDT,$1.00
Over 7.5,NPB-TRUNS-FG-03VTIFL14O0S3FG-GTE-P00075,Settled Early,08/01/26 08:17:16.162 AM EDT,$1.00
Hanwha Eagles -4.5,KBO-MOVY-FG-03VT79SC4OIIKKO-HAES000-GTE-P00045,Settled Early,08/01/26 08:24:39.269 AM EDT,$0.00
Hanwha Eagles -5.5,KBO-MOVY-FG-03VT79SC4OIIKKO-HAES000-GTE-P00055,Settled Early,08/01/26 08:24:39.566 AM EDT,$0.00
Hanwha Eagles -6.5,KBO-MOVY-FG-03VT79SC4OIIKKO-HAES000-GTE-P00065,Settled Early,08/01/26 08:24:39.787 AM EDT,$0.00
Hanwha Eagles -7.5,KBO-MOVY-FG-03VT79SC4OIIKKO-HAES000-GTE-P00075,Settled Early,08/01/26 08:24:39.997 AM EDT,$0.00
KT Wiz Suwon -0.5,KBO-MOVY-FG-03VT79SC4OIIKKO-KTON000-GTE-P00005,Settled Early,08/01/26 08:24:40.235 AM EDT,$1.00
KT Wiz Suwon -1.5,KBO-MOVY-FG-03VT79SC4OIIKKO-KTON000-GTE-P00015,Settled Early,08/01/26 08:24:40.434 AM EDT,$1.00
KT Wiz Suwon -2.5,KBO-MOVY-FG-03VT79SC4OIIKKO-KTON000-GTE-P00025,Settled Early,08/01/26 08:24:40.689 AM EDT,$1.00
KT Wiz Suwon -3.5,KBO-MOVY-FG-03VT79SC4OIIKKO-KTON000-GTE-P00035,Settled Early,08/01/26 08:24:41.020 AM EDT,$0.00
KT Wiz Suwon -4.5,KBO-MOVY-FG-03VT79SC4OIIKKO-KTON000-GTE-P00045,Settled Early,08/01/26 08:24:41.206 AM EDT,$0.00
KT Wiz Suwon -5.5,KBO-MOVY-FG-03VT79SC4OIIKKO-KTON000-GTE-P00055,Settled Early,08/01/26 08:24:41.399 AM EDT,$0.00
KT Wiz Suwon -6.5,KBO-MOVY-FG-03VT79SC4OIIKKO-KTON000-GTE-P00065,Settled Early,08/01/26 08:24:41.571 AM EDT,$0.00
KT Wiz Suwon -7.5,KBO-MOVY-FG-03VT79SC4OIIKKO-KTON000-GTE-P00075,Settled Early,08/01/26 08:24:41.736 AM EDT,$0.00
Hanwha Eagles -1.5,KBO-MOVY-FG-03VT79SC4OIIKKO-HAES000-GTE-P00015,Settled Early,08/01/26 08:24:41.906 AM EDT,$0.00
Hanwha Eagles -3.5,KBO-MOVY-FG-03VT79SC4OIIKKO-HAES000-GTE-P00035,Settled Early,08/01/26 08:24:42.138 AM EDT,$0.00
Hanwha Eagles -0.5,KBO-MOVY-FG-03VT79SC4OIIKKO-HAES000-GTE-P00005,Settled Early,08/01/26 08:24:42.309 AM EDT,$0.00
Hanwha Eagles -2.5,KBO-MOVY-FG-03VT79SC4OIIKKO-HAES000-GTE-P00025,Settled Early,08/01/26 08:24:42.508 AM EDT,$0.00
Hanwha Eagles,KBO-WIN-FG-03VT79SC4OIIKKO-HAES000,Settled Early,08/01/26 08:25:24.167 AM EDT,$0.00
KT Wiz Suwon,KBO-WIN-FG-03VT79SC4OIIKKO-KTON000,Settled Early,08/01/26 08:25:25.001 AM EDT,$1.00
Over 11.5,KBO-TRUNS-FG-03VT79SC4OIIKKO-GTE-P00115,Settled Early,08/01/26 08:25:35.896 AM EDT,$0.00
Over 14.5,KBO-TRUNS-FG-03VT79SC4OIIKKO-GTE-P00145,Settled Early,08/01/26 08:25:36.215 AM EDT,$0.00
Over 15.5,KBO-TRUNS-FG-03VT79SC4OIIKKO-GTE-P00155,Settled Early,08/01/26 08:25:36.439 AM EDT,$0.00
Over 12.5,KBO-TRUNS-FG-03VT79SC4OIIKKO-GTE-P00125,Settled Early,08/01/26 08:25:36.640 AM EDT,$0.00
Over 13.5,KBO-TRUNS-FG-03VT79SC4OIIKKO-GTE-P00135,Settled Early,08/01/26 08:25:36.825 AM EDT,$0.00
LG Twins,KBO-WIN-FG-03VT79Q24OIILFO-LGNS000,Settled Early,08/01/26 08:50:26.896 AM EDT,$0.50
Doosan Bears,KBO-WIN-FG-03VT79Q24OIILFO-DORS000,Settled Early,08/01/26 08:50:27.496 AM EDT,$0.50
Doosan Bears -4.5,KBO-MOVY-FG-03VT79Q24OIILFO-DORS000-GTE-P00045,Settled Early,08/01/26 08:50:45.430 AM EDT,$0.00
LG Twins -4.5,KBO-MOVY-FG-03VT79Q24OIILFO-LGNS000-GTE-P00045,Settled Early,08/01/26 08:50:45.631 AM EDT,$0.00
LG Twins -5.5,KBO-MOVY-FG-03VT79Q24OIILFO-LGNS000-GTE-P00055,Settled Early,08/01/26 08:50:45.805 AM EDT,$0.00
LG Twins -6.5,KBO-MOVY-FG-03VT79Q24OIILFO-LGNS000-GTE-P00065,Settled Early,08/01/26 08:50:46.021 AM EDT,$0.00
LG Twins -7.5,KBO-MOVY-FG-03VT79Q24OIILFO-LGNS000-GTE-P00075,Settled Early,08/01/26 08:50:46.196 AM EDT,$0.00
Doosan Bears -3.5,KBO-MOVY-FG-03VT79Q24OIILFO-DORS000-GTE-P00035,Settled Early,08/01/26 08:50:46.371 AM EDT,$0.00
Doosan Bears -2.5,KBO-MOVY-FG-03VT79Q24OIILFO-DORS000-GTE-P00025,Settled Early,08/01/26 08:50:46.573 AM EDT,$0.00
Doosan Bears -1.5,KBO-MOVY-FG-03VT79Q24OIILFO-DORS000-GTE-P00015,Settled Early,08/01/26 08:50:46.747 AM EDT,$0.00
Doosan Bears -0.5,KBO-MOVY-FG-03VT79Q24OIILFO-DORS000-GTE-P00005,Settled Early,08/01/26 08:50:46.990 AM EDT,$0.00
LG Twins -3.5,KBO-MOVY-FG-03VT79Q24OIILFO-LGNS000-GTE-P00035,Settled Early,08/01/26 08:50:47.222 AM EDT,$0.00
Doosan Bears -7.5,KBO-MOVY-FG-03VT79Q24OIILFO-DORS000-GTE-P00075,Settled Early,08/01/26 08:50:47.419 AM EDT,$0.00
LG Twins -2.5,KBO-MOVY-FG-03VT79Q24OIILFO-LGNS000-GTE-P00025,Settled Early,08/01/26 08:50:47.624 AM EDT,$0.00
LG Twins -1.5,KBO-MOVY-FG-03VT79Q24OIILFO-LGNS000-GTE-P00015,Settled Early,08/01/26 08:50:47.855 AM EDT,$0.00
Doosan Bears -6.5,KBO-MOVY-FG-03VT79Q24OIILFO-DORS000-GTE-P00065,Settled Early,08/01/26 08:50:48.140 AM EDT,$0.00
LG Twins -0.5,KBO-MOVY-FG-03VT79Q24OIILFO-LGNS000-GTE-P00005,Settled Early,08/01/26 08:50:48.358 AM EDT,$0.00
Doosan Bears -5.5,KBO-MOVY-FG-03VT79Q24OIILFO-DORS000-GTE-P00055,Settled Early,08/01/26 08:50:48.548 AM EDT,$0.00
Over 4.5,KBO-TRUNS-FG-03VT79Q24OIILFO-GTE-P00045,Settled Early,08/01/26 08:50:58.428 AM EDT,$0.00
Over 5.5,KBO-TRUNS-FG-03VT79Q24OIILFO-GTE-P00055,Settled Early,08/01/26 08:50:58.685 AM EDT,$0.00
Over 6.5,KBO-TRUNS-FG-03VT79Q24OIILFO-GTE-P00065,Settled Early,08/01/26 08:50:58.862 AM EDT,$0.00
Over 7.5,KBO-TRUNS-FG-03VT79Q24OIILFO-GTE-P00075,Settled Early,08/01/26 08:50:59.172 AM EDT,$0.00
Over 8.5,KBO-TRUNS-FG-03VT79Q24OIILFO-GTE-P00085,Settled Early,08/01/26 08:50:59.439 AM EDT,$0.00
Over 9.5,KBO-TRUNS-FG-03VT79Q24OIILFO-GTE-P00095,Settled Early,08/01/26 08:50:59.880 AM EDT,$0.00
Over 10.5,KBO-TRUNS-FG-03VT79Q24OIILFO-GTE-P00105,Settled Early,08/01/26 08:51:00.179 AM EDT,$0.00
Over 11.5,KBO-TRUNS-FG-03VT79Q24OIILFO-GTE-P00115,Settled Early,08/01/26 08:51:00.352 AM EDT,$0.00
Over 12.5,KBO-TRUNS-FG-03VT79Q24OIILFO-GTE-P00125,Settled Early,08/01/26 08:51:00.526 AM EDT,$0.00
Over 13.5,KBO-TRUNS-FG-03VT79Q24OIILFO-GTE-P00135,Settled Early,08/01/26 08:51:00.696 AM EDT,$0.00
Over 14.5,KBO-TRUNS-FG-03VT79Q24OIILFO-GTE-P00145,Settled Early,08/01/26 08:51:00.893 AM EDT,$0.00
Over 15.5,KBO-TRUNS-FG-03VT79Q24OIILFO-GTE-P00155,Settled Early,08/01/26 08:51:01.064 AM EDT,$0.00
Yokohama DeNA BayStars,NPB-WIN-FG-03VTIC3B4O0JHDG-YORS001,Settled Early,08/01/26 08:52:37.796 AM EDT,$1.00
Yomiuri Giants,NPB-WIN-FG-03VTIC3B4O0JHDG-YOTS000,Settled Early,08/01/26 08:52:38.205 AM EDT,$0.00
SSG Landers -0.5,KBO-MOVY-FG-03VT79PA4OIILEG-SSRS000-GTE-P00005,Settled Early,08/01/26 08:54:22.607 AM EDT,$1.00
SSG Landers -1.5,KBO-MOVY-FG-03VT79PA4OIILEG-SSRS000-GTE-P00015,Settled Early,08/01/26 08:54:22.894 AM EDT,$1.00
SSG Landers -4.5,KBO-MOVY-FG-03VT79PA4OIILEG-SSRS000-GTE-P00045,Settled Early,08/01/26 08:54:23.227 AM EDT,$1.00
SSG Landers -6.5,KBO-MOVY-FG-03VT79PA4OIILEG-SSRS000-GTE-P00065,Settled Early,08/01/26 08:54:23.462 AM EDT,$1.00
Kiwoom Heroes -0.5,KBO-MOVY-FG-03VT79PA4OIILEG-KIES000-GTE-P00005,Settled Early,08/01/26 08:54:23.700 AM EDT,$0.00
Kiwoom Heroes -1.5,KBO-MOVY-FG-03VT79PA4OIILEG-KIES000-GTE-P00015,Settled Early,08/01/26 08:54:23.917 AM EDT,$0.00
Kiwoom Heroes -4.5,KBO-MOVY-FG-03VT79PA4OIILEG-KIES000-GTE-P00045,Settled Early,08/01/26 08:54:24.130 AM EDT,$0.00
Kiwoom Heroes -5.5,KBO-MOVY-FG-03VT79PA4OIILEG-KIES000-GTE-P00055,Settled Early,08/01/26 08:54:24.324 AM EDT,$0.00
Kiwoom Heroes -6.5,KBO-MOVY-FG-03VT79PA4OIILEG-KIES000-GTE-P00065,Settled Early,08/01/26 08:54:24.540 AM EDT,$0.00
SSG Landers -3.5,KBO-MOVY-FG-03VT79PA4OIILEG-SSRS000-GTE-P00035,Settled Early,08/01/26 08:54:24.726 AM EDT,$1.00
SSG Landers -7.5,KBO-MOVY-FG-03VT79PA4OIILEG-SSRS000-GTE-P00075,Settled Early,08/01/26 08:54:24.921 AM EDT,$1.00
Kiwoom Heroes -2.5,KBO-MOVY-FG-03VT79PA4OIILEG-KIES000-GTE-P00025,Settled Early,08/01/26 08:54:25.110 AM EDT,$0.00
SSG Landers -2.5,KBO-MOVY-FG-03VT79PA4OIILEG-SSRS000-GTE-P00025,Settled Early,08/01/26 08:54:25.279 AM EDT,$1.00
SSG Landers -5.5,KBO-MOVY-FG-03VT79PA4OIILEG-SSRS000-GTE-P00055,Settled Early,08/01/26 08:54:25.534 AM EDT,$1.00
Kiwoom Heroes -3.5,KBO-MOVY-FG-03VT79PA4OIILEG-KIES000-GTE-P00035,Settled Early,08/01/26 08:54:25.742 AM EDT,$0.00
Kiwoom Heroes -7.5,KBO-MOVY-FG-03VT79PA4OIILEG-KIES000-GTE-P00075,Settled Early,08/01/26 08:54:25.936 AM EDT,$0.00
Over 15.5,NPB-TRUNS-FG-03VTIC3B4O0JHDG-GTE-P00155,Settled Early,08/01/26 08:54:48.004 AM EDT,$0.00
Over 14.5,KBO-TRUNS-FG-03VT79PA4OIILEG-GTE-P00145,Settled Early,08/01/26 08:55:23.575 AM EDT,$0.00
Over 12.5,KBO-TRUNS-FG-03VT79PA4OIILEG-GTE-P00125,Settled Early,08/01/26 08:55:23.838 AM EDT,$0.00
Over 13.5,KBO-TRUNS-FG-03VT79PA4OIILEG-GTE-P00135,Settled Early,08/01/26 08:55:24.088 AM EDT,$0.00
Over 15.5,KBO-TRUNS-FG-03VT79PA4OIILEG-GTE-P00155,Settled Early,08/01/26 08:55:24.323 AM EDT,$0.00
Yomiuri Giants -5.5,NPB-MOVY-FG-03VTIC3B4O0JHDG-YOTS000-GTE-P00055,Settled Early,08/01/26 08:56:14.505 AM EDT,$0.00
Yokohama DeNA BayStars -5.5,NPB-MOVY-FG-03VTIC3B4O0JHDG-YORS001-GTE-P00055,Settled Early,08/01/26 08:56:14.811 AM EDT,$0.00
Yomiuri Giants -7.5,NPB-MOVY-FG-03VTIC3B4O0JHDG-YOTS000-GTE-P00075,Settled Early,08/01/26 08:56:15.086 AM EDT,$0.00
Yomiuri Giants -2.5,NPB-MOVY-FG-03VTIC3B4O0JHDG-YOTS000-GTE-P00025,Settled Early,08/01/26 08:56:15.287 AM EDT,$0.00
Yokohama DeNA BayStars -4.5,NPB-MOVY-FG-03VTIC3B4O0JHDG-YORS001-GTE-P00045,Settled Early,08/01/26 08:56:15.489 AM EDT,$0.00
Yokohama DeNA BayStars -7.5,NPB-MOVY-FG-03VTIC3B4O0JHDG-YORS001-GTE-P00075,Settled Early,08/01/26 08:56:15.675 AM EDT,$0.00
Yokohama DeNA BayStars -0.5,NPB-MOVY-FG-03VTIC3B4O0JHDG-YORS001-GTE-P00005,Settled Early,08/01/26 08:56:15.879 AM EDT,$1.00
Yomiuri Giants -3.5,NPB-MOVY-FG-03VTIC3B4O0JHDG-YOTS000-GTE-P00035,Settled Early,08/01/26 08:56:16.052 AM EDT,$0.00
Yokohama DeNA BayStars -2.5,NPB-MOVY-FG-03VTIC3B4O0JHDG-YORS001-GTE-P00025,Settled Early,08/01/26 08:56:16.237 AM EDT,$0.00
Yokohama DeNA BayStars -1.5,NPB-MOVY-FG-03VTIC3B4O0JHDG-YORS001-GTE-P00015,Settled Early,08/01/26 08:56:16.546 AM EDT,$0.00
Yomiuri Giants -1.5,NPB-MOVY-FG-03VTIC3B4O0JHDG-YOTS000-GTE-P00015,Settled Early,08/01/26 08:56:16.809 AM EDT,$0.00
Yomiuri Giants -0.5,NPB-MOVY-FG-03VTIC3B4O0JHDG-YOTS000-GTE-P00005,Settled Early,08/01/26 08:56:17.023 AM EDT,$0.00
Yomiuri Giants -4.5,NPB-MOVY-FG-03VTIC3B4O0JHDG-YOTS000-GTE-P00045,Settled Early,08/01/26 08:56:17.221 AM EDT,$0.00
Yokohama DeNA BayStars -6.5,NPB-MOVY-FG-03VTIC3B4O0JHDG-YORS001-GTE-P00065,Settled Early,08/01/26 08:56:17.424 AM EDT,$0.00
Yokohama DeNA BayStars -3.5,NPB-MOVY-FG-03VTIC3B4O0JHDG-YORS001-GTE-P00035,Settled Early,08/01/26 08:56:17.621 AM EDT,$0.00
Yomiuri Giants -6.5,NPB-MOVY-FG-03VTIC3B4O0JHDG-YOTS000-GTE-P00065,Settled Early,08/01/26 08:56:17.831 AM EDT,$0.00
SSG Landers,KBO-WIN-FG-03VT79PA4OIILEG-SSRS000,Settled Early,08/01/26 08:56:28.774 AM EDT,$1.00
Kiwoom Heroes,KBO-WIN-FG-03VT79PA4OIILEG-KIES000,Settled Early,08/01/26 08:56:29.220 AM EDT,$0.00
Austin Riley 1.5,MLB-PHRR-FG-03VQOQO34OOEMK8-AUEY000-GTE-P00015,Settled Early,08/01/26 09:38:16.599 AM EDT,$0.52
Austin Riley 0.5,MLB-PHRR-FG-03VQOQO34OOEMK8-AUEY000-GTE-P00005,Settled Early,08/01/26 09:38:16.876 AM EDT,$0.50
Austin Riley 6.5,MLB-PHRR-FG-03VQOQO34OOEMK8-AUEY000-GTE-P00065,Settled Early,08/01/26 09:38:17.071 AM EDT,$0.50
Austin Riley 7.5,MLB-PHRR-FG-03VQOQO34OOEMK8-AUEY000-GTE-P00075,Settled Early,08/01/26 09:38:17.241 AM EDT,$0.50
Austin Riley 5.5,MLB-PHRR-FG-03VQOQO34OOEMK8-AUEY000-GTE-P00055,Settled Early,08/01/26 09:38:17.430 AM EDT,$0.50
Austin Riley 2.5,MLB-PHRR-FG-03VQOQO34OOEMK8-AUEY000-GTE-P00025,Settled Early,08/01/26 09:38:17.622 AM EDT,$0.50
Austin Riley 3.5,MLB-PHRR-FG-03VQOQO34OOEMK8-AUEY000-GTE-P00035,Settled Early,08/01/26 09:38:17.810 AM EDT,$0.50
Austin Riley 8.5,MLB-PHRR-FG-03VQOQO34OOEMK8-AUEY000-GTE-P00085,Settled Early,08/01/26 09:38:17.997 AM EDT,$0.50
Austin Riley 9.5,MLB-PHRR-FG-03VQOQO34OOEMK8-AUEY000-GTE-P00095,Settled Early,08/01/26 09:38:18.160 AM EDT,$0.50
Austin Riley 4.5,MLB-PHRR-FG-03VQOQO34OOEMK8-AUEY000-GTE-P00045,Settled Early,08/01/26 09:38:18.375 AM EDT,$0.50
Hanshin Tigers,NPB-WIN-FG-03VTIFL14O0S3FG-HARS001,Settled Early,08/01/26 10:00:48.959 AM EDT,$1.00
Tokyo Yakult Swallows,NPB-WIN-FG-03VTIFL14O0S3FG-TOWS000,Settled Early,08/01/26 10:00:49.414 AM EDT,$0.00
Tokyo Yakult Swallows -1.5,NPB-MOVY-FG-03VTIFL14O0S3FG-TOWS000-GTE-P00015,Settled Early,08/01/26 10:01:13.331 AM EDT,$0.00
Tokyo Yakult Swallows -2.5,NPB-MOVY-FG-03VTIFL14O0S3FG-TOWS000-GTE-P00025,Settled Early,08/01/26 10:01:13.553 AM EDT,$0.00
Tokyo Yakult Swallows -3.5,NPB-MOVY-FG-03VTIFL14O0S3FG-TOWS000-GTE-P00035,Settled Early,08/01/26 10:01:13.734 AM EDT,$0.00
Tokyo Yakult Swallows -4.5,NPB-MOVY-FG-03VTIFL14O0S3FG-TOWS000-GTE-P00045,Settled Early,08/01/26 10:01:13.937 AM EDT,$0.00
Tokyo Yakult Swallows -5.5,NPB-MOVY-FG-03VTIFL14O0S3FG-TOWS000-GTE-P00055,Settled Early,08/01/26 10:01:14.113 AM EDT,$0.00
Hanshin Tigers -0.5,NPB-MOVY-FG-03VTIFL14O0S3FG-HARS001-GTE-P00005,Settled Early,08/01/26 10:01:14.310 AM EDT,$1.00
Hanshin Tigers -1.5,NPB-MOVY-FG-03VTIFL14O0S3FG-HARS001-GTE-P00015,Settled Early,08/01/26 10:01:14.497 AM EDT,$1.00
Tokyo Yakult Swallows -6.5,NPB-MOVY-FG-03VTIFL14O0S3FG-TOWS000-GTE-P00065,Settled Early,08/01/26 10:01:14.719 AM EDT,$0.00
Tokyo Yakult Swallows -7.5,NPB-MOVY-FG-03VTIFL14O0S3FG-TOWS000-GTE-P00075,Settled Early,08/01/26 10:01:14.923 AM EDT,$0.00
Hanshin Tigers -3.5,NPB-MOVY-FG-03VTIFL14O0S3FG-HARS001-GTE-P00035,Settled Early,08/01/26 10:01:15.093 AM EDT,$1.00
Hanshin Tigers -7.5,NPB-MOVY-FG-03VTIFL14O0S3FG-HARS001-GTE-P00075,Settled Early,08/01/26 10:01:15.289 AM EDT,$0.00
Hanshin Tigers -5.5,NPB-MOVY-FG-03VTIFL14O0S3FG-HARS001-GTE-P00055,Settled Early,08/01/26 10:01:15.479 AM EDT,$0.00
Hanshin Tigers -2.5,NPB-MOVY-FG-03VTIFL14O0S3FG-HARS001-GTE-P00025,Settled Early,08/01/26 10:01:15.683 AM EDT,$1.00
Hanshin Tigers -4.5,NPB-MOVY-FG-03VTIFL14O0S3FG-HARS001-GTE-P00045,Settled Early,08/01/26 10:01:15.942 AM EDT,$0.00
Tokyo Yakult Swallows -0.5,NPB-MOVY-FG-03VTIFL14O0S3FG-TOWS000-GTE-P00005,Settled Early,08/01/26 10:01:16.103 AM EDT,$0.00
Hanshin Tigers -6.5,NPB-MOVY-FG-03VTIFL14O0S3FG-HARS001-GTE-P00065,Settled Early,08/01/26 10:01:16.295 AM EDT,$0.00
Over 12.5,NPB-TRUNS-FG-03VTIFL14O0S3FG-GTE-P00125,Settled Early,08/01/26 10:01:36.049 AM EDT,$0.00
Over 14.5,NPB-TRUNS-FG-03VTIFL14O0S3FG-GTE-P00145,Settled Early,08/01/26 10:01:36.259 AM EDT,$0.00
Over 15.5,NPB-TRUNS-FG-03VTIFL14O0S3FG-GTE-P00155,Settled Early,08/01/26 10:01:36.431 AM EDT,$0.00
Over 10.5,NPB-TRUNS-FG-03VTIFL14O0S3FG-GTE-P00105,Settled Early,08/01/26 10:01:36.606 AM EDT,$0.00
Over 11.5,NPB-TRUNS-FG-03VTIFL14O0S3FG-GTE-P00115,Settled Early,08/01/26 10:01:36.780 AM EDT,$0.00
Over 13.5,NPB-TRUNS-FG-03VTIFL14O0S3FG-GTE-P00135,Settled Early,08/01/26 10:01:36.973 AM EDT,$0.00
Fukuoka Softbank Hawks,NPB-WIN-FG-01DGCL9ITMKAMM8-FUKS000,Settled Early,08/01/26 12:49:16.552 PM EDT,$0.57
Tohoku Rakuten Golden Eagles,NPB-WIN-FG-01DGCL9ITMKAMM8-TOES000,Settled Early,08/01/26 12:49:17.029 PM EDT,$0.43
Over 4.5,NPB-TRUNS-FG-01DGCL9ITMKAMM8-GTE-P00045,Settled Early,08/01/26 12:49:35.848 PM EDT,$0.50
Over 13.5,NPB-TRUNS-FG-01DGCL9ITMKAMM8-GTE-P00135,Settled Early,08/01/26 12:49:36.065 PM EDT,$0.50
Over 9.5,NPB-TRUNS-FG-01DGCL9ITMKAMM8-GTE-P00095,Settled Early,08/01/26 12:49:36.259 PM EDT,$0.50
Over 7.5,NPB-TRUNS-FG-01DGCL9ITMKAMM8-GTE-P00075,Settled Early,08/01/26 12:49:36.438 PM EDT,$0.52
Over 12.5,NPB-TRUNS-FG-01DGCL9ITMKAMM8-GTE-P00125,Settled Early,08/01/26 12:49:36.685 PM EDT,$0.50
Over 15.5,NPB-TRUNS-FG-01DGCL9ITMKAMM8-GTE-P00155,Settled Early,08/01/26 12:49:36.861 PM EDT,$0.50
Over 6.5,NPB-TRUNS-FG-01DGCL9ITMKAMM8-GTE-P00065,Settled Early,08/01/26 12:49:37.044 PM EDT,$0.58
Over 8.5,NPB-TRUNS-FG-01DGCL9ITMKAMM8-GTE-P00085,Settled Early,08/01/26 12:49:37.285 PM EDT,$0.50
Over 3.5,NPB-TRUNS-FG-01DGCL9ITMKAMM8-GTE-P00035,Settled Early,08/01/26 12:49:37.475 PM EDT,$0.50
Over 11.5,NPB-TRUNS-FG-01DGCL9ITMKAMM8-GTE-P00115,Settled Early,08/01/26 12:49:37.651 PM EDT,$0.50
Over 14.5,NPB-TRUNS-FG-01DGCL9ITMKAMM8-GTE-P00145,Settled Early,08/01/26 12:49:37.817 PM EDT,$0.50
Over 10.5,NPB-TRUNS-FG-01DGCL9ITMKAMM8-GTE-P00105,Settled Early,08/01/26 12:49:38.012 PM EDT,$0.50
Over 5.5,NPB-TRUNS-FG-01DGCL9ITMKAMM8-GTE-P00055,Settled Early,08/01/26 12:49:38.221 PM EDT,$0.50
Tohoku Rakuten Golden Eagles -5.5,NPB-MOVY-FG-01DGCL9ITMKAMM8-TOES000-GTE-P00055,Settled Early,08/01/26 12:49:51.560 PM EDT,$0.50
Tohoku Rakuten Golden Eagles -2.5,NPB-MOVY-FG-01DGCL9ITMKAMM8-TOES000-GTE-P00025,Settled Early,08/01/26 12:49:51.732 PM EDT,$0.50
Tohoku Rakuten Golden Eagles -3.5,NPB-MOVY-FG-01DGCL9ITMKAMM8-TOES000-GTE-P00035,Settled Early,08/01/26 12:49:51.928 PM EDT,$0.50
Tohoku Rakuten Golden Eagles -4.5,NPB-MOVY-FG-01DGCL9ITMKAMM8-TOES000-GTE-P00045,Settled Early,08/01/26 12:49:52.121 PM EDT,$0.50
Tohoku Rakuten Golden Eagles -1.5,NPB-MOVY-FG-01DGCL9ITMKAMM8-TOES000-GTE-P00015,Settled Early,08/01/26 12:49:52.314 PM EDT,$0.50
Tohoku Rakuten Golden Eagles -0.5,NPB-MOVY-FG-01DGCL9ITMKAMM8-TOES000-GTE-P00005,Settled Early,08/01/26 12:49:52.530 PM EDT,$0.50
Fukuoka Softbank Hawks -0.5,NPB-MOVY-FG-01DGCL9ITMKAMM8-FUKS000-GTE-P00005,Settled Early,08/01/26 12:49:52.724 PM EDT,$0.55
Fukuoka Softbank Hawks -3.5,NPB-MOVY-FG-01DGCL9ITMKAMM8-FUKS000-GTE-P00035,Settled Early,08/01/26 12:49:52.935 PM EDT,$0.50
Fukuoka Softbank Hawks -2.5,NPB-MOVY-FG-01DGCL9ITMKAMM8-FUKS000-GTE-P00025,Settled Early,08/01/26 12:49:53.098 PM EDT,$0.50
Fukuoka Softbank Hawks -7.5,NPB-MOVY-FG-01DGCL9ITMKAMM8-FUKS000-GTE-P00075,Settled Early,08/01/26 12:49:53.284 PM EDT,$0.50
Fukuoka Softbank Hawks -4.5,NPB-MOVY-FG-01DGCL9ITMKAMM8-FUKS000-GTE-P00045,Settled Early,08/01/26 12:49:53.472 PM EDT,$0.50
Fukuoka Softbank Hawks -5.5,NPB-MOVY-FG-01DGCL9ITMKAMM8-FUKS000-GTE-P00055,Settled Early,08/01/26 12:49:53.666 PM EDT,$0.50
Tohoku Rakuten Golden Eagles -6.5,NPB-MOVY-FG-01DGCL9ITMKAMM8-TOES000-GTE-P00065,Settled Early,08/01/26 12:49:53.863 PM EDT,$0.50
Tohoku Rakuten Golden Eagles -7.5,NPB-MOVY-FG-01DGCL9ITMKAMM8-TOES000-GTE-P00075,Settled Early,08/01/26 12:49:54.023 PM EDT,$0.50
Fukuoka Softbank Hawks -1.5,NPB-MOVY-FG-01DGCL9ITMKAMM8-FUKS000-GTE-P00015,Settled Early,08/01/26 12:49:54.216 PM EDT,$0.45
Fukuoka Softbank Hawks -6.5,NPB-MOVY-FG-01DGCL9ITMKAMM8-FUKS000-GTE-P00065,Settled Early,08/01/26 12:49:54.500 PM EDT,$0.50
Samsung Lions,KBO-WIN-FG-03VT79UH4OIILA0-SANS000,Settled Early,08/01/26 02:54:35.654 PM EDT,$0.60
Lotte Giants,KBO-WIN-FG-03VT79UH4OIILA0-LOTS001,Settled Early,08/01/26 02:54:36.325 PM EDT,$0.40
Samsung Lions -4.5,KBO-MOVY-FG-03VT79UH4OIILA0-SANS000-GTE-P00045,Settled Early,08/01/26 02:55:04.995 PM EDT,$0.50
Lotte Giants -1.5,KBO-MOVY-FG-03VT79UH4OIILA0-LOTS001-GTE-P00015,Settled Early,08/01/26 02:55:05.253 PM EDT,$0.50
Lotte Giants -4.5,KBO-MOVY-FG-03VT79UH4OIILA0-LOTS001-GTE-P00045,Settled Early,08/01/26 02:55:05.468 PM EDT,$0.50
Lotte Giants -7.5,KBO-MOVY-FG-03VT79UH4OIILA0-LOTS001-GTE-P00075,Settled Early,08/01/26 02:55:05.711 PM EDT,$0.50
Samsung Lions -1.5,KBO-MOVY-FG-03VT79UH4OIILA0-SANS000-GTE-P00015,Settled Early,08/01/26 02:55:05.952 PM EDT,$0.48
Samsung Lions -3.5,KBO-MOVY-FG-03VT79UH4OIILA0-SANS000-GTE-P00035,Settled Early,08/01/26 02:55:06.225 PM EDT,$0.50
Samsung Lions -2.5,KBO-MOVY-FG-03VT79UH4OIILA0-SANS000-GTE-P00025,Settled Early,08/01/26 02:55:06.396 PM EDT,$0.41
Samsung Lions -0.5,KBO-MOVY-FG-03VT79UH4OIILA0-SANS000-GTE-P00005,Settled Early,08/01/26 02:55:06.644 PM EDT,$0.50
Lotte Giants -0.5,KBO-MOVY-FG-03VT79UH4OIILA0-LOTS001-GTE-P00005,Settled Early,08/01/26 02:55:06.837 PM EDT,$0.50
Lotte Giants -3.5,KBO-MOVY-FG-03VT79UH4OIILA0-LOTS001-GTE-P00035,Settled Early,08/01/26 02:55:07.036 PM EDT,$0.50
Samsung Lions -6.5,KBO-MOVY-FG-03VT79UH4OIILA0-SANS000-GTE-P00065,Settled Early,08/01/26 02:55:07.220 PM EDT,$0.50
Samsung Lions -5.5,KBO-MOVY-FG-03VT79UH4OIILA0-SANS000-GTE-P00055,Settled Early,08/01/26 02:55:07.398 PM EDT,$0.50
Lotte Giants -2.5,KBO-MOVY-FG-03VT79UH4OIILA0-LOTS001-GTE-P00025,Settled Early,08/01/26 02:55:07.572 PM EDT,$0.50
Lotte Giants -6.5,KBO-MOVY-FG-03VT79UH4OIILA0-LOTS001-GTE-P00065,Settled Early,08/01/26 02:55:07.746 PM EDT,$0.50
Samsung Lions -7.5,KBO-MOVY-FG-03VT79UH4OIILA0-SANS000-GTE-P00075,Settled Early,08/01/26 02:55:07.921 PM EDT,$0.50
Lotte Giants -5.5,KBO-MOVY-FG-03VT79UH4OIILA0-LOTS001-GTE-P00055,Settled Early,08/01/26 02:55:08.117 PM EDT,$0.50
Over 14.5,KBO-TRUNS-FG-03VT79UH4OIILA0-GTE-P00145,Settled Early,08/01/26 02:56:05.295 PM EDT,$0.27
Over 11.5,KBO-TRUNS-FG-03VT79UH4OIILA0-GTE-P00115,Settled Early,08/01/26 02:56:05.608 PM EDT,$0.43
Over 15.5,KBO-TRUNS-FG-03VT79UH4OIILA0-GTE-P00155,Settled Early,08/01/26 02:56:05.844 PM EDT,$0.50
Over 6.5,KBO-TRUNS-FG-03VT79UH4OIILA0-GTE-P00065,Settled Early,08/01/26 02:56:06.092 PM EDT,$0.50
Over 9.5,KBO-TRUNS-FG-03VT79UH4OIILA0-GTE-P00095,Settled Early,08/01/26 02:56:06.330 PM EDT,$0.58
Over 10.5,KBO-TRUNS-FG-03VT79UH4OIILA0-GTE-P00105,Settled Early,08/01/26 02:56:06.594 PM EDT,$0.51
Over 8.5,KBO-TRUNS-FG-03VT79UH4OIILA0-GTE-P00085,Settled Early,08/01/26 02:56:06.991 PM EDT,$0.50
Over 3.5,KBO-TRUNS-FG-03VT79UH4OIILA0-GTE-P00035,Settled Early,08/01/26 02:56:07.162 PM EDT,$0.50
Over 12.5,KBO-TRUNS-FG-03VT79UH4OIILA0-GTE-P00125,Settled Early,08/01/26 02:56:07.329 PM EDT,$0.50
Over 13.5,KBO-TRUNS-FG-03VT79UH4OIILA0-GTE-P00135,Settled Early,08/01/26 02:56:07.503 PM EDT,$0.50
Over 7.5,KBO-TRUNS-FG-03VT79UH4OIILA0-GTE-P00075,Settled Early,08/01/26 02:56:07.674 PM EDT,$0.50
Over 5.5,KBO-TRUNS-FG-03VT79UH4OIILA0-GTE-P00055,Settled Early,08/01/26 02:56:07.840 PM EDT,$0.50
Over 4.5,KBO-TRUNS-FG-03VT79UH4OIILA0-GTE-P00045,Settled Early,08/01/26 02:56:08.017 PM EDT,$0.50
NC Dinos,KBO-WIN-FG-03VT79ST4OIIKHG-NCOS000,Settled Early,08/01/26 03:02:08.914 PM EDT,$0.62
KIA Tigers,KBO-WIN-FG-03VT79ST4OIIKHG-KIRS000,Settled Early,08/01/26 03:02:09.305 PM EDT,$0.38
Over 4.5,KBO-TRUNS-FG-03VT79ST4OIIKHG-GTE-P00045,Settled Early,08/01/26 03:03:17.984 PM EDT,$0.50
Over 3.5,KBO-TRUNS-FG-03VT79ST4OIIKHG-GTE-P00035,Settled Early,08/01/26 03:03:18.229 PM EDT,$0.50
Over 5.5,KBO-TRUNS-FG-03VT79ST4OIIKHG-GTE-P00055,Settled Early,08/01/26 03:03:18.449 PM EDT,$0.50
Over 7.5,KBO-TRUNS-FG-03VT79ST4OIIKHG-GTE-P00075,Settled Early,08/01/26 03:03:18.658 PM EDT,$0.50
Over 8.5,KBO-TRUNS-FG-03VT79ST4OIIKHG-GTE-P00085,Settled Early,08/01/26 03:03:18.850 PM EDT,$0.65
Over 9.5,KBO-TRUNS-FG-03VT79ST4OIIKHG-GTE-P00095,Settled Early,08/01/26 03:03:19.107 PM EDT,$0.55
Over 10.5,KBO-TRUNS-FG-03VT79ST4OIIKHG-GTE-P00105,Settled Early,08/01/26 03:03:19.403 PM EDT,$0.45
Over 11.5,KBO-TRUNS-FG-03VT79ST4OIIKHG-GTE-P00115,Settled Early,08/01/26 03:03:19.699 PM EDT,$0.39
Over 12.5,KBO-TRUNS-FG-03VT79ST4OIIKHG-GTE-P00125,Settled Early,08/01/26 03:03:19.941 PM EDT,$0.50
Over 13.5,KBO-TRUNS-FG-03VT79ST4OIIKHG-GTE-P00135,Settled Early,08/01/26 03:03:20.152 PM EDT,$0.50
Over 14.5,KBO-TRUNS-FG-03VT79ST4OIIKHG-GTE-P00145,Settled Early,08/01/26 03:03:20.328 PM EDT,$0.50
Over 15.5,KBO-TRUNS-FG-03VT79ST4OIIKHG-GTE-P00155,Settled Early,08/01/26 03:03:20.522 PM EDT,$0.50
Over 6.5,KBO-TRUNS-FG-03VT79ST4OIIKHG-GTE-P00065,Settled Early,08/01/26 03:03:20.727 PM EDT,$0.50
KIA Tigers -7.5,KBO-MOVY-FG-03VT79ST4OIIKHG-KIRS000-GTE-P00075,Settled Early,08/01/26 03:05:39.699 PM EDT,$0.50
NC Dinos -1.5,KBO-MOVY-FG-03VT79ST4OIIKHG-NCOS000-GTE-P00015,Settled Early,08/01/26 03:05:39.909 PM EDT,$0.49
NC Dinos -7.5,KBO-MOVY-FG-03VT79ST4OIIKHG-NCOS000-GTE-P00075,Settled Early,08/01/26 03:05:40.253 PM EDT,$0.50
KIA Tigers -0.5,KBO-MOVY-FG-03VT79ST4OIIKHG-KIRS000-GTE-P00005,Settled Early,08/01/26 03:05:40.447 PM EDT,$0.50
NC Dinos -2.5,KBO-MOVY-FG-03VT79ST4OIIKHG-NCOS000-GTE-P00025,Settled Early,08/01/26 03:05:40.650 PM EDT,$0.39
KIA Tigers -1.5,KBO-MOVY-FG-03VT79ST4OIIKHG-KIRS000-GTE-P00015,Settled Early,08/01/26 03:05:40.852 PM EDT,$0.29
KIA Tigers -4.5,KBO-MOVY-FG-03VT79ST4OIIKHG-KIRS000-GTE-P00045,Settled Early,08/01/26 03:05:41.088 PM EDT,$0.50
NC Dinos -5.5,KBO-MOVY-FG-03VT79ST4OIIKHG-NCOS000-GTE-P00055,Settled Early,08/01/26 03:05:41.285 PM EDT,$0.50
NC Dinos -6.5,KBO-MOVY-FG-03VT79ST4OIIKHG-NCOS000-GTE-P00065,Settled Early,08/01/26 03:05:41.503 PM EDT,$0.50
KIA Tigers -6.5,KBO-MOVY-FG-03VT79ST4OIIKHG-KIRS000-GTE-P00065,Settled Early,08/01/26 03:05:41.693 PM EDT,$0.50
NC Dinos -4.5,KBO-MOVY-FG-03VT79ST4OIIKHG-NCOS000-GTE-P00045,Settled Early,08/01/26 03:05:41.868 PM EDT,$0.50
NC Dinos -0.5,KBO-MOVY-FG-03VT79ST4OIIKHG-NCOS000-GTE-P00005,Settled Early,08/01/26 03:05:42.051 PM EDT,$0.50
KIA Tigers -3.5,KBO-MOVY-FG-03VT79ST4OIIKHG-KIRS000-GTE-P00035,Settled Early,08/01/26 03:05:42.241 PM EDT,$0.50
KIA Tigers -5.5,KBO-MOVY-FG-03VT79ST4OIIKHG-KIRS000-GTE-P00055,Settled Early,08/01/26 03:05:42.408 PM EDT,$0.50
NC Dinos -3.5,KBO-MOVY-FG-03VT79ST4OIIKHG-NCOS000-GTE-P00035,Settled Early,08/01/26 03:05:42.603 PM EDT,$0.50
KIA Tigers -2.5,KBO-MOVY-FG-03VT79ST4OIIKHG-KIRS000-GTE-P00025,Settled Early,08/01/26 03:05:42.801 PM EDT,$0.50
Over 0.5,MLB-TRUNS-I1-02HVCN67ONRU7HO-GTE-P00005,Settled Early,08/01/26 03:35:26.291 PM EDT,$0.00
Over 1.5,MLB-TRUNS-I1-02HVCN67ONRU7HO-GTE-P00015,Settled Early,08/01/26 03:35:26.712 PM EDT,$0.00
Over 3.5,MLB-TRUNS-I1-02HVCN67ONRU7HO-GTE-P00035,Settled Early,08/01/26 03:35:27.058 PM EDT,$0.00
Over 4.5,MLB-TRUNS-I1-02HVCN67ONRU7HO-GTE-P00045,Settled Early,08/01/26 03:35:27.298 PM EDT,$0.00
Over 2.5,MLB-TRUNS-I1-02HVCN67ONRU7HO-GTE-P00025,Settled Early,08/01/26 03:35:27.510 PM EDT,$0.00
Over 3.5,MLB-TRUNS-I2-02HVCN67ONRU7HO-GTE-P00035,Settled Early,08/01/26 04:43:02.932 PM EDT,$0.00
Over 1.5,MLB-TRUNS-I2-02HVCN67ONRU7HO-GTE-P00015,Settled Early,08/01/26 04:43:03.161 PM EDT,$0.00
Over 2.5,MLB-TRUNS-I2-02HVCN67ONRU7HO-GTE-P00025,Settled Early,08/01/26 04:43:03.428 PM EDT,$0.00
Over 0.5,MLB-TRUNS-I2-02HVCN67ONRU7HO-GTE-P00005,Settled Early,08/01/26 04:43:03.620 PM EDT,$0.00
Over 4.5,MLB-TRUNS-I2-02HVCN67ONRU7HO-GTE-P00045,Settled Early,08/01/26 04:43:03.845 PM EDT,$0.00
Over 1.5,MLB-TRUNS-I3-02HVCN67ONRU7HO-GTE-P00015,Settled Early,08/01/26 04:44:11.638 PM EDT,$0.00
Over 4.5,MLB-TRUNS-I3-02HVCN67ONRU7HO-GTE-P00045,Settled Early,08/01/26 04:44:11.999 PM EDT,$0.00
Over 3.5,MLB-TRUNS-I3-02HVCN67ONRU7HO-GTE-P00035,Settled Early,08/01/26 04:44:12.197 PM EDT,$0.00
Over 2.5,MLB-TRUNS-I3-02HVCN67ONRU7HO-GTE-P00025,Settled Early,08/01/26 04:44:12.397 PM EDT,$0.00
Over 0.5,MLB-TRUNS-I3-02HVCN67ONRU7HO-GTE-P00005,Settled Early,08/01/26 04:44:12.620 PM EDT,$1.00
Over 0.5,MLB-TRUNS-I4-02HVCN67ONRU7HO-GTE-P00005,Settled Early,08/01/26 04:44:24.506 PM EDT,$1.00
Over 1.5,MLB-TRUNS-I4-02HVCN67ONRU7HO-GTE-P00015,Settled Early,08/01/26 04:44:25.021 PM EDT,$0.00
Over 2.5,MLB-TRUNS-I4-02HVCN67ONRU7HO-GTE-P00025,Settled Early,08/01/26 04:44:25.305 PM EDT,$0.00
Over 3.5,MLB-TRUNS-I4-02HVCN67ONRU7HO-GTE-P00035,Settled Early,08/01/26 04:44:25.560 PM EDT,$0.00
Over 4.5,MLB-TRUNS-I4-02HVCN67ONRU7HO-GTE-P00045,Settled Early,08/01/26 04:44:25.785 PM EDT,$0.00
Over 2.5,MLB-TRUNS-I5-02HVCN67ONRU7HO-GTE-P00025,Settled Early,08/01/26 04:44:36.550 PM EDT,$0.00
Over 1.5,MLB-TRUNS-I5-02HVCN67ONRU7HO-GTE-P00015,Settled Early,08/01/26 04:44:36.825 PM EDT,$0.00
Over 3.5,MLB-TRUNS-I5-02HVCN67ONRU7HO-GTE-P00035,Settled Early,08/01/26 04:44:37.107 PM EDT,$0.00
Over 0.5,MLB-TRUNS-I5-02HVCN67ONRU7HO-GTE-P00005,Settled Early,08/01/26 04:44:37.336 PM EDT,$0.00
Over 4.5,MLB-TRUNS-I5-02HVCN67ONRU7HO-GTE-P00045,Settled Early,08/01/26 04:44:37.626 PM EDT,$0.00
TOR Blue Jays -0.5,MLB-MOVY-IT5-02HVCN67ONRU7HO-TOYS000-GTE-P00005,Settled Early,08/01/26 04:45:11.922 PM EDT,$1.00
TOR Blue Jays -1.5,MLB-MOVY-IT5-02HVCN67ONRU7HO-TOYS000-GTE-P00015,Settled Early,08/01/26 04:45:13.317 PM EDT,$1.00
TOR Blue Jays -2.5,MLB-MOVY-IT5-02HVCN67ONRU7HO-TOYS000-GTE-P00025,Settled Early,08/01/26 04:45:13.792 PM EDT,$0.00
TOR Blue Jays -3.5,MLB-MOVY-IT5-02HVCN67ONRU7HO-TOYS000-GTE-P00035,Settled Early,08/01/26 04:45:14.108 PM EDT,$0.00
TOR Blue Jays -4.5,MLB-MOVY-IT5-02HVCN67ONRU7HO-TOYS000-GTE-P00045,Settled Early,08/01/26 04:45:14.402 PM EDT,$0.00
STL Cardinals -0.5,MLB-MOVY-IT5-02HVCN67ONRU7HO-STLS000-GTE-P00005,Settled Early,08/01/26 04:45:14.706 PM EDT,$0.00
STL Cardinals -1.5,MLB-MOVY-IT5-02HVCN67ONRU7HO-STLS000-GTE-P00015,Settled Early,08/01/26 04:45:15.001 PM EDT,$0.00
STL Cardinals -2.5,MLB-MOVY-IT5-02HVCN67ONRU7HO-STLS000-GTE-P00025,Settled Early,08/01/26 04:45:15.322 PM EDT,$0.00
STL Cardinals -3.5,MLB-MOVY-IT5-02HVCN67ONRU7HO-STLS000-GTE-P00035,Settled Early,08/01/26 04:45:15.573 PM EDT,$0.00
STL Cardinals -4.5,MLB-MOVY-IT5-02HVCN67ONRU7HO-STLS000-GTE-P00045,Settled Early,08/01/26 04:45:15.846 PM EDT,$0.00
TOR Blue Jays,MLB-WIN-IT5-02HVCN67ONRU7HO-TOYS000,Settled Early,08/01/26 04:45:31.533 PM EDT,$1.00
STL Cardinals,MLB-WIN-IT5-02HVCN67ONRU7HO-STLS000,Settled Early,08/01/26 04:45:32.070 PM EDT,$0.00
Over 0.5,MLB-TRUNS-I1-02HVCN7CONRU6KO-GTE-P00005,Settled Early,08/01/26 04:50:50.032 PM EDT,$1.00
Over 1.5,MLB-TRUNS-I1-02HVCN7CONRU6KO-GTE-P00015,Settled Early,08/01/26 04:50:50.342 PM EDT,$1.00
Over 2.5,MLB-TRUNS-I1-02HVCN7CONRU6KO-GTE-P00025,Settled Early,08/01/26 04:50:50.578 PM EDT,$0.00
Over 4.5,MLB-TRUNS-I1-02HVCN7CONRU6KO-GTE-P00045,Settled Early,08/01/26 04:50:50.935 PM EDT,$0.00
Over 3.5,MLB-TRUNS-I1-02HVCN7CONRU6KO-GTE-P00035,Settled Early,08/01/26 04:50:51.161 PM EDT,$0.00
Over 1.5,MLB-TRUNS-I1-02HVDCLKONRTCPO-GTE-P00015,Settled Early,08/01/26 04:51:09.418 PM EDT,$0.00
Over 4.5,MLB-TRUNS-I1-02HVDCLKONRTCPO-GTE-P00045,Settled Early,08/01/26 04:51:09.695 PM EDT,$0.00
Over 3.5,MLB-TRUNS-I1-02HVDCLKONRTCPO-GTE-P00035,Settled Early,08/01/26 04:51:09.866 PM EDT,$0.00
Over 0.5,MLB-TRUNS-I1-02HVDCLKONRTCPO-GTE-P00005,Settled Early,08/01/26 04:51:10.082 PM EDT,$0.00
Over 2.5,MLB-TRUNS-I1-02HVDCLKONRTCPO-GTE-P00025,Settled Early,08/01/26 04:51:10.296 PM EDT,$0.00
Over 4.5,MLB-TRUNS-I1-02HVCN69ONRU6N8-GTE-P00045,Settled Early,08/01/26 05:00:23.618 PM EDT,$0.00
Over 1.5,MLB-TRUNS-I1-02HVCN69ONRU6N8-GTE-P00015,Settled Early,08/01/26 05:00:23.864 PM EDT,$0.00
Over 0.5,MLB-TRUNS-I1-02HVCN69ONRU6N8-GTE-P00005,Settled Early,08/01/26 05:00:24.127 PM EDT,$1.00
Over 3.5,MLB-TRUNS-I1-02HVCN69ONRU6N8-GTE-P00035,Settled Early,08/01/26 05:00:24.371 PM EDT,$0.00
Over 2.5,MLB-TRUNS-I1-02HVCN69ONRU6N8-GTE-P00025,Settled Early,08/01/26 05:00:24.594 PM EDT,$0.00
Over 4.5,MLB-TRUNS-I2-02HVCN7CONRU6KO-GTE-P00045,Settled Early,08/01/26 05:07:14.704 PM EDT,$0.00
Over 0.5,MLB-TRUNS-I2-02HVCN7CONRU6KO-GTE-P00005,Settled Early,08/01/26 05:07:14.928 PM EDT,$1.00
Over 1.5,MLB-TRUNS-I2-02HVCN7CONRU6KO-GTE-P00015,Settled Early,08/01/26 05:07:15.224 PM EDT,$0.00
Over 2.5,MLB-TRUNS-I2-02HVCN7CONRU6KO-GTE-P00025,Settled Early,08/01/26 05:07:15.420 PM EDT,$0.00
Over 3.5,MLB-TRUNS-I2-02HVCN7CONRU6KO-GTE-P00035,Settled Early,08/01/26 05:07:15.663 PM EDT,$0.00
Over 0.5,MLB-TRUNS-I2-02HVDCLKONRTCPO-GTE-P00005,Settled Early,08/01/26 05:08:16.191 PM EDT,$0.00
Over 1.5,MLB-TRUNS-I2-02HVDCLKONRTCPO-GTE-P00015,Settled Early,08/01/26 05:08:16.521 PM EDT,$0.00
Over 2.5,MLB-TRUNS-I2-02HVDCLKONRTCPO-GTE-P00025,Settled Early,08/01/26 05:08:16.721 PM EDT,$0.00
Over 3.5,MLB-TRUNS-I2-02HVDCLKONRTCPO-GTE-P00035,Settled Early,08/01/26 05:08:16.949 PM EDT,$0.00
Over 4.5,MLB-TRUNS-I2-02HVDCLKONRTCPO-GTE-P00045,Settled Early,08/01/26 05:08:17.178 PM EDT,$0.00
Over 0.5,MLB-TRUNS-I3-02HVDCLKONRTCPO-GTE-P00005,Settled Early,08/01/26 05:16:42.789 PM EDT,$0.00
Over 4.5,MLB-TRUNS-I3-02HVDCLKONRTCPO-GTE-P00045,Settled Early,08/01/26 05:16:43.096 PM EDT,$0.00
Over 1.5,MLB-TRUNS-I3-02HVDCLKONRTCPO-GTE-P00015,Settled Early,08/01/26 05:16:43.303 PM EDT,$0.00
Over 2.5,MLB-TRUNS-I3-02HVDCLKONRTCPO-GTE-P00025,Settled Early,08/01/26 05:16:43.471 PM EDT,$0.00
Over 3.5,MLB-TRUNS-I3-02HVDCLKONRTCPO-GTE-P00035,Settled Early,08/01/26 05:16:43.694 PM EDT,$0.00
Over 4.5,MLB-TRUNS-IT5-02HVDCLKONRTCPO-GTE-P00045,Settled Early,08/01/26 05:29:47.007 PM EDT,$0.00
Over 6.5,MLB-TRUNS-IT5-02HVDCLKONRTCPO-GTE-P00065,Settled Early,08/01/26 05:29:47.468 PM EDT,$0.00
Over 0.5,MLB-TRUNS-IT5-02HVDCLKONRTCPO-GTE-P00005,Settled Early,08/01/26 05:29:47.700 PM EDT,$1.00
Over 2.5,MLB-TRUNS-IT5-02HVDCLKONRTCPO-GTE-P00025,Settled Early,08/01/26 05:29:48.133 PM EDT,$0.00
Over 5.5,MLB-TRUNS-IT5-02HVDCLKONRTCPO-GTE-P00055,Settled Early,08/01/26 05:29:48.507 PM EDT,$0.00
Over 3.5,MLB-TRUNS-IT5-02HVDCLKONRTCPO-GTE-P00035,Settled Early,08/01/26 05:29:48.741 PM EDT,$0.00
Over 1.5,MLB-TRUNS-IT5-02HVDCLKONRTCPO-GTE-P00015,Settled Early,08/01/26 05:29:49.050 PM EDT,$0.00
Over 8.5,MLB-TRUNS-IT5-02HVDCLKONRTCPO-GTE-P00085,Settled Early,08/01/26 05:29:49.444 PM EDT,$0.00
Over 10.5,MLB-TRUNS-IT5-02HVDCLKONRTCPO-GTE-P00105,Settled Early,08/01/26 05:29:49.652 PM EDT,$0.00
Over 7.5,MLB-TRUNS-IT5-02HVDCLKONRTCPO-GTE-P00075,Settled Early,08/01/26 05:29:49.816 PM EDT,$0.00
Over 9.5,MLB-TRUNS-IT5-02HVDCLKONRTCPO-GTE-P00095,Settled Early,08/01/26 05:29:50.002 PM EDT,$0.00
CHI White Sox,MLB-WIN-IT5-02HVDCLKONRTCPO-CHOX000,Settled Early,08/01/26 05:30:00.363 PM EDT,$0.00
TB Rays,MLB-WIN-IT5-02HVDCLKONRTCPO-TBYS000,Settled Early,08/01/26 05:30:00.720 PM EDT,$1.00
CHI White Sox -3.5,MLB-MOVY-IT5-02HVDCLKONRTCPO-CHOX000-GTE-P00035,Settled Early,08/01/26 05:30:21.797 PM EDT,$0.00
CHI White Sox -1.5,MLB-MOVY-IT5-02HVDCLKONRTCPO-CHOX000-GTE-P00015,Settled Early,08/01/26 05:30:21.995 PM EDT,$0.00
CHI White Sox -4.5,MLB-MOVY-IT5-02HVDCLKONRTCPO-CHOX000-GTE-P00045,Settled Early,08/01/26 05:30:22.166 PM EDT,$0.00
TB Rays -3.5,MLB-MOVY-IT5-02HVDCLKONRTCPO-TBYS000-GTE-P00035,Settled Early,08/01/26 05:30:22.338 PM EDT,$0.00
CHI White Sox -2.5,MLB-MOVY-IT5-02HVDCLKONRTCPO-CHOX000-GTE-P00025,Settled Early,08/01/26 05:30:22.511 PM EDT,$0.00
CHI White Sox -0.5,MLB-MOVY-IT5-02HVDCLKONRTCPO-CHOX000-GTE-P00005,Settled Early,08/01/26 05:30:22.677 PM EDT,$0.00
TB Rays -1.5,MLB-MOVY-IT5-02HVDCLKONRTCPO-TBYS000-GTE-P00015,Settled Early,08/01/26 05:30:22.893 PM EDT,$0.00
TB Rays -2.5,MLB-MOVY-IT5-02HVDCLKONRTCPO-TBYS000-GTE-P00025,Settled Early,08/01/26 05:30:23.068 PM EDT,$0.00
TB Rays -4.5,MLB-MOVY-IT5-02HVDCLKONRTCPO-TBYS000-GTE-P00045,Settled Early,08/01/26 05:30:23.231 PM EDT,$0.00
TB Rays -0.5,MLB-MOVY-IT5-02HVDCLKONRTCPO-TBYS000-GTE-P00005,Settled Early,08/01/26 05:30:23.397 PM EDT,$1.00
Over 2.5,MLB-TRUNS-I3-02HVCN7CONRU6KO-GTE-P00025,Settled Early,08/01/26 05:35:40.636 PM EDT,$0.00
Over 0.5,MLB-TRUNS-I3-02HVCN7CONRU6KO-GTE-P00005,Settled Early,08/01/26 05:35:40.884 PM EDT,$0.00
Over 3.5,MLB-TRUNS-I3-02HVCN7CONRU6KO-GTE-P00035,Settled Early,08/01/26 05:35:41.184 PM EDT,$0.00
Over 4.5,MLB-TRUNS-I3-02HVCN7CONRU6KO-GTE-P00045,Settled Early,08/01/26 05:35:41.353 PM EDT,$0.00
Over 1.5,MLB-TRUNS-I3-02HVCN7CONRU6KO-GTE-P00015,Settled Early,08/01/26 05:35:41.521 PM EDT,$0.00
Over 0.5,MLB-TRUNS-I4-02HVCN7CONRU6KO-GTE-P00005,Settled Early,08/01/26 05:35:51.454 PM EDT,$0.00
Over 1.5,MLB-TRUNS-I4-02HVCN7CONRU6KO-GTE-P00015,Settled Early,08/01/26 05:35:51.695 PM EDT,$0.00
Over 2.5,MLB-TRUNS-I4-02HVCN7CONRU6KO-GTE-P00025,Settled Early,08/01/26 05:35:51.951 PM EDT,$0.00
Over 3.5,MLB-TRUNS-I4-02HVCN7CONRU6KO-GTE-P00035,Settled Early,08/01/26 05:35:52.151 PM EDT,$0.00
Over 4.5,MLB-TRUNS-I4-02HVCN7CONRU6KO-GTE-P00045,Settled Early,08/01/26 05:35:52.352 PM EDT,$0.00
Over 4.5,MLB-TRUNS-I4-02HVDCLKONRTCPO-GTE-P00045,Settled Early,08/01/26 05:36:12.596 PM EDT,$0.00
Over 1.5,MLB-TRUNS-I4-02HVDCLKONRTCPO-GTE-P00015,Settled Early,08/01/26 05:36:12.772 PM EDT,$0.00
Over 2.5,MLB-TRUNS-I4-02HVDCLKONRTCPO-GTE-P00025,Settled Early,08/01/26 05:36:13.024 PM EDT,$0.00
Over 0.5,MLB-TRUNS-I4-02HVDCLKONRTCPO-GTE-P00005,Settled Early,08/01/26 05:36:13.196 PM EDT,$0.00
Over 3.5,MLB-TRUNS-I4-02HVDCLKONRTCPO-GTE-P00035,Settled Early,08/01/26 05:36:13.449 PM EDT,$0.00
Over 0.5,MLB-TRUNS-I5-02HVDCLKONRTCPO-GTE-P00005,Settled Early,08/01/26 05:36:30.416 PM EDT,$1.00
Over 3.5,MLB-TRUNS-I5-02HVDCLKONRTCPO-GTE-P00035,Settled Early,08/01/26 05:36:30.604 PM EDT,$0.00
Over 1.5,MLB-TRUNS-I5-02HVDCLKONRTCPO-GTE-P00015,Settled Early,08/01/26 05:36:30.771 PM EDT,$0.00
Over 4.5,MLB-TRUNS-I5-02HVDCLKONRTCPO-GTE-P00045,Settled Early,08/01/26 05:36:31.043 PM EDT,$0.00
Over 2.5,MLB-TRUNS-I5-02HVDCLKONRTCPO-GTE-P00025,Settled Early,08/01/26 05:36:31.238 PM EDT,$0.00
Over 3.5,MLB-TRUNS-I2-02HVCN69ONRU6N8-GTE-P00035,Settled Early,08/01/26 05:40:08.316 PM EDT,$1.00
Over 1.5,MLB-TRUNS-I2-02HVCN69ONRU6N8-GTE-P00015,Settled Early,08/01/26 05:40:08.631 PM EDT,$1.00
Over 4.5,MLB-TRUNS-I2-02HVCN69ONRU6N8-GTE-P00045,Settled Early,08/01/26 05:40:08.852 PM EDT,$0.00
Over 2.5,MLB-TRUNS-I2-02HVCN69ONRU6N8-GTE-P00025,Settled Early,08/01/26 05:40:09.099 PM EDT,$1.00
Over 0.5,MLB-TRUNS-I2-02HVCN69ONRU6N8-GTE-P00005,Settled Early,08/01/26 05:40:09.464 PM EDT,$1.00
Over 3.5,MLB-TRUNS-IT5-02HVCN7CONRU6KO-GTE-P00035,Settled Early,08/01/26 05:42:43.251 PM EDT,$1.00
Over 4.5,MLB-TRUNS-IT5-02HVCN7CONRU6KO-GTE-P00045,Settled Early,08/01/26 05:42:43.720 PM EDT,$0.00
Over 5.5,MLB-TRUNS-IT5-02HVCN7CONRU6KO-GTE-P00055,Settled Early,08/01/26 05:42:44.125 PM EDT,$0.00
Over 0.5,MLB-TRUNS-IT5-02HVCN7CONRU6KO-GTE-P00005,Settled Early,08/01/26 05:42:44.374 PM EDT,$1.00
Over 1.5,MLB-TRUNS-IT5-02HVCN7CONRU6KO-GTE-P00015,Settled Early,08/01/26 05:42:44.568 PM EDT,$1.00
Over 2.5,MLB-TRUNS-IT5-02HVCN7CONRU6KO-GTE-P00025,Settled Early,08/01/26 05:42:44.765 PM EDT,$1.00
Over 6.5,MLB-TRUNS-IT5-02HVCN7CONRU6KO-GTE-P00065,Settled Early,08/01/26 05:42:44.959 PM EDT,$0.00
Over 7.5,MLB-TRUNS-IT5-02HVCN7CONRU6KO-GTE-P00075,Settled Early,08/01/26 05:42:45.199 PM EDT,$0.00
Over 8.5,MLB-TRUNS-IT5-02HVCN7CONRU6KO-GTE-P00085,Settled Early,08/01/26 05:42:45.391 PM EDT,$0.00
Over 9.5,MLB-TRUNS-IT5-02HVCN7CONRU6KO-GTE-P00095,Settled Early,08/01/26 05:42:45.560 PM EDT,$0.00
Over 10.5,MLB-TRUNS-IT5-02HVCN7CONRU6KO-GTE-P00105,Settled Early,08/01/26 05:42:45.751 PM EDT,$0.00
SEA Mariners,MLB-WIN-IT5-02HVCN7CONRU6KO-SERS000,Settled Early,08/01/26 05:42:59.867 PM EDT,$1.00
MIN Twins,MLB-WIN-IT5-02HVCN7CONRU6KO-MINS000,Settled Early,08/01/26 05:43:00.433 PM EDT,$0.00
MIN Twins -0.5,MLB-MOVY-IT5-02HVCN7CONRU6KO-MINS000-GTE-P00005,Settled Early,08/01/26 05:43:17.370 PM EDT,$0.00
MIN Twins -1.5,MLB-MOVY-IT5-02HVCN7CONRU6KO-MINS000-GTE-P00015,Settled Early,08/01/26 05:43:17.564 PM EDT,$0.00
MIN Twins -2.5,MLB-MOVY-IT5-02HVCN7CONRU6KO-MINS000-GTE-P00025,Settled Early,08/01/26 05:43:17.734 PM EDT,$0.00
MIN Twins -3.5,MLB-MOVY-IT5-02HVCN7CONRU6KO-MINS000-GTE-P00035,Settled Early,08/01/26 05:43:17.923 PM EDT,$0.00
MIN Twins -4.5,MLB-MOVY-IT5-02HVCN7CONRU6KO-MINS000-GTE-P00045,Settled Early,08/01/26 05:43:18.118 PM EDT,$0.00
SEA Mariners -0.5,MLB-MOVY-IT5-02HVCN7CONRU6KO-SERS000-GTE-P00005,Settled Early,08/01/26 05:43:18.314 PM EDT,$1.00
SEA Mariners -1.5,MLB-MOVY-IT5-02HVCN7CONRU6KO-SERS000-GTE-P00015,Settled Early,08/01/26 05:43:18.841 PM EDT,$1.00
SEA Mariners -2.5,MLB-MOVY-IT5-02HVCN7CONRU6KO-SERS000-GTE-P00025,Settled Early,08/01/26 05:43:19.035 PM EDT,$0.00
SEA Mariners -3.5,MLB-MOVY-IT5-02HVCN7CONRU6KO-SERS000-GTE-P00035,Settled Early,08/01/26 05:43:19.325 PM EDT,$0.00
SEA Mariners -4.5,MLB-MOVY-IT5-02HVCN7CONRU6KO-SERS000-GTE-P00045,Settled Early,08/01/26 05:43:19.522 PM EDT,$0.00
Over 1.5,MLB-TRUNS-I6-02HVCN67ONRU7HO-GTE-P00015,Settled Early,08/01/26 05:58:26.483 PM EDT,$0.00
Over 4.5,MLB-TRUNS-I6-02HVCN67ONRU7HO-GTE-P00045,Settled Early,08/01/26 05:58:26.914 PM EDT,$0.00
Over 0.5,MLB-TRUNS-I6-02HVCN67ONRU7HO-GTE-P00005,Settled Early,08/01/26 05:58:27.210 PM EDT,$1.00
Over 2.5,MLB-TRUNS-I6-02HVCN67ONRU7HO-GTE-P00025,Settled Early,08/01/26 05:58:27.553 PM EDT,$0.00
Over 3.5,MLB-TRUNS-I6-02HVCN67ONRU7HO-GTE-P00035,Settled Early,08/01/26 05:58:27.822 PM EDT,$0.00
Over 0.5,MLB-TRUNS-I7-02HVCN67ONRU7HO-GTE-P00005,Settled Early,08/01/26 05:58:40.418 PM EDT,$1.00
Over 1.5,MLB-TRUNS-I7-02HVCN67ONRU7HO-GTE-P00015,Settled Early,08/01/26 05:58:40.812 PM EDT,$1.00
Over 2.5,MLB-TRUNS-I7-02HVCN67ONRU7HO-GTE-P00025,Settled Early,08/01/26 05:58:41.130 PM EDT,$1.00
Over 3.5,MLB-TRUNS-I7-02HVCN67ONRU7HO-GTE-P00035,Settled Early,08/01/26 05:58:41.364 PM EDT,$0.00
Over 4.5,MLB-TRUNS-I7-02HVCN67ONRU7HO-GTE-P00045,Settled Early,08/01/26 05:58:41.635 PM EDT,$0.00
Over 1.5,MLB-TRUNS-I8-02HVCN67ONRU7HO-GTE-P00015,Settled Early,08/01/26 05:58:52.275 PM EDT,$0.00
Over 2.5,MLB-TRUNS-I8-02HVCN67ONRU7HO-GTE-P00025,Settled Early,08/01/26 05:58:52.570 PM EDT,$0.00
Over 3.5,MLB-TRUNS-I8-02HVCN67ONRU7HO-GTE-P00035,Settled Early,08/01/26 05:58:52.812 PM EDT,$0.00
Over 4.5,MLB-TRUNS-I8-02HVCN67ONRU7HO-GTE-P00045,Settled Early,08/01/26 05:58:53.060 PM EDT,$0.00
Over 0.5,MLB-TRUNS-I8-02HVCN67ONRU7HO-GTE-P00005,Settled Early,08/01/26 05:58:53.303 PM EDT,$0.00
Over 1.5,MLB-TRUNS-I9-02HVCN67ONRU7HO-GTE-P00015,Settled Early,08/01/26 05:59:00.991 PM EDT,$0.00
Over 2.5,MLB-TRUNS-I9-02HVCN67ONRU7HO-GTE-P00025,Settled Early,08/01/26 05:59:01.285 PM EDT,$0.00
Over 0.5,MLB-TRUNS-I9-02HVCN67ONRU7HO-GTE-P00005,Settled Early,08/01/26 05:59:01.539 PM EDT,$0.00
Over 3.5,MLB-TRUNS-I9-02HVCN67ONRU7HO-GTE-P00035,Settled Early,08/01/26 05:59:01.755 PM EDT,$0.00
Over 4.5,MLB-TRUNS-I9-02HVCN67ONRU7HO-GTE-P00045,Settled Early,08/01/26 05:59:01.969 PM EDT,$0.00
Davis Schneider 0.5,MLB-PHRR-FG-02HVCN67ONRU7HO-DAER001-GTE-P00005,Settled Early,08/01/26 06:07:58.282 PM EDT,$1.00
Davis Schneider 1.5,MLB-PHRR-FG-02HVCN67ONRU7HO-DAER001-GTE-P00015,Settled Early,08/01/26 06:07:58.533 PM EDT,$0.00
Davis Schneider 3.5,MLB-PHRR-FG-02HVCN67ONRU7HO-DAER001-GTE-P00035,Settled Early,08/01/26 06:07:58.754 PM EDT,$0.00
Davis Schneider 6.5,MLB-PHRR-FG-02HVCN67ONRU7HO-DAER001-GTE-P00065,Settled Early,08/01/26 06:07:58.933 PM EDT,$0.00
Davis Schneider 4.5,MLB-PHRR-FG-02HVCN67ONRU7HO-DAER001-GTE-P00045,Settled Early,08/01/26 06:07:59.135 PM EDT,$0.00
Davis Schneider 2.5,MLB-PHRR-FG-02HVCN67ONRU7HO-DAER001-GTE-P00025,Settled Early,08/01/26 06:07:59.311 PM EDT,$0.00
Davis Schneider 7.5,MLB-PHRR-FG-02HVCN67ONRU7HO-DAER001-GTE-P00075,Settled Early,08/01/26 06:07:59.503 PM EDT,$0.00
Davis Schneider 8.5,MLB-PHRR-FG-02HVCN67ONRU7HO-DAER001-GTE-P00085,Settled Early,08/01/26 06:07:59.694 PM EDT,$0.00
Davis Schneider 5.5,MLB-PHRR-FG-02HVCN67ONRU7HO-DAER001-GTE-P00055,Settled Early,08/01/26 06:07:59.862 PM EDT,$0.00
Davis Schneider 9.5,MLB-PHRR-FG-02HVCN67ONRU7HO-DAER001-GTE-P00095,Settled Early,08/01/26 06:08:00.059 PM EDT,$0.00
Ernie Clement 7.5,MLB-PHRR-FG-02HVCN67ONRU7HO-ERNT000-GTE-P00075,Settled Early,08/01/26 06:08:19.258 PM EDT,$0.00
Ernie Clement 6.5,MLB-PHRR-FG-02HVCN67ONRU7HO-ERNT000-GTE-P00065,Settled Early,08/01/26 06:08:19.433 PM EDT,$0.00
Ernie Clement 4.5,MLB-PHRR-FG-02HVCN67ONRU7HO-ERNT000-GTE-P00045,Settled Early,08/01/26 06:08:19.650 PM EDT,$0.00
Ernie Clement 9.5,MLB-PHRR-FG-02HVCN67ONRU7HO-ERNT000-GTE-P00095,Settled Early,08/01/26 06:08:19.867 PM EDT,$0.00
Ernie Clement 3.5,MLB-PHRR-FG-02HVCN67ONRU7HO-ERNT000-GTE-P00035,Settled Early,08/01/26 06:08:20.078 PM EDT,$0.00
Ernie Clement 8.5,MLB-PHRR-FG-02HVCN67ONRU7HO-ERNT000-GTE-P00085,Settled Early,08/01/26 06:08:20.242 PM EDT,$0.00
Ernie Clement 0.5,MLB-PHRR-FG-02HVCN67ONRU7HO-ERNT000-GTE-P00005,Settled Early,08/01/26 06:08:20.435 PM EDT,$1.00
Ernie Clement 1.5,MLB-PHRR-FG-02HVCN67ONRU7HO-ERNT000-GTE-P00015,Settled Early,08/01/26 06:08:20.631 PM EDT,$1.00
Ernie Clement 2.5,MLB-PHRR-FG-02HVCN67ONRU7HO-ERNT000-GTE-P00025,Settled Early,08/01/26 06:08:20.826 PM EDT,$0.00
Ernie Clement 5.5,MLB-PHRR-FG-02HVCN67ONRU7HO-ERNT000-GTE-P00055,Settled Early,08/01/26 06:08:20.999 PM EDT,$0.00
Jordan Walker 4.5,MLB-PHRR-FG-02HVCN67ONRU7HO-JOER005-GTE-P00045,Settled Early,08/01/26 06:08:41.130 PM EDT,$0.00
Jordan Walker 1.5,MLB-PHRR-FG-02HVCN67ONRU7HO-JOER005-GTE-P00015,Settled Early,08/01/26 06:08:41.328 PM EDT,$1.00
Jordan Walker 5.5,MLB-PHRR-FG-02HVCN67ONRU7HO-JOER005-GTE-P00055,Settled Early,08/01/26 06:08:41.567 PM EDT,$0.00
Jordan Walker 8.5,MLB-PHRR-FG-02HVCN67ONRU7HO-JOER005-GTE-P00085,Settled Early,08/01/26 06:08:41.760 PM EDT,$0.00
Jordan Walker 0.5,MLB-PHRR-FG-02HVCN67ONRU7HO-JOER005-GTE-P00005,Settled Early,08/01/26 06:08:41.930 PM EDT,$1.00
Jordan Walker 7.5,MLB-PHRR-FG-02HVCN67ONRU7HO-JOER005-GTE-P00075,Settled Early,08/01/26 06:08:42.149 PM EDT,$0.00
Jordan Walker 2.5,MLB-PHRR-FG-02HVCN67ONRU7HO-JOER005-GTE-P00025,Settled Early,08/01/26 06:08:42.320 PM EDT,$0.00
Jordan Walker 3.5,MLB-PHRR-FG-02HVCN67ONRU7HO-JOER005-GTE-P00035,Settled Early,08/01/26 06:08:42.518 PM EDT,$0.00
Jordan Walker 6.5,MLB-PHRR-FG-02HVCN67ONRU7HO-JOER005-GTE-P00065,Settled Early,08/01/26 06:08:42.689 PM EDT,$0.00
Jordan Walker 9.5,MLB-PHRR-FG-02HVCN67ONRU7HO-JOER005-GTE-P00095,Settled Early,08/01/26 06:08:42.883 PM EDT,$0.00
Alec Burleson 2.5,MLB-PHRR-FG-02HVCN67ONRU7HO-ALON001-GTE-P00025,Settled Early,08/01/26 06:09:00.457 PM EDT,$0.00
Alec Burleson 0.5,MLB-PHRR-FG-02HVCN67ONRU7HO-ALON001-GTE-P00005,Settled Early,08/01/26 06:09:00.685 PM EDT,$1.00
Alec Burleson 1.5,MLB-PHRR-FG-02HVCN67ONRU7HO-ALON001-GTE-P00015,Settled Early,08/01/26 06:09:00.891 PM EDT,$1.00
Alec Burleson 3.5,MLB-PHRR-FG-02HVCN67ONRU7HO-ALON001-GTE-P00035,Settled Early,08/01/26 06:09:01.118 PM EDT,$0.00
Alec Burleson 4.5,MLB-PHRR-FG-02HVCN67ONRU7HO-ALON001-GTE-P00045,Settled Early,08/01/26 06:09:01.315 PM EDT,$0.00
Alec Burleson 5.5,MLB-PHRR-FG-02HVCN67ONRU7HO-ALON001-GTE-P00055,Settled Early,08/01/26 06:09:01.497 PM EDT,$0.00
Alec Burleson 6.5,MLB-PHRR-FG-02HVCN67ONRU7HO-ALON001-GTE-P00065,Settled Early,08/01/26 06:09:01.681 PM EDT,$0.00
Alec Burleson 7.5,MLB-PHRR-FG-02HVCN67ONRU7HO-ALON001-GTE-P00075,Settled Early,08/01/26 06:09:01.866 PM EDT,$0.00
Alec Burleson 8.5,MLB-PHRR-FG-02HVCN67ONRU7HO-ALON001-GTE-P00085,Settled Early,08/01/26 06:09:02.035 PM EDT,$0.00
Alec Burleson 9.5,MLB-PHRR-FG-02HVCN67ONRU7HO-ALON001-GTE-P00095,Settled Early,08/01/26 06:09:02.224 PM EDT,$0.00
Jimmy Crooks 4.5,MLB-PHRR-FG-02HVCN67ONRU7HO-JIKS000-GTE-P00045,Settled Early,08/01/26 06:09:19.022 PM EDT,$0.00
Jimmy Crooks 3.5,MLB-PHRR-FG-02HVCN67ONRU7HO-JIKS000-GTE-P00035,Settled Early,08/01/26 06:09:19.215 PM EDT,$0.00
Jimmy Crooks 1.5,MLB-PHRR-FG-02HVCN67ONRU7HO-JIKS000-GTE-P00015,Settled Early,08/01/26 06:09:19.382 PM EDT,$0.00
Jimmy Crooks 2.5,MLB-PHRR-FG-02HVCN67ONRU7HO-JIKS000-GTE-P00025,Settled Early,08/01/26 06:09:19.577 PM EDT,$0.00
Jimmy Crooks 6.5,MLB-PHRR-FG-02HVCN67ONRU7HO-JIKS000-GTE-P00065,Settled Early,08/01/26 06:09:19.772 PM EDT,$0.00
Jimmy Crooks 5.5,MLB-PHRR-FG-02HVCN67ONRU7HO-JIKS000-GTE-P00055,Settled Early,08/01/26 06:09:19.986 PM EDT,$0.00
Jimmy Crooks 9.5,MLB-PHRR-FG-02HVCN67ONRU7HO-JIKS000-GTE-P00095,Settled Early,08/01/26 06:09:20.191 PM EDT,$0.00
Jimmy Crooks 0.5,MLB-PHRR-FG-02HVCN67ONRU7HO-JIKS000-GTE-P00005,Settled Early,08/01/26 06:09:20.390 PM EDT,$1.00
Jimmy Crooks 7.5,MLB-PHRR-FG-02HVCN67ONRU7HO-JIKS000-GTE-P00075,Settled Early,08/01/26 06:09:20.614 PM EDT,$0.00
Jimmy Crooks 8.5,MLB-PHRR-FG-02HVCN67ONRU7HO-JIKS000-GTE-P00085,Settled Early,08/01/26 06:09:20.774 PM EDT,$0.00
Kazuma Okamoto 1.5,MLB-PHRR-FG-02HVCN67ONRU7HO-KATO000-GTE-P00015,Settled Early,08/01/26 06:09:39.117 PM EDT,$0.00
Kazuma Okamoto 0.5,MLB-PHRR-FG-02HVCN67ONRU7HO-KATO000-GTE-P00005,Settled Early,08/01/26 06:09:39.356 PM EDT,$0.00
Kazuma Okamoto 2.5,MLB-PHRR-FG-02HVCN67ONRU7HO-KATO000-GTE-P00025,Settled Early,08/01/26 06:09:39.575 PM EDT,$0.00
Kazuma Okamoto 4.5,MLB-PHRR-FG-02HVCN67ONRU7HO-KATO000-GTE-P00045,Settled Early,08/01/26 06:09:39.777 PM EDT,$0.00
Kazuma Okamoto 9.5,MLB-PHRR-FG-02HVCN67ONRU7HO-KATO000-GTE-P00095,Settled Early,08/01/26 06:09:40.033 PM EDT,$0.00
Kazuma Okamoto 8.5,MLB-PHRR-FG-02HVCN67ONRU7HO-KATO000-GTE-P00085,Settled Early,08/01/26 06:09:40.261 PM EDT,$0.00
Kazuma Okamoto 5.5,MLB-PHRR-FG-02HVCN67ONRU7HO-KATO000-GTE-P00055,Settled Early,08/01/26 06:09:40.459 PM EDT,$0.00
Kazuma Okamoto 7.5,MLB-PHRR-FG-02HVCN67ONRU7HO-KATO000-GTE-P00075,Settled Early,08/01/26 06:09:40.631 PM EDT,$0.00
Kazuma Okamoto 3.5,MLB-PHRR-FG-02HVCN67ONRU7HO-KATO000-GTE-P00035,Settled Early,08/01/26 06:09:40.809 PM EDT,$0.00
Kazuma Okamoto 6.5,MLB-PHRR-FG-02HVCN67ONRU7HO-KATO000-GTE-P00065,Settled Early,08/01/26 06:09:40.982 PM EDT,$0.00
Lars Nootbaar 1.5,MLB-PHRR-FG-02HVCN67ONRU7HO-LAAR001-GTE-P00015,Settled Early,08/01/26 06:10:00.433 PM EDT,$0.00
Lars Nootbaar 0.5,MLB-PHRR-FG-02HVCN67ONRU7HO-LAAR001-GTE-P00005,Settled Early,08/01/26 06:10:00.635 PM EDT,$1.00
Lars Nootbaar 6.5,MLB-PHRR-FG-02HVCN67ONRU7HO-LAAR001-GTE-P00065,Settled Early,08/01/26 06:10:00.810 PM EDT,$0.00
Lars Nootbaar 4.5,MLB-PHRR-FG-02HVCN67ONRU7HO-LAAR001-GTE-P00045,Settled Early,08/01/26 06:10:01.042 PM EDT,$0.00
Lars Nootbaar 5.5,MLB-PHRR-FG-02HVCN67ONRU7HO-LAAR001-GTE-P00055,Settled Early,08/01/26 06:10:01.238 PM EDT,$0.00
Lars Nootbaar 8.5,MLB-PHRR-FG-02HVCN67ONRU7HO-LAAR001-GTE-P00085,Settled Early,08/01/26 06:10:01.487 PM EDT,$0.00
Lars Nootbaar 9.5,MLB-PHRR-FG-02HVCN67ONRU7HO-LAAR001-GTE-P00095,Settled Early,08/01/26 06:10:01.697 PM EDT,$0.00
Lars Nootbaar 2.5,MLB-PHRR-FG-02HVCN67ONRU7HO-LAAR001-GTE-P00025,Settled Early,08/01/26 06:10:01.884 PM EDT,$0.00
Lars Nootbaar 3.5,MLB-PHRR-FG-02HVCN67ONRU7HO-LAAR001-GTE-P00035,Settled Early,08/01/26 06:10:02.094 PM EDT,$0.00
Lars Nootbaar 7.5,MLB-PHRR-FG-02HVCN67ONRU7HO-LAAR001-GTE-P00075,Settled Early,08/01/26 06:10:02.283 PM EDT,$0.00
Daulton Varsho 0.5,MLB-PHRR-FG-02HVCN67ONRU7HO-DAHO000-GTE-P00005,Settled Early,08/01/26 06:10:17.534 PM EDT,$1.00
Daulton Varsho 7.5,MLB-PHRR-FG-02HVCN67ONRU7HO-DAHO000-GTE-P00075,Settled Early,08/01/26 06:10:17.729 PM EDT,$0.00
Daulton Varsho 5.5,MLB-PHRR-FG-02HVCN67ONRU7HO-DAHO000-GTE-P00055,Settled Early,08/01/26 06:10:17.918 PM EDT,$0.00
Daulton Varsho 8.5,MLB-PHRR-FG-02HVCN67ONRU7HO-DAHO000-GTE-P00085,Settled Early,08/01/26 06:10:18.122 PM EDT,$0.00
Daulton Varsho 9.5,MLB-PHRR-FG-02HVCN67ONRU7HO-DAHO000-GTE-P00095,Settled Early,08/01/26 06:10:18.349 PM EDT,$0.00
Daulton Varsho 1.5,MLB-PHRR-FG-02HVCN67ONRU7HO-DAHO000-GTE-P00015,Settled Early,08/01/26 06:10:18.540 PM EDT,$0.00
Daulton Varsho 2.5,MLB-PHRR-FG-02HVCN67ONRU7HO-DAHO000-GTE-P00025,Settled Early,08/01/26 06:10:18.755 PM EDT,$0.00
Daulton Varsho 3.5,MLB-PHRR-FG-02HVCN67ONRU7HO-DAHO000-GTE-P00035,Settled Early,08/01/26 06:10:18.942 PM EDT,$0.00
Daulton Varsho 4.5,MLB-PHRR-FG-02HVCN67ONRU7HO-DAHO000-GTE-P00045,Settled Early,08/01/26 06:10:19.105 PM EDT,$0.00
Daulton Varsho 6.5,MLB-PHRR-FG-02HVCN67ONRU7HO-DAHO000-GTE-P00065,Settled Early,08/01/26 06:10:19.293 PM EDT,$0.00
George Springer 3.5,MLB-PHRR-FG-02HVCN67ONRU7HO-GEER000-GTE-P00035,Settled Early,08/01/26 06:10:34.771 PM EDT,$1.00
George Springer 4.5,MLB-PHRR-FG-02HVCN67ONRU7HO-GEER000-GTE-P00045,Settled Early,08/01/26 06:10:35.052 PM EDT,$1.00
George Springer 7.5,MLB-PHRR-FG-02HVCN67ONRU7HO-GEER000-GTE-P00075,Settled Early,08/01/26 06:10:35.246 PM EDT,$0.00
George Springer 6.5,MLB-PHRR-FG-02HVCN67ONRU7HO-GEER000-GTE-P00065,Settled Early,08/01/26 06:10:35.432 PM EDT,$0.00
George Springer 1.5,MLB-PHRR-FG-02HVCN67ONRU7HO-GEER000-GTE-P00015,Settled Early,08/01/26 06:10:35.622 PM EDT,$1.00
George Springer 8.5,MLB-PHRR-FG-02HVCN67ONRU7HO-GEER000-GTE-P00085,Settled Early,08/01/26 06:10:35.848 PM EDT,$0.00
George Springer 5.5,MLB-PHRR-FG-02HVCN67ONRU7HO-GEER000-GTE-P00055,Settled Early,08/01/26 06:10:36.035 PM EDT,$0.00
George Springer 9.5,MLB-PHRR-FG-02HVCN67ONRU7HO-GEER000-GTE-P00095,Settled Early,08/01/26 06:10:36.226 PM EDT,$0.00
George Springer 2.5,MLB-PHRR-FG-02HVCN67ONRU7HO-GEER000-GTE-P00025,Settled Early,08/01/26 06:10:36.396 PM EDT,$1.00
George Springer 0.5,MLB-PHRR-FG-02HVCN67ONRU7HO-GEER000-GTE-P00005,Settled Early,08/01/26 06:10:36.690 PM EDT,$1.00
Nathan Church 4.5,MLB-PHRR-FG-02HVCN67ONRU7HO-NACH000-GTE-P00045,Settled Early,08/01/26 06:10:50.074 PM EDT,$0.00
Nathan Church 5.5,MLB-PHRR-FG-02HVCN67ONRU7HO-NACH000-GTE-P00055,Settled Early,08/01/26 06:10:50.287 PM EDT,$0.00
Nathan Church 6.5,MLB-PHRR-FG-02HVCN67ONRU7HO-NACH000-GTE-P00065,Settled Early,08/01/26 06:10:50.452 PM EDT,$0.00
Nathan Church 7.5,MLB-PHRR-FG-02HVCN67ONRU7HO-NACH000-GTE-P00075,Settled Early,08/01/26 06:10:50.651 PM EDT,$0.00
Nathan Church 8.5,MLB-PHRR-FG-02HVCN67ONRU7HO-NACH000-GTE-P00085,Settled Early,08/01/26 06:10:50.862 PM EDT,$0.00
Nathan Church 9.5,MLB-PHRR-FG-02HVCN67ONRU7HO-NACH000-GTE-P00095,Settled Early,08/01/26 06:10:51.070 PM EDT,$0.00
Nathan Church 1.5,MLB-PHRR-FG-02HVCN67ONRU7HO-NACH000-GTE-P00015,Settled Early,08/01/26 06:10:51.272 PM EDT,$0.00
Nathan Church 2.5,MLB-PHRR-FG-02HVCN67ONRU7HO-NACH000-GTE-P00025,Settled Early,08/01/26 06:10:51.442 PM EDT,$0.00
Nathan Church 0.5,MLB-PHRR-FG-02HVCN67ONRU7HO-NACH000-GTE-P00005,Settled Early,08/01/26 06:10:51.629 PM EDT,$1.00
Nathan Church 3.5,MLB-PHRR-FG-02HVCN67ONRU7HO-NACH000-GTE-P00035,Settled Early,08/01/26 06:10:51.837 PM EDT,$0.00
Ivan Herrera 4.5,MLB-PHRR-FG-02HVCN67ONRU7HO-IVRA000-GTE-P00045,Settled Early,08/01/26 06:11:04.195 PM EDT,$0.00
Ivan Herrera 5.5,MLB-PHRR-FG-02HVCN67ONRU7HO-IVRA000-GTE-P00055,Settled Early,08/01/26 06:11:04.392 PM EDT,$0.00
Ivan Herrera 7.5,MLB-PHRR-FG-02HVCN67ONRU7HO-IVRA000-GTE-P00075,Settled Early,08/01/26 06:11:04.597 PM EDT,$0.00
Ivan Herrera 8.5,MLB-PHRR-FG-02HVCN67ONRU7HO-IVRA000-GTE-P00085,Settled Early,08/01/26 06:11:04.789 PM EDT,$0.00
Ivan Herrera 0.5,MLB-PHRR-FG-02HVCN67ONRU7HO-IVRA000-GTE-P00005,Settled Early,08/01/26 06:11:04.973 PM EDT,$1.00
Ivan Herrera 2.5,MLB-PHRR-FG-02HVCN67ONRU7HO-IVRA000-GTE-P00025,Settled Early,08/01/26 06:11:05.206 PM EDT,$0.00
Ivan Herrera 3.5,MLB-PHRR-FG-02HVCN67ONRU7HO-IVRA000-GTE-P00035,Settled Early,08/01/26 06:11:05.401 PM EDT,$0.00
Ivan Herrera 9.5,MLB-PHRR-FG-02HVCN67ONRU7HO-IVRA000-GTE-P00095,Settled Early,08/01/26 06:11:05.604 PM EDT,$0.00
Ivan Herrera 6.5,MLB-PHRR-FG-02HVCN67ONRU7HO-IVRA000-GTE-P00065,Settled Early,08/01/26 06:11:05.794 PM EDT,$0.00
Ivan Herrera 1.5,MLB-PHRR-FG-02HVCN67ONRU7HO-IVRA000-GTE-P00015,Settled Early,08/01/26 06:11:05.988 PM EDT,$1.00
Myles Straw 9.5,MLB-PHRR-FG-02HVCN67ONRU7HO-MYAW000-GTE-P00095,Settled Early,08/01/26 06:11:21.161 PM EDT,$0.00
Myles Straw 4.5,MLB-PHRR-FG-02HVCN67ONRU7HO-MYAW000-GTE-P00045,Settled Early,08/01/26 06:11:21.357 PM EDT,$0.00
Myles Straw 2.5,MLB-PHRR-FG-02HVCN67ONRU7HO-MYAW000-GTE-P00025,Settled Early,08/01/26 06:11:21.575 PM EDT,$0.00
Myles Straw 7.5,MLB-PHRR-FG-02HVCN67ONRU7HO-MYAW000-GTE-P00075,Settled Early,08/01/26 06:11:21.777 PM EDT,$0.00
Myles Straw 6.5,MLB-PHRR-FG-02HVCN67ONRU7HO-MYAW000-GTE-P00065,Settled Early,08/01/26 06:11:21.971 PM EDT,$0.00
Myles Straw 1.5,MLB-PHRR-FG-02HVCN67ONRU7HO-MYAW000-GTE-P00015,Settled Early,08/01/26 06:11:22.157 PM EDT,$0.00
Myles Straw 5.5,MLB-PHRR-FG-02HVCN67ONRU7HO-MYAW000-GTE-P00055,Settled Early,08/01/26 06:11:22.367 PM EDT,$0.00
Myles Straw 8.5,MLB-PHRR-FG-02HVCN67ONRU7HO-MYAW000-GTE-P00085,Settled Early,08/01/26 06:11:22.532 PM EDT,$0.00
Myles Straw 0.5,MLB-PHRR-FG-02HVCN67ONRU7HO-MYAW000-GTE-P00005,Settled Early,08/01/26 06:11:22.702 PM EDT,$1.00
Myles Straw 3.5,MLB-PHRR-FG-02HVCN67ONRU7HO-MYAW000-GTE-P00035,Settled Early,08/01/26 06:11:22.877 PM EDT,$0.00
Blaze Jordan 0.5,MLB-PHRR-FG-02HVCN67ONRU7HO-BLAN000-GTE-P00005,Settled Early,08/01/26 06:11:37.982 PM EDT,$1.00
Blaze Jordan 1.5,MLB-PHRR-FG-02HVCN67ONRU7HO-BLAN000-GTE-P00015,Settled Early,08/01/26 06:11:38.229 PM EDT,$1.00
Blaze Jordan 2.5,MLB-PHRR-FG-02HVCN67ONRU7HO-BLAN000-GTE-P00025,Settled Early,08/01/26 06:11:38.488 PM EDT,$0.00
Blaze Jordan 9.5,MLB-PHRR-FG-02HVCN67ONRU7HO-BLAN000-GTE-P00095,Settled Early,08/01/26 06:11:38.694 PM EDT,$0.00
Blaze Jordan 6.5,MLB-PHRR-FG-02HVCN67ONRU7HO-BLAN000-GTE-P00065,Settled Early,08/01/26 06:11:38.888 PM EDT,$0.00
Blaze Jordan 8.5,MLB-PHRR-FG-02HVCN67ONRU7HO-BLAN000-GTE-P00085,Settled Early,08/01/26 06:11:39.081 PM EDT,$0.00
Blaze Jordan 4.5,MLB-PHRR-FG-02HVCN67ONRU7HO-BLAN000-GTE-P00045,Settled Early,08/01/26 06:11:39.273 PM EDT,$0.00
Blaze Jordan 7.5,MLB-PHRR-FG-02HVCN67ONRU7HO-BLAN000-GTE-P00075,Settled Early,08/01/26 06:11:39.463 PM EDT,$0.00
Blaze Jordan 3.5,MLB-PHRR-FG-02HVCN67ONRU7HO-BLAN000-GTE-P00035,Settled Early,08/01/26 06:11:39.630 PM EDT,$0.00
Blaze Jordan 5.5,MLB-PHRR-FG-02HVCN67ONRU7HO-BLAN000-GTE-P00055,Settled Early,08/01/26 06:11:39.795 PM EDT,$0.00
Vladimir Guerrero Jr. 2.5,MLB-PHRR-FG-02HVCN67ONRU7HO-VLJR000-GTE-P00025,Settled Early,08/01/26 06:11:57.886 PM EDT,$1.00
Vladimir Guerrero Jr. 9.5,MLB-PHRR-FG-02HVCN67ONRU7HO-VLJR000-GTE-P00095,Settled Early,08/01/26 06:11:58.181 PM EDT,$0.00
Vladimir Guerrero Jr. 4.5,MLB-PHRR-FG-02HVCN67ONRU7HO-VLJR000-GTE-P00045,Settled Early,08/01/26 06:11:58.386 PM EDT,$0.00
Vladimir Guerrero Jr. 6.5,MLB-PHRR-FG-02HVCN67ONRU7HO-VLJR000-GTE-P00065,Settled Early,08/01/26 06:11:58.626 PM EDT,$0.00
Vladimir Guerrero Jr. 7.5,MLB-PHRR-FG-02HVCN67ONRU7HO-VLJR000-GTE-P00075,Settled Early,08/01/26 06:11:58.823 PM EDT,$0.00
Vladimir Guerrero Jr. 8.5,MLB-PHRR-FG-02HVCN67ONRU7HO-VLJR000-GTE-P00085,Settled Early,08/01/26 06:11:59.009 PM EDT,$0.00
Vladimir Guerrero Jr. 3.5,MLB-PHRR-FG-02HVCN67ONRU7HO-VLJR000-GTE-P00035,Settled Early,08/01/26 06:11:59.198 PM EDT,$0.00
Vladimir Guerrero Jr. 1.5,MLB-PHRR-FG-02HVCN67ONRU7HO-VLJR000-GTE-P00015,Settled Early,08/01/26 06:11:59.401 PM EDT,$1.00
Vladimir Guerrero Jr. 0.5,MLB-PHRR-FG-02HVCN67ONRU7HO-VLJR000-GTE-P00005,Settled Early,08/01/26 06:11:59.733 PM EDT,$1.00
Vladimir Guerrero Jr. 5.5,MLB-PHRR-FG-02HVCN67ONRU7HO-VLJR000-GTE-P00055,Settled Early,08/01/26 06:11:59.921 PM EDT,$0.00
JJ Wetherholt 3.5,MLB-PHRR-FG-02HVCN67ONRU7HO-JJLT000-GTE-P00035,Settled Early,08/01/26 06:12:20.460 PM EDT,$0.00
JJ Wetherholt 2.5,MLB-PHRR-FG-02HVCN67ONRU7HO-JJLT000-GTE-P00025,Settled Early,08/01/26 06:12:20.656 PM EDT,$0.00
JJ Wetherholt 9.5,MLB-PHRR-FG-02HVCN67ONRU7HO-JJLT000-GTE-P00095,Settled Early,08/01/26 06:12:20.899 PM EDT,$0.00
JJ Wetherholt 8.5,MLB-PHRR-FG-02HVCN67ONRU7HO-JJLT000-GTE-P00085,Settled Early,08/01/26 06:12:21.103 PM EDT,$0.00
JJ Wetherholt 7.5,MLB-PHRR-FG-02HVCN67ONRU7HO-JJLT000-GTE-P00075,Settled Early,08/01/26 06:12:21.295 PM EDT,$0.00
JJ Wetherholt 6.5,MLB-PHRR-FG-02HVCN67ONRU7HO-JJLT000-GTE-P00065,Settled Early,08/01/26 06:12:21.509 PM EDT,$0.00
JJ Wetherholt 4.5,MLB-PHRR-FG-02HVCN67ONRU7HO-JJLT000-GTE-P00045,Settled Early,08/01/26 06:12:21.681 PM EDT,$0.00
JJ Wetherholt 0.5,MLB-PHRR-FG-02HVCN67ONRU7HO-JJLT000-GTE-P00005,Settled Early,08/01/26 06:12:21.867 PM EDT,$0.00
JJ Wetherholt 5.5,MLB-PHRR-FG-02HVCN67ONRU7HO-JJLT000-GTE-P00055,Settled Early,08/01/26 06:12:22.054 PM EDT,$0.00
JJ Wetherholt 1.5,MLB-PHRR-FG-02HVCN67ONRU7HO-JJLT000-GTE-P00015,Settled Early,08/01/26 06:12:22.221 PM EDT,$0.00
Luis Urias 4.5,MLB-PHRR-FG-02HVCN67ONRU7HO-LUAS001-GTE-P00045,Settled Early,08/01/26 06:12:33.113 PM EDT,$0.00
Luis Urias 3.5,MLB-PHRR-FG-02HVCN67ONRU7HO-LUAS001-GTE-P00035,Settled Early,08/01/26 06:12:33.303 PM EDT,$0.00
Luis Urias 1.5,MLB-PHRR-FG-02HVCN67ONRU7HO-LUAS001-GTE-P00015,Settled Early,08/01/26 06:12:33.470 PM EDT,$1.00
Luis Urias 9.5,MLB-PHRR-FG-02HVCN67ONRU7HO-LUAS001-GTE-P00095,Settled Early,08/01/26 06:12:33.726 PM EDT,$0.00
Luis Urias 2.5,MLB-PHRR-FG-02HVCN67ONRU7HO-LUAS001-GTE-P00025,Settled Early,08/01/26 06:12:33.917 PM EDT,$0.00
Luis Urias 7.5,MLB-PHRR-FG-02HVCN67ONRU7HO-LUAS001-GTE-P00075,Settled Early,08/01/26 06:12:34.142 PM EDT,$0.00
Luis Urias 8.5,MLB-PHRR-FG-02HVCN67ONRU7HO-LUAS001-GTE-P00085,Settled Early,08/01/26 06:12:34.338 PM EDT,$0.00
Luis Urias 6.5,MLB-PHRR-FG-02HVCN67ONRU7HO-LUAS001-GTE-P00065,Settled Early,08/01/26 06:12:34.510 PM EDT,$0.00
Luis Urias 5.5,MLB-PHRR-FG-02HVCN67ONRU7HO-LUAS001-GTE-P00055,Settled Early,08/01/26 06:12:34.680 PM EDT,$0.00
Luis Urias 0.5,MLB-PHRR-FG-02HVCN67ONRU7HO-LUAS001-GTE-P00005,Settled Early,08/01/26 06:12:34.862 PM EDT,$1.00
NY Mets -1.5,MLB-MOVY-IT5-02HVCN69ONRU6N8-NYTS000-GTE-P00015,Settled Early,08/01/26 06:13:32.606 PM EDT,$0.00
MIA Marlins -0.5,MLB-MOVY-IT5-02HVCN69ONRU6N8-MINS001-GTE-P00005,Settled Early,08/01/26 06:13:32.812 PM EDT,$1.00
MIA Marlins -1.5,MLB-MOVY-IT5-02HVCN69ONRU6N8-MINS001-GTE-P00015,Settled Early,08/01/26 06:13:33.231 PM EDT,$1.00
NY Mets -2.5,MLB-MOVY-IT5-02HVCN69ONRU6N8-NYTS000-GTE-P00025,Settled Early,08/01/26 06:13:33.546 PM EDT,$0.00
NY Mets -0.5,MLB-MOVY-IT5-02HVCN69ONRU6N8-NYTS000-GTE-P00005,Settled Early,08/01/26 06:13:33.736 PM EDT,$0.00
MIA Marlins -3.5,MLB-MOVY-IT5-02HVCN69ONRU6N8-MINS001-GTE-P00035,Settled Early,08/01/26 06:13:34.076 PM EDT,$0.00
NY Mets -3.5,MLB-MOVY-IT5-02HVCN69ONRU6N8-NYTS000-GTE-P00035,Settled Early,08/01/26 06:13:34.267 PM EDT,$0.00
MIA Marlins -2.5,MLB-MOVY-IT5-02HVCN69ONRU6N8-MINS001-GTE-P00025,Settled Early,08/01/26 06:13:34.435 PM EDT,$0.00
NY Mets -4.5,MLB-MOVY-IT5-02HVCN69ONRU6N8-NYTS000-GTE-P00045,Settled Early,08/01/26 06:13:34.657 PM EDT,$0.00
MIA Marlins -4.5,MLB-MOVY-IT5-02HVCN69ONRU6N8-MINS001-GTE-P00045,Settled Early,08/01/26 06:13:34.837 PM EDT,$0.00
Over 4.5,MLB-TRUNS-I3-02HVCN69ONRU6N8-GTE-P00045,Settled Early,08/01/26 06:13:48.929 PM EDT,$0.00
Over 2.5,MLB-TRUNS-I3-02HVCN69ONRU6N8-GTE-P00025,Settled Early,08/01/26 06:13:49.157 PM EDT,$0.00
Over 3.5,MLB-TRUNS-I3-02HVCN69ONRU6N8-GTE-P00035,Settled Early,08/01/26 06:13:49.351 PM EDT,$0.00
Over 0.5,MLB-TRUNS-I3-02HVCN69ONRU6N8-GTE-P00005,Settled Early,08/01/26 06:13:49.577 PM EDT,$0.00
Over 1.5,MLB-TRUNS-I3-02HVCN69ONRU6N8-GTE-P00015,Settled Early,08/01/26 06:13:49.895 PM EDT,$0.00
Over 0.5,MLB-TRUNS-I5-02HVCN69ONRU6N8-GTE-P00005,Settled Early,08/01/26 06:14:07.039 PM EDT,$0.00
Over 2.5,MLB-TRUNS-I5-02HVCN69ONRU6N8-GTE-P00025,Settled Early,08/01/26 06:14:07.371 PM EDT,$0.00
Over 4.5,MLB-TRUNS-I5-02HVCN69ONRU6N8-GTE-P00045,Settled Early,08/01/26 06:14:07.595 PM EDT,$0.00
Over 1.5,MLB-TRUNS-I5-02HVCN69ONRU6N8-GTE-P00015,Settled Early,08/01/26 06:14:07.788 PM EDT,$0.00
Over 3.5,MLB-TRUNS-I5-02HVCN69ONRU6N8-GTE-P00035,Settled Early,08/01/26 06:14:08.011 PM EDT,$0.00
Over 0.5,MLB-TRUNS-I5-02HVCN7CONRU6KO-GTE-P00005,Settled Early,08/01/26 06:14:30.132 PM EDT,$1.00
Over 1.5,MLB-TRUNS-I5-02HVCN7CONRU6KO-GTE-P00015,Settled Early,08/01/26 06:14:30.399 PM EDT,$0.00
Over 2.5,MLB-TRUNS-I5-02HVCN7CONRU6KO-GTE-P00025,Settled Early,08/01/26 06:14:30.647 PM EDT,$0.00
Over 3.5,MLB-TRUNS-I5-02HVCN7CONRU6KO-GTE-P00035,Settled Early,08/01/26 06:14:30.835 PM EDT,$0.00
Over 4.5,MLB-TRUNS-I5-02HVCN7CONRU6KO-GTE-P00045,Settled Early,08/01/26 06:14:31.039 PM EDT,$0.00
Racing Louisville [W],NWSL-DWIN-FG-01OB0SRMVVNE9PO-RAEW001,Settled Early,08/01/26 06:16:18.800 PM EDT,$1.00
Chicago Red Stars [W],NWSL-DWIN-FG-01OB0SRMVVNE9PO-CHSW005,Settled Early,08/01/26 06:16:19.307 PM EDT,$0.00
Draw,NWSL-DWIN-FG-01OB0SRMVVNE9PO-DRAW,Settled Early,08/01/26 06:16:19.684 PM EDT,$0.00
Over 0.5,MLB-TRUNS-I6-02HVCN7CONRU6KO-GTE-P00005,Settled Early,08/01/26 06:16:41.762 PM EDT,$1.00
Over 1.5,MLB-TRUNS-I6-02HVCN7CONRU6KO-GTE-P00015,Settled Early,08/01/26 06:16:41.994 PM EDT,$0.00
Over 2.5,MLB-TRUNS-I6-02HVCN7CONRU6KO-GTE-P00025,Settled Early,08/01/26 06:16:42.284 PM EDT,$0.00
Over 3.5,MLB-TRUNS-I6-02HVCN7CONRU6KO-GTE-P00035,Settled Early,08/01/26 06:16:42.509 PM EDT,$0.00
Over 4.5,MLB-TRUNS-I6-02HVCN7CONRU6KO-GTE-P00045,Settled Early,08/01/26 06:16:42.678 PM EDT,$0.00
Over 2.5,MLB-TRUNS-I6-02HVDCLKONRTCPO-GTE-P00025,Settled Early,08/01/26 06:17:13.991 PM EDT,$0.00
Over 4.5,MLB-TRUNS-I6-02HVDCLKONRTCPO-GTE-P00045,Settled Early,08/01/26 06:17:14.212 PM EDT,$0.00
Over 1.5,MLB-TRUNS-I6-02HVDCLKONRTCPO-GTE-P00015,Settled Early,08/01/26 06:17:14.383 PM EDT,$0.00
Over 0.5,MLB-TRUNS-I6-02HVDCLKONRTCPO-GTE-P00005,Settled Early,08/01/26 06:17:14.635 PM EDT,$0.00
Over 3.5,MLB-TRUNS-I6-02HVDCLKONRTCPO-GTE-P00035,Settled Early,08/01/26 06:17:14.969 PM EDT,$0.00
Over 1.5,MLB-TRUNS-I7-02HVDCLKONRTCPO-GTE-P00015,Settled Early,08/01/26 06:17:30.380 PM EDT,$0.00
Over 2.5,MLB-TRUNS-I7-02HVDCLKONRTCPO-GTE-P00025,Settled Early,08/01/26 06:17:30.593 PM EDT,$0.00
Over 3.5,MLB-TRUNS-I7-02HVDCLKONRTCPO-GTE-P00035,Settled Early,08/01/26 06:17:30.807 PM EDT,$0.00
Over 4.5,MLB-TRUNS-I7-02HVDCLKONRTCPO-GTE-P00045,Settled Early,08/01/26 06:17:31.005 PM EDT,$0.00
Over 0.5,MLB-TRUNS-I7-02HVDCLKONRTCPO-GTE-P00005,Settled Early,08/01/26 06:17:31.233 PM EDT,$0.00
NY Mets,MLB-WIN-IT5-02HVCN69ONRU6N8-NYTS000,Settled Early,08/01/26 06:18:02.210 PM EDT,$0.00
MIA Marlins,MLB-WIN-IT5-02HVCN69ONRU6N8-MINS001,Settled Early,08/01/26 06:18:02.839 PM EDT,$1.00
Edgar Quero 1.5,MLB-PHRR-FG-02HVDCLKONRTCPO-EDRO000-GTE-P00015,Settled Early,08/01/26 06:33:46.875 PM EDT,$1.00
Edgar Quero 0.5,MLB-PHRR-FG-02HVDCLKONRTCPO-EDRO000-GTE-P00005,Settled Early,08/01/26 06:33:47.081 PM EDT,$1.00
Yandy Diaz 0.5,MLB-PHRR-FG-02HVDCLKONRTCPO-YAAZ000-GTE-P00005,Settled Early,08/01/26 06:33:59.935 PM EDT,$1.00
Yandy Diaz 1.5,MLB-PHRR-FG-02HVDCLKONRTCPO-YAAZ000-GTE-P00015,Settled Early,08/01/26 06:34:00.149 PM EDT,$1.00
Over 0.5,MLB-TRUNS-I8-02HVDCLKONRTCPO-GTE-P00005,Settled Early,08/01/26 06:34:33.629 PM EDT,$0.00
Over 1.5,MLB-TRUNS-I8-02HVDCLKONRTCPO-GTE-P00015,Settled Early,08/01/26 06:34:33.962 PM EDT,$0.00
Over 2.5,MLB-TRUNS-I8-02HVDCLKONRTCPO-GTE-P00025,Settled Early,08/01/26 06:34:34.130 PM EDT,$0.00
Over 3.5,MLB-TRUNS-I8-02HVDCLKONRTCPO-GTE-P00035,Settled Early,08/01/26 06:34:34.328 PM EDT,$0.00
Over 4.5,MLB-TRUNS-I8-02HVDCLKONRTCPO-GTE-P00045,Settled Early,08/01/26 06:34:34.521 PM EDT,$0.00
Nick Fortes 0.5,MLB-PHRR-FG-02HVDCLKONRTCPO-NIES000-GTE-P00005,Settled Early,08/01/26 06:34:56.848 PM EDT,$1.00
Nick Fortes 1.5,MLB-PHRR-FG-02HVDCLKONRTCPO-NIES000-GTE-P00015,Settled Early,08/01/26 06:34:57.096 PM EDT,$1.00
Braden Montgomery 0.5,MLB-PHRR-FG-02HVDCLKONRTCPO-BRRY000-GTE-P00005,Settled Early,08/01/26 06:35:20.148 PM EDT,$1.00
Munetaka Murakami 0.5,MLB-PHRR-FG-02HVDCLKONRTCPO-MUMI000-GTE-P00005,Settled Early,08/01/26 06:35:35.571 PM EDT,$1.00
Jonny DeLuca 0.5,MLB-PHRR-FG-02HVDCLKONRTCPO-JOCA001-GTE-P00005,Settled Early,08/01/26 06:35:49.394 PM EDT,$1.00
Jonny DeLuca 1.5,MLB-PHRR-FG-02HVDCLKONRTCPO-JOCA001-GTE-P00015,Settled Early,08/01/26 06:35:49.571 PM EDT,$1.00
Chandler Simpson 0.5,MLB-PHRR-FG-02HVDCLKONRTCPO-CHON002-GTE-P00005,Settled Early,08/01/26 06:36:03.813 PM EDT,$1.00
Edgar Quero 6.5,MLB-PHRR-FG-02HVDCLKONRTCPO-EDRO000-GTE-P00065,Settled Early,08/01/26 07:06:02.730 PM EDT,$0.00
Edgar Quero 3.5,MLB-PHRR-FG-02HVDCLKONRTCPO-EDRO000-GTE-P00035,Settled Early,08/01/26 07:06:02.982 PM EDT,$0.00
Edgar Quero 5.5,MLB-PHRR-FG-02HVDCLKONRTCPO-EDRO000-GTE-P00055,Settled Early,08/01/26 07:06:03.212 PM EDT,$0.00
Edgar Quero 2.5,MLB-PHRR-FG-02HVDCLKONRTCPO-EDRO000-GTE-P00025,Settled Early,08/01/26 07:06:03.398 PM EDT,$0.00
Edgar Quero 9.5,MLB-PHRR-FG-02HVDCLKONRTCPO-EDRO000-GTE-P00095,Settled Early,08/01/26 07:06:03.566 PM EDT,$0.00
Edgar Quero 8.5,MLB-PHRR-FG-02HVDCLKONRTCPO-EDRO000-GTE-P00085,Settled Early,08/01/26 07:06:03.739 PM EDT,$0.00
Edgar Quero 4.5,MLB-PHRR-FG-02HVDCLKONRTCPO-EDRO000-GTE-P00045,Settled Early,08/01/26 07:06:03.948 PM EDT,$0.00
Edgar Quero 7.5,MLB-PHRR-FG-02HVDCLKONRTCPO-EDRO000-GTE-P00075,Settled Early,08/01/26 07:06:04.122 PM EDT,$0.00
Yandy Diaz 9.5,MLB-PHRR-FG-02HVDCLKONRTCPO-YAAZ000-GTE-P00095,Settled Early,08/01/26 07:06:17.794 PM EDT,$0.00
Yandy Diaz 7.5,MLB-PHRR-FG-02HVDCLKONRTCPO-YAAZ000-GTE-P00075,Settled Early,08/01/26 07:06:17.986 PM EDT,$0.00
Yandy Diaz 8.5,MLB-PHRR-FG-02HVDCLKONRTCPO-YAAZ000-GTE-P00085,Settled Early,08/01/26 07:06:18.189 PM EDT,$0.00
Yandy Diaz 2.5,MLB-PHRR-FG-02HVDCLKONRTCPO-YAAZ000-GTE-P00025,Settled Early,08/01/26 07:06:18.379 PM EDT,$0.00
Yandy Diaz 3.5,MLB-PHRR-FG-02HVDCLKONRTCPO-YAAZ000-GTE-P00035,Settled Early,08/01/26 07:06:18.607 PM EDT,$0.00
Yandy Diaz 4.5,MLB-PHRR-FG-02HVDCLKONRTCPO-YAAZ000-GTE-P00045,Settled Early,08/01/26 07:06:18.777 PM EDT,$0.00
Yandy Diaz 5.5,MLB-PHRR-FG-02HVDCLKONRTCPO-YAAZ000-GTE-P00055,Settled Early,08/01/26 07:06:18.964 PM EDT,$0.00
Yandy Diaz 6.5,MLB-PHRR-FG-02HVDCLKONRTCPO-YAAZ000-GTE-P00065,Settled Early,08/01/26 07:06:19.170 PM EDT,$0.00
Colson Montgomery 0.5,MLB-PHRR-FG-02HVDCLKONRTCPO-CORY000-GTE-P00005,Settled Early,08/01/26 07:07:15.393 PM EDT,$0.00
Colson Montgomery 4.5,MLB-PHRR-FG-02HVDCLKONRTCPO-CORY000-GTE-P00045,Settled Early,08/01/26 07:07:15.640 PM EDT,$0.00
Colson Montgomery 3.5,MLB-PHRR-FG-02HVDCLKONRTCPO-CORY000-GTE-P00035,Settled Early,08/01/26 07:07:15.839 PM EDT,$0.00
Colson Montgomery 1.5,MLB-PHRR-FG-02HVDCLKONRTCPO-CORY000-GTE-P00015,Settled Early,08/01/26 07:07:16.085 PM EDT,$0.00
Colson Montgomery 2.5,MLB-PHRR-FG-02HVDCLKONRTCPO-CORY000-GTE-P00025,Settled Early,08/01/26 07:07:16.333 PM EDT,$0.00
Colson Montgomery 5.5,MLB-PHRR-FG-02HVDCLKONRTCPO-CORY000-GTE-P00055,Settled Early,08/01/26 07:07:16.533 PM EDT,$0.00
Colson Montgomery 6.5,MLB-PHRR-FG-02HVDCLKONRTCPO-CORY000-GTE-P00065,Settled Early,08/01/26 07:07:16.714 PM EDT,$0.00
Colson Montgomery 7.5,MLB-PHRR-FG-02HVDCLKONRTCPO-CORY000-GTE-P00075,Settled Early,08/01/26 07:07:16.891 PM EDT,$0.00
Colson Montgomery 8.5,MLB-PHRR-FG-02HVDCLKONRTCPO-CORY000-GTE-P00085,Settled Early,08/01/26 07:07:17.062 PM EDT,$0.00
Colson Montgomery 9.5,MLB-PHRR-FG-02HVDCLKONRTCPO-CORY000-GTE-P00095,Settled Early,08/01/26 07:07:17.268 PM EDT,$0.00
Sam Antonacci 1.5,MLB-PHRR-FG-02HVDCLKONRTCPO-SACI000-GTE-P00015,Settled Early,08/01/26 07:07:29.903 PM EDT,$0.00
Sam Antonacci 9.5,MLB-PHRR-FG-02HVDCLKONRTCPO-SACI000-GTE-P00095,Settled Early,08/01/26 07:07:30.130 PM EDT,$0.00
Sam Antonacci 2.5,MLB-PHRR-FG-02HVDCLKONRTCPO-SACI000-GTE-P00025,Settled Early,08/01/26 07:07:30.339 PM EDT,$0.00
Sam Antonacci 3.5,MLB-PHRR-FG-02HVDCLKONRTCPO-SACI000-GTE-P00035,Settled Early,08/01/26 07:07:30.522 PM EDT,$0.00
Sam Antonacci 0.5,MLB-PHRR-FG-02HVDCLKONRTCPO-SACI000-GTE-P00005,Settled Early,08/01/26 07:07:30.693 PM EDT,$0.00
Sam Antonacci 4.5,MLB-PHRR-FG-02HVDCLKONRTCPO-SACI000-GTE-P00045,Settled Early,08/01/26 07:07:30.863 PM EDT,$0.00
Sam Antonacci 5.5,MLB-PHRR-FG-02HVDCLKONRTCPO-SACI000-GTE-P00055,Settled Early,08/01/26 07:07:31.066 PM EDT,$0.00
Sam Antonacci 6.5,MLB-PHRR-FG-02HVDCLKONRTCPO-SACI000-GTE-P00065,Settled Early,08/01/26 07:07:31.236 PM EDT,$0.00
Sam Antonacci 7.5,MLB-PHRR-FG-02HVDCLKONRTCPO-SACI000-GTE-P00075,Settled Early,08/01/26 07:07:31.414 PM EDT,$0.00
Sam Antonacci 8.5,MLB-PHRR-FG-02HVDCLKONRTCPO-SACI000-GTE-P00085,Settled Early,08/01/26 07:07:31.595 PM EDT,$0.00
Andrew Benintendi 4.5,MLB-PHRR-FG-02HVDCLKONRTCPO-ANDI000-GTE-P00045,Settled Early,08/01/26 07:07:46.345 PM EDT,$0.00
Andrew Benintendi 0.5,MLB-PHRR-FG-02HVDCLKONRTCPO-ANDI000-GTE-P00005,Settled Early,08/01/26 07:07:46.566 PM EDT,$0.00
Andrew Benintendi 9.5,MLB-PHRR-FG-02HVDCLKONRTCPO-ANDI000-GTE-P00095,Settled Early,08/01/26 07:07:46.756 PM EDT,$0.00
Andrew Benintendi 1.5,MLB-PHRR-FG-02HVDCLKONRTCPO-ANDI000-GTE-P00015,Settled Early,08/01/26 07:07:46.930 PM EDT,$0.00
Andrew Benintendi 2.5,MLB-PHRR-FG-02HVDCLKONRTCPO-ANDI000-GTE-P00025,Settled Early,08/01/26 07:07:47.155 PM EDT,$0.00
Andrew Benintendi 3.5,MLB-PHRR-FG-02HVDCLKONRTCPO-ANDI000-GTE-P00035,Settled Early,08/01/26 07:07:47.327 PM EDT,$0.00
Andrew Benintendi 5.5,MLB-PHRR-FG-02HVDCLKONRTCPO-ANDI000-GTE-P00055,Settled Early,08/01/26 07:07:47.494 PM EDT,$0.00
Andrew Benintendi 6.5,MLB-PHRR-FG-02HVDCLKONRTCPO-ANDI000-GTE-P00065,Settled Early,08/01/26 07:07:47.691 PM EDT,$0.00
Andrew Benintendi 7.5,MLB-PHRR-FG-02HVDCLKONRTCPO-ANDI000-GTE-P00075,Settled Early,08/01/26 07:07:47.855 PM EDT,$0.00
Andrew Benintendi 8.5,MLB-PHRR-FG-02HVDCLKONRTCPO-ANDI000-GTE-P00085,Settled Early,08/01/26 07:07:48.091 PM EDT,$0.00
Nick Fortes 2.5,MLB-PHRR-FG-02HVDCLKONRTCPO-NIES000-GTE-P00025,Settled Early,08/01/26 07:08:07.320 PM EDT,$0.00
Nick Fortes 3.5,MLB-PHRR-FG-02HVDCLKONRTCPO-NIES000-GTE-P00035,Settled Early,08/01/26 07:08:07.495 PM EDT,$0.00
Nick Fortes 9.5,MLB-PHRR-FG-02HVDCLKONRTCPO-NIES000-GTE-P00095,Settled Early,08/01/26 07:08:07.663 PM EDT,$0.00
Nick Fortes 4.5,MLB-PHRR-FG-02HVDCLKONRTCPO-NIES000-GTE-P00045,Settled Early,08/01/26 07:08:07.831 PM EDT,$0.00
Nick Fortes 5.5,MLB-PHRR-FG-02HVDCLKONRTCPO-NIES000-GTE-P00055,Settled Early,08/01/26 07:08:07.995 PM EDT,$0.00
Nick Fortes 6.5,MLB-PHRR-FG-02HVDCLKONRTCPO-NIES000-GTE-P00065,Settled Early,08/01/26 07:08:08.164 PM EDT,$0.00
Nick Fortes 7.5,MLB-PHRR-FG-02HVDCLKONRTCPO-NIES000-GTE-P00075,Settled Early,08/01/26 07:08:08.353 PM EDT,$0.00
Nick Fortes 8.5,MLB-PHRR-FG-02HVDCLKONRTCPO-NIES000-GTE-P00085,Settled Early,08/01/26 07:08:08.551 PM EDT,$0.00
Ben Williamson 1.5,MLB-PHRR-FG-02HVDCLKONRTCPO-BEON000-GTE-P00015,Settled Early,08/01/26 07:08:24.003 PM EDT,$0.00
Ben Williamson 0.5,MLB-PHRR-FG-02HVDCLKONRTCPO-BEON000-GTE-P00005,Settled Early,08/01/26 07:08:24.202 PM EDT,$0.00
Ben Williamson 3.5,MLB-PHRR-FG-02HVDCLKONRTCPO-BEON000-GTE-P00035,Settled Early,08/01/26 07:08:24.425 PM EDT,$0.00
Ben Williamson 5.5,MLB-PHRR-FG-02HVDCLKONRTCPO-BEON000-GTE-P00055,Settled Early,08/01/26 07:08:24.616 PM EDT,$0.00
Ben Williamson 9.5,MLB-PHRR-FG-02HVDCLKONRTCPO-BEON000-GTE-P00095,Settled Early,08/01/26 07:08:24.818 PM EDT,$0.00
Ben Williamson 8.5,MLB-PHRR-FG-02HVDCLKONRTCPO-BEON000-GTE-P00085,Settled Early,08/01/26 07:08:25.007 PM EDT,$0.00
Ben Williamson 2.5,MLB-PHRR-FG-02HVDCLKONRTCPO-BEON000-GTE-P00025,Settled Early,08/01/26 07:08:25.209 PM EDT,$0.00
Ben Williamson 4.5,MLB-PHRR-FG-02HVDCLKONRTCPO-BEON000-GTE-P00045,Settled Early,08/01/26 07:08:25.439 PM EDT,$0.00
Ben Williamson 6.5,MLB-PHRR-FG-02HVDCLKONRTCPO-BEON000-GTE-P00065,Settled Early,08/01/26 07:08:25.629 PM EDT,$0.00
Ben Williamson 7.5,MLB-PHRR-FG-02HVDCLKONRTCPO-BEON000-GTE-P00075,Settled Early,08/01/26 07:08:25.826 PM EDT,$0.00
Braden Montgomery 6.5,MLB-PHRR-FG-02HVDCLKONRTCPO-BRRY000-GTE-P00065,Settled Early,08/01/26 07:08:37.407 PM EDT,$0.00
Braden Montgomery 1.5,MLB-PHRR-FG-02HVDCLKONRTCPO-BRRY000-GTE-P00015,Settled Early,08/01/26 07:08:37.648 PM EDT,$0.00
Braden Montgomery 9.5,MLB-PHRR-FG-02HVDCLKONRTCPO-BRRY000-GTE-P00095,Settled Early,08/01/26 07:08:37.842 PM EDT,$0.00
Braden Montgomery 2.5,MLB-PHRR-FG-02HVDCLKONRTCPO-BRRY000-GTE-P00025,Settled Early,08/01/26 07:08:38.039 PM EDT,$0.00
Braden Montgomery 3.5,MLB-PHRR-FG-02HVDCLKONRTCPO-BRRY000-GTE-P00035,Settled Early,08/01/26 07:08:38.233 PM EDT,$0.00
Braden Montgomery 4.5,MLB-PHRR-FG-02HVDCLKONRTCPO-BRRY000-GTE-P00045,Settled Early,08/01/26 07:08:38.445 PM EDT,$0.00
Braden Montgomery 5.5,MLB-PHRR-FG-02HVDCLKONRTCPO-BRRY000-GTE-P00055,Settled Early,08/01/26 07:08:38.637 PM EDT,$0.00
Braden Montgomery 7.5,MLB-PHRR-FG-02HVDCLKONRTCPO-BRRY000-GTE-P00075,Settled Early,08/01/26 07:08:38.828 PM EDT,$0.00
Braden Montgomery 8.5,MLB-PHRR-FG-02HVDCLKONRTCPO-BRRY000-GTE-P00085,Settled Early,08/01/26 07:08:39.016 PM EDT,$0.00
Munetaka Murakami 7.5,MLB-PHRR-FG-02HVDCLKONRTCPO-MUMI000-GTE-P00075,Settled Early,08/01/26 07:08:58.914 PM EDT,$0.00
Munetaka Murakami 6.5,MLB-PHRR-FG-02HVDCLKONRTCPO-MUMI000-GTE-P00065,Settled Early,08/01/26 07:08:59.109 PM EDT,$0.00
Munetaka Murakami 8.5,MLB-PHRR-FG-02HVDCLKONRTCPO-MUMI000-GTE-P00085,Settled Early,08/01/26 07:08:59.288 PM EDT,$0.00
Munetaka Murakami 9.5,MLB-PHRR-FG-02HVDCLKONRTCPO-MUMI000-GTE-P00095,Settled Early,08/01/26 07:08:59.472 PM EDT,$0.00
Munetaka Murakami 1.5,MLB-PHRR-FG-02HVDCLKONRTCPO-MUMI000-GTE-P00015,Settled Early,08/01/26 07:08:59.663 PM EDT,$0.00
Munetaka Murakami 2.5,MLB-PHRR-FG-02HVDCLKONRTCPO-MUMI000-GTE-P00025,Settled Early,08/01/26 07:08:59.932 PM EDT,$0.00
Munetaka Murakami 3.5,MLB-PHRR-FG-02HVDCLKONRTCPO-MUMI000-GTE-P00035,Settled Early,08/01/26 07:09:00.158 PM EDT,$0.00
Munetaka Murakami 4.5,MLB-PHRR-FG-02HVDCLKONRTCPO-MUMI000-GTE-P00045,Settled Early,08/01/26 07:09:00.358 PM EDT,$0.00
Munetaka Murakami 5.5,MLB-PHRR-FG-02HVDCLKONRTCPO-MUMI000-GTE-P00055,Settled Early,08/01/26 07:09:00.570 PM EDT,$0.00
Junior Caminero 6.5,MLB-PHRR-FG-02HVDCLKONRTCPO-JURO000-GTE-P00065,Settled Early,08/01/26 07:09:12.160 PM EDT,$0.00
Junior Caminero 9.5,MLB-PHRR-FG-02HVDCLKONRTCPO-JURO000-GTE-P00095,Settled Early,08/01/26 07:09:12.359 PM EDT,$0.00
Junior Caminero 8.5,MLB-PHRR-FG-02HVDCLKONRTCPO-JURO000-GTE-P00085,Settled Early,08/01/26 07:09:12.554 PM EDT,$0.00
Junior Caminero 7.5,MLB-PHRR-FG-02HVDCLKONRTCPO-JURO000-GTE-P00075,Settled Early,08/01/26 07:09:12.749 PM EDT,$0.00
Junior Caminero 0.5,MLB-PHRR-FG-02HVDCLKONRTCPO-JURO000-GTE-P00005,Settled Early,08/01/26 07:09:12.949 PM EDT,$0.00
Junior Caminero 1.5,MLB-PHRR-FG-02HVDCLKONRTCPO-JURO000-GTE-P00015,Settled Early,08/01/26 07:09:13.146 PM EDT,$0.00
Junior Caminero 2.5,MLB-PHRR-FG-02HVDCLKONRTCPO-JURO000-GTE-P00025,Settled Early,08/01/26 07:09:13.394 PM EDT,$0.00
Junior Caminero 3.5,MLB-PHRR-FG-02HVDCLKONRTCPO-JURO000-GTE-P00035,Settled Early,08/01/26 07:09:13.642 PM EDT,$0.00
Junior Caminero 4.5,MLB-PHRR-FG-02HVDCLKONRTCPO-JURO000-GTE-P00045,Settled Early,08/01/26 07:09:13.832 PM EDT,$0.00
Junior Caminero 5.5,MLB-PHRR-FG-02HVDCLKONRTCPO-JURO000-GTE-P00055,Settled Early,08/01/26 07:09:14.007 PM EDT,$0.00
Tristan Peters 3.5,MLB-PHRR-FG-02HVDCLKONRTCPO-TRRS001-GTE-P00035,Settled Early,08/01/26 07:10:19.634 PM EDT,$0.00
Tristan Peters 2.5,MLB-PHRR-FG-02HVDCLKONRTCPO-TRRS001-GTE-P00025,Settled Early,08/01/26 07:10:19.824 PM EDT,$0.00
Tristan Peters 8.5,MLB-PHRR-FG-02HVDCLKONRTCPO-TRRS001-GTE-P00085,Settled Early,08/01/26 07:10:19.996 PM EDT,$0.00
Tristan Peters 6.5,MLB-PHRR-FG-02HVDCLKONRTCPO-TRRS001-GTE-P00065,Settled Early,08/01/26 07:10:20.167 PM EDT,$0.00
Tristan Peters 0.5,MLB-PHRR-FG-02HVDCLKONRTCPO-TRRS001-GTE-P00005,Settled Early,08/01/26 07:10:20.335 PM EDT,$0.00
Tristan Peters 1.5,MLB-PHRR-FG-02HVDCLKONRTCPO-TRRS001-GTE-P00015,Settled Early,08/01/26 07:10:20.501 PM EDT,$0.00
Tristan Peters 4.5,MLB-PHRR-FG-02HVDCLKONRTCPO-TRRS001-GTE-P00045,Settled Early,08/01/26 07:10:20.670 PM EDT,$0.00
Tristan Peters 5.5,MLB-PHRR-FG-02HVDCLKONRTCPO-TRRS001-GTE-P00055,Settled Early,08/01/26 07:10:20.857 PM EDT,$0.00
Tristan Peters 7.5,MLB-PHRR-FG-02HVDCLKONRTCPO-TRRS001-GTE-P00075,Settled Early,08/01/26 07:10:21.022 PM EDT,$0.00
Tristan Peters 9.5,MLB-PHRR-FG-02HVDCLKONRTCPO-TRRS001-GTE-P00095,Settled Early,08/01/26 07:10:21.217 PM EDT,$0.00
Jonny DeLuca 4.5,MLB-PHRR-FG-02HVDCLKONRTCPO-JOCA001-GTE-P00045,Settled Early,08/01/26 07:10:34.335 PM EDT,$0.00
Jonny DeLuca 2.5,MLB-PHRR-FG-02HVDCLKONRTCPO-JOCA001-GTE-P00025,Settled Early,08/01/26 07:10:34.549 PM EDT,$0.00
Jonny DeLuca 9.5,MLB-PHRR-FG-02HVDCLKONRTCPO-JOCA001-GTE-P00095,Settled Early,08/01/26 07:10:34.745 PM EDT,$0.00
Jonny DeLuca 3.5,MLB-PHRR-FG-02HVDCLKONRTCPO-JOCA001-GTE-P00035,Settled Early,08/01/26 07:10:34.941 PM EDT,$0.00
Jonny DeLuca 5.5,MLB-PHRR-FG-02HVDCLKONRTCPO-JOCA001-GTE-P00055,Settled Early,08/01/26 07:10:35.108 PM EDT,$0.00
Jonny DeLuca 6.5,MLB-PHRR-FG-02HVDCLKONRTCPO-JOCA001-GTE-P00065,Settled Early,08/01/26 07:10:35.295 PM EDT,$0.00
Jonny DeLuca 7.5,MLB-PHRR-FG-02HVDCLKONRTCPO-JOCA001-GTE-P00075,Settled Early,08/01/26 07:10:35.518 PM EDT,$0.00
Jonny DeLuca 8.5,MLB-PHRR-FG-02HVDCLKONRTCPO-JOCA001-GTE-P00085,Settled Early,08/01/26 07:10:35.688 PM EDT,$0.00
Miguel Vargas 1.5,MLB-PHRR-FG-02HVDCLKONRTCPO-MIAS003-GTE-P00015,Settled Early,08/01/26 07:10:47.984 PM EDT,$0.00
Miguel Vargas 0.5,MLB-PHRR-FG-02HVDCLKONRTCPO-MIAS003-GTE-P00005,Settled Early,08/01/26 07:10:48.226 PM EDT,$0.00
Miguel Vargas 4.5,MLB-PHRR-FG-02HVDCLKONRTCPO-MIAS003-GTE-P00045,Settled Early,08/01/26 07:10:48.405 PM EDT,$0.00
Miguel Vargas 5.5,MLB-PHRR-FG-02HVDCLKONRTCPO-MIAS003-GTE-P00055,Settled Early,08/01/26 07:10:48.589 PM EDT,$0.00
Miguel Vargas 9.5,MLB-PHRR-FG-02HVDCLKONRTCPO-MIAS003-GTE-P00095,Settled Early,08/01/26 07:10:48.768 PM EDT,$0.00
Miguel Vargas 7.5,MLB-PHRR-FG-02HVDCLKONRTCPO-MIAS003-GTE-P00075,Settled Early,08/01/26 07:10:48.940 PM EDT,$0.00
Miguel Vargas 6.5,MLB-PHRR-FG-02HVDCLKONRTCPO-MIAS003-GTE-P00065,Settled Early,08/01/26 07:10:49.106 PM EDT,$0.00
Miguel Vargas 2.5,MLB-PHRR-FG-02HVDCLKONRTCPO-MIAS003-GTE-P00025,Settled Early,08/01/26 07:10:49.300 PM EDT,$0.00
Miguel Vargas 3.5,MLB-PHRR-FG-02HVDCLKONRTCPO-MIAS003-GTE-P00035,Settled Early,08/01/26 07:10:49.469 PM EDT,$0.00
Miguel Vargas 8.5,MLB-PHRR-FG-02HVDCLKONRTCPO-MIAS003-GTE-P00085,Settled Early,08/01/26 07:10:49.639 PM EDT,$0.00
Chandler Simpson 1.5,MLB-PHRR-FG-02HVDCLKONRTCPO-CHON002-GTE-P00015,Settled Early,08/01/26 07:11:10.635 PM EDT,$0.00
Chandler Simpson 2.5,MLB-PHRR-FG-02HVDCLKONRTCPO-CHON002-GTE-P00025,Settled Early,08/01/26 07:11:10.853 PM EDT,$0.00
Chandler Simpson 3.5,MLB-PHRR-FG-02HVDCLKONRTCPO-CHON002-GTE-P00035,Settled Early,08/01/26 07:11:11.056 PM EDT,$0.00
Chandler Simpson 4.5,MLB-PHRR-FG-02HVDCLKONRTCPO-CHON002-GTE-P00045,Settled Early,08/01/26 07:11:11.269 PM EDT,$0.00
Chandler Simpson 5.5,MLB-PHRR-FG-02HVDCLKONRTCPO-CHON002-GTE-P00055,Settled Early,08/01/26 07:11:11.461 PM EDT,$0.00
Chandler Simpson 6.5,MLB-PHRR-FG-02HVDCLKONRTCPO-CHON002-GTE-P00065,Settled Early,08/01/26 07:11:11.643 PM EDT,$0.00
Chandler Simpson 7.5,MLB-PHRR-FG-02HVDCLKONRTCPO-CHON002-GTE-P00075,Settled Early,08/01/26 07:11:11.828 PM EDT,$0.00
Chandler Simpson 8.5,MLB-PHRR-FG-02HVDCLKONRTCPO-CHON002-GTE-P00085,Settled Early,08/01/26 07:11:11.998 PM EDT,$0.00
Chandler Simpson 9.5,MLB-PHRR-FG-02HVDCLKONRTCPO-CHON002-GTE-P00095,Settled Early,08/01/26 07:11:12.181 PM EDT,$0.00
Chase Meidroth 6.5,MLB-PHRR-FG-02HVDCLKONRTCPO-CHTH001-GTE-P00065,Settled Early,08/01/26 07:11:28.486 PM EDT,$0.00
Chase Meidroth 0.5,MLB-PHRR-FG-02HVDCLKONRTCPO-CHTH001-GTE-P00005,Settled Early,08/01/26 07:11:28.703 PM EDT,$0.00
Chase Meidroth 4.5,MLB-PHRR-FG-02HVDCLKONRTCPO-CHTH001-GTE-P00045,Settled Early,08/01/26 07:11:28.900 PM EDT,$0.00
Chase Meidroth 7.5,MLB-PHRR-FG-02HVDCLKONRTCPO-CHTH001-GTE-P00075,Settled Early,08/01/26 07:11:29.093 PM EDT,$0.00
Chase Meidroth 8.5,MLB-PHRR-FG-02HVDCLKONRTCPO-CHTH001-GTE-P00085,Settled Early,08/01/26 07:11:29.261 PM EDT,$0.00
Chase Meidroth 2.5,MLB-PHRR-FG-02HVDCLKONRTCPO-CHTH001-GTE-P00025,Settled Early,08/01/26 07:11:29.434 PM EDT,$0.00
Chase Meidroth 1.5,MLB-PHRR-FG-02HVDCLKONRTCPO-CHTH001-GTE-P00015,Settled Early,08/01/26 07:11:29.602 PM EDT,$0.00
Chase Meidroth 3.5,MLB-PHRR-FG-02HVDCLKONRTCPO-CHTH001-GTE-P00035,Settled Early,08/01/26 07:11:29.822 PM EDT,$0.00
Chase Meidroth 5.5,MLB-PHRR-FG-02HVDCLKONRTCPO-CHTH001-GTE-P00055,Settled Early,08/01/26 07:11:29.993 PM EDT,$0.00
Chase Meidroth 9.5,MLB-PHRR-FG-02HVDCLKONRTCPO-CHTH001-GTE-P00095,Settled Early,08/01/26 07:11:30.156 PM EDT,$0.00
Over 1.5,MLB-TRUNS-I9-02HVDCLKONRTCPO-GTE-P00015,Settled Early,08/01/26 07:12:02.064 PM EDT,$0.00
Over 2.5,MLB-TRUNS-I9-02HVDCLKONRTCPO-GTE-P00025,Settled Early,08/01/26 07:12:02.238 PM EDT,$0.00
Over 0.5,MLB-TRUNS-I9-02HVDCLKONRTCPO-GTE-P00005,Settled Early,08/01/26 07:12:02.458 PM EDT,$0.00
Over 4.5,MLB-TRUNS-I9-02HVDCLKONRTCPO-GTE-P00045,Settled Early,08/01/26 07:12:02.651 PM EDT,$0.00
Over 3.5,MLB-TRUNS-I9-02HVDCLKONRTCPO-GTE-P00035,Settled Early,08/01/26 07:12:02.847 PM EDT,$0.00
Taylor Walls 6.5,MLB-PHRR-FG-02HVDCLKONRTCPO-TALS000-GTE-P00065,Settled Early,08/01/26 07:12:27.921 PM EDT,$0.00
Taylor Walls 5.5,MLB-PHRR-FG-02HVDCLKONRTCPO-TALS000-GTE-P00055,Settled Early,08/01/26 07:12:28.129 PM EDT,$0.00
Taylor Walls 4.5,MLB-PHRR-FG-02HVDCLKONRTCPO-TALS000-GTE-P00045,Settled Early,08/01/26 07:12:28.462 PM EDT,$0.00
Taylor Walls 0.5,MLB-PHRR-FG-02HVDCLKONRTCPO-TALS000-GTE-P00005,Settled Early,08/01/26 07:12:28.810 PM EDT,$0.00
Taylor Walls 9.5,MLB-PHRR-FG-02HVDCLKONRTCPO-TALS000-GTE-P00095,Settled Early,08/01/26 07:12:29.126 PM EDT,$0.00
Taylor Walls 1.5,MLB-PHRR-FG-02HVDCLKONRTCPO-TALS000-GTE-P00015,Settled Early,08/01/26 07:12:29.298 PM EDT,$0.00
Taylor Walls 7.5,MLB-PHRR-FG-02HVDCLKONRTCPO-TALS000-GTE-P00075,Settled Early,08/01/26 07:12:29.589 PM EDT,$0.00
Taylor Walls 2.5,MLB-PHRR-FG-02HVDCLKONRTCPO-TALS000-GTE-P00025,Settled Early,08/01/26 07:12:29.778 PM EDT,$0.00
Taylor Walls 8.5,MLB-PHRR-FG-02HVDCLKONRTCPO-TALS000-GTE-P00085,Settled Early,08/01/26 07:12:30.005 PM EDT,$0.00
Taylor Walls 3.5,MLB-PHRR-FG-02HVDCLKONRTCPO-TALS000-GTE-P00035,Settled Early,08/01/26 07:12:30.179 PM EDT,$0.00
Ryan Vilade 3.5,MLB-PHRR-FG-02HVDCLKONRTCPO-RYDE000-GTE-P00035,Settled Early,08/01/26 07:12:47.493 PM EDT,$0.00
Ryan Vilade 0.5,MLB-PHRR-FG-02HVDCLKONRTCPO-RYDE000-GTE-P00005,Settled Early,08/01/26 07:12:47.744 PM EDT,$0.00
Ryan Vilade 2.5,MLB-PHRR-FG-02HVDCLKONRTCPO-RYDE000-GTE-P00025,Settled Early,08/01/26 07:12:47.925 PM EDT,$0.00
Ryan Vilade 1.5,MLB-PHRR-FG-02HVDCLKONRTCPO-RYDE000-GTE-P00015,Settled Early,08/01/26 07:12:48.134 PM EDT,$0.00
Ryan Vilade 9.5,MLB-PHRR-FG-02HVDCLKONRTCPO-RYDE000-GTE-P00095,Settled Early,08/01/26 07:12:48.422 PM EDT,$0.00
Ryan Vilade 6.5,MLB-PHRR-FG-02HVDCLKONRTCPO-RYDE000-GTE-P00065,Settled Early,08/01/26 07:12:48.665 PM EDT,$0.00
Ryan Vilade 5.5,MLB-PHRR-FG-02HVDCLKONRTCPO-RYDE000-GTE-P00055,Settled Early,08/01/26 07:12:48.880 PM EDT,$0.00
Ryan Vilade 8.5,MLB-PHRR-FG-02HVDCLKONRTCPO-RYDE000-GTE-P00085,Settled Early,08/01/26 07:12:49.046 PM EDT,$0.00
Ryan Vilade 4.5,MLB-PHRR-FG-02HVDCLKONRTCPO-RYDE000-GTE-P00045,Settled Early,08/01/26 07:12:49.245 PM EDT,$0.00
Ryan Vilade 7.5,MLB-PHRR-FG-02HVDCLKONRTCPO-RYDE000-GTE-P00075,Settled Early,08/01/26 07:12:49.444 PM EDT,$0.00
Victor Mesa Jr. 1.5,MLB-PHRR-FG-02HVDCLKONRTCPO-VIJR000-GTE-P00015,Settled Early,08/01/26 07:13:04.656 PM EDT,$0.00
Victor Mesa Jr. 5.5,MLB-PHRR-FG-02HVDCLKONRTCPO-VIJR000-GTE-P00055,Settled Early,08/01/26 07:13:04.855 PM EDT,$0.00
Victor Mesa Jr. 2.5,MLB-PHRR-FG-02HVDCLKONRTCPO-VIJR000-GTE-P00025,Settled Early,08/01/26 07:13:05.076 PM EDT,$0.00
Victor Mesa Jr. 7.5,MLB-PHRR-FG-02HVDCLKONRTCPO-VIJR000-GTE-P00075,Settled Early,08/01/26 07:13:05.255 PM EDT,$0.00
Victor Mesa Jr. 0.5,MLB-PHRR-FG-02HVDCLKONRTCPO-VIJR000-GTE-P00005,Settled Early,08/01/26 07:13:05.425 PM EDT,$0.00
Victor Mesa Jr. 4.5,MLB-PHRR-FG-02HVDCLKONRTCPO-VIJR000-GTE-P00045,Settled Early,08/01/26 07:13:05.603 PM EDT,$0.00
Victor Mesa Jr. 3.5,MLB-PHRR-FG-02HVDCLKONRTCPO-VIJR000-GTE-P00035,Settled Early,08/01/26 07:13:05.765 PM EDT,$0.00
Victor Mesa Jr. 6.5,MLB-PHRR-FG-02HVDCLKONRTCPO-VIJR000-GTE-P00065,Settled Early,08/01/26 07:13:05.954 PM EDT,$0.00
Victor Mesa Jr. 8.5,MLB-PHRR-FG-02HVDCLKONRTCPO-VIJR000-GTE-P00085,Settled Early,08/01/26 07:13:06.121 PM EDT,$0.00
Victor Mesa Jr. 9.5,MLB-PHRR-FG-02HVDCLKONRTCPO-VIJR000-GTE-P00095,Settled Early,08/01/26 07:13:06.317 PM EDT,$0.00
Over 3.5,MLB-TRUNS-I7-02HVCN7CONRU6KO-GTE-P00035,Settled Early,08/01/26 07:24:57.576 PM EDT,$0.00
Over 0.5,MLB-TRUNS-I7-02HVCN7CONRU6KO-GTE-P00005,Settled Early,08/01/26 07:24:57.876 PM EDT,$1.00
Over 1.5,MLB-TRUNS-I7-02HVCN7CONRU6KO-GTE-P00015,Settled Early,08/01/26 07:24:58.255 PM EDT,$0.00
Over 2.5,MLB-TRUNS-I7-02HVCN7CONRU6KO-GTE-P00025,Settled Early,08/01/26 07:24:58.580 PM EDT,$0.00
Over 4.5,MLB-TRUNS-I7-02HVCN7CONRU6KO-GTE-P00045,Settled Early,08/01/26 07:24:58.801 PM EDT,$0.00
Over 0.5,MLB-TRUNS-I8-02HVCN7CONRU6KO-GTE-P00005,Settled Early,08/01/26 07:25:12.718 PM EDT,$0.00
Over 1.5,MLB-TRUNS-I8-02HVCN7CONRU6KO-GTE-P00015,Settled Early,08/01/26 07:25:13.157 PM EDT,$0.00
Over 2.5,MLB-TRUNS-I8-02HVCN7CONRU6KO-GTE-P00025,Settled Early,08/01/26 07:25:13.438 PM EDT,$0.00
Over 3.5,MLB-TRUNS-I8-02HVCN7CONRU6KO-GTE-P00035,Settled Early,08/01/26 07:25:13.667 PM EDT,$0.00
Over 4.5,MLB-TRUNS-I8-02HVCN7CONRU6KO-GTE-P00045,Settled Early,08/01/26 07:25:13.894 PM EDT,$0.00
Over 0.5,MLB-TRUNS-I9-02HVCN7CONRU6KO-GTE-P00005,Settled Early,08/01/26 07:34:09.090 PM EDT,$1.00
Over 1.5,MLB-TRUNS-I9-02HVCN7CONRU6KO-GTE-P00015,Settled Early,08/01/26 07:34:09.441 PM EDT,$0.00
Over 2.5,MLB-TRUNS-I9-02HVCN7CONRU6KO-GTE-P00025,Settled Early,08/01/26 07:34:09.678 PM EDT,$0.00
Over 3.5,MLB-TRUNS-I9-02HVCN7CONRU6KO-GTE-P00035,Settled Early,08/01/26 07:34:09.874 PM EDT,$0.00
Over 4.5,MLB-TRUNS-I9-02HVCN7CONRU6KO-GTE-P00045,Settled Early,08/01/26 07:34:10.066 PM EDT,$0.00
Austin Martin 0.5,MLB-PHRR-FG-02HVCN7CONRU6KO-AUIN000-GTE-P00005,Settled Early,08/01/26 07:34:48.168 PM EDT,$0.00
Austin Martin 4.5,MLB-PHRR-FG-02HVCN7CONRU6KO-AUIN000-GTE-P00045,Settled Early,08/01/26 07:34:48.450 PM EDT,$0.00
Austin Martin 2.5,MLB-PHRR-FG-02HVCN7CONRU6KO-AUIN000-GTE-P00025,Settled Early,08/01/26 07:34:48.650 PM EDT,$0.00
Austin Martin 1.5,MLB-PHRR-FG-02HVCN7CONRU6KO-AUIN000-GTE-P00015,Settled Early,08/01/26 07:34:48.821 PM EDT,$0.00
Austin Martin 3.5,MLB-PHRR-FG-02HVCN7CONRU6KO-AUIN000-GTE-P00035,Settled Early,08/01/26 07:34:49.018 PM EDT,$0.00
Austin Martin 5.5,MLB-PHRR-FG-02HVCN7CONRU6KO-AUIN000-GTE-P00055,Settled Early,08/01/26 07:34:49.209 PM EDT,$0.00
Austin Martin 6.5,MLB-PHRR-FG-02HVCN7CONRU6KO-AUIN000-GTE-P00065,Settled Early,08/01/26 07:34:49.378 PM EDT,$0.00
Austin Martin 7.5,MLB-PHRR-FG-02HVCN7CONRU6KO-AUIN000-GTE-P00075,Settled Early,08/01/26 07:34:49.542 PM EDT,$0.00
Austin Martin 8.5,MLB-PHRR-FG-02HVCN7CONRU6KO-AUIN000-GTE-P00085,Settled Early,08/01/26 07:34:49.739 PM EDT,$0.00
Austin Martin 9.5,MLB-PHRR-FG-02HVCN7CONRU6KO-AUIN000-GTE-P00095,Settled Early,08/01/26 07:34:49.916 PM EDT,$0.00
Weston Wilson 0.5,MLB-PHRR-FG-02HVCN7CONRU6KO-WEON000-GTE-P00005,Settled Early,08/01/26 07:35:12.277 PM EDT,$0.00
Weston Wilson 2.5,MLB-PHRR-FG-02HVCN7CONRU6KO-WEON000-GTE-P00025,Settled Early,08/01/26 07:35:12.447 PM EDT,$0.00
Weston Wilson 5.5,MLB-PHRR-FG-02HVCN7CONRU6KO-WEON000-GTE-P00055,Settled Early,08/01/26 07:35:12.639 PM EDT,$0.00
Weston Wilson 6.5,MLB-PHRR-FG-02HVCN7CONRU6KO-WEON000-GTE-P00065,Settled Early,08/01/26 07:35:12.842 PM EDT,$0.00
Weston Wilson 1.5,MLB-PHRR-FG-02HVCN7CONRU6KO-WEON000-GTE-P00015,Settled Early,08/01/26 07:35:13.026 PM EDT,$0.00
Weston Wilson 3.5,MLB-PHRR-FG-02HVCN7CONRU6KO-WEON000-GTE-P00035,Settled Early,08/01/26 07:35:13.220 PM EDT,$0.00
Weston Wilson 4.5,MLB-PHRR-FG-02HVCN7CONRU6KO-WEON000-GTE-P00045,Settled Early,08/01/26 07:35:13.390 PM EDT,$0.00
Weston Wilson 7.5,MLB-PHRR-FG-02HVCN7CONRU6KO-WEON000-GTE-P00075,Settled Early,08/01/26 07:35:13.584 PM EDT,$0.00
Weston Wilson 8.5,MLB-PHRR-FG-02HVCN7CONRU6KO-WEON000-GTE-P00085,Settled Early,08/01/26 07:35:13.772 PM EDT,$0.00
Weston Wilson 9.5,MLB-PHRR-FG-02HVCN7CONRU6KO-WEON000-GTE-P00095,Settled Early,08/01/26 07:35:13.944 PM EDT,$0.00
Brooks Lee 6.5,MLB-PHRR-FG-02HVCN7CONRU6KO-BREE000-GTE-P00065,Settled Early,08/01/26 07:35:35.999 PM EDT,$0.00
Brooks Lee 1.5,MLB-PHRR-FG-02HVCN7CONRU6KO-BREE000-GTE-P00015,Settled Early,08/01/26 07:35:36.214 PM EDT,$1.00
Brooks Lee 5.5,MLB-PHRR-FG-02HVCN7CONRU6KO-BREE000-GTE-P00055,Settled Early,08/01/26 07:35:36.453 PM EDT,$0.00
Brooks Lee 8.5,MLB-PHRR-FG-02HVCN7CONRU6KO-BREE000-GTE-P00085,Settled Early,08/01/26 07:35:36.701 PM EDT,$0.00
Brooks Lee 9.5,MLB-PHRR-FG-02HVCN7CONRU6KO-BREE000-GTE-P00095,Settled Early,08/01/26 07:35:36.901 PM EDT,$0.00
Brooks Lee 7.5,MLB-PHRR-FG-02HVCN7CONRU6KO-BREE000-GTE-P00075,Settled Early,08/01/26 07:35:37.089 PM EDT,$0.00
Brooks Lee 0.5,MLB-PHRR-FG-02HVCN7CONRU6KO-BREE000-GTE-P00005,Settled Early,08/01/26 07:35:37.278 PM EDT,$1.00
Brooks Lee 2.5,MLB-PHRR-FG-02HVCN7CONRU6KO-BREE000-GTE-P00025,Settled Early,08/01/26 07:35:37.497 PM EDT,$1.00
Brooks Lee 3.5,MLB-PHRR-FG-02HVCN7CONRU6KO-BREE000-GTE-P00035,Settled Early,08/01/26 07:35:37.686 PM EDT,$0.00
Brooks Lee 4.5,MLB-PHRR-FG-02HVCN7CONRU6KO-BREE000-GTE-P00045,Settled Early,08/01/26 07:35:37.887 PM EDT,$0.00
Royce Lewis 4.5,MLB-PHRR-FG-02HVCN7CONRU6KO-ROIS000-GTE-P00045,Settled Early,08/01/26 07:35:56.414 PM EDT,$0.00
Royce Lewis 1.5,MLB-PHRR-FG-02HVCN7CONRU6KO-ROIS000-GTE-P00015,Settled Early,08/01/26 07:35:56.609 PM EDT,$0.00
Royce Lewis 3.5,MLB-PHRR-FG-02HVCN7CONRU6KO-ROIS000-GTE-P00035,Settled Early,08/01/26 07:35:56.855 PM EDT,$0.00
Royce Lewis 2.5,MLB-PHRR-FG-02HVCN7CONRU6KO-ROIS000-GTE-P00025,Settled Early,08/01/26 07:35:57.057 PM EDT,$0.00
Royce Lewis 6.5,MLB-PHRR-FG-02HVCN7CONRU6KO-ROIS000-GTE-P00065,Settled Early,08/01/26 07:35:57.297 PM EDT,$0.00
Royce Lewis 8.5,MLB-PHRR-FG-02HVCN7CONRU6KO-ROIS000-GTE-P00085,Settled Early,08/01/26 07:35:57.492 PM EDT,$0.00
Royce Lewis 7.5,MLB-PHRR-FG-02HVCN7CONRU6KO-ROIS000-GTE-P00075,Settled Early,08/01/26 07:35:57.684 PM EDT,$0.00
Royce Lewis 9.5,MLB-PHRR-FG-02HVCN7CONRU6KO-ROIS000-GTE-P00095,Settled Early,08/01/26 07:35:57.887 PM EDT,$0.00
Royce Lewis 0.5,MLB-PHRR-FG-02HVCN7CONRU6KO-ROIS000-GTE-P00005,Settled Early,08/01/26 07:35:58.086 PM EDT,$1.00
Royce Lewis 5.5,MLB-PHRR-FG-02HVCN7CONRU6KO-ROIS000-GTE-P00055,Settled Early,08/01/26 07:35:58.303 PM EDT,$0.00
Ryan Jeffers 0.5,MLB-PHRR-FG-02HVCN7CONRU6KO-RYRS001-GTE-P00005,Settled Early,08/01/26 07:36:16.886 PM EDT,$1.00
Ryan Jeffers 9.5,MLB-PHRR-FG-02HVCN7CONRU6KO-RYRS001-GTE-P00095,Settled Early,08/01/26 07:36:17.088 PM EDT,$0.00
Ryan Jeffers 7.5,MLB-PHRR-FG-02HVCN7CONRU6KO-RYRS001-GTE-P00075,Settled Early,08/01/26 07:36:17.262 PM EDT,$0.00
Ryan Jeffers 8.5,MLB-PHRR-FG-02HVCN7CONRU6KO-RYRS001-GTE-P00085,Settled Early,08/01/26 07:36:17.455 PM EDT,$0.00
Ryan Jeffers 1.5,MLB-PHRR-FG-02HVCN7CONRU6KO-RYRS001-GTE-P00015,Settled Early,08/01/26 07:36:17.654 PM EDT,$0.00
Ryan Jeffers 2.5,MLB-PHRR-FG-02HVCN7CONRU6KO-RYRS001-GTE-P00025,Settled Early,08/01/26 07:36:17.853 PM EDT,$0.00
Ryan Jeffers 3.5,MLB-PHRR-FG-02HVCN7CONRU6KO-RYRS001-GTE-P00035,Settled Early,08/01/26 07:36:18.057 PM EDT,$0.00
Ryan Jeffers 4.5,MLB-PHRR-FG-02HVCN7CONRU6KO-RYRS001-GTE-P00045,Settled Early,08/01/26 07:36:18.294 PM EDT,$0.00
Ryan Jeffers 5.5,MLB-PHRR-FG-02HVCN7CONRU6KO-RYRS001-GTE-P00055,Settled Early,08/01/26 07:36:18.528 PM EDT,$0.00
Ryan Jeffers 6.5,MLB-PHRR-FG-02HVCN7CONRU6KO-RYRS001-GTE-P00065,Settled Early,08/01/26 07:36:18.727 PM EDT,$0.00
Randy Arozarena 1.5,MLB-PHRR-FG-02HVCN7CONRU6KO-RANA000-GTE-P00015,Settled Early,08/01/26 07:36:41.122 PM EDT,$1.00
Randy Arozarena 0.5,MLB-PHRR-FG-02HVCN7CONRU6KO-RANA000-GTE-P00005,Settled Early,08/01/26 07:36:41.361 PM EDT,$1.00
Randy Arozarena 2.5,MLB-PHRR-FG-02HVCN7CONRU6KO-RANA000-GTE-P00025,Settled Early,08/01/26 07:36:41.547 PM EDT,$1.00
Randy Arozarena 3.5,MLB-PHRR-FG-02HVCN7CONRU6KO-RANA000-GTE-P00035,Settled Early,08/01/26 07:36:41.746 PM EDT,$1.00
Randy Arozarena 4.5,MLB-PHRR-FG-02HVCN7CONRU6KO-RANA000-GTE-P00045,Settled Early,08/01/26 07:36:41.923 PM EDT,$1.00
Randy Arozarena 5.5,MLB-PHRR-FG-02HVCN7CONRU6KO-RANA000-GTE-P00055,Settled Early,08/01/26 07:36:42.117 PM EDT,$1.00
Randy Arozarena 6.5,MLB-PHRR-FG-02HVCN7CONRU6KO-RANA000-GTE-P00065,Settled Early,08/01/26 07:36:42.327 PM EDT,$0.00
Randy Arozarena 7.5,MLB-PHRR-FG-02HVCN7CONRU6KO-RANA000-GTE-P00075,Settled Early,08/01/26 07:36:42.526 PM EDT,$0.00
Randy Arozarena 8.5,MLB-PHRR-FG-02HVCN7CONRU6KO-RANA000-GTE-P00085,Settled Early,08/01/26 07:36:42.701 PM EDT,$0.00
Randy Arozarena 9.5,MLB-PHRR-FG-02HVCN7CONRU6KO-RANA000-GTE-P00095,Settled Early,08/01/26 07:36:42.901 PM EDT,$0.00
Trevor Larnach 2.5,MLB-PHRR-FG-02HVCN7CONRU6KO-TRCH000-GTE-P00025,Settled Early,08/01/26 07:36:59.430 PM EDT,$1.00
Trevor Larnach 1.5,MLB-PHRR-FG-02HVCN7CONRU6KO-TRCH000-GTE-P00015,Settled Early,08/01/26 07:36:59.611 PM EDT,$1.00
Trevor Larnach 0.5,MLB-PHRR-FG-02HVCN7CONRU6KO-TRCH000-GTE-P00005,Settled Early,08/01/26 07:36:59.828 PM EDT,$1.00
Trevor Larnach 3.5,MLB-PHRR-FG-02HVCN7CONRU6KO-TRCH000-GTE-P00035,Settled Early,08/01/26 07:37:00.022 PM EDT,$0.00
Trevor Larnach 7.5,MLB-PHRR-FG-02HVCN7CONRU6KO-TRCH000-GTE-P00075,Settled Early,08/01/26 07:37:00.380 PM EDT,$0.00
Trevor Larnach 6.5,MLB-PHRR-FG-02HVCN7CONRU6KO-TRCH000-GTE-P00065,Settled Early,08/01/26 07:37:00.581 PM EDT,$0.00
Trevor Larnach 4.5,MLB-PHRR-FG-02HVCN7CONRU6KO-TRCH000-GTE-P00045,Settled Early,08/01/26 07:37:00.769 PM EDT,$0.00
Trevor Larnach 5.5,MLB-PHRR-FG-02HVCN7CONRU6KO-TRCH000-GTE-P00055,Settled Early,08/01/26 07:37:00.942 PM EDT,$0.00
Trevor Larnach 8.5,MLB-PHRR-FG-02HVCN7CONRU6KO-TRCH000-GTE-P00085,Settled Early,08/01/26 07:37:01.109 PM EDT,$0.00
Trevor Larnach 9.5,MLB-PHRR-FG-02HVCN7CONRU6KO-TRCH000-GTE-P00095,Settled Early,08/01/26 07:37:01.276 PM EDT,$0.00
Mitch Garver 3.5,MLB-PHRR-FG-02HVCN7CONRU6KO-MIER001-GTE-P00035,Settled Early,08/01/26 07:37:21.383 PM EDT,$0.00
Mitch Garver 9.5,MLB-PHRR-FG-02HVCN7CONRU6KO-MIER001-GTE-P00095,Settled Early,08/01/26 07:37:21.579 PM EDT,$0.00
Mitch Garver 8.5,MLB-PHRR-FG-02HVCN7CONRU6KO-MIER001-GTE-P00085,Settled Early,08/01/26 07:37:21.771 PM EDT,$0.00
Mitch Garver 1.5,MLB-PHRR-FG-02HVCN7CONRU6KO-MIER001-GTE-P00015,Settled Early,08/01/26 07:37:21.966 PM EDT,$0.00
Mitch Garver 0.5,MLB-PHRR-FG-02HVCN7CONRU6KO-MIER001-GTE-P00005,Settled Early,08/01/26 07:37:22.136 PM EDT,$1.00
Mitch Garver 2.5,MLB-PHRR-FG-02HVCN7CONRU6KO-MIER001-GTE-P00025,Settled Early,08/01/26 07:37:22.304 PM EDT,$0.00
Mitch Garver 4.5,MLB-PHRR-FG-02HVCN7CONRU6KO-MIER001-GTE-P00045,Settled Early,08/01/26 07:37:22.482 PM EDT,$0.00
Mitch Garver 5.5,MLB-PHRR-FG-02HVCN7CONRU6KO-MIER001-GTE-P00055,Settled Early,08/01/26 07:37:22.666 PM EDT,$0.00
Mitch Garver 6.5,MLB-PHRR-FG-02HVCN7CONRU6KO-MIER001-GTE-P00065,Settled Early,08/01/26 07:37:22.862 PM EDT,$0.00
Mitch Garver 7.5,MLB-PHRR-FG-02HVCN7CONRU6KO-MIER001-GTE-P00075,Settled Early,08/01/26 07:37:23.056 PM EDT,$0.00
Dominic Canzone 6.5,MLB-PHRR-FG-02HVCN7CONRU6KO-DONE000-GTE-P00065,Settled Early,08/01/26 07:37:41.341 PM EDT,$0.00
Dominic Canzone 0.5,MLB-PHRR-FG-02HVCN7CONRU6KO-DONE000-GTE-P00005,Settled Early,08/01/26 07:37:41.535 PM EDT,$0.00
Dominic Canzone 1.5,MLB-PHRR-FG-02HVCN7CONRU6KO-DONE000-GTE-P00015,Settled Early,08/01/26 07:37:41.760 PM EDT,$0.00
Dominic Canzone 9.5,MLB-PHRR-FG-02HVCN7CONRU6KO-DONE000-GTE-P00095,Settled Early,08/01/26 07:37:41.993 PM EDT,$0.00
Dominic Canzone 7.5,MLB-PHRR-FG-02HVCN7CONRU6KO-DONE000-GTE-P00075,Settled Early,08/01/26 07:37:42.173 PM EDT,$0.00
Dominic Canzone 8.5,MLB-PHRR-FG-02HVCN7CONRU6KO-DONE000-GTE-P00085,Settled Early,08/01/26 07:37:42.423 PM EDT,$0.00
Dominic Canzone 5.5,MLB-PHRR-FG-02HVCN7CONRU6KO-DONE000-GTE-P00055,Settled Early,08/01/26 07:37:42.618 PM EDT,$0.00
Dominic Canzone 4.5,MLB-PHRR-FG-02HVCN7CONRU6KO-DONE000-GTE-P00045,Settled Early,08/01/26 07:37:42.815 PM EDT,$0.00
Dominic Canzone 3.5,MLB-PHRR-FG-02HVCN7CONRU6KO-DONE000-GTE-P00035,Settled Early,08/01/26 07:37:42.993 PM EDT,$0.00
Dominic Canzone 2.5,MLB-PHRR-FG-02HVCN7CONRU6KO-DONE000-GTE-P00025,Settled Early,08/01/26 07:37:43.219 PM EDT,$0.00
Colt Emerson 2.5,MLB-PHRR-FG-02HVCN7CONRU6KO-COON004-GTE-P00025,Settled Early,08/01/26 07:38:00.844 PM EDT,$0.00
Colt Emerson 1.5,MLB-PHRR-FG-02HVCN7CONRU6KO-COON004-GTE-P00015,Settled Early,08/01/26 07:38:01.062 PM EDT,$0.00
Colt Emerson 0.5,MLB-PHRR-FG-02HVCN7CONRU6KO-COON004-GTE-P00005,Settled Early,08/01/26 07:38:01.305 PM EDT,$1.00
Colt Emerson 4.5,MLB-PHRR-FG-02HVCN7CONRU6KO-COON004-GTE-P00045,Settled Early,08/01/26 07:38:01.539 PM EDT,$0.00
Colt Emerson 5.5,MLB-PHRR-FG-02HVCN7CONRU6KO-COON004-GTE-P00055,Settled Early,08/01/26 07:38:01.711 PM EDT,$0.00
Colt Emerson 3.5,MLB-PHRR-FG-02HVCN7CONRU6KO-COON004-GTE-P00035,Settled Early,08/01/26 07:38:01.908 PM EDT,$0.00
Colt Emerson 8.5,MLB-PHRR-FG-02HVCN7CONRU6KO-COON004-GTE-P00085,Settled Early,08/01/26 07:38:02.110 PM EDT,$0.00
Colt Emerson 6.5,MLB-PHRR-FG-02HVCN7CONRU6KO-COON004-GTE-P00065,Settled Early,08/01/26 07:38:02.283 PM EDT,$0.00
Colt Emerson 7.5,MLB-PHRR-FG-02HVCN7CONRU6KO-COON004-GTE-P00075,Settled Early,08/01/26 07:38:02.451 PM EDT,$0.00
Colt Emerson 9.5,MLB-PHRR-FG-02HVCN7CONRU6KO-COON004-GTE-P00095,Settled Early,08/01/26 07:38:02.642 PM EDT,$0.00
Cole Young 4.5,MLB-PHRR-FG-02HVCN7CONRU6KO-CONG001-GTE-P00045,Settled Early,08/01/26 07:38:19.729 PM EDT,$0.00
Cole Young 0.5,MLB-PHRR-FG-02HVCN7CONRU6KO-CONG001-GTE-P00005,Settled Early,08/01/26 07:38:19.962 PM EDT,$1.00
Cole Young 1.5,MLB-PHRR-FG-02HVCN7CONRU6KO-CONG001-GTE-P00015,Settled Early,08/01/26 07:38:20.174 PM EDT,$1.00
Cole Young 2.5,MLB-PHRR-FG-02HVCN7CONRU6KO-CONG001-GTE-P00025,Settled Early,08/01/26 07:38:20.396 PM EDT,$1.00
Cole Young 3.5,MLB-PHRR-FG-02HVCN7CONRU6KO-CONG001-GTE-P00035,Settled Early,08/01/26 07:38:20.561 PM EDT,$0.00
Cole Young 5.5,MLB-PHRR-FG-02HVCN7CONRU6KO-CONG001-GTE-P00055,Settled Early,08/01/26 07:38:20.725 PM EDT,$0.00
Cole Young 6.5,MLB-PHRR-FG-02HVCN7CONRU6KO-CONG001-GTE-P00065,Settled Early,08/01/26 07:38:20.918 PM EDT,$0.00
Cole Young 7.5,MLB-PHRR-FG-02HVCN7CONRU6KO-CONG001-GTE-P00075,Settled Early,08/01/26 07:38:21.088 PM EDT,$0.00
Cole Young 8.5,MLB-PHRR-FG-02HVCN7CONRU6KO-CONG001-GTE-P00085,Settled Early,08/01/26 07:38:21.273 PM EDT,$0.00
Cole Young 9.5,MLB-PHRR-FG-02HVCN7CONRU6KO-CONG001-GTE-P00095,Settled Early,08/01/26 07:38:21.466 PM EDT,$0.00
Victor Caratini 1.5,MLB-PHRR-FG-02HVCN7CONRU6KO-VINI000-GTE-P00015,Settled Early,08/01/26 07:38:39.010 PM EDT,$0.00
Victor Caratini 2.5,MLB-PHRR-FG-02HVCN7CONRU6KO-VINI000-GTE-P00025,Settled Early,08/01/26 07:38:39.261 PM EDT,$0.00
Victor Caratini 0.5,MLB-PHRR-FG-02HVCN7CONRU6KO-VINI000-GTE-P00005,Settled Early,08/01/26 07:38:39.432 PM EDT,$1.00
Victor Caratini 5.5,MLB-PHRR-FG-02HVCN7CONRU6KO-VINI000-GTE-P00055,Settled Early,08/01/26 07:38:39.651 PM EDT,$0.00
Victor Caratini 8.5,MLB-PHRR-FG-02HVCN7CONRU6KO-VINI000-GTE-P00085,Settled Early,08/01/26 07:38:39.830 PM EDT,$0.00
Victor Caratini 4.5,MLB-PHRR-FG-02HVCN7CONRU6KO-VINI000-GTE-P00045,Settled Early,08/01/26 07:38:40.027 PM EDT,$0.00
Victor Caratini 3.5,MLB-PHRR-FG-02HVCN7CONRU6KO-VINI000-GTE-P00035,Settled Early,08/01/26 07:38:40.232 PM EDT,$0.00
Victor Caratini 6.5,MLB-PHRR-FG-02HVCN7CONRU6KO-VINI000-GTE-P00065,Settled Early,08/01/26 07:38:40.422 PM EDT,$0.00
Victor Caratini 7.5,MLB-PHRR-FG-02HVCN7CONRU6KO-VINI000-GTE-P00075,Settled Early,08/01/26 07:38:40.618 PM EDT,$0.00
Victor Caratini 9.5,MLB-PHRR-FG-02HVCN7CONRU6KO-VINI000-GTE-P00095,Settled Early,08/01/26 07:38:40.803 PM EDT,$0.00
Julio Rodriguez 0.5,MLB-PHRR-FG-02HVCN7CONRU6KO-JUEZ003-GTE-P00005,Settled Early,08/01/26 07:38:55.339 PM EDT,$1.00
Julio Rodriguez 3.5,MLB-PHRR-FG-02HVCN7CONRU6KO-JUEZ003-GTE-P00035,Settled Early,08/01/26 07:38:55.573 PM EDT,$0.00
Julio Rodriguez 2.5,MLB-PHRR-FG-02HVCN7CONRU6KO-JUEZ003-GTE-P00025,Settled Early,08/01/26 07:38:55.765 PM EDT,$0.00
Julio Rodriguez 1.5,MLB-PHRR-FG-02HVCN7CONRU6KO-JUEZ003-GTE-P00015,Settled Early,08/01/26 07:38:55.955 PM EDT,$1.00
Julio Rodriguez 4.5,MLB-PHRR-FG-02HVCN7CONRU6KO-JUEZ003-GTE-P00045,Settled Early,08/01/26 07:38:56.190 PM EDT,$0.00
Julio Rodriguez 6.5,MLB-PHRR-FG-02HVCN7CONRU6KO-JUEZ003-GTE-P00065,Settled Early,08/01/26 07:38:56.376 PM EDT,$0.00
Julio Rodriguez 5.5,MLB-PHRR-FG-02HVCN7CONRU6KO-JUEZ003-GTE-P00055,Settled Early,08/01/26 07:38:56.592 PM EDT,$0.00
Julio Rodriguez 9.5,MLB-PHRR-FG-02HVCN7CONRU6KO-JUEZ003-GTE-P00095,Settled Early,08/01/26 07:38:56.763 PM EDT,$0.00
Julio Rodriguez 8.5,MLB-PHRR-FG-02HVCN7CONRU6KO-JUEZ003-GTE-P00085,Settled Early,08/01/26 07:38:56.960 PM EDT,$0.00
Julio Rodriguez 7.5,MLB-PHRR-FG-02HVCN7CONRU6KO-JUEZ003-GTE-P00075,Settled Early,08/01/26 07:38:57.155 PM EDT,$0.00
Kody Clemens 2.5,MLB-PHRR-FG-02HVCN7CONRU6KO-KONS000-GTE-P00025,Settled Early,08/01/26 07:39:13.273 PM EDT,$0.00
Kody Clemens 1.5,MLB-PHRR-FG-02HVCN7CONRU6KO-KONS000-GTE-P00015,Settled Early,08/01/26 07:39:13.443 PM EDT,$0.00
Kody Clemens 0.5,MLB-PHRR-FG-02HVCN7CONRU6KO-KONS000-GTE-P00005,Settled Early,08/01/26 07:39:13.693 PM EDT,$0.00
Kody Clemens 3.5,MLB-PHRR-FG-02HVCN7CONRU6KO-KONS000-GTE-P00035,Settled Early,08/01/26 07:39:13.880 PM EDT,$0.00
Kody Clemens 8.5,MLB-PHRR-FG-02HVCN7CONRU6KO-KONS000-GTE-P00085,Settled Early,08/01/26 07:39:14.081 PM EDT,$0.00
Kody Clemens 9.5,MLB-PHRR-FG-02HVCN7CONRU6KO-KONS000-GTE-P00095,Settled Early,08/01/26 07:39:14.277 PM EDT,$0.00
Kody Clemens 5.5,MLB-PHRR-FG-02HVCN7CONRU6KO-KONS000-GTE-P00055,Settled Early,08/01/26 07:39:14.442 PM EDT,$0.00
Kody Clemens 6.5,MLB-PHRR-FG-02HVCN7CONRU6KO-KONS000-GTE-P00065,Settled Early,08/01/26 07:39:14.607 PM EDT,$0.00
Kody Clemens 7.5,MLB-PHRR-FG-02HVCN7CONRU6KO-KONS000-GTE-P00075,Settled Early,08/01/26 07:39:14.776 PM EDT,$0.00
Kody Clemens 4.5,MLB-PHRR-FG-02HVCN7CONRU6KO-KONS000-GTE-P00045,Settled Early,08/01/26 07:39:14.965 PM EDT,$0.00
Cal Raleigh 4.5,MLB-PHRR-FG-02HVCN7CONRU6KO-CAGH000-GTE-P00045,Settled Early,08/01/26 07:39:29.134 PM EDT,$0.00
Cal Raleigh 6.5,MLB-PHRR-FG-02HVCN7CONRU6KO-CAGH000-GTE-P00065,Settled Early,08/01/26 07:39:29.353 PM EDT,$0.00
Cal Raleigh 3.5,MLB-PHRR-FG-02HVCN7CONRU6KO-CAGH000-GTE-P00035,Settled Early,08/01/26 07:39:29.540 PM EDT,$0.00
Cal Raleigh 0.5,MLB-PHRR-FG-02HVCN7CONRU6KO-CAGH000-GTE-P00005,Settled Early,08/01/26 07:39:29.712 PM EDT,$1.00
Cal Raleigh 8.5,MLB-PHRR-FG-02HVCN7CONRU6KO-CAGH000-GTE-P00085,Settled Early,08/01/26 07:39:29.935 PM EDT,$0.00
Cal Raleigh 9.5,MLB-PHRR-FG-02HVCN7CONRU6KO-CAGH000-GTE-P00095,Settled Early,08/01/26 07:39:30.105 PM EDT,$0.00
Cal Raleigh 7.5,MLB-PHRR-FG-02HVCN7CONRU6KO-CAGH000-GTE-P00075,Settled Early,08/01/26 07:39:30.275 PM EDT,$0.00
Cal Raleigh 1.5,MLB-PHRR-FG-02HVCN7CONRU6KO-CAGH000-GTE-P00015,Settled Early,08/01/26 07:39:30.473 PM EDT,$0.00
Cal Raleigh 5.5,MLB-PHRR-FG-02HVCN7CONRU6KO-CAGH000-GTE-P00055,Settled Early,08/01/26 07:39:30.717 PM EDT,$0.00
Cal Raleigh 2.5,MLB-PHRR-FG-02HVCN7CONRU6KO-CAGH000-GTE-P00025,Settled Early,08/01/26 07:39:30.890 PM EDT,$0.00
Ryan Kreidler 4.5,MLB-PHRR-FG-02HVCN7CONRU6KO-RYER005-GTE-P00045,Settled Early,08/01/26 07:39:45.957 PM EDT,$0.00
Ryan Kreidler 0.5,MLB-PHRR-FG-02HVCN7CONRU6KO-RYER005-GTE-P00005,Settled Early,08/01/26 07:39:46.177 PM EDT,$1.00
Ryan Kreidler 5.5,MLB-PHRR-FG-02HVCN7CONRU6KO-RYER005-GTE-P00055,Settled Early,08/01/26 07:39:46.369 PM EDT,$0.00
Ryan Kreidler 6.5,MLB-PHRR-FG-02HVCN7CONRU6KO-RYER005-GTE-P00065,Settled Early,08/01/26 07:39:46.556 PM EDT,$0.00
Ryan Kreidler 1.5,MLB-PHRR-FG-02HVCN7CONRU6KO-RYER005-GTE-P00015,Settled Early,08/01/26 07:39:46.752 PM EDT,$0.00
Ryan Kreidler 2.5,MLB-PHRR-FG-02HVCN7CONRU6KO-RYER005-GTE-P00025,Settled Early,08/01/26 07:39:46.923 PM EDT,$0.00
Ryan Kreidler 8.5,MLB-PHRR-FG-02HVCN7CONRU6KO-RYER005-GTE-P00085,Settled Early,08/01/26 07:39:47.112 PM EDT,$0.00
Ryan Kreidler 7.5,MLB-PHRR-FG-02HVCN7CONRU6KO-RYER005-GTE-P00075,Settled Early,08/01/26 07:39:47.309 PM EDT,$0.00
Ryan Kreidler 9.5,MLB-PHRR-FG-02HVCN7CONRU6KO-RYER005-GTE-P00095,Settled Early,08/01/26 07:39:47.495 PM EDT,$0.00
Ryan Kreidler 3.5,MLB-PHRR-FG-02HVCN7CONRU6KO-RYER005-GTE-P00035,Settled Early,08/01/26 07:39:47.659 PM EDT,$0.00
Josh Naylor 7.5,MLB-PHRR-FG-02HVCN7CONRU6KO-JOOR000-GTE-P00075,Settled Early,08/01/26 07:40:01.111 PM EDT,$0.00
Josh Naylor 0.5,MLB-PHRR-FG-02HVCN7CONRU6KO-JOOR000-GTE-P00005,Settled Early,08/01/26 07:40:01.356 PM EDT,$1.00
Josh Naylor 9.5,MLB-PHRR-FG-02HVCN7CONRU6KO-JOOR000-GTE-P00095,Settled Early,08/01/26 07:40:01.598 PM EDT,$0.00
Josh Naylor 2.5,MLB-PHRR-FG-02HVCN7CONRU6KO-JOOR000-GTE-P00025,Settled Early,08/01/26 07:40:01.905 PM EDT,$0.00
Josh Naylor 3.5,MLB-PHRR-FG-02HVCN7CONRU6KO-JOOR000-GTE-P00035,Settled Early,08/01/26 07:40:02.143 PM EDT,$0.00
Josh Naylor 6.5,MLB-PHRR-FG-02HVCN7CONRU6KO-JOOR000-GTE-P00065,Settled Early,08/01/26 07:40:02.341 PM EDT,$0.00
Josh Naylor 4.5,MLB-PHRR-FG-02HVCN7CONRU6KO-JOOR000-GTE-P00045,Settled Early,08/01/26 07:40:02.529 PM EDT,$0.00
Josh Naylor 1.5,MLB-PHRR-FG-02HVCN7CONRU6KO-JOOR000-GTE-P00015,Settled Early,08/01/26 07:40:02.731 PM EDT,$0.00
Josh Naylor 8.5,MLB-PHRR-FG-02HVCN7CONRU6KO-JOOR000-GTE-P00085,Settled Early,08/01/26 07:40:02.969 PM EDT,$0.00
Josh Naylor 5.5,MLB-PHRR-FG-02HVCN7CONRU6KO-JOOR000-GTE-P00055,Settled Early,08/01/26 07:40:03.145 PM EDT,$0.00
Luke Keaschall 0.5,MLB-PHRR-FG-02HVCN7CONRU6KO-LULL000-GTE-P00005,Settled Early,08/01/26 07:40:15.517 PM EDT,$1.00
Luke Keaschall 1.5,MLB-PHRR-FG-02HVCN7CONRU6KO-LULL000-GTE-P00015,Settled Early,08/01/26 07:40:15.714 PM EDT,$1.00
Luke Keaschall 7.5,MLB-PHRR-FG-02HVCN7CONRU6KO-LULL000-GTE-P00075,Settled Early,08/01/26 07:40:15.968 PM EDT,$0.00
Luke Keaschall 9.5,MLB-PHRR-FG-02HVCN7CONRU6KO-LULL000-GTE-P00095,Settled Early,08/01/26 07:40:16.138 PM EDT,$0.00
Luke Keaschall 6.5,MLB-PHRR-FG-02HVCN7CONRU6KO-LULL000-GTE-P00065,Settled Early,08/01/26 07:40:16.332 PM EDT,$0.00
Luke Keaschall 4.5,MLB-PHRR-FG-02HVCN7CONRU6KO-LULL000-GTE-P00045,Settled Early,08/01/26 07:40:16.531 PM EDT,$0.00
Luke Keaschall 3.5,MLB-PHRR-FG-02HVCN7CONRU6KO-LULL000-GTE-P00035,Settled Early,08/01/26 07:40:16.732 PM EDT,$0.00
Luke Keaschall 2.5,MLB-PHRR-FG-02HVCN7CONRU6KO-LULL000-GTE-P00025,Settled Early,08/01/26 07:40:16.960 PM EDT,$1.00
Luke Keaschall 8.5,MLB-PHRR-FG-02HVCN7CONRU6KO-LULL000-GTE-P00085,Settled Early,08/01/26 07:40:17.159 PM EDT,$0.00
Luke Keaschall 5.5,MLB-PHRR-FG-02HVCN7CONRU6KO-LULL000-GTE-P00055,Settled Early,08/01/26 07:40:17.332 PM EDT,$0.00
Rob Refsnyder 0.5,MLB-PHRR-FG-02HVCN7CONRU6KO-ROER001-GTE-P00005,Settled Early,08/01/26 07:40:29.701 PM EDT,$0.00
Rob Refsnyder 7.5,MLB-PHRR-FG-02HVCN7CONRU6KO-ROER001-GTE-P00075,Settled Early,08/01/26 07:40:29.871 PM EDT,$0.00
Rob Refsnyder 9.5,MLB-PHRR-FG-02HVCN7CONRU6KO-ROER001-GTE-P00095,Settled Early,08/01/26 07:40:30.114 PM EDT,$0.00
Rob Refsnyder 4.5,MLB-PHRR-FG-02HVCN7CONRU6KO-ROER001-GTE-P00045,Settled Early,08/01/26 07:40:30.303 PM EDT,$0.00
Rob Refsnyder 3.5,MLB-PHRR-FG-02HVCN7CONRU6KO-ROER001-GTE-P00035,Settled Early,08/01/26 07:40:30.475 PM EDT,$0.00
Rob Refsnyder 2.5,MLB-PHRR-FG-02HVCN7CONRU6KO-ROER001-GTE-P00025,Settled Early,08/01/26 07:40:30.643 PM EDT,$0.00
Rob Refsnyder 5.5,MLB-PHRR-FG-02HVCN7CONRU6KO-ROER001-GTE-P00055,Settled Early,08/01/26 07:40:30.836 PM EDT,$0.00
Rob Refsnyder 6.5,MLB-PHRR-FG-02HVCN7CONRU6KO-ROER001-GTE-P00065,Settled Early,08/01/26 07:40:31.037 PM EDT,$0.00
Rob Refsnyder 8.5,MLB-PHRR-FG-02HVCN7CONRU6KO-ROER001-GTE-P00085,Settled Early,08/01/26 07:40:31.208 PM EDT,$0.00
Rob Refsnyder 1.5,MLB-PHRR-FG-02HVCN7CONRU6KO-ROER001-GTE-P00015,Settled Early,08/01/26 07:40:31.396 PM EDT,$0.00
Over 2.5,MLB-TRUNS-I1-02HVDVHEONRVATO-GTE-P00025,Settled Early,08/01/26 07:45:43.261 PM EDT,$0.00
Over 0.5,MLB-TRUNS-I1-02HVDVHEONRVATO-GTE-P00005,Settled Early,08/01/26 07:45:43.546 PM EDT,$1.00
Over 1.5,MLB-TRUNS-I1-02HVDVHEONRVATO-GTE-P00015,Settled Early,08/01/26 07:45:43.760 PM EDT,$1.00
Over 4.5,MLB-TRUNS-I1-02HVDVHEONRVATO-GTE-P00045,Settled Early,08/01/26 07:45:44.007 PM EDT,$0.00
Over 3.5,MLB-TRUNS-I1-02HVDVHEONRVATO-GTE-P00035,Settled Early,08/01/26 07:45:44.211 PM EDT,$0.00
Over 2.5,MLB-TRUNS-I1-02HVDCLTONRTDE0-GTE-P00025,Settled Early,08/01/26 07:46:03.776 PM EDT,$0.00
Over 1.5,MLB-TRUNS-I1-02HVDCLTONRTDE0-GTE-P00015,Settled Early,08/01/26 07:46:04.062 PM EDT,$0.00
Over 0.5,MLB-TRUNS-I1-02HVDCLTONRTDE0-GTE-P00005,Settled Early,08/01/26 07:46:04.274 PM EDT,$0.00
Over 3.5,MLB-TRUNS-I1-02HVDCLTONRTDE0-GTE-P00035,Settled Early,08/01/26 07:46:04.531 PM EDT,$0.00
Over 4.5,MLB-TRUNS-I1-02HVDCLTONRTDE0-GTE-P00045,Settled Early,08/01/26 07:46:04.741 PM EDT,$0.00
Over 2.5,MLB-TRUNS-I2-02HVDCLTONRTDE0-GTE-P00025,Settled Early,08/01/26 07:46:24.271 PM EDT,$0.00
Over 1.5,MLB-TRUNS-I2-02HVDCLTONRTDE0-GTE-P00015,Settled Early,08/01/26 07:46:24.461 PM EDT,$0.00
Over 3.5,MLB-TRUNS-I2-02HVDCLTONRTDE0-GTE-P00035,Settled Early,08/01/26 07:46:24.641 PM EDT,$0.00
Over 4.5,MLB-TRUNS-I2-02HVDCLTONRTDE0-GTE-P00045,Settled Early,08/01/26 07:46:24.843 PM EDT,$0.00
Over 0.5,MLB-TRUNS-I2-02HVDCLTONRTDE0-GTE-P00005,Settled Early,08/01/26 07:46:25.017 PM EDT,$0.00
Over 4.5,MLB-TRUNS-I1-02HVDVJFONRVB6O-GTE-P00045,Settled Early,08/01/26 07:46:45.451 PM EDT,$0.00
Over 1.5,MLB-TRUNS-I1-02HVDVJFONRVB6O-GTE-P00015,Settled Early,08/01/26 07:46:45.666 PM EDT,$1.00
Over 0.5,MLB-TRUNS-I1-02HVDVJFONRVB6O-GTE-P00005,Settled Early,08/01/26 07:46:45.924 PM EDT,$1.00
Over 2.5,MLB-TRUNS-I1-02HVDVJFONRVB6O-GTE-P00025,Settled Early,08/01/26 07:46:46.121 PM EDT,$0.00
Over 3.5,MLB-TRUNS-I1-02HVDVJFONRVB6O-GTE-P00035,Settled Early,08/01/26 07:46:46.312 PM EDT,$0.00
Over 3.5,MLB-TRUNS-I1-02HVDVGGONRVAI8-GTE-P00035,Settled Early,08/01/26 07:47:04.785 PM EDT,$0.00
Over 4.5,MLB-TRUNS-I1-02HVDVGGONRVAI8-GTE-P00045,Settled Early,08/01/26 07:47:04.956 PM EDT,$0.00
Over 0.5,MLB-TRUNS-I1-02HVDVGGONRVAI8-GTE-P00005,Settled Early,08/01/26 07:47:05.128 PM EDT,$1.00
Over 1.5,MLB-TRUNS-I1-02HVDVGGONRVAI8-GTE-P00015,Settled Early,08/01/26 07:47:05.423 PM EDT,$0.00
Over 2.5,MLB-TRUNS-I1-02HVDVGGONRVAI8-GTE-P00025,Settled Early,08/01/26 07:47:05.626 PM EDT,$0.00
Over 3.5,MLB-TRUNS-I1-02HVDCHPONRTCQ0-GTE-P00035,Settled Early,08/01/26 07:47:24.435 PM EDT,$0.00
Over 4.5,MLB-TRUNS-I1-02HVDCHPONRTCQ0-GTE-P00045,Settled Early,08/01/26 07:47:24.634 PM EDT,$0.00
Over 0.5,MLB-TRUNS-I1-02HVDCHPONRTCQ0-GTE-P00005,Settled Early,08/01/26 07:47:24.822 PM EDT,$0.00
Over 2.5,MLB-TRUNS-I1-02HVDCHPONRTCQ0-GTE-P00025,Settled Early,08/01/26 07:47:24.991 PM EDT,$0.00
Over 1.5,MLB-TRUNS-I1-02HVDCHPONRTCQ0-GTE-P00015,Settled Early,08/01/26 07:47:25.173 PM EDT,$0.00
Over 0.5,MLB-TRUNS-I2-02HVDCHPONRTCQ0-GTE-P00005,Settled Early,08/01/26 07:47:36.334 PM EDT,$0.00
Over 1.5,MLB-TRUNS-I2-02HVDCHPONRTCQ0-GTE-P00015,Settled Early,08/01/26 07:47:36.671 PM EDT,$0.00
Over 3.5,MLB-TRUNS-I2-02HVDCHPONRTCQ0-GTE-P00035,Settled Early,08/01/26 07:47:36.948 PM EDT,$0.00
Over 2.5,MLB-TRUNS-I2-02HVDCHPONRTCQ0-GTE-P00025,Settled Early,08/01/26 07:47:37.152 PM EDT,$0.00
Over 4.5,MLB-TRUNS-I2-02HVDCHPONRTCQ0-GTE-P00045,Settled Early,08/01/26 07:47:37.379 PM EDT,$0.00
Over 3.5,MLB-TRUNS-I3-02HVDCHPONRTCQ0-GTE-P00035,Settled Early,08/01/26 07:47:54.454 PM EDT,$0.00
Over 2.5,MLB-TRUNS-I3-02HVDCHPONRTCQ0-GTE-P00025,Settled Early,08/01/26 07:47:54.673 PM EDT,$1.00
Over 1.5,MLB-TRUNS-I3-02HVDCHPONRTCQ0-GTE-P00015,Settled Early,08/01/26 07:47:54.929 PM EDT,$1.00
Over 4.5,MLB-TRUNS-I3-02HVDCHPONRTCQ0-GTE-P00045,Settled Early,08/01/26 07:47:55.164 PM EDT,$0.00
Over 0.5,MLB-TRUNS-I3-02HVDCHPONRTCQ0-GTE-P00005,Settled Early,08/01/26 07:47:55.357 PM EDT,$1.00
Esteury Ruiz 0.5,MLB-PHRR-FG-02HVCN69ONRU6N8-ESIZ000-GTE-P00005,Settled Early,08/01/26 07:49:30.868 PM EDT,$1.00
Esteury Ruiz 7.5,MLB-PHRR-FG-02HVCN69ONRU6N8-ESIZ000-GTE-P00075,Settled Early,08/01/26 07:49:31.105 PM EDT,$0.00
Esteury Ruiz 2.5,MLB-PHRR-FG-02HVCN69ONRU6N8-ESIZ000-GTE-P00025,Settled Early,08/01/26 07:49:31.296 PM EDT,$1.00
Esteury Ruiz 8.5,MLB-PHRR-FG-02HVCN69ONRU6N8-ESIZ000-GTE-P00085,Settled Early,08/01/26 07:49:31.474 PM EDT,$0.00
Esteury Ruiz 5.5,MLB-PHRR-FG-02HVCN69ONRU6N8-ESIZ000-GTE-P00055,Settled Early,08/01/26 07:49:31.645 PM EDT,$0.00
Esteury Ruiz 6.5,MLB-PHRR-FG-02HVCN69ONRU6N8-ESIZ000-GTE-P00065,Settled Early,08/01/26 07:49:31.816 PM EDT,$0.00
Esteury Ruiz 9.5,MLB-PHRR-FG-02HVCN69ONRU6N8-ESIZ000-GTE-P00095,Settled Early,08/01/26 07:49:31.987 PM EDT,$0.00
Esteury Ruiz 3.5,MLB-PHRR-FG-02HVCN69ONRU6N8-ESIZ000-GTE-P00035,Settled Early,08/01/26 07:49:32.156 PM EDT,$0.00
Esteury Ruiz 4.5,MLB-PHRR-FG-02HVCN69ONRU6N8-ESIZ000-GTE-P00045,Settled Early,08/01/26 07:49:32.368 PM EDT,$0.00
Esteury Ruiz 1.5,MLB-PHRR-FG-02HVCN69ONRU6N8-ESIZ000-GTE-P00015,Settled Early,08/01/26 07:49:32.555 PM EDT,$1.00
AJ Ewing 1.5,MLB-PHRR-FG-02HVCN69ONRU6N8-AJNG000-GTE-P00015,Settled Early,08/01/26 07:49:53.561 PM EDT,$0.00
AJ Ewing 0.5,MLB-PHRR-FG-02HVCN69ONRU6N8-AJNG000-GTE-P00005,Settled Early,08/01/26 07:49:53.754 PM EDT,$1.00
AJ Ewing 3.5,MLB-PHRR-FG-02HVCN69ONRU6N8-AJNG000-GTE-P00035,Settled Early,08/01/26 07:49:53.923 PM EDT,$0.00
AJ Ewing 2.5,MLB-PHRR-FG-02HVCN69ONRU6N8-AJNG000-GTE-P00025,Settled Early,08/01/26 07:49:54.099 PM EDT,$0.00
AJ Ewing 8.5,MLB-PHRR-FG-02HVCN69ONRU6N8-AJNG000-GTE-P00085,Settled Early,08/01/26 07:49:54.273 PM EDT,$0.00
AJ Ewing 7.5,MLB-PHRR-FG-02HVCN69ONRU6N8-AJNG000-GTE-P00075,Settled Early,08/01/26 07:49:54.477 PM EDT,$0.00
AJ Ewing 6.5,MLB-PHRR-FG-02HVCN69ONRU6N8-AJNG000-GTE-P00065,Settled Early,08/01/26 07:49:54.679 PM EDT,$0.00
AJ Ewing 9.5,MLB-PHRR-FG-02HVCN69ONRU6N8-AJNG000-GTE-P00095,Settled Early,08/01/26 07:49:54.870 PM EDT,$0.00
AJ Ewing 5.5,MLB-PHRR-FG-02HVCN69ONRU6N8-AJNG000-GTE-P00055,Settled Early,08/01/26 07:49:55.063 PM EDT,$0.00
AJ Ewing 4.5,MLB-PHRR-FG-02HVCN69ONRU6N8-AJNG000-GTE-P00045,Settled Early,08/01/26 07:49:55.297 PM EDT,$0.00
Luis Torrens 3.5,MLB-PHRR-FG-02HVCN69ONRU6N8-LUNS000-GTE-P00035,Settled Early,08/01/26 07:50:25.460 PM EDT,$0.00
Luis Torrens 2.5,MLB-PHRR-FG-02HVCN69ONRU6N8-LUNS000-GTE-P00025,Settled Early,08/01/26 07:50:25.665 PM EDT,$0.00
Luis Torrens 1.5,MLB-PHRR-FG-02HVCN69ONRU6N8-LUNS000-GTE-P00015,Settled Early,08/01/26 07:50:25.863 PM EDT,$0.00
Luis Torrens 4.5,MLB-PHRR-FG-02HVCN69ONRU6N8-LUNS000-GTE-P00045,Settled Early,08/01/26 07:50:26.086 PM EDT,$0.00
Luis Torrens 6.5,MLB-PHRR-FG-02HVCN69ONRU6N8-LUNS000-GTE-P00065,Settled Early,08/01/26 07:50:26.272 PM EDT,$0.00
Luis Torrens 5.5,MLB-PHRR-FG-02HVCN69ONRU6N8-LUNS000-GTE-P00055,Settled Early,08/01/26 07:50:26.490 PM EDT,$0.00
Luis Torrens 8.5,MLB-PHRR-FG-02HVCN69ONRU6N8-LUNS000-GTE-P00085,Settled Early,08/01/26 07:50:26.702 PM EDT,$0.00
Luis Torrens 0.5,MLB-PHRR-FG-02HVCN69ONRU6N8-LUNS000-GTE-P00005,Settled Early,08/01/26 07:50:26.896 PM EDT,$0.00
Luis Torrens 9.5,MLB-PHRR-FG-02HVCN69ONRU6N8-LUNS000-GTE-P00095,Settled Early,08/01/26 07:50:27.097 PM EDT,$0.00
Luis Torrens 7.5,MLB-PHRR-FG-02HVCN69ONRU6N8-LUNS000-GTE-P00075,Settled Early,08/01/26 07:50:27.325 PM EDT,$0.00
Xavier Edwards 1.5,MLB-PHRR-FG-02HVCN69ONRU6N8-XADS000-GTE-P00015,Settled Early,08/01/26 07:50:45.823 PM EDT,$0.00
Xavier Edwards 2.5,MLB-PHRR-FG-02HVCN69ONRU6N8-XADS000-GTE-P00025,Settled Early,08/01/26 07:50:46.066 PM EDT,$0.00
Xavier Edwards 5.5,MLB-PHRR-FG-02HVCN69ONRU6N8-XADS000-GTE-P00055,Settled Early,08/01/26 07:50:46.282 PM EDT,$0.00
Xavier Edwards 3.5,MLB-PHRR-FG-02HVCN69ONRU6N8-XADS000-GTE-P00035,Settled Early,08/01/26 07:50:46.481 PM EDT,$0.00
Xavier Edwards 6.5,MLB-PHRR-FG-02HVCN69ONRU6N8-XADS000-GTE-P00065,Settled Early,08/01/26 07:50:46.679 PM EDT,$0.00
Xavier Edwards 7.5,MLB-PHRR-FG-02HVCN69ONRU6N8-XADS000-GTE-P00075,Settled Early,08/01/26 07:50:46.880 PM EDT,$0.00
Xavier Edwards 4.5,MLB-PHRR-FG-02HVCN69ONRU6N8-XADS000-GTE-P00045,Settled Early,08/01/26 07:50:47.053 PM EDT,$0.00
Xavier Edwards 0.5,MLB-PHRR-FG-02HVCN69ONRU6N8-XADS000-GTE-P00005,Settled Early,08/01/26 07:50:47.280 PM EDT,$0.00
Xavier Edwards 8.5,MLB-PHRR-FG-02HVCN69ONRU6N8-XADS000-GTE-P00085,Settled Early,08/01/26 07:50:47.524 PM EDT,$0.00
Xavier Edwards 9.5,MLB-PHRR-FG-02HVCN69ONRU6N8-XADS000-GTE-P00095,Settled Early,08/01/26 07:50:47.719 PM EDT,$0.00
Over 2.5,MLB-TRUNS-I6-02HVCN69ONRU6N8-GTE-P00025,Settled Early,08/01/26 07:51:03.654 PM EDT,$0.00
Over 1.5,MLB-TRUNS-I6-02HVCN69ONRU6N8-GTE-P00015,Settled Early,08/01/26 07:51:03.889 PM EDT,$1.00
Over 0.5,MLB-TRUNS-I6-02HVCN69ONRU6N8-GTE-P00005,Settled Early,08/01/26 07:51:04.127 PM EDT,$1.00
Over 4.5,MLB-TRUNS-I6-02HVCN69ONRU6N8-GTE-P00045,Settled Early,08/01/26 07:51:04.396 PM EDT,$0.00
Over 3.5,MLB-TRUNS-I6-02HVCN69ONRU6N8-GTE-P00035,Settled Early,08/01/26 07:51:04.565 PM EDT,$0.00
Carson Benge 1.5,MLB-PHRR-FG-02HVCN69ONRU6N8-CAGE001-GTE-P00015,Settled Early,08/01/26 07:51:34.766 PM EDT,$0.00
Carson Benge 0.5,MLB-PHRR-FG-02HVCN69ONRU6N8-CAGE001-GTE-P00005,Settled Early,08/01/26 07:51:35.005 PM EDT,$1.00
Carson Benge 3.5,MLB-PHRR-FG-02HVCN69ONRU6N8-CAGE001-GTE-P00035,Settled Early,08/01/26 07:51:35.199 PM EDT,$0.00
Carson Benge 2.5,MLB-PHRR-FG-02HVCN69ONRU6N8-CAGE001-GTE-P00025,Settled Early,08/01/26 07:51:35.420 PM EDT,$0.00
Carson Benge 4.5,MLB-PHRR-FG-02HVCN69ONRU6N8-CAGE001-GTE-P00045,Settled Early,08/01/26 07:51:35.664 PM EDT,$0.00
Carson Benge 5.5,MLB-PHRR-FG-02HVCN69ONRU6N8-CAGE001-GTE-P00055,Settled Early,08/01/26 07:51:35.863 PM EDT,$0.00
Carson Benge 6.5,MLB-PHRR-FG-02HVCN69ONRU6N8-CAGE001-GTE-P00065,Settled Early,08/01/26 07:51:36.054 PM EDT,$0.00
Carson Benge 7.5,MLB-PHRR-FG-02HVCN69ONRU6N8-CAGE001-GTE-P00075,Settled Early,08/01/26 07:51:36.253 PM EDT,$0.00
Carson Benge 8.5,MLB-PHRR-FG-02HVCN69ONRU6N8-CAGE001-GTE-P00085,Settled Early,08/01/26 07:51:36.447 PM EDT,$0.00
Carson Benge 9.5,MLB-PHRR-FG-02HVCN69ONRU6N8-CAGE001-GTE-P00095,Settled Early,08/01/26 07:51:36.632 PM EDT,$0.00
Bo Bichette 3.5,MLB-PHRR-FG-02HVCN69ONRU6N8-BOTE000-GTE-P00035,Settled Early,08/01/26 07:52:03.609 PM EDT,$0.00
Bo Bichette 4.5,MLB-PHRR-FG-02HVCN69ONRU6N8-BOTE000-GTE-P00045,Settled Early,08/01/26 07:52:03.890 PM EDT,$0.00
Bo Bichette 1.5,MLB-PHRR-FG-02HVCN69ONRU6N8-BOTE000-GTE-P00015,Settled Early,08/01/26 07:52:04.134 PM EDT,$0.00
Bo Bichette 2.5,MLB-PHRR-FG-02HVCN69ONRU6N8-BOTE000-GTE-P00025,Settled Early,08/01/26 07:52:04.397 PM EDT,$0.00
Bo Bichette 0.5,MLB-PHRR-FG-02HVCN69ONRU6N8-BOTE000-GTE-P00005,Settled Early,08/01/26 07:52:04.696 PM EDT,$1.00
Bo Bichette 6.5,MLB-PHRR-FG-02HVCN69ONRU6N8-BOTE000-GTE-P00065,Settled Early,08/01/26 07:52:04.901 PM EDT,$0.00
Bo Bichette 5.5,MLB-PHRR-FG-02HVCN69ONRU6N8-BOTE000-GTE-P00055,Settled Early,08/01/26 07:52:05.091 PM EDT,$0.00
Bo Bichette 9.5,MLB-PHRR-FG-02HVCN69ONRU6N8-BOTE000-GTE-P00095,Settled Early,08/01/26 07:52:05.281 PM EDT,$0.00
Bo Bichette 7.5,MLB-PHRR-FG-02HVCN69ONRU6N8-BOTE000-GTE-P00075,Settled Early,08/01/26 07:52:05.449 PM EDT,$0.00
Bo Bichette 8.5,MLB-PHRR-FG-02HVCN69ONRU6N8-BOTE000-GTE-P00085,Settled Early,08/01/26 07:52:05.660 PM EDT,$0.00
Francisco Lindor 2.5,MLB-PHRR-FG-02HVCN69ONRU6N8-FROR000-GTE-P00025,Settled Early,08/01/26 07:52:31.110 PM EDT,$0.00
Francisco Lindor 5.5,MLB-PHRR-FG-02HVCN69ONRU6N8-FROR000-GTE-P00055,Settled Early,08/01/26 07:52:31.364 PM EDT,$0.00
Francisco Lindor 0.5,MLB-PHRR-FG-02HVCN69ONRU6N8-FROR000-GTE-P00005,Settled Early,08/01/26 07:52:31.586 PM EDT,$1.00
Francisco Lindor 3.5,MLB-PHRR-FG-02HVCN69ONRU6N8-FROR000-GTE-P00035,Settled Early,08/01/26 07:52:31.787 PM EDT,$0.00
Francisco Lindor 1.5,MLB-PHRR-FG-02HVCN69ONRU6N8-FROR000-GTE-P00015,Settled Early,08/01/26 07:52:32.046 PM EDT,$1.00
Francisco Lindor 4.5,MLB-PHRR-FG-02HVCN69ONRU6N8-FROR000-GTE-P00045,Settled Early,08/01/26 07:52:32.298 PM EDT,$0.00
Francisco Lindor 6.5,MLB-PHRR-FG-02HVCN69ONRU6N8-FROR000-GTE-P00065,Settled Early,08/01/26 07:52:32.472 PM EDT,$0.00
Francisco Lindor 7.5,MLB-PHRR-FG-02HVCN69ONRU6N8-FROR000-GTE-P00075,Settled Early,08/01/26 07:52:32.657 PM EDT,$0.00
Francisco Lindor 8.5,MLB-PHRR-FG-02HVCN69ONRU6N8-FROR000-GTE-P00085,Settled Early,08/01/26 07:52:32.830 PM EDT,$0.00
Francisco Lindor 9.5,MLB-PHRR-FG-02HVCN69ONRU6N8-FROR000-GTE-P00095,Settled Early,08/01/26 07:52:33.004 PM EDT,$0.00
Javier Sanoja 2.5,MLB-PHRR-FG-02HVCN69ONRU6N8-JAJA000-GTE-P00025,Settled Early,08/01/26 07:53:10.060 PM EDT,$1.00
Javier Sanoja 0.5,MLB-PHRR-FG-02HVCN69ONRU6N8-JAJA000-GTE-P00005,Settled Early,08/01/26 07:53:10.275 PM EDT,$1.00
Javier Sanoja 3.5,MLB-PHRR-FG-02HVCN69ONRU6N8-JAJA000-GTE-P00035,Settled Early,08/01/26 07:53:10.511 PM EDT,$1.00
Javier Sanoja 1.5,MLB-PHRR-FG-02HVCN69ONRU6N8-JAJA000-GTE-P00015,Settled Early,08/01/26 07:53:10.726 PM EDT,$1.00
Javier Sanoja 8.5,MLB-PHRR-FG-02HVCN69ONRU6N8-JAJA000-GTE-P00085,Settled Early,08/01/26 07:53:10.923 PM EDT,$0.00
Javier Sanoja 6.5,MLB-PHRR-FG-02HVCN69ONRU6N8-JAJA000-GTE-P00065,Settled Early,08/01/26 07:53:11.122 PM EDT,$0.00
Javier Sanoja 4.5,MLB-PHRR-FG-02HVCN69ONRU6N8-JAJA000-GTE-P00045,Settled Early,08/01/26 07:53:11.345 PM EDT,$1.00
Javier Sanoja 9.5,MLB-PHRR-FG-02HVCN69ONRU6N8-JAJA000-GTE-P00095,Settled Early,08/01/26 07:53:11.556 PM EDT,$0.00
Javier Sanoja 5.5,MLB-PHRR-FG-02HVCN69ONRU6N8-JAJA000-GTE-P00055,Settled Early,08/01/26 07:53:11.729 PM EDT,$0.00
Javier Sanoja 7.5,MLB-PHRR-FG-02HVCN69ONRU6N8-JAJA000-GTE-P00075,Settled Early,08/01/26 07:53:11.928 PM EDT,$0.00
Kyle Stowers 8.5,MLB-PHRR-FG-02HVCN69ONRU6N8-KYRS000-GTE-P00085,Settled Early,08/01/26 07:53:35.878 PM EDT,$0.00
Kyle Stowers 9.5,MLB-PHRR-FG-02HVCN69ONRU6N8-KYRS000-GTE-P00095,Settled Early,08/01/26 07:53:36.128 PM EDT,$0.00
Kyle Stowers 1.5,MLB-PHRR-FG-02HVCN69ONRU6N8-KYRS000-GTE-P00015,Settled Early,08/01/26 07:53:36.359 PM EDT,$1.00
Kyle Stowers 0.5,MLB-PHRR-FG-02HVCN69ONRU6N8-KYRS000-GTE-P00005,Settled Early,08/01/26 07:53:36.600 PM EDT,$1.00
Kyle Stowers 2.5,MLB-PHRR-FG-02HVCN69ONRU6N8-KYRS000-GTE-P00025,Settled Early,08/01/26 07:53:36.820 PM EDT,$0.00
Kyle Stowers 4.5,MLB-PHRR-FG-02HVCN69ONRU6N8-KYRS000-GTE-P00045,Settled Early,08/01/26 07:53:37.026 PM EDT,$0.00
Kyle Stowers 6.5,MLB-PHRR-FG-02HVCN69ONRU6N8-KYRS000-GTE-P00065,Settled Early,08/01/26 07:53:37.243 PM EDT,$0.00
Kyle Stowers 5.5,MLB-PHRR-FG-02HVCN69ONRU6N8-KYRS000-GTE-P00055,Settled Early,08/01/26 07:53:37.454 PM EDT,$0.00
Kyle Stowers 3.5,MLB-PHRR-FG-02HVCN69ONRU6N8-KYRS000-GTE-P00035,Settled Early,08/01/26 07:53:37.668 PM EDT,$0.00
Kyle Stowers 7.5,MLB-PHRR-FG-02HVCN69ONRU6N8-KYRS000-GTE-P00075,Settled Early,08/01/26 07:53:37.867 PM EDT,$0.00
Brett Baty 7.5,MLB-PHRR-FG-02HVCN69ONRU6N8-BRTY000-GTE-P00075,Settled Early,08/01/26 07:54:01.796 PM EDT,$0.00
Brett Baty 3.5,MLB-PHRR-FG-02HVCN69ONRU6N8-BRTY000-GTE-P00035,Settled Early,08/01/26 07:54:02.041 PM EDT,$0.00
Brett Baty 4.5,MLB-PHRR-FG-02HVCN69ONRU6N8-BRTY000-GTE-P00045,Settled Early,08/01/26 07:54:02.297 PM EDT,$0.00
Brett Baty 2.5,MLB-PHRR-FG-02HVCN69ONRU6N8-BRTY000-GTE-P00025,Settled Early,08/01/26 07:54:02.533 PM EDT,$0.00
Brett Baty 5.5,MLB-PHRR-FG-02HVCN69ONRU6N8-BRTY000-GTE-P00055,Settled Early,08/01/26 07:54:02.769 PM EDT,$0.00
Brett Baty 1.5,MLB-PHRR-FG-02HVCN69ONRU6N8-BRTY000-GTE-P00015,Settled Early,08/01/26 07:54:02.966 PM EDT,$0.00
Brett Baty 0.5,MLB-PHRR-FG-02HVCN69ONRU6N8-BRTY000-GTE-P00005,Settled Early,08/01/26 07:54:03.152 PM EDT,$0.00
Brett Baty 6.5,MLB-PHRR-FG-02HVCN69ONRU6N8-BRTY000-GTE-P00065,Settled Early,08/01/26 07:54:03.347 PM EDT,$0.00
Brett Baty 8.5,MLB-PHRR-FG-02HVCN69ONRU6N8-BRTY000-GTE-P00085,Settled Early,08/01/26 07:54:03.552 PM EDT,$0.00
Brett Baty 9.5,MLB-PHRR-FG-02HVCN69ONRU6N8-BRTY000-GTE-P00095,Settled Early,08/01/26 07:54:03.745 PM EDT,$0.00
Over 0.5,MLB-TRUNS-I7-02HVCN69ONRU6N8-GTE-P00005,Settled Early,08/01/26 07:54:14.865 PM EDT,$0.00
Over 2.5,MLB-TRUNS-I7-02HVCN69ONRU6N8-GTE-P00025,Settled Early,08/01/26 07:54:15.194 PM EDT,$0.00
Over 4.5,MLB-TRUNS-I7-02HVCN69ONRU6N8-GTE-P00045,Settled Early,08/01/26 07:54:15.429 PM EDT,$0.00
Over 1.5,MLB-TRUNS-I7-02HVCN69ONRU6N8-GTE-P00015,Settled Early,08/01/26 07:54:15.644 PM EDT,$0.00
Over 3.5,MLB-TRUNS-I7-02HVCN69ONRU6N8-GTE-P00035,Settled Early,08/01/26 07:54:15.909 PM EDT,$0.00
Griffin Conine 2.5,MLB-PHRR-FG-02HVCN69ONRU6N8-GRNE000-GTE-P00025,Settled Early,08/01/26 07:54:48.239 PM EDT,$1.00
Griffin Conine 0.5,MLB-PHRR-FG-02HVCN69ONRU6N8-GRNE000-GTE-P00005,Settled Early,08/01/26 07:54:48.470 PM EDT,$1.00
Griffin Conine 7.5,MLB-PHRR-FG-02HVCN69ONRU6N8-GRNE000-GTE-P00075,Settled Early,08/01/26 07:54:48.788 PM EDT,$0.00
Griffin Conine 5.5,MLB-PHRR-FG-02HVCN69ONRU6N8-GRNE000-GTE-P00055,Settled Early,08/01/26 07:54:49.024 PM EDT,$0.00
Griffin Conine 1.5,MLB-PHRR-FG-02HVCN69ONRU6N8-GRNE000-GTE-P00015,Settled Early,08/01/26 07:54:49.272 PM EDT,$1.00
Griffin Conine 3.5,MLB-PHRR-FG-02HVCN69ONRU6N8-GRNE000-GTE-P00035,Settled Early,08/01/26 07:54:49.460 PM EDT,$1.00
Griffin Conine 4.5,MLB-PHRR-FG-02HVCN69ONRU6N8-GRNE000-GTE-P00045,Settled Early,08/01/26 07:54:49.668 PM EDT,$0.00
Griffin Conine 6.5,MLB-PHRR-FG-02HVCN69ONRU6N8-GRNE000-GTE-P00065,Settled Early,08/01/26 07:54:49.838 PM EDT,$0.00
Griffin Conine 8.5,MLB-PHRR-FG-02HVCN69ONRU6N8-GRNE000-GTE-P00085,Settled Early,08/01/26 07:54:50.008 PM EDT,$0.00
Griffin Conine 9.5,MLB-PHRR-FG-02HVCN69ONRU6N8-GRNE000-GTE-P00095,Settled Early,08/01/26 07:54:50.175 PM EDT,$0.00
Marcus Semien 0.5,MLB-PHRR-FG-02HVCN69ONRU6N8-MAEN000-GTE-P00005,Settled Early,08/01/26 07:55:09.238 PM EDT,$1.00
Marcus Semien 4.5,MLB-PHRR-FG-02HVCN69ONRU6N8-MAEN000-GTE-P00045,Settled Early,08/01/26 07:55:09.451 PM EDT,$0.00
Marcus Semien 1.5,MLB-PHRR-FG-02HVCN69ONRU6N8-MAEN000-GTE-P00015,Settled Early,08/01/26 07:55:09.654 PM EDT,$1.00
Marcus Semien 7.5,MLB-PHRR-FG-02HVCN69ONRU6N8-MAEN000-GTE-P00075,Settled Early,08/01/26 07:55:09.887 PM EDT,$0.00
Marcus Semien 2.5,MLB-PHRR-FG-02HVCN69ONRU6N8-MAEN000-GTE-P00025,Settled Early,08/01/26 07:55:10.105 PM EDT,$0.00
Marcus Semien 3.5,MLB-PHRR-FG-02HVCN69ONRU6N8-MAEN000-GTE-P00035,Settled Early,08/01/26 07:55:10.338 PM EDT,$0.00
Marcus Semien 5.5,MLB-PHRR-FG-02HVCN69ONRU6N8-MAEN000-GTE-P00055,Settled Early,08/01/26 07:55:10.520 PM EDT,$0.00
Marcus Semien 6.5,MLB-PHRR-FG-02HVCN69ONRU6N8-MAEN000-GTE-P00065,Settled Early,08/01/26 07:55:10.691 PM EDT,$0.00
Marcus Semien 8.5,MLB-PHRR-FG-02HVCN69ONRU6N8-MAEN000-GTE-P00085,Settled Early,08/01/26 07:55:10.872 PM EDT,$0.00
Marcus Semien 9.5,MLB-PHRR-FG-02HVCN69ONRU6N8-MAEN000-GTE-P00095,Settled Early,08/01/26 07:55:11.041 PM EDT,$0.00
Tyrone Taylor 1.5,MLB-PHRR-FG-02HVCN69ONRU6N8-TYOR000-GTE-P00015,Settled Early,08/01/26 07:55:29.735 PM EDT,$1.00
Tyrone Taylor 0.5,MLB-PHRR-FG-02HVCN69ONRU6N8-TYOR000-GTE-P00005,Settled Early,08/01/26 07:55:29.971 PM EDT,$1.00
Tyrone Taylor 3.5,MLB-PHRR-FG-02HVCN69ONRU6N8-TYOR000-GTE-P00035,Settled Early,08/01/26 07:55:30.233 PM EDT,$1.00
Tyrone Taylor 2.5,MLB-PHRR-FG-02HVCN69ONRU6N8-TYOR000-GTE-P00025,Settled Early,08/01/26 07:55:30.459 PM EDT,$1.00
Tyrone Taylor 7.5,MLB-PHRR-FG-02HVCN69ONRU6N8-TYOR000-GTE-P00075,Settled Early,08/01/26 07:55:30.728 PM EDT,$0.00
Tyrone Taylor 6.5,MLB-PHRR-FG-02HVCN69ONRU6N8-TYOR000-GTE-P00065,Settled Early,08/01/26 07:55:30.917 PM EDT,$0.00
Tyrone Taylor 5.5,MLB-PHRR-FG-02HVCN69ONRU6N8-TYOR000-GTE-P00055,Settled Early,08/01/26 07:55:31.090 PM EDT,$0.00
Tyrone Taylor 4.5,MLB-PHRR-FG-02HVCN69ONRU6N8-TYOR000-GTE-P00045,Settled Early,08/01/26 07:55:31.316 PM EDT,$0.00
Tyrone Taylor 8.5,MLB-PHRR-FG-02HVCN69ONRU6N8-TYOR000-GTE-P00085,Settled Early,08/01/26 07:55:31.526 PM EDT,$0.00
Tyrone Taylor 9.5,MLB-PHRR-FG-02HVCN69ONRU6N8-TYOR000-GTE-P00095,Settled Early,08/01/26 07:55:31.705 PM EDT,$0.00
Heriberto Hernandez 3.5,MLB-PHRR-FG-02HVCN69ONRU6N8-HEEZ002-GTE-P00035,Settled Early,08/01/26 07:55:52.769 PM EDT,$0.00
Heriberto Hernandez 2.5,MLB-PHRR-FG-02HVCN69ONRU6N8-HEEZ002-GTE-P00025,Settled Early,08/01/26 07:55:53.000 PM EDT,$0.00
Heriberto Hernandez 1.5,MLB-PHRR-FG-02HVCN69ONRU6N8-HEEZ002-GTE-P00015,Settled Early,08/01/26 07:55:53.219 PM EDT,$0.00
Heriberto Hernandez 0.5,MLB-PHRR-FG-02HVCN69ONRU6N8-HEEZ002-GTE-P00005,Settled Early,08/01/26 07:55:53.427 PM EDT,$0.00
Heriberto Hernandez 8.5,MLB-PHRR-FG-02HVCN69ONRU6N8-HEEZ002-GTE-P00085,Settled Early,08/01/26 07:55:53.632 PM EDT,$0.00
Heriberto Hernandez 7.5,MLB-PHRR-FG-02HVCN69ONRU6N8-HEEZ002-GTE-P00075,Settled Early,08/01/26 07:55:53.818 PM EDT,$0.00
Heriberto Hernandez 5.5,MLB-PHRR-FG-02HVCN69ONRU6N8-HEEZ002-GTE-P00055,Settled Early,08/01/26 07:55:54.025 PM EDT,$0.00
Heriberto Hernandez 6.5,MLB-PHRR-FG-02HVCN69ONRU6N8-HEEZ002-GTE-P00065,Settled Early,08/01/26 07:55:54.216 PM EDT,$0.00
Heriberto Hernandez 4.5,MLB-PHRR-FG-02HVCN69ONRU6N8-HEEZ002-GTE-P00045,Settled Early,08/01/26 07:55:54.418 PM EDT,$0.00
Heriberto Hernandez 9.5,MLB-PHRR-FG-02HVCN69ONRU6N8-HEEZ002-GTE-P00095,Settled Early,08/01/26 07:55:54.586 PM EDT,$0.00
Liam Hicks 0.5,MLB-PHRR-FG-02HVCN69ONRU6N8-LIKS001-GTE-P00005,Settled Early,08/01/26 07:56:13.269 PM EDT,$1.00
Liam Hicks 3.5,MLB-PHRR-FG-02HVCN69ONRU6N8-LIKS001-GTE-P00035,Settled Early,08/01/26 07:56:13.524 PM EDT,$1.00
Liam Hicks 8.5,MLB-PHRR-FG-02HVCN69ONRU6N8-LIKS001-GTE-P00085,Settled Early,08/01/26 07:56:13.736 PM EDT,$0.00
Liam Hicks 7.5,MLB-PHRR-FG-02HVCN69ONRU6N8-LIKS001-GTE-P00075,Settled Early,08/01/26 07:56:13.954 PM EDT,$0.00
Liam Hicks 4.5,MLB-PHRR-FG-02HVCN69ONRU6N8-LIKS001-GTE-P00045,Settled Early,08/01/26 07:56:14.155 PM EDT,$0.00
Liam Hicks 1.5,MLB-PHRR-FG-02HVCN69ONRU6N8-LIKS001-GTE-P00015,Settled Early,08/01/26 07:56:14.393 PM EDT,$1.00
Liam Hicks 2.5,MLB-PHRR-FG-02HVCN69ONRU6N8-LIKS001-GTE-P00025,Settled Early,08/01/26 07:56:14.623 PM EDT,$1.00
Liam Hicks 5.5,MLB-PHRR-FG-02HVCN69ONRU6N8-LIKS001-GTE-P00055,Settled Early,08/01/26 07:56:14.818 PM EDT,$0.00
Liam Hicks 6.5,MLB-PHRR-FG-02HVCN69ONRU6N8-LIKS001-GTE-P00065,Settled Early,08/01/26 07:56:15.031 PM EDT,$0.00
Liam Hicks 9.5,MLB-PHRR-FG-02HVCN69ONRU6N8-LIKS001-GTE-P00095,Settled Early,08/01/26 07:56:15.199 PM EDT,$0.00
Leo Jimenez 7.5,MLB-PHRR-FG-02HVCN69ONRU6N8-LEEZ001-GTE-P00075,Settled Early,08/01/26 07:57:30.990 PM EDT,$0.00
Leo Jimenez 4.5,MLB-PHRR-FG-02HVCN69ONRU6N8-LEEZ001-GTE-P00045,Settled Early,08/01/26 07:57:31.232 PM EDT,$0.00
Leo Jimenez 0.5,MLB-PHRR-FG-02HVCN69ONRU6N8-LEEZ001-GTE-P00005,Settled Early,08/01/26 07:57:31.454 PM EDT,$0.00
Leo Jimenez 1.5,MLB-PHRR-FG-02HVCN69ONRU6N8-LEEZ001-GTE-P00015,Settled Early,08/01/26 07:57:31.666 PM EDT,$0.00
Leo Jimenez 2.5,MLB-PHRR-FG-02HVCN69ONRU6N8-LEEZ001-GTE-P00025,Settled Early,08/01/26 07:57:31.884 PM EDT,$0.00
Leo Jimenez 3.5,MLB-PHRR-FG-02HVCN69ONRU6N8-LEEZ001-GTE-P00035,Settled Early,08/01/26 07:57:32.082 PM EDT,$0.00
Leo Jimenez 5.5,MLB-PHRR-FG-02HVCN69ONRU6N8-LEEZ001-GTE-P00055,Settled Early,08/01/26 07:57:32.289 PM EDT,$0.00
Leo Jimenez 6.5,MLB-PHRR-FG-02HVCN69ONRU6N8-LEEZ001-GTE-P00065,Settled Early,08/01/26 07:57:32.455 PM EDT,$0.00
Leo Jimenez 8.5,MLB-PHRR-FG-02HVCN69ONRU6N8-LEEZ001-GTE-P00085,Settled Early,08/01/26 07:57:32.663 PM EDT,$0.00
Leo Jimenez 9.5,MLB-PHRR-FG-02HVCN69ONRU6N8-LEEZ001-GTE-P00095,Settled Early,08/01/26 07:57:32.860 PM EDT,$0.00
Over 0.5,MLB-TRUNS-I8-02HVCN69ONRU6N8-GTE-P00005,Settled Early,08/01/26 07:58:01.894 PM EDT,$0.00
Over 2.5,MLB-TRUNS-I8-02HVCN69ONRU6N8-GTE-P00025,Settled Early,08/01/26 07:58:02.253 PM EDT,$0.00
Over 4.5,MLB-TRUNS-I8-02HVCN69ONRU6N8-GTE-P00045,Settled Early,08/01/26 07:58:02.501 PM EDT,$0.00
Over 1.5,MLB-TRUNS-I8-02HVCN69ONRU6N8-GTE-P00015,Settled Early,08/01/26 07:58:02.753 PM EDT,$0.00
Over 3.5,MLB-TRUNS-I8-02HVCN69ONRU6N8-GTE-P00035,Settled Early,08/01/26 07:58:03.034 PM EDT,$0.00
Over 0.5,MLB-TRUNS-I9-02HVCN69ONRU6N8-GTE-P00005,Settled Early,08/01/26 07:58:13.960 PM EDT,$0.00
Over 1.5,MLB-TRUNS-I9-02HVCN69ONRU6N8-GTE-P00015,Settled Early,08/01/26 07:58:14.265 PM EDT,$0.00
Over 4.5,MLB-TRUNS-I9-02HVCN69ONRU6N8-GTE-P00045,Settled Early,08/01/26 07:58:14.510 PM EDT,$0.00
Over 3.5,MLB-TRUNS-I9-02HVCN69ONRU6N8-GTE-P00035,Settled Early,08/01/26 07:58:14.733 PM EDT,$0.00
Over 2.5,MLB-TRUNS-I9-02HVCN69ONRU6N8-GTE-P00025,Settled Early,08/01/26 07:58:14.989 PM EDT,$0.00
Jared Young 1.5,MLB-PHRR-FG-02HVCN69ONRU6N8-JANG000-GTE-P00015,Settled Early,08/01/26 07:58:40.286 PM EDT,$0.00
Jared Young 5.5,MLB-PHRR-FG-02HVCN69ONRU6N8-JANG000-GTE-P00055,Settled Early,08/01/26 07:58:40.518 PM EDT,$0.00
Jared Young 3.5,MLB-PHRR-FG-02HVCN69ONRU6N8-JANG000-GTE-P00035,Settled Early,08/01/26 07:58:40.783 PM EDT,$0.00
Jared Young 8.5,MLB-PHRR-FG-02HVCN69ONRU6N8-JANG000-GTE-P00085,Settled Early,08/01/26 07:58:40.988 PM EDT,$0.00
Jared Young 9.5,MLB-PHRR-FG-02HVCN69ONRU6N8-JANG000-GTE-P00095,Settled Early,08/01/26 07:58:41.190 PM EDT,$0.00
Jared Young 4.5,MLB-PHRR-FG-02HVCN69ONRU6N8-JANG000-GTE-P00045,Settled Early,08/01/26 07:58:41.432 PM EDT,$0.00
Jared Young 2.5,MLB-PHRR-FG-02HVCN69ONRU6N8-JANG000-GTE-P00025,Settled Early,08/01/26 07:58:41.599 PM EDT,$0.00
Jared Young 6.5,MLB-PHRR-FG-02HVCN69ONRU6N8-JANG000-GTE-P00065,Settled Early,08/01/26 07:58:41.810 PM EDT,$0.00
Jared Young 7.5,MLB-PHRR-FG-02HVCN69ONRU6N8-JANG000-GTE-P00075,Settled Early,08/01/26 07:58:41.998 PM EDT,$0.00
Jared Young 0.5,MLB-PHRR-FG-02HVCN69ONRU6N8-JANG000-GTE-P00005,Settled Early,08/01/26 07:58:42.166 PM EDT,$0.00
Otto Lopez 3.5,MLB-PHRR-FG-02HVCN69ONRU6N8-OTEZ000-GTE-P00035,Settled Early,08/01/26 07:59:26.497 PM EDT,$1.00
Otto Lopez 2.5,MLB-PHRR-FG-02HVCN69ONRU6N8-OTEZ000-GTE-P00025,Settled Early,08/01/26 07:59:26.740 PM EDT,$1.00
Otto Lopez 4.5,MLB-PHRR-FG-02HVCN69ONRU6N8-OTEZ000-GTE-P00045,Settled Early,08/01/26 07:59:27.021 PM EDT,$0.00
Otto Lopez 1.5,MLB-PHRR-FG-02HVCN69ONRU6N8-OTEZ000-GTE-P00015,Settled Early,08/01/26 07:59:27.249 PM EDT,$1.00
Otto Lopez 9.5,MLB-PHRR-FG-02HVCN69ONRU6N8-OTEZ000-GTE-P00095,Settled Early,08/01/26 07:59:27.473 PM EDT,$0.00
Otto Lopez 6.5,MLB-PHRR-FG-02HVCN69ONRU6N8-OTEZ000-GTE-P00065,Settled Early,08/01/26 07:59:27.704 PM EDT,$0.00
Otto Lopez 7.5,MLB-PHRR-FG-02HVCN69ONRU6N8-OTEZ000-GTE-P00075,Settled Early,08/01/26 07:59:27.915 PM EDT,$0.00
Otto Lopez 8.5,MLB-PHRR-FG-02HVCN69ONRU6N8-OTEZ000-GTE-P00085,Settled Early,08/01/26 07:59:28.086 PM EDT,$0.00
Otto Lopez 0.5,MLB-PHRR-FG-02HVCN69ONRU6N8-OTEZ000-GTE-P00005,Settled Early,08/01/26 07:59:28.272 PM EDT,$1.00
Otto Lopez 5.5,MLB-PHRR-FG-02HVCN69ONRU6N8-OTEZ000-GTE-P00055,Settled Early,08/01/26 07:59:28.457 PM EDT,$0.00
Kansas City Current [W],NWSL-DWIN-FG-01OB0MNJVVNE0PG-KATW001,Settled Early,08/01/26 08:28:20.202 PM EDT,$0.00
Draw,NWSL-DWIN-FG-01OB0MNJVVNE0PG-DRAW,Settled Early,08/01/26 08:28:20.847 PM EDT,$1.00
Angel City FC [W],NWSL-DWIN-FG-01OB0MNJVVNE0PG-ANCW004,Settled Early,08/01/26 08:28:21.315 PM EDT,$0.00
Over 1.5,MLB-TRUNS-I1-02HVDVNFONRVA50-GTE-P00015,Settled Early,08/01/26 08:42:58.509 PM EDT,$0.00
Over 2.5,MLB-TRUNS-I1-02HVDVNFONRVA50-GTE-P00025,Settled Early,08/01/26 08:42:58.864 PM EDT,$0.00
Over 0.5,MLB-TRUNS-I1-02HVDVNFONRVA50-GTE-P00005,Settled Early,08/01/26 08:42:59.126 PM EDT,$0.00
Over 4.5,MLB-TRUNS-I1-02HVDVNFONRVA50-GTE-P00045,Settled Early,08/01/26 08:42:59.343 PM EDT,$0.00
Over 3.5,MLB-TRUNS-I1-02HVDVNFONRVA50-GTE-P00035,Settled Early,08/01/26 08:42:59.706 PM EDT,$0.00
Over 0.5,MLB-TRUNS-I2-02HVDVHEONRVATO-GTE-P00005,Settled Early,08/01/26 08:43:20.773 PM EDT,$1.00
Over 1.5,MLB-TRUNS-I2-02HVDVHEONRVATO-GTE-P00015,Settled Early,08/01/26 08:43:21.048 PM EDT,$0.00
Over 2.5,MLB-TRUNS-I2-02HVDVHEONRVATO-GTE-P00025,Settled Early,08/01/26 08:43:21.301 PM EDT,$0.00
Over 3.5,MLB-TRUNS-I2-02HVDVHEONRVATO-GTE-P00035,Settled Early,08/01/26 08:43:21.497 PM EDT,$0.00
Over 4.5,MLB-TRUNS-I2-02HVDVHEONRVATO-GTE-P00045,Settled Early,08/01/26 08:43:21.696 PM EDT,$0.00
Over 3.5,MLB-TRUNS-I3-02HVDVHEONRVATO-GTE-P00035,Settled Early,08/01/26 08:43:30.128 PM EDT,$0.00
Over 1.5,MLB-TRUNS-I3-02HVDVHEONRVATO-GTE-P00015,Settled Early,08/01/26 08:43:30.300 PM EDT,$0.00
Over 2.5,MLB-TRUNS-I3-02HVDVHEONRVATO-GTE-P00025,Settled Early,08/01/26 08:43:30.521 PM EDT,$0.00
Over 4.5,MLB-TRUNS-I3-02HVDVHEONRVATO-GTE-P00045,Settled Early,08/01/26 08:43:30.712 PM EDT,$0.00
Over 0.5,MLB-TRUNS-I3-02HVDVHEONRVATO-GTE-P00005,Settled Early,08/01/26 08:43:30.909 PM EDT,$0.00
Over 0.5,MLB-TRUNS-I4-02HVDVHEONRVATO-GTE-P00005,Settled Early,08/01/26 08:43:40.203 PM EDT,$1.00
Over 1.5,MLB-TRUNS-I4-02HVDVHEONRVATO-GTE-P00015,Settled Early,08/01/26 08:43:40.410 PM EDT,$0.00
Over 2.5,MLB-TRUNS-I4-02HVDVHEONRVATO-GTE-P00025,Settled Early,08/01/26 08:43:40.632 PM EDT,$0.00
Over 3.5,MLB-TRUNS-I4-02HVDVHEONRVATO-GTE-P00035,Settled Early,08/01/26 08:43:40.871 PM EDT,$0.00
Over 4.5,MLB-TRUNS-I4-02HVDVHEONRVATO-GTE-P00045,Settled Early,08/01/26 08:43:41.065 PM EDT,$0.00
Over 0.5,MLB-TRUNS-I5-02HVDVHEONRVATO-GTE-P00005,Settled Early,08/01/26 08:43:51.476 PM EDT,$0.00
Over 1.5,MLB-TRUNS-I5-02HVDVHEONRVATO-GTE-P00015,Settled Early,08/01/26 08:43:51.717 PM EDT,$0.00
Over 2.5,MLB-TRUNS-I5-02HVDVHEONRVATO-GTE-P00025,Settled Early,08/01/26 08:43:51.970 PM EDT,$0.00
Over 3.5,MLB-TRUNS-I5-02HVDVHEONRVATO-GTE-P00035,Settled Early,08/01/26 08:43:52.173 PM EDT,$0.00
Over 4.5,MLB-TRUNS-I5-02HVDVHEONRVATO-GTE-P00045,Settled Early,08/01/26 08:43:52.377 PM EDT,$0.00
Over 0.5,MLB-TRUNS-IT5-02HVDVHEONRVATO-GTE-P00005,Settled Early,08/01/26 08:44:09.384 PM EDT,$1.00
Over 4.5,MLB-TRUNS-IT5-02HVDVHEONRVATO-GTE-P00045,Settled Early,08/01/26 08:44:09.556 PM EDT,$0.00
Over 5.5,MLB-TRUNS-IT5-02HVDVHEONRVATO-GTE-P00055,Settled Early,08/01/26 08:44:09.910 PM EDT,$0.00
Over 6.5,MLB-TRUNS-IT5-02HVDVHEONRVATO-GTE-P00065,Settled Early,08/01/26 08:44:10.380 PM EDT,$0.00
Over 1.5,MLB-TRUNS-IT5-02HVDVHEONRVATO-GTE-P00015,Settled Early,08/01/26 08:44:10.546 PM EDT,$1.00
Over 2.5,MLB-TRUNS-IT5-02HVDVHEONRVATO-GTE-P00025,Settled Early,08/01/26 08:44:10.718 PM EDT,$1.00
Over 3.5,MLB-TRUNS-IT5-02HVDVHEONRVATO-GTE-P00035,Settled Early,08/01/26 08:44:10.931 PM EDT,$1.00
Over 9.5,MLB-TRUNS-IT5-02HVDVHEONRVATO-GTE-P00095,Settled Early,08/01/26 08:44:11.147 PM EDT,$0.00
Over 8.5,MLB-TRUNS-IT5-02HVDVHEONRVATO-GTE-P00085,Settled Early,08/01/26 08:44:11.343 PM EDT,$0.00
Over 7.5,MLB-TRUNS-IT5-02HVDVHEONRVATO-GTE-P00075,Settled Early,08/01/26 08:44:11.509 PM EDT,$0.00
Over 10.5,MLB-TRUNS-IT5-02HVDVHEONRVATO-GTE-P00105,Settled Early,08/01/26 08:44:11.702 PM EDT,$0.00
Over 0.5,MLB-TRUNS-I2-02HVDVGGONRVAI8-GTE-P00005,Settled Early,08/01/26 08:44:30.784 PM EDT,$0.00
Over 1.5,MLB-TRUNS-I2-02HVDVGGONRVAI8-GTE-P00015,Settled Early,08/01/26 08:44:31.005 PM EDT,$0.00
Over 2.5,MLB-TRUNS-I2-02HVDVGGONRVAI8-GTE-P00025,Settled Early,08/01/26 08:44:31.221 PM EDT,$0.00
Over 3.5,MLB-TRUNS-I2-02HVDVGGONRVAI8-GTE-P00035,Settled Early,08/01/26 08:44:31.410 PM EDT,$0.00
Over 4.5,MLB-TRUNS-I2-02HVDVGGONRVAI8-GTE-P00045,Settled Early,08/01/26 08:44:31.611 PM EDT,$0.00
Over 1.5,MLB-TRUNS-I3-02HVDVGGONRVAI8-GTE-P00015,Settled Early,08/01/26 08:44:41.583 PM EDT,$0.00
Over 3.5,MLB-TRUNS-I3-02HVDVGGONRVAI8-GTE-P00035,Settled Early,08/01/26 08:44:41.803 PM EDT,$0.00
Over 0.5,MLB-TRUNS-I3-02HVDVGGONRVAI8-GTE-P00005,Settled Early,08/01/26 08:44:42.008 PM EDT,$0.00
Over 4.5,MLB-TRUNS-I3-02HVDVGGONRVAI8-GTE-P00045,Settled Early,08/01/26 08:44:42.310 PM EDT,$0.00
Over 2.5,MLB-TRUNS-I3-02HVDVGGONRVAI8-GTE-P00025,Settled Early,08/01/26 08:44:42.511 PM EDT,$0.00
Over 3.5,MLB-TRUNS-I4-02HVDVGGONRVAI8-GTE-P00035,Settled Early,08/01/26 08:44:51.890 PM EDT,$0.00
Over 1.5,MLB-TRUNS-I4-02HVDVGGONRVAI8-GTE-P00015,Settled Early,08/01/26 08:44:52.090 PM EDT,$0.00
Over 2.5,MLB-TRUNS-I4-02HVDVGGONRVAI8-GTE-P00025,Settled Early,08/01/26 08:44:52.306 PM EDT,$0.00
Over 0.5,MLB-TRUNS-I4-02HVDVGGONRVAI8-GTE-P00005,Settled Early,08/01/26 08:44:52.533 PM EDT,$0.00
Over 4.5,MLB-TRUNS-I4-02HVDVGGONRVAI8-GTE-P00045,Settled Early,08/01/26 08:44:52.731 PM EDT,$0.00
Over 2.5,MLB-TRUNS-I5-02HVDVGGONRVAI8-GTE-P00025,Settled Early,08/01/26 08:45:05.355 PM EDT,$0.00
Over 1.5,MLB-TRUNS-I5-02HVDVGGONRVAI8-GTE-P00015,Settled Early,08/01/26 08:45:05.567 PM EDT,$0.00
Over 0.5,MLB-TRUNS-I5-02HVDVGGONRVAI8-GTE-P00005,Settled Early,08/01/26 08:45:05.805 PM EDT,$1.00
Over 3.5,MLB-TRUNS-I5-02HVDVGGONRVAI8-GTE-P00035,Settled Early,08/01/26 08:45:06.070 PM EDT,$0.00
Over 4.5,MLB-TRUNS-I5-02HVDVGGONRVAI8-GTE-P00045,Settled Early,08/01/26 08:45:06.269 PM EDT,$0.00
Over 0.5,MLB-TRUNS-IT5-02HVDVGGONRVAI8-GTE-P00005,Settled Early,08/01/26 08:45:22.596 PM EDT,$1.00
Over 9.5,MLB-TRUNS-IT5-02HVDVGGONRVAI8-GTE-P00095,Settled Early,08/01/26 08:45:22.783 PM EDT,$0.00
Over 4.5,MLB-TRUNS-IT5-02HVDVGGONRVAI8-GTE-P00045,Settled Early,08/01/26 08:45:22.972 PM EDT,$0.00
Over 1.5,MLB-TRUNS-IT5-02HVDVGGONRVAI8-GTE-P00015,Settled Early,08/01/26 08:45:23.176 PM EDT,$1.00
Over 2.5,MLB-TRUNS-IT5-02HVDVGGONRVAI8-GTE-P00025,Settled Early,08/01/26 08:45:23.418 PM EDT,$0.00
Over 3.5,MLB-TRUNS-IT5-02HVDVGGONRVAI8-GTE-P00035,Settled Early,08/01/26 08:45:23.753 PM EDT,$0.00
Over 5.5,MLB-TRUNS-IT5-02HVDVGGONRVAI8-GTE-P00055,Settled Early,08/01/26 08:45:24.189 PM EDT,$0.00
Over 6.5,MLB-TRUNS-IT5-02HVDVGGONRVAI8-GTE-P00065,Settled Early,08/01/26 08:45:24.355 PM EDT,$0.00
Over 7.5,MLB-TRUNS-IT5-02HVDVGGONRVAI8-GTE-P00075,Settled Early,08/01/26 08:45:24.523 PM EDT,$0.00
Over 8.5,MLB-TRUNS-IT5-02HVDVGGONRVAI8-GTE-P00085,Settled Early,08/01/26 08:45:24.716 PM EDT,$0.00
Over 10.5,MLB-TRUNS-IT5-02HVDVGGONRVAI8-GTE-P00105,Settled Early,08/01/26 08:45:25.002 PM EDT,$0.00
Over 0.5,MLB-TRUNS-I1-02HVDCN6ONRTC58-GTE-P00005,Settled Early,08/01/26 08:45:40.185 PM EDT,$0.00
Over 3.5,MLB-TRUNS-I1-02HVDCN6ONRTC58-GTE-P00035,Settled Early,08/01/26 08:45:40.508 PM EDT,$0.00
Over 4.5,MLB-TRUNS-I1-02HVDCN6ONRTC58-GTE-P00045,Settled Early,08/01/26 08:45:40.760 PM EDT,$0.00
Over 1.5,MLB-TRUNS-I1-02HVDCN6ONRTC58-GTE-P00015,Settled Early,08/01/26 08:45:40.955 PM EDT,$0.00
Over 2.5,MLB-TRUNS-I1-02HVDCN6ONRTC58-GTE-P00025,Settled Early,08/01/26 08:45:41.192 PM EDT,$0.00
Over 0.5,MLB-TRUNS-I2-02HVDCN6ONRTC58-GTE-P00005,Settled Early,08/01/26 08:45:49.660 PM EDT,$1.00
Over 2.5,MLB-TRUNS-I2-02HVDCN6ONRTC58-GTE-P00025,Settled Early,08/01/26 08:45:49.965 PM EDT,$0.00
Over 3.5,MLB-TRUNS-I2-02HVDCN6ONRTC58-GTE-P00035,Settled Early,08/01/26 08:45:50.168 PM EDT,$0.00
Over 1.5,MLB-TRUNS-I2-02HVDCN6ONRTC58-GTE-P00015,Settled Early,08/01/26 08:45:50.357 PM EDT,$0.00
Over 4.5,MLB-TRUNS-I2-02HVDCN6ONRTC58-GTE-P00045,Settled Early,08/01/26 08:45:50.545 PM EDT,$0.00
Over 0.5,MLB-TRUNS-I3-02HVDCN6ONRTC58-GTE-P00005,Settled Early,08/01/26 08:45:59.470 PM EDT,$1.00
Over 2.5,MLB-TRUNS-I3-02HVDCN6ONRTC58-GTE-P00025,Settled Early,08/01/26 08:45:59.752 PM EDT,$1.00
Over 3.5,MLB-TRUNS-I3-02HVDCN6ONRTC58-GTE-P00035,Settled Early,08/01/26 08:46:00.008 PM EDT,$0.00
Over 4.5,MLB-TRUNS-I3-02HVDCN6ONRTC58-GTE-P00045,Settled Early,08/01/26 08:46:00.364 PM EDT,$0.00
Over 1.5,MLB-TRUNS-I3-02HVDCN6ONRTC58-GTE-P00015,Settled Early,08/01/26 08:46:00.558 PM EDT,$1.00
Over 4.5,MLB-TRUNS-I4-02HVDCN6ONRTC58-GTE-P00045,Settled Early,08/01/26 08:46:15.215 PM EDT,$0.00
Over 1.5,MLB-TRUNS-I4-02HVDCN6ONRTC58-GTE-P00015,Settled Early,08/01/26 08:46:15.439 PM EDT,$1.00
Over 0.5,MLB-TRUNS-I4-02HVDCN6ONRTC58-GTE-P00005,Settled Early,08/01/26 08:46:15.655 PM EDT,$1.00
Over 2.5,MLB-TRUNS-I4-02HVDCN6ONRTC58-GTE-P00025,Settled Early,08/01/26 08:46:15.870 PM EDT,$1.00
Over 3.5,MLB-TRUNS-I4-02HVDCN6ONRTC58-GTE-P00035,Settled Early,08/01/26 08:46:16.111 PM EDT,$1.00
Over 3.5,MLB-TRUNS-I3-02HVDCLTONRTDE0-GTE-P00035,Settled Early,08/01/26 08:46:47.214 PM EDT,$0.00
Over 2.5,MLB-TRUNS-I3-02HVDCLTONRTDE0-GTE-P00025,Settled Early,08/01/26 08:46:47.385 PM EDT,$0.00
Over 4.5,MLB-TRUNS-I3-02HVDCLTONRTDE0-GTE-P00045,Settled Early,08/01/26 08:46:47.610 PM EDT,$0.00
Over 0.5,MLB-TRUNS-I3-02HVDCLTONRTDE0-GTE-P00005,Settled Early,08/01/26 08:46:47.809 PM EDT,$0.00
Over 1.5,MLB-TRUNS-I3-02HVDCLTONRTDE0-GTE-P00015,Settled Early,08/01/26 08:46:48.136 PM EDT,$0.00
Over 0.5,MLB-TRUNS-I4-02HVDCLTONRTDE0-GTE-P00005,Settled Early,08/01/26 08:46:56.226 PM EDT,$0.00
Over 4.5,MLB-TRUNS-I4-02HVDCLTONRTDE0-GTE-P00045,Settled Early,08/01/26 08:46:56.634 PM EDT,$0.00
Over 3.5,MLB-TRUNS-I4-02HVDCLTONRTDE0-GTE-P00035,Settled Early,08/01/26 08:46:56.831 PM EDT,$0.00
Over 2.5,MLB-TRUNS-I4-02HVDCLTONRTDE0-GTE-P00025,Settled Early,08/01/26 08:46:57.002 PM EDT,$0.00
Over 1.5,MLB-TRUNS-I4-02HVDCLTONRTDE0-GTE-P00015,Settled Early,08/01/26 08:46:57.171 PM EDT,$0.00
Over 1.5,MLB-TRUNS-I5-02HVDCLTONRTDE0-GTE-P00015,Settled Early,08/01/26 08:47:06.610 PM EDT,$0.00
Over 0.5,MLB-TRUNS-I5-02HVDCLTONRTDE0-GTE-P00005,Settled Early,08/01/26 08:47:06.831 PM EDT,$1.00
Over 2.5,MLB-TRUNS-I5-02HVDCLTONRTDE0-GTE-P00025,Settled Early,08/01/26 08:47:07.167 PM EDT,$0.00
Over 4.5,MLB-TRUNS-I5-02HVDCLTONRTDE0-GTE-P00045,Settled Early,08/01/26 08:47:07.359 PM EDT,$0.00
Over 3.5,MLB-TRUNS-I5-02HVDCLTONRTDE0-GTE-P00035,Settled Early,08/01/26 08:47:07.549 PM EDT,$0.00
Over 2.5,MLB-TRUNS-IT5-02HVDCLTONRTDE0-GTE-P00025,Settled Early,08/01/26 08:47:16.208 PM EDT,$0.00
Over 4.5,MLB-TRUNS-IT5-02HVDCLTONRTDE0-GTE-P00045,Settled Early,08/01/26 08:47:16.419 PM EDT,$0.00
Over 3.5,MLB-TRUNS-IT5-02HVDCLTONRTDE0-GTE-P00035,Settled Early,08/01/26 08:47:16.872 PM EDT,$0.00
Over 1.5,MLB-TRUNS-IT5-02HVDCLTONRTDE0-GTE-P00015,Settled Early,08/01/26 08:47:17.126 PM EDT,$0.00
Over 0.5,MLB-TRUNS-IT5-02HVDCLTONRTDE0-GTE-P00005,Settled Early,08/01/26 08:47:17.294 PM EDT,$1.00
Over 5.5,MLB-TRUNS-IT5-02HVDCLTONRTDE0-GTE-P00055,Settled Early,08/01/26 08:47:17.537 PM EDT,$0.00
Over 6.5,MLB-TRUNS-IT5-02HVDCLTONRTDE0-GTE-P00065,Settled Early,08/01/26 08:47:17.812 PM EDT,$0.00
Over 8.5,MLB-TRUNS-IT5-02HVDCLTONRTDE0-GTE-P00085,Settled Early,08/01/26 08:47:18.021 PM EDT,$0.00
Over 10.5,MLB-TRUNS-IT5-02HVDCLTONRTDE0-GTE-P00105,Settled Early,08/01/26 08:47:18.235 PM EDT,$0.00
Over 9.5,MLB-TRUNS-IT5-02HVDCLTONRTDE0-GTE-P00095,Settled Early,08/01/26 08:47:18.486 PM EDT,$0.00
Over 7.5,MLB-TRUNS-IT5-02HVDCLTONRTDE0-GTE-P00075,Settled Early,08/01/26 08:47:18.663 PM EDT,$0.00
Over 0.5,MLB-TRUNS-I4-02HVDCHPONRTCQ0-GTE-P00005,Settled Early,08/01/26 08:47:33.086 PM EDT,$0.00
Over 2.5,MLB-TRUNS-I4-02HVDCHPONRTCQ0-GTE-P00025,Settled Early,08/01/26 08:47:33.417 PM EDT,$0.00
Over 1.5,MLB-TRUNS-I4-02HVDCHPONRTCQ0-GTE-P00015,Settled Early,08/01/26 08:47:33.617 PM EDT,$0.00
Over 4.5,MLB-TRUNS-I4-02HVDCHPONRTCQ0-GTE-P00045,Settled Early,08/01/26 08:47:33.858 PM EDT,$0.00
Over 3.5,MLB-TRUNS-I4-02HVDCHPONRTCQ0-GTE-P00035,Settled Early,08/01/26 08:47:34.052 PM EDT,$0.00
Over 3.5,MLB-TRUNS-I5-02HVDCHPONRTCQ0-GTE-P00035,Settled Early,08/01/26 08:47:42.734 PM EDT,$0.00
Over 0.5,MLB-TRUNS-I5-02HVDCHPONRTCQ0-GTE-P00005,Settled Early,08/01/26 08:47:42.925 PM EDT,$1.00
Over 2.5,MLB-TRUNS-I5-02HVDCHPONRTCQ0-GTE-P00025,Settled Early,08/01/26 08:47:43.163 PM EDT,$0.00
Over 4.5,MLB-TRUNS-I5-02HVDCHPONRTCQ0-GTE-P00045,Settled Early,08/01/26 08:47:43.361 PM EDT,$0.00
Over 1.5,MLB-TRUNS-I5-02HVDCHPONRTCQ0-GTE-P00015,Settled Early,08/01/26 08:47:43.557 PM EDT,$0.00
Over 4.5,MLB-TRUNS-IT5-02HVDCHPONRTCQ0-GTE-P00045,Settled Early,08/01/26 08:47:55.607 PM EDT,$0.00
Over 2.5,MLB-TRUNS-IT5-02HVDCHPONRTCQ0-GTE-P00025,Settled Early,08/01/26 08:47:56.310 PM EDT,$1.00
Over 0.5,MLB-TRUNS-IT5-02HVDCHPONRTCQ0-GTE-P00005,Settled Early,08/01/26 08:47:56.487 PM EDT,$1.00
Over 9.5,MLB-TRUNS-IT5-02HVDCHPONRTCQ0-GTE-P00095,Settled Early,08/01/26 08:47:56.657 PM EDT,$0.00
Over 7.5,MLB-TRUNS-IT5-02HVDCHPONRTCQ0-GTE-P00075,Settled Early,08/01/26 08:47:56.819 PM EDT,$0.00
Over 8.5,MLB-TRUNS-IT5-02HVDCHPONRTCQ0-GTE-P00085,Settled Early,08/01/26 08:47:56.987 PM EDT,$0.00
Over 10.5,MLB-TRUNS-IT5-02HVDCHPONRTCQ0-GTE-P00105,Settled Early,08/01/26 08:47:57.152 PM EDT,$0.00
Over 1.5,MLB-TRUNS-IT5-02HVDCHPONRTCQ0-GTE-P00015,Settled Early,08/01/26 08:47:57.317 PM EDT,$1.00
Over 6.5,MLB-TRUNS-IT5-02HVDCHPONRTCQ0-GTE-P00065,Settled Early,08/01/26 08:47:57.512 PM EDT,$0.00
Over 3.5,MLB-TRUNS-IT5-02HVDCHPONRTCQ0-GTE-P00035,Settled Early,08/01/26 08:47:57.710 PM EDT,$1.00
Over 5.5,MLB-TRUNS-IT5-02HVDCHPONRTCQ0-GTE-P00055,Settled Early,08/01/26 08:47:57.962 PM EDT,$0.00
Over 3.5,MLB-TRUNS-I2-02HVDVJFONRVB6O-GTE-P00035,Settled Early,08/01/26 08:48:15.192 PM EDT,$0.00
Over 0.5,MLB-TRUNS-I2-02HVDVJFONRVB6O-GTE-P00005,Settled Early,08/01/26 08:48:15.381 PM EDT,$0.00
Over 1.5,MLB-TRUNS-I2-02HVDVJFONRVB6O-GTE-P00015,Settled Early,08/01/26 08:48:15.658 PM EDT,$0.00
Over 2.5,MLB-TRUNS-I2-02HVDVJFONRVB6O-GTE-P00025,Settled Early,08/01/26 08:48:15.826 PM EDT,$0.00
Over 4.5,MLB-TRUNS-I2-02HVDVJFONRVB6O-GTE-P00045,Settled Early,08/01/26 08:48:16.021 PM EDT,$0.00
Over 2.5,MLB-TRUNS-I3-02HVDVJFONRVB6O-GTE-P00025,Settled Early,08/01/26 08:48:22.657 PM EDT,$0.00
Over 4.5,MLB-TRUNS-I3-02HVDVJFONRVB6O-GTE-P00045,Settled Early,08/01/26 08:48:22.852 PM EDT,$0.00
Over 3.5,MLB-TRUNS-I3-02HVDVJFONRVB6O-GTE-P00035,Settled Early,08/01/26 08:48:23.036 PM EDT,$0.00
Over 0.5,MLB-TRUNS-I3-02HVDVJFONRVB6O-GTE-P00005,Settled Early,08/01/26 08:48:23.233 PM EDT,$0.00
Over 1.5,MLB-TRUNS-I3-02HVDVJFONRVB6O-GTE-P00015,Settled Early,08/01/26 08:48:23.434 PM EDT,$0.00
Over 1.5,MLB-TRUNS-I4-02HVDVJFONRVB6O-GTE-P00015,Settled Early,08/01/26 08:48:31.133 PM EDT,$0.00
Over 0.5,MLB-TRUNS-I4-02HVDVJFONRVB6O-GTE-P00005,Settled Early,08/01/26 08:48:31.334 PM EDT,$0.00
Over 3.5,MLB-TRUNS-I4-02HVDVJFONRVB6O-GTE-P00035,Settled Early,08/01/26 08:48:31.565 PM EDT,$0.00
Over 4.5,MLB-TRUNS-I4-02HVDVJFONRVB6O-GTE-P00045,Settled Early,08/01/26 08:48:31.777 PM EDT,$0.00
Over 2.5,MLB-TRUNS-I4-02HVDVJFONRVB6O-GTE-P00025,Settled Early,08/01/26 08:48:31.970 PM EDT,$0.00
Over 3.5,MLB-TRUNS-I2-02HVDVNFONRVA50-GTE-P00035,Settled Early,08/01/26 08:48:47.769 PM EDT,$0.00
Over 0.5,MLB-TRUNS-I2-02HVDVNFONRVA50-GTE-P00005,Settled Early,08/01/26 08:48:47.963 PM EDT,$1.00
Over 4.5,MLB-TRUNS-I2-02HVDVNFONRVA50-GTE-P00045,Settled Early,08/01/26 08:48:48.239 PM EDT,$0.00
Over 1.5,MLB-TRUNS-I2-02HVDVNFONRVA50-GTE-P00015,Settled Early,08/01/26 08:48:48.430 PM EDT,$0.00
Over 2.5,MLB-TRUNS-I2-02HVDVNFONRVA50-GTE-P00025,Settled Early,08/01/26 08:48:48.654 PM EDT,$0.00
ATL Braves,MLB-WIN-IT5-02HVDVHEONRVATO-ATES000,Settled Early,08/01/26 08:49:17.111 PM EDT,$1.00
WAS Nationals,MLB-WIN-IT5-02HVDVHEONRVATO-WALS000,Settled Early,08/01/26 08:49:17.437 PM EDT,$0.00
NY Yankees,MLB-WIN-IT5-02HVDVGGONRVAI8-NYES000,Settled Early,08/01/26 08:49:33.528 PM EDT,$0.50
CHI Cubs,MLB-WIN-IT5-02HVDVGGONRVAI8-CHBS000,Settled Early,08/01/26 08:49:33.944 PM EDT,$0.50
BAL Orioles,MLB-WIN-IT5-02HVDCLTONRTDE0-BAES000,Settled Early,08/01/26 08:49:47.574 PM EDT,$0.00
PHI Phillies,MLB-WIN-IT5-02HVDCLTONRTDE0-PHES000,Settled Early,08/01/26 08:49:47.923 PM EDT,$1.00
CIN Reds,MLB-WIN-IT5-02HVDCHPONRTCQ0-CIDS000,Settled Early,08/01/26 08:50:02.887 PM EDT,$0.00
PIT Pirates,MLB-WIN-IT5-02HVDCHPONRTCQ0-PIES000,Settled Early,08/01/26 08:50:03.132 PM EDT,$1.00
ATL Braves -1.5,MLB-MOVY-IT5-02HVDVHEONRVATO-ATES000-GTE-P00015,Settled Early,08/01/26 08:50:30.613 PM EDT,$1.00
ATL Braves -0.5,MLB-MOVY-IT5-02HVDVHEONRVATO-ATES000-GTE-P00005,Settled Early,08/01/26 08:50:30.798 PM EDT,$1.00
WAS Nationals -4.5,MLB-MOVY-IT5-02HVDVHEONRVATO-WALS000-GTE-P00045,Settled Early,08/01/26 08:50:31.330 PM EDT,$0.00
ATL Braves -2.5,MLB-MOVY-IT5-02HVDVHEONRVATO-ATES000-GTE-P00025,Settled Early,08/01/26 08:50:31.530 PM EDT,$1.00
WAS Nationals -3.5,MLB-MOVY-IT5-02HVDVHEONRVATO-WALS000-GTE-P00035,Settled Early,08/01/26 08:50:31.772 PM EDT,$0.00
ATL Braves -3.5,MLB-MOVY-IT5-02HVDVHEONRVATO-ATES000-GTE-P00035,Settled Early,08/01/26 08:50:32.000 PM EDT,$1.00
WAS Nationals -2.5,MLB-MOVY-IT5-02HVDVHEONRVATO-WALS000-GTE-P00025,Settled Early,08/01/26 08:50:32.272 PM EDT,$0.00
WAS Nationals -1.5,MLB-MOVY-IT5-02HVDVHEONRVATO-WALS000-GTE-P00015,Settled Early,08/01/26 08:50:32.549 PM EDT,$0.00
WAS Nationals -0.5,MLB-MOVY-IT5-02HVDVHEONRVATO-WALS000-GTE-P00005,Settled Early,08/01/26 08:50:32.770 PM EDT,$0.00
ATL Braves -4.5,MLB-MOVY-IT5-02HVDVHEONRVATO-ATES000-GTE-P00045,Settled Early,08/01/26 08:50:32.995 PM EDT,$0.00
NY Yankees -0.5,MLB-MOVY-IT5-02HVDVGGONRVAI8-NYES000-GTE-P00005,Settled Early,08/01/26 08:50:40.502 PM EDT,$0.00
CHI Cubs -0.5,MLB-MOVY-IT5-02HVDVGGONRVAI8-CHBS000-GTE-P00005,Settled Early,08/01/26 08:50:40.705 PM EDT,$0.00
CHI Cubs -4.5,MLB-MOVY-IT5-02HVDVGGONRVAI8-CHBS000-GTE-P00045,Settled Early,08/01/26 08:50:41.009 PM EDT,$0.00
NY Yankees -2.5,MLB-MOVY-IT5-02HVDVGGONRVAI8-NYES000-GTE-P00025,Settled Early,08/01/26 08:50:41.231 PM EDT,$0.00
CHI Cubs -3.5,MLB-MOVY-IT5-02HVDVGGONRVAI8-CHBS000-GTE-P00035,Settled Early,08/01/26 08:50:41.404 PM EDT,$0.00
CHI Cubs -2.5,MLB-MOVY-IT5-02HVDVGGONRVAI8-CHBS000-GTE-P00025,Settled Early,08/01/26 08:50:41.598 PM EDT,$0.00
CHI Cubs -1.5,MLB-MOVY-IT5-02HVDVGGONRVAI8-CHBS000-GTE-P00015,Settled Early,08/01/26 08:50:41.794 PM EDT,$0.00
NY Yankees -1.5,MLB-MOVY-IT5-02HVDVGGONRVAI8-NYES000-GTE-P00015,Settled Early,08/01/26 08:50:42.039 PM EDT,$0.00
NY Yankees -3.5,MLB-MOVY-IT5-02HVDVGGONRVAI8-NYES000-GTE-P00035,Settled Early,08/01/26 08:50:42.202 PM EDT,$0.00
NY Yankees -4.5,MLB-MOVY-IT5-02HVDVGGONRVAI8-NYES000-GTE-P00045,Settled Early,08/01/26 08:50:42.371 PM EDT,$0.00
PHI Phillies -1.5,MLB-MOVY-IT5-02HVDCLTONRTDE0-PHES000-GTE-P00015,Settled Early,08/01/26 08:50:50.081 PM EDT,$0.00
PHI Phillies -0.5,MLB-MOVY-IT5-02HVDCLTONRTDE0-PHES000-GTE-P00005,Settled Early,08/01/26 08:50:50.396 PM EDT,$1.00
PHI Phillies -2.5,MLB-MOVY-IT5-02HVDCLTONRTDE0-PHES000-GTE-P00025,Settled Early,08/01/26 08:50:51.029 PM EDT,$0.00
BAL Orioles -4.5,MLB-MOVY-IT5-02HVDCLTONRTDE0-BAES000-GTE-P00045,Settled Early,08/01/26 08:50:51.281 PM EDT,$0.00
BAL Orioles -3.5,MLB-MOVY-IT5-02HVDCLTONRTDE0-BAES000-GTE-P00035,Settled Early,08/01/26 08:50:51.481 PM EDT,$0.00
BAL Orioles -2.5,MLB-MOVY-IT5-02HVDCLTONRTDE0-BAES000-GTE-P00025,Settled Early,08/01/26 08:50:51.673 PM EDT,$0.00
BAL Orioles -1.5,MLB-MOVY-IT5-02HVDCLTONRTDE0-BAES000-GTE-P00015,Settled Early,08/01/26 08:50:51.896 PM EDT,$0.00
BAL Orioles -0.5,MLB-MOVY-IT5-02HVDCLTONRTDE0-BAES000-GTE-P00005,Settled Early,08/01/26 08:50:52.114 PM EDT,$0.00
PHI Phillies -3.5,MLB-MOVY-IT5-02HVDCLTONRTDE0-PHES000-GTE-P00035,Settled Early,08/01/26 08:50:52.390 PM EDT,$0.00
PHI Phillies -4.5,MLB-MOVY-IT5-02HVDCLTONRTDE0-PHES000-GTE-P00045,Settled Early,08/01/26 08:50:52.577 PM EDT,$0.00
CIN Reds -4.5,MLB-MOVY-IT5-02HVDCHPONRTCQ0-CIDS000-GTE-P00045,Settled Early,08/01/26 08:51:02.869 PM EDT,$0.00
CIN Reds -3.5,MLB-MOVY-IT5-02HVDCHPONRTCQ0-CIDS000-GTE-P00035,Settled Early,08/01/26 08:51:03.056 PM EDT,$0.00
CIN Reds -0.5,MLB-MOVY-IT5-02HVDCHPONRTCQ0-CIDS000-GTE-P00005,Settled Early,08/01/26 08:51:03.249 PM EDT,$0.00
CIN Reds -2.5,MLB-MOVY-IT5-02HVDCHPONRTCQ0-CIDS000-GTE-P00025,Settled Early,08/01/26 08:51:03.441 PM EDT,$0.00
CIN Reds -1.5,MLB-MOVY-IT5-02HVDCHPONRTCQ0-CIDS000-GTE-P00015,Settled Early,08/01/26 08:51:03.633 PM EDT,$0.00
PIT Pirates -0.5,MLB-MOVY-IT5-02HVDCHPONRTCQ0-PIES000-GTE-P00005,Settled Early,08/01/26 08:51:03.816 PM EDT,$1.00
PIT Pirates -1.5,MLB-MOVY-IT5-02HVDCHPONRTCQ0-PIES000-GTE-P00015,Settled Early,08/01/26 08:51:04.090 PM EDT,$1.00
PIT Pirates -2.5,MLB-MOVY-IT5-02HVDCHPONRTCQ0-PIES000-GTE-P00025,Settled Early,08/01/26 08:51:04.301 PM EDT,$0.00
PIT Pirates -3.5,MLB-MOVY-IT5-02HVDCHPONRTCQ0-PIES000-GTE-P00035,Settled Early,08/01/26 08:51:04.569 PM EDT,$0.00
PIT Pirates -4.5,MLB-MOVY-IT5-02HVDCHPONRTCQ0-PIES000-GTE-P00045,Settled Early,08/01/26 08:51:04.843 PM EDT,$0.00
ARI Diamondbacks -0.5,MLB-MOVY-IT5-02HVDVJFONRVB6O-ARKS000-GTE-P00005,Settled Early,08/01/26 09:02:32.598 PM EDT,$0.00
CLE Guardians -2.5,MLB-MOVY-IT5-02HVDVJFONRVB6O-CLNS000-GTE-P00025,Settled Early,08/01/26 09:02:32.873 PM EDT,$0.00
CLE Guardians -4.5,MLB-MOVY-IT5-02HVDVJFONRVB6O-CLNS000-GTE-P00045,Settled Early,08/01/26 09:02:33.064 PM EDT,$0.00
ARI Diamondbacks -3.5,MLB-MOVY-IT5-02HVDVJFONRVB6O-ARKS000-GTE-P00035,Settled Early,08/01/26 09:02:33.259 PM EDT,$0.00
CLE Guardians -3.5,MLB-MOVY-IT5-02HVDVJFONRVB6O-CLNS000-GTE-P00035,Settled Early,08/01/26 09:02:33.429 PM EDT,$0.00
ARI Diamondbacks -2.5,MLB-MOVY-IT5-02HVDVJFONRVB6O-ARKS000-GTE-P00025,Settled Early,08/01/26 09:02:33.604 PM EDT,$0.00
CLE Guardians -0.5,MLB-MOVY-IT5-02HVDVJFONRVB6O-CLNS000-GTE-P00005,Settled Early,08/01/26 09:02:33.825 PM EDT,$0.00
ARI Diamondbacks -1.5,MLB-MOVY-IT5-02HVDVJFONRVB6O-ARKS000-GTE-P00015,Settled Early,08/01/26 09:02:34.240 PM EDT,$0.00
CLE Guardians -1.5,MLB-MOVY-IT5-02HVDVJFONRVB6O-CLNS000-GTE-P00015,Settled Early,08/01/26 09:02:34.433 PM EDT,$0.00
ARI Diamondbacks -4.5,MLB-MOVY-IT5-02HVDVJFONRVB6O-ARKS000-GTE-P00045,Settled Early,08/01/26 09:02:34.619 PM EDT,$0.00
CLE Guardians,MLB-WIN-IT5-02HVDVJFONRVB6O-CLNS000,Settled Early,08/01/26 09:02:52.936 PM EDT,$0.50
ARI Diamondbacks,MLB-WIN-IT5-02HVDVJFONRVB6O-ARKS000,Settled Early,08/01/26 09:02:53.264 PM EDT,$0.50
Over 1.5,MLB-TRUNS-IT5-02HVDVJFONRVB6O-GTE-P00015,Settled Early,08/01/26 09:03:18.688 PM EDT,$1.00
Over 5.5,MLB-TRUNS-IT5-02HVDVJFONRVB6O-GTE-P00055,Settled Early,08/01/26 09:03:18.916 PM EDT,$0.00
Over 4.5,MLB-TRUNS-IT5-02HVDVJFONRVB6O-GTE-P00045,Settled Early,08/01/26 09:03:19.200 PM EDT,$0.00
Over 0.5,MLB-TRUNS-IT5-02HVDVJFONRVB6O-GTE-P00005,Settled Early,08/01/26 09:03:19.759 PM EDT,$1.00
Over 2.5,MLB-TRUNS-IT5-02HVDVJFONRVB6O-GTE-P00025,Settled Early,08/01/26 09:03:19.922 PM EDT,$1.00
Over 3.5,MLB-TRUNS-IT5-02HVDVJFONRVB6O-GTE-P00035,Settled Early,08/01/26 09:03:20.155 PM EDT,$1.00
Over 8.5,MLB-TRUNS-IT5-02HVDVJFONRVB6O-GTE-P00085,Settled Early,08/01/26 09:03:20.425 PM EDT,$0.00
Over 9.5,MLB-TRUNS-IT5-02HVDVJFONRVB6O-GTE-P00095,Settled Early,08/01/26 09:03:20.597 PM EDT,$0.00
Over 10.5,MLB-TRUNS-IT5-02HVDVJFONRVB6O-GTE-P00105,Settled Early,08/01/26 09:03:20.790 PM EDT,$0.00
Over 6.5,MLB-TRUNS-IT5-02HVDVJFONRVB6O-GTE-P00065,Settled Early,08/01/26 09:03:20.980 PM EDT,$0.00
Over 7.5,MLB-TRUNS-IT5-02HVDVJFONRVB6O-GTE-P00075,Settled Early,08/01/26 09:03:21.169 PM EDT,$0.00
Over 0.5,MLB-TRUNS-I5-02HVDCN6ONRTC58-GTE-P00005,Settled Early,08/01/26 09:37:29.306 PM EDT,$0.00
Over 3.5,MLB-TRUNS-I5-02HVDCN6ONRTC58-GTE-P00035,Settled Early,08/01/26 09:37:29.757 PM EDT,$0.00
Over 2.5,MLB-TRUNS-I5-02HVDCN6ONRTC58-GTE-P00025,Settled Early,08/01/26 09:37:29.979 PM EDT,$0.00
Over 4.5,MLB-TRUNS-I5-02HVDCN6ONRTC58-GTE-P00045,Settled Early,08/01/26 09:37:30.149 PM EDT,$0.00
Over 1.5,MLB-TRUNS-I5-02HVDCN6ONRTC58-GTE-P00015,Settled Early,08/01/26 09:37:30.323 PM EDT,$0.00
Over 0.5,MLB-TRUNS-I1-02HVCSKUONRQ6S0-GTE-P00005,Settled Early,08/01/26 09:37:45.889 PM EDT,$1.00
Over 2.5,MLB-TRUNS-I1-02HVCSKUONRQ6S0-GTE-P00025,Settled Early,08/01/26 09:37:46.255 PM EDT,$0.00
Over 3.5,MLB-TRUNS-I1-02HVCSKUONRQ6S0-GTE-P00035,Settled Early,08/01/26 09:37:46.497 PM EDT,$0.00
Over 4.5,MLB-TRUNS-I1-02HVCSKUONRQ6S0-GTE-P00045,Settled Early,08/01/26 09:37:46.693 PM EDT,$0.00
Over 1.5,MLB-TRUNS-I1-02HVCSKUONRQ6S0-GTE-P00015,Settled Early,08/01/26 09:37:46.893 PM EDT,$0.00
Over 1.5,MLB-TRUNS-I1-02HVCSMJONRQ6RO-GTE-P00015,Settled Early,08/01/26 09:38:01.730 PM EDT,$1.00
Over 0.5,MLB-TRUNS-I1-02HVCSMJONRQ6RO-GTE-P00005,Settled Early,08/01/26 09:38:01.977 PM EDT,$1.00
Over 4.5,MLB-TRUNS-I1-02HVCSMJONRQ6RO-GTE-P00045,Settled Early,08/01/26 09:38:02.207 PM EDT,$0.00
Over 2.5,MLB-TRUNS-I1-02HVCSMJONRQ6RO-GTE-P00025,Settled Early,08/01/26 09:38:02.378 PM EDT,$0.00
Over 3.5,MLB-TRUNS-I1-02HVCSMJONRQ6RO-GTE-P00035,Settled Early,08/01/26 09:38:02.611 PM EDT,$0.00
Over 1.5,MLB-TRUNS-I2-02HVCSMJONRQ6RO-GTE-P00015,Settled Early,08/01/26 09:38:12.018 PM EDT,$0.00
Over 0.5,MLB-TRUNS-I2-02HVCSMJONRQ6RO-GTE-P00005,Settled Early,08/01/26 09:38:12.211 PM EDT,$0.00
Over 2.5,MLB-TRUNS-I2-02HVCSMJONRQ6RO-GTE-P00025,Settled Early,08/01/26 09:38:12.503 PM EDT,$0.00
Over 3.5,MLB-TRUNS-I2-02HVCSMJONRQ6RO-GTE-P00035,Settled Early,08/01/26 09:38:12.703 PM EDT,$0.00
Over 4.5,MLB-TRUNS-I2-02HVCSMJONRQ6RO-GTE-P00045,Settled Early,08/01/26 09:38:12.892 PM EDT,$0.00
Over 2.5,MLB-TRUNS-I6-02HVDVHEONRVATO-GTE-P00025,Settled Early,08/01/26 09:38:39.966 PM EDT,$0.00
Over 0.5,MLB-TRUNS-I6-02HVDVHEONRVATO-GTE-P00005,Settled Early,08/01/26 09:38:40.135 PM EDT,$0.00
Over 3.5,MLB-TRUNS-I6-02HVDVHEONRVATO-GTE-P00035,Settled Early,08/01/26 09:38:40.336 PM EDT,$0.00
Over 4.5,MLB-TRUNS-I6-02HVDVHEONRVATO-GTE-P00045,Settled Early,08/01/26 09:38:40.504 PM EDT,$0.00
Over 1.5,MLB-TRUNS-I6-02HVDVHEONRVATO-GTE-P00015,Settled Early,08/01/26 09:38:40.683 PM EDT,$0.00
Over 4.5,MLB-TRUNS-I7-02HVDVHEONRVATO-GTE-P00045,Settled Early,08/01/26 09:38:48.570 PM EDT,$0.00
Over 1.5,MLB-TRUNS-I7-02HVDVHEONRVATO-GTE-P00015,Settled Early,08/01/26 09:38:48.773 PM EDT,$1.00
Over 2.5,MLB-TRUNS-I7-02HVDVHEONRVATO-GTE-P00025,Settled Early,08/01/26 09:38:48.959 PM EDT,$1.00
Over 3.5,MLB-TRUNS-I7-02HVDVHEONRVATO-GTE-P00035,Settled Early,08/01/26 09:38:49.272 PM EDT,$1.00
Over 0.5,MLB-TRUNS-I7-02HVDVHEONRVATO-GTE-P00005,Settled Early,08/01/26 09:38:49.513 PM EDT,$1.00
Over 0.5,MLB-TRUNS-I6-02HVDVGGONRVAI8-GTE-P00005,Settled Early,08/01/26 09:39:07.439 PM EDT,$0.00
Over 1.5,MLB-TRUNS-I6-02HVDVGGONRVAI8-GTE-P00015,Settled Early,08/01/26 09:39:07.683 PM EDT,$0.00
Over 2.5,MLB-TRUNS-I6-02HVDVGGONRVAI8-GTE-P00025,Settled Early,08/01/26 09:39:07.897 PM EDT,$0.00
Over 3.5,MLB-TRUNS-I6-02HVDVGGONRVAI8-GTE-P00035,Settled Early,08/01/26 09:39:08.097 PM EDT,$0.00
Over 4.5,MLB-TRUNS-I6-02HVDVGGONRVAI8-GTE-P00045,Settled Early,08/01/26 09:39:08.326 PM EDT,$0.00
Over 1.5,MLB-TRUNS-I5-02HVDVJFONRVB6O-GTE-P00015,Settled Early,08/01/26 09:39:27.396 PM EDT,$1.00
Over 2.5,MLB-TRUNS-I5-02HVDVJFONRVB6O-GTE-P00025,Settled Early,08/01/26 09:39:27.633 PM EDT,$0.00
Over 3.5,MLB-TRUNS-I5-02HVDVJFONRVB6O-GTE-P00035,Settled Early,08/01/26 09:39:27.833 PM EDT,$0.00
Over 4.5,MLB-TRUNS-I5-02HVDVJFONRVB6O-GTE-P00045,Settled Early,08/01/26 09:39:28.068 PM EDT,$0.00
Over 0.5,MLB-TRUNS-I5-02HVDVJFONRVB6O-GTE-P00005,Settled Early,08/01/26 09:39:28.314 PM EDT,$1.00
Over 4.5,MLB-TRUNS-I6-02HVDVJFONRVB6O-GTE-P00045,Settled Early,08/01/26 09:39:39.922 PM EDT,$0.00
Over 3.5,MLB-TRUNS-I6-02HVDVJFONRVB6O-GTE-P00035,Settled Early,08/01/26 09:39:40.097 PM EDT,$0.00
Over 2.5,MLB-TRUNS-I6-02HVDVJFONRVB6O-GTE-P00025,Settled Early,08/01/26 09:39:40.319 PM EDT,$0.00
Over 0.5,MLB-TRUNS-I6-02HVDVJFONRVB6O-GTE-P00005,Settled Early,08/01/26 09:39:40.485 PM EDT,$0.00
Over 1.5,MLB-TRUNS-I6-02HVDVJFONRVB6O-GTE-P00015,Settled Early,08/01/26 09:39:40.722 PM EDT,$0.00
Over 3.5,MLB-TRUNS-I6-02HVDCLTONRTDE0-GTE-P00035,Settled Early,08/01/26 09:39:56.601 PM EDT,$0.00
Over 0.5,MLB-TRUNS-I6-02HVDCLTONRTDE0-GTE-P00005,Settled Early,08/01/26 09:39:56.802 PM EDT,$0.00
Over 4.5,MLB-TRUNS-I6-02HVDCLTONRTDE0-GTE-P00045,Settled Early,08/01/26 09:39:57.061 PM EDT,$0.00
Over 2.5,MLB-TRUNS-I6-02HVDCLTONRTDE0-GTE-P00025,Settled Early,08/01/26 09:39:57.253 PM EDT,$0.00
Over 1.5,MLB-TRUNS-I6-02HVDCLTONRTDE0-GTE-P00015,Settled Early,08/01/26 09:39:57.424 PM EDT,$0.00
Over 2.5,MLB-TRUNS-I7-02HVDCLTONRTDE0-GTE-P00025,Settled Early,08/01/26 09:40:07.654 PM EDT,$0.00
Over 1.5,MLB-TRUNS-I7-02HVDCLTONRTDE0-GTE-P00015,Settled Early,08/01/26 09:40:07.839 PM EDT,$0.00
Over 4.5,MLB-TRUNS-I7-02HVDCLTONRTDE0-GTE-P00045,Settled Early,08/01/26 09:40:08.021 PM EDT,$0.00
Over 3.5,MLB-TRUNS-I7-02HVDCLTONRTDE0-GTE-P00035,Settled Early,08/01/26 09:40:08.291 PM EDT,$0.00
Over 0.5,MLB-TRUNS-I7-02HVDCLTONRTDE0-GTE-P00005,Settled Early,08/01/26 09:40:08.508 PM EDT,$0.00
Over 3.5,MLB-TRUNS-IT5-02HVDCN6ONRTC58-GTE-P00035,Settled Early,08/01/26 09:40:49.301 PM EDT,$1.00
Over 5.5,MLB-TRUNS-IT5-02HVDCN6ONRTC58-GTE-P00055,Settled Early,08/01/26 09:40:49.570 PM EDT,$1.00
Over 1.5,MLB-TRUNS-IT5-02HVDCN6ONRTC58-GTE-P00015,Settled Early,08/01/26 09:40:49.830 PM EDT,$1.00
Over 4.5,MLB-TRUNS-IT5-02HVDCN6ONRTC58-GTE-P00045,Settled Early,08/01/26 09:40:50.050 PM EDT,$1.00
Over 2.5,MLB-TRUNS-IT5-02HVDCN6ONRTC58-GTE-P00025,Settled Early,08/01/26 09:40:50.415 PM EDT,$1.00
Over 0.5,MLB-TRUNS-IT5-02HVDCN6ONRTC58-GTE-P00005,Settled Early,08/01/26 09:40:50.656 PM EDT,$1.00
Over 8.5,MLB-TRUNS-IT5-02HVDCN6ONRTC58-GTE-P00085,Settled Early,08/01/26 09:40:50.851 PM EDT,$0.00
Over 6.5,MLB-TRUNS-IT5-02HVDCN6ONRTC58-GTE-P00065,Settled Early,08/01/26 09:40:51.119 PM EDT,$1.00
Over 9.5,MLB-TRUNS-IT5-02HVDCN6ONRTC58-GTE-P00095,Settled Early,08/01/26 09:40:51.339 PM EDT,$0.00
Over 7.5,MLB-TRUNS-IT5-02HVDCN6ONRTC58-GTE-P00075,Settled Early,08/01/26 09:40:51.620 PM EDT,$1.00
Over 10.5,MLB-TRUNS-IT5-02HVDCN6ONRTC58-GTE-P00105,Settled Early,08/01/26 09:40:51.862 PM EDT,$0.00
Over 0.5,MLB-TRUNS-I3-02HVCSMJONRQ6RO-GTE-P00005,Settled Early,08/01/26 09:41:07.355 PM EDT,$1.00
Over 2.5,MLB-TRUNS-I3-02HVCSMJONRQ6RO-GTE-P00025,Settled Early,08/01/26 09:41:07.559 PM EDT,$1.00
Over 1.5,MLB-TRUNS-I3-02HVCSMJONRQ6RO-GTE-P00015,Settled Early,08/01/26 09:41:07.730 PM EDT,$1.00
Over 3.5,MLB-TRUNS-I3-02HVCSMJONRQ6RO-GTE-P00035,Settled Early,08/01/26 09:41:07.919 PM EDT,$0.00
Over 4.5,MLB-TRUNS-I3-02HVCSMJONRQ6RO-GTE-P00045,Settled Early,08/01/26 09:41:08.153 PM EDT,$0.00
Over 4.5,MLB-TRUNS-I3-02HVDVNFONRVA50-GTE-P00045,Settled Early,08/01/26 09:41:23.068 PM EDT,$1.00
Over 0.5,MLB-TRUNS-I3-02HVDVNFONRVA50-GTE-P00005,Settled Early,08/01/26 09:41:23.322 PM EDT,$1.00
Over 2.5,MLB-TRUNS-I3-02HVDVNFONRVA50-GTE-P00025,Settled Early,08/01/26 09:41:23.527 PM EDT,$1.00
Over 3.5,MLB-TRUNS-I3-02HVDVNFONRVA50-GTE-P00035,Settled Early,08/01/26 09:41:23.736 PM EDT,$1.00
Over 1.5,MLB-TRUNS-I3-02HVDVNFONRVA50-GTE-P00015,Settled Early,08/01/26 09:41:23.985 PM EDT,$1.00
TEX Rangers,MLB-WIN-IT5-02HVDCN6ONRTC58-TERS000,Settled Early,08/01/26 09:42:03.378 PM EDT,$0.00
HOU Astros,MLB-WIN-IT5-02HVDCN6ONRTC58-HOOS000,Settled Early,08/01/26 09:42:03.909 PM EDT,$1.00
Over 2.5,MLB-TRUNS-I8-02HVDVHEONRVATO-GTE-P00025,Settled Early,08/01/26 09:47:14.342 PM EDT,$1.00
Over 3.5,MLB-TRUNS-I8-02HVDVHEONRVATO-GTE-P00035,Settled Early,08/01/26 09:47:14.590 PM EDT,$0.00
Over 1.5,MLB-TRUNS-I8-02HVDVHEONRVATO-GTE-P00015,Settled Early,08/01/26 09:47:14.760 PM EDT,$1.00
Over 0.5,MLB-TRUNS-I8-02HVDVHEONRVATO-GTE-P00005,Settled Early,08/01/26 09:47:15.001 PM EDT,$1.00
Over 4.5,MLB-TRUNS-I8-02HVDVHEONRVATO-GTE-P00045,Settled Early,08/01/26 09:47:15.282 PM EDT,$0.00
Dominic Smith 1.5,MLB-PHRR-FG-02HVDVHEONRVATO-DOTH000-GTE-P00015,Settled Early,08/01/26 09:47:37.404 PM EDT,$1.00
Dominic Smith 2.5,MLB-PHRR-FG-02HVDVHEONRVATO-DOTH000-GTE-P00025,Settled Early,08/01/26 09:47:37.642 PM EDT,$1.00
Dominic Smith 3.5,MLB-PHRR-FG-02HVDVHEONRVATO-DOTH000-GTE-P00035,Settled Early,08/01/26 09:47:37.891 PM EDT,$1.00
Dominic Smith 4.5,MLB-PHRR-FG-02HVDVHEONRVATO-DOTH000-GTE-P00045,Settled Early,08/01/26 09:47:38.107 PM EDT,$1.00
Dominic Smith 0.5,MLB-PHRR-FG-02HVDVHEONRVATO-DOTH000-GTE-P00005,Settled Early,08/01/26 09:47:38.326 PM EDT,$1.00
Over 2.5,MLB-TRUNS-I9-02HVDVHEONRVATO-GTE-P00025,Settled Early,08/01/26 09:55:23.058 PM EDT,$0.00
Over 0.5,MLB-TRUNS-I9-02HVDVHEONRVATO-GTE-P00005,Settled Early,08/01/26 09:55:23.358 PM EDT,$0.00
Over 3.5,MLB-TRUNS-I9-02HVDVHEONRVATO-GTE-P00035,Settled Early,08/01/26 09:55:23.593 PM EDT,$0.00
Over 1.5,MLB-TRUNS-I9-02HVDVHEONRVATO-GTE-P00015,Settled Early,08/01/26 09:55:23.850 PM EDT,$0.00
Over 4.5,MLB-TRUNS-I9-02HVDVHEONRVATO-GTE-P00045,Settled Early,08/01/26 09:55:24.049 PM EDT,$0.00
Mike Yastrzemski 2.5,MLB-PHRR-FG-02HVDVHEONRVATO-MIKI000-GTE-P00025,Settled Early,08/01/26 09:55:39.817 PM EDT,$1.00
Mike Yastrzemski 1.5,MLB-PHRR-FG-02HVDVHEONRVATO-MIKI000-GTE-P00015,Settled Early,08/01/26 09:55:40.083 PM EDT,$1.00
Mike Yastrzemski 0.5,MLB-PHRR-FG-02HVDVHEONRVATO-MIKI000-GTE-P00005,Settled Early,08/01/26 09:55:40.345 PM EDT,$1.00
Mike Yastrzemski 3.5,MLB-PHRR-FG-02HVDVHEONRVATO-MIKI000-GTE-P00035,Settled Early,08/01/26 09:55:40.560 PM EDT,$0.00
Mike Yastrzemski 9.5,MLB-PHRR-FG-02HVDVHEONRVATO-MIKI000-GTE-P00095,Settled Early,08/01/26 09:55:40.816 PM EDT,$0.00
Mike Yastrzemski 4.5,MLB-PHRR-FG-02HVDVHEONRVATO-MIKI000-GTE-P00045,Settled Early,08/01/26 09:55:41.013 PM EDT,$0.00
Mike Yastrzemski 5.5,MLB-PHRR-FG-02HVDVHEONRVATO-MIKI000-GTE-P00055,Settled Early,08/01/26 09:55:41.237 PM EDT,$0.00
Mike Yastrzemski 6.5,MLB-PHRR-FG-02HVDVHEONRVATO-MIKI000-GTE-P00065,Settled Early,08/01/26 09:55:41.446 PM EDT,$0.00
Mike Yastrzemski 7.5,MLB-PHRR-FG-02HVDVHEONRVATO-MIKI000-GTE-P00075,Settled Early,08/01/26 09:55:41.623 PM EDT,$0.00
Mike Yastrzemski 8.5,MLB-PHRR-FG-02HVDVHEONRVATO-MIKI000-GTE-P00085,Settled Early,08/01/26 09:55:41.842 PM EDT,$0.00
Andres Chaparro 0.5,MLB-PHRR-FG-02HVDVHEONRVATO-ANRO001-GTE-P00005,Settled Early,08/01/26 09:55:59.483 PM EDT,$1.00
Andres Chaparro 1.5,MLB-PHRR-FG-02HVDVHEONRVATO-ANRO001-GTE-P00015,Settled Early,08/01/26 09:55:59.755 PM EDT,$0.00
Andres Chaparro 2.5,MLB-PHRR-FG-02HVDVHEONRVATO-ANRO001-GTE-P00025,Settled Early,08/01/26 09:55:59.966 PM EDT,$0.00
Andres Chaparro 3.5,MLB-PHRR-FG-02HVDVHEONRVATO-ANRO001-GTE-P00035,Settled Early,08/01/26 09:56:00.217 PM EDT,$0.00
Andres Chaparro 4.5,MLB-PHRR-FG-02HVDVHEONRVATO-ANRO001-GTE-P00045,Settled Early,08/01/26 09:56:00.406 PM EDT,$0.00
Andres Chaparro 5.5,MLB-PHRR-FG-02HVDVHEONRVATO-ANRO001-GTE-P00055,Settled Early,08/01/26 09:56:00.583 PM EDT,$0.00
Andres Chaparro 6.5,MLB-PHRR-FG-02HVDVHEONRVATO-ANRO001-GTE-P00065,Settled Early,08/01/26 09:56:00.778 PM EDT,$0.00
Andres Chaparro 7.5,MLB-PHRR-FG-02HVDVHEONRVATO-ANRO001-GTE-P00075,Settled Early,08/01/26 09:56:00.948 PM EDT,$0.00
Andres Chaparro 8.5,MLB-PHRR-FG-02HVDVHEONRVATO-ANRO001-GTE-P00085,Settled Early,08/01/26 09:56:01.149 PM EDT,$0.00
Andres Chaparro 9.5,MLB-PHRR-FG-02HVDVHEONRVATO-ANRO001-GTE-P00095,Settled Early,08/01/26 09:56:01.316 PM EDT,$0.00
Keibert Ruiz 9.5,MLB-PHRR-FG-02HVDVHEONRVATO-KEIZ000-GTE-P00095,Settled Early,08/01/26 09:56:20.879 PM EDT,$0.00
Keibert Ruiz 8.5,MLB-PHRR-FG-02HVDVHEONRVATO-KEIZ000-GTE-P00085,Settled Early,08/01/26 09:56:21.109 PM EDT,$0.00
Keibert Ruiz 5.5,MLB-PHRR-FG-02HVDVHEONRVATO-KEIZ000-GTE-P00055,Settled Early,08/01/26 09:56:21.318 PM EDT,$0.00
Keibert Ruiz 7.5,MLB-PHRR-FG-02HVDVHEONRVATO-KEIZ000-GTE-P00075,Settled Early,08/01/26 09:56:21.538 PM EDT,$0.00
Keibert Ruiz 6.5,MLB-PHRR-FG-02HVDVHEONRVATO-KEIZ000-GTE-P00065,Settled Early,08/01/26 09:56:21.761 PM EDT,$0.00
Keibert Ruiz 4.5,MLB-PHRR-FG-02HVDVHEONRVATO-KEIZ000-GTE-P00045,Settled Early,08/01/26 09:56:21.997 PM EDT,$0.00
Keibert Ruiz 0.5,MLB-PHRR-FG-02HVDVHEONRVATO-KEIZ000-GTE-P00005,Settled Early,08/01/26 09:56:22.187 PM EDT,$0.00
Keibert Ruiz 1.5,MLB-PHRR-FG-02HVDVHEONRVATO-KEIZ000-GTE-P00015,Settled Early,08/01/26 09:56:22.393 PM EDT,$0.00
Keibert Ruiz 2.5,MLB-PHRR-FG-02HVDVHEONRVATO-KEIZ000-GTE-P00025,Settled Early,08/01/26 09:56:22.596 PM EDT,$0.00
Keibert Ruiz 3.5,MLB-PHRR-FG-02HVDVHEONRVATO-KEIZ000-GTE-P00035,Settled Early,08/01/26 09:56:22.763 PM EDT,$0.00
Ronald Acuna Jr. 5.5,MLB-PHRR-FG-02HVDVHEONRVATO-ROJR000-GTE-P00055,Settled Early,08/01/26 09:57:03.911 PM EDT,$0.00
Ronald Acuna Jr. 4.5,MLB-PHRR-FG-02HVDVHEONRVATO-ROJR000-GTE-P00045,Settled Early,08/01/26 09:57:04.172 PM EDT,$0.00
Ronald Acuna Jr. 2.5,MLB-PHRR-FG-02HVDVHEONRVATO-ROJR000-GTE-P00025,Settled Early,08/01/26 09:57:04.435 PM EDT,$1.00
Ronald Acuna Jr. 0.5,MLB-PHRR-FG-02HVDVHEONRVATO-ROJR000-GTE-P00005,Settled Early,08/01/26 09:57:04.636 PM EDT,$1.00
Ronald Acuna Jr. 3.5,MLB-PHRR-FG-02HVDVHEONRVATO-ROJR000-GTE-P00035,Settled Early,08/01/26 09:57:04.849 PM EDT,$1.00
Ronald Acuna Jr. 9.5,MLB-PHRR-FG-02HVDVHEONRVATO-ROJR000-GTE-P00095,Settled Early,08/01/26 09:57:05.034 PM EDT,$0.00
Ronald Acuna Jr. 8.5,MLB-PHRR-FG-02HVDVHEONRVATO-ROJR000-GTE-P00085,Settled Early,08/01/26 09:57:05.204 PM EDT,$0.00
Ronald Acuna Jr. 7.5,MLB-PHRR-FG-02HVDVHEONRVATO-ROJR000-GTE-P00075,Settled Early,08/01/26 09:57:05.426 PM EDT,$0.00
Ronald Acuna Jr. 1.5,MLB-PHRR-FG-02HVDVHEONRVATO-ROJR000-GTE-P00015,Settled Early,08/01/26 09:57:05.636 PM EDT,$1.00
Ronald Acuna Jr. 6.5,MLB-PHRR-FG-02HVDVHEONRVATO-ROJR000-GTE-P00065,Settled Early,08/01/26 09:57:05.855 PM EDT,$0.00
CJ Abrams 9.5,MLB-PHRR-FG-02HVDVHEONRVATO-CJMS000-GTE-P00095,Settled Early,08/01/26 09:57:26.939 PM EDT,$0.00
CJ Abrams 0.5,MLB-PHRR-FG-02HVDVHEONRVATO-CJMS000-GTE-P00005,Settled Early,08/01/26 09:57:27.240 PM EDT,$1.00
CJ Abrams 1.5,MLB-PHRR-FG-02HVDVHEONRVATO-CJMS000-GTE-P00015,Settled Early,08/01/26 09:57:27.519 PM EDT,$1.00
CJ Abrams 2.5,MLB-PHRR-FG-02HVDVHEONRVATO-CJMS000-GTE-P00025,Settled Early,08/01/26 09:57:27.876 PM EDT,$1.00
CJ Abrams 3.5,MLB-PHRR-FG-02HVDVHEONRVATO-CJMS000-GTE-P00035,Settled Early,08/01/26 09:57:28.141 PM EDT,$0.00
CJ Abrams 4.5,MLB-PHRR-FG-02HVDVHEONRVATO-CJMS000-GTE-P00045,Settled Early,08/01/26 09:57:28.427 PM EDT,$0.00
CJ Abrams 5.5,MLB-PHRR-FG-02HVDVHEONRVATO-CJMS000-GTE-P00055,Settled Early,08/01/26 09:57:28.637 PM EDT,$0.00
CJ Abrams 6.5,MLB-PHRR-FG-02HVDVHEONRVATO-CJMS000-GTE-P00065,Settled Early,08/01/26 09:57:28.821 PM EDT,$0.00
CJ Abrams 7.5,MLB-PHRR-FG-02HVDVHEONRVATO-CJMS000-GTE-P00075,Settled Early,08/01/26 09:57:29.038 PM EDT,$0.00
CJ Abrams 8.5,MLB-PHRR-FG-02HVDVHEONRVATO-CJMS000-GTE-P00085,Settled Early,08/01/26 09:57:29.230 PM EDT,$0.00
Dominic Smith 6.5,MLB-PHRR-FG-02HVDVHEONRVATO-DOTH000-GTE-P00065,Settled Early,08/01/26 09:57:53.546 PM EDT,$0.00
Dominic Smith 5.5,MLB-PHRR-FG-02HVDVHEONRVATO-DOTH000-GTE-P00055,Settled Early,08/01/26 09:57:53.770 PM EDT,$0.00
Dominic Smith 7.5,MLB-PHRR-FG-02HVDVHEONRVATO-DOTH000-GTE-P00075,Settled Early,08/01/26 09:57:54.037 PM EDT,$0.00
Dominic Smith 8.5,MLB-PHRR-FG-02HVDVHEONRVATO-DOTH000-GTE-P00085,Settled Early,08/01/26 09:57:54.314 PM EDT,$0.00
Dominic Smith 9.5,MLB-PHRR-FG-02HVDVHEONRVATO-DOTH000-GTE-P00095,Settled Early,08/01/26 09:57:54.626 PM EDT,$0.00
Drake Baldwin 2.5,MLB-PHRR-FG-02HVDVHEONRVATO-DRIN000-GTE-P00025,Settled Early,08/01/26 09:58:14.575 PM EDT,$1.00
Drake Baldwin 1.5,MLB-PHRR-FG-02HVDVHEONRVATO-DRIN000-GTE-P00015,Settled Early,08/01/26 09:58:14.937 PM EDT,$1.00
Drake Baldwin 0.5,MLB-PHRR-FG-02HVDVHEONRVATO-DRIN000-GTE-P00005,Settled Early,08/01/26 09:58:15.228 PM EDT,$1.00
Drake Baldwin 3.5,MLB-PHRR-FG-02HVDVHEONRVATO-DRIN000-GTE-P00035,Settled Early,08/01/26 09:58:15.439 PM EDT,$0.00
Drake Baldwin 6.5,MLB-PHRR-FG-02HVDVHEONRVATO-DRIN000-GTE-P00065,Settled Early,08/01/26 09:58:15.717 PM EDT,$0.00
Drake Baldwin 4.5,MLB-PHRR-FG-02HVDVHEONRVATO-DRIN000-GTE-P00045,Settled Early,08/01/26 09:58:15.899 PM EDT,$0.00
Drake Baldwin 5.5,MLB-PHRR-FG-02HVDVHEONRVATO-DRIN000-GTE-P00055,Settled Early,08/01/26 09:58:16.106 PM EDT,$0.00
Drake Baldwin 7.5,MLB-PHRR-FG-02HVDVHEONRVATO-DRIN000-GTE-P00075,Settled Early,08/01/26 09:58:16.334 PM EDT,$0.00
Drake Baldwin 9.5,MLB-PHRR-FG-02HVDVHEONRVATO-DRIN000-GTE-P00095,Settled Early,08/01/26 09:58:16.542 PM EDT,$0.00
Drake Baldwin 8.5,MLB-PHRR-FG-02HVDVHEONRVATO-DRIN000-GTE-P00085,Settled Early,08/01/26 09:58:16.732 PM EDT,$0.00
Austin Riley 2.5,MLB-PHRR-FG-02HVDVHEONRVATO-AUEY000-GTE-P00025,Settled Early,08/01/26 09:58:37.672 PM EDT,$1.00
Austin Riley 5.5,MLB-PHRR-FG-02HVDVHEONRVATO-AUEY000-GTE-P00055,Settled Early,08/01/26 09:58:37.992 PM EDT,$0.00
Austin Riley 4.5,MLB-PHRR-FG-02HVDVHEONRVATO-AUEY000-GTE-P00045,Settled Early,08/01/26 09:58:38.266 PM EDT,$0.00
Austin Riley 3.5,MLB-PHRR-FG-02HVDVHEONRVATO-AUEY000-GTE-P00035,Settled Early,08/01/26 09:58:38.565 PM EDT,$1.00
Austin Riley 8.5,MLB-PHRR-FG-02HVDVHEONRVATO-AUEY000-GTE-P00085,Settled Early,08/01/26 09:58:38.771 PM EDT,$0.00
Austin Riley 6.5,MLB-PHRR-FG-02HVDVHEONRVATO-AUEY000-GTE-P00065,Settled Early,08/01/26 09:58:38.977 PM EDT,$0.00
Austin Riley 7.5,MLB-PHRR-FG-02HVDVHEONRVATO-AUEY000-GTE-P00075,Settled Early,08/01/26 09:58:39.220 PM EDT,$0.00
Austin Riley 0.5,MLB-PHRR-FG-02HVDVHEONRVATO-AUEY000-GTE-P00005,Settled Early,08/01/26 09:58:39.385 PM EDT,$1.00
Austin Riley 1.5,MLB-PHRR-FG-02HVDVHEONRVATO-AUEY000-GTE-P00015,Settled Early,08/01/26 09:58:39.576 PM EDT,$1.00
Austin Riley 9.5,MLB-PHRR-FG-02HVDVHEONRVATO-AUEY000-GTE-P00095,Settled Early,08/01/26 09:58:39.792 PM EDT,$0.00
Jacob Young 4.5,MLB-PHRR-FG-02HVDVHEONRVATO-JANG002-GTE-P00045,Settled Early,08/01/26 09:59:39.608 PM EDT,$0.00
Jacob Young 5.5,MLB-PHRR-FG-02HVDVHEONRVATO-JANG002-GTE-P00055,Settled Early,08/01/26 09:59:39.889 PM EDT,$0.00
Jacob Young 3.5,MLB-PHRR-FG-02HVDVHEONRVATO-JANG002-GTE-P00035,Settled Early,08/01/26 09:59:40.126 PM EDT,$0.00
Jacob Young 2.5,MLB-PHRR-FG-02HVDVHEONRVATO-JANG002-GTE-P00025,Settled Early,08/01/26 09:59:40.366 PM EDT,$0.00
Jacob Young 0.5,MLB-PHRR-FG-02HVDVHEONRVATO-JANG002-GTE-P00005,Settled Early,08/01/26 09:59:40.566 PM EDT,$0.00
Jacob Young 1.5,MLB-PHRR-FG-02HVDVHEONRVATO-JANG002-GTE-P00015,Settled Early,08/01/26 09:59:40.763 PM EDT,$0.00
Jacob Young 6.5,MLB-PHRR-FG-02HVDVHEONRVATO-JANG002-GTE-P00065,Settled Early,08/01/26 09:59:40.948 PM EDT,$0.00
Jacob Young 7.5,MLB-PHRR-FG-02HVDVHEONRVATO-JANG002-GTE-P00075,Settled Early,08/01/26 09:59:41.114 PM EDT,$0.00
Jacob Young 8.5,MLB-PHRR-FG-02HVDVHEONRVATO-JANG002-GTE-P00085,Settled Early,08/01/26 09:59:41.283 PM EDT,$0.00
Jacob Young 9.5,MLB-PHRR-FG-02HVDVHEONRVATO-JANG002-GTE-P00095,Settled Early,08/01/26 09:59:41.454 PM EDT,$0.00
Jim Jarvis 3.5,MLB-PHRR-FG-02HVDVHEONRVATO-JIIS000-GTE-P00035,Settled Early,08/01/26 09:59:59.284 PM EDT,$0.00
Jim Jarvis 8.5,MLB-PHRR-FG-02HVDVHEONRVATO-JIIS000-GTE-P00085,Settled Early,08/01/26 09:59:59.557 PM EDT,$0.00
Jim Jarvis 6.5,MLB-PHRR-FG-02HVDVHEONRVATO-JIIS000-GTE-P00065,Settled Early,08/01/26 09:59:59.766 PM EDT,$0.00
Jim Jarvis 4.5,MLB-PHRR-FG-02HVDVHEONRVATO-JIIS000-GTE-P00045,Settled Early,08/01/26 09:59:59.995 PM EDT,$0.00
Jim Jarvis 9.5,MLB-PHRR-FG-02HVDVHEONRVATO-JIIS000-GTE-P00095,Settled Early,08/01/26 10:00:00.221 PM EDT,$0.00
Jim Jarvis 0.5,MLB-PHRR-FG-02HVDVHEONRVATO-JIIS000-GTE-P00005,Settled Early,08/01/26 10:00:00.400 PM EDT,$1.00
Jim Jarvis 7.5,MLB-PHRR-FG-02HVDVHEONRVATO-JIIS000-GTE-P00075,Settled Early,08/01/26 10:00:00.619 PM EDT,$0.00
Jim Jarvis 1.5,MLB-PHRR-FG-02HVDVHEONRVATO-JIIS000-GTE-P00015,Settled Early,08/01/26 10:00:00.793 PM EDT,$0.00
Jim Jarvis 2.5,MLB-PHRR-FG-02HVDVHEONRVATO-JIIS000-GTE-P00025,Settled Early,08/01/26 10:00:00.996 PM EDT,$0.00
Jim Jarvis 5.5,MLB-PHRR-FG-02HVDVHEONRVATO-JIIS000-GTE-P00055,Settled Early,08/01/26 10:00:01.191 PM EDT,$0.00
Matt Olson 4.5,MLB-PHRR-FG-02HVDVHEONRVATO-MAON003-GTE-P00045,Settled Early,08/01/26 10:00:19.056 PM EDT,$0.00
Matt Olson 5.5,MLB-PHRR-FG-02HVDVHEONRVATO-MAON003-GTE-P00055,Settled Early,08/01/26 10:00:19.309 PM EDT,$0.00
Matt Olson 9.5,MLB-PHRR-FG-02HVDVHEONRVATO-MAON003-GTE-P00095,Settled Early,08/01/26 10:00:19.528 PM EDT,$0.00
Matt Olson 1.5,MLB-PHRR-FG-02HVDVHEONRVATO-MAON003-GTE-P00015,Settled Early,08/01/26 10:00:19.706 PM EDT,$1.00
Matt Olson 3.5,MLB-PHRR-FG-02HVDVHEONRVATO-MAON003-GTE-P00035,Settled Early,08/01/26 10:00:19.905 PM EDT,$1.00
Matt Olson 6.5,MLB-PHRR-FG-02HVDVHEONRVATO-MAON003-GTE-P00065,Settled Early,08/01/26 10:00:20.073 PM EDT,$0.00
Matt Olson 7.5,MLB-PHRR-FG-02HVDVHEONRVATO-MAON003-GTE-P00075,Settled Early,08/01/26 10:00:20.287 PM EDT,$0.00
Matt Olson 2.5,MLB-PHRR-FG-02HVDVHEONRVATO-MAON003-GTE-P00025,Settled Early,08/01/26 10:00:20.469 PM EDT,$1.00
Matt Olson 0.5,MLB-PHRR-FG-02HVDVHEONRVATO-MAON003-GTE-P00005,Settled Early,08/01/26 10:00:20.676 PM EDT,$1.00
Matt Olson 8.5,MLB-PHRR-FG-02HVDVHEONRVATO-MAON003-GTE-P00085,Settled Early,08/01/26 10:00:20.881 PM EDT,$0.00
Nasim Nunez 1.5,MLB-PHRR-FG-02HVDVHEONRVATO-NAEZ001-GTE-P00015,Settled Early,08/01/26 10:00:41.775 PM EDT,$0.00
Nasim Nunez 0.5,MLB-PHRR-FG-02HVDVHEONRVATO-NAEZ001-GTE-P00005,Settled Early,08/01/26 10:00:41.966 PM EDT,$0.00
Nasim Nunez 5.5,MLB-PHRR-FG-02HVDVHEONRVATO-NAEZ001-GTE-P00055,Settled Early,08/01/26 10:00:42.228 PM EDT,$0.00
Nasim Nunez 7.5,MLB-PHRR-FG-02HVDVHEONRVATO-NAEZ001-GTE-P00075,Settled Early,08/01/26 10:00:42.508 PM EDT,$0.00
Nasim Nunez 6.5,MLB-PHRR-FG-02HVDVHEONRVATO-NAEZ001-GTE-P00065,Settled Early,08/01/26 10:00:42.783 PM EDT,$0.00
Nasim Nunez 3.5,MLB-PHRR-FG-02HVDVHEONRVATO-NAEZ001-GTE-P00035,Settled Early,08/01/26 10:00:43.004 PM EDT,$0.00
Nasim Nunez 4.5,MLB-PHRR-FG-02HVDVHEONRVATO-NAEZ001-GTE-P00045,Settled Early,08/01/26 10:00:43.197 PM EDT,$0.00
Nasim Nunez 2.5,MLB-PHRR-FG-02HVDVHEONRVATO-NAEZ001-GTE-P00025,Settled Early,08/01/26 10:00:43.398 PM EDT,$0.00
Nasim Nunez 8.5,MLB-PHRR-FG-02HVDVHEONRVATO-NAEZ001-GTE-P00085,Settled Early,08/01/26 10:00:43.617 PM EDT,$0.00
Nasim Nunez 9.5,MLB-PHRR-FG-02HVDVHEONRVATO-NAEZ001-GTE-P00095,Settled Early,08/01/26 10:00:43.793 PM EDT,$0.00
Daylen Lile 5.5,MLB-PHRR-FG-02HVDVHEONRVATO-DALE000-GTE-P00055,Settled Early,08/01/26 10:01:01.477 PM EDT,$0.00
Daylen Lile 8.5,MLB-PHRR-FG-02HVDVHEONRVATO-DALE000-GTE-P00085,Settled Early,08/01/26 10:01:01.697 PM EDT,$0.00
Daylen Lile 1.5,MLB-PHRR-FG-02HVDVHEONRVATO-DALE000-GTE-P00015,Settled Early,08/01/26 10:01:01.883 PM EDT,$0.00
Daylen Lile 4.5,MLB-PHRR-FG-02HVDVHEONRVATO-DALE000-GTE-P00045,Settled Early,08/01/26 10:01:02.129 PM EDT,$0.00
Daylen Lile 9.5,MLB-PHRR-FG-02HVDVHEONRVATO-DALE000-GTE-P00095,Settled Early,08/01/26 10:01:02.297 PM EDT,$0.00
Daylen Lile 7.5,MLB-PHRR-FG-02HVDVHEONRVATO-DALE000-GTE-P00075,Settled Early,08/01/26 10:01:02.465 PM EDT,$0.00
Daylen Lile 2.5,MLB-PHRR-FG-02HVDVHEONRVATO-DALE000-GTE-P00025,Settled Early,08/01/26 10:01:02.653 PM EDT,$0.00
Daylen Lile 0.5,MLB-PHRR-FG-02HVDVHEONRVATO-DALE000-GTE-P00005,Settled Early,08/01/26 10:01:02.836 PM EDT,$0.00
Daylen Lile 3.5,MLB-PHRR-FG-02HVDVHEONRVATO-DALE000-GTE-P00035,Settled Early,08/01/26 10:01:03.000 PM EDT,$0.00
Daylen Lile 6.5,MLB-PHRR-FG-02HVDVHEONRVATO-DALE000-GTE-P00065,Settled Early,08/01/26 10:01:03.170 PM EDT,$0.00
James Wood 2.5,MLB-PHRR-FG-02HVDVHEONRVATO-JAOD000-GTE-P00025,Settled Early,08/01/26 10:01:22.999 PM EDT,$0.00
James Wood 1.5,MLB-PHRR-FG-02HVDVHEONRVATO-JAOD000-GTE-P00015,Settled Early,08/01/26 10:01:23.222 PM EDT,$0.00
James Wood 3.5,MLB-PHRR-FG-02HVDVHEONRVATO-JAOD000-GTE-P00035,Settled Early,08/01/26 10:01:23.531 PM EDT,$0.00
James Wood 0.5,MLB-PHRR-FG-02HVDVHEONRVATO-JAOD000-GTE-P00005,Settled Early,08/01/26 10:01:23.696 PM EDT,$1.00
James Wood 8.5,MLB-PHRR-FG-02HVDVHEONRVATO-JAOD000-GTE-P00085,Settled Early,08/01/26 10:01:23.929 PM EDT,$0.00
James Wood 7.5,MLB-PHRR-FG-02HVDVHEONRVATO-JAOD000-GTE-P00075,Settled Early,08/01/26 10:01:24.096 PM EDT,$0.00
James Wood 9.5,MLB-PHRR-FG-02HVDVHEONRVATO-JAOD000-GTE-P00095,Settled Early,08/01/26 10:01:24.284 PM EDT,$0.00
James Wood 5.5,MLB-PHRR-FG-02HVDVHEONRVATO-JAOD000-GTE-P00055,Settled Early,08/01/26 10:01:24.514 PM EDT,$0.00
James Wood 4.5,MLB-PHRR-FG-02HVDVHEONRVATO-JAOD000-GTE-P00045,Settled Early,08/01/26 10:01:24.724 PM EDT,$0.00
James Wood 6.5,MLB-PHRR-FG-02HVDVHEONRVATO-JAOD000-GTE-P00065,Settled Early,08/01/26 10:01:24.938 PM EDT,$0.00
Ozzie Albies 1.5,MLB-PHRR-FG-02HVDVHEONRVATO-OZES000-GTE-P00015,Settled Early,08/01/26 10:01:46.549 PM EDT,$0.00
Ozzie Albies 0.5,MLB-PHRR-FG-02HVDVHEONRVATO-OZES000-GTE-P00005,Settled Early,08/01/26 10:01:46.804 PM EDT,$1.00
Ozzie Albies 3.5,MLB-PHRR-FG-02HVDVHEONRVATO-OZES000-GTE-P00035,Settled Early,08/01/26 10:01:46.975 PM EDT,$0.00
Ozzie Albies 2.5,MLB-PHRR-FG-02HVDVHEONRVATO-OZES000-GTE-P00025,Settled Early,08/01/26 10:01:47.179 PM EDT,$0.00
Ozzie Albies 4.5,MLB-PHRR-FG-02HVDVHEONRVATO-OZES000-GTE-P00045,Settled Early,08/01/26 10:01:47.414 PM EDT,$0.00
Ozzie Albies 5.5,MLB-PHRR-FG-02HVDVHEONRVATO-OZES000-GTE-P00055,Settled Early,08/01/26 10:01:47.606 PM EDT,$0.00
Ozzie Albies 6.5,MLB-PHRR-FG-02HVDVHEONRVATO-OZES000-GTE-P00065,Settled Early,08/01/26 10:01:47.800 PM EDT,$0.00
Ozzie Albies 7.5,MLB-PHRR-FG-02HVDVHEONRVATO-OZES000-GTE-P00075,Settled Early,08/01/26 10:01:48.008 PM EDT,$0.00
Ozzie Albies 8.5,MLB-PHRR-FG-02HVDVHEONRVATO-OZES000-GTE-P00085,Settled Early,08/01/26 10:01:48.221 PM EDT,$0.00
Ozzie Albies 9.5,MLB-PHRR-FG-02HVDVHEONRVATO-OZES000-GTE-P00095,Settled Early,08/01/26 10:01:48.419 PM EDT,$0.00
Luis Garcia (WAS) 8.5,MLB-PHRR-FG-02HVDVHEONRVATO-LUAS000-GTE-P00085,Settled Early,08/01/26 10:02:09.210 PM EDT,$0.00
Luis Garcia (WAS) 5.5,MLB-PHRR-FG-02HVDVHEONRVATO-LUAS000-GTE-P00055,Settled Early,08/01/26 10:02:09.411 PM EDT,$0.00
Luis Garcia (WAS) 4.5,MLB-PHRR-FG-02HVDVHEONRVATO-LUAS000-GTE-P00045,Settled Early,08/01/26 10:02:09.598 PM EDT,$0.00
Luis Garcia (WAS) 9.5,MLB-PHRR-FG-02HVDVHEONRVATO-LUAS000-GTE-P00095,Settled Early,08/01/26 10:02:09.804 PM EDT,$0.00
Luis Garcia (WAS) 0.5,MLB-PHRR-FG-02HVDVHEONRVATO-LUAS000-GTE-P00005,Settled Early,08/01/26 10:02:10.004 PM EDT,$1.00
Luis Garcia (WAS) 1.5,MLB-PHRR-FG-02HVDVHEONRVATO-LUAS000-GTE-P00015,Settled Early,08/01/26 10:02:10.208 PM EDT,$0.00
Luis Garcia (WAS) 3.5,MLB-PHRR-FG-02HVDVHEONRVATO-LUAS000-GTE-P00035,Settled Early,08/01/26 10:02:10.440 PM EDT,$0.00
Luis Garcia (WAS) 2.5,MLB-PHRR-FG-02HVDVHEONRVATO-LUAS000-GTE-P00025,Settled Early,08/01/26 10:02:10.637 PM EDT,$0.00
Luis Garcia (WAS) 7.5,MLB-PHRR-FG-02HVDVHEONRVATO-LUAS000-GTE-P00075,Settled Early,08/01/26 10:02:10.831 PM EDT,$0.00
Luis Garcia (WAS) 6.5,MLB-PHRR-FG-02HVDVHEONRVATO-LUAS000-GTE-P00065,Settled Early,08/01/26 10:02:11.031 PM EDT,$0.00
Dylan Crews 8.5,MLB-PHRR-FG-02HVDVHEONRVATO-DYWS000-GTE-P00085,Settled Early,08/01/26 10:02:26.178 PM EDT,$0.00
Dylan Crews 7.5,MLB-PHRR-FG-02HVDVHEONRVATO-DYWS000-GTE-P00075,Settled Early,08/01/26 10:02:26.346 PM EDT,$0.00
Dylan Crews 9.5,MLB-PHRR-FG-02HVDVHEONRVATO-DYWS000-GTE-P00095,Settled Early,08/01/26 10:02:26.541 PM EDT,$0.00
Dylan Crews 0.5,MLB-PHRR-FG-02HVDVHEONRVATO-DYWS000-GTE-P00005,Settled Early,08/01/26 10:02:26.736 PM EDT,$1.00
Dylan Crews 6.5,MLB-PHRR-FG-02HVDVHEONRVATO-DYWS000-GTE-P00065,Settled Early,08/01/26 10:02:26.939 PM EDT,$0.00
Dylan Crews 1.5,MLB-PHRR-FG-02HVDVHEONRVATO-DYWS000-GTE-P00015,Settled Early,08/01/26 10:02:27.146 PM EDT,$1.00
Dylan Crews 2.5,MLB-PHRR-FG-02HVDVHEONRVATO-DYWS000-GTE-P00025,Settled Early,08/01/26 10:02:27.377 PM EDT,$1.00
Dylan Crews 4.5,MLB-PHRR-FG-02HVDVHEONRVATO-DYWS000-GTE-P00045,Settled Early,08/01/26 10:02:27.557 PM EDT,$0.00
Dylan Crews 5.5,MLB-PHRR-FG-02HVDVHEONRVATO-DYWS000-GTE-P00055,Settled Early,08/01/26 10:02:27.749 PM EDT,$0.00
Dylan Crews 3.5,MLB-PHRR-FG-02HVDVHEONRVATO-DYWS000-GTE-P00035,Settled Early,08/01/26 10:02:27.941 PM EDT,$0.00
Michael Harris 9.5,MLB-PHRR-FG-02HVDVHEONRVATO-MIIS000-GTE-P00095,Settled Early,08/01/26 10:02:42.266 PM EDT,$0.00
Michael Harris 8.5,MLB-PHRR-FG-02HVDVHEONRVATO-MIIS000-GTE-P00085,Settled Early,08/01/26 10:02:42.463 PM EDT,$0.00
Michael Harris 1.5,MLB-PHRR-FG-02HVDVHEONRVATO-MIIS000-GTE-P00015,Settled Early,08/01/26 10:02:42.654 PM EDT,$0.00
Michael Harris 2.5,MLB-PHRR-FG-02HVDVHEONRVATO-MIIS000-GTE-P00025,Settled Early,08/01/26 10:02:42.918 PM EDT,$0.00
Michael Harris 3.5,MLB-PHRR-FG-02HVDVHEONRVATO-MIIS000-GTE-P00035,Settled Early,08/01/26 10:02:43.143 PM EDT,$0.00
Michael Harris 4.5,MLB-PHRR-FG-02HVDVHEONRVATO-MIIS000-GTE-P00045,Settled Early,08/01/26 10:02:43.343 PM EDT,$0.00
Michael Harris 5.5,MLB-PHRR-FG-02HVDVHEONRVATO-MIIS000-GTE-P00055,Settled Early,08/01/26 10:02:43.508 PM EDT,$0.00
Michael Harris 6.5,MLB-PHRR-FG-02HVDVHEONRVATO-MIIS000-GTE-P00065,Settled Early,08/01/26 10:02:43.674 PM EDT,$0.00
Michael Harris 7.5,MLB-PHRR-FG-02HVDVHEONRVATO-MIIS000-GTE-P00075,Settled Early,08/01/26 10:02:43.841 PM EDT,$0.00
Michael Harris 0.5,MLB-PHRR-FG-02HVDVHEONRVATO-MIIS000-GTE-P00005,Settled Early,08/01/26 10:02:44.008 PM EDT,$0.00
Brady House 0.5,MLB-PHRR-FG-02HVDVHEONRVATO-BRSE000-GTE-P00005,Settled Early,08/01/26 10:06:44.780 PM EDT,$1.00
Brady House 2.5,MLB-PHRR-FG-02HVDVHEONRVATO-BRSE000-GTE-P00025,Settled Early,08/01/26 10:06:45.007 PM EDT,$0.00
Brady House 6.5,MLB-PHRR-FG-02HVDVHEONRVATO-BRSE000-GTE-P00065,Settled Early,08/01/26 10:06:45.183 PM EDT,$0.00
Brady House 9.5,MLB-PHRR-FG-02HVDVHEONRVATO-BRSE000-GTE-P00095,Settled Early,08/01/26 10:06:45.386 PM EDT,$0.00
Brady House 3.5,MLB-PHRR-FG-02HVDVHEONRVATO-BRSE000-GTE-P00035,Settled Early,08/01/26 10:06:45.560 PM EDT,$0.00
Brady House 8.5,MLB-PHRR-FG-02HVDVHEONRVATO-BRSE000-GTE-P00085,Settled Early,08/01/26 10:06:45.731 PM EDT,$0.00
Brady House 7.5,MLB-PHRR-FG-02HVDVHEONRVATO-BRSE000-GTE-P00075,Settled Early,08/01/26 10:06:45.905 PM EDT,$0.00
Brady House 5.5,MLB-PHRR-FG-02HVDVHEONRVATO-BRSE000-GTE-P00055,Settled Early,08/01/26 10:06:46.100 PM EDT,$0.00
Brady House 4.5,MLB-PHRR-FG-02HVDVHEONRVATO-BRSE000-GTE-P00045,Settled Early,08/01/26 10:06:46.270 PM EDT,$0.00
Over 3.5,MLB-TRUNS-I7-02HVDVGGONRVAI8-GTE-P00035,Settled Early,08/01/26 10:07:13.287 PM EDT,$1.00
Over 4.5,MLB-TRUNS-I7-02HVDVGGONRVAI8-GTE-P00045,Settled Early,08/01/26 10:07:13.535 PM EDT,$0.00
Over 0.5,MLB-TRUNS-I7-02HVDVGGONRVAI8-GTE-P00005,Settled Early,08/01/26 10:07:13.729 PM EDT,$1.00
Over 1.5,MLB-TRUNS-I7-02HVDVGGONRVAI8-GTE-P00015,Settled Early,08/01/26 10:07:13.968 PM EDT,$1.00
Over 2.5,MLB-TRUNS-I7-02HVDVGGONRVAI8-GTE-P00025,Settled Early,08/01/26 10:07:14.239 PM EDT,$1.00
Over 3.5,MLB-TRUNS-I9-02HVDVGGONRVAI8-GTE-P00035,Settled Early,08/01/26 10:11:22.664 PM EDT,$0.00
Over 4.5,MLB-TRUNS-I9-02HVDVGGONRVAI8-GTE-P00045,Settled Early,08/01/26 10:11:22.893 PM EDT,$0.00
Over 2.5,MLB-TRUNS-I9-02HVDVGGONRVAI8-GTE-P00025,Settled Early,08/01/26 10:11:23.062 PM EDT,$0.00
Over 0.5,MLB-TRUNS-I9-02HVDVGGONRVAI8-GTE-P00005,Settled Early,08/01/26 10:11:23.295 PM EDT,$0.00
Over 1.5,MLB-TRUNS-I9-02HVDVGGONRVAI8-GTE-P00015,Settled Early,08/01/26 10:11:23.527 PM EDT,$0.00
Over 3.5,MLB-TRUNS-I8-02HVDVGGONRVAI8-GTE-P00035,Settled Early,08/01/26 10:11:41.050 PM EDT,$0.00
Over 2.5,MLB-TRUNS-I8-02HVDVGGONRVAI8-GTE-P00025,Settled Early,08/01/26 10:11:41.260 PM EDT,$0.00
Over 0.5,MLB-TRUNS-I8-02HVDVGGONRVAI8-GTE-P00005,Settled Early,08/01/26 10:11:41.496 PM EDT,$1.00
Over 1.5,MLB-TRUNS-I8-02HVDVGGONRVAI8-GTE-P00015,Settled Early,08/01/26 10:11:41.739 PM EDT,$0.00
Over 4.5,MLB-TRUNS-I8-02HVDVGGONRVAI8-GTE-P00045,Settled Early,08/01/26 10:11:41.933 PM EDT,$0.00
Ian Happ 6.5,MLB-PHRR-FG-02HVDVGGONRVAI8-IAPP000-GTE-P00065,Settled Early,08/01/26 10:12:01.893 PM EDT,$0.00
Ian Happ 3.5,MLB-PHRR-FG-02HVDVGGONRVAI8-IAPP000-GTE-P00035,Settled Early,08/01/26 10:12:02.094 PM EDT,$0.00
Ian Happ 9.5,MLB-PHRR-FG-02HVDVGGONRVAI8-IAPP000-GTE-P00095,Settled Early,08/01/26 10:12:02.312 PM EDT,$0.00
Ian Happ 4.5,MLB-PHRR-FG-02HVDVGGONRVAI8-IAPP000-GTE-P00045,Settled Early,08/01/26 10:12:02.485 PM EDT,$0.00
Ian Happ 1.5,MLB-PHRR-FG-02HVDVGGONRVAI8-IAPP000-GTE-P00015,Settled Early,08/01/26 10:12:02.685 PM EDT,$0.00
Ian Happ 5.5,MLB-PHRR-FG-02HVDVGGONRVAI8-IAPP000-GTE-P00055,Settled Early,08/01/26 10:12:02.929 PM EDT,$0.00
Ian Happ 0.5,MLB-PHRR-FG-02HVDVGGONRVAI8-IAPP000-GTE-P00005,Settled Early,08/01/26 10:12:03.104 PM EDT,$0.00
Ian Happ 8.5,MLB-PHRR-FG-02HVDVGGONRVAI8-IAPP000-GTE-P00085,Settled Early,08/01/26 10:12:03.338 PM EDT,$0.00
Ian Happ 2.5,MLB-PHRR-FG-02HVDVGGONRVAI8-IAPP000-GTE-P00025,Settled Early,08/01/26 10:12:03.510 PM EDT,$0.00
Ian Happ 7.5,MLB-PHRR-FG-02HVDVGGONRVAI8-IAPP000-GTE-P00075,Settled Early,08/01/26 10:12:03.687 PM EDT,$0.00
Max Schuemann 1.5,MLB-PHRR-FG-02HVDVGGONRVAI8-MANN000-GTE-P00015,Settled Early,08/01/26 10:12:18.482 PM EDT,$0.00
Max Schuemann 0.5,MLB-PHRR-FG-02HVDVGGONRVAI8-MANN000-GTE-P00005,Settled Early,08/01/26 10:12:18.697 PM EDT,$0.00
Max Schuemann 2.5,MLB-PHRR-FG-02HVDVGGONRVAI8-MANN000-GTE-P00025,Settled Early,08/01/26 10:12:18.914 PM EDT,$0.00
Max Schuemann 3.5,MLB-PHRR-FG-02HVDVGGONRVAI8-MANN000-GTE-P00035,Settled Early,08/01/26 10:12:19.173 PM EDT,$0.00
Max Schuemann 9.5,MLB-PHRR-FG-02HVDVGGONRVAI8-MANN000-GTE-P00095,Settled Early,08/01/26 10:12:19.396 PM EDT,$0.00
Max Schuemann 6.5,MLB-PHRR-FG-02HVDVGGONRVAI8-MANN000-GTE-P00065,Settled Early,08/01/26 10:12:19.565 PM EDT,$0.00
Max Schuemann 5.5,MLB-PHRR-FG-02HVDVGGONRVAI8-MANN000-GTE-P00055,Settled Early,08/01/26 10:12:19.781 PM EDT,$0.00
Max Schuemann 4.5,MLB-PHRR-FG-02HVDVGGONRVAI8-MANN000-GTE-P00045,Settled Early,08/01/26 10:12:19.952 PM EDT,$0.00
Max Schuemann 8.5,MLB-PHRR-FG-02HVDVGGONRVAI8-MANN000-GTE-P00085,Settled Early,08/01/26 10:12:20.123 PM EDT,$0.00
Max Schuemann 7.5,MLB-PHRR-FG-02HVDVGGONRVAI8-MANN000-GTE-P00075,Settled Early,08/01/26 10:12:20.293 PM EDT,$0.00
Pete Crow-Armstrong 0.5,MLB-PHRR-FG-02HVDVGGONRVAI8-PENG000-GTE-P00005,Settled Early,08/01/26 10:12:35.238 PM EDT,$1.00
Pete Crow-Armstrong 1.5,MLB-PHRR-FG-02HVDVGGONRVAI8-PENG000-GTE-P00015,Settled Early,08/01/26 10:12:35.465 PM EDT,$1.00
Pete Crow-Armstrong 2.5,MLB-PHRR-FG-02HVDVGGONRVAI8-PENG000-GTE-P00025,Settled Early,08/01/26 10:12:35.741 PM EDT,$1.00
Pete Crow-Armstrong 3.5,MLB-PHRR-FG-02HVDVGGONRVAI8-PENG000-GTE-P00035,Settled Early,08/01/26 10:12:36.079 PM EDT,$1.00
Pete Crow-Armstrong 4.5,MLB-PHRR-FG-02HVDVGGONRVAI8-PENG000-GTE-P00045,Settled Early,08/01/26 10:12:36.297 PM EDT,$0.00
Pete Crow-Armstrong 5.5,MLB-PHRR-FG-02HVDVGGONRVAI8-PENG000-GTE-P00055,Settled Early,08/01/26 10:12:36.467 PM EDT,$0.00
Pete Crow-Armstrong 6.5,MLB-PHRR-FG-02HVDVGGONRVAI8-PENG000-GTE-P00065,Settled Early,08/01/26 10:12:36.633 PM EDT,$0.00
Pete Crow-Armstrong 7.5,MLB-PHRR-FG-02HVDVGGONRVAI8-PENG000-GTE-P00075,Settled Early,08/01/26 10:12:36.810 PM EDT,$0.00
Pete Crow-Armstrong 8.5,MLB-PHRR-FG-02HVDVGGONRVAI8-PENG000-GTE-P00085,Settled Early,08/01/26 10:12:36.983 PM EDT,$0.00
Pete Crow-Armstrong 9.5,MLB-PHRR-FG-02HVDVGGONRVAI8-PENG000-GTE-P00095,Settled Early,08/01/26 10:12:37.189 PM EDT,$0.00
Nico Hoerner 4.5,MLB-PHRR-FG-02HVDVGGONRVAI8-NIER000-GTE-P00045,Settled Early,08/01/26 10:13:29.486 PM EDT,$0.00
Nico Hoerner 5.5,MLB-PHRR-FG-02HVDVGGONRVAI8-NIER000-GTE-P00055,Settled Early,08/01/26 10:13:29.678 PM EDT,$0.00
Nico Hoerner 2.5,MLB-PHRR-FG-02HVDVGGONRVAI8-NIER000-GTE-P00025,Settled Early,08/01/26 10:13:29.914 PM EDT,$1.00
Nico Hoerner 9.5,MLB-PHRR-FG-02HVDVGGONRVAI8-NIER000-GTE-P00095,Settled Early,08/01/26 10:13:30.118 PM EDT,$0.00
Nico Hoerner 0.5,MLB-PHRR-FG-02HVDVGGONRVAI8-NIER000-GTE-P00005,Settled Early,08/01/26 10:13:30.320 PM EDT,$1.00
Nico Hoerner 7.5,MLB-PHRR-FG-02HVDVGGONRVAI8-NIER000-GTE-P00075,Settled Early,08/01/26 10:13:30.555 PM EDT,$0.00
Nico Hoerner 3.5,MLB-PHRR-FG-02HVDVGGONRVAI8-NIER000-GTE-P00035,Settled Early,08/01/26 10:13:30.749 PM EDT,$1.00
Nico Hoerner 1.5,MLB-PHRR-FG-02HVDVGGONRVAI8-NIER000-GTE-P00015,Settled Early,08/01/26 10:13:30.963 PM EDT,$1.00
Nico Hoerner 8.5,MLB-PHRR-FG-02HVDVGGONRVAI8-NIER000-GTE-P00085,Settled Early,08/01/26 10:13:31.186 PM EDT,$0.00
Nico Hoerner 6.5,MLB-PHRR-FG-02HVDVGGONRVAI8-NIER000-GTE-P00065,Settled Early,08/01/26 10:13:31.371 PM EDT,$0.00
Anthony Volpe 3.5,MLB-PHRR-FG-02HVDVGGONRVAI8-ANPE000-GTE-P00035,Settled Early,08/01/26 10:13:54.664 PM EDT,$0.00
Anthony Volpe 7.5,MLB-PHRR-FG-02HVDVGGONRVAI8-ANPE000-GTE-P00075,Settled Early,08/01/26 10:13:54.862 PM EDT,$0.00
Anthony Volpe 0.5,MLB-PHRR-FG-02HVDVGGONRVAI8-ANPE000-GTE-P00005,Settled Early,08/01/26 10:13:55.062 PM EDT,$0.00
Anthony Volpe 4.5,MLB-PHRR-FG-02HVDVGGONRVAI8-ANPE000-GTE-P00045,Settled Early,08/01/26 10:13:55.269 PM EDT,$0.00
Anthony Volpe 1.5,MLB-PHRR-FG-02HVDVGGONRVAI8-ANPE000-GTE-P00015,Settled Early,08/01/26 10:13:55.470 PM EDT,$0.00
Anthony Volpe 2.5,MLB-PHRR-FG-02HVDVGGONRVAI8-ANPE000-GTE-P00025,Settled Early,08/01/26 10:13:55.689 PM EDT,$0.00
Anthony Volpe 5.5,MLB-PHRR-FG-02HVDVGGONRVAI8-ANPE000-GTE-P00055,Settled Early,08/01/26 10:13:55.878 PM EDT,$0.00
Anthony Volpe 6.5,MLB-PHRR-FG-02HVDVGGONRVAI8-ANPE000-GTE-P00065,Settled Early,08/01/26 10:13:56.044 PM EDT,$0.00
Anthony Volpe 8.5,MLB-PHRR-FG-02HVDVGGONRVAI8-ANPE000-GTE-P00085,Settled Early,08/01/26 10:13:56.215 PM EDT,$0.00
Anthony Volpe 9.5,MLB-PHRR-FG-02HVDVGGONRVAI8-ANPE000-GTE-P00095,Settled Early,08/01/26 10:13:56.408 PM EDT,$0.00
Jasson Dominguez 2.5,MLB-PHRR-FG-02HVDVGGONRVAI8-JAEZ003-GTE-P00025,Settled Early,08/01/26 10:14:11.645 PM EDT,$0.00
Jasson Dominguez 0.5,MLB-PHRR-FG-02HVDVGGONRVAI8-JAEZ003-GTE-P00005,Settled Early,08/01/26 10:14:11.869 PM EDT,$1.00
Jasson Dominguez 5.5,MLB-PHRR-FG-02HVDVGGONRVAI8-JAEZ003-GTE-P00055,Settled Early,08/01/26 10:14:12.056 PM EDT,$0.00
Jasson Dominguez 6.5,MLB-PHRR-FG-02HVDVGGONRVAI8-JAEZ003-GTE-P00065,Settled Early,08/01/26 10:14:12.292 PM EDT,$0.00
Jasson Dominguez 1.5,MLB-PHRR-FG-02HVDVGGONRVAI8-JAEZ003-GTE-P00015,Settled Early,08/01/26 10:14:12.492 PM EDT,$0.00
Jasson Dominguez 3.5,MLB-PHRR-FG-02HVDVGGONRVAI8-JAEZ003-GTE-P00035,Settled Early,08/01/26 10:14:12.745 PM EDT,$0.00
Jasson Dominguez 4.5,MLB-PHRR-FG-02HVDVGGONRVAI8-JAEZ003-GTE-P00045,Settled Early,08/01/26 10:14:12.963 PM EDT,$0.00
Jasson Dominguez 7.5,MLB-PHRR-FG-02HVDVGGONRVAI8-JAEZ003-GTE-P00075,Settled Early,08/01/26 10:14:13.162 PM EDT,$0.00
Jasson Dominguez 8.5,MLB-PHRR-FG-02HVDVGGONRVAI8-JAEZ003-GTE-P00085,Settled Early,08/01/26 10:14:13.408 PM EDT,$0.00
Jasson Dominguez 9.5,MLB-PHRR-FG-02HVDVGGONRVAI8-JAEZ003-GTE-P00095,Settled Early,08/01/26 10:14:13.599 PM EDT,$0.00
Ali Sanchez 3.5,MLB-PHRR-FG-02HVDVGGONRVAI8-ALEZ001-GTE-P00035,Settled Early,08/01/26 10:14:30.830 PM EDT,$0.00
Ali Sanchez 0.5,MLB-PHRR-FG-02HVDVGGONRVAI8-ALEZ001-GTE-P00005,Settled Early,08/01/26 10:14:31.088 PM EDT,$1.00
Ali Sanchez 5.5,MLB-PHRR-FG-02HVDVGGONRVAI8-ALEZ001-GTE-P00055,Settled Early,08/01/26 10:14:31.310 PM EDT,$0.00
Ali Sanchez 2.5,MLB-PHRR-FG-02HVDVGGONRVAI8-ALEZ001-GTE-P00025,Settled Early,08/01/26 10:14:31.537 PM EDT,$1.00
Ali Sanchez 4.5,MLB-PHRR-FG-02HVDVGGONRVAI8-ALEZ001-GTE-P00045,Settled Early,08/01/26 10:14:31.757 PM EDT,$0.00
Ali Sanchez 1.5,MLB-PHRR-FG-02HVDVGGONRVAI8-ALEZ001-GTE-P00015,Settled Early,08/01/26 10:14:31.948 PM EDT,$1.00
Ali Sanchez 6.5,MLB-PHRR-FG-02HVDVGGONRVAI8-ALEZ001-GTE-P00065,Settled Early,08/01/26 10:14:32.118 PM EDT,$0.00
Ali Sanchez 7.5,MLB-PHRR-FG-02HVDVGGONRVAI8-ALEZ001-GTE-P00075,Settled Early,08/01/26 10:14:32.307 PM EDT,$0.00
Ali Sanchez 8.5,MLB-PHRR-FG-02HVDVGGONRVAI8-ALEZ001-GTE-P00085,Settled Early,08/01/26 10:14:32.512 PM EDT,$0.00
Ali Sanchez 9.5,MLB-PHRR-FG-02HVDVGGONRVAI8-ALEZ001-GTE-P00095,Settled Early,08/01/26 10:14:32.708 PM EDT,$0.00
Alex Bregman 7.5,MLB-PHRR-FG-02HVDVGGONRVAI8-ALAN000-GTE-P00075,Settled Early,08/01/26 10:14:45.837 PM EDT,$0.00
Alex Bregman 3.5,MLB-PHRR-FG-02HVDVGGONRVAI8-ALAN000-GTE-P00035,Settled Early,08/01/26 10:14:46.011 PM EDT,$0.00
Alex Bregman 1.5,MLB-PHRR-FG-02HVDVGGONRVAI8-ALAN000-GTE-P00015,Settled Early,08/01/26 10:14:46.253 PM EDT,$1.00
Alex Bregman 5.5,MLB-PHRR-FG-02HVDVGGONRVAI8-ALAN000-GTE-P00055,Settled Early,08/01/26 10:14:46.494 PM EDT,$0.00
Alex Bregman 4.5,MLB-PHRR-FG-02HVDVGGONRVAI8-ALAN000-GTE-P00045,Settled Early,08/01/26 10:14:46.686 PM EDT,$0.00
Alex Bregman 9.5,MLB-PHRR-FG-02HVDVGGONRVAI8-ALAN000-GTE-P00095,Settled Early,08/01/26 10:14:46.890 PM EDT,$0.00
Alex Bregman 6.5,MLB-PHRR-FG-02HVDVGGONRVAI8-ALAN000-GTE-P00065,Settled Early,08/01/26 10:14:47.087 PM EDT,$0.00
Alex Bregman 8.5,MLB-PHRR-FG-02HVDVGGONRVAI8-ALAN000-GTE-P00085,Settled Early,08/01/26 10:14:47.287 PM EDT,$0.00
Alex Bregman 2.5,MLB-PHRR-FG-02HVDVGGONRVAI8-ALAN000-GTE-P00025,Settled Early,08/01/26 10:14:47.476 PM EDT,$0.00
Alex Bregman 0.5,MLB-PHRR-FG-02HVDVGGONRVAI8-ALAN000-GTE-P00005,Settled Early,08/01/26 10:14:47.696 PM EDT,$1.00
Amed Rosario 6.5,MLB-PHRR-FG-02HVDVGGONRVAI8-AMIO000-GTE-P00065,Settled Early,08/01/26 10:15:00.190 PM EDT,$0.00
Amed Rosario 1.5,MLB-PHRR-FG-02HVDVGGONRVAI8-AMIO000-GTE-P00015,Settled Early,08/01/26 10:15:00.369 PM EDT,$0.00
Amed Rosario 0.5,MLB-PHRR-FG-02HVDVGGONRVAI8-AMIO000-GTE-P00005,Settled Early,08/01/26 10:15:00.613 PM EDT,$1.00
Amed Rosario 9.5,MLB-PHRR-FG-02HVDVGGONRVAI8-AMIO000-GTE-P00095,Settled Early,08/01/26 10:15:00.810 PM EDT,$0.00
Amed Rosario 2.5,MLB-PHRR-FG-02HVDVGGONRVAI8-AMIO000-GTE-P00025,Settled Early,08/01/26 10:15:00.998 PM EDT,$0.00
Amed Rosario 3.5,MLB-PHRR-FG-02HVDVGGONRVAI8-AMIO000-GTE-P00035,Settled Early,08/01/26 10:15:01.187 PM EDT,$0.00
Amed Rosario 4.5,MLB-PHRR-FG-02HVDVGGONRVAI8-AMIO000-GTE-P00045,Settled Early,08/01/26 10:15:01.383 PM EDT,$0.00
Amed Rosario 5.5,MLB-PHRR-FG-02HVDVGGONRVAI8-AMIO000-GTE-P00055,Settled Early,08/01/26 10:15:01.581 PM EDT,$0.00
Amed Rosario 7.5,MLB-PHRR-FG-02HVDVGGONRVAI8-AMIO000-GTE-P00075,Settled Early,08/01/26 10:15:01.756 PM EDT,$0.00
Amed Rosario 8.5,MLB-PHRR-FG-02HVDVGGONRVAI8-AMIO000-GTE-P00085,Settled Early,08/01/26 10:15:01.950 PM EDT,$0.00
Spencer Jones 5.5,MLB-PHRR-FG-02HVDVGGONRVAI8-SPES000-GTE-P00055,Settled Early,08/01/26 10:15:19.178 PM EDT,$0.00
Spencer Jones 6.5,MLB-PHRR-FG-02HVDVGGONRVAI8-SPES000-GTE-P00065,Settled Early,08/01/26 10:15:19.351 PM EDT,$0.00
Spencer Jones 9.5,MLB-PHRR-FG-02HVDVGGONRVAI8-SPES000-GTE-P00095,Settled Early,08/01/26 10:15:19.545 PM EDT,$0.00
Spencer Jones 2.5,MLB-PHRR-FG-02HVDVGGONRVAI8-SPES000-GTE-P00025,Settled Early,08/01/26 10:15:19.743 PM EDT,$1.00
Spencer Jones 3.5,MLB-PHRR-FG-02HVDVGGONRVAI8-SPES000-GTE-P00035,Settled Early,08/01/26 10:15:19.940 PM EDT,$1.00
Spencer Jones 4.5,MLB-PHRR-FG-02HVDVGGONRVAI8-SPES000-GTE-P00045,Settled Early,08/01/26 10:15:20.115 PM EDT,$1.00
Spencer Jones 1.5,MLB-PHRR-FG-02HVDVGGONRVAI8-SPES000-GTE-P00015,Settled Early,08/01/26 10:15:20.312 PM EDT,$1.00
Spencer Jones 0.5,MLB-PHRR-FG-02HVDVGGONRVAI8-SPES000-GTE-P00005,Settled Early,08/01/26 10:15:20.502 PM EDT,$1.00
Spencer Jones 8.5,MLB-PHRR-FG-02HVDVGGONRVAI8-SPES000-GTE-P00085,Settled Early,08/01/26 10:15:20.700 PM EDT,$0.00
Spencer Jones 7.5,MLB-PHRR-FG-02HVDVGGONRVAI8-SPES000-GTE-P00075,Settled Early,08/01/26 10:15:20.898 PM EDT,$0.00
Carson Kelly 8.5,MLB-PHRR-FG-02HVDVGGONRVAI8-CALY002-GTE-P00085,Settled Early,08/01/26 10:15:35.341 PM EDT,$0.00
Carson Kelly 6.5,MLB-PHRR-FG-02HVDVGGONRVAI8-CALY002-GTE-P00065,Settled Early,08/01/26 10:15:35.531 PM EDT,$0.00
Carson Kelly 0.5,MLB-PHRR-FG-02HVDVGGONRVAI8-CALY002-GTE-P00005,Settled Early,08/01/26 10:15:35.727 PM EDT,$1.00
Carson Kelly 2.5,MLB-PHRR-FG-02HVDVGGONRVAI8-CALY002-GTE-P00025,Settled Early,08/01/26 10:15:35.898 PM EDT,$0.00
Carson Kelly 7.5,MLB-PHRR-FG-02HVDVGGONRVAI8-CALY002-GTE-P00075,Settled Early,08/01/26 10:15:36.097 PM EDT,$0.00
Carson Kelly 1.5,MLB-PHRR-FG-02HVDVGGONRVAI8-CALY002-GTE-P00015,Settled Early,08/01/26 10:15:36.291 PM EDT,$0.00
Carson Kelly 4.5,MLB-PHRR-FG-02HVDVGGONRVAI8-CALY002-GTE-P00045,Settled Early,08/01/26 10:15:36.485 PM EDT,$0.00
Carson Kelly 3.5,MLB-PHRR-FG-02HVDVGGONRVAI8-CALY002-GTE-P00035,Settled Early,08/01/26 10:15:36.687 PM EDT,$0.00
Carson Kelly 9.5,MLB-PHRR-FG-02HVDVGGONRVAI8-CALY002-GTE-P00095,Settled Early,08/01/26 10:15:36.880 PM EDT,$0.00
Carson Kelly 5.5,MLB-PHRR-FG-02HVDVGGONRVAI8-CALY002-GTE-P00055,Settled Early,08/01/26 10:15:37.081 PM EDT,$0.00
Michael Busch 6.5,MLB-PHRR-FG-02HVDVGGONRVAI8-MICH001-GTE-P00065,Settled Early,08/01/26 10:15:59.937 PM EDT,$0.00
Michael Busch 3.5,MLB-PHRR-FG-02HVDVGGONRVAI8-MICH001-GTE-P00035,Settled Early,08/01/26 10:16:00.164 PM EDT,$0.00
Michael Busch 7.5,MLB-PHRR-FG-02HVDVGGONRVAI8-MICH001-GTE-P00075,Settled Early,08/01/26 10:16:00.352 PM EDT,$0.00
Michael Busch 5.5,MLB-PHRR-FG-02HVDVGGONRVAI8-MICH001-GTE-P00055,Settled Early,08/01/26 10:16:00.546 PM EDT,$0.00
Michael Busch 2.5,MLB-PHRR-FG-02HVDVGGONRVAI8-MICH001-GTE-P00025,Settled Early,08/01/26 10:16:00.744 PM EDT,$0.00
Michael Busch 9.5,MLB-PHRR-FG-02HVDVGGONRVAI8-MICH001-GTE-P00095,Settled Early,08/01/26 10:16:00.934 PM EDT,$0.00
Michael Busch 4.5,MLB-PHRR-FG-02HVDVGGONRVAI8-MICH001-GTE-P00045,Settled Early,08/01/26 10:16:01.103 PM EDT,$0.00
Michael Busch 8.5,MLB-PHRR-FG-02HVDVGGONRVAI8-MICH001-GTE-P00085,Settled Early,08/01/26 10:16:01.294 PM EDT,$0.00
Michael Busch 0.5,MLB-PHRR-FG-02HVDVGGONRVAI8-MICH001-GTE-P00005,Settled Early,08/01/26 10:16:01.492 PM EDT,$1.00
Michael Busch 1.5,MLB-PHRR-FG-02HVDVGGONRVAI8-MICH001-GTE-P00015,Settled Early,08/01/26 10:16:01.662 PM EDT,$1.00
Seiya Suzuki 6.5,MLB-PHRR-FG-02HVDVGGONRVAI8-SEKI000-GTE-P00065,Settled Early,08/01/26 10:16:18.546 PM EDT,$0.00
Seiya Suzuki 4.5,MLB-PHRR-FG-02HVDVGGONRVAI8-SEKI000-GTE-P00045,Settled Early,08/01/26 10:16:18.772 PM EDT,$0.00
Seiya Suzuki 5.5,MLB-PHRR-FG-02HVDVGGONRVAI8-SEKI000-GTE-P00055,Settled Early,08/01/26 10:16:18.976 PM EDT,$0.00
Seiya Suzuki 1.5,MLB-PHRR-FG-02HVDVGGONRVAI8-SEKI000-GTE-P00015,Settled Early,08/01/26 10:16:19.189 PM EDT,$1.00
Seiya Suzuki 2.5,MLB-PHRR-FG-02HVDVGGONRVAI8-SEKI000-GTE-P00025,Settled Early,08/01/26 10:16:19.416 PM EDT,$0.00
Seiya Suzuki 3.5,MLB-PHRR-FG-02HVDVGGONRVAI8-SEKI000-GTE-P00035,Settled Early,08/01/26 10:16:19.619 PM EDT,$0.00
Seiya Suzuki 0.5,MLB-PHRR-FG-02HVDVGGONRVAI8-SEKI000-GTE-P00005,Settled Early,08/01/26 10:16:19.786 PM EDT,$1.00
Seiya Suzuki 7.5,MLB-PHRR-FG-02HVDVGGONRVAI8-SEKI000-GTE-P00075,Settled Early,08/01/26 10:16:20.042 PM EDT,$0.00
Seiya Suzuki 8.5,MLB-PHRR-FG-02HVDVGGONRVAI8-SEKI000-GTE-P00085,Settled Early,08/01/26 10:16:20.235 PM EDT,$0.00
Seiya Suzuki 9.5,MLB-PHRR-FG-02HVDVGGONRVAI8-SEKI000-GTE-P00095,Settled Early,08/01/26 10:16:20.404 PM EDT,$0.00
Jazz Chisholm 9.5,MLB-PHRR-FG-02HVDVGGONRVAI8-JALM000-GTE-P00095,Settled Early,08/01/26 10:17:24.668 PM EDT,$0.00
Jazz Chisholm 3.5,MLB-PHRR-FG-02HVDVGGONRVAI8-JALM000-GTE-P00035,Settled Early,08/01/26 10:17:24.884 PM EDT,$0.00
Jazz Chisholm 0.5,MLB-PHRR-FG-02HVDVGGONRVAI8-JALM000-GTE-P00005,Settled Early,08/01/26 10:17:25.086 PM EDT,$0.00
Jazz Chisholm 8.5,MLB-PHRR-FG-02HVDVGGONRVAI8-JALM000-GTE-P00085,Settled Early,08/01/26 10:17:25.275 PM EDT,$0.00
Jazz Chisholm 2.5,MLB-PHRR-FG-02HVDVGGONRVAI8-JALM000-GTE-P00025,Settled Early,08/01/26 10:17:25.482 PM EDT,$0.00
Jazz Chisholm 6.5,MLB-PHRR-FG-02HVDVGGONRVAI8-JALM000-GTE-P00065,Settled Early,08/01/26 10:17:25.684 PM EDT,$0.00
Jazz Chisholm 1.5,MLB-PHRR-FG-02HVDVGGONRVAI8-JALM000-GTE-P00015,Settled Early,08/01/26 10:17:25.858 PM EDT,$0.00
Jazz Chisholm 4.5,MLB-PHRR-FG-02HVDVGGONRVAI8-JALM000-GTE-P00045,Settled Early,08/01/26 10:17:26.040 PM EDT,$0.00
Jazz Chisholm 7.5,MLB-PHRR-FG-02HVDVGGONRVAI8-JALM000-GTE-P00075,Settled Early,08/01/26 10:17:26.238 PM EDT,$0.00
Jazz Chisholm 5.5,MLB-PHRR-FG-02HVDVGGONRVAI8-JALM000-GTE-P00055,Settled Early,08/01/26 10:17:26.410 PM EDT,$0.00
Dansby Swanson 2.5,MLB-PHRR-FG-02HVDVGGONRVAI8-DAON003-GTE-P00025,Settled Early,08/01/26 10:17:41.114 PM EDT,$0.00
Dansby Swanson 1.5,MLB-PHRR-FG-02HVDVGGONRVAI8-DAON003-GTE-P00015,Settled Early,08/01/26 10:17:41.331 PM EDT,$0.00
Dansby Swanson 3.5,MLB-PHRR-FG-02HVDVGGONRVAI8-DAON003-GTE-P00035,Settled Early,08/01/26 10:17:41.580 PM EDT,$0.00
Dansby Swanson 0.5,MLB-PHRR-FG-02HVDVGGONRVAI8-DAON003-GTE-P00005,Settled Early,08/01/26 10:17:41.809 PM EDT,$0.00
Dansby Swanson 4.5,MLB-PHRR-FG-02HVDVGGONRVAI8-DAON003-GTE-P00045,Settled Early,08/01/26 10:17:41.996 PM EDT,$0.00
Dansby Swanson 5.5,MLB-PHRR-FG-02HVDVGGONRVAI8-DAON003-GTE-P00055,Settled Early,08/01/26 10:17:42.168 PM EDT,$0.00
Dansby Swanson 6.5,MLB-PHRR-FG-02HVDVGGONRVAI8-DAON003-GTE-P00065,Settled Early,08/01/26 10:17:42.338 PM EDT,$0.00
Dansby Swanson 7.5,MLB-PHRR-FG-02HVDVGGONRVAI8-DAON003-GTE-P00075,Settled Early,08/01/26 10:17:42.507 PM EDT,$0.00
Dansby Swanson 8.5,MLB-PHRR-FG-02HVDVGGONRVAI8-DAON003-GTE-P00085,Settled Early,08/01/26 10:17:42.681 PM EDT,$0.00
Dansby Swanson 9.5,MLB-PHRR-FG-02HVDVGGONRVAI8-DAON003-GTE-P00095,Settled Early,08/01/26 10:17:42.854 PM EDT,$0.00
James Triantos 0.5,MLB-PHRR-FG-02HVDVGGONRVAI8-JAOS000-GTE-P00005,Settled Early,08/01/26 10:17:57.510 PM EDT,$0.00
James Triantos 1.5,MLB-PHRR-FG-02HVDVGGONRVAI8-JAOS000-GTE-P00015,Settled Early,08/01/26 10:17:57.707 PM EDT,$0.00
James Triantos 2.5,MLB-PHRR-FG-02HVDVGGONRVAI8-JAOS000-GTE-P00025,Settled Early,08/01/26 10:17:57.927 PM EDT,$0.00
James Triantos 3.5,MLB-PHRR-FG-02HVDVGGONRVAI8-JAOS000-GTE-P00035,Settled Early,08/01/26 10:17:58.135 PM EDT,$0.00
James Triantos 4.5,MLB-PHRR-FG-02HVDVGGONRVAI8-JAOS000-GTE-P00045,Settled Early,08/01/26 10:17:58.345 PM EDT,$0.00
James Triantos 5.5,MLB-PHRR-FG-02HVDVGGONRVAI8-JAOS000-GTE-P00055,Settled Early,08/01/26 10:17:58.520 PM EDT,$0.00
James Triantos 6.5,MLB-PHRR-FG-02HVDVGGONRVAI8-JAOS000-GTE-P00065,Settled Early,08/01/26 10:17:58.740 PM EDT,$0.00
James Triantos 7.5,MLB-PHRR-FG-02HVDVGGONRVAI8-JAOS000-GTE-P00075,Settled Early,08/01/26 10:17:58.933 PM EDT,$0.00
James Triantos 8.5,MLB-PHRR-FG-02HVDVGGONRVAI8-JAOS000-GTE-P00085,Settled Early,08/01/26 10:17:59.132 PM EDT,$0.00
James Triantos 9.5,MLB-PHRR-FG-02HVDVGGONRVAI8-JAOS000-GTE-P00095,Settled Early,08/01/26 10:17:59.329 PM EDT,$0.00
Ben Rice 7.5,MLB-PHRR-FG-02HVDVGGONRVAI8-BECE001-GTE-P00075,Settled Early,08/01/26 10:19:35.867 PM EDT,$0.00
Ben Rice 0.5,MLB-PHRR-FG-02HVDVGGONRVAI8-BECE001-GTE-P00005,Settled Early,08/01/26 10:19:36.063 PM EDT,$0.00
Ben Rice 3.5,MLB-PHRR-FG-02HVDVGGONRVAI8-BECE001-GTE-P00035,Settled Early,08/01/26 10:19:36.297 PM EDT,$0.00
Ben Rice 1.5,MLB-PHRR-FG-02HVDVGGONRVAI8-BECE001-GTE-P00015,Settled Early,08/01/26 10:19:36.502 PM EDT,$0.00
Ben Rice 9.5,MLB-PHRR-FG-02HVDVGGONRVAI8-BECE001-GTE-P00095,Settled Early,08/01/26 10:19:36.729 PM EDT,$0.00
Ben Rice 4.5,MLB-PHRR-FG-02HVDVGGONRVAI8-BECE001-GTE-P00045,Settled Early,08/01/26 10:19:36.896 PM EDT,$0.00
Ben Rice 2.5,MLB-PHRR-FG-02HVDVGGONRVAI8-BECE001-GTE-P00025,Settled Early,08/01/26 10:19:37.072 PM EDT,$0.00
Ben Rice 5.5,MLB-PHRR-FG-02HVDVGGONRVAI8-BECE001-GTE-P00055,Settled Early,08/01/26 10:19:37.241 PM EDT,$0.00
Ben Rice 8.5,MLB-PHRR-FG-02HVDVGGONRVAI8-BECE001-GTE-P00085,Settled Early,08/01/26 10:19:37.406 PM EDT,$0.00
Ben Rice 6.5,MLB-PHRR-FG-02HVDVGGONRVAI8-BECE001-GTE-P00065,Settled Early,08/01/26 10:19:37.581 PM EDT,$0.00
Trent Grisham 1.5,MLB-PHRR-FG-02HVDVGGONRVAI8-TRAM000-GTE-P00015,Settled Early,08/01/26 10:20:09.635 PM EDT,$0.00
Trent Grisham 3.5,MLB-PHRR-FG-02HVDVGGONRVAI8-TRAM000-GTE-P00035,Settled Early,08/01/26 10:20:09.806 PM EDT,$0.00
Trent Grisham 0.5,MLB-PHRR-FG-02HVDVGGONRVAI8-TRAM000-GTE-P00005,Settled Early,08/01/26 10:20:09.982 PM EDT,$0.00
Trent Grisham 5.5,MLB-PHRR-FG-02HVDVGGONRVAI8-TRAM000-GTE-P00055,Settled Early,08/01/26 10:20:10.190 PM EDT,$0.00
Trent Grisham 2.5,MLB-PHRR-FG-02HVDVGGONRVAI8-TRAM000-GTE-P00025,Settled Early,08/01/26 10:20:10.407 PM EDT,$0.00
Trent Grisham 6.5,MLB-PHRR-FG-02HVDVGGONRVAI8-TRAM000-GTE-P00065,Settled Early,08/01/26 10:20:10.619 PM EDT,$0.00
Trent Grisham 4.5,MLB-PHRR-FG-02HVDVGGONRVAI8-TRAM000-GTE-P00045,Settled Early,08/01/26 10:20:10.815 PM EDT,$0.00
Trent Grisham 7.5,MLB-PHRR-FG-02HVDVGGONRVAI8-TRAM000-GTE-P00075,Settled Early,08/01/26 10:20:11.014 PM EDT,$0.00
Trent Grisham 8.5,MLB-PHRR-FG-02HVDVGGONRVAI8-TRAM000-GTE-P00085,Settled Early,08/01/26 10:20:11.185 PM EDT,$0.00
Trent Grisham 9.5,MLB-PHRR-FG-02HVDVGGONRVAI8-TRAM000-GTE-P00095,Settled Early,08/01/26 10:20:11.397 PM EDT,$0.00
Over 3.5,MLB-TRUNS-I8-02HVDCLTONRTDE0-GTE-P00035,Settled Early,08/01/26 10:22:47.188 PM EDT,$1.00
Over 0.5,MLB-TRUNS-I8-02HVDCLTONRTDE0-GTE-P00005,Settled Early,08/01/26 10:22:47.641 PM EDT,$1.00
Over 2.5,MLB-TRUNS-I8-02HVDCLTONRTDE0-GTE-P00025,Settled Early,08/01/26 10:22:47.983 PM EDT,$1.00
Over 4.5,MLB-TRUNS-I8-02HVDCLTONRTDE0-GTE-P00045,Settled Early,08/01/26 10:22:48.415 PM EDT,$0.00
Over 1.5,MLB-TRUNS-I8-02HVDCLTONRTDE0-GTE-P00015,Settled Early,08/01/26 10:22:48.793 PM EDT,$1.00
HOU Astros -1.5,MLB-MOVY-IT5-02HVDCN6ONRTC58-HOOS000-GTE-P00015,Settled Early,08/01/26 10:23:19.790 PM EDT,$1.00
HOU Astros -2.5,MLB-MOVY-IT5-02HVDCN6ONRTC58-HOOS000-GTE-P00025,Settled Early,08/01/26 10:23:20.154 PM EDT,$0.00
HOU Astros -4.5,MLB-MOVY-IT5-02HVDCN6ONRTC58-HOOS000-GTE-P00045,Settled Early,08/01/26 10:23:20.436 PM EDT,$0.00
TEX Rangers -0.5,MLB-MOVY-IT5-02HVDCN6ONRTC58-TERS000-GTE-P00005,Settled Early,08/01/26 10:23:20.662 PM EDT,$0.00
HOU Astros -0.5,MLB-MOVY-IT5-02HVDCN6ONRTC58-HOOS000-GTE-P00005,Settled Early,08/01/26 10:23:21.061 PM EDT,$1.00
TEX Rangers -1.5,MLB-MOVY-IT5-02HVDCN6ONRTC58-TERS000-GTE-P00015,Settled Early,08/01/26 10:23:21.384 PM EDT,$0.00
TEX Rangers -3.5,MLB-MOVY-IT5-02HVDCN6ONRTC58-TERS000-GTE-P00035,Settled Early,08/01/26 10:23:21.548 PM EDT,$0.00
TEX Rangers -4.5,MLB-MOVY-IT5-02HVDCN6ONRTC58-TERS000-GTE-P00045,Settled Early,08/01/26 10:23:21.720 PM EDT,$0.00
TEX Rangers -2.5,MLB-MOVY-IT5-02HVDCN6ONRTC58-TERS000-GTE-P00025,Settled Early,08/01/26 10:23:21.891 PM EDT,$0.00
HOU Astros -3.5,MLB-MOVY-IT5-02HVDCN6ONRTC58-HOOS000-GTE-P00035,Settled Early,08/01/26 10:23:22.094 PM EDT,$0.00
Over 3.5,MLB-TRUNS-I9-02HVDCLTONRTDE0-GTE-P00035,Settled Early,08/01/26 10:23:34.667 PM EDT,$0.00
Over 1.5,MLB-TRUNS-I9-02HVDCLTONRTDE0-GTE-P00015,Settled Early,08/01/26 10:23:34.930 PM EDT,$0.00
Over 0.5,MLB-TRUNS-I9-02HVDCLTONRTDE0-GTE-P00005,Settled Early,08/01/26 10:23:35.186 PM EDT,$0.00
Over 2.5,MLB-TRUNS-I9-02HVDCLTONRTDE0-GTE-P00025,Settled Early,08/01/26 10:23:35.436 PM EDT,$0.00
Over 4.5,MLB-TRUNS-I9-02HVDCLTONRTDE0-GTE-P00045,Settled Early,08/01/26 10:23:35.651 PM EDT,$0.00
Yordan Alvarez 2.5,MLB-PHRR-FG-02HVDCN6ONRTC58-YOEZ000-GTE-P00025,Settled Early,08/01/26 10:23:49.374 PM EDT,$1.00
Yordan Alvarez 4.5,MLB-PHRR-FG-02HVDCN6ONRTC58-YOEZ000-GTE-P00045,Settled Early,08/01/26 10:23:49.830 PM EDT,$0.00
Yordan Alvarez 1.5,MLB-PHRR-FG-02HVDCN6ONRTC58-YOEZ000-GTE-P00015,Settled Early,08/01/26 10:23:50.110 PM EDT,$1.00
Yordan Alvarez 3.5,MLB-PHRR-FG-02HVDCN6ONRTC58-YOEZ000-GTE-P00035,Settled Early,08/01/26 10:23:50.510 PM EDT,$0.00
Yordan Alvarez 0.5,MLB-PHRR-FG-02HVDCN6ONRTC58-YOEZ000-GTE-P00005,Settled Early,08/01/26 10:23:50.757 PM EDT,$1.00
Yordan Alvarez 5.5,MLB-PHRR-FG-02HVDCN6ONRTC58-YOEZ000-GTE-P00055,Settled Early,08/01/26 10:23:51.000 PM EDT,$0.00
Yordan Alvarez 6.5,MLB-PHRR-FG-02HVDCN6ONRTC58-YOEZ000-GTE-P00065,Settled Early,08/01/26 10:23:51.219 PM EDT,$0.00
Yordan Alvarez 7.5,MLB-PHRR-FG-02HVDCN6ONRTC58-YOEZ000-GTE-P00075,Settled Early,08/01/26 10:23:51.441 PM EDT,$0.00
Yordan Alvarez 8.5,MLB-PHRR-FG-02HVDCN6ONRTC58-YOEZ000-GTE-P00085,Settled Early,08/01/26 10:23:51.633 PM EDT,$0.00
Yordan Alvarez 9.5,MLB-PHRR-FG-02HVDCN6ONRTC58-YOEZ000-GTE-P00095,Settled Early,08/01/26 10:23:51.816 PM EDT,$0.00
Tyler O'Neill 5.5,MLB-PHRR-FG-02HVDCLTONRTDE0-TYLL000-GTE-P00055,Settled Early,08/01/26 10:24:06.652 PM EDT,$0.00
Tyler O'Neill 6.5,MLB-PHRR-FG-02HVDCLTONRTDE0-TYLL000-GTE-P00065,Settled Early,08/01/26 10:24:06.880 PM EDT,$0.00
Tyler O'Neill 8.5,MLB-PHRR-FG-02HVDCLTONRTDE0-TYLL000-GTE-P00085,Settled Early,08/01/26 10:24:07.104 PM EDT,$0.00
Tyler O'Neill 7.5,MLB-PHRR-FG-02HVDCLTONRTDE0-TYLL000-GTE-P00075,Settled Early,08/01/26 10:24:07.331 PM EDT,$0.00
Tyler O'Neill 9.5,MLB-PHRR-FG-02HVDCLTONRTDE0-TYLL000-GTE-P00095,Settled Early,08/01/26 10:24:07.534 PM EDT,$0.00
Tyler O'Neill 1.5,MLB-PHRR-FG-02HVDCLTONRTDE0-TYLL000-GTE-P00015,Settled Early,08/01/26 10:24:07.736 PM EDT,$0.00
Tyler O'Neill 0.5,MLB-PHRR-FG-02HVDCLTONRTDE0-TYLL000-GTE-P00005,Settled Early,08/01/26 10:24:08.039 PM EDT,$1.00
Tyler O'Neill 2.5,MLB-PHRR-FG-02HVDCLTONRTDE0-TYLL000-GTE-P00025,Settled Early,08/01/26 10:24:08.266 PM EDT,$0.00
Tyler O'Neill 3.5,MLB-PHRR-FG-02HVDCLTONRTDE0-TYLL000-GTE-P00035,Settled Early,08/01/26 10:24:08.497 PM EDT,$0.00
Tyler O'Neill 4.5,MLB-PHRR-FG-02HVDCLTONRTDE0-TYLL000-GTE-P00045,Settled Early,08/01/26 10:24:08.664 PM EDT,$0.00
Jose Altuve 1.5,MLB-PHRR-FG-02HVDCN6ONRTC58-JOVE001-GTE-P00015,Settled Early,08/01/26 10:24:15.661 PM EDT,$0.00
Jose Altuve 7.5,MLB-PHRR-FG-02HVDCN6ONRTC58-JOVE001-GTE-P00075,Settled Early,08/01/26 10:24:16.019 PM EDT,$0.00
Jose Altuve 0.5,MLB-PHRR-FG-02HVDCN6ONRTC58-JOVE001-GTE-P00005,Settled Early,08/01/26 10:24:16.284 PM EDT,$1.00
Jose Altuve 4.5,MLB-PHRR-FG-02HVDCN6ONRTC58-JOVE001-GTE-P00045,Settled Early,08/01/26 10:24:16.511 PM EDT,$0.00
Jose Altuve 9.5,MLB-PHRR-FG-02HVDCN6ONRTC58-JOVE001-GTE-P00095,Settled Early,08/01/26 10:24:16.733 PM EDT,$0.00
Jose Altuve 8.5,MLB-PHRR-FG-02HVDCN6ONRTC58-JOVE001-GTE-P00085,Settled Early,08/01/26 10:24:16.962 PM EDT,$0.00
Jose Altuve 3.5,MLB-PHRR-FG-02HVDCN6ONRTC58-JOVE001-GTE-P00035,Settled Early,08/01/26 10:24:17.160 PM EDT,$0.00
Jose Altuve 2.5,MLB-PHRR-FG-02HVDCN6ONRTC58-JOVE001-GTE-P00025,Settled Early,08/01/26 10:24:17.333 PM EDT,$0.00
Jose Altuve 5.5,MLB-PHRR-FG-02HVDCN6ONRTC58-JOVE001-GTE-P00055,Settled Early,08/01/26 10:24:17.587 PM EDT,$0.00
Jose Altuve 6.5,MLB-PHRR-FG-02HVDCN6ONRTC58-JOVE001-GTE-P00065,Settled Early,08/01/26 10:24:17.768 PM EDT,$0.00
Taylor Trammell 8.5,MLB-PHRR-FG-02HVDCN6ONRTC58-TALL000-GTE-P00085,Settled Early,08/01/26 10:24:39.941 PM EDT,$0.00
Taylor Trammell 0.5,MLB-PHRR-FG-02HVDCN6ONRTC58-TALL000-GTE-P00005,Settled Early,08/01/26 10:24:40.191 PM EDT,$1.00
Taylor Trammell 7.5,MLB-PHRR-FG-02HVDCN6ONRTC58-TALL000-GTE-P00075,Settled Early,08/01/26 10:24:40.446 PM EDT,$0.00
Taylor Trammell 2.5,MLB-PHRR-FG-02HVDCN6ONRTC58-TALL000-GTE-P00025,Settled Early,08/01/26 10:24:40.682 PM EDT,$1.00
Taylor Trammell 1.5,MLB-PHRR-FG-02HVDCN6ONRTC58-TALL000-GTE-P00015,Settled Early,08/01/26 10:24:40.878 PM EDT,$1.00
Taylor Trammell 6.5,MLB-PHRR-FG-02HVDCN6ONRTC58-TALL000-GTE-P00065,Settled Early,08/01/26 10:24:41.116 PM EDT,$0.00
Taylor Trammell 5.5,MLB-PHRR-FG-02HVDCN6ONRTC58-TALL000-GTE-P00055,Settled Early,08/01/26 10:24:41.318 PM EDT,$0.00
Taylor Trammell 4.5,MLB-PHRR-FG-02HVDCN6ONRTC58-TALL000-GTE-P00045,Settled Early,08/01/26 10:24:41.513 PM EDT,$0.00
Taylor Trammell 3.5,MLB-PHRR-FG-02HVDCN6ONRTC58-TALL000-GTE-P00035,Settled Early,08/01/26 10:24:41.714 PM EDT,$0.00
Kyle Schwarber 2.5,MLB-PHRR-FG-02HVDCLTONRTDE0-KYER003-GTE-P00025,Settled Early,08/01/26 10:24:41.841 PM EDT,$0.00
Taylor Trammell 9.5,MLB-PHRR-FG-02HVDCN6ONRTC58-TALL000-GTE-P00095,Settled Early,08/01/26 10:24:41.981 PM EDT,$0.00
Kyle Schwarber 6.5,MLB-PHRR-FG-02HVDCLTONRTDE0-KYER003-GTE-P00065,Settled Early,08/01/26 10:24:42.074 PM EDT,$0.00
Kyle Schwarber 5.5,MLB-PHRR-FG-02HVDCLTONRTDE0-KYER003-GTE-P00055,Settled Early,08/01/26 10:24:42.293 PM EDT,$0.00
Kyle Schwarber 9.5,MLB-PHRR-FG-02HVDCLTONRTDE0-KYER003-GTE-P00095,Settled Early,08/01/26 10:24:42.514 PM EDT,$0.00
Kyle Schwarber 3.5,MLB-PHRR-FG-02HVDCLTONRTDE0-KYER003-GTE-P00035,Settled Early,08/01/26 10:24:42.733 PM EDT,$0.00
Kyle Schwarber 7.5,MLB-PHRR-FG-02HVDCLTONRTDE0-KYER003-GTE-P00075,Settled Early,08/01/26 10:24:43.024 PM EDT,$0.00
Kyle Schwarber 4.5,MLB-PHRR-FG-02HVDCLTONRTDE0-KYER003-GTE-P00045,Settled Early,08/01/26 10:24:43.288 PM EDT,$0.00
Kyle Schwarber 0.5,MLB-PHRR-FG-02HVDCLTONRTDE0-KYER003-GTE-P00005,Settled Early,08/01/26 10:24:43.505 PM EDT,$1.00
Kyle Schwarber 1.5,MLB-PHRR-FG-02HVDCLTONRTDE0-KYER003-GTE-P00015,Settled Early,08/01/26 10:24:43.743 PM EDT,$0.00
Kyle Schwarber 8.5,MLB-PHRR-FG-02HVDCLTONRTDE0-KYER003-GTE-P00085,Settled Early,08/01/26 10:24:44.036 PM EDT,$0.00
Alec Bohm 9.5,MLB-PHRR-FG-02HVDCLTONRTDE0-ALHM000-GTE-P00095,Settled Early,08/01/26 10:25:06.485 PM EDT,$0.00
Alec Bohm 4.5,MLB-PHRR-FG-02HVDCLTONRTDE0-ALHM000-GTE-P00045,Settled Early,08/01/26 10:25:06.740 PM EDT,$0.00
Alec Bohm 1.5,MLB-PHRR-FG-02HVDCLTONRTDE0-ALHM000-GTE-P00015,Settled Early,08/01/26 10:25:06.962 PM EDT,$1.00
Alec Bohm 7.5,MLB-PHRR-FG-02HVDCLTONRTDE0-ALHM000-GTE-P00075,Settled Early,08/01/26 10:25:07.254 PM EDT,$0.00
Alec Bohm 2.5,MLB-PHRR-FG-02HVDCLTONRTDE0-ALHM000-GTE-P00025,Settled Early,08/01/26 10:25:07.493 PM EDT,$0.00
Alec Bohm 8.5,MLB-PHRR-FG-02HVDCLTONRTDE0-ALHM000-GTE-P00085,Settled Early,08/01/26 10:25:07.662 PM EDT,$0.00
Alec Bohm 0.5,MLB-PHRR-FG-02HVDCLTONRTDE0-ALHM000-GTE-P00005,Settled Early,08/01/26 10:25:07.870 PM EDT,$1.00
Alec Bohm 6.5,MLB-PHRR-FG-02HVDCLTONRTDE0-ALHM000-GTE-P00065,Settled Early,08/01/26 10:25:08.105 PM EDT,$0.00
Alec Bohm 3.5,MLB-PHRR-FG-02HVDCLTONRTDE0-ALHM000-GTE-P00035,Settled Early,08/01/26 10:25:08.321 PM EDT,$0.00
Yainer Diaz 8.5,MLB-PHRR-FG-02HVDCN6ONRTC58-YAAZ001-GTE-P00085,Settled Early,08/01/26 10:25:08.466 PM EDT,$0.00
Alec Bohm 5.5,MLB-PHRR-FG-02HVDCLTONRTDE0-ALHM000-GTE-P00055,Settled Early,08/01/26 10:25:08.512 PM EDT,$0.00
Yainer Diaz 9.5,MLB-PHRR-FG-02HVDCN6ONRTC58-YAAZ001-GTE-P00095,Settled Early,08/01/26 10:25:08.646 PM EDT,$0.00
Yainer Diaz 1.5,MLB-PHRR-FG-02HVDCN6ONRTC58-YAAZ001-GTE-P00015,Settled Early,08/01/26 10:25:08.814 PM EDT,$0.00
Yainer Diaz 3.5,MLB-PHRR-FG-02HVDCN6ONRTC58-YAAZ001-GTE-P00035,Settled Early,08/01/26 10:25:09.090 PM EDT,$0.00
Yainer Diaz 2.5,MLB-PHRR-FG-02HVDCN6ONRTC58-YAAZ001-GTE-P00025,Settled Early,08/01/26 10:25:09.330 PM EDT,$0.00
Yainer Diaz 0.5,MLB-PHRR-FG-02HVDCN6ONRTC58-YAAZ001-GTE-P00005,Settled Early,08/01/26 10:25:09.575 PM EDT,$0.00
Yainer Diaz 7.5,MLB-PHRR-FG-02HVDCN6ONRTC58-YAAZ001-GTE-P00075,Settled Early,08/01/26 10:25:09.741 PM EDT,$0.00
Yainer Diaz 5.5,MLB-PHRR-FG-02HVDCN6ONRTC58-YAAZ001-GTE-P00055,Settled Early,08/01/26 10:25:09.934 PM EDT,$0.00
Yainer Diaz 6.5,MLB-PHRR-FG-02HVDCN6ONRTC58-YAAZ001-GTE-P00065,Settled Early,08/01/26 10:25:10.105 PM EDT,$0.00
Yainer Diaz 4.5,MLB-PHRR-FG-02HVDCN6ONRTC58-YAAZ001-GTE-P00045,Settled Early,08/01/26 10:25:10.339 PM EDT,$0.00
Over 1.5,MLB-TRUNS-I6-02HVDCN6ONRTC58-GTE-P00015,Settled Early,08/01/26 10:25:27.113 PM EDT,$0.00
Over 4.5,MLB-TRUNS-I6-02HVDCN6ONRTC58-GTE-P00045,Settled Early,08/01/26 10:25:27.419 PM EDT,$0.00
Over 0.5,MLB-TRUNS-I6-02HVDCN6ONRTC58-GTE-P00005,Settled Early,08/01/26 10:25:27.670 PM EDT,$1.00
Over 2.5,MLB-TRUNS-I6-02HVDCN6ONRTC58-GTE-P00025,Settled Early,08/01/26 10:25:27.956 PM EDT,$0.00
Over 3.5,MLB-TRUNS-I6-02HVDCN6ONRTC58-GTE-P00035,Settled Early,08/01/26 10:25:28.178 PM EDT,$0.00
Over 1.5,MLB-TRUNS-I8-02HVDCN6ONRTC58-GTE-P00015,Settled Early,08/01/26 10:25:44.791 PM EDT,$0.00
Over 4.5,MLB-TRUNS-I8-02HVDCN6ONRTC58-GTE-P00045,Settled Early,08/01/26 10:25:45.047 PM EDT,$0.00
Over 2.5,MLB-TRUNS-I8-02HVDCN6ONRTC58-GTE-P00025,Settled Early,08/01/26 10:25:45.262 PM EDT,$0.00
Over 0.5,MLB-TRUNS-I8-02HVDCN6ONRTC58-GTE-P00005,Settled Early,08/01/26 10:25:45.489 PM EDT,$0.00
Over 3.5,MLB-TRUNS-I8-02HVDCN6ONRTC58-GTE-P00035,Settled Early,08/01/26 10:25:45.776 PM EDT,$0.00
Christian Encarnacion-Strand 5.5,MLB-PHRR-FG-02HVDCLTONRTDE0-CHND000-GTE-P00055,Settled Early,08/01/26 10:26:00.734 PM EDT,$0.00
Christian Encarnacion-Strand 6.5,MLB-PHRR-FG-02HVDCLTONRTDE0-CHND000-GTE-P00065,Settled Early,08/01/26 10:26:00.987 PM EDT,$0.00
Christian Encarnacion-Strand 7.5,MLB-PHRR-FG-02HVDCLTONRTDE0-CHND000-GTE-P00075,Settled Early,08/01/26 10:26:01.212 PM EDT,$0.00
Christian Encarnacion-Strand 8.5,MLB-PHRR-FG-02HVDCLTONRTDE0-CHND000-GTE-P00085,Settled Early,08/01/26 10:26:01.507 PM EDT,$0.00
Christian Encarnacion-Strand 9.5,MLB-PHRR-FG-02HVDCLTONRTDE0-CHND000-GTE-P00095,Settled Early,08/01/26 10:26:01.745 PM EDT,$0.00
Christian Encarnacion-Strand 3.5,MLB-PHRR-FG-02HVDCLTONRTDE0-CHND000-GTE-P00035,Settled Early,08/01/26 10:26:01.918 PM EDT,$0.00
Christian Encarnacion-Strand 2.5,MLB-PHRR-FG-02HVDCLTONRTDE0-CHND000-GTE-P00025,Settled Early,08/01/26 10:26:02.123 PM EDT,$0.00
Christian Encarnacion-Strand 4.5,MLB-PHRR-FG-02HVDCLTONRTDE0-CHND000-GTE-P00045,Settled Early,08/01/26 10:26:02.348 PM EDT,$0.00
Christian Encarnacion-Strand 0.5,MLB-PHRR-FG-02HVDCLTONRTDE0-CHND000-GTE-P00005,Settled Early,08/01/26 10:26:02.539 PM EDT,$0.00
Christian Encarnacion-Strand 1.5,MLB-PHRR-FG-02HVDCLTONRTDE0-CHND000-GTE-P00015,Settled Early,08/01/26 10:26:02.741 PM EDT,$0.00
Elias Diaz 7.5,MLB-PHRR-FG-02HVDCN6ONRTC58-ELAZ000-GTE-P00075,Settled Early,08/01/26 10:26:08.752 PM EDT,$0.00
Elias Diaz 8.5,MLB-PHRR-FG-02HVDCN6ONRTC58-ELAZ000-GTE-P00085,Settled Early,08/01/26 10:26:09.041 PM EDT,$0.00
Elias Diaz 9.5,MLB-PHRR-FG-02HVDCN6ONRTC58-ELAZ000-GTE-P00095,Settled Early,08/01/26 10:26:09.292 PM EDT,$0.00
Elias Diaz 0.5,MLB-PHRR-FG-02HVDCN6ONRTC58-ELAZ000-GTE-P00005,Settled Early,08/01/26 10:26:09.657 PM EDT,$1.00
Elias Diaz 6.5,MLB-PHRR-FG-02HVDCN6ONRTC58-ELAZ000-GTE-P00065,Settled Early,08/01/26 10:26:09.910 PM EDT,$0.00
Elias Diaz 4.5,MLB-PHRR-FG-02HVDCN6ONRTC58-ELAZ000-GTE-P00045,Settled Early,08/01/26 10:26:10.244 PM EDT,$0.00
Elias Diaz 1.5,MLB-PHRR-FG-02HVDCN6ONRTC58-ELAZ000-GTE-P00015,Settled Early,08/01/26 10:26:10.580 PM EDT,$1.00
Elias Diaz 2.5,MLB-PHRR-FG-02HVDCN6ONRTC58-ELAZ000-GTE-P00025,Settled Early,08/01/26 10:26:10.901 PM EDT,$1.00
Elias Diaz 3.5,MLB-PHRR-FG-02HVDCN6ONRTC58-ELAZ000-GTE-P00035,Settled Early,08/01/26 10:26:11.118 PM EDT,$1.00
Elias Diaz 5.5,MLB-PHRR-FG-02HVDCN6ONRTC58-ELAZ000-GTE-P00055,Settled Early,08/01/26 10:26:11.380 PM EDT,$0.00
Over 1.5,MLB-TRUNS-I7-02HVDCN6ONRTC58-GTE-P00015,Settled Early,08/01/26 10:26:28.781 PM EDT,$0.00
Over 3.5,MLB-TRUNS-I7-02HVDCN6ONRTC58-GTE-P00035,Settled Early,08/01/26 10:26:29.029 PM EDT,$0.00
Over 0.5,MLB-TRUNS-I7-02HVDCN6ONRTC58-GTE-P00005,Settled Early,08/01/26 10:26:29.293 PM EDT,$0.00
Over 2.5,MLB-TRUNS-I7-02HVDCN6ONRTC58-GTE-P00025,Settled Early,08/01/26 10:26:29.739 PM EDT,$0.00
Over 4.5,MLB-TRUNS-I7-02HVDCN6ONRTC58-GTE-P00045,Settled Early,08/01/26 10:26:29.948 PM EDT,$0.00
Isaac Paredes 4.5,MLB-PHRR-FG-02HVDCN6ONRTC58-ISES000-GTE-P00045,Settled Early,08/01/26 10:26:46.689 PM EDT,$0.00
Isaac Paredes 7.5,MLB-PHRR-FG-02HVDCN6ONRTC58-ISES000-GTE-P00075,Settled Early,08/01/26 10:26:46.966 PM EDT,$0.00
Isaac Paredes 2.5,MLB-PHRR-FG-02HVDCN6ONRTC58-ISES000-GTE-P00025,Settled Early,08/01/26 10:26:47.182 PM EDT,$0.00
Isaac Paredes 6.5,MLB-PHRR-FG-02HVDCN6ONRTC58-ISES000-GTE-P00065,Settled Early,08/01/26 10:26:47.384 PM EDT,$0.00
Isaac Paredes 5.5,MLB-PHRR-FG-02HVDCN6ONRTC58-ISES000-GTE-P00055,Settled Early,08/01/26 10:26:47.583 PM EDT,$0.00
Isaac Paredes 8.5,MLB-PHRR-FG-02HVDCN6ONRTC58-ISES000-GTE-P00085,Settled Early,08/01/26 10:26:47.818 PM EDT,$0.00
Isaac Paredes 9.5,MLB-PHRR-FG-02HVDCN6ONRTC58-ISES000-GTE-P00095,Settled Early,08/01/26 10:26:48.038 PM EDT,$0.00
Isaac Paredes 1.5,MLB-PHRR-FG-02HVDCN6ONRTC58-ISES000-GTE-P00015,Settled Early,08/01/26 10:26:48.261 PM EDT,$0.00
Isaac Paredes 0.5,MLB-PHRR-FG-02HVDCN6ONRTC58-ISES000-GTE-P00005,Settled Early,08/01/26 10:26:48.444 PM EDT,$1.00
Isaac Paredes 3.5,MLB-PHRR-FG-02HVDCN6ONRTC58-ISES000-GTE-P00035,Settled Early,08/01/26 10:26:48.636 PM EDT,$0.00
Over 2.5,MLB-TRUNS-I9-02HVDCN6ONRTC58-GTE-P00025,Settled Early,08/01/26 10:27:03.011 PM EDT,$0.00
Over 0.5,MLB-TRUNS-I9-02HVDCN6ONRTC58-GTE-P00005,Settled Early,08/01/26 10:27:03.240 PM EDT,$0.00
Over 1.5,MLB-TRUNS-I9-02HVDCN6ONRTC58-GTE-P00015,Settled Early,08/01/26 10:27:03.512 PM EDT,$0.00
Over 3.5,MLB-TRUNS-I9-02HVDCN6ONRTC58-GTE-P00035,Settled Early,08/01/26 10:27:03.734 PM EDT,$0.00
Over 4.5,MLB-TRUNS-I9-02HVDCN6ONRTC58-GTE-P00045,Settled Early,08/01/26 10:27:03.907 PM EDT,$0.00
Leody Taveras 5.5,MLB-PHRR-FG-02HVDCLTONRTDE0-LEAS001-GTE-P00055,Settled Early,08/01/26 10:27:12.019 PM EDT,$0.00
Leody Taveras 6.5,MLB-PHRR-FG-02HVDCLTONRTDE0-LEAS001-GTE-P00065,Settled Early,08/01/26 10:27:12.249 PM EDT,$0.00
Leody Taveras 1.5,MLB-PHRR-FG-02HVDCLTONRTDE0-LEAS001-GTE-P00015,Settled Early,08/01/26 10:27:12.467 PM EDT,$0.00
Leody Taveras 0.5,MLB-PHRR-FG-02HVDCLTONRTDE0-LEAS001-GTE-P00005,Settled Early,08/01/26 10:27:12.708 PM EDT,$0.00
Leody Taveras 2.5,MLB-PHRR-FG-02HVDCLTONRTDE0-LEAS001-GTE-P00025,Settled Early,08/01/26 10:27:12.925 PM EDT,$0.00
Leody Taveras 4.5,MLB-PHRR-FG-02HVDCLTONRTDE0-LEAS001-GTE-P00045,Settled Early,08/01/26 10:27:13.149 PM EDT,$0.00
Leody Taveras 3.5,MLB-PHRR-FG-02HVDCLTONRTDE0-LEAS001-GTE-P00035,Settled Early,08/01/26 10:27:13.350 PM EDT,$0.00
Leody Taveras 7.5,MLB-PHRR-FG-02HVDCLTONRTDE0-LEAS001-GTE-P00075,Settled Early,08/01/26 10:27:13.559 PM EDT,$0.00
Leody Taveras 8.5,MLB-PHRR-FG-02HVDCLTONRTDE0-LEAS001-GTE-P00085,Settled Early,08/01/26 10:27:13.730 PM EDT,$0.00
Leody Taveras 9.5,MLB-PHRR-FG-02HVDCLTONRTDE0-LEAS001-GTE-P00095,Settled Early,08/01/26 10:27:13.913 PM EDT,$0.00
Wyatt Langford 3.5,MLB-PHRR-FG-02HVDCN6ONRTC58-WYRD000-GTE-P00035,Settled Early,08/01/26 10:27:17.689 PM EDT,$0.00
Wyatt Langford 2.5,MLB-PHRR-FG-02HVDCN6ONRTC58-WYRD000-GTE-P00025,Settled Early,08/01/26 10:27:17.945 PM EDT,$1.00
Wyatt Langford 1.5,MLB-PHRR-FG-02HVDCN6ONRTC58-WYRD000-GTE-P00015,Settled Early,08/01/26 10:27:18.205 PM EDT,$1.00
Wyatt Langford 0.5,MLB-PHRR-FG-02HVDCN6ONRTC58-WYRD000-GTE-P00005,Settled Early,08/01/26 10:27:18.541 PM EDT,$1.00
Wyatt Langford 4.5,MLB-PHRR-FG-02HVDCN6ONRTC58-WYRD000-GTE-P00045,Settled Early,08/01/26 10:27:18.716 PM EDT,$0.00
Wyatt Langford 5.5,MLB-PHRR-FG-02HVDCN6ONRTC58-WYRD000-GTE-P00055,Settled Early,08/01/26 10:27:18.950 PM EDT,$0.00
Wyatt Langford 7.5,MLB-PHRR-FG-02HVDCN6ONRTC58-WYRD000-GTE-P00075,Settled Early,08/01/26 10:27:19.146 PM EDT,$0.00
Wyatt Langford 8.5,MLB-PHRR-FG-02HVDCN6ONRTC58-WYRD000-GTE-P00085,Settled Early,08/01/26 10:27:19.359 PM EDT,$0.00
Wyatt Langford 6.5,MLB-PHRR-FG-02HVDCN6ONRTC58-WYRD000-GTE-P00065,Settled Early,08/01/26 10:27:19.527 PM EDT,$0.00
Wyatt Langford 9.5,MLB-PHRR-FG-02HVDCN6ONRTC58-WYRD000-GTE-P00095,Settled Early,08/01/26 10:27:19.720 PM EDT,$0.00
Evan Carter 2.5,MLB-PHRR-FG-02HVDCN6ONRTC58-EVER000-GTE-P00025,Settled Early,08/01/26 10:27:38.490 PM EDT,$0.00
Evan Carter 9.5,MLB-PHRR-FG-02HVDCN6ONRTC58-EVER000-GTE-P00095,Settled Early,08/01/26 10:27:38.774 PM EDT,$0.00
Evan Carter 8.5,MLB-PHRR-FG-02HVDCN6ONRTC58-EVER000-GTE-P00085,Settled Early,08/01/26 10:27:38.985 PM EDT,$0.00
Evan Carter 7.5,MLB-PHRR-FG-02HVDCN6ONRTC58-EVER000-GTE-P00075,Settled Early,08/01/26 10:27:39.203 PM EDT,$0.00
Evan Carter 0.5,MLB-PHRR-FG-02HVDCN6ONRTC58-EVER000-GTE-P00005,Settled Early,08/01/26 10:27:39.435 PM EDT,$1.00
Evan Carter 5.5,MLB-PHRR-FG-02HVDCN6ONRTC58-EVER000-GTE-P00055,Settled Early,08/01/26 10:27:39.627 PM EDT,$0.00
Evan Carter 1.5,MLB-PHRR-FG-02HVDCN6ONRTC58-EVER000-GTE-P00015,Settled Early,08/01/26 10:27:39.838 PM EDT,$0.00
Evan Carter 3.5,MLB-PHRR-FG-02HVDCN6ONRTC58-EVER000-GTE-P00035,Settled Early,08/01/26 10:27:40.043 PM EDT,$0.00
Evan Carter 4.5,MLB-PHRR-FG-02HVDCN6ONRTC58-EVER000-GTE-P00045,Settled Early,08/01/26 10:27:40.223 PM EDT,$0.00
Evan Carter 6.5,MLB-PHRR-FG-02HVDCN6ONRTC58-EVER000-GTE-P00065,Settled Early,08/01/26 10:27:40.390 PM EDT,$0.00
Jake Burger 0.5,MLB-PHRR-FG-02HVDCN6ONRTC58-JAER001-GTE-P00005,Settled Early,08/01/26 10:27:57.370 PM EDT,$0.00
Jake Burger 9.5,MLB-PHRR-FG-02HVDCN6ONRTC58-JAER001-GTE-P00095,Settled Early,08/01/26 10:27:57.582 PM EDT,$0.00
Jake Burger 7.5,MLB-PHRR-FG-02HVDCN6ONRTC58-JAER001-GTE-P00075,Settled Early,08/01/26 10:27:57.810 PM EDT,$0.00
Jake Burger 1.5,MLB-PHRR-FG-02HVDCN6ONRTC58-JAER001-GTE-P00015,Settled Early,08/01/26 10:27:58.031 PM EDT,$0.00
Jake Burger 3.5,MLB-PHRR-FG-02HVDCN6ONRTC58-JAER001-GTE-P00035,Settled Early,08/01/26 10:27:58.264 PM EDT,$0.00
Jake Burger 4.5,MLB-PHRR-FG-02HVDCN6ONRTC58-JAER001-GTE-P00045,Settled Early,08/01/26 10:27:58.466 PM EDT,$0.00
Jake Burger 8.5,MLB-PHRR-FG-02HVDCN6ONRTC58-JAER001-GTE-P00085,Settled Early,08/01/26 10:27:58.674 PM EDT,$0.00
Jake Burger 6.5,MLB-PHRR-FG-02HVDCN6ONRTC58-JAER001-GTE-P00065,Settled Early,08/01/26 10:27:58.840 PM EDT,$0.00
Jake Burger 5.5,MLB-PHRR-FG-02HVDCN6ONRTC58-JAER001-GTE-P00055,Settled Early,08/01/26 10:27:59.048 PM EDT,$0.00
Jake Burger 2.5,MLB-PHRR-FG-02HVDCN6ONRTC58-JAER001-GTE-P00025,Settled Early,08/01/26 10:27:59.242 PM EDT,$0.00
Lucas Spence 8.5,MLB-PHRR-FG-02HVDCN6ONRTC58-LUCE000-GTE-P00085,Settled Early,08/01/26 10:28:15.818 PM EDT,$0.00
Lucas Spence 6.5,MLB-PHRR-FG-02HVDCN6ONRTC58-LUCE000-GTE-P00065,Settled Early,08/01/26 10:28:16.071 PM EDT,$0.00
Lucas Spence 9.5,MLB-PHRR-FG-02HVDCN6ONRTC58-LUCE000-GTE-P00095,Settled Early,08/01/26 10:28:16.310 PM EDT,$0.00
Lucas Spence 7.5,MLB-PHRR-FG-02HVDCN6ONRTC58-LUCE000-GTE-P00075,Settled Early,08/01/26 10:28:16.553 PM EDT,$0.00
Lucas Spence 4.5,MLB-PHRR-FG-02HVDCN6ONRTC58-LUCE000-GTE-P00045,Settled Early,08/01/26 10:28:16.802 PM EDT,$0.00
Lucas Spence 5.5,MLB-PHRR-FG-02HVDCN6ONRTC58-LUCE000-GTE-P00055,Settled Early,08/01/26 10:28:16.975 PM EDT,$0.00
Lucas Spence 0.5,MLB-PHRR-FG-02HVDCN6ONRTC58-LUCE000-GTE-P00005,Settled Early,08/01/26 10:28:17.167 PM EDT,$0.00
Lucas Spence 2.5,MLB-PHRR-FG-02HVDCN6ONRTC58-LUCE000-GTE-P00025,Settled Early,08/01/26 10:28:17.382 PM EDT,$0.00
Lucas Spence 1.5,MLB-PHRR-FG-02HVDCN6ONRTC58-LUCE000-GTE-P00015,Settled Early,08/01/26 10:28:17.569 PM EDT,$0.00
Lucas Spence 3.5,MLB-PHRR-FG-02HVDCN6ONRTC58-LUCE000-GTE-P00035,Settled Early,08/01/26 10:28:17.767 PM EDT,$0.00
Nicky Lopez 1.5,MLB-PHRR-FG-02HVDCN6ONRTC58-NIEZ000-GTE-P00015,Settled Early,08/01/26 10:28:34.772 PM EDT,$0.00
Nicky Lopez 0.5,MLB-PHRR-FG-02HVDCN6ONRTC58-NIEZ000-GTE-P00005,Settled Early,08/01/26 10:28:34.996 PM EDT,$0.00
Nicky Lopez 2.5,MLB-PHRR-FG-02HVDCN6ONRTC58-NIEZ000-GTE-P00025,Settled Early,08/01/26 10:28:35.227 PM EDT,$0.00
Nicky Lopez 5.5,MLB-PHRR-FG-02HVDCN6ONRTC58-NIEZ000-GTE-P00055,Settled Early,08/01/26 10:28:35.441 PM EDT,$0.00
Nicky Lopez 3.5,MLB-PHRR-FG-02HVDCN6ONRTC58-NIEZ000-GTE-P00035,Settled Early,08/01/26 10:28:35.628 PM EDT,$0.00
Nicky Lopez 6.5,MLB-PHRR-FG-02HVDCN6ONRTC58-NIEZ000-GTE-P00065,Settled Early,08/01/26 10:28:35.829 PM EDT,$0.00
Nicky Lopez 9.5,MLB-PHRR-FG-02HVDCN6ONRTC58-NIEZ000-GTE-P00095,Settled Early,08/01/26 10:28:36.038 PM EDT,$0.00
Nicky Lopez 8.5,MLB-PHRR-FG-02HVDCN6ONRTC58-NIEZ000-GTE-P00085,Settled Early,08/01/26 10:28:36.248 PM EDT,$0.00
Nicky Lopez 7.5,MLB-PHRR-FG-02HVDCN6ONRTC58-NIEZ000-GTE-P00075,Settled Early,08/01/26 10:28:36.445 PM EDT,$0.00
Nicky Lopez 4.5,MLB-PHRR-FG-02HVDCN6ONRTC58-NIEZ000-GTE-P00045,Settled Early,08/01/26 10:28:36.617 PM EDT,$0.00
Alejandro Osuna 2.5,MLB-PHRR-FG-02HVDCN6ONRTC58-ALNA001-GTE-P00025,Settled Early,08/01/26 10:28:50.512 PM EDT,$0.00
Alejandro Osuna 3.5,MLB-PHRR-FG-02HVDCN6ONRTC58-ALNA001-GTE-P00035,Settled Early,08/01/26 10:28:50.817 PM EDT,$0.00
Alejandro Osuna 6.5,MLB-PHRR-FG-02HVDCN6ONRTC58-ALNA001-GTE-P00065,Settled Early,08/01/26 10:28:51.055 PM EDT,$0.00
Alejandro Osuna 9.5,MLB-PHRR-FG-02HVDCN6ONRTC58-ALNA001-GTE-P00095,Settled Early,08/01/26 10:28:51.306 PM EDT,$0.00
Alejandro Osuna 1.5,MLB-PHRR-FG-02HVDCN6ONRTC58-ALNA001-GTE-P00015,Settled Early,08/01/26 10:28:51.517 PM EDT,$1.00
Alejandro Osuna 8.5,MLB-PHRR-FG-02HVDCN6ONRTC58-ALNA001-GTE-P00085,Settled Early,08/01/26 10:28:51.726 PM EDT,$0.00
Alejandro Osuna 0.5,MLB-PHRR-FG-02HVDCN6ONRTC58-ALNA001-GTE-P00005,Settled Early,08/01/26 10:28:51.932 PM EDT,$1.00
Alejandro Osuna 7.5,MLB-PHRR-FG-02HVDCN6ONRTC58-ALNA001-GTE-P00075,Settled Early,08/01/26 10:28:52.120 PM EDT,$0.00
Alejandro Osuna 5.5,MLB-PHRR-FG-02HVDCN6ONRTC58-ALNA001-GTE-P00055,Settled Early,08/01/26 10:28:52.316 PM EDT,$0.00
Alejandro Osuna 4.5,MLB-PHRR-FG-02HVDCN6ONRTC58-ALNA001-GTE-P00045,Settled Early,08/01/26 10:28:52.506 PM EDT,$0.00
Christian Walker 3.5,MLB-PHRR-FG-02HVDCN6ONRTC58-CHER000-GTE-P00035,Settled Early,08/01/26 10:29:08.942 PM EDT,$1.00
Christian Walker 1.5,MLB-PHRR-FG-02HVDCN6ONRTC58-CHER000-GTE-P00015,Settled Early,08/01/26 10:29:09.201 PM EDT,$1.00
Christian Walker 2.5,MLB-PHRR-FG-02HVDCN6ONRTC58-CHER000-GTE-P00025,Settled Early,08/01/26 10:29:09.463 PM EDT,$1.00
Christian Walker 4.5,MLB-PHRR-FG-02HVDCN6ONRTC58-CHER000-GTE-P00045,Settled Early,08/01/26 10:29:09.705 PM EDT,$0.00
Christian Walker 6.5,MLB-PHRR-FG-02HVDCN6ONRTC58-CHER000-GTE-P00065,Settled Early,08/01/26 10:29:09.909 PM EDT,$0.00
Christian Walker 5.5,MLB-PHRR-FG-02HVDCN6ONRTC58-CHER000-GTE-P00055,Settled Early,08/01/26 10:29:10.124 PM EDT,$0.00
Christian Walker 0.5,MLB-PHRR-FG-02HVDCN6ONRTC58-CHER000-GTE-P00005,Settled Early,08/01/26 10:29:10.311 PM EDT,$1.00
Christian Walker 7.5,MLB-PHRR-FG-02HVDCN6ONRTC58-CHER000-GTE-P00075,Settled Early,08/01/26 10:29:10.518 PM EDT,$0.00
Christian Walker 8.5,MLB-PHRR-FG-02HVDCN6ONRTC58-CHER000-GTE-P00085,Settled Early,08/01/26 10:29:10.741 PM EDT,$0.00
Christian Walker 9.5,MLB-PHRR-FG-02HVDCN6ONRTC58-CHER000-GTE-P00095,Settled Early,08/01/26 10:29:10.907 PM EDT,$0.00
Coby Mayo 3.5,MLB-PHRR-FG-02HVDCLTONRTDE0-COYO000-GTE-P00035,Settled Early,08/01/26 10:29:12.543 PM EDT,$0.00
Coby Mayo 4.5,MLB-PHRR-FG-02HVDCLTONRTDE0-COYO000-GTE-P00045,Settled Early,08/01/26 10:29:12.709 PM EDT,$0.00
Coby Mayo 7.5,MLB-PHRR-FG-02HVDCLTONRTDE0-COYO000-GTE-P00075,Settled Early,08/01/26 10:29:12.927 PM EDT,$0.00
Coby Mayo 6.5,MLB-PHRR-FG-02HVDCLTONRTDE0-COYO000-GTE-P00065,Settled Early,08/01/26 10:29:13.133 PM EDT,$0.00
Coby Mayo 5.5,MLB-PHRR-FG-02HVDCLTONRTDE0-COYO000-GTE-P00055,Settled Early,08/01/26 10:29:13.334 PM EDT,$0.00
Coby Mayo 1.5,MLB-PHRR-FG-02HVDCLTONRTDE0-COYO000-GTE-P00015,Settled Early,08/01/26 10:29:13.499 PM EDT,$0.00
Coby Mayo 9.5,MLB-PHRR-FG-02HVDCLTONRTDE0-COYO000-GTE-P00095,Settled Early,08/01/26 10:29:13.697 PM EDT,$0.00
Coby Mayo 8.5,MLB-PHRR-FG-02HVDCLTONRTDE0-COYO000-GTE-P00085,Settled Early,08/01/26 10:29:13.880 PM EDT,$0.00
Coby Mayo 0.5,MLB-PHRR-FG-02HVDCLTONRTDE0-COYO000-GTE-P00005,Settled Early,08/01/26 10:29:14.046 PM EDT,$0.00
Coby Mayo 2.5,MLB-PHRR-FG-02HVDCLTONRTDE0-COYO000-GTE-P00025,Settled Early,08/01/26 10:29:14.371 PM EDT,$0.00
Jeremy Pena 0.5,MLB-PHRR-FG-02HVDCN6ONRTC58-JENA000-GTE-P00005,Settled Early,08/01/26 10:29:25.997 PM EDT,$1.00
Jeremy Pena 1.5,MLB-PHRR-FG-02HVDCN6ONRTC58-JENA000-GTE-P00015,Settled Early,08/01/26 10:29:26.264 PM EDT,$1.00
Jeremy Pena 2.5,MLB-PHRR-FG-02HVDCN6ONRTC58-JENA000-GTE-P00025,Settled Early,08/01/26 10:29:26.661 PM EDT,$1.00
Jeremy Pena 5.5,MLB-PHRR-FG-02HVDCN6ONRTC58-JENA000-GTE-P00055,Settled Early,08/01/26 10:29:26.885 PM EDT,$0.00
Jeremy Pena 4.5,MLB-PHRR-FG-02HVDCN6ONRTC58-JENA000-GTE-P00045,Settled Early,08/01/26 10:29:27.097 PM EDT,$0.00
Jeremy Pena 3.5,MLB-PHRR-FG-02HVDCN6ONRTC58-JENA000-GTE-P00035,Settled Early,08/01/26 10:29:27.281 PM EDT,$0.00
Jeremy Pena 7.5,MLB-PHRR-FG-02HVDCN6ONRTC58-JENA000-GTE-P00075,Settled Early,08/01/26 10:29:27.480 PM EDT,$0.00
Jeremy Pena 6.5,MLB-PHRR-FG-02HVDCN6ONRTC58-JENA000-GTE-P00065,Settled Early,08/01/26 10:29:27.668 PM EDT,$0.00
Jeremy Pena 8.5,MLB-PHRR-FG-02HVDCN6ONRTC58-JENA000-GTE-P00085,Settled Early,08/01/26 10:29:27.868 PM EDT,$0.00
Jeremy Pena 9.5,MLB-PHRR-FG-02HVDCN6ONRTC58-JENA000-GTE-P00095,Settled Early,08/01/26 10:29:28.080 PM EDT,$0.00
Brandon Marsh 0.5,MLB-PHRR-FG-02HVDCLTONRTDE0-BRSH000-GTE-P00005,Settled Early,08/01/26 10:29:38.729 PM EDT,$1.00
Brandon Marsh 1.5,MLB-PHRR-FG-02HVDCLTONRTDE0-BRSH000-GTE-P00015,Settled Early,08/01/26 10:29:38.972 PM EDT,$1.00
Brandon Marsh 3.5,MLB-PHRR-FG-02HVDCLTONRTDE0-BRSH000-GTE-P00035,Settled Early,08/01/26 10:29:39.197 PM EDT,$1.00
Brandon Marsh 6.5,MLB-PHRR-FG-02HVDCLTONRTDE0-BRSH000-GTE-P00065,Settled Early,08/01/26 10:29:39.429 PM EDT,$0.00
Brandon Marsh 5.5,MLB-PHRR-FG-02HVDCLTONRTDE0-BRSH000-GTE-P00055,Settled Early,08/01/26 10:29:39.628 PM EDT,$0.00
Brandon Marsh 9.5,MLB-PHRR-FG-02HVDCLTONRTDE0-BRSH000-GTE-P00095,Settled Early,08/01/26 10:29:39.849 PM EDT,$0.00
Brandon Marsh 8.5,MLB-PHRR-FG-02HVDCLTONRTDE0-BRSH000-GTE-P00085,Settled Early,08/01/26 10:29:40.069 PM EDT,$0.00
Brandon Marsh 7.5,MLB-PHRR-FG-02HVDCLTONRTDE0-BRSH000-GTE-P00075,Settled Early,08/01/26 10:29:40.270 PM EDT,$0.00
Brandon Marsh 4.5,MLB-PHRR-FG-02HVDCLTONRTDE0-BRSH000-GTE-P00045,Settled Early,08/01/26 10:29:40.484 PM EDT,$0.00
Brandon Marsh 2.5,MLB-PHRR-FG-02HVDCLTONRTDE0-BRSH000-GTE-P00025,Settled Early,08/01/26 10:29:40.688 PM EDT,$1.00
Joc Pederson 3.5,MLB-PHRR-FG-02HVDCN6ONRTC58-JOON005-GTE-P00035,Settled Early,08/01/26 10:29:42.198 PM EDT,$0.00
Joc Pederson 0.5,MLB-PHRR-FG-02HVDCN6ONRTC58-JOON005-GTE-P00005,Settled Early,08/01/26 10:29:42.450 PM EDT,$1.00
Joc Pederson 2.5,MLB-PHRR-FG-02HVDCN6ONRTC58-JOON005-GTE-P00025,Settled Early,08/01/26 10:29:42.838 PM EDT,$0.00
Joc Pederson 1.5,MLB-PHRR-FG-02HVDCN6ONRTC58-JOON005-GTE-P00015,Settled Early,08/01/26 10:29:43.111 PM EDT,$0.00
Joc Pederson 6.5,MLB-PHRR-FG-02HVDCN6ONRTC58-JOON005-GTE-P00065,Settled Early,08/01/26 10:29:43.325 PM EDT,$0.00
Joc Pederson 8.5,MLB-PHRR-FG-02HVDCN6ONRTC58-JOON005-GTE-P00085,Settled Early,08/01/26 10:29:43.563 PM EDT,$0.00
Joc Pederson 7.5,MLB-PHRR-FG-02HVDCN6ONRTC58-JOON005-GTE-P00075,Settled Early,08/01/26 10:29:43.835 PM EDT,$0.00
Joc Pederson 4.5,MLB-PHRR-FG-02HVDCN6ONRTC58-JOON005-GTE-P00045,Settled Early,08/01/26 10:29:44.026 PM EDT,$0.00
Joc Pederson 5.5,MLB-PHRR-FG-02HVDCN6ONRTC58-JOON005-GTE-P00055,Settled Early,08/01/26 10:29:44.214 PM EDT,$0.00
Joc Pederson 9.5,MLB-PHRR-FG-02HVDCN6ONRTC58-JOON005-GTE-P00095,Settled Early,08/01/26 10:29:44.404 PM EDT,$0.00
Ezequiel Duran 2.5,MLB-PHRR-FG-02HVDCN6ONRTC58-EZAN000-GTE-P00025,Settled Early,08/01/26 10:29:59.162 PM EDT,$0.00
Ezequiel Duran 1.5,MLB-PHRR-FG-02HVDCN6ONRTC58-EZAN000-GTE-P00015,Settled Early,08/01/26 10:29:59.451 PM EDT,$0.00
Ezequiel Duran 3.5,MLB-PHRR-FG-02HVDCN6ONRTC58-EZAN000-GTE-P00035,Settled Early,08/01/26 10:29:59.711 PM EDT,$0.00
Ezequiel Duran 4.5,MLB-PHRR-FG-02HVDCN6ONRTC58-EZAN000-GTE-P00045,Settled Early,08/01/26 10:29:59.922 PM EDT,$0.00
Ezequiel Duran 5.5,MLB-PHRR-FG-02HVDCN6ONRTC58-EZAN000-GTE-P00055,Settled Early,08/01/26 10:30:00.156 PM EDT,$0.00
Ezequiel Duran 6.5,MLB-PHRR-FG-02HVDCN6ONRTC58-EZAN000-GTE-P00065,Settled Early,08/01/26 10:30:00.380 PM EDT,$0.00
Ezequiel Duran 0.5,MLB-PHRR-FG-02HVDCN6ONRTC58-EZAN000-GTE-P00005,Settled Early,08/01/26 10:30:00.576 PM EDT,$1.00
Ezequiel Duran 7.5,MLB-PHRR-FG-02HVDCN6ONRTC58-EZAN000-GTE-P00075,Settled Early,08/01/26 10:30:00.745 PM EDT,$0.00
Ezequiel Duran 8.5,MLB-PHRR-FG-02HVDCN6ONRTC58-EZAN000-GTE-P00085,Settled Early,08/01/26 10:30:00.943 PM EDT,$0.00
Ezequiel Duran 9.5,MLB-PHRR-FG-02HVDCN6ONRTC58-EZAN000-GTE-P00095,Settled Early,08/01/26 10:30:01.112 PM EDT,$0.00
Brandon Nimmo 0.5,MLB-PHRR-FG-02HVDCN6ONRTC58-BRMO000-GTE-P00005,Settled Early,08/01/26 10:30:15.994 PM EDT,$1.00
Brandon Nimmo 2.5,MLB-PHRR-FG-02HVDCN6ONRTC58-BRMO000-GTE-P00025,Settled Early,08/01/26 10:30:16.190 PM EDT,$0.00
Brandon Nimmo 1.5,MLB-PHRR-FG-02HVDCN6ONRTC58-BRMO000-GTE-P00015,Settled Early,08/01/26 10:30:16.399 PM EDT,$1.00
Brandon Nimmo 3.5,MLB-PHRR-FG-02HVDCN6ONRTC58-BRMO000-GTE-P00035,Settled Early,08/01/26 10:30:16.636 PM EDT,$0.00
Brandon Nimmo 9.5,MLB-PHRR-FG-02HVDCN6ONRTC58-BRMO000-GTE-P00095,Settled Early,08/01/26 10:30:16.875 PM EDT,$0.00
Brandon Nimmo 6.5,MLB-PHRR-FG-02HVDCN6ONRTC58-BRMO000-GTE-P00065,Settled Early,08/01/26 10:30:17.071 PM EDT,$0.00
Brandon Nimmo 8.5,MLB-PHRR-FG-02HVDCN6ONRTC58-BRMO000-GTE-P00085,Settled Early,08/01/26 10:30:17.239 PM EDT,$0.00
Brandon Nimmo 5.5,MLB-PHRR-FG-02HVDCN6ONRTC58-BRMO000-GTE-P00055,Settled Early,08/01/26 10:30:17.429 PM EDT,$0.00
Brandon Nimmo 4.5,MLB-PHRR-FG-02HVDCN6ONRTC58-BRMO000-GTE-P00045,Settled Early,08/01/26 10:30:17.624 PM EDT,$0.00
Brandon Nimmo 7.5,MLB-PHRR-FG-02HVDCN6ONRTC58-BRMO000-GTE-P00075,Settled Early,08/01/26 10:30:17.821 PM EDT,$0.00
Corey Seager 0.5,MLB-PHRR-FG-02HVDCN6ONRTC58-COER000-GTE-P00005,Settled Early,08/01/26 10:30:29.726 PM EDT,$1.00
Corey Seager 7.5,MLB-PHRR-FG-02HVDCN6ONRTC58-COER000-GTE-P00075,Settled Early,08/01/26 10:30:29.924 PM EDT,$0.00
Corey Seager 6.5,MLB-PHRR-FG-02HVDCN6ONRTC58-COER000-GTE-P00065,Settled Early,08/01/26 10:30:30.159 PM EDT,$0.00
Corey Seager 9.5,MLB-PHRR-FG-02HVDCN6ONRTC58-COER000-GTE-P00095,Settled Early,08/01/26 10:30:30.369 PM EDT,$0.00
Corey Seager 8.5,MLB-PHRR-FG-02HVDCN6ONRTC58-COER000-GTE-P00085,Settled Early,08/01/26 10:30:30.575 PM EDT,$0.00
Corey Seager 3.5,MLB-PHRR-FG-02HVDCN6ONRTC58-COER000-GTE-P00035,Settled Early,08/01/26 10:30:30.786 PM EDT,$0.00
Corey Seager 2.5,MLB-PHRR-FG-02HVDCN6ONRTC58-COER000-GTE-P00025,Settled Early,08/01/26 10:30:30.958 PM EDT,$0.00
Corey Seager 1.5,MLB-PHRR-FG-02HVDCN6ONRTC58-COER000-GTE-P00015,Settled Early,08/01/26 10:30:31.164 PM EDT,$0.00
Corey Seager 4.5,MLB-PHRR-FG-02HVDCN6ONRTC58-COER000-GTE-P00045,Settled Early,08/01/26 10:30:31.397 PM EDT,$0.00
Corey Seager 5.5,MLB-PHRR-FG-02HVDCN6ONRTC58-COER000-GTE-P00055,Settled Early,08/01/26 10:30:31.625 PM EDT,$0.00
Bryce Harper 0.5,MLB-PHRR-FG-02HVDCLTONRTDE0-BRER000-GTE-P00005,Settled Early,08/01/26 10:30:42.401 PM EDT,$1.00
Bryce Harper 6.5,MLB-PHRR-FG-02HVDCLTONRTDE0-BRER000-GTE-P00065,Settled Early,08/01/26 10:30:42.616 PM EDT,$0.00
Bryce Harper 8.5,MLB-PHRR-FG-02HVDCLTONRTDE0-BRER000-GTE-P00085,Settled Early,08/01/26 10:30:42.811 PM EDT,$0.00
Bryce Harper 9.5,MLB-PHRR-FG-02HVDCLTONRTDE0-BRER000-GTE-P00095,Settled Early,08/01/26 10:30:42.982 PM EDT,$0.00
Bryce Harper 3.5,MLB-PHRR-FG-02HVDCLTONRTDE0-BRER000-GTE-P00035,Settled Early,08/01/26 10:30:43.149 PM EDT,$0.00
Bryce Harper 2.5,MLB-PHRR-FG-02HVDCLTONRTDE0-BRER000-GTE-P00025,Settled Early,08/01/26 10:30:43.312 PM EDT,$1.00
Bryce Harper 5.5,MLB-PHRR-FG-02HVDCLTONRTDE0-BRER000-GTE-P00055,Settled Early,08/01/26 10:30:43.572 PM EDT,$0.00
Bryce Harper 4.5,MLB-PHRR-FG-02HVDCLTONRTDE0-BRER000-GTE-P00045,Settled Early,08/01/26 10:30:43.763 PM EDT,$0.00
Bryce Harper 1.5,MLB-PHRR-FG-02HVDCLTONRTDE0-BRER000-GTE-P00015,Settled Early,08/01/26 10:30:43.936 PM EDT,$1.00
Bryce Harper 7.5,MLB-PHRR-FG-02HVDCLTONRTDE0-BRER000-GTE-P00075,Settled Early,08/01/26 10:30:44.165 PM EDT,$0.00
Cam Smith 6.5,MLB-PHRR-FG-02HVDCN6ONRTC58-CATH000-GTE-P00065,Settled Early,08/01/26 10:30:46.838 PM EDT,$0.00
Cam Smith 4.5,MLB-PHRR-FG-02HVDCN6ONRTC58-CATH000-GTE-P00045,Settled Early,08/01/26 10:30:47.038 PM EDT,$0.00
Cam Smith 9.5,MLB-PHRR-FG-02HVDCN6ONRTC58-CATH000-GTE-P00095,Settled Early,08/01/26 10:30:47.248 PM EDT,$0.00
Cam Smith 3.5,MLB-PHRR-FG-02HVDCN6ONRTC58-CATH000-GTE-P00035,Settled Early,08/01/26 10:30:47.413 PM EDT,$0.00
Cam Smith 0.5,MLB-PHRR-FG-02HVDCN6ONRTC58-CATH000-GTE-P00005,Settled Early,08/01/26 10:30:47.577 PM EDT,$1.00
Cam Smith 7.5,MLB-PHRR-FG-02HVDCN6ONRTC58-CATH000-GTE-P00075,Settled Early,08/01/26 10:30:47.743 PM EDT,$0.00
Cam Smith 2.5,MLB-PHRR-FG-02HVDCN6ONRTC58-CATH000-GTE-P00025,Settled Early,08/01/26 10:30:47.910 PM EDT,$0.00
Cam Smith 1.5,MLB-PHRR-FG-02HVDCN6ONRTC58-CATH000-GTE-P00015,Settled Early,08/01/26 10:30:48.180 PM EDT,$0.00
Cam Smith 5.5,MLB-PHRR-FG-02HVDCN6ONRTC58-CATH000-GTE-P00055,Settled Early,08/01/26 10:30:48.420 PM EDT,$0.00
Cam Smith 8.5,MLB-PHRR-FG-02HVDCN6ONRTC58-CATH000-GTE-P00085,Settled Early,08/01/26 10:30:48.597 PM EDT,$0.00
LaMonte Wade Jr. 0.5,MLB-PHRR-FG-02HVDCN6ONRTC58-LAJR000-GTE-P00005,Settled Early,08/01/26 10:31:02.356 PM EDT,$1.00
LaMonte Wade Jr. 5.5,MLB-PHRR-FG-02HVDCN6ONRTC58-LAJR000-GTE-P00055,Settled Early,08/01/26 10:31:02.556 PM EDT,$0.00
LaMonte Wade Jr. 6.5,MLB-PHRR-FG-02HVDCN6ONRTC58-LAJR000-GTE-P00065,Settled Early,08/01/26 10:31:02.793 PM EDT,$0.00
LaMonte Wade Jr. 8.5,MLB-PHRR-FG-02HVDCN6ONRTC58-LAJR000-GTE-P00085,Settled Early,08/01/26 10:31:02.993 PM EDT,$0.00
LaMonte Wade Jr. 1.5,MLB-PHRR-FG-02HVDCN6ONRTC58-LAJR000-GTE-P00015,Settled Early,08/01/26 10:31:03.166 PM EDT,$1.00
LaMonte Wade Jr. 2.5,MLB-PHRR-FG-02HVDCN6ONRTC58-LAJR000-GTE-P00025,Settled Early,08/01/26 10:31:03.352 PM EDT,$0.00
LaMonte Wade Jr. 3.5,MLB-PHRR-FG-02HVDCN6ONRTC58-LAJR000-GTE-P00035,Settled Early,08/01/26 10:31:03.532 PM EDT,$0.00
LaMonte Wade Jr. 4.5,MLB-PHRR-FG-02HVDCN6ONRTC58-LAJR000-GTE-P00045,Settled Early,08/01/26 10:31:03.702 PM EDT,$0.00
LaMonte Wade Jr. 7.5,MLB-PHRR-FG-02HVDCN6ONRTC58-LAJR000-GTE-P00075,Settled Early,08/01/26 10:31:03.869 PM EDT,$0.00
LaMonte Wade Jr. 9.5,MLB-PHRR-FG-02HVDCN6ONRTC58-LAJR000-GTE-P00095,Settled Early,08/01/26 10:31:04.047 PM EDT,$0.00
Pete Alonso 1.5,MLB-PHRR-FG-02HVDCLTONRTDE0-PESO000-GTE-P00015,Settled Early,08/01/26 10:31:18.850 PM EDT,$0.00
Pete Alonso 2.5,MLB-PHRR-FG-02HVDCLTONRTDE0-PESO000-GTE-P00025,Settled Early,08/01/26 10:31:19.081 PM EDT,$0.00
Pete Alonso 0.5,MLB-PHRR-FG-02HVDCLTONRTDE0-PESO000-GTE-P00005,Settled Early,08/01/26 10:31:19.304 PM EDT,$0.00
Pete Alonso 4.5,MLB-PHRR-FG-02HVDCLTONRTDE0-PESO000-GTE-P00045,Settled Early,08/01/26 10:31:19.477 PM EDT,$0.00
Pete Alonso 3.5,MLB-PHRR-FG-02HVDCLTONRTDE0-PESO000-GTE-P00035,Settled Early,08/01/26 10:31:19.657 PM EDT,$0.00
Pete Alonso 7.5,MLB-PHRR-FG-02HVDCLTONRTDE0-PESO000-GTE-P00075,Settled Early,08/01/26 10:31:19.826 PM EDT,$0.00
Pete Alonso 6.5,MLB-PHRR-FG-02HVDCLTONRTDE0-PESO000-GTE-P00065,Settled Early,08/01/26 10:31:19.992 PM EDT,$0.00
Pete Alonso 8.5,MLB-PHRR-FG-02HVDCLTONRTDE0-PESO000-GTE-P00085,Settled Early,08/01/26 10:31:20.189 PM EDT,$0.00
Pete Alonso 5.5,MLB-PHRR-FG-02HVDCLTONRTDE0-PESO000-GTE-P00055,Settled Early,08/01/26 10:31:20.355 PM EDT,$0.00
Pete Alonso 9.5,MLB-PHRR-FG-02HVDCLTONRTDE0-PESO000-GTE-P00095,Settled Early,08/01/26 10:31:20.550 PM EDT,$0.00
Jackson Holliday 6.5,MLB-PHRR-FG-02HVDCLTONRTDE0-JAAY002-GTE-P00065,Settled Early,08/01/26 10:32:27.225 PM EDT,$0.00
Jackson Holliday 5.5,MLB-PHRR-FG-02HVDCLTONRTDE0-JAAY002-GTE-P00055,Settled Early,08/01/26 10:32:27.401 PM EDT,$0.00
Jackson Holliday 4.5,MLB-PHRR-FG-02HVDCLTONRTDE0-JAAY002-GTE-P00045,Settled Early,08/01/26 10:32:27.598 PM EDT,$0.00
Jackson Holliday 1.5,MLB-PHRR-FG-02HVDCLTONRTDE0-JAAY002-GTE-P00015,Settled Early,08/01/26 10:32:27.813 PM EDT,$0.00
Jackson Holliday 0.5,MLB-PHRR-FG-02HVDCLTONRTDE0-JAAY002-GTE-P00005,Settled Early,08/01/26 10:32:27.989 PM EDT,$0.00
Jackson Holliday 3.5,MLB-PHRR-FG-02HVDCLTONRTDE0-JAAY002-GTE-P00035,Settled Early,08/01/26 10:32:28.213 PM EDT,$0.00
Jackson Holliday 2.5,MLB-PHRR-FG-02HVDCLTONRTDE0-JAAY002-GTE-P00025,Settled Early,08/01/26 10:32:28.418 PM EDT,$0.00
Jackson Holliday 8.5,MLB-PHRR-FG-02HVDCLTONRTDE0-JAAY002-GTE-P00085,Settled Early,08/01/26 10:32:28.616 PM EDT,$0.00
Jackson Holliday 9.5,MLB-PHRR-FG-02HVDCLTONRTDE0-JAAY002-GTE-P00095,Settled Early,08/01/26 10:32:28.811 PM EDT,$0.00
Jackson Holliday 7.5,MLB-PHRR-FG-02HVDCLTONRTDE0-JAAY002-GTE-P00075,Settled Early,08/01/26 10:32:29.007 PM EDT,$0.00
Taylor Ward 6.5,MLB-PHRR-FG-02HVDCLTONRTDE0-TARD000-GTE-P00065,Settled Early,08/01/26 10:33:10.081 PM EDT,$0.00
Taylor Ward 5.5,MLB-PHRR-FG-02HVDCLTONRTDE0-TARD000-GTE-P00055,Settled Early,08/01/26 10:33:10.258 PM EDT,$0.00
Taylor Ward 0.5,MLB-PHRR-FG-02HVDCLTONRTDE0-TARD000-GTE-P00005,Settled Early,08/01/26 10:33:10.471 PM EDT,$0.00
Taylor Ward 3.5,MLB-PHRR-FG-02HVDCLTONRTDE0-TARD000-GTE-P00035,Settled Early,08/01/26 10:33:10.663 PM EDT,$0.00
Taylor Ward 2.5,MLB-PHRR-FG-02HVDCLTONRTDE0-TARD000-GTE-P00025,Settled Early,08/01/26 10:33:10.854 PM EDT,$0.00
Taylor Ward 4.5,MLB-PHRR-FG-02HVDCLTONRTDE0-TARD000-GTE-P00045,Settled Early,08/01/26 10:33:11.046 PM EDT,$0.00
Taylor Ward 1.5,MLB-PHRR-FG-02HVDCLTONRTDE0-TARD000-GTE-P00015,Settled Early,08/01/26 10:33:11.249 PM EDT,$0.00
Taylor Ward 7.5,MLB-PHRR-FG-02HVDCLTONRTDE0-TARD000-GTE-P00075,Settled Early,08/01/26 10:33:11.445 PM EDT,$0.00
Taylor Ward 9.5,MLB-PHRR-FG-02HVDCLTONRTDE0-TARD000-GTE-P00095,Settled Early,08/01/26 10:33:11.621 PM EDT,$0.00
Taylor Ward 8.5,MLB-PHRR-FG-02HVDCLTONRTDE0-TARD000-GTE-P00085,Settled Early,08/01/26 10:33:11.790 PM EDT,$0.00
Gunnar Henderson 7.5,MLB-PHRR-FG-02HVDCLTONRTDE0-GUON000-GTE-P00075,Settled Early,08/01/26 10:33:34.371 PM EDT,$0.00
Gunnar Henderson 6.5,MLB-PHRR-FG-02HVDCLTONRTDE0-GUON000-GTE-P00065,Settled Early,08/01/26 10:33:34.565 PM EDT,$0.00
Gunnar Henderson 5.5,MLB-PHRR-FG-02HVDCLTONRTDE0-GUON000-GTE-P00055,Settled Early,08/01/26 10:33:34.751 PM EDT,$0.00
Gunnar Henderson 0.5,MLB-PHRR-FG-02HVDCLTONRTDE0-GUON000-GTE-P00005,Settled Early,08/01/26 10:33:34.921 PM EDT,$1.00
Gunnar Henderson 9.5,MLB-PHRR-FG-02HVDCLTONRTDE0-GUON000-GTE-P00095,Settled Early,08/01/26 10:33:35.104 PM EDT,$0.00
Gunnar Henderson 1.5,MLB-PHRR-FG-02HVDCLTONRTDE0-GUON000-GTE-P00015,Settled Early,08/01/26 10:33:35.276 PM EDT,$0.00
Gunnar Henderson 2.5,MLB-PHRR-FG-02HVDCLTONRTDE0-GUON000-GTE-P00025,Settled Early,08/01/26 10:33:35.449 PM EDT,$0.00
Gunnar Henderson 3.5,MLB-PHRR-FG-02HVDCLTONRTDE0-GUON000-GTE-P00035,Settled Early,08/01/26 10:33:35.637 PM EDT,$0.00
Gunnar Henderson 4.5,MLB-PHRR-FG-02HVDCLTONRTDE0-GUON000-GTE-P00045,Settled Early,08/01/26 10:33:35.805 PM EDT,$0.00
Gunnar Henderson 8.5,MLB-PHRR-FG-02HVDCLTONRTDE0-GUON000-GTE-P00085,Settled Early,08/01/26 10:33:35.970 PM EDT,$0.00
Over 3.5,MLB-TRUNS-I2-02HVCSKUONRQ6S0-GTE-P00035,Settled Early,08/01/26 10:33:46.961 PM EDT,$0.00
Over 4.5,MLB-TRUNS-I2-02HVCSKUONRQ6S0-GTE-P00045,Settled Early,08/01/26 10:33:47.132 PM EDT,$0.00
Over 0.5,MLB-TRUNS-I2-02HVCSKUONRQ6S0-GTE-P00005,Settled Early,08/01/26 10:33:47.343 PM EDT,$1.00
Over 2.5,MLB-TRUNS-I2-02HVCSKUONRQ6S0-GTE-P00025,Settled Early,08/01/26 10:33:47.618 PM EDT,$0.00
Over 1.5,MLB-TRUNS-I2-02HVCSKUONRQ6S0-GTE-P00015,Settled Early,08/01/26 10:33:47.841 PM EDT,$1.00
Over 2.5,MLB-TRUNS-I3-02HVCSKUONRQ6S0-GTE-P00025,Settled Early,08/01/26 10:33:58.309 PM EDT,$0.00
Over 4.5,MLB-TRUNS-I3-02HVCSKUONRQ6S0-GTE-P00045,Settled Early,08/01/26 10:33:58.532 PM EDT,$0.00
Over 3.5,MLB-TRUNS-I3-02HVCSKUONRQ6S0-GTE-P00035,Settled Early,08/01/26 10:33:58.737 PM EDT,$0.00
Over 1.5,MLB-TRUNS-I3-02HVCSKUONRQ6S0-GTE-P00015,Settled Early,08/01/26 10:33:58.947 PM EDT,$0.00
Over 0.5,MLB-TRUNS-I3-02HVCSKUONRQ6S0-GTE-P00005,Settled Early,08/01/26 10:33:59.199 PM EDT,$1.00
Bryson Stott 9.5,MLB-PHRR-FG-02HVDCLTONRTDE0-BRTT001-GTE-P00095,Settled Early,08/01/26 10:34:01.324 PM EDT,$0.00
Bryson Stott 8.5,MLB-PHRR-FG-02HVDCLTONRTDE0-BRTT001-GTE-P00085,Settled Early,08/01/26 10:34:01.528 PM EDT,$0.00
Bryson Stott 0.5,MLB-PHRR-FG-02HVDCLTONRTDE0-BRTT001-GTE-P00005,Settled Early,08/01/26 10:34:01.725 PM EDT,$1.00
Bryson Stott 1.5,MLB-PHRR-FG-02HVDCLTONRTDE0-BRTT001-GTE-P00015,Settled Early,08/01/26 10:34:01.949 PM EDT,$1.00
Bryson Stott 2.5,MLB-PHRR-FG-02HVDCLTONRTDE0-BRTT001-GTE-P00025,Settled Early,08/01/26 10:34:02.168 PM EDT,$0.00
Bryson Stott 3.5,MLB-PHRR-FG-02HVDCLTONRTDE0-BRTT001-GTE-P00035,Settled Early,08/01/26 10:34:02.352 PM EDT,$0.00
Bryson Stott 4.5,MLB-PHRR-FG-02HVDCLTONRTDE0-BRTT001-GTE-P00045,Settled Early,08/01/26 10:34:02.573 PM EDT,$0.00
Bryson Stott 5.5,MLB-PHRR-FG-02HVDCLTONRTDE0-BRTT001-GTE-P00055,Settled Early,08/01/26 10:34:02.767 PM EDT,$0.00
Bryson Stott 6.5,MLB-PHRR-FG-02HVDCLTONRTDE0-BRTT001-GTE-P00065,Settled Early,08/01/26 10:34:02.958 PM EDT,$0.00
Bryson Stott 7.5,MLB-PHRR-FG-02HVDCLTONRTDE0-BRTT001-GTE-P00075,Settled Early,08/01/26 10:34:03.154 PM EDT,$0.00
Over 2.5,MLB-TRUNS-I4-02HVCSKUONRQ6S0-GTE-P00025,Settled Early,08/01/26 10:34:08.418 PM EDT,$0.00
Over 0.5,MLB-TRUNS-I4-02HVCSKUONRQ6S0-GTE-P00005,Settled Early,08/01/26 10:34:08.663 PM EDT,$0.00
Over 1.5,MLB-TRUNS-I4-02HVCSKUONRQ6S0-GTE-P00015,Settled Early,08/01/26 10:34:08.951 PM EDT,$0.00
Over 4.5,MLB-TRUNS-I4-02HVCSKUONRQ6S0-GTE-P00045,Settled Early,08/01/26 10:34:09.176 PM EDT,$0.00
Over 3.5,MLB-TRUNS-I4-02HVCSKUONRQ6S0-GTE-P00035,Settled Early,08/01/26 10:34:09.369 PM EDT,$0.00
Over 3.5,MLB-TRUNS-I5-02HVCSKUONRQ6S0-GTE-P00035,Settled Early,08/01/26 10:34:17.114 PM EDT,$0.00
Over 4.5,MLB-TRUNS-I5-02HVCSKUONRQ6S0-GTE-P00045,Settled Early,08/01/26 10:34:17.329 PM EDT,$0.00
Over 2.5,MLB-TRUNS-I5-02HVCSKUONRQ6S0-GTE-P00025,Settled Early,08/01/26 10:34:17.520 PM EDT,$0.00
Over 0.5,MLB-TRUNS-I5-02HVCSKUONRQ6S0-GTE-P00005,Settled Early,08/01/26 10:34:17.714 PM EDT,$0.00
Over 1.5,MLB-TRUNS-I5-02HVCSKUONRQ6S0-GTE-P00015,Settled Early,08/01/26 10:34:18.008 PM EDT,$0.00
Bryan De La Cruz 2.5,MLB-PHRR-FG-02HVDCLTONRTDE0-BRUZ000-GTE-P00025,Settled Early,08/01/26 10:34:24.457 PM EDT,$0.00
Bryan De La Cruz 4.5,MLB-PHRR-FG-02HVDCLTONRTDE0-BRUZ000-GTE-P00045,Settled Early,08/01/26 10:34:24.682 PM EDT,$0.00
Bryan De La Cruz 5.5,MLB-PHRR-FG-02HVDCLTONRTDE0-BRUZ000-GTE-P00055,Settled Early,08/01/26 10:34:24.899 PM EDT,$0.00
Bryan De La Cruz 8.5,MLB-PHRR-FG-02HVDCLTONRTDE0-BRUZ000-GTE-P00085,Settled Early,08/01/26 10:34:25.097 PM EDT,$0.00
Bryan De La Cruz 3.5,MLB-PHRR-FG-02HVDCLTONRTDE0-BRUZ000-GTE-P00035,Settled Early,08/01/26 10:34:25.295 PM EDT,$0.00
Bryan De La Cruz 6.5,MLB-PHRR-FG-02HVDCLTONRTDE0-BRUZ000-GTE-P00065,Settled Early,08/01/26 10:34:25.487 PM EDT,$0.00
Bryan De La Cruz 7.5,MLB-PHRR-FG-02HVDCLTONRTDE0-BRUZ000-GTE-P00075,Settled Early,08/01/26 10:34:25.684 PM EDT,$0.00
Bryan De La Cruz 0.5,MLB-PHRR-FG-02HVDCLTONRTDE0-BRUZ000-GTE-P00005,Settled Early,08/01/26 10:34:25.852 PM EDT,$1.00
Bryan De La Cruz 1.5,MLB-PHRR-FG-02HVDCLTONRTDE0-BRUZ000-GTE-P00015,Settled Early,08/01/26 10:34:26.018 PM EDT,$1.00
Bryan De La Cruz 9.5,MLB-PHRR-FG-02HVDCLTONRTDE0-BRUZ000-GTE-P00095,Settled Early,08/01/26 10:34:26.263 PM EDT,$0.00
Over 4.5,MLB-TRUNS-IT5-02HVCSKUONRQ6S0-GTE-P00045,Settled Early,08/01/26 10:34:29.689 PM EDT,$0.00
Over 5.5,MLB-TRUNS-IT5-02HVCSKUONRQ6S0-GTE-P00055,Settled Early,08/01/26 10:34:30.153 PM EDT,$0.00
Over 2.5,MLB-TRUNS-IT5-02HVCSKUONRQ6S0-GTE-P00025,Settled Early,08/01/26 10:34:30.453 PM EDT,$1.00
Over 3.5,MLB-TRUNS-IT5-02HVCSKUONRQ6S0-GTE-P00035,Settled Early,08/01/26 10:34:30.619 PM EDT,$1.00
Over 1.5,MLB-TRUNS-IT5-02HVCSKUONRQ6S0-GTE-P00015,Settled Early,08/01/26 10:34:31.221 PM EDT,$1.00
Over 0.5,MLB-TRUNS-IT5-02HVCSKUONRQ6S0-GTE-P00005,Settled Early,08/01/26 10:34:31.411 PM EDT,$1.00
Over 8.5,MLB-TRUNS-IT5-02HVCSKUONRQ6S0-GTE-P00085,Settled Early,08/01/26 10:34:31.601 PM EDT,$0.00
Over 10.5,MLB-TRUNS-IT5-02HVCSKUONRQ6S0-GTE-P00105,Settled Early,08/01/26 10:34:31.770 PM EDT,$0.00
Over 7.5,MLB-TRUNS-IT5-02HVCSKUONRQ6S0-GTE-P00075,Settled Early,08/01/26 10:34:31.960 PM EDT,$0.00
Over 6.5,MLB-TRUNS-IT5-02HVCSKUONRQ6S0-GTE-P00065,Settled Early,08/01/26 10:34:32.150 PM EDT,$0.00
Over 9.5,MLB-TRUNS-IT5-02HVCSKUONRQ6S0-GTE-P00095,Settled Early,08/01/26 10:34:32.408 PM EDT,$0.00
Over 1.5,MLB-TRUNS-I4-02HVDVNFONRVA50-GTE-P00015,Settled Early,08/01/26 10:34:48.384 PM EDT,$0.00
Over 4.5,MLB-TRUNS-I4-02HVDVNFONRVA50-GTE-P00045,Settled Early,08/01/26 10:34:48.608 PM EDT,$0.00
Over 3.5,MLB-TRUNS-I4-02HVDVNFONRVA50-GTE-P00035,Settled Early,08/01/26 10:34:48.832 PM EDT,$0.00
Over 2.5,MLB-TRUNS-I4-02HVDVNFONRVA50-GTE-P00025,Settled Early,08/01/26 10:34:49.058 PM EDT,$0.00
Over 0.5,MLB-TRUNS-I4-02HVDVNFONRVA50-GTE-P00005,Settled Early,08/01/26 10:34:49.279 PM EDT,$1.00
Jake Rogers 4.5,MLB-PHRR-FG-02HVDCLTONRTDE0-JARS003-GTE-P00045,Settled Early,08/01/26 10:34:52.679 PM EDT,$0.00
Jake Rogers 6.5,MLB-PHRR-FG-02HVDCLTONRTDE0-JARS003-GTE-P00065,Settled Early,08/01/26 10:34:52.846 PM EDT,$0.00
Jake Rogers 0.5,MLB-PHRR-FG-02HVDCLTONRTDE0-JARS003-GTE-P00005,Settled Early,08/01/26 10:34:53.015 PM EDT,$0.00
Jake Rogers 2.5,MLB-PHRR-FG-02HVDCLTONRTDE0-JARS003-GTE-P00025,Settled Early,08/01/26 10:34:53.181 PM EDT,$0.00
Jake Rogers 1.5,MLB-PHRR-FG-02HVDCLTONRTDE0-JARS003-GTE-P00015,Settled Early,08/01/26 10:34:53.353 PM EDT,$0.00
Jake Rogers 9.5,MLB-PHRR-FG-02HVDCLTONRTDE0-JARS003-GTE-P00095,Settled Early,08/01/26 10:34:53.549 PM EDT,$0.00
Jake Rogers 8.5,MLB-PHRR-FG-02HVDCLTONRTDE0-JARS003-GTE-P00085,Settled Early,08/01/26 10:34:53.740 PM EDT,$0.00
Jake Rogers 3.5,MLB-PHRR-FG-02HVDCLTONRTDE0-JARS003-GTE-P00035,Settled Early,08/01/26 10:34:53.903 PM EDT,$0.00
Jake Rogers 5.5,MLB-PHRR-FG-02HVDCLTONRTDE0-JARS003-GTE-P00055,Settled Early,08/01/26 10:34:54.095 PM EDT,$0.00
Jake Rogers 7.5,MLB-PHRR-FG-02HVDCLTONRTDE0-JARS003-GTE-P00075,Settled Early,08/01/26 10:34:54.287 PM EDT,$0.00
Over 1.5,MLB-TRUNS-I5-02HVDVNFONRVA50-GTE-P00015,Settled Early,08/01/26 10:35:00.695 PM EDT,$0.00
Over 3.5,MLB-TRUNS-I5-02HVDVNFONRVA50-GTE-P00035,Settled Early,08/01/26 10:35:00.905 PM EDT,$0.00
Over 4.5,MLB-TRUNS-I5-02HVDVNFONRVA50-GTE-P00045,Settled Early,08/01/26 10:35:01.102 PM EDT,$0.00
Over 0.5,MLB-TRUNS-I5-02HVDVNFONRVA50-GTE-P00005,Settled Early,08/01/26 10:35:01.302 PM EDT,$1.00
Over 2.5,MLB-TRUNS-I5-02HVDVNFONRVA50-GTE-P00025,Settled Early,08/01/26 10:35:01.595 PM EDT,$0.00
Over 4.5,MLB-TRUNS-I6-02HVDVNFONRVA50-GTE-P00045,Settled Early,08/01/26 10:35:12.122 PM EDT,$0.00
Over 3.5,MLB-TRUNS-I6-02HVDVNFONRVA50-GTE-P00035,Settled Early,08/01/26 10:35:12.304 PM EDT,$0.00
Over 0.5,MLB-TRUNS-I6-02HVDVNFONRVA50-GTE-P00005,Settled Early,08/01/26 10:35:12.496 PM EDT,$0.00
Over 1.5,MLB-TRUNS-I6-02HVDVNFONRVA50-GTE-P00015,Settled Early,08/01/26 10:35:12.682 PM EDT,$0.00
Over 2.5,MLB-TRUNS-I6-02HVDVNFONRVA50-GTE-P00025,Settled Early,08/01/26 10:35:12.926 PM EDT,$0.00
Over 1.5,MLB-TRUNS-I4-02HVCSMJONRQ6RO-GTE-P00015,Settled Early,08/01/26 10:35:30.047 PM EDT,$1.00
Over 2.5,MLB-TRUNS-I4-02HVCSMJONRQ6RO-GTE-P00025,Settled Early,08/01/26 10:35:30.248 PM EDT,$0.00
Over 3.5,MLB-TRUNS-I4-02HVCSMJONRQ6RO-GTE-P00035,Settled Early,08/01/26 10:35:30.434 PM EDT,$0.00
Over 4.5,MLB-TRUNS-I4-02HVCSMJONRQ6RO-GTE-P00045,Settled Early,08/01/26 10:35:30.626 PM EDT,$0.00
Over 0.5,MLB-TRUNS-I4-02HVCSMJONRQ6RO-GTE-P00005,Settled Early,08/01/26 10:35:30.795 PM EDT,$1.00
Over 3.5,MLB-TRUNS-I5-02HVCSMJONRQ6RO-GTE-P00035,Settled Early,08/01/26 10:35:42.003 PM EDT,$0.00
Over 2.5,MLB-TRUNS-I5-02HVCSMJONRQ6RO-GTE-P00025,Settled Early,08/01/26 10:35:42.244 PM EDT,$0.00
Over 0.5,MLB-TRUNS-I5-02HVCSMJONRQ6RO-GTE-P00005,Settled Early,08/01/26 10:35:42.436 PM EDT,$0.00
Over 1.5,MLB-TRUNS-I5-02HVCSMJONRQ6RO-GTE-P00015,Settled Early,08/01/26 10:35:42.698 PM EDT,$0.00
Over 4.5,MLB-TRUNS-I5-02HVCSMJONRQ6RO-GTE-P00045,Settled Early,08/01/26 10:35:42.927 PM EDT,$0.00
Over 6.5,MLB-TRUNS-IT5-02HVCSMJONRQ6RO-GTE-P00065,Settled Early,08/01/26 10:35:57.989 PM EDT,$1.00
Over 7.5,MLB-TRUNS-IT5-02HVCSMJONRQ6RO-GTE-P00075,Settled Early,08/01/26 10:35:58.278 PM EDT,$0.00
Over 8.5,MLB-TRUNS-IT5-02HVCSMJONRQ6RO-GTE-P00085,Settled Early,08/01/26 10:35:58.561 PM EDT,$0.00
Over 10.5,MLB-TRUNS-IT5-02HVCSMJONRQ6RO-GTE-P00105,Settled Early,08/01/26 10:35:58.756 PM EDT,$0.00
Over 0.5,MLB-TRUNS-IT5-02HVCSMJONRQ6RO-GTE-P00005,Settled Early,08/01/26 10:35:58.922 PM EDT,$1.00
Over 1.5,MLB-TRUNS-IT5-02HVCSMJONRQ6RO-GTE-P00015,Settled Early,08/01/26 10:35:59.112 PM EDT,$1.00
Over 4.5,MLB-TRUNS-IT5-02HVCSMJONRQ6RO-GTE-P00045,Settled Early,08/01/26 10:35:59.276 PM EDT,$1.00
Over 3.5,MLB-TRUNS-IT5-02HVCSMJONRQ6RO-GTE-P00035,Settled Early,08/01/26 10:35:59.941 PM EDT,$1.00
Over 9.5,MLB-TRUNS-IT5-02HVCSMJONRQ6RO-GTE-P00095,Settled Early,08/01/26 10:36:00.150 PM EDT,$0.00
Over 2.5,MLB-TRUNS-IT5-02HVCSMJONRQ6RO-GTE-P00025,Settled Early,08/01/26 10:36:00.340 PM EDT,$1.00
Over 5.5,MLB-TRUNS-IT5-02HVCSMJONRQ6RO-GTE-P00055,Settled Early,08/01/26 10:36:00.512 PM EDT,$1.00
Over 0.5,MLB-TRUNS-I1-02HVCSISONRQ7B8-GTE-P00005,Settled Early,08/01/26 10:36:19.706 PM EDT,$1.00
Over 2.5,MLB-TRUNS-I1-02HVCSISONRQ7B8-GTE-P00025,Settled Early,08/01/26 10:36:19.962 PM EDT,$0.00
Over 1.5,MLB-TRUNS-I1-02HVCSISONRQ7B8-GTE-P00015,Settled Early,08/01/26 10:36:20.132 PM EDT,$0.00
Over 3.5,MLB-TRUNS-I1-02HVCSISONRQ7B8-GTE-P00035,Settled Early,08/01/26 10:36:20.307 PM EDT,$0.00
Over 4.5,MLB-TRUNS-I1-02HVCSISONRQ7B8-GTE-P00045,Settled Early,08/01/26 10:36:20.490 PM EDT,$0.00
Over 1.5,MLB-TRUNS-I2-02HVCSISONRQ7B8-GTE-P00015,Settled Early,08/01/26 10:36:29.918 PM EDT,$0.00
Over 4.5,MLB-TRUNS-I2-02HVCSISONRQ7B8-GTE-P00045,Settled Early,08/01/26 10:36:30.118 PM EDT,$0.00
Over 3.5,MLB-TRUNS-I2-02HVCSISONRQ7B8-GTE-P00035,Settled Early,08/01/26 10:36:30.287 PM EDT,$0.00
Over 2.5,MLB-TRUNS-I2-02HVCSISONRQ7B8-GTE-P00025,Settled Early,08/01/26 10:36:30.476 PM EDT,$0.00
Over 0.5,MLB-TRUNS-I2-02HVCSISONRQ7B8-GTE-P00005,Settled Early,08/01/26 10:36:30.681 PM EDT,$0.00
Over 1.5,MLB-TRUNS-I3-02HVCSISONRQ7B8-GTE-P00015,Settled Early,08/01/26 10:36:39.546 PM EDT,$0.00
Over 3.5,MLB-TRUNS-I3-02HVCSISONRQ7B8-GTE-P00035,Settled Early,08/01/26 10:36:39.746 PM EDT,$0.00
Over 4.5,MLB-TRUNS-I3-02HVCSISONRQ7B8-GTE-P00045,Settled Early,08/01/26 10:36:39.961 PM EDT,$0.00
Over 2.5,MLB-TRUNS-I3-02HVCSISONRQ7B8-GTE-P00025,Settled Early,08/01/26 10:36:40.157 PM EDT,$0.00
Over 0.5,MLB-TRUNS-I3-02HVCSISONRQ7B8-GTE-P00005,Settled Early,08/01/26 10:36:40.346 PM EDT,$0.00
Over 3.5,MLB-TRUNS-I1-02HVCSH3ONRQ67G-GTE-P00035,Settled Early,08/01/26 10:37:00.345 PM EDT,$0.00
Over 0.5,MLB-TRUNS-I1-02HVCSH3ONRQ67G-GTE-P00005,Settled Early,08/01/26 10:37:00.586 PM EDT,$1.00
Over 2.5,MLB-TRUNS-I1-02HVCSH3ONRQ67G-GTE-P00025,Settled Early,08/01/26 10:37:00.833 PM EDT,$0.00
Over 1.5,MLB-TRUNS-I1-02HVCSH3ONRQ67G-GTE-P00015,Settled Early,08/01/26 10:37:01.065 PM EDT,$1.00
Over 4.5,MLB-TRUNS-I1-02HVCSH3ONRQ67G-GTE-P00045,Settled Early,08/01/26 10:37:01.249 PM EDT,$0.00
Over 0.5,MLB-TRUNS-I2-02HVCSH3ONRQ67G-GTE-P00005,Settled Early,08/01/26 10:37:10.188 PM EDT,$0.00
Over 1.5,MLB-TRUNS-I2-02HVCSH3ONRQ67G-GTE-P00015,Settled Early,08/01/26 10:37:10.454 PM EDT,$0.00
Over 3.5,MLB-TRUNS-I2-02HVCSH3ONRQ67G-GTE-P00035,Settled Early,08/01/26 10:37:10.687 PM EDT,$0.00
Over 4.5,MLB-TRUNS-I2-02HVCSH3ONRQ67G-GTE-P00045,Settled Early,08/01/26 10:37:10.877 PM EDT,$0.00
Over 2.5,MLB-TRUNS-I2-02HVCSH3ONRQ67G-GTE-P00025,Settled Early,08/01/26 10:37:11.067 PM EDT,$0.00
Over 4.5,MLB-TRUNS-I3-02HVCSH3ONRQ67G-GTE-P00045,Settled Early,08/01/26 10:37:24.979 PM EDT,$0.00
Over 3.5,MLB-TRUNS-I3-02HVCSH3ONRQ67G-GTE-P00035,Settled Early,08/01/26 10:37:25.184 PM EDT,$0.00
Over 1.5,MLB-TRUNS-I3-02HVCSH3ONRQ67G-GTE-P00015,Settled Early,08/01/26 10:37:25.379 PM EDT,$0.00
Over 2.5,MLB-TRUNS-I3-02HVCSH3ONRQ67G-GTE-P00025,Settled Early,08/01/26 10:37:25.572 PM EDT,$0.00
Over 0.5,MLB-TRUNS-I3-02HVCSH3ONRQ67G-GTE-P00005,Settled Early,08/01/26 10:37:25.764 PM EDT,$1.00
Over 0.5,MLB-TRUNS-I7-02HVDVJFONRVB6O-GTE-P00005,Settled Early,08/01/26 10:37:39.237 PM EDT,$1.00
Over 3.5,MLB-TRUNS-I7-02HVDVJFONRVB6O-GTE-P00035,Settled Early,08/01/26 10:37:39.433 PM EDT,$1.00
Over 1.5,MLB-TRUNS-I7-02HVDVJFONRVB6O-GTE-P00015,Settled Early,08/01/26 10:37:39.626 PM EDT,$1.00
Over 2.5,MLB-TRUNS-I7-02HVDVJFONRVB6O-GTE-P00025,Settled Early,08/01/26 10:37:39.827 PM EDT,$1.00
Over 4.5,MLB-TRUNS-I7-02HVDVJFONRVB6O-GTE-P00045,Settled Early,08/01/26 10:37:40.066 PM EDT,$1.00
Over 0.5,MLB-TRUNS-IT5-02HVDVNFONRVA50-GTE-P00005,Settled Early,08/01/26 10:38:00.999 PM EDT,$1.00
Over 1.5,MLB-TRUNS-IT5-02HVDVNFONRVA50-GTE-P00015,Settled Early,08/01/26 10:38:01.181 PM EDT,$1.00
Over 2.5,MLB-TRUNS-IT5-02HVDVNFONRVA50-GTE-P00025,Settled Early,08/01/26 10:38:01.390 PM EDT,$1.00
Over 4.5,MLB-TRUNS-IT5-02HVDVNFONRVA50-GTE-P00045,Settled Early,08/01/26 10:38:01.643 PM EDT,$1.00
Over 3.5,MLB-TRUNS-IT5-02HVDVNFONRVA50-GTE-P00035,Settled Early,08/01/26 10:38:01.916 PM EDT,$1.00
Over 8.5,MLB-TRUNS-IT5-02HVDVNFONRVA50-GTE-P00085,Settled Early,08/01/26 10:38:02.123 PM EDT,$1.00
Over 7.5,MLB-TRUNS-IT5-02HVDVNFONRVA50-GTE-P00075,Settled Early,08/01/26 10:38:02.322 PM EDT,$1.00
Over 6.5,MLB-TRUNS-IT5-02HVDVNFONRVA50-GTE-P00065,Settled Early,08/01/26 10:38:02.542 PM EDT,$1.00
Over 10.5,MLB-TRUNS-IT5-02HVDVNFONRVA50-GTE-P00105,Settled Early,08/01/26 10:38:02.951 PM EDT,$1.00
Over 9.5,MLB-TRUNS-IT5-02HVDVNFONRVA50-GTE-P00095,Settled Early,08/01/26 10:38:03.234 PM EDT,$1.00
Over 5.5,MLB-TRUNS-IT5-02HVDVNFONRVA50-GTE-P00055,Settled Early,08/01/26 10:38:03.421 PM EDT,$1.00
Over 2.5,MLB-TRUNS-I6-02HVDCHPONRTCQ0-GTE-P00025,Settled Early,08/01/26 10:38:18.540 PM EDT,$0.00
Over 4.5,MLB-TRUNS-I6-02HVDCHPONRTCQ0-GTE-P00045,Settled Early,08/01/26 10:38:18.744 PM EDT,$0.00
Over 3.5,MLB-TRUNS-I6-02HVDCHPONRTCQ0-GTE-P00035,Settled Early,08/01/26 10:38:18.942 PM EDT,$0.00
Over 1.5,MLB-TRUNS-I6-02HVDCHPONRTCQ0-GTE-P00015,Settled Early,08/01/26 10:38:19.151 PM EDT,$0.00
Over 0.5,MLB-TRUNS-I6-02HVDCHPONRTCQ0-GTE-P00005,Settled Early,08/01/26 10:38:19.380 PM EDT,$1.00
BOS Red Sox,MLB-WIN-IT5-02HVCSKUONRQ6S0-BOOX000,Settled Early,08/01/26 10:41:22.937 PM EDT,$0.50
LA Dodgers,MLB-WIN-IT5-02HVCSKUONRQ6S0-LARS000,Settled Early,08/01/26 10:41:23.322 PM EDT,$0.50
SD Padres,MLB-WIN-IT5-02HVCSMJONRQ6RO-SDES000,Settled Early,08/01/26 10:41:40.202 PM EDT,$1.00
SF Giants,MLB-WIN-IT5-02HVCSMJONRQ6RO-SFTS000,Settled Early,08/01/26 10:41:40.555 PM EDT,$0.00
KC Royals,MLB-WIN-IT5-02HVDVNFONRVA50-KCLS000,Settled Early,08/01/26 10:41:53.267 PM EDT,$0.00
COL Rockies,MLB-WIN-IT5-02HVDVNFONRVA50-COES000,Settled Early,08/01/26 10:41:53.598 PM EDT,$1.00
LA Dodgers -1.5,MLB-MOVY-IT5-02HVCSKUONRQ6S0-LARS000-GTE-P00015,Settled Early,08/01/26 10:42:45.327 PM EDT,$0.00
LA Dodgers -4.5,MLB-MOVY-IT5-02HVCSKUONRQ6S0-LARS000-GTE-P00045,Settled Early,08/01/26 10:42:45.635 PM EDT,$0.00
BOS Red Sox -0.5,MLB-MOVY-IT5-02HVCSKUONRQ6S0-BOOX000-GTE-P00005,Settled Early,08/01/26 10:42:45.873 PM EDT,$0.00
BOS Red Sox -1.5,MLB-MOVY-IT5-02HVCSKUONRQ6S0-BOOX000-GTE-P00015,Settled Early,08/01/26 10:42:46.090 PM EDT,$0.00
BOS Red Sox -2.5,MLB-MOVY-IT5-02HVCSKUONRQ6S0-BOOX000-GTE-P00025,Settled Early,08/01/26 10:42:46.263 PM EDT,$0.00
BOS Red Sox -3.5,MLB-MOVY-IT5-02HVCSKUONRQ6S0-BOOX000-GTE-P00035,Settled Early,08/01/26 10:42:46.467 PM EDT,$0.00
BOS Red Sox -4.5,MLB-MOVY-IT5-02HVCSKUONRQ6S0-BOOX000-GTE-P00045,Settled Early,08/01/26 10:42:46.650 PM EDT,$0.00
LA Dodgers -0.5,MLB-MOVY-IT5-02HVCSKUONRQ6S0-LARS000-GTE-P00005,Settled Early,08/01/26 10:42:46.814 PM EDT,$0.00
LA Dodgers -3.5,MLB-MOVY-IT5-02HVCSKUONRQ6S0-LARS000-GTE-P00035,Settled Early,08/01/26 10:42:47.328 PM EDT,$0.00
LA Dodgers -2.5,MLB-MOVY-IT5-02HVCSKUONRQ6S0-LARS000-GTE-P00025,Settled Early,08/01/26 10:42:47.526 PM EDT,$0.00
SD Padres -1.5,MLB-MOVY-IT5-02HVCSMJONRQ6RO-SDES000-GTE-P00015,Settled Early,08/01/26 10:43:00.800 PM EDT,$0.00
SD Padres -4.5,MLB-MOVY-IT5-02HVCSMJONRQ6RO-SDES000-GTE-P00045,Settled Early,08/01/26 10:43:01.037 PM EDT,$0.00
SF Giants -0.5,MLB-MOVY-IT5-02HVCSMJONRQ6RO-SFTS000-GTE-P00005,Settled Early,08/01/26 10:43:01.300 PM EDT,$0.00
SF Giants -4.5,MLB-MOVY-IT5-02HVCSMJONRQ6RO-SFTS000-GTE-P00045,Settled Early,08/01/26 10:43:01.573 PM EDT,$0.00
SF Giants -2.5,MLB-MOVY-IT5-02HVCSMJONRQ6RO-SFTS000-GTE-P00025,Settled Early,08/01/26 10:43:01.765 PM EDT,$0.00
SF Giants -3.5,MLB-MOVY-IT5-02HVCSMJONRQ6RO-SFTS000-GTE-P00035,Settled Early,08/01/26 10:43:01.971 PM EDT,$0.00
SD Padres -0.5,MLB-MOVY-IT5-02HVCSMJONRQ6RO-SDES000-GTE-P00005,Settled Early,08/01/26 10:43:02.143 PM EDT,$1.00
SD Padres -3.5,MLB-MOVY-IT5-02HVCSMJONRQ6RO-SDES000-GTE-P00035,Settled Early,08/01/26 10:43:02.432 PM EDT,$0.00
SD Padres -2.5,MLB-MOVY-IT5-02HVCSMJONRQ6RO-SDES000-GTE-P00025,Settled Early,08/01/26 10:43:02.621 PM EDT,$0.00
SF Giants -1.5,MLB-MOVY-IT5-02HVCSMJONRQ6RO-SFTS000-GTE-P00015,Settled Early,08/01/26 10:43:02.814 PM EDT,$0.00
COL Rockies -0.5,MLB-MOVY-IT5-02HVDVNFONRVA50-COES000-GTE-P00005,Settled Early,08/01/26 10:43:19.091 PM EDT,$1.00
KC Royals -1.5,MLB-MOVY-IT5-02HVDVNFONRVA50-KCLS000-GTE-P00015,Settled Early,08/01/26 10:43:19.361 PM EDT,$0.00
COL Rockies -3.5,MLB-MOVY-IT5-02HVDVNFONRVA50-COES000-GTE-P00035,Settled Early,08/01/26 10:43:19.609 PM EDT,$1.00
KC Royals -2.5,MLB-MOVY-IT5-02HVDVNFONRVA50-KCLS000-GTE-P00025,Settled Early,08/01/26 10:43:19.799 PM EDT,$0.00
KC Royals -3.5,MLB-MOVY-IT5-02HVDVNFONRVA50-KCLS000-GTE-P00035,Settled Early,08/01/26 10:43:20.025 PM EDT,$0.00
COL Rockies -1.5,MLB-MOVY-IT5-02HVDVNFONRVA50-COES000-GTE-P00015,Settled Early,08/01/26 10:43:20.202 PM EDT,$1.00
COL Rockies -2.5,MLB-MOVY-IT5-02HVDVNFONRVA50-COES000-GTE-P00025,Settled Early,08/01/26 10:43:20.398 PM EDT,$1.00
COL Rockies -4.5,MLB-MOVY-IT5-02HVDVNFONRVA50-COES000-GTE-P00045,Settled Early,08/01/26 10:43:20.628 PM EDT,$0.00
KC Royals -4.5,MLB-MOVY-IT5-02HVDVNFONRVA50-KCLS000-GTE-P00045,Settled Early,08/01/26 10:43:20.827 PM EDT,$0.00
KC Royals -0.5,MLB-MOVY-IT5-02HVDVNFONRVA50-KCLS000-GTE-P00005,Settled Early,08/01/26 10:43:21.018 PM EDT,$0.00
Over 0.5,MLB-TRUNS-I8-02HVDVJFONRVB6O-GTE-P00005,Settled Early,08/01/26 10:44:40.241 PM EDT,$1.00
Over 1.5,MLB-TRUNS-I8-02HVDVJFONRVB6O-GTE-P00015,Settled Early,08/01/26 10:44:40.478 PM EDT,$1.00
Over 2.5,MLB-TRUNS-I8-02HVDVJFONRVB6O-GTE-P00025,Settled Early,08/01/26 10:44:40.738 PM EDT,$1.00
Over 3.5,MLB-TRUNS-I8-02HVDVJFONRVB6O-GTE-P00035,Settled Early,08/01/26 10:44:41.003 PM EDT,$1.00
Over 4.5,MLB-TRUNS-I8-02HVDVJFONRVB6O-GTE-P00045,Settled Early,08/01/26 10:44:41.352 PM EDT,$1.00
Over 1.5,MLB-TRUNS-I9-02HVDVJFONRVB6O-GTE-P00015,Settled Early,08/01/26 10:58:31.360 PM EDT,$1.00
Over 0.5,MLB-TRUNS-I9-02HVDVJFONRVB6O-GTE-P00005,Settled Early,08/01/26 10:58:31.683 PM EDT,$1.00
Over 2.5,MLB-TRUNS-I9-02HVDVJFONRVB6O-GTE-P00025,Settled Early,08/01/26 10:58:31.994 PM EDT,$1.00
Over 4.5,MLB-TRUNS-I9-02HVDVJFONRVB6O-GTE-P00045,Settled Early,08/01/26 11:01:52.529 PM EDT,$0.00
Over 3.5,MLB-TRUNS-I9-02HVDVJFONRVB6O-GTE-P00035,Settled Early,08/01/26 11:01:52.732 PM EDT,$0.00
Corbin Carroll 1.5,MLB-PHRR-FG-02HVDVJFONRVB6O-COLL001-GTE-P00015,Settled Early,08/01/26 11:02:18.232 PM EDT,$1.00
Corbin Carroll 9.5,MLB-PHRR-FG-02HVDVJFONRVB6O-COLL001-GTE-P00095,Settled Early,08/01/26 11:02:18.509 PM EDT,$0.00
Corbin Carroll 0.5,MLB-PHRR-FG-02HVDVJFONRVB6O-COLL001-GTE-P00005,Settled Early,08/01/26 11:02:18.711 PM EDT,$1.00
Corbin Carroll 2.5,MLB-PHRR-FG-02HVDVJFONRVB6O-COLL001-GTE-P00025,Settled Early,08/01/26 11:02:18.907 PM EDT,$1.00
Corbin Carroll 3.5,MLB-PHRR-FG-02HVDVJFONRVB6O-COLL001-GTE-P00035,Settled Early,08/01/26 11:02:19.128 PM EDT,$1.00
Corbin Carroll 4.5,MLB-PHRR-FG-02HVDVJFONRVB6O-COLL001-GTE-P00045,Settled Early,08/01/26 11:02:19.357 PM EDT,$1.00
Corbin Carroll 5.5,MLB-PHRR-FG-02HVDVJFONRVB6O-COLL001-GTE-P00055,Settled Early,08/01/26 11:02:19.523 PM EDT,$1.00
Corbin Carroll 6.5,MLB-PHRR-FG-02HVDVJFONRVB6O-COLL001-GTE-P00065,Settled Early,08/01/26 11:02:19.708 PM EDT,$1.00
Corbin Carroll 7.5,MLB-PHRR-FG-02HVDVJFONRVB6O-COLL001-GTE-P00075,Settled Early,08/01/26 11:02:19.881 PM EDT,$0.00
Corbin Carroll 8.5,MLB-PHRR-FG-02HVDVJFONRVB6O-COLL001-GTE-P00085,Settled Early,08/01/26 11:02:20.100 PM EDT,$0.00
Geraldo Perdomo 0.5,MLB-PHRR-FG-02HVDVJFONRVB6O-GEMO000-GTE-P00005,Settled Early,08/01/26 11:02:36.619 PM EDT,$1.00
Geraldo Perdomo 6.5,MLB-PHRR-FG-02HVDVJFONRVB6O-GEMO000-GTE-P00065,Settled Early,08/01/26 11:02:36.799 PM EDT,$1.00
Geraldo Perdomo 9.5,MLB-PHRR-FG-02HVDVJFONRVB6O-GEMO000-GTE-P00095,Settled Early,08/01/26 11:02:37.012 PM EDT,$0.00
Geraldo Perdomo 4.5,MLB-PHRR-FG-02HVDVJFONRVB6O-GEMO000-GTE-P00045,Settled Early,08/01/26 11:02:37.178 PM EDT,$1.00
Geraldo Perdomo 1.5,MLB-PHRR-FG-02HVDVJFONRVB6O-GEMO000-GTE-P00015,Settled Early,08/01/26 11:02:37.344 PM EDT,$1.00
Geraldo Perdomo 2.5,MLB-PHRR-FG-02HVDVJFONRVB6O-GEMO000-GTE-P00025,Settled Early,08/01/26 11:02:37.512 PM EDT,$1.00
Geraldo Perdomo 3.5,MLB-PHRR-FG-02HVDVJFONRVB6O-GEMO000-GTE-P00035,Settled Early,08/01/26 11:02:37.690 PM EDT,$1.00
Geraldo Perdomo 5.5,MLB-PHRR-FG-02HVDVJFONRVB6O-GEMO000-GTE-P00055,Settled Early,08/01/26 11:02:37.879 PM EDT,$1.00
Geraldo Perdomo 7.5,MLB-PHRR-FG-02HVDVJFONRVB6O-GEMO000-GTE-P00075,Settled Early,08/01/26 11:02:38.075 PM EDT,$1.00
Geraldo Perdomo 8.5,MLB-PHRR-FG-02HVDVJFONRVB6O-GEMO000-GTE-P00085,Settled Early,08/01/26 11:02:38.284 PM EDT,$0.00
Draw,NWSL-DWIN-FG-01OB0MLEVVNE1IO-DRAW,Settled Early,08/01/26 11:02:41.461 PM EDT,$0.00
Seattle Reign FC [W],NWSL-DWIN-FG-01OB0MLEVVNE1IO-SECW001,Settled Early,08/01/26 11:02:41.779 PM EDT,$1.00
Bay FC [W],NWSL-DWIN-FG-01OB0MLEVVNE1IO-BACW004,Settled Early,08/01/26 11:02:42.056 PM EDT,$0.00
Travis Bazzana 0.5,MLB-PHRR-FG-02HVDVJFONRVB6O-TRNA000-GTE-P00005,Settled Early,08/01/26 11:02:54.339 PM EDT,$1.00
Travis Bazzana 3.5,MLB-PHRR-FG-02HVDVJFONRVB6O-TRNA000-GTE-P00035,Settled Early,08/01/26 11:02:54.534 PM EDT,$0.00
Travis Bazzana 2.5,MLB-PHRR-FG-02HVDVJFONRVB6O-TRNA000-GTE-P00025,Settled Early,08/01/26 11:02:54.723 PM EDT,$1.00
Travis Bazzana 5.5,MLB-PHRR-FG-02HVDVJFONRVB6O-TRNA000-GTE-P00055,Settled Early,08/01/26 11:02:54.914 PM EDT,$0.00
Travis Bazzana 9.5,MLB-PHRR-FG-02HVDVJFONRVB6O-TRNA000-GTE-P00095,Settled Early,08/01/26 11:02:55.085 PM EDT,$0.00
Travis Bazzana 6.5,MLB-PHRR-FG-02HVDVJFONRVB6O-TRNA000-GTE-P00065,Settled Early,08/01/26 11:02:55.287 PM EDT,$0.00
Travis Bazzana 7.5,MLB-PHRR-FG-02HVDVJFONRVB6O-TRNA000-GTE-P00075,Settled Early,08/01/26 11:02:55.485 PM EDT,$0.00
Travis Bazzana 8.5,MLB-PHRR-FG-02HVDVJFONRVB6O-TRNA000-GTE-P00085,Settled Early,08/01/26 11:02:55.678 PM EDT,$0.00
Travis Bazzana 1.5,MLB-PHRR-FG-02HVDVJFONRVB6O-TRNA000-GTE-P00015,Settled Early,08/01/26 11:02:55.873 PM EDT,$1.00
Travis Bazzana 4.5,MLB-PHRR-FG-02HVDVJFONRVB6O-TRNA000-GTE-P00045,Settled Early,08/01/26 11:02:56.100 PM EDT,$0.00
NJ/NY Gotham FC [W],NWSL-DWIN-FG-01OB0MGOVVNE1Q8-NJCW001,Settled Early,08/01/26 11:03:10.073 PM EDT,$1.00
Draw,NWSL-DWIN-FG-01OB0MGOVVNE1Q8-DRAW,Settled Early,08/01/26 11:03:10.396 PM EDT,$0.00
Houston Dash [W],NWSL-DWIN-FG-01OB0MGOVVNE1Q8-HOHW001,Settled Early,08/01/26 11:03:10.662 PM EDT,$0.00
Ryan Waldschmidt 3.5,MLB-PHRR-FG-02HVDVJFONRVB6O-RYDT000-GTE-P00035,Settled Early,08/01/26 11:03:20.721 PM EDT,$1.00
Ryan Waldschmidt 0.5,MLB-PHRR-FG-02HVDVJFONRVB6O-RYDT000-GTE-P00005,Settled Early,08/01/26 11:03:20.955 PM EDT,$1.00
Ryan Waldschmidt 8.5,MLB-PHRR-FG-02HVDVJFONRVB6O-RYDT000-GTE-P00085,Settled Early,08/01/26 11:03:21.175 PM EDT,$0.00
Ryan Waldschmidt 7.5,MLB-PHRR-FG-02HVDVJFONRVB6O-RYDT000-GTE-P00075,Settled Early,08/01/26 11:03:21.374 PM EDT,$0.00
Ryan Waldschmidt 1.5,MLB-PHRR-FG-02HVDVJFONRVB6O-RYDT000-GTE-P00015,Settled Early,08/01/26 11:03:21.563 PM EDT,$1.00
Ryan Waldschmidt 2.5,MLB-PHRR-FG-02HVDVJFONRVB6O-RYDT000-GTE-P00025,Settled Early,08/01/26 11:03:21.729 PM EDT,$1.00
Ryan Waldschmidt 4.5,MLB-PHRR-FG-02HVDVJFONRVB6O-RYDT000-GTE-P00045,Settled Early,08/01/26 11:03:21.928 PM EDT,$0.00
Ryan Waldschmidt 5.5,MLB-PHRR-FG-02HVDVJFONRVB6O-RYDT000-GTE-P00055,Settled Early,08/01/26 11:03:22.122 PM EDT,$0.00
Ryan Waldschmidt 6.5,MLB-PHRR-FG-02HVDVJFONRVB6O-RYDT000-GTE-P00065,Settled Early,08/01/26 11:03:22.331 PM EDT,$0.00
Ryan Waldschmidt 9.5,MLB-PHRR-FG-02HVDVJFONRVB6O-RYDT000-GTE-P00095,Settled Early,08/01/26 11:03:22.538 PM EDT,$0.00
Chase DeLauter 1.5,MLB-PHRR-FG-02HVDVJFONRVB6O-CHER002-GTE-P00015,Settled Early,08/01/26 11:03:37.163 PM EDT,$1.00
Chase DeLauter 0.5,MLB-PHRR-FG-02HVDVJFONRVB6O-CHER002-GTE-P00005,Settled Early,08/01/26 11:03:37.388 PM EDT,$1.00
Chase DeLauter 7.5,MLB-PHRR-FG-02HVDVJFONRVB6O-CHER002-GTE-P00075,Settled Early,08/01/26 11:03:37.558 PM EDT,$0.00
Chase DeLauter 6.5,MLB-PHRR-FG-02HVDVJFONRVB6O-CHER002-GTE-P00065,Settled Early,08/01/26 11:03:37.730 PM EDT,$0.00
Chase DeLauter 5.5,MLB-PHRR-FG-02HVDVJFONRVB6O-CHER002-GTE-P00055,Settled Early,08/01/26 11:03:37.913 PM EDT,$0.00
Chase DeLauter 9.5,MLB-PHRR-FG-02HVDVJFONRVB6O-CHER002-GTE-P00095,Settled Early,08/01/26 11:03:38.101 PM EDT,$0.00
Chase DeLauter 2.5,MLB-PHRR-FG-02HVDVJFONRVB6O-CHER002-GTE-P00025,Settled Early,08/01/26 11:03:38.293 PM EDT,$1.00
Chase DeLauter 8.5,MLB-PHRR-FG-02HVDVJFONRVB6O-CHER002-GTE-P00085,Settled Early,08/01/26 11:03:38.488 PM EDT,$0.00
Chase DeLauter 3.5,MLB-PHRR-FG-02HVDVJFONRVB6O-CHER002-GTE-P00035,Settled Early,08/01/26 11:03:38.659 PM EDT,$1.00
Chase DeLauter 4.5,MLB-PHRR-FG-02HVDVJFONRVB6O-CHER002-GTE-P00045,Settled Early,08/01/26 11:03:38.880 PM EDT,$0.00
Steven Kwan 1.5,MLB-PHRR-FG-02HVDVJFONRVB6O-STAN000-GTE-P00015,Settled Early,08/01/26 11:03:52.252 PM EDT,$1.00
Steven Kwan 0.5,MLB-PHRR-FG-02HVDVJFONRVB6O-STAN000-GTE-P00005,Settled Early,08/01/26 11:03:52.446 PM EDT,$1.00
Steven Kwan 7.5,MLB-PHRR-FG-02HVDVJFONRVB6O-STAN000-GTE-P00075,Settled Early,08/01/26 11:03:52.704 PM EDT,$0.00
Steven Kwan 6.5,MLB-PHRR-FG-02HVDVJFONRVB6O-STAN000-GTE-P00065,Settled Early,08/01/26 11:03:52.899 PM EDT,$0.00
Steven Kwan 2.5,MLB-PHRR-FG-02HVDVJFONRVB6O-STAN000-GTE-P00025,Settled Early,08/01/26 11:03:53.100 PM EDT,$1.00
Steven Kwan 5.5,MLB-PHRR-FG-02HVDVJFONRVB6O-STAN000-GTE-P00055,Settled Early,08/01/26 11:03:53.356 PM EDT,$0.00
Steven Kwan 4.5,MLB-PHRR-FG-02HVDVJFONRVB6O-STAN000-GTE-P00045,Settled Early,08/01/26 11:03:53.638 PM EDT,$1.00
Steven Kwan 8.5,MLB-PHRR-FG-02HVDVJFONRVB6O-STAN000-GTE-P00085,Settled Early,08/01/26 11:03:53.828 PM EDT,$0.00
Steven Kwan 3.5,MLB-PHRR-FG-02HVDVJFONRVB6O-STAN000-GTE-P00035,Settled Early,08/01/26 11:03:54.019 PM EDT,$1.00
Steven Kwan 9.5,MLB-PHRR-FG-02HVDVJFONRVB6O-STAN000-GTE-P00095,Settled Early,08/01/26 11:03:54.212 PM EDT,$0.00
Brayan Rocchio 1.5,MLB-PHRR-FG-02HVDVJFONRVB6O-BRIO001-GTE-P00015,Settled Early,08/01/26 11:04:13.108 PM EDT,$0.00
Brayan Rocchio 3.5,MLB-PHRR-FG-02HVDVJFONRVB6O-BRIO001-GTE-P00035,Settled Early,08/01/26 11:04:13.323 PM EDT,$0.00
Brayan Rocchio 2.5,MLB-PHRR-FG-02HVDVJFONRVB6O-BRIO001-GTE-P00025,Settled Early,08/01/26 11:04:13.548 PM EDT,$0.00
Brayan Rocchio 5.5,MLB-PHRR-FG-02HVDVJFONRVB6O-BRIO001-GTE-P00055,Settled Early,08/01/26 11:04:13.742 PM EDT,$0.00
Brayan Rocchio 8.5,MLB-PHRR-FG-02HVDVJFONRVB6O-BRIO001-GTE-P00085,Settled Early,08/01/26 11:04:13.936 PM EDT,$0.00
Brayan Rocchio 9.5,MLB-PHRR-FG-02HVDVJFONRVB6O-BRIO001-GTE-P00095,Settled Early,08/01/26 11:04:14.103 PM EDT,$0.00
Brayan Rocchio 4.5,MLB-PHRR-FG-02HVDVJFONRVB6O-BRIO001-GTE-P00045,Settled Early,08/01/26 11:04:14.293 PM EDT,$0.00
Brayan Rocchio 6.5,MLB-PHRR-FG-02HVDVJFONRVB6O-BRIO001-GTE-P00065,Settled Early,08/01/26 11:04:14.486 PM EDT,$0.00
Brayan Rocchio 0.5,MLB-PHRR-FG-02HVDVJFONRVB6O-BRIO001-GTE-P00005,Settled Early,08/01/26 11:04:14.677 PM EDT,$0.00
Brayan Rocchio 7.5,MLB-PHRR-FG-02HVDVJFONRVB6O-BRIO001-GTE-P00075,Settled Early,08/01/26 11:04:14.841 PM EDT,$0.00
Angel Martinez 0.5,MLB-PHRR-FG-02HVDVJFONRVB6O-ANEZ003-GTE-P00005,Settled Early,08/01/26 11:04:30.700 PM EDT,$1.00
Angel Martinez 9.5,MLB-PHRR-FG-02HVDVJFONRVB6O-ANEZ003-GTE-P00095,Settled Early,08/01/26 11:04:30.894 PM EDT,$0.00
Angel Martinez 8.5,MLB-PHRR-FG-02HVDVJFONRVB6O-ANEZ003-GTE-P00085,Settled Early,08/01/26 11:04:31.106 PM EDT,$0.00
Angel Martinez 2.5,MLB-PHRR-FG-02HVDVJFONRVB6O-ANEZ003-GTE-P00025,Settled Early,08/01/26 11:04:31.296 PM EDT,$1.00
Angel Martinez 3.5,MLB-PHRR-FG-02HVDVJFONRVB6O-ANEZ003-GTE-P00035,Settled Early,08/01/26 11:04:31.490 PM EDT,$0.00
Angel Martinez 4.5,MLB-PHRR-FG-02HVDVJFONRVB6O-ANEZ003-GTE-P00045,Settled Early,08/01/26 11:04:31.688 PM EDT,$0.00
Angel Martinez 1.5,MLB-PHRR-FG-02HVDVJFONRVB6O-ANEZ003-GTE-P00015,Settled Early,08/01/26 11:04:31.860 PM EDT,$1.00
Angel Martinez 5.5,MLB-PHRR-FG-02HVDVJFONRVB6O-ANEZ003-GTE-P00055,Settled Early,08/01/26 11:04:32.054 PM EDT,$0.00
Angel Martinez 6.5,MLB-PHRR-FG-02HVDVJFONRVB6O-ANEZ003-GTE-P00065,Settled Early,08/01/26 11:04:32.220 PM EDT,$0.00
Angel Martinez 7.5,MLB-PHRR-FG-02HVDVJFONRVB6O-ANEZ003-GTE-P00075,Settled Early,08/01/26 11:04:32.424 PM EDT,$0.00
Jose Ramirez 0.5,MLB-PHRR-FG-02HVDVJFONRVB6O-JOEZ004-GTE-P00005,Settled Early,08/01/26 11:04:46.792 PM EDT,$0.00
Jose Ramirez 8.5,MLB-PHRR-FG-02HVDVJFONRVB6O-JOEZ004-GTE-P00085,Settled Early,08/01/26 11:04:46.990 PM EDT,$0.00
Jose Ramirez 7.5,MLB-PHRR-FG-02HVDVJFONRVB6O-JOEZ004-GTE-P00075,Settled Early,08/01/26 11:04:47.175 PM EDT,$0.00
Jose Ramirez 9.5,MLB-PHRR-FG-02HVDVJFONRVB6O-JOEZ004-GTE-P00095,Settled Early,08/01/26 11:04:47.341 PM EDT,$0.00
Jose Ramirez 2.5,MLB-PHRR-FG-02HVDVJFONRVB6O-JOEZ004-GTE-P00025,Settled Early,08/01/26 11:04:47.508 PM EDT,$0.00
Jose Ramirez 1.5,MLB-PHRR-FG-02HVDVJFONRVB6O-JOEZ004-GTE-P00015,Settled Early,08/01/26 11:04:47.731 PM EDT,$0.00
Jose Ramirez 4.5,MLB-PHRR-FG-02HVDVJFONRVB6O-JOEZ004-GTE-P00045,Settled Early,08/01/26 11:04:47.945 PM EDT,$0.00
Jose Ramirez 6.5,MLB-PHRR-FG-02HVDVJFONRVB6O-JOEZ004-GTE-P00065,Settled Early,08/01/26 11:04:48.148 PM EDT,$0.00
Jose Ramirez 3.5,MLB-PHRR-FG-02HVDVJFONRVB6O-JOEZ004-GTE-P00035,Settled Early,08/01/26 11:04:48.361 PM EDT,$0.00
Jose Ramirez 5.5,MLB-PHRR-FG-02HVDVJFONRVB6O-JOEZ004-GTE-P00055,Settled Early,08/01/26 11:04:48.564 PM EDT,$0.00
Nolan Arenado 9.5,MLB-PHRR-FG-02HVDVJFONRVB6O-NODO001-GTE-P00095,Settled Early,08/01/26 11:05:06.700 PM EDT,$0.00
Nolan Arenado 1.5,MLB-PHRR-FG-02HVDVJFONRVB6O-NODO001-GTE-P00015,Settled Early,08/01/26 11:05:06.902 PM EDT,$1.00
Nolan Arenado 5.5,MLB-PHRR-FG-02HVDVJFONRVB6O-NODO001-GTE-P00055,Settled Early,08/01/26 11:05:07.115 PM EDT,$0.00
Nolan Arenado 6.5,MLB-PHRR-FG-02HVDVJFONRVB6O-NODO001-GTE-P00065,Settled Early,08/01/26 11:05:07.299 PM EDT,$0.00
Nolan Arenado 7.5,MLB-PHRR-FG-02HVDVJFONRVB6O-NODO001-GTE-P00075,Settled Early,08/01/26 11:05:07.496 PM EDT,$0.00
Nolan Arenado 8.5,MLB-PHRR-FG-02HVDVJFONRVB6O-NODO001-GTE-P00085,Settled Early,08/01/26 11:05:07.667 PM EDT,$0.00
Nolan Arenado 0.5,MLB-PHRR-FG-02HVDVJFONRVB6O-NODO001-GTE-P00005,Settled Early,08/01/26 11:05:07.850 PM EDT,$1.00
Nolan Arenado 2.5,MLB-PHRR-FG-02HVDVJFONRVB6O-NODO001-GTE-P00025,Settled Early,08/01/26 11:05:08.026 PM EDT,$1.00
Nolan Arenado 3.5,MLB-PHRR-FG-02HVDVJFONRVB6O-NODO001-GTE-P00035,Settled Early,08/01/26 11:05:08.193 PM EDT,$1.00
Nolan Arenado 4.5,MLB-PHRR-FG-02HVDVJFONRVB6O-NODO001-GTE-P00045,Settled Early,08/01/26 11:05:08.385 PM EDT,$1.00
Austin Hedges 0.5,MLB-PHRR-FG-02HVDVJFONRVB6O-AUES001-GTE-P00005,Settled Early,08/01/26 11:05:23.964 PM EDT,$1.00
Austin Hedges 5.5,MLB-PHRR-FG-02HVDVJFONRVB6O-AUES001-GTE-P00055,Settled Early,08/01/26 11:05:24.148 PM EDT,$0.00
Austin Hedges 4.5,MLB-PHRR-FG-02HVDVJFONRVB6O-AUES001-GTE-P00045,Settled Early,08/01/26 11:05:24.359 PM EDT,$0.00
Austin Hedges 1.5,MLB-PHRR-FG-02HVDVJFONRVB6O-AUES001-GTE-P00015,Settled Early,08/01/26 11:05:24.535 PM EDT,$0.00
Austin Hedges 9.5,MLB-PHRR-FG-02HVDVJFONRVB6O-AUES001-GTE-P00095,Settled Early,08/01/26 11:05:24.737 PM EDT,$0.00
Austin Hedges 3.5,MLB-PHRR-FG-02HVDVJFONRVB6O-AUES001-GTE-P00035,Settled Early,08/01/26 11:05:24.900 PM EDT,$0.00
Austin Hedges 2.5,MLB-PHRR-FG-02HVDVJFONRVB6O-AUES001-GTE-P00025,Settled Early,08/01/26 11:05:25.092 PM EDT,$0.00
Austin Hedges 8.5,MLB-PHRR-FG-02HVDVJFONRVB6O-AUES001-GTE-P00085,Settled Early,08/01/26 11:05:25.335 PM EDT,$0.00
Austin Hedges 6.5,MLB-PHRR-FG-02HVDVJFONRVB6O-AUES001-GTE-P00065,Settled Early,08/01/26 11:05:25.507 PM EDT,$0.00
Austin Hedges 7.5,MLB-PHRR-FG-02HVDVJFONRVB6O-AUES001-GTE-P00075,Settled Early,08/01/26 11:05:25.674 PM EDT,$0.00
Tim Tawa 4.5,MLB-PHRR-FG-02HVDVJFONRVB6O-TIWA000-GTE-P00045,Settled Early,08/01/26 11:05:37.007 PM EDT,$0.00
Tim Tawa 5.5,MLB-PHRR-FG-02HVDVJFONRVB6O-TIWA000-GTE-P00055,Settled Early,08/01/26 11:05:37.181 PM EDT,$0.00
Tim Tawa 2.5,MLB-PHRR-FG-02HVDVJFONRVB6O-TIWA000-GTE-P00025,Settled Early,08/01/26 11:05:37.346 PM EDT,$0.00
Tim Tawa 1.5,MLB-PHRR-FG-02HVDVJFONRVB6O-TIWA000-GTE-P00015,Settled Early,08/01/26 11:05:37.514 PM EDT,$0.00
Tim Tawa 0.5,MLB-PHRR-FG-02HVDVJFONRVB6O-TIWA000-GTE-P00005,Settled Early,08/01/26 11:05:37.739 PM EDT,$0.00
Tim Tawa 3.5,MLB-PHRR-FG-02HVDVJFONRVB6O-TIWA000-GTE-P00035,Settled Early,08/01/26 11:05:37.944 PM EDT,$0.00
Tim Tawa 6.5,MLB-PHRR-FG-02HVDVJFONRVB6O-TIWA000-GTE-P00065,Settled Early,08/01/26 11:05:38.134 PM EDT,$0.00
Tim Tawa 7.5,MLB-PHRR-FG-02HVDVJFONRVB6O-TIWA000-GTE-P00075,Settled Early,08/01/26 11:05:38.329 PM EDT,$0.00
Tim Tawa 8.5,MLB-PHRR-FG-02HVDVJFONRVB6O-TIWA000-GTE-P00085,Settled Early,08/01/26 11:05:38.496 PM EDT,$0.00
Tim Tawa 9.5,MLB-PHRR-FG-02HVDVJFONRVB6O-TIWA000-GTE-P00095,Settled Early,08/01/26 11:05:38.702 PM EDT,$0.00
Ildemaro Vargas 0.5,MLB-PHRR-FG-02HVDVJFONRVB6O-ILAS000-GTE-P00005,Settled Early,08/01/26 11:05:53.133 PM EDT,$1.00
Ildemaro Vargas 7.5,MLB-PHRR-FG-02HVDVJFONRVB6O-ILAS000-GTE-P00075,Settled Early,08/01/26 11:05:53.309 PM EDT,$0.00
Ildemaro Vargas 3.5,MLB-PHRR-FG-02HVDVJFONRVB6O-ILAS000-GTE-P00035,Settled Early,08/01/26 11:05:53.522 PM EDT,$1.00
Ildemaro Vargas 9.5,MLB-PHRR-FG-02HVDVJFONRVB6O-ILAS000-GTE-P00095,Settled Early,08/01/26 11:05:53.724 PM EDT,$0.00
Ildemaro Vargas 4.5,MLB-PHRR-FG-02HVDVJFONRVB6O-ILAS000-GTE-P00045,Settled Early,08/01/26 11:05:53.932 PM EDT,$0.00
Ildemaro Vargas 1.5,MLB-PHRR-FG-02HVDVJFONRVB6O-ILAS000-GTE-P00015,Settled Early,08/01/26 11:05:54.099 PM EDT,$1.00
Ildemaro Vargas 2.5,MLB-PHRR-FG-02HVDVJFONRVB6O-ILAS000-GTE-P00025,Settled Early,08/01/26 11:05:54.289 PM EDT,$1.00
Ildemaro Vargas 5.5,MLB-PHRR-FG-02HVDVJFONRVB6O-ILAS000-GTE-P00055,Settled Early,08/01/26 11:05:54.506 PM EDT,$0.00
Ildemaro Vargas 6.5,MLB-PHRR-FG-02HVDVJFONRVB6O-ILAS000-GTE-P00065,Settled Early,08/01/26 11:05:54.697 PM EDT,$0.00
Ildemaro Vargas 8.5,MLB-PHRR-FG-02HVDVJFONRVB6O-ILAS000-GTE-P00085,Settled Early,08/01/26 11:05:54.886 PM EDT,$0.00
James McCann 9.5,MLB-PHRR-FG-02HVDVJFONRVB6O-JANN000-GTE-P00095,Settled Early,08/01/26 11:06:12.530 PM EDT,$0.00
James McCann 2.5,MLB-PHRR-FG-02HVDVJFONRVB6O-JANN000-GTE-P00025,Settled Early,08/01/26 11:06:12.716 PM EDT,$1.00
James McCann 8.5,MLB-PHRR-FG-02HVDVJFONRVB6O-JANN000-GTE-P00085,Settled Early,08/01/26 11:06:12.918 PM EDT,$0.00
James McCann 0.5,MLB-PHRR-FG-02HVDVJFONRVB6O-JANN000-GTE-P00005,Settled Early,08/01/26 11:06:13.111 PM EDT,$1.00
James McCann 1.5,MLB-PHRR-FG-02HVDVJFONRVB6O-JANN000-GTE-P00015,Settled Early,08/01/26 11:06:13.297 PM EDT,$1.00
James McCann 3.5,MLB-PHRR-FG-02HVDVJFONRVB6O-JANN000-GTE-P00035,Settled Early,08/01/26 11:06:13.525 PM EDT,$1.00
James McCann 4.5,MLB-PHRR-FG-02HVDVJFONRVB6O-JANN000-GTE-P00045,Settled Early,08/01/26 11:06:13.733 PM EDT,$1.00
James McCann 5.5,MLB-PHRR-FG-02HVDVJFONRVB6O-JANN000-GTE-P00055,Settled Early,08/01/26 11:06:13.910 PM EDT,$1.00
James McCann 6.5,MLB-PHRR-FG-02HVDVJFONRVB6O-JANN000-GTE-P00065,Settled Early,08/01/26 11:06:14.083 PM EDT,$1.00
James McCann 7.5,MLB-PHRR-FG-02HVDVJFONRVB6O-JANN000-GTE-P00075,Settled Early,08/01/26 11:06:14.285 PM EDT,$0.00
Rhys Hoskins 6.5,MLB-PHRR-FG-02HVDVJFONRVB6O-RHNS000-GTE-P00065,Settled Early,08/01/26 11:06:26.183 PM EDT,$0.00
Rhys Hoskins 7.5,MLB-PHRR-FG-02HVDVJFONRVB6O-RHNS000-GTE-P00075,Settled Early,08/01/26 11:06:26.378 PM EDT,$0.00
Rhys Hoskins 3.5,MLB-PHRR-FG-02HVDVJFONRVB6O-RHNS000-GTE-P00035,Settled Early,08/01/26 11:06:26.551 PM EDT,$1.00
Rhys Hoskins 0.5,MLB-PHRR-FG-02HVDVJFONRVB6O-RHNS000-GTE-P00005,Settled Early,08/01/26 11:06:26.772 PM EDT,$1.00
Rhys Hoskins 2.5,MLB-PHRR-FG-02HVDVJFONRVB6O-RHNS000-GTE-P00025,Settled Early,08/01/26 11:06:26.968 PM EDT,$1.00
Rhys Hoskins 1.5,MLB-PHRR-FG-02HVDVJFONRVB6O-RHNS000-GTE-P00015,Settled Early,08/01/26 11:06:27.169 PM EDT,$1.00
Rhys Hoskins 4.5,MLB-PHRR-FG-02HVDVJFONRVB6O-RHNS000-GTE-P00045,Settled Early,08/01/26 11:06:27.344 PM EDT,$0.00
Rhys Hoskins 5.5,MLB-PHRR-FG-02HVDVJFONRVB6O-RHNS000-GTE-P00055,Settled Early,08/01/26 11:06:27.540 PM EDT,$0.00
Rhys Hoskins 9.5,MLB-PHRR-FG-02HVDVJFONRVB6O-RHNS000-GTE-P00095,Settled Early,08/01/26 11:06:27.716 PM EDT,$0.00
Rhys Hoskins 8.5,MLB-PHRR-FG-02HVDVJFONRVB6O-RHNS000-GTE-P00085,Settled Early,08/01/26 11:06:27.885 PM EDT,$0.00
Ketel Marte 0.5,MLB-PHRR-FG-02HVDVJFONRVB6O-KETE002-GTE-P00005,Settled Early,08/01/26 11:06:42.384 PM EDT,$1.00
Ketel Marte 1.5,MLB-PHRR-FG-02HVDVJFONRVB6O-KETE002-GTE-P00015,Settled Early,08/01/26 11:06:42.585 PM EDT,$1.00
Ketel Marte 2.5,MLB-PHRR-FG-02HVDVJFONRVB6O-KETE002-GTE-P00025,Settled Early,08/01/26 11:06:42.775 PM EDT,$0.00
Ketel Marte 3.5,MLB-PHRR-FG-02HVDVJFONRVB6O-KETE002-GTE-P00035,Settled Early,08/01/26 11:06:42.969 PM EDT,$0.00
Ketel Marte 6.5,MLB-PHRR-FG-02HVDVJFONRVB6O-KETE002-GTE-P00065,Settled Early,08/01/26 11:06:43.166 PM EDT,$0.00
Ketel Marte 4.5,MLB-PHRR-FG-02HVDVJFONRVB6O-KETE002-GTE-P00045,Settled Early,08/01/26 11:06:43.352 PM EDT,$0.00
Ketel Marte 8.5,MLB-PHRR-FG-02HVDVJFONRVB6O-KETE002-GTE-P00085,Settled Early,08/01/26 11:06:43.522 PM EDT,$0.00
Ketel Marte 9.5,MLB-PHRR-FG-02HVDVJFONRVB6O-KETE002-GTE-P00095,Settled Early,08/01/26 11:06:43.716 PM EDT,$0.00
Ketel Marte 5.5,MLB-PHRR-FG-02HVDVJFONRVB6O-KETE002-GTE-P00055,Settled Early,08/01/26 11:06:43.919 PM EDT,$0.00
Ketel Marte 7.5,MLB-PHRR-FG-02HVDVJFONRVB6O-KETE002-GTE-P00075,Settled Early,08/01/26 11:06:44.086 PM EDT,$0.00
Gabriel Moreno 0.5,MLB-PHRR-FG-02HVDVJFONRVB6O-GANO000-GTE-P00005,Settled Early,08/01/26 11:07:05.888 PM EDT,$1.00
Gabriel Moreno 3.5,MLB-PHRR-FG-02HVDVJFONRVB6O-GANO000-GTE-P00035,Settled Early,08/01/26 11:07:06.144 PM EDT,$0.00
Gabriel Moreno 4.5,MLB-PHRR-FG-02HVDVJFONRVB6O-GANO000-GTE-P00045,Settled Early,08/01/26 11:07:06.366 PM EDT,$0.00
Gabriel Moreno 6.5,MLB-PHRR-FG-02HVDVJFONRVB6O-GANO000-GTE-P00065,Settled Early,08/01/26 11:07:06.547 PM EDT,$0.00
Gabriel Moreno 7.5,MLB-PHRR-FG-02HVDVJFONRVB6O-GANO000-GTE-P00075,Settled Early,08/01/26 11:07:06.743 PM EDT,$0.00
Gabriel Moreno 1.5,MLB-PHRR-FG-02HVDVJFONRVB6O-GANO000-GTE-P00015,Settled Early,08/01/26 11:07:06.910 PM EDT,$0.00
Gabriel Moreno 2.5,MLB-PHRR-FG-02HVDVJFONRVB6O-GANO000-GTE-P00025,Settled Early,08/01/26 11:07:07.174 PM EDT,$0.00
Gabriel Moreno 9.5,MLB-PHRR-FG-02HVDVJFONRVB6O-GANO000-GTE-P00095,Settled Early,08/01/26 11:07:07.346 PM EDT,$0.00
Gabriel Moreno 8.5,MLB-PHRR-FG-02HVDVJFONRVB6O-GANO000-GTE-P00085,Settled Early,08/01/26 11:07:07.519 PM EDT,$0.00
Gabriel Moreno 5.5,MLB-PHRR-FG-02HVDVJFONRVB6O-GANO000-GTE-P00055,Settled Early,08/01/26 11:07:07.694 PM EDT,$0.00
David Fry 0.5,MLB-PHRR-FG-02HVDVJFONRVB6O-DARY000-GTE-P00005,Settled Early,08/01/26 11:07:20.720 PM EDT,$0.00
David Fry 6.5,MLB-PHRR-FG-02HVDVJFONRVB6O-DARY000-GTE-P00065,Settled Early,08/01/26 11:07:20.899 PM EDT,$0.00
David Fry 7.5,MLB-PHRR-FG-02HVDVJFONRVB6O-DARY000-GTE-P00075,Settled Early,08/01/26 11:07:21.111 PM EDT,$0.00
David Fry 1.5,MLB-PHRR-FG-02HVDVJFONRVB6O-DARY000-GTE-P00015,Settled Early,08/01/26 11:07:21.303 PM EDT,$0.00
David Fry 8.5,MLB-PHRR-FG-02HVDVJFONRVB6O-DARY000-GTE-P00085,Settled Early,08/01/26 11:07:21.494 PM EDT,$0.00
David Fry 2.5,MLB-PHRR-FG-02HVDVJFONRVB6O-DARY000-GTE-P00025,Settled Early,08/01/26 11:07:21.706 PM EDT,$0.00
David Fry 3.5,MLB-PHRR-FG-02HVDVJFONRVB6O-DARY000-GTE-P00035,Settled Early,08/01/26 11:07:21.901 PM EDT,$0.00
David Fry 4.5,MLB-PHRR-FG-02HVDVJFONRVB6O-DARY000-GTE-P00045,Settled Early,08/01/26 11:07:22.118 PM EDT,$0.00
David Fry 5.5,MLB-PHRR-FG-02HVDVJFONRVB6O-DARY000-GTE-P00055,Settled Early,08/01/26 11:07:22.286 PM EDT,$0.00
David Fry 9.5,MLB-PHRR-FG-02HVDVJFONRVB6O-DARY000-GTE-P00095,Settled Early,08/01/26 11:07:22.453 PM EDT,$0.00
Jorge Barrosa 1.5,MLB-PHRR-FG-02HVDVJFONRVB6O-JOSA000-GTE-P00015,Settled Early,08/01/26 11:07:38.300 PM EDT,$0.00
Jorge Barrosa 0.5,MLB-PHRR-FG-02HVDVJFONRVB6O-JOSA000-GTE-P00005,Settled Early,08/01/26 11:07:38.506 PM EDT,$1.00
Jorge Barrosa 6.5,MLB-PHRR-FG-02HVDVJFONRVB6O-JOSA000-GTE-P00065,Settled Early,08/01/26 11:07:38.712 PM EDT,$0.00
Jorge Barrosa 8.5,MLB-PHRR-FG-02HVDVJFONRVB6O-JOSA000-GTE-P00085,Settled Early,08/01/26 11:07:38.905 PM EDT,$0.00
Jorge Barrosa 5.5,MLB-PHRR-FG-02HVDVJFONRVB6O-JOSA000-GTE-P00055,Settled Early,08/01/26 11:07:39.095 PM EDT,$0.00
Jorge Barrosa 9.5,MLB-PHRR-FG-02HVDVJFONRVB6O-JOSA000-GTE-P00095,Settled Early,08/01/26 11:07:39.311 PM EDT,$0.00
Jorge Barrosa 7.5,MLB-PHRR-FG-02HVDVJFONRVB6O-JOSA000-GTE-P00075,Settled Early,08/01/26 11:07:39.498 PM EDT,$0.00
Jorge Barrosa 2.5,MLB-PHRR-FG-02HVDVJFONRVB6O-JOSA000-GTE-P00025,Settled Early,08/01/26 11:07:39.696 PM EDT,$0.00
Jorge Barrosa 3.5,MLB-PHRR-FG-02HVDVJFONRVB6O-JOSA000-GTE-P00035,Settled Early,08/01/26 11:07:39.863 PM EDT,$0.00
Jorge Barrosa 4.5,MLB-PHRR-FG-02HVDVJFONRVB6O-JOSA000-GTE-P00045,Settled Early,08/01/26 11:07:40.035 PM EDT,$0.00
Petey Halpin 9.5,MLB-PHRR-FG-02HVDVJFONRVB6O-PEIN000-GTE-P00095,Settled Early,08/01/26 11:07:55.867 PM EDT,$0.00
Petey Halpin 6.5,MLB-PHRR-FG-02HVDVJFONRVB6O-PEIN000-GTE-P00065,Settled Early,08/01/26 11:07:56.056 PM EDT,$0.00
Petey Halpin 5.5,MLB-PHRR-FG-02HVDVJFONRVB6O-PEIN000-GTE-P00055,Settled Early,08/01/26 11:07:56.248 PM EDT,$0.00
Petey Halpin 0.5,MLB-PHRR-FG-02HVDVJFONRVB6O-PEIN000-GTE-P00005,Settled Early,08/01/26 11:07:56.437 PM EDT,$1.00
Petey Halpin 3.5,MLB-PHRR-FG-02HVDVJFONRVB6O-PEIN000-GTE-P00035,Settled Early,08/01/26 11:07:56.622 PM EDT,$1.00
Petey Halpin 7.5,MLB-PHRR-FG-02HVDVJFONRVB6O-PEIN000-GTE-P00075,Settled Early,08/01/26 11:07:56.787 PM EDT,$0.00
Petey Halpin 8.5,MLB-PHRR-FG-02HVDVJFONRVB6O-PEIN000-GTE-P00085,Settled Early,08/01/26 11:07:56.950 PM EDT,$0.00
Petey Halpin 1.5,MLB-PHRR-FG-02HVDVJFONRVB6O-PEIN000-GTE-P00015,Settled Early,08/01/26 11:07:57.142 PM EDT,$1.00
Petey Halpin 4.5,MLB-PHRR-FG-02HVDVJFONRVB6O-PEIN000-GTE-P00045,Settled Early,08/01/26 11:07:57.335 PM EDT,$1.00
Petey Halpin 2.5,MLB-PHRR-FG-02HVDVJFONRVB6O-PEIN000-GTE-P00025,Settled Early,08/01/26 11:07:57.504 PM EDT,$1.00
Over 2.5,MLB-TRUNS-I9-02HVDCHPONRTCQ0-GTE-P00025,Settled Early,08/01/26 11:16:33.637 PM EDT,$0.00
Over 0.5,MLB-TRUNS-I9-02HVDCHPONRTCQ0-GTE-P00005,Settled Early,08/01/26 11:16:33.866 PM EDT,$0.00
Over 4.5,MLB-TRUNS-I9-02HVDCHPONRTCQ0-GTE-P00045,Settled Early,08/01/26 11:16:34.111 PM EDT,$0.00
Over 1.5,MLB-TRUNS-I9-02HVDCHPONRTCQ0-GTE-P00015,Settled Early,08/01/26 11:16:34.281 PM EDT,$0.00
Over 3.5,MLB-TRUNS-I9-02HVDCHPONRTCQ0-GTE-P00035,Settled Early,08/01/26 11:16:34.479 PM EDT,$0.00
Nathaniel Lowe 0.5,MLB-PHRR-FG-02HVDCHPONRTCQ0-NAWE000-GTE-P00005,Settled Early,08/01/26 11:16:56.984 PM EDT,$1.00
Nathaniel Lowe 1.5,MLB-PHRR-FG-02HVDCHPONRTCQ0-NAWE000-GTE-P00015,Settled Early,08/01/26 11:16:57.219 PM EDT,$0.00
Nathaniel Lowe 2.5,MLB-PHRR-FG-02HVDCHPONRTCQ0-NAWE000-GTE-P00025,Settled Early,08/01/26 11:16:57.495 PM EDT,$0.00
Nathaniel Lowe 3.5,MLB-PHRR-FG-02HVDCHPONRTCQ0-NAWE000-GTE-P00035,Settled Early,08/01/26 11:16:57.698 PM EDT,$0.00
Nathaniel Lowe 4.5,MLB-PHRR-FG-02HVDCHPONRTCQ0-NAWE000-GTE-P00045,Settled Early,08/01/26 11:16:57.892 PM EDT,$0.00
Nathaniel Lowe 5.5,MLB-PHRR-FG-02HVDCHPONRTCQ0-NAWE000-GTE-P00055,Settled Early,08/01/26 11:16:58.087 PM EDT,$0.00
Nathaniel Lowe 6.5,MLB-PHRR-FG-02HVDCHPONRTCQ0-NAWE000-GTE-P00065,Settled Early,08/01/26 11:16:58.278 PM EDT,$0.00
Nathaniel Lowe 7.5,MLB-PHRR-FG-02HVDCHPONRTCQ0-NAWE000-GTE-P00075,Settled Early,08/01/26 11:16:58.473 PM EDT,$0.00
Nathaniel Lowe 8.5,MLB-PHRR-FG-02HVDCHPONRTCQ0-NAWE000-GTE-P00085,Settled Early,08/01/26 11:16:58.671 PM EDT,$0.00
Nathaniel Lowe 9.5,MLB-PHRR-FG-02HVDCHPONRTCQ0-NAWE000-GTE-P00095,Settled Early,08/01/26 11:16:58.865 PM EDT,$0.00
Nick Gonzales 5.5,MLB-PHRR-FG-02HVDCHPONRTCQ0-NIES001-GTE-P00055,Settled Early,08/01/26 11:17:15.591 PM EDT,$0.00
Nick Gonzales 0.5,MLB-PHRR-FG-02HVDCHPONRTCQ0-NIES001-GTE-P00005,Settled Early,08/01/26 11:17:15.786 PM EDT,$1.00
Nick Gonzales 1.5,MLB-PHRR-FG-02HVDCHPONRTCQ0-NIES001-GTE-P00015,Settled Early,08/01/26 11:17:16.033 PM EDT,$0.00
Nick Gonzales 2.5,MLB-PHRR-FG-02HVDCHPONRTCQ0-NIES001-GTE-P00025,Settled Early,08/01/26 11:17:16.227 PM EDT,$0.00
Nick Gonzales 3.5,MLB-PHRR-FG-02HVDCHPONRTCQ0-NIES001-GTE-P00035,Settled Early,08/01/26 11:17:16.437 PM EDT,$0.00
Nick Gonzales 4.5,MLB-PHRR-FG-02HVDCHPONRTCQ0-NIES001-GTE-P00045,Settled Early,08/01/26 11:17:16.605 PM EDT,$0.00
Nick Gonzales 6.5,MLB-PHRR-FG-02HVDCHPONRTCQ0-NIES001-GTE-P00065,Settled Early,08/01/26 11:17:16.816 PM EDT,$0.00
Nick Gonzales 7.5,MLB-PHRR-FG-02HVDCHPONRTCQ0-NIES001-GTE-P00075,Settled Early,08/01/26 11:17:17.043 PM EDT,$0.00
Nick Gonzales 8.5,MLB-PHRR-FG-02HVDCHPONRTCQ0-NIES001-GTE-P00085,Settled Early,08/01/26 11:17:17.239 PM EDT,$0.00
Nick Gonzales 9.5,MLB-PHRR-FG-02HVDCHPONRTCQ0-NIES001-GTE-P00095,Settled Early,08/01/26 11:17:17.435 PM EDT,$0.00
Elly De La Cruz 9.5,MLB-PHRR-FG-02HVDCHPONRTCQ0-ELUZ001-GTE-P00095,Settled Early,08/01/26 11:17:28.259 PM EDT,$0.00
Elly De La Cruz 0.5,MLB-PHRR-FG-02HVDCHPONRTCQ0-ELUZ001-GTE-P00005,Settled Early,08/01/26 11:17:28.517 PM EDT,$0.00
Elly De La Cruz 1.5,MLB-PHRR-FG-02HVDCHPONRTCQ0-ELUZ001-GTE-P00015,Settled Early,08/01/26 11:17:28.745 PM EDT,$0.00
Elly De La Cruz 2.5,MLB-PHRR-FG-02HVDCHPONRTCQ0-ELUZ001-GTE-P00025,Settled Early,08/01/26 11:17:28.971 PM EDT,$0.00
Elly De La Cruz 3.5,MLB-PHRR-FG-02HVDCHPONRTCQ0-ELUZ001-GTE-P00035,Settled Early,08/01/26 11:17:29.158 PM EDT,$0.00
Elly De La Cruz 4.5,MLB-PHRR-FG-02HVDCHPONRTCQ0-ELUZ001-GTE-P00045,Settled Early,08/01/26 11:17:29.386 PM EDT,$0.00
Elly De La Cruz 5.5,MLB-PHRR-FG-02HVDCHPONRTCQ0-ELUZ001-GTE-P00055,Settled Early,08/01/26 11:17:29.578 PM EDT,$0.00
Elly De La Cruz 6.5,MLB-PHRR-FG-02HVDCHPONRTCQ0-ELUZ001-GTE-P00065,Settled Early,08/01/26 11:17:29.786 PM EDT,$0.00
Elly De La Cruz 7.5,MLB-PHRR-FG-02HVDCHPONRTCQ0-ELUZ001-GTE-P00075,Settled Early,08/01/26 11:17:29.972 PM EDT,$0.00
Elly De La Cruz 8.5,MLB-PHRR-FG-02HVDCHPONRTCQ0-ELUZ001-GTE-P00085,Settled Early,08/01/26 11:17:30.164 PM EDT,$0.00
Brandon Lowe 0.5,MLB-PHRR-FG-02HVDCHPONRTCQ0-BRWE000-GTE-P00005,Settled Early,08/01/26 11:17:47.252 PM EDT,$1.00
Brandon Lowe 1.5,MLB-PHRR-FG-02HVDCHPONRTCQ0-BRWE000-GTE-P00015,Settled Early,08/01/26 11:17:47.420 PM EDT,$1.00
Brandon Lowe 2.5,MLB-PHRR-FG-02HVDCHPONRTCQ0-BRWE000-GTE-P00025,Settled Early,08/01/26 11:17:47.679 PM EDT,$0.00
Brandon Lowe 3.5,MLB-PHRR-FG-02HVDCHPONRTCQ0-BRWE000-GTE-P00035,Settled Early,08/01/26 11:17:47.878 PM EDT,$0.00
Brandon Lowe 4.5,MLB-PHRR-FG-02HVDCHPONRTCQ0-BRWE000-GTE-P00045,Settled Early,08/01/26 11:17:48.055 PM EDT,$0.00
Brandon Lowe 5.5,MLB-PHRR-FG-02HVDCHPONRTCQ0-BRWE000-GTE-P00055,Settled Early,08/01/26 11:17:48.304 PM EDT,$0.00
Brandon Lowe 6.5,MLB-PHRR-FG-02HVDCHPONRTCQ0-BRWE000-GTE-P00065,Settled Early,08/01/26 11:17:48.469 PM EDT,$0.00
Brandon Lowe 7.5,MLB-PHRR-FG-02HVDCHPONRTCQ0-BRWE000-GTE-P00075,Settled Early,08/01/26 11:17:48.678 PM EDT,$0.00
Brandon Lowe 8.5,MLB-PHRR-FG-02HVDCHPONRTCQ0-BRWE000-GTE-P00085,Settled Early,08/01/26 11:17:48.852 PM EDT,$0.00
Brandon Lowe 9.5,MLB-PHRR-FG-02HVDCHPONRTCQ0-BRWE000-GTE-P00095,Settled Early,08/01/26 11:17:49.021 PM EDT,$0.00
Jared Triolo 0.5,MLB-PHRR-FG-02HVDCHPONRTCQ0-JALO000-GTE-P00005,Settled Early,08/01/26 11:18:03.871 PM EDT,$0.00
Jared Triolo 1.5,MLB-PHRR-FG-02HVDCHPONRTCQ0-JALO000-GTE-P00015,Settled Early,08/01/26 11:18:04.066 PM EDT,$0.00
Jared Triolo 2.5,MLB-PHRR-FG-02HVDCHPONRTCQ0-JALO000-GTE-P00025,Settled Early,08/01/26 11:18:04.254 PM EDT,$0.00
Jared Triolo 3.5,MLB-PHRR-FG-02HVDCHPONRTCQ0-JALO000-GTE-P00035,Settled Early,08/01/26 11:18:04.443 PM EDT,$0.00
Jared Triolo 4.5,MLB-PHRR-FG-02HVDCHPONRTCQ0-JALO000-GTE-P00045,Settled Early,08/01/26 11:18:04.642 PM EDT,$0.00
Jared Triolo 5.5,MLB-PHRR-FG-02HVDCHPONRTCQ0-JALO000-GTE-P00055,Settled Early,08/01/26 11:18:04.808 PM EDT,$0.00
Jared Triolo 6.5,MLB-PHRR-FG-02HVDCHPONRTCQ0-JALO000-GTE-P00065,Settled Early,08/01/26 11:18:05.008 PM EDT,$0.00
Jared Triolo 7.5,MLB-PHRR-FG-02HVDCHPONRTCQ0-JALO000-GTE-P00075,Settled Early,08/01/26 11:18:05.172 PM EDT,$0.00
Jared Triolo 8.5,MLB-PHRR-FG-02HVDCHPONRTCQ0-JALO000-GTE-P00085,Settled Early,08/01/26 11:18:05.361 PM EDT,$0.00
Jared Triolo 9.5,MLB-PHRR-FG-02HVDCHPONRTCQ0-JALO000-GTE-P00095,Settled Early,08/01/26 11:18:05.553 PM EDT,$0.00
Jake Mangum 2.5,MLB-PHRR-FG-02HVDCHPONRTCQ0-JAUM000-GTE-P00025,Settled Early,08/01/26 11:18:23.499 PM EDT,$1.00
Jake Mangum 0.5,MLB-PHRR-FG-02HVDCHPONRTCQ0-JAUM000-GTE-P00005,Settled Early,08/01/26 11:18:23.701 PM EDT,$1.00
Jake Mangum 1.5,MLB-PHRR-FG-02HVDCHPONRTCQ0-JAUM000-GTE-P00015,Settled Early,08/01/26 11:18:23.906 PM EDT,$1.00
Jake Mangum 5.5,MLB-PHRR-FG-02HVDCHPONRTCQ0-JAUM000-GTE-P00055,Settled Early,08/01/26 11:18:24.079 PM EDT,$0.00
Jake Mangum 4.5,MLB-PHRR-FG-02HVDCHPONRTCQ0-JAUM000-GTE-P00045,Settled Early,08/01/26 11:18:24.247 PM EDT,$0.00
Jake Mangum 3.5,MLB-PHRR-FG-02HVDCHPONRTCQ0-JAUM000-GTE-P00035,Settled Early,08/01/26 11:18:24.459 PM EDT,$0.00
Jake Mangum 8.5,MLB-PHRR-FG-02HVDCHPONRTCQ0-JAUM000-GTE-P00085,Settled Early,08/01/26 11:18:24.656 PM EDT,$0.00
Jake Mangum 6.5,MLB-PHRR-FG-02HVDCHPONRTCQ0-JAUM000-GTE-P00065,Settled Early,08/01/26 11:18:24.847 PM EDT,$0.00
Jake Mangum 7.5,MLB-PHRR-FG-02HVDCHPONRTCQ0-JAUM000-GTE-P00075,Settled Early,08/01/26 11:18:25.041 PM EDT,$0.00
Jake Mangum 9.5,MLB-PHRR-FG-02HVDCHPONRTCQ0-JAUM000-GTE-P00095,Settled Early,08/01/26 11:18:25.212 PM EDT,$0.00
Esmerlyn Valdez 0.5,MLB-PHRR-FG-02HVDCHPONRTCQ0-ESEZ000-GTE-P00005,Settled Early,08/01/26 11:18:41.149 PM EDT,$1.00
Esmerlyn Valdez 1.5,MLB-PHRR-FG-02HVDCHPONRTCQ0-ESEZ000-GTE-P00015,Settled Early,08/01/26 11:18:41.345 PM EDT,$0.00
Esmerlyn Valdez 2.5,MLB-PHRR-FG-02HVDCHPONRTCQ0-ESEZ000-GTE-P00025,Settled Early,08/01/26 11:18:41.553 PM EDT,$0.00
Esmerlyn Valdez 3.5,MLB-PHRR-FG-02HVDCHPONRTCQ0-ESEZ000-GTE-P00035,Settled Early,08/01/26 11:18:41.751 PM EDT,$0.00
Esmerlyn Valdez 4.5,MLB-PHRR-FG-02HVDCHPONRTCQ0-ESEZ000-GTE-P00045,Settled Early,08/01/26 11:18:41.916 PM EDT,$0.00
Esmerlyn Valdez 5.5,MLB-PHRR-FG-02HVDCHPONRTCQ0-ESEZ000-GTE-P00055,Settled Early,08/01/26 11:18:42.118 PM EDT,$0.00
Esmerlyn Valdez 6.5,MLB-PHRR-FG-02HVDCHPONRTCQ0-ESEZ000-GTE-P00065,Settled Early,08/01/26 11:18:42.318 PM EDT,$0.00
Esmerlyn Valdez 7.5,MLB-PHRR-FG-02HVDCHPONRTCQ0-ESEZ000-GTE-P00075,Settled Early,08/01/26 11:18:42.490 PM EDT,$0.00
Esmerlyn Valdez 8.5,MLB-PHRR-FG-02HVDCHPONRTCQ0-ESEZ000-GTE-P00085,Settled Early,08/01/26 11:18:42.683 PM EDT,$0.00
Esmerlyn Valdez 9.5,MLB-PHRR-FG-02HVDCHPONRTCQ0-ESEZ000-GTE-P00095,Settled Early,08/01/26 11:18:42.872 PM EDT,$0.00
Eugenio Suarez 5.5,MLB-PHRR-FG-02HVDCHPONRTCQ0-EUEZ001-GTE-P00055,Settled Early,08/01/26 11:18:57.151 PM EDT,$0.00
Eugenio Suarez 0.5,MLB-PHRR-FG-02HVDCHPONRTCQ0-EUEZ001-GTE-P00005,Settled Early,08/01/26 11:18:57.340 PM EDT,$1.00
Eugenio Suarez 1.5,MLB-PHRR-FG-02HVDCHPONRTCQ0-EUEZ001-GTE-P00015,Settled Early,08/01/26 11:18:57.559 PM EDT,$0.00
Eugenio Suarez 2.5,MLB-PHRR-FG-02HVDCHPONRTCQ0-EUEZ001-GTE-P00025,Settled Early,08/01/26 11:18:57.762 PM EDT,$0.00
Eugenio Suarez 3.5,MLB-PHRR-FG-02HVDCHPONRTCQ0-EUEZ001-GTE-P00035,Settled Early,08/01/26 11:18:57.956 PM EDT,$0.00
Eugenio Suarez 4.5,MLB-PHRR-FG-02HVDCHPONRTCQ0-EUEZ001-GTE-P00045,Settled Early,08/01/26 11:18:58.192 PM EDT,$0.00
Eugenio Suarez 6.5,MLB-PHRR-FG-02HVDCHPONRTCQ0-EUEZ001-GTE-P00065,Settled Early,08/01/26 11:18:58.380 PM EDT,$0.00
Eugenio Suarez 7.5,MLB-PHRR-FG-02HVDCHPONRTCQ0-EUEZ001-GTE-P00075,Settled Early,08/01/26 11:18:58.577 PM EDT,$0.00
Eugenio Suarez 8.5,MLB-PHRR-FG-02HVDCHPONRTCQ0-EUEZ001-GTE-P00085,Settled Early,08/01/26 11:18:58.749 PM EDT,$0.00
Eugenio Suarez 9.5,MLB-PHRR-FG-02HVDCHPONRTCQ0-EUEZ001-GTE-P00095,Settled Early,08/01/26 11:18:58.915 PM EDT,$0.00
Jose Trevino 0.5,MLB-PHRR-FG-02HVDCHPONRTCQ0-JONO003-GTE-P00005,Settled Early,08/01/26 11:19:12.087 PM EDT,$1.00
Jose Trevino 1.5,MLB-PHRR-FG-02HVDCHPONRTCQ0-JONO003-GTE-P00015,Settled Early,08/01/26 11:19:12.288 PM EDT,$1.00
Jose Trevino 2.5,MLB-PHRR-FG-02HVDCHPONRTCQ0-JONO003-GTE-P00025,Settled Early,08/01/26 11:19:12.478 PM EDT,$1.00
Jose Trevino 3.5,MLB-PHRR-FG-02HVDCHPONRTCQ0-JONO003-GTE-P00035,Settled Early,08/01/26 11:19:12.683 PM EDT,$0.00
Jose Trevino 4.5,MLB-PHRR-FG-02HVDCHPONRTCQ0-JONO003-GTE-P00045,Settled Early,08/01/26 11:19:12.875 PM EDT,$0.00
Jose Trevino 5.5,MLB-PHRR-FG-02HVDCHPONRTCQ0-JONO003-GTE-P00055,Settled Early,08/01/26 11:19:13.043 PM EDT,$0.00
Jose Trevino 6.5,MLB-PHRR-FG-02HVDCHPONRTCQ0-JONO003-GTE-P00065,Settled Early,08/01/26 11:19:13.235 PM EDT,$0.00
Jose Trevino 7.5,MLB-PHRR-FG-02HVDCHPONRTCQ0-JONO003-GTE-P00075,Settled Early,08/01/26 11:19:13.428 PM EDT,$0.00
Jose Trevino 8.5,MLB-PHRR-FG-02HVDCHPONRTCQ0-JONO003-GTE-P00085,Settled Early,08/01/26 11:19:13.623 PM EDT,$0.00
Jose Trevino 9.5,MLB-PHRR-FG-02HVDCHPONRTCQ0-JONO003-GTE-P00095,Settled Early,08/01/26 11:19:13.785 PM EDT,$0.00
Over 3.5,MLB-TRUNS-I8-02HVDCHPONRTCQ0-GTE-P00035,Settled Early,08/01/26 11:19:24.272 PM EDT,$0.00
Over 2.5,MLB-TRUNS-I8-02HVDCHPONRTCQ0-GTE-P00025,Settled Early,08/01/26 11:19:24.436 PM EDT,$0.00
Over 1.5,MLB-TRUNS-I8-02HVDCHPONRTCQ0-GTE-P00015,Settled Early,08/01/26 11:19:24.645 PM EDT,$0.00
Over 0.5,MLB-TRUNS-I8-02HVDCHPONRTCQ0-GTE-P00005,Settled Early,08/01/26 11:19:24.831 PM EDT,$0.00
Over 4.5,MLB-TRUNS-I8-02HVDCHPONRTCQ0-GTE-P00045,Settled Early,08/01/26 11:19:25.101 PM EDT,$0.00
Bryan Reynolds 0.5,MLB-PHRR-FG-02HVDCHPONRTCQ0-BRDS000-GTE-P00005,Settled Early,08/01/26 11:19:39.934 PM EDT,$1.00
Bryan Reynolds 1.5,MLB-PHRR-FG-02HVDCHPONRTCQ0-BRDS000-GTE-P00015,Settled Early,08/01/26 11:19:40.150 PM EDT,$1.00
Bryan Reynolds 2.5,MLB-PHRR-FG-02HVDCHPONRTCQ0-BRDS000-GTE-P00025,Settled Early,08/01/26 11:19:40.448 PM EDT,$0.00
Bryan Reynolds 3.5,MLB-PHRR-FG-02HVDCHPONRTCQ0-BRDS000-GTE-P00035,Settled Early,08/01/26 11:19:40.618 PM EDT,$0.00
Bryan Reynolds 4.5,MLB-PHRR-FG-02HVDCHPONRTCQ0-BRDS000-GTE-P00045,Settled Early,08/01/26 11:19:40.827 PM EDT,$0.00
Bryan Reynolds 5.5,MLB-PHRR-FG-02HVDCHPONRTCQ0-BRDS000-GTE-P00055,Settled Early,08/01/26 11:19:40.993 PM EDT,$0.00
Bryan Reynolds 6.5,MLB-PHRR-FG-02HVDCHPONRTCQ0-BRDS000-GTE-P00065,Settled Early,08/01/26 11:19:41.161 PM EDT,$0.00
Bryan Reynolds 7.5,MLB-PHRR-FG-02HVDCHPONRTCQ0-BRDS000-GTE-P00075,Settled Early,08/01/26 11:19:41.329 PM EDT,$0.00
Bryan Reynolds 8.5,MLB-PHRR-FG-02HVDCHPONRTCQ0-BRDS000-GTE-P00085,Settled Early,08/01/26 11:19:41.518 PM EDT,$0.00
Bryan Reynolds 9.5,MLB-PHRR-FG-02HVDCHPONRTCQ0-BRDS000-GTE-P00095,Settled Early,08/01/26 11:19:41.687 PM EDT,$0.00
TJ Friedl 2.5,MLB-PHRR-FG-02HVDCHPONRTCQ0-TJDL000-GTE-P00025,Settled Early,08/01/26 11:19:56.181 PM EDT,$0.00
TJ Friedl 1.5,MLB-PHRR-FG-02HVDCHPONRTCQ0-TJDL000-GTE-P00015,Settled Early,08/01/26 11:19:56.377 PM EDT,$0.00
TJ Friedl 3.5,MLB-PHRR-FG-02HVDCHPONRTCQ0-TJDL000-GTE-P00035,Settled Early,08/01/26 11:19:56.562 PM EDT,$0.00
TJ Friedl 0.5,MLB-PHRR-FG-02HVDCHPONRTCQ0-TJDL000-GTE-P00005,Settled Early,08/01/26 11:19:56.775 PM EDT,$0.00
TJ Friedl 8.5,MLB-PHRR-FG-02HVDCHPONRTCQ0-TJDL000-GTE-P00085,Settled Early,08/01/26 11:19:56.983 PM EDT,$0.00
TJ Friedl 9.5,MLB-PHRR-FG-02HVDCHPONRTCQ0-TJDL000-GTE-P00095,Settled Early,08/01/26 11:19:57.175 PM EDT,$0.00
TJ Friedl 6.5,MLB-PHRR-FG-02HVDCHPONRTCQ0-TJDL000-GTE-P00065,Settled Early,08/01/26 11:19:57.366 PM EDT,$0.00
TJ Friedl 4.5,MLB-PHRR-FG-02HVDCHPONRTCQ0-TJDL000-GTE-P00045,Settled Early,08/01/26 11:19:57.527 PM EDT,$0.00
TJ Friedl 7.5,MLB-PHRR-FG-02HVDCHPONRTCQ0-TJDL000-GTE-P00075,Settled Early,08/01/26 11:19:57.720 PM EDT,$0.00
TJ Friedl 5.5,MLB-PHRR-FG-02HVDCHPONRTCQ0-TJDL000-GTE-P00055,Settled Early,08/01/26 11:19:57.904 PM EDT,$0.00
Over 2.5,MLB-TRUNS-I7-02HVDCHPONRTCQ0-GTE-P00025,Settled Early,08/01/26 11:20:06.548 PM EDT,$0.00
Over 3.5,MLB-TRUNS-I7-02HVDCHPONRTCQ0-GTE-P00035,Settled Early,08/01/26 11:20:06.735 PM EDT,$0.00
Over 0.5,MLB-TRUNS-I7-02HVDCHPONRTCQ0-GTE-P00005,Settled Early,08/01/26 11:20:06.955 PM EDT,$0.00
Over 4.5,MLB-TRUNS-I7-02HVDCHPONRTCQ0-GTE-P00045,Settled Early,08/01/26 11:20:07.357 PM EDT,$0.00
Over 1.5,MLB-TRUNS-I7-02HVDCHPONRTCQ0-GTE-P00015,Settled Early,08/01/26 11:20:07.586 PM EDT,$0.00
Rafael Flores 3.5,MLB-PHRR-FG-02HVDCHPONRTCQ0-RAES000-GTE-P00035,Settled Early,08/01/26 11:20:23.432 PM EDT,$0.00
Rafael Flores 0.5,MLB-PHRR-FG-02HVDCHPONRTCQ0-RAES000-GTE-P00005,Settled Early,08/01/26 11:20:23.649 PM EDT,$0.00
Rafael Flores 4.5,MLB-PHRR-FG-02HVDCHPONRTCQ0-RAES000-GTE-P00045,Settled Early,08/01/26 11:20:23.821 PM EDT,$0.00
Rafael Flores 2.5,MLB-PHRR-FG-02HVDCHPONRTCQ0-RAES000-GTE-P00025,Settled Early,08/01/26 11:20:23.995 PM EDT,$0.00
Rafael Flores 1.5,MLB-PHRR-FG-02HVDCHPONRTCQ0-RAES000-GTE-P00015,Settled Early,08/01/26 11:20:24.161 PM EDT,$0.00
Rafael Flores 8.5,MLB-PHRR-FG-02HVDCHPONRTCQ0-RAES000-GTE-P00085,Settled Early,08/01/26 11:20:24.351 PM EDT,$0.00
Rafael Flores 6.5,MLB-PHRR-FG-02HVDCHPONRTCQ0-RAES000-GTE-P00065,Settled Early,08/01/26 11:20:24.539 PM EDT,$0.00
Rafael Flores 7.5,MLB-PHRR-FG-02HVDCHPONRTCQ0-RAES000-GTE-P00075,Settled Early,08/01/26 11:20:24.705 PM EDT,$0.00
Rafael Flores 5.5,MLB-PHRR-FG-02HVDCHPONRTCQ0-RAES000-GTE-P00055,Settled Early,08/01/26 11:20:24.901 PM EDT,$0.00
Rafael Flores 9.5,MLB-PHRR-FG-02HVDCHPONRTCQ0-RAES000-GTE-P00095,Settled Early,08/01/26 11:20:25.067 PM EDT,$0.00
Matt McLain 0.5,MLB-PHRR-FG-02HVDCHPONRTCQ0-MAIN000-GTE-P00005,Settled Early,08/01/26 11:20:38.592 PM EDT,$0.00
Matt McLain 1.5,MLB-PHRR-FG-02HVDCHPONRTCQ0-MAIN000-GTE-P00015,Settled Early,08/01/26 11:20:38.794 PM EDT,$0.00
Matt McLain 2.5,MLB-PHRR-FG-02HVDCHPONRTCQ0-MAIN000-GTE-P00025,Settled Early,08/01/26 11:20:38.982 PM EDT,$0.00
Matt McLain 3.5,MLB-PHRR-FG-02HVDCHPONRTCQ0-MAIN000-GTE-P00035,Settled Early,08/01/26 11:20:39.208 PM EDT,$0.00
Matt McLain 4.5,MLB-PHRR-FG-02HVDCHPONRTCQ0-MAIN000-GTE-P00045,Settled Early,08/01/26 11:20:39.394 PM EDT,$0.00
Matt McLain 5.5,MLB-PHRR-FG-02HVDCHPONRTCQ0-MAIN000-GTE-P00055,Settled Early,08/01/26 11:20:39.565 PM EDT,$0.00
Matt McLain 6.5,MLB-PHRR-FG-02HVDCHPONRTCQ0-MAIN000-GTE-P00065,Settled Early,08/01/26 11:20:39.792 PM EDT,$0.00
Matt McLain 7.5,MLB-PHRR-FG-02HVDCHPONRTCQ0-MAIN000-GTE-P00075,Settled Early,08/01/26 11:20:39.960 PM EDT,$0.00
Matt McLain 8.5,MLB-PHRR-FG-02HVDCHPONRTCQ0-MAIN000-GTE-P00085,Settled Early,08/01/26 11:20:40.130 PM EDT,$0.00
Matt McLain 9.5,MLB-PHRR-FG-02HVDCHPONRTCQ0-MAIN000-GTE-P00095,Settled Early,08/01/26 11:20:40.304 PM EDT,$0.00
JJ Bleday 8.5,MLB-PHRR-FG-02HVDCHPONRTCQ0-JJAY000-GTE-P00085,Settled Early,08/01/26 11:20:50.973 PM EDT,$0.00
JJ Bleday 0.5,MLB-PHRR-FG-02HVDCHPONRTCQ0-JJAY000-GTE-P00005,Settled Early,08/01/26 11:20:51.212 PM EDT,$0.00
JJ Bleday 1.5,MLB-PHRR-FG-02HVDCHPONRTCQ0-JJAY000-GTE-P00015,Settled Early,08/01/26 11:20:51.413 PM EDT,$0.00
JJ Bleday 2.5,MLB-PHRR-FG-02HVDCHPONRTCQ0-JJAY000-GTE-P00025,Settled Early,08/01/26 11:20:51.632 PM EDT,$0.00
JJ Bleday 3.5,MLB-PHRR-FG-02HVDCHPONRTCQ0-JJAY000-GTE-P00035,Settled Early,08/01/26 11:20:51.809 PM EDT,$0.00
JJ Bleday 4.5,MLB-PHRR-FG-02HVDCHPONRTCQ0-JJAY000-GTE-P00045,Settled Early,08/01/26 11:20:52.004 PM EDT,$0.00
JJ Bleday 5.5,MLB-PHRR-FG-02HVDCHPONRTCQ0-JJAY000-GTE-P00055,Settled Early,08/01/26 11:20:52.176 PM EDT,$0.00
JJ Bleday 6.5,MLB-PHRR-FG-02HVDCHPONRTCQ0-JJAY000-GTE-P00065,Settled Early,08/01/26 11:20:52.400 PM EDT,$0.00
JJ Bleday 7.5,MLB-PHRR-FG-02HVDCHPONRTCQ0-JJAY000-GTE-P00075,Settled Early,08/01/26 11:20:52.570 PM EDT,$0.00
JJ Bleday 9.5,MLB-PHRR-FG-02HVDCHPONRTCQ0-JJAY000-GTE-P00095,Settled Early,08/01/26 11:20:52.738 PM EDT,$0.00
Henry Davis 0.5,MLB-PHRR-FG-02HVDCHPONRTCQ0-HEIS000-GTE-P00005,Settled Early,08/01/26 11:21:07.165 PM EDT,$1.00
Henry Davis 1.5,MLB-PHRR-FG-02HVDCHPONRTCQ0-HEIS000-GTE-P00015,Settled Early,08/01/26 11:21:07.367 PM EDT,$1.00
Henry Davis 2.5,MLB-PHRR-FG-02HVDCHPONRTCQ0-HEIS000-GTE-P00025,Settled Early,08/01/26 11:21:07.566 PM EDT,$1.00
Henry Davis 3.5,MLB-PHRR-FG-02HVDCHPONRTCQ0-HEIS000-GTE-P00035,Settled Early,08/01/26 11:21:07.795 PM EDT,$0.00
Henry Davis 4.5,MLB-PHRR-FG-02HVDCHPONRTCQ0-HEIS000-GTE-P00045,Settled Early,08/01/26 11:21:07.990 PM EDT,$0.00
Henry Davis 5.5,MLB-PHRR-FG-02HVDCHPONRTCQ0-HEIS000-GTE-P00055,Settled Early,08/01/26 11:21:08.208 PM EDT,$0.00
Henry Davis 6.5,MLB-PHRR-FG-02HVDCHPONRTCQ0-HEIS000-GTE-P00065,Settled Early,08/01/26 11:21:08.391 PM EDT,$0.00
Henry Davis 7.5,MLB-PHRR-FG-02HVDCHPONRTCQ0-HEIS000-GTE-P00075,Settled Early,08/01/26 11:21:08.647 PM EDT,$0.00
Henry Davis 8.5,MLB-PHRR-FG-02HVDCHPONRTCQ0-HEIS000-GTE-P00085,Settled Early,08/01/26 11:21:08.929 PM EDT,$0.00
Henry Davis 9.5,MLB-PHRR-FG-02HVDCHPONRTCQ0-HEIS000-GTE-P00095,Settled Early,08/01/26 11:21:09.108 PM EDT,$0.00
Over 4.5,MLB-TRUNS-I8-02HVDVNFONRVA50-GTE-P00045,Settled Early,08/01/26 11:29:33.975 PM EDT,$0.00
Over 2.5,MLB-TRUNS-I8-02HVDVNFONRVA50-GTE-P00025,Settled Early,08/01/26 11:29:34.310 PM EDT,$1.00
Over 1.5,MLB-TRUNS-I8-02HVDVNFONRVA50-GTE-P00015,Settled Early,08/01/26 11:29:34.575 PM EDT,$1.00
Over 3.5,MLB-TRUNS-I8-02HVDVNFONRVA50-GTE-P00035,Settled Early,08/01/26 11:29:34.855 PM EDT,$0.00
Over 0.5,MLB-TRUNS-I8-02HVDVNFONRVA50-GTE-P00005,Settled Early,08/01/26 11:29:35.177 PM EDT,$1.00
Over 3.5,MLB-TRUNS-I7-02HVDVNFONRVA50-GTE-P00035,Settled Early,08/01/26 11:29:45.419 PM EDT,$0.00
Over 0.5,MLB-TRUNS-I7-02HVDVNFONRVA50-GTE-P00005,Settled Early,08/01/26 11:29:45.697 PM EDT,$1.00
Over 1.5,MLB-TRUNS-I7-02HVDVNFONRVA50-GTE-P00015,Settled Early,08/01/26 11:29:46.000 PM EDT,$0.00
Over 2.5,MLB-TRUNS-I7-02HVDVNFONRVA50-GTE-P00025,Settled Early,08/01/26 11:29:46.303 PM EDT,$0.00
Over 4.5,MLB-TRUNS-I7-02HVDVNFONRVA50-GTE-P00045,Settled Early,08/01/26 11:29:46.542 PM EDT,$0.00
Mickey Moniak 4.5,MLB-PHRR-FG-02HVDVNFONRVA50-MIAK000-GTE-P00045,Settled Early,08/01/26 11:30:07.955 PM EDT,$0.00
Mickey Moniak 5.5,MLB-PHRR-FG-02HVDVNFONRVA50-MIAK000-GTE-P00055,Settled Early,08/01/26 11:30:08.154 PM EDT,$0.00
Mickey Moniak 7.5,MLB-PHRR-FG-02HVDVNFONRVA50-MIAK000-GTE-P00075,Settled Early,08/01/26 11:30:08.363 PM EDT,$0.00
Mickey Moniak 8.5,MLB-PHRR-FG-02HVDVNFONRVA50-MIAK000-GTE-P00085,Settled Early,08/01/26 11:30:08.583 PM EDT,$0.00
Mickey Moniak 1.5,MLB-PHRR-FG-02HVDVNFONRVA50-MIAK000-GTE-P00015,Settled Early,08/01/26 11:30:08.753 PM EDT,$1.00
Mickey Moniak 0.5,MLB-PHRR-FG-02HVDVNFONRVA50-MIAK000-GTE-P00005,Settled Early,08/01/26 11:30:09.037 PM EDT,$1.00
Mickey Moniak 2.5,MLB-PHRR-FG-02HVDVNFONRVA50-MIAK000-GTE-P00025,Settled Early,08/01/26 11:30:09.232 PM EDT,$0.00
Mickey Moniak 6.5,MLB-PHRR-FG-02HVDVNFONRVA50-MIAK000-GTE-P00065,Settled Early,08/01/26 11:30:09.430 PM EDT,$0.00
Mickey Moniak 3.5,MLB-PHRR-FG-02HVDVNFONRVA50-MIAK000-GTE-P00035,Settled Early,08/01/26 11:30:09.623 PM EDT,$0.00
Mickey Moniak 9.5,MLB-PHRR-FG-02HVDVNFONRVA50-MIAK000-GTE-P00095,Settled Early,08/01/26 11:30:09.811 PM EDT,$0.00
Cole Carrigg 2.5,MLB-PHRR-FG-02HVDVNFONRVA50-COGG000-GTE-P00025,Settled Early,08/01/26 11:30:22.495 PM EDT,$0.00
Cole Carrigg 7.5,MLB-PHRR-FG-02HVDVNFONRVA50-COGG000-GTE-P00075,Settled Early,08/01/26 11:30:22.717 PM EDT,$0.00
Cole Carrigg 3.5,MLB-PHRR-FG-02HVDVNFONRVA50-COGG000-GTE-P00035,Settled Early,08/01/26 11:30:22.921 PM EDT,$0.00
Cole Carrigg 4.5,MLB-PHRR-FG-02HVDVNFONRVA50-COGG000-GTE-P00045,Settled Early,08/01/26 11:30:23.121 PM EDT,$0.00
Cole Carrigg 0.5,MLB-PHRR-FG-02HVDVNFONRVA50-COGG000-GTE-P00005,Settled Early,08/01/26 11:30:23.410 PM EDT,$0.00
Cole Carrigg 8.5,MLB-PHRR-FG-02HVDVNFONRVA50-COGG000-GTE-P00085,Settled Early,08/01/26 11:30:23.651 PM EDT,$0.00
Cole Carrigg 6.5,MLB-PHRR-FG-02HVDVNFONRVA50-COGG000-GTE-P00065,Settled Early,08/01/26 11:30:23.874 PM EDT,$0.00
Cole Carrigg 5.5,MLB-PHRR-FG-02HVDVNFONRVA50-COGG000-GTE-P00055,Settled Early,08/01/26 11:30:24.064 PM EDT,$0.00
Cole Carrigg 9.5,MLB-PHRR-FG-02HVDVNFONRVA50-COGG000-GTE-P00095,Settled Early,08/01/26 11:30:24.292 PM EDT,$0.00
Cole Carrigg 1.5,MLB-PHRR-FG-02HVDVNFONRVA50-COGG000-GTE-P00015,Settled Early,08/01/26 11:30:24.492 PM EDT,$0.00
Lane Thomas 1.5,MLB-PHRR-FG-02HVDVNFONRVA50-LAAS001-GTE-P00015,Settled Early,08/01/26 11:30:38.615 PM EDT,$0.00
Lane Thomas 3.5,MLB-PHRR-FG-02HVDVNFONRVA50-LAAS001-GTE-P00035,Settled Early,08/01/26 11:30:38.863 PM EDT,$0.00
Lane Thomas 4.5,MLB-PHRR-FG-02HVDVNFONRVA50-LAAS001-GTE-P00045,Settled Early,08/01/26 11:30:39.063 PM EDT,$0.00
Lane Thomas 5.5,MLB-PHRR-FG-02HVDVNFONRVA50-LAAS001-GTE-P00055,Settled Early,08/01/26 11:30:39.271 PM EDT,$0.00
Lane Thomas 8.5,MLB-PHRR-FG-02HVDVNFONRVA50-LAAS001-GTE-P00085,Settled Early,08/01/26 11:30:39.442 PM EDT,$0.00
Lane Thomas 9.5,MLB-PHRR-FG-02HVDVNFONRVA50-LAAS001-GTE-P00095,Settled Early,08/01/26 11:30:39.627 PM EDT,$0.00
Lane Thomas 2.5,MLB-PHRR-FG-02HVDVNFONRVA50-LAAS001-GTE-P00025,Settled Early,08/01/26 11:30:39.797 PM EDT,$0.00
Lane Thomas 0.5,MLB-PHRR-FG-02HVDVNFONRVA50-LAAS001-GTE-P00005,Settled Early,08/01/26 11:30:39.963 PM EDT,$1.00
Lane Thomas 6.5,MLB-PHRR-FG-02HVDVNFONRVA50-LAAS001-GTE-P00065,Settled Early,08/01/26 11:30:40.153 PM EDT,$0.00
Lane Thomas 7.5,MLB-PHRR-FG-02HVDVNFONRVA50-LAAS001-GTE-P00075,Settled Early,08/01/26 11:30:40.344 PM EDT,$0.00
Brenton Doyle 5.5,MLB-PHRR-FG-02HVDVNFONRVA50-BRLE002-GTE-P00055,Settled Early,08/01/26 11:31:06.075 PM EDT,$0.00
Brenton Doyle 0.5,MLB-PHRR-FG-02HVDVNFONRVA50-BRLE002-GTE-P00005,Settled Early,08/01/26 11:31:06.246 PM EDT,$1.00
Brenton Doyle 1.5,MLB-PHRR-FG-02HVDVNFONRVA50-BRLE002-GTE-P00015,Settled Early,08/01/26 11:31:06.438 PM EDT,$1.00
Brenton Doyle 3.5,MLB-PHRR-FG-02HVDVNFONRVA50-BRLE002-GTE-P00035,Settled Early,08/01/26 11:31:06.636 PM EDT,$0.00
Brenton Doyle 2.5,MLB-PHRR-FG-02HVDVNFONRVA50-BRLE002-GTE-P00025,Settled Early,08/01/26 11:31:06.830 PM EDT,$0.00
Brenton Doyle 4.5,MLB-PHRR-FG-02HVDVNFONRVA50-BRLE002-GTE-P00045,Settled Early,08/01/26 11:31:06.997 PM EDT,$0.00
Brenton Doyle 8.5,MLB-PHRR-FG-02HVDVNFONRVA50-BRLE002-GTE-P00085,Settled Early,08/01/26 11:31:07.189 PM EDT,$0.00
Brenton Doyle 7.5,MLB-PHRR-FG-02HVDVNFONRVA50-BRLE002-GTE-P00075,Settled Early,08/01/26 11:31:07.396 PM EDT,$0.00
Brenton Doyle 6.5,MLB-PHRR-FG-02HVDVNFONRVA50-BRLE002-GTE-P00065,Settled Early,08/01/26 11:31:07.593 PM EDT,$0.00
Brenton Doyle 9.5,MLB-PHRR-FG-02HVDVNFONRVA50-BRLE002-GTE-P00095,Settled Early,08/01/26 11:31:07.758 PM EDT,$0.00
Jac Caglianone 1.5,MLB-PHRR-FG-02HVDVNFONRVA50-JANE000-GTE-P00015,Settled Early,08/01/26 11:31:23.483 PM EDT,$1.00
Jac Caglianone 2.5,MLB-PHRR-FG-02HVDVNFONRVA50-JANE000-GTE-P00025,Settled Early,08/01/26 11:31:23.740 PM EDT,$1.00
Jac Caglianone 3.5,MLB-PHRR-FG-02HVDVNFONRVA50-JANE000-GTE-P00035,Settled Early,08/01/26 11:31:24.004 PM EDT,$1.00
Jac Caglianone 4.5,MLB-PHRR-FG-02HVDVNFONRVA50-JANE000-GTE-P00045,Settled Early,08/01/26 11:31:24.179 PM EDT,$0.00
Jac Caglianone 5.5,MLB-PHRR-FG-02HVDVNFONRVA50-JANE000-GTE-P00055,Settled Early,08/01/26 11:31:24.359 PM EDT,$0.00
Jac Caglianone 7.5,MLB-PHRR-FG-02HVDVNFONRVA50-JANE000-GTE-P00075,Settled Early,08/01/26 11:31:24.558 PM EDT,$0.00
Jac Caglianone 0.5,MLB-PHRR-FG-02HVDVNFONRVA50-JANE000-GTE-P00005,Settled Early,08/01/26 11:31:24.776 PM EDT,$1.00
Jac Caglianone 6.5,MLB-PHRR-FG-02HVDVNFONRVA50-JANE000-GTE-P00065,Settled Early,08/01/26 11:31:24.949 PM EDT,$0.00
Jac Caglianone 9.5,MLB-PHRR-FG-02HVDVNFONRVA50-JANE000-GTE-P00095,Settled Early,08/01/26 11:31:25.117 PM EDT,$0.00
Jac Caglianone 8.5,MLB-PHRR-FG-02HVDVNFONRVA50-JANE000-GTE-P00085,Settled Early,08/01/26 11:31:25.317 PM EDT,$0.00
Salvador Perez 1.5,MLB-PHRR-FG-02HVDVNFONRVA50-SAEZ000-GTE-P00015,Settled Early,08/01/26 11:31:40.045 PM EDT,$1.00
Salvador Perez 5.5,MLB-PHRR-FG-02HVDVNFONRVA50-SAEZ000-GTE-P00055,Settled Early,08/01/26 11:31:40.244 PM EDT,$0.00
Salvador Perez 7.5,MLB-PHRR-FG-02HVDVNFONRVA50-SAEZ000-GTE-P00075,Settled Early,08/01/26 11:31:40.449 PM EDT,$0.00
Salvador Perez 9.5,MLB-PHRR-FG-02HVDVNFONRVA50-SAEZ000-GTE-P00095,Settled Early,08/01/26 11:31:40.614 PM EDT,$0.00
Salvador Perez 0.5,MLB-PHRR-FG-02HVDVNFONRVA50-SAEZ000-GTE-P00005,Settled Early,08/01/26 11:31:40.812 PM EDT,$1.00
Salvador Perez 6.5,MLB-PHRR-FG-02HVDVNFONRVA50-SAEZ000-GTE-P00065,Settled Early,08/01/26 11:31:40.984 PM EDT,$0.00
Salvador Perez 4.5,MLB-PHRR-FG-02HVDVNFONRVA50-SAEZ000-GTE-P00045,Settled Early,08/01/26 11:31:41.157 PM EDT,$0.00
Salvador Perez 8.5,MLB-PHRR-FG-02HVDVNFONRVA50-SAEZ000-GTE-P00085,Settled Early,08/01/26 11:31:41.376 PM EDT,$0.00
Salvador Perez 2.5,MLB-PHRR-FG-02HVDVNFONRVA50-SAEZ000-GTE-P00025,Settled Early,08/01/26 11:31:41.546 PM EDT,$1.00
Salvador Perez 3.5,MLB-PHRR-FG-02HVDVNFONRVA50-SAEZ000-GTE-P00035,Settled Early,08/01/26 11:31:41.748 PM EDT,$0.00
T.J. Rumfield 3.5,MLB-PHRR-FG-02HVDVNFONRVA50-TJLD000-GTE-P00035,Settled Early,08/01/26 11:31:56.642 PM EDT,$1.00
T.J. Rumfield 9.5,MLB-PHRR-FG-02HVDVNFONRVA50-TJLD000-GTE-P00095,Settled Early,08/01/26 11:31:56.873 PM EDT,$0.00
T.J. Rumfield 2.5,MLB-PHRR-FG-02HVDVNFONRVA50-TJLD000-GTE-P00025,Settled Early,08/01/26 11:31:57.062 PM EDT,$1.00
T.J. Rumfield 1.5,MLB-PHRR-FG-02HVDVNFONRVA50-TJLD000-GTE-P00015,Settled Early,08/01/26 11:31:57.256 PM EDT,$1.00
T.J. Rumfield 4.5,MLB-PHRR-FG-02HVDVNFONRVA50-TJLD000-GTE-P00045,Settled Early,08/01/26 11:31:57.491 PM EDT,$1.00
T.J. Rumfield 5.5,MLB-PHRR-FG-02HVDVNFONRVA50-TJLD000-GTE-P00055,Settled Early,08/01/26 11:31:57.680 PM EDT,$1.00
T.J. Rumfield 8.5,MLB-PHRR-FG-02HVDVNFONRVA50-TJLD000-GTE-P00085,Settled Early,08/01/26 11:31:57.894 PM EDT,$0.00
T.J. Rumfield 7.5,MLB-PHRR-FG-02HVDVNFONRVA50-TJLD000-GTE-P00075,Settled Early,08/01/26 11:31:58.079 PM EDT,$1.00
T.J. Rumfield 0.5,MLB-PHRR-FG-02HVDVNFONRVA50-TJLD000-GTE-P00005,Settled Early,08/01/26 11:31:58.272 PM EDT,$1.00
T.J. Rumfield 6.5,MLB-PHRR-FG-02HVDVNFONRVA50-TJLD000-GTE-P00065,Settled Early,08/01/26 11:31:58.469 PM EDT,$1.00
Tyler Freeman 1.5,MLB-PHRR-FG-02HVDVNFONRVA50-TYAN000-GTE-P00015,Settled Early,08/01/26 11:32:09.219 PM EDT,$1.00
Tyler Freeman 0.5,MLB-PHRR-FG-02HVDVNFONRVA50-TYAN000-GTE-P00005,Settled Early,08/01/26 11:32:09.421 PM EDT,$1.00
Tyler Freeman 3.5,MLB-PHRR-FG-02HVDVNFONRVA50-TYAN000-GTE-P00035,Settled Early,08/01/26 11:32:09.631 PM EDT,$0.00
Tyler Freeman 4.5,MLB-PHRR-FG-02HVDVNFONRVA50-TYAN000-GTE-P00045,Settled Early,08/01/26 11:32:09.853 PM EDT,$0.00
Tyler Freeman 2.5,MLB-PHRR-FG-02HVDVNFONRVA50-TYAN000-GTE-P00025,Settled Early,08/01/26 11:32:10.056 PM EDT,$0.00
Tyler Freeman 5.5,MLB-PHRR-FG-02HVDVNFONRVA50-TYAN000-GTE-P00055,Settled Early,08/01/26 11:32:10.223 PM EDT,$0.00
Tyler Freeman 9.5,MLB-PHRR-FG-02HVDVNFONRVA50-TYAN000-GTE-P00095,Settled Early,08/01/26 11:32:10.392 PM EDT,$0.00
Tyler Freeman 7.5,MLB-PHRR-FG-02HVDVNFONRVA50-TYAN000-GTE-P00075,Settled Early,08/01/26 11:32:10.562 PM EDT,$0.00
Tyler Freeman 8.5,MLB-PHRR-FG-02HVDVNFONRVA50-TYAN000-GTE-P00085,Settled Early,08/01/26 11:32:10.729 PM EDT,$0.00
Tyler Freeman 6.5,MLB-PHRR-FG-02HVDVNFONRVA50-TYAN000-GTE-P00065,Settled Early,08/01/26 11:32:10.928 PM EDT,$0.00
Willi Castro 0.5,MLB-PHRR-FG-02HVDVNFONRVA50-WIRO000-GTE-P00005,Settled Early,08/01/26 11:32:28.266 PM EDT,$1.00
Willi Castro 4.5,MLB-PHRR-FG-02HVDVNFONRVA50-WIRO000-GTE-P00045,Settled Early,08/01/26 11:32:28.467 PM EDT,$1.00
Willi Castro 8.5,MLB-PHRR-FG-02HVDVNFONRVA50-WIRO000-GTE-P00085,Settled Early,08/01/26 11:32:28.689 PM EDT,$0.00
Willi Castro 7.5,MLB-PHRR-FG-02HVDVNFONRVA50-WIRO000-GTE-P00075,Settled Early,08/01/26 11:32:28.883 PM EDT,$0.00
Willi Castro 1.5,MLB-PHRR-FG-02HVDVNFONRVA50-WIRO000-GTE-P00015,Settled Early,08/01/26 11:32:29.093 PM EDT,$1.00
Willi Castro 6.5,MLB-PHRR-FG-02HVDVNFONRVA50-WIRO000-GTE-P00065,Settled Early,08/01/26 11:32:29.318 PM EDT,$0.00
Willi Castro 9.5,MLB-PHRR-FG-02HVDVNFONRVA50-WIRO000-GTE-P00095,Settled Early,08/01/26 11:32:29.529 PM EDT,$0.00
Willi Castro 5.5,MLB-PHRR-FG-02HVDVNFONRVA50-WIRO000-GTE-P00055,Settled Early,08/01/26 11:32:29.715 PM EDT,$0.00
Willi Castro 2.5,MLB-PHRR-FG-02HVDVNFONRVA50-WIRO000-GTE-P00025,Settled Early,08/01/26 11:32:29.905 PM EDT,$1.00
Willi Castro 3.5,MLB-PHRR-FG-02HVDVNFONRVA50-WIRO000-GTE-P00035,Settled Early,08/01/26 11:32:30.163 PM EDT,$1.00
Jake McCarthy 4.5,MLB-PHRR-FG-02HVDVNFONRVA50-JAHY000-GTE-P00045,Settled Early,08/01/26 11:32:41.774 PM EDT,$0.00
Jake McCarthy 5.5,MLB-PHRR-FG-02HVDVNFONRVA50-JAHY000-GTE-P00055,Settled Early,08/01/26 11:32:41.973 PM EDT,$0.00
Jake McCarthy 6.5,MLB-PHRR-FG-02HVDVNFONRVA50-JAHY000-GTE-P00065,Settled Early,08/01/26 11:32:42.154 PM EDT,$0.00
Jake McCarthy 8.5,MLB-PHRR-FG-02HVDVNFONRVA50-JAHY000-GTE-P00085,Settled Early,08/01/26 11:32:42.324 PM EDT,$0.00
Jake McCarthy 0.5,MLB-PHRR-FG-02HVDVNFONRVA50-JAHY000-GTE-P00005,Settled Early,08/01/26 11:32:42.491 PM EDT,$1.00
Jake McCarthy 1.5,MLB-PHRR-FG-02HVDVNFONRVA50-JAHY000-GTE-P00015,Settled Early,08/01/26 11:32:42.672 PM EDT,$1.00
Jake McCarthy 7.5,MLB-PHRR-FG-02HVDVNFONRVA50-JAHY000-GTE-P00075,Settled Early,08/01/26 11:32:42.909 PM EDT,$0.00
Jake McCarthy 9.5,MLB-PHRR-FG-02HVDVNFONRVA50-JAHY000-GTE-P00095,Settled Early,08/01/26 11:32:43.110 PM EDT,$0.00
Jake McCarthy 3.5,MLB-PHRR-FG-02HVDVNFONRVA50-JAHY000-GTE-P00035,Settled Early,08/01/26 11:32:43.278 PM EDT,$1.00
Jake McCarthy 2.5,MLB-PHRR-FG-02HVDVNFONRVA50-JAHY000-GTE-P00025,Settled Early,08/01/26 11:32:43.450 PM EDT,$1.00
John Rave 0.5,MLB-PHRR-FG-02HVDVNFONRVA50-JOVE002-GTE-P00005,Settled Early,08/01/26 11:32:58.312 PM EDT,$1.00
John Rave 6.5,MLB-PHRR-FG-02HVDVNFONRVA50-JOVE002-GTE-P00065,Settled Early,08/01/26 11:32:58.542 PM EDT,$0.00
John Rave 1.5,MLB-PHRR-FG-02HVDVNFONRVA50-JOVE002-GTE-P00015,Settled Early,08/01/26 11:32:58.737 PM EDT,$1.00
John Rave 7.5,MLB-PHRR-FG-02HVDVNFONRVA50-JOVE002-GTE-P00075,Settled Early,08/01/26 11:32:58.952 PM EDT,$0.00
John Rave 5.5,MLB-PHRR-FG-02HVDVNFONRVA50-JOVE002-GTE-P00055,Settled Early,08/01/26 11:32:59.169 PM EDT,$0.00
John Rave 8.5,MLB-PHRR-FG-02HVDVNFONRVA50-JOVE002-GTE-P00085,Settled Early,08/01/26 11:32:59.366 PM EDT,$0.00
John Rave 2.5,MLB-PHRR-FG-02HVDVNFONRVA50-JOVE002-GTE-P00025,Settled Early,08/01/26 11:32:59.549 PM EDT,$1.00
John Rave 4.5,MLB-PHRR-FG-02HVDVNFONRVA50-JOVE002-GTE-P00045,Settled Early,08/01/26 11:32:59.743 PM EDT,$0.00
John Rave 3.5,MLB-PHRR-FG-02HVDVNFONRVA50-JOVE002-GTE-P00035,Settled Early,08/01/26 11:32:59.918 PM EDT,$1.00
John Rave 9.5,MLB-PHRR-FG-02HVDVNFONRVA50-JOVE002-GTE-P00095,Settled Early,08/01/26 11:33:00.106 PM EDT,$0.00
Isaac Collins 3.5,MLB-PHRR-FG-02HVDVNFONRVA50-ISNS000-GTE-P00035,Settled Early,08/01/26 11:33:23.613 PM EDT,$0.00
Isaac Collins 4.5,MLB-PHRR-FG-02HVDVNFONRVA50-ISNS000-GTE-P00045,Settled Early,08/01/26 11:33:23.788 PM EDT,$0.00
Isaac Collins 5.5,MLB-PHRR-FG-02HVDVNFONRVA50-ISNS000-GTE-P00055,Settled Early,08/01/26 11:33:24.010 PM EDT,$0.00
Isaac Collins 6.5,MLB-PHRR-FG-02HVDVNFONRVA50-ISNS000-GTE-P00065,Settled Early,08/01/26 11:33:24.211 PM EDT,$0.00
Isaac Collins 7.5,MLB-PHRR-FG-02HVDVNFONRVA50-ISNS000-GTE-P00075,Settled Early,08/01/26 11:33:24.381 PM EDT,$0.00
Isaac Collins 8.5,MLB-PHRR-FG-02HVDVNFONRVA50-ISNS000-GTE-P00085,Settled Early,08/01/26 11:33:24.554 PM EDT,$0.00
Isaac Collins 9.5,MLB-PHRR-FG-02HVDVNFONRVA50-ISNS000-GTE-P00095,Settled Early,08/01/26 11:33:24.726 PM EDT,$0.00
Isaac Collins 0.5,MLB-PHRR-FG-02HVDVNFONRVA50-ISNS000-GTE-P00005,Settled Early,08/01/26 11:33:24.917 PM EDT,$1.00
Isaac Collins 2.5,MLB-PHRR-FG-02HVDVNFONRVA50-ISNS000-GTE-P00025,Settled Early,08/01/26 11:33:25.087 PM EDT,$0.00
Isaac Collins 1.5,MLB-PHRR-FG-02HVDVNFONRVA50-ISNS000-GTE-P00015,Settled Early,08/01/26 11:33:25.256 PM EDT,$1.00
Michael Massey 1.5,MLB-PHRR-FG-02HVDVNFONRVA50-MIEY000-GTE-P00015,Settled Early,08/01/26 11:33:40.854 PM EDT,$1.00
Michael Massey 2.5,MLB-PHRR-FG-02HVDVNFONRVA50-MIEY000-GTE-P00025,Settled Early,08/01/26 11:33:41.057 PM EDT,$0.00
Michael Massey 6.5,MLB-PHRR-FG-02HVDVNFONRVA50-MIEY000-GTE-P00065,Settled Early,08/01/26 11:33:41.244 PM EDT,$0.00
Michael Massey 7.5,MLB-PHRR-FG-02HVDVNFONRVA50-MIEY000-GTE-P00075,Settled Early,08/01/26 11:33:41.416 PM EDT,$0.00
Michael Massey 4.5,MLB-PHRR-FG-02HVDVNFONRVA50-MIEY000-GTE-P00045,Settled Early,08/01/26 11:33:41.615 PM EDT,$0.00
Michael Massey 3.5,MLB-PHRR-FG-02HVDVNFONRVA50-MIEY000-GTE-P00035,Settled Early,08/01/26 11:33:41.816 PM EDT,$0.00
Michael Massey 9.5,MLB-PHRR-FG-02HVDVNFONRVA50-MIEY000-GTE-P00095,Settled Early,08/01/26 11:33:41.986 PM EDT,$0.00
Michael Massey 0.5,MLB-PHRR-FG-02HVDVNFONRVA50-MIEY000-GTE-P00005,Settled Early,08/01/26 11:33:42.187 PM EDT,$1.00
Michael Massey 5.5,MLB-PHRR-FG-02HVDVNFONRVA50-MIEY000-GTE-P00055,Settled Early,08/01/26 11:33:42.374 PM EDT,$0.00
Michael Massey 8.5,MLB-PHRR-FG-02HVDVNFONRVA50-MIEY000-GTE-P00085,Settled Early,08/01/26 11:33:42.540 PM EDT,$0.00
Over 0.5,MLB-TRUNS-I9-02HVDVNFONRVA50-GTE-P00005,Settled Early,08/01/26 11:33:53.743 PM EDT,$1.00
Over 3.5,MLB-TRUNS-I9-02HVDVNFONRVA50-GTE-P00035,Settled Early,08/01/26 11:33:53.975 PM EDT,$0.00
Over 2.5,MLB-TRUNS-I9-02HVDVNFONRVA50-GTE-P00025,Settled Early,08/01/26 11:33:54.331 PM EDT,$0.00
Over 4.5,MLB-TRUNS-I9-02HVDVNFONRVA50-GTE-P00045,Settled Early,08/01/26 11:33:54.534 PM EDT,$0.00
Over 1.5,MLB-TRUNS-I9-02HVDVNFONRVA50-GTE-P00015,Settled Early,08/01/26 11:33:54.745 PM EDT,$1.00
Hunter Goodman 1.5,MLB-PHRR-FG-02HVDVNFONRVA50-HUAN001-GTE-P00015,Settled Early,08/01/26 11:34:13.202 PM EDT,$1.00
Hunter Goodman 2.5,MLB-PHRR-FG-02HVDVNFONRVA50-HUAN001-GTE-P00025,Settled Early,08/01/26 11:34:13.461 PM EDT,$1.00
Hunter Goodman 3.5,MLB-PHRR-FG-02HVDVNFONRVA50-HUAN001-GTE-P00035,Settled Early,08/01/26 11:34:13.663 PM EDT,$1.00
Hunter Goodman 6.5,MLB-PHRR-FG-02HVDVNFONRVA50-HUAN001-GTE-P00065,Settled Early,08/01/26 11:34:13.880 PM EDT,$1.00
Hunter Goodman 8.5,MLB-PHRR-FG-02HVDVNFONRVA50-HUAN001-GTE-P00085,Settled Early,08/01/26 11:34:14.103 PM EDT,$1.00
Hunter Goodman 5.5,MLB-PHRR-FG-02HVDVNFONRVA50-HUAN001-GTE-P00055,Settled Early,08/01/26 11:34:14.305 PM EDT,$1.00
Hunter Goodman 7.5,MLB-PHRR-FG-02HVDVNFONRVA50-HUAN001-GTE-P00075,Settled Early,08/01/26 11:34:14.510 PM EDT,$1.00
Hunter Goodman 9.5,MLB-PHRR-FG-02HVDVNFONRVA50-HUAN001-GTE-P00095,Settled Early,08/01/26 11:34:14.700 PM EDT,$1.00
Hunter Goodman 4.5,MLB-PHRR-FG-02HVDVNFONRVA50-HUAN001-GTE-P00045,Settled Early,08/01/26 11:34:14.892 PM EDT,$1.00
Hunter Goodman 0.5,MLB-PHRR-FG-02HVDVNFONRVA50-HUAN001-GTE-P00005,Settled Early,08/01/26 11:34:15.132 PM EDT,$1.00
Tyler Tolbert 0.5,MLB-PHRR-FG-02HVDVNFONRVA50-TYRT000-GTE-P00005,Settled Early,08/01/26 11:34:31.546 PM EDT,$1.00
Tyler Tolbert 3.5,MLB-PHRR-FG-02HVDVNFONRVA50-TYRT000-GTE-P00035,Settled Early,08/01/26 11:34:31.734 PM EDT,$0.00
Tyler Tolbert 4.5,MLB-PHRR-FG-02HVDVNFONRVA50-TYRT000-GTE-P00045,Settled Early,08/01/26 11:34:31.952 PM EDT,$0.00
Tyler Tolbert 1.5,MLB-PHRR-FG-02HVDVNFONRVA50-TYRT000-GTE-P00015,Settled Early,08/01/26 11:34:32.119 PM EDT,$1.00
Tyler Tolbert 5.5,MLB-PHRR-FG-02HVDVNFONRVA50-TYRT000-GTE-P00055,Settled Early,08/01/26 11:34:32.347 PM EDT,$0.00
Tyler Tolbert 6.5,MLB-PHRR-FG-02HVDVNFONRVA50-TYRT000-GTE-P00065,Settled Early,08/01/26 11:34:32.566 PM EDT,$0.00
Tyler Tolbert 2.5,MLB-PHRR-FG-02HVDVNFONRVA50-TYRT000-GTE-P00025,Settled Early,08/01/26 11:34:32.738 PM EDT,$1.00
Tyler Tolbert 7.5,MLB-PHRR-FG-02HVDVNFONRVA50-TYRT000-GTE-P00075,Settled Early,08/01/26 11:34:32.906 PM EDT,$0.00
Tyler Tolbert 9.5,MLB-PHRR-FG-02HVDVNFONRVA50-TYRT000-GTE-P00095,Settled Early,08/01/26 11:34:33.072 PM EDT,$0.00
Tyler Tolbert 8.5,MLB-PHRR-FG-02HVDVNFONRVA50-TYRT000-GTE-P00085,Settled Early,08/01/26 11:34:33.262 PM EDT,$0.00
Kyle Karros 2.5,MLB-PHRR-FG-02HVDVNFONRVA50-KYOS000-GTE-P00025,Settled Early,08/01/26 11:34:50.731 PM EDT,$1.00
Kyle Karros 3.5,MLB-PHRR-FG-02HVDVNFONRVA50-KYOS000-GTE-P00035,Settled Early,08/01/26 11:34:50.909 PM EDT,$1.00
Kyle Karros 5.5,MLB-PHRR-FG-02HVDVNFONRVA50-KYOS000-GTE-P00055,Settled Early,08/01/26 11:34:51.098 PM EDT,$1.00
Kyle Karros 7.5,MLB-PHRR-FG-02HVDVNFONRVA50-KYOS000-GTE-P00075,Settled Early,08/01/26 11:34:51.267 PM EDT,$0.00
Kyle Karros 0.5,MLB-PHRR-FG-02HVDVNFONRVA50-KYOS000-GTE-P00005,Settled Early,08/01/26 11:34:51.438 PM EDT,$1.00
Kyle Karros 1.5,MLB-PHRR-FG-02HVDVNFONRVA50-KYOS000-GTE-P00015,Settled Early,08/01/26 11:34:51.610 PM EDT,$1.00
Kyle Karros 9.5,MLB-PHRR-FG-02HVDVNFONRVA50-KYOS000-GTE-P00095,Settled Early,08/01/26 11:34:51.817 PM EDT,$0.00
Kyle Karros 8.5,MLB-PHRR-FG-02HVDVNFONRVA50-KYOS000-GTE-P00085,Settled Early,08/01/26 11:34:51.984 PM EDT,$0.00
Kyle Karros 6.5,MLB-PHRR-FG-02HVDVNFONRVA50-KYOS000-GTE-P00065,Settled Early,08/01/26 11:34:52.196 PM EDT,$0.00
Kyle Karros 4.5,MLB-PHRR-FG-02HVDVNFONRVA50-KYOS000-GTE-P00045,Settled Early,08/01/26 11:34:52.378 PM EDT,$1.00
Nick Loftin 0.5,MLB-PHRR-FG-02HVDVNFONRVA50-NIIN000-GTE-P00005,Settled Early,08/01/26 11:35:06.778 PM EDT,$1.00
Nick Loftin 1.5,MLB-PHRR-FG-02HVDVNFONRVA50-NIIN000-GTE-P00015,Settled Early,08/01/26 11:35:06.952 PM EDT,$1.00
Nick Loftin 3.5,MLB-PHRR-FG-02HVDVNFONRVA50-NIIN000-GTE-P00035,Settled Early,08/01/26 11:35:07.141 PM EDT,$0.00
Nick Loftin 5.5,MLB-PHRR-FG-02HVDVNFONRVA50-NIIN000-GTE-P00055,Settled Early,08/01/26 11:35:07.341 PM EDT,$0.00
Nick Loftin 6.5,MLB-PHRR-FG-02HVDVNFONRVA50-NIIN000-GTE-P00065,Settled Early,08/01/26 11:35:07.519 PM EDT,$0.00
Nick Loftin 8.5,MLB-PHRR-FG-02HVDVNFONRVA50-NIIN000-GTE-P00085,Settled Early,08/01/26 11:35:07.724 PM EDT,$0.00
Nick Loftin 9.5,MLB-PHRR-FG-02HVDVNFONRVA50-NIIN000-GTE-P00095,Settled Early,08/01/26 11:35:07.896 PM EDT,$0.00
Nick Loftin 2.5,MLB-PHRR-FG-02HVDVNFONRVA50-NIIN000-GTE-P00025,Settled Early,08/01/26 11:35:08.066 PM EDT,$0.00
Nick Loftin 7.5,MLB-PHRR-FG-02HVDVNFONRVA50-NIIN000-GTE-P00075,Settled Early,08/01/26 11:35:08.283 PM EDT,$0.00
Nick Loftin 4.5,MLB-PHRR-FG-02HVDVNFONRVA50-NIIN000-GTE-P00045,Settled Early,08/01/26 11:35:08.486 PM EDT,$0.00
Carter Jensen 3.5,MLB-PHRR-FG-02HVDVNFONRVA50-CAEN000-GTE-P00035,Settled Early,08/01/26 11:35:20.176 PM EDT,$0.00
Carter Jensen 4.5,MLB-PHRR-FG-02HVDVNFONRVA50-CAEN000-GTE-P00045,Settled Early,08/01/26 11:35:20.371 PM EDT,$0.00
Carter Jensen 5.5,MLB-PHRR-FG-02HVDVNFONRVA50-CAEN000-GTE-P00055,Settled Early,08/01/26 11:35:20.570 PM EDT,$0.00
Carter Jensen 6.5,MLB-PHRR-FG-02HVDVNFONRVA50-CAEN000-GTE-P00065,Settled Early,08/01/26 11:35:20.770 PM EDT,$0.00
Carter Jensen 7.5,MLB-PHRR-FG-02HVDVNFONRVA50-CAEN000-GTE-P00075,Settled Early,08/01/26 11:35:20.998 PM EDT,$0.00
Carter Jensen 0.5,MLB-PHRR-FG-02HVDVNFONRVA50-CAEN000-GTE-P00005,Settled Early,08/01/26 11:35:21.198 PM EDT,$1.00
Carter Jensen 1.5,MLB-PHRR-FG-02HVDVNFONRVA50-CAEN000-GTE-P00015,Settled Early,08/01/26 11:35:21.394 PM EDT,$1.00
Carter Jensen 9.5,MLB-PHRR-FG-02HVDVNFONRVA50-CAEN000-GTE-P00095,Settled Early,08/01/26 11:35:21.653 PM EDT,$0.00
Carter Jensen 8.5,MLB-PHRR-FG-02HVDVNFONRVA50-CAEN000-GTE-P00085,Settled Early,08/01/26 11:35:21.852 PM EDT,$0.00
Carter Jensen 2.5,MLB-PHRR-FG-02HVDVNFONRVA50-CAEN000-GTE-P00025,Settled Early,08/01/26 11:35:22.043 PM EDT,$0.00
Ezequiel Tovar 1.5,MLB-PHRR-FG-02HVDVNFONRVA50-EZAR000-GTE-P00015,Settled Early,08/01/26 11:35:33.235 PM EDT,$0.00
Ezequiel Tovar 0.5,MLB-PHRR-FG-02HVDVNFONRVA50-EZAR000-GTE-P00005,Settled Early,08/01/26 11:35:33.452 PM EDT,$0.00
Ezequiel Tovar 3.5,MLB-PHRR-FG-02HVDVNFONRVA50-EZAR000-GTE-P00035,Settled Early,08/01/26 11:35:33.645 PM EDT,$0.00
Ezequiel Tovar 5.5,MLB-PHRR-FG-02HVDVNFONRVA50-EZAR000-GTE-P00055,Settled Early,08/01/26 11:35:33.852 PM EDT,$0.00
Ezequiel Tovar 9.5,MLB-PHRR-FG-02HVDVNFONRVA50-EZAR000-GTE-P00095,Settled Early,08/01/26 11:35:34.021 PM EDT,$0.00
Ezequiel Tovar 2.5,MLB-PHRR-FG-02HVDVNFONRVA50-EZAR000-GTE-P00025,Settled Early,08/01/26 11:35:34.199 PM EDT,$0.00
Ezequiel Tovar 6.5,MLB-PHRR-FG-02HVDVNFONRVA50-EZAR000-GTE-P00065,Settled Early,08/01/26 11:35:34.364 PM EDT,$0.00
Ezequiel Tovar 7.5,MLB-PHRR-FG-02HVDVNFONRVA50-EZAR000-GTE-P00075,Settled Early,08/01/26 11:35:34.555 PM EDT,$0.00
Ezequiel Tovar 4.5,MLB-PHRR-FG-02HVDVNFONRVA50-EZAR000-GTE-P00045,Settled Early,08/01/26 11:35:34.727 PM EDT,$0.00
Ezequiel Tovar 8.5,MLB-PHRR-FG-02HVDVNFONRVA50-EZAR000-GTE-P00085,Settled Early,08/01/26 11:35:34.893 PM EDT,$0.00
Ty France 0.5,MLB-PHRR-FG-02HVCSMJONRQ6RO-TYCE000-GTE-P00005,Settled Early,08/01/26 11:37:24.696 PM EDT,$1.00
Ty France 1.5,MLB-PHRR-FG-02HVCSMJONRQ6RO-TYCE000-GTE-P00015,Settled Early,08/01/26 11:37:24.952 PM EDT,$1.00
Ty France 3.5,MLB-PHRR-FG-02HVCSMJONRQ6RO-TYCE000-GTE-P00035,Settled Early,08/01/26 11:37:25.226 PM EDT,$1.00
Ty France 2.5,MLB-PHRR-FG-02HVCSMJONRQ6RO-TYCE000-GTE-P00025,Settled Early,08/01/26 11:37:25.450 PM EDT,$1.00
Daniel Susac 0.5,MLB-PHRR-FG-02HVCSMJONRQ6RO-DAAC000-GTE-P00005,Settled Early,08/01/26 11:37:44.456 PM EDT,$1.00
Daniel Susac 1.5,MLB-PHRR-FG-02HVCSMJONRQ6RO-DAAC000-GTE-P00015,Settled Early,08/01/26 11:37:44.680 PM EDT,$1.00
Over 0.5,MLB-TRUNS-I8-02HVCSMJONRQ6RO-GTE-P00005,Settled Early,08/01/26 11:37:54.505 PM EDT,$1.00
Over 1.5,MLB-TRUNS-I8-02HVCSMJONRQ6RO-GTE-P00015,Settled Early,08/01/26 11:37:54.753 PM EDT,$1.00
Over 2.5,MLB-TRUNS-I8-02HVCSMJONRQ6RO-GTE-P00025,Settled Early,08/01/26 11:37:54.985 PM EDT,$0.00
Over 3.5,MLB-TRUNS-I8-02HVCSMJONRQ6RO-GTE-P00035,Settled Early,08/01/26 11:37:55.302 PM EDT,$0.00
Over 4.5,MLB-TRUNS-I8-02HVCSMJONRQ6RO-GTE-P00045,Settled Early,08/01/26 11:37:55.527 PM EDT,$0.00
Jung Hoo Lee 0.5,MLB-PHRR-FG-02HVCSMJONRQ6RO-JUEE000-GTE-P00005,Settled Early,08/01/26 11:38:10.160 PM EDT,$1.00
Jung Hoo Lee 1.5,MLB-PHRR-FG-02HVCSMJONRQ6RO-JUEE000-GTE-P00015,Settled Early,08/01/26 11:38:10.354 PM EDT,$1.00
Over 0.5,MLB-TRUNS-I9-02HVCSMJONRQ6RO-GTE-P00005,Settled Early,08/01/26 11:38:22.874 PM EDT,$1.00
Xander Bogaerts 3.5,MLB-PHRR-FG-02HVCSMJONRQ6RO-XATS000-GTE-P00035,Settled Early,08/01/26 11:38:48.438 PM EDT,$1.00
Xander Bogaerts 0.5,MLB-PHRR-FG-02HVCSMJONRQ6RO-XATS000-GTE-P00005,Settled Early,08/01/26 11:38:48.635 PM EDT,$1.00
Xander Bogaerts 1.5,MLB-PHRR-FG-02HVCSMJONRQ6RO-XATS000-GTE-P00015,Settled Early,08/01/26 11:38:48.807 PM EDT,$1.00
Xander Bogaerts 2.5,MLB-PHRR-FG-02HVCSMJONRQ6RO-XATS000-GTE-P00025,Settled Early,08/01/26 11:38:48.973 PM EDT,$1.00
Daniel Susac 4.5,MLB-PHRR-FG-02HVCSMJONRQ6RO-DAAC000-GTE-P00045,Settled Early,08/01/26 11:39:37.407 PM EDT,$0.00
Daniel Susac 8.5,MLB-PHRR-FG-02HVCSMJONRQ6RO-DAAC000-GTE-P00085,Settled Early,08/01/26 11:39:37.631 PM EDT,$0.00
Daniel Susac 7.5,MLB-PHRR-FG-02HVCSMJONRQ6RO-DAAC000-GTE-P00075,Settled Early,08/01/26 11:39:37.813 PM EDT,$0.00
Daniel Susac 2.5,MLB-PHRR-FG-02HVCSMJONRQ6RO-DAAC000-GTE-P00025,Settled Early,08/01/26 11:39:38.019 PM EDT,$0.00
Daniel Susac 6.5,MLB-PHRR-FG-02HVCSMJONRQ6RO-DAAC000-GTE-P00065,Settled Early,08/01/26 11:39:38.254 PM EDT,$0.00
Daniel Susac 5.5,MLB-PHRR-FG-02HVCSMJONRQ6RO-DAAC000-GTE-P00055,Settled Early,08/01/26 11:39:38.475 PM EDT,$0.00
Daniel Susac 3.5,MLB-PHRR-FG-02HVCSMJONRQ6RO-DAAC000-GTE-P00035,Settled Early,08/01/26 11:39:38.688 PM EDT,$0.00
Daniel Susac 9.5,MLB-PHRR-FG-02HVCSMJONRQ6RO-DAAC000-GTE-P00095,Settled Early,08/01/26 11:39:38.878 PM EDT,$0.00
Ty France 5.5,MLB-PHRR-FG-02HVCSMJONRQ6RO-TYCE000-GTE-P00055,Settled Early,08/01/26 11:40:06.062 PM EDT,$0.00
Ty France 6.5,MLB-PHRR-FG-02HVCSMJONRQ6RO-TYCE000-GTE-P00065,Settled Early,08/01/26 11:40:06.256 PM EDT,$0.00
Ty France 7.5,MLB-PHRR-FG-02HVCSMJONRQ6RO-TYCE000-GTE-P00075,Settled Early,08/01/26 11:40:06.463 PM EDT,$0.00
Ty France 8.5,MLB-PHRR-FG-02HVCSMJONRQ6RO-TYCE000-GTE-P00085,Settled Early,08/01/26 11:40:06.666 PM EDT,$0.00
Ty France 4.5,MLB-PHRR-FG-02HVCSMJONRQ6RO-TYCE000-GTE-P00045,Settled Early,08/01/26 11:40:06.890 PM EDT,$0.00
Ty France 9.5,MLB-PHRR-FG-02HVCSMJONRQ6RO-TYCE000-GTE-P00095,Settled Early,08/01/26 11:40:07.113 PM EDT,$0.00
Over 2.5,MLB-TRUNS-I9-02HVCSMJONRQ6RO-GTE-P00025,Settled Early,08/01/26 11:40:26.953 PM EDT,$0.00
Over 4.5,MLB-TRUNS-I9-02HVCSMJONRQ6RO-GTE-P00045,Settled Early,08/01/26 11:40:27.178 PM EDT,$0.00
Over 3.5,MLB-TRUNS-I9-02HVCSMJONRQ6RO-GTE-P00035,Settled Early,08/01/26 11:40:27.349 PM EDT,$0.00
Over 1.5,MLB-TRUNS-I9-02HVCSMJONRQ6RO-GTE-P00015,Settled Early,08/01/26 11:40:27.524 PM EDT,$0.00
Jung Hoo Lee 3.5,MLB-PHRR-FG-02HVCSMJONRQ6RO-JUEE000-GTE-P00035,Settled Early,08/01/26 11:40:41.710 PM EDT,$0.00
Jung Hoo Lee 4.5,MLB-PHRR-FG-02HVCSMJONRQ6RO-JUEE000-GTE-P00045,Settled Early,08/01/26 11:40:41.924 PM EDT,$0.00
Jung Hoo Lee 6.5,MLB-PHRR-FG-02HVCSMJONRQ6RO-JUEE000-GTE-P00065,Settled Early,08/01/26 11:40:42.095 PM EDT,$0.00
Jung Hoo Lee 9.5,MLB-PHRR-FG-02HVCSMJONRQ6RO-JUEE000-GTE-P00095,Settled Early,08/01/26 11:40:42.275 PM EDT,$0.00
Jung Hoo Lee 5.5,MLB-PHRR-FG-02HVCSMJONRQ6RO-JUEE000-GTE-P00055,Settled Early,08/01/26 11:40:42.471 PM EDT,$0.00
Jung Hoo Lee 2.5,MLB-PHRR-FG-02HVCSMJONRQ6RO-JUEE000-GTE-P00025,Settled Early,08/01/26 11:40:42.643 PM EDT,$0.00
Jung Hoo Lee 7.5,MLB-PHRR-FG-02HVCSMJONRQ6RO-JUEE000-GTE-P00075,Settled Early,08/01/26 11:40:42.911 PM EDT,$0.00
Jung Hoo Lee 8.5,MLB-PHRR-FG-02HVCSMJONRQ6RO-JUEE000-GTE-P00085,Settled Early,08/01/26 11:40:43.102 PM EDT,$0.00
Xander Bogaerts 7.5,MLB-PHRR-FG-02HVCSMJONRQ6RO-XATS000-GTE-P00075,Settled Early,08/01/26 11:41:03.575 PM EDT,$0.00
Xander Bogaerts 4.5,MLB-PHRR-FG-02HVCSMJONRQ6RO-XATS000-GTE-P00045,Settled Early,08/01/26 11:41:03.820 PM EDT,$0.00
Xander Bogaerts 8.5,MLB-PHRR-FG-02HVCSMJONRQ6RO-XATS000-GTE-P00085,Settled Early,08/01/26 11:41:04.011 PM EDT,$0.00
Xander Bogaerts 9.5,MLB-PHRR-FG-02HVCSMJONRQ6RO-XATS000-GTE-P00095,Settled Early,08/01/26 11:41:04.213 PM EDT,$0.00
Xander Bogaerts 5.5,MLB-PHRR-FG-02HVCSMJONRQ6RO-XATS000-GTE-P00055,Settled Early,08/01/26 11:41:04.415 PM EDT,$0.00
Xander Bogaerts 6.5,MLB-PHRR-FG-02HVCSMJONRQ6RO-XATS000-GTE-P00065,Settled Early,08/01/26 11:41:04.617 PM EDT,$0.00
Enrique Hernandez 6.5,MLB-PHRR-FG-02HVCSKUONRQ6S0-ENEZ002-GTE-P00065,Settled Early,08/01/26 11:41:23.302 PM EDT,$0.00
Enrique Hernandez 7.5,MLB-PHRR-FG-02HVCSKUONRQ6S0-ENEZ002-GTE-P00075,Settled Early,08/01/26 11:41:23.507 PM EDT,$0.00
Enrique Hernandez 8.5,MLB-PHRR-FG-02HVCSKUONRQ6S0-ENEZ002-GTE-P00085,Settled Early,08/01/26 11:41:23.713 PM EDT,$0.00
Enrique Hernandez 9.5,MLB-PHRR-FG-02HVCSKUONRQ6S0-ENEZ002-GTE-P00095,Settled Early,08/01/26 11:41:23.911 PM EDT,$0.00
Enrique Hernandez 1.5,MLB-PHRR-FG-02HVCSKUONRQ6S0-ENEZ002-GTE-P00015,Settled Early,08/01/26 11:41:24.134 PM EDT,$0.00
Enrique Hernandez 2.5,MLB-PHRR-FG-02HVCSKUONRQ6S0-ENEZ002-GTE-P00025,Settled Early,08/01/26 11:41:24.409 PM EDT,$0.00
Enrique Hernandez 3.5,MLB-PHRR-FG-02HVCSKUONRQ6S0-ENEZ002-GTE-P00035,Settled Early,08/01/26 11:41:24.577 PM EDT,$0.00
Enrique Hernandez 0.5,MLB-PHRR-FG-02HVCSKUONRQ6S0-ENEZ002-GTE-P00005,Settled Early,08/01/26 11:41:24.784 PM EDT,$0.00
Enrique Hernandez 4.5,MLB-PHRR-FG-02HVCSKUONRQ6S0-ENEZ002-GTE-P00045,Settled Early,08/01/26 11:41:25.030 PM EDT,$0.00
Enrique Hernandez 5.5,MLB-PHRR-FG-02HVCSKUONRQ6S0-ENEZ002-GTE-P00055,Settled Early,08/01/26 11:41:25.203 PM EDT,$0.00
Jase Bowen 8.5,MLB-PHRR-FG-02HVCSMJONRQ6RO-JAEN000-GTE-P00085,Settled Early,08/01/26 11:41:32.668 PM EDT,$0.00
Jase Bowen 9.5,MLB-PHRR-FG-02HVCSMJONRQ6RO-JAEN000-GTE-P00095,Settled Early,08/01/26 11:41:32.865 PM EDT,$0.00
Jase Bowen 3.5,MLB-PHRR-FG-02HVCSMJONRQ6RO-JAEN000-GTE-P00035,Settled Early,08/01/26 11:41:33.084 PM EDT,$0.00
Jase Bowen 7.5,MLB-PHRR-FG-02HVCSMJONRQ6RO-JAEN000-GTE-P00075,Settled Early,08/01/26 11:41:33.257 PM EDT,$0.00
Jase Bowen 0.5,MLB-PHRR-FG-02HVCSMJONRQ6RO-JAEN000-GTE-P00005,Settled Early,08/01/26 11:41:33.434 PM EDT,$0.00
Jase Bowen 6.5,MLB-PHRR-FG-02HVCSMJONRQ6RO-JAEN000-GTE-P00065,Settled Early,08/01/26 11:41:33.627 PM EDT,$0.00
Jase Bowen 2.5,MLB-PHRR-FG-02HVCSMJONRQ6RO-JAEN000-GTE-P00025,Settled Early,08/01/26 11:41:33.825 PM EDT,$0.00
Jase Bowen 5.5,MLB-PHRR-FG-02HVCSMJONRQ6RO-JAEN000-GTE-P00055,Settled Early,08/01/26 11:41:34.037 PM EDT,$0.00
Jase Bowen 4.5,MLB-PHRR-FG-02HVCSMJONRQ6RO-JAEN000-GTE-P00045,Settled Early,08/01/26 11:41:34.205 PM EDT,$0.00
Jase Bowen 1.5,MLB-PHRR-FG-02HVCSMJONRQ6RO-JAEN000-GTE-P00015,Settled Early,08/01/26 11:41:34.380 PM EDT,$0.00
Masataka Yoshida 4.5,MLB-PHRR-FG-02HVCSKUONRQ6S0-MADA000-GTE-P00045,Settled Early,08/01/26 11:41:43.277 PM EDT,$0.00
Masataka Yoshida 7.5,MLB-PHRR-FG-02HVCSKUONRQ6S0-MADA000-GTE-P00075,Settled Early,08/01/26 11:41:43.451 PM EDT,$0.00
Masataka Yoshida 8.5,MLB-PHRR-FG-02HVCSKUONRQ6S0-MADA000-GTE-P00085,Settled Early,08/01/26 11:41:43.639 PM EDT,$0.00
Masataka Yoshida 9.5,MLB-PHRR-FG-02HVCSKUONRQ6S0-MADA000-GTE-P00095,Settled Early,08/01/26 11:41:43.812 PM EDT,$0.00
Masataka Yoshida 1.5,MLB-PHRR-FG-02HVCSKUONRQ6S0-MADA000-GTE-P00015,Settled Early,08/01/26 11:41:44.001 PM EDT,$0.00
Masataka Yoshida 0.5,MLB-PHRR-FG-02HVCSKUONRQ6S0-MADA000-GTE-P00005,Settled Early,08/01/26 11:41:44.248 PM EDT,$0.00
Masataka Yoshida 6.5,MLB-PHRR-FG-02HVCSKUONRQ6S0-MADA000-GTE-P00065,Settled Early,08/01/26 11:41:44.423 PM EDT,$0.00
Masataka Yoshida 3.5,MLB-PHRR-FG-02HVCSKUONRQ6S0-MADA000-GTE-P00035,Settled Early,08/01/26 11:41:44.591 PM EDT,$0.00
Masataka Yoshida 5.5,MLB-PHRR-FG-02HVCSKUONRQ6S0-MADA000-GTE-P00055,Settled Early,08/01/26 11:41:44.766 PM EDT,$0.00
Masataka Yoshida 2.5,MLB-PHRR-FG-02HVCSKUONRQ6S0-MADA000-GTE-P00025,Settled Early,08/01/26 11:41:44.964 PM EDT,$0.00
Heliot Ramos 4.5,MLB-PHRR-FG-02HVCSMJONRQ6RO-HEOS000-GTE-P00045,Settled Early,08/01/26 11:41:52.606 PM EDT,$0.00
Heliot Ramos 5.5,MLB-PHRR-FG-02HVCSMJONRQ6RO-HEOS000-GTE-P00055,Settled Early,08/01/26 11:41:52.782 PM EDT,$0.00
Heliot Ramos 6.5,MLB-PHRR-FG-02HVCSMJONRQ6RO-HEOS000-GTE-P00065,Settled Early,08/01/26 11:41:52.953 PM EDT,$0.00
Heliot Ramos 8.5,MLB-PHRR-FG-02HVCSMJONRQ6RO-HEOS000-GTE-P00085,Settled Early,08/01/26 11:41:53.145 PM EDT,$0.00
Heliot Ramos 9.5,MLB-PHRR-FG-02HVCSMJONRQ6RO-HEOS000-GTE-P00095,Settled Early,08/01/26 11:41:53.311 PM EDT,$0.00
Heliot Ramos 2.5,MLB-PHRR-FG-02HVCSMJONRQ6RO-HEOS000-GTE-P00025,Settled Early,08/01/26 11:41:53.498 PM EDT,$0.00
Heliot Ramos 3.5,MLB-PHRR-FG-02HVCSMJONRQ6RO-HEOS000-GTE-P00035,Settled Early,08/01/26 11:41:53.666 PM EDT,$0.00
Heliot Ramos 0.5,MLB-PHRR-FG-02HVCSMJONRQ6RO-HEOS000-GTE-P00005,Settled Early,08/01/26 11:41:53.860 PM EDT,$1.00
Heliot Ramos 7.5,MLB-PHRR-FG-02HVCSMJONRQ6RO-HEOS000-GTE-P00075,Settled Early,08/01/26 11:41:54.036 PM EDT,$0.00
Heliot Ramos 1.5,MLB-PHRR-FG-02HVCSMJONRQ6RO-HEOS000-GTE-P00015,Settled Early,08/01/26 11:41:54.230 PM EDT,$0.00
Over 1.5,MLB-TRUNS-I6-02HVCSKUONRQ6S0-GTE-P00015,Settled Early,08/01/26 11:41:55.510 PM EDT,$0.00
Over 2.5,MLB-TRUNS-I6-02HVCSKUONRQ6S0-GTE-P00025,Settled Early,08/01/26 11:41:55.680 PM EDT,$0.00
Over 3.5,MLB-TRUNS-I6-02HVCSKUONRQ6S0-GTE-P00035,Settled Early,08/01/26 11:41:55.909 PM EDT,$0.00
Over 4.5,MLB-TRUNS-I6-02HVCSKUONRQ6S0-GTE-P00045,Settled Early,08/01/26 11:41:56.140 PM EDT,$0.00
Over 0.5,MLB-TRUNS-I6-02HVCSKUONRQ6S0-GTE-P00005,Settled Early,08/01/26 11:41:56.341 PM EDT,$0.00
Max Muncy (LAD) 3.5,MLB-PHRR-FG-02HVCSKUONRQ6S0-MAAD000-GTE-P00035,Settled Early,08/01/26 11:42:08.554 PM EDT,$0.00
Max Muncy (LAD) 0.5,MLB-PHRR-FG-02HVCSKUONRQ6S0-MAAD000-GTE-P00005,Settled Early,08/01/26 11:42:08.737 PM EDT,$1.00
Max Muncy (LAD) 5.5,MLB-PHRR-FG-02HVCSKUONRQ6S0-MAAD000-GTE-P00055,Settled Early,08/01/26 11:42:08.957 PM EDT,$0.00
Max Muncy (LAD) 7.5,MLB-PHRR-FG-02HVCSKUONRQ6S0-MAAD000-GTE-P00075,Settled Early,08/01/26 11:42:09.150 PM EDT,$0.00
Max Muncy (LAD) 8.5,MLB-PHRR-FG-02HVCSKUONRQ6S0-MAAD000-GTE-P00085,Settled Early,08/01/26 11:42:09.345 PM EDT,$0.00
Max Muncy (LAD) 6.5,MLB-PHRR-FG-02HVCSKUONRQ6S0-MAAD000-GTE-P00065,Settled Early,08/01/26 11:42:09.550 PM EDT,$0.00
Max Muncy (LAD) 9.5,MLB-PHRR-FG-02HVCSKUONRQ6S0-MAAD000-GTE-P00095,Settled Early,08/01/26 11:42:09.726 PM EDT,$0.00
Max Muncy (LAD) 1.5,MLB-PHRR-FG-02HVCSKUONRQ6S0-MAAD000-GTE-P00015,Settled Early,08/01/26 11:42:09.898 PM EDT,$0.00
Max Muncy (LAD) 4.5,MLB-PHRR-FG-02HVCSKUONRQ6S0-MAAD000-GTE-P00045,Settled Early,08/01/26 11:42:10.093 PM EDT,$0.00
Max Muncy (LAD) 2.5,MLB-PHRR-FG-02HVCSKUONRQ6S0-MAAD000-GTE-P00025,Settled Early,08/01/26 11:42:10.276 PM EDT,$0.00
Over 2.5,MLB-TRUNS-I6-02HVCSMJONRQ6RO-GTE-P00025,Settled Early,08/01/26 11:42:12.386 PM EDT,$0.00
Over 4.5,MLB-TRUNS-I6-02HVCSMJONRQ6RO-GTE-P00045,Settled Early,08/01/26 11:42:12.557 PM EDT,$0.00
Over 1.5,MLB-TRUNS-I6-02HVCSMJONRQ6RO-GTE-P00015,Settled Early,08/01/26 11:42:12.731 PM EDT,$0.00
Over 0.5,MLB-TRUNS-I6-02HVCSMJONRQ6RO-GTE-P00005,Settled Early,08/01/26 11:42:12.905 PM EDT,$1.00
Over 3.5,MLB-TRUNS-I6-02HVCSMJONRQ6RO-GTE-P00035,Settled Early,08/01/26 11:42:13.152 PM EDT,$0.00
Over 2.5,MLB-TRUNS-I7-02HVCSKUONRQ6S0-GTE-P00025,Settled Early,08/01/26 11:42:21.117 PM EDT,$0.00
Over 4.5,MLB-TRUNS-I7-02HVCSKUONRQ6S0-GTE-P00045,Settled Early,08/01/26 11:42:21.348 PM EDT,$0.00
Over 1.5,MLB-TRUNS-I7-02HVCSKUONRQ6S0-GTE-P00015,Settled Early,08/01/26 11:42:21.549 PM EDT,$0.00
Over 0.5,MLB-TRUNS-I7-02HVCSKUONRQ6S0-GTE-P00005,Settled Early,08/01/26 11:42:21.765 PM EDT,$0.00
Over 3.5,MLB-TRUNS-I7-02HVCSKUONRQ6S0-GTE-P00035,Settled Early,08/01/26 11:42:22.092 PM EDT,$0.00
Bryce Eldridge 3.5,MLB-PHRR-FG-02HVCSMJONRQ6RO-BRGE001-GTE-P00035,Settled Early,08/01/26 11:42:32.920 PM EDT,$0.00
Bryce Eldridge 4.5,MLB-PHRR-FG-02HVCSMJONRQ6RO-BRGE001-GTE-P00045,Settled Early,08/01/26 11:42:33.122 PM EDT,$0.00
Bryce Eldridge 5.5,MLB-PHRR-FG-02HVCSMJONRQ6RO-BRGE001-GTE-P00055,Settled Early,08/01/26 11:42:33.295 PM EDT,$0.00
Bryce Eldridge 6.5,MLB-PHRR-FG-02HVCSMJONRQ6RO-BRGE001-GTE-P00065,Settled Early,08/01/26 11:42:33.493 PM EDT,$0.00
Bryce Eldridge 9.5,MLB-PHRR-FG-02HVCSMJONRQ6RO-BRGE001-GTE-P00095,Settled Early,08/01/26 11:42:33.697 PM EDT,$0.00
Bryce Eldridge 1.5,MLB-PHRR-FG-02HVCSMJONRQ6RO-BRGE001-GTE-P00015,Settled Early,08/01/26 11:42:33.891 PM EDT,$1.00
Bryce Eldridge 8.5,MLB-PHRR-FG-02HVCSMJONRQ6RO-BRGE001-GTE-P00085,Settled Early,08/01/26 11:42:34.063 PM EDT,$0.00
Bryce Eldridge 7.5,MLB-PHRR-FG-02HVCSMJONRQ6RO-BRGE001-GTE-P00075,Settled Early,08/01/26 11:42:34.260 PM EDT,$0.00
Bryce Eldridge 0.5,MLB-PHRR-FG-02HVCSMJONRQ6RO-BRGE001-GTE-P00005,Settled Early,08/01/26 11:42:34.430 PM EDT,$1.00
Bryce Eldridge 2.5,MLB-PHRR-FG-02HVCSMJONRQ6RO-BRGE001-GTE-P00025,Settled Early,08/01/26 11:42:34.683 PM EDT,$0.00
Shohei Ohtani 0.5,MLB-PHRR-FG-02HVCSKUONRQ6S0-SHNI001-GTE-P00005,Settled Early,08/01/26 11:42:40.780 PM EDT,$1.00
Shohei Ohtani 3.5,MLB-PHRR-FG-02HVCSKUONRQ6S0-SHNI001-GTE-P00035,Settled Early,08/01/26 11:42:40.983 PM EDT,$0.00
Shohei Ohtani 2.5,MLB-PHRR-FG-02HVCSKUONRQ6S0-SHNI001-GTE-P00025,Settled Early,08/01/26 11:42:41.243 PM EDT,$0.00
Shohei Ohtani 4.5,MLB-PHRR-FG-02HVCSKUONRQ6S0-SHNI001-GTE-P00045,Settled Early,08/01/26 11:42:41.517 PM EDT,$0.00
Shohei Ohtani 5.5,MLB-PHRR-FG-02HVCSKUONRQ6S0-SHNI001-GTE-P00055,Settled Early,08/01/26 11:42:41.716 PM EDT,$0.00
Shohei Ohtani 6.5,MLB-PHRR-FG-02HVCSKUONRQ6S0-SHNI001-GTE-P00065,Settled Early,08/01/26 11:42:41.914 PM EDT,$0.00
Shohei Ohtani 1.5,MLB-PHRR-FG-02HVCSKUONRQ6S0-SHNI001-GTE-P00015,Settled Early,08/01/26 11:42:42.113 PM EDT,$0.00
Shohei Ohtani 8.5,MLB-PHRR-FG-02HVCSKUONRQ6S0-SHNI001-GTE-P00085,Settled Early,08/01/26 11:42:42.461 PM EDT,$0.00
Shohei Ohtani 7.5,MLB-PHRR-FG-02HVCSKUONRQ6S0-SHNI001-GTE-P00075,Settled Early,08/01/26 11:42:42.651 PM EDT,$0.00
Shohei Ohtani 9.5,MLB-PHRR-FG-02HVCSKUONRQ6S0-SHNI001-GTE-P00095,Settled Early,08/01/26 11:42:42.845 PM EDT,$0.00
Jake Cronenworth 3.5,MLB-PHRR-FG-02HVCSMJONRQ6RO-JATH000-GTE-P00035,Settled Early,08/01/26 11:43:00.411 PM EDT,$0.00
Jake Cronenworth 4.5,MLB-PHRR-FG-02HVCSMJONRQ6RO-JATH000-GTE-P00045,Settled Early,08/01/26 11:43:00.600 PM EDT,$0.00
Jake Cronenworth 5.5,MLB-PHRR-FG-02HVCSMJONRQ6RO-JATH000-GTE-P00055,Settled Early,08/01/26 11:43:00.779 PM EDT,$0.00
Jake Cronenworth 6.5,MLB-PHRR-FG-02HVCSMJONRQ6RO-JATH000-GTE-P00065,Settled Early,08/01/26 11:43:00.995 PM EDT,$0.00
Jake Cronenworth 8.5,MLB-PHRR-FG-02HVCSMJONRQ6RO-JATH000-GTE-P00085,Settled Early,08/01/26 11:43:01.209 PM EDT,$0.00
Jake Cronenworth 0.5,MLB-PHRR-FG-02HVCSMJONRQ6RO-JATH000-GTE-P00005,Settled Early,08/01/26 11:43:01.384 PM EDT,$1.00
Jake Cronenworth 1.5,MLB-PHRR-FG-02HVCSMJONRQ6RO-JATH000-GTE-P00015,Settled Early,08/01/26 11:43:01.590 PM EDT,$1.00
Jake Cronenworth 2.5,MLB-PHRR-FG-02HVCSMJONRQ6RO-JATH000-GTE-P00025,Settled Early,08/01/26 11:43:01.774 PM EDT,$1.00
Jake Cronenworth 9.5,MLB-PHRR-FG-02HVCSMJONRQ6RO-JATH000-GTE-P00095,Settled Early,08/01/26 11:43:01.970 PM EDT,$0.00
Jake Cronenworth 7.5,MLB-PHRR-FG-02HVCSMJONRQ6RO-JATH000-GTE-P00075,Settled Early,08/01/26 11:43:02.141 PM EDT,$0.00
Connor Wong 4.5,MLB-PHRR-FG-02HVCSKUONRQ6S0-CONG002-GTE-P00045,Settled Early,08/01/26 11:43:20.935 PM EDT,$0.00
Connor Wong 6.5,MLB-PHRR-FG-02HVCSKUONRQ6S0-CONG002-GTE-P00065,Settled Early,08/01/26 11:43:21.154 PM EDT,$0.00
Connor Wong 7.5,MLB-PHRR-FG-02HVCSKUONRQ6S0-CONG002-GTE-P00075,Settled Early,08/01/26 11:43:21.346 PM EDT,$0.00
Connor Wong 8.5,MLB-PHRR-FG-02HVCSKUONRQ6S0-CONG002-GTE-P00085,Settled Early,08/01/26 11:43:21.543 PM EDT,$0.00
Connor Wong 9.5,MLB-PHRR-FG-02HVCSKUONRQ6S0-CONG002-GTE-P00095,Settled Early,08/01/26 11:43:21.715 PM EDT,$0.00
Connor Wong 1.5,MLB-PHRR-FG-02HVCSKUONRQ6S0-CONG002-GTE-P00015,Settled Early,08/01/26 11:43:21.909 PM EDT,$0.00
Connor Wong 3.5,MLB-PHRR-FG-02HVCSKUONRQ6S0-CONG002-GTE-P00035,Settled Early,08/01/26 11:43:22.198 PM EDT,$0.00
Connor Wong 0.5,MLB-PHRR-FG-02HVCSKUONRQ6S0-CONG002-GTE-P00005,Settled Early,08/01/26 11:43:22.406 PM EDT,$0.00
Connor Wong 2.5,MLB-PHRR-FG-02HVCSKUONRQ6S0-CONG002-GTE-P00025,Settled Early,08/01/26 11:43:22.679 PM EDT,$0.00
Connor Wong 5.5,MLB-PHRR-FG-02HVCSKUONRQ6S0-CONG002-GTE-P00055,Settled Early,08/01/26 11:43:22.863 PM EDT,$0.00
Jackson Merrill 4.5,MLB-PHRR-FG-02HVCSMJONRQ6RO-JALL000-GTE-P00045,Settled Early,08/01/26 11:43:30.369 PM EDT,$0.00
Jackson Merrill 5.5,MLB-PHRR-FG-02HVCSMJONRQ6RO-JALL000-GTE-P00055,Settled Early,08/01/26 11:43:30.553 PM EDT,$0.00
Jackson Merrill 6.5,MLB-PHRR-FG-02HVCSMJONRQ6RO-JALL000-GTE-P00065,Settled Early,08/01/26 11:43:30.755 PM EDT,$0.00
Jackson Merrill 7.5,MLB-PHRR-FG-02HVCSMJONRQ6RO-JALL000-GTE-P00075,Settled Early,08/01/26 11:43:30.950 PM EDT,$0.00
Jackson Merrill 9.5,MLB-PHRR-FG-02HVCSMJONRQ6RO-JALL000-GTE-P00095,Settled Early,08/01/26 11:43:31.133 PM EDT,$0.00
Jackson Merrill 2.5,MLB-PHRR-FG-02HVCSMJONRQ6RO-JALL000-GTE-P00025,Settled Early,08/01/26 11:43:31.332 PM EDT,$1.00
Jackson Merrill 8.5,MLB-PHRR-FG-02HVCSMJONRQ6RO-JALL000-GTE-P00085,Settled Early,08/01/26 11:43:31.541 PM EDT,$0.00
Jackson Merrill 1.5,MLB-PHRR-FG-02HVCSMJONRQ6RO-JALL000-GTE-P00015,Settled Early,08/01/26 11:43:31.733 PM EDT,$1.00
Jackson Merrill 0.5,MLB-PHRR-FG-02HVCSMJONRQ6RO-JALL000-GTE-P00005,Settled Early,08/01/26 11:43:31.899 PM EDT,$1.00
Jackson Merrill 3.5,MLB-PHRR-FG-02HVCSMJONRQ6RO-JALL000-GTE-P00035,Settled Early,08/01/26 11:43:32.073 PM EDT,$0.00
Teoscar Hernandez 0.5,MLB-PHRR-FG-02HVCSKUONRQ6S0-TEEZ000-GTE-P00005,Settled Early,08/01/26 11:43:41.232 PM EDT,$1.00
Teoscar Hernandez 1.5,MLB-PHRR-FG-02HVCSKUONRQ6S0-TEEZ000-GTE-P00015,Settled Early,08/01/26 11:43:41.407 PM EDT,$1.00
Teoscar Hernandez 3.5,MLB-PHRR-FG-02HVCSKUONRQ6S0-TEEZ000-GTE-P00035,Settled Early,08/01/26 11:43:41.628 PM EDT,$1.00
Teoscar Hernandez 4.5,MLB-PHRR-FG-02HVCSKUONRQ6S0-TEEZ000-GTE-P00045,Settled Early,08/01/26 11:43:41.832 PM EDT,$1.00
Teoscar Hernandez 5.5,MLB-PHRR-FG-02HVCSKUONRQ6S0-TEEZ000-GTE-P00055,Settled Early,08/01/26 11:43:42.029 PM EDT,$1.00
Teoscar Hernandez 6.5,MLB-PHRR-FG-02HVCSKUONRQ6S0-TEEZ000-GTE-P00065,Settled Early,08/01/26 11:43:42.232 PM EDT,$0.00
Teoscar Hernandez 7.5,MLB-PHRR-FG-02HVCSKUONRQ6S0-TEEZ000-GTE-P00075,Settled Early,08/01/26 11:43:42.403 PM EDT,$0.00
Teoscar Hernandez 8.5,MLB-PHRR-FG-02HVCSKUONRQ6S0-TEEZ000-GTE-P00085,Settled Early,08/01/26 11:43:42.600 PM EDT,$0.00
Teoscar Hernandez 9.5,MLB-PHRR-FG-02HVCSKUONRQ6S0-TEEZ000-GTE-P00095,Settled Early,08/01/26 11:43:42.770 PM EDT,$0.00
Teoscar Hernandez 2.5,MLB-PHRR-FG-02HVCSKUONRQ6S0-TEEZ000-GTE-P00025,Settled Early,08/01/26 11:43:42.965 PM EDT,$1.00
Luis Rengifo 6.5,MLB-PHRR-FG-02HVCSMJONRQ6RO-LUFO000-GTE-P00065,Settled Early,08/01/26 11:43:48.282 PM EDT,$0.00
Luis Rengifo 7.5,MLB-PHRR-FG-02HVCSMJONRQ6RO-LUFO000-GTE-P00075,Settled Early,08/01/26 11:43:48.492 PM EDT,$0.00
Luis Rengifo 8.5,MLB-PHRR-FG-02HVCSMJONRQ6RO-LUFO000-GTE-P00085,Settled Early,08/01/26 11:43:48.707 PM EDT,$0.00
Luis Rengifo 9.5,MLB-PHRR-FG-02HVCSMJONRQ6RO-LUFO000-GTE-P00095,Settled Early,08/01/26 11:43:48.904 PM EDT,$0.00
Luis Rengifo 5.5,MLB-PHRR-FG-02HVCSMJONRQ6RO-LUFO000-GTE-P00055,Settled Early,08/01/26 11:43:49.133 PM EDT,$0.00
Luis Rengifo 4.5,MLB-PHRR-FG-02HVCSMJONRQ6RO-LUFO000-GTE-P00045,Settled Early,08/01/26 11:43:49.320 PM EDT,$0.00
Luis Rengifo 0.5,MLB-PHRR-FG-02HVCSMJONRQ6RO-LUFO000-GTE-P00005,Settled Early,08/01/26 11:43:49.492 PM EDT,$1.00
Luis Rengifo 1.5,MLB-PHRR-FG-02HVCSMJONRQ6RO-LUFO000-GTE-P00015,Settled Early,08/01/26 11:43:49.681 PM EDT,$0.00
Luis Rengifo 3.5,MLB-PHRR-FG-02HVCSMJONRQ6RO-LUFO000-GTE-P00035,Settled Early,08/01/26 11:43:49.876 PM EDT,$0.00
Luis Rengifo 2.5,MLB-PHRR-FG-02HVCSMJONRQ6RO-LUFO000-GTE-P00025,Settled Early,08/01/26 11:43:50.115 PM EDT,$0.00
Jarren Duran 0.5,MLB-PHRR-FG-02HVCSKUONRQ6S0-JAAN001-GTE-P00005,Settled Early,08/01/26 11:44:00.350 PM EDT,$1.00
Jarren Duran 2.5,MLB-PHRR-FG-02HVCSKUONRQ6S0-JAAN001-GTE-P00025,Settled Early,08/01/26 11:44:00.580 PM EDT,$0.00
Jarren Duran 3.5,MLB-PHRR-FG-02HVCSKUONRQ6S0-JAAN001-GTE-P00035,Settled Early,08/01/26 11:44:00.755 PM EDT,$0.00
Jarren Duran 4.5,MLB-PHRR-FG-02HVCSKUONRQ6S0-JAAN001-GTE-P00045,Settled Early,08/01/26 11:44:00.977 PM EDT,$0.00
Jarren Duran 5.5,MLB-PHRR-FG-02HVCSKUONRQ6S0-JAAN001-GTE-P00055,Settled Early,08/01/26 11:44:01.178 PM EDT,$0.00
Jarren Duran 6.5,MLB-PHRR-FG-02HVCSKUONRQ6S0-JAAN001-GTE-P00065,Settled Early,08/01/26 11:44:01.373 PM EDT,$0.00
Jarren Duran 8.5,MLB-PHRR-FG-02HVCSKUONRQ6S0-JAAN001-GTE-P00085,Settled Early,08/01/26 11:44:01.549 PM EDT,$0.00
Jarren Duran 9.5,MLB-PHRR-FG-02HVCSKUONRQ6S0-JAAN001-GTE-P00095,Settled Early,08/01/26 11:44:01.738 PM EDT,$0.00
Jarren Duran 1.5,MLB-PHRR-FG-02HVCSKUONRQ6S0-JAAN001-GTE-P00015,Settled Early,08/01/26 11:44:01.911 PM EDT,$0.00
Jarren Duran 7.5,MLB-PHRR-FG-02HVCSKUONRQ6S0-JAAN001-GTE-P00075,Settled Early,08/01/26 11:44:02.113 PM EDT,$0.00
Over 2.5,MLB-TRUNS-I8-02HVCSKUONRQ6S0-GTE-P00025,Settled Early,08/01/26 11:44:12.425 PM EDT,$0.00
Over 0.5,MLB-TRUNS-I8-02HVCSKUONRQ6S0-GTE-P00005,Settled Early,08/01/26 11:44:12.676 PM EDT,$1.00
Over 1.5,MLB-TRUNS-I8-02HVCSKUONRQ6S0-GTE-P00015,Settled Early,08/01/26 11:44:12.923 PM EDT,$0.00
Over 3.5,MLB-TRUNS-I8-02HVCSKUONRQ6S0-GTE-P00035,Settled Early,08/01/26 11:44:13.143 PM EDT,$0.00
Over 4.5,MLB-TRUNS-I8-02HVCSKUONRQ6S0-GTE-P00045,Settled Early,08/01/26 11:44:13.322 PM EDT,$0.00
Osleivis Basabe 0.5,MLB-PHRR-FG-02HVCSMJONRQ6RO-OSBE000-GTE-P00005,Settled Early,08/01/26 11:44:15.345 PM EDT,$1.00
Osleivis Basabe 1.5,MLB-PHRR-FG-02HVCSMJONRQ6RO-OSBE000-GTE-P00015,Settled Early,08/01/26 11:44:15.637 PM EDT,$1.00
Osleivis Basabe 6.5,MLB-PHRR-FG-02HVCSMJONRQ6RO-OSBE000-GTE-P00065,Settled Early,08/01/26 11:44:15.836 PM EDT,$1.00
Osleivis Basabe 7.5,MLB-PHRR-FG-02HVCSMJONRQ6RO-OSBE000-GTE-P00075,Settled Early,08/01/26 11:44:16.018 PM EDT,$0.00
Osleivis Basabe 8.5,MLB-PHRR-FG-02HVCSMJONRQ6RO-OSBE000-GTE-P00085,Settled Early,08/01/26 11:44:16.200 PM EDT,$0.00
Osleivis Basabe 5.5,MLB-PHRR-FG-02HVCSMJONRQ6RO-OSBE000-GTE-P00055,Settled Early,08/01/26 11:44:16.424 PM EDT,$1.00
Osleivis Basabe 3.5,MLB-PHRR-FG-02HVCSMJONRQ6RO-OSBE000-GTE-P00035,Settled Early,08/01/26 11:44:16.651 PM EDT,$1.00
Osleivis Basabe 9.5,MLB-PHRR-FG-02HVCSMJONRQ6RO-OSBE000-GTE-P00095,Settled Early,08/01/26 11:44:16.852 PM EDT,$0.00
Osleivis Basabe 2.5,MLB-PHRR-FG-02HVCSMJONRQ6RO-OSBE000-GTE-P00025,Settled Early,08/01/26 11:44:17.020 PM EDT,$1.00
Osleivis Basabe 4.5,MLB-PHRR-FG-02HVCSMJONRQ6RO-OSBE000-GTE-P00045,Settled Early,08/01/26 11:44:17.255 PM EDT,$1.00
Tommy Edman 0.5,MLB-PHRR-FG-02HVCSKUONRQ6S0-TOAN002-GTE-P00005,Settled Early,08/01/26 11:44:28.344 PM EDT,$0.00
Tommy Edman 3.5,MLB-PHRR-FG-02HVCSKUONRQ6S0-TOAN002-GTE-P00035,Settled Early,08/01/26 11:44:28.596 PM EDT,$0.00
Tommy Edman 4.5,MLB-PHRR-FG-02HVCSKUONRQ6S0-TOAN002-GTE-P00045,Settled Early,08/01/26 11:44:28.799 PM EDT,$0.00
Tommy Edman 5.5,MLB-PHRR-FG-02HVCSKUONRQ6S0-TOAN002-GTE-P00055,Settled Early,08/01/26 11:44:28.975 PM EDT,$0.00
Tommy Edman 2.5,MLB-PHRR-FG-02HVCSKUONRQ6S0-TOAN002-GTE-P00025,Settled Early,08/01/26 11:44:29.163 PM EDT,$0.00
Tommy Edman 1.5,MLB-PHRR-FG-02HVCSKUONRQ6S0-TOAN002-GTE-P00015,Settled Early,08/01/26 11:44:29.358 PM EDT,$0.00
Tommy Edman 9.5,MLB-PHRR-FG-02HVCSKUONRQ6S0-TOAN002-GTE-P00095,Settled Early,08/01/26 11:44:29.723 PM EDT,$0.00
Tommy Edman 6.5,MLB-PHRR-FG-02HVCSKUONRQ6S0-TOAN002-GTE-P00065,Settled Early,08/01/26 11:44:29.892 PM EDT,$0.00
Tommy Edman 7.5,MLB-PHRR-FG-02HVCSKUONRQ6S0-TOAN002-GTE-P00075,Settled Early,08/01/26 11:44:30.069 PM EDT,$0.00
Tommy Edman 8.5,MLB-PHRR-FG-02HVCSKUONRQ6S0-TOAN002-GTE-P00085,Settled Early,08/01/26 11:44:30.262 PM EDT,$0.00
Freddy Fermin 3.5,MLB-PHRR-FG-02HVCSMJONRQ6RO-FRIN000-GTE-P00035,Settled Early,08/01/26 11:44:34.883 PM EDT,$1.00
Freddy Fermin 9.5,MLB-PHRR-FG-02HVCSMJONRQ6RO-FRIN000-GTE-P00095,Settled Early,08/01/26 11:44:35.068 PM EDT,$0.00
Freddy Fermin 2.5,MLB-PHRR-FG-02HVCSMJONRQ6RO-FRIN000-GTE-P00025,Settled Early,08/01/26 11:44:35.259 PM EDT,$1.00
Freddy Fermin 4.5,MLB-PHRR-FG-02HVCSMJONRQ6RO-FRIN000-GTE-P00045,Settled Early,08/01/26 11:44:35.446 PM EDT,$1.00
Freddy Fermin 7.5,MLB-PHRR-FG-02HVCSMJONRQ6RO-FRIN000-GTE-P00075,Settled Early,08/01/26 11:44:35.639 PM EDT,$0.00
Freddy Fermin 0.5,MLB-PHRR-FG-02HVCSMJONRQ6RO-FRIN000-GTE-P00005,Settled Early,08/01/26 11:44:35.802 PM EDT,$1.00
Freddy Fermin 8.5,MLB-PHRR-FG-02HVCSMJONRQ6RO-FRIN000-GTE-P00085,Settled Early,08/01/26 11:44:36.003 PM EDT,$0.00
Freddy Fermin 6.5,MLB-PHRR-FG-02HVCSMJONRQ6RO-FRIN000-GTE-P00065,Settled Early,08/01/26 11:44:36.200 PM EDT,$0.00
Freddy Fermin 5.5,MLB-PHRR-FG-02HVCSMJONRQ6RO-FRIN000-GTE-P00055,Settled Early,08/01/26 11:44:36.392 PM EDT,$1.00
Freddy Fermin 1.5,MLB-PHRR-FG-02HVCSMJONRQ6RO-FRIN000-GTE-P00015,Settled Early,08/01/26 11:44:36.560 PM EDT,$1.00
Andy Pages 2.5,MLB-PHRR-FG-02HVCSKUONRQ6S0-ANES000-GTE-P00025,Settled Early,08/01/26 11:44:42.934 PM EDT,$0.00
Andy Pages 4.5,MLB-PHRR-FG-02HVCSKUONRQ6S0-ANES000-GTE-P00045,Settled Early,08/01/26 11:44:43.147 PM EDT,$0.00
Andy Pages 7.5,MLB-PHRR-FG-02HVCSKUONRQ6S0-ANES000-GTE-P00075,Settled Early,08/01/26 11:44:43.333 PM EDT,$0.00
Andy Pages 9.5,MLB-PHRR-FG-02HVCSKUONRQ6S0-ANES000-GTE-P00095,Settled Early,08/01/26 11:44:43.498 PM EDT,$0.00
Andy Pages 1.5,MLB-PHRR-FG-02HVCSKUONRQ6S0-ANES000-GTE-P00015,Settled Early,08/01/26 11:44:43.694 PM EDT,$0.00
Andy Pages 3.5,MLB-PHRR-FG-02HVCSKUONRQ6S0-ANES000-GTE-P00035,Settled Early,08/01/26 11:44:43.956 PM EDT,$0.00
Andy Pages 0.5,MLB-PHRR-FG-02HVCSKUONRQ6S0-ANES000-GTE-P00005,Settled Early,08/01/26 11:44:44.156 PM EDT,$1.00
Andy Pages 5.5,MLB-PHRR-FG-02HVCSKUONRQ6S0-ANES000-GTE-P00055,Settled Early,08/01/26 11:44:44.379 PM EDT,$0.00
Andy Pages 6.5,MLB-PHRR-FG-02HVCSKUONRQ6S0-ANES000-GTE-P00065,Settled Early,08/01/26 11:44:44.571 PM EDT,$0.00
Andy Pages 8.5,MLB-PHRR-FG-02HVCSKUONRQ6S0-ANES000-GTE-P00085,Settled Early,08/01/26 11:44:44.780 PM EDT,$0.00
Over 1.5,MLB-TRUNS-I7-02HVCSMJONRQ6RO-GTE-P00015,Settled Early,08/01/26 11:44:46.416 PM EDT,$0.00
Over 3.5,MLB-TRUNS-I7-02HVCSMJONRQ6RO-GTE-P00035,Settled Early,08/01/26 11:44:46.583 PM EDT,$0.00
Over 4.5,MLB-TRUNS-I7-02HVCSMJONRQ6RO-GTE-P00045,Settled Early,08/01/26 11:44:46.749 PM EDT,$0.00
Over 0.5,MLB-TRUNS-I7-02HVCSMJONRQ6RO-GTE-P00005,Settled Early,08/01/26 11:44:46.944 PM EDT,$0.00
Over 2.5,MLB-TRUNS-I7-02HVCSMJONRQ6RO-GTE-P00025,Settled Early,08/01/26 11:44:47.164 PM EDT,$0.00
Willy Adames 2.5,MLB-PHRR-FG-02HVCSMJONRQ6RO-WIES000-GTE-P00025,Settled Early,08/01/26 11:45:03.876 PM EDT,$0.00
Willy Adames 1.5,MLB-PHRR-FG-02HVCSMJONRQ6RO-WIES000-GTE-P00015,Settled Early,08/01/26 11:45:04.074 PM EDT,$1.00
Willy Adames 3.5,MLB-PHRR-FG-02HVCSMJONRQ6RO-WIES000-GTE-P00035,Settled Early,08/01/26 11:45:04.276 PM EDT,$0.00
Willy Adames 6.5,MLB-PHRR-FG-02HVCSMJONRQ6RO-WIES000-GTE-P00065,Settled Early,08/01/26 11:45:04.478 PM EDT,$0.00
Willy Adames 5.5,MLB-PHRR-FG-02HVCSMJONRQ6RO-WIES000-GTE-P00055,Settled Early,08/01/26 11:45:04.668 PM EDT,$0.00
Willy Adames 0.5,MLB-PHRR-FG-02HVCSMJONRQ6RO-WIES000-GTE-P00005,Settled Early,08/01/26 11:45:04.866 PM EDT,$1.00
Willy Adames 7.5,MLB-PHRR-FG-02HVCSMJONRQ6RO-WIES000-GTE-P00075,Settled Early,08/01/26 11:45:05.096 PM EDT,$0.00
Willy Adames 8.5,MLB-PHRR-FG-02HVCSMJONRQ6RO-WIES000-GTE-P00085,Settled Early,08/01/26 11:45:05.308 PM EDT,$0.00
Willy Adames 9.5,MLB-PHRR-FG-02HVCSMJONRQ6RO-WIES000-GTE-P00095,Settled Early,08/01/26 11:45:05.503 PM EDT,$0.00
Willy Adames 4.5,MLB-PHRR-FG-02HVCSMJONRQ6RO-WIES000-GTE-P00045,Settled Early,08/01/26 11:45:05.746 PM EDT,$0.00
Ceddanne Rafaela 0.5,MLB-PHRR-FG-02HVCSKUONRQ6S0-CELA000-GTE-P00005,Settled Early,08/01/26 11:45:06.868 PM EDT,$1.00
Ceddanne Rafaela 1.5,MLB-PHRR-FG-02HVCSKUONRQ6S0-CELA000-GTE-P00015,Settled Early,08/01/26 11:45:07.099 PM EDT,$1.00
Ceddanne Rafaela 2.5,MLB-PHRR-FG-02HVCSKUONRQ6S0-CELA000-GTE-P00025,Settled Early,08/01/26 11:45:07.322 PM EDT,$1.00
Ceddanne Rafaela 6.5,MLB-PHRR-FG-02HVCSKUONRQ6S0-CELA000-GTE-P00065,Settled Early,08/01/26 11:45:07.548 PM EDT,$0.00
Ceddanne Rafaela 8.5,MLB-PHRR-FG-02HVCSKUONRQ6S0-CELA000-GTE-P00085,Settled Early,08/01/26 11:45:07.739 PM EDT,$0.00
Ceddanne Rafaela 9.5,MLB-PHRR-FG-02HVCSKUONRQ6S0-CELA000-GTE-P00095,Settled Early,08/01/26 11:45:07.926 PM EDT,$0.00
Ceddanne Rafaela 5.5,MLB-PHRR-FG-02HVCSKUONRQ6S0-CELA000-GTE-P00055,Settled Early,08/01/26 11:45:08.146 PM EDT,$1.00
Ceddanne Rafaela 7.5,MLB-PHRR-FG-02HVCSKUONRQ6S0-CELA000-GTE-P00075,Settled Early,08/01/26 11:45:08.366 PM EDT,$0.00
Ceddanne Rafaela 3.5,MLB-PHRR-FG-02HVCSKUONRQ6S0-CELA000-GTE-P00035,Settled Early,08/01/26 11:45:08.608 PM EDT,$1.00
Ceddanne Rafaela 4.5,MLB-PHRR-FG-02HVCSKUONRQ6S0-CELA000-GTE-P00045,Settled Early,08/01/26 11:45:08.835 PM EDT,$1.00
Manny Machado 5.5,MLB-PHRR-FG-02HVCSMJONRQ6RO-MADO001-GTE-P00055,Settled Early,08/01/26 11:45:18.296 PM EDT,$0.00
Manny Machado 8.5,MLB-PHRR-FG-02HVCSMJONRQ6RO-MADO001-GTE-P00085,Settled Early,08/01/26 11:45:18.550 PM EDT,$0.00
Manny Machado 0.5,MLB-PHRR-FG-02HVCSMJONRQ6RO-MADO001-GTE-P00005,Settled Early,08/01/26 11:45:18.762 PM EDT,$1.00
Manny Machado 1.5,MLB-PHRR-FG-02HVCSMJONRQ6RO-MADO001-GTE-P00015,Settled Early,08/01/26 11:45:18.968 PM EDT,$0.00
Manny Machado 4.5,MLB-PHRR-FG-02HVCSMJONRQ6RO-MADO001-GTE-P00045,Settled Early,08/01/26 11:45:19.257 PM EDT,$0.00
Manny Machado 3.5,MLB-PHRR-FG-02HVCSMJONRQ6RO-MADO001-GTE-P00035,Settled Early,08/01/26 11:45:19.485 PM EDT,$0.00
Manny Machado 9.5,MLB-PHRR-FG-02HVCSMJONRQ6RO-MADO001-GTE-P00095,Settled Early,08/01/26 11:45:19.702 PM EDT,$0.00
Manny Machado 7.5,MLB-PHRR-FG-02HVCSMJONRQ6RO-MADO001-GTE-P00075,Settled Early,08/01/26 11:45:19.898 PM EDT,$0.00
Manny Machado 6.5,MLB-PHRR-FG-02HVCSMJONRQ6RO-MADO001-GTE-P00065,Settled Early,08/01/26 11:45:20.094 PM EDT,$0.00
Manny Machado 2.5,MLB-PHRR-FG-02HVCSMJONRQ6RO-MADO001-GTE-P00025,Settled Early,08/01/26 11:45:20.259 PM EDT,$0.00
Over 4.5,MLB-TRUNS-I9-02HVCSKUONRQ6S0-GTE-P00045,Settled Early,08/01/26 11:45:20.263 PM EDT,$0.00
Over 3.5,MLB-TRUNS-I9-02HVCSKUONRQ6S0-GTE-P00035,Settled Early,08/01/26 11:45:20.455 PM EDT,$0.00
Over 1.5,MLB-TRUNS-I9-02HVCSKUONRQ6S0-GTE-P00015,Settled Early,08/01/26 11:45:20.675 PM EDT,$0.00
Over 0.5,MLB-TRUNS-I9-02HVCSKUONRQ6S0-GTE-P00005,Settled Early,08/01/26 11:45:20.877 PM EDT,$0.00
Over 2.5,MLB-TRUNS-I9-02HVCSKUONRQ6S0-GTE-P00025,Settled Early,08/01/26 11:45:21.117 PM EDT,$0.00
Drew Gilbert 5.5,MLB-PHRR-FG-02HVCSMJONRQ6RO-DRRT000-GTE-P00055,Settled Early,08/01/26 11:45:32.432 PM EDT,$0.00
Drew Gilbert 6.5,MLB-PHRR-FG-02HVCSMJONRQ6RO-DRRT000-GTE-P00065,Settled Early,08/01/26 11:45:32.645 PM EDT,$0.00
Drew Gilbert 7.5,MLB-PHRR-FG-02HVCSMJONRQ6RO-DRRT000-GTE-P00075,Settled Early,08/01/26 11:45:32.841 PM EDT,$0.00
Drew Gilbert 9.5,MLB-PHRR-FG-02HVCSMJONRQ6RO-DRRT000-GTE-P00095,Settled Early,08/01/26 11:45:33.037 PM EDT,$0.00
Drew Gilbert 8.5,MLB-PHRR-FG-02HVCSMJONRQ6RO-DRRT000-GTE-P00085,Settled Early,08/01/26 11:45:33.237 PM EDT,$0.00
Drew Gilbert 0.5,MLB-PHRR-FG-02HVCSMJONRQ6RO-DRRT000-GTE-P00005,Settled Early,08/01/26 11:45:33.425 PM EDT,$1.00
Drew Gilbert 1.5,MLB-PHRR-FG-02HVCSMJONRQ6RO-DRRT000-GTE-P00015,Settled Early,08/01/26 11:45:33.594 PM EDT,$1.00
Drew Gilbert 2.5,MLB-PHRR-FG-02HVCSMJONRQ6RO-DRRT000-GTE-P00025,Settled Early,08/01/26 11:45:33.765 PM EDT,$1.00
Drew Gilbert 4.5,MLB-PHRR-FG-02HVCSMJONRQ6RO-DRRT000-GTE-P00045,Settled Early,08/01/26 11:45:33.965 PM EDT,$0.00
Drew Gilbert 3.5,MLB-PHRR-FG-02HVCSMJONRQ6RO-DRRT000-GTE-P00035,Settled Early,08/01/26 11:45:34.155 PM EDT,$0.00
Wilyer Abreu 1.5,MLB-PHRR-FG-02HVCSKUONRQ6S0-WIEU000-GTE-P00015,Settled Early,08/01/26 11:45:35.235 PM EDT,$0.00
Wilyer Abreu 2.5,MLB-PHRR-FG-02HVCSKUONRQ6S0-WIEU000-GTE-P00025,Settled Early,08/01/26 11:45:35.441 PM EDT,$0.00
Wilyer Abreu 3.5,MLB-PHRR-FG-02HVCSKUONRQ6S0-WIEU000-GTE-P00035,Settled Early,08/01/26 11:45:35.693 PM EDT,$0.00
Wilyer Abreu 4.5,MLB-PHRR-FG-02HVCSKUONRQ6S0-WIEU000-GTE-P00045,Settled Early,08/01/26 11:45:35.882 PM EDT,$0.00
Wilyer Abreu 5.5,MLB-PHRR-FG-02HVCSKUONRQ6S0-WIEU000-GTE-P00055,Settled Early,08/01/26 11:45:36.071 PM EDT,$0.00
Wilyer Abreu 0.5,MLB-PHRR-FG-02HVCSKUONRQ6S0-WIEU000-GTE-P00005,Settled Early,08/01/26 11:45:36.257 PM EDT,$0.00
Wilyer Abreu 7.5,MLB-PHRR-FG-02HVCSKUONRQ6S0-WIEU000-GTE-P00075,Settled Early,08/01/26 11:45:36.434 PM EDT,$0.00
Wilyer Abreu 6.5,MLB-PHRR-FG-02HVCSKUONRQ6S0-WIEU000-GTE-P00065,Settled Early,08/01/26 11:45:36.603 PM EDT,$0.00
Wilyer Abreu 8.5,MLB-PHRR-FG-02HVCSKUONRQ6S0-WIEU000-GTE-P00085,Settled Early,08/01/26 11:45:36.799 PM EDT,$0.00
Wilyer Abreu 9.5,MLB-PHRR-FG-02HVCSKUONRQ6S0-WIEU000-GTE-P00095,Settled Early,08/01/26 11:45:36.973 PM EDT,$0.00
Fernando Tatis Jr. 2.5,MLB-PHRR-FG-02HVCSMJONRQ6RO-FEJR000-GTE-P00025,Settled Early,08/01/26 11:45:44.783 PM EDT,$0.00
Fernando Tatis Jr. 0.5,MLB-PHRR-FG-02HVCSMJONRQ6RO-FEJR000-GTE-P00005,Settled Early,08/01/26 11:45:45.038 PM EDT,$0.00
Fernando Tatis Jr. 1.5,MLB-PHRR-FG-02HVCSMJONRQ6RO-FEJR000-GTE-P00015,Settled Early,08/01/26 11:45:45.255 PM EDT,$0.00
Fernando Tatis Jr. 3.5,MLB-PHRR-FG-02HVCSMJONRQ6RO-FEJR000-GTE-P00035,Settled Early,08/01/26 11:45:45.591 PM EDT,$0.00
Fernando Tatis Jr. 4.5,MLB-PHRR-FG-02HVCSMJONRQ6RO-FEJR000-GTE-P00045,Settled Early,08/01/26 11:45:45.785 PM EDT,$0.00
Fernando Tatis Jr. 9.5,MLB-PHRR-FG-02HVCSMJONRQ6RO-FEJR000-GTE-P00095,Settled Early,08/01/26 11:45:45.980 PM EDT,$0.00
Fernando Tatis Jr. 8.5,MLB-PHRR-FG-02HVCSMJONRQ6RO-FEJR000-GTE-P00085,Settled Early,08/01/26 11:45:46.169 PM EDT,$0.00
Fernando Tatis Jr. 6.5,MLB-PHRR-FG-02HVCSMJONRQ6RO-FEJR000-GTE-P00065,Settled Early,08/01/26 11:45:46.382 PM EDT,$0.00
Fernando Tatis Jr. 5.5,MLB-PHRR-FG-02HVCSMJONRQ6RO-FEJR000-GTE-P00055,Settled Early,08/01/26 11:45:46.549 PM EDT,$0.00
Fernando Tatis Jr. 7.5,MLB-PHRR-FG-02HVCSMJONRQ6RO-FEJR000-GTE-P00075,Settled Early,08/01/26 11:45:46.718 PM EDT,$0.00
Anthony Seigler 2.5,MLB-PHRR-FG-02HVCSKUONRQ6S0-ANER002-GTE-P00025,Settled Early,08/01/26 11:45:50.456 PM EDT,$0.00
Anthony Seigler 4.5,MLB-PHRR-FG-02HVCSKUONRQ6S0-ANER002-GTE-P00045,Settled Early,08/01/26 11:45:50.643 PM EDT,$0.00
Anthony Seigler 5.5,MLB-PHRR-FG-02HVCSKUONRQ6S0-ANER002-GTE-P00055,Settled Early,08/01/26 11:45:50.820 PM EDT,$0.00
Anthony Seigler 9.5,MLB-PHRR-FG-02HVCSKUONRQ6S0-ANER002-GTE-P00095,Settled Early,08/01/26 11:45:50.989 PM EDT,$0.00
Anthony Seigler 1.5,MLB-PHRR-FG-02HVCSKUONRQ6S0-ANER002-GTE-P00015,Settled Early,08/01/26 11:45:51.155 PM EDT,$0.00
Anthony Seigler 0.5,MLB-PHRR-FG-02HVCSKUONRQ6S0-ANER002-GTE-P00005,Settled Early,08/01/26 11:45:51.348 PM EDT,$0.00
Anthony Seigler 8.5,MLB-PHRR-FG-02HVCSKUONRQ6S0-ANER002-GTE-P00085,Settled Early,08/01/26 11:45:51.519 PM EDT,$0.00
Anthony Seigler 3.5,MLB-PHRR-FG-02HVCSKUONRQ6S0-ANER002-GTE-P00035,Settled Early,08/01/26 11:45:51.734 PM EDT,$0.00
Anthony Seigler 6.5,MLB-PHRR-FG-02HVCSKUONRQ6S0-ANER002-GTE-P00065,Settled Early,08/01/26 11:45:51.900 PM EDT,$0.00
Anthony Seigler 7.5,MLB-PHRR-FG-02HVCSKUONRQ6S0-ANER002-GTE-P00075,Settled Early,08/01/26 11:45:52.070 PM EDT,$0.00
Rafael Devers 1.5,MLB-PHRR-FG-02HVCSMJONRQ6RO-RARS000-GTE-P00015,Settled Early,08/01/26 11:46:05.296 PM EDT,$1.00
Rafael Devers 4.5,MLB-PHRR-FG-02HVCSMJONRQ6RO-RARS000-GTE-P00045,Settled Early,08/01/26 11:46:05.523 PM EDT,$0.00
Freddie Freeman 0.5,MLB-PHRR-FG-02HVCSKUONRQ6S0-FRAN000-GTE-P00005,Settled Early,08/01/26 11:46:05.651 PM EDT,$1.00
Rafael Devers 3.5,MLB-PHRR-FG-02HVCSMJONRQ6RO-RARS000-GTE-P00035,Settled Early,08/01/26 11:46:05.698 PM EDT,$0.00
Rafael Devers 7.5,MLB-PHRR-FG-02HVCSMJONRQ6RO-RARS000-GTE-P00075,Settled Early,08/01/26 11:46:05.932 PM EDT,$0.00
Freddie Freeman 1.5,MLB-PHRR-FG-02HVCSKUONRQ6S0-FRAN000-GTE-P00015,Settled Early,08/01/26 11:46:05.950 PM EDT,$1.00
Rafael Devers 5.5,MLB-PHRR-FG-02HVCSMJONRQ6RO-RARS000-GTE-P00055,Settled Early,08/01/26 11:46:06.154 PM EDT,$0.00
Freddie Freeman 2.5,MLB-PHRR-FG-02HVCSKUONRQ6S0-FRAN000-GTE-P00025,Settled Early,08/01/26 11:46:06.223 PM EDT,$1.00
Rafael Devers 6.5,MLB-PHRR-FG-02HVCSMJONRQ6RO-RARS000-GTE-P00065,Settled Early,08/01/26 11:46:06.391 PM EDT,$0.00
Freddie Freeman 3.5,MLB-PHRR-FG-02HVCSKUONRQ6S0-FRAN000-GTE-P00035,Settled Early,08/01/26 11:46:06.396 PM EDT,$1.00
Rafael Devers 8.5,MLB-PHRR-FG-02HVCSMJONRQ6RO-RARS000-GTE-P00085,Settled Early,08/01/26 11:46:06.629 PM EDT,$0.00
Freddie Freeman 4.5,MLB-PHRR-FG-02HVCSKUONRQ6S0-FRAN000-GTE-P00045,Settled Early,08/01/26 11:46:06.641 PM EDT,$0.00
Rafael Devers 2.5,MLB-PHRR-FG-02HVCSMJONRQ6RO-RARS000-GTE-P00025,Settled Early,08/01/26 11:46:06.849 PM EDT,$1.00
Freddie Freeman 7.5,MLB-PHRR-FG-02HVCSKUONRQ6S0-FRAN000-GTE-P00075,Settled Early,08/01/26 11:46:06.849 PM EDT,$0.00
Rafael Devers 9.5,MLB-PHRR-FG-02HVCSMJONRQ6RO-RARS000-GTE-P00095,Settled Early,08/01/26 11:46:07.045 PM EDT,$0.00
Freddie Freeman 8.5,MLB-PHRR-FG-02HVCSKUONRQ6S0-FRAN000-GTE-P00085,Settled Early,08/01/26 11:46:07.067 PM EDT,$0.00
Rafael Devers 0.5,MLB-PHRR-FG-02HVCSMJONRQ6RO-RARS000-GTE-P00005,Settled Early,08/01/26 11:46:07.245 PM EDT,$1.00
Freddie Freeman 6.5,MLB-PHRR-FG-02HVCSKUONRQ6S0-FRAN000-GTE-P00065,Settled Early,08/01/26 11:46:07.265 PM EDT,$0.00
Freddie Freeman 9.5,MLB-PHRR-FG-02HVCSKUONRQ6S0-FRAN000-GTE-P00095,Settled Early,08/01/26 11:46:07.462 PM EDT,$0.00
Freddie Freeman 5.5,MLB-PHRR-FG-02HVCSKUONRQ6S0-FRAN000-GTE-P00055,Settled Early,08/01/26 11:46:07.661 PM EDT,$0.00
Christian Koss 3.5,MLB-PHRR-FG-02HVCSMJONRQ6RO-CHSS000-GTE-P00035,Settled Early,08/01/26 11:46:20.066 PM EDT,$0.00
Christian Koss 2.5,MLB-PHRR-FG-02HVCSMJONRQ6RO-CHSS000-GTE-P00025,Settled Early,08/01/26 11:46:20.260 PM EDT,$0.00
Christian Koss 4.5,MLB-PHRR-FG-02HVCSMJONRQ6RO-CHSS000-GTE-P00045,Settled Early,08/01/26 11:46:20.457 PM EDT,$0.00
Christian Koss 1.5,MLB-PHRR-FG-02HVCSMJONRQ6RO-CHSS000-GTE-P00015,Settled Early,08/01/26 11:46:20.628 PM EDT,$0.00
Christian Koss 6.5,MLB-PHRR-FG-02HVCSMJONRQ6RO-CHSS000-GTE-P00065,Settled Early,08/01/26 11:46:20.861 PM EDT,$0.00
Christian Koss 0.5,MLB-PHRR-FG-02HVCSMJONRQ6RO-CHSS000-GTE-P00005,Settled Early,08/01/26 11:46:21.054 PM EDT,$0.00
Christian Koss 5.5,MLB-PHRR-FG-02HVCSMJONRQ6RO-CHSS000-GTE-P00055,Settled Early,08/01/26 11:46:21.304 PM EDT,$0.00
Christian Koss 9.5,MLB-PHRR-FG-02HVCSMJONRQ6RO-CHSS000-GTE-P00095,Settled Early,08/01/26 11:46:21.473 PM EDT,$0.00
Christian Koss 7.5,MLB-PHRR-FG-02HVCSMJONRQ6RO-CHSS000-GTE-P00075,Settled Early,08/01/26 11:46:21.660 PM EDT,$0.00
Christian Koss 8.5,MLB-PHRR-FG-02HVCSMJONRQ6RO-CHSS000-GTE-P00085,Settled Early,08/01/26 11:46:21.854 PM EDT,$0.00
Caleb Durbin 0.5,MLB-PHRR-FG-02HVCSKUONRQ6S0-CAIN000-GTE-P00005,Settled Early,08/01/26 11:46:27.139 PM EDT,$0.00
Caleb Durbin 1.5,MLB-PHRR-FG-02HVCSKUONRQ6S0-CAIN000-GTE-P00015,Settled Early,08/01/26 11:46:27.342 PM EDT,$0.00
Caleb Durbin 2.5,MLB-PHRR-FG-02HVCSKUONRQ6S0-CAIN000-GTE-P00025,Settled Early,08/01/26 11:46:27.570 PM EDT,$0.00
Caleb Durbin 3.5,MLB-PHRR-FG-02HVCSKUONRQ6S0-CAIN000-GTE-P00035,Settled Early,08/01/26 11:46:27.744 PM EDT,$0.00
Caleb Durbin 4.5,MLB-PHRR-FG-02HVCSKUONRQ6S0-CAIN000-GTE-P00045,Settled Early,08/01/26 11:46:27.915 PM EDT,$0.00
Caleb Durbin 5.5,MLB-PHRR-FG-02HVCSKUONRQ6S0-CAIN000-GTE-P00055,Settled Early,08/01/26 11:46:28.094 PM EDT,$0.00
Caleb Durbin 6.5,MLB-PHRR-FG-02HVCSKUONRQ6S0-CAIN000-GTE-P00065,Settled Early,08/01/26 11:46:28.308 PM EDT,$0.00
Caleb Durbin 8.5,MLB-PHRR-FG-02HVCSKUONRQ6S0-CAIN000-GTE-P00085,Settled Early,08/01/26 11:46:28.479 PM EDT,$0.00
Caleb Durbin 9.5,MLB-PHRR-FG-02HVCSKUONRQ6S0-CAIN000-GTE-P00095,Settled Early,08/01/26 11:46:28.678 PM EDT,$0.00
Caleb Durbin 7.5,MLB-PHRR-FG-02HVCSKUONRQ6S0-CAIN000-GTE-P00075,Settled Early,08/01/26 11:46:28.848 PM EDT,$0.00
Gavin Sheets 1.5,MLB-PHRR-FG-02HVCSMJONRQ6RO-GATS000-GTE-P00015,Settled Early,08/01/26 11:46:35.005 PM EDT,$0.00
Gavin Sheets 5.5,MLB-PHRR-FG-02HVCSMJONRQ6RO-GATS000-GTE-P00055,Settled Early,08/01/26 11:46:35.173 PM EDT,$0.00
Gavin Sheets 0.5,MLB-PHRR-FG-02HVCSMJONRQ6RO-GATS000-GTE-P00005,Settled Early,08/01/26 11:46:35.378 PM EDT,$0.00
Gavin Sheets 2.5,MLB-PHRR-FG-02HVCSMJONRQ6RO-GATS000-GTE-P00025,Settled Early,08/01/26 11:46:35.572 PM EDT,$0.00
Gavin Sheets 7.5,MLB-PHRR-FG-02HVCSMJONRQ6RO-GATS000-GTE-P00075,Settled Early,08/01/26 11:46:35.767 PM EDT,$0.00
Gavin Sheets 9.5,MLB-PHRR-FG-02HVCSMJONRQ6RO-GATS000-GTE-P00095,Settled Early,08/01/26 11:46:35.940 PM EDT,$0.00
Gavin Sheets 4.5,MLB-PHRR-FG-02HVCSMJONRQ6RO-GATS000-GTE-P00045,Settled Early,08/01/26 11:46:36.136 PM EDT,$0.00
Gavin Sheets 3.5,MLB-PHRR-FG-02HVCSMJONRQ6RO-GATS000-GTE-P00035,Settled Early,08/01/26 11:46:36.337 PM EDT,$0.00
Gavin Sheets 6.5,MLB-PHRR-FG-02HVCSMJONRQ6RO-GATS000-GTE-P00065,Settled Early,08/01/26 11:46:36.507 PM EDT,$0.00
Gavin Sheets 8.5,MLB-PHRR-FG-02HVCSMJONRQ6RO-GATS000-GTE-P00085,Settled Early,08/01/26 11:46:36.678 PM EDT,$0.00
Andruw Monasterio 0.5,MLB-PHRR-FG-02HVCSKUONRQ6S0-ANIO000-GTE-P00005,Settled Early,08/01/26 11:47:01.787 PM EDT,$1.00
Andruw Monasterio 2.5,MLB-PHRR-FG-02HVCSKUONRQ6S0-ANIO000-GTE-P00025,Settled Early,08/01/26 11:47:01.991 PM EDT,$0.00
Andruw Monasterio 3.5,MLB-PHRR-FG-02HVCSKUONRQ6S0-ANIO000-GTE-P00035,Settled Early,08/01/26 11:47:02.224 PM EDT,$0.00
Andruw Monasterio 4.5,MLB-PHRR-FG-02HVCSKUONRQ6S0-ANIO000-GTE-P00045,Settled Early,08/01/26 11:47:02.446 PM EDT,$0.00
Andruw Monasterio 5.5,MLB-PHRR-FG-02HVCSKUONRQ6S0-ANIO000-GTE-P00055,Settled Early,08/01/26 11:47:02.662 PM EDT,$0.00
Andruw Monasterio 6.5,MLB-PHRR-FG-02HVCSKUONRQ6S0-ANIO000-GTE-P00065,Settled Early,08/01/26 11:47:02.886 PM EDT,$0.00
Andruw Monasterio 7.5,MLB-PHRR-FG-02HVCSKUONRQ6S0-ANIO000-GTE-P00075,Settled Early,08/01/26 11:47:03.088 PM EDT,$0.00
Andruw Monasterio 8.5,MLB-PHRR-FG-02HVCSKUONRQ6S0-ANIO000-GTE-P00085,Settled Early,08/01/26 11:47:03.311 PM EDT,$0.00
Andruw Monasterio 9.5,MLB-PHRR-FG-02HVCSKUONRQ6S0-ANIO000-GTE-P00095,Settled Early,08/01/26 11:47:03.485 PM EDT,$0.00
Andruw Monasterio 1.5,MLB-PHRR-FG-02HVCSKUONRQ6S0-ANIO000-GTE-P00015,Settled Early,08/01/26 11:47:03.693 PM EDT,$1.00
Dalton Rushing 0.5,MLB-PHRR-FG-02HVCSKUONRQ6S0-DANG001-GTE-P00005,Settled Early,08/01/26 11:47:11.792 PM EDT,$0.00
Dalton Rushing 2.5,MLB-PHRR-FG-02HVCSKUONRQ6S0-DANG001-GTE-P00025,Settled Early,08/01/26 11:47:12.044 PM EDT,$0.00
Dalton Rushing 9.5,MLB-PHRR-FG-02HVCSKUONRQ6S0-DANG001-GTE-P00095,Settled Early,08/01/26 11:47:12.285 PM EDT,$0.00
Dalton Rushing 5.5,MLB-PHRR-FG-02HVCSKUONRQ6S0-DANG001-GTE-P00055,Settled Early,08/01/26 11:47:12.473 PM EDT,$0.00
Dalton Rushing 7.5,MLB-PHRR-FG-02HVCSKUONRQ6S0-DANG001-GTE-P00075,Settled Early,08/01/26 11:47:12.642 PM EDT,$0.00
Dalton Rushing 1.5,MLB-PHRR-FG-02HVCSKUONRQ6S0-DANG001-GTE-P00015,Settled Early,08/01/26 11:47:12.855 PM EDT,$0.00
Dalton Rushing 4.5,MLB-PHRR-FG-02HVCSKUONRQ6S0-DANG001-GTE-P00045,Settled Early,08/01/26 11:47:13.077 PM EDT,$0.00
Dalton Rushing 3.5,MLB-PHRR-FG-02HVCSKUONRQ6S0-DANG001-GTE-P00035,Settled Early,08/01/26 11:47:13.248 PM EDT,$0.00
Dalton Rushing 8.5,MLB-PHRR-FG-02HVCSKUONRQ6S0-DANG001-GTE-P00085,Settled Early,08/01/26 11:47:13.418 PM EDT,$0.00
Dalton Rushing 6.5,MLB-PHRR-FG-02HVCSKUONRQ6S0-DANG001-GTE-P00065,Settled Early,08/01/26 11:47:13.611 PM EDT,$0.00
Miguel Rojas 9.5,MLB-PHRR-FG-02HVCSKUONRQ6S0-MIAS001-GTE-P00095,Settled Early,08/01/26 11:47:15.268 PM EDT,$0.00
Miguel Rojas 8.5,MLB-PHRR-FG-02HVCSKUONRQ6S0-MIAS001-GTE-P00085,Settled Early,08/01/26 11:47:15.468 PM EDT,$0.00
Miguel Rojas 1.5,MLB-PHRR-FG-02HVCSKUONRQ6S0-MIAS001-GTE-P00015,Settled Early,08/01/26 11:47:15.656 PM EDT,$0.00
Miguel Rojas 0.5,MLB-PHRR-FG-02HVCSKUONRQ6S0-MIAS001-GTE-P00005,Settled Early,08/01/26 11:47:15.882 PM EDT,$1.00
Miguel Rojas 5.5,MLB-PHRR-FG-02HVCSKUONRQ6S0-MIAS001-GTE-P00055,Settled Early,08/01/26 11:47:16.115 PM EDT,$0.00
Miguel Rojas 6.5,MLB-PHRR-FG-02HVCSKUONRQ6S0-MIAS001-GTE-P00065,Settled Early,08/01/26 11:47:16.310 PM EDT,$0.00
Miguel Rojas 3.5,MLB-PHRR-FG-02HVCSKUONRQ6S0-MIAS001-GTE-P00035,Settled Early,08/01/26 11:47:16.532 PM EDT,$0.00
Miguel Rojas 2.5,MLB-PHRR-FG-02HVCSKUONRQ6S0-MIAS001-GTE-P00025,Settled Early,08/01/26 11:47:16.745 PM EDT,$0.00
Miguel Rojas 4.5,MLB-PHRR-FG-02HVCSKUONRQ6S0-MIAS001-GTE-P00045,Settled Early,08/01/26 11:47:16.976 PM EDT,$0.00
Miguel Rojas 7.5,MLB-PHRR-FG-02HVCSKUONRQ6S0-MIAS001-GTE-P00075,Settled Early,08/01/26 11:47:17.170 PM EDT,$0.00
Nick Sogard 0.5,MLB-PHRR-FG-02HVCSKUONRQ6S0-NIRD000-GTE-P00005,Settled Early,08/01/26 11:47:31.781 PM EDT,$0.00
Nick Sogard 1.5,MLB-PHRR-FG-02HVCSKUONRQ6S0-NIRD000-GTE-P00015,Settled Early,08/01/26 11:47:31.955 PM EDT,$0.00
Nick Sogard 4.5,MLB-PHRR-FG-02HVCSKUONRQ6S0-NIRD000-GTE-P00045,Settled Early,08/01/26 11:47:32.155 PM EDT,$0.00
Nick Sogard 9.5,MLB-PHRR-FG-02HVCSKUONRQ6S0-NIRD000-GTE-P00095,Settled Early,08/01/26 11:47:32.354 PM EDT,$0.00
Nick Sogard 6.5,MLB-PHRR-FG-02HVCSKUONRQ6S0-NIRD000-GTE-P00065,Settled Early,08/01/26 11:47:32.585 PM EDT,$0.00
Nick Sogard 7.5,MLB-PHRR-FG-02HVCSKUONRQ6S0-NIRD000-GTE-P00075,Settled Early,08/01/26 11:47:32.753 PM EDT,$0.00
Nick Sogard 8.5,MLB-PHRR-FG-02HVCSKUONRQ6S0-NIRD000-GTE-P00085,Settled Early,08/01/26 11:47:32.928 PM EDT,$0.00
Nick Sogard 3.5,MLB-PHRR-FG-02HVCSKUONRQ6S0-NIRD000-GTE-P00035,Settled Early,08/01/26 11:47:33.113 PM EDT,$0.00
Nick Sogard 5.5,MLB-PHRR-FG-02HVCSKUONRQ6S0-NIRD000-GTE-P00055,Settled Early,08/01/26 11:47:33.289 PM EDT,$0.00
Nick Sogard 2.5,MLB-PHRR-FG-02HVCSKUONRQ6S0-NIRD000-GTE-P00025,Settled Early,08/01/26 11:47:33.487 PM EDT,$0.00
Mookie Betts 2.5,MLB-PHRR-FG-02HVCSKUONRQ6S0-MOTS000-GTE-P00025,Settled Early,08/01/26 11:47:34.973 PM EDT,$0.00
Mookie Betts 5.5,MLB-PHRR-FG-02HVCSKUONRQ6S0-MOTS000-GTE-P00055,Settled Early,08/01/26 11:47:35.207 PM EDT,$0.00
Mookie Betts 7.5,MLB-PHRR-FG-02HVCSKUONRQ6S0-MOTS000-GTE-P00075,Settled Early,08/01/26 11:47:35.407 PM EDT,$0.00
Mookie Betts 9.5,MLB-PHRR-FG-02HVCSKUONRQ6S0-MOTS000-GTE-P00095,Settled Early,08/01/26 11:47:35.571 PM EDT,$0.00
Mookie Betts 3.5,MLB-PHRR-FG-02HVCSKUONRQ6S0-MOTS000-GTE-P00035,Settled Early,08/01/26 11:47:35.762 PM EDT,$0.00
Mookie Betts 1.5,MLB-PHRR-FG-02HVCSKUONRQ6S0-MOTS000-GTE-P00015,Settled Early,08/01/26 11:47:35.952 PM EDT,$0.00
Mookie Betts 6.5,MLB-PHRR-FG-02HVCSKUONRQ6S0-MOTS000-GTE-P00065,Settled Early,08/01/26 11:47:36.176 PM EDT,$0.00
Mookie Betts 8.5,MLB-PHRR-FG-02HVCSKUONRQ6S0-MOTS000-GTE-P00085,Settled Early,08/01/26 11:47:36.376 PM EDT,$0.00
Mookie Betts 4.5,MLB-PHRR-FG-02HVCSKUONRQ6S0-MOTS000-GTE-P00045,Settled Early,08/01/26 11:47:36.573 PM EDT,$0.00
Mookie Betts 0.5,MLB-PHRR-FG-02HVCSKUONRQ6S0-MOTS000-GTE-P00005,Settled Early,08/01/26 11:47:36.738 PM EDT,$0.00
Kyle Tucker 4.5,MLB-PHRR-FG-02HVCSKUONRQ6S0-KYER000-GTE-P00045,Settled Early,08/01/26 11:47:54.724 PM EDT,$0.00
Kyle Tucker 8.5,MLB-PHRR-FG-02HVCSKUONRQ6S0-KYER000-GTE-P00085,Settled Early,08/01/26 11:47:54.920 PM EDT,$0.00
Kyle Tucker 9.5,MLB-PHRR-FG-02HVCSKUONRQ6S0-KYER000-GTE-P00095,Settled Early,08/01/26 11:47:55.092 PM EDT,$0.00
Kyle Tucker 2.5,MLB-PHRR-FG-02HVCSKUONRQ6S0-KYER000-GTE-P00025,Settled Early,08/01/26 11:47:55.285 PM EDT,$0.00
Kyle Tucker 1.5,MLB-PHRR-FG-02HVCSKUONRQ6S0-KYER000-GTE-P00015,Settled Early,08/01/26 11:47:55.496 PM EDT,$0.00
Kyle Tucker 7.5,MLB-PHRR-FG-02HVCSKUONRQ6S0-KYER000-GTE-P00075,Settled Early,08/01/26 11:47:55.765 PM EDT,$0.00
Kyle Tucker 6.5,MLB-PHRR-FG-02HVCSKUONRQ6S0-KYER000-GTE-P00065,Settled Early,08/01/26 11:47:55.962 PM EDT,$0.00
Kyle Tucker 3.5,MLB-PHRR-FG-02HVCSKUONRQ6S0-KYER000-GTE-P00035,Settled Early,08/01/26 11:47:56.132 PM EDT,$0.00
Kyle Tucker 5.5,MLB-PHRR-FG-02HVCSKUONRQ6S0-KYER000-GTE-P00055,Settled Early,08/01/26 11:47:56.303 PM EDT,$0.00
Kyle Tucker 0.5,MLB-PHRR-FG-02HVCSKUONRQ6S0-KYER000-GTE-P00005,Settled Early,08/01/26 11:47:56.507 PM EDT,$0.00
