Business Date,Symbol,Transaction Date and Time,Last Price (USD),Last Quantity
20260821,KBO-WIN-FG-01DPACLITNC5QPG-SANS000,08/21/26 12:00 AM EDT,$0.66,10
20260821,NPB-TRUNS-FG-01DIOH98TLSLV90-GTE-P00075,08/21/26 12:02 AM EDT,$0.37,12
20260821,NPB-TRUNS-FG-01DIOHFDTLSLUG8-GTE-P00075,08/21/26 12:02 AM EDT,$0.43,11
20260821,NPB-TRUNS-FG-01DIOH81TLSLVN8-GTE-P00085,08/21/26 12:02 AM EDT,$0.47,16
20260821,KBO-TRUNS-FG-01DPAFSVTNCEI30-GTE-P00065,08/21/26 12:02 AM EDT,$0.61,69
20260821,KBO-MOVY-FG-01DPACLITNC5QPG-SANS000-GTE-P00015,08/21/26 12:03 AM EDT,$0.56,86
20260821,KBO-MOVY-FG-01DPACLITNC5QPG-SANS000-GTE-P00015,08/21/26 12:05 AM EDT,$0.56,124
20260821,KBO-TRUNS-FG-01DPACJGTNC5R90-GTE-P00095,08/21/26 12:06 AM EDT,$0.59,32
20260821,NPB-WIN-FG-01DIOH98TLSLV90-YOTS000,08/21/26 12:09 AM EDT,$0.61,246
20260821,NPB-TRUNS-FG-01DIOH81TLSLVN8-GTE-P00075,08/21/26 12:13 AM EDT,$0.53,205
20260821,KBO-MOVY-FG-01DPACLITNC5QPG-SANS000-GTE-P00015,08/21/26 12:14 AM EDT,$0.56,10
20260821,KBO-WIN-FG-01DPAFSVTNCEI30-LOTS001,08/21/26 12:14 AM EDT,$0.59,9
20260821,KBO-MOVY-FG-01DPACLITNC5QPG-SANS000-GTE-P00015,08/21/26 12:15 AM EDT,$0.56,86
20260821,KBO-MOVY-FG-01DPACLITNC5QPG-SANS000-GTE-P00015,08/21/26 12:15 AM EDT,$0.56,17
20260821,KBO-WIN-FG-01DPAFSVTNCEI30-LOTS001,08/21/26 12:15 AM EDT,$0.59,16
20260821,KBO-WIN-FG-01DPAFSVTNCEI30-LOTS001,08/21/26 12:17 AM EDT,$0.59,83
20260821,KBO-MOVY-FG-01DPACLITNC5QPG-SANS000-GTE-P00015,08/21/26 12:17 AM EDT,$0.56,86
20260821,KBO-MOVY-FG-01DPACLITNC5QPG-SANS000-GTE-P00015,08/21/26 12:20 AM EDT,$0.56,8
20260821,KBO-TRUNS-FG-01DPAFQKTNCEJLO-GTE-P00115,08/21/26 12:21 AM EDT,$0.44,54
20260821,KBO-TRUNS-FG-01DPACJGTNC5R90-GTE-P00095,08/21/26 12:21 AM EDT,$0.59,8
20260821,NPB-WIN-FG-01DIOHFDTLSLUG8-CHNS000,08/21/26 12:22 AM EDT,$0.61,7
20260821,NPB-TRUNS-FG-01DIOH98TLSLV90-GTE-P00065,08/21/26 12:22 AM EDT,$0.42,8
20260821,NPB-WIN-FG-01DIOH98TLSLV90-HIRP000,08/21/26 12:24 AM EDT,$0.41,49
20260821,NPB-WIN-FG-01DIOHEATLSLV90-HORS000,08/21/26 12:25 AM EDT,$0.63,230
20260821,NPB-WIN-FG-01DIOH81TLSLVN8-HARS001,08/21/26 12:27 AM EDT,$0.45,53
20260821,NPB-WIN-FG-01DIOH81TLSLVN8-HARS001,08/21/26 12:28 AM EDT,$0.45,86
20260821,LIGAMX-BTMSC-FG-01O38BN3VVTN6IO-BINARY,08/21/26 12:29 AM EDT,$0.64,15
20260821,KBO-WIN-FG-01DPAFSVTNCEI30-DORS000,08/21/26 12:35 AM EDT,$0.43,51
20260821,KBO-TRUNS-FG-01DPAFSVTNCEI30-GTE-P00125,08/21/26 12:36 AM EDT,$0.14,66
20260821,NPB-WIN-FG-01DIOH81TLSLVN8-HARS001,08/21/26 12:37 AM EDT,$0.45,42
20260821,MLB-PHRR-FG-000FPR4TI545OUG-WIEU000-GTE-P00015,08/21/26 12:37 AM EDT,$0.57,89
20260821,NPB-WIN-FG-01DIOH98TLSLV90-YOTS000,08/21/26 12:38 AM EDT,$0.61,203
20260821,KBO-TRUNS-FG-01DPAFSVTNCEI30-GTE-P00075,08/21/26 12:38 AM EDT,$0.47,1020
20260821,NPB-TRUNS-FG-01DIOHEATLSLV90-GTE-P00055,08/21/26 12:38 AM EDT,$0.61,15
20260821,NPB-TRUNS-FG-01DIOHESTLSLVL0-GTE-P00055,08/21/26 12:38 AM EDT,$0.65,14
20260821,NPB-TRUNS-FG-01DIOH81TLSLVN8-GTE-P00065,08/21/26 12:38 AM EDT,$0.67,14
20260821,NPB-TRUNS-FG-01DIOHFDTLSLUG8-GTE-P00055,08/21/26 12:38 AM EDT,$0.62,15
20260821,NPB-TRUNS-FG-01DIOH98TLSLV90-GTE-P00045,08/21/26 12:38 AM EDT,$0.74,13
20260821,KBO-MOVY-FG-01DPACKPTNC5RV0-KIRS000-GTE-P00025,08/21/26 12:38 AM EDT,$0.40,204
20260821,NPB-MOVY-FG-01DIOH81TLSLVN8-YORS001-GTE-P00015,08/21/26 12:38 AM EDT,$0.39,20
20260821,KBO-WIN-FG-01DPAFSVTNCEI30-LOTS001,08/21/26 12:39 AM EDT,$0.59,16
20260821,NPB-WIN-FG-01DIOH81TLSLVN8-YORS001,08/21/26 12:39 AM EDT,$0.57,24
20260821,KBO-WIN-FG-01DPAFSVTNCEI30-LOTS001,08/21/26 12:40 AM EDT,$0.59,16
20260821,NPB-TRUNS-FG-01DIOHEATLSLV90-GTE-P00065,08/21/26 12:40 AM EDT,$0.55,87
20260821,KBO-TRUNS-FG-01DPACLITNC5QPG-GTE-P00085,08/21/26 12:40 AM EDT,$0.69,14
20260821,KBO-TRUNS-FG-01DPACKPTNC5RV0-GTE-P00075,08/21/26 12:40 AM EDT,$0.60,16
20260821,KBO-TRUNS-FG-01DPACJGTNC5R90-GTE-P00085,08/21/26 12:40 AM EDT,$0.71,13
20260821,KBO-TRUNS-FG-01DPAFSVTNCEI30-GTE-P00055,08/21/26 12:40 AM EDT,$0.66,14
20260821,KBO-TRUNS-FG-01DPAFQKTNCEJLO-GTE-P00085,08/21/26 12:40 AM EDT,$0.71,13
20260821,NPB-WIN-FG-01DIOHFDTLSLUG8-CHNS000,08/21/26 12:41 AM EDT,$0.61,31
20260821,NPB-MOVY-FG-01DIOH81TLSLVN8-HARS001-GTE-P00015,08/21/26 12:41 AM EDT,$0.35,56
20260821,KBO-WIN-FG-01DPACJGTNC5R90-LGNS000,08/21/26 12:43 AM EDT,$0.56,4517
20260821,KBO-WIN-FG-01DPAFQKTNCEJLO-SSRS000,08/21/26 12:43 AM EDT,$0.40,30
20260821,NPB-TRUNS-FG-01DIOH81TLSLVN8-GTE-P00135,08/21/26 12:43 AM EDT,$0.14,30
20260821,KBO-WIN-FG-01DPAFSVTNCEI30-LOTS001,08/21/26 12:43 AM EDT,$0.58,30
20260821,KBO-MOVY-FG-01DPAFSVTNCEI30-LOTS001-GTE-P00015,08/21/26 12:44 AM EDT,$0.43,15
20260821,NPB-WIN-FG-01DIOHFDTLSLUG8-CHNS000,08/21/26 12:44 AM EDT,$0.61,139
20260821,KBO-MOVY-FG-01DPACLITNC5QPG-SANS000-GTE-P00015,08/21/26 12:44 AM EDT,$0.57,8
20260821,KBO-WIN-FG-01DPACLITNC5QPG-NCOS000,08/21/26 12:45 AM EDT,$0.36,42
20260821,KBO-WIN-FG-01DPACKPTNC5RV0-KIRS000,08/21/26 12:45 AM EDT,$0.62,20
20260821,KBO-WIN-FG-01DPACJGTNC5R90-HAES000,08/21/26 12:45 AM EDT,$0.46,35
20260821,KBO-WIN-FG-01DPACJGTNC5R90-LGNS000,08/21/26 12:46 AM EDT,$0.56,101
20260821,MLB-PHRR-FG-000FP41SI54B2VO-ANES000-GTE-P00015,08/21/26 12:46 AM EDT,$0.53,9
20260821,KBO-MOVY-FG-01DPACKPTNC5RV0-KIRS000-GTE-P00015,08/21/26 12:46 AM EDT,$0.45,89
20260821,KBO-TRUNS-FG-01DPACJGTNC5R90-GTE-P00105,08/21/26 12:48 AM EDT,$0.54,455
20260821,KBO-MOVY-FG-01DPACKPTNC5RV0-KIRS000-GTE-P00015,08/21/26 12:48 AM EDT,$0.48,186
20260821,KBO-MOVY-FG-01DPACKPTNC5RV0-KIRS000-GTE-P00015,08/21/26 12:48 AM EDT,$0.48,10
20260821,NPB-WIN-FG-01DIOHEATLSLV90-HORS000,08/21/26 12:48 AM EDT,$0.63,113
20260821,KBO-WIN-FG-01DPACKPTNC5RV0-KIES000,08/21/26 12:50 AM EDT,$0.40,3
20260821,KBO-WIN-FG-01DPAFQKTNCEJLO-KTON000,08/21/26 12:50 AM EDT,$0.63,1
20260821,KBO-TRUNS-FG-01DPAFSVTNCEI30-GTE-P00075,08/21/26 12:50 AM EDT,$0.48,61
20260821,KBO-TRUNS-FG-01DPACJGTNC5R90-GTE-P00105,08/21/26 12:50 AM EDT,$0.54,44
20260821,KBO-WIN-FG-01DPAFSVTNCEI30-LOTS001,08/21/26 12:51 AM EDT,$0.59,81
20260821,KBO-MOVY-FG-01DPACKPTNC5RV0-KIRS000-GTE-P00015,08/21/26 12:51 AM EDT,$0.49,89
20260821,KBO-WIN-FG-01DPACLITNC5QPG-SANS000,08/21/26 12:51 AM EDT,$0.66,58
20260821,KBO-WIN-FG-01DPACLITNC5QPG-SANS000,08/21/26 12:52 AM EDT,$0.66,147
20260821,KBO-MOVY-FG-01DPACKPTNC5RV0-KIRS000-GTE-P00015,08/21/26 12:52 AM EDT,$0.46,167
20260821,KBO-MOVY-FG-01DPACKPTNC5RV0-KIRS000-GTE-P00015,08/21/26 12:53 AM EDT,$0.47,167
20260821,KBO-MOVY-FG-01DPACLITNC5QPG-SANS000-GTE-P00015,08/21/26 12:53 AM EDT,$0.57,67
20260821,KBO-MOVY-FG-01DPACKPTNC5RV0-KIRS000-GTE-P00015,08/21/26 12:54 AM EDT,$0.46,151
20260821,KBO-WIN-FG-01DPACKPTNC5RV0-KIRS000,08/21/26 12:54 AM EDT,$0.62,31
20260821,NPB-WIN-FG-01DIOHFDTLSLUG8-CHNS000,08/21/26 12:55 AM EDT,$0.61,65
20260821,NPB-WIN-FG-01DIOH81TLSLVN8-YORS001,08/21/26 12:55 AM EDT,$0.56,17
20260821,NPB-MOVY-FG-01DIOH81TLSLVN8-YORS001-GTE-P00005,08/21/26 12:55 AM EDT,$0.61,15
20260821,NPB-WIN-FG-01DIOH98TLSLV90-YOTS000,08/21/26 12:55 AM EDT,$0.61,64
20260821,NPB-MOVY-FG-01DIOHESTLSLVL0-TOES000-GTE-P00005,08/21/26 12:56 AM EDT,$0.53,20
20260821,KBO-MOVY-FG-01DPACKPTNC5RV0-KIRS000-GTE-P00015,08/21/26 12:56 AM EDT,$0.47,30
20260821,NPB-TRUNS-FG-01DIOH81TLSLVN8-GTE-P00075,08/21/26 12:56 AM EDT,$0.51,5
20260821,KBO-WIN-FG-01DPACJGTNC5R90-LGNS000,08/21/26 12:59 AM EDT,$0.56,51
20260821,LIGAMX-BTMSC-FG-014F36C2L88MDH0-BINARY,08/21/26 12:59 AM EDT,$0.57,50
20260821,NPB-WIN-FG-01DIOHFDTLSLUG8-TOWS000,08/21/26 01:00 AM EDT,$0.41,46
20260821,KBO-WIN-FG-01DPACKPTNC5RV0-KIRS000,08/21/26 01:00 AM EDT,$0.62,1
20260821,NPB-MOVY-FG-01DIOH81TLSLVN8-YORS001-GTE-P00005,08/21/26 01:04 AM EDT,$0.61,43
20260821,KBO-WIN-FG-01DPAFSVTNCEI30-DORS000,08/21/26 01:04 AM EDT,$0.43,3
20260821,KBO-WIN-FG-01DPACKPTNC5RV0-KIRS000,08/21/26 01:04 AM EDT,$0.63,507
20260821,KBO-WIN-FG-01DPACJGTNC5R90-LGNS000,08/21/26 01:05 AM EDT,$0.56,68
20260821,KBO-MOVY-FG-01DPACJGTNC5R90-HAES000-GTE-P00015,08/21/26 01:07 AM EDT,$0.31,1
20260821,LIGAMX-TGLS-FG-014F36C2L88MDH0-GTE-P00025,08/21/26 01:08 AM EDT,$0.55,10
20260821,KBO-WIN-FG-01DPACKPTNC5RV0-KIRS000,08/21/26 01:09 AM EDT,$0.63,31
20260821,KBO-WIN-FG-01DPACKPTNC5RV0-KIRS000,08/21/26 01:10 AM EDT,$0.63,15
20260821,NPB-TRUNS-FG-01DIOHFDTLSLUG8-GTE-P00105,08/21/26 01:10 AM EDT,$0.23,20
20260821,KBO-WIN-FG-01DPACKPTNC5RV0-KIRS000,08/21/26 01:11 AM EDT,$0.62,203
20260821,NPB-TRUNS-FG-01DIOH98TLSLV90-GTE-P00105,08/21/26 01:11 AM EDT,$0.18,26
20260821,NPB-TRUNS-FG-01DIOHEATLSLV90-GTE-P00105,08/21/26 01:11 AM EDT,$0.20,22
20260821,NPB-WIN-FG-01DIOHEATLSLV90-HORS000,08/21/26 01:12 AM EDT,$0.63,92
20260821,NPB-TRUNS-FG-01DIOH81TLSLVN8-GTE-P00075,08/21/26 01:12 AM EDT,$0.51,66
20260821,NPB-TRUNS-FG-01DIOH81TLSLVN8-GTE-P00075,08/21/26 01:12 AM EDT,$0.51,94
20260821,NPB-TRUNS-FG-01DIOHESTLSLVL0-GTE-P00115,08/21/26 01:12 AM EDT,$0.17,27
20260821,KBO-WIN-FG-01DPAFSVTNCEI30-LOTS001,08/21/26 01:14 AM EDT,$0.59,500
20260821,KBO-WIN-FG-01DPAFSVTNCEI30-LOTS001,08/21/26 01:14 AM EDT,$0.59,155
20260821,KBO-WIN-FG-01DPACJGTNC5R90-HAES000,08/21/26 01:14 AM EDT,$0.45,48
20260821,NPB-MOVY-FG-01DIOH81TLSLVN8-YORS001-GTE-P00025,08/21/26 01:14 AM EDT,$0.29,64
20260821,KBO-WIN-FG-01DPACKPTNC5RV0-KIES000,08/21/26 01:15 AM EDT,$0.39,243
20260821,KBO-WIN-FG-01DPACKPTNC5RV0-KIES000,08/21/26 01:15 AM EDT,$0.39,243
20260821,KBO-WIN-FG-01DPACKPTNC5RV0-KIES000,08/21/26 01:15 AM EDT,$0.39,124
20260821,KBO-WIN-FG-01DPACKPTNC5RV0-KIRS000,08/21/26 01:15 AM EDT,$0.63,290
20260821,NPB-MOVY-FG-01DIOH81TLSLVN8-HARS001-GTE-P00025,08/21/26 01:15 AM EDT,$0.24,34
20260821,NPB-WIN-FG-01DIOH98TLSLV90-YOTS000,08/21/26 01:16 AM EDT,$0.61,238
20260821,NPB-WIN-FG-01DIOH81TLSLVN8-HARS001,08/21/26 01:16 AM EDT,$0.45,14
20260821,KBO-MOVY-FG-01DPAFQKTNCEJLO-KTON000-GTE-P00015,08/21/26 01:17 AM EDT,$0.53,36
20260821,KBO-MOVY-FG-01DPAFQKTNCEJLO-KTON000-GTE-P00015,08/21/26 01:17 AM EDT,$0.53,90
20260821,KBO-MOVY-FG-01DPACKPTNC5RV0-KIRS000-GTE-P00015,08/21/26 01:18 AM EDT,$0.47,40
20260821,KBO-TRUNS-FG-01DPACKPTNC5RV0-GTE-P00085,08/21/26 01:18 AM EDT,$0.57,33
20260821,MLB-PHRR-FG-000696G0I4R92U8-ROJR000-GTE-P00045,08/21/26 01:18 AM EDT,$0.10,90
20260821,KBO-TRUNS-FG-01DPAFQKTNCEJLO-GTE-P00105,08/21/26 01:18 AM EDT,$0.46,80
20260821,KBO-WIN-FG-01DPACKPTNC5RV0-KIRS000,08/21/26 01:18 AM EDT,$0.62,443
20260821,KBO-WIN-FG-01DPAFSVTNCEI30-DORS000,08/21/26 01:18 AM EDT,$0.42,54
20260821,KBO-TRUNS-FG-01DPACJGTNC5R90-GTE-P00105,08/21/26 01:18 AM EDT,$0.54,35
20260821,KBO-WIN-FG-01DPAFSVTNCEI30-DORS000,08/21/26 01:18 AM EDT,$0.42,10
20260821,KBO-WIN-FG-01DPACLITNC5QPG-SANS000,08/21/26 01:19 AM EDT,$0.66,1
20260821,KBO-WIN-FG-01DPAFSVTNCEI30-LOTS001,08/21/26 01:19 AM EDT,$0.59,1
20260821,NPB-WIN-FG-01DIOHFDTLSLUG8-TOWS000,08/21/26 01:19 AM EDT,$0.41,417
20260821,KBO-TRUNS-FG-01DPACLITNC5QPG-GTE-P00105,08/21/26 01:19 AM EDT,$0.52,18
20260821,KBO-WIN-FG-01DPACJGTNC5R90-HAES000,08/21/26 01:20 AM EDT,$0.45,21
20260821,NPB-WIN-FG-01DIOH81TLSLVN8-HARS001,08/21/26 01:20 AM EDT,$0.45,42
20260821,NPB-WIN-FG-01DIOHFDTLSLUG8-TOWS000,08/21/26 01:20 AM EDT,$0.41,46
20260821,KBO-TRUNS-FG-01DPAFQKTNCEJLO-GTE-P00095,08/21/26 01:21 AM EDT,$0.57,254
20260821,KBO-TRUNS-FG-01DPAFSVTNCEI30-GTE-P00055,08/21/26 01:21 AM EDT,$0.66,220
20260821,KBO-TRUNS-FG-01DPACLITNC5QPG-GTE-P00095,08/21/26 01:22 AM EDT,$0.57,254
20260821,KBO-TRUNS-FG-01DPACJGTNC5R90-GTE-P00095,08/21/26 01:22 AM EDT,$0.58,8
20260821,KBO-WIN-FG-01DPAFSVTNCEI30-LOTS001,08/21/26 01:22 AM EDT,$0.59,6
20260821,KBO-TRUNS-FG-01DPACKPTNC5RV0-GTE-P00075,08/21/26 01:22 AM EDT,$0.60,241
20260821,KBO-TRUNS-FG-01DPACJGTNC5R90-GTE-P00095,08/21/26 01:23 AM EDT,$0.59,375
20260821,KBO-TRUNS-FG-01DPACJGTNC5R90-GTE-P00095,08/21/26 01:24 AM EDT,$0.59,24
20260821,KBO-MOVY-FG-01DPACKPTNC5RV0-KIRS000-GTE-P00015,08/21/26 01:24 AM EDT,$0.47,16
20260821,KBO-TRUNS-FG-01DPACLITNC5QPG-GTE-P00115,08/21/26 01:24 AM EDT,$0.42,342
20260821,KBO-TRUNS-FG-01DPACLITNC5QPG-GTE-P00115,08/21/26 01:24 AM EDT,$0.42,45
20260821,KBO-WIN-FG-01DPACJGTNC5R90-LGNS000,08/21/26 01:25 AM EDT,$0.56,129
20260821,KBO-TRUNS-FG-01DPACJGTNC5R90-GTE-P00095,08/21/26 01:26 AM EDT,$0.59,48
20260821,KBO-TRUNS-FG-01DPAFSVTNCEI30-GTE-P00065,08/21/26 01:27 AM EDT,$0.61,123
20260821,NPB-WIN-FG-01DIOH81TLSLVN8-HARS001,08/21/26 01:28 AM EDT,$0.45,2
20260821,KBO-TRUNS-FG-01DPACLITNC5QPG-GTE-P00095,08/21/26 01:28 AM EDT,$0.57,11
20260821,KBO-TRUNS-FG-01DPACKPTNC5RV0-GTE-P00085,08/21/26 01:29 AM EDT,$0.57,11
20260821,KBO-TRUNS-FG-01DPACKPTNC5RV0-GTE-P00105,08/21/26 01:29 AM EDT,$0.40,16
20260821,KBO-TRUNS-FG-01DPACJGTNC5R90-GTE-P00095,08/21/26 01:30 AM EDT,$0.59,11
20260821,KBO-WIN-FG-01DPAFSVTNCEI30-LOTS001,08/21/26 01:30 AM EDT,$0.59,8
20260821,KBO-WIN-FG-01DPACKPTNC5RV0-KIRS000,08/21/26 01:31 AM EDT,$0.63,15
20260821,NPB-WIN-FG-01DIOH81TLSLVN8-YORS001,08/21/26 01:32 AM EDT,$0.56,50
20260821,NPB-WIN-FG-01DIOHESTLSLVL0-TOES000,08/21/26 01:33 AM EDT,$0.52,29
20260821,KBO-WIN-FG-01DPAFQKTNCEJLO-KTON000,08/21/26 01:33 AM EDT,$0.63,15
20260821,NPB-MOVY-FG-01DIOHEATLSLV90-HORS000-GTE-P00015,08/21/26 01:34 AM EDT,$0.46,104
20260821,KBO-WIN-FG-01DPACJGTNC5R90-LGNS000,08/21/26 01:34 AM EDT,$0.56,62
20260821,NPB-WIN-FG-01DIOHESTLSLVL0-TOES000,08/21/26 01:34 AM EDT,$0.52,92
20260821,MLB-PHRR-FG-000696G0I4R92U8-DRIN000-GTE-P00015,08/21/26 01:38 AM EDT,$0.41,23
20260821,NPB-WIN-FG-01DIOH98TLSLV90-YOTS000,08/21/26 01:39 AM EDT,$0.61,484
20260821,KBO-WIN-FG-01DPAFQKTNCEJLO-KTON000,08/21/26 01:39 AM EDT,$0.63,27
20260821,KBO-WIN-FG-01DPAFSVTNCEI30-LOTS001,08/21/26 01:39 AM EDT,$0.59,57
20260821,MLB-PHRR-FG-000FP41SI54B2VO-SHNI001-GTE-P00025,08/21/26 01:40 AM EDT,$0.47,19
20260821,KBO-WIN-FG-01DPAFQKTNCEJLO-KTON000,08/21/26 01:40 AM EDT,$0.63,1
20260821,KBO-WIN-FG-01DPAFSVTNCEI30-LOTS001,08/21/26 01:41 AM EDT,$0.59,1
20260821,KBO-WIN-FG-01DPACLITNC5QPG-SANS000,08/21/26 01:41 AM EDT,$0.66,3
20260821,KBO-WIN-FG-01DPACKPTNC5RV0-KIRS000,08/21/26 01:41 AM EDT,$0.63,1
20260821,KBO-WIN-FG-01DPACJGTNC5R90-LGNS000,08/21/26 01:41 AM EDT,$0.56,1
20260821,LIGAMX-TGLS-FG-014F36C2L88MDH0-GTE-P00045,08/21/26 01:42 AM EDT,$0.16,6
20260821,KBO-WIN-FG-01DPACKPTNC5RV0-KIRS000,08/21/26 01:42 AM EDT,$0.63,32
20260821,NPB-MOVY-FG-01DIOHFDTLSLUG8-CHNS000-GTE-P00005,08/21/26 01:43 AM EDT,$0.57,1000
20260821,NPB-WIN-FG-01DIOH81TLSLVN8-YORS001,08/21/26 01:43 AM EDT,$0.57,1
20260821,NPB-WIN-FG-01DIOHFDTLSLUG8-CHNS000,08/21/26 01:43 AM EDT,$0.61,1
20260821,MLB-PHRR-FG-000696G0I4R92U8-OZES000-GTE-P00005,08/21/26 01:44 AM EDT,$0.57,30
20260821,KBO-WIN-FG-01DPACJGTNC5R90-LGNS000,08/21/26 01:44 AM EDT,$0.56,103
20260821,NPB-WIN-FG-01DIOH98TLSLV90-YOTS000,08/21/26 01:46 AM EDT,$0.61,1
20260821,NPB-WIN-FG-01DIOHEATLSLV90-HORS000,08/21/26 01:46 AM EDT,$0.63,1
20260821,NPB-WIN-FG-01DIOHESTLSLVL0-TOES000,08/21/26 01:46 AM EDT,$0.52,1
20260821,NPB-WIN-FG-01DIOHFDTLSLUG8-CHNS000,08/21/26 01:48 AM EDT,$0.61,15
20260821,NPB-WIN-FG-01DIOHESTLSLVL0-SANS002,08/21/26 01:48 AM EDT,$0.50,20
20260821,NPB-TRUNS-FG-01DIOHFDTLSLUG8-GTE-P00065,08/21/26 01:49 AM EDT,$0.49,48
20260821,NPB-WIN-FG-01DIOH81TLSLVN8-HARS001,08/21/26 01:50 AM EDT,$0.45,10
20260821,KBO-TRUNS-FG-01DPAFQKTNCEJLO-GTE-P00105,08/21/26 01:51 AM EDT,$0.47,100
20260821,NPB-WIN-FG-01DIOH98TLSLV90-YOTS000,08/21/26 01:51 AM EDT,$0.61,55
20260821,KBO-MOVY-FG-01DPACLITNC5QPG-SANS000-GTE-P00015,08/21/26 01:52 AM EDT,$0.57,55
20260821,KBO-WIN-FG-01DPACJGTNC5R90-LGNS000,08/21/26 01:53 AM EDT,$0.56,53
20260821,MLB-TRUNS-IT5-000FPR4TI545OUG-GTE-P00035,08/21/26 01:53 AM EDT,$0.54,15
20260821,MLB-PHRR-FG-000696G0I4R92U8-OZES000-GTE-P00005,08/21/26 01:54 AM EDT,$0.57,8
20260821,MLB-TRUNS-IT5-000696G0I4R92U8-GTE-P00025,08/21/26 01:55 AM EDT,$0.55,53
20260821,MLB-TRUNS-IT5-000696G0I4R92U8-GTE-P00025,08/21/26 01:55 AM EDT,$0.56,10
20260821,KBO-WIN-FG-01DPACLITNC5QPG-NCOS000,08/21/26 01:56 AM EDT,$0.35,2
20260821,KBO-WIN-FG-01DPACKPTNC5RV0-KIES000,08/21/26 01:56 AM EDT,$0.39,2
20260821,KBO-WIN-FG-01DPACJGTNC5R90-HAES000,08/21/26 01:56 AM EDT,$0.46,2
20260821,KBO-WIN-FG-01DPAFSVTNCEI30-DORS000,08/21/26 01:56 AM EDT,$0.42,2
20260821,KBO-MOVY-FG-01DPACLITNC5QPG-SANS000-GTE-P00015,08/21/26 01:56 AM EDT,$0.57,8
20260821,NPB-WIN-FG-01DIOH98TLSLV90-YOTS000,08/21/26 01:57 AM EDT,$0.61,47
20260821,NPB-WIN-FG-01DIOH81TLSLVN8-HARS001,08/21/26 01:57 AM EDT,$0.45,106
20260821,MLB-TRUNS-IT5-000696G0I4R92U8-GTE-P00025,08/21/26 01:59 AM EDT,$0.56,10
20260821,MLB-WIN-IT5-000696G0I4R92U8-MIRS000,08/21/26 01:59 AM EDT,$0.57,37
20260821,NPB-WIN-FG-01DIOHEATLSLV90-HORS000,08/21/26 02:00 AM EDT,$0.62,15
20260821,MLB-TRUNS-IT5-000696G0I4R92U8-GTE-P00025,08/21/26 02:00 AM EDT,$0.56,17
20260821,KBO-WIN-FG-01DPAFSVTNCEI30-LOTS001,08/21/26 02:02 AM EDT,$0.59,8
20260821,KBO-WIN-FG-01DPAFSVTNCEI30-LOTS001,08/21/26 02:02 AM EDT,$0.59,16
20260821,KBO-WIN-FG-01DPACLITNC5QPG-SANS000,08/21/26 02:02 AM EDT,$0.66,14
20260821,MLB-WIN-IT5-000696G0I4R92U8-MIRS000,08/21/26 02:03 AM EDT,$0.57,16
20260821,KBO-TRUNS-FG-01DPACLITNC5QPG-GTE-P00105,08/21/26 02:05 AM EDT,$0.52,72
20260821,KBO-WIN-FG-01DPACJGTNC5R90-LGNS000,08/21/26 02:05 AM EDT,$0.56,35
20260821,MLB-PHRR-FG-000696G0I4R92U8-JOIZ000-GTE-P00005,08/21/26 02:06 AM EDT,$0.59,26
20260821,KBO-WIN-FG-01DPAFSVTNCEI30-LOTS001,08/21/26 02:07 AM EDT,$0.60,13
20260821,KBO-WIN-FG-01DPAFSVTNCEI30-LOTS001,08/21/26 02:07 AM EDT,$0.60,16
20260821,KBO-WIN-FG-01DPACLITNC5QPG-SANS000,08/21/26 02:07 AM EDT,$0.66,14
20260821,MLB-PHRR-FG-000FP41SI54B2VO-SHNI001-GTE-P00025,08/21/26 02:09 AM EDT,$0.47,1
20260821,KBO-WIN-FG-01DPACKPTNC5RV0-KIRS000,08/21/26 02:10 AM EDT,$0.63,1538
20260821,KBO-WIN-FG-01DPACLITNC5QPG-SANS000,08/21/26 02:11 AM EDT,$0.66,75
20260821,KBO-TRUNS-FG-01DPAFSVTNCEI30-GTE-P00075,08/21/26 02:12 AM EDT,$0.51,18
20260821,MLB-PHRR-FG-000FPR4TI545OUG-JAAN001-GTE-P00015,08/21/26 02:15 AM EDT,$0.51,18
20260821,MLB-TRUNS-IT5-000FP41SI54B2VO-GTE-P00045,08/21/26 02:16 AM EDT,$0.46,8
20260821,KBO-WIN-FG-01DPAFSVTNCEI30-LOTS001,08/21/26 02:17 AM EDT,$0.60,3
20260821,MLB-PHRR-FG-000FPR4TI545OUG-ADAN000-GTE-P00015,08/21/26 02:17 AM EDT,$0.53,18
20260821,MLB-PHRR-FG-000FPR4TI545OUG-ADAN000-GTE-P00025,08/21/26 02:18 AM EDT,$0.35,8
20260821,NPB-MOVY-FG-01DIOH81TLSLVN8-YORS001-GTE-P00015,08/21/26 02:18 AM EDT,$0.39,331
20260821,KBO-WIN-FG-01DPACLITNC5QPG-SANS000,08/21/26 02:18 AM EDT,$0.66,22
20260821,KBO-TRUNS-FG-01DPAFSVTNCEI30-GTE-P00075,08/21/26 02:18 AM EDT,$0.52,57
20260821,KBO-WIN-FG-01DPAFSVTNCEI30-DORS000,08/21/26 02:22 AM EDT,$0.42,2
20260821,KBO-WIN-FG-01DPACLITNC5QPG-NCOS000,08/21/26 02:22 AM EDT,$0.35,2
20260821,KBO-WIN-FG-01DPAFQKTNCEJLO-SSRS000,08/21/26 02:22 AM EDT,$0.39,2
20260821,KBO-WIN-FG-01DPACJGTNC5R90-HAES000,08/21/26 02:22 AM EDT,$0.46,2
20260821,NPB-WIN-FG-01DIOHEATLSLV90-HORS000,08/21/26 02:22 AM EDT,$0.62,414
20260821,KBO-WIN-FG-01DPACKPTNC5RV0-KIES000,08/21/26 02:25 AM EDT,$0.38,103
20260821,KBO-WIN-FG-01DPACLITNC5QPG-SANS000,08/21/26 02:26 AM EDT,$0.66,19
20260821,KBO-WIN-FG-01DPACLITNC5QPG-SANS000,08/21/26 02:26 AM EDT,$0.66,23
20260821,KBO-WIN-FG-01DPAFQKTNCEJLO-KTON000,08/21/26 02:26 AM EDT,$0.63,43
20260821,NPB-WIN-FG-01DIOHESTLSLVL0-SANS002,08/21/26 02:26 AM EDT,$0.50,19
20260821,KBO-WIN-FG-01DPACKPTNC5RV0-KIRS000,08/21/26 02:27 AM EDT,$0.63,43
20260821,KBO-MOVY-FG-01DPACKPTNC5RV0-KIRS000-GTE-P00015,08/21/26 02:27 AM EDT,$0.47,20
20260821,KBO-TRUNS-FG-01DPAFSVTNCEI30-GTE-P00145,08/21/26 02:28 AM EDT,$0.10,9
20260821,KBO-TRUNS-FG-01DPAFSVTNCEI30-GTE-P00135,08/21/26 02:28 AM EDT,$0.12,7
20260821,KBO-TRUNS-FG-01DPAFSVTNCEI30-GTE-P00125,08/21/26 02:28 AM EDT,$0.17,5
20260821,KBO-TRUNS-FG-01DPACJGTNC5R90-GTE-P00155,08/21/26 02:28 AM EDT,$0.22,4
20260821,KBO-TRUNS-FG-01DPACJGTNC5R90-GTE-P00145,08/21/26 02:29 AM EDT,$0.28,3
20260821,KBO-TRUNS-FG-01DPACLITNC5QPG-GTE-P00105,08/21/26 02:31 AM EDT,$0.52,9
20260821,NPB-WIN-FG-01DIOH81TLSLVN8-YORS001,08/21/26 02:31 AM EDT,$0.56,34
20260821,NPB-WIN-FG-01DIOHFDTLSLUG8-CHNS000,08/21/26 02:31 AM EDT,$0.61,31
20260821,NPB-WIN-FG-01DIOH98TLSLV90-YOTS000,08/21/26 02:31 AM EDT,$0.61,63
20260821,NPB-WIN-FG-01DIOHEATLSLV90-CHES000,08/21/26 02:31 AM EDT,$0.39,12
20260821,NPB-WIN-FG-01DIOHESTLSLVL0-SANS002,08/21/26 02:32 AM EDT,$0.50,48
20260821,KBO-WIN-FG-01DPAFSVTNCEI30-LOTS001,08/21/26 02:32 AM EDT,$0.60,9
20260821,KBO-WIN-FG-01DPAFSVTNCEI30-DORS000,08/21/26 02:33 AM EDT,$0.42,2
20260821,KBO-WIN-FG-01DPACKPTNC5RV0-KIRS000,08/21/26 02:33 AM EDT,$0.63,7
20260821,KBO-WIN-FG-01DPACJGTNC5R90-LGNS000,08/21/26 02:33 AM EDT,$0.56,9
20260821,KBO-WIN-FG-01DPAFQKTNCEJLO-KTON000,08/21/26 02:33 AM EDT,$0.63,769
20260821,KBO-WIN-FG-01DPACLITNC5QPG-SANS000,08/21/26 02:34 AM EDT,$0.66,735
20260821,NPB-WIN-FG-01DIOHESTLSLVL0-TOES000,08/21/26 02:34 AM EDT,$0.50,1
20260821,NASCAR-WIN-RCE-00GM207BRJKDADF52I8U9EU806L4S6GO02U0KQ6FHUPMKC809CVJL96JPKH0-RIJR002,08/21/26 02:34 AM EDT,$0.01,9
20260821,NPB-WIN-FG-01DIOHEATLSLV90-HORS000,08/21/26 02:34 AM EDT,$0.63,38
20260821,KBO-WIN-FG-01DPACJGTNC5R90-LGNS000,08/21/26 02:34 AM EDT,$0.54,1
20260821,KBO-TRUNS-FG-01DPACLITNC5QPG-GTE-P00105,08/21/26 02:35 AM EDT,$0.52,10
20260821,MLB-PHRR-FG-000696G0I4R92U8-ANHN000-GTE-P00025,08/21/26 02:35 AM EDT,$0.30,31
20260821,KBO-TRUNS-FG-01DPACJGTNC5R90-GTE-P00095,08/21/26 02:35 AM EDT,$0.60,8
20260821,KBO-TRUNS-FG-01DPAFQKTNCEJLO-GTE-P00105,08/21/26 02:35 AM EDT,$0.47,9
20260821,KBO-WIN-FG-01DPACKPTNC5RV0-KIRS000,08/21/26 02:35 AM EDT,$0.63,7
20260821,KBO-MOVY-FG-01DPAFSVTNCEI30-LOTS001-GTE-P00015,08/21/26 02:35 AM EDT,$0.43,6
20260821,NPB-WIN-FG-01DIOH81TLSLVN8-YORS001,08/21/26 02:36 AM EDT,$0.54,1
20260821,NPB-MOVY-FG-01DIOHESTLSLVL0-SANS002-GTE-P00015,08/21/26 02:36 AM EDT,$0.36,105
20260821,KBO-MOVY-FG-01DPAFQKTNCEJLO-KTON000-GTE-P00025,08/21/26 02:37 AM EDT,$0.45,302
20260821,KBO-MOVY-FG-01DPAFQKTNCEJLO-KTON000-GTE-P00025,08/21/26 02:37 AM EDT,$0.45,500
20260821,NPB-MOVY-FG-01DIOHEATLSLV90-HORS000-GTE-P00015,08/21/26 02:37 AM EDT,$0.46,132
20260821,NPB-WIN-FG-01DIOH98TLSLV90-YOTS000,08/21/26 02:37 AM EDT,$0.60,1
20260821,KBO-MOVY-FG-01DPACJGTNC5R90-LGNS000-GTE-P00015,08/21/26 02:38 AM EDT,$0.44,313
20260821,NPB-WIN-FG-01DIOHESTLSLVL0-SANS002,08/21/26 02:38 AM EDT,$0.50,8
20260821,KBO-TRUNS-FG-01DPAFSVTNCEI30-GTE-P00115,08/21/26 02:38 AM EDT,$0.17,500
20260821,KBO-WIN-FG-01DPAFSVTNCEI30-LOTS001,08/21/26 02:39 AM EDT,$0.58,1
20260821,NPB-WIN-FG-01DIOHFDTLSLUG8-CHNS000,08/21/26 02:39 AM EDT,$0.61,15
20260821,NPB-WIN-FG-01DIOHFDTLSLUG8-CHNS000,08/21/26 02:39 AM EDT,$0.59,1
20260821,KBO-TRUNS-FG-01DPAFSVTNCEI30-GTE-P00115,08/21/26 02:39 AM EDT,$0.17,500
20260821,KBO-TRUNS-FG-01DPAFSVTNCEI30-GTE-P00115,08/21/26 02:40 AM EDT,$0.17,500
20260821,KBO-TRUNS-FG-01DPAFSVTNCEI30-GTE-P00115,08/21/26 02:40 AM EDT,$0.17,222
20260821,KBO-WIN-FG-01DPACLITNC5QPG-SANS000,08/21/26 02:41 AM EDT,$0.66,32
20260821,KBO-TRUNS-FG-01DPAFSVTNCEI30-GTE-P00115,08/21/26 02:41 AM EDT,$0.17,278
20260821,KBO-TRUNS-FG-01DPAFSVTNCEI30-GTE-P00115,08/21/26 02:41 AM EDT,$0.17,167
20260821,NPB-WIN-FG-01DIOHEATLSLV90-HORS000,08/21/26 02:42 AM EDT,$0.63,230
20260821,NPB-MOVY-FG-01DIOHFDTLSLUG8-TOWS000-GTE-P00015,08/21/26 02:43 AM EDT,$0.29,500
20260821,NPB-MOVY-FG-01DIOHFDTLSLUG8-TOWS000-GTE-P00015,08/21/26 02:43 AM EDT,$0.29,306
20260821,KBO-WIN-FG-01DPAFQKTNCEJLO-KTON000,08/21/26 02:43 AM EDT,$0.63,15
20260821,KBO-TRUNS-FG-01DPAFQKTNCEJLO-GTE-P00075,08/21/26 02:43 AM EDT,$0.75,12
20260821,MLB-MOVY-IT5-000FP242I543CMO-HOOS000-GTE-P00015,08/21/26 02:45 AM EDT,$0.37,51
20260821,KBO-WIN-FG-01DPAFSVTNCEI30-DORS000,08/21/26 02:45 AM EDT,$0.42,568
20260821,MLB-PHRR-FG-000FP41SI54B2VO-SHNI001-GTE-P00005,08/21/26 02:46 AM EDT,$0.80,6
20260821,NPB-WIN-FG-01DIOH98TLSLV90-HIRP000,08/21/26 02:47 AM EDT,$0.40,14
20260821,MLB-MOVY-IT5-000696G0I4R92U8-MIRS000-GTE-P00015,08/21/26 02:50 AM EDT,$0.26,3
20260821,NPB-TRUNS-FG-01DIOHESTLSLVL0-GTE-P00065,08/21/26 02:50 AM EDT,$0.51,19
20260821,NPB-WIN-FG-01DIOHESTLSLVL0-TOES000,08/21/26 02:50 AM EDT,$0.51,39
20260821,KBO-WIN-FG-01DPAFQKTNCEJLO-SSRS000,08/21/26 02:52 AM EDT,$0.38,1
20260821,MLB-MOVY-IT5-000FPUUVI541HNG-CLNS000-GTE-P00015,08/21/26 02:52 AM EDT,$0.40,7
20260821,KBO-TRUNS-FG-01DPACLITNC5QPG-GTE-P00115,08/21/26 02:53 AM EDT,$0.40,500
20260821,KBO-TRUNS-FG-01DPACLITNC5QPG-GTE-P00115,08/21/26 02:53 AM EDT,$0.40,214
20260821,NPB-TRUNS-FG-01DIOHEATLSLV90-GTE-P00065,08/21/26 02:55 AM EDT,$0.55,175
20260821,MLB-PHRR-FG-000696G0I4R92U8-ANHN000-GTE-P00025,08/21/26 02:57 AM EDT,$0.30,1
20260821,KBO-TRUNS-FG-01DPAFSVTNCEI30-GTE-P00085,08/21/26 02:58 AM EDT,$0.45,10
20260821,KBO-TRUNS-FG-01DPACLITNC5QPG-GTE-P00125,08/21/26 02:58 AM EDT,$0.36,13
20260821,KBO-MOVY-FG-01DPAFQKTNCEJLO-KTON000-GTE-P00025,08/21/26 02:58 AM EDT,$0.45,21
20260821,KBO-TRUNS-FG-01DPACLITNC5QPG-GTE-P00115,08/21/26 02:58 AM EDT,$0.40,11
20260821,KBO-TRUNS-FG-01DPACKPTNC5RV0-GTE-P00115,08/21/26 02:58 AM EDT,$0.29,16
20260821,MLB-PHRR-FG-000FP404I54B3T0-CONG001-GTE-P00015,08/21/26 02:58 AM EDT,$0.44,3
20260821,KBO-WIN-FG-01DPAFQKTNCEJLO-KTON000,08/21/26 02:59 AM EDT,$0.63,1
20260821,NPB-WIN-FG-01DIOHFDTLSLUG8-CHNS000,08/21/26 03:00 AM EDT,$0.61,11
20260821,KBO-WIN-FG-01DPACLITNC5QPG-SANS000,08/21/26 03:03 AM EDT,$0.66,2
20260821,KBO-MOVY-FG-01DPACLITNC5QPG-SANS000-GTE-P00015,08/21/26 03:03 AM EDT,$0.57,10
20260821,KBO-TRUNS-FG-01DPACJGTNC5R90-GTE-P00105,08/21/26 03:04 AM EDT,$0.56,10
20260821,KBO-MOVY-FG-01DPACLITNC5QPG-SANS000-GTE-P00015,08/21/26 03:06 AM EDT,$0.57,67
20260821,KBO-WIN-FG-01DPAFSVTNCEI30-LOTS001,08/21/26 03:06 AM EDT,$0.59,65
20260821,MLB-PHRR-FG-000FPUUOI541HG8-ELUZ001-GTE-P00015,08/21/26 03:07 AM EDT,$0.54,16
20260821,MLB-PHRR-FG-000FPUUVI541HNG-JOEZ004-GTE-P00015,08/21/26 03:07 AM EDT,$0.67,13
20260821,MLB-PHRR-FG-000696G0I4R92U8-BRNG003-GTE-P00015,08/21/26 03:07 AM EDT,$0.42,20
20260821,MLB-PHRR-FG-000FPR4TI545OUG-ADAN000-GTE-P00005,08/21/26 03:07 AM EDT,$0.75,11
20260821,KBO-MOVY-FG-01DPAFSVTNCEI30-LOTS001-GTE-P00015,08/21/26 03:08 AM EDT,$0.43,76
20260821,NPB-WIN-FG-01DIOH81TLSLVN8-HARS001,08/21/26 03:09 AM EDT,$0.46,31
20260821,NPB-WIN-FG-01DIOH81TLSLVN8-HARS001,08/21/26 03:09 AM EDT,$0.46,10
20260821,MLB-PHRR-FG-000FP41SI54B2VO-KYER000-GTE-P00015,08/21/26 03:10 AM EDT,$0.47,4
20260821,NPB-WIN-FG-01DIOHEATLSLV90-HORS000,08/21/26 03:11 AM EDT,$0.63,274
20260821,KBO-MOVY-FG-01DPACLITNC5QPG-SANS000-GTE-P00025,08/21/26 03:11 AM EDT,$0.45,21
20260821,NWSL-DWIN-FG-000FPQ0FI544HD8-SACW009,08/21/26 03:14 AM EDT,$0.44,8
20260821,KBO-WIN-FG-01DPAFQKTNCEJLO-SSRS000,08/21/26 03:16 AM EDT,$0.38,10
20260821,NPB-WIN-FG-01DIOH81TLSLVN8-YORS001,08/21/26 03:16 AM EDT,$0.56,172
20260821,KBO-WIN-FG-01DPAFSVTNCEI30-DORS000,08/21/26 03:17 AM EDT,$0.42,9
20260821,MLB-TRUNS-IT5-000FPR4TI545OUG-GTE-P00025,08/21/26 03:17 AM EDT,$0.67,8
20260821,KBO-WIN-FG-01DPACLITNC5QPG-NCOS000,08/21/26 03:17 AM EDT,$0.35,8
20260821,KBO-WIN-FG-01DPACKPTNC5RV0-KIES000,08/21/26 03:17 AM EDT,$0.38,10
20260821,KBO-WIN-FG-01DPACJGTNC5R90-LGNS000,08/21/26 03:18 AM EDT,$0.56,10
20260821,KBO-WIN-FG-01DPACJGTNC5R90-HAES000,08/21/26 03:18 AM EDT,$0.46,8
20260821,KBO-WIN-FG-01DPAFQKTNCEJLO-KTON000,08/21/26 03:18 AM EDT,$0.63,46
20260821,NPB-WIN-FG-01DIOHEATLSLV90-HORS000,08/21/26 03:19 AM EDT,$0.63,52
20260821,KBO-WIN-FG-01DPACKPTNC5RV0-KIRS000,08/21/26 03:20 AM EDT,$0.62,32
20260821,NPB-TRUNS-FG-01DIOH98TLSLV90-GTE-P00065,08/21/26 03:20 AM EDT,$0.50,211
20260821,KBO-WIN-FG-01DPACLITNC5QPG-SANS000,08/21/26 03:20 AM EDT,$0.66,37
20260821,KBO-MOVY-FG-01DPACLITNC5QPG-SANS000-GTE-P00015,08/21/26 03:28 AM EDT,$0.56,86
20260821,KBO-MOVY-FG-01DPAFQKTNCEJLO-KTON000-GTE-P00015,08/21/26 03:29 AM EDT,$0.52,92
20260821,KBO-WIN-FG-01DPACKPTNC5RV0-KIRS000,08/21/26 03:31 AM EDT,$0.62,156
20260821,NPB-WIN-FG-01DIOH81TLSLVN8-HARS001,08/21/26 03:32 AM EDT,$0.46,20
20260821,MLB-WIN-IT5-000696G0I4R92U8-MIRS000,08/21/26 03:36 AM EDT,$0.57,203
20260821,NPB-WIN-FG-01DIOH81TLSLVN8-HARS001,08/21/26 03:36 AM EDT,$0.46,10
20260821,NPB-WIN-FG-01DIOHFDTLSLUG8-TOWS000,08/21/26 03:37 AM EDT,$0.41,11
20260821,NPB-WIN-FG-01DIOH98TLSLV90-HIRP000,08/21/26 03:37 AM EDT,$0.40,11
20260821,KBO-MOVY-FG-01DPAFQKTNCEJLO-KTON000-GTE-P00015,08/21/26 03:37 AM EDT,$0.51,7
20260821,NASCAR-WIN-RCE-00GM207BRJKDADF52I8U9EU806L4S6GO02U0KQ6FHUPMKC809CVJL96JPKH0-JORY006,08/21/26 03:37 AM EDT,$0.06,178
20260821,KBO-MOVY-FG-01DPAFSVTNCEI30-LOTS001-GTE-P00015,08/21/26 03:38 AM EDT,$0.41,81
20260821,NASCAR-WIN-RCE-00GM207BRJKDADF52I8U9EU806L4S6GO02U0KQ6FHUPMKC809CVJL96JPKH0-WION012,08/21/26 03:38 AM EDT,$0.04,250
20260821,NPB-WIN-FG-01DIOHEATLSLV90-CHES000,08/21/26 03:39 AM EDT,$0.38,12
20260821,NPB-WIN-FG-01DIOHESTLSLVL0-SANS002,08/21/26 03:39 AM EDT,$0.50,10
20260821,KBO-WIN-FG-01DPACLITNC5QPG-SANS000,08/21/26 03:41 AM EDT,$0.65,350
20260821,KBO-WIN-FG-01DPACLITNC5QPG-SANS000,08/21/26 03:41 AM EDT,$0.65,500
20260821,NPB-WIN-FG-01DIOH98TLSLV90-YOTS000,08/21/26 03:42 AM EDT,$0.62,15
20260821,NPB-WIN-FG-01DIOH98TLSLV90-YOTS000,08/21/26 03:42 AM EDT,$0.62,40
20260821,KBO-WIN-FG-01DPAFSVTNCEI30-LOTS001,08/21/26 03:45 AM EDT,$0.56,8
20260821,MLB-PHRR-FG-000FP41SI54B2VO-SHNI001-GTE-P00025,08/21/26 03:45 AM EDT,$0.47,4
20260821,NPB-WIN-FG-01DIOH81TLSLVN8-HARS001,08/21/26 03:45 AM EDT,$0.46,208
20260821,MLB-PHRR-FG-000FP41SI54B2VO-SHNI001-GTE-P00035,08/21/26 03:49 AM EDT,$0.32,8
20260821,KBO-WIN-FG-01DPACLITNC5QPG-SANS000,08/21/26 03:52 AM EDT,$0.65,99
20260821,MLB-PHRR-FG-000696G0I4R92U8-BRNG003-GTE-P00035,08/21/26 03:55 AM EDT,$0.14,20
20260821,MLB-PHRR-FG-000FP404I54B3T0-CAGH000-GTE-P00015,08/21/26 03:55 AM EDT,$0.47,6
20260821,MLB-PHRR-FG-000FPUUVI541HNG-ANEZ003-GTE-P00025,08/21/26 03:55 AM EDT,$0.48,6
20260821,MLB-PHRR-FG-000FPUUOI541HG8-ELUZ001-GTE-P00015,08/21/26 03:55 AM EDT,$0.54,5
20260821,NPB-TRUNS-FG-01DIOH81TLSLVN8-GTE-P00075,08/21/26 03:55 AM EDT,$0.50,1000
20260821,NPB-TRUNS-FG-01DIOH81TLSLVN8-GTE-P00075,08/21/26 03:55 AM EDT,$0.50,500
20260821,NPB-TRUNS-FG-01DIOH81TLSLVN8-GTE-P00075,08/21/26 03:55 AM EDT,$0.50,423
20260821,KBO-WIN-FG-01DPAFQKTNCEJLO-SSRS000,08/21/26 03:57 AM EDT,$0.38,250
20260821,KBO-TRUNS-FG-01DPACLITNC5QPG-GTE-P00105,08/21/26 03:57 AM EDT,$0.52,18
20260821,KBO-TRUNS-FG-01DPAFSVTNCEI30-GTE-P00075,08/21/26 03:58 AM EDT,$0.53,72
20260821,KBO-TRUNS-FG-01DPAFSVTNCEI30-GTE-P00075,08/21/26 03:58 AM EDT,$0.53,72
20260821,KBO-WIN-FG-01DPACKPTNC5RV0-KIRS000,08/21/26 04:00 AM EDT,$0.63,7
20260821,KBO-WIN-FG-01DPACKPTNC5RV0-KIRS000,08/21/26 04:02 AM EDT,$0.63,292
20260821,KBO-TRUNS-FG-01DPAFSVTNCEI30-GTE-P00075,08/21/26 04:03 AM EDT,$0.53,9
20260821,KBO-TRUNS-FG-01DPAFQKTNCEJLO-GTE-P00105,08/21/26 04:03 AM EDT,$0.55,8
20260821,NPB-WIN-FG-01DIOH81TLSLVN8-HARS001,08/21/26 04:03 AM EDT,$0.46,5
20260821,KBO-TRUNS-FG-01DPACLITNC5QPG-GTE-P00105,08/21/26 04:03 AM EDT,$0.52,9
20260821,KBO-TRUNS-FG-01DPACKPTNC5RV0-GTE-P00085,08/21/26 04:04 AM EDT,$0.57,8
20260821,NPB-MOVY-FG-01DIOH81TLSLVN8-HARS001-GTE-P00025,08/21/26 04:04 AM EDT,$0.24,19
20260821,NPB-WIN-FG-01DIOH98TLSLV90-YOTS000,08/21/26 04:04 AM EDT,$0.61,4
20260821,KBO-TRUNS-FG-01DPACJGTNC5R90-GTE-P00105,08/21/26 04:05 AM EDT,$0.48,9
20260821,NPB-MOVY-FG-01DIOH81TLSLVN8-HARS001-GTE-P00025,08/21/26 04:05 AM EDT,$0.24,7
20260821,KBO-WIN-FG-01DPACKPTNC5RV0-KIRS000,08/21/26 04:05 AM EDT,$0.63,14
20260821,MLB-TRUNS-IT5-000696G0I4R92U8-GTE-P00025,08/21/26 04:06 AM EDT,$0.56,96
20260821,NPB-TRUNS-FG-01DIOH81TLSLVN8-GTE-P00095,08/21/26 04:06 AM EDT,$0.36,6
20260821,NPB-MOVY-FG-01DIOHFDTLSLUG8-TOWS000-GTE-P00015,08/21/26 04:07 AM EDT,$0.29,12
20260821,NPB-MOVY-FG-01DIOHFDTLSLUG8-TOWS000-GTE-P00025,08/21/26 04:07 AM EDT,$0.19,25
20260821,NPB-TRUNS-FG-01DIOH81TLSLVN8-GTE-P00075,08/21/26 04:07 AM EDT,$0.51,102
20260821,NPB-MOVY-FG-01DIOHFDTLSLUG8-CHNS000-GTE-P00025,08/21/26 04:07 AM EDT,$0.29,3
20260821,KBO-WIN-FG-01DPACLITNC5QPG-SANS000,08/21/26 04:07 AM EDT,$0.63,7
20260821,MLB-PHRR-FG-000FPQ64I544HVO-YAAZ000-GTE-P00005,08/21/26 04:07 AM EDT,$0.79,6
20260821,KBO-WIN-FG-01DPACJGTNC5R90-LGNS000,08/21/26 04:08 AM EDT,$0.56,16
20260821,KBO-WIN-FG-01DPACJGTNC5R90-LGNS000,08/21/26 04:08 AM EDT,$0.56,8
20260821,NPB-MOVY-FG-01DIOHEATLSLV90-CHES000-GTE-P00015,08/21/26 04:08 AM EDT,$0.22,35
20260821,NPB-MOVY-FG-01DIOHEATLSLV90-CHES000-GTE-P00025,08/21/26 04:08 AM EDT,$0.15,6
20260821,KBO-WIN-FG-01DPAFSVTNCEI30-DORS000,08/21/26 04:09 AM EDT,$0.45,10
20260821,NPB-WIN-FG-01DIOH81TLSLVN8-HARS001,08/21/26 04:09 AM EDT,$0.46,520
20260821,KBO-WIN-FG-01DPAFQKTNCEJLO-SSRS000,08/21/26 04:09 AM EDT,$0.38,12
20260821,KBO-TRUNS-FG-01DPACLITNC5QPG-GTE-P00105,08/21/26 04:12 AM EDT,$0.44,60
20260821,KBO-TRUNS-FG-01DPACLITNC5QPG-GTE-P00105,08/21/26 04:13 AM EDT,$0.44,72
20260821,NPB-WIN-FG-01DIOHFDTLSLUG8-CHNS000,08/21/26 04:13 AM EDT,$0.61,44
20260821,KBO-MOVY-FG-01DPACLITNC5QPG-SANS000-GTE-P00015,08/21/26 04:13 AM EDT,$0.56,44
20260821,MLB-PHRR-FG-000FPR4TI545OUG-WIEU000-GTE-P00075,08/21/26 04:14 AM EDT,$0.06,143
20260821,NPB-WIN-FG-01DIOH98TLSLV90-HIRP000,08/21/26 04:14 AM EDT,$0.41,226
20260821,NPB-WIN-FG-01DIOH98TLSLV90-YOTS000,08/21/26 04:14 AM EDT,$0.60,12
20260821,MLB-PHRR-FG-000FP404I54B3T0-PENG000-GTE-P00015,08/21/26 04:15 AM EDT,$0.54,357
20260821,NPB-WIN-FG-01DIOHESTLSLVL0-SANS002,08/21/26 04:15 AM EDT,$0.50,1423
20260821,NPB-WIN-FG-01DIOHESTLSLVL0-SANS002,08/21/26 04:15 AM EDT,$0.50,500
20260821,NPB-TRUNS-FG-01DIOHEATLSLV90-GTE-P00075,08/21/26 04:15 AM EDT,$0.44,500
20260821,NPB-TRUNS-FG-01DIOHEATLSLV90-GTE-P00075,08/21/26 04:16 AM EDT,$0.44,500
20260821,NPB-TRUNS-FG-01DIOHEATLSLV90-GTE-P00075,08/21/26 04:16 AM EDT,$0.44,37
20260821,NPB-TRUNS-FG-01DIOHFDTLSLUG8-GTE-P00065,08/21/26 04:17 AM EDT,$0.57,67
20260821,NPB-WIN-FG-01DIOH81TLSLVN8-HARS001,08/21/26 04:17 AM EDT,$0.46,2083
20260821,NPB-WIN-FG-01DIOHEATLSLV90-HORS000,08/21/26 04:17 AM EDT,$0.63,12
20260821,NPB-TRUNS-FG-01DIOHEATLSLV90-GTE-P00065,08/21/26 04:17 AM EDT,$0.58,66
20260821,NPB-TRUNS-FG-01DIOHEATLSLV90-GTE-P00065,08/21/26 04:18 AM EDT,$0.50,68
20260821,NPB-WIN-FG-01DIOHESTLSLVL0-SANS002,08/21/26 04:18 AM EDT,$0.50,15
20260821,NPB-WIN-FG-01DIOHFDTLSLUG8-TOWS000,08/21/26 04:18 AM EDT,$0.41,11
20260821,NPB-TRUNS-FG-01DIOHEATLSLV90-GTE-P00065,08/21/26 04:18 AM EDT,$0.58,15
20260821,NPB-TRUNS-FG-01DIOHFDTLSLUG8-GTE-P00065,08/21/26 04:18 AM EDT,$0.57,15
20260821,NPB-WIN-FG-01DIOHFDTLSLUG8-TOWS000,08/21/26 04:19 AM EDT,$0.41,23
20260821,NPB-MOVY-FG-01DIOH81TLSLVN8-HARS001-GTE-P00015,08/21/26 04:19 AM EDT,$0.34,83
20260821,KBO-WIN-FG-01DPAFQKTNCEJLO-KTON000,08/21/26 04:20 AM EDT,$0.63,20
20260821,KBO-WIN-FG-01DPACJGTNC5R90-LGNS000,08/21/26 04:20 AM EDT,$0.56,23
20260821,KBO-MOVY-FG-01DPACLITNC5QPG-SANS000-GTE-P00025,08/21/26 04:23 AM EDT,$0.45,233
20260821,MLB-PHRR-FG-000FPR4TI545OUG-CAIN000-GTE-P00015,08/21/26 04:24 AM EDT,$0.52,27
20260821,NPB-TRUNS-FG-01DIOH81TLSLVN8-GTE-P00075,08/21/26 04:25 AM EDT,$0.51,258
20260821,KBO-WIN-FG-01DPACLITNC5QPG-SANS000,08/21/26 04:25 AM EDT,$0.63,500
20260821,KBO-WIN-FG-01DPACLITNC5QPG-SANS000,08/21/26 04:25 AM EDT,$0.63,115
20260821,KBO-TRUNS-FG-01DPACJGTNC5R90-GTE-P00095,08/21/26 04:26 AM EDT,$0.60,500
20260821,KBO-TRUNS-FG-01DPACJGTNC5R90-GTE-P00095,08/21/26 04:26 AM EDT,$0.60,145
20260821,NPB-TRUNS-FG-01DIOHFDTLSLUG8-GTE-P00065,08/21/26 04:26 AM EDT,$0.49,94
20260821,MLB-PHRR-FG-000FPQ64I544HVO-GUON000-GTE-P00015,08/21/26 04:26 AM EDT,$0.52,27
20260821,KBO-MOVY-FG-01DPACLITNC5QPG-NCOS000-GTE-P00025,08/21/26 04:26 AM EDT,$0.12,12
20260821,NPB-TRUNS-FG-01DIOHESTLSLVL0-GTE-P00065,08/21/26 04:26 AM EDT,$0.59,19
20260821,MLB-PHRR-FG-000FPQ64I544HVO-PESO000-GTE-P00015,08/21/26 04:26 AM EDT,$0.57,27
20260821,NPB-WIN-FG-01DIOH81TLSLVN8-HARS001,08/21/26 04:27 AM EDT,$0.45,1
20260821,NPB-TRUNS-FG-01DIOHESTLSLVL0-GTE-P00075,08/21/26 04:27 AM EDT,$0.43,30
20260821,NPB-WIN-FG-01DIOH81TLSLVN8-HARS001,08/21/26 04:29 AM EDT,$0.45,34
20260821,KBO-WIN-FG-01DPAFSVTNCEI30-DORS000,08/21/26 04:29 AM EDT,$0.45,10
20260821,NPB-WIN-FG-01DIOH81TLSLVN8-HARS001,08/21/26 04:35 AM EDT,$0.45,148
20260821,NPB-WIN-FG-01DIOHFDTLSLUG8-TOWS000,08/21/26 04:36 AM EDT,$0.39,121
20260821,KBO-WIN-FG-01DPACJGTNC5R90-LGNS000,08/21/26 04:38 AM EDT,$0.56,1724
20260821,KBO-WIN-FG-01DPACKPTNC5RV0-KIRS000,08/21/26 04:38 AM EDT,$0.62,14
20260821,NPB-WIN-FG-01DIOH98TLSLV90-YOTS000,08/21/26 04:39 AM EDT,$0.61,14
20260821,NPB-TRUNS-FG-01DIOH81TLSLVN8-GTE-P00075,08/21/26 04:39 AM EDT,$0.55,1
20260821,NPB-TRUNS-FG-01DIOHFDTLSLUG8-GTE-P00065,08/21/26 04:39 AM EDT,$0.57,1
20260821,NPB-TRUNS-FG-01DIOH98TLSLV90-GTE-P00065,08/21/26 04:39 AM EDT,$0.50,1
20260821,NPB-WIN-FG-01DIOH98TLSLV90-YOTS000,08/21/26 04:40 AM EDT,$0.60,20
20260821,NPB-MOVY-FG-01DIOH98TLSLV90-YOTS000-GTE-P00015,08/21/26 04:40 AM EDT,$0.40,20
20260821,NPB-TRUNS-FG-01DIOHEATLSLV90-GTE-P00065,08/21/26 04:42 AM EDT,$0.58,125
20260821,NPB-TRUNS-FG-01DIOH81TLSLVN8-GTE-P00115,08/21/26 04:42 AM EDT,$0.23,1
20260821,KBO-TRUNS-FG-01DPACJGTNC5R90-GTE-P00105,08/21/26 04:43 AM EDT,$0.56,77
20260821,KBO-TRUNS-FG-01DPAFSVTNCEI30-GTE-P00075,08/21/26 04:43 AM EDT,$0.53,105
20260821,NPB-WIN-FG-01DIOH81TLSLVN8-HARS001,08/21/26 04:45 AM EDT,$0.45,2
20260821,NPB-WIN-FG-01DIOHFDTLSLUG8-TOWS000,08/21/26 04:45 AM EDT,$0.39,2
20260821,NPB-WIN-FG-01DIOHFDTLSLUG8-TOWS000,08/21/26 04:45 AM EDT,$0.39,2
20260821,NPB-WIN-FG-01DIOH98TLSLV90-HIRP000,08/21/26 04:46 AM EDT,$0.41,2
20260821,NPB-WIN-FG-01DIOHEATLSLV90-CHES000,08/21/26 04:46 AM EDT,$0.38,2
20260821,NPB-WIN-FG-01DIOHESTLSLVL0-SANS002,08/21/26 04:46 AM EDT,$0.48,2
20260821,NPB-MOVY-FG-01DIOHFDTLSLUG8-CHNS000-GTE-P00015,08/21/26 04:46 AM EDT,$0.41,116
20260821,NPB-WIN-FG-01DIOHEATLSLV90-HORS000,08/21/26 04:48 AM EDT,$0.63,500
20260821,NPB-WIN-FG-01DIOHEATLSLV90-HORS000,08/21/26 04:48 AM EDT,$0.63,2000
20260821,NPB-WIN-FG-01DIOHEATLSLV90-HORS000,08/21/26 04:48 AM EDT,$0.63,76
20260821,NPB-WIN-FG-01DIOHEATLSLV90-HORS000,08/21/26 04:48 AM EDT,$0.63,500
20260821,KBO-TRUNS-FG-01DPAFSVTNCEI30-GTE-P00075,08/21/26 04:49 AM EDT,$0.53,3
20260821,KBO-TRUNS-FG-01DPACLITNC5QPG-GTE-P00105,08/21/26 04:49 AM EDT,$0.52,3
20260821,KBO-TRUNS-FG-01DPACJGTNC5R90-GTE-P00105,08/21/26 04:49 AM EDT,$0.56,3
20260821,KBO-WIN-FG-01DPACJGTNC5R90-HAES000,08/21/26 04:50 AM EDT,$0.46,218
20260821,NPB-WIN-FG-01DIOHESTLSLVL0-SANS002,08/21/26 04:51 AM EDT,$0.48,50
20260821,NPB-TRUNS-FG-01DIOH98TLSLV90-GTE-P00065,08/21/26 04:51 AM EDT,$0.42,3
20260821,NPB-WIN-FG-01DIOHEATLSLV90-HORS000,08/21/26 04:51 AM EDT,$0.63,4
20260821,NPB-WIN-FG-01DIOH81TLSLVN8-HARS001,08/21/26 04:51 AM EDT,$0.45,4
20260821,NPB-TRUNS-FG-01DIOHEATLSLV90-GTE-P00095,08/21/26 04:53 AM EDT,$0.28,20
20260821,NPB-TRUNS-FG-01DIOHEATLSLV90-GTE-P00095,08/21/26 04:53 AM EDT,$0.28,20
20260821,NPB-TRUNS-FG-01DIOHEATLSLV90-GTE-P00095,08/21/26 04:53 AM EDT,$0.28,20
20260821,NPB-WIN-FG-01DIOH81TLSLVN8-HARS001,08/21/26 04:53 AM EDT,$0.45,1
20260821,NPB-WIN-FG-01DIOHESTLSLVL0-SANS002,08/21/26 04:54 AM EDT,$0.48,2
20260821,NPB-TRUNS-FG-01DIOH81TLSLVN8-GTE-P00075,08/21/26 04:54 AM EDT,$0.54,500
20260821,NPB-TRUNS-FG-01DIOH81TLSLVN8-GTE-P00075,08/21/26 04:54 AM EDT,$0.54,500
20260821,NPB-WIN-FG-01DIOHFDTLSLUG8-TOWS000,08/21/26 04:54 AM EDT,$0.37,25
20260821,NPB-TRUNS-FG-01DIOH81TLSLVN8-GTE-P00075,08/21/26 04:54 AM EDT,$0.54,500
20260821,NPB-TRUNS-FG-01DIOH81TLSLVN8-GTE-P00075,08/21/26 04:54 AM EDT,$0.54,166
20260821,KBO-WIN-FG-01DPAFSVTNCEI30-DORS000,08/21/26 04:55 AM EDT,$0.46,2
20260821,NPB-TRUNS-FG-01DIOH98TLSLV90-GTE-P00065,08/21/26 04:55 AM EDT,$0.50,28
20260821,KBO-WIN-FG-01DPACJGTNC5R90-HAES000,08/21/26 04:55 AM EDT,$0.46,2
20260821,NPB-WIN-FG-01DIOH81TLSLVN8-YORS001,08/21/26 04:56 AM EDT,$0.57,496
20260821,NPB-MOVY-FG-01DIOHEATLSLV90-HORS000-GTE-P00015,08/21/26 04:56 AM EDT,$0.46,98
20260821,NPB-WIN-FG-01DIOHESTLSLVL0-SANS002,08/21/26 04:56 AM EDT,$0.47,70
20260821,NPB-WIN-FG-01DIOH81TLSLVN8-YORS001,08/21/26 04:56 AM EDT,$0.57,132
20260821,NPB-TRUNS-FG-01DIOHEATLSLV90-GTE-P00075,08/21/26 04:57 AM EDT,$0.48,68
20260821,NPB-WIN-FG-01DIOH98TLSLV90-YOTS000,08/21/26 04:57 AM EDT,$0.61,158
20260821,KBO-TRUNS-FG-01DPACJGTNC5R90-GTE-P00095,08/21/26 04:57 AM EDT,$0.60,32
20260821,NPB-WIN-FG-01DIOHFDTLSLUG8-CHNS000,08/21/26 04:57 AM EDT,$0.64,30
20260821,KBO-WIN-FG-01DPAFSVTNCEI30-LOTS001,08/21/26 04:57 AM EDT,$0.56,34
20260821,NPB-WIN-FG-01DIOHEATLSLV90-HORS000,08/21/26 04:58 AM EDT,$0.64,153
20260821,NPB-MOVY-FG-01DIOHFDTLSLUG8-CHNS000-GTE-P00015,08/21/26 04:59 AM EDT,$0.45,20
20260821,NPB-TRUNS-FG-01DIOHFDTLSLUG8-GTE-P00055,08/21/26 05:01 AM EDT,$0.63,1
20260821,NPB-WIN-FG-01DIOHFDTLSLUG8-TOWS000,08/21/26 05:01 AM EDT,$0.36,62
20260821,NPB-WIN-FG-01DIOHFDTLSLUG8-TOWS000,08/21/26 05:02 AM EDT,$0.37,645
20260821,NPB-WIN-FG-01DIOHFDTLSLUG8-TOWS000,08/21/26 05:02 AM EDT,$0.37,51
20260821,NPB-WIN-FG-01DIOH98TLSLV90-HIRP000,08/21/26 05:02 AM EDT,$0.38,10
20260821,NPB-WIN-FG-01DIOH98TLSLV90-YOTS000,08/21/26 05:02 AM EDT,$0.62,10
20260821,NPB-WIN-FG-01DIOH81TLSLVN8-YORS001,08/21/26 05:03 AM EDT,$0.59,3
20260821,NPB-WIN-FG-01DIOH81TLSLVN8-HARS001,08/21/26 05:03 AM EDT,$0.41,3
20260821,NPB-WIN-FG-01DIOH81TLSLVN8-YORS001,08/21/26 05:03 AM EDT,$0.59,3
20260821,NPB-WIN-FG-01DIOH81TLSLVN8-HARS001,08/21/26 05:03 AM EDT,$0.41,3
20260821,NPB-WIN-FG-01DIOH81TLSLVN8-HARS001,08/21/26 05:04 AM EDT,$0.41,3
20260821,NPB-WIN-FG-01DIOH81TLSLVN8-YORS001,08/21/26 05:04 AM EDT,$0.60,3
20260821,NPB-WIN-FG-01DIOH81TLSLVN8-HARS001,08/21/26 05:04 AM EDT,$0.41,2
20260821,NPB-WIN-FG-01DIOH81TLSLVN8-YORS001,08/21/26 05:04 AM EDT,$0.60,2
20260821,NPB-WIN-FG-01DIOH81TLSLVN8-HARS001,08/21/26 05:04 AM EDT,$0.41,5
20260821,NPB-WIN-FG-01DIOH81TLSLVN8-YORS001,08/21/26 05:04 AM EDT,$0.59,5
20260821,NPB-WIN-FG-01DIOH81TLSLVN8-HARS001,08/21/26 05:04 AM EDT,$0.41,30
20260821,NPB-WIN-FG-01DIOH81TLSLVN8-YORS001,08/21/26 05:04 AM EDT,$0.59,30
20260821,NPB-WIN-FG-01DIOH81TLSLVN8-HARS001,08/21/26 05:04 AM EDT,$0.41,32
20260821,NPB-WIN-FG-01DIOH81TLSLVN8-YORS001,08/21/26 05:04 AM EDT,$0.59,32
20260821,NPB-WIN-FG-01DIOH81TLSLVN8-HARS001,08/21/26 05:04 AM EDT,$0.41,49
20260821,NPB-WIN-FG-01DIOH81TLSLVN8-YORS001,08/21/26 05:04 AM EDT,$0.59,49
20260821,NPB-WIN-FG-01DIOH81TLSLVN8-YORS001,08/21/26 05:04 AM EDT,$0.59,450
20260821,NPB-WIN-FG-01DIOH81TLSLVN8-HARS001,08/21/26 05:04 AM EDT,$0.41,450
20260821,NPB-WIN-FG-01DIOH81TLSLVN8-HARS001,08/21/26 05:04 AM EDT,$0.41,450
20260821,NPB-WIN-FG-01DIOH81TLSLVN8-YORS001,08/21/26 05:04 AM EDT,$0.59,450
20260821,NPB-WIN-FG-01DIOHEATLSLV90-CHES000,08/21/26 05:04 AM EDT,$0.41,63
20260821,NPB-WIN-FG-01DIOHFDTLSLUG8-TOWS000,08/21/26 05:04 AM EDT,$0.33,1493
20260821,NPB-WIN-FG-01DIOHFDTLSLUG8-TOWS000,08/21/26 05:04 AM EDT,$0.33,47
20260821,NPB-WIN-FG-01DIOH81TLSLVN8-YORS001,08/21/26 05:06 AM EDT,$0.60,80
20260821,NPB-WIN-FG-01DIOH81TLSLVN8-YORS001,08/21/26 05:06 AM EDT,$0.60,81
20260821,NPB-TRUNS-FG-01DIOH81TLSLVN8-GTE-P00075,08/21/26 05:06 AM EDT,$0.47,26
20260821,NPB-WIN-FG-01DIOH81TLSLVN8-YORS001,08/21/26 05:07 AM EDT,$0.60,7
20260821,NPB-TRUNS-FG-01DIOH81TLSLVN8-GTE-P00075,08/21/26 05:07 AM EDT,$0.47,420
20260821,NPB-WIN-FG-01DIOH81TLSLVN8-YORS001,08/21/26 05:08 AM EDT,$0.60,16
20260821,NPB-TRUNS-FG-01DIOH81TLSLVN8-GTE-P00075,08/21/26 05:08 AM EDT,$0.71,13
20260821,NPB-TRUNS-FG-01DIOHFDTLSLUG8-GTE-P00055,08/21/26 05:08 AM EDT,$0.60,16
20260821,NPB-WIN-FG-01DIOHEATLSLV90-HORS000,08/21/26 05:08 AM EDT,$0.59,13
20260821,NWSL-DWIN-FG-000FPQ0FI544HD8-SACW009,08/21/26 05:08 AM EDT,$0.42,9
20260821,NPB-WIN-FG-01DIOH98TLSLV90-YOTS000,08/21/26 05:08 AM EDT,$0.64,84
20260821,NPB-WIN-FG-01DIOHEATLSLV90-HORS000,08/21/26 05:08 AM EDT,$0.59,24
20260821,NPB-WIN-FG-01DIOH98TLSLV90-YOTS000,08/21/26 05:08 AM EDT,$0.64,138
20260821,NPB-WIN-FG-01DIOH98TLSLV90-HIRP000,08/21/26 05:09 AM EDT,$0.37,2
20260821,NPB-WIN-FG-01DIOHFDTLSLUG8-TOWS000,08/21/26 05:10 AM EDT,$0.31,9
20260821,NPB-WIN-FG-01DIOHEATLSLV90-HORS000,08/21/26 05:11 AM EDT,$0.71,432
20260821,NPB-WIN-FG-01DIOH81TLSLVN8-YORS001,08/21/26 05:11 AM EDT,$0.59,500
20260821,NPB-WIN-FG-01DIOH81TLSLVN8-YORS001,08/21/26 05:11 AM EDT,$0.59,500
20260821,KBO-TRUNS-FG-01DPACLITNC5QPG-GTE-P00095,08/21/26 05:11 AM EDT,$0.57,5
20260821,NPB-MOVY-FG-01DIOHEATLSLV90-HORS000-GTE-P00015,08/21/26 05:11 AM EDT,$0.42,103
20260821,NPB-TRUNS-FG-01DIOHFDTLSLUG8-GTE-P00075,08/21/26 05:11 AM EDT,$0.43,500
20260821,NPB-WIN-FG-01DIOH81TLSLVN8-YORS001,08/21/26 05:11 AM EDT,$0.60,500
20260821,NPB-WIN-FG-01DIOH81TLSLVN8-YORS001,08/21/26 05:11 AM EDT,$0.60,46
20260821,NPB-WIN-FG-01DIOH81TLSLVN8-HARS001,08/21/26 05:12 AM EDT,$0.42,113
20260821,NPB-TRUNS-FG-01DIOHFDTLSLUG8-GTE-P00075,08/21/26 05:12 AM EDT,$0.43,166
20260821,NPB-WIN-FG-01DIOHFDTLSLUG8-TOWS000,08/21/26 05:12 AM EDT,$0.29,75
20260821,NPB-WIN-FG-01DIOH81TLSLVN8-HARS001,08/21/26 05:12 AM EDT,$0.42,43
20260821,NPB-MOVY-FG-01DIOHFDTLSLUG8-CHNS000-GTE-P00015,08/21/26 05:12 AM EDT,$0.50,2
20260821,NPB-WIN-FG-01DIOH98TLSLV90-HIRP000,08/21/26 05:12 AM EDT,$0.41,58
20260821,NPB-MOVY-FG-01DIOHFDTLSLUG8-CHNS000-GTE-P00015,08/21/26 05:12 AM EDT,$0.04,10
20260821,NPB-WIN-FG-01DIOH81TLSLVN8-HARS001,08/21/26 05:13 AM EDT,$0.43,113
20260821,NPB-MOVY-FG-01DIOHFDTLSLUG8-CHNS000-GTE-P00015,08/21/26 05:13 AM EDT,$0.74,2
20260821,NPB-WIN-FG-01DIOHFDTLSLUG8-TOWS000,08/21/26 05:14 AM EDT,$0.15,25
20260821,NPB-WIN-FG-01DIOHFDTLSLUG8-TOWS000,08/21/26 05:15 AM EDT,$0.12,5
20260821,NPB-WIN-FG-01DIOHFDTLSLUG8-TOWS000,08/21/26 05:15 AM EDT,$0.12,13
20260821,NPB-WIN-FG-01DIOHFDTLSLUG8-TOWS000,08/21/26 05:15 AM EDT,$0.12,57
20260821,NPB-WIN-FG-01DIOHFDTLSLUG8-CHNS000,08/21/26 05:15 AM EDT,$0.88,18
20260821,NPB-WIN-FG-01DIOHFDTLSLUG8-CHNS000,08/21/26 05:15 AM EDT,$0.88,57
20260821,NPB-WIN-FG-01DIOHFDTLSLUG8-TOWS000,08/21/26 05:15 AM EDT,$0.12,2
20260821,NPB-WIN-FG-01DIOHFDTLSLUG8-CHNS000,08/21/26 05:15 AM EDT,$0.88,2
20260821,NPB-WIN-FG-01DIOHFDTLSLUG8-TOWS000,08/21/26 05:15 AM EDT,$0.12,1
20260821,NPB-WIN-FG-01DIOHFDTLSLUG8-CHNS000,08/21/26 05:15 AM EDT,$0.88,1
20260821,NPB-WIN-FG-01DIOHEATLSLV90-CHES000,08/21/26 05:15 AM EDT,$0.33,14
20260821,NPB-WIN-FG-01DIOHFDTLSLUG8-TOWS000,08/21/26 05:15 AM EDT,$0.10,1
20260821,NPB-MOVY-FG-01DIOHEATLSLV90-HORS000-GTE-P00015,08/21/26 05:15 AM EDT,$0.58,500
20260821,NPB-MOVY-FG-01DIOHFDTLSLUG8-CHNS000-GTE-P00015,08/21/26 05:15 AM EDT,$0.60,20
20260821,NPB-WIN-FG-01DIOH81TLSLVN8-HARS001,08/21/26 05:15 AM EDT,$0.47,101
20260821,NPB-MOVY-FG-01DIOH81TLSLVN8-YORS001-GTE-P00015,08/21/26 05:15 AM EDT,$0.42,11
20260821,NPB-WIN-FG-01DIOH81TLSLVN8-HARS001,08/21/26 05:15 AM EDT,$0.47,10
20260821,NPB-TRUNS-FG-01DIOHFDTLSLUG8-GTE-P00095,08/21/26 05:16 AM EDT,$0.49,4
20260821,NPB-WIN-FG-01DIOH81TLSLVN8-YORS001,08/21/26 05:16 AM EDT,$0.55,438
20260821,NPB-TRUNS-FG-01DIOH98TLSLV90-GTE-P00075,08/21/26 05:17 AM EDT,$0.46,4
20260821,NPB-WIN-FG-01DIOHFDTLSLUG8-TOWS000,08/21/26 05:17 AM EDT,$0.10,9
20260821,NPB-TRUNS-FG-01DIOHFDTLSLUG8-GTE-P00095,08/21/26 05:17 AM EDT,$0.43,11
20260821,NPB-MOVY-FG-01DIOHFDTLSLUG8-CHNS000-GTE-P00015,08/21/26 05:18 AM EDT,$0.79,10
20260821,NPB-WIN-FG-01DIOH81TLSLVN8-HARS001,08/21/26 05:18 AM EDT,$0.47,6
20260821,NPB-WIN-FG-01DIOH98TLSLV90-HIRP000,08/21/26 05:18 AM EDT,$0.37,7
20260821,NPB-WIN-FG-01DIOH98TLSLV90-YOTS000,08/21/26 05:18 AM EDT,$0.64,450
20260821,NPB-WIN-FG-01DIOH98TLSLV90-HIRP000,08/21/26 05:18 AM EDT,$0.36,450
20260821,NPB-WIN-FG-01DIOH98TLSLV90-YOTS000,08/21/26 05:18 AM EDT,$0.64,450
20260821,NPB-WIN-FG-01DIOH98TLSLV90-HIRP000,08/21/26 05:18 AM EDT,$0.36,450
20260821,NPB-WIN-FG-01DIOH98TLSLV90-HIRP000,08/21/26 05:18 AM EDT,$0.36,450
20260821,NPB-WIN-FG-01DIOH98TLSLV90-YOTS000,08/21/26 05:18 AM EDT,$0.64,450
20260821,NPB-WIN-FG-01DIOH98TLSLV90-HIRP000,08/21/26 05:18 AM EDT,$0.36,450
20260821,NPB-WIN-FG-01DIOH98TLSLV90-YOTS000,08/21/26 05:18 AM EDT,$0.64,450
20260821,NPB-WIN-FG-01DIOH98TLSLV90-YOTS000,08/21/26 05:18 AM EDT,$0.64,450
20260821,NPB-WIN-FG-01DIOH98TLSLV90-YOTS000,08/21/26 05:18 AM EDT,$0.64,450
20260821,NPB-WIN-FG-01DIOH81TLSLVN8-YORS001,08/21/26 05:19 AM EDT,$0.53,58
20260821,NPB-WIN-FG-01DIOH81TLSLVN8-YORS001,08/21/26 05:19 AM EDT,$0.53,30
20260821,NPB-WIN-FG-01DIOH98TLSLV90-YOTS000,08/21/26 05:19 AM EDT,$0.63,10
20260821,NPB-WIN-FG-01DIOH98TLSLV90-HIRP000,08/21/26 05:19 AM EDT,$0.37,10
20260821,NPB-WIN-FG-01DIOH98TLSLV90-YOTS000,08/21/26 05:19 AM EDT,$0.63,10
20260821,NPB-WIN-FG-01DIOH81TLSLVN8-HARS001,08/21/26 05:19 AM EDT,$0.47,91
20260821,NPB-WIN-FG-01DIOHFDTLSLUG8-CHNS000,08/21/26 05:19 AM EDT,$0.87,65
20260821,NPB-WIN-FG-01DIOHEATLSLV90-CHES000,08/21/26 05:19 AM EDT,$0.31,10
20260821,NPB-WIN-FG-01DIOH98TLSLV90-YOTS000,08/21/26 05:19 AM EDT,$0.60,5
20260821,NPB-WIN-FG-01DIOH98TLSLV90-HIRP000,08/21/26 05:19 AM EDT,$0.39,5
20260821,NPB-WIN-FG-01DIOHFDTLSLUG8-TOWS000,08/21/26 05:19 AM EDT,$0.11,25
20260821,NPB-WIN-FG-01DIOH81TLSLVN8-HARS001,08/21/26 05:19 AM EDT,$0.45,1175
20260821,NPB-WIN-FG-01DIOH81TLSLVN8-HARS001,08/21/26 05:19 AM EDT,$0.45,450
20260821,NPB-WIN-FG-01DIOH81TLSLVN8-HARS001,08/21/26 05:19 AM EDT,$0.45,20
20260821,NPB-WIN-FG-01DIOH81TLSLVN8-HARS001,08/21/26 05:19 AM EDT,$0.45,21
20260821,NPB-TRUNS-FG-01DIOHFDTLSLUG8-GTE-P00095,08/21/26 05:19 AM EDT,$0.42,172
20260821,NPB-WIN-FG-01DIOH98TLSLV90-YOTS000,08/21/26 05:20 AM EDT,$0.60,89
20260821,NPB-WIN-FG-01DIOHFDTLSLUG8-TOWS000,08/21/26 05:20 AM EDT,$0.11,1
20260821,NPB-WIN-FG-01DIOH81TLSLVN8-HARS001,08/21/26 05:20 AM EDT,$0.45,137
20260821,NPB-TRUNS-FG-01DIOH81TLSLVN8-GTE-P00075,08/21/26 05:20 AM EDT,$0.38,11
20260821,NPB-MOVY-FG-01DIOHFDTLSLUG8-TOWS000-GTE-P00025,08/21/26 05:20 AM EDT,$0.13,45
20260821,NPB-WIN-FG-01DIOH81TLSLVN8-HARS001,08/21/26 05:20 AM EDT,$0.44,64
20260821,NPB-WIN-FG-01DIOH98TLSLV90-HIRP000,08/21/26 05:21 AM EDT,$0.41,216
20260821,NPB-WIN-FG-01DIOHFDTLSLUG8-TOWS000,08/21/26 05:21 AM EDT,$0.13,14
20260821,NPB-WIN-FG-01DIOHEATLSLV90-CHES000,08/21/26 05:22 AM EDT,$0.28,119
20260821,KBO-TRUNS-FG-01DPACJGTNC5R90-GTE-P00095,08/21/26 05:22 AM EDT,$0.59,2
20260821,NPB-WIN-FG-01DIOHEATLSLV90-HORS000,08/21/26 05:22 AM EDT,$0.73,13
20260821,KBO-TRUNS-FG-01DPACLITNC5QPG-GTE-P00095,08/21/26 05:22 AM EDT,$0.57,1
20260821,NPB-TRUNS-FG-01DIOH98TLSLV90-GTE-P00055,08/21/26 05:22 AM EDT,$0.47,10
20260821,NPB-WIN-FG-01DIOH81TLSLVN8-HARS001,08/21/26 05:23 AM EDT,$0.40,1190
20260821,NPB-TRUNS-FG-01DIOHFDTLSLUG8-GTE-P00075,08/21/26 05:23 AM EDT,$0.64,45
20260821,NPB-WIN-FG-01DIOHEATLSLV90-CHES000,08/21/26 05:23 AM EDT,$0.29,12
20260821,NPB-MOVY-FG-01DIOHEATLSLV90-HORS000-GTE-P00015,08/21/26 05:23 AM EDT,$0.62,120
20260821,KBO-TRUNS-FG-01DPACJGTNC5R90-GTE-P00095,08/21/26 05:24 AM EDT,$0.59,287
20260821,NPB-WIN-FG-01DIOHEATLSLV90-CHES000,08/21/26 05:24 AM EDT,$0.30,100
20260821,NPB-WIN-FG-01DIOHEATLSLV90-CHES000,08/21/26 05:24 AM EDT,$0.30,450
20260821,KBO-WIN-FG-01DPACKPTNC5RV0-KIES000,08/21/26 05:24 AM EDT,$0.38,15
20260821,KBO-WIN-FG-01DPACLITNC5QPG-NCOS000,08/21/26 05:24 AM EDT,$0.38,15
20260821,NPB-WIN-FG-01DIOHFDTLSLUG8-TOWS000,08/21/26 05:25 AM EDT,$0.11,16
20260821,NPB-WIN-FG-01DIOHEATLSLV90-CHES000,08/21/26 05:25 AM EDT,$0.30,10
20260821,NPB-WIN-FG-01DIOH81TLSLVN8-HARS001,08/21/26 05:26 AM EDT,$0.42,22
20260821,NPB-TRUNS-FG-01DIOHFDTLSLUG8-GTE-P00075,08/21/26 05:26 AM EDT,$0.62,40
20260821,NPB-TRUNS-FG-01DIOHFDTLSLUG8-GTE-P00075,08/21/26 05:26 AM EDT,$0.62,46
20260821,NPB-WIN-FG-01DIOHFDTLSLUG8-TOWS000,08/21/26 05:26 AM EDT,$0.10,41
20260821,NPB-WIN-FG-01DIOH98TLSLV90-HIRP000,08/21/26 05:27 AM EDT,$0.43,25
20260821,NPB-WIN-FG-01DIOHEATLSLV90-CHES000,08/21/26 05:27 AM EDT,$0.31,30
20260821,NPB-WIN-FG-01DIOHFDTLSLUG8-TOWS000,08/21/26 05:27 AM EDT,$0.10,45
20260821,NPB-WIN-FG-01DIOHFDTLSLUG8-CHNS000,08/21/26 05:28 AM EDT,$0.92,26
20260821,NPB-WIN-FG-01DIOH98TLSLV90-HIRP000,08/21/26 05:28 AM EDT,$0.41,200
20260821,NPB-WIN-FG-01DIOH98TLSLV90-YOTS000,08/21/26 05:28 AM EDT,$0.63,10
20260821,NPB-WIN-FG-01DIOH98TLSLV90-HIRP000,08/21/26 05:28 AM EDT,$0.37,10
20260821,NPB-WIN-FG-01DIOHFDTLSLUG8-TOWS000,08/21/26 05:28 AM EDT,$0.10,1
20260821,NPB-WIN-FG-01DIOHFDTLSLUG8-TOWS000,08/21/26 05:29 AM EDT,$0.11,1124
20260821,NPB-WIN-FG-01DIOHFDTLSLUG8-TOWS000,08/21/26 05:29 AM EDT,$0.11,500
20260821,NPB-WIN-FG-01DIOHFDTLSLUG8-TOWS000,08/21/26 05:29 AM EDT,$0.11,600
20260821,NPB-WIN-FG-01DIOHFDTLSLUG8-CHNS000,08/21/26 05:29 AM EDT,$0.90,26
20260821,NPB-WIN-FG-01DIOH98TLSLV90-YOTS000,08/21/26 05:29 AM EDT,$0.65,500
20260821,NPB-WIN-FG-01DIOH98TLSLV90-YOTS000,08/21/26 05:29 AM EDT,$0.65,11
20260821,NPB-WIN-FG-01DIOH81TLSLVN8-HARS001,08/21/26 05:30 AM EDT,$0.34,208
20260821,NPB-MOVY-FG-01DIOHFDTLSLUG8-TOWS000-GTE-P00025,08/21/26 05:30 AM EDT,$0.15,15
20260821,NPB-WIN-FG-01DIOH81TLSLVN8-HARS001,08/21/26 05:30 AM EDT,$0.33,8
20260821,NPB-WIN-FG-01DIOHFDTLSLUG8-TOWS000,08/21/26 05:31 AM EDT,$0.12,76
20260821,NPB-TRUNS-FG-01DIOH81TLSLVN8-GTE-P00075,08/21/26 05:31 AM EDT,$0.48,10
20260821,NPB-WIN-FG-01DIOHESTLSLVL0-TOES000,08/21/26 05:31 AM EDT,$0.51,93
20260821,NPB-WIN-FG-01DIOH98TLSLV90-HIRP000,08/21/26 05:31 AM EDT,$0.36,5
20260821,NPB-TRUNS-FG-01DIOH98TLSLV90-GTE-P00055,08/21/26 05:31 AM EDT,$0.43,500
20260821,NPB-WIN-FG-01DIOH81TLSLVN8-HARS001,08/21/26 05:31 AM EDT,$0.33,5
20260821,NPB-WIN-FG-01DIOHESTLSLVL0-TOES000,08/21/26 05:31 AM EDT,$0.50,450
20260821,NPB-TRUNS-FG-01DIOH98TLSLV90-GTE-P00055,08/21/26 05:31 AM EDT,$0.43,500
20260821,NPB-WIN-FG-01DIOH81TLSLVN8-HARS001,08/21/26 05:31 AM EDT,$0.33,28
20260821,NPB-WIN-FG-01DIOHFDTLSLUG8-TOWS000,08/21/26 05:31 AM EDT,$0.11,8
20260821,NPB-TRUNS-FG-01DIOH98TLSLV90-GTE-P00055,08/21/26 05:31 AM EDT,$0.43,111
20260821,NPB-WIN-FG-01DIOHEATLSLV90-CHES000,08/21/26 05:31 AM EDT,$0.32,5
20260821,NPB-WIN-FG-01DIOHFDTLSLUG8-CHNS000,08/21/26 05:32 AM EDT,$0.91,53
20260821,NPB-WIN-FG-01DIOHEATLSLV90-CHES000,08/21/26 05:32 AM EDT,$0.32,24
20260821,NPB-TRUNS-FG-01DIOH98TLSLV90-GTE-P00055,08/21/26 05:32 AM EDT,$0.43,153
20260821,NPB-WIN-FG-01DIOHESTLSLVL0-TOES000,08/21/26 05:32 AM EDT,$0.54,110
20260821,NPB-WIN-FG-01DIOHESTLSLVL0-SANS002,08/21/26 05:32 AM EDT,$0.46,110
20260821,NPB-WIN-FG-01DIOHESTLSLVL0-TOES000,08/21/26 05:33 AM EDT,$0.53,10
20260821,NPB-WIN-FG-01DIOHESTLSLVL0-SANS002,08/21/26 05:33 AM EDT,$0.47,20
20260821,NPB-TRUNS-FG-01DIOH98TLSLV90-GTE-P00055,08/21/26 05:33 AM EDT,$0.43,200
20260821,NPB-WIN-FG-01DIOHESTLSLVL0-SANS002,08/21/26 05:33 AM EDT,$0.47,450
20260821,NPB-WIN-FG-01DIOHESTLSLVL0-TOES000,08/21/26 05:33 AM EDT,$0.53,450
20260821,NPB-WIN-FG-01DIOHESTLSLVL0-SANS002,08/21/26 05:33 AM EDT,$0.47,500
20260821,NPB-WIN-FG-01DIOHESTLSLVL0-TOES000,08/21/26 05:33 AM EDT,$0.53,500
20260821,NPB-WIN-FG-01DIOHESTLSLVL0-SANS002,08/21/26 05:33 AM EDT,$0.47,50
20260821,NPB-WIN-FG-01DIOHESTLSLVL0-TOES000,08/21/26 05:33 AM EDT,$0.53,50
20260821,NPB-WIN-FG-01DIOHESTLSLVL0-TOES000,08/21/26 05:33 AM EDT,$0.53,20
20260821,NPB-WIN-FG-01DIOHESTLSLVL0-SANS002,08/21/26 05:33 AM EDT,$0.47,20
20260821,NPB-WIN-FG-01DIOHESTLSLVL0-TOES000,08/21/26 05:33 AM EDT,$0.53,10
20260821,NPB-WIN-FG-01DIOHESTLSLVL0-SANS002,08/21/26 05:33 AM EDT,$0.47,10
20260821,NPB-WIN-FG-01DIOHESTLSLVL0-TOES000,08/21/26 05:33 AM EDT,$0.53,100
20260821,NPB-WIN-FG-01DIOHESTLSLVL0-SANS002,08/21/26 05:33 AM EDT,$0.47,100
20260821,NPB-WIN-FG-01DIOHESTLSLVL0-TOES000,08/21/26 05:33 AM EDT,$0.53,10
20260821,NPB-WIN-FG-01DIOHESTLSLVL0-SANS002,08/21/26 05:33 AM EDT,$0.47,10
20260821,NPB-WIN-FG-01DIOHESTLSLVL0-SANS002,08/21/26 05:33 AM EDT,$0.47,20
20260821,NPB-WIN-FG-01DIOHESTLSLVL0-TOES000,08/21/26 05:33 AM EDT,$0.53,20
20260821,NPB-WIN-FG-01DIOHESTLSLVL0-TOES000,08/21/26 05:33 AM EDT,$0.53,15
20260821,NPB-WIN-FG-01DIOHESTLSLVL0-SANS002,08/21/26 05:33 AM EDT,$0.47,15
20260821,NPB-WIN-FG-01DIOHESTLSLVL0-TOES000,08/21/26 05:33 AM EDT,$0.53,10
20260821,NPB-WIN-FG-01DIOHESTLSLVL0-SANS002,08/21/26 05:33 AM EDT,$0.47,10
20260821,NPB-WIN-FG-01DIOHESTLSLVL0-TOES000,08/21/26 05:33 AM EDT,$0.53,5
20260821,NPB-WIN-FG-01DIOHESTLSLVL0-SANS002,08/21/26 05:33 AM EDT,$0.47,5
20260821,NPB-WIN-FG-01DIOHESTLSLVL0-SANS002,08/21/26 05:33 AM EDT,$0.47,20
20260821,NPB-WIN-FG-01DIOHESTLSLVL0-TOES000,08/21/26 05:33 AM EDT,$0.53,20
20260821,NPB-WIN-FG-01DIOHESTLSLVL0-SANS002,08/21/26 05:33 AM EDT,$0.47,230
20260821,NPB-WIN-FG-01DIOHESTLSLVL0-TOES000,08/21/26 05:33 AM EDT,$0.53,230
20260821,NPB-WIN-FG-01DIOHESTLSLVL0-SANS002,08/21/26 05:33 AM EDT,$0.47,98
20260821,NPB-WIN-FG-01DIOHESTLSLVL0-TOES000,08/21/26 05:33 AM EDT,$0.53,98
20260821,NPB-WIN-FG-01DIOHESTLSLVL0-TOES000,08/21/26 05:33 AM EDT,$0.53,80
20260821,NPB-WIN-FG-01DIOHESTLSLVL0-SANS002,08/21/26 05:33 AM EDT,$0.47,80
20260821,NPB-WIN-FG-01DIOHESTLSLVL0-TOES000,08/21/26 05:33 AM EDT,$0.53,10
20260821,NPB-WIN-FG-01DIOHESTLSLVL0-SANS002,08/21/26 05:33 AM EDT,$0.47,10
20260821,NPB-WIN-FG-01DIOHESTLSLVL0-TOES000,08/21/26 05:33 AM EDT,$0.53,40
20260821,NPB-WIN-FG-01DIOHESTLSLVL0-SANS002,08/21/26 05:33 AM EDT,$0.47,40
20260821,NPB-WIN-FG-01DIOHESTLSLVL0-TOES000,08/21/26 05:33 AM EDT,$0.53,209
20260821,NPB-TRUNS-FG-01DIOH81TLSLVN8-GTE-P00075,08/21/26 05:33 AM EDT,$0.41,163
20260821,KBO-TRUNS-FG-01DPAFQKTNCEJLO-GTE-P00115,08/21/26 05:33 AM EDT,$0.43,55
20260821,NPB-WIN-FG-01DIOH81TLSLVN8-HARS001,08/21/26 05:33 AM EDT,$0.34,694
20260821,NPB-WIN-FG-01DIOHESTLSLVL0-TOES000,08/21/26 05:33 AM EDT,$0.54,178
20260821,NPB-WIN-FG-01DIOHEATLSLV90-CHES000,08/21/26 05:33 AM EDT,$0.31,333
20260821,NPB-WIN-FG-01DIOHEATLSLV90-CHES000,08/21/26 05:33 AM EDT,$0.31,500
20260821,NPB-WIN-FG-01DIOHEATLSLV90-CHES000,08/21/26 05:33 AM EDT,$0.31,500
20260821,NPB-WIN-FG-01DIOH98TLSLV90-HIRP000,08/21/26 05:34 AM EDT,$0.39,3
20260821,NPB-WIN-FG-01DIOHEATLSLV90-CHES000,08/21/26 05:34 AM EDT,$0.31,151
20260821,KBO-WIN-FG-01DPAFSVTNCEI30-LOTS001,08/21/26 05:34 AM EDT,$0.52,8
20260821,NPB-TRUNS-FG-01DIOH98TLSLV90-GTE-P00055,08/21/26 05:34 AM EDT,$0.39,43
20260821,NPB-WIN-FG-01DIOHFDTLSLUG8-TOWS000,08/21/26 05:34 AM EDT,$0.09,10
20260821,NPB-WIN-FG-01DIOHFDTLSLUG8-CHNS000,08/21/26 05:34 AM EDT,$0.91,10
20260821,NPB-WIN-FG-01DIOHFDTLSLUG8-TOWS000,08/21/26 05:34 AM EDT,$0.09,8
20260821,NPB-WIN-FG-01DIOHFDTLSLUG8-CHNS000,08/21/26 05:34 AM EDT,$0.91,8
20260821,NPB-WIN-FG-01DIOHFDTLSLUG8-TOWS000,08/21/26 05:34 AM EDT,$0.09,450
20260821,NPB-WIN-FG-01DIOHFDTLSLUG8-CHNS000,08/21/26 05:34 AM EDT,$0.91,278
20260821,NPB-WIN-FG-01DIOHFDTLSLUG8-CHNS000,08/21/26 05:34 AM EDT,$0.91,172
20260821,NPB-WIN-FG-01DIOHFDTLSLUG8-TOWS000,08/21/26 05:34 AM EDT,$0.09,1
20260821,NPB-WIN-FG-01DIOHFDTLSLUG8-CHNS000,08/21/26 05:34 AM EDT,$0.91,1
20260821,NPB-WIN-FG-01DIOHFDTLSLUG8-TOWS000,08/21/26 05:34 AM EDT,$0.09,1
20260821,NPB-WIN-FG-01DIOHFDTLSLUG8-CHNS000,08/21/26 05:34 AM EDT,$0.91,1
20260821,NPB-WIN-FG-01DIOHFDTLSLUG8-TOWS000,08/21/26 05:34 AM EDT,$0.09,41
20260821,NPB-WIN-FG-01DIOHFDTLSLUG8-CHNS000,08/21/26 05:34 AM EDT,$0.91,41
20260821,NPB-WIN-FG-01DIOHFDTLSLUG8-TOWS000,08/21/26 05:34 AM EDT,$0.09,9
20260821,NPB-WIN-FG-01DIOHFDTLSLUG8-TOWS000,08/21/26 05:34 AM EDT,$0.09,260
20260821,NPB-WIN-FG-01DIOHFDTLSLUG8-CHNS000,08/21/26 05:34 AM EDT,$0.91,9
20260821,NPB-WIN-FG-01DIOHFDTLSLUG8-CHNS000,08/21/26 05:34 AM EDT,$0.91,260
20260821,NPB-WIN-FG-01DIOHFDTLSLUG8-TOWS000,08/21/26 05:35 AM EDT,$0.09,200
20260821,NPB-WIN-FG-01DIOHFDTLSLUG8-TOWS000,08/21/26 05:35 AM EDT,$0.09,10
20260821,NPB-WIN-FG-01DIOHFDTLSLUG8-TOWS000,08/21/26 05:35 AM EDT,$0.09,100
20260821,NPB-WIN-FG-01DIOHFDTLSLUG8-TOWS000,08/21/26 05:35 AM EDT,$0.09,109
20260821,NPB-WIN-FG-01DIOHFDTLSLUG8-TOWS000,08/21/26 05:35 AM EDT,$0.09,2
20260821,NPB-WIN-FG-01DIOHFDTLSLUG8-TOWS000,08/21/26 05:35 AM EDT,$0.09,1099
20260821,NPB-WIN-FG-01DIOHESTLSLVL0-SANS002,08/21/26 05:35 AM EDT,$0.52,10
20260821,KBO-WIN-FG-01DPACKPTNC5RV0-KIRS000,08/21/26 05:35 AM EDT,$0.63,15
20260821,NPB-WIN-FG-01DIOHEATLSLV90-HORS000,08/21/26 05:35 AM EDT,$0.73,450
20260821,NPB-WIN-FG-01DIOHEATLSLV90-HORS000,08/21/26 05:35 AM EDT,$0.73,100
20260821,NPB-WIN-FG-01DIOHEATLSLV90-HORS000,08/21/26 05:36 AM EDT,$0.73,25
20260821,NPB-TRUNS-FG-01DIOH98TLSLV90-GTE-P00055,08/21/26 05:36 AM EDT,$0.37,21
20260821,NPB-TRUNS-FG-01DIOH98TLSLV90-GTE-P00055,08/21/26 05:36 AM EDT,$0.37,451
20260821,NPB-MOVY-FG-01DIOH81TLSLVN8-YORS001-GTE-P00015,08/21/26 05:36 AM EDT,$0.59,278
20260821,NPB-WIN-FG-01DIOH81TLSLVN8-HARS001,08/21/26 05:36 AM EDT,$0.34,10
20260821,NPB-WIN-FG-01DIOHESTLSLVL0-TOES000,08/21/26 05:36 AM EDT,$0.51,283
20260821,NPB-WIN-FG-01DIOHEATLSLV90-HORS000,08/21/26 05:37 AM EDT,$0.75,450
20260821,NPB-WIN-FG-01DIOHEATLSLV90-CHES000,08/21/26 05:37 AM EDT,$0.25,450
20260821,NPB-WIN-FG-01DIOHEATLSLV90-HORS000,08/21/26 05:37 AM EDT,$0.75,450
20260821,NPB-WIN-FG-01DIOHEATLSLV90-CHES000,08/21/26 05:37 AM EDT,$0.25,450
20260821,NPB-WIN-FG-01DIOH98TLSLV90-YOTS000,08/21/26 05:37 AM EDT,$0.59,25
20260821,KBO-TRUNS-FG-01DPACKPTNC5RV0-GTE-P00115,08/21/26 05:37 AM EDT,$0.29,81
20260821,NPB-MOVY-FG-01DIOHEATLSLV90-HORS000-GTE-P00015,08/21/26 05:38 AM EDT,$0.70,138
20260821,NPB-WIN-FG-01DIOHEATLSLV90-HORS000,08/21/26 05:38 AM EDT,$0.75,450
20260821,NPB-WIN-FG-01DIOHEATLSLV90-CHES000,08/21/26 05:38 AM EDT,$0.25,450
20260821,NPB-WIN-FG-01DIOHEATLSLV90-HORS000,08/21/26 05:38 AM EDT,$0.75,450
20260821,NPB-WIN-FG-01DIOHESTLSLVL0-SANS002,08/21/26 05:38 AM EDT,$0.48,160
20260821,NPB-WIN-FG-01DIOHEATLSLV90-CHES000,08/21/26 05:38 AM EDT,$0.25,450
20260821,NPB-WIN-FG-01DIOHEATLSLV90-HORS000,08/21/26 05:38 AM EDT,$0.75,450
20260821,NPB-WIN-FG-01DIOHESTLSLVL0-TOES000,08/21/26 05:38 AM EDT,$0.54,237
20260821,NPB-TRUNS-FG-01DIOHFDTLSLUG8-GTE-P00095,08/21/26 05:39 AM EDT,$0.59,40
20260821,NPB-WIN-FG-01DIOHESTLSLVL0-TOES000,08/21/26 05:40 AM EDT,$0.56,8
20260821,NPB-WIN-FG-01DIOHESTLSLVL0-TOES000,08/21/26 05:40 AM EDT,$0.56,450
20260821,NPB-WIN-FG-01DIOHESTLSLVL0-TOES000,08/21/26 05:40 AM EDT,$0.56,17
20260821,NPB-WIN-FG-01DIOHESTLSLVL0-TOES000,08/21/26 05:40 AM EDT,$0.56,8
20260821,NPB-WIN-FG-01DIOHESTLSLVL0-TOES000,08/21/26 05:40 AM EDT,$0.56,21
20260821,NPB-WIN-FG-01DIOHESTLSLVL0-TOES000,08/21/26 05:40 AM EDT,$0.56,21
20260821,NPB-WIN-FG-01DIOHESTLSLVL0-TOES000,08/21/26 05:40 AM EDT,$0.56,5
20260821,NPB-WIN-FG-01DIOHESTLSLVL0-TOES000,08/21/26 05:40 AM EDT,$0.56,450
20260821,NPB-WIN-FG-01DIOHESTLSLVL0-SANS002,08/21/26 05:40 AM EDT,$0.44,10
20260821,NPB-WIN-FG-01DIOHESTLSLVL0-TOES000,08/21/26 05:40 AM EDT,$0.56,5
20260821,NPB-WIN-FG-01DIOHESTLSLVL0-SANS002,08/21/26 05:40 AM EDT,$0.44,5
20260821,NPB-WIN-FG-01DIOHESTLSLVL0-TOES000,08/21/26 05:40 AM EDT,$0.56,100
20260821,NPB-WIN-FG-01DIOHESTLSLVL0-SANS002,08/21/26 05:40 AM EDT,$0.44,100
20260821,NPB-WIN-FG-01DIOHESTLSLVL0-TOES000,08/21/26 05:40 AM EDT,$0.56,5
20260821,NPB-WIN-FG-01DIOHESTLSLVL0-SANS002,08/21/26 05:40 AM EDT,$0.44,5
20260821,NPB-WIN-FG-01DIOH98TLSLV90-YOTS000,08/21/26 05:41 AM EDT,$0.64,70
20260821,NPB-WIN-FG-01DIOH98TLSLV90-YOTS000,08/21/26 05:41 AM EDT,$0.64,5
20260821,NPB-WIN-FG-01DIOH81TLSLVN8-HARS001,08/21/26 05:41 AM EDT,$0.30,28
20260821,NPB-WIN-FG-01DIOHESTLSLVL0-SANS002,08/21/26 05:41 AM EDT,$0.43,222
20260821,NPB-WIN-FG-01DIOH98TLSLV90-YOTS000,08/21/26 05:41 AM EDT,$0.63,144
20260821,NPB-WIN-FG-01DIOH98TLSLV90-YOTS000,08/21/26 05:41 AM EDT,$0.63,10
20260821,NPB-WIN-FG-01DIOHESTLSLVL0-TOES000,08/21/26 05:43 AM EDT,$0.61,450
20260821,NPB-WIN-FG-01DIOHESTLSLVL0-SANS002,08/21/26 05:43 AM EDT,$0.40,450
20260821,NPB-WIN-FG-01DIOHESTLSLVL0-TOES000,08/21/26 05:43 AM EDT,$0.61,450
20260821,NPB-WIN-FG-01DIOHESTLSLVL0-SANS002,08/21/26 05:43 AM EDT,$0.40,450
20260821,NPB-WIN-FG-01DIOHESTLSLVL0-TOES000,08/21/26 05:43 AM EDT,$0.61,450
20260821,NPB-WIN-FG-01DIOHESTLSLVL0-SANS002,08/21/26 05:43 AM EDT,$0.40,450
20260821,KBO-WIN-FG-01DPACLITNC5QPG-SANS000,08/21/26 05:44 AM EDT,$0.63,15
20260821,NPB-WIN-FG-01DIOHESTLSLVL0-SANS002,08/21/26 05:44 AM EDT,$0.38,3
20260821,NPB-WIN-FG-01DIOH81TLSLVN8-HARS001,08/21/26 05:44 AM EDT,$0.30,15
20260821,NPB-WIN-FG-01DIOHESTLSLVL0-SANS002,08/21/26 05:44 AM EDT,$0.37,10
20260821,NPB-TRUNS-FG-01DIOH81TLSLVN8-GTE-P00075,08/21/26 05:45 AM EDT,$0.37,9
20260821,NPB-WIN-FG-01DIOHESTLSLVL0-TOES000,08/21/26 05:45 AM EDT,$0.62,7
20260821,NPB-WIN-FG-01DIOH98TLSLV90-HIRP000,08/21/26 05:45 AM EDT,$0.41,11
20260821,NPB-WIN-FG-01DIOH81TLSLVN8-HARS001,08/21/26 05:45 AM EDT,$0.30,157
20260821,NPB-WIN-FG-01DIOHFDTLSLUG8-TOWS000,08/21/26 05:45 AM EDT,$0.11,2
20260821,NPB-MOVY-FG-01DIOHFDTLSLUG8-CHNS000-GTE-P00025,08/21/26 05:45 AM EDT,$0.65,21
20260821,NPB-WIN-FG-01DIOH81TLSLVN8-HARS001,08/21/26 05:45 AM EDT,$0.27,57
20260821,NPB-WIN-FG-01DIOH81TLSLVN8-HARS001,08/21/26 05:45 AM EDT,$0.27,100
20260821,NPB-WIN-FG-01DIOHFDTLSLUG8-CHNS000,08/21/26 05:46 AM EDT,$0.92,10
20260821,NPB-WIN-FG-01DIOHFDTLSLUG8-CHNS000,08/21/26 05:46 AM EDT,$0.90,10
20260821,NPB-WIN-FG-01DIOHESTLSLVL0-TOES000,08/21/26 05:46 AM EDT,$0.67,14
20260821,NPB-WIN-FG-01DIOH98TLSLV90-HIRP000,08/21/26 05:46 AM EDT,$0.42,1
20260821,NPB-WIN-FG-01DIOH98TLSLV90-YOTS000,08/21/26 05:46 AM EDT,$0.60,16
20260821,NPB-WIN-FG-01DIOH98TLSLV90-YOTS000,08/21/26 05:46 AM EDT,$0.60,2
20260821,NPB-MOVY-FG-01DIOH81TLSLVN8-YORS001-GTE-P00015,08/21/26 05:47 AM EDT,$0.70,11
20260821,NPB-WIN-FG-01DIOH98TLSLV90-YOTS000,08/21/26 05:47 AM EDT,$0.60,4
20260821,NPB-TRUNS-FG-01DIOHEATLSLV90-GTE-P00075,08/21/26 05:48 AM EDT,$0.64,1
20260821,NPB-WIN-FG-01DIOHEATLSLV90-CHES000,08/21/26 05:48 AM EDT,$0.25,7
20260821,NPB-TRUNS-FG-01DIOH81TLSLVN8-GTE-P00115,08/21/26 05:48 AM EDT,$0.11,20
20260821,NPB-TRUNS-FG-01DIOH81TLSLVN8-GTE-P00115,08/21/26 05:48 AM EDT,$0.11,50
20260821,NPB-WIN-FG-01DIOH81TLSLVN8-HARS001,08/21/26 05:48 AM EDT,$0.34,27
20260821,NPB-TRUNS-FG-01DIOH81TLSLVN8-GTE-P00115,08/21/26 05:48 AM EDT,$0.11,50
20260821,NPB-TRUNS-FG-01DIOH81TLSLVN8-GTE-P00115,08/21/26 05:48 AM EDT,$0.11,20
20260821,KBO-WIN-FG-01DPACKPTNC5RV0-KIRS000,08/21/26 05:48 AM EDT,$0.63,30
20260821,NPB-WIN-FG-01DIOHESTLSLVL0-TOES000,08/21/26 05:49 AM EDT,$0.54,4
20260821,NPB-TRUNS-FG-01DIOH98TLSLV90-GTE-P00065,08/21/26 05:49 AM EDT,$0.17,28
20260821,NPB-WIN-FG-01DIOHEATLSLV90-HORS000,08/21/26 05:49 AM EDT,$0.77,75
20260821,NPB-WIN-FG-01DIOHEATLSLV90-CHES000,08/21/26 05:49 AM EDT,$0.24,38
20260821,NPB-WIN-FG-01DIOH81TLSLVN8-HARS001,08/21/26 05:49 AM EDT,$0.34,277
20260821,NPB-WIN-FG-01DIOHESTLSLVL0-SANS002,08/21/26 05:49 AM EDT,$0.48,16
20260821,NPB-WIN-FG-01DIOHFDTLSLUG8-TOWS000,08/21/26 05:50 AM EDT,$0.08,500
20260821,NPB-WIN-FG-01DIOHFDTLSLUG8-TOWS000,08/21/26 05:50 AM EDT,$0.08,145
20260821,MLB-TRUNS-I1-000696G0I4R92U8-GTE-P00005,08/21/26 05:50 AM EDT,$0.41,1
20260821,NPB-WIN-FG-01DIOHFDTLSLUG8-TOWS000,08/21/26 05:51 AM EDT,$0.07,121
20260821,NPB-WIN-FG-01DIOHESTLSLVL0-SANS002,08/21/26 05:51 AM EDT,$0.48,408
20260821,NPB-WIN-FG-01DIOH98TLSLV90-YOTS000,08/21/26 05:51 AM EDT,$0.66,22
20260821,NPB-WIN-FG-01DIOH81TLSLVN8-HARS001,08/21/26 05:51 AM EDT,$0.32,94
20260821,NPB-TRUNS-FG-01DIOHESTLSLVL0-GTE-P00115,08/21/26 05:51 AM EDT,$0.11,30
20260821,NPB-TRUNS-FG-01DIOHESTLSLVL0-GTE-P00115,08/21/26 05:51 AM EDT,$0.11,30
20260821,NPB-WIN-FG-01DIOHFDTLSLUG8-TOWS000,08/21/26 05:51 AM EDT,$0.10,6
20260821,NPB-WIN-FG-01DIOH81TLSLVN8-HARS001,08/21/26 05:51 AM EDT,$0.33,30
20260821,NPB-TRUNS-FG-01DIOHFDTLSLUG8-GTE-P00075,08/21/26 05:51 AM EDT,$0.45,10
20260821,NPB-TRUNS-FG-01DIOHEATLSLV90-GTE-P00075,08/21/26 05:52 AM EDT,$0.54,5
20260821,NPB-WIN-FG-01DIOHEATLSLV90-HORS000,08/21/26 05:52 AM EDT,$0.86,13
20260821,NPB-MOVY-FG-01DIOHEATLSLV90-HORS000-GTE-P00025,08/21/26 05:53 AM EDT,$0.80,3
20260821,NPB-TRUNS-FG-01DIOHFDTLSLUG8-GTE-P00075,08/21/26 05:53 AM EDT,$0.41,163
20260821,NPB-WIN-FG-01DIOH98TLSLV90-HIRP000,08/21/26 05:53 AM EDT,$0.38,250
20260821,NPB-TRUNS-FG-01DIOHFDTLSLUG8-GTE-P00075,08/21/26 05:53 AM EDT,$0.40,330
20260821,NPB-WIN-FG-01DIOH81TLSLVN8-HARS001,08/21/26 05:53 AM EDT,$0.31,15
20260821,NPB-WIN-FG-01DIOHESTLSLVL0-TOES000,08/21/26 05:53 AM EDT,$0.55,10
20260821,NPB-WIN-FG-01DIOHESTLSLVL0-SANS002,08/21/26 05:53 AM EDT,$0.46,10
20260821,NPB-TRUNS-FG-01DIOHEATLSLV90-GTE-P00075,08/21/26 05:53 AM EDT,$0.63,1
20260821,NPB-WIN-FG-01DIOH81TLSLVN8-YORS001,08/21/26 05:54 AM EDT,$0.71,61
20260821,NPB-WIN-FG-01DIOHESTLSLVL0-TOES000,08/21/26 05:54 AM EDT,$0.56,7
20260821,NPB-WIN-FG-01DIOHFDTLSLUG8-TOWS000,08/21/26 05:54 AM EDT,$0.11,41
20260821,NPB-WIN-FG-01DIOHESTLSLVL0-SANS002,08/21/26 05:54 AM EDT,$0.44,8
20260821,NPB-TRUNS-FG-01DIOHESTLSLVL0-GTE-P00095,08/21/26 05:55 AM EDT,$0.18,10
20260821,NPB-TRUNS-FG-01DIOHESTLSLVL0-GTE-P00095,08/21/26 05:55 AM EDT,$0.18,10
20260821,NPB-WIN-FG-01DIOHESTLSLVL0-SANS002,08/21/26 05:55 AM EDT,$0.44,110
20260821,NPB-WIN-FG-01DIOHEATLSLV90-CHES000,08/21/26 05:55 AM EDT,$0.14,33
20260821,NPB-WIN-FG-01DIOH98TLSLV90-YOTS000,08/21/26 05:55 AM EDT,$0.64,10
20260821,NPB-WIN-FG-01DIOH98TLSLV90-HIRP000,08/21/26 05:55 AM EDT,$0.36,10
20260821,NPB-WIN-FG-01DIOH98TLSLV90-HIRP000,08/21/26 05:55 AM EDT,$0.36,10
20260821,NPB-WIN-FG-01DIOH98TLSLV90-YOTS000,08/21/26 05:55 AM EDT,$0.64,10
20260821,NPB-WIN-FG-01DIOH98TLSLV90-YOTS000,08/21/26 05:55 AM EDT,$0.64,10
20260821,NPB-WIN-FG-01DIOH98TLSLV90-HIRP000,08/21/26 05:55 AM EDT,$0.36,10
20260821,NPB-WIN-FG-01DIOH98TLSLV90-YOTS000,08/21/26 05:55 AM EDT,$0.64,10
20260821,NPB-WIN-FG-01DIOH98TLSLV90-HIRP000,08/21/26 05:55 AM EDT,$0.36,10
20260821,NPB-WIN-FG-01DIOH98TLSLV90-HIRP000,08/21/26 05:56 AM EDT,$0.23,100
20260821,NPB-WIN-FG-01DIOH98TLSLV90-HIRP000,08/21/26 05:56 AM EDT,$0.23,10
20260821,NPB-WIN-FG-01DIOH98TLSLV90-HIRP000,08/21/26 05:56 AM EDT,$0.23,10
20260821,NPB-WIN-FG-01DIOH98TLSLV90-HIRP000,08/21/26 05:56 AM EDT,$0.23,10
20260821,NPB-WIN-FG-01DIOH98TLSLV90-HIRP000,08/21/26 05:56 AM EDT,$0.23,10
20260821,NPB-WIN-FG-01DIOH98TLSLV90-HIRP000,08/21/26 05:56 AM EDT,$0.23,10
20260821,NPB-WIN-FG-01DIOH98TLSLV90-HIRP000,08/21/26 05:56 AM EDT,$0.23,10
20260821,NPB-WIN-FG-01DIOH98TLSLV90-HIRP000,08/21/26 05:57 AM EDT,$0.24,7
20260821,NPB-WIN-FG-01DIOHESTLSLVL0-TOES000,08/21/26 05:57 AM EDT,$0.61,92
20260821,NPB-TRUNS-FG-01DIOH81TLSLVN8-GTE-P00055,08/21/26 05:57 AM EDT,$0.51,39
20260821,NPB-TRUNS-FG-01DIOH81TLSLVN8-GTE-P00055,08/21/26 05:58 AM EDT,$0.60,39
20260821,NPB-MOVY-FG-01DIOHFDTLSLUG8-CHNS000-GTE-P00035,08/21/26 05:58 AM EDT,$0.49,283
20260821,KBO-WIN-FG-01DPACKPTNC5RV0-KIRS000,08/21/26 05:58 AM EDT,$0.63,307
20260821,KBO-TRUNS-FG-01DPACKPTNC5RV0-GTE-P00095,08/21/26 05:58 AM EDT,$0.47,10
20260821,NPB-WIN-FG-01DIOH98TLSLV90-HIRP000,08/21/26 05:58 AM EDT,$0.23,156
20260821,NPB-WIN-FG-01DIOH98TLSLV90-HIRP000,08/21/26 05:58 AM EDT,$0.22,60
20260821,NPB-WIN-FG-01DIOH81TLSLVN8-YORS001,08/21/26 05:59 AM EDT,$0.70,8
20260821,KBO-TRUNS-FG-01DPACLITNC5QPG-GTE-P00085,08/21/26 05:59 AM EDT,$0.69,9
20260821,KBO-MOVY-FG-01DPACJGTNC5R90-HAES000-GTE-P00015,08/21/26 05:59 AM EDT,$0.32,10
20260821,NPB-TRUNS-FG-01DIOHFDTLSLUG8-GTE-P00075,08/21/26 05:59 AM EDT,$0.44,45
20260821,KBO-WIN-FG-01DPAFSVTNCEI30-DORS000,08/21/26 05:59 AM EDT,$0.49,9
20260821,NPB-WIN-FG-01DIOH81TLSLVN8-HARS001,08/21/26 06:00 AM EDT,$0.31,145
20260821,NPB-WIN-FG-01DIOHFDTLSLUG8-TOWS000,08/21/26 06:00 AM EDT,$0.11,416
20260821,NPB-WIN-FG-01DIOHEATLSLV90-CHES000,08/21/26 06:01 AM EDT,$0.12,5
20260821,NPB-WIN-FG-01DIOHEATLSLV90-HORS000,08/21/26 06:01 AM EDT,$0.88,5
20260821,KBO-WIN-FG-01DPAFQKTNCEJLO-SSRS000,08/21/26 06:01 AM EDT,$0.52,1
20260821,NPB-MOVY-FG-01DIOH98TLSLV90-YOTS000-GTE-P00015,08/21/26 06:01 AM EDT,$0.45,5
20260821,KBO-TRUNS-FG-01DPAFQKTNCEJLO-GTE-P00105,08/21/26 06:01 AM EDT,$0.52,9
20260821,KBO-TRUNS-FG-01DPAFQKTNCEJLO-GTE-P00105,08/21/26 06:01 AM EDT,$0.52,185
20260821,KBO-TRUNS-FG-01DPAFQKTNCEJLO-GTE-P00105,08/21/26 06:01 AM EDT,$0.44,37
20260821,KBO-TRUNS-FG-01DPAFQKTNCEJLO-GTE-P00095,08/21/26 06:02 AM EDT,$0.62,165
20260821,KBO-WIN-FG-01DPAFQKTNCEJLO-KTON000,08/21/26 06:02 AM EDT,$0.51,47
20260821,KBO-WIN-FG-01DPACKPTNC5RV0-KIES000,08/21/26 06:02 AM EDT,$0.37,450
20260821,KBO-WIN-FG-01DPACKPTNC5RV0-KIRS000,08/21/26 06:02 AM EDT,$0.63,450
20260821,KBO-WIN-FG-01DPACKPTNC5RV0-KIRS000,08/21/26 06:02 AM EDT,$0.63,60
20260821,KBO-WIN-FG-01DPACKPTNC5RV0-KIES000,08/21/26 06:02 AM EDT,$0.37,60
20260821,KBO-WIN-FG-01DPACKPTNC5RV0-KIES000,08/21/26 06:02 AM EDT,$0.37,450
20260821,KBO-WIN-FG-01DPACKPTNC5RV0-KIRS000,08/21/26 06:02 AM EDT,$0.63,450
20260821,KBO-WIN-FG-01DPAFQKTNCEJLO-KTON000,08/21/26 06:02 AM EDT,$0.51,56
20260821,NPB-WIN-FG-01DIOH98TLSLV90-HIRP000,08/21/26 06:02 AM EDT,$0.26,20
20260821,KBO-WIN-FG-01DPAFSVTNCEI30-DORS000,08/21/26 06:02 AM EDT,$0.54,183
20260821,KBO-MOVY-FG-01DPACKPTNC5RV0-KIRS000-GTE-P00015,08/21/26 06:03 AM EDT,$0.54,17
20260821,NPB-TRUNS-FG-01DIOHFDTLSLUG8-GTE-P00055,08/21/26 06:03 AM EDT,$0.71,54
20260821,MLB-PHRR-FG-000FPUUVI541HNG-PAEY000-GTE-P00015,08/21/26 06:03 AM EDT,$0.52,4
20260821,KBO-WIN-FG-01DPAFSVTNCEI30-DORS000,08/21/26 06:03 AM EDT,$0.53,45
20260821,KBO-WIN-FG-01DPAFSVTNCEI30-DORS000,08/21/26 06:03 AM EDT,$0.53,363
20260821,KBO-TRUNS-FG-01DPAFSVTNCEI30-GTE-P00075,08/21/26 06:03 AM EDT,$0.36,37
20260821,KBO-TRUNS-FG-01DPAFQKTNCEJLO-GTE-P00105,08/21/26 06:03 AM EDT,$0.43,84
20260821,NPB-TRUNS-FG-01DIOHFDTLSLUG8-GTE-P00075,08/21/26 06:03 AM EDT,$0.46,10
20260821,KBO-WIN-FG-01DPACKPTNC5RV0-KIRS000,08/21/26 06:04 AM EDT,$0.63,23
20260821,NPB-TRUNS-FG-01DIOH81TLSLVN8-GTE-P00075,08/21/26 06:04 AM EDT,$0.41,26
20260821,MLB-PHRR-FG-000FPR4TI545OUG-WIES000-GTE-P00015,08/21/26 06:04 AM EDT,$0.45,5
20260821,KBO-WIN-FG-01DPAFSVTNCEI30-DORS000,08/21/26 06:04 AM EDT,$0.52,262
20260821,KBO-WIN-FG-01DPAFSVTNCEI30-DORS000,08/21/26 06:04 AM EDT,$0.52,188
20260821,KBO-WIN-FG-01DPAFSVTNCEI30-LOTS001,08/21/26 06:04 AM EDT,$0.48,450
20260821,MLB-TRUNS-I1-00069L89I4RE7OO-GTE-P00005,08/21/26 06:04 AM EDT,$0.49,21
20260821,KBO-WIN-FG-01DPAFSVTNCEI30-LOTS001,08/21/26 06:04 AM EDT,$0.48,450
20260821,KBO-WIN-FG-01DPAFSVTNCEI30-LOTS001,08/21/26 06:04 AM EDT,$0.48,450
20260821,KBO-WIN-FG-01DPAFSVTNCEI30-LOTS001,08/21/26 06:04 AM EDT,$0.48,450
20260821,KBO-WIN-FG-01DPAFSVTNCEI30-LOTS001,08/21/26 06:04 AM EDT,$0.48,123
20260821,NPB-WIN-FG-01DIOHESTLSLVL0-SANS002,08/21/26 06:04 AM EDT,$0.49,100
20260821,NPB-WIN-FG-01DIOHESTLSLVL0-TOES000,08/21/26 06:04 AM EDT,$0.50,100
20260821,NPB-WIN-FG-01DIOHESTLSLVL0-SANS002,08/21/26 06:04 AM EDT,$0.49,25
20260821,NPB-WIN-FG-01DIOHESTLSLVL0-SANS002,08/21/26 06:04 AM EDT,$0.49,7
20260821,NPB-WIN-FG-01DIOHESTLSLVL0-SANS002,08/21/26 06:04 AM EDT,$0.49,14
20260821,NPB-WIN-FG-01DIOHESTLSLVL0-SANS002,08/21/26 06:04 AM EDT,$0.49,4
20260821,FRIENDLYCLUB-DWIN-FG-02HPNB1DOL9R2KG-CDGO002,08/21/26 06:04 AM EDT,$0.54,17
20260821,FRIENDLYCLUB-DWIN-FG-02HPNB1DOL9R2KG-CDGO002,08/21/26 06:04 AM EDT,$0.46,17
20260821,NPB-TRUNS-FG-01DIOHFDTLSLUG8-GTE-P00095,08/21/26 06:04 AM EDT,$0.27,44
20260821,NPB-WIN-FG-01DIOHFDTLSLUG8-TOWS000,08/21/26 06:04 AM EDT,$0.14,336
20260821,NPB-WIN-FG-01DIOH98TLSLV90-HIRP000,08/21/26 06:05 AM EDT,$0.26,196
20260821,KBO-MOVY-FG-01DPACJGTNC5R90-LGNS000-GTE-P00015,08/21/26 06:05 AM EDT,$0.47,64
20260821,NPB-TRUNS-FG-01DIOHFDTLSLUG8-GTE-P00075,08/21/26 06:05 AM EDT,$0.48,6
20260821,NPB-WIN-FG-01DIOH81TLSLVN8-YORS001,08/21/26 06:05 AM EDT,$0.55,450
20260821,NPB-WIN-FG-01DIOH81TLSLVN8-HARS001,08/21/26 06:05 AM EDT,$0.46,104
20260821,NPB-WIN-FG-01DIOH81TLSLVN8-YORS001,08/21/26 06:05 AM EDT,$0.55,450
20260821,NPB-WIN-FG-01DIOH81TLSLVN8-YORS001,08/21/26 06:05 AM EDT,$0.55,450
20260821,NPB-TRUNS-FG-01DIOHFDTLSLUG8-GTE-P00065,08/21/26 06:05 AM EDT,$0.63,15
20260821,KBO-WIN-FG-01DPACKPTNC5RV0-KIRS000,08/21/26 06:05 AM EDT,$0.63,590
20260821,KBO-TRUNS-FG-01DPAFSVTNCEI30-GTE-P00075,08/21/26 06:05 AM EDT,$0.48,11
20260821,NPB-WIN-FG-01DIOH81TLSLVN8-YORS001,08/21/26 06:05 AM EDT,$0.55,450
20260821,NPB-WIN-FG-01DIOH81TLSLVN8-HARS001,08/21/26 06:05 AM EDT,$0.46,72
20260821,KBO-MOVY-FG-01DPACKPTNC5RV0-KIRS000-GTE-P00015,08/21/26 06:05 AM EDT,$0.54,17
20260821,NPB-WIN-FG-01DIOH81TLSLVN8-YORS001,08/21/26 06:05 AM EDT,$0.55,18
20260821,KBO-WIN-FG-01DPACLITNC5QPG-SANS000,08/21/26 06:05 AM EDT,$0.61,11
20260821,NPB-TRUNS-FG-01DIOHESTLSLVL0-GTE-P00115,08/21/26 06:05 AM EDT,$0.09,450
20260821,NPB-TRUNS-FG-01DIOHESTLSLVL0-GTE-P00115,08/21/26 06:05 AM EDT,$0.09,245
20260821,MLB-TRUNS-I1-000696G0I4R92U8-GTE-P00015,08/21/26 06:06 AM EDT,$0.22,41
20260821,NPB-TRUNS-FG-01DIOH98TLSLV90-GTE-P00045,08/21/26 06:06 AM EDT,$0.52,185
20260821,MLB-TRUNS-I1-000696G0I4R92U8-GTE-P00005,08/21/26 06:06 AM EDT,$0.33,24
20260821,NPB-TRUNS-FG-01DIOH81TLSLVN8-GTE-P00065,08/21/26 06:06 AM EDT,$0.56,12
20260821,NPB-WIN-FG-01DIOH81TLSLVN8-YORS001,08/21/26 06:06 AM EDT,$0.54,70
20260821,NPB-WIN-FG-01DIOH81TLSLVN8-HARS001,08/21/26 06:06 AM EDT,$0.46,70
20260821,NPB-WIN-FG-01DIOH81TLSLVN8-HARS001,08/21/26 06:06 AM EDT,$0.46,12
20260821,NPB-WIN-FG-01DIOH81TLSLVN8-YORS001,08/21/26 06:06 AM EDT,$0.54,12
20260821,NPB-WIN-FG-01DIOH81TLSLVN8-HARS001,08/21/26 06:06 AM EDT,$0.46,8
20260821,NPB-WIN-FG-01DIOH81TLSLVN8-HARS001,08/21/26 06:06 AM EDT,$0.46,250
20260821,NPB-WIN-FG-01DIOH81TLSLVN8-YORS001,08/21/26 06:06 AM EDT,$0.54,8
20260821,NPB-WIN-FG-01DIOH81TLSLVN8-YORS001,08/21/26 06:06 AM EDT,$0.54,250
20260821,NPB-WIN-FG-01DIOH81TLSLVN8-YORS001,08/21/26 06:06 AM EDT,$0.54,450
20260821,NPB-WIN-FG-01DIOH81TLSLVN8-HARS001,08/21/26 06:06 AM EDT,$0.46,450
20260821,NPB-WIN-FG-01DIOH81TLSLVN8-HARS001,08/21/26 06:06 AM EDT,$0.46,34
20260821,NPB-WIN-FG-01DIOH81TLSLVN8-YORS001,08/21/26 06:06 AM EDT,$0.54,34
20260821,NPB-WIN-FG-01DIOH81TLSLVN8-YORS001,08/21/26 06:06 AM EDT,$0.54,7
20260821,NPB-WIN-FG-01DIOH81TLSLVN8-HARS001,08/21/26 06:06 AM EDT,$0.46,7
20260821,NPB-WIN-FG-01DIOH81TLSLVN8-HARS001,08/21/26 06:06 AM EDT,$0.46,20
20260821,NPB-WIN-FG-01DIOH81TLSLVN8-YORS001,08/21/26 06:06 AM EDT,$0.54,20
20260821,NPB-WIN-FG-01DIOH81TLSLVN8-YORS001,08/21/26 06:06 AM EDT,$0.54,4
20260821,NPB-WIN-FG-01DIOH81TLSLVN8-HARS001,08/21/26 06:06 AM EDT,$0.46,4
20260821,NPB-WIN-FG-01DIOH81TLSLVN8-YORS001,08/21/26 06:06 AM EDT,$0.54,46
20260821,NPB-WIN-FG-01DIOH81TLSLVN8-HARS001,08/21/26 06:06 AM EDT,$0.46,46
20260821,NPB-WIN-FG-01DIOH81TLSLVN8-HARS001,08/21/26 06:06 AM EDT,$0.46,241
20260821,NPB-WIN-FG-01DIOH81TLSLVN8-YORS001,08/21/26 06:06 AM EDT,$0.54,241
20260821,KBO-WIN-FG-01DPACLITNC5QPG-SANS000,08/21/26 06:06 AM EDT,$0.58,2381
20260821,KBO-WIN-FG-01DPACLITNC5QPG-SANS000,08/21/26 06:06 AM EDT,$0.58,2381
20260821,KBO-WIN-FG-01DPACLITNC5QPG-SANS000,08/21/26 06:06 AM EDT,$0.58,1619
20260821,NPB-WIN-FG-01DIOH98TLSLV90-HIRP000,08/21/26 06:06 AM EDT,$0.23,2
20260821,KBO-WIN-FG-01DPACLITNC5QPG-SANS000,08/21/26 06:06 AM EDT,$0.58,762
20260821,MLB-TRUNS-IT5-000FPR4TI545OUG-GTE-P00035,08/21/26 06:06 AM EDT,$0.54,89
20260821,KBO-WIN-FG-01DPACLITNC5QPG-NCOS000,08/21/26 06:07 AM EDT,$0.44,334
20260821,KBO-WIN-FG-01DPACLITNC5QPG-NCOS000,08/21/26 06:07 AM EDT,$0.44,100
20260821,NPB-WIN-FG-01DIOH98TLSLV90-YOTS000,08/21/26 06:07 AM EDT,$0.77,14
20260821,NPB-WIN-FG-01DIOH81TLSLVN8-HARS001,08/21/26 06:07 AM EDT,$0.61,10
20260821,NPB-WIN-FG-01DIOH81TLSLVN8-YORS001,08/21/26 06:07 AM EDT,$0.39,10
20260821,NPB-WIN-FG-01DIOHEATLSLV90-CHES000,08/21/26 06:07 AM EDT,$0.09,10
20260821,NPB-WIN-FG-01DIOHEATLSLV90-HORS000,08/21/26 06:07 AM EDT,$0.91,10
20260821,KBO-WIN-FG-01DPACLITNC5QPG-SANS000,08/21/26 06:07 AM EDT,$0.59,160
20260821,KBO-WIN-FG-01DPACLITNC5QPG-NCOS000,08/21/26 06:07 AM EDT,$0.44,20
20260821,KBO-WIN-FG-01DPACLITNC5QPG-SANS000,08/21/26 06:07 AM EDT,$0.61,658
20260821,KBO-TRUNS-FG-01DPAFSVTNCEI30-GTE-P00095,08/21/26 06:08 AM EDT,$0.35,13
20260821,KBO-MOVY-FG-01DPAFSVTNCEI30-DORS000-GTE-P00005,08/21/26 06:08 AM EDT,$0.46,1
20260821,KBO-MOVY-FG-01DPAFSVTNCEI30-DORS000-GTE-P00005,08/21/26 06:08 AM EDT,$0.46,17
20260821,NPB-WIN-FG-01DIOHESTLSLVL0-SANS002,08/21/26 06:08 AM EDT,$0.57,1
20260821,KBO-MOVY-FG-01DPACLITNC5QPG-SANS000-GTE-P00015,08/21/26 06:08 AM EDT,$0.43,1
20260821,NPB-TRUNS-FG-01DIOHFDTLSLUG8-GTE-P00075,08/21/26 06:08 AM EDT,$0.39,365
20260821,NPB-TRUNS-FG-01DIOHFDTLSLUG8-GTE-P00075,08/21/26 06:08 AM EDT,$0.39,238
20260821,NPB-WIN-FG-01DIOH81TLSLVN8-HARS001,08/21/26 06:08 AM EDT,$0.58,166
20260821,KBO-WIN-FG-01DPACJGTNC5R90-HAES000,08/21/26 06:08 AM EDT,$0.41,9
20260821,NPB-WIN-FG-01DIOHESTLSLVL0-SANS002,08/21/26 06:09 AM EDT,$0.56,86
20260821,KBO-TRUNS-FG-01DPACJGTNC5R90-GTE-P00115,08/21/26 06:09 AM EDT,$0.68,21
20260821,KBO-WIN-FG-01DPACKPTNC5RV0-KIRS000,08/21/26 06:09 AM EDT,$0.62,16
20260821,KBO-WIN-FG-01DPAFSVTNCEI30-LOTS001,08/21/26 06:09 AM EDT,$0.51,9
20260821,KBO-WIN-FG-01DPACLITNC5QPG-NCOS000,08/21/26 06:09 AM EDT,$0.48,5
20260821,NPB-WIN-FG-01DIOH81TLSLVN8-HARS001,08/21/26 06:09 AM EDT,$0.55,500
20260821,NPB-WIN-FG-01DIOH81TLSLVN8-HARS001,08/21/26 06:09 AM EDT,$0.55,26
20260821,KBO-TRUNS-FG-01DPACJGTNC5R90-GTE-P00115,08/21/26 06:09 AM EDT,$0.68,2
20260821,NPB-WIN-FG-01DIOH81TLSLVN8-HARS001,08/21/26 06:10 AM EDT,$0.55,175
20260821,KBO-WIN-FG-01DPACJGTNC5R90-LGNS000,08/21/26 06:10 AM EDT,$0.65,450
20260821,NPB-TRUNS-FG-01DIOH81TLSLVN8-GTE-P00075,08/21/26 06:10 AM EDT,$0.48,272
20260821,KBO-WIN-FG-01DPACLITNC5QPG-NCOS000,08/21/26 06:10 AM EDT,$0.52,185
20260821,KBO-WIN-FG-01DPACJGTNC5R90-LGNS000,08/21/26 06:10 AM EDT,$0.67,450
20260821,KBO-WIN-FG-01DPACLITNC5QPG-SANS000,08/21/26 06:10 AM EDT,$0.46,110
20260821,NPB-WIN-FG-01DIOH98TLSLV90-YOTS000,08/21/26 06:10 AM EDT,$0.76,10
20260821,NPB-WIN-FG-01DIOH98TLSLV90-HIRP000,08/21/26 06:10 AM EDT,$0.24,10
20260821,KBO-WIN-FG-01DPACLITNC5QPG-NCOS000,08/21/26 06:10 AM EDT,$0.55,50
20260821,KBO-WIN-FG-01DPACLITNC5QPG-NCOS000,08/21/26 06:10 AM EDT,$0.55,50
20260821,KBO-WIN-FG-01DPACJGTNC5R90-HAES000,08/21/26 06:11 AM EDT,$0.34,69
20260821,KBO-WIN-FG-01DPAFQKTNCEJLO-KTON000,08/21/26 06:11 AM EDT,$0.46,20
20260821,KBO-WIN-FG-01DPACLITNC5QPG-NCOS000,08/21/26 06:11 AM EDT,$0.38,105
20260821,NPB-WIN-FG-01DIOHFDTLSLUG8-TOWS000,08/21/26 06:11 AM EDT,$0.11,10
20260821,NPB-WIN-FG-01DIOHFDTLSLUG8-CHNS000,08/21/26 06:11 AM EDT,$0.89,10
20260821,KBO-TRUNS-FG-01DPAFQKTNCEJLO-GTE-P00095,08/21/26 06:11 AM EDT,$0.49,954
20260821,KBO-TRUNS-FG-01DPAFQKTNCEJLO-GTE-P00095,08/21/26 06:11 AM EDT,$0.49,500
20260821,NPB-WIN-FG-01DIOHFDTLSLUG8-TOWS000,08/21/26 06:12 AM EDT,$0.11,416
20260821,KBO-TRUNS-FG-01DPACKPTNC5RV0-GTE-P00095,08/21/26 06:12 AM EDT,$0.42,11
20260821,LIGAMX-MOVY-FG-01O38BN3VVTN6IO-CLON010-GTE-P00025,08/21/26 06:12 AM EDT,$0.03,10
20260821,KBO-TRUNS-FG-01DPAFSVTNCEI30-GTE-P00075,08/21/26 06:12 AM EDT,$0.48,37
20260821,KBO-WIN-FG-01DPAFQKTNCEJLO-SSRS000,08/21/26 06:12 AM EDT,$0.57,100
20260821,NPB-TRUNS-FG-01DIOHEATLSLV90-GTE-P00075,08/21/26 06:12 AM EDT,$0.51,196
20260821,KBO-MOVY-FG-01DPAFQKTNCEJLO-SSRS000-GTE-P00015,08/21/26 06:12 AM EDT,$0.69,5
20260821,LIGAMX-MOVY-FG-01O38BN3VVTN6IO-CLON010-GTE-P00025,08/21/26 06:13 AM EDT,$0.04,10
20260821,NPB-MOVY-FG-01DIOHFDTLSLUG8-CHNS000-GTE-P00025,08/21/26 06:13 AM EDT,$0.69,18
20260821,MLB-PHRR-FG-000FPR4TI545OUG-RARS000-GTE-P00055,08/21/26 06:13 AM EDT,$0.09,50
20260821,KBO-WIN-FG-01DPAFQKTNCEJLO-SSRS000,08/21/26 06:14 AM EDT,$0.59,16
20260821,NPB-WIN-FG-01DIOHFDTLSLUG8-TOWS000,08/21/26 06:14 AM EDT,$0.08,10
20260821,NPB-WIN-FG-01DIOHFDTLSLUG8-TOWS000,08/21/26 06:14 AM EDT,$0.08,100
20260821,NPB-WIN-FG-01DIOHFDTLSLUG8-CHNS000,08/21/26 06:14 AM EDT,$0.91,100
20260821,LIGAMX-MOVY-FG-01O38BN3VVTN6IO-CLON010-GTE-P00025,08/21/26 06:14 AM EDT,$0.03,6
20260821,LIGAMX-MOVY-FG-01O38BN3VVTN6IO-CLON010-GTE-P00025,08/21/26 06:14 AM EDT,$0.04,6
20260821,NPB-WIN-FG-01DIOHESTLSLVL0-TOES000,08/21/26 06:14 AM EDT,$0.53,125
20260821,NPB-WIN-FG-01DIOHESTLSLVL0-SANS002,08/21/26 06:14 AM EDT,$0.47,125
20260821,KBO-WIN-FG-01DPACJGTNC5R90-LGNS000,08/21/26 06:14 AM EDT,$0.80,450
20260821,KBO-WIN-FG-01DPACJGTNC5R90-LGNS000,08/21/26 06:14 AM EDT,$0.80,10
20260821,NPB-WIN-FG-01DIOHFDTLSLUG8-TOWS000,08/21/26 06:15 AM EDT,$0.08,1111
20260821,KBO-WIN-FG-01DPAFSVTNCEI30-DORS000,08/21/26 06:15 AM EDT,$0.48,50
20260821,NPB-WIN-FG-01DIOH98TLSLV90-YOTS000,08/21/26 06:15 AM EDT,$0.75,10
20260821,NPB-WIN-FG-01DIOH98TLSLV90-YOTS000,08/21/26 06:15 AM EDT,$0.75,100
20260821,NPB-TRUNS-FG-01DIOHEATLSLV90-GTE-P00075,08/21/26 06:15 AM EDT,$0.53,1
20260821,NPB-WIN-FG-01DIOHEATLSLV90-CHES000,08/21/26 06:15 AM EDT,$0.12,38
20260821,KBO-WIN-FG-01DPAFQKTNCEJLO-KTON000,08/21/26 06:15 AM EDT,$0.43,450
20260821,KBO-WIN-FG-01DPAFQKTNCEJLO-SSRS000,08/21/26 06:15 AM EDT,$0.57,450
20260821,NPB-MOVY-FG-01DIOHEATLSLV90-HORS000-GTE-P00015,08/21/26 06:15 AM EDT,$0.75,18
20260821,NPB-MOVY-FG-01DIOHFDTLSLUG8-CHNS000-GTE-P00035,08/21/26 06:15 AM EDT,$0.51,392
20260821,KBO-WIN-FG-01DPACJGTNC5R90-HAES000,08/21/26 06:15 AM EDT,$0.15,30
20260821,KBO-WIN-FG-01DPACJGTNC5R90-HAES000,08/21/26 06:16 AM EDT,$0.15,450
20260821,KBO-WIN-FG-01DPACJGTNC5R90-LGNS000,08/21/26 06:16 AM EDT,$0.85,450
20260821,KBO-WIN-FG-01DPAFSVTNCEI30-LOTS001,08/21/26 06:16 AM EDT,$0.54,21
20260821,KBO-WIN-FG-01DPACJGTNC5R90-LGNS000,08/21/26 06:16 AM EDT,$0.86,227
20260821,KBO-WIN-FG-01DPACJGTNC5R90-HAES000,08/21/26 06:16 AM EDT,$0.15,12
20260821,NPB-WIN-FG-01DIOHESTLSLVL0-TOES000,08/21/26 06:16 AM EDT,$0.52,10
20260821,NPB-WIN-FG-01DIOHESTLSLVL0-TOES000,08/21/26 06:16 AM EDT,$0.52,100
20260821,NPB-WIN-FG-01DIOHESTLSLVL0-TOES000,08/21/26 06:16 AM EDT,$0.52,4
20260821,NPB-WIN-FG-01DIOHESTLSLVL0-SANS002,08/21/26 06:16 AM EDT,$0.48,15
20260821,NPB-WIN-FG-01DIOHESTLSLVL0-SANS002,08/21/26 06:16 AM EDT,$0.48,84
20260821,NPB-WIN-FG-01DIOHESTLSLVL0-SANS002,08/21/26 06:16 AM EDT,$0.48,14
20260821,NPB-WIN-FG-01DIOHESTLSLVL0-SANS002,08/21/26 06:16 AM EDT,$0.48,23
20260821,NPB-WIN-FG-01DIOHESTLSLVL0-TOES000,08/21/26 06:16 AM EDT,$0.52,22
20260821,NPB-WIN-FG-01DIOHESTLSLVL0-TOES000,08/21/26 06:16 AM EDT,$0.52,78
20260821,NPB-WIN-FG-01DIOHESTLSLVL0-SANS002,08/21/26 06:16 AM EDT,$0.48,78
20260821,NPB-WIN-FG-01DIOHESTLSLVL0-TOES000,08/21/26 06:16 AM EDT,$0.52,50
20260821,NPB-WIN-FG-01DIOHESTLSLVL0-SANS002,08/21/26 06:16 AM EDT,$0.48,50
20260821,NPB-WIN-FG-01DIOHESTLSLVL0-TOES000,08/21/26 06:16 AM EDT,$0.52,28
20260821,NPB-WIN-FG-01DIOHESTLSLVL0-SANS002,08/21/26 06:16 AM EDT,$0.48,28
20260821,NPB-WIN-FG-01DIOHESTLSLVL0-TOES000,08/21/26 06:16 AM EDT,$0.52,40
20260821,NPB-WIN-FG-01DIOHESTLSLVL0-SANS002,08/21/26 06:16 AM EDT,$0.48,40
20260821,NPB-WIN-FG-01DIOHESTLSLVL0-TOES000,08/21/26 06:16 AM EDT,$0.52,10
20260821,NPB-WIN-FG-01DIOHESTLSLVL0-SANS002,08/21/26 06:16 AM EDT,$0.48,10
20260821,NPB-WIN-FG-01DIOHESTLSLVL0-SANS002,08/21/26 06:16 AM EDT,$0.48,27
20260821,NPB-WIN-FG-01DIOHESTLSLVL0-TOES000,08/21/26 06:16 AM EDT,$0.52,27
20260821,NPB-WIN-FG-01DIOHESTLSLVL0-TOES000,08/21/26 06:16 AM EDT,$0.52,10
20260821,NPB-WIN-FG-01DIOHESTLSLVL0-SANS002,08/21/26 06:16 AM EDT,$0.48,10
20260821,NPB-WIN-FG-01DIOHESTLSLVL0-TOES000,08/21/26 06:16 AM EDT,$0.52,15
20260821,NPB-WIN-FG-01DIOHESTLSLVL0-SANS002,08/21/26 06:16 AM EDT,$0.48,15
20260821,NPB-WIN-FG-01DIOHESTLSLVL0-TOES000,08/21/26 06:16 AM EDT,$0.52,28
20260821,NPB-WIN-FG-01DIOHESTLSLVL0-TOES000,08/21/26 06:16 AM EDT,$0.52,10
20260821,NPB-WIN-FG-01DIOHESTLSLVL0-SANS002,08/21/26 06:16 AM EDT,$0.48,28
20260821,NPB-WIN-FG-01DIOHESTLSLVL0-SANS002,08/21/26 06:16 AM EDT,$0.48,10
20260821,NPB-WIN-FG-01DIOHESTLSLVL0-TOES000,08/21/26 06:16 AM EDT,$0.52,10
20260821,NPB-WIN-FG-01DIOHESTLSLVL0-SANS002,08/21/26 06:16 AM EDT,$0.48,10
20260821,NPB-WIN-FG-01DIOHESTLSLVL0-SANS002,08/21/26 06:16 AM EDT,$0.49,50
20260821,NPB-WIN-FG-01DIOHESTLSLVL0-SANS002,08/21/26 06:16 AM EDT,$0.49,8
20260821,NPB-WIN-FG-01DIOHESTLSLVL0-TOES000,08/21/26 06:16 AM EDT,$0.51,50
20260821,NPB-WIN-FG-01DIOHESTLSLVL0-SANS002,08/21/26 06:16 AM EDT,$0.49,54
20260821,NPB-WIN-FG-01DIOHESTLSLVL0-TOES000,08/21/26 06:16 AM EDT,$0.51,8
20260821,NPB-WIN-FG-01DIOHESTLSLVL0-TOES000,08/21/26 06:16 AM EDT,$0.51,54
20260821,NPB-WIN-FG-01DIOHESTLSLVL0-TOES000,08/21/26 06:16 AM EDT,$0.51,1
20260821,NPB-WIN-FG-01DIOHESTLSLVL0-SANS002,08/21/26 06:16 AM EDT,$0.49,1
20260821,NPB-WIN-FG-01DIOHESTLSLVL0-TOES000,08/21/26 06:16 AM EDT,$0.51,14
20260821,NPB-WIN-FG-01DIOHESTLSLVL0-SANS002,08/21/26 06:16 AM EDT,$0.49,14
20260821,NPB-WIN-FG-01DIOHESTLSLVL0-TOES000,08/21/26 06:16 AM EDT,$0.51,42
20260821,NPB-WIN-FG-01DIOHESTLSLVL0-SANS002,08/21/26 06:16 AM EDT,$0.49,42
20260821,KBO-TRUNS-FG-01DPACJGTNC5R90-GTE-P00155,08/21/26 06:16 AM EDT,$0.50,484
20260821,NPB-WIN-FG-01DIOHESTLSLVL0-TOES000,08/21/26 06:16 AM EDT,$0.51,57
20260821,NPB-WIN-FG-01DIOHESTLSLVL0-SANS002,08/21/26 06:16 AM EDT,$0.49,57
20260821,NPB-WIN-FG-01DIOHESTLSLVL0-TOES000,08/21/26 06:16 AM EDT,$0.51,8
20260821,NPB-WIN-FG-01DIOHESTLSLVL0-SANS002,08/21/26 06:16 AM EDT,$0.49,8
20260821,NPB-WIN-FG-01DIOHESTLSLVL0-SANS002,08/21/26 06:16 AM EDT,$0.49,10
20260821,NPB-WIN-FG-01DIOHESTLSLVL0-TOES000,08/21/26 06:16 AM EDT,$0.51,10
20260821,NPB-WIN-FG-01DIOHESTLSLVL0-TOES000,08/21/26 06:16 AM EDT,$0.51,90
20260821,NPB-WIN-FG-01DIOHESTLSLVL0-SANS002,08/21/26 06:16 AM EDT,$0.49,90
20260821,NPB-WIN-FG-01DIOHESTLSLVL0-TOES000,08/21/26 06:16 AM EDT,$0.51,10
20260821,NPB-WIN-FG-01DIOHESTLSLVL0-SANS002,08/21/26 06:16 AM EDT,$0.49,10
20260821,NPB-WIN-FG-01DIOHESTLSLVL0-TOES000,08/21/26 06:16 AM EDT,$0.51,90
20260821,NPB-WIN-FG-01DIOHESTLSLVL0-SANS002,08/21/26 06:16 AM EDT,$0.49,90
20260821,KBO-WIN-FG-01DPACJGTNC5R90-HAES000,08/21/26 06:17 AM EDT,$0.15,450
20260821,KBO-WIN-FG-01DPACJGTNC5R90-LGNS000,08/21/26 06:17 AM EDT,$0.85,450
20260821,KBO-WIN-FG-01DPACJGTNC5R90-LGNS000,08/21/26 06:17 AM EDT,$0.85,10
20260821,KBO-WIN-FG-01DPACJGTNC5R90-HAES000,08/21/26 06:17 AM EDT,$0.15,10
20260821,KBO-WIN-FG-01DPAFQKTNCEJLO-SSRS000,08/21/26 06:17 AM EDT,$0.65,100
20260821,KBO-MOVY-FG-01DPAFQKTNCEJLO-SSRS000-GTE-P00015,08/21/26 06:17 AM EDT,$0.47,45
20260821,NPB-WIN-FG-01DIOH81TLSLVN8-HARS001,08/21/26 06:17 AM EDT,$0.59,10
20260821,NPB-WIN-FG-01DIOH81TLSLVN8-YORS001,08/21/26 06:17 AM EDT,$0.41,10
20260821,NPB-WIN-FG-01DIOHESTLSLVL0-SANS002,08/21/26 06:17 AM EDT,$0.48,115
20260821,NPB-WIN-FG-01DIOHESTLSLVL0-TOES000,08/21/26 06:17 AM EDT,$0.52,115
20260821,KBO-TRUNS-FG-01DPACKPTNC5RV0-GTE-P00085,08/21/26 06:17 AM EDT,$0.44,17
20260821,NPB-WIN-FG-01DIOHESTLSLVL0-TOES000,08/21/26 06:17 AM EDT,$0.52,115
20260821,NPB-WIN-FG-01DIOHESTLSLVL0-SANS002,08/21/26 06:17 AM EDT,$0.48,115
20260821,NPB-WIN-FG-01DIOHESTLSLVL0-TOES000,08/21/26 06:17 AM EDT,$0.52,22
20260821,NPB-WIN-FG-01DIOHESTLSLVL0-SANS002,08/21/26 06:17 AM EDT,$0.48,22
20260821,NPB-WIN-FG-01DIOHESTLSLVL0-SANS002,08/21/26 06:17 AM EDT,$0.48,10
20260821,NPB-WIN-FG-01DIOHESTLSLVL0-TOES000,08/21/26 06:17 AM EDT,$0.52,10
20260821,NPB-WIN-FG-01DIOHESTLSLVL0-SANS002,08/21/26 06:17 AM EDT,$0.48,14
20260821,NPB-WIN-FG-01DIOHESTLSLVL0-SANS002,08/21/26 06:17 AM EDT,$0.48,86
20260821,NPB-WIN-FG-01DIOHESTLSLVL0-TOES000,08/21/26 06:17 AM EDT,$0.52,14
20260821,NPB-WIN-FG-01DIOHESTLSLVL0-TOES000,08/21/26 06:17 AM EDT,$0.52,86
20260821,NPB-WIN-FG-01DIOHESTLSLVL0-TOES000,08/21/26 06:17 AM EDT,$0.52,14
20260821,NPB-WIN-FG-01DIOHESTLSLVL0-SANS002,08/21/26 06:17 AM EDT,$0.48,14
20260821,NPB-WIN-FG-01DIOHESTLSLVL0-SANS002,08/21/26 06:17 AM EDT,$0.48,25
20260821,NPB-WIN-FG-01DIOHESTLSLVL0-TOES000,08/21/26 06:17 AM EDT,$0.52,25
20260821,NPB-WIN-FG-01DIOHESTLSLVL0-SANS002,08/21/26 06:17 AM EDT,$0.48,44
20260821,NPB-WIN-FG-01DIOHESTLSLVL0-TOES000,08/21/26 06:17 AM EDT,$0.52,44
20260821,NPB-WIN-FG-01DIOHESTLSLVL0-TOES000,08/21/26 06:17 AM EDT,$0.52,250
20260821,NPB-WIN-FG-01DIOHESTLSLVL0-SANS002,08/21/26 06:17 AM EDT,$0.48,250
20260821,NPB-WIN-FG-01DIOHESTLSLVL0-TOES000,08/21/26 06:17 AM EDT,$0.52,92
20260821,NPB-WIN-FG-01DIOHESTLSLVL0-SANS002,08/21/26 06:17 AM EDT,$0.48,92
20260821,NPB-WIN-FG-01DIOHESTLSLVL0-TOES000,08/21/26 06:17 AM EDT,$0.52,50
20260821,NPB-WIN-FG-01DIOHESTLSLVL0-SANS002,08/21/26 06:17 AM EDT,$0.48,50
20260821,NPB-WIN-FG-01DIOHESTLSLVL0-TOES000,08/21/26 06:17 AM EDT,$0.52,25
20260821,NPB-WIN-FG-01DIOHESTLSLVL0-SANS002,08/21/26 06:17 AM EDT,$0.48,25
20260821,NPB-WIN-FG-01DIOHESTLSLVL0-TOES000,08/21/26 06:17 AM EDT,$0.52,102
20260821,NPB-WIN-FG-01DIOHESTLSLVL0-SANS002,08/21/26 06:17 AM EDT,$0.48,102
20260821,NPB-WIN-FG-01DIOHESTLSLVL0-TOES000,08/21/26 06:17 AM EDT,$0.52,8
20260821,NPB-WIN-FG-01DIOHESTLSLVL0-SANS002,08/21/26 06:17 AM EDT,$0.48,8
20260821,NPB-WIN-FG-01DIOHESTLSLVL0-TOES000,08/21/26 06:17 AM EDT,$0.52,52
20260821,NPB-WIN-FG-01DIOHESTLSLVL0-SANS002,08/21/26 06:17 AM EDT,$0.48,52
20260821,NPB-WIN-FG-01DIOHESTLSLVL0-TOES000,08/21/26 06:17 AM EDT,$0.52,3
20260821,NPB-WIN-FG-01DIOHESTLSLVL0-SANS002,08/21/26 06:17 AM EDT,$0.48,3
20260821,NPB-WIN-FG-01DIOH81TLSLVN8-HARS001,08/21/26 06:17 AM EDT,$0.59,8
20260821,NPB-WIN-FG-01DIOH81TLSLVN8-YORS001,08/21/26 06:17 AM EDT,$0.41,8
20260821,NPB-WIN-FG-01DIOH81TLSLVN8-YORS001,08/21/26 06:17 AM EDT,$0.41,25
20260821,NPB-WIN-FG-01DIOH81TLSLVN8-HARS001,08/21/26 06:17 AM EDT,$0.59,25
20260821,NPB-WIN-FG-01DIOH81TLSLVN8-HARS001,08/21/26 06:17 AM EDT,$0.59,7
20260821,NPB-WIN-FG-01DIOH81TLSLVN8-HARS001,08/21/26 06:17 AM EDT,$0.59,118
20260821,NPB-WIN-FG-01DIOH81TLSLVN8-YORS001,08/21/26 06:17 AM EDT,$0.41,7
20260821,NPB-WIN-FG-01DIOH81TLSLVN8-YORS001,08/21/26 06:17 AM EDT,$0.41,118
20260821,NPB-WIN-FG-01DIOHESTLSLVL0-SANS002,08/21/26 06:17 AM EDT,$0.48,7
20260821,NPB-WIN-FG-01DIOHESTLSLVL0-TOES000,08/21/26 06:17 AM EDT,$0.52,7
20260821,NPB-WIN-FG-01DIOHESTLSLVL0-TOES000,08/21/26 06:17 AM EDT,$0.52,156
20260821,NPB-WIN-FG-01DIOHESTLSLVL0-SANS002,08/21/26 06:17 AM EDT,$0.48,156
20260821,NPB-WIN-FG-01DIOH81TLSLVN8-HARS001,08/21/26 06:17 AM EDT,$0.59,60
20260821,NPB-WIN-FG-01DIOH81TLSLVN8-YORS001,08/21/26 06:17 AM EDT,$0.41,60
20260821,NPB-WIN-FG-01DIOHESTLSLVL0-TOES000,08/21/26 06:17 AM EDT,$0.52,65
20260821,NPB-WIN-FG-01DIOHESTLSLVL0-SANS002,08/21/26 06:17 AM EDT,$0.48,65
20260821,NPB-WIN-FG-01DIOHESTLSLVL0-TOES000,08/21/26 06:17 AM EDT,$0.52,45
20260821,NPB-WIN-FG-01DIOHESTLSLVL0-SANS002,08/21/26 06:17 AM EDT,$0.48,45
20260821,NPB-WIN-FG-01DIOH81TLSLVN8-HARS001,08/21/26 06:17 AM EDT,$0.59,22
20260821,NPB-WIN-FG-01DIOH81TLSLVN8-YORS001,08/21/26 06:17 AM EDT,$0.41,22
20260821,NPB-WIN-FG-01DIOH81TLSLVN8-HARS001,08/21/26 06:17 AM EDT,$0.59,9
20260821,NPB-WIN-FG-01DIOH81TLSLVN8-YORS001,08/21/26 06:17 AM EDT,$0.41,9
20260821,KBO-MOVY-FG-01DPAFSVTNCEI30-DORS000-GTE-P00005,08/21/26 06:17 AM EDT,$0.51,17
20260821,KBO-WIN-FG-01DPAFQKTNCEJLO-KTON000,08/21/26 06:17 AM EDT,$0.33,1
20260821,NPB-TRUNS-FG-01DIOHFDTLSLUG8-GTE-P00065,08/21/26 06:17 AM EDT,$0.61,9
20260821,NPB-TRUNS-FG-01DIOHFDTLSLUG8-GTE-P00075,08/21/26 06:18 AM EDT,$0.39,9
20260821,KBO-WIN-FG-01DPACJGTNC5R90-LGNS000,08/21/26 06:18 AM EDT,$0.92,319
20260821,KBO-MOVY-FG-01DPACKPTNC5RV0-KIRS000-GTE-P00015,08/21/26 06:18 AM EDT,$0.46,32
20260821,NPB-WIN-FG-01DIOH81TLSLVN8-HARS001,08/21/26 06:18 AM EDT,$0.62,47
20260821,NPB-WIN-FG-01DIOHEATLSLV90-HORS000,08/21/26 06:19 AM EDT,$0.88,1
20260821,KBO-MOVY-FG-01DPACKPTNC5RV0-KIRS000-GTE-P00015,08/21/26 06:19 AM EDT,$0.51,16
20260821,KBO-MOVY-FG-01DPAFSVTNCEI30-LOTS001-GTE-P00005,08/21/26 06:20 AM EDT,$0.53,45
20260821,KBO-MOVY-FG-01DPACKPTNC5RV0-KIRS000-GTE-P00015,08/21/26 06:20 AM EDT,$0.51,32
20260821,KBO-WIN-FG-01DPACJGTNC5R90-HAES000,08/21/26 06:20 AM EDT,$0.06,20
20260821,KBO-WIN-FG-01DPACJGTNC5R90-HAES000,08/21/26 06:20 AM EDT,$0.06,30
20260821,NPB-TRUNS-FG-01DIOHFDTLSLUG8-GTE-P00065,08/21/26 06:20 AM EDT,$0.54,17
20260821,KBO-WIN-FG-01DPACJGTNC5R90-HAES000,08/21/26 06:20 AM EDT,$0.06,30
20260821,KBO-WIN-FG-01DPACJGTNC5R90-HAES000,08/21/26 06:20 AM EDT,$0.06,450
20260821,KBO-MOVY-FG-01DPAFSVTNCEI30-LOTS001-GTE-P00005,08/21/26 06:20 AM EDT,$0.41,45
20260821,NPB-TRUNS-FG-01DIOHFDTLSLUG8-GTE-P00035,08/21/26 06:21 AM EDT,$0.88,18
20260821,MLB-TRUNS-IT5-000696G0I4R92U8-GTE-P00025,08/21/26 06:21 AM EDT,$0.50,192
20260821,KBO-WIN-FG-01DPAFSVTNCEI30-DORS000,08/21/26 06:21 AM EDT,$0.53,118
20260821,NPB-MOVY-FG-01DIOH81TLSLVN8-HARS001-GTE-P00015,08/21/26 06:21 AM EDT,$0.45,21
20260821,NPB-TRUNS-FG-01DIOH98TLSLV90-GTE-P00045,08/21/26 06:21 AM EDT,$0.48,10
20260821,KBO-TRUNS-FG-01DPAFSVTNCEI30-GTE-P00065,08/21/26 06:21 AM EDT,$0.57,41
20260821,KBO-WIN-FG-01DPAFQKTNCEJLO-KTON000,08/21/26 06:21 AM EDT,$0.42,147
20260821,NPB-TRUNS-FG-01DIOH81TLSLVN8-GTE-P00075,08/21/26 06:21 AM EDT,$0.45,25
20260821,NPB-TRUNS-FG-01DIOHFDTLSLUG8-GTE-P00065,08/21/26 06:22 AM EDT,$0.52,714
20260821,NPB-WIN-FG-01DIOH81TLSLVN8-YORS001,08/21/26 06:22 AM EDT,$0.41,23
20260821,KBO-WIN-FG-01DPACLITNC5QPG-SANS000,08/21/26 06:24 AM EDT,$0.47,80
20260821,KBO-WIN-FG-01DPACLITNC5QPG-SANS000,08/21/26 06:24 AM EDT,$0.46,145
20260821,NPB-WIN-FG-01DIOHEATLSLV90-CHES000,08/21/26 06:24 AM EDT,$0.15,81
20260821,NPB-WIN-FG-01DIOHEATLSLV90-HORS000,08/21/26 06:24 AM EDT,$0.85,81
20260821,KBO-MOVY-FG-01DPACLITNC5QPG-SANS000-GTE-P00015,08/21/26 06:24 AM EDT,$0.48,16
20260821,KBO-WIN-FG-01DPACJGTNC5R90-HAES000,08/21/26 06:24 AM EDT,$0.08,7
20260821,NPB-WIN-FG-01DIOHEATLSLV90-CHES000,08/21/26 06:25 AM EDT,$0.14,5
20260821,KBO-WIN-FG-01DPAFSVTNCEI30-DORS000,08/21/26 06:25 AM EDT,$0.47,2000
20260821,KBO-WIN-FG-01DPAFSVTNCEI30-LOTS001,08/21/26 06:25 AM EDT,$0.53,2000
20260821,KBO-WIN-FG-01DPAFSVTNCEI30-DORS000,08/21/26 06:25 AM EDT,$0.47,128
20260821,NPB-TRUNS-FG-01DIOHFDTLSLUG8-GTE-P00065,08/21/26 06:25 AM EDT,$0.53,1
20260821,KBO-WIN-FG-01DPAFSVTNCEI30-DORS000,08/21/26 06:25 AM EDT,$0.47,50
20260821,KBO-WIN-FG-01DPAFSVTNCEI30-DORS000,08/21/26 06:25 AM EDT,$0.47,50
20260821,KBO-WIN-FG-01DPAFSVTNCEI30-LOTS001,08/21/26 06:25 AM EDT,$0.53,50
20260821,KBO-WIN-FG-01DPAFSVTNCEI30-LOTS001,08/21/26 06:25 AM EDT,$0.53,50
20260821,KBO-WIN-FG-01DPAFSVTNCEI30-DORS000,08/21/26 06:25 AM EDT,$0.47,40
20260821,KBO-WIN-FG-01DPAFSVTNCEI30-LOTS001,08/21/26 06:25 AM EDT,$0.53,28
20260821,KBO-TRUNS-FG-01DPACJGTNC5R90-GTE-P00155,08/21/26 06:25 AM EDT,$0.59,1
20260821,KBO-WIN-FG-01DPACJGTNC5R90-LGNS000,08/21/26 06:25 AM EDT,$0.95,46
20260821,KBO-TRUNS-FG-01DPACKPTNC5RV0-GTE-P00075,08/21/26 06:25 AM EDT,$0.54,178
20260821,NPB-WIN-FG-01DIOHEATLSLV90-HORS000,08/21/26 06:25 AM EDT,$0.86,100
20260821,NPB-WIN-FG-01DIOHEATLSLV90-CHES000,08/21/26 06:25 AM EDT,$0.14,100
20260821,NPB-WIN-FG-01DIOHEATLSLV90-HORS000,08/21/26 06:25 AM EDT,$0.83,3076
20260821,KBO-WIN-FG-01DPACLITNC5QPG-SANS000,08/21/26 06:26 AM EDT,$0.46,3
20260821,KBO-WIN-FG-01DPACLITNC5QPG-NCOS000,08/21/26 06:26 AM EDT,$0.53,3
20260821,KBO-WIN-FG-01DPAFSVTNCEI30-DORS000,08/21/26 06:26 AM EDT,$0.37,450
20260821,KBO-WIN-FG-01DPAFSVTNCEI30-LOTS001,08/21/26 06:26 AM EDT,$0.63,450
20260821,KBO-WIN-FG-01DPAFSVTNCEI30-LOTS001,08/21/26 06:26 AM EDT,$0.63,450
20260821,KBO-WIN-FG-01DPAFSVTNCEI30-DORS000,08/21/26 06:26 AM EDT,$0.37,450
20260821,KBO-WIN-FG-01DPAFSVTNCEI30-DORS000,08/21/26 06:26 AM EDT,$0.37,10
20260821,KBO-WIN-FG-01DPAFSVTNCEI30-LOTS001,08/21/26 06:26 AM EDT,$0.63,10
20260821,KBO-WIN-FG-01DPAFSVTNCEI30-LOTS001,08/21/26 06:26 AM EDT,$0.63,10
20260821,KBO-WIN-FG-01DPAFSVTNCEI30-DORS000,08/21/26 06:26 AM EDT,$0.37,10
20260821,KBO-WIN-FG-01DPAFSVTNCEI30-LOTS001,08/21/26 06:26 AM EDT,$0.63,10
20260821,KBO-WIN-FG-01DPAFSVTNCEI30-DORS000,08/21/26 06:26 AM EDT,$0.37,10
20260821,KBO-WIN-FG-01DPAFSVTNCEI30-LOTS001,08/21/26 06:26 AM EDT,$0.63,10
20260821,KBO-WIN-FG-01DPAFSVTNCEI30-DORS000,08/21/26 06:26 AM EDT,$0.37,10
20260821,KBO-WIN-FG-01DPAFSVTNCEI30-DORS000,08/21/26 06:26 AM EDT,$0.37,10
20260821,KBO-WIN-FG-01DPAFSVTNCEI30-LOTS001,08/21/26 06:26 AM EDT,$0.63,10
20260821,KBO-WIN-FG-01DPAFSVTNCEI30-LOTS001,08/21/26 06:26 AM EDT,$0.63,450
20260821,KBO-WIN-FG-01DPAFSVTNCEI30-DORS000,08/21/26 06:26 AM EDT,$0.37,450
20260821,KBO-WIN-FG-01DPAFSVTNCEI30-LOTS001,08/21/26 06:26 AM EDT,$0.63,63
20260821,KBO-WIN-FG-01DPAFSVTNCEI30-DORS000,08/21/26 06:26 AM EDT,$0.37,10
20260821,KBO-WIN-FG-01DPAFSVTNCEI30-LOTS001,08/21/26 06:26 AM EDT,$0.63,20
20260821,KBO-WIN-FG-01DPAFSVTNCEI30-LOTS001,08/21/26 06:26 AM EDT,$0.63,450
20260821,KBO-WIN-FG-01DPAFSVTNCEI30-LOTS001,08/21/26 06:26 AM EDT,$0.63,290
20260821,KBO-WIN-FG-01DPAFSVTNCEI30-LOTS001,08/21/26 06:26 AM EDT,$0.63,10
20260821,KBO-WIN-FG-01DPAFSVTNCEI30-LOTS001,08/21/26 06:26 AM EDT,$0.63,40
20260821,KBO-WIN-FG-01DPAFSVTNCEI30-LOTS001,08/21/26 06:26 AM EDT,$0.63,30
20260821,KBO-WIN-FG-01DPAFSVTNCEI30-LOTS001,08/21/26 06:26 AM EDT,$0.63,12
20260821,KBO-WIN-FG-01DPAFSVTNCEI30-LOTS001,08/21/26 06:26 AM EDT,$0.63,62
20260821,KBO-WIN-FG-01DPAFSVTNCEI30-LOTS001,08/21/26 06:26 AM EDT,$0.63,388
20260821,KBO-WIN-FG-01DPAFSVTNCEI30-LOTS001,08/21/26 06:26 AM EDT,$0.63,450
20260821,KBO-WIN-FG-01DPAFSVTNCEI30-LOTS001,08/21/26 06:26 AM EDT,$0.63,261
20260821,KBO-WIN-FG-01DPAFSVTNCEI30-LOTS001,08/21/26 06:26 AM EDT,$0.63,1
20260821,KBO-WIN-FG-01DPAFSVTNCEI30-LOTS001,08/21/26 06:26 AM EDT,$0.63,30
20260821,KBO-WIN-FG-01DPAFSVTNCEI30-LOTS001,08/21/26 06:26 AM EDT,$0.63,450
20260821,KBO-WIN-FG-01DPAFSVTNCEI30-LOTS001,08/21/26 06:26 AM EDT,$0.63,144
20260821,KBO-WIN-FG-01DPAFSVTNCEI30-LOTS001,08/21/26 06:26 AM EDT,$0.63,50
20260821,KBO-WIN-FG-01DPAFSVTNCEI30-LOTS001,08/21/26 06:26 AM EDT,$0.63,79
20260821,KBO-WIN-FG-01DPAFSVTNCEI30-LOTS001,08/21/26 06:26 AM EDT,$0.63,60
20260821,KBO-MOVY-FG-01DPACLITNC5QPG-SANS000-GTE-P00015,08/21/26 06:26 AM EDT,$0.48,16
20260821,KBO-WIN-FG-01DPACKPTNC5RV0-KIRS000,08/21/26 06:26 AM EDT,$0.59,245
20260821,NPB-TRUNS-FG-01DIOH98TLSLV90-GTE-P00035,08/21/26 06:26 AM EDT,$0.58,166
20260821,KBO-WIN-FG-01DPAFSVTNCEI30-DORS000,08/21/26 06:26 AM EDT,$0.37,190
20260821,KBO-WIN-FG-01DPAFSVTNCEI30-DORS000,08/21/26 06:26 AM EDT,$0.37,189
20260821,KBO-WIN-FG-01DPAFSVTNCEI30-DORS000,08/21/26 06:26 AM EDT,$0.37,9
20260821,KBO-WIN-FG-01DPAFSVTNCEI30-DORS000,08/21/26 06:26 AM EDT,$0.37,23
20260821,KBO-WIN-FG-01DPAFSVTNCEI30-DORS000,08/21/26 06:26 AM EDT,$0.37,450
20260821,KBO-WIN-FG-01DPAFSVTNCEI30-DORS000,08/21/26 06:26 AM EDT,$0.37,388
20260821,KBO-WIN-FG-01DPAFSVTNCEI30-DORS000,08/21/26 06:26 AM EDT,$0.37,23
20260821,KBO-WIN-FG-01DPAFSVTNCEI30-DORS000,08/21/26 06:26 AM EDT,$0.37,135
20260821,KBO-WIN-FG-01DPAFSVTNCEI30-DORS000,08/21/26 06:26 AM EDT,$0.37,315
20260821,KBO-WIN-FG-01DPAFQKTNCEJLO-SSRS000,08/21/26 06:27 AM EDT,$0.66,33
20260821,KBO-WIN-FG-01DPAFSVTNCEI30-DORS000,08/21/26 06:27 AM EDT,$0.40,120
20260821,KBO-WIN-FG-01DPAFSVTNCEI30-LOTS001,08/21/26 06:27 AM EDT,$0.59,240
20260821,KBO-WIN-FG-01DPAFSVTNCEI30-LOTS001,08/21/26 06:27 AM EDT,$0.59,50
20260821,KBO-WIN-FG-01DPAFSVTNCEI30-LOTS001,08/21/26 06:27 AM EDT,$0.59,50
20260821,KBO-WIN-FG-01DPAFSVTNCEI30-LOTS001,08/21/26 06:27 AM EDT,$0.59,10
20260821,KBO-WIN-FG-01DPAFSVTNCEI30-LOTS001,08/21/26 06:27 AM EDT,$0.59,10
20260821,KBO-WIN-FG-01DPAFSVTNCEI30-DORS000,08/21/26 06:27 AM EDT,$0.40,10
20260821,KBO-WIN-FG-01DPAFSVTNCEI30-LOTS001,08/21/26 06:27 AM EDT,$0.59,100
20260821,KBO-WIN-FG-01DPAFSVTNCEI30-DORS000,08/21/26 06:27 AM EDT,$0.40,10
20260821,KBO-WIN-FG-01DPAFSVTNCEI30-LOTS001,08/21/26 06:27 AM EDT,$0.59,10
20260821,KBO-WIN-FG-01DPAFSVTNCEI30-LOTS001,08/21/26 06:27 AM EDT,$0.59,10
20260821,KBO-MOVY-FG-01DPAFQKTNCEJLO-SSRS000-GTE-P00015,08/21/26 06:27 AM EDT,$0.44,5
20260821,KBO-WIN-FG-01DPAFSVTNCEI30-LOTS001,08/21/26 06:27 AM EDT,$0.59,40
20260821,KBO-WIN-FG-01DPAFSVTNCEI30-DORS000,08/21/26 06:27 AM EDT,$0.40,10
20260821,KBO-WIN-FG-01DPAFSVTNCEI30-LOTS001,08/21/26 06:27 AM EDT,$0.59,10
20260821,KBO-WIN-FG-01DPAFSVTNCEI30-LOTS001,08/21/26 06:27 AM EDT,$0.59,10
20260821,KBO-WIN-FG-01DPAFSVTNCEI30-LOTS001,08/21/26 06:27 AM EDT,$0.59,10
20260821,KBO-WIN-FG-01DPAFSVTNCEI30-LOTS001,08/21/26 06:27 AM EDT,$0.59,40
20260821,KBO-TRUNS-FG-01DPACJGTNC5R90-GTE-P00075,08/21/26 06:27 AM EDT,$0.99,3
20260821,NPB-WIN-FG-01DIOH81TLSLVN8-HARS001,08/21/26 06:27 AM EDT,$0.63,2
20260821,KBO-WIN-FG-01DPACLITNC5QPG-SANS000,08/21/26 06:27 AM EDT,$0.44,120
20260821,KBO-WIN-FG-01DPACLITNC5QPG-SANS000,08/21/26 06:27 AM EDT,$0.44,5
20260821,KBO-WIN-FG-01DPACLITNC5QPG-SANS000,08/21/26 06:27 AM EDT,$0.44,2
20260821,KBO-WIN-FG-01DPACLITNC5QPG-SANS000,08/21/26 06:27 AM EDT,$0.44,10
20260821,KBO-WIN-FG-01DPACLITNC5QPG-SANS000,08/21/26 06:27 AM EDT,$0.44,10
20260821,KBO-TRUNS-FG-01DPAFQKTNCEJLO-GTE-P00095,08/21/26 06:27 AM EDT,$0.46,178
20260821,NPB-WIN-FG-01DIOHESTLSLVL0-SANS002,08/21/26 06:27 AM EDT,$0.54,28
20260821,NPB-WIN-FG-01DIOH98TLSLV90-YOTS000,08/21/26 06:27 AM EDT,$0.77,1
20260821,NPB-MOVY-FG-01DIOHFDTLSLUG8-CHNS000-GTE-P00025,08/21/26 06:27 AM EDT,$0.63,225
20260821,KBO-WIN-FG-01DPACLITNC5QPG-SANS000,08/21/26 06:27 AM EDT,$0.43,40
20260821,NPB-WIN-FG-01DIOHEATLSLV90-HORS000,08/21/26 06:27 AM EDT,$0.85,100
20260821,NPB-WIN-FG-01DIOHEATLSLV90-CHES000,08/21/26 06:27 AM EDT,$0.15,100
20260821,NPB-WIN-FG-01DIOHEATLSLV90-CHES000,08/21/26 06:27 AM EDT,$0.15,8
20260821,NPB-WIN-FG-01DIOHEATLSLV90-HORS000,08/21/26 06:27 AM EDT,$0.85,8
20260821,KBO-WIN-FG-01DPACJGTNC5R90-HAES000,08/21/26 06:28 AM EDT,$0.06,20
20260821,NPB-TRUNS-FG-01DIOHFDTLSLUG8-GTE-P00095,08/21/26 06:28 AM EDT,$0.18,10
20260821,NPB-TRUNS-FG-01DIOHFDTLSLUG8-GTE-P00095,08/21/26 06:28 AM EDT,$0.18,10
20260821,NPB-TRUNS-FG-01DIOHFDTLSLUG8-GTE-P00095,08/21/26 06:28 AM EDT,$0.18,10
20260821,KBO-WIN-FG-01DPAFSVTNCEI30-LOTS001,08/21/26 06:28 AM EDT,$0.59,245
20260821,KBO-MOVY-FG-01DPAFQKTNCEJLO-SSRS000-GTE-P00015,08/21/26 06:28 AM EDT,$0.49,19
20260821,KBO-MOVY-FG-01DPAFSVTNCEI30-LOTS001-GTE-P00015,08/21/26 06:29 AM EDT,$0.47,10
20260821,NPB-MOVY-FG-01DIOH98TLSLV90-YOTS000-GTE-P00015,08/21/26 06:29 AM EDT,$0.45,156
20260821,NPB-WIN-FG-01DIOHEATLSLV90-HORS000,08/21/26 06:29 AM EDT,$0.83,6
20260821,NPB-WIN-FG-01DIOHEATLSLV90-CHES000,08/21/26 06:29 AM EDT,$0.17,6
20260821,NPB-WIN-FG-01DIOHESTLSLVL0-SANS002,08/21/26 06:29 AM EDT,$0.59,1
20260821,KBO-MOVY-FG-01DPACLITNC5QPG-NCOS000-GTE-P00015,08/21/26 06:29 AM EDT,$0.44,10
20260821,NPB-TRUNS-FG-01DIOH98TLSLV90-GTE-P00075,08/21/26 06:29 AM EDT,$0.13,10
20260821,NPB-TRUNS-FG-01DIOH98TLSLV90-GTE-P00075,08/21/26 06:29 AM EDT,$0.13,10
20260821,KBO-WIN-FG-01DPAFQKTNCEJLO-KTON000,08/21/26 06:30 AM EDT,$0.36,3
20260821,KBO-WIN-FG-01DPACKPTNC5RV0-KIES000,08/21/26 06:30 AM EDT,$0.31,15
20260821,KBO-WIN-FG-01DPAFQKTNCEJLO-SSRS000,08/21/26 06:30 AM EDT,$0.62,450
20260821,NPB-WIN-FG-01DIOHFDTLSLUG8-TOWS000,08/21/26 06:30 AM EDT,$0.09,500
20260821,MLB-TRUNS-I1-000696G0I4R92U8-GTE-P00015,08/21/26 06:31 AM EDT,$0.21,21
20260821,KBO-WIN-FG-01DPACJGTNC5R90-HAES000,08/21/26 06:31 AM EDT,$0.06,71
20260821,KBO-TRUNS-FG-01DPACLITNC5QPG-GTE-P00095,08/21/26 06:31 AM EDT,$0.42,361
20260821,NPB-MOVY-FG-01DIOHFDTLSLUG8-CHNS000-GTE-P00025,08/21/26 06:31 AM EDT,$0.72,3
20260821,KBO-MOVY-FG-01DPACKPTNC5RV0-KIRS000-GTE-P00015,08/21/26 06:32 AM EDT,$0.53,16
20260821,NPB-TRUNS-FG-01DIOH98TLSLV90-GTE-P00075,08/21/26 06:32 AM EDT,$0.12,16
20260821,NPB-TRUNS-FG-01DIOH98TLSLV90-GTE-P00095,08/21/26 06:32 AM EDT,$0.06,30
20260821,NPB-TRUNS-FG-01DIOH98TLSLV90-GTE-P00095,08/21/26 06:32 AM EDT,$0.06,30
20260821,NPB-TRUNS-FG-01DIOH98TLSLV90-GTE-P00075,08/21/26 06:32 AM EDT,$0.12,5
20260821,KBO-WIN-FG-01DPAFSVTNCEI30-DORS000,08/21/26 06:33 AM EDT,$0.46,58
20260821,NPB-WIN-FG-01DIOHFDTLSLUG8-CHNS000,08/21/26 06:33 AM EDT,$0.97,125
20260821,NPB-TRUNS-FG-01DIOH98TLSLV90-GTE-P00075,08/21/26 06:33 AM EDT,$0.11,4
20260821,NPB-TRUNS-FG-01DIOH81TLSLVN8-GTE-P00115,08/21/26 06:33 AM EDT,$0.11,12
20260821,KBO-WIN-FG-01DPACJGTNC5R90-HAES000,08/21/26 06:33 AM EDT,$0.06,8
20260821,KBO-WIN-FG-01DPACJGTNC5R90-LGNS000,08/21/26 06:33 AM EDT,$0.94,8
20260821,KBO-WIN-FG-01DPAFSVTNCEI30-DORS000,08/21/26 06:33 AM EDT,$0.43,450
20260821,NPB-TRUNS-FG-01DIOHFDTLSLUG8-GTE-P00095,08/21/26 06:33 AM EDT,$0.16,93
20260821,NPB-TRUNS-FG-01DIOH81TLSLVN8-GTE-P00115,08/21/26 06:33 AM EDT,$0.64,33
20260821,NPB-TRUNS-FG-01DIOHFDTLSLUG8-GTE-P00095,08/21/26 06:33 AM EDT,$0.16,50
20260821,NPB-TRUNS-FG-01DIOHEATLSLV90-GTE-P00075,08/21/26 06:34 AM EDT,$0.67,25
20260821,NPB-TRUNS-FG-01DIOHEATLSLV90-GTE-P00075,08/21/26 06:34 AM EDT,$0.67,38
20260821,MLB-MOVY-IT5-000FPUUOI541HG8-ARKS000-GTE-P00005,08/21/26 06:34 AM EDT,$0.51,11
20260821,KBO-WIN-FG-01DPACJGTNC5R90-LGNS000,08/21/26 06:34 AM EDT,$0.94,20
20260821,KBO-WIN-FG-01DPACJGTNC5R90-HAES000,08/21/26 06:34 AM EDT,$0.06,20
20260821,KBO-WIN-FG-01DPACJGTNC5R90-HAES000,08/21/26 06:34 AM EDT,$0.06,40
20260821,KBO-WIN-FG-01DPACJGTNC5R90-LGNS000,08/21/26 06:34 AM EDT,$0.94,40
20260821,KBO-WIN-FG-01DPACJGTNC5R90-LGNS000,08/21/26 06:34 AM EDT,$0.94,30
20260821,KBO-WIN-FG-01DPACJGTNC5R90-HAES000,08/21/26 06:34 AM EDT,$0.06,30
20260821,KBO-WIN-FG-01DPACJGTNC5R90-HAES000,08/21/26 06:34 AM EDT,$0.06,20
20260821,KBO-WIN-FG-01DPACJGTNC5R90-LGNS000,08/21/26 06:34 AM EDT,$0.94,20
20260821,KBO-WIN-FG-01DPACJGTNC5R90-LGNS000,08/21/26 06:34 AM EDT,$0.94,40
20260821,KBO-WIN-FG-01DPACJGTNC5R90-HAES000,08/21/26 06:34 AM EDT,$0.06,40
20260821,KBO-WIN-FG-01DPACJGTNC5R90-LGNS000,08/21/26 06:34 AM EDT,$0.94,20
20260821,KBO-WIN-FG-01DPACJGTNC5R90-HAES000,08/21/26 06:34 AM EDT,$0.06,20
20260821,NPB-TRUNS-FG-01DIOH98TLSLV90-GTE-P00075,08/21/26 06:34 AM EDT,$0.11,20
20260821,KBO-WIN-FG-01DPAFSVTNCEI30-DORS000,08/21/26 06:34 AM EDT,$0.45,280
20260821,KBO-WIN-FG-01DPAFSVTNCEI30-DORS000,08/21/26 06:34 AM EDT,$0.41,450
20260821,KBO-WIN-FG-01DPAFSVTNCEI30-DORS000,08/21/26 06:34 AM EDT,$0.41,450
20260821,KBO-WIN-FG-01DPAFSVTNCEI30-DORS000,08/21/26 06:34 AM EDT,$0.41,185
20260821,KBO-MOVY-FG-01DPAFQKTNCEJLO-SSRS000-GTE-P00015,08/21/26 06:34 AM EDT,$0.50,2
20260821,KBO-WIN-FG-01DPACLITNC5QPG-SANS000,08/21/26 06:34 AM EDT,$0.52,9
20260821,NPB-TRUNS-FG-01DIOH98TLSLV90-GTE-P00035,08/21/26 06:35 AM EDT,$0.42,500
20260821,KBO-WIN-FG-01DPACLITNC5QPG-NCOS000,08/21/26 06:35 AM EDT,$0.48,20
20260821,NPB-TRUNS-FG-01DIOH98TLSLV90-GTE-P00035,08/21/26 06:35 AM EDT,$0.50,193
20260821,NPB-TRUNS-FG-01DIOH98TLSLV90-GTE-P00035,08/21/26 06:35 AM EDT,$0.42,250
20260821,NPB-TRUNS-FG-01DIOH98TLSLV90-GTE-P00035,08/21/26 06:35 AM EDT,$0.42,166
20260821,NPB-TRUNS-FG-01DIOH98TLSLV90-GTE-P00095,08/21/26 06:35 AM EDT,$0.06,5
20260821,NPB-TRUNS-FG-01DIOHFDTLSLUG8-GTE-P00055,08/21/26 06:36 AM EDT,$0.58,333
20260821,NPB-TRUNS-FG-01DIOHEATLSLV90-GTE-P00115,08/21/26 06:36 AM EDT,$0.13,40
20260821,KBO-TRUNS-FG-01DPACJGTNC5R90-GTE-P00155,08/21/26 06:36 AM EDT,$0.60,29
20260821,KBO-TRUNS-FG-01DPACJGTNC5R90-GTE-P00155,08/21/26 06:36 AM EDT,$0.52,8
20260821,KBO-WIN-FG-01DPACKPTNC5RV0-KIES000,08/21/26 06:36 AM EDT,$0.35,13
20260821,NPB-TRUNS-FG-01DIOH98TLSLV90-GTE-P00035,08/21/26 06:36 AM EDT,$0.50,3
20260821,KBO-WIN-FG-01DPAFQKTNCEJLO-KTON000,08/21/26 06:37 AM EDT,$0.41,4
20260821,KBO-WIN-FG-01DPACLITNC5QPG-SANS000,08/21/26 06:37 AM EDT,$0.49,100
20260821,KBO-WIN-FG-01DPACLITNC5QPG-SANS000,08/21/26 06:37 AM EDT,$0.49,100
20260821,NPB-WIN-FG-01DIOH81TLSLVN8-YORS001,08/21/26 06:37 AM EDT,$0.27,61
20260821,NPB-MOVY-FG-01DIOH98TLSLV90-YOTS000-GTE-P00015,08/21/26 06:37 AM EDT,$0.39,24
20260821,KBO-WIN-FG-01DPACLITNC5QPG-NCOS000,08/21/26 06:37 AM EDT,$0.51,29
20260821,NPB-TRUNS-FG-01DIOH98TLSLV90-GTE-P00035,08/21/26 06:37 AM EDT,$0.42,500
20260821,KBO-WIN-FG-01DPACLITNC5QPG-SANS000,08/21/26 06:38 AM EDT,$0.46,342
20260821,KBO-WIN-FG-01DPACLITNC5QPG-SANS000,08/21/26 06:38 AM EDT,$0.46,12
20260821,KBO-WIN-FG-01DPAFQKTNCEJLO-KTON000,08/21/26 06:38 AM EDT,$0.41,100
20260821,KBO-WIN-FG-01DPACLITNC5QPG-SANS000,08/21/26 06:38 AM EDT,$0.46,450
20260821,NPB-TRUNS-FG-01DIOH81TLSLVN8-GTE-P00115,08/21/26 06:38 AM EDT,$0.12,2
20260821,KBO-WIN-FG-01DPAFQKTNCEJLO-KTON000,08/21/26 06:39 AM EDT,$0.41,13
20260821,NPB-WIN-FG-01DIOHESTLSLVL0-TOES000,08/21/26 06:39 AM EDT,$0.38,100
20260821,NPB-WIN-FG-01DIOHESTLSLVL0-SANS002,08/21/26 06:39 AM EDT,$0.62,100
20260821,KBO-WIN-FG-01DPACKPTNC5RV0-KIES000,08/21/26 06:39 AM EDT,$0.33,7
20260821,KBO-WIN-FG-01DPAFSVTNCEI30-DORS000,08/21/26 06:39 AM EDT,$0.49,18
20260821,KBO-WIN-FG-01DPACJGTNC5R90-HAES000,08/21/26 06:39 AM EDT,$0.06,71
20260821,KBO-WIN-FG-01DPAFSVTNCEI30-LOTS001,08/21/26 06:39 AM EDT,$0.51,266
20260821,KBO-WIN-FG-01DPACKPTNC5RV0-KIRS000,08/21/26 06:39 AM EDT,$0.69,70
20260821,KBO-WIN-FG-01DPACKPTNC5RV0-KIES000,08/21/26 06:39 AM EDT,$0.32,14
20260821,KBO-WIN-FG-01DPACLITNC5QPG-SANS000,08/21/26 06:39 AM EDT,$0.45,10
20260821,MLB-TRUNS-I1-000696G0I4R92U8-GTE-P00005,08/21/26 06:39 AM EDT,$0.41,2
20260821,KBO-TRUNS-FG-01DPACJGTNC5R90-GTE-P00075,08/21/26 06:40 AM EDT,$0.95,833
20260821,KBO-WIN-FG-01DPAFQKTNCEJLO-KTON000,08/21/26 06:40 AM EDT,$0.42,9
20260821,NPB-TRUNS-FG-01DIOH81TLSLVN8-GTE-P00115,08/21/26 06:40 AM EDT,$0.09,178
20260821,KBO-TRUNS-FG-01DPACLITNC5QPG-GTE-P00085,08/21/26 06:40 AM EDT,$0.42,8
20260821,KBO-TRUNS-FG-01DPACJGTNC5R90-GTE-P00155,08/21/26 06:40 AM EDT,$0.60,11
20260821,KBO-MOVY-FG-01DPACKPTNC5RV0-KIRS000-GTE-P00015,08/21/26 06:40 AM EDT,$0.54,10
20260821,KBO-WIN-FG-01DPAFQKTNCEJLO-KTON000,08/21/26 06:40 AM EDT,$0.39,100
20260821,KBO-WIN-FG-01DPAFQKTNCEJLO-KTON000,08/21/26 06:40 AM EDT,$0.39,12
20260821,KBO-WIN-FG-01DPACKPTNC5RV0-KIES000,08/21/26 06:40 AM EDT,$0.31,30
20260821,KBO-WIN-FG-01DPAFQKTNCEJLO-KTON000,08/21/26 06:41 AM EDT,$0.40,595
20260821,NPB-TRUNS-FG-01DIOHEATLSLV90-GTE-P00075,08/21/26 06:41 AM EDT,$0.23,75
20260821,NPB-TRUNS-FG-01DIOH81TLSLVN8-GTE-P00065,08/21/26 06:41 AM EDT,$0.45,1000
20260821,NPB-TRUNS-FG-01DIOHFDTLSLUG8-GTE-P00095,08/21/26 06:41 AM EDT,$0.13,75
20260821,NPB-WIN-FG-01DIOHEATLSLV90-CHES000,08/21/26 06:41 AM EDT,$0.14,58
20260821,NPB-WIN-FG-01DIOHFDTLSLUG8-TOWS000,08/21/26 06:41 AM EDT,$0.09,100
20260821,KBO-WIN-FG-01DPACJGTNC5R90-HAES000,08/21/26 06:41 AM EDT,$0.07,12
20260821,KBO-WIN-FG-01DPACLITNC5QPG-SANS000,08/21/26 06:41 AM EDT,$0.46,522
20260821,NPB-WIN-FG-01DIOH98TLSLV90-HIRP000,08/21/26 06:41 AM EDT,$0.20,4
20260821,KBO-WIN-FG-01DPACKPTNC5RV0-KIES000,08/21/26 06:41 AM EDT,$0.30,31
20260821,NPB-TRUNS-FG-01DIOH81TLSLVN8-GTE-P00115,08/21/26 06:41 AM EDT,$0.08,4
20260821,KBO-WIN-FG-01DPAFQKTNCEJLO-KTON000,08/21/26 06:41 AM EDT,$0.41,23
20260821,NPB-TRUNS-FG-01DIOH81TLSLVN8-GTE-P00065,08/21/26 06:42 AM EDT,$0.42,83
20260821,KBO-WIN-FG-01DPACKPTNC5RV0-KIES000,08/21/26 06:42 AM EDT,$0.30,12
20260821,KBO-WIN-FG-01DPACLITNC5QPG-SANS000,08/21/26 06:42 AM EDT,$0.42,20
20260821,KBO-TRUNS-FG-01DPACJGTNC5R90-GTE-P00155,08/21/26 06:42 AM EDT,$0.49,94
20260821,NPB-TRUNS-FG-01DIOHESTLSLVL0-GTE-P00095,08/21/26 06:42 AM EDT,$0.12,6
20260821,NPB-TRUNS-FG-01DIOHESTLSLVL0-GTE-P00075,08/21/26 06:42 AM EDT,$0.22,2
20260821,NPB-TRUNS-FG-01DIOHESTLSLVL0-GTE-P00075,08/21/26 06:42 AM EDT,$0.22,10
20260821,NPB-TRUNS-FG-01DIOHESTLSLVL0-GTE-P00075,08/21/26 06:42 AM EDT,$0.22,20
20260821,KBO-WIN-FG-01DPACLITNC5QPG-SANS000,08/21/26 06:42 AM EDT,$0.41,12
20260821,KBO-WIN-FG-01DPACLITNC5QPG-SANS000,08/21/26 06:42 AM EDT,$0.41,30
20260821,NPB-TRUNS-FG-01DIOHESTLSLVL0-GTE-P00075,08/21/26 06:42 AM EDT,$0.22,30
20260821,NPB-TRUNS-FG-01DIOH98TLSLV90-GTE-P00055,08/21/26 06:43 AM EDT,$0.18,10
20260821,NPB-TRUNS-FG-01DIOH98TLSLV90-GTE-P00055,08/21/26 06:43 AM EDT,$0.18,10
20260821,NPB-TRUNS-FG-01DIOH98TLSLV90-GTE-P00055,08/21/26 06:43 AM EDT,$0.18,10
20260821,KBO-WIN-FG-01DPAFQKTNCEJLO-KTON000,08/21/26 06:43 AM EDT,$0.46,100
20260821,KBO-WIN-FG-01DPAFQKTNCEJLO-SSRS000,08/21/26 06:43 AM EDT,$0.54,100
20260821,KBO-WIN-FG-01DPAFQKTNCEJLO-KTON000,08/21/26 06:43 AM EDT,$0.46,25
20260821,KBO-WIN-FG-01DPAFQKTNCEJLO-SSRS000,08/21/26 06:43 AM EDT,$0.54,25
20260821,KBO-WIN-FG-01DPAFQKTNCEJLO-KTON000,08/21/26 06:43 AM EDT,$0.49,450
20260821,KBO-WIN-FG-01DPAFQKTNCEJLO-SSRS000,08/21/26 06:43 AM EDT,$0.52,450
20260821,KBO-WIN-FG-01DPAFQKTNCEJLO-SSRS000,08/21/26 06:43 AM EDT,$0.52,145
20260821,KBO-WIN-FG-01DPAFQKTNCEJLO-SSRS000,08/21/26 06:43 AM EDT,$0.52,10
20260821,KBO-WIN-FG-01DPAFQKTNCEJLO-SSRS000,08/21/26 06:43 AM EDT,$0.52,450
20260821,KBO-WIN-FG-01DPAFQKTNCEJLO-KTON000,08/21/26 06:43 AM EDT,$0.49,450
20260821,KBO-WIN-FG-01DPAFQKTNCEJLO-SSRS000,08/21/26 06:43 AM EDT,$0.52,20
20260821,KBO-WIN-FG-01DPAFQKTNCEJLO-SSRS000,08/21/26 06:43 AM EDT,$0.52,100
20260821,KBO-WIN-FG-01DPAFQKTNCEJLO-SSRS000,08/21/26 06:43 AM EDT,$0.52,15
20260821,KBO-WIN-FG-01DPAFQKTNCEJLO-SSRS000,08/21/26 06:43 AM EDT,$0.52,65
20260821,NPB-TRUNS-FG-01DIOH81TLSLVN8-GTE-P00035,08/21/26 06:43 AM EDT,$0.92,53
20260821,NPB-TRUNS-FG-01DIOHEATLSLV90-GTE-P00115,08/21/26 06:43 AM EDT,$0.12,60
20260821,NPB-TRUNS-FG-01DIOHEATLSLV90-GTE-P00115,08/21/26 06:43 AM EDT,$0.12,80
20260821,NPB-TRUNS-FG-01DIOH98TLSLV90-GTE-P00055,08/21/26 06:43 AM EDT,$0.18,10
20260821,NPB-TRUNS-FG-01DIOH98TLSLV90-GTE-P00055,08/21/26 06:43 AM EDT,$0.18,20
20260821,NPB-TRUNS-FG-01DIOHFDTLSLUG8-GTE-P00095,08/21/26 06:44 AM EDT,$0.12,22
20260821,NPB-TRUNS-FG-01DIOHESTLSLVL0-GTE-P00095,08/21/26 06:44 AM EDT,$0.11,4
20260821,KBO-WIN-FG-01DPAFQKTNCEJLO-KTON000,08/21/26 06:44 AM EDT,$0.53,10
20260821,KBO-WIN-FG-01DPAFQKTNCEJLO-SSRS000,08/21/26 06:44 AM EDT,$0.47,10
20260821,KBO-WIN-FG-01DPAFQKTNCEJLO-KTON000,08/21/26 06:44 AM EDT,$0.53,90
20260821,KBO-WIN-FG-01DPAFQKTNCEJLO-SSRS000,08/21/26 06:44 AM EDT,$0.47,90
20260821,KBO-WIN-FG-01DPAFQKTNCEJLO-KTON000,08/21/26 06:44 AM EDT,$0.53,100
20260821,KBO-WIN-FG-01DPAFQKTNCEJLO-SSRS000,08/21/26 06:44 AM EDT,$0.47,100
20260821,KBO-WIN-FG-01DPAFQKTNCEJLO-KTON000,08/21/26 06:44 AM EDT,$0.53,450
20260821,KBO-WIN-FG-01DPAFQKTNCEJLO-SSRS000,08/21/26 06:44 AM EDT,$0.47,450
20260821,KBO-WIN-FG-01DPAFQKTNCEJLO-KTON000,08/21/26 06:44 AM EDT,$0.53,25
20260821,KBO-WIN-FG-01DPAFQKTNCEJLO-SSRS000,08/21/26 06:44 AM EDT,$0.47,25
20260821,KBO-WIN-FG-01DPAFQKTNCEJLO-SSRS000,08/21/26 06:44 AM EDT,$0.47,450
20260821,KBO-WIN-FG-01DPAFQKTNCEJLO-KTON000,08/21/26 06:44 AM EDT,$0.53,450
20260821,NPB-TRUNS-FG-01DIOH81TLSLVN8-GTE-P00115,08/21/26 06:45 AM EDT,$0.07,5
20260821,NPB-TRUNS-FG-01DIOH81TLSLVN8-GTE-P00115,08/21/26 06:45 AM EDT,$0.07,7
20260821,KBO-WIN-FG-01DPAFSVTNCEI30-DORS000,08/21/26 06:45 AM EDT,$0.52,1038
20260821,NPB-TRUNS-FG-01DIOH98TLSLV90-GTE-P00055,08/21/26 06:45 AM EDT,$0.19,30
20260821,NPB-TRUNS-FG-01DIOH98TLSLV90-GTE-P00075,08/21/26 06:45 AM EDT,$0.09,168
20260821,KBO-WIN-FG-01DPACKPTNC5RV0-KIRS000,08/21/26 06:46 AM EDT,$0.67,33
20260821,KBO-WIN-FG-01DPACLITNC5QPG-NCOS000,08/21/26 06:46 AM EDT,$0.57,91
20260821,NPB-TRUNS-FG-01DIOH81TLSLVN8-GTE-P00055,08/21/26 06:46 AM EDT,$0.61,7
20260821,KBO-WIN-FG-01DPACLITNC5QPG-SANS000,08/21/26 06:47 AM EDT,$0.45,106
20260821,KBO-TRUNS-FG-01DPACLITNC5QPG-GTE-P00085,08/21/26 06:47 AM EDT,$0.43,5
20260821,NPB-TRUNS-FG-01DIOH81TLSLVN8-GTE-P00055,08/21/26 06:47 AM EDT,$0.52,300
20260821,NPB-TRUNS-FG-01DIOHFDTLSLUG8-GTE-P00115,08/21/26 06:47 AM EDT,$0.04,200
20260821,NPB-TRUNS-FG-01DIOHFDTLSLUG8-GTE-P00115,08/21/26 06:47 AM EDT,$0.04,500
20260821,NPB-TRUNS-FG-01DIOHFDTLSLUG8-GTE-P00055,08/21/26 06:47 AM EDT,$0.49,9
20260821,NPB-TRUNS-FG-01DIOH98TLSLV90-GTE-P00075,08/21/26 06:47 AM EDT,$0.08,15
20260821,NPB-TRUNS-FG-01DIOH98TLSLV90-GTE-P00055,08/21/26 06:47 AM EDT,$0.18,35
20260821,NPB-TRUNS-FG-01DIOH98TLSLV90-GTE-P00055,08/21/26 06:47 AM EDT,$0.18,6
20260821,NPB-TRUNS-FG-01DIOHFDTLSLUG8-GTE-P00095,08/21/26 06:47 AM EDT,$0.11,4
20260821,NPB-TRUNS-FG-01DIOHFDTLSLUG8-GTE-P00115,08/21/26 06:48 AM EDT,$0.02,309
20260821,NPB-TRUNS-FG-01DIOH81TLSLVN8-GTE-P00055,08/21/26 06:48 AM EDT,$0.52,98
20260821,KBO-WIN-FG-01DPAFSVTNCEI30-DORS000,08/21/26 06:48 AM EDT,$0.52,24
20260821,KBO-WIN-FG-01DPACLITNC5QPG-SANS000,08/21/26 06:48 AM EDT,$0.37,82
20260821,KBO-WIN-FG-01DPACLITNC5QPG-NCOS000,08/21/26 06:48 AM EDT,$0.64,10
20260821,KBO-WIN-FG-01DPACLITNC5QPG-NCOS000,08/21/26 06:48 AM EDT,$0.64,10
20260821,KBO-WIN-FG-01DPACLITNC5QPG-NCOS000,08/21/26 06:48 AM EDT,$0.64,165
20260821,KBO-WIN-FG-01DPACLITNC5QPG-NCOS000,08/21/26 06:48 AM EDT,$0.64,285
20260821,KBO-WIN-FG-01DPACLITNC5QPG-NCOS000,08/21/26 06:48 AM EDT,$0.64,150
20260821,KBO-WIN-FG-01DPACLITNC5QPG-NCOS000,08/21/26 06:48 AM EDT,$0.64,10
20260821,KBO-WIN-FG-01DPAFQKTNCEJLO-SSRS000,08/21/26 06:48 AM EDT,$0.52,198
20260821,KBO-WIN-FG-01DPAFQKTNCEJLO-KTON000,08/21/26 06:48 AM EDT,$0.48,198
20260821,KBO-WIN-FG-01DPAFQKTNCEJLO-KTON000,08/21/26 06:48 AM EDT,$0.48,8
20260821,KBO-WIN-FG-01DPAFQKTNCEJLO-SSRS000,08/21/26 06:48 AM EDT,$0.52,8
20260821,KBO-WIN-FG-01DPAFQKTNCEJLO-KTON000,08/21/26 06:48 AM EDT,$0.48,80
20260821,KBO-WIN-FG-01DPAFQKTNCEJLO-SSRS000,08/21/26 06:48 AM EDT,$0.52,80
20260821,KBO-WIN-FG-01DPAFSVTNCEI30-LOTS001,08/21/26 06:48 AM EDT,$0.51,169
20260821,KBO-WIN-FG-01DPAFQKTNCEJLO-KTON000,08/21/26 06:49 AM EDT,$0.36,36
20260821,KBO-WIN-FG-01DPACLITNC5QPG-NCOS000,08/21/26 06:49 AM EDT,$0.64,434
20260821,KBO-WIN-FG-01DPAFQKTNCEJLO-KTON000,08/21/26 06:49 AM EDT,$0.36,25
20260821,KBO-WIN-FG-01DPAFQKTNCEJLO-KTON000,08/21/26 06:49 AM EDT,$0.36,10
20260821,KBO-TRUNS-FG-01DPACKPTNC5RV0-GTE-P00075,08/21/26 06:49 AM EDT,$0.47,500
20260821,KBO-TRUNS-FG-01DPACKPTNC5RV0-GTE-P00075,08/21/26 06:49 AM EDT,$0.47,10
20260821,KBO-WIN-FG-01DPAFSVTNCEI30-DORS000,08/21/26 06:49 AM EDT,$0.50,105
20260821,KBO-WIN-FG-01DPAFQKTNCEJLO-KTON000,08/21/26 06:49 AM EDT,$0.36,100
20260821,NPB-TRUNS-FG-01DIOHFDTLSLUG8-GTE-P00055,08/21/26 06:49 AM EDT,$0.44,21
20260821,NPB-TRUNS-FG-01DIOHFDTLSLUG8-GTE-P00095,08/21/26 06:49 AM EDT,$0.09,191
20260821,KBO-WIN-FG-01DPAFSVTNCEI30-DORS000,08/21/26 06:49 AM EDT,$0.51,2
20260821,KBO-WIN-FG-01DPAFQKTNCEJLO-KTON000,08/21/26 06:49 AM EDT,$0.38,450
20260821,KBO-WIN-FG-01DPAFQKTNCEJLO-KTON000,08/21/26 06:49 AM EDT,$0.38,10
20260821,KBO-WIN-FG-01DPAFQKTNCEJLO-KTON000,08/21/26 06:49 AM EDT,$0.38,88
20260821,KBO-WIN-FG-01DPAFQKTNCEJLO-KTON000,08/21/26 06:49 AM EDT,$0.38,100
20260821,NPB-WIN-FG-01DIOHESTLSLVL0-TOES000,08/21/26 06:50 AM EDT,$0.39,23
20260821,NPB-TRUNS-FG-01DIOHFDTLSLUG8-GTE-P00075,08/21/26 06:50 AM EDT,$0.12,86
20260821,NPB-WIN-FG-01DIOHFDTLSLUG8-TOWS000,08/21/26 06:50 AM EDT,$0.07,6
20260821,NPB-TRUNS-FG-01DIOHFDTLSLUG8-GTE-P00045,08/21/26 06:51 AM EDT,$0.62,45
20260821,KBO-WIN-FG-01DPACLITNC5QPG-SANS000,08/21/26 06:51 AM EDT,$0.26,437
20260821,KBO-WIN-FG-01DPACLITNC5QPG-SANS000,08/21/26 06:51 AM EDT,$0.26,25
20260821,KBO-WIN-FG-01DPACLITNC5QPG-SANS000,08/21/26 06:51 AM EDT,$0.28,4
20260821,KBO-WIN-FG-01DPACLITNC5QPG-SANS000,08/21/26 06:51 AM EDT,$0.28,4
20260821,KBO-WIN-FG-01DPACLITNC5QPG-SANS000,08/21/26 06:51 AM EDT,$0.28,19
20260821,KBO-WIN-FG-01DPACLITNC5QPG-SANS000,08/21/26 06:51 AM EDT,$0.28,25
20260821,KBO-WIN-FG-01DPACLITNC5QPG-SANS000,08/21/26 06:51 AM EDT,$0.29,6
20260821,NPB-TRUNS-FG-01DIOHEATLSLV90-GTE-P00095,08/21/26 06:51 AM EDT,$0.18,60
20260821,KBO-TRUNS-FG-01DPAFQKTNCEJLO-GTE-P00075,08/21/26 06:52 AM EDT,$0.50,384
20260821,KBO-TRUNS-FG-01DPACLITNC5QPG-GTE-P00095,08/21/26 06:52 AM EDT,$0.47,454
20260821,KBO-WIN-FG-01DPACLITNC5QPG-SANS000,08/21/26 06:52 AM EDT,$0.29,145
20260821,KBO-TRUNS-FG-01DPACJGTNC5R90-GTE-P00155,08/21/26 06:52 AM EDT,$0.42,45
20260821,NPB-TRUNS-FG-01DIOH98TLSLV90-GTE-P00075,08/21/26 06:53 AM EDT,$0.07,12
20260821,MLS-TGLS-FG-000A3T9GI7881N8-GTE-P00035,08/21/26 06:53 AM EDT,$0.47,20
20260821,KBO-MOVY-FG-01DPACKPTNC5RV0-KIRS000-GTE-P00015,08/21/26 06:53 AM EDT,$0.53,204
20260821,KBO-WIN-FG-01DPAFQKTNCEJLO-SSRS000,08/21/26 06:53 AM EDT,$0.61,7
20260821,NPB-TRUNS-FG-01DIOHFDTLSLUG8-GTE-P00075,08/21/26 06:53 AM EDT,$0.11,40
20260821,KBO-WIN-FG-01DPAFSVTNCEI30-LOTS001,08/21/26 06:53 AM EDT,$0.47,204
20260821,KBO-WIN-FG-01DPAFQKTNCEJLO-SSRS000,08/21/26 06:54 AM EDT,$0.61,15
20260821,KBO-WIN-FG-01DPACJGTNC5R90-HAES000,08/21/26 06:54 AM EDT,$0.05,11
20260821,KBO-WIN-FG-01DPACLITNC5QPG-NCOS000,08/21/26 06:54 AM EDT,$0.73,14
20260821,NPB-TRUNS-FG-01DIOHFDTLSLUG8-GTE-P00035,08/21/26 06:54 AM EDT,$0.82,9
20260821,KBO-WIN-FG-01DPAFSVTNCEI30-LOTS001,08/21/26 06:54 AM EDT,$0.47,1
20260821,NPB-WIN-FG-01DIOHEATLSLV90-CHES000,08/21/26 06:54 AM EDT,$0.18,100
20260821,NPB-WIN-FG-01DIOHEATLSLV90-HORS000,08/21/26 06:54 AM EDT,$0.82,100
20260821,KBO-TRUNS-FG-01DPACLITNC5QPG-GTE-P00095,08/21/26 06:54 AM EDT,$0.47,90
20260821,KBO-TRUNS-FG-01DPACLITNC5QPG-GTE-P00045,08/21/26 06:54 AM EDT,$0.90,45
20260821,NPB-WIN-FG-01DIOHEATLSLV90-HORS000,08/21/26 06:54 AM EDT,$0.82,40
20260821,NPB-WIN-FG-01DIOHEATLSLV90-CHES000,08/21/26 06:54 AM EDT,$0.18,40
20260821,NPB-TRUNS-FG-01DIOHFDTLSLUG8-GTE-P00095,08/21/26 06:55 AM EDT,$0.08,9
20260821,KBO-WIN-FG-01DPAFSVTNCEI30-DORS000,08/21/26 06:55 AM EDT,$0.54,10
20260821,NPB-WIN-FG-01DIOHESTLSLVL0-TOES000,08/21/26 06:55 AM EDT,$0.34,10
20260821,KBO-WIN-FG-01DPAFSVTNCEI30-LOTS001,08/21/26 06:55 AM EDT,$0.47,6
20260821,NPB-WIN-FG-01DIOHESTLSLVL0-SANS002,08/21/26 06:55 AM EDT,$0.65,10
20260821,NPB-WIN-FG-01DIOHESTLSLVL0-SANS002,08/21/26 06:56 AM EDT,$0.65,1
20260821,NPB-WIN-FG-01DIOHESTLSLVL0-TOES000,08/21/26 06:56 AM EDT,$0.34,10
20260821,NPB-WIN-FG-01DIOHESTLSLVL0-SANS002,08/21/26 06:56 AM EDT,$0.65,10
20260821,NPB-WIN-FG-01DIOHESTLSLVL0-TOES000,08/21/26 06:56 AM EDT,$0.34,10
20260821,NPB-WIN-FG-01DIOHEATLSLV90-CHES000,08/21/26 06:56 AM EDT,$0.18,4
20260821,NPB-WIN-FG-01DIOHEATLSLV90-HORS000,08/21/26 06:56 AM EDT,$0.82,4
20260821,NPB-WIN-FG-01DIOHEATLSLV90-CHES000,08/21/26 06:56 AM EDT,$0.18,2
20260821,NPB-WIN-FG-01DIOHEATLSLV90-HORS000,08/21/26 06:56 AM EDT,$0.82,2
20260821,NPB-WIN-FG-01DIOHESTLSLVL0-TOES000,08/21/26 06:56 AM EDT,$0.34,10
20260821,NPB-WIN-FG-01DIOHESTLSLVL0-TOES000,08/21/26 06:56 AM EDT,$0.34,10
20260821,KBO-WIN-FG-01DPAFSVTNCEI30-DORS000,08/21/26 06:56 AM EDT,$0.54,35
20260821,KBO-TRUNS-FG-01DPACLITNC5QPG-GTE-P00105,08/21/26 06:56 AM EDT,$0.38,39
20260821,NPB-TRUNS-FG-01DIOH98TLSLV90-GTE-P00055,08/21/26 06:56 AM EDT,$0.14,38
20260821,NPB-TRUNS-FG-01DIOH98TLSLV90-GTE-P00055,08/21/26 06:56 AM EDT,$0.14,9
20260821,NPB-TRUNS-FG-01DIOH98TLSLV90-GTE-P00055,08/21/26 06:56 AM EDT,$0.14,5
20260821,NPB-WIN-FG-01DIOHEATLSLV90-HORS000,08/21/26 06:56 AM EDT,$0.83,200
20260821,NPB-WIN-FG-01DIOH81TLSLVN8-HARS001,08/21/26 06:56 AM EDT,$0.67,142
20260821,KBO-TRUNS-FG-01DPAFSVTNCEI30-GTE-P00075,08/21/26 06:57 AM EDT,$0.44,344
20260821,NPB-WIN-FG-01DIOHFDTLSLUG8-TOWS000,08/21/26 06:58 AM EDT,$0.05,250
20260821,NPB-TRUNS-FG-01DIOHFDTLSLUG8-GTE-P00065,08/21/26 06:58 AM EDT,$0.27,5
20260821,KBO-WIN-FG-01DPACLITNC5QPG-NCOS000,08/21/26 06:58 AM EDT,$0.70,1
20260821,KBO-WIN-FG-01DPACLITNC5QPG-SANS000,08/21/26 06:58 AM EDT,$0.30,1
20260821,KBO-WIN-FG-01DPAFQKTNCEJLO-KTON000,08/21/26 06:58 AM EDT,$0.51,85
20260821,KBO-WIN-FG-01DPAFSVTNCEI30-LOTS001,08/21/26 06:59 AM EDT,$0.50,38
20260821,KBO-TRUNS-FG-01DPAFQKTNCEJLO-GTE-P00095,08/21/26 06:59 AM EDT,$0.43,500
20260821,KBO-TRUNS-FG-01DPAFQKTNCEJLO-GTE-P00095,08/21/26 06:59 AM EDT,$0.43,954
20260821,KBO-WIN-FG-01DPAFQKTNCEJLO-KTON000,08/21/26 06:59 AM EDT,$0.49,30
20260821,KBO-TRUNS-FG-01DPAFSVTNCEI30-GTE-P00075,08/21/26 06:59 AM EDT,$0.44,8
20260821,NPB-WIN-FG-01DIOH98TLSLV90-YOTS000,08/21/26 06:59 AM EDT,$0.79,4
20260821,KBO-WIN-FG-01DPAFSVTNCEI30-LOTS001,08/21/26 06:59 AM EDT,$0.50,9
20260821,KBO-WIN-FG-01DPACLITNC5QPG-SANS000,08/21/26 06:59 AM EDT,$0.36,450
20260821,KBO-WIN-FG-01DPACLITNC5QPG-NCOS000,08/21/26 06:59 AM EDT,$0.64,450
20260821,KBO-WIN-FG-01DPACLITNC5QPG-SANS000,08/21/26 06:59 AM EDT,$0.36,450
20260821,KBO-WIN-FG-01DPACLITNC5QPG-SANS000,08/21/26 06:59 AM EDT,$0.36,450
20260821,KBO-WIN-FG-01DPACLITNC5QPG-SANS000,08/21/26 06:59 AM EDT,$0.36,212
20260821,KBO-WIN-FG-01DPACLITNC5QPG-NCOS000,08/21/26 06:59 AM EDT,$0.64,130
20260821,KBO-WIN-FG-01DPACLITNC5QPG-NCOS000,08/21/26 06:59 AM EDT,$0.64,160
20260821,KBO-WIN-FG-01DPACLITNC5QPG-NCOS000,08/21/26 06:59 AM EDT,$0.64,450
20260821,KBO-WIN-FG-01DPACLITNC5QPG-NCOS000,08/21/26 06:59 AM EDT,$0.64,372
20260821,KBO-WIN-FG-01DPAFQKTNCEJLO-KTON000,08/21/26 06:59 AM EDT,$0.50,9
20260821,NPB-WIN-FG-01DIOHEATLSLV90-HORS000,08/21/26 07:00 AM EDT,$0.80,4
20260821,KBO-WIN-FG-01DPAFSVTNCEI30-DORS000,08/21/26 07:00 AM EDT,$0.51,10
20260821,NPB-TRUNS-FG-01DIOHFDTLSLUG8-GTE-P00035,08/21/26 07:00 AM EDT,$0.76,9
20260821,KBO-WIN-FG-01DPAFSVTNCEI30-LOTS001,08/21/26 07:00 AM EDT,$0.51,83
20260821,KBO-WIN-FG-01DPACJGTNC5R90-HAES000,08/21/26 07:00 AM EDT,$0.02,12
20260821,KBO-WIN-FG-01DPACJGTNC5R90-HAES000,08/21/26 07:00 AM EDT,$0.02,8
20260821,KBO-TRUNS-FG-01DPAFQKTNCEJLO-GTE-P00085,08/21/26 07:00 AM EDT,$0.49,13
20260821,KBO-WIN-FG-01DPAFSVTNCEI30-DORS000,08/21/26 07:00 AM EDT,$0.49,50
20260821,KBO-WIN-FG-01DPACJGTNC5R90-LGNS000,08/21/26 07:01 AM EDT,$0.98,4000
20260821,NPB-WIN-FG-01DIOH81TLSLVN8-HARS001,08/21/26 07:01 AM EDT,$0.62,78
20260821,KBO-MOVY-FG-01DPAFQKTNCEJLO-SSRS000-GTE-P00015,08/21/26 07:01 AM EDT,$0.34,45
20260821,NPB-TRUNS-FG-01DIOHESTLSLVL0-GTE-P00095,08/21/26 07:01 AM EDT,$0.08,199
20260821,NPB-TRUNS-FG-01DIOHESTLSLVL0-GTE-P00075,08/21/26 07:01 AM EDT,$0.16,16
20260821,NPB-WIN-FG-01DIOH98TLSLV90-HIRP000,08/21/26 07:01 AM EDT,$0.16,58
20260821,NPB-WIN-FG-01DIOHFDTLSLUG8-TOWS000,08/21/26 07:01 AM EDT,$0.04,26
20260821,KBO-WIN-FG-01DPAFQKTNCEJLO-KTON000,08/21/26 07:02 AM EDT,$0.46,45
20260821,KBO-MOVY-FG-01DPACKPTNC5RV0-KIRS000-GTE-P00015,08/21/26 07:02 AM EDT,$0.46,35
20260821,KBO-WIN-FG-01DPAFSVTNCEI30-LOTS001,08/21/26 07:02 AM EDT,$0.50,114
20260821,NPB-TRUNS-FG-01DIOH81TLSLVN8-GTE-P00095,08/21/26 07:02 AM EDT,$0.11,10
20260821,NPB-TRUNS-FG-01DIOH81TLSLVN8-GTE-P00095,08/21/26 07:02 AM EDT,$0.11,10
20260821,KBO-TRUNS-FG-01DPACJGTNC5R90-GTE-P00155,08/21/26 07:02 AM EDT,$0.78,1
20260821,KBO-TRUNS-FG-01DPACKPTNC5RV0-GTE-P00055,08/21/26 07:02 AM EDT,$0.55,31
20260821,KBO-WIN-FG-01DPACKPTNC5RV0-KIES000,08/21/26 07:03 AM EDT,$0.35,82
20260821,NPB-WIN-FG-01DIOH81TLSLVN8-HARS001,08/21/26 07:03 AM EDT,$0.67,54
20260821,KBO-TRUNS-FG-01DPACKPTNC5RV0-GTE-P00065,08/21/26 07:03 AM EDT,$0.45,526
20260821,KBO-WIN-FG-01DPACLITNC5QPG-SANS000,08/21/26 07:03 AM EDT,$0.22,77
20260821,KBO-WIN-FG-01DPACLITNC5QPG-SANS000,08/21/26 07:03 AM EDT,$0.22,6
20260821,KBO-WIN-FG-01DPACLITNC5QPG-SANS000,08/21/26 07:03 AM EDT,$0.22,17
20260821,KBO-WIN-FG-01DPACLITNC5QPG-SANS000,08/21/26 07:03 AM EDT,$0.22,25
20260821,KBO-WIN-FG-01DPACLITNC5QPG-SANS000,08/21/26 07:03 AM EDT,$0.22,3
20260821,KBO-WIN-FG-01DPACLITNC5QPG-SANS000,08/21/26 07:03 AM EDT,$0.22,7
20260821,KBO-WIN-FG-01DPACLITNC5QPG-SANS000,08/21/26 07:03 AM EDT,$0.22,17
20260821,KBO-WIN-FG-01DPACLITNC5QPG-SANS000,08/21/26 07:03 AM EDT,$0.22,25
20260821,KBO-WIN-FG-01DPACLITNC5QPG-SANS000,08/21/26 07:03 AM EDT,$0.22,7
20260821,KBO-WIN-FG-01DPACLITNC5QPG-SANS000,08/21/26 07:03 AM EDT,$0.22,17
20260821,KBO-WIN-FG-01DPACLITNC5QPG-SANS000,08/21/26 07:03 AM EDT,$0.22,25
20260821,KBO-WIN-FG-01DPACLITNC5QPG-SANS000,08/21/26 07:03 AM EDT,$0.22,17
20260821,KBO-WIN-FG-01DPACLITNC5QPG-SANS000,08/21/26 07:03 AM EDT,$0.22,25
20260821,KBO-WIN-FG-01DPACLITNC5QPG-SANS000,08/21/26 07:03 AM EDT,$0.22,4
20260821,KBO-WIN-FG-01DPACLITNC5QPG-SANS000,08/21/26 07:03 AM EDT,$0.22,17
20260821,KBO-WIN-FG-01DPACLITNC5QPG-SANS000,08/21/26 07:03 AM EDT,$0.22,25
20260821,KBO-WIN-FG-01DPACLITNC5QPG-SANS000,08/21/26 07:03 AM EDT,$0.22,3
20260821,KBO-WIN-FG-01DPACLITNC5QPG-SANS000,08/21/26 07:03 AM EDT,$0.22,10
20260821,KBO-WIN-FG-01DPACLITNC5QPG-SANS000,08/21/26 07:03 AM EDT,$0.22,17
20260821,KBO-WIN-FG-01DPACLITNC5QPG-SANS000,08/21/26 07:03 AM EDT,$0.22,25
20260821,KBO-WIN-FG-01DPACLITNC5QPG-SANS000,08/21/26 07:03 AM EDT,$0.22,40
20260821,KBO-WIN-FG-01DPACLITNC5QPG-SANS000,08/21/26 07:03 AM EDT,$0.22,18
20260821,KBO-WIN-FG-01DPACLITNC5QPG-SANS000,08/21/26 07:03 AM EDT,$0.22,3
20260821,KBO-WIN-FG-01DPACLITNC5QPG-SANS000,08/21/26 07:03 AM EDT,$0.22,15
20260821,KBO-WIN-FG-01DPAFQKTNCEJLO-KTON000,08/21/26 07:03 AM EDT,$0.44,1
20260821,KBO-WIN-FG-01DPAFSVTNCEI30-DORS000,08/21/26 07:03 AM EDT,$0.52,18
20260821,KBO-WIN-FG-01DPAFQKTNCEJLO-KTON000,08/21/26 07:03 AM EDT,$0.44,108
20260821,NPB-WIN-FG-01DIOHESTLSLVL0-SANS002,08/21/26 07:04 AM EDT,$0.64,87
20260821,KBO-WIN-FG-01DPAFQKTNCEJLO-KTON000,08/21/26 07:04 AM EDT,$0.42,1
20260821,NPB-TRUNS-FG-01DIOH81TLSLVN8-GTE-P00095,08/21/26 07:04 AM EDT,$0.10,18
20260821,NPB-TRUNS-FG-01DIOH81TLSLVN8-GTE-P00095,08/21/26 07:04 AM EDT,$0.10,5
20260821,LIGAMX-MOVY-FG-01O38BN3VVTN6IO-CLON010-GTE-P00025,08/21/26 07:04 AM EDT,$0.03,11
20260821,NPB-WIN-FG-01DIOHFDTLSLUG8-TOWS000,08/21/26 07:04 AM EDT,$0.07,250
20260821,KBO-WIN-FG-01DPAFQKTNCEJLO-KTON000,08/21/26 07:04 AM EDT,$0.45,63
20260821,NPB-WIN-FG-01DIOH98TLSLV90-HIRP000,08/21/26 07:04 AM EDT,$0.13,250
20260821,NPB-TRUNS-FG-01DIOHFDTLSLUG8-GTE-P00095,08/21/26 07:04 AM EDT,$0.07,5
20260821,NPB-WIN-FG-01DIOHESTLSLVL0-SANS002,08/21/26 07:05 AM EDT,$0.60,1
20260821,NPB-WIN-FG-01DIOHEATLSLV90-CHES000,08/21/26 07:05 AM EDT,$0.16,111
20260821,NPB-WIN-FG-01DIOHEATLSLV90-HORS000,08/21/26 07:05 AM EDT,$0.84,111
20260821,NPB-WIN-FG-01DIOHEATLSLV90-CHES000,08/21/26 07:05 AM EDT,$0.16,50
20260821,NPB-WIN-FG-01DIOHEATLSLV90-HORS000,08/21/26 07:05 AM EDT,$0.84,50
20260821,KBO-MOVY-FG-01DPACLITNC5QPG-NCOS000-GTE-P00025,08/21/26 07:05 AM EDT,$0.48,50
20260821,NPB-TRUNS-FG-01DIOH81TLSLVN8-GTE-P00095,08/21/26 07:06 AM EDT,$0.10,110
20260821,NPB-TRUNS-FG-01DIOH81TLSLVN8-GTE-P00095,08/21/26 07:06 AM EDT,$0.10,100
20260821,NPB-WIN-FG-01DIOHEATLSLV90-CHES000,08/21/26 07:07 AM EDT,$0.27,1
20260821,KBO-TRUNS-FG-01DPAFSVTNCEI30-GTE-P00075,08/21/26 07:07 AM EDT,$0.48,6
20260821,KBO-WIN-FG-01DPAFQKTNCEJLO-SSRS000,08/21/26 07:08 AM EDT,$0.51,320
20260821,NPB-TRUNS-FG-01DIOH81TLSLVN8-GTE-P00055,08/21/26 07:08 AM EDT,$0.38,105
20260821,KBO-TRUNS-FG-01DPACKPTNC5RV0-GTE-P00055,08/21/26 07:08 AM EDT,$0.54,8
20260821,FRIENDLYCLUB-DWIN-FG-02HIF8PCOKI3JP8-POOS002,08/21/26 07:08 AM EDT,$0.38,15
20260821,NPB-TRUNS-FG-01DIOH81TLSLVN8-GTE-P00115,08/21/26 07:08 AM EDT,$0.06,6
20260821,KBO-WIN-FG-01DPAFSVTNCEI30-LOTS001,08/21/26 07:08 AM EDT,$0.52,1
20260821,KBO-MOVY-FG-01DPACLITNC5QPG-NCOS000-GTE-P00025,08/21/26 07:08 AM EDT,$0.41,272
20260821,FRIENDLYCLUB-DWIN-FG-02HIF8PCOKI3JP8-ZEED002,08/21/26 07:09 AM EDT,$0.38,9
20260821,KBO-TRUNS-FG-01DPACKPTNC5RV0-GTE-P00055,08/21/26 07:09 AM EDT,$0.50,106
20260821,KBO-WIN-FG-01DPACLITNC5QPG-NCOS000,08/21/26 07:09 AM EDT,$0.78,1
20260821,NPB-WIN-FG-01DIOH98TLSLV90-HIRP000,08/21/26 07:09 AM EDT,$0.16,58
20260821,KBO-TRUNS-FG-01DPAFQKTNCEJLO-GTE-P00105,08/21/26 07:09 AM EDT,$0.19,8
20260821,KBO-TRUNS-FG-01DPAFSVTNCEI30-GTE-P00075,08/21/26 07:09 AM EDT,$0.44,165
20260821,NPB-WIN-FG-01DIOHFDTLSLUG8-TOWS000,08/21/26 07:09 AM EDT,$0.13,25
20260821,KBO-TRUNS-FG-01DPAFSVTNCEI30-GTE-P00035,08/21/26 07:09 AM EDT,$0.85,118
20260821,KBO-WIN-FG-01DPACJGTNC5R90-HAES000,08/21/26 07:09 AM EDT,$0.03,500
20260821,KBO-WIN-FG-01DPACJGTNC5R90-HAES000,08/21/26 07:09 AM EDT,$0.03,1500
20260821,KBO-WIN-FG-01DPACJGTNC5R90-HAES000,08/21/26 07:10 AM EDT,$0.03,500
20260821,KBO-WIN-FG-01DPACJGTNC5R90-HAES000,08/21/26 07:10 AM EDT,$0.03,1500
20260821,KBO-WIN-FG-01DPACJGTNC5R90-HAES000,08/21/26 07:10 AM EDT,$0.03,187
20260821,KBO-TRUNS-FG-01DPAFQKTNCEJLO-GTE-P00075,08/21/26 07:10 AM EDT,$0.45,17
20260821,NPB-TRUNS-FG-01DIOH81TLSLVN8-GTE-P00115,08/21/26 07:10 AM EDT,$0.05,36
20260821,KBO-TRUNS-FG-01DPACLITNC5QPG-GTE-P00085,08/21/26 07:10 AM EDT,$0.56,10
20260821,KBO-WIN-FG-01DPACJGTNC5R90-LGNS000,08/21/26 07:10 AM EDT,$0.99,30
20260821,NPB-WIN-FG-01DIOH98TLSLV90-HIRP000,08/21/26 07:11 AM EDT,$0.16,294
20260821,KBO-TRUNS-FG-01DPAFQKTNCEJLO-GTE-P00075,08/21/26 07:11 AM EDT,$0.45,17
20260821,KBO-WIN-FG-01DPAFQKTNCEJLO-KTON000,08/21/26 07:11 AM EDT,$0.53,54
20260821,NPB-WIN-FG-01DIOHFDTLSLUG8-TOWS000,08/21/26 07:11 AM EDT,$0.14,3
20260821,KBO-WIN-FG-01DPACJGTNC5R90-LGNS000,08/21/26 07:12 AM EDT,$0.98,1
20260821,KBO-WIN-FG-01DPACJGTNC5R90-LGNS000,08/21/26 07:12 AM EDT,$0.98,500
20260821,KBO-WIN-FG-01DPACKPTNC5RV0-KIES000,08/21/26 07:12 AM EDT,$0.32,82
20260821,NPB-WIN-FG-01DIOHFDTLSLUG8-TOWS000,08/21/26 07:13 AM EDT,$0.12,76
20260821,MLS-MOVY-FG-000A3TFUI7881B8-LAFC019-GTE-P00015,08/21/26 07:13 AM EDT,$0.35,29
20260821,NPB-WIN-FG-01DIOHFDTLSLUG8-TOWS000,08/21/26 07:13 AM EDT,$0.12,384
20260821,NPB-WIN-FG-01DIOHFDTLSLUG8-TOWS000,08/21/26 07:13 AM EDT,$0.13,714
20260821,NPB-TRUNS-FG-01DIOHESTLSLVL0-GTE-P00075,08/21/26 07:14 AM EDT,$0.13,21
20260821,KBO-TRUNS-FG-01DPACKPTNC5RV0-GTE-P00055,08/21/26 07:14 AM EDT,$0.43,33
20260821,KBO-WIN-FG-01DPAFQKTNCEJLO-KTON000,08/21/26 07:14 AM EDT,$0.48,40
20260821,NPB-TRUNS-FG-01DIOHEATLSLV90-GTE-P00115,08/21/26 07:14 AM EDT,$0.08,305
20260821,NWSL-DWIN-FG-000FPQ0FI544HD8-SACW009,08/21/26 07:14 AM EDT,$0.48,10
20260821,FRIENDLYCLUB-DWIN-FG-02HIF8PCOKI3JP8-POOS002,08/21/26 07:14 AM EDT,$0.45,4
20260821,KBO-TRUNS-FG-01DPAFQKTNCEJLO-GTE-P00055,08/21/26 07:15 AM EDT,$0.64,13
20260821,FRIENDLYCLUB-DWIN-FG-02HIF8PCOKI3JP8-ZEED002,08/21/26 07:15 AM EDT,$0.29,7
20260821,NPB-MOVY-FG-01DIOHEATLSLV90-HORS000-GTE-P00025,08/21/26 07:15 AM EDT,$0.48,9
20260821,NPB-TRUNS-FG-01DIOHEATLSLV90-GTE-P00115,08/21/26 07:15 AM EDT,$0.07,5
20260821,KBO-TRUNS-FG-01DPAFQKTNCEJLO-GTE-P00045,08/21/26 07:15 AM EDT,$0.78,44
20260821,NPB-TRUNS-FG-01DIOHFDTLSLUG8-GTE-P00045,08/21/26 07:15 AM EDT,$0.63,1500
20260821,NPB-TRUNS-FG-01DIOH81TLSLVN8-GTE-P00095,08/21/26 07:15 AM EDT,$0.09,139
20260821,NPB-MOVY-FG-01DIOHFDTLSLUG8-CHNS000-GTE-P00025,08/21/26 07:15 AM EDT,$0.53,36
20260821,KBO-WIN-FG-01DPACLITNC5QPG-NCOS000,08/21/26 07:15 AM EDT,$0.77,253
20260821,KBO-WIN-FG-01DPAFQKTNCEJLO-KTON000,08/21/26 07:16 AM EDT,$0.45,21
20260821,NPB-TRUNS-FG-01DIOHFDTLSLUG8-GTE-P00065,08/21/26 07:16 AM EDT,$0.36,212
20260821,KBO-WIN-FG-01DPAFSVTNCEI30-LOTS001,08/21/26 07:16 AM EDT,$0.42,113
20260821,KBO-WIN-FG-01DPACJGTNC5R90-HAES000,08/21/26 07:17 AM EDT,$0.03,25
20260821,KBO-WIN-FG-01DPACKPTNC5RV0-KIRS000,08/21/26 07:18 AM EDT,$0.68,142
20260821,KBO-WIN-FG-01DPAFSVTNCEI30-LOTS001,08/21/26 07:18 AM EDT,$0.42,450
20260821,KBO-WIN-FG-01DPAFSVTNCEI30-LOTS001,08/21/26 07:18 AM EDT,$0.42,450
20260821,KBO-WIN-FG-01DPAFSVTNCEI30-LOTS001,08/21/26 07:18 AM EDT,$0.42,450
20260821,KBO-WIN-FG-01DPAFSVTNCEI30-LOTS001,08/21/26 07:18 AM EDT,$0.42,10
20260821,KBO-WIN-FG-01DPAFSVTNCEI30-LOTS001,08/21/26 07:18 AM EDT,$0.42,160
20260821,KBO-WIN-FG-01DPAFSVTNCEI30-LOTS001,08/21/26 07:18 AM EDT,$0.42,10
20260821,KBO-WIN-FG-01DPAFSVTNCEI30-LOTS001,08/21/26 07:18 AM EDT,$0.42,14
20260821,KBO-WIN-FG-01DPAFSVTNCEI30-LOTS001,08/21/26 07:18 AM EDT,$0.42,8
20260821,KBO-WIN-FG-01DPAFSVTNCEI30-LOTS001,08/21/26 07:18 AM EDT,$0.42,16
20260821,KBO-WIN-FG-01DPAFSVTNCEI30-LOTS001,08/21/26 07:18 AM EDT,$0.42,9
20260821,KBO-WIN-FG-01DPAFSVTNCEI30-LOTS001,08/21/26 07:18 AM EDT,$0.42,100
20260821,KBO-WIN-FG-01DPAFSVTNCEI30-LOTS001,08/21/26 07:18 AM EDT,$0.42,53
20260821,KBO-WIN-FG-01DPAFSVTNCEI30-LOTS001,08/21/26 07:18 AM EDT,$0.42,47
20260821,KBO-MOVY-FG-01DPACKPTNC5RV0-KIRS000-GTE-P00015,08/21/26 07:18 AM EDT,$0.49,10
20260821,KBO-WIN-FG-01DPAFSVTNCEI30-LOTS001,08/21/26 07:18 AM EDT,$0.49,40
20260821,KBO-WIN-FG-01DPAFSVTNCEI30-LOTS001,08/21/26 07:18 AM EDT,$0.49,40
20260821,NPB-TRUNS-FG-01DIOHEATLSLV90-GTE-P00095,08/21/26 07:18 AM EDT,$0.12,46
20260821,NPB-TRUNS-FG-01DIOHEATLSLV90-GTE-P00095,08/21/26 07:18 AM EDT,$0.12,6
20260821,KBO-TRUNS-FG-01DPACKPTNC5RV0-GTE-P00055,08/21/26 07:18 AM EDT,$0.40,1
20260821,NPB-TRUNS-FG-01DIOH81TLSLVN8-GTE-P00095,08/21/26 07:18 AM EDT,$0.08,9
20260821,KBO-WIN-FG-01DPAFQKTNCEJLO-KTON000,08/21/26 07:18 AM EDT,$0.45,11
20260821,NPB-WIN-FG-01DIOH98TLSLV90-HIRP000,08/21/26 07:19 AM EDT,$0.17,5
20260821,LIGAMX-BTMSC-FG-00CBOUVGKS1OM6O-BINARY,08/21/26 07:19 AM EDT,$0.51,20
20260821,KBO-MOVY-FG-01DPACLITNC5QPG-NCOS000-GTE-P00025,08/21/26 07:19 AM EDT,$0.44,172
20260821,LIGAMX-BTMSC-FG-00CBOUVGKS1OM6O-BINARY,08/21/26 07:19 AM EDT,$0.52,20
20260821,LIGAMX-TGLS-FG-01O39C3PVVTH6E0-GTE-P00055,08/21/26 07:19 AM EDT,$0.02,10
20260821,KBO-WIN-FG-01DPAFQKTNCEJLO-KTON000,08/21/26 07:20 AM EDT,$0.45,132
20260821,KBO-WIN-FG-01DPAFSVTNCEI30-LOTS001,08/21/26 07:20 AM EDT,$0.52,18
20260821,KBO-WIN-FG-01DPAFQKTNCEJLO-SSRS000,08/21/26 07:20 AM EDT,$0.60,121
20260821,MLS-MOVY-FG-000A3TDNI7881UG-FCTI005-GTE-P00005,08/21/26 07:20 AM EDT,$0.56,34
20260821,NPB-WIN-FG-01DIOH81TLSLVN8-YORS001,08/21/26 07:20 AM EDT,$0.31,20
20260821,NPB-WIN-FG-01DIOH81TLSLVN8-YORS001,08/21/26 07:20 AM EDT,$0.31,97
20260821,NPB-WIN-FG-01DIOH81TLSLVN8-YORS001,08/21/26 07:20 AM EDT,$0.31,3
20260821,NPB-WIN-FG-01DIOH81TLSLVN8-HARS001,08/21/26 07:20 AM EDT,$0.70,70
20260821,NPB-WIN-FG-01DIOH81TLSLVN8-YORS001,08/21/26 07:20 AM EDT,$0.31,50
20260821,NPB-WIN-FG-01DIOH81TLSLVN8-HARS001,08/21/26 07:20 AM EDT,$0.70,100
20260821,NPB-WIN-FG-01DIOH81TLSLVN8-YORS001,08/21/26 07:20 AM EDT,$0.31,1
20260821,NPB-WIN-FG-01DIOH81TLSLVN8-YORS001,08/21/26 07:20 AM EDT,$0.31,12
20260821,NPB-WIN-FG-01DIOH81TLSLVN8-YORS001,08/21/26 07:20 AM EDT,$0.31,26
20260821,NPB-WIN-FG-01DIOH81TLSLVN8-YORS001,08/21/26 07:20 AM EDT,$0.31,61
20260821,NPB-WIN-FG-01DIOH81TLSLVN8-HARS001,08/21/26 07:20 AM EDT,$0.70,11
20260821,NPB-WIN-FG-01DIOH81TLSLVN8-YORS001,08/21/26 07:20 AM EDT,$0.31,28
20260821,NPB-WIN-FG-01DIOH81TLSLVN8-HARS001,08/21/26 07:20 AM EDT,$0.70,35
20260821,NPB-WIN-FG-01DIOH98TLSLV90-YOTS000,08/21/26 07:21 AM EDT,$0.91,10
20260821,NPB-WIN-FG-01DIOH98TLSLV90-HIRP000,08/21/26 07:21 AM EDT,$0.09,10
20260821,NPB-WIN-FG-01DIOHEATLSLV90-HORS000,08/21/26 07:21 AM EDT,$0.70,115
20260821,NPB-WIN-FG-01DIOHEATLSLV90-CHES000,08/21/26 07:21 AM EDT,$0.30,115
20260821,NPB-WIN-FG-01DIOH81TLSLVN8-HARS001,08/21/26 07:21 AM EDT,$0.73,212
20260821,NPB-WIN-FG-01DIOHEATLSLV90-CHES000,08/21/26 07:21 AM EDT,$0.30,100
20260821,NPB-WIN-FG-01DIOHEATLSLV90-HORS000,08/21/26 07:21 AM EDT,$0.70,100
20260821,NPB-TRUNS-FG-01DIOH81TLSLVN8-GTE-P00095,08/21/26 07:21 AM EDT,$0.07,5
20260821,NPB-TRUNS-FG-01DIOH81TLSLVN8-GTE-P00075,08/21/26 07:21 AM EDT,$0.15,10
20260821,NPB-WIN-FG-01DIOHFDTLSLUG8-TOWS000,08/21/26 07:22 AM EDT,$0.05,417
20260821,KBO-TRUNS-FG-01DPAFQKTNCEJLO-GTE-P00075,08/21/26 07:22 AM EDT,$0.44,1000
20260821,NPB-WIN-FG-01DIOHFDTLSLUG8-TOWS000,08/21/26 07:22 AM EDT,$0.05,83
20260821,NPB-WIN-FG-01DIOHFDTLSLUG8-TOWS000,08/21/26 07:22 AM EDT,$0.05,400
20260821,KBO-WIN-FG-01DPAFSVTNCEI30-DORS000,08/21/26 07:22 AM EDT,$0.50,49
20260821,NPB-WIN-FG-01DIOHFDTLSLUG8-TOWS000,08/21/26 07:22 AM EDT,$0.05,17
20260821,NPB-WIN-FG-01DIOHEATLSLV90-CHES000,08/21/26 07:22 AM EDT,$0.30,246
20260821,NPB-WIN-FG-01DIOHEATLSLV90-HORS000,08/21/26 07:22 AM EDT,$0.70,246
20260821,NPB-WIN-FG-01DIOHEATLSLV90-CHES000,08/21/26 07:22 AM EDT,$0.30,160
20260821,NPB-WIN-FG-01DIOHEATLSLV90-HORS000,08/21/26 07:22 AM EDT,$0.70,160
20260821,NPB-MOVY-FG-01DIOH81TLSLVN8-YORS001-GTE-P00025,08/21/26 07:22 AM EDT,$0.06,1
20260821,NPB-TRUNS-FG-01DIOHEATLSLV90-GTE-P00075,08/21/26 07:22 AM EDT,$0.48,68
20260821,LIGAMX-TGLS-FG-01O39C3PVVTH6E0-GTE-P00055,08/21/26 07:22 AM EDT,$0.10,10
20260821,NPB-WIN-FG-01DIOHFDTLSLUG8-TOWS000,08/21/26 07:22 AM EDT,$0.06,200
20260821,KBO-WIN-FG-01DPAFSVTNCEI30-LOTS001,08/21/26 07:22 AM EDT,$0.52,9
20260821,KBO-WIN-FG-01DPAFSVTNCEI30-DORS000,08/21/26 07:22 AM EDT,$0.50,416
20260821,NPB-TRUNS-FG-01DIOH81TLSLVN8-GTE-P00075,08/21/26 07:22 AM EDT,$0.14,20
20260821,KBO-WIN-FG-01DPAFQKTNCEJLO-KTON000,08/21/26 07:23 AM EDT,$0.43,295
20260821,NPB-WIN-FG-01DIOHEATLSLV90-CHES000,08/21/26 07:23 AM EDT,$0.29,107
20260821,KBO-MOVY-FG-01DPACLITNC5QPG-SANS000-GTE-P00015,08/21/26 07:23 AM EDT,$0.10,124
20260821,KBO-TRUNS-FG-01DPACLITNC5QPG-GTE-P00075,08/21/26 07:23 AM EDT,$0.55,87
20260821,KBO-WIN-FG-01DPAFQKTNCEJLO-SSRS000,08/21/26 07:23 AM EDT,$0.58,166
20260821,KBO-WIN-FG-01DPAFQKTNCEJLO-KTON000,08/21/26 07:23 AM EDT,$0.41,450
20260821,KBO-WIN-FG-01DPAFQKTNCEJLO-KTON000,08/21/26 07:24 AM EDT,$0.41,222
20260821,KBO-WIN-FG-01DPAFQKTNCEJLO-KTON000,08/21/26 07:24 AM EDT,$0.41,450
20260821,KBO-WIN-FG-01DPACLITNC5QPG-SANS000,08/21/26 07:24 AM EDT,$0.20,227
20260821,MLB-TRUNS-I1-000696G0I4R92U8-GTE-P00005,08/21/26 07:24 AM EDT,$0.33,3
20260821,NPB-WIN-FG-01DIOHFDTLSLUG8-TOWS000,08/21/26 07:24 AM EDT,$0.06,285
20260821,NPB-TRUNS-FG-01DIOHFDTLSLUG8-GTE-P00075,08/21/26 07:24 AM EDT,$0.11,5
20260821,NPB-WIN-FG-01DIOH98TLSLV90-HIRP000,08/21/26 07:24 AM EDT,$0.09,9
20260821,NPB-WIN-FG-01DIOHESTLSLVL0-TOES000,08/21/26 07:24 AM EDT,$0.37,20
20260821,KBO-WIN-FG-01DPAFSVTNCEI30-LOTS001,08/21/26 07:24 AM EDT,$0.49,450
20260821,KBO-WIN-FG-01DPAFSVTNCEI30-LOTS001,08/21/26 07:24 AM EDT,$0.49,30
20260821,KBO-WIN-FG-01DPAFSVTNCEI30-LOTS001,08/21/26 07:24 AM EDT,$0.49,450
20260821,KBO-WIN-FG-01DPAFSVTNCEI30-LOTS001,08/21/26 07:24 AM EDT,$0.49,30
20260821,KBO-WIN-FG-01DPAFSVTNCEI30-LOTS001,08/21/26 07:24 AM EDT,$0.49,450
20260821,KBO-WIN-FG-01DPAFSVTNCEI30-LOTS001,08/21/26 07:24 AM EDT,$0.49,50
20260821,KBO-WIN-FG-01DPAFSVTNCEI30-LOTS001,08/21/26 07:24 AM EDT,$0.49,50
20260821,KBO-WIN-FG-01DPAFSVTNCEI30-LOTS001,08/21/26 07:24 AM EDT,$0.49,50
20260821,KBO-WIN-FG-01DPAFSVTNCEI30-LOTS001,08/21/26 07:24 AM EDT,$0.49,30
20260821,KBO-WIN-FG-01DPAFSVTNCEI30-LOTS001,08/21/26 07:24 AM EDT,$0.49,30
20260821,KBO-WIN-FG-01DPAFSVTNCEI30-LOTS001,08/21/26 07:25 AM EDT,$0.49,10
20260821,KBO-WIN-FG-01DPAFSVTNCEI30-LOTS001,08/21/26 07:25 AM EDT,$0.49,90
20260821,KBO-WIN-FG-01DPAFQKTNCEJLO-KTON000,08/21/26 07:25 AM EDT,$0.43,133
20260821,NPB-WIN-FG-01DIOHEATLSLV90-HORS000,08/21/26 07:25 AM EDT,$0.76,320
20260821,KBO-WIN-FG-01DPAFQKTNCEJLO-KTON000,08/21/26 07:25 AM EDT,$0.42,10
20260821,KBO-WIN-FG-01DPAFQKTNCEJLO-SSRS000,08/21/26 07:25 AM EDT,$0.57,10
20260821,KBO-WIN-FG-01DPAFQKTNCEJLO-KTON000,08/21/26 07:25 AM EDT,$0.42,25
20260821,KBO-WIN-FG-01DPAFQKTNCEJLO-SSRS000,08/21/26 07:25 AM EDT,$0.57,25
20260821,KBO-WIN-FG-01DPAFQKTNCEJLO-KTON000,08/21/26 07:25 AM EDT,$0.42,10
20260821,KBO-WIN-FG-01DPAFQKTNCEJLO-SSRS000,08/21/26 07:25 AM EDT,$0.57,10
20260821,KBO-WIN-FG-01DPAFQKTNCEJLO-KTON000,08/21/26 07:25 AM EDT,$0.42,90
20260821,KBO-WIN-FG-01DPAFQKTNCEJLO-SSRS000,08/21/26 07:25 AM EDT,$0.57,90
20260821,KBO-WIN-FG-01DPAFQKTNCEJLO-KTON000,08/21/26 07:25 AM EDT,$0.42,40
20260821,KBO-TRUNS-FG-01DPAFSVTNCEI30-GTE-P00075,08/21/26 07:25 AM EDT,$0.30,1
20260821,KBO-TRUNS-FG-01DPACLITNC5QPG-GTE-P00095,08/21/26 07:26 AM EDT,$0.19,5
20260821,MLB-PHRR-FG-000FPUUOI541HG8-ELUZ001-GTE-P00045,08/21/26 07:26 AM EDT,$0.15,156
20260821,KBO-WIN-FG-01DPAFSVTNCEI30-LOTS001,08/21/26 07:26 AM EDT,$0.47,11
20260821,NPB-MOVY-FG-01DIOH98TLSLV90-HIRP000-GTE-P00025,08/21/26 07:26 AM EDT,$0.02,101
20260821,KBO-WIN-FG-01DPAFQKTNCEJLO-KTON000,08/21/26 07:26 AM EDT,$0.38,1
20260821,KBO-TRUNS-FG-01DPACKPTNC5RV0-GTE-P00045,08/21/26 07:26 AM EDT,$0.51,19
20260821,KBO-TRUNS-FG-01DPACKPTNC5RV0-GTE-P00035,08/21/26 07:27 AM EDT,$0.64,210
20260821,FRIENDLYCLUB-DWIN-FG-02HIF8PCOKI3JP8-POOS002,08/21/26 07:28 AM EDT,$0.46,20
20260821,FRIENDLYCLUB-DWIN-FG-02HIF8PCOKI3JP8-POOS002,08/21/26 07:28 AM EDT,$0.38,20
20260821,NPB-WIN-FG-01DIOHEATLSLV90-CHES000,08/21/26 07:28 AM EDT,$0.20,7
20260821,NPB-WIN-FG-01DIOHEATLSLV90-HORS000,08/21/26 07:28 AM EDT,$0.80,7
20260821,NPB-WIN-FG-01DIOHEATLSLV90-CHES000,08/21/26 07:28 AM EDT,$0.20,33
20260821,NPB-WIN-FG-01DIOHEATLSLV90-HORS000,08/21/26 07:28 AM EDT,$0.80,33
20260821,MLB-PHRR-FG-00069L89I4RE7OO-BECE001-GTE-P00095,08/21/26 07:28 AM EDT,$0.04,40
20260821,NPB-WIN-FG-01DIOH81TLSLVN8-YORS001,08/21/26 07:29 AM EDT,$0.26,2
20260821,MLB-PHRR-FG-00069L89I4RE7OO-BECE001-GTE-P00095,08/21/26 07:29 AM EDT,$0.04,40
20260821,NPB-WIN-FG-01DIOHEATLSLV90-CHES000,08/21/26 07:29 AM EDT,$0.20,107
20260821,MLB-TRUNS-I1-000FP20FI543DE8-GTE-P00015,08/21/26 07:29 AM EDT,$0.28,10
20260821,KBO-TRUNS-FG-01DPACLITNC5QPG-GTE-P00085,08/21/26 07:29 AM EDT,$0.41,24
20260821,KBO-TRUNS-FG-01DPACLITNC5QPG-GTE-P00095,08/21/26 07:29 AM EDT,$0.37,150
20260821,KBO-WIN-FG-01DPACKPTNC5RV0-KIES000,08/21/26 07:29 AM EDT,$0.17,27
20260821,FRIENDLYCLUB-DWIN-FG-02HIF8PCOKI3JP8-DRAW,08/21/26 07:29 AM EDT,$0.38,27
20260821,KBO-TRUNS-FG-01DPACLITNC5QPG-GTE-P00085,08/21/26 07:29 AM EDT,$0.41,688
20260821,KBO-WIN-FG-01DPAFSVTNCEI30-LOTS001,08/21/26 07:30 AM EDT,$0.49,117
20260821,KBO-TRUNS-FG-01DPACJGTNC5R90-GTE-P00145,08/21/26 07:30 AM EDT,$0.58,16
20260821,KBO-WIN-FG-01DPAFQKTNCEJLO-KTON000,08/21/26 07:30 AM EDT,$0.33,22
20260821,KBO-WIN-FG-01DPAFSVTNCEI30-LOTS001,08/21/26 07:30 AM EDT,$0.47,110
20260821,KBO-WIN-FG-01DPAFSVTNCEI30-DORS000,08/21/26 07:30 AM EDT,$0.53,110
20260821,KBO-WIN-FG-01DPAFSVTNCEI30-LOTS001,08/21/26 07:30 AM EDT,$0.47,5
20260821,KBO-WIN-FG-01DPAFSVTNCEI30-DORS000,08/21/26 07:30 AM EDT,$0.53,5
20260821,KBO-WIN-FG-01DPAFSVTNCEI30-LOTS001,08/21/26 07:30 AM EDT,$0.47,5
20260821,KBO-WIN-FG-01DPAFSVTNCEI30-DORS000,08/21/26 07:30 AM EDT,$0.53,5
20260821,KBO-WIN-FG-01DPAFSVTNCEI30-LOTS001,08/21/26 07:30 AM EDT,$0.47,40
20260821,KBO-WIN-FG-01DPAFSVTNCEI30-DORS000,08/21/26 07:30 AM EDT,$0.53,40
20260821,KBO-WIN-FG-01DPAFSVTNCEI30-LOTS001,08/21/26 07:30 AM EDT,$0.47,10
20260821,KBO-WIN-FG-01DPAFSVTNCEI30-DORS000,08/21/26 07:30 AM EDT,$0.53,10
20260821,NPB-WIN-FG-01DIOHFDTLSLUG8-TOWS000,08/21/26 07:30 AM EDT,$0.05,833
20260821,KBO-WIN-FG-01DPAFSVTNCEI30-DORS000,08/21/26 07:30 AM EDT,$0.53,20
20260821,KBO-WIN-FG-01DPAFSVTNCEI30-LOTS001,08/21/26 07:30 AM EDT,$0.47,20
20260821,KBO-WIN-FG-01DPAFSVTNCEI30-DORS000,08/21/26 07:30 AM EDT,$0.53,20
20260821,KBO-WIN-FG-01DPAFSVTNCEI30-LOTS001,08/21/26 07:30 AM EDT,$0.47,20
20260821,KBO-WIN-FG-01DPAFSVTNCEI30-DORS000,08/21/26 07:30 AM EDT,$0.53,20
20260821,KBO-WIN-FG-01DPAFSVTNCEI30-LOTS001,08/21/26 07:30 AM EDT,$0.47,40
20260821,KBO-WIN-FG-01DPAFSVTNCEI30-DORS000,08/21/26 07:30 AM EDT,$0.53,20
20260821,KBO-WIN-FG-01DPAFSVTNCEI30-LOTS001,08/21/26 07:30 AM EDT,$0.47,127
20260821,KBO-WIN-FG-01DPAFSVTNCEI30-DORS000,08/21/26 07:30 AM EDT,$0.53,20
20260821,KBO-WIN-FG-01DPAFSVTNCEI30-DORS000,08/21/26 07:30 AM EDT,$0.53,50
20260821,KBO-WIN-FG-01DPAFSVTNCEI30-LOTS001,08/21/26 07:30 AM EDT,$0.47,50
20260821,NPB-WIN-FG-01DIOH98TLSLV90-HIRP000,08/21/26 07:30 AM EDT,$0.03,196
20260821,KBO-WIN-FG-01DPAFQKTNCEJLO-KTON000,08/21/26 07:30 AM EDT,$0.30,133
20260821,NPB-WIN-FG-01DIOHFDTLSLUG8-TOWS000,08/21/26 07:30 AM EDT,$0.05,83
20260821,KBO-TRUNS-FG-01DPACLITNC5QPG-GTE-P00085,08/21/26 07:30 AM EDT,$0.41,57
20260821,KBO-WIN-FG-01DPAFSVTNCEI30-DORS000,08/21/26 07:30 AM EDT,$0.52,450
20260821,KBO-WIN-FG-01DPAFSVTNCEI30-DORS000,08/21/26 07:30 AM EDT,$0.52,110
20260821,KBO-WIN-FG-01DPAFSVTNCEI30-DORS000,08/21/26 07:30 AM EDT,$0.52,450
20260821,KBO-WIN-FG-01DPAFSVTNCEI30-DORS000,08/21/26 07:30 AM EDT,$0.52,450
20260821,KBO-WIN-FG-01DPAFSVTNCEI30-DORS000,08/21/26 07:30 AM EDT,$0.52,450
20260821,KBO-WIN-FG-01DPAFSVTNCEI30-DORS000,08/21/26 07:30 AM EDT,$0.52,173
20260821,MLB-TRUNS-I1-000FPR4TI545OUG-GTE-P00005,08/21/26 07:31 AM EDT,$0.36,37
20260821,KBO-TRUNS-FG-01DPACJGTNC5R90-GTE-P00155,08/21/26 07:31 AM EDT,$0.50,21
20260821,KBO-TRUNS-FG-01DPACJGTNC5R90-GTE-P00155,08/21/26 07:31 AM EDT,$0.42,533
20260821,NPB-TRUNS-FG-01DIOHFDTLSLUG8-GTE-P00045,08/21/26 07:31 AM EDT,$0.41,245
20260821,FRIENDLYCLUB-DWIN-FG-02HIF8PCOKI3JP8-POOS002,08/21/26 07:31 AM EDT,$0.46,20
20260821,KBO-WIN-FG-01DPAFSVTNCEI30-LOTS001,08/21/26 07:31 AM EDT,$0.50,450
20260821,KBO-WIN-FG-01DPAFSVTNCEI30-DORS000,08/21/26 07:31 AM EDT,$0.50,450
20260821,KBO-WIN-FG-01DPAFSVTNCEI30-LOTS001,08/21/26 07:31 AM EDT,$0.50,1550
20260821,KBO-WIN-FG-01DPAFSVTNCEI30-LOTS001,08/21/26 07:31 AM EDT,$0.50,347
20260821,KBO-WIN-FG-01DPAFSVTNCEI30-DORS000,08/21/26 07:31 AM EDT,$0.50,1550
20260821,KBO-WIN-FG-01DPAFSVTNCEI30-DORS000,08/21/26 07:31 AM EDT,$0.50,347
20260821,KBO-WIN-FG-01DPAFSVTNCEI30-DORS000,08/21/26 07:31 AM EDT,$0.50,39
20260821,KBO-WIN-FG-01DPAFSVTNCEI30-LOTS001,08/21/26 07:31 AM EDT,$0.50,39
20260821,KBO-WIN-FG-01DPAFSVTNCEI30-LOTS001,08/21/26 07:31 AM EDT,$0.50,50
20260821,KBO-WIN-FG-01DPAFSVTNCEI30-LOTS001,08/21/26 07:31 AM EDT,$0.50,1
20260821,MLB-PHRR-FG-00069L89I4RE7OO-LUAS000-GTE-P00075,08/21/26 07:31 AM EDT,$0.05,33
20260821,FRIENDLYCLUB-DWIN-FG-02HIF8PCOKI3JP8-POOS002,08/21/26 07:31 AM EDT,$0.38,20
20260821,NPB-WIN-FG-01DIOHESTLSLVL0-SANS002,08/21/26 07:32 AM EDT,$0.66,8
20260821,NPB-WIN-FG-01DIOHEATLSLV90-HORS000,08/21/26 07:32 AM EDT,$0.80,40
20260821,NPB-WIN-FG-01DIOHEATLSLV90-CHES000,08/21/26 07:32 AM EDT,$0.20,40
20260821,NPB-WIN-FG-01DIOHEATLSLV90-HORS000,08/21/26 07:32 AM EDT,$0.80,20
20260821,NPB-WIN-FG-01DIOHEATLSLV90-CHES000,08/21/26 07:32 AM EDT,$0.20,20
20260821,NPB-WIN-FG-01DIOHEATLSLV90-HORS000,08/21/26 07:32 AM EDT,$0.80,40
20260821,NPB-WIN-FG-01DIOHEATLSLV90-CHES000,08/21/26 07:32 AM EDT,$0.20,40
20260821,KBO-WIN-FG-01DPACLITNC5QPG-SANS000,08/21/26 07:32 AM EDT,$0.20,20
20260821,NPB-WIN-FG-01DIOHEATLSLV90-CHES000,08/21/26 07:32 AM EDT,$0.20,20
20260821,NPB-WIN-FG-01DIOHEATLSLV90-HORS000,08/21/26 07:32 AM EDT,$0.80,20
20260821,NPB-WIN-FG-01DIOHEATLSLV90-HORS000,08/21/26 07:32 AM EDT,$0.80,40
20260821,NPB-WIN-FG-01DIOHEATLSLV90-CHES000,08/21/26 07:32 AM EDT,$0.20,40
20260821,NPB-WIN-FG-01DIOHEATLSLV90-CHES000,08/21/26 07:32 AM EDT,$0.20,20
20260821,NPB-WIN-FG-01DIOHEATLSLV90-HORS000,08/21/26 07:32 AM EDT,$0.80,20
20260821,NPB-WIN-FG-01DIOHEATLSLV90-HORS000,08/21/26 07:32 AM EDT,$0.80,40
20260821,NPB-WIN-FG-01DIOHEATLSLV90-CHES000,08/21/26 07:32 AM EDT,$0.20,20
20260821,NPB-WIN-FG-01DIOHEATLSLV90-HORS000,08/21/26 07:32 AM EDT,$0.80,20
20260821,NPB-WIN-FG-01DIOHEATLSLV90-CHES000,08/21/26 07:32 AM EDT,$0.20,40
20260821,NPB-WIN-FG-01DIOHEATLSLV90-CHES000,08/21/26 07:32 AM EDT,$0.20,20
20260821,NPB-WIN-FG-01DIOHEATLSLV90-HORS000,08/21/26 07:32 AM EDT,$0.80,20
20260821,NPB-WIN-FG-01DIOHEATLSLV90-HORS000,08/21/26 07:32 AM EDT,$0.80,40
20260821,NPB-WIN-FG-01DIOHEATLSLV90-CHES000,08/21/26 07:32 AM EDT,$0.20,20
20260821,NPB-WIN-FG-01DIOHEATLSLV90-HORS000,08/21/26 07:32 AM EDT,$0.80,20
20260821,NPB-WIN-FG-01DIOHEATLSLV90-CHES000,08/21/26 07:32 AM EDT,$0.20,10
20260821,NPB-WIN-FG-01DIOHEATLSLV90-CHES000,08/21/26 07:32 AM EDT,$0.20,30
20260821,NPB-WIN-FG-01DIOHEATLSLV90-HORS000,08/21/26 07:32 AM EDT,$0.80,70
20260821,NPB-WIN-FG-01DIOHEATLSLV90-CHES000,08/21/26 07:32 AM EDT,$0.20,70
20260821,NPB-WIN-FG-01DIOHEATLSLV90-CHES000,08/21/26 07:32 AM EDT,$0.20,20
20260821,NPB-WIN-FG-01DIOHEATLSLV90-HORS000,08/21/26 07:32 AM EDT,$0.80,20
20260821,KBO-TRUNS-FG-01DPAFQKTNCEJLO-GTE-P00105,08/21/26 07:32 AM EDT,$0.20,185
20260821,NPB-WIN-FG-01DIOHEATLSLV90-CHES000,08/21/26 07:32 AM EDT,$0.20,9
20260821,NPB-WIN-FG-01DIOHEATLSLV90-HORS000,08/21/26 07:32 AM EDT,$0.80,9
20260821,NPB-WIN-FG-01DIOHEATLSLV90-CHES000,08/21/26 07:32 AM EDT,$0.20,40
20260821,NPB-WIN-FG-01DIOHEATLSLV90-HORS000,08/21/26 07:32 AM EDT,$0.80,40
20260821,NPB-WIN-FG-01DIOHEATLSLV90-HORS000,08/21/26 07:32 AM EDT,$0.80,11
20260821,NPB-WIN-FG-01DIOHEATLSLV90-CHES000,08/21/26 07:32 AM EDT,$0.20,11
20260821,NPB-WIN-FG-01DIOHEATLSLV90-CHES000,08/21/26 07:32 AM EDT,$0.20,10
20260821,NPB-WIN-FG-01DIOHEATLSLV90-HORS000,08/21/26 07:32 AM EDT,$0.80,10
20260821,NPB-WIN-FG-01DIOHEATLSLV90-HORS000,08/21/26 07:32 AM EDT,$0.80,20
20260821,NPB-WIN-FG-01DIOHEATLSLV90-CHES000,08/21/26 07:32 AM EDT,$0.20,20
20260821,NPB-WIN-FG-01DIOHEATLSLV90-HORS000,08/21/26 07:32 AM EDT,$0.80,50
20260821,NPB-WIN-FG-01DIOHEATLSLV90-CHES000,08/21/26 07:32 AM EDT,$0.20,59
20260821,NPB-WIN-FG-01DIOHEATLSLV90-CHES000,08/21/26 07:32 AM EDT,$0.20,10
20260821,NPB-WIN-FG-01DIOHEATLSLV90-HORS000,08/21/26 07:32 AM EDT,$0.80,19
20260821,NPB-WIN-FG-01DIOHEATLSLV90-CHES000,08/21/26 07:32 AM EDT,$0.20,30
20260821,NPB-WIN-FG-01DIOHEATLSLV90-HORS000,08/21/26 07:32 AM EDT,$0.80,30
20260821,NPB-WIN-FG-01DIOHEATLSLV90-HORS000,08/21/26 07:32 AM EDT,$0.80,81
20260821,NPB-WIN-FG-01DIOHEATLSLV90-CHES000,08/21/26 07:32 AM EDT,$0.20,81
20260821,NPB-WIN-FG-01DIOHEATLSLV90-HORS000,08/21/26 07:32 AM EDT,$0.80,80
20260821,NPB-WIN-FG-01DIOHEATLSLV90-CHES000,08/21/26 07:32 AM EDT,$0.20,89
20260821,NPB-WIN-FG-01DIOHEATLSLV90-CHES000,08/21/26 07:32 AM EDT,$0.20,10
20260821,NPB-WIN-FG-01DIOHEATLSLV90-HORS000,08/21/26 07:32 AM EDT,$0.80,19
20260821,MLB-PHRR-FG-00069L89I4RE7OO-JALM000-GTE-P00085,08/21/26 07:32 AM EDT,$0.04,3
20260821,NPB-WIN-FG-01DIOH81TLSLVN8-YORS001,08/21/26 07:32 AM EDT,$0.15,20
20260821,NPB-WIN-FG-01DIOH81TLSLVN8-YORS001,08/21/26 07:32 AM EDT,$0.15,20
20260821,NPB-WIN-FG-01DIOH81TLSLVN8-YORS001,08/21/26 07:32 AM EDT,$0.15,20
20260821,NPB-WIN-FG-01DIOH81TLSLVN8-YORS001,08/21/26 07:32 AM EDT,$0.15,20
20260821,NPB-WIN-FG-01DIOH81TLSLVN8-YORS001,08/21/26 07:32 AM EDT,$0.15,20
20260821,NPB-WIN-FG-01DIOH81TLSLVN8-YORS001,08/21/26 07:32 AM EDT,$0.15,20
20260821,NPB-WIN-FG-01DIOH81TLSLVN8-YORS001,08/21/26 07:32 AM EDT,$0.15,20
20260821,NPB-WIN-FG-01DIOH81TLSLVN8-YORS001,08/21/26 07:32 AM EDT,$0.15,450
20260821,NPB-WIN-FG-01DIOHESTLSLVL0-SANS002,08/21/26 07:32 AM EDT,$0.64,22
20260821,NPB-WIN-FG-01DIOHESTLSLVL0-SANS002,08/21/26 07:32 AM EDT,$0.64,724
20260821,NPB-MOVY-FG-01DIOHFDTLSLUG8-CHNS000-GTE-P00025,08/21/26 07:33 AM EDT,$0.72,140
20260821,MLB-TRUNS-I1-000FP404I54B3T0-GTE-P00005,08/21/26 07:33 AM EDT,$0.44,241
20260821,NPB-MOVY-FG-01DIOHFDTLSLUG8-CHNS000-GTE-P00035,08/21/26 07:33 AM EDT,$0.43,24
20260821,FRIENDLYCLUB-DWIN-FG-02HIF8PCOKI3JP8-POOS002,08/21/26 07:34 AM EDT,$0.44,4
20260821,FRIENDLYCLUB-DWIN-FG-02HIF8PCOKI3JP8-POOS002,08/21/26 07:34 AM EDT,$0.44,21
20260821,MLS-TGLS-FG-000A3T9GI7881N8-GTE-P00035,08/21/26 07:34 AM EDT,$0.47,20
20260821,KBO-TRUNS-FG-01DPAFQKTNCEJLO-GTE-P00075,08/21/26 07:34 AM EDT,$0.47,19
20260821,KBO-TRUNS-FG-01DPACJGTNC5R90-GTE-P00095,08/21/26 07:34 AM EDT,$0.98,103
20260821,NPB-MOVY-FG-01DIOHFDTLSLUG8-CHNS000-GTE-P00025,08/21/26 07:34 AM EDT,$0.78,365
20260821,KBO-WIN-FG-01DPAFSVTNCEI30-DORS000,08/21/26 07:34 AM EDT,$0.39,124
20260821,FRIENDLYCLUB-DWIN-FG-02HIF8PCOKI3JP8-POOS002,08/21/26 07:34 AM EDT,$0.37,21
20260821,KBO-WIN-FG-01DPAFSVTNCEI30-LOTS001,08/21/26 07:34 AM EDT,$0.63,118
20260821,KBO-TRUNS-FG-01DPACJGTNC5R90-GTE-P00155,08/21/26 07:35 AM EDT,$0.50,192
20260821,KBO-TRUNS-FG-01DPAFQKTNCEJLO-GTE-P00075,08/21/26 07:35 AM EDT,$0.47,1000
20260821,KBO-WIN-FG-01DPACLITNC5QPG-NCOS000,08/21/26 07:35 AM EDT,$0.79,961
20260821,KBO-TRUNS-FG-01DPACJGTNC5R90-GTE-P00115,08/21/26 07:35 AM EDT,$0.91,107
20260821,FRIENDLYCLUB-BTMSC-FG-02HIF8PCOKI3JP8-BINARY,08/21/26 07:35 AM EDT,$0.28,29
20260821,KBO-TRUNS-FG-01DPACKPTNC5RV0-GTE-P00085,08/21/26 07:35 AM EDT,$0.29,8
20260821,KBO-WIN-FG-01DPACLITNC5QPG-NCOS000,08/21/26 07:35 AM EDT,$0.80,1
20260821,KBO-TRUNS-FG-01DPACLITNC5QPG-GTE-P00075,08/21/26 07:35 AM EDT,$0.42,15
20260821,KBO-MOVY-FG-01DPACKPTNC5RV0-KIRS000-GTE-P00035,08/21/26 07:35 AM EDT,$0.57,424
20260821,KBO-WIN-FG-01DPACKPTNC5RV0-KIES000,08/21/26 07:35 AM EDT,$0.11,1
20260821,NPB-TRUNS-FG-01DIOHFDTLSLUG8-GTE-P00075,08/21/26 07:35 AM EDT,$0.12,30
20260821,NPB-WIN-FG-01DIOHEATLSLV90-HORS000,08/21/26 07:36 AM EDT,$0.78,20
20260821,NPB-WIN-FG-01DIOHEATLSLV90-HORS000,08/21/26 07:36 AM EDT,$0.78,21
20260821,NPB-WIN-FG-01DIOHEATLSLV90-CHES000,08/21/26 07:36 AM EDT,$0.22,20
20260821,KBO-WIN-FG-01DPACLITNC5QPG-NCOS000,08/21/26 07:36 AM EDT,$0.81,102
20260821,NPB-WIN-FG-01DIOHEATLSLV90-HORS000,08/21/26 07:36 AM EDT,$0.72,20
20260821,NPB-WIN-FG-01DIOHEATLSLV90-CHES000,08/21/26 07:36 AM EDT,$0.28,20
20260821,KBO-TRUNS-FG-01DPACLITNC5QPG-GTE-P00095,08/21/26 07:36 AM EDT,$0.28,304
20260821,KBO-WIN-FG-01DPAFQKTNCEJLO-KTON000,08/21/26 07:36 AM EDT,$0.32,12
20260821,KBO-WIN-FG-01DPAFQKTNCEJLO-SSRS000,08/21/26 07:36 AM EDT,$0.67,12
20260821,KBO-WIN-FG-01DPAFQKTNCEJLO-KTON000,08/21/26 07:36 AM EDT,$0.32,40
20260821,KBO-WIN-FG-01DPAFQKTNCEJLO-SSRS000,08/21/26 07:36 AM EDT,$0.67,40
20260821,KBO-WIN-FG-01DPAFQKTNCEJLO-KTON000,08/21/26 07:36 AM EDT,$0.32,312
20260821,KBO-WIN-FG-01DPAFQKTNCEJLO-KTON000,08/21/26 07:36 AM EDT,$0.32,10
20260821,KBO-WIN-FG-01DPAFQKTNCEJLO-KTON000,08/21/26 07:36 AM EDT,$0.32,80
20260821,KBO-TRUNS-FG-01DPACKPTNC5RV0-GTE-P00065,08/21/26 07:36 AM EDT,$0.45,13
20260821,KBO-TRUNS-FG-01DPACJGTNC5R90-GTE-P00155,08/21/26 07:37 AM EDT,$0.71,13
20260821,KBO-WIN-FG-01DPACKPTNC5RV0-KIES000,08/21/26 07:37 AM EDT,$0.11,83
20260821,NPB-WIN-FG-01DIOHESTLSLVL0-TOES000,08/21/26 07:38 AM EDT,$0.37,10
20260821,NPB-WIN-FG-01DIOHESTLSLVL0-SANS002,08/21/26 07:38 AM EDT,$0.63,10
20260821,KBO-WIN-FG-01DPACLITNC5QPG-NCOS000,08/21/26 07:38 AM EDT,$0.80,15
20260821,KBO-TRUNS-FG-01DPACLITNC5QPG-GTE-P00075,08/21/26 07:38 AM EDT,$0.42,263
20260821,KBO-WIN-FG-01DPACJGTNC5R90-HAES000,08/21/26 07:38 AM EDT,$0.03,50
20260821,NPB-WIN-FG-01DIOHESTLSLVL0-TOES000,08/21/26 07:38 AM EDT,$0.37,10
20260821,NPB-WIN-FG-01DIOHESTLSLVL0-SANS002,08/21/26 07:38 AM EDT,$0.63,10
20260821,KBO-TRUNS-FG-01DPAFSVTNCEI30-GTE-P00075,08/21/26 07:38 AM EDT,$0.33,9
20260821,KBO-WIN-FG-01DPAFSVTNCEI30-DORS000,08/21/26 07:38 AM EDT,$0.35,416
20260821,NPB-WIN-FG-01DIOH81TLSLVN8-YORS001,08/21/26 07:38 AM EDT,$0.14,2
20260821,KBO-TRUNS-FG-01DPAFSVTNCEI30-GTE-P00075,08/21/26 07:38 AM EDT,$0.33,36
20260821,KBO-WIN-FG-01DPAFSVTNCEI30-LOTS001,08/21/26 07:39 AM EDT,$0.64,32
20260821,NPB-TRUNS-FG-01DIOHFDTLSLUG8-GTE-P00075,08/21/26 07:39 AM EDT,$0.09,32
20260821,NPB-TRUNS-FG-01DIOHFDTLSLUG8-GTE-P00075,08/21/26 07:39 AM EDT,$0.09,56
20260821,NPB-TRUNS-FG-01DIOHFDTLSLUG8-GTE-P00075,08/21/26 07:39 AM EDT,$0.09,8
20260821,FRIENDLYCLUB-DWIN-FG-02HPNB1DOL9R2KG-CDGO002,08/21/26 07:39 AM EDT,$0.54,17
20260821,KBO-TRUNS-FG-01DPAFQKTNCEJLO-GTE-P00075,08/21/26 07:39 AM EDT,$0.41,226
20260821,KBO-TRUNS-FG-01DPAFQKTNCEJLO-GTE-P00075,08/21/26 07:39 AM EDT,$0.41,18
20260821,KBO-TRUNS-FG-01DPAFQKTNCEJLO-GTE-P00075,08/21/26 07:39 AM EDT,$0.41,17
20260821,MLB-PHRR-FG-000FPR4TI545OUG-ANIO000-GTE-P00015,08/21/26 07:39 AM EDT,$0.49,9
20260821,NPB-TRUNS-FG-01DIOHFDTLSLUG8-GTE-P00045,08/21/26 07:39 AM EDT,$0.36,315
20260821,KBO-WIN-FG-01DPAFSVTNCEI30-LOTS001,08/21/26 07:39 AM EDT,$0.67,14
20260821,NPB-WIN-FG-01DIOHESTLSLVL0-TOES000,08/21/26 07:39 AM EDT,$0.46,10
20260821,NPB-WIN-FG-01DIOHESTLSLVL0-SANS002,08/21/26 07:39 AM EDT,$0.54,10
20260821,NPB-WIN-FG-01DIOHESTLSLVL0-TOES000,08/21/26 07:40 AM EDT,$0.45,10
20260821,NPB-WIN-FG-01DIOHESTLSLVL0-SANS002,08/21/26 07:40 AM EDT,$0.55,10
20260821,NPB-TRUNS-FG-01DIOHFDTLSLUG8-GTE-P00035,08/21/26 07:40 AM EDT,$0.58,250
20260821,MLB-PHRR-FG-000FPQ64I544HVO-DYRS000-GTE-P00015,08/21/26 07:40 AM EDT,$0.40,11
20260821,NPB-WIN-FG-01DIOHFDTLSLUG8-TOWS000,08/21/26 07:40 AM EDT,$0.06,228
20260821,KBO-WIN-FG-01DPACLITNC5QPG-NCOS000,08/21/26 07:40 AM EDT,$0.84,46
20260821,NPB-WIN-FG-01DIOHESTLSLVL0-TOES000,08/21/26 07:40 AM EDT,$0.44,11
20260821,NPB-WIN-FG-01DIOHESTLSLVL0-TOES000,08/21/26 07:40 AM EDT,$0.44,99
20260821,NPB-WIN-FG-01DIOHESTLSLVL0-SANS002,08/21/26 07:40 AM EDT,$0.56,110
20260821,MLB-TRUNS-I1-000696G0I4R92U8-GTE-P00005,08/21/26 07:40 AM EDT,$0.33,7
20260821,NPB-TRUNS-FG-01DIOHFDTLSLUG8-GTE-P00045,08/21/26 07:40 AM EDT,$0.36,15
20260821,NPB-WIN-FG-01DIOHESTLSLVL0-TOES000,08/21/26 07:40 AM EDT,$0.43,1
20260821,NPB-WIN-FG-01DIOHESTLSLVL0-SANS002,08/21/26 07:40 AM EDT,$0.57,1
20260821,NPB-WIN-FG-01DIOHESTLSLVL0-TOES000,08/21/26 07:40 AM EDT,$0.43,100
20260821,NPB-WIN-FG-01DIOHESTLSLVL0-SANS002,08/21/26 07:40 AM EDT,$0.57,100
20260821,NPB-WIN-FG-01DIOHESTLSLVL0-TOES000,08/21/26 07:40 AM EDT,$0.42,10
20260821,NPB-WIN-FG-01DIOHESTLSLVL0-SANS002,08/21/26 07:40 AM EDT,$0.58,10
20260821,FRIENDLYCLUB-DWIN-FG-02HIF8PCOKI3JP8-ZEED002,08/21/26 07:40 AM EDT,$0.27,34
20260821,FRIENDLYCLUB-DWIN-FG-02HIF8PCOKI3JP8-POOS002,08/21/26 07:40 AM EDT,$0.42,22
20260821,NPB-WIN-FG-01DIOHESTLSLVL0-TOES000,08/21/26 07:40 AM EDT,$0.42,10
20260821,NPB-WIN-FG-01DIOHESTLSLVL0-SANS002,08/21/26 07:40 AM EDT,$0.58,10
20260821,NPB-WIN-FG-01DIOHESTLSLVL0-TOES000,08/21/26 07:40 AM EDT,$0.42,10
20260821,NPB-WIN-FG-01DIOHESTLSLVL0-SANS002,08/21/26 07:40 AM EDT,$0.58,10
20260821,NPB-WIN-FG-01DIOHESTLSLVL0-TOES000,08/21/26 07:40 AM EDT,$0.42,10
20260821,NPB-WIN-FG-01DIOHESTLSLVL0-SANS002,08/21/26 07:40 AM EDT,$0.58,10
20260821,NPB-WIN-FG-01DIOHESTLSLVL0-TOES000,08/21/26 07:40 AM EDT,$0.42,10
20260821,NPB-WIN-FG-01DIOHESTLSLVL0-SANS002,08/21/26 07:40 AM EDT,$0.58,10
20260821,NPB-WIN-FG-01DIOHESTLSLVL0-TOES000,08/21/26 07:40 AM EDT,$0.42,10
20260821,NPB-WIN-FG-01DIOHESTLSLVL0-SANS002,08/21/26 07:40 AM EDT,$0.58,10
20260821,FRIENDLYCLUB-DWIN-FG-02HIF8PCOKI3JP8-ZEED002,08/21/26 07:40 AM EDT,$0.27,17
20260821,NPB-WIN-FG-01DIOHESTLSLVL0-TOES000,08/21/26 07:41 AM EDT,$0.42,100
20260821,NPB-WIN-FG-01DIOHESTLSLVL0-SANS002,08/21/26 07:41 AM EDT,$0.58,100
20260821,KBO-WIN-FG-01DPAFQKTNCEJLO-KTON000,08/21/26 07:41 AM EDT,$0.38,2
20260821,FRIENDLYCLUB-DWIN-FG-02HIF8PCOKI3JP8-POOS002,08/21/26 07:41 AM EDT,$0.39,11
20260821,NPB-WIN-FG-01DIOHESTLSLVL0-TOES000,08/21/26 07:41 AM EDT,$0.42,80
20260821,NPB-WIN-FG-01DIOH98TLSLV90-HIRP000,08/21/26 07:41 AM EDT,$0.05,20
20260821,NPB-WIN-FG-01DIOH98TLSLV90-HIRP000,08/21/26 07:41 AM EDT,$0.05,20
20260821,NPB-WIN-FG-01DIOH98TLSLV90-HIRP000,08/21/26 07:41 AM EDT,$0.05,20
20260821,NPB-WIN-FG-01DIOH98TLSLV90-HIRP000,08/21/26 07:41 AM EDT,$0.05,20
20260821,NPB-WIN-FG-01DIOH98TLSLV90-HIRP000,08/21/26 07:41 AM EDT,$0.05,20
20260821,NPB-WIN-FG-01DIOHESTLSLVL0-TOES000,08/21/26 07:41 AM EDT,$0.43,10
20260821,NPB-WIN-FG-01DIOHESTLSLVL0-SANS002,08/21/26 07:41 AM EDT,$0.57,10
20260821,KBO-WIN-FG-01DPAFSVTNCEI30-DORS000,08/21/26 07:41 AM EDT,$0.32,20
20260821,KBO-WIN-FG-01DPAFSVTNCEI30-DORS000,08/21/26 07:41 AM EDT,$0.32,70
20260821,KBO-WIN-FG-01DPAFSVTNCEI30-DORS000,08/21/26 07:41 AM EDT,$0.32,70
20260821,KBO-WIN-FG-01DPAFSVTNCEI30-DORS000,08/21/26 07:41 AM EDT,$0.32,70
20260821,KBO-WIN-FG-01DPAFSVTNCEI30-DORS000,08/21/26 07:41 AM EDT,$0.32,70
20260821,NPB-WIN-FG-01DIOH98TLSLV90-HIRP000,08/21/26 07:41 AM EDT,$0.05,12
20260821,KBO-WIN-FG-01DPAFSVTNCEI30-DORS000,08/21/26 07:41 AM EDT,$0.32,10
20260821,KBO-WIN-FG-01DPAFSVTNCEI30-DORS000,08/21/26 07:41 AM EDT,$0.32,10
20260821,KBO-TRUNS-FG-01DPACKPTNC5RV0-GTE-P00065,08/21/26 07:41 AM EDT,$0.55,17
20260821,KBO-WIN-FG-01DPAFSVTNCEI30-DORS000,08/21/26 07:41 AM EDT,$0.32,10
20260821,KBO-WIN-FG-01DPAFSVTNCEI30-DORS000,08/21/26 07:41 AM EDT,$0.32,10
20260821,KBO-WIN-FG-01DPAFSVTNCEI30-DORS000,08/21/26 07:41 AM EDT,$0.32,90
20260821,KBO-WIN-FG-01DPAFSVTNCEI30-DORS000,08/21/26 07:41 AM EDT,$0.32,100
20260821,KBO-WIN-FG-01DPAFSVTNCEI30-DORS000,08/21/26 07:41 AM EDT,$0.32,2
20260821,KBO-WIN-FG-01DPAFSVTNCEI30-DORS000,08/21/26 07:41 AM EDT,$0.32,450
20260821,NPB-WIN-FG-01DIOH81TLSLVN8-YORS001,08/21/26 07:41 AM EDT,$0.13,500
20260821,NPB-WIN-FG-01DIOH81TLSLVN8-YORS001,08/21/26 07:41 AM EDT,$0.13,100
20260821,NPB-TRUNS-FG-01DIOHFDTLSLUG8-GTE-P00075,08/21/26 07:41 AM EDT,$0.06,25
20260821,NPB-WIN-FG-01DIOH81TLSLVN8-YORS001,08/21/26 07:41 AM EDT,$0.12,46
20260821,NPB-WIN-FG-01DIOH81TLSLVN8-YORS001,08/21/26 07:41 AM EDT,$0.13,100
20260821,NPB-WIN-FG-01DIOH81TLSLVN8-YORS001,08/21/26 07:41 AM EDT,$0.13,300
20260821,NPB-WIN-FG-01DIOH81TLSLVN8-YORS001,08/21/26 07:41 AM EDT,$0.13,500
20260821,FRIENDLYCLUB-DWIN-FG-02HIF8PCOKI3JP8-ZEED002,08/21/26 07:41 AM EDT,$0.29,32
20260821,MLB-TRUNS-IT5-000696G0I4R92U8-GTE-P00025,08/21/26 07:41 AM EDT,$0.53,10
20260821,KBO-WIN-FG-01DPAFSVTNCEI30-LOTS001,08/21/26 07:41 AM EDT,$0.70,92
20260821,KBO-WIN-FG-01DPACLITNC5QPG-SANS000,08/21/26 07:41 AM EDT,$0.16,75
20260821,FRIENDLYCLUB-DWIN-FG-02HIF8PCOKI3JP8-POOS002,08/21/26 07:41 AM EDT,$0.41,23
20260821,NPB-WIN-FG-01DIOHESTLSLVL0-SANS002,08/21/26 07:42 AM EDT,$0.55,40
20260821,NPB-WIN-FG-01DIOHESTLSLVL0-TOES000,08/21/26 07:42 AM EDT,$0.45,40
20260821,NPB-WIN-FG-01DIOHESTLSLVL0-TOES000,08/21/26 07:42 AM EDT,$0.45,179
20260821,NPB-WIN-FG-01DIOHESTLSLVL0-SANS002,08/21/26 07:42 AM EDT,$0.56,17
20260821,NPB-WIN-FG-01DIOHESTLSLVL0-TOES000,08/21/26 07:42 AM EDT,$0.47,450
20260821,NPB-WIN-FG-01DIOHESTLSLVL0-SANS002,08/21/26 07:42 AM EDT,$0.53,450
20260821,NPB-WIN-FG-01DIOHESTLSLVL0-TOES000,08/21/26 07:42 AM EDT,$0.47,3
20260821,NPB-WIN-FG-01DIOHESTLSLVL0-TOES000,08/21/26 07:42 AM EDT,$0.47,1
20260821,NPB-WIN-FG-01DIOHESTLSLVL0-TOES000,08/21/26 07:42 AM EDT,$0.47,10
20260821,NPB-WIN-FG-01DIOHESTLSLVL0-TOES000,08/21/26 07:42 AM EDT,$0.47,7
20260821,NPB-WIN-FG-01DIOHESTLSLVL0-TOES000,08/21/26 07:42 AM EDT,$0.47,9
20260821,NPB-WIN-FG-01DIOHESTLSLVL0-TOES000,08/21/26 07:42 AM EDT,$0.47,50
20260821,NPB-WIN-FG-01DIOHESTLSLVL0-TOES000,08/21/26 07:42 AM EDT,$0.47,100
20260821,NPB-WIN-FG-01DIOHESTLSLVL0-SANS002,08/21/26 07:42 AM EDT,$0.53,6
20260821,NPB-WIN-FG-01DIOHESTLSLVL0-SANS002,08/21/26 07:42 AM EDT,$0.53,10
20260821,NPB-WIN-FG-01DIOHESTLSLVL0-SANS002,08/21/26 07:42 AM EDT,$0.53,48
20260821,NPB-WIN-FG-01DIOHESTLSLVL0-TOES000,08/21/26 07:42 AM EDT,$0.47,40
20260821,NPB-WIN-FG-01DIOHESTLSLVL0-TOES000,08/21/26 07:42 AM EDT,$0.47,50
20260821,NPB-WIN-FG-01DIOHESTLSLVL0-SANS002,08/21/26 07:42 AM EDT,$0.53,26
20260821,NPB-WIN-FG-01DIOHESTLSLVL0-TOES000,08/21/26 07:42 AM EDT,$0.47,26
20260821,NPB-WIN-FG-01DIOHESTLSLVL0-SANS002,08/21/26 07:42 AM EDT,$0.53,26
20260821,NPB-WIN-FG-01DIOHESTLSLVL0-TOES000,08/21/26 07:42 AM EDT,$0.47,24
20260821,NPB-WIN-FG-01DIOHESTLSLVL0-SANS002,08/21/26 07:42 AM EDT,$0.53,24
20260821,NPB-WIN-FG-01DIOHESTLSLVL0-TOES000,08/21/26 07:42 AM EDT,$0.47,16
20260821,NPB-WIN-FG-01DIOHESTLSLVL0-SANS002,08/21/26 07:42 AM EDT,$0.53,16
20260821,NPB-WIN-FG-01DIOHESTLSLVL0-SANS002,08/21/26 07:42 AM EDT,$0.53,4
20260821,NPB-WIN-FG-01DIOHESTLSLVL0-TOES000,08/21/26 07:42 AM EDT,$0.47,4
20260821,NPB-WIN-FG-01DIOHESTLSLVL0-TOES000,08/21/26 07:42 AM EDT,$0.47,20
20260821,NPB-WIN-FG-01DIOHESTLSLVL0-SANS002,08/21/26 07:42 AM EDT,$0.53,20
20260821,NPB-WIN-FG-01DIOHESTLSLVL0-TOES000,08/21/26 07:42 AM EDT,$0.47,50
20260821,NPB-WIN-FG-01DIOHESTLSLVL0-TOES000,08/21/26 07:42 AM EDT,$0.47,100
20260821,NPB-WIN-FG-01DIOHESTLSLVL0-SANS002,08/21/26 07:42 AM EDT,$0.53,50
20260821,NPB-WIN-FG-01DIOHESTLSLVL0-SANS002,08/21/26 07:42 AM EDT,$0.53,100
20260821,NPB-WIN-FG-01DIOHESTLSLVL0-TOES000,08/21/26 07:42 AM EDT,$0.47,450
20260821,NPB-WIN-FG-01DIOHESTLSLVL0-SANS002,08/21/26 07:42 AM EDT,$0.53,450
20260821,NPB-WIN-FG-01DIOHESTLSLVL0-TOES000,08/21/26 07:42 AM EDT,$0.47,17
20260821,NPB-WIN-FG-01DIOHESTLSLVL0-SANS002,08/21/26 07:42 AM EDT,$0.53,17
20260821,NPB-WIN-FG-01DIOHESTLSLVL0-TOES000,08/21/26 07:42 AM EDT,$0.47,23
20260821,NPB-WIN-FG-01DIOHESTLSLVL0-SANS002,08/21/26 07:42 AM EDT,$0.53,23
20260821,NPB-WIN-FG-01DIOHESTLSLVL0-TOES000,08/21/26 07:42 AM EDT,$0.47,51
20260821,NPB-WIN-FG-01DIOHESTLSLVL0-SANS002,08/21/26 07:42 AM EDT,$0.53,51
20260821,KBO-WIN-FG-01DPAFQKTNCEJLO-KTON000,08/21/26 07:42 AM EDT,$0.49,42
20260821,KBO-WIN-FG-01DPAFQKTNCEJLO-SSRS000,08/21/26 07:43 AM EDT,$0.54,17
20260821,KBO-WIN-FG-01DPAFSVTNCEI30-LOTS001,08/21/26 07:43 AM EDT,$0.70,13
20260821,KBO-WIN-FG-01DPAFQKTNCEJLO-SSRS000,08/21/26 07:43 AM EDT,$0.51,11
20260821,KBO-TRUNS-FG-01DPACLITNC5QPG-GTE-P00045,08/21/26 07:43 AM EDT,$0.86,45
20260821,KBO-WIN-FG-01DPAFQKTNCEJLO-SSRS000,08/21/26 07:43 AM EDT,$0.51,18
20260821,KBO-WIN-FG-01DPAFQKTNCEJLO-KTON000,08/21/26 07:44 AM EDT,$0.51,379
20260821,KBO-WIN-FG-01DPACJGTNC5R90-LGNS000,08/21/26 07:44 AM EDT,$0.98,546
20260821,KBO-WIN-FG-01DPAFQKTNCEJLO-SSRS000,08/21/26 07:44 AM EDT,$0.51,52
20260821,KBO-TRUNS-FG-01DPAFSVTNCEI30-GTE-P00065,08/21/26 07:45 AM EDT,$0.44,86
20260821,KBO-WIN-FG-01DPAFQKTNCEJLO-SSRS000,08/21/26 07:45 AM EDT,$0.50,2
20260821,KBO-WIN-FG-01DPACLITNC5QPG-NCOS000,08/21/26 07:45 AM EDT,$0.60,32
20260821,KBO-WIN-FG-01DPACLITNC5QPG-SANS000,08/21/26 07:45 AM EDT,$0.40,133
20260821,FRIENDLYCLUB-DWIN-FG-02HPNB1DOL9R2KG-CDGO002,08/21/26 07:45 AM EDT,$0.54,18
20260821,FRIENDLYCLUB-DWIN-FG-02HPNB1DOL9R2KG-CDGO002,08/21/26 07:45 AM EDT,$0.46,18
20260821,NPB-WIN-FG-01DIOHEATLSLV90-HORS000,08/21/26 07:45 AM EDT,$0.74,20
20260821,NPB-WIN-FG-01DIOHEATLSLV90-CHES000,08/21/26 07:45 AM EDT,$0.26,20
20260821,NPB-WIN-FG-01DIOHEATLSLV90-CHES000,08/21/26 07:45 AM EDT,$0.26,20
20260821,NPB-WIN-FG-01DIOHEATLSLV90-HORS000,08/21/26 07:45 AM EDT,$0.74,20
20260821,NPB-WIN-FG-01DIOHEATLSLV90-HORS000,08/21/26 07:45 AM EDT,$0.74,1
20260821,NPB-WIN-FG-01DIOHEATLSLV90-HORS000,08/21/26 07:45 AM EDT,$0.74,19
20260821,NPB-WIN-FG-01DIOHEATLSLV90-CHES000,08/21/26 07:45 AM EDT,$0.26,15
20260821,NPB-WIN-FG-01DIOHEATLSLV90-CHES000,08/21/26 07:45 AM EDT,$0.26,5
20260821,NPB-WIN-FG-01DIOHEATLSLV90-CHES000,08/21/26 07:45 AM EDT,$0.26,20
20260821,NPB-WIN-FG-01DIOHEATLSLV90-HORS000,08/21/26 07:45 AM EDT,$0.74,20
20260821,NPB-WIN-FG-01DIOHEATLSLV90-CHES000,08/21/26 07:45 AM EDT,$0.26,20
20260821,NPB-WIN-FG-01DIOHEATLSLV90-HORS000,08/21/26 07:45 AM EDT,$0.74,40
20260821,NPB-WIN-FG-01DIOHEATLSLV90-CHES000,08/21/26 07:45 AM EDT,$0.26,40
20260821,NPB-WIN-FG-01DIOHEATLSLV90-HORS000,08/21/26 07:45 AM EDT,$0.74,20
20260821,NPB-WIN-FG-01DIOHEATLSLV90-CHES000,08/21/26 07:45 AM EDT,$0.26,30
20260821,NPB-WIN-FG-01DIOHEATLSLV90-HORS000,08/21/26 07:45 AM EDT,$0.74,30
20260821,NPB-WIN-FG-01DIOHEATLSLV90-CHES000,08/21/26 07:46 AM EDT,$0.26,150
20260821,NPB-WIN-FG-01DIOHEATLSLV90-HORS000,08/21/26 07:46 AM EDT,$0.74,150
20260821,NPB-WIN-FG-01DIOHFDTLSLUG8-TOWS000,08/21/26 07:46 AM EDT,$0.03,40
20260821,NPB-WIN-FG-01DIOHESTLSLVL0-TOES000,08/21/26 07:46 AM EDT,$0.66,450
20260821,NPB-WIN-FG-01DIOHFDTLSLUG8-TOWS000,08/21/26 07:46 AM EDT,$0.03,150
20260821,KBO-WIN-FG-01DPAFQKTNCEJLO-KTON000,08/21/26 07:46 AM EDT,$0.50,38
20260821,KBO-WIN-FG-01DPACLITNC5QPG-NCOS000,08/21/26 07:46 AM EDT,$0.61,46
20260821,NPB-WIN-FG-01DIOHEATLSLV90-CHES000,08/21/26 07:46 AM EDT,$0.28,20
20260821,NPB-WIN-FG-01DIOHEATLSLV90-HORS000,08/21/26 07:46 AM EDT,$0.72,20
20260821,KBO-TRUNS-FG-01DPAFQKTNCEJLO-GTE-P00075,08/21/26 07:46 AM EDT,$0.82,67
20260821,KBO-TRUNS-FG-01DPAFQKTNCEJLO-GTE-P00075,08/21/26 07:46 AM EDT,$0.81,50
20260821,KBO-WIN-FG-01DPAFQKTNCEJLO-KTON000,08/21/26 07:46 AM EDT,$0.50,192
20260821,NPB-WIN-FG-01DIOHEATLSLV90-CHES000,08/21/26 07:47 AM EDT,$0.36,450
20260821,NPB-WIN-FG-01DIOHEATLSLV90-HORS000,08/21/26 07:47 AM EDT,$0.65,450
20260821,NPB-WIN-FG-01DIOHEATLSLV90-CHES000,08/21/26 07:47 AM EDT,$0.36,412
20260821,NPB-WIN-FG-01DIOHEATLSLV90-HORS000,08/21/26 07:47 AM EDT,$0.65,412
20260821,NPB-WIN-FG-01DIOHEATLSLV90-HORS000,08/21/26 07:47 AM EDT,$0.65,292
20260821,NPB-WIN-FG-01DIOHEATLSLV90-HORS000,08/21/26 07:47 AM EDT,$0.65,292
20260821,NPB-WIN-FG-01DIOHEATLSLV90-HORS000,08/21/26 07:47 AM EDT,$0.65,116
20260821,NPB-WIN-FG-01DIOHEATLSLV90-CHES000,08/21/26 07:47 AM EDT,$0.36,292
20260821,NPB-WIN-FG-01DIOHEATLSLV90-CHES000,08/21/26 07:47 AM EDT,$0.36,292
20260821,NPB-WIN-FG-01DIOHEATLSLV90-CHES000,08/21/26 07:47 AM EDT,$0.36,87
20260821,NPB-WIN-FG-01DIOHEATLSLV90-HORS000,08/21/26 07:47 AM EDT,$0.65,4
20260821,NPB-WIN-FG-01DIOHEATLSLV90-HORS000,08/21/26 07:47 AM EDT,$0.65,8
20260821,NPB-WIN-FG-01DIOHEATLSLV90-CHES000,08/21/26 07:47 AM EDT,$0.36,29
20260821,NPB-WIN-FG-01DIOHEATLSLV90-CHES000,08/21/26 07:47 AM EDT,$0.36,4
20260821,NPB-WIN-FG-01DIOHEATLSLV90-HORS000,08/21/26 07:47 AM EDT,$0.65,135
20260821,NPB-WIN-FG-01DIOHEATLSLV90-HORS000,08/21/26 07:47 AM EDT,$0.65,9
20260821,NPB-WIN-FG-01DIOHEATLSLV90-CHES000,08/21/26 07:47 AM EDT,$0.36,135
20260821,NPB-WIN-FG-01DIOHEATLSLV90-HORS000,08/21/26 07:47 AM EDT,$0.64,130
20260821,NPB-WIN-FG-01DIOHEATLSLV90-CHES000,08/21/26 07:47 AM EDT,$0.36,139
20260821,NPB-WIN-FG-01DIOHEATLSLV90-HORS000,08/21/26 07:47 AM EDT,$0.64,132
20260821,NPB-WIN-FG-01DIOHEATLSLV90-CHES000,08/21/26 07:47 AM EDT,$0.36,12
20260821,NPB-WIN-FG-01DIOHEATLSLV90-HORS000,08/21/26 07:47 AM EDT,$0.64,12
20260821,NPB-WIN-FG-01DIOHEATLSLV90-CHES000,08/21/26 07:47 AM EDT,$0.36,132
20260821,NPB-WIN-FG-01DIOHEATLSLV90-HORS000,08/21/26 07:47 AM EDT,$0.64,65
20260821,NPB-WIN-FG-01DIOHEATLSLV90-CHES000,08/21/26 07:47 AM EDT,$0.36,65
20260821,NPB-WIN-FG-01DIOHEATLSLV90-HORS000,08/21/26 07:47 AM EDT,$0.64,10
20260821,NPB-WIN-FG-01DIOHEATLSLV90-HORS000,08/21/26 07:47 AM EDT,$0.64,2
20260821,NPB-WIN-FG-01DIOHEATLSLV90-HORS000,08/21/26 07:47 AM EDT,$0.64,142
20260821,NPB-WIN-FG-01DIOHEATLSLV90-CHES000,08/21/26 07:47 AM EDT,$0.36,10
20260821,NPB-WIN-FG-01DIOHEATLSLV90-HORS000,08/21/26 07:47 AM EDT,$0.64,80
20260821,NPB-WIN-FG-01DIOHEATLSLV90-CHES000,08/21/26 07:47 AM EDT,$0.36,2
20260821,NPB-WIN-FG-01DIOHEATLSLV90-CHES000,08/21/26 07:47 AM EDT,$0.36,150
20260821,NPB-WIN-FG-01DIOHEATLSLV90-CHES000,08/21/26 07:47 AM EDT,$0.36,80
20260821,NPB-WIN-FG-01DIOHEATLSLV90-CHES000,08/21/26 07:47 AM EDT,$0.36,159
20260821,NPB-WIN-FG-01DIOHEATLSLV90-HORS000,08/21/26 07:47 AM EDT,$0.64,159
20260821,NPB-WIN-FG-01DIOHEATLSLV90-CHES000,08/21/26 07:47 AM EDT,$0.36,450
20260821,NPB-WIN-FG-01DIOHEATLSLV90-HORS000,08/21/26 07:47 AM EDT,$0.64,450
20260821,NPB-WIN-FG-01DIOHESTLSLVL0-SANS002,08/21/26 07:47 AM EDT,$0.33,450
20260821,NPB-WIN-FG-01DIOHESTLSLVL0-SANS002,08/21/26 07:47 AM EDT,$0.33,70
20260821,NPB-WIN-FG-01DIOHESTLSLVL0-SANS002,08/21/26 07:47 AM EDT,$0.33,450
20260821,NPB-WIN-FG-01DIOHESTLSLVL0-SANS002,08/21/26 07:47 AM EDT,$0.33,450
20260821,KBO-WIN-FG-01DPAFSVTNCEI30-LOTS001,08/21/26 07:47 AM EDT,$0.70,34
20260821,KBO-WIN-FG-01DPAFQKTNCEJLO-SSRS000,08/21/26 07:47 AM EDT,$0.56,17
20260821,KBO-TRUNS-FG-01DPAFSVTNCEI30-GTE-P00065,08/21/26 07:48 AM EDT,$0.46,178
20260821,KBO-WIN-FG-01DPAFSVTNCEI30-DORS000,08/21/26 07:48 AM EDT,$0.29,310
20260821,KBO-WIN-FG-01DPAFSVTNCEI30-LOTS001,08/21/26 07:48 AM EDT,$0.71,273
20260821,KBO-WIN-FG-01DPAFSVTNCEI30-LOTS001,08/21/26 07:48 AM EDT,$0.71,37
20260821,KBO-WIN-FG-01DPAFSVTNCEI30-DORS000,08/21/26 07:48 AM EDT,$0.29,310
20260821,KBO-WIN-FG-01DPAFSVTNCEI30-LOTS001,08/21/26 07:48 AM EDT,$0.71,450
20260821,KBO-WIN-FG-01DPAFSVTNCEI30-DORS000,08/21/26 07:48 AM EDT,$0.29,450
20260821,KBO-WIN-FG-01DPAFSVTNCEI30-LOTS001,08/21/26 07:48 AM EDT,$0.71,310
20260821,KBO-WIN-FG-01DPAFSVTNCEI30-DORS000,08/21/26 07:48 AM EDT,$0.29,65
20260821,KBO-WIN-FG-01DPAFSVTNCEI30-LOTS001,08/21/26 07:48 AM EDT,$0.71,450
20260821,KBO-WIN-FG-01DPAFSVTNCEI30-DORS000,08/21/26 07:48 AM EDT,$0.29,273
20260821,KBO-WIN-FG-01DPAFSVTNCEI30-LOTS001,08/21/26 07:48 AM EDT,$0.71,130
20260821,KBO-WIN-FG-01DPAFSVTNCEI30-DORS000,08/21/26 07:48 AM EDT,$0.28,35
20260821,KBO-WIN-FG-01DPAFSVTNCEI30-DORS000,08/21/26 07:48 AM EDT,$0.28,65
20260821,KBO-WIN-FG-01DPAFSVTNCEI30-LOTS001,08/21/26 07:48 AM EDT,$0.71,100
20260821,KBO-WIN-FG-01DPAFSVTNCEI30-LOTS001,08/21/26 07:48 AM EDT,$0.71,450
20260821,KBO-WIN-FG-01DPAFSVTNCEI30-LOTS001,08/21/26 07:48 AM EDT,$0.71,30
20260821,KBO-WIN-FG-01DPAFSVTNCEI30-LOTS001,08/21/26 07:48 AM EDT,$0.71,30
20260821,KBO-WIN-FG-01DPAFSVTNCEI30-LOTS001,08/21/26 07:48 AM EDT,$0.71,450
20260821,KBO-WIN-FG-01DPAFSVTNCEI30-DORS000,08/21/26 07:48 AM EDT,$0.28,60
20260821,KBO-WIN-FG-01DPAFSVTNCEI30-LOTS001,08/21/26 07:48 AM EDT,$0.71,450
20260821,KBO-WIN-FG-01DPAFSVTNCEI30-LOTS001,08/21/26 07:48 AM EDT,$0.71,450
20260821,KBO-WIN-FG-01DPAFSVTNCEI30-LOTS001,08/21/26 07:48 AM EDT,$0.80,5
20260821,KBO-WIN-FG-01DPACKPTNC5RV0-KIRS000,08/21/26 07:48 AM EDT,$0.86,62
20260821,KBO-WIN-FG-01DPAFQKTNCEJLO-KTON000,08/21/26 07:48 AM EDT,$0.37,90
20260821,KBO-WIN-FG-01DPAFQKTNCEJLO-SSRS000,08/21/26 07:48 AM EDT,$0.63,90
20260821,KBO-WIN-FG-01DPAFQKTNCEJLO-KTON000,08/21/26 07:49 AM EDT,$0.37,90
20260821,KBO-WIN-FG-01DPAFQKTNCEJLO-SSRS000,08/21/26 07:49 AM EDT,$0.63,90
20260821,KBO-WIN-FG-01DPAFQKTNCEJLO-KTON000,08/21/26 07:49 AM EDT,$0.37,50
20260821,KBO-WIN-FG-01DPAFQKTNCEJLO-SSRS000,08/21/26 07:49 AM EDT,$0.63,140
20260821,KBO-WIN-FG-01DPAFQKTNCEJLO-KTON000,08/21/26 07:49 AM EDT,$0.37,90
20260821,KBO-TRUNS-FG-01DPACJGTNC5R90-GTE-P00155,08/21/26 07:49 AM EDT,$0.78,12
20260821,KBO-WIN-FG-01DPAFQKTNCEJLO-KTON000,08/21/26 07:49 AM EDT,$0.37,220
20260821,KBO-WIN-FG-01DPAFQKTNCEJLO-SSRS000,08/21/26 07:49 AM EDT,$0.63,220
20260821,KBO-WIN-FG-01DPAFQKTNCEJLO-KTON000,08/21/26 07:49 AM EDT,$0.37,50
20260821,KBO-WIN-FG-01DPAFQKTNCEJLO-KTON000,08/21/26 07:49 AM EDT,$0.37,500
20260821,KBO-WIN-FG-01DPAFQKTNCEJLO-SSRS000,08/21/26 07:49 AM EDT,$0.63,550
20260821,NPB-WIN-FG-01DIOHESTLSLVL0-TOES000,08/21/26 07:49 AM EDT,$0.74,198
20260821,KBO-WIN-FG-01DPACLITNC5QPG-NCOS000,08/21/26 07:49 AM EDT,$0.59,10
20260821,KBO-WIN-FG-01DPACLITNC5QPG-SANS000,08/21/26 07:49 AM EDT,$0.41,10
20260821,KBO-WIN-FG-01DPACLITNC5QPG-SANS000,08/21/26 07:49 AM EDT,$0.41,125
20260821,NPB-WIN-FG-01DIOHEATLSLV90-CHES000,08/21/26 07:49 AM EDT,$0.65,22
20260821,NPB-WIN-FG-01DIOHEATLSLV90-HORS000,08/21/26 07:49 AM EDT,$0.35,22
20260821,NPB-WIN-FG-01DIOHEATLSLV90-CHES000,08/21/26 07:49 AM EDT,$0.65,35
20260821,NPB-WIN-FG-01DIOHEATLSLV90-HORS000,08/21/26 07:49 AM EDT,$0.35,35
20260821,NPB-WIN-FG-01DIOHEATLSLV90-HORS000,08/21/26 07:49 AM EDT,$0.35,15
20260821,NPB-WIN-FG-01DIOHEATLSLV90-HORS000,08/21/26 07:49 AM EDT,$0.35,1
20260821,NPB-WIN-FG-01DIOHEATLSLV90-HORS000,08/21/26 07:49 AM EDT,$0.35,10
20260821,NPB-WIN-FG-01DIOHEATLSLV90-CHES000,08/21/26 07:49 AM EDT,$0.65,10
20260821,NPB-WIN-FG-01DIOHEATLSLV90-HORS000,08/21/26 07:49 AM EDT,$0.35,10
20260821,MLB-TRUNS-I1-000FPR4TI545OUG-GTE-P00005,08/21/26 07:49 AM EDT,$0.36,37
20260821,MLB-TRUNS-I1-000696G0I4R92U8-GTE-P00005,08/21/26 07:49 AM EDT,$0.33,36
20260821,MLB-TRUNS-I1-000FPR4SI545PC8-GTE-P00005,08/21/26 07:49 AM EDT,$0.46,44
20260821,MLB-TRUNS-I1-000FP404I54B3T0-GTE-P00005,08/21/26 07:49 AM EDT,$0.44,43
20260821,MLB-TRUNS-I1-000FP22AI543DI8-GTE-P00005,08/21/26 07:49 AM EDT,$0.40,40
20260821,MLB-TRUNS-I1-00069L89I4RE7OO-GTE-P00005,08/21/26 07:49 AM EDT,$0.42,41
20260821,KBO-TRUNS-FG-01DPAFQKTNCEJLO-GTE-P00055,08/21/26 07:49 AM EDT,$0.47,6
20260821,KBO-WIN-FG-01DPACLITNC5QPG-SANS000,08/21/26 07:49 AM EDT,$0.42,454
20260821,NPB-WIN-FG-01DIOHESTLSLVL0-TOES000,08/21/26 07:49 AM EDT,$0.74,20
20260821,NPB-WIN-FG-01DIOHESTLSLVL0-SANS002,08/21/26 07:49 AM EDT,$0.26,20
20260821,KBO-TRUNS-FG-01DPACLITNC5QPG-GTE-P00095,08/21/26 07:49 AM EDT,$0.40,80
20260821,KBO-WIN-FG-01DPAFSVTNCEI30-LOTS001,08/21/26 07:49 AM EDT,$0.80,14
20260821,MLB-PHRR-FG-00069L89I4RE7OO-JORO004-GTE-P00015,08/21/26 07:49 AM EDT,$0.42,56
20260821,MLB-PHRR-FG-000696G0I4R92U8-ROJR000-GTE-P00005,08/21/26 07:50 AM EDT,$0.65,7
20260821,NPB-TRUNS-FG-01DIOHFDTLSLUG8-GTE-P00055,08/21/26 07:50 AM EDT,$0.12,10
20260821,KBO-WIN-FG-01DPACKPTNC5RV0-KIES000,08/21/26 07:50 AM EDT,$0.26,27
20260821,KBO-WIN-FG-01DPACKPTNC5RV0-KIES000,08/21/26 07:50 AM EDT,$0.25,83
20260821,KBO-WIN-FG-01DPAFQKTNCEJLO-KTON000,08/21/26 07:50 AM EDT,$0.30,9
20260821,NPB-WIN-FG-01DIOHESTLSLVL0-TOES000,08/21/26 07:50 AM EDT,$0.61,100
20260821,NPB-WIN-FG-01DIOHESTLSLVL0-SANS002,08/21/26 07:50 AM EDT,$0.39,100
20260821,NPB-WIN-FG-01DIOHESTLSLVL0-TOES000,08/21/26 07:50 AM EDT,$0.61,20
20260821,NPB-WIN-FG-01DIOHESTLSLVL0-SANS002,08/21/26 07:50 AM EDT,$0.39,20
20260821,NPB-WIN-FG-01DIOHESTLSLVL0-TOES000,08/21/26 07:50 AM EDT,$0.61,10
20260821,NPB-WIN-FG-01DIOHESTLSLVL0-SANS002,08/21/26 07:50 AM EDT,$0.39,10
20260821,KBO-WIN-FG-01DPACKPTNC5RV0-KIRS000,08/21/26 07:50 AM EDT,$0.75,36
20260821,NPB-WIN-FG-01DIOHESTLSLVL0-TOES000,08/21/26 07:50 AM EDT,$0.61,450
20260821,NPB-WIN-FG-01DIOHESTLSLVL0-SANS002,08/21/26 07:50 AM EDT,$0.39,450
20260821,KBO-MOVY-FG-01DPAFSVTNCEI30-LOTS001-GTE-P00025,08/21/26 07:50 AM EDT,$0.48,400
20260821,NPB-WIN-FG-01DIOHESTLSLVL0-TOES000,08/21/26 07:50 AM EDT,$0.61,10
20260821,NPB-WIN-FG-01DIOHESTLSLVL0-SANS002,08/21/26 07:50 AM EDT,$0.39,10
20260821,NPB-WIN-FG-01DIOHESTLSLVL0-SANS002,08/21/26 07:50 AM EDT,$0.39,6
20260821,NPB-WIN-FG-01DIOHESTLSLVL0-TOES000,08/21/26 07:50 AM EDT,$0.61,6
20260821,NPB-WIN-FG-01DIOHESTLSLVL0-TOES000,08/21/26 07:50 AM EDT,$0.61,10
20260821,NPB-WIN-FG-01DIOHESTLSLVL0-SANS002,08/21/26 07:50 AM EDT,$0.39,10
20260821,NPB-WIN-FG-01DIOHESTLSLVL0-TOES000,08/21/26 07:50 AM EDT,$0.61,10
20260821,NPB-WIN-FG-01DIOHESTLSLVL0-SANS002,08/21/26 07:50 AM EDT,$0.39,10
20260821,NPB-WIN-FG-01DIOHESTLSLVL0-TOES000,08/21/26 07:50 AM EDT,$0.61,12
20260821,NPB-WIN-FG-01DIOHESTLSLVL0-SANS002,08/21/26 07:50 AM EDT,$0.39,12
20260821,NPB-WIN-FG-01DIOHESTLSLVL0-SANS002,08/21/26 07:50 AM EDT,$0.39,1
20260821,NPB-WIN-FG-01DIOHESTLSLVL0-TOES000,08/21/26 07:50 AM EDT,$0.61,1
20260821,KBO-MOVY-FG-01DPAFQKTNCEJLO-SSRS000-GTE-P00015,08/21/26 07:51 AM EDT,$0.46,20
20260821,NPB-WIN-FG-01DIOHESTLSLVL0-TOES000,08/21/26 07:51 AM EDT,$0.53,50
20260821,NPB-WIN-FG-01DIOHESTLSLVL0-SANS002,08/21/26 07:51 AM EDT,$0.47,50
20260821,NPB-WIN-FG-01DIOHESTLSLVL0-TOES000,08/21/26 07:51 AM EDT,$0.52,25
20260821,NPB-WIN-FG-01DIOHESTLSLVL0-SANS002,08/21/26 07:51 AM EDT,$0.47,5
20260821,NPB-WIN-FG-01DIOHESTLSLVL0-SANS002,08/21/26 07:51 AM EDT,$0.47,8
20260821,NPB-WIN-FG-01DIOHESTLSLVL0-SANS002,08/21/26 07:51 AM EDT,$0.47,450
20260821,NPB-WIN-FG-01DIOHESTLSLVL0-SANS002,08/21/26 07:51 AM EDT,$0.47,5
20260821,NPB-WIN-FG-01DIOHESTLSLVL0-TOES000,08/21/26 07:51 AM EDT,$0.52,5
20260821,KBO-TRUNS-FG-01DPACLITNC5QPG-GTE-P00085,08/21/26 07:51 AM EDT,$0.61,24
20260821,KBO-MOVY-FG-01DPACJGTNC5R90-LGNS000-GTE-P00075,08/21/26 07:51 AM EDT,$0.51,192
20260821,NPB-WIN-FG-01DIOH81TLSLVN8-HARS001,08/21/26 07:51 AM EDT,$0.90,8
20260821,NPB-WIN-FG-01DIOH98TLSLV90-HIRP000,08/21/26 07:51 AM EDT,$0.02,10
20260821,NPB-WIN-FG-01DIOH98TLSLV90-HIRP000,08/21/26 07:51 AM EDT,$0.02,10
20260821,NPB-WIN-FG-01DIOH98TLSLV90-HIRP000,08/21/26 07:51 AM EDT,$0.02,10
20260821,NPB-WIN-FG-01DIOH98TLSLV90-HIRP000,08/21/26 07:51 AM EDT,$0.02,63
20260821,NPB-WIN-FG-01DIOH98TLSLV90-HIRP000,08/21/26 07:51 AM EDT,$0.02,10
20260821,NPB-WIN-FG-01DIOH98TLSLV90-HIRP000,08/21/26 07:51 AM EDT,$0.02,450
20260821,NPB-WIN-FG-01DIOH98TLSLV90-HIRP000,08/21/26 07:51 AM EDT,$0.02,9
20260821,NPB-WIN-FG-01DIOH98TLSLV90-HIRP000,08/21/26 07:51 AM EDT,$0.02,63
20260821,NPB-WIN-FG-01DIOH98TLSLV90-HIRP000,08/21/26 07:51 AM EDT,$0.02,8
20260821,NPB-WIN-FG-01DIOH98TLSLV90-HIRP000,08/21/26 07:51 AM EDT,$0.02,7
20260821,NPB-WIN-FG-01DIOH98TLSLV90-HIRP000,08/21/26 07:51 AM EDT,$0.02,63
20260821,NPB-WIN-FG-01DIOH98TLSLV90-HIRP000,08/21/26 07:51 AM EDT,$0.02,100
20260821,NPB-WIN-FG-01DIOH98TLSLV90-HIRP000,08/21/26 07:51 AM EDT,$0.02,6
20260821,NPB-WIN-FG-01DIOH98TLSLV90-HIRP000,08/21/26 07:51 AM EDT,$0.02,4
20260821,NPB-WIN-FG-01DIOH98TLSLV90-HIRP000,08/21/26 07:51 AM EDT,$0.02,10
20260821,NPB-WIN-FG-01DIOH98TLSLV90-HIRP000,08/21/26 07:51 AM EDT,$0.02,99
20260821,NPB-WIN-FG-01DIOH98TLSLV90-HIRP000,08/21/26 07:51 AM EDT,$0.02,90
20260821,NPB-WIN-FG-01DIOH98TLSLV90-HIRP000,08/21/26 07:52 AM EDT,$0.02,2
20260821,NPB-WIN-FG-01DIOH98TLSLV90-HIRP000,08/21/26 07:52 AM EDT,$0.02,6
20260821,NPB-WIN-FG-01DIOH98TLSLV90-HIRP000,08/21/26 07:52 AM EDT,$0.04,10
20260821,NPB-WIN-FG-01DIOH98TLSLV90-HIRP000,08/21/26 07:52 AM EDT,$0.04,11
20260821,NPB-WIN-FG-01DIOH98TLSLV90-HIRP000,08/21/26 07:52 AM EDT,$0.04,76
20260821,NPB-WIN-FG-01DIOH98TLSLV90-HIRP000,08/21/26 07:52 AM EDT,$0.04,450
20260821,NPB-WIN-FG-01DIOH98TLSLV90-HIRP000,08/21/26 07:52 AM EDT,$0.04,100
20260821,NPB-WIN-FG-01DIOH98TLSLV90-HIRP000,08/21/26 07:52 AM EDT,$0.04,11
20260821,NPB-WIN-FG-01DIOH98TLSLV90-HIRP000,08/21/26 07:52 AM EDT,$0.04,10
20260821,NPB-WIN-FG-01DIOH98TLSLV90-HIRP000,08/21/26 07:52 AM EDT,$0.04,70
20260821,NPB-WIN-FG-01DIOH98TLSLV90-HIRP000,08/21/26 07:52 AM EDT,$0.04,6
20260821,KBO-WIN-FG-01DPAFSVTNCEI30-DORS000,08/21/26 07:52 AM EDT,$0.15,280
20260821,NPB-WIN-FG-01DIOH98TLSLV90-HIRP000,08/21/26 07:52 AM EDT,$0.02,450
20260821,NPB-WIN-FG-01DIOH98TLSLV90-HIRP000,08/21/26 07:52 AM EDT,$0.02,40
20260821,NPB-WIN-FG-01DIOHESTLSLVL0-TOES000,08/21/26 07:52 AM EDT,$0.53,28
20260821,NPB-WIN-FG-01DIOH98TLSLV90-HIRP000,08/21/26 07:52 AM EDT,$0.02,6
20260821,NPB-WIN-FG-01DIOH98TLSLV90-HIRP000,08/21/26 07:52 AM EDT,$0.02,57
20260821,NPB-WIN-FG-01DIOH98TLSLV90-HIRP000,08/21/26 07:52 AM EDT,$0.02,54
20260821,NPB-WIN-FG-01DIOH98TLSLV90-HIRP000,08/21/26 07:52 AM EDT,$0.02,413
20260821,NPB-WIN-FG-01DIOH98TLSLV90-HIRP000,08/21/26 07:52 AM EDT,$0.03,14
20260821,NPB-TRUNS-FG-01DIOHFDTLSLUG8-GTE-P00055,08/21/26 07:52 AM EDT,$0.06,14
20260821,KBO-WIN-FG-01DPACLITNC5QPG-SANS000,08/21/26 07:52 AM EDT,$0.33,357
20260821,NPB-WIN-FG-01DIOHESTLSLVL0-TOES000,08/21/26 07:52 AM EDT,$0.53,450
20260821,NPB-WIN-FG-01DIOHESTLSLVL0-SANS002,08/21/26 07:52 AM EDT,$0.47,450
20260821,NPB-WIN-FG-01DIOHESTLSLVL0-SANS002,08/21/26 07:52 AM EDT,$0.47,1081
20260821,NPB-WIN-FG-01DIOHESTLSLVL0-SANS002,08/21/26 07:52 AM EDT,$0.47,919
20260821,NPB-WIN-FG-01DIOHESTLSLVL0-TOES000,08/21/26 07:52 AM EDT,$0.53,1650
20260821,NPB-WIN-FG-01DIOHESTLSLVL0-TOES000,08/21/26 07:52 AM EDT,$0.53,350
20260821,KBO-WIN-FG-01DPACKPTNC5RV0-KIRS000,08/21/26 07:52 AM EDT,$0.80,28
20260821,NPB-TRUNS-FG-01DIOHFDTLSLUG8-GTE-P00055,08/21/26 07:53 AM EDT,$0.05,9
20260821,KBO-TRUNS-FG-01DPAFQKTNCEJLO-GTE-P00055,08/21/26 07:53 AM EDT,$0.59,2
20260821,NPB-MOVY-FG-01DIOHFDTLSLUG8-CHNS000-GTE-P00025,08/21/26 07:53 AM EDT,$0.81,36
20260821,KBO-WIN-FG-01DPAFSVTNCEI30-DORS000,08/21/26 07:53 AM EDT,$0.15,31
20260821,KBO-TRUNS-FG-01DPACJGTNC5R90-GTE-P00155,08/21/26 07:53 AM EDT,$0.73,45
20260821,NPB-MOVY-FG-01DIOHFDTLSLUG8-CHNS000-GTE-P00035,08/21/26 07:53 AM EDT,$0.07,150
20260821,NPB-WIN-FG-01DIOHEATLSLV90-HORS000,08/21/26 07:53 AM EDT,$0.40,450
20260821,NPB-WIN-FG-01DIOHEATLSLV90-HORS000,08/21/26 07:53 AM EDT,$0.40,10
20260821,NPB-WIN-FG-01DIOHEATLSLV90-HORS000,08/21/26 07:53 AM EDT,$0.40,10
20260821,NPB-WIN-FG-01DIOHEATLSLV90-CHES000,08/21/26 07:53 AM EDT,$0.60,450
20260821,NPB-WIN-FG-01DIOHEATLSLV90-HORS000,08/21/26 07:54 AM EDT,$0.40,450
20260821,NPB-WIN-FG-01DIOHEATLSLV90-HORS000,08/21/26 07:54 AM EDT,$0.40,10
20260821,KBO-MOVY-FG-01DPACKPTNC5RV0-KIRS000-GTE-P00025,08/21/26 07:54 AM EDT,$0.37,141
20260821,KBO-WIN-FG-01DPAFQKTNCEJLO-KTON000,08/21/26 07:54 AM EDT,$0.25,11
20260821,KBO-WIN-FG-01DPAFQKTNCEJLO-SSRS000,08/21/26 07:54 AM EDT,$0.78,31
20260821,NPB-WIN-FG-01DIOHEATLSLV90-CHES000,08/21/26 07:54 AM EDT,$0.61,160
20260821,NPB-WIN-FG-01DIOHEATLSLV90-HORS000,08/21/26 07:54 AM EDT,$0.39,160
20260821,NPB-WIN-FG-01DIOHEATLSLV90-CHES000,08/21/26 07:54 AM EDT,$0.61,13
20260821,NPB-WIN-FG-01DIOHEATLSLV90-HORS000,08/21/26 07:54 AM EDT,$0.39,13
20260821,NPB-WIN-FG-01DIOHEATLSLV90-CHES000,08/21/26 07:54 AM EDT,$0.61,25
20260821,NPB-WIN-FG-01DIOHEATLSLV90-HORS000,08/21/26 07:54 AM EDT,$0.39,25
20260821,NPB-WIN-FG-01DIOHEATLSLV90-CHES000,08/21/26 07:54 AM EDT,$0.61,23
20260821,NPB-WIN-FG-01DIOHEATLSLV90-HORS000,08/21/26 07:54 AM EDT,$0.39,23
20260821,NPB-WIN-FG-01DIOHEATLSLV90-CHES000,08/21/26 07:54 AM EDT,$0.61,100
20260821,NPB-WIN-FG-01DIOHEATLSLV90-HORS000,08/21/26 07:54 AM EDT,$0.39,100
20260821,NPB-WIN-FG-01DIOHEATLSLV90-CHES000,08/21/26 07:54 AM EDT,$0.61,69
20260821,NPB-WIN-FG-01DIOHEATLSLV90-CHES000,08/21/26 07:54 AM EDT,$0.61,22
20260821,NPB-WIN-FG-01DIOHEATLSLV90-HORS000,08/21/26 07:54 AM EDT,$0.39,69
20260821,NPB-WIN-FG-01DIOHEATLSLV90-HORS000,08/21/26 07:54 AM EDT,$0.39,22
20260821,KBO-WIN-FG-01DPACLITNC5QPG-NCOS000,08/21/26 07:54 AM EDT,$0.69,107
20260821,KBO-TRUNS-FG-01DPAFSVTNCEI30-GTE-P00075,08/21/26 07:54 AM EDT,$0.51,62
20260821,KBO-WIN-FG-01DPAFSVTNCEI30-DORS000,08/21/26 07:54 AM EDT,$0.13,107
20260821,KBO-WIN-FG-01DPACLITNC5QPG-NCOS000,08/21/26 07:54 AM EDT,$0.69,28
20260821,NPB-TRUNS-FG-01DIOH81TLSLVN8-GTE-P00055,08/21/26 07:54 AM EDT,$0.08,7
20260821,KBO-TRUNS-FG-01DPAFQKTNCEJLO-GTE-P00075,08/21/26 07:54 AM EDT,$0.35,44
20260821,KBO-MOVY-FG-01DPACKPTNC5RV0-KIRS000-GTE-P00025,08/21/26 07:54 AM EDT,$0.44,21
20260821,KBO-WIN-FG-01DPACKPTNC5RV0-KIRS000,08/21/26 07:54 AM EDT,$0.80,60
20260821,KBO-WIN-FG-01DPACLITNC5QPG-NCOS000,08/21/26 07:54 AM EDT,$0.66,67
20260821,KBO-WIN-FG-01DPACLITNC5QPG-NCOS000,08/21/26 07:54 AM EDT,$0.66,24
20260821,KBO-WIN-FG-01DPACKPTNC5RV0-KIRS000,08/21/26 07:55 AM EDT,$0.80,18
20260821,KBO-TRUNS-FG-01DPACKPTNC5RV0-GTE-P00075,08/21/26 07:55 AM EDT,$0.50,109
20260821,KBO-TRUNS-FG-01DPAFSVTNCEI30-GTE-P00075,08/21/26 07:55 AM EDT,$0.51,10
20260821,KBO-TRUNS-FG-01DPAFQKTNCEJLO-GTE-P00065,08/21/26 07:55 AM EDT,$0.53,89
20260821,KBO-MOVY-FG-01DPACJGTNC5R90-LGNS000-GTE-P00075,08/21/26 07:55 AM EDT,$0.53,48
20260821,NPB-WIN-FG-01DIOHESTLSLVL0-TOES000,08/21/26 07:55 AM EDT,$0.46,11
20260821,NPB-WIN-FG-01DIOHESTLSLVL0-SANS002,08/21/26 07:55 AM EDT,$0.54,11
20260821,NPB-WIN-FG-01DIOHESTLSLVL0-TOES000,08/21/26 07:55 AM EDT,$0.46,96
20260821,NPB-WIN-FG-01DIOHESTLSLVL0-SANS002,08/21/26 07:55 AM EDT,$0.54,96
20260821,NPB-WIN-FG-01DIOHESTLSLVL0-TOES000,08/21/26 07:55 AM EDT,$0.46,9
20260821,NPB-WIN-FG-01DIOHESTLSLVL0-SANS002,08/21/26 07:55 AM EDT,$0.54,9
20260821,NPB-WIN-FG-01DIOHESTLSLVL0-TOES000,08/21/26 07:55 AM EDT,$0.46,1
20260821,NPB-WIN-FG-01DIOHESTLSLVL0-SANS002,08/21/26 07:55 AM EDT,$0.54,1
20260821,MLB-MOVY-IT5-000FPUUOI541HG8-ARKS000-GTE-P00005,08/21/26 07:55 AM EDT,$0.51,21
20260821,KBO-WIN-FG-01DPACLITNC5QPG-SANS000,08/21/26 07:55 AM EDT,$0.30,884
20260821,KBO-WIN-FG-01DPAFQKTNCEJLO-SSRS000,08/21/26 07:55 AM EDT,$0.76,2
20260821,NPB-WIN-FG-01DIOH81TLSLVN8-HARS001,08/21/26 07:56 AM EDT,$0.94,10
20260821,NPB-WIN-FG-01DIOH81TLSLVN8-YORS001,08/21/26 07:56 AM EDT,$0.06,10
20260821,NPB-MOVY-FG-01DIOH98TLSLV90-YOTS000-GTE-P00015,08/21/26 07:56 AM EDT,$0.98,75
20260821,NPB-WIN-FG-01DIOHESTLSLVL0-SANS002,08/21/26 07:56 AM EDT,$0.55,500
20260821,NPB-WIN-FG-01DIOHESTLSLVL0-SANS002,08/21/26 07:56 AM EDT,$0.55,1818
20260821,NPB-WIN-FG-01DIOHESTLSLVL0-TOES000,08/21/26 07:56 AM EDT,$0.48,50
20260821,NPB-WIN-FG-01DIOHESTLSLVL0-SANS002,08/21/26 07:56 AM EDT,$0.54,1021
20260821,KBO-WIN-FG-01DPAFQKTNCEJLO-KTON000,08/21/26 07:56 AM EDT,$0.24,82
20260821,KBO-WIN-FG-01DPAFQKTNCEJLO-SSRS000,08/21/26 07:56 AM EDT,$0.78,12
20260821,NPB-WIN-FG-01DIOHESTLSLVL0-SANS002,08/21/26 07:57 AM EDT,$0.54,17
20260821,NPB-WIN-FG-01DIOHEATLSLV90-HORS000,08/21/26 07:57 AM EDT,$0.50,450
20260821,NPB-WIN-FG-01DIOHESTLSLVL0-SANS002,08/21/26 07:57 AM EDT,$0.51,87
20260821,KBO-WIN-FG-01DPAFQKTNCEJLO-KTON000,08/21/26 07:57 AM EDT,$0.27,200
20260821,FRIENDLYCLUB-DWIN-FG-02HIF8PCOKI3JP8-DRAW,08/21/26 07:57 AM EDT,$0.48,20
20260821,MLB-TRUNS-I1-000FPUUOI541HG8-GTE-P00005,08/21/26 07:57 AM EDT,$0.45,26
20260821,KBO-MOVY-FG-01DPAFSVTNCEI30-LOTS001-GTE-P00025,08/21/26 07:57 AM EDT,$0.60,80
20260821,KBO-WIN-FG-01DPACLITNC5QPG-NCOS000,08/21/26 07:58 AM EDT,$0.68,18
20260821,KBO-WIN-FG-01DPAFSVTNCEI30-LOTS001,08/21/26 07:58 AM EDT,$0.86,113
20260821,KBO-TRUNS-FG-01DPAFSVTNCEI30-GTE-P00075,08/21/26 07:58 AM EDT,$0.51,100
20260821,NPB-WIN-FG-01DIOHESTLSLVL0-TOES000,08/21/26 07:58 AM EDT,$0.50,6
20260821,NPB-WIN-FG-01DIOHESTLSLVL0-SANS002,08/21/26 07:58 AM EDT,$0.50,6
20260821,KBO-TRUNS-FG-01DPAFSVTNCEI30-GTE-P00075,08/21/26 07:58 AM EDT,$0.50,94
20260821,KBO-TRUNS-FG-01DPAFSVTNCEI30-GTE-P00075,08/21/26 07:58 AM EDT,$0.53,42
20260821,MLB-TRUNS-I1-000696G0I4R92U8-GTE-P00025,08/21/26 07:58 AM EDT,$0.03,10
20260821,KBO-WIN-FG-01DPAFQKTNCEJLO-KTON000,08/21/26 07:59 AM EDT,$0.45,20
20260821,NPB-WIN-FG-01DIOHESTLSLVL0-TOES000,08/21/26 07:59 AM EDT,$0.49,5
20260821,NPB-WIN-FG-01DIOHESTLSLVL0-SANS002,08/21/26 07:59 AM EDT,$0.53,14
20260821,NPB-WIN-FG-01DIOH81TLSLVN8-HARS001,08/21/26 07:59 AM EDT,$0.96,42
20260821,NPB-WIN-FG-01DIOHESTLSLVL0-TOES000,08/21/26 07:59 AM EDT,$0.49,5
20260821,NPB-WIN-FG-01DIOHESTLSLVL0-SANS002,08/21/26 07:59 AM EDT,$0.51,5
20260821,KBO-WIN-FG-01DPACLITNC5QPG-SANS000,08/21/26 07:59 AM EDT,$0.38,25
20260821,KBO-MOVY-FG-01DPACKPTNC5RV0-KIRS000-GTE-P00025,08/21/26 07:59 AM EDT,$0.43,75
20260821,NPB-WIN-FG-01DIOHESTLSLVL0-TOES000,08/21/26 07:59 AM EDT,$0.50,610
20260821,NPB-WIN-FG-01DIOHESTLSLVL0-SANS002,08/21/26 07:59 AM EDT,$0.50,610
20260821,NPB-WIN-FG-01DIOHESTLSLVL0-TOES000,08/21/26 07:59 AM EDT,$0.50,100
20260821,NPB-WIN-FG-01DIOHESTLSLVL0-SANS002,08/21/26 07:59 AM EDT,$0.50,100
20260821,NPB-WIN-FG-01DIOHESTLSLVL0-TOES000,08/21/26 07:59 AM EDT,$0.50,44
20260821,NPB-WIN-FG-01DIOHESTLSLVL0-TOES000,08/21/26 07:59 AM EDT,$0.50,450
20260821,NPB-WIN-FG-01DIOHESTLSLVL0-SANS002,08/21/26 07:59 AM EDT,$0.50,450
20260821,KBO-TRUNS-FG-01DPACLITNC5QPG-GTE-P00075,08/21/26 08:00 AM EDT,$0.54,10
20260821,NPB-WIN-FG-01DIOHESTLSLVL0-SANS002,08/21/26 08:00 AM EDT,$0.55,35
20260821,MLS-MOVY-FG-000A3TE4I78818G-ATTD003-GTE-P00035,08/21/26 08:00 AM EDT,$0.02,10
20260821,NPB-WIN-FG-01DIOHESTLSLVL0-SANS002,08/21/26 08:00 AM EDT,$0.55,131
20260821,KBO-WIN-FG-01DPAFQKTNCEJLO-KTON000,08/21/26 08:00 AM EDT,$0.25,37
20260821,KBO-TRUNS-FG-01DPACLITNC5QPG-GTE-P00075,08/21/26 08:00 AM EDT,$0.54,19
20260821,KBO-MOVY-FG-01DPACKPTNC5RV0-KIRS000-GTE-P00025,08/21/26 08:00 AM EDT,$0.49,3
20260821,MLS-MOVY-FG-000A3TE4I78818G-ATTD003-GTE-P00035,08/21/26 08:00 AM EDT,$0.02,5
20260821,KBO-WIN-FG-01DPACLITNC5QPG-NCOS000,08/21/26 08:00 AM EDT,$0.63,500
20260821,KBO-WIN-FG-01DPACLITNC5QPG-NCOS000,08/21/26 08:00 AM EDT,$0.63,109
20260821,MLS-MOVY-FG-000A3TE4I78818G-ATTD003-GTE-P00035,08/21/26 08:00 AM EDT,$0.10,15
20260821,KBO-MOVY-FG-01DPACJGTNC5R90-LGNS000-GTE-P00055,08/21/26 08:01 AM EDT,$0.51,100
20260821,KBO-TRUNS-FG-01DPACKPTNC5RV0-GTE-P00065,08/21/26 08:01 AM EDT,$0.60,16
20260821,KBO-WIN-FG-01DPAFQKTNCEJLO-KTON000,08/21/26 08:01 AM EDT,$0.22,45
20260821,KBO-TRUNS-FG-01DPAFQKTNCEJLO-GTE-P00095,08/21/26 08:01 AM EDT,$0.10,165
20260821,FRIENDLYCLUB-DWIN-FG-02HIF8PCOKI3JP8-DRAW,08/21/26 08:01 AM EDT,$0.40,27
20260821,KBO-WIN-FG-01DPAFQKTNCEJLO-KTON000,08/21/26 08:02 AM EDT,$0.22,10
20260821,KBO-WIN-FG-01DPAFQKTNCEJLO-SSRS000,08/21/26 08:02 AM EDT,$0.78,10
20260821,KBO-WIN-FG-01DPAFQKTNCEJLO-KTON000,08/21/26 08:02 AM EDT,$0.22,10
20260821,KBO-WIN-FG-01DPAFQKTNCEJLO-SSRS000,08/21/26 08:02 AM EDT,$0.78,10
20260821,KBO-WIN-FG-01DPAFQKTNCEJLO-KTON000,08/21/26 08:02 AM EDT,$0.22,100
20260821,KBO-WIN-FG-01DPAFQKTNCEJLO-SSRS000,08/21/26 08:02 AM EDT,$0.78,100
20260821,NPB-WIN-FG-01DIOHESTLSLVL0-SANS002,08/21/26 08:02 AM EDT,$0.75,64
20260821,NPB-TRUNS-FG-01DIOHFDTLSLUG8-GTE-P00075,08/21/26 08:02 AM EDT,$0.01,330
20260821,NPB-WIN-FG-01DIOHESTLSLVL0-TOES000,08/21/26 08:02 AM EDT,$0.25,5
20260821,NPB-WIN-FG-01DIOHESTLSLVL0-SANS002,08/21/26 08:02 AM EDT,$0.75,5
20260821,NPB-WIN-FG-01DIOHESTLSLVL0-TOES000,08/21/26 08:02 AM EDT,$0.25,100
20260821,NPB-WIN-FG-01DIOHESTLSLVL0-SANS002,08/21/26 08:02 AM EDT,$0.75,100
20260821,KBO-WIN-FG-01DPAFQKTNCEJLO-KTON000,08/21/26 08:02 AM EDT,$0.22,108
20260821,NPB-WIN-FG-01DIOHESTLSLVL0-TOES000,08/21/26 08:02 AM EDT,$0.28,108
20260821,KBO-TRUNS-FG-01DPAFSVTNCEI30-GTE-P00065,08/21/26 08:02 AM EDT,$0.54,190
20260821,NPB-WIN-FG-01DIOHEATLSLV90-HORS000,08/21/26 08:02 AM EDT,$0.42,130
20260821,NPB-WIN-FG-01DIOHEATLSLV90-CHES000,08/21/26 08:02 AM EDT,$0.58,130
20260821,NPB-WIN-FG-01DIOHEATLSLV90-CHES000,08/21/26 08:02 AM EDT,$0.58,100
20260821,NPB-WIN-FG-01DIOHEATLSLV90-HORS000,08/21/26 08:02 AM EDT,$0.42,100
20260821,NPB-WIN-FG-01DIOHEATLSLV90-HORS000,08/21/26 08:02 AM EDT,$0.42,139
20260821,NPB-WIN-FG-01DIOHEATLSLV90-CHES000,08/21/26 08:02 AM EDT,$0.58,139
20260821,NPB-WIN-FG-01DIOH98TLSLV90-YOTS000,08/21/26 08:02 AM EDT,$0.99,500
20260821,NPB-WIN-FG-01DIOHEATLSLV90-HORS000,08/21/26 08:02 AM EDT,$0.41,100
20260821,NPB-WIN-FG-01DIOHEATLSLV90-CHES000,08/21/26 08:02 AM EDT,$0.59,40
20260821,NPB-WIN-FG-01DIOHEATLSLV90-CHES000,08/21/26 08:02 AM EDT,$0.59,100
20260821,NPB-WIN-FG-01DIOHEATLSLV90-HORS000,08/21/26 08:02 AM EDT,$0.41,40
20260821,KBO-WIN-FG-01DPAFQKTNCEJLO-KTON000,08/21/26 08:02 AM EDT,$0.20,85
20260821,KBO-WIN-FG-01DPACLITNC5QPG-SANS000,08/21/26 08:02 AM EDT,$0.35,100
20260821,KBO-TRUNS-FG-01DPAFSVTNCEI30-GTE-P00065,08/21/26 08:02 AM EDT,$0.54,118
20260821,KBO-WIN-FG-01DPACLITNC5QPG-NCOS000,08/21/26 08:02 AM EDT,$0.65,100
20260821,KBO-WIN-FG-01DPACLITNC5QPG-SANS000,08/21/26 08:02 AM EDT,$0.35,100
20260821,KBO-WIN-FG-01DPACLITNC5QPG-SANS000,08/21/26 08:02 AM EDT,$0.35,324
20260821,MLB-TRUNS-IT5-000696G0I4R92U8-GTE-P00025,08/21/26 08:03 AM EDT,$0.53,5
20260821,KBO-TRUNS-FG-01DPAFSVTNCEI30-GTE-P00065,08/21/26 08:03 AM EDT,$0.60,250
20260821,KBO-TRUNS-FG-01DPAFSVTNCEI30-GTE-P00065,08/21/26 08:03 AM EDT,$0.60,45
20260821,NPB-WIN-FG-01DIOHEATLSLV90-CHES000,08/21/26 08:03 AM EDT,$0.61,450
20260821,NPB-WIN-FG-01DIOHEATLSLV90-HORS000,08/21/26 08:03 AM EDT,$0.38,450
20260821,NPB-WIN-FG-01DIOHEATLSLV90-CHES000,08/21/26 08:03 AM EDT,$0.62,450
20260821,KBO-WIN-FG-01DPAFSVTNCEI30-DORS000,08/21/26 08:03 AM EDT,$0.22,12
20260821,KBO-WIN-FG-01DPAFQKTNCEJLO-KTON000,08/21/26 08:03 AM EDT,$0.22,333
20260821,KBO-WIN-FG-01DPAFQKTNCEJLO-KTON000,08/21/26 08:03 AM EDT,$0.22,500
20260821,KBO-MOVY-FG-01DPAFQKTNCEJLO-SSRS000-GTE-P00015,08/21/26 08:04 AM EDT,$0.55,175
20260821,KBO-MOVY-FG-01DPAFQKTNCEJLO-SSRS000-GTE-P00015,08/21/26 08:04 AM EDT,$0.47,5
20260821,KBO-WIN-FG-01DPACLITNC5QPG-SANS000,08/21/26 08:04 AM EDT,$0.41,181
20260821,KBO-TRUNS-FG-01DPAFSVTNCEI30-GTE-P00075,08/21/26 08:04 AM EDT,$0.35,22
20260821,KBO-MOVY-FG-01DPAFSVTNCEI30-LOTS001-GTE-P00015,08/21/26 08:04 AM EDT,$0.61,15
20260821,KBO-WIN-FG-01DPAFQKTNCEJLO-SSRS000,08/21/26 08:04 AM EDT,$0.80,47
20260821,KBO-TRUNS-FG-01DPAFQKTNCEJLO-GTE-P00105,08/21/26 08:04 AM EDT,$0.13,642
20260821,KBO-MOVY-FG-01DPAFSVTNCEI30-LOTS001-GTE-P00015,08/21/26 08:04 AM EDT,$0.61,2
20260821,KBO-TRUNS-FG-01DPAFQKTNCEJLO-GTE-P00075,08/21/26 08:05 AM EDT,$0.47,65
20260821,KBO-WIN-FG-01DPACLITNC5QPG-SANS000,08/21/26 08:05 AM EDT,$0.58,450
20260821,KBO-WIN-FG-01DPACLITNC5QPG-NCOS000,08/21/26 08:05 AM EDT,$0.42,450
20260821,KBO-WIN-FG-01DPACLITNC5QPG-NCOS000,08/21/26 08:05 AM EDT,$0.42,40
20260821,KBO-WIN-FG-01DPACLITNC5QPG-SANS000,08/21/26 08:05 AM EDT,$0.58,40
20260821,KBO-WIN-FG-01DPACLITNC5QPG-SANS000,08/21/26 08:05 AM EDT,$0.58,10
20260821,KBO-WIN-FG-01DPACLITNC5QPG-NCOS000,08/21/26 08:05 AM EDT,$0.42,10
20260821,KBO-WIN-FG-01DPACLITNC5QPG-NCOS000,08/21/26 08:05 AM EDT,$0.42,20
20260821,KBO-WIN-FG-01DPACLITNC5QPG-SANS000,08/21/26 08:05 AM EDT,$0.58,20
20260821,KBO-WIN-FG-01DPACLITNC5QPG-SANS000,08/21/26 08:05 AM EDT,$0.58,10
20260821,KBO-WIN-FG-01DPACLITNC5QPG-NCOS000,08/21/26 08:05 AM EDT,$0.42,10
20260821,KBO-WIN-FG-01DPAFQKTNCEJLO-SSRS000,08/21/26 08:05 AM EDT,$0.82,11
20260821,KBO-WIN-FG-01DPACLITNC5QPG-SANS000,08/21/26 08:05 AM EDT,$0.58,4
20260821,KBO-WIN-FG-01DPACLITNC5QPG-NCOS000,08/21/26 08:05 AM EDT,$0.42,4
20260821,KBO-WIN-FG-01DPACLITNC5QPG-NCOS000,08/21/26 08:05 AM EDT,$0.42,50
20260821,KBO-WIN-FG-01DPACLITNC5QPG-SANS000,08/21/26 08:05 AM EDT,$0.58,50
20260821,KBO-WIN-FG-01DPACLITNC5QPG-SANS000,08/21/26 08:05 AM EDT,$0.58,218
20260821,KBO-WIN-FG-01DPAFQKTNCEJLO-SSRS000,08/21/26 08:05 AM EDT,$0.81,11
20260821,NPB-WIN-FG-01DIOHESTLSLVL0-SANS002,08/21/26 08:05 AM EDT,$0.75,19
20260821,KBO-WIN-FG-01DPACLITNC5QPG-SANS000,08/21/26 08:05 AM EDT,$0.59,81
20260821,KBO-WIN-FG-01DPAFSVTNCEI30-LOTS001,08/21/26 08:05 AM EDT,$0.82,450
20260821,KBO-WIN-FG-01DPAFSVTNCEI30-DORS000,08/21/26 08:05 AM EDT,$0.18,450
20260821,KBO-TRUNS-FG-01DPAFQKTNCEJLO-GTE-P00075,08/21/26 08:05 AM EDT,$0.48,230
20260821,KBO-TRUNS-FG-01DPAFSVTNCEI30-GTE-P00075,08/21/26 08:05 AM EDT,$0.50,217
20260821,NPB-WIN-FG-01DIOHESTLSLVL0-SANS002,08/21/26 08:06 AM EDT,$0.76,63
20260821,NPB-WIN-FG-01DIOHESTLSLVL0-TOES000,08/21/26 08:06 AM EDT,$0.31,450
20260821,NPB-WIN-FG-01DIOHESTLSLVL0-TOES000,08/21/26 08:06 AM EDT,$0.31,93
20260821,KBO-WIN-FG-01DPACLITNC5QPG-NCOS000,08/21/26 08:06 AM EDT,$0.57,40
20260821,NPB-WIN-FG-01DIOHESTLSLVL0-TOES000,08/21/26 08:06 AM EDT,$0.31,450
20260821,KBO-WIN-FG-01DPACKPTNC5RV0-KIRS000,08/21/26 08:06 AM EDT,$0.90,96
20260821,KBO-WIN-FG-01DPACLITNC5QPG-SANS000,08/21/26 08:06 AM EDT,$0.49,3
20260821,KBO-WIN-FG-01DPACLITNC5QPG-NCOS000,08/21/26 08:06 AM EDT,$0.51,3
20260821,KBO-WIN-FG-01DPACLITNC5QPG-SANS000,08/21/26 08:06 AM EDT,$0.49,83
20260821,KBO-WIN-FG-01DPACLITNC5QPG-NCOS000,08/21/26 08:06 AM EDT,$0.51,83
20260821,KBO-WIN-FG-01DPACLITNC5QPG-SANS000,08/21/26 08:06 AM EDT,$0.49,42
20260821,KBO-WIN-FG-01DPACLITNC5QPG-NCOS000,08/21/26 08:06 AM EDT,$0.51,42
20260821,KBO-WIN-FG-01DPACLITNC5QPG-SANS000,08/21/26 08:06 AM EDT,$0.49,25
20260821,KBO-WIN-FG-01DPACLITNC5QPG-NCOS000,08/21/26 08:06 AM EDT,$0.51,25
20260821,KBO-WIN-FG-01DPACLITNC5QPG-SANS000,08/21/26 08:06 AM EDT,$0.49,8
20260821,KBO-WIN-FG-01DPACLITNC5QPG-NCOS000,08/21/26 08:06 AM EDT,$0.51,8
20260821,KBO-WIN-FG-01DPACLITNC5QPG-SANS000,08/21/26 08:06 AM EDT,$0.49,33
20260821,KBO-WIN-FG-01DPACLITNC5QPG-NCOS000,08/21/26 08:06 AM EDT,$0.51,33
20260821,NPB-WIN-FG-01DIOHESTLSLVL0-TOES000,08/21/26 08:06 AM EDT,$0.31,450
20260821,KBO-WIN-FG-01DPACLITNC5QPG-SANS000,08/21/26 08:06 AM EDT,$0.48,60
20260821,KBO-WIN-FG-01DPACLITNC5QPG-NCOS000,08/21/26 08:06 AM EDT,$0.51,60
20260821,KBO-WIN-FG-01DPACLITNC5QPG-SANS000,08/21/26 08:06 AM EDT,$0.44,608
20260821,KBO-WIN-FG-01DPACLITNC5QPG-SANS000,08/21/26 08:06 AM EDT,$0.44,75
20260821,NPB-WIN-FG-01DIOHESTLSLVL0-TOES000,08/21/26 08:06 AM EDT,$0.31,450
20260821,NPB-WIN-FG-01DIOHESTLSLVL0-SANS002,08/21/26 08:06 AM EDT,$0.69,221
20260821,KBO-WIN-FG-01DPACLITNC5QPG-SANS000,08/21/26 08:06 AM EDT,$0.44,173
20260821,KBO-WIN-FG-01DPACLITNC5QPG-NCOS000,08/21/26 08:06 AM EDT,$0.57,338
20260821,KBO-TRUNS-FG-01DPACLITNC5QPG-GTE-P00075,08/21/26 08:06 AM EDT,$0.77,22
20260821,KBO-WIN-FG-01DPAFQKTNCEJLO-KTON000,08/21/26 08:07 AM EDT,$0.18,6
20260821,NPB-WIN-FG-01DIOHESTLSLVL0-TOES000,08/21/26 08:07 AM EDT,$0.31,450
20260821,KBO-TRUNS-FG-01DPACLITNC5QPG-GTE-P00115,08/21/26 08:07 AM EDT,$0.19,40
20260821,NPB-WIN-FG-01DIOHESTLSLVL0-TOES000,08/21/26 08:07 AM EDT,$0.31,450
20260821,KBO-TRUNS-FG-01DPAFQKTNCEJLO-GTE-P00075,08/21/26 08:07 AM EDT,$0.43,359
20260821,NPB-WIN-FG-01DIOHESTLSLVL0-TOES000,08/21/26 08:07 AM EDT,$0.31,17
20260821,NPB-WIN-FG-01DIOHESTLSLVL0-TOES000,08/21/26 08:07 AM EDT,$0.31,433
20260821,KBO-TRUNS-FG-01DPAFQKTNCEJLO-GTE-P00065,08/21/26 08:07 AM EDT,$0.66,1083
20260821,NPB-WIN-FG-01DIOHESTLSLVL0-SANS002,08/21/26 08:07 AM EDT,$0.69,49
20260821,KBO-WIN-FG-01DPAFQKTNCEJLO-KTON000,08/21/26 08:07 AM EDT,$0.18,340
20260821,KBO-WIN-FG-01DPAFQKTNCEJLO-SSRS000,08/21/26 08:07 AM EDT,$0.82,340
20260821,KBO-WIN-FG-01DPACLITNC5QPG-SANS000,08/21/26 08:07 AM EDT,$0.44,1
20260821,KBO-WIN-FG-01DPACLITNC5QPG-SANS000,08/21/26 08:07 AM EDT,$0.44,22
20260821,KBO-WIN-FG-01DPAFQKTNCEJLO-SSRS000,08/21/26 08:07 AM EDT,$0.82,10
20260821,KBO-WIN-FG-01DPAFQKTNCEJLO-KTON000,08/21/26 08:07 AM EDT,$0.18,10
20260821,KBO-TRUNS-FG-01DPACLITNC5QPG-GTE-P00085,08/21/26 08:07 AM EDT,$0.44,17
20260821,KBO-WIN-FG-01DPACLITNC5QPG-SANS000,08/21/26 08:07 AM EDT,$0.44,20
20260821,KBO-WIN-FG-01DPACLITNC5QPG-NCOS000,08/21/26 08:07 AM EDT,$0.56,20
20260821,MLB-TRUNS-I1-000696G0I4R92U8-GTE-P00015,08/21/26 08:08 AM EDT,$0.13,1
20260821,MLB-TRUNS-I1-000696G0I4R92U8-GTE-P00005,08/21/26 08:08 AM EDT,$0.33,64
20260821,NPB-WIN-FG-01DIOHEATLSLV90-CHES000,08/21/26 08:08 AM EDT,$0.64,10
20260821,KBO-WIN-FG-01DPAFSVTNCEI30-LOTS001,08/21/26 08:08 AM EDT,$0.85,58
20260821,MLB-PHRR-FG-000FPR4TI545OUG-WIAS000-GTE-P00015,08/21/26 08:08 AM EDT,$0.55,10
20260821,MLB-TRUNS-I1-000FPR4TI545OUG-GTE-P00015,08/21/26 08:08 AM EDT,$0.17,1
20260821,KBO-WIN-FG-01DPAFSVTNCEI30-LOTS001,08/21/26 08:08 AM EDT,$0.83,58
20260821,NPB-WIN-FG-01DIOHESTLSLVL0-TOES000,08/21/26 08:08 AM EDT,$0.32,44
20260821,KBO-MOVY-FG-01DPACKPTNC5RV0-KIRS000-GTE-P00025,08/21/26 08:08 AM EDT,$0.63,21
20260821,MLB-TRUNS-I1-000FP22AI543DI8-GTE-P00015,08/21/26 08:08 AM EDT,$0.18,1
20260821,MLB-TRUNS-IT5-000696G0I4R92U8-GTE-P00025,08/21/26 08:08 AM EDT,$0.55,17
20260821,KBO-TRUNS-FG-01DPAFSVTNCEI30-GTE-P00065,08/21/26 08:09 AM EDT,$0.55,8
20260821,KBO-WIN-FG-01DPACLITNC5QPG-NCOS000,08/21/26 08:09 AM EDT,$0.56,17
20260821,KBO-WIN-FG-01DPAFSVTNCEI30-DORS000,08/21/26 08:09 AM EDT,$0.17,5
20260821,MLB-PHRR-FG-000696G0I4R92U8-AUEY000-GTE-P00025,08/21/26 08:09 AM EDT,$0.24,115
20260821,KBO-MOVY-FG-01DPAFSVTNCEI30-LOTS001-GTE-P00015,08/21/26 08:09 AM EDT,$0.62,265
20260821,KBO-MOVY-FG-01DPAFQKTNCEJLO-SSRS000-GTE-P00015,08/21/26 08:09 AM EDT,$0.29,175
20260821,KBO-TRUNS-FG-01DPAFSVTNCEI30-GTE-P00065,08/21/26 08:09 AM EDT,$0.56,12
20260821,MLB-PHRR-FG-000FPR4TI545OUG-NIRD000-GTE-P00015,08/21/26 08:09 AM EDT,$0.53,7
20260821,KBO-WIN-FG-01DPAFQKTNCEJLO-SSRS000,08/21/26 08:09 AM EDT,$0.70,13
20260821,KBO-MOVY-FG-01DPACKPTNC5RV0-KIRS000-GTE-P00065,08/21/26 08:09 AM EDT,$0.03,102
20260821,KBO-WIN-FG-01DPAFQKTNCEJLO-SSRS000,08/21/26 08:09 AM EDT,$0.70,694
20260821,KBO-WIN-FG-01DPACLITNC5QPG-SANS000,08/21/26 08:09 AM EDT,$0.45,101
20260821,KBO-WIN-FG-01DPACKPTNC5RV0-KIES000,08/21/26 08:09 AM EDT,$0.09,150
20260821,KBO-WIN-FG-01DPACLITNC5QPG-NCOS000,08/21/26 08:09 AM EDT,$0.57,457
20260821,KBO-WIN-FG-01DPACLITNC5QPG-NCOS000,08/21/26 08:10 AM EDT,$0.58,833
20260821,KBO-TRUNS-FG-01DPAFSVTNCEI30-GTE-P00075,08/21/26 08:10 AM EDT,$0.56,668
20260821,KBO-WIN-FG-01DPACLITNC5QPG-NCOS000,08/21/26 08:10 AM EDT,$0.56,232
20260821,LPA-MOVY-FG-0004DIUEI4MQMQO-ESTO001-GTE-P00015,08/21/26 08:10 AM EDT,$0.06,10
20260821,KBO-MOVY-FG-01DPAFQKTNCEJLO-SSRS000-GTE-P00015,08/21/26 08:10 AM EDT,$0.35,3
20260821,KBO-WIN-FG-01DPACLITNC5QPG-SANS000,08/21/26 08:10 AM EDT,$0.43,133
20260821,KBO-WIN-FG-01DPAFQKTNCEJLO-SSRS000,08/21/26 08:10 AM EDT,$0.70,55
20260821,KBO-WIN-FG-01DPACJGTNC5R90-LGNS000,08/21/26 08:10 AM EDT,$0.93,31
20260821,KBO-MOVY-FG-01DPACLITNC5QPG-SANS000-GTE-P00035,08/21/26 08:10 AM EDT,$0.14,113
20260821,KBO-WIN-FG-01DPACJGTNC5R90-HAES000,08/21/26 08:10 AM EDT,$0.05,188
20260821,KBO-WIN-FG-01DPACJGTNC5R90-HAES000,08/21/26 08:10 AM EDT,$0.05,27
20260821,KBO-WIN-FG-01DPACJGTNC5R90-HAES000,08/21/26 08:10 AM EDT,$0.05,50
20260821,KBO-WIN-FG-01DPACLITNC5QPG-NCOS000,08/21/26 08:10 AM EDT,$0.56,450
20260821,KBO-WIN-FG-01DPACJGTNC5R90-LGNS000,08/21/26 08:10 AM EDT,$0.94,9
20260821,KBO-WIN-FG-01DPACJGTNC5R90-HAES000,08/21/26 08:10 AM EDT,$0.05,86
20260821,KBO-WIN-FG-01DPACJGTNC5R90-LGNS000,08/21/26 08:10 AM EDT,$0.94,8
20260821,KBO-WIN-FG-01DPACJGTNC5R90-LGNS000,08/21/26 08:10 AM EDT,$0.94,23
20260821,KBO-WIN-FG-01DPACJGTNC5R90-HAES000,08/21/26 08:10 AM EDT,$0.05,23
20260821,KBO-WIN-FG-01DPACJGTNC5R90-HAES000,08/21/26 08:10 AM EDT,$0.05,17
20260821,KBO-WIN-FG-01DPAFSVTNCEI30-DORS000,08/21/26 08:10 AM EDT,$0.15,1
20260821,KBO-WIN-FG-01DPACJGTNC5R90-HAES000,08/21/26 08:10 AM EDT,$0.05,3
20260821,KBO-WIN-FG-01DPACJGTNC5R90-HAES000,08/21/26 08:10 AM EDT,$0.05,49
20260821,KBO-WIN-FG-01DPACJGTNC5R90-HAES000,08/21/26 08:10 AM EDT,$0.05,41
20260821,KBO-WIN-FG-01DPACJGTNC5R90-HAES000,08/21/26 08:10 AM EDT,$0.05,2
20260821,KBO-WIN-FG-01DPACJGTNC5R90-HAES000,08/21/26 08:10 AM EDT,$0.05,62
20260821,KBO-WIN-FG-01DPACJGTNC5R90-LGNS000,08/21/26 08:10 AM EDT,$0.94,20
20260821,MLB-TRUNS-I1-000696G0I4R92U8-GTE-P00005,08/21/26 08:10 AM EDT,$0.41,116
20260821,KBO-WIN-FG-01DPACKPTNC5RV0-KIES000,08/21/26 08:11 AM EDT,$0.09,70
20260821,KBO-WIN-FG-01DPACLITNC5QPG-NCOS000,08/21/26 08:11 AM EDT,$0.59,450
20260821,KBO-WIN-FG-01DPACLITNC5QPG-NCOS000,08/21/26 08:11 AM EDT,$0.59,20
20260821,KBO-WIN-FG-01DPACLITNC5QPG-NCOS000,08/21/26 08:11 AM EDT,$0.59,20
20260821,KBO-WIN-FG-01DPACLITNC5QPG-NCOS000,08/21/26 08:11 AM EDT,$0.59,100
20260821,KBO-WIN-FG-01DPACLITNC5QPG-NCOS000,08/21/26 08:11 AM EDT,$0.59,100
20260821,KBO-WIN-FG-01DPACLITNC5QPG-NCOS000,08/21/26 08:11 AM EDT,$0.59,20
20260821,KBO-WIN-FG-01DPACLITNC5QPG-SANS000,08/21/26 08:11 AM EDT,$0.40,450
20260821,KBO-WIN-FG-01DPACLITNC5QPG-NCOS000,08/21/26 08:11 AM EDT,$0.59,450
20260821,KBO-WIN-FG-01DPACLITNC5QPG-NCOS000,08/21/26 08:11 AM EDT,$0.59,130
20260821,KBO-WIN-FG-01DPACLITNC5QPG-NCOS000,08/21/26 08:11 AM EDT,$0.59,110
20260821,KBO-WIN-FG-01DPACLITNC5QPG-NCOS000,08/21/26 08:11 AM EDT,$0.59,130
20260821,KBO-WIN-FG-01DPACLITNC5QPG-NCOS000,08/21/26 08:11 AM EDT,$0.59,450
20260821,KBO-WIN-FG-01DPACLITNC5QPG-SANS000,08/21/26 08:11 AM EDT,$0.40,450
20260821,KBO-WIN-FG-01DPACLITNC5QPG-NCOS000,08/21/26 08:11 AM EDT,$0.59,100
20260821,KBO-WIN-FG-01DPACLITNC5QPG-NCOS000,08/21/26 08:11 AM EDT,$0.59,20
20260821,KBO-WIN-FG-01DPACLITNC5QPG-SANS000,08/21/26 08:11 AM EDT,$0.40,20
20260821,KBO-WIN-FG-01DPACLITNC5QPG-SANS000,08/21/26 08:11 AM EDT,$0.40,450
20260821,KBO-WIN-FG-01DPACLITNC5QPG-NCOS000,08/21/26 08:11 AM EDT,$0.59,20
20260821,MLB-TRUNS-I1-000FP22AI543DI8-GTE-P00005,08/21/26 08:11 AM EDT,$0.40,72
20260821,MLB-TRUNS-I1-000696G0I4R92U8-GTE-P00005,08/21/26 08:11 AM EDT,$0.33,57
20260821,MLB-PHRR-FG-000696G0I4R92U8-JAIO000-GTE-P00035,08/21/26 08:11 AM EDT,$0.20,9
20260821,MLB-PHRR-FG-000696G0I4R92U8-WIAS001-GTE-P00035,08/21/26 08:11 AM EDT,$0.18,10
20260821,MLB-TRUNS-I1-000696G0I4R92U8-GTE-P00005,08/21/26 08:11 AM EDT,$0.33,36
20260821,KBO-WIN-FG-01DPACLITNC5QPG-NCOS000,08/21/26 08:11 AM EDT,$0.64,543
20260821,NPB-WIN-FG-01DIOHEATLSLV90-CHES000,08/21/26 08:11 AM EDT,$0.53,38
20260821,MLB-PHRR-FG-000696G0I4R92U8-JARS000-GTE-P00035,08/21/26 08:11 AM EDT,$0.16,7
20260821,KBO-WIN-FG-01DPACLITNC5QPG-SANS000,08/21/26 08:11 AM EDT,$0.39,80
20260821,KBO-MOVY-FG-01DPACKPTNC5RV0-KIRS000-GTE-P00035,08/21/26 08:11 AM EDT,$0.41,16
20260821,KBO-WIN-FG-01DPACLITNC5QPG-SANS000,08/21/26 08:11 AM EDT,$0.29,50
20260821,KBO-WIN-FG-01DPACLITNC5QPG-NCOS000,08/21/26 08:11 AM EDT,$0.71,50
20260821,KBO-WIN-FG-01DPACLITNC5QPG-NCOS000,08/21/26 08:11 AM EDT,$0.71,300
20260821,KBO-WIN-FG-01DPACLITNC5QPG-SANS000,08/21/26 08:11 AM EDT,$0.29,300
20260821,KBO-WIN-FG-01DPACLITNC5QPG-SANS000,08/21/26 08:11 AM EDT,$0.29,450
20260821,KBO-WIN-FG-01DPACLITNC5QPG-NCOS000,08/21/26 08:11 AM EDT,$0.71,450
20260821,KBO-WIN-FG-01DPACLITNC5QPG-NCOS000,08/21/26 08:11 AM EDT,$0.71,86
20260821,KBO-WIN-FG-01DPACLITNC5QPG-SANS000,08/21/26 08:11 AM EDT,$0.29,86
20260821,KBO-WIN-FG-01DPACLITNC5QPG-SANS000,08/21/26 08:11 AM EDT,$0.29,200
20260821,KBO-WIN-FG-01DPACLITNC5QPG-NCOS000,08/21/26 08:11 AM EDT,$0.71,200
20260821,KBO-WIN-FG-01DPACLITNC5QPG-SANS000,08/21/26 08:11 AM EDT,$0.29,10
20260821,KBO-WIN-FG-01DPACLITNC5QPG-NCOS000,08/21/26 08:11 AM EDT,$0.71,10
20260821,KBO-WIN-FG-01DPACLITNC5QPG-SANS000,08/21/26 08:11 AM EDT,$0.29,16
20260821,KBO-WIN-FG-01DPACLITNC5QPG-SANS000,08/21/26 08:11 AM EDT,$0.28,20
20260821,KBO-WIN-FG-01DPACLITNC5QPG-SANS000,08/21/26 08:11 AM EDT,$0.27,181
20260821,KBO-WIN-FG-01DPACLITNC5QPG-SANS000,08/21/26 08:11 AM EDT,$0.28,10
20260821,KBO-WIN-FG-01DPACLITNC5QPG-SANS000,08/21/26 08:11 AM EDT,$0.28,10
20260821,KBO-WIN-FG-01DPACLITNC5QPG-SANS000,08/21/26 08:11 AM EDT,$0.28,20
20260821,KBO-WIN-FG-01DPAFSVTNCEI30-DORS000,08/21/26 08:11 AM EDT,$0.13,183
20260821,LIGAMX-TGLS-FG-00CBOUVGKS1OM6O-GTE-P00055,08/21/26 08:11 AM EDT,$0.06,11
20260821,KBO-WIN-FG-01DPAFQKTNCEJLO-SSRS000,08/21/26 08:11 AM EDT,$0.67,392
20260821,KBO-WIN-FG-01DPACLITNC5QPG-SANS000,08/21/26 08:12 AM EDT,$0.27,450
20260821,NPB-WIN-FG-01DIOHESTLSLVL0-SANS002,08/21/26 08:12 AM EDT,$0.67,294
20260821,KBO-TRUNS-FG-01DPACKPTNC5RV0-GTE-P00075,08/21/26 08:12 AM EDT,$0.45,315
20260821,KBO-WIN-FG-01DPAFQKTNCEJLO-KTON000,08/21/26 08:12 AM EDT,$0.35,27
20260821,KBO-TRUNS-FG-01DPAFQKTNCEJLO-GTE-P00055,08/21/26 08:12 AM EDT,$0.52,60
20260821,NPB-WIN-FG-01DIOHESTLSLVL0-TOES000,08/21/26 08:12 AM EDT,$0.34,122
20260821,KBO-WIN-FG-01DPACJGTNC5R90-LGNS000,08/21/26 08:12 AM EDT,$0.94,10
20260821,KBO-WIN-FG-01DPACLITNC5QPG-SANS000,08/21/26 08:12 AM EDT,$0.26,357
20260821,KBO-WIN-FG-01DPAFQKTNCEJLO-KTON000,08/21/26 08:12 AM EDT,$0.28,100
20260821,KBO-WIN-FG-01DPAFQKTNCEJLO-SSRS000,08/21/26 08:12 AM EDT,$0.73,100
20260821,MLB-TRUNS-IT5-000FPR4TI545OUG-GTE-P00035,08/21/26 08:12 AM EDT,$0.57,3
20260821,KBO-WIN-FG-01DPAFQKTNCEJLO-KTON000,08/21/26 08:13 AM EDT,$0.28,10
20260821,NPB-WIN-FG-01DIOHESTLSLVL0-TOES000,08/21/26 08:13 AM EDT,$0.31,50
20260821,NPB-WIN-FG-01DIOHESTLSLVL0-SANS002,08/21/26 08:13 AM EDT,$0.69,50
20260821,KBO-WIN-FG-01DPACJGTNC5R90-HAES000,08/21/26 08:13 AM EDT,$0.06,5
20260821,NPB-WIN-FG-01DIOHESTLSLVL0-TOES000,08/21/26 08:13 AM EDT,$0.31,20
20260821,NPB-WIN-FG-01DIOHESTLSLVL0-SANS002,08/21/26 08:13 AM EDT,$0.69,20
20260821,NPB-WIN-FG-01DIOH81TLSLVN8-HARS001,08/21/26 08:13 AM EDT,$0.99,47
20260821,KBO-WIN-FG-01DPAFQKTNCEJLO-KTON000,08/21/26 08:13 AM EDT,$0.25,54
20260821,KBO-WIN-FG-01DPAFQKTNCEJLO-KTON000,08/21/26 08:13 AM EDT,$0.25,10
20260821,NPB-WIN-FG-01DIOHESTLSLVL0-SANS002,08/21/26 08:13 AM EDT,$0.70,2
20260821,NPB-WIN-FG-01DIOHEATLSLV90-CHES000,08/21/26 08:13 AM EDT,$0.78,24
20260821,NPB-WIN-FG-01DIOHESTLSLVL0-TOES000,08/21/26 08:13 AM EDT,$0.30,9
20260821,KBO-WIN-FG-01DPAFQKTNCEJLO-SSRS000,08/21/26 08:13 AM EDT,$0.75,64
20260821,KBO-WIN-FG-01DPAFSVTNCEI30-DORS000,08/21/26 08:13 AM EDT,$0.16,17
20260821,NPB-WIN-FG-01DIOHESTLSLVL0-TOES000,08/21/26 08:13 AM EDT,$0.20,104
20260821,NPB-WIN-FG-01DIOHESTLSLVL0-TOES000,08/21/26 08:13 AM EDT,$0.19,122
20260821,NPB-WIN-FG-01DIOHESTLSLVL0-TOES000,08/21/26 08:13 AM EDT,$0.20,454
20260821,KBO-WIN-FG-01DPAFSVTNCEI30-DORS000,08/21/26 08:14 AM EDT,$0.14,17
20260821,KBO-WIN-FG-01DPAFQKTNCEJLO-SSRS000,08/21/26 08:14 AM EDT,$0.74,64
20260821,KBO-TRUNS-FG-01DPACKPTNC5RV0-GTE-P00065,08/21/26 08:14 AM EDT,$0.64,263
20260821,NPB-WIN-FG-01DIOH81TLSLVN8-HARS001,08/21/26 08:14 AM EDT,$0.99,208
20260821,KBO-WIN-FG-01DPAFQKTNCEJLO-SSRS000,08/21/26 08:14 AM EDT,$0.76,6
20260821,NPB-WIN-FG-01DIOH81TLSLVN8-HARS001,08/21/26 08:14 AM EDT,$0.99,53
20260821,MLB-TRUNS-I1-000696G0I4R92U8-GTE-P00005,08/21/26 08:14 AM EDT,$0.41,34
20260821,KBO-WIN-FG-01DPAFSVTNCEI30-DORS000,08/21/26 08:15 AM EDT,$0.15,12
20260821,NPB-WIN-FG-01DIOHEATLSLV90-HORS000,08/21/26 08:15 AM EDT,$0.15,450
20260821,NPB-WIN-FG-01DIOHEATLSLV90-CHES000,08/21/26 08:15 AM EDT,$0.86,450
20260821,NPB-WIN-FG-01DIOHEATLSLV90-HORS000,08/21/26 08:15 AM EDT,$0.15,260
20260821,NPB-WIN-FG-01DIOHEATLSLV90-HORS000,08/21/26 08:15 AM EDT,$0.15,60
20260821,NPB-WIN-FG-01DIOHEATLSLV90-HORS000,08/21/26 08:15 AM EDT,$0.15,221
20260821,NPB-WIN-FG-01DIOHEATLSLV90-HORS000,08/21/26 08:15 AM EDT,$0.15,14
20260821,NPB-WIN-FG-01DIOHEATLSLV90-CHES000,08/21/26 08:15 AM EDT,$0.86,17
20260821,KBO-MOVY-FG-01DPACKPTNC5RV0-KIRS000-GTE-P00025,08/21/26 08:15 AM EDT,$0.86,75
20260821,KBO-WIN-FG-01DPACKPTNC5RV0-KIES000,08/21/26 08:15 AM EDT,$0.02,33
20260821,NPB-WIN-FG-01DIOHEATLSLV90-HORS000,08/21/26 08:15 AM EDT,$0.14,450
20260821,NPB-WIN-FG-01DIOHEATLSLV90-CHES000,08/21/26 08:15 AM EDT,$0.86,450
20260821,KBO-WIN-FG-01DPACLITNC5QPG-SANS000,08/21/26 08:15 AM EDT,$0.30,78
20260821,NPB-WIN-FG-01DIOHESTLSLVL0-SANS002,08/21/26 08:15 AM EDT,$0.79,113
20260821,KBO-WIN-FG-01DPACLITNC5QPG-SANS000,08/21/26 08:16 AM EDT,$0.30,15
20260821,KBO-WIN-FG-01DPACJGTNC5R90-LGNS000,08/21/26 08:16 AM EDT,$0.94,30
20260821,KBO-WIN-FG-01DPAFSVTNCEI30-LOTS001,08/21/26 08:16 AM EDT,$0.87,47
20260821,KBO-WIN-FG-01DPACLITNC5QPG-SANS000,08/21/26 08:16 AM EDT,$0.29,12
20260821,KBO-WIN-FG-01DPAFQKTNCEJLO-KTON000,08/21/26 08:16 AM EDT,$0.21,11
20260821,KBO-WIN-FG-01DPAFQKTNCEJLO-KTON000,08/21/26 08:16 AM EDT,$0.23,400
20260821,KBO-WIN-FG-01DPACLITNC5QPG-SANS000,08/21/26 08:17 AM EDT,$0.32,61
20260821,KBO-WIN-FG-01DPACLITNC5QPG-SANS000,08/21/26 08:17 AM EDT,$0.31,29
20260821,NPB-WIN-FG-01DIOHESTLSLVL0-TOES000,08/21/26 08:17 AM EDT,$0.19,100
20260821,NPB-WIN-FG-01DIOHESTLSLVL0-SANS002,08/21/26 08:17 AM EDT,$0.81,100
20260821,MLB-WIN-IT5-000FPR4TI545OUG-BOOX000,08/21/26 08:17 AM EDT,$0.59,4
20260821,NPB-TRUNS-FG-01DIOHEATLSLV90-GTE-P00075,08/21/26 08:17 AM EDT,$0.24,50
20260821,KBO-WIN-FG-01DPAFQKTNCEJLO-SSRS000,08/21/26 08:17 AM EDT,$0.80,100
20260821,KBO-WIN-FG-01DPAFQKTNCEJLO-SSRS000,08/21/26 08:17 AM EDT,$0.80,500
20260821,KBO-WIN-FG-01DPACLITNC5QPG-NCOS000,08/21/26 08:17 AM EDT,$0.74,314
20260821,KBO-WIN-FG-01DPACKPTNC5RV0-KIRS000,08/21/26 08:17 AM EDT,$0.99,500
20260821,KBO-WIN-FG-01DPACLITNC5QPG-SANS000,08/21/26 08:17 AM EDT,$0.33,2
20260821,KBO-WIN-FG-01DPACLITNC5QPG-SANS000,08/21/26 08:17 AM EDT,$0.33,27
20260821,KBO-WIN-FG-01DPACLITNC5QPG-NCOS000,08/21/26 08:17 AM EDT,$0.70,13
20260821,KBO-WIN-FG-01DPAFQKTNCEJLO-SSRS000,08/21/26 08:17 AM EDT,$0.80,100
20260821,KBO-WIN-FG-01DPAFQKTNCEJLO-SSRS000,08/21/26 08:17 AM EDT,$0.80,500
20260821,MLB-TRUNS-I1-000FPR4SI545PC8-GTE-P00005,08/21/26 08:17 AM EDT,$0.54,8
20260821,KBO-TRUNS-FG-01DPAFQKTNCEJLO-GTE-P00055,08/21/26 08:18 AM EDT,$0.42,33
20260821,KBO-WIN-FG-01DPAFQKTNCEJLO-SSRS000,08/21/26 08:18 AM EDT,$0.80,264
20260821,KBO-TRUNS-FG-01DPACKPTNC5RV0-GTE-P00125,08/21/26 08:18 AM EDT,$0.26,113
20260821,KBO-WIN-FG-01DPACJGTNC5R90-HAES000,08/21/26 08:18 AM EDT,$0.04,10
20260821,NPB-TRUNS-FG-01DIOHEATLSLV90-GTE-P00075,08/21/26 08:18 AM EDT,$0.53,75
20260821,KBO-WIN-FG-01DPACLITNC5QPG-NCOS000,08/21/26 08:18 AM EDT,$0.67,13
20260821,KBO-WIN-FG-01DPAFSVTNCEI30-LOTS001,08/21/26 08:18 AM EDT,$0.91,230
20260821,KBO-TRUNS-FG-01DPACLITNC5QPG-GTE-P00075,08/21/26 08:18 AM EDT,$0.35,14
20260821,MLB-PHRR-FG-000696G0I4R92U8-BRNG003-GTE-P00005,08/21/26 08:19 AM EDT,$0.66,22
20260821,NPB-WIN-FG-01DIOH81TLSLVN8-HARS001,08/21/26 08:19 AM EDT,$0.99,2
20260821,MLB-MOVY-IT5-000696G0I4R92U8-MIRS000-GTE-P00005,08/21/26 08:19 AM EDT,$0.52,74
20260821,NPB-MOVY-FG-01DIOHEATLSLV90-HORS000-GTE-P00015,08/21/26 08:19 AM EDT,$0.53,18
20260821,KBO-WIN-FG-01DPACKPTNC5RV0-KIRS000,08/21/26 08:19 AM EDT,$0.98,1
20260821,KBO-WIN-FG-01DPACLITNC5QPG-SANS000,08/21/26 08:19 AM EDT,$0.32,69
20260821,FRIENDLYCLUB-DWIN-FG-02HIF8PCOKI3JP8-POOS002,08/21/26 08:19 AM EDT,$0.42,15
20260821,KBO-WIN-FG-01DPACLITNC5QPG-SANS000,08/21/26 08:20 AM EDT,$0.32,441
20260821,KBO-WIN-FG-01DPACKPTNC5RV0-KIRS000,08/21/26 08:20 AM EDT,$0.99,50
20260821,FRIENDLYCLUB-DWIN-FG-02HIF8PCOKI3JP8-POOS002,08/21/26 08:20 AM EDT,$0.42,1
20260821,MLB-PHRR-FG-000696G0I4R92U8-BRNG003-GTE-P00065,08/21/26 08:20 AM EDT,$0.04,1
20260821,FRIENDLYCLUB-DWIN-FG-02HIF8PCOKI3JP8-DRAW,08/21/26 08:20 AM EDT,$0.48,21
20260821,KBO-WIN-FG-01DPACKPTNC5RV0-KIRS000,08/21/26 08:20 AM EDT,$0.98,50
20260821,KBO-WIN-FG-01DPAFSVTNCEI30-DORS000,08/21/26 08:20 AM EDT,$0.07,200
20260821,KBO-WIN-FG-01DPAFSVTNCEI30-DORS000,08/21/26 08:20 AM EDT,$0.07,500
20260821,FRIENDLYCLUB-DWIN-FG-02HIF8PCOKI3JP8-DRAW,08/21/26 08:21 AM EDT,$0.48,4
20260821,KBO-TRUNS-FG-01DPACLITNC5QPG-GTE-P00075,08/21/26 08:21 AM EDT,$0.35,100
20260821,FRIENDLYCLUB-DWIN-FG-02HIF8PCOKI3JP8-DRAW,08/21/26 08:21 AM EDT,$0.40,21
20260821,KBO-WIN-FG-01DPAFQKTNCEJLO-SSRS000,08/21/26 08:21 AM EDT,$0.86,194
20260821,KBO-WIN-FG-01DPAFQKTNCEJLO-KTON000,08/21/26 08:21 AM EDT,$0.14,194
20260821,FRIENDLYCLUB-BTMSC-FG-02HPNB1DOL9R2KG-BINARY,08/21/26 08:21 AM EDT,$0.54,21
20260821,KBO-WIN-FG-01DPAFSVTNCEI30-DORS000,08/21/26 08:21 AM EDT,$0.07,238
20260821,KBO-WIN-FG-01DPAFSVTNCEI30-DORS000,08/21/26 08:21 AM EDT,$0.07,100
20260821,FRIENDLYCLUB-BTMSC-FG-02HPNB1DOL9R2KG-BINARY,08/21/26 08:21 AM EDT,$0.62,16
20260821,KBO-WIN-FG-01DPAFSVTNCEI30-DORS000,08/21/26 08:21 AM EDT,$0.09,10
20260821,KBO-WIN-FG-01DPAFQKTNCEJLO-KTON000,08/21/26 08:21 AM EDT,$0.13,132
20260821,KBO-WIN-FG-01DPAFQKTNCEJLO-KTON000,08/21/26 08:21 AM EDT,$0.13,10
20260821,NPB-WIN-FG-01DIOHEATLSLV90-HORS000,08/21/26 08:21 AM EDT,$0.38,1463
20260821,NPB-WIN-FG-01DIOHEATLSLV90-CHES000,08/21/26 08:21 AM EDT,$0.62,1463
20260821,NPB-WIN-FG-01DIOHEATLSLV90-HORS000,08/21/26 08:21 AM EDT,$0.38,360
20260821,NPB-WIN-FG-01DIOHEATLSLV90-CHES000,08/21/26 08:21 AM EDT,$0.62,360
20260821,NPB-WIN-FG-01DIOHEATLSLV90-CHES000,08/21/26 08:21 AM EDT,$0.62,450
20260821,NPB-WIN-FG-01DIOHEATLSLV90-HORS000,08/21/26 08:21 AM EDT,$0.38,450
20260821,NPB-WIN-FG-01DIOHEATLSLV90-CHES000,08/21/26 08:21 AM EDT,$0.62,47
20260821,NPB-WIN-FG-01DIOHEATLSLV90-HORS000,08/21/26 08:21 AM EDT,$0.38,47
20260821,NPB-WIN-FG-01DIOHEATLSLV90-CHES000,08/21/26 08:21 AM EDT,$0.62,100
20260821,NPB-WIN-FG-01DIOHEATLSLV90-CHES000,08/21/26 08:21 AM EDT,$0.62,1
20260821,NPB-WIN-FG-01DIOHEATLSLV90-HORS000,08/21/26 08:21 AM EDT,$0.38,100
20260821,NPB-WIN-FG-01DIOHEATLSLV90-HORS000,08/21/26 08:21 AM EDT,$0.38,1
20260821,NPB-WIN-FG-01DIOHEATLSLV90-CHES000,08/21/26 08:21 AM EDT,$0.62,29
20260821,NPB-WIN-FG-01DIOHEATLSLV90-HORS000,08/21/26 08:21 AM EDT,$0.38,29
20260821,KBO-WIN-FG-01DPACLITNC5QPG-NCOS000,08/21/26 08:21 AM EDT,$0.70,191
20260821,FRIENDLYCLUB-DWIN-FG-02HIF8PCOKI3JP8-DRAW,08/21/26 08:21 AM EDT,$0.46,135
20260821,KBO-WIN-FG-01DPACLITNC5QPG-SANS000,08/21/26 08:21 AM EDT,$0.34,638
20260821,MLB-MOVY-IT5-000FP271I543D0G-DERS000-GTE-P00005,08/21/26 08:21 AM EDT,$0.46,104
20260821,FRIENDLYCLUB-DWIN-FG-02HIF8PCOKI3JP8-DRAW,08/21/26 08:22 AM EDT,$0.46,21
20260821,KBO-WIN-FG-01DPAFQKTNCEJLO-SSRS000,08/21/26 08:22 AM EDT,$0.87,43
20260821,KBO-WIN-FG-01DPACLITNC5QPG-SANS000,08/21/26 08:22 AM EDT,$0.35,30
20260821,NPB-WIN-FG-01DIOHESTLSLVL0-SANS002,08/21/26 08:22 AM EDT,$0.79,21
20260821,NPB-WIN-FG-01DIOHESTLSLVL0-SANS002,08/21/26 08:22 AM EDT,$0.79,10
20260821,NPB-WIN-FG-01DIOHESTLSLVL0-TOES000,08/21/26 08:22 AM EDT,$0.21,9
20260821,NPB-WIN-FG-01DIOHESTLSLVL0-SANS002,08/21/26 08:22 AM EDT,$0.79,9
20260821,NPB-WIN-FG-01DIOHESTLSLVL0-TOES000,08/21/26 08:22 AM EDT,$0.21,10
20260821,NPB-WIN-FG-01DIOHESTLSLVL0-SANS002,08/21/26 08:22 AM EDT,$0.79,69
20260821,NPB-WIN-FG-01DIOHESTLSLVL0-TOES000,08/21/26 08:22 AM EDT,$0.21,69
20260821,NPB-WIN-FG-01DIOHESTLSLVL0-TOES000,08/21/26 08:22 AM EDT,$0.21,21
20260821,NPB-WIN-FG-01DIOHESTLSLVL0-TOES000,08/21/26 08:22 AM EDT,$0.21,40
20260821,NPB-WIN-FG-01DIOHESTLSLVL0-TOES000,08/21/26 08:22 AM EDT,$0.21,24
20260821,NPB-WIN-FG-01DIOHESTLSLVL0-TOES000,08/21/26 08:22 AM EDT,$0.21,41
20260821,NPB-WIN-FG-01DIOHESTLSLVL0-TOES000,08/21/26 08:22 AM EDT,$0.21,2
20260821,KBO-WIN-FG-01DPAFSVTNCEI30-DORS000,08/21/26 08:22 AM EDT,$0.06,18
20260821,KBO-WIN-FG-01DPACLITNC5QPG-NCOS000,08/21/26 08:22 AM EDT,$0.68,35
20260821,FRIENDLYCLUB-DWIN-FG-02HIF8PCOKI3JP8-ZEED002,08/21/26 08:22 AM EDT,$0.21,22
20260821,FRIENDLYCLUB-DWIN-FG-02HIF8PCOKI3JP8-DRAW,08/21/26 08:22 AM EDT,$0.47,51
20260821,NPB-WIN-FG-01DIOHEATLSLV90-CHES000,08/21/26 08:22 AM EDT,$0.47,40
20260821,NPB-WIN-FG-01DIOHEATLSLV90-HORS000,08/21/26 08:22 AM EDT,$0.52,450
20260821,NPB-WIN-FG-01DIOHEATLSLV90-HORS000,08/21/26 08:22 AM EDT,$0.52,204
20260821,NPB-WIN-FG-01DIOHEATLSLV90-HORS000,08/21/26 08:22 AM EDT,$0.52,30
20260821,NPB-WIN-FG-01DIOHEATLSLV90-HORS000,08/21/26 08:22 AM EDT,$0.52,121
20260821,NPB-WIN-FG-01DIOHEATLSLV90-HORS000,08/21/26 08:22 AM EDT,$0.52,53
20260821,NPB-WIN-FG-01DIOHEATLSLV90-HORS000,08/21/26 08:22 AM EDT,$0.52,75
20260821,NPB-WIN-FG-01DIOHEATLSLV90-HORS000,08/21/26 08:22 AM EDT,$0.52,51
20260821,NPB-WIN-FG-01DIOHEATLSLV90-CHES000,08/21/26 08:22 AM EDT,$0.47,450
20260821,NPB-WIN-FG-01DIOHEATLSLV90-HORS000,08/21/26 08:22 AM EDT,$0.52,24
20260821,NPB-WIN-FG-01DIOHEATLSLV90-HORS000,08/21/26 08:22 AM EDT,$0.52,21
20260821,NPB-WIN-FG-01DIOHEATLSLV90-HORS000,08/21/26 08:22 AM EDT,$0.52,89
20260821,NPB-WIN-FG-01DIOHEATLSLV90-CHES000,08/21/26 08:22 AM EDT,$0.47,10
20260821,NPB-WIN-FG-01DIOHEATLSLV90-CHES000,08/21/26 08:22 AM EDT,$0.47,10
20260821,NPB-WIN-FG-01DIOHEATLSLV90-CHES000,08/21/26 08:23 AM EDT,$0.47,30
20260821,NPB-WIN-FG-01DIOHEATLSLV90-HORS000,08/21/26 08:23 AM EDT,$0.52,450
20260821,NPB-WIN-FG-01DIOHEATLSLV90-CHES000,08/21/26 08:23 AM EDT,$0.47,450
20260821,NPB-WIN-FG-01DIOHEATLSLV90-HORS000,08/21/26 08:23 AM EDT,$0.52,50
20260821,NPB-WIN-FG-01DIOHEATLSLV90-CHES000,08/21/26 08:23 AM EDT,$0.48,10
20260821,NPB-WIN-FG-01DIOHEATLSLV90-HORS000,08/21/26 08:23 AM EDT,$0.52,10
20260821,KBO-WIN-FG-01DPAFSVTNCEI30-DORS000,08/21/26 08:23 AM EDT,$0.09,50
20260821,FRIENDLYCLUB-DWIN-FG-02HIF8PCOKI3JP8-DRAW,08/21/26 08:23 AM EDT,$0.47,51
20260821,KBO-WIN-FG-01DPACLITNC5QPG-SANS000,08/21/26 08:23 AM EDT,$0.36,15
20260821,KBO-WIN-FG-01DPAFSVTNCEI30-LOTS001,08/21/26 08:23 AM EDT,$0.93,42
20260821,KBO-WIN-FG-01DPACLITNC5QPG-NCOS000,08/21/26 08:23 AM EDT,$0.61,46
20260821,KBO-WIN-FG-01DPACLITNC5QPG-SANS000,08/21/26 08:23 AM EDT,$0.41,4
20260821,KBO-WIN-FG-01DPACLITNC5QPG-SANS000,08/21/26 08:24 AM EDT,$0.41,474
20260821,KBO-TRUNS-FG-01DPACKPTNC5RV0-GTE-P00105,08/21/26 08:24 AM EDT,$0.60,16
20260821,NPB-TRUNS-FG-01DIOH81TLSLVN8-GTE-P00055,08/21/26 08:24 AM EDT,$0.01,105
20260821,NPB-MOVY-FG-01DIOHEATLSLV90-HORS000-GTE-P00025,08/21/26 08:24 AM EDT,$0.02,3
20260821,KBO-MOVY-FG-01DPAFSVTNCEI30-LOTS001-GTE-P00025,08/21/26 08:24 AM EDT,$0.69,145
20260821,KBO-WIN-FG-01DPACLITNC5QPG-NCOS000,08/21/26 08:24 AM EDT,$0.61,336
20260821,KBO-TRUNS-FG-01DPACKPTNC5RV0-GTE-P00105,08/21/26 08:24 AM EDT,$0.51,121
20260821,KBO-WIN-FG-01DPACJGTNC5R90-LGNS000,08/21/26 08:24 AM EDT,$0.98,50
20260821,KBO-WIN-FG-01DPACLITNC5QPG-NCOS000,08/21/26 08:24 AM EDT,$0.61,7
20260821,KBO-WIN-FG-01DPAFSVTNCEI30-LOTS001,08/21/26 08:24 AM EDT,$0.93,5
20260821,KBO-WIN-FG-01DPAFSVTNCEI30-LOTS001,08/21/26 08:24 AM EDT,$0.93,52
20260821,FRIENDLYCLUB-DWIN-FG-02HIF8PCOKI3JP8-DRAW,08/21/26 08:24 AM EDT,$0.47,22
20260821,KBO-WIN-FG-01DPACLITNC5QPG-SANS000,08/21/26 08:24 AM EDT,$0.44,1086
20260821,MLB-TRUNS-IT5-000FP271I543D0G-GTE-P00045,08/21/26 08:24 AM EDT,$0.44,8
20260821,MLB-TRUNS-IT5-000FPR4TI545OUG-GTE-P00035,08/21/26 08:24 AM EDT,$0.53,10
20260821,KBO-WIN-FG-01DPACLITNC5QPG-SANS000,08/21/26 08:25 AM EDT,$0.43,222
20260821,KBO-WIN-FG-01DPACJGTNC5R90-HAES000,08/21/26 08:25 AM EDT,$0.04,20
20260821,KBO-WIN-FG-01DPACLITNC5QPG-SANS000,08/21/26 08:25 AM EDT,$0.44,195
20260821,KBO-WIN-FG-01DPACLITNC5QPG-NCOS000,08/21/26 08:25 AM EDT,$0.59,49
20260821,KBO-TRUNS-FG-01DPACLITNC5QPG-GTE-P00115,08/21/26 08:25 AM EDT,$0.06,40
20260821,KBO-WIN-FG-01DPACLITNC5QPG-SANS000,08/21/26 08:25 AM EDT,$0.41,16
20260821,KBO-TRUNS-FG-01DPACLITNC5QPG-GTE-P00075,08/21/26 08:25 AM EDT,$0.16,22
20260821,KBO-WIN-FG-01DPACLITNC5QPG-SANS000,08/21/26 08:25 AM EDT,$0.44,139
20260821,KBO-WIN-FG-01DPAFSVTNCEI30-DORS000,08/21/26 08:25 AM EDT,$0.09,2
20260821,KBO-TRUNS-FG-01DPAFSVTNCEI30-GTE-P00075,08/21/26 08:26 AM EDT,$0.41,8
20260821,KBO-WIN-FG-01DPAFQKTNCEJLO-KTON000,08/21/26 08:26 AM EDT,$0.15,125
20260821,KBO-WIN-FG-01DPAFQKTNCEJLO-KTON000,08/21/26 08:26 AM EDT,$0.15,500
20260821,KBO-TRUNS-FG-01DPACKPTNC5RV0-GTE-P00105,08/21/26 08:26 AM EDT,$0.53,102
20260821,KBO-WIN-FG-01DPAFQKTNCEJLO-KTON000,08/21/26 08:26 AM EDT,$0.15,312
20260821,NPB-WIN-FG-01DIOHEATLSLV90-CHES000,08/21/26 08:26 AM EDT,$0.48,10
20260821,NPB-WIN-FG-01DIOHEATLSLV90-HORS000,08/21/26 08:26 AM EDT,$0.52,10
20260821,KBO-WIN-FG-01DPACLITNC5QPG-SANS000,08/21/26 08:26 AM EDT,$0.41,10
20260821,KBO-WIN-FG-01DPACLITNC5QPG-NCOS000,08/21/26 08:26 AM EDT,$0.59,59
20260821,NPB-WIN-FG-01DIOHEATLSLV90-HORS000,08/21/26 08:26 AM EDT,$0.52,450
20260821,NPB-WIN-FG-01DIOHEATLSLV90-CHES000,08/21/26 08:26 AM EDT,$0.48,450
20260821,NPB-WIN-FG-01DIOHEATLSLV90-CHES000,08/21/26 08:26 AM EDT,$0.48,60
20260821,NPB-WIN-FG-01DIOHEATLSLV90-HORS000,08/21/26 08:26 AM EDT,$0.52,60
20260821,NPB-WIN-FG-01DIOHEATLSLV90-CHES000,08/21/26 08:26 AM EDT,$0.48,10
20260821,NPB-WIN-FG-01DIOHEATLSLV90-HORS000,08/21/26 08:26 AM EDT,$0.52,10
20260821,FRIENDLYCLUB-DWIN-FG-02HIF8PCOKI3JP8-ZEED002,08/21/26 08:26 AM EDT,$0.19,25
20260821,KBO-WIN-FG-01DPACLITNC5QPG-NCOS000,08/21/26 08:26 AM EDT,$0.59,88
20260821,KBO-TRUNS-FG-01DPAFSVTNCEI30-GTE-P00075,08/21/26 08:27 AM EDT,$0.40,443
20260821,KBO-TRUNS-FG-01DPAFSVTNCEI30-GTE-P00075,08/21/26 08:27 AM EDT,$0.40,201
20260821,KBO-TRUNS-FG-01DPACKPTNC5RV0-GTE-P00115,08/21/26 08:27 AM EDT,$0.32,64
20260821,NPB-WIN-FG-01DIOHESTLSLVL0-SANS002,08/21/26 08:27 AM EDT,$0.80,500
20260821,NPB-WIN-FG-01DIOHESTLSLVL0-SANS002,08/21/26 08:27 AM EDT,$0.80,100
20260821,NPB-WIN-FG-01DIOHESTLSLVL0-SANS002,08/21/26 08:28 AM EDT,$0.80,500
20260821,NPB-WIN-FG-01DIOHESTLSLVL0-SANS002,08/21/26 08:28 AM EDT,$0.80,100
20260821,NPB-WIN-FG-01DIOHESTLSLVL0-SANS002,08/21/26 08:28 AM EDT,$0.79,500
20260821,NPB-WIN-FG-01DIOHESTLSLVL0-SANS002,08/21/26 08:28 AM EDT,$0.79,500
20260821,NPB-WIN-FG-01DIOHESTLSLVL0-SANS002,08/21/26 08:28 AM EDT,$0.80,245
20260821,NPB-WIN-FG-01DIOHESTLSLVL0-SANS002,08/21/26 08:28 AM EDT,$0.80,100
20260821,KBO-TRUNS-FG-01DPAFSVTNCEI30-GTE-P00075,08/21/26 08:29 AM EDT,$0.34,29
20260821,KBO-WIN-FG-01DPACKPTNC5RV0-KIRS000,08/21/26 08:29 AM EDT,$0.99,50
20260821,KBO-WIN-FG-01DPAFSVTNCEI30-DORS000,08/21/26 08:30 AM EDT,$0.10,36
20260821,KBO-WIN-FG-01DPACLITNC5QPG-NCOS000,08/21/26 08:30 AM EDT,$0.43,450
20260821,KBO-WIN-FG-01DPACLITNC5QPG-SANS000,08/21/26 08:30 AM EDT,$0.57,146
20260821,KBO-WIN-FG-01DPACLITNC5QPG-SANS000,08/21/26 08:30 AM EDT,$0.57,304
20260821,KBO-WIN-FG-01DPACLITNC5QPG-NCOS000,08/21/26 08:30 AM EDT,$0.43,370
20260821,KBO-WIN-FG-01DPACLITNC5QPG-SANS000,08/21/26 08:30 AM EDT,$0.57,370
20260821,KBO-WIN-FG-01DPACLITNC5QPG-NCOS000,08/21/26 08:30 AM EDT,$0.43,10
20260821,KBO-WIN-FG-01DPACLITNC5QPG-SANS000,08/21/26 08:30 AM EDT,$0.57,10
20260821,KBO-WIN-FG-01DPACLITNC5QPG-NCOS000,08/21/26 08:30 AM EDT,$0.43,20
20260821,KBO-WIN-FG-01DPACLITNC5QPG-SANS000,08/21/26 08:30 AM EDT,$0.57,20
20260821,KBO-WIN-FG-01DPACLITNC5QPG-NCOS000,08/21/26 08:30 AM EDT,$0.43,450
20260821,KBO-WIN-FG-01DPACLITNC5QPG-NCOS000,08/21/26 08:30 AM EDT,$0.43,450
20260821,KBO-WIN-FG-01DPAFQKTNCEJLO-KTON000,08/21/26 08:30 AM EDT,$0.22,170
20260821,KBO-WIN-FG-01DPAFSVTNCEI30-DORS000,08/21/26 08:31 AM EDT,$0.10,15
20260821,NPB-WIN-FG-01DIOHESTLSLVL0-TOES000,08/21/26 08:31 AM EDT,$0.21,9
20260821,NPB-WIN-FG-01DIOHESTLSLVL0-SANS002,08/21/26 08:31 AM EDT,$0.78,122
20260821,NPB-WIN-FG-01DIOHESTLSLVL0-SANS002,08/21/26 08:31 AM EDT,$0.78,16
20260821,NPB-WIN-FG-01DIOH81TLSLVN8-HARS001,08/21/26 08:32 AM EDT,$0.99,54
20260821,NPB-WIN-FG-01DIOHEATLSLV90-HORS000,08/21/26 08:32 AM EDT,$0.40,10
20260821,NPB-WIN-FG-01DIOHEATLSLV90-HORS000,08/21/26 08:32 AM EDT,$0.40,30
20260821,NPB-WIN-FG-01DIOHEATLSLV90-CHES000,08/21/26 08:32 AM EDT,$0.60,10
20260821,NPB-WIN-FG-01DIOHEATLSLV90-HORS000,08/21/26 08:32 AM EDT,$0.40,10
20260821,MLB-PHRR-FG-000FP462I54B208-FEJR000-GTE-P00015,08/21/26 08:32 AM EDT,$0.55,35
20260821,KBO-WIN-FG-01DPACLITNC5QPG-SANS000,08/21/26 08:32 AM EDT,$0.42,120
20260821,KBO-WIN-FG-01DPACLITNC5QPG-SANS000,08/21/26 08:32 AM EDT,$0.42,450
20260821,KBO-WIN-FG-01DPACLITNC5QPG-SANS000,08/21/26 08:32 AM EDT,$0.42,160
20260821,KBO-WIN-FG-01DPACLITNC5QPG-SANS000,08/21/26 08:32 AM EDT,$0.42,100
20260821,KBO-MOVY-FG-01DPAFSVTNCEI30-LOTS001-GTE-P00025,08/21/26 08:32 AM EDT,$0.55,53
20260821,KBO-WIN-FG-01DPACLITNC5QPG-SANS000,08/21/26 08:32 AM EDT,$0.40,450
20260821,KBO-WIN-FG-01DPACLITNC5QPG-SANS000,08/21/26 08:32 AM EDT,$0.40,450
20260821,MLB-PHRR-FG-000FP462I54B208-JALL000-GTE-P00025,08/21/26 08:32 AM EDT,$0.35,27
20260821,FRIENDLYCLUB-DWIN-FG-02HIF8PCOKI3JP8-DRAW,08/21/26 08:32 AM EDT,$0.52,22
20260821,NPB-WIN-FG-01DIOHEATLSLV90-HORS000,08/21/26 08:32 AM EDT,$0.38,4
20260821,FRIENDLYCLUB-DWIN-FG-02HIF8PCOKI3JP8-DRAW,08/21/26 08:32 AM EDT,$0.60,75
20260821,KBO-WIN-FG-01DPACLITNC5QPG-SANS000,08/21/26 08:33 AM EDT,$0.39,884
20260821,NPB-WIN-FG-01DIOHEATLSLV90-CHES000,08/21/26 08:33 AM EDT,$0.62,450
20260821,NPB-WIN-FG-01DIOHEATLSLV90-HORS000,08/21/26 08:33 AM EDT,$0.38,450
20260821,NPB-WIN-FG-01DIOHEATLSLV90-CHES000,08/21/26 08:33 AM EDT,$0.62,8
20260821,NPB-WIN-FG-01DIOHEATLSLV90-HORS000,08/21/26 08:33 AM EDT,$0.38,8
20260821,NPB-WIN-FG-01DIOHEATLSLV90-CHES000,08/21/26 08:33 AM EDT,$0.62,22
20260821,NPB-WIN-FG-01DIOHEATLSLV90-HORS000,08/21/26 08:33 AM EDT,$0.38,22
20260821,NPB-WIN-FG-01DIOHEATLSLV90-HORS000,08/21/26 08:33 AM EDT,$0.38,30
20260821,NPB-WIN-FG-01DIOHEATLSLV90-CHES000,08/21/26 08:33 AM EDT,$0.62,30
20260821,NPB-WIN-FG-01DIOHEATLSLV90-HORS000,08/21/26 08:33 AM EDT,$0.38,1
20260821,NPB-WIN-FG-01DIOHEATLSLV90-CHES000,08/21/26 08:33 AM EDT,$0.62,1
20260821,NPB-WIN-FG-01DIOHEATLSLV90-CHES000,08/21/26 08:33 AM EDT,$0.62,37
20260821,NPB-WIN-FG-01DIOHEATLSLV90-HORS000,08/21/26 08:33 AM EDT,$0.38,37
20260821,NPB-WIN-FG-01DIOHEATLSLV90-CHES000,08/21/26 08:33 AM EDT,$0.62,31
20260821,NPB-WIN-FG-01DIOHEATLSLV90-HORS000,08/21/26 08:33 AM EDT,$0.38,31
20260821,NPB-WIN-FG-01DIOHEATLSLV90-CHES000,08/21/26 08:33 AM EDT,$0.62,26
20260821,NPB-WIN-FG-01DIOHEATLSLV90-HORS000,08/21/26 08:33 AM EDT,$0.38,26
20260821,NPB-WIN-FG-01DIOHEATLSLV90-HORS000,08/21/26 08:33 AM EDT,$0.38,28
20260821,NPB-WIN-FG-01DIOHEATLSLV90-CHES000,08/21/26 08:33 AM EDT,$0.62,28
20260821,NPB-WIN-FG-01DIOHEATLSLV90-CHES000,08/21/26 08:33 AM EDT,$0.62,11
20260821,NPB-WIN-FG-01DIOHEATLSLV90-HORS000,08/21/26 08:33 AM EDT,$0.38,11
20260821,NPB-WIN-FG-01DIOHEATLSLV90-CHES000,08/21/26 08:33 AM EDT,$0.62,1
20260821,NPB-WIN-FG-01DIOHEATLSLV90-HORS000,08/21/26 08:33 AM EDT,$0.38,1
20260821,NPB-WIN-FG-01DIOHEATLSLV90-CHES000,08/21/26 08:33 AM EDT,$0.62,63
20260821,NPB-WIN-FG-01DIOHEATLSLV90-HORS000,08/21/26 08:33 AM EDT,$0.38,63
20260821,NPB-WIN-FG-01DIOHEATLSLV90-HORS000,08/21/26 08:33 AM EDT,$0.38,17
20260821,NPB-WIN-FG-01DIOHEATLSLV90-CHES000,08/21/26 08:33 AM EDT,$0.62,17
20260821,NPB-WIN-FG-01DIOHEATLSLV90-CHES000,08/21/26 08:33 AM EDT,$0.62,1
20260821,NPB-WIN-FG-01DIOHEATLSLV90-HORS000,08/21/26 08:33 AM EDT,$0.38,1
20260821,NPB-WIN-FG-01DIOHEATLSLV90-HORS000,08/21/26 08:33 AM EDT,$0.38,44
20260821,NPB-WIN-FG-01DIOHEATLSLV90-CHES000,08/21/26 08:33 AM EDT,$0.62,44
20260821,NPB-WIN-FG-01DIOHEATLSLV90-CHES000,08/21/26 08:33 AM EDT,$0.62,13
20260821,NPB-WIN-FG-01DIOHEATLSLV90-HORS000,08/21/26 08:33 AM EDT,$0.38,13
20260821,NPB-WIN-FG-01DIOHEATLSLV90-CHES000,08/21/26 08:33 AM EDT,$0.62,1
20260821,NPB-WIN-FG-01DIOHEATLSLV90-HORS000,08/21/26 08:33 AM EDT,$0.38,1
20260821,NPB-WIN-FG-01DIOHEATLSLV90-HORS000,08/21/26 08:33 AM EDT,$0.38,12
20260821,NPB-WIN-FG-01DIOHEATLSLV90-CHES000,08/21/26 08:33 AM EDT,$0.62,12
20260821,NPB-WIN-FG-01DIOHEATLSLV90-CHES000,08/21/26 08:33 AM EDT,$0.62,5
20260821,NPB-WIN-FG-01DIOHEATLSLV90-HORS000,08/21/26 08:33 AM EDT,$0.38,5
20260821,NPB-WIN-FG-01DIOHEATLSLV90-CHES000,08/21/26 08:33 AM EDT,$0.62,13
20260821,NPB-WIN-FG-01DIOHEATLSLV90-HORS000,08/21/26 08:33 AM EDT,$0.38,13
20260821,NPB-WIN-FG-01DIOHEATLSLV90-CHES000,08/21/26 08:33 AM EDT,$0.62,53
20260821,NPB-WIN-FG-01DIOHEATLSLV90-HORS000,08/21/26 08:33 AM EDT,$0.38,53
20260821,NPB-WIN-FG-01DIOHEATLSLV90-HORS000,08/21/26 08:33 AM EDT,$0.38,92
20260821,NPB-WIN-FG-01DIOHEATLSLV90-CHES000,08/21/26 08:33 AM EDT,$0.62,92
20260821,NPB-WIN-FG-01DIOHEATLSLV90-CHES000,08/21/26 08:33 AM EDT,$0.62,5
20260821,NPB-WIN-FG-01DIOHEATLSLV90-HORS000,08/21/26 08:33 AM EDT,$0.38,5
20260821,NPB-WIN-FG-01DIOHEATLSLV90-CHES000,08/21/26 08:33 AM EDT,$0.62,16
20260821,NPB-WIN-FG-01DIOHEATLSLV90-HORS000,08/21/26 08:33 AM EDT,$0.38,16
20260821,NPB-WIN-FG-01DIOHEATLSLV90-CHES000,08/21/26 08:33 AM EDT,$0.62,14
20260821,NPB-WIN-FG-01DIOHEATLSLV90-HORS000,08/21/26 08:33 AM EDT,$0.38,14
20260821,NPB-WIN-FG-01DIOHEATLSLV90-CHES000,08/21/26 08:33 AM EDT,$0.62,8
20260821,NPB-WIN-FG-01DIOHEATLSLV90-CHES000,08/21/26 08:33 AM EDT,$0.62,4
20260821,NPB-WIN-FG-01DIOHEATLSLV90-HORS000,08/21/26 08:33 AM EDT,$0.38,8
20260821,NPB-WIN-FG-01DIOHEATLSLV90-HORS000,08/21/26 08:33 AM EDT,$0.38,4
20260821,NPB-WIN-FG-01DIOHEATLSLV90-CHES000,08/21/26 08:33 AM EDT,$0.62,450
20260821,NPB-WIN-FG-01DIOHEATLSLV90-HORS000,08/21/26 08:33 AM EDT,$0.38,450
20260821,NPB-WIN-FG-01DIOHEATLSLV90-CHES000,08/21/26 08:33 AM EDT,$0.62,4
20260821,NPB-WIN-FG-01DIOHEATLSLV90-HORS000,08/21/26 08:33 AM EDT,$0.38,4
20260821,NPB-WIN-FG-01DIOHEATLSLV90-CHES000,08/21/26 08:33 AM EDT,$0.62,1
20260821,NPB-WIN-FG-01DIOHEATLSLV90-HORS000,08/21/26 08:33 AM EDT,$0.38,1
20260821,KBO-WIN-FG-01DPACLITNC5QPG-SANS000,08/21/26 08:33 AM EDT,$0.34,69
20260821,NPB-WIN-FG-01DIOHEATLSLV90-CHES000,08/21/26 08:33 AM EDT,$0.65,7
20260821,NPB-WIN-FG-01DIOHEATLSLV90-HORS000,08/21/26 08:33 AM EDT,$0.35,7
20260821,NPB-WIN-FG-01DIOHEATLSLV90-CHES000,08/21/26 08:33 AM EDT,$0.65,10
20260821,NPB-WIN-FG-01DIOHEATLSLV90-HORS000,08/21/26 08:33 AM EDT,$0.35,10
20260821,KBO-WIN-FG-01DPACLITNC5QPG-SANS000,08/21/26 08:33 AM EDT,$0.34,638
20260821,KBO-WIN-FG-01DPACLITNC5QPG-SANS000,08/21/26 08:33 AM EDT,$0.34,78
20260821,KBO-WIN-FG-01DPAFQKTNCEJLO-SSRS000,08/21/26 08:33 AM EDT,$0.88,100
20260821,KBO-WIN-FG-01DPAFQKTNCEJLO-SSRS000,08/21/26 08:33 AM EDT,$0.88,50
20260821,KBO-WIN-FG-01DPAFQKTNCEJLO-SSRS000,08/21/26 08:33 AM EDT,$0.88,50
20260821,KBO-WIN-FG-01DPAFQKTNCEJLO-SSRS000,08/21/26 08:33 AM EDT,$0.88,375
20260821,KBO-WIN-FG-01DPAFQKTNCEJLO-SSRS000,08/21/26 08:33 AM EDT,$0.88,375
20260821,KBO-WIN-FG-01DPAFQKTNCEJLO-SSRS000,08/21/26 08:33 AM EDT,$0.88,10
20260821,KBO-WIN-FG-01DPAFQKTNCEJLO-SSRS000,08/21/26 08:33 AM EDT,$0.88,65
20260821,KBO-WIN-FG-01DPAFQKTNCEJLO-SSRS000,08/21/26 08:33 AM EDT,$0.88,62
20260821,KBO-WIN-FG-01DPAFQKTNCEJLO-SSRS000,08/21/26 08:33 AM EDT,$0.88,49
20260821,KBO-WIN-FG-01DPAFQKTNCEJLO-SSRS000,08/21/26 08:33 AM EDT,$0.88,12
20260821,KBO-WIN-FG-01DPAFQKTNCEJLO-SSRS000,08/21/26 08:33 AM EDT,$0.88,45
20260821,KBO-WIN-FG-01DPAFQKTNCEJLO-SSRS000,08/21/26 08:33 AM EDT,$0.88,105
20260821,KBO-WIN-FG-01DPAFQKTNCEJLO-SSRS000,08/21/26 08:33 AM EDT,$0.88,8
20260821,KBO-WIN-FG-01DPAFQKTNCEJLO-SSRS000,08/21/26 08:33 AM EDT,$0.88,5
20260821,KBO-WIN-FG-01DPAFQKTNCEJLO-SSRS000,08/21/26 08:33 AM EDT,$0.88,29
20260821,KBO-WIN-FG-01DPAFQKTNCEJLO-SSRS000,08/21/26 08:33 AM EDT,$0.88,46
20260821,KBO-WIN-FG-01DPAFQKTNCEJLO-KTON000,08/21/26 08:34 AM EDT,$0.50,82
20260821,KBO-WIN-FG-01DPAFQKTNCEJLO-SSRS000,08/21/26 08:34 AM EDT,$0.58,49
20260821,KBO-WIN-FG-01DPAFQKTNCEJLO-KTON000,08/21/26 08:34 AM EDT,$0.42,49
20260821,KBO-WIN-FG-01DPAFQKTNCEJLO-KTON000,08/21/26 08:34 AM EDT,$0.42,100
20260821,KBO-WIN-FG-01DPAFQKTNCEJLO-SSRS000,08/21/26 08:34 AM EDT,$0.58,100
20260821,KBO-WIN-FG-01DPAFQKTNCEJLO-SSRS000,08/21/26 08:34 AM EDT,$0.58,100
20260821,KBO-WIN-FG-01DPAFQKTNCEJLO-KTON000,08/21/26 08:34 AM EDT,$0.42,25
20260821,FRIENDLYCLUB-DWIN-FG-02HIF8PCOKI3JP8-ZEED002,08/21/26 08:34 AM EDT,$0.15,62
20260821,KBO-WIN-FG-01DPACLITNC5QPG-SANS000,08/21/26 08:35 AM EDT,$0.29,49
20260821,FRIENDLYCLUB-DWIN-FG-02HIF8PCOKI3JP8-DRAW,08/21/26 08:35 AM EDT,$0.64,80
20260821,KBO-WIN-FG-01DPACLITNC5QPG-SANS000,08/21/26 08:35 AM EDT,$0.30,1356
20260821,KBO-WIN-FG-01DPACLITNC5QPG-NCOS000,08/21/26 08:35 AM EDT,$0.70,1356
20260821,KBO-WIN-FG-01DPACLITNC5QPG-SANS000,08/21/26 08:35 AM EDT,$0.30,73
20260821,KBO-WIN-FG-01DPACLITNC5QPG-SANS000,08/21/26 08:35 AM EDT,$0.30,27
20260821,KBO-WIN-FG-01DPACLITNC5QPG-NCOS000,08/21/26 08:35 AM EDT,$0.70,100
20260821,KBO-WIN-FG-01DPAFSVTNCEI30-LOTS001,08/21/26 08:35 AM EDT,$0.74,28
20260821,KBO-WIN-FG-01DPACLITNC5QPG-SANS000,08/21/26 08:36 AM EDT,$0.22,60
20260821,KBO-WIN-FG-01DPACLITNC5QPG-NCOS000,08/21/26 08:36 AM EDT,$0.78,60
20260821,KBO-WIN-FG-01DPACLITNC5QPG-SANS000,08/21/26 08:36 AM EDT,$0.22,60
20260821,KBO-WIN-FG-01DPACLITNC5QPG-NCOS000,08/21/26 08:36 AM EDT,$0.78,60
20260821,KBO-WIN-FG-01DPACLITNC5QPG-SANS000,08/21/26 08:36 AM EDT,$0.22,50
20260821,KBO-WIN-FG-01DPACLITNC5QPG-NCOS000,08/21/26 08:36 AM EDT,$0.78,50
20260821,KBO-WIN-FG-01DPACLITNC5QPG-SANS000,08/21/26 08:36 AM EDT,$0.22,20
20260821,KBO-WIN-FG-01DPACLITNC5QPG-NCOS000,08/21/26 08:36 AM EDT,$0.78,20
20260821,KBO-WIN-FG-01DPACLITNC5QPG-NCOS000,08/21/26 08:36 AM EDT,$0.78,10
20260821,KBO-WIN-FG-01DPACLITNC5QPG-SANS000,08/21/26 08:36 AM EDT,$0.22,10
20260821,KBO-WIN-FG-01DPACLITNC5QPG-NCOS000,08/21/26 08:36 AM EDT,$0.78,20
20260821,KBO-WIN-FG-01DPACLITNC5QPG-SANS000,08/21/26 08:36 AM EDT,$0.22,20
20260821,KBO-WIN-FG-01DPACLITNC5QPG-NCOS000,08/21/26 08:36 AM EDT,$0.78,40
20260821,KBO-WIN-FG-01DPACLITNC5QPG-SANS000,08/21/26 08:36 AM EDT,$0.22,40
20260821,KBO-WIN-FG-01DPACLITNC5QPG-SANS000,08/21/26 08:36 AM EDT,$0.22,30
20260821,KBO-WIN-FG-01DPACLITNC5QPG-NCOS000,08/21/26 08:36 AM EDT,$0.78,30
20260821,KBO-WIN-FG-01DPACLITNC5QPG-NCOS000,08/21/26 08:36 AM EDT,$0.78,30
20260821,KBO-WIN-FG-01DPACLITNC5QPG-SANS000,08/21/26 08:36 AM EDT,$0.22,30
20260821,KBO-WIN-FG-01DPAFSVTNCEI30-DORS000,08/21/26 08:36 AM EDT,$0.28,83
20260821,KBO-MOVY-FG-01DPAFSVTNCEI30-LOTS001-GTE-P00015,08/21/26 08:36 AM EDT,$0.42,145
20260821,KBO-TRUNS-FG-01DPAFQKTNCEJLO-GTE-P00075,08/21/26 08:36 AM EDT,$0.52,1000
20260821,KBO-MOVY-FG-01DPAFSVTNCEI30-LOTS001-GTE-P00015,08/21/26 08:36 AM EDT,$0.50,288
20260821,KBO-MOVY-FG-01DPAFSVTNCEI30-LOTS001-GTE-P00015,08/21/26 08:36 AM EDT,$0.50,192
20260821,KBO-WIN-FG-01DPACLITNC5QPG-SANS000,08/21/26 08:36 AM EDT,$0.19,219
20260821,MLB-TRUNS-I1-00069L89I4RE7OO-GTE-P00005,08/21/26 08:36 AM EDT,$0.42,16
20260821,KBO-WIN-FG-01DPACLITNC5QPG-SANS000,08/21/26 08:36 AM EDT,$0.19,4
20260821,KBO-WIN-FG-01DPACLITNC5QPG-NCOS000,08/21/26 08:36 AM EDT,$0.78,18
20260821,KBO-WIN-FG-01DPAFSVTNCEI30-LOTS001,08/21/26 08:36 AM EDT,$0.74,263
20260821,KBO-WIN-FG-01DPACLITNC5QPG-NCOS000,08/21/26 08:36 AM EDT,$0.78,28
20260821,LIGAMX-TGLS-FG-01O38BN3VVTN6IO-GTE-P00005,08/21/26 08:36 AM EDT,$0.95,10
20260821,KBO-TRUNS-FG-01DPAFQKTNCEJLO-GTE-P00075,08/21/26 08:36 AM EDT,$0.56,359
20260821,NPB-WIN-FG-01DIOHESTLSLVL0-TOES000,08/21/26 08:36 AM EDT,$0.31,20
20260821,MLB-TRUNS-I1-000FPR4TI545OUG-GTE-P00005,08/21/26 08:36 AM EDT,$0.36,15
20260821,KBO-WIN-FG-01DPAFSVTNCEI30-DORS000,08/21/26 08:36 AM EDT,$0.28,2
20260821,KBO-MOVY-FG-01DPAFSVTNCEI30-LOTS001-GTE-P00025,08/21/26 08:36 AM EDT,$0.27,51
20260821,KBO-MOVY-FG-01DPAFSVTNCEI30-LOTS001-GTE-P00015,08/21/26 08:37 AM EDT,$0.50,384
20260821,KBO-TRUNS-FG-01DPAFSVTNCEI30-GTE-P00085,08/21/26 08:37 AM EDT,$0.49,1000
20260821,KBO-WIN-FG-01DPAFSVTNCEI30-LOTS001,08/21/26 08:37 AM EDT,$0.73,33
20260821,KBO-TRUNS-FG-01DPAFSVTNCEI30-GTE-P00085,08/21/26 08:37 AM EDT,$0.49,900
20260821,KBO-WIN-FG-01DPAFSVTNCEI30-LOTS001,08/21/26 08:37 AM EDT,$0.73,2
20260821,KBO-WIN-FG-01DPAFSVTNCEI30-LOTS001,08/21/26 08:37 AM EDT,$0.73,4
20260821,KBO-WIN-FG-01DPACLITNC5QPG-SANS000,08/21/26 08:37 AM EDT,$0.19,500
20260821,KBO-TRUNS-FG-01DPAFSVTNCEI30-GTE-P00085,08/21/26 08:37 AM EDT,$0.49,1000
20260821,NPB-WIN-FG-01DIOHEATLSLV90-HORS000,08/21/26 08:37 AM EDT,$0.29,450
20260821,MLB-TRUNS-I1-000FP242I543CMO-GTE-P00005,08/21/26 08:37 AM EDT,$0.45,35
20260821,KBO-WIN-FG-01DPAFSVTNCEI30-LOTS001,08/21/26 08:38 AM EDT,$0.74,236
20260821,FRIENDLYCLUB-DWIN-FG-02HIF8PCOKI3JP8-POOS002,08/21/26 08:38 AM EDT,$0.21,1
20260821,KBO-WIN-FG-01DPAFQKTNCEJLO-KTON000,08/21/26 08:38 AM EDT,$0.37,22
20260821,KBO-WIN-FG-01DPAFSVTNCEI30-DORS000,08/21/26 08:38 AM EDT,$0.28,206
20260821,LIGAMX-TGLS-FG-01O39C38VVTH7MG-GTE-P00055,08/21/26 08:38 AM EDT,$0.02,10
20260821,KBO-WIN-FG-01DPAFSVTNCEI30-DORS000,08/21/26 08:38 AM EDT,$0.27,13
20260821,NPB-WIN-FG-01DIOHESTLSLVL0-TOES000,08/21/26 08:38 AM EDT,$0.31,100
20260821,NPB-WIN-FG-01DIOHESTLSLVL0-SANS002,08/21/26 08:38 AM EDT,$0.69,100
20260821,NPB-WIN-FG-01DIOHESTLSLVL0-TOES000,08/21/26 08:38 AM EDT,$0.31,14
20260821,NPB-WIN-FG-01DIOHESTLSLVL0-SANS002,08/21/26 08:38 AM EDT,$0.69,14
20260821,NPB-WIN-FG-01DIOHESTLSLVL0-SANS002,08/21/26 08:38 AM EDT,$0.69,17
20260821,NPB-WIN-FG-01DIOHESTLSLVL0-TOES000,08/21/26 08:38 AM EDT,$0.31,17
20260821,NPB-WIN-FG-01DIOHESTLSLVL0-SANS002,08/21/26 08:38 AM EDT,$0.69,30
20260821,NPB-WIN-FG-01DIOHESTLSLVL0-TOES000,08/21/26 08:38 AM EDT,$0.31,30
20260821,NPB-WIN-FG-01DIOHESTLSLVL0-TOES000,08/21/26 08:38 AM EDT,$0.31,12
20260821,NPB-WIN-FG-01DIOHESTLSLVL0-SANS002,08/21/26 08:38 AM EDT,$0.69,12
20260821,NPB-WIN-FG-01DIOHESTLSLVL0-TOES000,08/21/26 08:38 AM EDT,$0.31,20
20260821,NPB-WIN-FG-01DIOHESTLSLVL0-SANS002,08/21/26 08:38 AM EDT,$0.69,20
20260821,NPB-WIN-FG-01DIOHESTLSLVL0-TOES000,08/21/26 08:38 AM EDT,$0.31,18
20260821,NPB-WIN-FG-01DIOHESTLSLVL0-SANS002,08/21/26 08:38 AM EDT,$0.69,18
20260821,NPB-WIN-FG-01DIOHESTLSLVL0-TOES000,08/21/26 08:38 AM EDT,$0.31,50
20260821,NPB-WIN-FG-01DIOHESTLSLVL0-SANS002,08/21/26 08:38 AM EDT,$0.69,50
20260821,NPB-WIN-FG-01DIOHESTLSLVL0-TOES000,08/21/26 08:38 AM EDT,$0.31,7
20260821,NPB-WIN-FG-01DIOHESTLSLVL0-SANS002,08/21/26 08:38 AM EDT,$0.69,7
20260821,NPB-WIN-FG-01DIOHESTLSLVL0-SANS002,08/21/26 08:38 AM EDT,$0.69,10
20260821,NPB-WIN-FG-01DIOHESTLSLVL0-TOES000,08/21/26 08:38 AM EDT,$0.31,10
20260821,NPB-WIN-FG-01DIOHESTLSLVL0-TOES000,08/21/26 08:38 AM EDT,$0.31,24
20260821,NPB-WIN-FG-01DIOHESTLSLVL0-SANS002,08/21/26 08:38 AM EDT,$0.69,24
20260821,NPB-WIN-FG-01DIOHESTLSLVL0-SANS002,08/21/26 08:38 AM EDT,$0.69,16
20260821,NPB-WIN-FG-01DIOHESTLSLVL0-TOES000,08/21/26 08:38 AM EDT,$0.31,16
20260821,NPB-WIN-FG-01DIOHESTLSLVL0-SANS002,08/21/26 08:38 AM EDT,$0.69,15
20260821,NPB-WIN-FG-01DIOHESTLSLVL0-TOES000,08/21/26 08:38 AM EDT,$0.31,15
20260821,NPB-WIN-FG-01DIOHESTLSLVL0-TOES000,08/21/26 08:38 AM EDT,$0.31,39
20260821,NPB-WIN-FG-01DIOHESTLSLVL0-SANS002,08/21/26 08:38 AM EDT,$0.69,39
20260821,NPB-WIN-FG-01DIOHESTLSLVL0-TOES000,08/21/26 08:38 AM EDT,$0.31,5
20260821,NPB-WIN-FG-01DIOHESTLSLVL0-SANS002,08/21/26 08:38 AM EDT,$0.69,5
20260821,KBO-WIN-FG-01DPAFSVTNCEI30-DORS000,08/21/26 08:38 AM EDT,$0.28,300
20260821,MLB-TRUNS-I1-000FP20FI543DE8-GTE-P00005,08/21/26 08:39 AM EDT,$0.42,16
20260821,KBO-WIN-FG-01DPAFSVTNCEI30-LOTS001,08/21/26 08:39 AM EDT,$0.73,9
20260821,FRIENDLYCLUB-DWIN-FG-02HIF8PCOKI3JP8-DRAW,08/21/26 08:39 AM EDT,$0.69,5
20260821,LIGAMX-TGLS-FG-01O39C38VVTH7MG-GTE-P00055,08/21/26 08:39 AM EDT,$0.02,10
20260821,KBO-WIN-FG-01DPAFSVTNCEI30-DORS000,08/21/26 08:39 AM EDT,$0.25,10
20260821,KBO-WIN-FG-01DPAFSVTNCEI30-DORS000,08/21/26 08:39 AM EDT,$0.27,1065
20260821,MLB-PHRR-FG-000FPR2RI545P9G-IVRA000-GTE-P00025,08/21/26 08:39 AM EDT,$0.30,31
20260821,MLB-PHRR-FG-000FPR2RI545P9G-BRER000-GTE-P00025,08/21/26 08:39 AM EDT,$0.39,24
20260821,MLB-PHRR-FG-000FPR2RI545P9G-ALON001-GTE-P00025,08/21/26 08:39 AM EDT,$0.30,31
20260821,KBO-WIN-FG-01DPAFSVTNCEI30-LOTS001,08/21/26 08:40 AM EDT,$0.80,48
20260821,KBO-TRUNS-FG-01DPAFSVTNCEI30-GTE-P00075,08/21/26 08:40 AM EDT,$0.48,109
20260821,FRIENDLYCLUB-DWIN-FG-02HIF8PCOKI3JP8-POOS002,08/21/26 08:40 AM EDT,$0.27,55
20260821,KBO-WIN-FG-01DPAFSVTNCEI30-DORS000,08/21/26 08:40 AM EDT,$0.19,50
20260821,KBO-WIN-FG-01DPAFSVTNCEI30-DORS000,08/21/26 08:40 AM EDT,$0.21,450
20260821,KBO-WIN-FG-01DPAFSVTNCEI30-LOTS001,08/21/26 08:40 AM EDT,$0.79,450
20260821,KBO-WIN-FG-01DPAFSVTNCEI30-DORS000,08/21/26 08:40 AM EDT,$0.21,450
20260821,KBO-WIN-FG-01DPAFSVTNCEI30-LOTS001,08/21/26 08:40 AM EDT,$0.79,450
20260821,KBO-WIN-FG-01DPAFSVTNCEI30-DORS000,08/21/26 08:40 AM EDT,$0.21,366
20260821,KBO-WIN-FG-01DPAFSVTNCEI30-DORS000,08/21/26 08:40 AM EDT,$0.21,84
20260821,KBO-WIN-FG-01DPAFSVTNCEI30-LOTS001,08/21/26 08:40 AM EDT,$0.79,366
20260821,KBO-WIN-FG-01DPAFSVTNCEI30-LOTS001,08/21/26 08:40 AM EDT,$0.79,84
20260821,KBO-WIN-FG-01DPAFSVTNCEI30-LOTS001,08/21/26 08:40 AM EDT,$0.79,180
20260821,KBO-WIN-FG-01DPAFSVTNCEI30-DORS000,08/21/26 08:40 AM EDT,$0.21,180
20260821,KBO-WIN-FG-01DPAFSVTNCEI30-LOTS001,08/21/26 08:40 AM EDT,$0.79,200
20260821,KBO-WIN-FG-01DPAFSVTNCEI30-DORS000,08/21/26 08:40 AM EDT,$0.21,200
20260821,KBO-WIN-FG-01DPAFSVTNCEI30-LOTS001,08/21/26 08:40 AM EDT,$0.79,25
20260821,KBO-WIN-FG-01DPAFSVTNCEI30-DORS000,08/21/26 08:40 AM EDT,$0.21,25
20260821,KBO-WIN-FG-01DPAFSVTNCEI30-LOTS001,08/21/26 08:40 AM EDT,$0.79,20
20260821,KBO-WIN-FG-01DPAFSVTNCEI30-DORS000,08/21/26 08:40 AM EDT,$0.21,20
20260821,KBO-WIN-FG-01DPAFSVTNCEI30-DORS000,08/21/26 08:40 AM EDT,$0.21,184
20260821,KBO-WIN-FG-01DPAFSVTNCEI30-LOTS001,08/21/26 08:40 AM EDT,$0.79,134
20260821,KBO-WIN-FG-01DPAFSVTNCEI30-DORS000,08/21/26 08:40 AM EDT,$0.21,50
20260821,KBO-WIN-FG-01DPAFSVTNCEI30-LOTS001,08/21/26 08:40 AM EDT,$0.79,100
20260821,KBO-WIN-FG-01DPAFSVTNCEI30-LOTS001,08/21/26 08:40 AM EDT,$0.79,10
20260821,KBO-WIN-FG-01DPAFSVTNCEI30-DORS000,08/21/26 08:40 AM EDT,$0.21,10
20260821,KBO-WIN-FG-01DPAFSVTNCEI30-LOTS001,08/21/26 08:40 AM EDT,$0.79,125
20260821,KBO-WIN-FG-01DPAFSVTNCEI30-DORS000,08/21/26 08:40 AM EDT,$0.21,125
20260821,KBO-WIN-FG-01DPAFSVTNCEI30-LOTS001,08/21/26 08:40 AM EDT,$0.79,5
20260821,KBO-WIN-FG-01DPAFSVTNCEI30-DORS000,08/21/26 08:40 AM EDT,$0.21,5
20260821,KBO-WIN-FG-01DPAFSVTNCEI30-DORS000,08/21/26 08:40 AM EDT,$0.21,5
20260821,KBO-WIN-FG-01DPAFSVTNCEI30-LOTS001,08/21/26 08:40 AM EDT,$0.79,5
20260821,KBO-WIN-FG-01DPAFSVTNCEI30-LOTS001,08/21/26 08:40 AM EDT,$0.79,5
20260821,KBO-WIN-FG-01DPAFSVTNCEI30-DORS000,08/21/26 08:40 AM EDT,$0.21,5
20260821,KBO-WIN-FG-01DPAFSVTNCEI30-LOTS001,08/21/26 08:40 AM EDT,$0.79,10
20260821,KBO-WIN-FG-01DPAFSVTNCEI30-DORS000,08/21/26 08:40 AM EDT,$0.21,10
20260821,KBO-WIN-FG-01DPAFSVTNCEI30-LOTS001,08/21/26 08:40 AM EDT,$0.79,10
20260821,KBO-WIN-FG-01DPAFSVTNCEI30-DORS000,08/21/26 08:40 AM EDT,$0.21,10
20260821,KBO-WIN-FG-01DPAFSVTNCEI30-DORS000,08/21/26 08:40 AM EDT,$0.21,10
20260821,KBO-WIN-FG-01DPAFSVTNCEI30-LOTS001,08/21/26 08:40 AM EDT,$0.79,10
20260821,KBO-WIN-FG-01DPAFSVTNCEI30-LOTS001,08/21/26 08:40 AM EDT,$0.79,10
20260821,KBO-WIN-FG-01DPAFSVTNCEI30-DORS000,08/21/26 08:40 AM EDT,$0.21,10
20260821,KBO-WIN-FG-01DPAFSVTNCEI30-LOTS001,08/21/26 08:40 AM EDT,$0.79,10
20260821,KBO-WIN-FG-01DPAFSVTNCEI30-DORS000,08/21/26 08:40 AM EDT,$0.21,10
20260821,KBO-WIN-FG-01DPAFSVTNCEI30-LOTS001,08/21/26 08:40 AM EDT,$0.79,100
20260821,KBO-WIN-FG-01DPAFSVTNCEI30-DORS000,08/21/26 08:40 AM EDT,$0.21,100
20260821,KBO-WIN-FG-01DPAFSVTNCEI30-DORS000,08/21/26 08:40 AM EDT,$0.21,100
20260821,KBO-WIN-FG-01DPAFSVTNCEI30-LOTS001,08/21/26 08:40 AM EDT,$0.79,100
20260821,KBO-WIN-FG-01DPAFSVTNCEI30-DORS000,08/21/26 08:40 AM EDT,$0.21,70
20260821,KBO-WIN-FG-01DPAFSVTNCEI30-LOTS001,08/21/26 08:40 AM EDT,$0.79,70
20260821,KBO-WIN-FG-01DPAFSVTNCEI30-DORS000,08/21/26 08:40 AM EDT,$0.21,20
20260821,KBO-WIN-FG-01DPAFSVTNCEI30-LOTS001,08/21/26 08:40 AM EDT,$0.79,20
20260821,KBO-WIN-FG-01DPAFSVTNCEI30-DORS000,08/21/26 08:40 AM EDT,$0.21,20
20260821,KBO-WIN-FG-01DPAFSVTNCEI30-LOTS001,08/21/26 08:40 AM EDT,$0.79,20
20260821,KBO-WIN-FG-01DPAFSVTNCEI30-DORS000,08/21/26 08:40 AM EDT,$0.21,100
20260821,KBO-WIN-FG-01DPAFSVTNCEI30-LOTS001,08/21/26 08:40 AM EDT,$0.79,100
20260821,FRIENDLYCLUB-DWIN-FG-02HPNB1DOL9R2KG-CDGO002,08/21/26 08:40 AM EDT,$0.57,16
20260821,KBO-WIN-FG-01DPAFSVTNCEI30-LOTS001,08/21/26 08:41 AM EDT,$0.74,81
20260821,MLB-TRUNS-I1-000FP41SI54B2VO-GTE-P00005,08/21/26 08:41 AM EDT,$0.42,16
20260821,KBO-MOVY-FG-01DPACJGTNC5R90-LGNS000-GTE-P00035,08/21/26 08:41 AM EDT,$0.51,120
20260821,KBO-WIN-FG-01DPAFSVTNCEI30-LOTS001,08/21/26 08:41 AM EDT,$0.74,131
20260821,KBO-TRUNS-FG-01DPAFSVTNCEI30-GTE-P00075,08/21/26 08:41 AM EDT,$0.70,12
20260821,MLB-PHRR-FG-000696G0I4R92U8-MAON003-GTE-P00015,08/21/26 08:41 AM EDT,$0.40,71
20260821,KBO-WIN-FG-01DPACJGTNC5R90-HAES000,08/21/26 08:41 AM EDT,$0.10,45
20260821,KBO-WIN-FG-01DPAFSVTNCEI30-LOTS001,08/21/26 08:41 AM EDT,$0.71,35
20260821,KBO-WIN-FG-01DPAFSVTNCEI30-LOTS001,08/21/26 08:41 AM EDT,$0.73,13
20260821,MLB-MOVY-IT5-000696G0I4R92U8-MIRS000-GTE-P00005,08/21/26 08:41 AM EDT,$0.44,17
20260821,KBO-WIN-FG-01DPAFSVTNCEI30-DORS000,08/21/26 08:41 AM EDT,$0.29,15
20260821,KBO-WIN-FG-01DPAFSVTNCEI30-DORS000,08/21/26 08:42 AM EDT,$0.29,32
20260821,KBO-WIN-FG-01DPAFSVTNCEI30-LOTS001,08/21/26 08:42 AM EDT,$0.73,500
20260821,KBO-WIN-FG-01DPAFSVTNCEI30-LOTS001,08/21/26 08:42 AM EDT,$0.73,136
20260821,KBO-WIN-FG-01DPAFSVTNCEI30-DORS000,08/21/26 08:42 AM EDT,$0.29,1
20260821,KBO-WIN-FG-01DPACJGTNC5R90-HAES000,08/21/26 08:42 AM EDT,$0.10,52
20260821,KBO-WIN-FG-01DPAFQKTNCEJLO-KTON000,08/21/26 08:42 AM EDT,$0.43,10
20260821,KBO-WIN-FG-01DPAFQKTNCEJLO-SSRS000,08/21/26 08:42 AM EDT,$0.57,10
20260821,KBO-WIN-FG-01DPAFQKTNCEJLO-KTON000,08/21/26 08:42 AM EDT,$0.43,100
20260821,KBO-WIN-FG-01DPAFQKTNCEJLO-SSRS000,08/21/26 08:42 AM EDT,$0.57,100
20260821,KBO-WIN-FG-01DPAFQKTNCEJLO-SSRS000,08/21/26 08:42 AM EDT,$0.57,1
20260821,MLS-TGLS-FG-000A3TE4I78818G-GTE-P00055,08/21/26 08:42 AM EDT,$0.09,10
20260821,KBO-TRUNS-FG-01DPAFSVTNCEI30-GTE-P00075,08/21/26 08:42 AM EDT,$0.78,50
20260821,KBO-TRUNS-FG-01DPAFSVTNCEI30-GTE-P00075,08/21/26 08:42 AM EDT,$0.78,25
20260821,KBO-WIN-FG-01DPAFSVTNCEI30-DORS000,08/21/26 08:43 AM EDT,$0.25,239
20260821,KBO-WIN-FG-01DPAFSVTNCEI30-DORS000,08/21/26 08:43 AM EDT,$0.25,1
20260821,NWSL-DWIN-FG-000FPQ0FI544HD8-UTSW003,08/21/26 08:43 AM EDT,$0.26,35
20260821,KBO-WIN-FG-01DPAFSVTNCEI30-LOTS001,08/21/26 08:43 AM EDT,$0.79,308
20260821,KBO-WIN-FG-01DPAFSVTNCEI30-DORS000,08/21/26 08:44 AM EDT,$0.21,3
20260821,KBO-MOVY-FG-01DPAFSVTNCEI30-LOTS001-GTE-P00015,08/21/26 08:44 AM EDT,$0.76,2
20260821,KBO-WIN-FG-01DPACJGTNC5R90-LGNS000,08/21/26 08:44 AM EDT,$0.91,100
20260821,KBO-WIN-FG-01DPACJGTNC5R90-HAES000,08/21/26 08:44 AM EDT,$0.09,100
20260821,KBO-WIN-FG-01DPAFSVTNCEI30-LOTS001,08/21/26 08:44 AM EDT,$0.79,450
20260821,KBO-WIN-FG-01DPAFSVTNCEI30-DORS000,08/21/26 08:44 AM EDT,$0.20,450
20260821,KBO-WIN-FG-01DPAFSVTNCEI30-DORS000,08/21/26 08:44 AM EDT,$0.20,450
20260821,KBO-WIN-FG-01DPAFSVTNCEI30-DORS000,08/21/26 08:44 AM EDT,$0.20,50
20260821,KBO-WIN-FG-01DPAFSVTNCEI30-LOTS001,08/21/26 08:44 AM EDT,$0.79,10
20260821,KBO-WIN-FG-01DPAFSVTNCEI30-DORS000,08/21/26 08:44 AM EDT,$0.20,10
20260821,KBO-WIN-FG-01DPAFSVTNCEI30-LOTS001,08/21/26 08:44 AM EDT,$0.79,40
20260821,KBO-WIN-FG-01DPAFSVTNCEI30-DORS000,08/21/26 08:44 AM EDT,$0.20,69
20260821,KBO-WIN-FG-01DPAFSVTNCEI30-DORS000,08/21/26 08:44 AM EDT,$0.20,16
20260821,KBO-WIN-FG-01DPAFSVTNCEI30-LOTS001,08/21/26 08:44 AM EDT,$0.79,10
20260821,KBO-WIN-FG-01DPAFSVTNCEI30-DORS000,08/21/26 08:44 AM EDT,$0.20,205
20260821,KBO-WIN-FG-01DPAFSVTNCEI30-DORS000,08/21/26 08:44 AM EDT,$0.20,175
20260821,KBO-WIN-FG-01DPAFSVTNCEI30-LOTS001,08/21/26 08:44 AM EDT,$0.79,445
20260821,KBO-WIN-FG-01DPAFSVTNCEI30-LOTS001,08/21/26 08:44 AM EDT,$0.79,10
20260821,KBO-WIN-FG-01DPAFSVTNCEI30-LOTS001,08/21/26 08:44 AM EDT,$0.79,100
20260821,KBO-WIN-FG-01DPAFSVTNCEI30-LOTS001,08/21/26 08:44 AM EDT,$0.79,150
20260821,KBO-WIN-FG-01DPAFSVTNCEI30-LOTS001,08/21/26 08:44 AM EDT,$0.79,88
20260821,KBO-WIN-FG-01DPAFSVTNCEI30-LOTS001,08/21/26 08:44 AM EDT,$0.79,51
20260821,KBO-WIN-FG-01DPAFSVTNCEI30-LOTS001,08/21/26 08:44 AM EDT,$0.79,50
20260821,KBO-WIN-FG-01DPAFSVTNCEI30-LOTS001,08/21/26 08:44 AM EDT,$0.79,39
20260821,KBO-WIN-FG-01DPAFSVTNCEI30-LOTS001,08/21/26 08:44 AM EDT,$0.79,61
20260821,KBO-WIN-FG-01DPAFSVTNCEI30-LOTS001,08/21/26 08:44 AM EDT,$0.79,73
20260821,KBO-WIN-FG-01DPAFSVTNCEI30-LOTS001,08/21/26 08:44 AM EDT,$0.79,106
20260821,KBO-WIN-FG-01DPAFSVTNCEI30-LOTS001,08/21/26 08:44 AM EDT,$0.79,15
20260821,KBO-WIN-FG-01DPAFSVTNCEI30-LOTS001,08/21/26 08:44 AM EDT,$0.79,41
20260821,KBO-WIN-FG-01DPAFSVTNCEI30-LOTS001,08/21/26 08:44 AM EDT,$0.79,105
20260821,KBO-WIN-FG-01DPAFSVTNCEI30-LOTS001,08/21/26 08:44 AM EDT,$0.79,10
20260821,KBO-WIN-FG-01DPAFSVTNCEI30-LOTS001,08/21/26 08:44 AM EDT,$0.79,53
20260821,KBO-WIN-FG-01DPAFSVTNCEI30-LOTS001,08/21/26 08:44 AM EDT,$0.79,28
20260821,KBO-WIN-FG-01DPAFSVTNCEI30-LOTS001,08/21/26 08:44 AM EDT,$0.79,135
20260821,KBO-WIN-FG-01DPAFSVTNCEI30-LOTS001,08/21/26 08:44 AM EDT,$0.79,33
20260821,KBO-WIN-FG-01DPAFSVTNCEI30-LOTS001,08/21/26 08:44 AM EDT,$0.79,50
20260821,KBO-WIN-FG-01DPAFSVTNCEI30-LOTS001,08/21/26 08:44 AM EDT,$0.79,5
20260821,KBO-WIN-FG-01DPAFSVTNCEI30-LOTS001,08/21/26 08:44 AM EDT,$0.79,100
20260821,KBO-WIN-FG-01DPAFSVTNCEI30-DORS000,08/21/26 08:44 AM EDT,$0.26,5
20260821,KBO-WIN-FG-01DPAFSVTNCEI30-LOTS001,08/21/26 08:44 AM EDT,$0.79,5
20260821,KBO-WIN-FG-01DPAFSVTNCEI30-LOTS001,08/21/26 08:44 AM EDT,$0.79,100
20260821,KBO-WIN-FG-01DPAFSVTNCEI30-DORS000,08/21/26 08:44 AM EDT,$0.26,5
20260821,KBO-WIN-FG-01DPAFSVTNCEI30-LOTS001,08/21/26 08:44 AM EDT,$0.79,5
20260821,KBO-WIN-FG-01DPAFSVTNCEI30-LOTS001,08/21/26 08:44 AM EDT,$0.79,89
20260821,KBO-WIN-FG-01DPAFSVTNCEI30-LOTS001,08/21/26 08:44 AM EDT,$0.79,36
20260821,KBO-WIN-FG-01DPAFSVTNCEI30-LOTS001,08/21/26 08:44 AM EDT,$0.79,25
20260821,KBO-WIN-FG-01DPAFSVTNCEI30-LOTS001,08/21/26 08:44 AM EDT,$0.79,5
20260821,KBO-WIN-FG-01DPAFSVTNCEI30-DORS000,08/21/26 08:44 AM EDT,$0.26,5
20260821,KBO-WIN-FG-01DPAFSVTNCEI30-DORS000,08/21/26 08:44 AM EDT,$0.26,100
20260821,KBO-WIN-FG-01DPAFSVTNCEI30-LOTS001,08/21/26 08:44 AM EDT,$0.79,100
20260821,KBO-WIN-FG-01DPAFSVTNCEI30-LOTS001,08/21/26 08:44 AM EDT,$0.79,15
20260821,KBO-WIN-FG-01DPAFSVTNCEI30-LOTS001,08/21/26 08:44 AM EDT,$0.79,22
20260821,KBO-WIN-FG-01DPAFSVTNCEI30-LOTS001,08/21/26 08:44 AM EDT,$0.79,10
20260821,KBO-WIN-FG-01DPAFSVTNCEI30-LOTS001,08/21/26 08:44 AM EDT,$0.79,10
20260821,KBO-WIN-FG-01DPAFSVTNCEI30-LOTS001,08/21/26 08:44 AM EDT,$0.79,100
20260821,KBO-WIN-FG-01DPAFSVTNCEI30-LOTS001,08/21/26 08:44 AM EDT,$0.79,85
20260821,KBO-WIN-FG-01DPAFSVTNCEI30-LOTS001,08/21/26 08:44 AM EDT,$0.79,15
20260821,KBO-WIN-FG-01DPAFSVTNCEI30-LOTS001,08/21/26 08:44 AM EDT,$0.79,20
20260821,KBO-WIN-FG-01DPAFSVTNCEI30-LOTS001,08/21/26 08:44 AM EDT,$0.79,20
20260821,KBO-WIN-FG-01DPAFSVTNCEI30-LOTS001,08/21/26 08:44 AM EDT,$0.79,63
20260821,KBO-MOVY-FG-01DPAFSVTNCEI30-LOTS001-GTE-P00025,08/21/26 08:44 AM EDT,$0.12,25
20260821,MLB-TRUNS-I1-000696G0I4R92U8-GTE-P00005,08/21/26 08:45 AM EDT,$0.33,32
20260821,KBO-WIN-FG-01DPAFSVTNCEI30-DORS000,08/21/26 08:45 AM EDT,$0.26,100
20260821,KBO-WIN-FG-01DPAFSVTNCEI30-LOTS001,08/21/26 08:45 AM EDT,$0.74,100
20260821,KBO-WIN-FG-01DPAFSVTNCEI30-LOTS001,08/21/26 08:45 AM EDT,$0.74,450
20260821,KBO-WIN-FG-01DPAFSVTNCEI30-DORS000,08/21/26 08:45 AM EDT,$0.26,450
20260821,KBO-WIN-FG-01DPAFSVTNCEI30-LOTS001,08/21/26 08:45 AM EDT,$0.74,50
20260821,KBO-WIN-FG-01DPAFSVTNCEI30-DORS000,08/21/26 08:45 AM EDT,$0.26,50
20260821,KBO-WIN-FG-01DPAFSVTNCEI30-LOTS001,08/21/26 08:45 AM EDT,$0.74,100
20260821,KBO-WIN-FG-01DPAFSVTNCEI30-DORS000,08/21/26 08:45 AM EDT,$0.26,100
20260821,KBO-WIN-FG-01DPAFSVTNCEI30-LOTS001,08/21/26 08:45 AM EDT,$0.74,50
20260821,KBO-WIN-FG-01DPAFSVTNCEI30-DORS000,08/21/26 08:45 AM EDT,$0.26,50
20260821,KBO-WIN-FG-01DPAFSVTNCEI30-DORS000,08/21/26 08:45 AM EDT,$0.26,100
20260821,KBO-WIN-FG-01DPAFSVTNCEI30-LOTS001,08/21/26 08:45 AM EDT,$0.74,100
20260821,KBO-WIN-FG-01DPAFSVTNCEI30-LOTS001,08/21/26 08:45 AM EDT,$0.74,100
20260821,KBO-WIN-FG-01DPAFSVTNCEI30-DORS000,08/21/26 08:45 AM EDT,$0.26,100
20260821,KBO-WIN-FG-01DPAFSVTNCEI30-LOTS001,08/21/26 08:45 AM EDT,$0.74,100
20260821,KBO-WIN-FG-01DPAFSVTNCEI30-DORS000,08/21/26 08:45 AM EDT,$0.26,100
20260821,KBO-WIN-FG-01DPAFSVTNCEI30-DORS000,08/21/26 08:45 AM EDT,$0.26,100
20260821,KBO-WIN-FG-01DPAFSVTNCEI30-LOTS001,08/21/26 08:45 AM EDT,$0.74,100
20260821,KBO-WIN-FG-01DPAFSVTNCEI30-DORS000,08/21/26 08:45 AM EDT,$0.26,10
20260821,KBO-WIN-FG-01DPAFSVTNCEI30-LOTS001,08/21/26 08:45 AM EDT,$0.74,10
20260821,KBO-WIN-FG-01DPAFSVTNCEI30-LOTS001,08/21/26 08:45 AM EDT,$0.74,100
20260821,KBO-WIN-FG-01DPAFSVTNCEI30-DORS000,08/21/26 08:45 AM EDT,$0.26,100
20260821,KBO-WIN-FG-01DPAFSVTNCEI30-LOTS001,08/21/26 08:45 AM EDT,$0.74,100
20260821,KBO-WIN-FG-01DPAFSVTNCEI30-DORS000,08/21/26 08:45 AM EDT,$0.26,91
20260821,KBO-WIN-FG-01DPAFSVTNCEI30-LOTS001,08/21/26 08:45 AM EDT,$0.74,2
20260821,KBO-WIN-FG-01DPAFSVTNCEI30-LOTS001,08/21/26 08:45 AM EDT,$0.74,100
20260821,KBO-WIN-FG-01DPAFSVTNCEI30-LOTS001,08/21/26 08:45 AM EDT,$0.74,100
20260821,KBO-WIN-FG-01DPAFSVTNCEI30-LOTS001,08/21/26 08:45 AM EDT,$0.74,100
20260821,KBO-WIN-FG-01DPAFSVTNCEI30-DORS000,08/21/26 08:45 AM EDT,$0.26,100
20260821,KBO-WIN-FG-01DPAFSVTNCEI30-LOTS001,08/21/26 08:45 AM EDT,$0.74,100
20260821,KBO-WIN-FG-01DPAFSVTNCEI30-DORS000,08/21/26 08:45 AM EDT,$0.26,100
20260821,KBO-WIN-FG-01DPAFSVTNCEI30-DORS000,08/21/26 08:45 AM EDT,$0.26,100
20260821,KBO-WIN-FG-01DPAFSVTNCEI30-LOTS001,08/21/26 08:45 AM EDT,$0.74,100
20260821,KBO-WIN-FG-01DPAFSVTNCEI30-LOTS001,08/21/26 08:45 AM EDT,$0.74,10
20260821,KBO-WIN-FG-01DPAFSVTNCEI30-DORS000,08/21/26 08:45 AM EDT,$0.26,10
20260821,FRIENDLYCLUB-DWIN-FG-02HIF8PCOKI3JP8-DRAW,08/21/26 08:45 AM EDT,$0.75,75
20260821,KBO-WIN-FG-01DPAFSVTNCEI30-DORS000,08/21/26 08:45 AM EDT,$0.27,3
20260821,KBO-WIN-FG-01DPAFSVTNCEI30-DORS000,08/21/26 08:45 AM EDT,$0.26,7
20260821,KBO-WIN-FG-01DPAFSVTNCEI30-DORS000,08/21/26 08:45 AM EDT,$0.26,178
20260821,MLB-TRUNS-I1-000FPUUVI541HNG-GTE-P00005,08/21/26 08:46 AM EDT,$0.50,9
20260821,KBO-WIN-FG-01DPAFSVTNCEI30-DORS000,08/21/26 08:46 AM EDT,$0.26,65
20260821,KBO-WIN-FG-01DPAFQKTNCEJLO-SSRS000,08/21/26 08:46 AM EDT,$0.52,130
20260821,KBO-WIN-FG-01DPAFQKTNCEJLO-KTON000,08/21/26 08:46 AM EDT,$0.47,130
20260821,KBO-WIN-FG-01DPAFQKTNCEJLO-KTON000,08/21/26 08:46 AM EDT,$0.47,14
20260821,KBO-WIN-FG-01DPAFQKTNCEJLO-KTON000,08/21/26 08:46 AM EDT,$0.47,40
20260821,KBO-WIN-FG-01DPAFQKTNCEJLO-KTON000,08/21/26 08:46 AM EDT,$0.47,57
20260821,KBO-WIN-FG-01DPAFQKTNCEJLO-KTON000,08/21/26 08:46 AM EDT,$0.47,9
20260821,KBO-WIN-FG-01DPAFQKTNCEJLO-KTON000,08/21/26 08:46 AM EDT,$0.47,100
20260821,KBO-WIN-FG-01DPAFQKTNCEJLO-KTON000,08/21/26 08:46 AM EDT,$0.47,10
20260821,KBO-WIN-FG-01DPAFQKTNCEJLO-KTON000,08/21/26 08:46 AM EDT,$0.47,12
20260821,KBO-WIN-FG-01DPAFQKTNCEJLO-KTON000,08/21/26 08:46 AM EDT,$0.47,24
20260821,KBO-WIN-FG-01DPAFQKTNCEJLO-KTON000,08/21/26 08:46 AM EDT,$0.47,25
20260821,KBO-WIN-FG-01DPAFQKTNCEJLO-KTON000,08/21/26 08:46 AM EDT,$0.47,10
20260821,KBO-WIN-FG-01DPAFQKTNCEJLO-SSRS000,08/21/26 08:46 AM EDT,$0.52,10
20260821,KBO-WIN-FG-01DPAFQKTNCEJLO-KTON000,08/21/26 08:46 AM EDT,$0.47,100
20260821,KBO-WIN-FG-01DPAFQKTNCEJLO-KTON000,08/21/26 08:46 AM EDT,$0.47,100
20260821,KBO-WIN-FG-01DPAFQKTNCEJLO-SSRS000,08/21/26 08:46 AM EDT,$0.52,100
20260821,KBO-WIN-FG-01DPAFQKTNCEJLO-SSRS000,08/21/26 08:46 AM EDT,$0.52,26
20260821,KBO-WIN-FG-01DPAFQKTNCEJLO-SSRS000,08/21/26 08:46 AM EDT,$0.52,3
20260821,KBO-WIN-FG-01DPAFSVTNCEI30-DORS000,08/21/26 08:46 AM EDT,$0.25,37
20260821,KBO-WIN-FG-01DPAFQKTNCEJLO-SSRS000,08/21/26 08:47 AM EDT,$0.51,48
20260821,FRIENDLYCLUB-DWIN-FG-02HIF8PCOKI3JP8-ZEED002,08/21/26 08:47 AM EDT,$0.03,22
20260821,KBO-WIN-FG-01DPAFSVTNCEI30-LOTS001,08/21/26 08:47 AM EDT,$0.81,19
20260821,KBO-WIN-FG-01DPAFSVTNCEI30-LOTS001,08/21/26 08:47 AM EDT,$0.81,12
20260821,KBO-WIN-FG-01DPAFSVTNCEI30-DORS000,08/21/26 08:47 AM EDT,$0.22,1
20260821,KBO-MOVY-FG-01DPAFSVTNCEI30-LOTS001-GTE-P00015,08/21/26 08:48 AM EDT,$0.62,14
20260821,KBO-WIN-FG-01DPAFSVTNCEI30-DORS000,08/21/26 08:48 AM EDT,$0.21,208
20260821,KBO-WIN-FG-01DPAFSVTNCEI30-DORS000,08/21/26 08:48 AM EDT,$0.21,104
20260821,KBO-WIN-FG-01DPACJGTNC5R90-HAES000,08/21/26 08:48 AM EDT,$0.08,111
20260821,KBO-WIN-FG-01DPACJGTNC5R90-HAES000,08/21/26 08:48 AM EDT,$0.08,7
20260821,NPB-WIN-FG-01DIOHEATLSLV90-CHES000,08/21/26 08:48 AM EDT,$0.99,1
20260821,KBO-WIN-FG-01DPAFSVTNCEI30-DORS000,08/21/26 08:48 AM EDT,$0.22,41
20260821,KBO-WIN-FG-01DPAFSVTNCEI30-DORS000,08/21/26 08:48 AM EDT,$0.22,4
20260821,MLB-TRUNS-FG-000FPR4TI545OUG-GTE-P00085,08/21/26 08:49 AM EDT,$0.38,50
20260821,KBO-WIN-FG-01DPACJGTNC5R90-LGNS000,08/21/26 08:49 AM EDT,$0.93,50
20260821,MLB-PHRR-FG-000FPR4TI545OUG-CELA000-GTE-P00015,08/21/26 08:49 AM EDT,$0.60,16
20260821,KBO-WIN-FG-01DPAFQKTNCEJLO-KTON000,08/21/26 08:49 AM EDT,$0.49,21
20260821,KBO-WIN-FG-01DPACJGTNC5R90-LGNS000,08/21/26 08:49 AM EDT,$0.93,10
20260821,KBO-WIN-FG-01DPACJGTNC5R90-LGNS000,08/21/26 08:49 AM EDT,$0.93,450
20260821,KBO-WIN-FG-01DPACJGTNC5R90-LGNS000,08/21/26 08:49 AM EDT,$0.93,100
20260821,KBO-WIN-FG-01DPACJGTNC5R90-HAES000,08/21/26 08:49 AM EDT,$0.08,100
20260821,KBO-WIN-FG-01DPACJGTNC5R90-LGNS000,08/21/26 08:49 AM EDT,$0.93,10
20260821,KBO-WIN-FG-01DPACJGTNC5R90-LGNS000,08/21/26 08:49 AM EDT,$0.93,30
20260821,KBO-WIN-FG-01DPACJGTNC5R90-LGNS000,08/21/26 08:49 AM EDT,$0.93,10
20260821,KBO-WIN-FG-01DPACJGTNC5R90-LGNS000,08/21/26 08:49 AM EDT,$0.93,2
20260821,KBO-WIN-FG-01DPACJGTNC5R90-LGNS000,08/21/26 08:49 AM EDT,$0.93,9
20260821,KBO-WIN-FG-01DPACJGTNC5R90-LGNS000,08/21/26 08:49 AM EDT,$0.93,73
20260821,KBO-WIN-FG-01DPACJGTNC5R90-LGNS000,08/21/26 08:49 AM EDT,$0.93,22
20260821,KBO-WIN-FG-01DPACJGTNC5R90-LGNS000,08/21/26 08:49 AM EDT,$0.93,450
20260821,KBO-WIN-FG-01DPACJGTNC5R90-LGNS000,08/21/26 08:49 AM EDT,$0.93,3
20260821,KBO-WIN-FG-01DPACJGTNC5R90-LGNS000,08/21/26 08:49 AM EDT,$0.93,37
20260821,KBO-WIN-FG-01DPACJGTNC5R90-LGNS000,08/21/26 08:49 AM EDT,$0.93,16
20260821,KBO-WIN-FG-01DPACJGTNC5R90-LGNS000,08/21/26 08:49 AM EDT,$0.93,54
20260821,KBO-WIN-FG-01DPACJGTNC5R90-LGNS000,08/21/26 08:49 AM EDT,$0.93,68
20260821,KBO-WIN-FG-01DPACJGTNC5R90-HAES000,08/21/26 08:49 AM EDT,$0.08,36
20260821,KBO-WIN-FG-01DPACJGTNC5R90-LGNS000,08/21/26 08:49 AM EDT,$0.93,21
20260821,KBO-WIN-FG-01DPACJGTNC5R90-HAES000,08/21/26 08:49 AM EDT,$0.08,8
20260821,KBO-WIN-FG-01DPACJGTNC5R90-HAES000,08/21/26 08:49 AM EDT,$0.08,15
20260821,KBO-WIN-FG-01DPACJGTNC5R90-LGNS000,08/21/26 08:49 AM EDT,$0.93,35
20260821,KBO-WIN-FG-01DPACJGTNC5R90-HAES000,08/21/26 08:49 AM EDT,$0.08,10
20260821,KBO-WIN-FG-01DPACJGTNC5R90-HAES000,08/21/26 08:49 AM EDT,$0.08,16
20260821,KBO-WIN-FG-01DPACJGTNC5R90-HAES000,08/21/26 08:49 AM EDT,$0.08,20
20260821,KBO-WIN-FG-01DPACJGTNC5R90-HAES000,08/21/26 08:49 AM EDT,$0.08,53
20260821,KBO-WIN-FG-01DPACJGTNC5R90-LGNS000,08/21/26 08:49 AM EDT,$0.93,32
20260821,KBO-WIN-FG-01DPACJGTNC5R90-LGNS000,08/21/26 08:49 AM EDT,$0.93,9
20260821,KBO-WIN-FG-01DPACJGTNC5R90-HAES000,08/21/26 08:49 AM EDT,$0.08,53
20260821,KBO-WIN-FG-01DPACJGTNC5R90-HAES000,08/21/26 08:49 AM EDT,$0.08,26
20260821,KBO-WIN-FG-01DPACJGTNC5R90-LGNS000,08/21/26 08:49 AM EDT,$0.93,10
20260821,KBO-WIN-FG-01DPACJGTNC5R90-HAES000,08/21/26 08:49 AM EDT,$0.08,33
20260821,KBO-WIN-FG-01DPACJGTNC5R90-HAES000,08/21/26 08:49 AM EDT,$0.08,20
20260821,KBO-WIN-FG-01DPACJGTNC5R90-LGNS000,08/21/26 08:49 AM EDT,$0.93,28
20260821,KBO-WIN-FG-01DPACJGTNC5R90-LGNS000,08/21/26 08:49 AM EDT,$0.93,107
20260821,KBO-WIN-FG-01DPACJGTNC5R90-LGNS000,08/21/26 08:49 AM EDT,$0.93,1
20260821,KBO-WIN-FG-01DPACJGTNC5R90-HAES000,08/21/26 08:49 AM EDT,$0.08,14
20260821,KBO-WIN-FG-01DPACJGTNC5R90-LGNS000,08/21/26 08:49 AM EDT,$0.93,28
20260821,KBO-WIN-FG-01DPACJGTNC5R90-HAES000,08/21/26 08:49 AM EDT,$0.08,2
20260821,KBO-WIN-FG-01DPACJGTNC5R90-LGNS000,08/21/26 08:49 AM EDT,$0.93,10
20260821,KBO-WIN-FG-01DPACJGTNC5R90-HAES000,08/21/26 08:49 AM EDT,$0.08,6
20260821,KBO-WIN-FG-01DPACJGTNC5R90-LGNS000,08/21/26 08:49 AM EDT,$0.93,5
20260821,KBO-WIN-FG-01DPACJGTNC5R90-LGNS000,08/21/26 08:49 AM EDT,$0.93,50
20260821,KBO-WIN-FG-01DPACJGTNC5R90-LGNS000,08/21/26 08:49 AM EDT,$0.93,15
20260821,KBO-WIN-FG-01DPACJGTNC5R90-HAES000,08/21/26 08:49 AM EDT,$0.08,11
20260821,KBO-WIN-FG-01DPACJGTNC5R90-HAES000,08/21/26 08:49 AM EDT,$0.08,6
20260821,KBO-WIN-FG-01DPACJGTNC5R90-HAES000,08/21/26 08:49 AM EDT,$0.08,54
20260821,KBO-WIN-FG-01DPACJGTNC5R90-HAES000,08/21/26 08:49 AM EDT,$0.08,486
20260821,KBO-WIN-FG-01DPACJGTNC5R90-LGNS000,08/21/26 08:49 AM EDT,$0.93,21
20260821,KBO-WIN-FG-01DPACJGTNC5R90-LGNS000,08/21/26 08:49 AM EDT,$0.93,22
20260821,KBO-WIN-FG-01DPACJGTNC5R90-LGNS000,08/21/26 08:49 AM EDT,$0.93,39
20260821,KBO-WIN-FG-01DPACJGTNC5R90-LGNS000,08/21/26 08:49 AM EDT,$0.93,41
20260821,MLB-PHRR-FG-000FPR4TI545OUG-JAAN001-GTE-P00015,08/21/26 08:49 AM EDT,$0.50,19
20260821,KBO-WIN-FG-01DPAFSVTNCEI30-DORS000,08/21/26 08:49 AM EDT,$0.22,17
20260821,KBO-WIN-FG-01DPACJGTNC5R90-HAES000,08/21/26 08:49 AM EDT,$0.08,555
20260821,KBO-WIN-FG-01DPACJGTNC5R90-LGNS000,08/21/26 08:50 AM EDT,$0.92,9
20260821,KBO-WIN-FG-01DPACJGTNC5R90-HAES000,08/21/26 08:50 AM EDT,$0.08,9
20260821,KBO-WIN-FG-01DPACJGTNC5R90-LGNS000,08/21/26 08:50 AM EDT,$0.92,89
20260821,KBO-WIN-FG-01DPACJGTNC5R90-HAES000,08/21/26 08:50 AM EDT,$0.08,89
20260821,KBO-WIN-FG-01DPACJGTNC5R90-HAES000,08/21/26 08:50 AM EDT,$0.08,8
20260821,KBO-WIN-FG-01DPACJGTNC5R90-LGNS000,08/21/26 08:50 AM EDT,$0.92,8
20260821,KBO-WIN-FG-01DPACJGTNC5R90-LGNS000,08/21/26 08:50 AM EDT,$0.92,15
20260821,KBO-WIN-FG-01DPACJGTNC5R90-HAES000,08/21/26 08:50 AM EDT,$0.08,15
20260821,KBO-WIN-FG-01DPACJGTNC5R90-LGNS000,08/21/26 08:50 AM EDT,$0.92,15
20260821,KBO-WIN-FG-01DPACJGTNC5R90-LGNS000,08/21/26 08:50 AM EDT,$0.92,69
20260821,KBO-WIN-FG-01DPACJGTNC5R90-HAES000,08/21/26 08:50 AM EDT,$0.08,15
20260821,KBO-WIN-FG-01DPACJGTNC5R90-HAES000,08/21/26 08:50 AM EDT,$0.08,69
20260821,KBO-WIN-FG-01DPACJGTNC5R90-LGNS000,08/21/26 08:50 AM EDT,$0.92,8
20260821,KBO-WIN-FG-01DPACJGTNC5R90-HAES000,08/21/26 08:50 AM EDT,$0.08,8
20260821,KBO-WIN-FG-01DPACJGTNC5R90-HAES000,08/21/26 08:50 AM EDT,$0.08,15
20260821,KBO-WIN-FG-01DPACJGTNC5R90-LGNS000,08/21/26 08:50 AM EDT,$0.92,15
20260821,KBO-WIN-FG-01DPACJGTNC5R90-HAES000,08/21/26 08:50 AM EDT,$0.08,48
20260821,KBO-WIN-FG-01DPACJGTNC5R90-LGNS000,08/21/26 08:50 AM EDT,$0.92,48
20260821,KBO-WIN-FG-01DPACJGTNC5R90-HAES000,08/21/26 08:50 AM EDT,$0.08,70
20260821,KBO-WIN-FG-01DPAFSVTNCEI30-LOTS001,08/21/26 08:50 AM EDT,$0.81,421
20260821,MLB-TRUNS-I1-000FP462I54B208-GTE-P00025,08/21/26 08:50 AM EDT,$0.08,5
20260821,KBO-WIN-FG-01DPAFSVTNCEI30-DORS000,08/21/26 08:50 AM EDT,$0.24,19
20260821,KBO-WIN-FG-01DPAFSVTNCEI30-DORS000,08/21/26 08:50 AM EDT,$0.24,19
20260821,KBO-WIN-FG-01DPACJGTNC5R90-LGNS000,08/21/26 08:51 AM EDT,$0.92,3
20260821,KBO-WIN-FG-01DPACJGTNC5R90-HAES000,08/21/26 08:51 AM EDT,$0.08,3
20260821,KBO-WIN-FG-01DPAFQKTNCEJLO-KTON000,08/21/26 08:51 AM EDT,$0.48,100
20260821,KBO-WIN-FG-01DPAFQKTNCEJLO-SSRS000,08/21/26 08:51 AM EDT,$0.52,100
20260821,KBO-WIN-FG-01DPAFQKTNCEJLO-KTON000,08/21/26 08:51 AM EDT,$0.48,90
20260821,KBO-WIN-FG-01DPAFQKTNCEJLO-SSRS000,08/21/26 08:51 AM EDT,$0.52,90
20260821,KBO-WIN-FG-01DPAFQKTNCEJLO-KTON000,08/21/26 08:51 AM EDT,$0.48,100
20260821,KBO-WIN-FG-01DPAFQKTNCEJLO-SSRS000,08/21/26 08:51 AM EDT,$0.52,100
20260821,KBO-WIN-FG-01DPAFSVTNCEI30-DORS000,08/21/26 08:51 AM EDT,$0.24,38
20260821,KBO-WIN-FG-01DPAFQKTNCEJLO-SSRS000,08/21/26 08:51 AM EDT,$0.50,110
20260821,KBO-WIN-FG-01DPAFQKTNCEJLO-SSRS000,08/21/26 08:51 AM EDT,$0.49,450
20260821,KBO-WIN-FG-01DPAFQKTNCEJLO-SSRS000,08/21/26 08:51 AM EDT,$0.49,240
20260821,KBO-WIN-FG-01DPAFQKTNCEJLO-SSRS000,08/21/26 08:51 AM EDT,$0.49,440
20260821,KBO-WIN-FG-01DPAFQKTNCEJLO-SSRS000,08/21/26 08:51 AM EDT,$0.49,450
20260821,KBO-WIN-FG-01DPAFQKTNCEJLO-SSRS000,08/21/26 08:51 AM EDT,$0.49,80
20260821,KBO-WIN-FG-01DPAFQKTNCEJLO-SSRS000,08/21/26 08:51 AM EDT,$0.49,10
20260821,KBO-WIN-FG-01DPAFQKTNCEJLO-SSRS000,08/21/26 08:51 AM EDT,$0.49,10
20260821,NPB-WIN-FG-01DIOHESTLSLVL0-SANS002,08/21/26 08:51 AM EDT,$0.88,12
20260821,KBO-WIN-FG-01DPACLITNC5QPG-SANS000,08/21/26 08:51 AM EDT,$0.11,52
20260821,KBO-WIN-FG-01DPACLITNC5QPG-SANS000,08/21/26 08:51 AM EDT,$0.11,60
20260821,KBO-WIN-FG-01DPACLITNC5QPG-SANS000,08/21/26 08:51 AM EDT,$0.11,30
20260821,KBO-WIN-FG-01DPACLITNC5QPG-SANS000,08/21/26 08:51 AM EDT,$0.11,90
20260821,KBO-WIN-FG-01DPACLITNC5QPG-SANS000,08/21/26 08:51 AM EDT,$0.11,90
20260821,KBO-WIN-FG-01DPACLITNC5QPG-SANS000,08/21/26 08:51 AM EDT,$0.11,60
20260821,KBO-WIN-FG-01DPACLITNC5QPG-SANS000,08/21/26 08:51 AM EDT,$0.11,60
20260821,KBO-WIN-FG-01DPACLITNC5QPG-SANS000,08/21/26 08:51 AM EDT,$0.11,60
20260821,KBO-WIN-FG-01DPACLITNC5QPG-SANS000,08/21/26 08:51 AM EDT,$0.11,60
20260821,KBO-WIN-FG-01DPACLITNC5QPG-SANS000,08/21/26 08:51 AM EDT,$0.11,60
20260821,KBO-WIN-FG-01DPACLITNC5QPG-SANS000,08/21/26 08:51 AM EDT,$0.11,60
20260821,KBO-WIN-FG-01DPACLITNC5QPG-SANS000,08/21/26 08:51 AM EDT,$0.11,60
20260821,KBO-WIN-FG-01DPACLITNC5QPG-SANS000,08/21/26 08:51 AM EDT,$0.11,60
20260821,KBO-WIN-FG-01DPACLITNC5QPG-SANS000,08/21/26 08:51 AM EDT,$0.11,60
20260821,KBO-WIN-FG-01DPACLITNC5QPG-SANS000,08/21/26 08:51 AM EDT,$0.10,174
20260821,KBO-WIN-FG-01DPACLITNC5QPG-SANS000,08/21/26 08:51 AM EDT,$0.10,1
20260821,KBO-WIN-FG-01DPACLITNC5QPG-SANS000,08/21/26 08:51 AM EDT,$0.10,60
20260821,KBO-WIN-FG-01DPACJGTNC5R90-HAES000,08/21/26 08:51 AM EDT,$0.08,55
20260821,KBO-WIN-FG-01DPAFQKTNCEJLO-SSRS000,08/21/26 08:51 AM EDT,$0.42,450
20260821,MLB-TRUNS-I1-000696G0I4R92U8-GTE-P00005,08/21/26 08:51 AM EDT,$0.33,144
20260821,KBO-WIN-FG-01DPACLITNC5QPG-SANS000,08/21/26 08:52 AM EDT,$0.09,106
20260821,KBO-WIN-FG-01DPACLITNC5QPG-NCOS000,08/21/26 08:52 AM EDT,$0.95,2000
20260821,KBO-WIN-FG-01DPACLITNC5QPG-NCOS000,08/21/26 08:52 AM EDT,$0.95,450
20260821,FRIENDLYCLUB-BTMSC-FG-02HIF8PCOKI3JP8-BINARY,08/21/26 08:52 AM EDT,$0.15,5
20260821,KBO-WIN-FG-01DPAFSVTNCEI30-DORS000,08/21/26 08:52 AM EDT,$0.22,208
20260821,KBO-WIN-FG-01DPAFQKTNCEJLO-KTON000,08/21/26 08:52 AM EDT,$0.62,30
20260821,KBO-WIN-FG-01DPAFQKTNCEJLO-KTON000,08/21/26 08:52 AM EDT,$0.62,30
20260821,KBO-WIN-FG-01DPAFQKTNCEJLO-SSRS000,08/21/26 08:52 AM EDT,$0.37,9
20260821,KBO-WIN-FG-01DPAFQKTNCEJLO-SSRS000,08/21/26 08:52 AM EDT,$0.37,30
20260821,KBO-WIN-FG-01DPAFQKTNCEJLO-KTON000,08/21/26 08:52 AM EDT,$0.62,318
20260821,KBO-WIN-FG-01DPAFQKTNCEJLO-KTON000,08/21/26 08:52 AM EDT,$0.62,132
20260821,KBO-WIN-FG-01DPAFQKTNCEJLO-KTON000,08/21/26 08:52 AM EDT,$0.62,30
20260821,KBO-WIN-FG-01DPAFQKTNCEJLO-SSRS000,08/21/26 08:52 AM EDT,$0.37,20
20260821,KBO-WIN-FG-01DPAFQKTNCEJLO-KTON000,08/21/26 08:52 AM EDT,$0.62,10
20260821,KBO-WIN-FG-01DPAFQKTNCEJLO-KTON000,08/21/26 08:52 AM EDT,$0.62,450
20260821,KBO-WIN-FG-01DPAFQKTNCEJLO-KTON000,08/21/26 08:52 AM EDT,$0.62,10
20260821,KBO-WIN-FG-01DPAFQKTNCEJLO-KTON000,08/21/26 08:52 AM EDT,$0.62,10
20260821,KBO-WIN-FG-01DPAFQKTNCEJLO-KTON000,08/21/26 08:52 AM EDT,$0.62,450
20260821,KBO-WIN-FG-01DPAFQKTNCEJLO-KTON000,08/21/26 08:52 AM EDT,$0.62,30
20260821,KBO-WIN-FG-01DPAFQKTNCEJLO-SSRS000,08/21/26 08:52 AM EDT,$0.37,30
20260821,KBO-WIN-FG-01DPAFQKTNCEJLO-SSRS000,08/21/26 08:52 AM EDT,$0.37,450
20260821,KBO-WIN-FG-01DPAFQKTNCEJLO-KTON000,08/21/26 08:52 AM EDT,$0.62,80
20260821,KBO-WIN-FG-01DPAFQKTNCEJLO-KTON000,08/21/26 08:52 AM EDT,$0.62,25
20260821,KBO-WIN-FG-01DPAFQKTNCEJLO-KTON000,08/21/26 08:52 AM EDT,$0.62,20
20260821,KBO-WIN-FG-01DPACJGTNC5R90-HAES000,08/21/26 08:53 AM EDT,$0.08,277
20260821,KBO-WIN-FG-01DPAFQKTNCEJLO-SSRS000,08/21/26 08:53 AM EDT,$0.36,10
20260821,KBO-WIN-FG-01DPAFQKTNCEJLO-KTON000,08/21/26 08:53 AM EDT,$0.64,45
20260821,KBO-WIN-FG-01DPAFQKTNCEJLO-SSRS000,08/21/26 08:53 AM EDT,$0.36,60
20260821,KBO-WIN-FG-01DPAFQKTNCEJLO-KTON000,08/21/26 08:53 AM EDT,$0.64,100
20260821,KBO-WIN-FG-01DPAFQKTNCEJLO-SSRS000,08/21/26 08:53 AM EDT,$0.36,130
20260821,KBO-WIN-FG-01DPAFQKTNCEJLO-KTON000,08/21/26 08:53 AM EDT,$0.64,40
20260821,KBO-WIN-FG-01DPAFQKTNCEJLO-KTON000,08/21/26 08:53 AM EDT,$0.64,25
20260821,KBO-WIN-FG-01DPAFQKTNCEJLO-SSRS000,08/21/26 08:53 AM EDT,$0.36,10
20260821,KBO-WIN-FG-01DPAFQKTNCEJLO-KTON000,08/21/26 08:53 AM EDT,$0.64,9
20260821,KBO-WIN-FG-01DPAFQKTNCEJLO-SSRS000,08/21/26 08:53 AM EDT,$0.36,9
20260821,KBO-WIN-FG-01DPAFSVTNCEI30-LOTS001,08/21/26 08:53 AM EDT,$0.80,1
20260821,KBO-WIN-FG-01DPAFQKTNCEJLO-KTON000,08/21/26 08:53 AM EDT,$0.64,90
20260821,KBO-WIN-FG-01DPAFQKTNCEJLO-SSRS000,08/21/26 08:53 AM EDT,$0.36,90
20260821,KBO-WIN-FG-01DPAFQKTNCEJLO-SSRS000,08/21/26 08:53 AM EDT,$0.36,15
20260821,KBO-TRUNS-FG-01DPAFSVTNCEI30-GTE-P00095,08/21/26 08:53 AM EDT,$0.67,15
20260821,KBO-WIN-FG-01DPACJGTNC5R90-HAES000,08/21/26 08:53 AM EDT,$0.08,10
20260821,KBO-WIN-FG-01DPACJGTNC5R90-LGNS000,08/21/26 08:53 AM EDT,$0.92,10
20260821,KBO-WIN-FG-01DPACJGTNC5R90-HAES000,08/21/26 08:53 AM EDT,$0.08,15
20260821,KBO-WIN-FG-01DPACJGTNC5R90-LGNS000,08/21/26 08:53 AM EDT,$0.92,15
20260821,KBO-WIN-FG-01DPACJGTNC5R90-HAES000,08/21/26 08:53 AM EDT,$0.08,71
20260821,KBO-WIN-FG-01DPACJGTNC5R90-LGNS000,08/21/26 08:53 AM EDT,$0.92,71
20260821,KBO-WIN-FG-01DPACJGTNC5R90-HAES000,08/21/26 08:53 AM EDT,$0.08,13
20260821,KBO-WIN-FG-01DPACJGTNC5R90-LGNS000,08/21/26 08:53 AM EDT,$0.92,13
20260821,KBO-WIN-FG-01DPACJGTNC5R90-LGNS000,08/21/26 08:53 AM EDT,$0.92,8
20260821,KBO-WIN-FG-01DPACJGTNC5R90-HAES000,08/21/26 08:53 AM EDT,$0.08,8
20260821,KBO-WIN-FG-01DPACJGTNC5R90-LGNS000,08/21/26 08:53 AM EDT,$0.92,13
20260821,KBO-WIN-FG-01DPACJGTNC5R90-HAES000,08/21/26 08:53 AM EDT,$0.08,13
20260821,KBO-WIN-FG-01DPACJGTNC5R90-LGNS000,08/21/26 08:53 AM EDT,$0.92,71
20260821,KBO-WIN-FG-01DPACJGTNC5R90-HAES000,08/21/26 08:53 AM EDT,$0.08,71
20260821,KBO-WIN-FG-01DPACJGTNC5R90-LGNS000,08/21/26 08:53 AM EDT,$0.92,7
20260821,KBO-WIN-FG-01DPACJGTNC5R90-HAES000,08/21/26 08:53 AM EDT,$0.08,7
20260821,KBO-WIN-FG-01DPACJGTNC5R90-HAES000,08/21/26 08:53 AM EDT,$0.08,3
20260821,KBO-WIN-FG-01DPACJGTNC5R90-HAES000,08/21/26 08:53 AM EDT,$0.08,9
20260821,KBO-WIN-FG-01DPACJGTNC5R90-LGNS000,08/21/26 08:53 AM EDT,$0.92,3
20260821,KBO-WIN-FG-01DPACJGTNC5R90-LGNS000,08/21/26 08:53 AM EDT,$0.92,9
20260821,KBO-WIN-FG-01DPAFQKTNCEJLO-SSRS000,08/21/26 08:53 AM EDT,$0.32,20
20260821,KBO-WIN-FG-01DPAFQKTNCEJLO-SSRS000,08/21/26 08:53 AM EDT,$0.32,140
20260821,KBO-WIN-FG-01DPACJGTNC5R90-LGNS000,08/21/26 08:53 AM EDT,$0.92,7
20260821,KBO-WIN-FG-01DPACJGTNC5R90-HAES000,08/21/26 08:53 AM EDT,$0.08,7
20260821,KBO-WIN-FG-01DPACJGTNC5R90-HAES000,08/21/26 08:53 AM EDT,$0.08,15
20260821,KBO-WIN-FG-01DPACJGTNC5R90-LGNS000,08/21/26 08:53 AM EDT,$0.92,15
20260821,KBO-WIN-FG-01DPAFQKTNCEJLO-SSRS000,08/21/26 08:53 AM EDT,$0.32,20
20260821,KBO-WIN-FG-01DPAFQKTNCEJLO-SSRS000,08/21/26 08:53 AM EDT,$0.32,80
20260821,KBO-TRUNS-FG-01DPACLITNC5QPG-GTE-P00075,08/21/26 08:53 AM EDT,$0.01,19
20260821,KBO-MOVY-FG-01DPACLITNC5QPG-NCOS000-GTE-P00025,08/21/26 08:53 AM EDT,$0.01,50
20260821,KBO-WIN-FG-01DPACJGTNC5R90-LGNS000,08/21/26 08:53 AM EDT,$0.92,4
20260821,KBO-WIN-FG-01DPACJGTNC5R90-HAES000,08/21/26 08:53 AM EDT,$0.08,4
20260821,KBO-WIN-FG-01DPACJGTNC5R90-HAES000,08/21/26 08:53 AM EDT,$0.08,71
20260821,KBO-WIN-FG-01DPACJGTNC5R90-LGNS000,08/21/26 08:53 AM EDT,$0.92,71
20260821,KBO-WIN-FG-01DPACJGTNC5R90-LGNS000,08/21/26 08:53 AM EDT,$0.92,13
20260821,KBO-WIN-FG-01DPACJGTNC5R90-HAES000,08/21/26 08:53 AM EDT,$0.08,13
20260821,KBO-WIN-FG-01DPACJGTNC5R90-LGNS000,08/21/26 08:53 AM EDT,$0.92,3
20260821,KBO-WIN-FG-01DPACJGTNC5R90-HAES000,08/21/26 08:53 AM EDT,$0.08,3
20260821,KBO-WIN-FG-01DPACJGTNC5R90-LGNS000,08/21/26 08:53 AM EDT,$0.93,11
20260821,KBO-WIN-FG-01DPACJGTNC5R90-LGNS000,08/21/26 08:53 AM EDT,$0.92,7
20260821,KBO-WIN-FG-01DPACJGTNC5R90-HAES000,08/21/26 08:53 AM EDT,$0.08,7
20260821,KBO-WIN-FG-01DPACJGTNC5R90-HAES000,08/21/26 08:53 AM EDT,$0.08,2
20260821,KBO-WIN-FG-01DPACJGTNC5R90-LGNS000,08/21/26 08:53 AM EDT,$0.92,2
20260821,KBO-WIN-FG-01DPAFSVTNCEI30-DORS000,08/21/26 08:53 AM EDT,$0.23,120
20260821,KBO-WIN-FG-01DPACJGTNC5R90-HAES000,08/21/26 08:54 AM EDT,$0.08,111
20260821,LIGAMX-TGLS-FG-00CBOUVGKS1OM6O-GTE-P00025,08/21/26 08:54 AM EDT,$0.56,24
20260821,KBO-WIN-FG-01DPACJGTNC5R90-LGNS000,08/21/26 08:54 AM EDT,$0.92,4
20260821,KBO-WIN-FG-01DPACJGTNC5R90-HAES000,08/21/26 08:54 AM EDT,$0.08,4
20260821,KBO-WIN-FG-01DPACJGTNC5R90-LGNS000,08/21/26 08:54 AM EDT,$0.92,3
20260821,KBO-WIN-FG-01DPACJGTNC5R90-HAES000,08/21/26 08:54 AM EDT,$0.08,3
20260821,KBO-WIN-FG-01DPACJGTNC5R90-HAES000,08/21/26 08:54 AM EDT,$0.08,15
20260821,KBO-WIN-FG-01DPACJGTNC5R90-LGNS000,08/21/26 08:54 AM EDT,$0.92,15
20260821,KBO-WIN-FG-01DPAFSVTNCEI30-LOTS001,08/21/26 08:54 AM EDT,$0.81,42
20260821,KBO-WIN-FG-01DPACJGTNC5R90-LGNS000,08/21/26 08:54 AM EDT,$0.92,3
20260821,KBO-WIN-FG-01DPACJGTNC5R90-HAES000,08/21/26 08:54 AM EDT,$0.08,3
20260821,KBO-WIN-FG-01DPACJGTNC5R90-LGNS000,08/21/26 08:54 AM EDT,$0.92,4
20260821,KBO-WIN-FG-01DPACJGTNC5R90-HAES000,08/21/26 08:54 AM EDT,$0.08,4
20260821,KBO-WIN-FG-01DPACJGTNC5R90-LGNS000,08/21/26 08:54 AM EDT,$0.92,15
20260821,KBO-WIN-FG-01DPACJGTNC5R90-HAES000,08/21/26 08:54 AM EDT,$0.08,15
20260821,KBO-WIN-FG-01DPACJGTNC5R90-LGNS000,08/21/26 08:54 AM EDT,$0.92,62
20260821,KBO-WIN-FG-01DPACJGTNC5R90-HAES000,08/21/26 08:54 AM EDT,$0.08,62
20260821,KBO-WIN-FG-01DPAFSVTNCEI30-LOTS001,08/21/26 08:54 AM EDT,$0.78,100
20260821,KBO-TRUNS-FG-01DPAFSVTNCEI30-GTE-P00075,08/21/26 08:54 AM EDT,$0.44,833
20260821,KBO-WIN-FG-01DPACJGTNC5R90-HAES000,08/21/26 08:54 AM EDT,$0.08,55
20260821,LIGAMX-TGLS-FG-00CBOUVGKS1OM6O-GTE-P00025,08/21/26 08:54 AM EDT,$0.55,24
20260821,FRIENDLYCLUB-BTMSC-FG-02HIF8PCOKI3JP8-BINARY,08/21/26 08:54 AM EDT,$0.11,12
20260821,MLB-TRUNS-I1-000696G0I4R92U8-GTE-P00005,08/21/26 08:54 AM EDT,$0.33,144
20260821,MLB-PHRR-FG-000696G0I4R92U8-MAON003-GTE-P00015,08/21/26 08:54 AM EDT,$0.40,23
20260821,MLB-TRUNS-I1-000696G0I4R92U8-GTE-P00005,08/21/26 08:54 AM EDT,$0.33,2
20260821,KBO-TRUNS-FG-01DPACJGTNC5R90-GTE-P00095,08/21/26 08:54 AM EDT,$0.99,500
20260821,KBO-WIN-FG-01DPACJGTNC5R90-LGNS000,08/21/26 08:54 AM EDT,$0.92,11
20260821,KBO-WIN-FG-01DPACJGTNC5R90-HAES000,08/21/26 08:54 AM EDT,$0.08,300
20260821,KBO-WIN-FG-01DPAFQKTNCEJLO-KTON000,08/21/26 08:55 AM EDT,$0.55,88
20260821,KBO-WIN-FG-01DPAFQKTNCEJLO-SSRS000,08/21/26 08:55 AM EDT,$0.45,88
20260821,KBO-WIN-FG-01DPAFQKTNCEJLO-KTON000,08/21/26 08:55 AM EDT,$0.55,20
20260821,KBO-WIN-FG-01DPAFQKTNCEJLO-KTON000,08/21/26 08:55 AM EDT,$0.55,23
20260821,KBO-WIN-FG-01DPAFQKTNCEJLO-SSRS000,08/21/26 08:55 AM EDT,$0.45,20
20260821,KBO-WIN-FG-01DPAFQKTNCEJLO-SSRS000,08/21/26 08:55 AM EDT,$0.45,23
20260821,KBO-WIN-FG-01DPAFQKTNCEJLO-KTON000,08/21/26 08:55 AM EDT,$0.55,20
20260821,KBO-WIN-FG-01DPAFQKTNCEJLO-SSRS000,08/21/26 08:55 AM EDT,$0.45,20
20260821,KBO-WIN-FG-01DPAFSVTNCEI30-LOTS001,08/21/26 08:55 AM EDT,$0.71,1
20260821,KBO-WIN-FG-01DPAFQKTNCEJLO-KTON000,08/21/26 08:55 AM EDT,$0.56,80
20260821,KBO-WIN-FG-01DPAFQKTNCEJLO-SSRS000,08/21/26 08:55 AM EDT,$0.44,80
20260821,KBO-WIN-FG-01DPACJGTNC5R90-LGNS000,08/21/26 08:55 AM EDT,$0.95,10
20260821,KBO-TRUNS-FG-01DPAFSVTNCEI30-GTE-P00075,08/21/26 08:55 AM EDT,$0.88,36
20260821,KBO-WIN-FG-01DPACLITNC5QPG-NCOS000,08/21/26 08:55 AM EDT,$0.99,14
20260821,KBO-WIN-FG-01DPACJGTNC5R90-LGNS000,08/21/26 08:55 AM EDT,$0.92,6
20260821,KBO-WIN-FG-01DPACJGTNC5R90-HAES000,08/21/26 08:55 AM EDT,$0.08,6
20260821,KBO-WIN-FG-01DPACJGTNC5R90-LGNS000,08/21/26 08:55 AM EDT,$0.92,12
20260821,KBO-WIN-FG-01DPACJGTNC5R90-HAES000,08/21/26 08:55 AM EDT,$0.08,12
20260821,KBO-WIN-FG-01DPACJGTNC5R90-LGNS000,08/21/26 08:55 AM EDT,$0.92,71
20260821,KBO-WIN-FG-01DPACJGTNC5R90-HAES000,08/21/26 08:55 AM EDT,$0.08,71
20260821,KBO-TRUNS-FG-01DPACJGTNC5R90-GTE-P00095,08/21/26 08:55 AM EDT,$0.99,145
20260821,KBO-WIN-FG-01DPACJGTNC5R90-LGNS000,08/21/26 08:55 AM EDT,$0.93,11
20260821,MLB-TRUNS-I1-000696G0I4R92U8-GTE-P00005,08/21/26 08:55 AM EDT,$0.33,14
20260821,KBO-WIN-FG-01DPAFSVTNCEI30-DORS000,08/21/26 08:55 AM EDT,$0.21,3
20260821,KBO-WIN-FG-01DPAFSVTNCEI30-LOTS001,08/21/26 08:55 AM EDT,$0.79,3
20260821,KBO-WIN-FG-01DPAFQKTNCEJLO-SSRS000,08/21/26 08:55 AM EDT,$0.43,15
20260821,KBO-WIN-FG-01DPACJGTNC5R90-LGNS000,08/21/26 08:55 AM EDT,$0.91,129
20260821,KBO-WIN-FG-01DPAFQKTNCEJLO-KTON000,08/21/26 08:56 AM EDT,$0.52,500
20260821,KBO-WIN-FG-01DPAFSVTNCEI30-LOTS001,08/21/26 08:56 AM EDT,$0.82,11
20260821,KBO-WIN-FG-01DPACJGTNC5R90-LGNS000,08/21/26 08:56 AM EDT,$0.93,10
20260821,KBO-WIN-FG-01DPAFSVTNCEI30-LOTS001,08/21/26 08:56 AM EDT,$0.80,4
20260821,KBO-WIN-FG-01DPACJGTNC5R90-HAES000,08/21/26 08:56 AM EDT,$0.09,1000
20260821,KBO-WIN-FG-01DPAFQKTNCEJLO-SSRS000,08/21/26 08:56 AM EDT,$0.51,450
20260821,KBO-WIN-FG-01DPAFQKTNCEJLO-KTON000,08/21/26 08:56 AM EDT,$0.50,450
20260821,KBO-WIN-FG-01DPAFQKTNCEJLO-KTON000,08/21/26 08:56 AM EDT,$0.50,160
20260821,KBO-WIN-FG-01DPAFQKTNCEJLO-SSRS000,08/21/26 08:56 AM EDT,$0.51,80
20260821,KBO-WIN-FG-01DPAFQKTNCEJLO-KTON000,08/21/26 08:56 AM EDT,$0.50,450
20260821,KBO-WIN-FG-01DPAFQKTNCEJLO-KTON000,08/21/26 08:56 AM EDT,$0.50,20
20260821,KBO-WIN-FG-01DPAFQKTNCEJLO-SSRS000,08/21/26 08:56 AM EDT,$0.50,20
20260821,KBO-WIN-FG-01DPAFQKTNCEJLO-KTON000,08/21/26 08:56 AM EDT,$0.50,30
20260821,KBO-WIN-FG-01DPAFSVTNCEI30-DORS000,08/21/26 08:56 AM EDT,$0.23,528
20260821,KBO-WIN-FG-01DPAFSVTNCEI30-DORS000,08/21/26 08:56 AM EDT,$0.23,200
20260821,KBO-WIN-FG-01DPAFQKTNCEJLO-KTON000,08/21/26 08:57 AM EDT,$0.43,333
20260821,KBO-TRUNS-FG-01DPAFSVTNCEI30-GTE-P00075,08/21/26 08:57 AM EDT,$0.68,20
20260821,KBO-WIN-FG-01DPAFQKTNCEJLO-KTON000,08/21/26 08:57 AM EDT,$0.43,27
20260821,MLS-MOVY-FG-000A3TA0I7881TO-INMI001-GTE-P00015,08/21/26 08:57 AM EDT,$0.50,20
20260821,KBO-WIN-FG-01DPAFQKTNCEJLO-KTON000,08/21/26 08:57 AM EDT,$0.43,450
20260821,KBO-WIN-FG-01DPAFQKTNCEJLO-SSRS000,08/21/26 08:57 AM EDT,$0.57,450
20260821,KBO-WIN-FG-01DPAFQKTNCEJLO-KTON000,08/21/26 08:57 AM EDT,$0.43,10
20260821,KBO-WIN-FG-01DPAFQKTNCEJLO-KTON000,08/21/26 08:57 AM EDT,$0.43,50
20260821,KBO-WIN-FG-01DPAFQKTNCEJLO-SSRS000,08/21/26 08:57 AM EDT,$0.57,10
20260821,KBO-WIN-FG-01DPAFQKTNCEJLO-KTON000,08/21/26 08:57 AM EDT,$0.43,10
20260821,KBO-WIN-FG-01DPAFQKTNCEJLO-SSRS000,08/21/26 08:57 AM EDT,$0.57,50
20260821,KBO-WIN-FG-01DPAFQKTNCEJLO-SSRS000,08/21/26 08:57 AM EDT,$0.57,10
20260821,KBO-WIN-FG-01DPAFQKTNCEJLO-KTON000,08/21/26 08:57 AM EDT,$0.43,59
20260821,KBO-WIN-FG-01DPAFQKTNCEJLO-SSRS000,08/21/26 08:57 AM EDT,$0.57,59
20260821,KBO-WIN-FG-01DPAFQKTNCEJLO-KTON000,08/21/26 08:57 AM EDT,$0.43,9
20260821,KBO-WIN-FG-01DPAFQKTNCEJLO-SSRS000,08/21/26 08:57 AM EDT,$0.57,9
20260821,KBO-WIN-FG-01DPAFQKTNCEJLO-KTON000,08/21/26 08:57 AM EDT,$0.43,60
20260821,KBO-WIN-FG-01DPAFQKTNCEJLO-SSRS000,08/21/26 08:57 AM EDT,$0.57,60
20260821,KBO-WIN-FG-01DPAFQKTNCEJLO-KTON000,08/21/26 08:57 AM EDT,$0.43,39
20260821,KBO-WIN-FG-01DPAFQKTNCEJLO-SSRS000,08/21/26 08:57 AM EDT,$0.57,39
20260821,KBO-WIN-FG-01DPAFQKTNCEJLO-KTON000,08/21/26 08:57 AM EDT,$0.43,10
20260821,KBO-WIN-FG-01DPAFQKTNCEJLO-SSRS000,08/21/26 08:57 AM EDT,$0.57,10
20260821,KBO-WIN-FG-01DPAFQKTNCEJLO-KTON000,08/21/26 08:57 AM EDT,$0.43,27
20260821,KBO-WIN-FG-01DPAFQKTNCEJLO-KTON000,08/21/26 08:57 AM EDT,$0.43,60
20260821,KBO-WIN-FG-01DPAFQKTNCEJLO-SSRS000,08/21/26 08:57 AM EDT,$0.57,27
20260821,KBO-WIN-FG-01DPAFQKTNCEJLO-SSRS000,08/21/26 08:57 AM EDT,$0.57,60
20260821,KBO-WIN-FG-01DPAFQKTNCEJLO-KTON000,08/21/26 08:57 AM EDT,$0.43,32
20260821,KBO-WIN-FG-01DPAFQKTNCEJLO-SSRS000,08/21/26 08:57 AM EDT,$0.57,32
20260821,KBO-WIN-FG-01DPAFQKTNCEJLO-KTON000,08/21/26 08:57 AM EDT,$0.43,113
20260821,KBO-WIN-FG-01DPAFQKTNCEJLO-SSRS000,08/21/26 08:57 AM EDT,$0.57,113
20260821,KBO-WIN-FG-01DPAFQKTNCEJLO-KTON000,08/21/26 08:57 AM EDT,$0.43,450
20260821,KBO-TRUNS-FG-01DPAFSVTNCEI30-GTE-P00075,08/21/26 08:57 AM EDT,$0.96,450
20260821,KBO-WIN-FG-01DPAFSVTNCEI30-LOTS001,08/21/26 08:57 AM EDT,$0.86,18
20260821,KBO-WIN-FG-01DPAFQKTNCEJLO-SSRS000,08/21/26 08:57 AM EDT,$0.57,200
20260821,KBO-WIN-FG-01DPAFQKTNCEJLO-KTON000,08/21/26 08:57 AM EDT,$0.42,450
20260821,KBO-WIN-FG-01DPAFQKTNCEJLO-SSRS000,08/21/26 08:57 AM EDT,$0.57,450
20260821,KBO-WIN-FG-01DPAFQKTNCEJLO-KTON000,08/21/26 08:57 AM EDT,$0.42,30
20260821,KBO-WIN-FG-01DPAFQKTNCEJLO-SSRS000,08/21/26 08:57 AM EDT,$0.57,50
20260821,KBO-WIN-FG-01DPAFQKTNCEJLO-SSRS000,08/21/26 08:57 AM EDT,$0.57,30
20260821,KBO-WIN-FG-01DPAFQKTNCEJLO-KTON000,08/21/26 08:57 AM EDT,$0.42,170
20260821,KBO-WIN-FG-01DPAFQKTNCEJLO-KTON000,08/21/26 08:57 AM EDT,$0.42,85
20260821,KBO-WIN-FG-01DPAFQKTNCEJLO-SSRS000,08/21/26 08:57 AM EDT,$0.57,98
20260821,KBO-WIN-FG-01DPAFQKTNCEJLO-SSRS000,08/21/26 08:57 AM EDT,$0.57,2
20260821,KBO-WIN-FG-01DPAFQKTNCEJLO-SSRS000,08/21/26 08:57 AM EDT,$0.57,6
20260821,KBO-WIN-FG-01DPAFQKTNCEJLO-KTON000,08/21/26 08:57 AM EDT,$0.42,25
20260821,KBO-WIN-FG-01DPAFQKTNCEJLO-SSRS000,08/21/26 08:57 AM EDT,$0.57,91
20260821,KBO-WIN-FG-01DPAFQKTNCEJLO-SSRS000,08/21/26 08:57 AM EDT,$0.57,30
20260821,KBO-WIN-FG-01DPAFQKTNCEJLO-SSRS000,08/21/26 08:57 AM EDT,$0.57,25
20260821,KBO-WIN-FG-01DPAFQKTNCEJLO-KTON000,08/21/26 08:57 AM EDT,$0.42,9
20260821,KBO-WIN-FG-01DPAFQKTNCEJLO-SSRS000,08/21/26 08:57 AM EDT,$0.57,14
20260821,KBO-WIN-FG-01DPAFQKTNCEJLO-KTON000,08/21/26 08:57 AM EDT,$0.42,200
20260821,KBO-WIN-FG-01DPAFQKTNCEJLO-KTON000,08/21/26 08:57 AM EDT,$0.42,5
20260821,KBO-WIN-FG-01DPAFQKTNCEJLO-SSRS000,08/21/26 08:57 AM EDT,$0.57,200
20260821,KBO-WIN-FG-01DPAFQKTNCEJLO-KTON000,08/21/26 08:57 AM EDT,$0.42,10
20260821,KBO-WIN-FG-01DPAFQKTNCEJLO-KTON000,08/21/26 08:57 AM EDT,$0.42,28
20260821,KBO-WIN-FG-01DPAFQKTNCEJLO-SSRS000,08/21/26 08:57 AM EDT,$0.57,9
20260821,KBO-WIN-FG-01DPAFQKTNCEJLO-KTON000,08/21/26 08:57 AM EDT,$0.42,30
20260821,KBO-WIN-FG-01DPAFQKTNCEJLO-KTON000,08/21/26 08:57 AM EDT,$0.42,14
20260821,KBO-WIN-FG-01DPAFQKTNCEJLO-KTON000,08/21/26 08:57 AM EDT,$0.42,7
20260821,KBO-WIN-FG-01DPAFQKTNCEJLO-KTON000,08/21/26 08:57 AM EDT,$0.42,1
20260821,KBO-WIN-FG-01DPAFQKTNCEJLO-KTON000,08/21/26 08:57 AM EDT,$0.42,35
20260821,KBO-WIN-FG-01DPAFQKTNCEJLO-KTON000,08/21/26 08:57 AM EDT,$0.42,105
20260821,KBO-WIN-FG-01DPAFQKTNCEJLO-KTON000,08/21/26 08:57 AM EDT,$0.42,22
20260821,KBO-WIN-FG-01DPAFQKTNCEJLO-SSRS000,08/21/26 08:57 AM EDT,$0.57,99
20260821,KBO-WIN-FG-01DPAFQKTNCEJLO-SSRS000,08/21/26 08:57 AM EDT,$0.57,31
20260821,KBO-WIN-FG-01DPAFQKTNCEJLO-KTON000,08/21/26 08:57 AM EDT,$0.42,30
20260821,KBO-WIN-FG-01DPAFQKTNCEJLO-SSRS000,08/21/26 08:57 AM EDT,$0.57,30
20260821,KBO-WIN-FG-01DPAFQKTNCEJLO-SSRS000,08/21/26 08:57 AM EDT,$0.57,6
20260821,KBO-WIN-FG-01DPAFQKTNCEJLO-SSRS000,08/21/26 08:57 AM EDT,$0.57,196
20260821,NPB-WIN-FG-01DIOHESTLSLVL0-TOES000,08/21/26 08:57 AM EDT,$0.08,69
20260821,NPB-WIN-FG-01DIOHESTLSLVL0-SANS002,08/21/26 08:57 AM EDT,$0.92,56
20260821,NPB-WIN-FG-01DIOHESTLSLVL0-TOES000,08/21/26 08:57 AM EDT,$0.08,14
20260821,NPB-WIN-FG-01DIOHESTLSLVL0-TOES000,08/21/26 08:57 AM EDT,$0.08,55
20260821,NPB-WIN-FG-01DIOHESTLSLVL0-SANS002,08/21/26 08:57 AM EDT,$0.92,13
20260821,NPB-WIN-FG-01DIOHESTLSLVL0-TOES000,08/21/26 08:58 AM EDT,$0.08,11
20260821,NPB-WIN-FG-01DIOHESTLSLVL0-TOES000,08/21/26 08:58 AM EDT,$0.08,12
20260821,KBO-WIN-FG-01DPAFSVTNCEI30-LOTS001,08/21/26 08:58 AM EDT,$0.90,201
20260821,MLS-TGLS-FG-000A2Q7RI785OQ0-GTE-P00025,08/21/26 08:59 AM EDT,$0.61,15
20260821,KBO-TRUNS-FG-01DPAFSVTNCEI30-GTE-P00095,08/21/26 08:59 AM EDT,$0.33,579
20260821,KBO-WIN-FG-01DPAFSVTNCEI30-LOTS001,08/21/26 08:59 AM EDT,$0.90,11
20260821,KBO-WIN-FG-01DPAFSVTNCEI30-LOTS001,08/21/26 08:59 AM EDT,$0.88,42
20260821,KBO-TRUNS-FG-01DPAFSVTNCEI30-GTE-P00095,08/21/26 08:59 AM EDT,$0.37,61
20260821,MLS-MOVY-FG-000A3TA0I7881TO-INMI001-GTE-P00015,08/21/26 08:59 AM EDT,$0.49,19
20260821,KBO-TRUNS-FG-01DPAFSVTNCEI30-GTE-P00095,08/21/26 09:00 AM EDT,$0.31,140
20260821,KBO-WIN-FG-01DPACJGTNC5R90-HAES000,08/21/26 09:00 AM EDT,$0.11,16
20260821,KBO-WIN-FG-01DPAFSVTNCEI30-LOTS001,08/21/26 09:01 AM EDT,$0.91,1
20260821,KBO-TRUNS-FG-01DPAFSVTNCEI30-GTE-P00075,08/21/26 09:01 AM EDT,$0.99,292
20260821,KBO-MOVY-FG-01DPACJGTNC5R90-LGNS000-GTE-P00025,08/21/26 09:01 AM EDT,$0.61,4
20260821,KBO-MOVY-FG-01DPACJGTNC5R90-LGNS000-GTE-P00025,08/21/26 09:01 AM EDT,$0.61,15
20260821,KBO-WIN-FG-01DPAFSVTNCEI30-DORS000,08/21/26 09:01 AM EDT,$0.09,30
20260821,KBO-MOVY-FG-01DPACJGTNC5R90-LGNS000-GTE-P00025,08/21/26 09:01 AM EDT,$0.61,396
20260821,KBO-WIN-FG-01DPAFSVTNCEI30-DORS000,08/21/26 09:01 AM EDT,$0.12,769
20260821,KBO-WIN-FG-01DPACJGTNC5R90-HAES000,08/21/26 09:01 AM EDT,$0.13,35
20260821,KBO-WIN-FG-01DPACJGTNC5R90-LGNS000,08/21/26 09:01 AM EDT,$0.90,75
20260821,KBO-MOVY-FG-01DPAFSVTNCEI30-LOTS001-GTE-P00025,08/21/26 09:01 AM EDT,$0.37,2564
20260821,KBO-MOVY-FG-01DPACJGTNC5R90-LGNS000-GTE-P00025,08/21/26 09:02 AM EDT,$0.61,16
20260821,KBO-WIN-FG-01DPAFSVTNCEI30-LOTS001,08/21/26 09:02 AM EDT,$0.92,4000
20260821,KBO-WIN-FG-01DPAFSVTNCEI30-LOTS001,08/21/26 09:02 AM EDT,$0.92,3786
20260821,KBO-WIN-FG-01DPACJGTNC5R90-HAES000,08/21/26 09:02 AM EDT,$0.13,171
20260821,KBO-MOVY-FG-01DPACJGTNC5R90-LGNS000-GTE-P00025,08/21/26 09:02 AM EDT,$0.57,111
20260821,KBO-MOVY-FG-01DPACJGTNC5R90-LGNS000-GTE-P00025,08/21/26 09:03 AM EDT,$0.56,32
20260821,KBO-MOVY-FG-01DPACJGTNC5R90-LGNS000-GTE-P00025,08/21/26 09:03 AM EDT,$0.59,255
20260821,KBO-MOVY-FG-01DPAFSVTNCEI30-LOTS001-GTE-P00015,08/21/26 09:03 AM EDT,$0.85,129
20260821,KBO-MOVY-FG-01DPACJGTNC5R90-LGNS000-GTE-P00025,08/21/26 09:03 AM EDT,$0.56,43
20260821,KBO-WIN-FG-01DPAFSVTNCEI30-DORS000,08/21/26 09:03 AM EDT,$0.11,3
20260821,KBO-WIN-FG-01DPACJGTNC5R90-HAES000,08/21/26 09:04 AM EDT,$0.14,6
20260821,KBO-WIN-FG-01DPACJGTNC5R90-HAES000,08/21/26 09:04 AM EDT,$0.14,667
20260821,KBO-WIN-FG-01DPACJGTNC5R90-HAES000,08/21/26 09:05 AM EDT,$0.18,52
20260821,KBO-WIN-FG-01DPACJGTNC5R90-HAES000,08/21/26 09:05 AM EDT,$0.18,526
20260821,KBO-WIN-FG-01DPACJGTNC5R90-HAES000,08/21/26 09:05 AM EDT,$0.18,39
20260821,KBO-WIN-FG-01DPACJGTNC5R90-LGNS000,08/21/26 09:05 AM EDT,$0.83,10
20260821,KBO-MOVY-FG-01DPACJGTNC5R90-LGNS000-GTE-P00025,08/21/26 09:05 AM EDT,$0.49,105
20260821,MLB-PHRR-FG-000FPR2RI545P9G-KYER003-GTE-P00095,08/21/26 09:05 AM EDT,$0.04,2000
20260821,KBO-WIN-FG-01DPACJGTNC5R90-HAES000,08/21/26 09:06 AM EDT,$0.20,227
20260821,KBO-WIN-FG-01DPACJGTNC5R90-HAES000,08/21/26 09:06 AM EDT,$0.22,8
20260821,KBO-WIN-FG-01DPACJGTNC5R90-HAES000,08/21/26 09:06 AM EDT,$0.22,20
20260821,KBO-MOVY-FG-01DPAFSVTNCEI30-LOTS001-GTE-P00015,08/21/26 09:06 AM EDT,$0.86,145
20260821,MLS-TGLS-FG-000A3TE4I78818G-GTE-P00025,08/21/26 09:07 AM EDT,$0.64,15
20260821,KBO-WIN-FG-01DPACJGTNC5R90-LGNS000,08/21/26 09:07 AM EDT,$0.77,54
20260821,MLS-TGLS-FG-000A3TE4I78818G-GTE-P00025,08/21/26 09:07 AM EDT,$0.63,15
20260821,KBO-WIN-FG-01DPACJGTNC5R90-LGNS000,08/21/26 09:07 AM EDT,$0.77,64
20260821,KBO-WIN-FG-01DPACJGTNC5R90-LGNS000,08/21/26 09:07 AM EDT,$0.77,2
20260821,KBO-WIN-FG-01DPACJGTNC5R90-HAES000,08/21/26 09:07 AM EDT,$0.24,192
20260821,MLB-PHRR-FG-000696G0I4R92U8-MAON003-GTE-P00025,08/21/26 09:08 AM EDT,$0.29,22
20260821,KBO-WIN-FG-01DPACJGTNC5R90-HAES000,08/21/26 09:08 AM EDT,$0.26,12
20260821,KBO-TRUNS-FG-01DPAFSVTNCEI30-GTE-P00135,08/21/26 09:08 AM EDT,$0.34,20
20260821,KBO-WIN-FG-01DPACJGTNC5R90-HAES000,08/21/26 09:08 AM EDT,$0.26,93
20260821,KBO-WIN-FG-01DPACJGTNC5R90-HAES000,08/21/26 09:08 AM EDT,$0.26,192
20260821,KBO-MOVY-FG-01DPACKPTNC5RV0-KIRS000-GTE-P00025,08/21/26 09:08 AM EDT,$0.99,204
20260821,KBO-WIN-FG-01DPACJGTNC5R90-HAES000,08/21/26 09:08 AM EDT,$0.26,714
20260821,KBO-WIN-FG-01DPACJGTNC5R90-HAES000,08/21/26 09:08 AM EDT,$0.26,42
20260821,NPB-WIN-FG-01DIOHESTLSLVL0-SANS002,08/21/26 09:09 AM EDT,$0.45,323
20260821,NPB-WIN-FG-01DIOHESTLSLVL0-SANS002,08/21/26 09:09 AM EDT,$0.45,2222
20260821,KBO-WIN-FG-01DPACJGTNC5R90-HAES000,08/21/26 09:09 AM EDT,$0.27,345
20260821,KBO-MOVY-FG-01DPACKPTNC5RV0-KIRS000-GTE-P00015,08/21/26 09:09 AM EDT,$0.99,186
20260821,KBO-WIN-FG-01DPACJGTNC5R90-HAES000,08/21/26 09:09 AM EDT,$0.26,3
20260821,KBO-WIN-FG-01DPACJGTNC5R90-LGNS000,08/21/26 09:09 AM EDT,$0.76,6
20260821,KBO-WIN-FG-01DPACJGTNC5R90-HAES000,08/21/26 09:10 AM EDT,$0.26,292
20260821,KBO-WIN-FG-01DPACJGTNC5R90-LGNS000,08/21/26 09:10 AM EDT,$0.77,63
20260821,MLB-TRUNS-IT5-000696G0I4R92U8-GTE-P00025,08/21/26 09:10 AM EDT,$0.53,30
20260821,NWSL-DWIN-FG-000FPQ0FI544HD8-SACW009,08/21/26 09:10 AM EDT,$0.47,20
20260821,LPA-MOVY-FG-0004DCD3I4MII78-CAVI001-GTE-P00025,08/21/26 09:10 AM EDT,$0.02,11
20260821,KBO-WIN-FG-01DPACJGTNC5R90-HAES000,08/21/26 09:10 AM EDT,$0.26,35
20260821,KBO-WIN-FG-01DPAFSVTNCEI30-DORS000,08/21/26 09:10 AM EDT,$0.03,750
20260821,KBO-WIN-FG-01DPACJGTNC5R90-LGNS000,08/21/26 09:10 AM EDT,$0.75,69
20260821,KBO-WIN-FG-01DPACJGTNC5R90-LGNS000,08/21/26 09:10 AM EDT,$0.77,187
20260821,KBO-WIN-FG-01DPAFSVTNCEI30-DORS000,08/21/26 09:11 AM EDT,$0.03,281
20260821,KBO-WIN-FG-01DPAFSVTNCEI30-DORS000,08/21/26 09:11 AM EDT,$0.03,1031
20260821,KBO-WIN-FG-01DPAFSVTNCEI30-DORS000,08/21/26 09:11 AM EDT,$0.03,1031
20260821,KBO-WIN-FG-01DPAFQKTNCEJLO-KTON000,08/21/26 09:11 AM EDT,$0.72,11
20260821,KBO-WIN-FG-01DPACJGTNC5R90-HAES000,08/21/26 09:11 AM EDT,$0.27,78
20260821,MLB-TRUNS-I2-000696G0I4R92U8-GTE-P00005,08/21/26 09:11 AM EDT,$0.31,14
20260821,KBO-WIN-FG-01DPACJGTNC5R90-HAES000,08/21/26 09:12 AM EDT,$0.35,108
20260821,KBO-WIN-FG-01DPACJGTNC5R90-HAES000,08/21/26 09:12 AM EDT,$0.35,135
20260821,KBO-MOVY-FG-01DPACJGTNC5R90-LGNS000-GTE-P00025,08/21/26 09:12 AM EDT,$0.26,15
20260821,KBO-WIN-FG-01DPACJGTNC5R90-HAES000,08/21/26 09:12 AM EDT,$0.35,1351
20260821,KBO-MOVY-FG-01DPACJGTNC5R90-LGNS000-GTE-P00025,08/21/26 09:12 AM EDT,$0.91,32
20260821,KBO-TRUNS-FG-01DPAFSVTNCEI30-GTE-P00155,08/21/26 09:12 AM EDT,$0.07,14
20260821,MLB-MOVY-IT5-000696G0I4R92U8-MIRS000-GTE-P00005,08/21/26 09:12 AM EDT,$0.52,37
20260821,KBO-WIN-FG-01DPACJGTNC5R90-HAES000,08/21/26 09:12 AM EDT,$0.45,59
20260821,KBO-WIN-FG-01DPAFSVTNCEI30-LOTS001,08/21/26 09:13 AM EDT,$0.97,204
20260821,MLB-PHRR-FG-000FPR4TI545OUG-RARS000-GTE-P00025,08/21/26 09:13 AM EDT,$0.32,30
20260821,KBO-TRUNS-FG-01DPAFSVTNCEI30-GTE-P00095,08/21/26 09:13 AM EDT,$0.99,61
20260821,KBO-WIN-FG-01DPACJGTNC5R90-HAES000,08/21/26 09:13 AM EDT,$0.30,31
20260821,KBO-WIN-FG-01DPACJGTNC5R90-LGNS000,08/21/26 09:14 AM EDT,$0.71,15
20260821,KBO-WIN-FG-01DPACJGTNC5R90-LGNS000,08/21/26 09:14 AM EDT,$0.70,20
20260821,NWSL-DWIN-FG-000FPQ0FI544HD8-SACW009,08/21/26 09:14 AM EDT,$0.46,20
20260821,KBO-WIN-FG-01DPAFQKTNCEJLO-SSRS000,08/21/26 09:14 AM EDT,$0.60,392
20260821,KBO-WIN-FG-01DPACJGTNC5R90-HAES000,08/21/26 09:14 AM EDT,$0.29,312
20260821,KBO-WIN-FG-01DPACJGTNC5R90-HAES000,08/21/26 09:14 AM EDT,$0.29,12
20260821,KBO-WIN-FG-01DPACJGTNC5R90-LGNS000,08/21/26 09:14 AM EDT,$0.72,175
20260821,FRIENDLYCLUB-DWIN-FG-02HPNB1DOL9R2KG-OUCF001,08/21/26 09:14 AM EDT,$0.25,30
20260821,FRIENDLYCLUB-DWIN-FG-02HPNB1DOL9R2KG-CDGO002,08/21/26 09:14 AM EDT,$0.57,508
20260821,FRIENDLYCLUB-BTMSC-FG-02HPNB1DOL9R2KG-BINARY,08/21/26 09:15 AM EDT,$0.62,468
20260821,KBO-WIN-FG-01DPACJGTNC5R90-HAES000,08/21/26 09:15 AM EDT,$0.30,6
20260821,KBO-WIN-FG-01DPACJGTNC5R90-HAES000,08/21/26 09:15 AM EDT,$0.30,121
20260821,KBO-WIN-FG-01DPACJGTNC5R90-HAES000,08/21/26 09:15 AM EDT,$0.28,7
20260821,KBO-WIN-FG-01DPACJGTNC5R90-HAES000,08/21/26 09:15 AM EDT,$0.27,277
20260821,KBO-TRUNS-FG-01DPAFSVTNCEI30-GTE-P00115,08/21/26 09:15 AM EDT,$0.99,2167
20260821,FRIENDLYCLUB-DWIN-FG-02HPNB1DOL9R2KG-CDGO002,08/21/26 09:15 AM EDT,$0.57,57
20260821,KBO-WIN-FG-01DPACJGTNC5R90-LGNS000,08/21/26 09:15 AM EDT,$0.73,47
20260821,MLS-BTMSC-FG-000A3TA0I7881TO-BINARY,08/21/26 09:16 AM EDT,$0.66,14
20260821,FRIENDLYCLUB-BTMSC-FG-02HPNB1DOL9R2KG-BINARY,08/21/26 09:16 AM EDT,$0.54,20
20260821,MLB-TRUNS-I9-000696G0I4R92U8-GTE-P00015,08/21/26 09:16 AM EDT,$0.20,5
20260821,KBO-WIN-FG-01DPACJGTNC5R90-LGNS000,08/21/26 09:16 AM EDT,$0.47,101
20260821,KBO-WIN-FG-01DPAFSVTNCEI30-LOTS001,08/21/26 09:16 AM EDT,$0.98,130
20260821,NPB-WIN-FG-01DIOHESTLSLVL0-SANS002,08/21/26 09:16 AM EDT,$0.35,17
20260821,NWSL-DWIN-FG-000FPQ63I544G9G-KATW001,08/21/26 09:17 AM EDT,$0.55,17
20260821,KBO-WIN-FG-01DPACJGTNC5R90-LGNS000,08/21/26 09:17 AM EDT,$0.42,159
20260821,KBO-WIN-FG-01DPACJGTNC5R90-HAES000,08/21/26 09:17 AM EDT,$0.58,83
20260821,KBO-WIN-FG-01DPACJGTNC5R90-LGNS000,08/21/26 09:17 AM EDT,$0.42,45
20260821,KBO-WIN-FG-01DPACJGTNC5R90-LGNS000,08/21/26 09:17 AM EDT,$0.42,62
20260821,KBO-WIN-FG-01DPACJGTNC5R90-LGNS000,08/21/26 09:17 AM EDT,$0.42,3
20260821,KBO-WIN-FG-01DPACJGTNC5R90-LGNS000,08/21/26 09:17 AM EDT,$0.42,1
20260821,KBO-WIN-FG-01DPACJGTNC5R90-LGNS000,08/21/26 09:17 AM EDT,$0.42,15
20260821,KBO-WIN-FG-01DPACJGTNC5R90-LGNS000,08/21/26 09:17 AM EDT,$0.42,9
20260821,KBO-WIN-FG-01DPACJGTNC5R90-HAES000,08/21/26 09:17 AM EDT,$0.58,211
20260821,KBO-WIN-FG-01DPACJGTNC5R90-LGNS000,08/21/26 09:17 AM EDT,$0.42,91
20260821,NWSL-DWIN-FG-000FPQ63I544G9G-KATW001,08/21/26 09:17 AM EDT,$0.57,9
20260821,NWSL-DWIN-FG-000FPQ63I544G9G-KATW001,08/21/26 09:17 AM EDT,$0.49,26
20260821,KBO-WIN-FG-01DPACJGTNC5R90-HAES000,08/21/26 09:17 AM EDT,$0.57,66
20260821,KBO-WIN-FG-01DPACJGTNC5R90-HAES000,08/21/26 09:17 AM EDT,$0.55,4000
20260821,KBO-WIN-FG-01DPACJGTNC5R90-LGNS000,08/21/26 09:17 AM EDT,$0.44,27
20260821,KBO-WIN-FG-01DPACJGTNC5R90-HAES000,08/21/26 09:17 AM EDT,$0.56,27
20260821,KBO-WIN-FG-01DPACJGTNC5R90-LGNS000,08/21/26 09:17 AM EDT,$0.44,95
20260821,KBO-WIN-FG-01DPACJGTNC5R90-HAES000,08/21/26 09:17 AM EDT,$0.56,95
20260821,KBO-WIN-FG-01DPACJGTNC5R90-LGNS000,08/21/26 09:17 AM EDT,$0.44,95
20260821,KBO-WIN-FG-01DPACJGTNC5R90-HAES000,08/21/26 09:17 AM EDT,$0.56,95
20260821,KBO-WIN-FG-01DPACJGTNC5R90-LGNS000,08/21/26 09:17 AM EDT,$0.44,250
20260821,KBO-WIN-FG-01DPACJGTNC5R90-HAES000,08/21/26 09:17 AM EDT,$0.56,250
20260821,KBO-WIN-FG-01DPACJGTNC5R90-LGNS000,08/21/26 09:17 AM EDT,$0.44,50
20260821,KBO-WIN-FG-01DPACJGTNC5R90-HAES000,08/21/26 09:17 AM EDT,$0.56,50
20260821,KBO-WIN-FG-01DPACJGTNC5R90-HAES000,08/21/26 09:17 AM EDT,$0.56,233
20260821,KBO-WIN-FG-01DPACJGTNC5R90-LGNS000,08/21/26 09:17 AM EDT,$0.44,233
20260821,MLB-PHRR-FG-000FP20FI543DE8-ELAZ000-GTE-P00015,08/21/26 09:17 AM EDT,$0.40,11
20260821,KBO-WIN-FG-01DPAFSVTNCEI30-LOTS001,08/21/26 09:18 AM EDT,$0.99,118
20260821,KBO-WIN-FG-01DPACJGTNC5R90-HAES000,08/21/26 09:18 AM EDT,$0.55,192
20260821,MLB-PHRR-FG-000FPUUVI541HNG-JAHY000-GTE-P00025,08/21/26 09:18 AM EDT,$0.41,4
20260821,KBO-WIN-FG-01DPACJGTNC5R90-LGNS000,08/21/26 09:18 AM EDT,$0.44,50
20260821,KBO-WIN-FG-01DPACJGTNC5R90-HAES000,08/21/26 09:18 AM EDT,$0.56,50
20260821,KBO-WIN-FG-01DPACJGTNC5R90-LGNS000,08/21/26 09:18 AM EDT,$0.44,50
20260821,KBO-WIN-FG-01DPACJGTNC5R90-HAES000,08/21/26 09:18 AM EDT,$0.56,50
20260821,KBO-WIN-FG-01DPACJGTNC5R90-LGNS000,08/21/26 09:18 AM EDT,$0.44,50
20260821,KBO-WIN-FG-01DPACJGTNC5R90-HAES000,08/21/26 09:18 AM EDT,$0.56,50
20260821,KBO-WIN-FG-01DPACJGTNC5R90-HAES000,08/21/26 09:18 AM EDT,$0.56,50
20260821,KBO-WIN-FG-01DPACJGTNC5R90-LGNS000,08/21/26 09:18 AM EDT,$0.44,50
20260821,KBO-WIN-FG-01DPACJGTNC5R90-LGNS000,08/21/26 09:18 AM EDT,$0.44,98
20260821,KBO-WIN-FG-01DPACJGTNC5R90-HAES000,08/21/26 09:18 AM EDT,$0.56,98
20260821,KBO-WIN-FG-01DPACJGTNC5R90-HAES000,08/21/26 09:18 AM EDT,$0.56,26
20260821,KBO-WIN-FG-01DPACJGTNC5R90-LGNS000,08/21/26 09:18 AM EDT,$0.44,26
20260821,KBO-WIN-FG-01DPACJGTNC5R90-LGNS000,08/21/26 09:18 AM EDT,$0.44,19
20260821,KBO-WIN-FG-01DPACJGTNC5R90-HAES000,08/21/26 09:18 AM EDT,$0.56,19
20260821,KBO-WIN-FG-01DPACJGTNC5R90-HAES000,08/21/26 09:18 AM EDT,$0.57,65
20260821,KBO-WIN-FG-01DPACJGTNC5R90-HAES000,08/21/26 09:18 AM EDT,$0.57,293
20260821,KBO-WIN-FG-01DPACJGTNC5R90-HAES000,08/21/26 09:18 AM EDT,$0.56,60
20260821,KBO-WIN-FG-01DPACJGTNC5R90-LGNS000,08/21/26 09:18 AM EDT,$0.44,60
20260821,MLB-PHRR-FG-000696G0I4R92U8-MAON003-GTE-P00005,08/21/26 09:18 AM EDT,$0.59,32
20260821,KBO-WIN-FG-01DPACJGTNC5R90-HAES000,08/21/26 09:18 AM EDT,$0.57,44
20260821,KBO-WIN-FG-01DPACJGTNC5R90-HAES000,08/21/26 09:18 AM EDT,$0.57,13
20260821,KBO-WIN-FG-01DPACJGTNC5R90-LGNS000,08/21/26 09:18 AM EDT,$0.44,10
20260821,KBO-WIN-FG-01DPACJGTNC5R90-HAES000,08/21/26 09:18 AM EDT,$0.56,10
20260821,KBO-WIN-FG-01DPACJGTNC5R90-LGNS000,08/21/26 09:18 AM EDT,$0.44,10
20260821,KBO-WIN-FG-01DPACJGTNC5R90-HAES000,08/21/26 09:18 AM EDT,$0.56,10
20260821,KBO-WIN-FG-01DPACJGTNC5R90-LGNS000,08/21/26 09:18 AM EDT,$0.44,4
20260821,KBO-WIN-FG-01DPACJGTNC5R90-HAES000,08/21/26 09:18 AM EDT,$0.56,4
20260821,KBO-WIN-FG-01DPACJGTNC5R90-LGNS000,08/21/26 09:18 AM EDT,$0.44,119
20260821,KBO-WIN-FG-01DPACJGTNC5R90-HAES000,08/21/26 09:18 AM EDT,$0.56,119
20260821,KBO-WIN-FG-01DPACJGTNC5R90-LGNS000,08/21/26 09:18 AM EDT,$0.44,10
20260821,KBO-WIN-FG-01DPACJGTNC5R90-HAES000,08/21/26 09:18 AM EDT,$0.56,10
20260821,KBO-WIN-FG-01DPACJGTNC5R90-HAES000,08/21/26 09:18 AM EDT,$0.57,230
20260821,KBO-WIN-FG-01DPACJGTNC5R90-LGNS000,08/21/26 09:18 AM EDT,$0.44,7
20260821,KBO-WIN-FG-01DPACJGTNC5R90-HAES000,08/21/26 09:18 AM EDT,$0.56,7
20260821,KBO-WIN-FG-01DPACJGTNC5R90-HAES000,08/21/26 09:18 AM EDT,$0.57,22
20260821,KBO-WIN-FG-01DPACJGTNC5R90-LGNS000,08/21/26 09:18 AM EDT,$0.44,3
20260821,KBO-WIN-FG-01DPACJGTNC5R90-HAES000,08/21/26 09:18 AM EDT,$0.56,3
20260821,KBO-WIN-FG-01DPACJGTNC5R90-HAES000,08/21/26 09:18 AM EDT,$0.56,20
20260821,KBO-WIN-FG-01DPACJGTNC5R90-LGNS000,08/21/26 09:18 AM EDT,$0.44,20
20260821,KBO-WIN-FG-01DPACJGTNC5R90-LGNS000,08/21/26 09:18 AM EDT,$0.43,10
20260821,KBO-WIN-FG-01DPACJGTNC5R90-HAES000,08/21/26 09:18 AM EDT,$0.56,10
20260821,MLB-TRUNS-IT5-000696G0I4R92U8-GTE-P00025,08/21/26 09:18 AM EDT,$0.53,204
20260821,KBO-WIN-FG-01DPACJGTNC5R90-HAES000,08/21/26 09:18 AM EDT,$0.57,67
20260821,KBO-WIN-FG-01DPACJGTNC5R90-HAES000,08/21/26 09:18 AM EDT,$0.56,20
20260821,KBO-WIN-FG-01DPACJGTNC5R90-HAES000,08/21/26 09:18 AM EDT,$0.57,423
20260821,KBO-WIN-FG-01DPACJGTNC5R90-HAES000,08/21/26 09:18 AM EDT,$0.56,51
20260821,KBO-WIN-FG-01DPACJGTNC5R90-HAES000,08/21/26 09:19 AM EDT,$0.57,644
20260821,FRIENDLYCLUB-DWIN-FG-02HPNB1DOL9R2KG-CDGO002,08/21/26 09:19 AM EDT,$0.49,57
20260821,KBO-WIN-FG-01DPACJGTNC5R90-HAES000,08/21/26 09:19 AM EDT,$0.57,335
20260821,KBO-WIN-FG-01DPACJGTNC5R90-HAES000,08/21/26 09:19 AM EDT,$0.56,187
20260821,KBO-WIN-FG-01DPAFQKTNCEJLO-KTON000,08/21/26 09:19 AM EDT,$0.47,99
20260821,KBO-WIN-FG-01DPAFQKTNCEJLO-SSRS000,08/21/26 09:19 AM EDT,$0.52,65
20260821,KBO-WIN-FG-01DPACJGTNC5R90-HAES000,08/21/26 09:19 AM EDT,$0.56,50
20260821,KBO-WIN-FG-01DPAFQKTNCEJLO-KTON000,08/21/26 09:19 AM EDT,$0.47,20
20260821,KBO-WIN-FG-01DPAFQKTNCEJLO-KTON000,08/21/26 09:19 AM EDT,$0.47,9
20260821,KBO-WIN-FG-01DPAFQKTNCEJLO-SSRS000,08/21/26 09:19 AM EDT,$0.52,4
20260821,KBO-WIN-FG-01DPAFQKTNCEJLO-KTON000,08/21/26 09:19 AM EDT,$0.47,43
20260821,KBO-WIN-FG-01DPACJGTNC5R90-LGNS000,08/21/26 09:19 AM EDT,$0.44,93
20260821,KBO-WIN-FG-01DPACJGTNC5R90-LGNS000,08/21/26 09:19 AM EDT,$0.44,100
20260821,KBO-WIN-FG-01DPACJGTNC5R90-HAES000,08/21/26 09:19 AM EDT,$0.56,50
20260821,KBO-WIN-FG-01DPACJGTNC5R90-LGNS000,08/21/26 09:19 AM EDT,$0.44,310
20260821,KBO-WIN-FG-01DPACJGTNC5R90-HAES000,08/21/26 09:19 AM EDT,$0.56,310
20260821,KBO-WIN-FG-01DPACJGTNC5R90-HAES000,08/21/26 09:19 AM EDT,$0.56,370
20260821,KBO-WIN-FG-01DPACJGTNC5R90-LGNS000,08/21/26 09:19 AM EDT,$0.44,370
20260821,KBO-WIN-FG-01DPACJGTNC5R90-LGNS000,08/21/26 09:19 AM EDT,$0.44,10
20260821,KBO-WIN-FG-01DPACJGTNC5R90-HAES000,08/21/26 09:19 AM EDT,$0.56,10
20260821,KBO-WIN-FG-01DPACJGTNC5R90-HAES000,08/21/26 09:19 AM EDT,$0.56,50
20260821,KBO-WIN-FG-01DPACJGTNC5R90-HAES000,08/21/26 09:19 AM EDT,$0.57,67
20260821,KBO-WIN-FG-01DPAFQKTNCEJLO-SSRS000,08/21/26 09:19 AM EDT,$0.52,10
20260821,KBO-WIN-FG-01DPAFQKTNCEJLO-SSRS000,08/21/26 09:19 AM EDT,$0.52,30
20260821,KBO-WIN-FG-01DPAFQKTNCEJLO-KTON000,08/21/26 09:19 AM EDT,$0.47,40
20260821,KBO-WIN-FG-01DPACJGTNC5R90-LGNS000,08/21/26 09:19 AM EDT,$0.44,30
20260821,KBO-WIN-FG-01DPACJGTNC5R90-HAES000,08/21/26 09:19 AM EDT,$0.56,30
20260821,KBO-WIN-FG-01DPACJGTNC5R90-HAES000,08/21/26 09:19 AM EDT,$0.56,220
20260821,KBO-WIN-FG-01DPACJGTNC5R90-HAES000,08/21/26 09:19 AM EDT,$0.56,160
20260821,KBO-WIN-FG-01DPACJGTNC5R90-LGNS000,08/21/26 09:19 AM EDT,$0.44,430
20260821,KBO-WIN-FG-01DPAFQKTNCEJLO-KTON000,08/21/26 09:19 AM EDT,$0.47,20
20260821,KBO-WIN-FG-01DPAFQKTNCEJLO-KTON000,08/21/26 09:19 AM EDT,$0.47,30
20260821,KBO-WIN-FG-01DPAFQKTNCEJLO-SSRS000,08/21/26 09:19 AM EDT,$0.52,20
20260821,KBO-WIN-FG-01DPAFQKTNCEJLO-KTON000,08/21/26 09:19 AM EDT,$0.47,20
20260821,KBO-WIN-FG-01DPAFQKTNCEJLO-KTON000,08/21/26 09:19 AM EDT,$0.47,30
20260821,KBO-WIN-FG-01DPAFQKTNCEJLO-SSRS000,08/21/26 09:19 AM EDT,$0.52,20
20260821,KBO-WIN-FG-01DPAFQKTNCEJLO-KTON000,08/21/26 09:19 AM EDT,$0.47,10
20260821,KBO-WIN-FG-01DPAFQKTNCEJLO-KTON000,08/21/26 09:19 AM EDT,$0.47,10
20260821,KBO-WIN-FG-01DPAFQKTNCEJLO-KTON000,08/21/26 09:19 AM EDT,$0.47,10
20260821,KBO-WIN-FG-01DPAFQKTNCEJLO-KTON000,08/21/26 09:19 AM EDT,$0.47,10
20260821,KBO-WIN-FG-01DPAFQKTNCEJLO-SSRS000,08/21/26 09:19 AM EDT,$0.52,20
20260821,KBO-WIN-FG-01DPAFQKTNCEJLO-KTON000,08/21/26 09:19 AM EDT,$0.47,10
20260821,KBO-WIN-FG-01DPAFQKTNCEJLO-KTON000,08/21/26 09:19 AM EDT,$0.47,10
20260821,KBO-WIN-FG-01DPAFQKTNCEJLO-KTON000,08/21/26 09:19 AM EDT,$0.47,6
20260821,KBO-WIN-FG-01DPAFQKTNCEJLO-KTON000,08/21/26 09:19 AM EDT,$0.47,10
20260821,KBO-WIN-FG-01DPAFQKTNCEJLO-KTON000,08/21/26 09:19 AM EDT,$0.47,10
20260821,KBO-WIN-FG-01DPAFQKTNCEJLO-KTON000,08/21/26 09:19 AM EDT,$0.47,4
20260821,KBO-WIN-FG-01DPAFQKTNCEJLO-KTON000,08/21/26 09:19 AM EDT,$0.45,26
20260821,KBO-WIN-FG-01DPAFQKTNCEJLO-KTON000,08/21/26 09:19 AM EDT,$0.45,4
20260821,KBO-WIN-FG-01DPAFQKTNCEJLO-KTON000,08/21/26 09:19 AM EDT,$0.45,20
20260821,KBO-WIN-FG-01DPAFQKTNCEJLO-KTON000,08/21/26 09:19 AM EDT,$0.44,10
20260821,KBO-WIN-FG-01DPAFQKTNCEJLO-SSRS000,08/21/26 09:19 AM EDT,$0.55,60
20260821,KBO-WIN-FG-01DPACJGTNC5R90-LGNS000,08/21/26 09:19 AM EDT,$0.44,10
20260821,KBO-WIN-FG-01DPACJGTNC5R90-HAES000,08/21/26 09:19 AM EDT,$0.57,333
20260821,KBO-WIN-FG-01DPAFQKTNCEJLO-KTON000,08/21/26 09:19 AM EDT,$0.44,30
20260821,KBO-WIN-FG-01DPAFQKTNCEJLO-KTON000,08/21/26 09:19 AM EDT,$0.44,67
20260821,KBO-WIN-FG-01DPAFQKTNCEJLO-KTON000,08/21/26 09:19 AM EDT,$0.44,50
20260821,KBO-WIN-FG-01DPAFQKTNCEJLO-SSRS000,08/21/26 09:19 AM EDT,$0.55,30
20260821,KBO-WIN-FG-01DPAFQKTNCEJLO-SSRS000,08/21/26 09:19 AM EDT,$0.55,10
20260821,KBO-WIN-FG-01DPAFQKTNCEJLO-SSRS000,08/21/26 09:19 AM EDT,$0.55,20
20260821,KBO-WIN-FG-01DPAFQKTNCEJLO-KTON000,08/21/26 09:19 AM EDT,$0.44,23
20260821,KBO-WIN-FG-01DPACJGTNC5R90-LGNS000,08/21/26 09:19 AM EDT,$0.44,4
20260821,KBO-WIN-FG-01DPAFQKTNCEJLO-KTON000,08/21/26 09:19 AM EDT,$0.44,37
20260821,KBO-WIN-FG-01DPAFQKTNCEJLO-KTON000,08/21/26 09:19 AM EDT,$0.44,3
20260821,KBO-WIN-FG-01DPAFQKTNCEJLO-KTON000,08/21/26 09:19 AM EDT,$0.44,47
20260821,KBO-WIN-FG-01DPAFQKTNCEJLO-KTON000,08/21/26 09:19 AM EDT,$0.44,60
20260821,KBO-WIN-FG-01DPACJGTNC5R90-HAES000,08/21/26 09:19 AM EDT,$0.55,12
20260821,KBO-WIN-FG-01DPAFQKTNCEJLO-KTON000,08/21/26 09:19 AM EDT,$0.44,80
20260821,KBO-WIN-FG-01DPAFQKTNCEJLO-KTON000,08/21/26 09:19 AM EDT,$0.44,10
20260821,KBO-WIN-FG-01DPAFQKTNCEJLO-SSRS000,08/21/26 09:19 AM EDT,$0.55,10
20260821,KBO-WIN-FG-01DPAFQKTNCEJLO-SSRS000,08/21/26 09:19 AM EDT,$0.55,80
20260821,KBO-WIN-FG-01DPAFQKTNCEJLO-KTON000,08/21/26 09:19 AM EDT,$0.44,10
20260821,KBO-WIN-FG-01DPAFQKTNCEJLO-KTON000,08/21/26 09:19 AM EDT,$0.44,100
20260821,KBO-WIN-FG-01DPAFQKTNCEJLO-SSRS000,08/21/26 09:19 AM EDT,$0.55,60
20260821,KBO-WIN-FG-01DPAFQKTNCEJLO-KTON000,08/21/26 09:19 AM EDT,$0.44,40
20260821,KBO-WIN-FG-01DPAFQKTNCEJLO-KTON000,08/21/26 09:19 AM EDT,$0.44,20
20260821,KBO-WIN-FG-01DPAFQKTNCEJLO-SSRS000,08/21/26 09:19 AM EDT,$0.55,60
20260821,KBO-WIN-FG-01DPAFQKTNCEJLO-KTON000,08/21/26 09:19 AM EDT,$0.44,80
20260821,KBO-WIN-FG-01DPAFQKTNCEJLO-KTON000,08/21/26 09:19 AM EDT,$0.44,18
20260821,KBO-WIN-FG-01DPAFQKTNCEJLO-KTON000,08/21/26 09:19 AM EDT,$0.44,10
20260821,KBO-WIN-FG-01DPAFQKTNCEJLO-SSRS000,08/21/26 09:19 AM EDT,$0.55,10
20260821,FRIENDLYCLUB-DWIN-FG-02HPNB1DOL9R2KG-OUCF001,08/21/26 09:19 AM EDT,$0.25,100
20260821,KBO-WIN-FG-01DPACJGTNC5R90-HAES000,08/21/26 09:20 AM EDT,$0.55,52
20260821,KBO-WIN-FG-01DPACJGTNC5R90-HAES000,08/21/26 09:20 AM EDT,$0.56,68
20260821,NPB-WIN-FG-01DIOHESTLSLVL0-TOES000,08/21/26 09:20 AM EDT,$0.50,91
20260821,NPB-WIN-FG-01DIOHESTLSLVL0-TOES000,08/21/26 09:20 AM EDT,$0.50,104
20260821,NPB-WIN-FG-01DIOHESTLSLVL0-TOES000,08/21/26 09:20 AM EDT,$0.50,4
20260821,NPB-WIN-FG-01DIOHESTLSLVL0-TOES000,08/21/26 09:20 AM EDT,$0.50,42
20260821,NPB-WIN-FG-01DIOHESTLSLVL0-TOES000,08/21/26 09:20 AM EDT,$0.50,100
20260821,NPB-WIN-FG-01DIOHESTLSLVL0-TOES000,08/21/26 09:20 AM EDT,$0.50,4
20260821,NPB-WIN-FG-01DIOHESTLSLVL0-SANS002,08/21/26 09:20 AM EDT,$0.50,134
20260821,NPB-WIN-FG-01DIOHESTLSLVL0-SANS002,08/21/26 09:20 AM EDT,$0.50,64
20260821,NPB-WIN-FG-01DIOHESTLSLVL0-SANS002,08/21/26 09:20 AM EDT,$0.50,25
20260821,NPB-WIN-FG-01DIOHESTLSLVL0-SANS002,08/21/26 09:20 AM EDT,$0.50,42
20260821,NPB-WIN-FG-01DIOHESTLSLVL0-SANS002,08/21/26 09:20 AM EDT,$0.50,26
20260821,NPB-WIN-FG-01DIOHESTLSLVL0-TOES000,08/21/26 09:20 AM EDT,$0.50,21
20260821,NPB-WIN-FG-01DIOHESTLSLVL0-SANS002,08/21/26 09:20 AM EDT,$0.50,20
20260821,NPB-WIN-FG-01DIOHESTLSLVL0-TOES000,08/21/26 09:20 AM EDT,$0.50,132
20260821,NPB-WIN-FG-01DIOHESTLSLVL0-SANS002,08/21/26 09:20 AM EDT,$0.50,17
20260821,NPB-WIN-FG-01DIOHESTLSLVL0-TOES000,08/21/26 09:20 AM EDT,$0.50,104
20260821,NPB-WIN-FG-01DIOHESTLSLVL0-TOES000,08/21/26 09:20 AM EDT,$0.50,106
20260821,NPB-WIN-FG-01DIOHESTLSLVL0-SANS002,08/21/26 09:20 AM EDT,$0.50,42
20260821,NPB-WIN-FG-01DIOHESTLSLVL0-TOES000,08/21/26 09:20 AM EDT,$0.50,42
20260821,NPB-WIN-FG-01DIOHESTLSLVL0-SANS002,08/21/26 09:20 AM EDT,$0.50,26
20260821,NPB-WIN-FG-01DIOHESTLSLVL0-SANS002,08/21/26 09:20 AM EDT,$0.50,36
20260821,NPB-WIN-FG-01DIOHESTLSLVL0-SANS002,08/21/26 09:20 AM EDT,$0.50,6
20260821,NPB-WIN-FG-01DIOHESTLSLVL0-SANS002,08/21/26 09:20 AM EDT,$0.50,50
20260821,NPB-WIN-FG-01DIOHESTLSLVL0-SANS002,08/21/26 09:20 AM EDT,$0.50,55
20260821,KBO-WIN-FG-01DPACJGTNC5R90-LGNS000,08/21/26 09:20 AM EDT,$0.45,72
20260821,NPB-WIN-FG-01DIOHESTLSLVL0-TOES000,08/21/26 09:20 AM EDT,$0.50,30
20260821,NPB-WIN-FG-01DIOHESTLSLVL0-TOES000,08/21/26 09:20 AM EDT,$0.50,20
20260821,NPB-WIN-FG-01DIOHESTLSLVL0-SANS002,08/21/26 09:20 AM EDT,$0.50,30
20260821,NPB-WIN-FG-01DIOHESTLSLVL0-SANS002,08/21/26 09:20 AM EDT,$0.50,5
20260821,NPB-WIN-FG-01DIOHESTLSLVL0-SANS002,08/21/26 09:20 AM EDT,$0.50,5
20260821,NPB-WIN-FG-01DIOHESTLSLVL0-TOES000,08/21/26 09:20 AM EDT,$0.50,20
20260821,NPB-WIN-FG-01DIOHESTLSLVL0-TOES000,08/21/26 09:20 AM EDT,$0.50,20
20260821,NPB-WIN-FG-01DIOHESTLSLVL0-SANS002,08/21/26 09:20 AM EDT,$0.50,10
20260821,NPB-WIN-FG-01DIOHESTLSLVL0-SANS002,08/21/26 09:20 AM EDT,$0.50,20
20260821,NPB-WIN-FG-01DIOHESTLSLVL0-TOES000,08/21/26 09:20 AM EDT,$0.50,10
20260821,NPB-WIN-FG-01DIOHESTLSLVL0-SANS002,08/21/26 09:20 AM EDT,$0.50,10
20260821,NPB-WIN-FG-01DIOHESTLSLVL0-TOES000,08/21/26 09:20 AM EDT,$0.50,10
20260821,NPB-WIN-FG-01DIOHESTLSLVL0-SANS002,08/21/26 09:20 AM EDT,$0.50,10
20260821,NPB-WIN-FG-01DIOHESTLSLVL0-SANS002,08/21/26 09:20 AM EDT,$0.50,10
20260821,NPB-WIN-FG-01DIOHESTLSLVL0-TOES000,08/21/26 09:20 AM EDT,$0.50,10
20260821,NPB-WIN-FG-01DIOHESTLSLVL0-TOES000,08/21/26 09:20 AM EDT,$0.50,10
20260821,NPB-WIN-FG-01DIOHESTLSLVL0-SANS002,08/21/26 09:20 AM EDT,$0.50,10
20260821,NPB-WIN-FG-01DIOHESTLSLVL0-TOES000,08/21/26 09:20 AM EDT,$0.50,10
20260821,NPB-WIN-FG-01DIOHESTLSLVL0-SANS002,08/21/26 09:20 AM EDT,$0.50,10
20260821,NPB-WIN-FG-01DIOHESTLSLVL0-TOES000,08/21/26 09:20 AM EDT,$0.50,10
20260821,NPB-WIN-FG-01DIOHESTLSLVL0-SANS002,08/21/26 09:20 AM EDT,$0.50,10
20260821,NPB-WIN-FG-01DIOHESTLSLVL0-TOES000,08/21/26 09:20 AM EDT,$0.50,20
20260821,NPB-WIN-FG-01DIOHESTLSLVL0-SANS002,08/21/26 09:20 AM EDT,$0.50,20
20260821,NPB-WIN-FG-01DIOHESTLSLVL0-TOES000,08/21/26 09:20 AM EDT,$0.50,10
20260821,NPB-WIN-FG-01DIOHESTLSLVL0-SANS002,08/21/26 09:20 AM EDT,$0.50,10
20260821,KBO-WIN-FG-01DPACJGTNC5R90-LGNS000,08/21/26 09:20 AM EDT,$0.46,89
20260821,KBO-WIN-FG-01DPACJGTNC5R90-HAES000,08/21/26 09:20 AM EDT,$0.55,71
20260821,KBO-WIN-FG-01DPACJGTNC5R90-HAES000,08/21/26 09:20 AM EDT,$0.55,1075
20260821,KBO-WIN-FG-01DPAFSVTNCEI30-LOTS001,08/21/26 09:20 AM EDT,$0.98,6
20260821,KBO-WIN-FG-01DPACJGTNC5R90-HAES000,08/21/26 09:20 AM EDT,$0.54,45
20260821,KBO-WIN-FG-01DPACJGTNC5R90-LGNS000,08/21/26 09:21 AM EDT,$0.48,203
20260821,KBO-WIN-FG-01DPACJGTNC5R90-HAES000,08/21/26 09:21 AM EDT,$0.53,126
20260821,MLB-TRUNS-I1-000696G0I4R92U8-GTE-P00005,08/21/26 09:21 AM EDT,$0.32,143
20260821,KBO-WIN-FG-01DPACJGTNC5R90-LGNS000,08/21/26 09:21 AM EDT,$0.48,148
20260821,KBO-WIN-FG-01DPACJGTNC5R90-HAES000,08/21/26 09:21 AM EDT,$0.51,6
20260821,KBO-WIN-FG-01DPACJGTNC5R90-LGNS000,08/21/26 09:21 AM EDT,$0.48,300
20260821,KBO-WIN-FG-01DPAFQKTNCEJLO-SSRS000,08/21/26 09:21 AM EDT,$0.64,240
20260821,KBO-WIN-FG-01DPACJGTNC5R90-LGNS000,08/21/26 09:21 AM EDT,$0.48,10
20260821,KBO-WIN-FG-01DPAFQKTNCEJLO-SSRS000,08/21/26 09:21 AM EDT,$0.66,220
20260821,KBO-WIN-FG-01DPAFQKTNCEJLO-SSRS000,08/21/26 09:21 AM EDT,$0.71,90
20260821,KBO-WIN-FG-01DPAFQKTNCEJLO-KTON000,08/21/26 09:21 AM EDT,$0.35,10
20260821,KBO-WIN-FG-01DPAFQKTNCEJLO-KTON000,08/21/26 09:21 AM EDT,$0.35,30
20260821,KBO-WIN-FG-01DPAFQKTNCEJLO-SSRS000,08/21/26 09:21 AM EDT,$0.71,110
20260821,KBO-WIN-FG-01DPAFQKTNCEJLO-SSRS000,08/21/26 09:21 AM EDT,$0.71,1800
20260821,KBO-WIN-FG-01DPAFQKTNCEJLO-SSRS000,08/21/26 09:21 AM EDT,$0.71,90
20260821,KBO-WIN-FG-01DPAFQKTNCEJLO-SSRS000,08/21/26 09:21 AM EDT,$0.71,110
20260821,KBO-WIN-FG-01DPACJGTNC5R90-LGNS000,08/21/26 09:21 AM EDT,$0.48,2
20260821,KBO-WIN-FG-01DPACJGTNC5R90-HAES000,08/21/26 09:21 AM EDT,$0.53,3
20260821,KBO-WIN-FG-01DPACJGTNC5R90-HAES000,08/21/26 09:22 AM EDT,$0.55,335
20260821,KBO-WIN-FG-01DPACJGTNC5R90-LGNS000,08/21/26 09:22 AM EDT,$0.47,2
20260821,KBO-WIN-FG-01DPACJGTNC5R90-LGNS000,08/21/26 09:22 AM EDT,$0.47,108
20260821,KBO-WIN-FG-01DPAFQKTNCEJLO-SSRS000,08/21/26 09:22 AM EDT,$0.71,694
20260821,KBO-WIN-FG-01DPACJGTNC5R90-HAES000,08/21/26 09:22 AM EDT,$0.54,312
20260821,KBO-WIN-FG-01DPACJGTNC5R90-HAES000,08/21/26 09:22 AM EDT,$0.57,51
20260821,KBO-WIN-FG-01DPACJGTNC5R90-HAES000,08/21/26 09:22 AM EDT,$0.57,67
20260821,KBO-WIN-FG-01DPAFSVTNCEI30-LOTS001,08/21/26 09:22 AM EDT,$0.99,655
20260821,KBO-WIN-FG-01DPACJGTNC5R90-HAES000,08/21/26 09:22 AM EDT,$0.57,8
20260821,KBO-WIN-FG-01DPACJGTNC5R90-LGNS000,08/21/26 09:22 AM EDT,$0.46,41
20260821,KBO-WIN-FG-01DPACJGTNC5R90-LGNS000,08/21/26 09:22 AM EDT,$0.46,52
20260821,KBO-WIN-FG-01DPACJGTNC5R90-LGNS000,08/21/26 09:22 AM EDT,$0.46,339
20260821,KBO-WIN-FG-01DPAFQKTNCEJLO-KTON000,08/21/26 09:22 AM EDT,$0.27,128
20260821,KBO-WIN-FG-01DPAFQKTNCEJLO-KTON000,08/21/26 09:22 AM EDT,$0.26,10
20260821,KBO-WIN-FG-01DPAFQKTNCEJLO-KTON000,08/21/26 09:22 AM EDT,$0.26,119
20260821,KBO-WIN-FG-01DPAFQKTNCEJLO-KTON000,08/21/26 09:22 AM EDT,$0.26,10
20260821,KBO-WIN-FG-01DPAFQKTNCEJLO-KTON000,08/21/26 09:22 AM EDT,$0.26,18
20260821,KBO-WIN-FG-01DPAFQKTNCEJLO-KTON000,08/21/26 09:22 AM EDT,$0.26,50
20260821,KBO-WIN-FG-01DPAFQKTNCEJLO-KTON000,08/21/26 09:22 AM EDT,$0.26,22
20260821,KBO-WIN-FG-01DPAFQKTNCEJLO-KTON000,08/21/26 09:22 AM EDT,$0.26,6
20260821,KBO-WIN-FG-01DPAFQKTNCEJLO-KTON000,08/21/26 09:22 AM EDT,$0.26,18
20260821,KBO-WIN-FG-01DPAFQKTNCEJLO-KTON000,08/21/26 09:22 AM EDT,$0.26,10
20260821,KBO-WIN-FG-01DPAFQKTNCEJLO-KTON000,08/21/26 09:22 AM EDT,$0.26,10
20260821,KBO-WIN-FG-01DPAFQKTNCEJLO-KTON000,08/21/26 09:22 AM EDT,$0.26,36
20260821,KBO-WIN-FG-01DPAFQKTNCEJLO-KTON000,08/21/26 09:22 AM EDT,$0.26,12
20260821,KBO-WIN-FG-01DPACJGTNC5R90-LGNS000,08/21/26 09:22 AM EDT,$0.45,364
20260821,KBO-WIN-FG-01DPACJGTNC5R90-LGNS000,08/21/26 09:22 AM EDT,$0.44,70
20260821,KBO-WIN-FG-01DPACJGTNC5R90-LGNS000,08/21/26 09:22 AM EDT,$0.44,43
20260821,KBO-WIN-FG-01DPACJGTNC5R90-LGNS000,08/21/26 09:22 AM EDT,$0.44,32
20260821,KBO-WIN-FG-01DPACJGTNC5R90-LGNS000,08/21/26 09:22 AM EDT,$0.44,217
20260821,KBO-WIN-FG-01DPAFQKTNCEJLO-KTON000,08/21/26 09:23 AM EDT,$0.26,8
20260821,KBO-WIN-FG-01DPAFQKTNCEJLO-KTON000,08/21/26 09:23 AM EDT,$0.26,18
20260821,KBO-WIN-FG-01DPAFQKTNCEJLO-KTON000,08/21/26 09:23 AM EDT,$0.26,18
20260821,KBO-WIN-FG-01DPAFQKTNCEJLO-KTON000,08/21/26 09:23 AM EDT,$0.26,1
20260821,KBO-WIN-FG-01DPACJGTNC5R90-HAES000,08/21/26 09:23 AM EDT,$0.59,100
20260821,KBO-WIN-FG-01DPACJGTNC5R90-HAES000,08/21/26 09:23 AM EDT,$0.59,5
20260821,KBO-WIN-FG-01DPACJGTNC5R90-HAES000,08/21/26 09:23 AM EDT,$0.59,300
20260821,KBO-WIN-FG-01DPACJGTNC5R90-LGNS000,08/21/26 09:23 AM EDT,$0.44,343
20260821,KBO-WIN-FG-01DPACJGTNC5R90-HAES000,08/21/26 09:23 AM EDT,$0.56,71
20260821,MLB-PHRR-FG-000696G0I4R92U8-DRIN000-GTE-P00015,08/21/26 09:23 AM EDT,$0.41,116
20260821,KBO-WIN-FG-01DPACJGTNC5R90-LGNS000,08/21/26 09:23 AM EDT,$0.48,48
20260821,KBO-WIN-FG-01DPACJGTNC5R90-HAES000,08/21/26 09:23 AM EDT,$0.55,48
20260821,KBO-WIN-FG-01DPACJGTNC5R90-LGNS000,08/21/26 09:23 AM EDT,$0.48,10
20260821,KBO-WIN-FG-01DPACJGTNC5R90-HAES000,08/21/26 09:23 AM EDT,$0.55,10
20260821,KBO-WIN-FG-01DPACJGTNC5R90-LGNS000,08/21/26 09:23 AM EDT,$0.49,60
20260821,KBO-WIN-FG-01DPACJGTNC5R90-HAES000,08/21/26 09:23 AM EDT,$0.53,9
20260821,KBO-WIN-FG-01DPACJGTNC5R90-LGNS000,08/21/26 09:23 AM EDT,$0.49,9
20260821,KBO-WIN-FG-01DPACJGTNC5R90-LGNS000,08/21/26 09:23 AM EDT,$0.49,20
20260821,KBO-WIN-FG-01DPACJGTNC5R90-LGNS000,08/21/26 09:23 AM EDT,$0.49,38
20260821,KBO-WIN-FG-01DPACJGTNC5R90-LGNS000,08/21/26 09:23 AM EDT,$0.49,30
20260821,KBO-WIN-FG-01DPACJGTNC5R90-LGNS000,08/21/26 09:23 AM EDT,$0.49,25
20260821,KBO-WIN-FG-01DPACJGTNC5R90-HAES000,08/21/26 09:23 AM EDT,$0.53,1
20260821,KBO-WIN-FG-01DPACJGTNC5R90-HAES000,08/21/26 09:23 AM EDT,$0.53,9
20260821,NWSL-DWIN-FG-000FPQ0FI544HD8-SACW009,08/21/26 09:23 AM EDT,$0.47,20
20260821,KBO-WIN-FG-01DPACJGTNC5R90-LGNS000,08/21/26 09:23 AM EDT,$0.52,36
20260821,NPB-WIN-FG-01DIOHESTLSLVL0-SANS002,08/21/26 09:23 AM EDT,$0.53,3
20260821,NPB-WIN-FG-01DIOHESTLSLVL0-SANS002,08/21/26 09:23 AM EDT,$0.53,98
20260821,NPB-WIN-FG-01DIOHESTLSLVL0-TOES000,08/21/26 09:23 AM EDT,$0.47,11
20260821,NPB-WIN-FG-01DIOHESTLSLVL0-SANS002,08/21/26 09:23 AM EDT,$0.53,11
20260821,NPB-WIN-FG-01DIOHESTLSLVL0-TOES000,08/21/26 09:23 AM EDT,$0.47,24
20260821,NPB-WIN-FG-01DIOHESTLSLVL0-SANS002,08/21/26 09:23 AM EDT,$0.53,24
20260821,NPB-WIN-FG-01DIOHESTLSLVL0-TOES000,08/21/26 09:23 AM EDT,$0.47,21
20260821,NPB-WIN-FG-01DIOHESTLSLVL0-SANS002,08/21/26 09:23 AM EDT,$0.53,21
20260821,NPB-WIN-FG-01DIOHESTLSLVL0-TOES000,08/21/26 09:23 AM EDT,$0.47,74
20260821,NPB-WIN-FG-01DIOHESTLSLVL0-SANS002,08/21/26 09:23 AM EDT,$0.53,74
20260821,NPB-WIN-FG-01DIOHESTLSLVL0-TOES000,08/21/26 09:23 AM EDT,$0.47,15
20260821,NPB-WIN-FG-01DIOHESTLSLVL0-SANS002,08/21/26 09:23 AM EDT,$0.53,15
20260821,NPB-WIN-FG-01DIOHESTLSLVL0-TOES000,08/21/26 09:23 AM EDT,$0.47,13
20260821,NPB-WIN-FG-01DIOHESTLSLVL0-SANS002,08/21/26 09:23 AM EDT,$0.53,13
20260821,NPB-WIN-FG-01DIOHESTLSLVL0-TOES000,08/21/26 09:23 AM EDT,$0.47,10
20260821,NPB-WIN-FG-01DIOHESTLSLVL0-SANS002,08/21/26 09:23 AM EDT,$0.53,10
20260821,NPB-WIN-FG-01DIOHESTLSLVL0-TOES000,08/21/26 09:23 AM EDT,$0.47,1
20260821,NPB-WIN-FG-01DIOHESTLSLVL0-SANS002,08/21/26 09:23 AM EDT,$0.53,1
20260821,NPB-WIN-FG-01DIOHESTLSLVL0-SANS002,08/21/26 09:24 AM EDT,$0.53,59
20260821,NPB-WIN-FG-01DIOHESTLSLVL0-TOES000,08/21/26 09:24 AM EDT,$0.47,59
20260821,NPB-WIN-FG-01DIOHESTLSLVL0-SANS002,08/21/26 09:24 AM EDT,$0.53,36
20260821,NPB-WIN-FG-01DIOHESTLSLVL0-TOES000,08/21/26 09:24 AM EDT,$0.47,36
20260821,KBO-WIN-FG-01DPACJGTNC5R90-HAES000,08/21/26 09:24 AM EDT,$0.49,588
20260821,KBO-WIN-FG-01DPACJGTNC5R90-HAES000,08/21/26 09:24 AM EDT,$0.49,9
20260821,KBO-WIN-FG-01DPACJGTNC5R90-LGNS000,08/21/26 09:24 AM EDT,$0.52,9
20260821,KBO-WIN-FG-01DPACJGTNC5R90-HAES000,08/21/26 09:24 AM EDT,$0.47,55
20260821,KBO-WIN-FG-01DPAFQKTNCEJLO-KTON000,08/21/26 09:24 AM EDT,$0.30,40
20260821,KBO-WIN-FG-01DPAFQKTNCEJLO-KTON000,08/21/26 09:24 AM EDT,$0.30,10
20260821,KBO-WIN-FG-01DPAFQKTNCEJLO-KTON000,08/21/26 09:24 AM EDT,$0.30,6
20260821,KBO-WIN-FG-01DPAFQKTNCEJLO-KTON000,08/21/26 09:24 AM EDT,$0.30,7
20260821,KBO-WIN-FG-01DPAFQKTNCEJLO-KTON000,08/21/26 09:24 AM EDT,$0.30,18
20260821,KBO-WIN-FG-01DPAFQKTNCEJLO-KTON000,08/21/26 09:24 AM EDT,$0.30,10
20260821,KBO-WIN-FG-01DPAFQKTNCEJLO-KTON000,08/21/26 09:24 AM EDT,$0.30,1
20260821,KBO-WIN-FG-01DPAFQKTNCEJLO-KTON000,08/21/26 09:24 AM EDT,$0.30,19
20260821,KBO-WIN-FG-01DPACJGTNC5R90-LGNS000,08/21/26 09:24 AM EDT,$0.53,45
20260821,KBO-WIN-FG-01DPAFQKTNCEJLO-SSRS000,08/21/26 09:24 AM EDT,$0.68,52
20260821,KBO-WIN-FG-01DPACJGTNC5R90-LGNS000,08/21/26 09:24 AM EDT,$0.53,99
20260821,KBO-WIN-FG-01DPACJGTNC5R90-HAES000,08/21/26 09:24 AM EDT,$0.49,9
20260821,KBO-WIN-FG-01DPACJGTNC5R90-HAES000,08/21/26 09:24 AM EDT,$0.49,1355
20260821,KBO-WIN-FG-01DPACJGTNC5R90-HAES000,08/21/26 09:24 AM EDT,$0.49,113
20260821,NPB-WIN-FG-01DIOHESTLSLVL0-TOES000,08/21/26 09:24 AM EDT,$0.48,8
20260821,NPB-WIN-FG-01DIOHESTLSLVL0-SANS002,08/21/26 09:24 AM EDT,$0.52,8
20260821,NPB-WIN-FG-01DIOHESTLSLVL0-TOES000,08/21/26 09:24 AM EDT,$0.48,2
20260821,NPB-WIN-FG-01DIOHESTLSLVL0-SANS002,08/21/26 09:24 AM EDT,$0.52,2
20260821,NPB-WIN-FG-01DIOHESTLSLVL0-TOES000,08/21/26 09:24 AM EDT,$0.48,22
20260821,NPB-WIN-FG-01DIOHESTLSLVL0-SANS002,08/21/26 09:24 AM EDT,$0.52,22
20260821,NPB-WIN-FG-01DIOHESTLSLVL0-TOES000,08/21/26 09:24 AM EDT,$0.48,26
20260821,NPB-WIN-FG-01DIOHESTLSLVL0-SANS002,08/21/26 09:24 AM EDT,$0.52,26
20260821,NPB-WIN-FG-01DIOHESTLSLVL0-TOES000,08/21/26 09:24 AM EDT,$0.48,8
20260821,NPB-WIN-FG-01DIOHESTLSLVL0-SANS002,08/21/26 09:24 AM EDT,$0.52,8
20260821,NPB-WIN-FG-01DIOHESTLSLVL0-SANS002,08/21/26 09:24 AM EDT,$0.52,22
20260821,NPB-WIN-FG-01DIOHESTLSLVL0-TOES000,08/21/26 09:24 AM EDT,$0.48,22
20260821,KBO-WIN-FG-01DPACJGTNC5R90-HAES000,08/21/26 09:24 AM EDT,$0.46,300
20260821,KBO-WIN-FG-01DPACJGTNC5R90-LGNS000,08/21/26 09:24 AM EDT,$0.53,181
20260821,KBO-WIN-FG-01DPAFQKTNCEJLO-KTON000,08/21/26 09:25 AM EDT,$0.33,10
20260821,KBO-WIN-FG-01DPAFQKTNCEJLO-SSRS000,08/21/26 09:25 AM EDT,$0.67,10
20260821,KBO-WIN-FG-01DPAFQKTNCEJLO-KTON000,08/21/26 09:25 AM EDT,$0.33,9
20260821,KBO-WIN-FG-01DPAFQKTNCEJLO-SSRS000,08/21/26 09:25 AM EDT,$0.67,9
20260821,KBO-WIN-FG-01DPACJGTNC5R90-HAES000,08/21/26 09:25 AM EDT,$0.47,12
20260821,KBO-WIN-FG-01DPACJGTNC5R90-LGNS000,08/21/26 09:25 AM EDT,$0.54,34
20260821,MLS-TGLS-FG-000A3TA0I7881TO-GTE-P00005,08/21/26 09:25 AM EDT,$0.98,11
20260821,MLS-TGLS-FG-000A3TA0I7881TO-GTE-P00005,08/21/26 09:25 AM EDT,$0.97,11
20260821,KBO-WIN-FG-01DPACJGTNC5R90-HAES000,08/21/26 09:25 AM EDT,$0.47,10
20260821,KBO-WIN-FG-01DPAFQKTNCEJLO-KTON000,08/21/26 09:25 AM EDT,$0.33,10
20260821,KBO-WIN-FG-01DPAFQKTNCEJLO-SSRS000,08/21/26 09:25 AM EDT,$0.67,10
20260821,KBO-WIN-FG-01DPAFQKTNCEJLO-SSRS000,08/21/26 09:25 AM EDT,$0.67,20
20260821,KBO-WIN-FG-01DPAFQKTNCEJLO-KTON000,08/21/26 09:25 AM EDT,$0.33,20
20260821,KBO-WIN-FG-01DPAFQKTNCEJLO-KTON000,08/21/26 09:25 AM EDT,$0.33,17
20260821,KBO-WIN-FG-01DPAFQKTNCEJLO-SSRS000,08/21/26 09:25 AM EDT,$0.67,17
20260821,KBO-WIN-FG-01DPAFQKTNCEJLO-KTON000,08/21/26 09:25 AM EDT,$0.33,30
20260821,KBO-WIN-FG-01DPAFQKTNCEJLO-KTON000,08/21/26 09:25 AM EDT,$0.33,12
20260821,KBO-WIN-FG-01DPAFQKTNCEJLO-SSRS000,08/21/26 09:25 AM EDT,$0.67,30
20260821,KBO-WIN-FG-01DPAFQKTNCEJLO-KTON000,08/21/26 09:25 AM EDT,$0.33,1
20260821,KBO-WIN-FG-01DPAFQKTNCEJLO-SSRS000,08/21/26 09:25 AM EDT,$0.67,12
20260821,KBO-WIN-FG-01DPAFQKTNCEJLO-SSRS000,08/21/26 09:25 AM EDT,$0.67,1
20260821,KBO-WIN-FG-01DPAFQKTNCEJLO-KTON000,08/21/26 09:25 AM EDT,$0.33,29
20260821,KBO-WIN-FG-01DPAFQKTNCEJLO-SSRS000,08/21/26 09:25 AM EDT,$0.67,29
20260821,KBO-WIN-FG-01DPAFQKTNCEJLO-KTON000,08/21/26 09:25 AM EDT,$0.33,12
20260821,KBO-WIN-FG-01DPAFQKTNCEJLO-SSRS000,08/21/26 09:25 AM EDT,$0.67,12
20260821,KBO-WIN-FG-01DPAFQKTNCEJLO-KTON000,08/21/26 09:25 AM EDT,$0.33,27
20260821,KBO-WIN-FG-01DPAFQKTNCEJLO-SSRS000,08/21/26 09:25 AM EDT,$0.67,27
20260821,KBO-WIN-FG-01DPAFQKTNCEJLO-KTON000,08/21/26 09:25 AM EDT,$0.33,6
20260821,KBO-WIN-FG-01DPAFQKTNCEJLO-SSRS000,08/21/26 09:25 AM EDT,$0.67,6
20260821,KBO-WIN-FG-01DPAFQKTNCEJLO-KTON000,08/21/26 09:25 AM EDT,$0.33,100
20260821,KBO-WIN-FG-01DPAFQKTNCEJLO-SSRS000,08/21/26 09:25 AM EDT,$0.67,100
20260821,KBO-WIN-FG-01DPACJGTNC5R90-HAES000,08/21/26 09:25 AM EDT,$0.47,510
20260821,KBO-WIN-FG-01DPACJGTNC5R90-HAES000,08/21/26 09:25 AM EDT,$0.45,10
20260821,KBO-WIN-FG-01DPACJGTNC5R90-LGNS000,08/21/26 09:25 AM EDT,$0.54,19
20260821,KBO-WIN-FG-01DPAFSVTNCEI30-LOTS001,08/21/26 09:25 AM EDT,$0.99,245
20260821,KBO-WIN-FG-01DPAFQKTNCEJLO-KTON000,08/21/26 09:25 AM EDT,$0.37,10
20260821,KBO-WIN-FG-01DPAFQKTNCEJLO-KTON000,08/21/26 09:25 AM EDT,$0.37,140
20260821,KBO-WIN-FG-01DPAFQKTNCEJLO-SSRS000,08/21/26 09:25 AM EDT,$0.62,140
20260821,KBO-WIN-FG-01DPAFQKTNCEJLO-KTON000,08/21/26 09:25 AM EDT,$0.37,130
20260821,KBO-WIN-FG-01DPAFQKTNCEJLO-SSRS000,08/21/26 09:25 AM EDT,$0.62,140
20260821,KBO-WIN-FG-01DPACJGTNC5R90-HAES000,08/21/26 09:25 AM EDT,$0.49,98
20260821,KBO-WIN-FG-01DPAFQKTNCEJLO-KTON000,08/21/26 09:25 AM EDT,$0.37,10
20260821,KBO-WIN-FG-01DPAFQKTNCEJLO-SSRS000,08/21/26 09:25 AM EDT,$0.62,10
20260821,KBO-WIN-FG-01DPAFQKTNCEJLO-KTON000,08/21/26 09:25 AM EDT,$0.37,10
20260821,KBO-WIN-FG-01DPAFQKTNCEJLO-KTON000,08/21/26 09:25 AM EDT,$0.37,110
20260821,KBO-WIN-FG-01DPAFQKTNCEJLO-SSRS000,08/21/26 09:25 AM EDT,$0.62,240
20260821,KBO-WIN-FG-01DPAFQKTNCEJLO-KTON000,08/21/26 09:25 AM EDT,$0.37,135
20260821,KBO-WIN-FG-01DPAFQKTNCEJLO-KTON000,08/21/26 09:26 AM EDT,$0.37,4
20260821,KBO-WIN-FG-01DPAFQKTNCEJLO-KTON000,08/21/26 09:26 AM EDT,$0.37,22
20260821,KBO-WIN-FG-01DPAFQKTNCEJLO-KTON000,08/21/26 09:26 AM EDT,$0.37,1
20260821,KBO-WIN-FG-01DPAFQKTNCEJLO-KTON000,08/21/26 09:26 AM EDT,$0.37,9
20260821,KBO-WIN-FG-01DPAFQKTNCEJLO-KTON000,08/21/26 09:26 AM EDT,$0.37,140
20260821,KBO-WIN-FG-01DPAFQKTNCEJLO-SSRS000,08/21/26 09:26 AM EDT,$0.62,150
20260821,KBO-WIN-FG-01DPAFQKTNCEJLO-SSRS000,08/21/26 09:26 AM EDT,$0.62,130
20260821,KBO-WIN-FG-01DPAFQKTNCEJLO-KTON000,08/21/26 09:26 AM EDT,$0.37,130
20260821,KBO-MOVY-FG-01DPACJGTNC5R90-LGNS000-GTE-P00015,08/21/26 09:26 AM EDT,$0.34,138
20260821,KBO-WIN-FG-01DPAFQKTNCEJLO-KTON000,08/21/26 09:26 AM EDT,$0.37,530
20260821,KBO-WIN-FG-01DPAFQKTNCEJLO-SSRS000,08/21/26 09:26 AM EDT,$0.62,410
20260821,KBO-WIN-FG-01DPAFQKTNCEJLO-SSRS000,08/21/26 09:26 AM EDT,$0.62,79
20260821,KBO-WIN-FG-01DPAFQKTNCEJLO-KTON000,08/21/26 09:26 AM EDT,$0.37,482
20260821,KBO-WIN-FG-01DPAFQKTNCEJLO-KTON000,08/21/26 09:26 AM EDT,$0.37,206
20260821,KBO-WIN-FG-01DPAFQKTNCEJLO-SSRS000,08/21/26 09:26 AM EDT,$0.62,314
20260821,KBO-WIN-FG-01DPAFQKTNCEJLO-SSRS000,08/21/26 09:26 AM EDT,$0.62,587
20260821,KBO-WIN-FG-01DPACJGTNC5R90-LGNS000,08/21/26 09:26 AM EDT,$0.54,60
20260821,MLB-MOVY-IT5-000FP41SI54B2VO-LARS000-GTE-P00015,08/21/26 09:26 AM EDT,$0.49,21
20260821,NPB-WIN-FG-01DIOHESTLSLVL0-TOES000,08/21/26 09:27 AM EDT,$0.38,256
20260821,NPB-WIN-FG-01DIOHESTLSLVL0-TOES000,08/21/26 09:27 AM EDT,$0.38,1
20260821,NPB-WIN-FG-01DIOHESTLSLVL0-TOES000,08/21/26 09:27 AM EDT,$0.38,42
20260821,KBO-WIN-FG-01DPACJGTNC5R90-LGNS000,08/21/26 09:27 AM EDT,$0.54,35
20260821,KBO-WIN-FG-01DPACJGTNC5R90-HAES000,08/21/26 09:27 AM EDT,$0.49,147
20260821,KBO-WIN-FG-01DPACJGTNC5R90-LGNS000,08/21/26 09:27 AM EDT,$0.54,8
20260821,KBO-WIN-FG-01DPACJGTNC5R90-HAES000,08/21/26 09:27 AM EDT,$0.49,3
20260821,MLS-TGLS-FG-000A2Q2LI785PHG-GTE-P00025,08/21/26 09:27 AM EDT,$0.55,19
20260821,MLS-TGLS-FG-000A3TE4I78818G-GTE-P00005,08/21/26 09:27 AM EDT,$0.96,10
20260821,KBO-WIN-FG-01DPACJGTNC5R90-HAES000,08/21/26 09:27 AM EDT,$0.51,257
20260821,KBO-WIN-FG-01DPACJGTNC5R90-LGNS000,08/21/26 09:27 AM EDT,$0.53,1
20260821,MLB-PHRR-FG-000FPR2RI545P9G-ALON001-GTE-P00015,08/21/26 09:28 AM EDT,$0.46,10
20260821,KBO-WIN-FG-01DPACJGTNC5R90-LGNS000,08/21/26 09:28 AM EDT,$0.50,38
20260821,MLB-PHRR-FG-000FP22AI543DI8-MUMI000-GTE-P00015,08/21/26 09:28 AM EDT,$0.48,6
20260821,MLB-TRUNS-I1-000696G0I4R92U8-GTE-P00015,08/21/26 09:28 AM EDT,$0.21,173
20260821,KBO-WIN-FG-01DPACJGTNC5R90-HAES000,08/21/26 09:28 AM EDT,$0.52,49
20260821,LIGAMX-BTMSC-FG-03I7Q73QEMAGTAG-BINARY,08/21/26 09:28 AM EDT,$0.50,20
20260821,KBO-WIN-FG-01DPACJGTNC5R90-HAES000,08/21/26 09:28 AM EDT,$0.52,3
20260821,NWSL-DWIN-FG-000FPQ41I544H9O-NJCW001,08/21/26 09:28 AM EDT,$0.47,20
20260821,LIGAMX-BTMSC-FG-03I7Q73QEMAGTAG-BINARY,08/21/26 09:29 AM EDT,$0.47,19
20260821,KBO-WIN-FG-01DPACJGTNC5R90-LGNS000,08/21/26 09:29 AM EDT,$0.59,131
20260821,KBO-WIN-FG-01DPACJGTNC5R90-HAES000,08/21/26 09:29 AM EDT,$0.42,17
20260821,KBO-WIN-FG-01DPACJGTNC5R90-LGNS000,08/21/26 09:29 AM EDT,$0.59,111
20260821,KBO-WIN-FG-01DPACJGTNC5R90-LGNS000,08/21/26 09:29 AM EDT,$0.61,79
20260821,KBO-WIN-FG-01DPACJGTNC5R90-HAES000,08/21/26 09:30 AM EDT,$0.40,18
20260821,FRIENDLYCLUB-BTMSC-FG-02HPNB1DOL9R2KG-BINARY,08/21/26 09:30 AM EDT,$0.62,20
20260821,KBO-WIN-FG-01DPACJGTNC5R90-LGNS000,08/21/26 09:30 AM EDT,$0.61,407
20260821,KBO-WIN-FG-01DPACJGTNC5R90-LGNS000,08/21/26 09:30 AM EDT,$0.62,15
20260821,KBO-WIN-FG-01DPACJGTNC5R90-HAES000,08/21/26 09:30 AM EDT,$0.41,709
20260821,KBO-WIN-FG-01DPACJGTNC5R90-LGNS000,08/21/26 09:30 AM EDT,$0.60,256
20260821,MLB-MOVY-IT5-000696G0I4R92U8-MIRS000-GTE-P00005,08/21/26 09:30 AM EDT,$0.44,17
20260821,KBO-WIN-FG-01DPACJGTNC5R90-HAES000,08/21/26 09:30 AM EDT,$0.42,11
20260821,MLB-TRUNS-IT5-000696G0I4R92U8-GTE-P00025,08/21/26 09:30 AM EDT,$0.52,42
20260821,MLB-PHRR-FG-000FPQ64I544HVO-YAAZ000-GTE-P00015,08/21/26 09:30 AM EDT,$0.56,8
20260821,KBO-WIN-FG-01DPACJGTNC5R90-LGNS000,08/21/26 09:30 AM EDT,$0.58,75
20260821,KBO-WIN-FG-01DPACJGTNC5R90-HAES000,08/21/26 09:30 AM EDT,$0.43,217
20260821,KBO-WIN-FG-01DPACJGTNC5R90-LGNS000,08/21/26 09:30 AM EDT,$0.58,41
20260821,KBO-WIN-FG-01DPACJGTNC5R90-HAES000,08/21/26 09:31 AM EDT,$0.43,22
20260821,MLB-PHRR-FG-000FPQ64I544HVO-YAAZ000-GTE-P00015,08/21/26 09:31 AM EDT,$0.56,34
20260821,KBO-WIN-FG-01DPACJGTNC5R90-HAES000,08/21/26 09:31 AM EDT,$0.41,1136
20260821,KBO-WIN-FG-01DPACJGTNC5R90-HAES000,08/21/26 09:31 AM EDT,$0.41,73
20260821,KBO-WIN-FG-01DPACJGTNC5R90-HAES000,08/21/26 09:31 AM EDT,$0.41,10
20260821,KBO-WIN-FG-01DPACJGTNC5R90-HAES000,08/21/26 09:31 AM EDT,$0.41,20
20260821,KBO-WIN-FG-01DPACJGTNC5R90-HAES000,08/21/26 09:31 AM EDT,$0.40,116
20260821,MLB-PHRR-FG-000696G0I4R92U8-MAON003-GTE-P00015,08/21/26 09:31 AM EDT,$0.39,48
20260821,KBO-WIN-FG-01DPACJGTNC5R90-LGNS000,08/21/26 09:31 AM EDT,$0.60,2500
20260821,KBO-WIN-FG-01DPACJGTNC5R90-LGNS000,08/21/26 09:31 AM EDT,$0.60,1667
20260821,KBO-WIN-FG-01DPAFQKTNCEJLO-KTON000,08/21/26 09:31 AM EDT,$0.44,17
20260821,KBO-WIN-FG-01DPAFQKTNCEJLO-KTON000,08/21/26 09:31 AM EDT,$0.44,109
20260821,KBO-WIN-FG-01DPAFQKTNCEJLO-KTON000,08/21/26 09:31 AM EDT,$0.44,5
20260821,KBO-WIN-FG-01DPAFQKTNCEJLO-KTON000,08/21/26 09:31 AM EDT,$0.44,39
20260821,KBO-WIN-FG-01DPAFQKTNCEJLO-KTON000,08/21/26 09:32 AM EDT,$0.44,9
20260821,KBO-WIN-FG-01DPAFQKTNCEJLO-KTON000,08/21/26 09:32 AM EDT,$0.44,7
20260821,KBO-WIN-FG-01DPAFQKTNCEJLO-KTON000,08/21/26 09:32 AM EDT,$0.44,12
20260821,KBO-WIN-FG-01DPAFQKTNCEJLO-KTON000,08/21/26 09:32 AM EDT,$0.44,5
20260821,KBO-WIN-FG-01DPAFQKTNCEJLO-KTON000,08/21/26 09:32 AM EDT,$0.44,19
20260821,KBO-WIN-FG-01DPACJGTNC5R90-LGNS000,08/21/26 09:32 AM EDT,$0.60,350
20260821,MLB-MOVY-IT5-000FPR4TI545OUG-BOOX000-GTE-P00005,08/21/26 09:32 AM EDT,$0.47,18
20260821,MLB-PHRR-FG-000FP404I54B3T0-PENG000-GTE-P00015,08/21/26 09:32 AM EDT,$0.56,34
20260821,KBO-WIN-FG-01DPACJGTNC5R90-LGNS000,08/21/26 09:32 AM EDT,$0.63,15
20260821,MLB-PHRR-FG-000FP404I54B3T0-PENG000-GTE-P00025,08/21/26 09:32 AM EDT,$0.40,11
20260821,KBO-WIN-FG-01DPACJGTNC5R90-HAES000,08/21/26 09:33 AM EDT,$0.27,423
20260821,MLB-MOVY-IT5-000FP271I543D0G-DERS000-GTE-P00005,08/21/26 09:34 AM EDT,$0.38,15
20260821,MLB-MOVY-IT5-000FP20FI543DE8-TERS000-GTE-P00005,08/21/26 09:34 AM EDT,$0.43,16
20260821,KBO-WIN-FG-01DPAFQKTNCEJLO-SSRS000,08/21/26 09:35 AM EDT,$0.50,5
20260821,KBO-WIN-FG-01DPAFQKTNCEJLO-KTON000,08/21/26 09:35 AM EDT,$0.51,200
20260821,KBO-WIN-FG-01DPAFQKTNCEJLO-SSRS000,08/21/26 09:35 AM EDT,$0.50,195
20260821,KBO-WIN-FG-01DPAFQKTNCEJLO-KTON000,08/21/26 09:35 AM EDT,$0.51,12
20260821,KBO-WIN-FG-01DPAFQKTNCEJLO-SSRS000,08/21/26 09:35 AM EDT,$0.50,12
20260821,KBO-WIN-FG-01DPAFQKTNCEJLO-KTON000,08/21/26 09:35 AM EDT,$0.51,50
20260821,KBO-WIN-FG-01DPAFQKTNCEJLO-SSRS000,08/21/26 09:35 AM EDT,$0.50,50
20260821,KBO-WIN-FG-01DPAFQKTNCEJLO-KTON000,08/21/26 09:35 AM EDT,$0.51,5
20260821,KBO-WIN-FG-01DPAFQKTNCEJLO-KTON000,08/21/26 09:35 AM EDT,$0.51,13
20260821,KBO-WIN-FG-01DPAFQKTNCEJLO-SSRS000,08/21/26 09:35 AM EDT,$0.50,5
20260821,KBO-WIN-FG-01DPAFQKTNCEJLO-KTON000,08/21/26 09:35 AM EDT,$0.51,82
20260821,KBO-WIN-FG-01DPAFQKTNCEJLO-SSRS000,08/21/26 09:35 AM EDT,$0.50,13
20260821,KBO-WIN-FG-01DPAFQKTNCEJLO-KTON000,08/21/26 09:35 AM EDT,$0.51,4
20260821,KBO-WIN-FG-01DPAFQKTNCEJLO-SSRS000,08/21/26 09:35 AM EDT,$0.50,82
20260821,KBO-WIN-FG-01DPAFQKTNCEJLO-SSRS000,08/21/26 09:35 AM EDT,$0.50,4
20260821,KBO-WIN-FG-01DPAFQKTNCEJLO-KTON000,08/21/26 09:35 AM EDT,$0.51,50
20260821,KBO-WIN-FG-01DPAFQKTNCEJLO-SSRS000,08/21/26 09:35 AM EDT,$0.50,50
20260821,KBO-WIN-FG-01DPAFQKTNCEJLO-KTON000,08/21/26 09:35 AM EDT,$0.51,3
20260821,KBO-WIN-FG-01DPAFQKTNCEJLO-SSRS000,08/21/26 09:35 AM EDT,$0.50,3
20260821,KBO-WIN-FG-01DPAFQKTNCEJLO-KTON000,08/21/26 09:35 AM EDT,$0.51,101
20260821,KBO-WIN-FG-01DPAFQKTNCEJLO-SSRS000,08/21/26 09:35 AM EDT,$0.50,101
20260821,KBO-WIN-FG-01DPAFQKTNCEJLO-KTON000,08/21/26 09:35 AM EDT,$0.51,50
20260821,KBO-WIN-FG-01DPAFQKTNCEJLO-SSRS000,08/21/26 09:35 AM EDT,$0.50,50
20260821,KBO-WIN-FG-01DPAFQKTNCEJLO-SSRS000,08/21/26 09:35 AM EDT,$0.50,1
20260821,KBO-WIN-FG-01DPAFQKTNCEJLO-SSRS000,08/21/26 09:35 AM EDT,$0.50,200
20260821,KBO-WIN-FG-01DPAFQKTNCEJLO-KTON000,08/21/26 09:35 AM EDT,$0.51,24
20260821,KBO-WIN-FG-01DPAFQKTNCEJLO-SSRS000,08/21/26 09:35 AM EDT,$0.50,23
20260821,KBO-WIN-FG-01DPAFQKTNCEJLO-SSRS000,08/21/26 09:35 AM EDT,$0.50,10
20260821,KBO-WIN-FG-01DPAFQKTNCEJLO-SSRS000,08/21/26 09:35 AM EDT,$0.50,85
20260821,KBO-WIN-FG-01DPAFQKTNCEJLO-SSRS000,08/21/26 09:35 AM EDT,$0.50,24
20260821,KBO-WIN-FG-01DPAFQKTNCEJLO-SSRS000,08/21/26 09:35 AM EDT,$0.50,3
20260821,KBO-WIN-FG-01DPAFQKTNCEJLO-KTON000,08/21/26 09:35 AM EDT,$0.51,65
20260821,KBO-WIN-FG-01DPAFQKTNCEJLO-SSRS000,08/21/26 09:35 AM EDT,$0.50,62
20260821,KBO-WIN-FG-01DPAFQKTNCEJLO-SSRS000,08/21/26 09:35 AM EDT,$0.50,81
20260821,KBO-WIN-FG-01DPAFQKTNCEJLO-KTON000,08/21/26 09:35 AM EDT,$0.51,82
20260821,KBO-WIN-FG-01DPAFQKTNCEJLO-SSRS000,08/21/26 09:35 AM EDT,$0.50,6
20260821,KBO-WIN-FG-01DPAFQKTNCEJLO-SSRS000,08/21/26 09:35 AM EDT,$0.50,82
20260821,KBO-WIN-FG-01DPAFQKTNCEJLO-KTON000,08/21/26 09:35 AM EDT,$0.51,8
20260821,KBO-WIN-FG-01DPAFQKTNCEJLO-SSRS000,08/21/26 09:35 AM EDT,$0.50,8
20260821,KBO-WIN-FG-01DPAFQKTNCEJLO-SSRS000,08/21/26 09:35 AM EDT,$0.50,137
20260821,MLB-MOVY-IT5-000FP404I54B3T0-SERS000-GTE-P00005,08/21/26 09:35 AM EDT,$0.39,15
20260821,MLB-TRUNS-I1-000696G0I4R92U8-GTE-P00025,08/21/26 09:36 AM EDT,$0.03,5
20260821,KBO-WIN-FG-01DPAFQKTNCEJLO-KTON000,08/21/26 09:37 AM EDT,$0.59,20
20260821,KBO-WIN-FG-01DPAFQKTNCEJLO-SSRS000,08/21/26 09:37 AM EDT,$0.41,20
20260821,KBO-WIN-FG-01DPACJGTNC5R90-LGNS000,08/21/26 09:37 AM EDT,$0.47,2
20260821,FRIENDLYCLUB-DWIN-FG-02HPNB1DOL9R2KG-OUCF001,08/21/26 09:37 AM EDT,$0.25,37
20260821,KBO-WIN-FG-01DPAFQKTNCEJLO-SSRS000,08/21/26 09:38 AM EDT,$0.42,10
20260821,KBO-MOVY-FG-01DPACJGTNC5R90-LGNS000-GTE-P00015,08/21/26 09:39 AM EDT,$0.25,138
20260821,KBO-WIN-FG-01DPAFQKTNCEJLO-KTON000,08/21/26 09:39 AM EDT,$0.50,40
20260821,KBO-WIN-FG-01DPAFQKTNCEJLO-KTON000,08/21/26 09:39 AM EDT,$0.50,14
20260821,KBO-WIN-FG-01DPAFQKTNCEJLO-SSRS000,08/21/26 09:39 AM EDT,$0.50,10
20260821,KBO-WIN-FG-01DPAFQKTNCEJLO-SSRS000,08/21/26 09:39 AM EDT,$0.50,30
20260821,KBO-WIN-FG-01DPAFQKTNCEJLO-KTON000,08/21/26 09:39 AM EDT,$0.50,16
20260821,KBO-WIN-FG-01DPAFQKTNCEJLO-KTON000,08/21/26 09:39 AM EDT,$0.50,14
20260821,KBO-WIN-FG-01DPAFQKTNCEJLO-SSRS000,08/21/26 09:39 AM EDT,$0.50,30
20260821,KBO-WIN-FG-01DPACJGTNC5R90-HAES000,08/21/26 09:39 AM EDT,$0.53,15
20260821,KBO-WIN-FG-01DPAFQKTNCEJLO-KTON000,08/21/26 09:40 AM EDT,$0.46,10
20260821,KBO-WIN-FG-01DPAFQKTNCEJLO-SSRS000,08/21/26 09:40 AM EDT,$0.54,10
20260821,KBO-WIN-FG-01DPAFQKTNCEJLO-KTON000,08/21/26 09:40 AM EDT,$0.46,20
20260821,KBO-WIN-FG-01DPAFQKTNCEJLO-SSRS000,08/21/26 09:40 AM EDT,$0.54,20
20260821,LPA-MOVY-FG-0004DCD3I4MII78-UNFE001-GTE-P00005,08/21/26 09:40 AM EDT,$0.34,14
20260821,KBO-WIN-FG-01DPAFQKTNCEJLO-KTON000,08/21/26 09:40 AM EDT,$0.46,40
20260821,KBO-WIN-FG-01DPAFQKTNCEJLO-SSRS000,08/21/26 09:40 AM EDT,$0.54,40
20260821,KBO-WIN-FG-01DPAFQKTNCEJLO-KTON000,08/21/26 09:40 AM EDT,$0.46,10
20260821,KBO-WIN-FG-01DPAFQKTNCEJLO-SSRS000,08/21/26 09:40 AM EDT,$0.54,10
20260821,KBO-WIN-FG-01DPAFQKTNCEJLO-KTON000,08/21/26 09:40 AM EDT,$0.46,20
20260821,KBO-WIN-FG-01DPAFQKTNCEJLO-SSRS000,08/21/26 09:40 AM EDT,$0.54,20
20260821,MLB-TRUNS-I1-000696G0I4R92U8-GTE-P00025,08/21/26 09:40 AM EDT,$0.03,46
20260821,KBO-WIN-FG-01DPACJGTNC5R90-HAES000,08/21/26 09:40 AM EDT,$0.60,5
20260821,KBO-WIN-FG-01DPAFQKTNCEJLO-KTON000,08/21/26 09:40 AM EDT,$0.42,1
20260821,KBO-WIN-FG-01DPACJGTNC5R90-HAES000,08/21/26 09:40 AM EDT,$0.60,3
20260821,KBO-WIN-FG-01DPAFQKTNCEJLO-KTON000,08/21/26 09:40 AM EDT,$0.28,84
20260821,KBO-WIN-FG-01DPAFQKTNCEJLO-SSRS000,08/21/26 09:40 AM EDT,$0.71,115
20260821,KBO-WIN-FG-01DPAFQKTNCEJLO-KTON000,08/21/26 09:40 AM EDT,$0.27,36
20260821,KBO-WIN-FG-01DPAFQKTNCEJLO-KTON000,08/21/26 09:40 AM EDT,$0.27,19
20260821,KBO-WIN-FG-01DPAFQKTNCEJLO-KTON000,08/21/26 09:40 AM EDT,$0.27,20
20260821,KBO-WIN-FG-01DPAFQKTNCEJLO-KTON000,08/21/26 09:40 AM EDT,$0.28,14
20260821,KBO-WIN-FG-01DPAFQKTNCEJLO-KTON000,08/21/26 09:40 AM EDT,$0.27,9
20260821,KBO-WIN-FG-01DPAFQKTNCEJLO-SSRS000,08/21/26 09:40 AM EDT,$0.72,21
20260821,KBO-WIN-FG-01DPAFQKTNCEJLO-KTON000,08/21/26 09:40 AM EDT,$0.28,25
20260821,KBO-WIN-FG-01DPAFQKTNCEJLO-SSRS000,08/21/26 09:40 AM EDT,$0.72,3
20260821,MLB-WIN-IT5-000696G0I4R92U8-MIRS000,08/21/26 09:41 AM EDT,$0.58,3
20260821,MLB-TRUNS-IT5-000FP271I543D0G-GTE-P00045,08/21/26 09:41 AM EDT,$0.45,8
20260821,MLB-WIN-IT5-000FP271I543D0G-DERS000,08/21/26 09:41 AM EDT,$0.52,1851
20260821,MLB-WIN-IT5-000696G0I4R92U8-MIRS000,08/21/26 09:41 AM EDT,$0.56,3
20260821,MLB-MOVY-IT5-000696G0I4R92U8-MIRS000-GTE-P00005,08/21/26 09:41 AM EDT,$0.44,18
20260821,NPB-WIN-FG-01DIOHESTLSLVL0-TOES000,08/21/26 09:42 AM EDT,$0.40,9
20260821,LPA-MOVY-FG-0004DCD3I4MII78-UNFE001-GTE-P00005,08/21/26 09:42 AM EDT,$0.35,14
20260821,FRIENDLYCLUB-DWIN-FG-02HPNB1DOL9R2KG-OUCF001,08/21/26 09:43 AM EDT,$0.17,37
20260821,LIGAMX-TGLS-FG-03I7Q776EMAGSIG-GTE-P00025,08/21/26 09:43 AM EDT,$0.57,11
20260821,KBO-WIN-FG-01DPAFQKTNCEJLO-KTON000,08/21/26 09:43 AM EDT,$0.24,96
20260821,KBO-WIN-FG-01DPAFQKTNCEJLO-KTON000,08/21/26 09:43 AM EDT,$0.24,170
20260821,KBO-WIN-FG-01DPAFQKTNCEJLO-KTON000,08/21/26 09:43 AM EDT,$0.24,10
20260821,KBO-WIN-FG-01DPAFQKTNCEJLO-KTON000,08/21/26 09:43 AM EDT,$0.24,61
20260821,KBO-WIN-FG-01DPAFQKTNCEJLO-KTON000,08/21/26 09:43 AM EDT,$0.24,10
20260821,KBO-WIN-FG-01DPAFQKTNCEJLO-KTON000,08/21/26 09:43 AM EDT,$0.24,5
20260821,KBO-WIN-FG-01DPAFQKTNCEJLO-KTON000,08/21/26 09:43 AM EDT,$0.24,54
20260821,KBO-WIN-FG-01DPAFQKTNCEJLO-KTON000,08/21/26 09:43 AM EDT,$0.24,6
20260821,KBO-WIN-FG-01DPAFQKTNCEJLO-KTON000,08/21/26 09:43 AM EDT,$0.24,10
20260821,KBO-WIN-FG-01DPAFQKTNCEJLO-KTON000,08/21/26 09:43 AM EDT,$0.24,2
20260821,KBO-WIN-FG-01DPAFQKTNCEJLO-KTON000,08/21/26 09:43 AM EDT,$0.24,3
20260821,LIGAMX-BTMSC-FG-014F36C2L88MDH0-BINARY,08/21/26 09:43 AM EDT,$0.55,7
20260821,KBO-WIN-FG-01DPAFQKTNCEJLO-KTON000,08/21/26 09:43 AM EDT,$0.24,80
20260821,KBO-WIN-FG-01DPAFQKTNCEJLO-KTON000,08/21/26 09:43 AM EDT,$0.24,12
20260821,KBO-WIN-FG-01DPAFQKTNCEJLO-KTON000,08/21/26 09:43 AM EDT,$0.24,2
20260821,KBO-WIN-FG-01DPAFQKTNCEJLO-KTON000,08/21/26 09:43 AM EDT,$0.24,4
20260821,KBO-WIN-FG-01DPAFQKTNCEJLO-KTON000,08/21/26 09:43 AM EDT,$0.24,18
20260821,KBO-WIN-FG-01DPACJGTNC5R90-HAES000,08/21/26 09:44 AM EDT,$0.57,48
20260821,KBO-WIN-FG-01DPAFQKTNCEJLO-KTON000,08/21/26 09:44 AM EDT,$0.23,20
20260821,KBO-WIN-FG-01DPAFQKTNCEJLO-KTON000,08/21/26 09:44 AM EDT,$0.23,140
20260821,KBO-WIN-FG-01DPAFQKTNCEJLO-KTON000,08/21/26 09:44 AM EDT,$0.23,160
20260821,KBO-WIN-FG-01DPAFQKTNCEJLO-KTON000,08/21/26 09:44 AM EDT,$0.23,10
20260821,KBO-WIN-FG-01DPACJGTNC5R90-LGNS000,08/21/26 09:44 AM EDT,$0.45,30
20260821,KBO-WIN-FG-01DPACJGTNC5R90-LGNS000,08/21/26 09:44 AM EDT,$0.45,70
20260821,KBO-WIN-FG-01DPACJGTNC5R90-LGNS000,08/21/26 09:44 AM EDT,$0.45,20
20260821,KBO-WIN-FG-01DPACJGTNC5R90-LGNS000,08/21/26 09:45 AM EDT,$0.45,20
20260821,KBO-WIN-FG-01DPACJGTNC5R90-HAES000,08/21/26 09:45 AM EDT,$0.54,20
20260821,KBO-WIN-FG-01DPACJGTNC5R90-LGNS000,08/21/26 09:45 AM EDT,$0.46,50
20260821,KBO-WIN-FG-01DPACJGTNC5R90-HAES000,08/21/26 09:45 AM EDT,$0.54,50
20260821,MLB-TRUNS-I1-000696G0I4R92U8-GTE-P00025,08/21/26 09:45 AM EDT,$0.03,7
20260821,LIGAMX-TGLS-FG-03I7Q776EMAGSIG-GTE-P00025,08/21/26 09:45 AM EDT,$0.59,11
20260821,KBO-WIN-FG-01DPAFQKTNCEJLO-KTON000,08/21/26 09:45 AM EDT,$0.24,100
20260821,KBO-WIN-FG-01DPAFQKTNCEJLO-KTON000,08/21/26 09:45 AM EDT,$0.24,1
20260821,KBO-WIN-FG-01DPAFQKTNCEJLO-KTON000,08/21/26 09:45 AM EDT,$0.24,1
20260821,FRIENDLYCLUB-DWIN-FG-00C5AL44KUSEV4O-REON012,08/21/26 09:45 AM EDT,$0.32,294
20260821,FRIENDLYCLUB-DWIN-FG-02HPNB1DOL9R2KG-OUCF001,08/21/26 09:45 AM EDT,$0.25,111
20260821,KBO-WIN-FG-01DPAFQKTNCEJLO-SSRS000,08/21/26 09:45 AM EDT,$0.77,10
20260821,KBO-WIN-FG-01DPAFQKTNCEJLO-SSRS000,08/21/26 09:45 AM EDT,$0.77,10
20260821,KBO-WIN-FG-01DPAFQKTNCEJLO-SSRS000,08/21/26 09:45 AM EDT,$0.77,17
20260821,KBO-WIN-FG-01DPACJGTNC5R90-LGNS000,08/21/26 09:46 AM EDT,$0.40,120
20260821,MLB-TRUNS-I1-00069L89I4RE7OO-GTE-P00005,08/21/26 09:46 AM EDT,$0.41,7
20260821,MLB-TRUNS-IT5-000696G0I4R92U8-GTE-P00025,08/21/26 09:46 AM EDT,$0.55,35
20260821,LIGAMX-BTMSC-FG-03I7Q73QEMAGTAG-BINARY,08/21/26 09:46 AM EDT,$0.49,1
20260821,MLB-WIN-IT5-000696G0I4R92U8-ATES000,08/21/26 09:47 AM EDT,$0.44,21
20260821,KBO-WIN-FG-01DPACJGTNC5R90-HAES000,08/21/26 09:47 AM EDT,$0.60,50
20260821,FRIENDLYCLUB-DWIN-FG-00C5AL4UKUSEU58-ALON055,08/21/26 09:47 AM EDT,$0.50,134
20260821,KBO-MOVY-FG-01DPAFSVTNCEI30-LOTS001-GTE-P00025,08/21/26 09:47 AM EDT,$0.99,400
20260821,MLB-TRUNS-I1-000FP22AI543DI8-GTE-P00005,08/21/26 09:47 AM EDT,$0.40,7
20260821,KBO-WIN-FG-01DPAFSVTNCEI30-LOTS001,08/21/26 09:48 AM EDT,$0.99,25
20260821,KBO-MOVY-FG-01DPAFSVTNCEI30-LOTS001-GTE-P00025,08/21/26 09:49 AM EDT,$0.99,120
20260821,KBO-MOVY-FG-01DPAFSVTNCEI30-LOTS001-GTE-P00015,08/21/26 09:49 AM EDT,$0.99,129
20260821,KBO-WIN-FG-01DPACJGTNC5R90-LGNS000,08/21/26 09:49 AM EDT,$0.34,4
20260821,KBO-WIN-FG-01DPACJGTNC5R90-HAES000,08/21/26 09:49 AM EDT,$0.65,4
20260821,KBO-WIN-FG-01DPAFQKTNCEJLO-KTON000,08/21/26 09:50 AM EDT,$0.13,36
20260821,KBO-WIN-FG-01DPAFQKTNCEJLO-SSRS000,08/21/26 09:50 AM EDT,$0.87,36
20260821,KBO-WIN-FG-01DPAFQKTNCEJLO-KTON000,08/21/26 09:50 AM EDT,$0.13,8
20260821,KBO-WIN-FG-01DPAFQKTNCEJLO-SSRS000,08/21/26 09:50 AM EDT,$0.87,8
20260821,KBO-WIN-FG-01DPAFQKTNCEJLO-KTON000,08/21/26 09:50 AM EDT,$0.13,54
20260821,KBO-WIN-FG-01DPAFQKTNCEJLO-SSRS000,08/21/26 09:50 AM EDT,$0.87,54
20260821,KBO-WIN-FG-01DPAFQKTNCEJLO-KTON000,08/21/26 09:50 AM EDT,$0.13,10
20260821,KBO-WIN-FG-01DPAFQKTNCEJLO-SSRS000,08/21/26 09:50 AM EDT,$0.87,10
20260821,KBO-WIN-FG-01DPAFQKTNCEJLO-KTON000,08/21/26 09:50 AM EDT,$0.13,9
20260821,KBO-WIN-FG-01DPAFQKTNCEJLO-SSRS000,08/21/26 09:50 AM EDT,$0.87,9
20260821,KBO-WIN-FG-01DPAFQKTNCEJLO-KTON000,08/21/26 09:50 AM EDT,$0.13,9
20260821,KBO-WIN-FG-01DPAFQKTNCEJLO-SSRS000,08/21/26 09:50 AM EDT,$0.87,9
20260821,KBO-WIN-FG-01DPAFQKTNCEJLO-KTON000,08/21/26 09:50 AM EDT,$0.13,50
20260821,KBO-WIN-FG-01DPAFQKTNCEJLO-SSRS000,08/21/26 09:50 AM EDT,$0.87,50
20260821,KBO-WIN-FG-01DPAFQKTNCEJLO-KTON000,08/21/26 09:50 AM EDT,$0.13,4
20260821,KBO-WIN-FG-01DPAFQKTNCEJLO-SSRS000,08/21/26 09:50 AM EDT,$0.87,4
20260821,KBO-WIN-FG-01DPAFQKTNCEJLO-KTON000,08/21/26 09:50 AM EDT,$0.13,1
20260821,KBO-WIN-FG-01DPAFQKTNCEJLO-KTON000,08/21/26 09:50 AM EDT,$0.13,13
20260821,KBO-WIN-FG-01DPAFQKTNCEJLO-SSRS000,08/21/26 09:50 AM EDT,$0.87,1
20260821,KBO-WIN-FG-01DPAFQKTNCEJLO-SSRS000,08/21/26 09:50 AM EDT,$0.87,13
20260821,KBO-WIN-FG-01DPAFQKTNCEJLO-KTON000,08/21/26 09:50 AM EDT,$0.13,7
20260821,KBO-WIN-FG-01DPAFQKTNCEJLO-SSRS000,08/21/26 09:50 AM EDT,$0.87,7
20260821,KBO-WIN-FG-01DPAFQKTNCEJLO-KTON000,08/21/26 09:50 AM EDT,$0.13,1
20260821,KBO-WIN-FG-01DPAFQKTNCEJLO-SSRS000,08/21/26 09:50 AM EDT,$0.87,1
20260821,KBO-WIN-FG-01DPAFQKTNCEJLO-KTON000,08/21/26 09:50 AM EDT,$0.13,9
20260821,KBO-WIN-FG-01DPAFQKTNCEJLO-SSRS000,08/21/26 09:50 AM EDT,$0.87,9
20260821,KBO-WIN-FG-01DPAFQKTNCEJLO-KTON000,08/21/26 09:50 AM EDT,$0.13,4
20260821,KBO-WIN-FG-01DPAFQKTNCEJLO-SSRS000,08/21/26 09:50 AM EDT,$0.87,4
20260821,KBO-WIN-FG-01DPAFQKTNCEJLO-KTON000,08/21/26 09:50 AM EDT,$0.13,22
20260821,KBO-WIN-FG-01DPAFQKTNCEJLO-SSRS000,08/21/26 09:50 AM EDT,$0.87,22
20260821,KBO-WIN-FG-01DPAFQKTNCEJLO-KTON000,08/21/26 09:50 AM EDT,$0.13,1
20260821,KBO-WIN-FG-01DPAFQKTNCEJLO-KTON000,08/21/26 09:50 AM EDT,$0.13,15
20260821,KBO-WIN-FG-01DPAFQKTNCEJLO-SSRS000,08/21/26 09:50 AM EDT,$0.87,1
20260821,KBO-WIN-FG-01DPAFQKTNCEJLO-SSRS000,08/21/26 09:50 AM EDT,$0.87,15
20260821,KBO-WIN-FG-01DPAFQKTNCEJLO-SSRS000,08/21/26 09:50 AM EDT,$0.87,3
20260821,KBO-WIN-FG-01DPAFQKTNCEJLO-KTON000,08/21/26 09:50 AM EDT,$0.13,3
20260821,KBO-WIN-FG-01DPAFQKTNCEJLO-SSRS000,08/21/26 09:50 AM EDT,$0.87,22
20260821,KBO-WIN-FG-01DPAFQKTNCEJLO-SSRS000,08/21/26 09:50 AM EDT,$0.87,1
20260821,KBO-WIN-FG-01DPAFQKTNCEJLO-KTON000,08/21/26 09:50 AM EDT,$0.13,22
20260821,KBO-WIN-FG-01DPAFQKTNCEJLO-KTON000,08/21/26 09:50 AM EDT,$0.13,1
20260821,KBO-WIN-FG-01DPAFQKTNCEJLO-KTON000,08/21/26 09:50 AM EDT,$0.13,18
20260821,KBO-WIN-FG-01DPAFQKTNCEJLO-SSRS000,08/21/26 09:50 AM EDT,$0.87,18
20260821,KBO-WIN-FG-01DPAFQKTNCEJLO-SSRS000,08/21/26 09:50 AM EDT,$0.87,11
20260821,KBO-WIN-FG-01DPACJGTNC5R90-HAES000,08/21/26 09:50 AM EDT,$0.67,52
20260821,KBO-MOVY-FG-01DPAFSVTNCEI30-LOTS001-GTE-P00015,08/21/26 09:50 AM EDT,$0.99,384
20260821,MLB-PHRR-FG-000FP404I54B3T0-PENG000-GTE-P00015,08/21/26 09:51 AM EDT,$0.56,18
20260821,KBO-WIN-FG-01DPAFQKTNCEJLO-SSRS000,08/21/26 09:51 AM EDT,$0.82,140
20260821,KBO-WIN-FG-01DPAFQKTNCEJLO-SSRS000,08/21/26 09:51 AM EDT,$0.82,37
20260821,KBO-WIN-FG-01DPAFQKTNCEJLO-SSRS000,08/21/26 09:51 AM EDT,$0.82,30
20260821,KBO-WIN-FG-01DPAFQKTNCEJLO-SSRS000,08/21/26 09:51 AM EDT,$0.82,20
20260821,KBO-WIN-FG-01DPAFQKTNCEJLO-SSRS000,08/21/26 09:51 AM EDT,$0.82,30
20260821,KBO-WIN-FG-01DPAFQKTNCEJLO-SSRS000,08/21/26 09:51 AM EDT,$0.82,57
20260821,KBO-WIN-FG-01DPAFQKTNCEJLO-SSRS000,08/21/26 09:51 AM EDT,$0.82,123
20260821,KBO-WIN-FG-01DPAFQKTNCEJLO-SSRS000,08/21/26 09:51 AM EDT,$0.82,5
20260821,KBO-WIN-FG-01DPAFQKTNCEJLO-SSRS000,08/21/26 09:51 AM EDT,$0.82,109
20260821,KBO-WIN-FG-01DPAFQKTNCEJLO-SSRS000,08/21/26 09:51 AM EDT,$0.82,27
20260821,KBO-WIN-FG-01DPAFQKTNCEJLO-SSRS000,08/21/26 09:51 AM EDT,$0.82,14
20260821,KBO-WIN-FG-01DPAFQKTNCEJLO-SSRS000,08/21/26 09:51 AM EDT,$0.63,2
20260821,KBO-WIN-FG-01DPACJGTNC5R90-LGNS000,08/21/26 09:52 AM EDT,$0.32,13
20260821,KBO-WIN-FG-01DPACJGTNC5R90-HAES000,08/21/26 09:52 AM EDT,$0.68,13
20260821,KBO-WIN-FG-01DPACJGTNC5R90-LGNS000,08/21/26 09:52 AM EDT,$0.32,1
20260821,KBO-WIN-FG-01DPACJGTNC5R90-HAES000,08/21/26 09:52 AM EDT,$0.68,1
20260821,KBO-WIN-FG-01DPACJGTNC5R90-HAES000,08/21/26 09:52 AM EDT,$0.68,2
20260821,MLS-MOVY-FG-000A3TA0I7881TO-INMI001-GTE-P00015,08/21/26 09:52 AM EDT,$0.50,19
20260821,MLB-PHRR-FG-000FPUUVI541HNG-COBY000-GTE-P00015,08/21/26 09:52 AM EDT,$0.50,19
20260821,KBO-WIN-FG-01DPAFQKTNCEJLO-KTON000,08/21/26 09:53 AM EDT,$0.10,222
20260821,KBO-WIN-FG-01DPACJGTNC5R90-HAES000,08/21/26 09:53 AM EDT,$0.61,10
20260821,KBO-WIN-FG-01DPACJGTNC5R90-LGNS000,08/21/26 09:53 AM EDT,$0.38,284
20260821,KBO-WIN-FG-01DPACJGTNC5R90-LGNS000,08/21/26 09:53 AM EDT,$0.39,4
20260821,KBO-WIN-FG-01DPACJGTNC5R90-LGNS000,08/21/26 09:53 AM EDT,$0.39,28
20260821,KBO-WIN-FG-01DPACJGTNC5R90-HAES000,08/21/26 09:53 AM EDT,$0.61,25
20260821,KBO-WIN-FG-01DPAFQKTNCEJLO-KTON000,08/21/26 09:54 AM EDT,$0.48,147
20260821,MLS-TGLS-FG-000A3T9GI7881N8-GTE-P00005,08/21/26 09:54 AM EDT,$0.97,11
20260821,KBO-WIN-FG-01DPAFQKTNCEJLO-KTON000,08/21/26 09:55 AM EDT,$0.48,9
20260821,MLB-TRUNS-I1-000696G0I4R92U8-GTE-P00005,08/21/26 09:55 AM EDT,$0.32,7
20260821,KBO-WIN-FG-01DPACJGTNC5R90-LGNS000,08/21/26 09:55 AM EDT,$0.04,80
20260821,NWSL-DWIN-FG-000FPQ0FI544HD8-UTSW003,08/21/26 09:56 AM EDT,$0.26,35
20260821,KBO-WIN-FG-01DPACJGTNC5R90-HAES000,08/21/26 09:56 AM EDT,$0.93,56
20260821,KBO-WIN-FG-01DPACJGTNC5R90-HAES000,08/21/26 09:56 AM EDT,$0.93,69
20260821,KBO-WIN-FG-01DPACJGTNC5R90-HAES000,08/21/26 09:56 AM EDT,$0.93,20
20260821,KBO-WIN-FG-01DPAFQKTNCEJLO-KTON000,08/21/26 09:56 AM EDT,$0.48,595
20260821,KBO-TRUNS-FG-01DPAFQKTNCEJLO-GTE-P00075,08/21/26 09:57 AM EDT,$0.09,17
20260821,MLB-TRUNS-I1-000FP41SI54B2VO-GTE-P00035,08/21/26 09:57 AM EDT,$0.02,1
20260821,LIGAMX-MOVY-FG-01O38BN3VVTN6IO-CLON010-GTE-P00025,08/21/26 09:57 AM EDT,$0.05,11
20260821,KBO-WIN-FG-01DPACJGTNC5R90-HAES000,08/21/26 09:57 AM EDT,$0.94,10
20260821,KBO-WIN-FG-01DPACJGTNC5R90-HAES000,08/21/26 09:57 AM EDT,$0.94,587
20260821,KBO-WIN-FG-01DPAFQKTNCEJLO-SSRS000,08/21/26 09:58 AM EDT,$0.49,47
20260821,KBO-WIN-FG-01DPACJGTNC5R90-HAES000,08/21/26 09:58 AM EDT,$0.94,108
20260821,KBO-WIN-FG-01DPACJGTNC5R90-HAES000,08/21/26 09:58 AM EDT,$0.94,3
20260821,KBO-WIN-FG-01DPACJGTNC5R90-HAES000,08/21/26 09:58 AM EDT,$0.94,11
20260821,KBO-WIN-FG-01DPACJGTNC5R90-HAES000,08/21/26 09:59 AM EDT,$0.94,9
20260821,KBO-WIN-FG-01DPAFQKTNCEJLO-KTON000,08/21/26 09:59 AM EDT,$0.47,108
20260821,MLB-TRUNS-IT5-000696G0I4R92U8-GTE-P00025,08/21/26 09:59 AM EDT,$0.54,35
20260821,MLB-MOVY-IT5-000696G0I4R92U8-MIRS000-GTE-P00005,08/21/26 09:59 AM EDT,$0.46,4
20260821,MLB-PHRR-FG-000696G0I4R92U8-MAON003-GTE-P00005,08/21/26 09:59 AM EDT,$0.59,32
20260821,MLB-PHRR-FG-000696G0I4R92U8-DRIN000-GTE-P00005,08/21/26 09:59 AM EDT,$0.64,30
20260821,KBO-WIN-FG-01DPACJGTNC5R90-HAES000,08/21/26 10:00 AM EDT,$0.94,42
20260821,MLB-TRUNS-IT5-000696G0I4R92U8-GTE-P00025,08/21/26 10:00 AM EDT,$0.54,61
20260821,KBO-WIN-FG-01DPACJGTNC5R90-LGNS000,08/21/26 10:00 AM EDT,$0.03,2
20260821,MLB-MOVY-IT5-000FPQ64I544HVO-BAES000-GTE-P00005,08/21/26 10:00 AM EDT,$0.46,3
20260821,MLS-MOVY-FG-000A3TA0I7881TO-INMI001-GTE-P00015,08/21/26 10:00 AM EDT,$0.49,20
20260821,NPB-WIN-FG-01DIOHESTLSLVL0-SANS002,08/21/26 10:02 AM EDT,$0.91,131
20260821,KBO-WIN-FG-01DPAFQKTNCEJLO-KTON000,08/21/26 10:04 AM EDT,$0.46,312
20260821,KBO-WIN-FG-01DPACJGTNC5R90-LGNS000,08/21/26 10:04 AM EDT,$0.04,40
20260821,KBO-WIN-FG-01DPACJGTNC5R90-LGNS000,08/21/26 10:04 AM EDT,$0.04,40
20260821,KBO-WIN-FG-01DPACJGTNC5R90-LGNS000,08/21/26 10:04 AM EDT,$0.04,31
20260821,KBO-WIN-FG-01DPACJGTNC5R90-HAES000,08/21/26 10:04 AM EDT,$0.96,50
20260821,KBO-WIN-FG-01DPACJGTNC5R90-LGNS000,08/21/26 10:04 AM EDT,$0.04,5
20260821,KBO-WIN-FG-01DPACJGTNC5R90-LGNS000,08/21/26 10:04 AM EDT,$0.04,43
20260821,KBO-WIN-FG-01DPACJGTNC5R90-LGNS000,08/21/26 10:04 AM EDT,$0.04,4
20260821,KBO-WIN-FG-01DPACJGTNC5R90-LGNS000,08/21/26 10:04 AM EDT,$0.04,1
20260821,KBO-WIN-FG-01DPACJGTNC5R90-HAES000,08/21/26 10:04 AM EDT,$0.96,50
20260821,KBO-WIN-FG-01DPACJGTNC5R90-LGNS000,08/21/26 10:04 AM EDT,$0.04,50
20260821,KBO-WIN-FG-01DPACJGTNC5R90-HAES000,08/21/26 10:04 AM EDT,$0.96,126
20260821,KBO-WIN-FG-01DPACJGTNC5R90-HAES000,08/21/26 10:04 AM EDT,$0.96,11
20260821,KBO-WIN-FG-01DPACJGTNC5R90-LGNS000,08/21/26 10:04 AM EDT,$0.04,30
20260821,KBO-WIN-FG-01DPACJGTNC5R90-LGNS000,08/21/26 10:04 AM EDT,$0.04,4
20260821,KBO-WIN-FG-01DPACJGTNC5R90-LGNS000,08/21/26 10:04 AM EDT,$0.04,8
20260821,KBO-WIN-FG-01DPACJGTNC5R90-LGNS000,08/21/26 10:04 AM EDT,$0.04,108
20260821,KBO-WIN-FG-01DPACJGTNC5R90-HAES000,08/21/26 10:04 AM EDT,$0.95,108
20260821,KBO-WIN-FG-01DPACJGTNC5R90-LGNS000,08/21/26 10:04 AM EDT,$0.04,9
20260821,KBO-WIN-FG-01DPACJGTNC5R90-LGNS000,08/21/26 10:04 AM EDT,$0.04,37
20260821,KBO-WIN-FG-01DPACJGTNC5R90-LGNS000,08/21/26 10:04 AM EDT,$0.04,20
20260821,KBO-WIN-FG-01DPACJGTNC5R90-LGNS000,08/21/26 10:04 AM EDT,$0.04,50
20260821,KBO-WIN-FG-01DPACJGTNC5R90-LGNS000,08/21/26 10:04 AM EDT,$0.04,80
20260821,KBO-WIN-FG-01DPACJGTNC5R90-LGNS000,08/21/26 10:04 AM EDT,$0.04,226
20260821,KBO-WIN-FG-01DPACJGTNC5R90-HAES000,08/21/26 10:04 AM EDT,$0.95,226
20260821,KBO-WIN-FG-01DPACJGTNC5R90-HAES000,08/21/26 10:04 AM EDT,$0.95,143
20260821,KBO-WIN-FG-01DPACJGTNC5R90-LGNS000,08/21/26 10:04 AM EDT,$0.04,158
20260821,KBO-WIN-FG-01DPACJGTNC5R90-LGNS000,08/21/26 10:04 AM EDT,$0.04,149
20260821,KBO-WIN-FG-01DPACJGTNC5R90-LGNS000,08/21/26 10:04 AM EDT,$0.04,30
20260821,KBO-WIN-FG-01DPACJGTNC5R90-LGNS000,08/21/26 10:04 AM EDT,$0.04,30
20260821,MLB-TRUNS-IT5-000696G0I4R92U8-GTE-P00025,08/21/26 10:05 AM EDT,$0.54,10
20260821,KBO-WIN-FG-01DPACJGTNC5R90-HAES000,08/21/26 10:05 AM EDT,$0.95,111
20260821,NPB-WIN-FG-01DIOHESTLSLVL0-SANS002,08/21/26 10:06 AM EDT,$0.94,28
20260821,FRIENDLYCLUB-DWIN-FG-00C5B5U8KUS10SG-CUSA001,08/21/26 10:06 AM EDT,$0.73,253
20260821,KBO-WIN-FG-01DPACJGTNC5R90-LGNS000,08/21/26 10:07 AM EDT,$0.03,70
20260821,KBO-WIN-FG-01DPACJGTNC5R90-LGNS000,08/21/26 10:07 AM EDT,$0.03,100
20260821,KBO-WIN-FG-01DPACJGTNC5R90-LGNS000,08/21/26 10:07 AM EDT,$0.03,6
20260821,KBO-WIN-FG-01DPACJGTNC5R90-LGNS000,08/21/26 10:07 AM EDT,$0.03,15
20260821,KBO-WIN-FG-01DPACJGTNC5R90-LGNS000,08/21/26 10:07 AM EDT,$0.03,30
20260821,KBO-WIN-FG-01DPACJGTNC5R90-LGNS000,08/21/26 10:07 AM EDT,$0.03,34
20260821,KBO-WIN-FG-01DPACJGTNC5R90-LGNS000,08/21/26 10:07 AM EDT,$0.03,5
20260821,KBO-WIN-FG-01DPACJGTNC5R90-LGNS000,08/21/26 10:07 AM EDT,$0.03,1
20260821,KBO-WIN-FG-01DPACJGTNC5R90-LGNS000,08/21/26 10:07 AM EDT,$0.02,10
20260821,KBO-WIN-FG-01DPACJGTNC5R90-LGNS000,08/21/26 10:07 AM EDT,$0.02,10
20260821,KBO-WIN-FG-01DPACJGTNC5R90-LGNS000,08/21/26 10:07 AM EDT,$0.02,4
20260821,KBO-WIN-FG-01DPACJGTNC5R90-LGNS000,08/21/26 10:07 AM EDT,$0.02,68
20260821,KBO-WIN-FG-01DPACJGTNC5R90-LGNS000,08/21/26 10:07 AM EDT,$0.02,9
20260821,KBO-WIN-FG-01DPACJGTNC5R90-LGNS000,08/21/26 10:07 AM EDT,$0.02,174
20260821,KBO-WIN-FG-01DPACJGTNC5R90-LGNS000,08/21/26 10:07 AM EDT,$0.02,25
20260821,KBO-WIN-FG-01DPACJGTNC5R90-LGNS000,08/21/26 10:07 AM EDT,$0.02,35
20260821,KBO-WIN-FG-01DPACJGTNC5R90-LGNS000,08/21/26 10:07 AM EDT,$0.02,46
20260821,KBO-WIN-FG-01DPACJGTNC5R90-LGNS000,08/21/26 10:07 AM EDT,$0.02,7
20260821,KBO-WIN-FG-01DPACJGTNC5R90-LGNS000,08/21/26 10:07 AM EDT,$0.02,10
20260821,KBO-WIN-FG-01DPACJGTNC5R90-LGNS000,08/21/26 10:07 AM EDT,$0.02,10
20260821,KBO-WIN-FG-01DPACJGTNC5R90-LGNS000,08/21/26 10:07 AM EDT,$0.02,10
20260821,KBO-WIN-FG-01DPAFQKTNCEJLO-SSRS000,08/21/26 10:10 AM EDT,$0.49,250
20260821,MLB-TRUNS-I1-000696G0I4R92U8-GTE-P00005,08/21/26 10:11 AM EDT,$0.32,7
20260821,MLB-MOVY-IT5-000696G0I4R92U8-MIRS000-GTE-P00005,08/21/26 10:12 AM EDT,$0.44,34
20260821,MLB-WIN-IT5-000696G0I4R92U8-ATES000,08/21/26 10:12 AM EDT,$0.42,21
20260821,MLS-MOVY-FG-000A3TA0I7881TO-INMI001-GTE-P00015,08/21/26 10:13 AM EDT,$0.49,10
20260821,KBO-WIN-FG-01DPACJGTNC5R90-HAES000,08/21/26 10:13 AM EDT,$0.98,7
20260821,LIGAMX-TGLS-FG-00CBOUVGKS1OM6O-GTE-P00045,08/21/26 10:14 AM EDT,$0.15,12
20260821,MLB-WIN-IT5-000696G0I4R92U8-ATES000,08/21/26 10:15 AM EDT,$0.44,43
20260821,LIGAMX-TGLS-FG-00CBOUVGKS1OM6O-GTE-P00045,08/21/26 10:16 AM EDT,$0.15,12
20260821,LIGAMX-TGLS-FG-01O38BN3VVTN6IO-GTE-P00005,08/21/26 10:19 AM EDT,$0.95,2578
20260821,MLB-WIN-IT5-000FP271I543D0G-DERS000,08/21/26 10:20 AM EDT,$0.52,46
20260821,MLB-PHRR-FG-000FP462I54B208-JALL000-GTE-P00005,08/21/26 10:20 AM EDT,$0.78,12
20260821,MLB-PHRR-FG-000FP462I54B208-FEJR000-GTE-P00005,08/21/26 10:20 AM EDT,$0.78,12
20260821,MLB-TRUNS-I1-000FP462I54B208-GTE-P00015,08/21/26 10:20 AM EDT,$0.23,12
20260821,MLB-PHRR-FG-000FP404I54B3T0-PENG000-GTE-P00025,08/21/26 10:21 AM EDT,$0.40,11
20260821,MLB-WIN-IT5-000FP242I543CMO-ATCS000,08/21/26 10:21 AM EDT,$0.42,113
20260821,FRIENDLYCLUB-DWIN-FG-02HPNB1DOL9R2KG-CDGO002,08/21/26 10:21 AM EDT,$0.57,1
20260821,MLB-TRUNS-I1-000FP20FI543DE8-GTE-P00005,08/21/26 10:22 AM EDT,$0.50,9
20260821,MLB-TRUNS-I1-000FP404I54B3T0-GTE-P00005,08/21/26 10:22 AM EDT,$0.44,51
20260821,LIGAMX-TGLS-FG-01O38BN3VVTN6IO-GTE-P00005,08/21/26 10:25 AM EDT,$0.99,120
20260821,MLS-MOVY-FG-000A3TA0I7881TO-INMI001-GTE-P00015,08/21/26 10:26 AM EDT,$0.50,20
20260821,NPB-WIN-FG-01DIOHESTLSLVL0-SANS002,08/21/26 10:27 AM EDT,$0.97,408
20260821,MLS-MOVY-FG-000A3TA0I7881TO-INMI001-GTE-P00015,08/21/26 10:28 AM EDT,$0.49,19
20260821,MLB-TRUNS-IT5-000696G0I4R92U8-GTE-P00025,08/21/26 10:28 AM EDT,$0.54,31
20260821,LIGAMX-BTMSC-FG-00CBOUVGKS1OM6O-BINARY,08/21/26 10:31 AM EDT,$0.52,46
20260821,MLB-PHRR-FG-000696G0I4R92U8-ROJR000-GTE-P00025,08/21/26 10:31 AM EDT,$0.29,80
20260821,MLB-PHRR-FG-000FPQ64I544HVO-JURO000-GTE-P00025,08/21/26 10:31 AM EDT,$0.40,114
20260821,MLB-PHRR-FG-000FPQ64I544HVO-YAAZ000-GTE-P00025,08/21/26 10:31 AM EDT,$0.38,125
20260821,MLB-TRUNS-IT5-000FPR4SI545PC8-GTE-P00045,08/21/26 10:32 AM EDT,$0.45,3
20260821,LIGAMX-BTMSC-FG-03I7Q776EMAGSIG-BINARY,08/21/26 10:32 AM EDT,$0.53,45
20260821,MLB-PHRR-FG-000FPQ64I544HVO-RYDE000-GTE-P00015,08/21/26 10:33 AM EDT,$0.44,22
20260821,MLB-TRUNS-IT5-000FP271I543D0G-GTE-P00045,08/21/26 10:35 AM EDT,$0.45,26
20260821,LIGAMX-TGLS-FG-014F36C2L88MDH0-GTE-P00025,08/21/26 10:38 AM EDT,$0.55,17
20260821,LIGAMX-TGLS-FG-01O38BN3VVTN6IO-GTE-P00055,08/21/26 10:39 AM EDT,$0.07,10
20260821,MLB-PHRR-FG-000FP20FI543DE8-MIUT000-GTE-P00025,08/21/26 10:39 AM EDT,$0.32,8
20260821,MLB-WIN-IT5-000696G0I4R92U8-MIRS000,08/21/26 10:42 AM EDT,$0.58,166
20260821,NPB-WIN-FG-01DIOHESTLSLVL0-SANS002,08/21/26 10:42 AM EDT,$0.96,86
20260821,LPA-MOVY-FG-0004DCD3I4MII78-UNFE001-GTE-P00015,08/21/26 10:43 AM EDT,$0.13,28
20260821,LPA-MOVY-FG-0004DCD3I4MII78-CAVI001-GTE-P00005,08/21/26 10:43 AM EDT,$0.34,8
20260821,MLB-TRUNS-I1-00069L89I4RE7OO-GTE-P00015,08/21/26 10:43 AM EDT,$0.25,11
20260821,FRIENDLYCLUB-DWIN-FG-02HPNB1DOL9R2KG-CDGO002,08/21/26 10:44 AM EDT,$0.57,231
20260821,FRIENDLYCLUB-DWIN-FG-00C5AL44KUSEV4O-BADO003,08/21/26 10:44 AM EDT,$0.45,212
20260821,FRIENDLYCLUB-DWIN-FG-00C5B5U8KUS10SG-CUSA001,08/21/26 10:44 AM EDT,$0.74,375
20260821,FRIENDLYCLUB-DWIN-FG-00C5AL70KUSEVG8-CFVA001,08/21/26 10:44 AM EDT,$0.66,285
20260821,MLB-TRUNS-IT5-000FP271I543D0G-GTE-P00045,08/21/26 10:44 AM EDT,$0.45,233
20260821,MLB-TRUNS-IT5-000696G0I4R92U8-GTE-P00025,08/21/26 10:45 AM EDT,$0.54,520
20260821,FRIENDLYCLUB-DWIN-FG-00C5B5U8KUS10SG-DRAW,08/21/26 10:45 AM EDT,$0.21,91
20260821,LIGAMX-TGLS-FG-01O39C38VVTH7MG-GTE-P00055,08/21/26 10:45 AM EDT,$0.03,10
20260821,FRIENDLYCLUB-DWIN-FG-00C5AL4UKUSEU58-DRAW,08/21/26 10:45 AM EDT,$0.30,78
20260821,LIGAMX-TGLS-FG-01O39C38VVTH7MG-GTE-P00055,08/21/26 10:45 AM EDT,$0.09,10
20260821,MLB-TRUNS-IT5-000FPUUOI541HG8-GTE-P00045,08/21/26 10:45 AM EDT,$0.47,5
20260821,FRIENDLYCLUB-DWIN-FG-00C5AL44KUSEV4O-REON012,08/21/26 10:46 AM EDT,$0.32,220
20260821,FRIENDLYCLUB-DWIN-FG-00C5AL44KUSEV4O-BADO003,08/21/26 10:46 AM EDT,$0.45,108
20260821,LIGAMX-TGLS-FG-01O39C38VVTH7MG-GTE-P00055,08/21/26 10:46 AM EDT,$0.03,5
20260821,LIGAMX-TGLS-FG-01O39C38VVTH7MG-GTE-P00055,08/21/26 10:46 AM EDT,$0.09,5
20260821,FRIENDLYCLUB-DWIN-FG-00C5AL4UKUSEU58-UBSE001,08/21/26 10:46 AM EDT,$0.27,17
20260821,FRIENDLYCLUB-BTMSC-FG-00C5AL4UKUSEU58-BINARY,08/21/26 10:47 AM EDT,$0.49,21
20260821,FRIENDLYCLUB-DWIN-FG-02HPNB1DOL9R2KG-OUCF001,08/21/26 10:47 AM EDT,$0.25,7
20260821,MLB-TRUNS-IT5-000696G0I4R92U8-GTE-P00025,08/21/26 10:48 AM EDT,$0.54,62
20260821,MLB-TRUNS-IT5-000FP271I543D0G-GTE-P00045,08/21/26 10:52 AM EDT,$0.46,35
20260821,MLB-WIN-IT5-000696G0I4R92U8-MIRS000,08/21/26 10:52 AM EDT,$0.58,25
20260821,MLB-PHRR-FG-000FP20FI543DE8-COER000-GTE-P00015,08/21/26 10:54 AM EDT,$0.52,9
20260821,MLB-PHRR-FG-000FP462I54B208-FEJR000-GTE-P00025,08/21/26 10:56 AM EDT,$0.41,4
20260821,NWSL-DWIN-FG-000FPQ0FI544HD8-UTSW003,08/21/26 10:56 AM EDT,$0.26,89
20260821,MLS-BTMSC-FG-000A2Q2LI785PHG-BINARY,08/21/26 10:57 AM EDT,$0.55,18
20260821,NWSL-DWIN-FG-000FPQ63I544G9G-SECW001,08/21/26 10:58 AM EDT,$0.28,83
20260821,MLB-TRUNS-IT5-000696G0I4R92U8-GTE-P00025,08/21/26 10:58 AM EDT,$0.54,5
20260821,MLB-TRUNS-I1-000696G0I4R92U8-GTE-P00005,08/21/26 10:59 AM EDT,$0.33,14
20260821,FRIENDLYCLUB-DWIN-FG-02HPNB1DOL9R2KG-OUCF001,08/21/26 10:59 AM EDT,$0.25,75
20260821,MLS-BTMSC-FG-000A2Q2LI785PHG-BINARY,08/21/26 11:00 AM EDT,$0.55,18
20260821,FRIENDLYCLUB-BTMSC-FG-00C5AL4UKUSEU58-BINARY,08/21/26 11:02 AM EDT,$0.41,16
20260821,FRIENDLYCLUB-DWIN-FG-02HPNB1DOL9R2KG-CDGO002,08/21/26 11:02 AM EDT,$0.57,16
20260821,FRIENDLYCLUB-DWIN-FG-02HPNB1DOL9R2KG-OUCF001,08/21/26 11:02 AM EDT,$0.25,19
20260821,MLB-MOVY-IT5-000FP242I543CMO-HOOS000-GTE-P00005,08/21/26 11:05 AM EDT,$0.50,19
20260821,MLB-PHRR-FG-000FPQ64I544HVO-JURO000-GTE-P00015,08/21/26 11:06 AM EDT,$0.55,52
20260821,MLS-TGLS-FG-000A3T9GI7881N8-GTE-P00005,08/21/26 11:09 AM EDT,$0.97,11
20260821,MLB-PHRR-FG-000696G0I4R92U8-JOIZ000-GTE-P00015,08/21/26 11:10 AM EDT,$0.37,30
20260821,LIGAMX-TGLS-FG-03I7Q73QEMAGTAG-GTE-P00055,08/21/26 11:10 AM EDT,$0.03,10
20260821,LIGAMX-TGLS-FG-03I7Q73QEMAGTAG-GTE-P00055,08/21/26 11:10 AM EDT,$0.03,5
20260821,LIGAMX-TGLS-FG-03I7Q73QEMAGTAG-GTE-P00055,08/21/26 11:10 AM EDT,$0.10,15
20260821,LIGAMX-TGLS-FG-03I7Q73QEMAGTAG-GTE-P00055,08/21/26 11:10 AM EDT,$0.03,1
20260821,LIGAMX-TGLS-FG-03I7Q73QEMAGTAG-GTE-P00055,08/21/26 11:11 AM EDT,$0.07,1
20260821,LIGAMX-TGLS-FG-01O39C3PVVTH6E0-GTE-P00055,08/21/26 11:16 AM EDT,$0.03,10
20260821,LIGAMX-TGLS-FG-01O39C3PVVTH6E0-GTE-P00055,08/21/26 11:16 AM EDT,$0.03,5
20260821,MLB-TRUNS-I1-000696G0I4R92U8-GTE-P00025,08/21/26 11:16 AM EDT,$0.03,11
20260821,LIGAMX-TGLS-FG-01O39C3PVVTH6E0-GTE-P00055,08/21/26 11:16 AM EDT,$0.10,15
20260821,MLB-PHRR-FG-000FPUUVI541HNG-JOEZ004-GTE-P00015,08/21/26 11:17 AM EDT,$0.68,4
20260821,LIGAMX-TGLS-FG-01O39C3PVVTH6E0-GTE-P00055,08/21/26 11:17 AM EDT,$0.03,1
20260821,MLB-PHRR-FG-000FPUUVI541HNG-JOEZ004-GTE-P00025,08/21/26 11:17 AM EDT,$0.51,5
20260821,LIGAMX-TGLS-FG-01O39C3PVVTH6E0-GTE-P00055,08/21/26 11:17 AM EDT,$0.10,1
20260821,MLB-PHRR-FG-000FP462I54B208-FEJR000-GTE-P00015,08/21/26 11:17 AM EDT,$0.58,5
20260821,MLB-PHRR-FG-000696G0I4R92U8-JAIO000-GTE-P00015,08/21/26 11:17 AM EDT,$0.48,20
20260821,MLB-TRUNS-I2-000696G0I4R92U8-GTE-P00005,08/21/26 11:17 AM EDT,$0.30,106
20260821,MLB-TRUNS-IT5-000FP271I543D0G-GTE-P00045,08/21/26 11:18 AM EDT,$0.46,5
20260821,MLB-TRUNS-IT5-000696G0I4R92U8-GTE-P00025,08/21/26 11:19 AM EDT,$0.55,3
20260821,NWSL-DWIN-FG-000FPQ0FI544HD8-UTSW003,08/21/26 11:20 AM EDT,$0.26,17
20260821,NWSL-DWIN-FG-000FPQ0FI544HD8-UTSW003,08/21/26 11:20 AM EDT,$0.29,29
20260821,MLB-WIN-IT5-000FPR4TI545OUG-BOOX000,08/21/26 11:20 AM EDT,$0.59,40
20260821,MLB-TRUNS-I1-000696G0I4R92U8-GTE-P00005,08/21/26 11:21 AM EDT,$0.32,142
20260821,MLB-PHRR-FG-000FPR4TI545OUG-JAAN001-GTE-P00025,08/21/26 11:21 AM EDT,$0.31,15
20260821,MLB-TRUNS-I1-000FPR4TI545OUG-GTE-P00005,08/21/26 11:22 AM EDT,$0.35,149
20260821,FRIENDLYCLUB-DWIN-FG-02HPNB1DOL9R2KG-OUCF001,08/21/26 11:23 AM EDT,$0.25,18
20260821,FRIENDLYCLUB-DWIN-FG-00C5AL44KUSEV4O-REON012,08/21/26 11:23 AM EDT,$0.32,14
20260821,MLB-TRUNS-I1-000FP242I543CMO-GTE-P00005,08/21/26 11:23 AM EDT,$0.45,175
20260821,FRIENDLYCLUB-DWIN-FG-00C5AL4UKUSEU58-UBSE001,08/21/26 11:23 AM EDT,$0.26,17
20260821,MLB-TRUNS-I1-000FP404I54B3T0-GTE-P00025,08/21/26 11:23 AM EDT,$0.16,29
20260821,FRIENDLYCLUB-DWIN-FG-00C5B5U8KUS10SG-ATGA003,08/21/26 11:23 AM EDT,$0.15,31
20260821,FRIENDLYCLUB-DWIN-FG-00C5AL70KUSEVG8-CANO030,08/21/26 11:23 AM EDT,$0.18,26
20260821,MLB-WIN-IT5-000696G0I4R92U8-ATES000,08/21/26 11:23 AM EDT,$0.44,1087
20260821,MLB-PHRR-FG-000696G0I4R92U8-AUEY000-GTE-P00005,08/21/26 11:24 AM EDT,$0.54,35
20260821,MLB-MOVY-IT5-000FPR2RI545P9G-PHES000-GTE-P00015,08/21/26 11:25 AM EDT,$0.40,24
20260821,MLB-PHRR-FG-000FPQ64I544HVO-PESO000-GTE-P00015,08/21/26 11:27 AM EDT,$0.54,208
20260821,MLB-TRUNS-IT5-000696G0I4R92U8-GTE-P00025,08/21/26 11:27 AM EDT,$0.53,61
20260821,MLB-PHRR-FG-000FPR2RI545P9G-BRSH000-GTE-P00015,08/21/26 11:28 AM EDT,$0.52,200
20260821,MLB-WIN-IT5-000FP271I543D0G-DERS000,08/21/26 11:28 AM EDT,$0.51,42
20260821,MLS-MOVY-FG-000A3TE4I78818G-ATTD003-GTE-P00035,08/21/26 11:36 AM EDT,$0.02,10
20260821,MLS-MOVY-FG-000A3TE4I78818G-ATTD003-GTE-P00035,08/21/26 11:36 AM EDT,$0.10,10
20260821,MLS-MOVY-FG-000A3TA0I7881TO-TOFC003-GTE-P00005,08/21/26 11:37 AM EDT,$0.12,6
20260821,MLB-TRUNS-I1-000FPUUVI541HNG-GTE-P00015,08/21/26 11:37 AM EDT,$0.36,10
20260821,MLB-TRUNS-I1-000FP462I54B208-GTE-P00025,08/21/26 11:37 AM EDT,$0.18,26
20260821,FRIENDLYCLUB-DWIN-FG-00C5B5U8KUS10SG-ATGA003,08/21/26 11:38 AM EDT,$0.14,6
20260821,FRIENDLYCLUB-DWIN-FG-00C5AL70KUSEVG8-CANO030,08/21/26 11:38 AM EDT,$0.18,5
20260821,MLB-WIN-IT5-000FP404I54B3T0-SERS000,08/21/26 11:41 AM EDT,$0.52,92
20260821,FRIENDLYCLUB-DWIN-FG-00C5AL4UKUSEU58-UBSE001,08/21/26 11:42 AM EDT,$0.26,4
20260821,FRIENDLYCLUB-DWIN-FG-00C5AL44KUSEV4O-REON012,08/21/26 11:42 AM EDT,$0.32,3
20260821,FRIENDLYCLUB-DWIN-FG-02HPNB1DOL9R2KG-OUCF001,08/21/26 11:42 AM EDT,$0.25,4
20260821,MLS-MOVY-FG-000A3TA0I7881TO-INMI001-GTE-P00015,08/21/26 11:43 AM EDT,$0.50,20
20260821,FRIENDLYCLUB-BTMSC-FG-02HPNB1DOL9R2KG-BINARY,08/21/26 11:45 AM EDT,$0.62,141
20260821,MLB-TRUNS-I1-000FP404I54B3T0-GTE-P00015,08/21/26 11:45 AM EDT,$0.22,2
20260821,FRIENDLYCLUB-BTMSC-FG-00C5AL44KUSEV4O-BINARY,08/21/26 11:45 AM EDT,$0.54,267
20260821,MLB-TRUNS-I1-000FPQ64I544HVO-GTE-P00025,08/21/26 11:46 AM EDT,$0.17,16
20260821,MLB-WIN-IT5-000FP404I54B3T0-CHBS000,08/21/26 11:47 AM EDT,$0.50,50
20260821,MLB-PHRR-FG-000FPUUOI541HG8-ELUZ001-GTE-P00015,08/21/26 11:49 AM EDT,$0.54,39
20260821,MLB-MOVY-IT5-000FP242I543CMO-HOOS000-GTE-P00005,08/21/26 11:50 AM EDT,$0.50,14
20260821,MLB-MOVY-IT5-000FPQ64I544HVO-BAES000-GTE-P00005,08/21/26 11:51 AM EDT,$0.46,89
20260821,LIGAMX-TGLS-FG-01O38BN3VVTN6IO-GTE-P00005,08/21/26 11:55 AM EDT,$0.99,10
20260821,LIGAMX-TGLS-FG-01O38BN3VVTN6IO-GTE-P00005,08/21/26 11:56 AM EDT,$0.99,5
20260821,MLB-TRUNS-I1-000FPR4TI545OUG-GTE-P00015,08/21/26 11:57 AM EDT,$0.17,1
20260821,MLB-PHRR-FG-000FPR4TI545OUG-ADAN000-GTE-P00005,08/21/26 11:57 AM EDT,$0.75,1
20260821,MLB-WIN-IT5-000FP20FI543DE8-TERS000,08/21/26 11:58 AM EDT,$0.56,8
20260821,MLB-TRUNS-IT5-000696G0I4R92U8-GTE-P00025,08/21/26 11:58 AM EDT,$0.53,40
20260821,MLB-TRUNS-IT5-000696G0I4R92U8-GTE-P00025,08/21/26 11:58 AM EDT,$0.54,178
20260821,KBO-TRUNS-FG-03VTIEN84O0VQS8-GTE-P00085,08/21/26 11:58 AM EDT,$0.36,38
20260821,MLB-TRUNS-I1-000696G0I4R92U8-GTE-P00015,08/21/26 12:00 PM EDT,$0.21,17
20260821,MLB-TRUNS-I1-000696G0I4R92U8-GTE-P00015,08/21/26 12:00 PM EDT,$0.13,5
20260821,MLS-MOVY-FG-000A3TA0I7881TO-INMI001-GTE-P00005,08/21/26 12:02 PM EDT,$0.72,14
20260821,MLB-WIN-IT5-000696G0I4R92U8-ATES000,08/21/26 12:02 PM EDT,$0.44,54
20260821,MLB-MOVY-IT5-000696G0I4R92U8-MIRS000-GTE-P00005,08/21/26 12:02 PM EDT,$0.44,43
20260821,MLB-TRUNS-IT5-000696G0I4R92U8-GTE-P00025,08/21/26 12:03 PM EDT,$0.53,90
20260821,MLB-TRUNS-IT5-000696G0I4R92U8-GTE-P00025,08/21/26 12:03 PM EDT,$0.54,4000
20260821,MLB-TRUNS-IT5-000696G0I4R92U8-GTE-P00025,08/21/26 12:03 PM EDT,$0.55,300
20260821,MLB-TRUNS-IT5-000696G0I4R92U8-GTE-P00025,08/21/26 12:03 PM EDT,$0.55,724
20260821,MLB-TRUNS-IT5-000696G0I4R92U8-GTE-P00025,08/21/26 12:03 PM EDT,$0.55,11111
20260821,MLB-WIN-IT5-000FP271I543D0G-DERS000,08/21/26 12:04 PM EDT,$0.52,1111
20260821,MLB-WIN-IT5-000FPUUOI541HG8-ARKS000,08/21/26 12:04 PM EDT,$0.56,689
20260821,LIGAMX-MOVY-FG-00CBOUVGKS1OM6O-ATFC010-GTE-P00015,08/21/26 12:04 PM EDT,$0.03,10
20260821,BSA-TGLS-FG-03VTJNK74O0H4PG-GTE-P00055,08/21/26 12:04 PM EDT,$0.02,10
20260821,LIGAMX-MOVY-FG-00CBOUVGKS1OM6O-ATFC010-GTE-P00015,08/21/26 12:04 PM EDT,$0.06,10
20260821,MLB-TRUNS-IT5-000696G0I4R92U8-GTE-P00025,08/21/26 12:05 PM EDT,$0.54,40
20260821,MLB-TRUNS-IT5-000FPR4TI545OUG-GTE-P00035,08/21/26 12:06 PM EDT,$0.53,20
20260821,MLB-PHRR-FG-000FPQ64I544HVO-YAAZ000-GTE-P00015,08/21/26 12:06 PM EDT,$0.56,37
20260821,LIGAMX-TGLS-FG-01O38BN3VVTN6IO-GTE-P00005,08/21/26 12:06 PM EDT,$0.92,15
20260821,MLB-TRUNS-IT5-000696G0I4R92U8-GTE-P00025,08/21/26 12:09 PM EDT,$0.55,29
20260821,NASCAR-WIN-RCE-00GM207BRJKDADF52I8U9EU806L4S6GO02U0KQ6FHUPMKC809CVJL96JPKH0-CHTT005,08/21/26 12:09 PM EDT,$0.04,100
20260821,NASCAR-WIN-RCE-00GM207BRJKDADF52I8U9EU806L4S6GO02U0KQ6FHUPMKC809CVJL96JPKH0-CAAR002,08/21/26 12:09 PM EDT,$0.05,166
20260821,MLB-PHRR-FG-000FPR2RI545P9G-KYER003-GTE-P00055,08/21/26 12:09 PM EDT,$0.16,7
20260821,NWSL-DWIN-FG-000FPQ0FI544HD8-SACW009,08/21/26 12:09 PM EDT,$0.48,20
20260821,NASCAR-WIN-RCE-00GM207BRJKDADF52I8U9EU806L4S6GO02U0KQ6FHUPMKC809CVJL96JPKH0-JORY006,08/21/26 12:09 PM EDT,$0.06,71
20260821,NASCAR-WIN-RCE-00GM207BRJKDADF52I8U9EU806L4S6GO02U0KQ6FHUPMKC809CVJL96JPKH0-KYON007,08/21/26 12:09 PM EDT,$0.07,62
20260821,NASCAR-WIN-RCE-00GM207BRJKDADF52I8U9EU806L4S6GO02U0KQ6FHUPMKC809CVJL96JPKH0-TYBS002,08/21/26 12:10 PM EDT,$0.07,62
20260821,LIGAMX-TGLS-FG-01O38BJ3VVTN6LG-GTE-P00025,08/21/26 12:11 PM EDT,$0.56,10
20260821,NPB-WIN-FG-03VT6SEK4OII68O-YOTS000,08/21/26 12:11 PM EDT,$0.52,9
20260821,FRIENDLYCLUB-DWIN-FG-02HPNB1DOL9R2KG-CDGO002,08/21/26 12:12 PM EDT,$0.57,17
20260821,KBO-WIN-FG-03VTIEN84O0VQS8-KIRS000,08/21/26 12:12 PM EDT,$0.61,13
20260821,MLB-WIN-IT5-000FP404I54B3T0-SERS000,08/21/26 12:12 PM EDT,$0.52,9
20260821,MLB-TRUNS-I1-000696G0I4R92U8-GTE-P00005,08/21/26 12:13 PM EDT,$0.32,98
20260821,LIGAMX-MOVY-FG-01O38BN3VVTN6IO-CLON010-GTE-P00025,08/21/26 12:13 PM EDT,$0.03,10
20260821,NPB-WIN-FG-03VT6SEK4OII68O-YOTS000,08/21/26 12:14 PM EDT,$0.52,12
20260821,MLB-TRUNS-IT5-000696G0I4R92U8-GTE-P00025,08/21/26 12:15 PM EDT,$0.54,100
20260821,FRIENDLYCLUB-DWIN-FG-03VMT3JF4QT3G6G-REII011,08/21/26 12:17 PM EDT,$0.37,76
20260821,MLB-MOVY-IT5-000FP271I543D0G-DERS000-GTE-P00005,08/21/26 12:18 PM EDT,$0.44,326
20260821,MLB-PHRR-FG-000FP271I543D0G-GLES000-GTE-P00015,08/21/26 12:18 PM EDT,$0.53,18
20260821,NASCAR-WIN-RCE-00GM207BRJKDADF52I8U9EU806L4S6GO02U0KQ6FHUPMKC809CVJL96JPKH0-JONO006,08/21/26 12:19 PM EDT,$0.14,6
20260821,MLB-WIN-IT5-000696G0I4R92U8-MIRS000,08/21/26 12:19 PM EDT,$0.58,16
20260821,MLB-PHRR-FG-000FP271I543D0G-GLES000-GTE-P00015,08/21/26 12:21 PM EDT,$0.53,29
20260821,MLB-TRUNS-IT5-000696G0I4R92U8-GTE-P00025,08/21/26 12:21 PM EDT,$0.54,21
20260821,MLB-PHRR-FG-000FP271I543D0G-GLES000-GTE-P00025,08/21/26 12:21 PM EDT,$0.34,11
20260821,FRIENDLYCLUB-DWIN-FG-02HPNB1DOL9R2KG-DRAW,08/21/26 12:21 PM EDT,$0.28,17
20260821,MLB-TRUNS-IT5-000FPR4TI545OUG-GTE-P00035,08/21/26 12:22 PM EDT,$0.53,5
20260821,MLB-MOVY-IT5-000FP404I54B3T0-SERS000-GTE-P00005,08/21/26 12:24 PM EDT,$0.43,3
20260821,MLB-MOVY-IT5-000FPR2RI545P9G-PHES000-GTE-P00015,08/21/26 12:24 PM EDT,$0.43,24
20260821,MLB-WIN-IT5-000696G0I4R92U8-ATES000,08/21/26 12:24 PM EDT,$0.43,4
20260821,MLB-TRUNS-IT5-00069L89I4RE7OO-GTE-P00035,08/21/26 12:24 PM EDT,$0.52,1
20260821,MLB-TRUNS-IT5-000696G0I4R92U8-GTE-P00025,08/21/26 12:24 PM EDT,$0.54,1
20260821,MLS-MOVY-FG-000A3TA0I7881TO-INMI001-GTE-P00015,08/21/26 12:25 PM EDT,$0.49,20
20260821,MLS-MOVY-FG-000A3TA0I7881TO-INMI001-GTE-P00015,08/21/26 12:26 PM EDT,$0.50,20
20260821,MLB-WIN-IT5-000696G0I4R92U8-MIRS000,08/21/26 12:27 PM EDT,$0.58,50
20260821,FRIENDLYCLUB-DWIN-FG-03VMT3JF4QT3G6G-REII011,08/21/26 12:27 PM EDT,$0.37,76
20260821,MLB-PHRR-FG-000696G0I4R92U8-JAIO000-GTE-P00025,08/21/26 12:27 PM EDT,$0.32,14
20260821,MLB-WIN-IT5-000696G0I4R92U8-ATES000,08/21/26 12:27 PM EDT,$0.42,43
20260821,MLB-PHRR-FG-000FPQ64I544HVO-YAAZ000-GTE-P00015,08/21/26 12:28 PM EDT,$0.56,12
20260821,NWSL-DWIN-FG-000FPQ0FI544HD8-SACW009,08/21/26 12:31 PM EDT,$0.48,20
20260821,FRIENDLYCLUB-DWIN-FG-00C5AL44KUSEV4O-BADO003,08/21/26 12:33 PM EDT,$0.43,385
20260821,MLB-TRUNS-IT5-000696G0I4R92U8-GTE-P00025,08/21/26 12:33 PM EDT,$0.54,10
20260821,MLB-TRUNS-I2-000696G0I4R92U8-GTE-P00005,08/21/26 12:34 PM EDT,$0.30,6
20260821,MLB-TRUNS-I5-000696G0I4R92U8-GTE-P00005,08/21/26 12:34 PM EDT,$0.31,7
20260821,MLB-TRUNS-I4-000696G0I4R92U8-GTE-P00005,08/21/26 12:34 PM EDT,$0.32,7
20260821,MLB-TRUNS-I3-000696G0I4R92U8-GTE-P00005,08/21/26 12:34 PM EDT,$0.31,7
20260821,MLB-TRUNS-I6-000696G0I4R92U8-GTE-P00005,08/21/26 12:34 PM EDT,$0.32,7
20260821,MLB-WIN-IT5-000FPR4TI545OUG-BOOX000,08/21/26 12:35 PM EDT,$0.58,1
20260821,LPA-MOVY-FG-0004DCD3I4MII78-CAVI001-GTE-P00005,08/21/26 12:35 PM EDT,$0.34,15
20260821,MLS-TGLS-FG-000A3TE4I78818G-GTE-P00005,08/21/26 12:37 PM EDT,$0.96,11
20260821,MLB-PHRR-FG-000FP22AI543DI8-MIAS003-GTE-P00015,08/21/26 12:37 PM EDT,$0.53,3
20260821,MLB-WIN-IT5-000FP271I543D0G-DERS000,08/21/26 12:37 PM EDT,$0.51,13
20260821,MLB-PHRR-FG-000FP242I543CMO-YOEZ000-GTE-P00015,08/21/26 12:37 PM EDT,$0.64,3
20260821,MLB-TRUNS-I1-00069L89I4RE7OO-GTE-P00005,08/21/26 12:38 PM EDT,$0.38,31
20260821,MLB-PHRR-FG-000FP271I543D0G-BOJR000-GTE-P00015,08/21/26 12:38 PM EDT,$0.56,3
20260821,MLB-PHRR-FG-000FPUUOI541HG8-ELUZ001-GTE-P00015,08/21/26 12:38 PM EDT,$0.54,3
20260821,MLB-TRUNS-I1-000FPR4TI545OUG-GTE-P00005,08/21/26 12:39 PM EDT,$0.35,29
20260821,MLB-PHRR-FG-000FPUUOI541HG8-COLL001-GTE-P00015,08/21/26 12:39 PM EDT,$0.59,3
20260821,LIGAMX-TGLS-FG-01O38BN3VVTN6IO-GTE-P00015,08/21/26 12:39 PM EDT,$0.82,11
20260821,MLB-TRUNS-IT5-000696G0I4R92U8-GTE-P00025,08/21/26 12:40 PM EDT,$0.56,46
20260821,MLB-TRUNS-I1-000FP22AI543DI8-GTE-P00005,08/21/26 12:42 PM EDT,$0.40,3
20260821,MLB-TRUNS-I1-000FPR4TI545OUG-GTE-P00005,08/21/26 12:43 PM EDT,$0.35,7
20260821,MLB-TRUNS-I1-000FP242I543CMO-GTE-P00015,08/21/26 12:43 PM EDT,$0.32,8
20260821,MLB-PHRR-FG-000FPUUVI541HNG-JOEZ004-GTE-P00025,08/21/26 12:44 PM EDT,$0.51,4
20260821,MLB-PHRR-FG-000FPQ64I544HVO-JURO000-GTE-P00015,08/21/26 12:45 PM EDT,$0.55,7
20260821,LIGAMX-BTMSC-FG-01O38BN3VVTN6IO-BINARY,08/21/26 12:46 PM EDT,$0.63,20
20260821,MLB-TRUNS-I1-000696G0I4R92U8-GTE-P00025,08/21/26 12:48 PM EDT,$0.11,25
20260821,MLB-PHRR-FG-000696G0I4R92U8-ANHN000-GTE-P00015,08/21/26 12:48 PM EDT,$0.45,8
20260821,MLB-WIN-IT5-000FPQ64I544HVO-BAES000,08/21/26 12:48 PM EDT,$0.56,17
20260821,MLB-WIN-IT5-000FP271I543D0G-KCLS000,08/21/26 12:49 PM EDT,$0.51,37
20260821,MLB-TRUNS-IT5-000696G0I4R92U8-GTE-P00025,08/21/26 12:49 PM EDT,$0.56,25
20260821,MLB-WIN-IT5-000FP404I54B3T0-CHBS000,08/21/26 12:49 PM EDT,$0.49,19
20260821,MLB-TRUNS-I2-000696G0I4R92U8-GTE-P00005,08/21/26 12:51 PM EDT,$0.38,14
20260821,MLB-PHRR-FG-000696G0I4R92U8-MAON003-GTE-P00015,08/21/26 12:52 PM EDT,$0.38,125
20260821,MLB-TRUNS-IT5-000696G0I4R92U8-GTE-P00025,08/21/26 12:52 PM EDT,$0.54,20
20260821,LIGAMX-MOVY-FG-01O38BN3VVTN6IO-CLON010-GTE-P00025,08/21/26 12:54 PM EDT,$0.03,10
20260821,LIGAMX-MOVY-FG-01O38BN3VVTN6IO-CLON010-GTE-P00025,08/21/26 12:55 PM EDT,$0.05,10
20260821,MLB-TRUNS-I1-000FPQ64I544HVO-GTE-P00005,08/21/26 12:55 PM EDT,$0.43,550
20260821,MLB-TRUNS-I1-000FP271I543D0G-GTE-P00005,08/21/26 12:56 PM EDT,$0.42,541
20260821,FRIENDLYCLUB-DWIN-FG-00C5B5U8KUS10SG-CUSA001,08/21/26 12:56 PM EDT,$0.72,14
20260821,MLB-TRUNS-I1-000FP20FI543DE8-GTE-P00005,08/21/26 12:56 PM EDT,$0.42,541
20260821,MLB-TRUNS-I1-000FP41SI54B2VO-GTE-P00035,08/21/26 12:57 PM EDT,$0.10,45
20260821,MLB-TRUNS-I1-00069L89I4RE7OO-GTE-P00005,08/21/26 12:58 PM EDT,$0.38,4
20260821,LIGAMX-TGLS-FG-01O38BN3VVTN6IO-GTE-P00055,08/21/26 12:58 PM EDT,$0.06,10
20260821,LIGAMX-MOVY-FG-00CBOUVGKS1OM6O-TINL001-GTE-P00035,08/21/26 12:58 PM EDT,$0.02,10
20260821,LIGAMX-TGLS-FG-01O38BN3VVTN6IO-GTE-P00055,08/21/26 12:59 PM EDT,$0.06,5
20260821,LIGAMX-TGLS-FG-01O38BN3VVTN6IO-GTE-P00055,08/21/26 12:59 PM EDT,$0.10,15
20260821,LIGAMX-MOVY-FG-00CBOUVGKS1OM6O-TINL001-GTE-P00035,08/21/26 12:59 PM EDT,$0.10,10
20260821,MLB-PHRR-FG-000FP404I54B3T0-ALAN000-GTE-P00015,08/21/26 01:00 PM EDT,$0.49,19
20260821,MLB-TRUNS-I1-000FPR4TI545OUG-GTE-P00005,08/21/26 01:00 PM EDT,$0.35,14
20260821,NWSL-DWIN-FG-000FPQ4JI544HT0-OREW001,08/21/26 01:00 PM EDT,$0.22,8
20260821,NWSL-DWIN-FG-000FPQ7FI544G6G-BOYW001,08/21/26 01:01 PM EDT,$0.25,5
20260821,MLB-PHRR-FG-000FP41SI54B2VO-FRAN000-GTE-P00015,08/21/26 01:01 PM EDT,$0.56,344
20260821,MLB-WIN-IT5-000696G0I4R92U8-MIRS000,08/21/26 01:02 PM EDT,$0.58,8
20260821,MLB-TRUNS-IT5-000696G0I4R92U8-GTE-P00025,08/21/26 01:04 PM EDT,$0.54,10
20260821,MLB-WIN-IT5-000FPR4TI545OUG-BOOX000,08/21/26 01:05 PM EDT,$0.59,8
20260821,MLB-WIN-IT5-000696G0I4R92U8-MIRS000,08/21/26 01:05 PM EDT,$0.58,8
20260821,MLB-MOVY-IT5-000FPR2RI545P9G-PHES000-GTE-P00015,08/21/26 01:05 PM EDT,$0.43,11
20260821,MLB-WIN-IT5-000FP271I543D0G-DERS000,08/21/26 01:05 PM EDT,$0.51,18
20260821,MLB-MOVY-IT5-000696G0I4R92U8-MIRS000-GTE-P00005,08/21/26 01:05 PM EDT,$0.46,1
20260821,MLB-WIN-IT5-000FPR4TI545OUG-BOOX000,08/21/26 01:05 PM EDT,$0.59,16
20260821,MLB-WIN-IT5-000696G0I4R92U8-MIRS000,08/21/26 01:06 PM EDT,$0.58,8
20260821,MLB-PHRR-FG-000696G0I4R92U8-MAON003-GTE-P00055,08/21/26 01:08 PM EDT,$0.08,1666
20260821,MLB-PHRR-FG-000696G0I4R92U8-ROJR000-GTE-P00055,08/21/26 01:08 PM EDT,$0.07,1875
20260821,MLB-PHRR-FG-000696G0I4R92U8-WIAS001-GTE-P00055,08/21/26 01:09 PM EDT,$0.07,1262
20260821,FRIENDLYCLUB-DWIN-FG-00C5AL44KUSEV4O-DRAW,08/21/26 01:09 PM EDT,$0.33,28
20260821,FRIENDLYCLUB-DWIN-FG-00C5AL44KUSEV4O-DRAW,08/21/26 01:09 PM EDT,$0.33,14
20260821,BSA-TGLS-FG-03VTJNK74O0H4PG-GTE-P00055,08/21/26 01:09 PM EDT,$0.02,10
20260821,FRIENDLYCLUB-DWIN-FG-00C5AL44KUSEV4O-DRAW,08/21/26 01:10 PM EDT,$0.33,14
20260821,FRIENDLYCLUB-DWIN-FG-00C5AL44KUSEV4O-DRAW,08/21/26 01:10 PM EDT,$0.25,42
20260821,MLB-WIN-IT5-000FPQ64I544HVO-BAES000,08/21/26 01:11 PM EDT,$0.57,45
20260821,MLB-TRUNS-IT5-000696G0I4R92U8-GTE-P00025,08/21/26 01:11 PM EDT,$0.56,8
20260821,MLB-PHRR-FG-000696G0I4R92U8-AUEY000-GTE-P00015,08/21/26 01:11 PM EDT,$0.33,28
20260821,MLB-TRUNS-IT5-000FP404I54B3T0-GTE-P00045,08/21/26 01:12 PM EDT,$0.46,8
20260821,FRIENDLYCLUB-DWIN-FG-03VMT3JF4QT3G6G-REII011,08/21/26 01:12 PM EDT,$0.36,21
20260821,MLB-WIN-IT5-000FP271I543D0G-DERS000,08/21/26 01:12 PM EDT,$0.51,9
20260821,MLB-TRUNS-IT5-000696G0I4R92U8-GTE-P00025,08/21/26 01:12 PM EDT,$0.56,34
20260821,MLB-WIN-IT5-000696G0I4R92U8-MIRS000,08/21/26 01:12 PM EDT,$0.58,83
20260821,MLB-TRUNS-IT5-00069L89I4RE7OO-GTE-P00035,08/21/26 01:12 PM EDT,$0.51,9
20260821,MLB-WIN-IT5-000FPQ64I544HVO-TBYS000,08/21/26 01:13 PM EDT,$0.45,21
20260821,MLB-TRUNS-IT5-000FP271I543D0G-GTE-P00045,08/21/26 01:13 PM EDT,$0.45,35
20260821,MLS-TGLS-FG-000A3T9GI7881N8-GTE-P00035,08/21/26 01:13 PM EDT,$0.46,77
20260821,MLB-MOVY-IT5-000FPUUVI541HNG-CLNS000-GTE-P00005,08/21/26 01:14 PM EDT,$0.51,56
20260821,MLB-WIN-IT5-000FP271I543D0G-KCLS000,08/21/26 01:14 PM EDT,$0.50,57
20260821,MLB-PHRR-FG-000696G0I4R92U8-ANHN000-GTE-P00025,08/21/26 01:15 PM EDT,$0.29,6
20260821,MLB-PHRR-FG-000696G0I4R92U8-COTT000-GTE-P00025,08/21/26 01:15 PM EDT,$0.20,9
20260821,MLB-PHRR-FG-000696G0I4R92U8-JOIZ000-GTE-P00025,08/21/26 01:15 PM EDT,$0.22,8
20260821,MLB-PHRR-FG-000696G0I4R92U8-LURA000-GTE-P00025,08/21/26 01:16 PM EDT,$0.24,3
20260821,MLB-PHRR-FG-000FP271I543D0G-JAEZ000-GTE-P00005,08/21/26 01:16 PM EDT,$0.68,4
20260821,MLB-PHRR-FG-000FP41SI54B2VO-ESEZ000-GTE-P00005,08/21/26 01:16 PM EDT,$0.61,4
20260821,FRIENDLYCLUB-DWIN-FG-03VMT3JF4QT3G6G-REII011,08/21/26 01:16 PM EDT,$0.36,26
20260821,MLB-PHRR-FG-000696G0I4R92U8-BRNG003-GTE-P00025,08/21/26 01:16 PM EDT,$0.23,8
20260821,MLB-PHRR-FG-000696G0I4R92U8-GAEZ002-GTE-P00025,08/21/26 01:17 PM EDT,$0.25,7
20260821,MLB-TRUNS-IT5-000FP271I543D0G-GTE-P00045,08/21/26 01:17 PM EDT,$0.45,30
20260821,FRIENDLYCLUB-DWIN-FG-00C5AL4UKUSEU58-ALON055,08/21/26 01:18 PM EDT,$0.48,52
20260821,FRIENDLYCLUB-DWIN-FG-00C5AL4UKUSEU58-DRAW,08/21/26 01:18 PM EDT,$0.34,27
20260821,MLB-PHRR-FG-000696G0I4R92U8-JAIO000-GTE-P00015,08/21/26 01:18 PM EDT,$0.48,3
20260821,MLB-WIN-IT5-00069L89I4RE7OO-TOYS000,08/21/26 01:19 PM EDT,$0.35,810
20260821,FRIENDLYCLUB-DWIN-FG-00C5AL44KUSEV4O-BADO003,08/21/26 01:20 PM EDT,$0.16,58
20260821,FRIENDLYCLUB-DWIN-FG-00C5AL44KUSEV4O-BADO003,08/21/26 01:21 PM EDT,$0.08,58
20260821,MLB-TRUNS-I1-000FPQ64I544HVO-GTE-P00015,08/21/26 01:22 PM EDT,$0.22,6
20260821,MLB-PHRR-FG-000696G0I4R92U8-BRNG003-GTE-P00015,08/21/26 01:22 PM EDT,$0.41,4
20260821,MLB-PHRR-FG-000FPR4TI545OUG-WIEU000-GTE-P00015,08/21/26 01:23 PM EDT,$0.56,8
20260821,MLB-WIN-IT5-000FPR4TI545OUG-BOOX000,08/21/26 01:24 PM EDT,$0.59,11
20260821,MLB-MOVY-IT5-000696G0I4R92U8-MIRS000-GTE-P00005,08/21/26 01:24 PM EDT,$0.46,10
20260821,MLB-TRUNS-IT5-000696G0I4R92U8-GTE-P00025,08/21/26 01:24 PM EDT,$0.54,21
20260821,FRIENDLYCLUB-BTMSC-FG-00C5AL44KUSEV4O-BINARY,08/21/26 01:26 PM EDT,$0.56,126
20260821,MLB-TRUNS-IT5-000FP20FI543DE8-GTE-P00035,08/21/26 01:26 PM EDT,$0.53,20
20260821,MLB-WIN-IT5-000696G0I4R92U8-ATES000,08/21/26 01:27 PM EDT,$0.43,26
20260821,FRIENDLYCLUB-BTMSC-FG-00C5AL44KUSEV4O-BINARY,08/21/26 01:27 PM EDT,$0.64,15
20260821,FRIENDLYCLUB-DWIN-FG-00C5AL4UKUSEU58-ALON055,08/21/26 01:27 PM EDT,$0.44,43
20260821,MLB-WIN-IT5-000FP22AI543DI8-CHOX000,08/21/26 01:28 PM EDT,$0.57,254
20260821,FRIENDLYCLUB-DWIN-FG-00C5AL44KUSEV4O-DRAW,08/21/26 01:29 PM EDT,$0.26,1
20260821,FRIENDLYCLUB-DWIN-FG-00C5AL4UKUSEU58-UBSE001,08/21/26 01:29 PM EDT,$0.31,6
20260821,FRIENDLYCLUB-DWIN-FG-00C5AL44KUSEV4O-DRAW,08/21/26 01:29 PM EDT,$0.18,1
20260821,MLB-TRUNS-I1-000696G0I4R92U8-GTE-P00015,08/21/26 01:29 PM EDT,$0.13,3
20260821,MLB-TRUNS-I1-00069L89I4RE7OO-GTE-P00015,08/21/26 01:29 PM EDT,$0.19,6
20260821,MLB-PHRR-FG-000FP41SI54B2VO-FRAN000-GTE-P00015,08/21/26 01:30 PM EDT,$0.56,8
20260821,FRIENDLYCLUB-DWIN-FG-00C5AL44KUSEV4O-BADO003,08/21/26 01:30 PM EDT,$0.15,62
20260821,MLB-TRUNS-IT5-000696G0I4R92U8-GTE-P00025,08/21/26 01:30 PM EDT,$0.54,14
20260821,FRIENDLYCLUB-DWIN-FG-00C5AL44KUSEV4O-REON012,08/21/26 01:31 PM EDT,$0.70,6
20260821,FRIENDLYCLUB-DWIN-FG-00C5AL44KUSEV4O-DRAW,08/21/26 01:31 PM EDT,$0.25,18
20260821,MLB-PHRR-FG-000FP242I543CMO-YOEZ000-GTE-P00065,08/21/26 01:31 PM EDT,$0.10,9
20260821,MLB-PHRR-FG-000FP242I543CMO-ISES000-GTE-P00025,08/21/26 01:31 PM EDT,$0.36,2
20260821,MLB-PHRR-FG-000FP242I543CMO-CATH000-GTE-P00035,08/21/26 01:31 PM EDT,$0.20,4
20260821,MLB-WIN-IT5-000696G0I4R92U8-MIRS000,08/21/26 01:32 PM EDT,$0.57,25
20260821,MLB-TRUNS-IT5-000696G0I4R92U8-GTE-P00025,08/21/26 01:32 PM EDT,$0.54,13
20260821,MLB-PHRR-FG-000FP242I543CMO-CHER000-GTE-P00035,08/21/26 01:32 PM EDT,$0.21,4
20260821,FRIENDLYCLUB-DWIN-FG-02HPNB1DOL9R2KG-CDGO002,08/21/26 01:32 PM EDT,$0.40,16
20260821,MLB-PHRR-FG-000FP242I543CMO-JOVE001-GTE-P00035,08/21/26 01:32 PM EDT,$0.23,4
20260821,FRIENDLYCLUB-DWIN-FG-02HPNB1DOL9R2KG-OUCF001,08/21/26 01:32 PM EDT,$0.20,19
20260821,MLB-PHRR-FG-000FP242I543CMO-NIEN000-GTE-P00045,08/21/26 01:32 PM EDT,$0.08,11
20260821,FRIENDLYCLUB-DWIN-FG-00C5AL4UKUSEU58-UBSE001,08/21/26 01:32 PM EDT,$0.30,2
20260821,MLB-PHRR-FG-000FPQ64I544HVO-RYDE000-GTE-P00015,08/21/26 01:32 PM EDT,$0.44,54
20260821,FRIENDLYCLUB-DWIN-FG-00C5AL44KUSEV4O-DRAW,08/21/26 01:32 PM EDT,$0.25,3
20260821,LPA-TGLS-FG-0004DIUEI4MQMQO-GTE-P00045,08/21/26 01:33 PM EDT,$0.03,11
20260821,FRIENDLYCLUB-DWIN-FG-00C5AL4UKUSEU58-UBSE001,08/21/26 01:33 PM EDT,$0.30,31
20260821,MLB-PHRR-FG-000FP242I543CMO-ISES000-GTE-P00045,08/21/26 01:33 PM EDT,$0.15,6
20260821,FRIENDLYCLUB-DWIN-FG-00C5AL44KUSEV4O-BADO003,08/21/26 01:33 PM EDT,$0.15,62
20260821,MLB-PHRR-FG-000696G0I4R92U8-ANHN000-GTE-P00015,08/21/26 01:33 PM EDT,$0.47,2
20260821,FRIENDLYCLUB-DWIN-FG-00C5AL44KUSEV4O-REON012,08/21/26 01:35 PM EDT,$0.71,7
20260821,FRIENDLYCLUB-DWIN-FG-00C5AL4UKUSEU58-ALON055,08/21/26 01:35 PM EDT,$0.43,11
20260821,FRIENDLYCLUB-DWIN-FG-00C5AL44KUSEV4O-REON012,08/21/26 01:35 PM EDT,$0.71,10
20260821,MLB-MOVY-IT5-000696G0I4R92U8-MIRS000-GTE-P00005,08/21/26 01:36 PM EDT,$0.46,10
20260821,FRIENDLYCLUB-DWIN-FG-00C5AL44KUSEV4O-BADO003,08/21/26 01:36 PM EDT,$0.14,73
20260821,MLB-TRUNS-IT5-000696G0I4R92U8-GTE-P00025,08/21/26 01:36 PM EDT,$0.54,20
20260821,MLB-TRUNS-I1-000FP41SI54B2VO-GTE-P00005,08/21/26 01:36 PM EDT,$0.43,20
20260821,MLB-MOVY-IT5-000FPUUVI541HNG-CLNS000-GTE-P00005,08/21/26 01:36 PM EDT,$0.51,2
20260821,FRIENDLYCLUB-DWIN-FG-00C5AL4UKUSEU58-ALON055,08/21/26 01:36 PM EDT,$0.44,10
20260821,MLB-WIN-IT5-000696G0I4R92U8-ATES000,08/21/26 01:36 PM EDT,$0.43,111
20260821,MLB-WIN-IT5-000696G0I4R92U8-ATES000,08/21/26 01:36 PM EDT,$0.42,111
20260821,LIGAMX-TGLS-FG-01O38BN3VVTN6IO-GTE-P00005,08/21/26 01:36 PM EDT,$0.95,515
20260821,MLB-MOVY-IT5-000696G0I4R92U8-MIRS000-GTE-P00005,08/21/26 01:36 PM EDT,$0.44,10
20260821,NASCAR-WIN-RCE-00GM207BRJKDADF52I8U9EU806L4S6GO02U0KQ6FHUPMKC809CVJL96JPKH0-RYEY002,08/21/26 01:36 PM EDT,$0.20,27
20260821,FRIENDLYCLUB-DWIN-FG-00C5AL44KUSEV4O-REON012,08/21/26 01:36 PM EDT,$0.71,15
20260821,MLB-TRUNS-IT5-000696G0I4R92U8-GTE-P00025,08/21/26 01:37 PM EDT,$0.54,20
20260821,FRIENDLYCLUB-DWIN-FG-00C5AL4UKUSEU58-UBSE001,08/21/26 01:37 PM EDT,$0.28,3
20260821,FRIENDLYCLUB-DWIN-FG-00C5AL44KUSEV4O-REON012,08/21/26 01:37 PM EDT,$0.71,19
20260821,FRIENDLYCLUB-DWIN-FG-02HPNB1DOL9R2KG-CDGO002,08/21/26 01:37 PM EDT,$0.47,2
20260821,LIGAMX-TGLS-FG-00CBOUVGKS1OM6O-GTE-P00005,08/21/26 01:37 PM EDT,$0.96,460
20260821,LIGAMX-TGLS-FG-00CBOUVGKS1OM6O-GTE-P00005,08/21/26 01:37 PM EDT,$0.96,50
20260821,MLB-TRUNS-I1-000696G0I4R92U8-GTE-P00005,08/21/26 01:37 PM EDT,$0.33,7
20260821,FRIENDLYCLUB-DWIN-FG-00C5AL4UKUSEU58-ALON055,08/21/26 01:38 PM EDT,$0.45,21
20260821,FRIENDLYCLUB-DWIN-FG-00C5AL44KUSEV4O-REON012,08/21/26 01:39 PM EDT,$0.72,13
20260821,FRIENDLYCLUB-DWIN-FG-03VMT3JF4QT3G6G-ATES005,08/21/26 01:39 PM EDT,$0.44,218
20260821,FRIENDLYCLUB-DWIN-FG-00C5AL44KUSEV4O-REON012,08/21/26 01:39 PM EDT,$0.64,13
20260821,MLB-MOVY-IT5-000696G0I4R92U8-MIRS000-GTE-P00005,08/21/26 01:41 PM EDT,$0.46,31
20260821,FRIENDLYCLUB-DWIN-FG-00C5AL44KUSEV4O-BADO003,08/21/26 01:41 PM EDT,$0.05,73
20260821,MLB-PHRR-FG-000FPR2RI545P9G-LUEZ000-GTE-P00025,08/21/26 01:42 PM EDT,$0.42,34
20260821,MLB-MOVY-IT5-000FPR2RI545P9G-PHES000-GTE-P00015,08/21/26 01:42 PM EDT,$0.42,16
20260821,FRIENDLYCLUB-DWIN-FG-00C5AL44KUSEV4O-REON012,08/21/26 01:43 PM EDT,$0.72,13
20260821,MLB-TRUNS-IT5-000FPR2RI545P9G-GTE-P00045,08/21/26 01:43 PM EDT,$0.46,17
20260821,NWSL-DWIN-FG-000FPQ0FI544HD8-UTSW003,08/21/26 01:43 PM EDT,$0.26,3
20260821,MLB-WIN-IT5-000FPUUOI541HG8-ARKS000,08/21/26 01:44 PM EDT,$0.56,2
20260821,MLB-TRUNS-I1-000696G0I4R92U8-GTE-P00005,08/21/26 01:44 PM EDT,$0.41,7
20260821,FRIENDLYCLUB-DWIN-FG-00C5AL4UKUSEU58-UBSE001,08/21/26 01:44 PM EDT,$0.21,21
20260821,MLB-MOVY-IT5-00069L89I4RE7OO-NYES000-GTE-P00005,08/21/26 01:45 PM EDT,$0.57,44
20260821,FRIENDLYCLUB-DWIN-FG-00C5AL4UKUSEU58-ALON055,08/21/26 01:45 PM EDT,$0.49,118
20260821,FRIENDLYCLUB-DWIN-FG-03VMT3JF4QT3G6G-DRAW,08/21/26 01:46 PM EDT,$0.31,15
20260821,FRIENDLYCLUB-DWIN-FG-00C5AL4UKUSEU58-UBSE001,08/21/26 01:46 PM EDT,$0.20,22
20260821,LPA-MOVY-FG-0004DCD3I4MII78-CAVI001-GTE-P00015,08/21/26 01:47 PM EDT,$0.11,11
20260821,FRIENDLYCLUB-DWIN-FG-03VMT3JF4QT3G6G-DRAW,08/21/26 01:47 PM EDT,$0.23,15
20260821,MLB-WIN-IT5-000696G0I4R92U8-ATES000,08/21/26 01:48 PM EDT,$0.43,22
20260821,MLB-TRUNS-IT5-000696G0I4R92U8-GTE-P00025,08/21/26 01:48 PM EDT,$0.55,42
20260821,MLB-WIN-IT5-000696G0I4R92U8-ATES000,08/21/26 01:48 PM EDT,$0.42,22
20260821,MLB-TRUNS-I1-000696G0I4R92U8-GTE-P00005,08/21/26 01:48 PM EDT,$0.41,11
20260821,MLB-TRUNS-I1-000696G0I4R92U8-GTE-P00005,08/21/26 01:50 PM EDT,$0.41,11
20260821,BSA-TGLS-FG-01O3841KVVTH05G-GTE-P00055,08/21/26 01:51 PM EDT,$0.05,10
20260821,MLB-MOVY-IT5-000FP404I54B3T0-SERS000-GTE-P00005,08/21/26 01:51 PM EDT,$0.43,10
20260821,MLB-TRUNS-IT5-000FP41SI54B2VO-GTE-P00045,08/21/26 01:51 PM EDT,$0.46,10
20260821,MLB-WIN-IT5-000FPR4TI545OUG-BOOX000,08/21/26 01:51 PM EDT,$0.58,10
20260821,FRIENDLYCLUB-DWIN-FG-00C5AL4UKUSEU58-ALON055,08/21/26 01:52 PM EDT,$0.47,306
20260821,LPA-TGLS-FG-0004DCD3I4MII78-GTE-P00025,08/21/26 01:52 PM EDT,$0.57,8
20260821,LPA-BTMSC-FG-0004DCD3I4MII78-BINARY,08/21/26 01:52 PM EDT,$0.62,125
20260821,LPA-TGLS-FG-0004DCD3I4MII78-GTE-P00025,08/21/26 01:53 PM EDT,$0.56,106
20260821,FRIENDLYCLUB-DWIN-FG-00C5AL44KUSEV4O-DRAW,08/21/26 01:53 PM EDT,$0.26,21
20260821,MLB-PHRR-FG-000FP41SI54B2VO-SHNI001-GTE-P00015,08/21/26 01:53 PM EDT,$0.61,15
20260821,LPA-TGLS-FG-0004DCD3I4MII78-GTE-P00025,08/21/26 01:53 PM EDT,$0.56,30
20260821,LPA-TGLS-FG-0004DCD3I4MII78-GTE-P00025,08/21/26 01:54 PM EDT,$0.74,19
20260821,FRIENDLYCLUB-BTMSC-FG-00C5AL44KUSEV4O-BINARY,08/21/26 01:54 PM EDT,$0.46,104
20260821,NWSL-DWIN-FG-000FPQ0FI544HD8-UTSW003,08/21/26 01:54 PM EDT,$0.26,35
20260821,LIGAMX-TGLS-FG-01O38BN3VVTN6IO-GTE-P00005,08/21/26 01:55 PM EDT,$0.95,10
20260821,FRIENDLYCLUB-DWIN-FG-03VMT3JF4QT3G6G-REII011,08/21/26 01:55 PM EDT,$0.36,52
20260821,LPA-TGLS-FG-0004DCD3I4MII78-GTE-P00045,08/21/26 01:55 PM EDT,$0.09,21
20260821,NASCAR-WIN-RCE-00GM207BRJKDADF52I8U9EU806L4S6GO02U0KQ6FHUPMKC809CVJL96JPKH0-RYEY002,08/21/26 01:56 PM EDT,$0.20,9
20260821,MLB-TRUNS-IT5-000696G0I4R92U8-GTE-P00025,08/21/26 01:56 PM EDT,$0.55,96
20260821,NASCAR-WIN-RCE-00GM207BRJKDADF52I8U9EU806L4S6GO02U0KQ6FHUPMKC809CVJL96JPKH0-CHLL010,08/21/26 01:56 PM EDT,$0.15,12
20260821,LPA-TGLS-FG-0004DCD3I4MII78-GTE-P00045,08/21/26 01:56 PM EDT,$0.09,26
20260821,NASCAR-WIN-RCE-00GM207BRJKDADF52I8U9EU806L4S6GO02U0KQ6FHUPMKC809CVJL96JPKH0-CHLL010,08/21/26 01:56 PM EDT,$0.15,31
20260821,NASCAR-WIN-RCE-00GM207BRJKDADF52I8U9EU806L4S6GO02U0KQ6FHUPMKC809CVJL96JPKH0-JONO006,08/21/26 01:57 PM EDT,$0.14,13
20260821,MLB-TRUNS-IT5-000696G0I4R92U8-GTE-P00025,08/21/26 01:57 PM EDT,$0.55,19
20260821,NASCAR-WIN-RCE-00GM207BRJKDADF52I8U9EU806L4S6GO02U0KQ6FHUPMKC809CVJL96JPKH0-DEIN002,08/21/26 01:57 PM EDT,$0.13,14
20260821,NASCAR-WIN-RCE-00GM207BRJKDADF52I8U9EU806L4S6GO02U0KQ6FHUPMKC809CVJL96JPKH0-KYON007,08/21/26 01:57 PM EDT,$0.07,32
20260821,LPA-TGLS-FG-0004DCD3I4MII78-GTE-P00025,08/21/26 01:58 PM EDT,$0.50,58
20260821,LPA-TGLS-FG-0004DCD3I4MII78-GTE-P00035,08/21/26 01:59 PM EDT,$0.23,13
20260821,LPA-TGLS-FG-0004DIUEI4MQMQO-GTE-P00015,08/21/26 01:59 PM EDT,$0.52,20
20260821,MLB-TRUNS-IT5-000696G0I4R92U8-GTE-P00025,08/21/26 01:59 PM EDT,$0.55,8
20260821,LPA-TGLS-FG-0004DIUEI4MQMQO-GTE-P00015,08/21/26 01:59 PM EDT,$0.54,20
20260821,MLB-TRUNS-IT5-000696G0I4R92U8-GTE-P00025,08/21/26 02:00 PM EDT,$0.54,31
20260821,LIGAMX-BTMSC-FG-01O38BN3VVTN6IO-BINARY,08/21/26 02:00 PM EDT,$0.61,15
20260821,LPA-TGLS-FG-0004DCD3I4MII78-GTE-P00025,08/21/26 02:01 PM EDT,$0.48,1396
20260821,MLB-WIN-IT5-000696G0I4R92U8-ATES000,08/21/26 02:01 PM EDT,$0.43,55
20260821,LIGAMX-BTMSC-FG-00CBOUVGKS1OM6O-BINARY,08/21/26 02:01 PM EDT,$0.52,18
20260821,LPA-MOVY-FG-0004DIOSI4MQNFO-ATAN003-GTE-P00005,08/21/26 02:01 PM EDT,$0.33,14
20260821,MLB-WIN-IT5-000696G0I4R92U8-MIRS000,08/21/26 02:01 PM EDT,$0.56,43
20260821,LPA-TGLS-FG-0004DCD3I4MII78-GTE-P00025,08/21/26 02:02 PM EDT,$0.47,49
20260821,LPA-MOVY-FG-0004DIOSI4MQNFO-ATAN003-GTE-P00005,08/21/26 02:02 PM EDT,$0.34,14
20260821,MLB-TRUNS-IT5-000FP271I543D0G-GTE-P00045,08/21/26 02:02 PM EDT,$0.45,70
20260821,LPA-TGLS-FG-0004DCD3I4MII78-GTE-P00025,08/21/26 02:03 PM EDT,$0.52,277
20260821,LPA-TGLS-FG-0004DCD3I4MII78-GTE-P00015,08/21/26 02:03 PM EDT,$0.83,175
20260821,MLS-TGLS-FG-000A3TA0I7881TO-GTE-P00005,08/21/26 02:04 PM EDT,$0.98,10
20260821,MLB-TRUNS-IT5-000696G0I4R92U8-GTE-P00025,08/21/26 02:04 PM EDT,$0.54,1
20260821,MLS-TGLS-FG-000A3TA0I7881TO-GTE-P00005,08/21/26 02:04 PM EDT,$0.97,10
20260821,MLB-WIN-IT5-000FP242I543CMO-ATCS000,08/21/26 02:05 PM EDT,$0.41,7
20260821,LPA-MOVY-FG-0004DCD3I4MII78-UNFE001-GTE-P00005,08/21/26 02:05 PM EDT,$0.11,11
20260821,LPA-MOVY-FG-0004DCD3I4MII78-UNFE001-GTE-P00005,08/21/26 02:06 PM EDT,$0.13,11
20260821,MLB-WIN-IT5-000696G0I4R92U8-MIRS000,08/21/26 02:06 PM EDT,$0.56,215
20260821,MLB-MOVY-IT5-000696G0I4R92U8-MIRS000-GTE-P00005,08/21/26 02:07 PM EDT,$0.46,175
20260821,MLS-MOVY-FG-000A3TFHI7881R8-CHFC023-GTE-P00005,08/21/26 02:07 PM EDT,$0.52,20
20260821,LPA-TGLS-FG-0004DCD3I4MII78-GTE-P00035,08/21/26 02:07 PM EDT,$0.17,95
20260821,LPA-BTMSC-FG-0004DCD3I4MII78-BINARY,08/21/26 02:08 PM EDT,$0.45,19
20260821,LPA-BTMSC-FG-0004DCD3I4MII78-BINARY,08/21/26 02:08 PM EDT,$0.45,1
20260821,MLB-TRUNS-IT5-000696G0I4R92U8-GTE-P00025,08/21/26 02:08 PM EDT,$0.54,17
20260821,MLB-TRUNS-IT5-000696G0I4R92U8-GTE-P00025,08/21/26 02:09 PM EDT,$0.54,26
20260821,LPA-TGLS-FG-0004DCD3I4MII78-GTE-P00035,08/21/26 02:10 PM EDT,$0.19,9
20260821,LPA-BTMSC-FG-0004DCD3I4MII78-BINARY,08/21/26 02:10 PM EDT,$0.60,49
20260821,LPA-TGLS-FG-0004DCD3I4MII78-GTE-P00025,08/21/26 02:10 PM EDT,$0.40,80
20260821,LPA-TGLS-FG-0004DCD3I4MII78-GTE-P00025,08/21/26 02:10 PM EDT,$0.36,303
20260821,NASCAR-WIN-RCE-00GM207BRJKDADF52I8U9EU806L4S6GO02U0KQ6FHUPMKC809CVJL96JPKH0-CHLL010,08/21/26 02:11 PM EDT,$0.15,62
20260821,MLS-BTMSC-FG-000A2Q7RI785OQ0-BINARY,08/21/26 02:11 PM EDT,$0.64,16
20260821,LPA-TGLS-FG-0004DCD3I4MII78-GTE-P00035,08/21/26 02:12 PM EDT,$0.13,11
20260821,MLB-MOVY-IT5-000696G0I4R92U8-MIRS000-GTE-P00005,08/21/26 02:14 PM EDT,$0.46,31
20260821,LPA-TGLS-FG-0004DCD3I4MII78-GTE-P00025,08/21/26 02:14 PM EDT,$0.35,7
20260821,MLB-WIN-IT5-000696G0I4R92U8-MIRS000,08/21/26 02:15 PM EDT,$0.56,17
20260821,LPA-TGLS-FG-0004DCD3I4MII78-GTE-P00035,08/21/26 02:15 PM EDT,$0.12,12
20260821,MLS-TGLS-FG-000A3TA0I7881TO-GTE-P00005,08/21/26 02:15 PM EDT,$0.98,11
20260821,LPA-TGLS-FG-0004DCD3I4MII78-GTE-P00035,08/21/26 02:15 PM EDT,$0.16,12
20260821,LPA-TGLS-FG-0004DCD3I4MII78-GTE-P00035,08/21/26 02:15 PM EDT,$0.12,1
20260821,LPA-TGLS-FG-0004DCD3I4MII78-GTE-P00015,08/21/26 02:15 PM EDT,$0.76,12
20260821,MLB-MOVY-IT5-000696G0I4R92U8-MIRS000-GTE-P00005,08/21/26 02:16 PM EDT,$0.46,22
20260821,MLB-MOVY-IT5-000696G0I4R92U8-MIRS000-GTE-P00005,08/21/26 02:16 PM EDT,$0.46,22
20260821,MLB-MOVY-IT5-000696G0I4R92U8-MIRS000-GTE-P00005,08/21/26 02:16 PM EDT,$0.47,32
20260821,LPA-TGLS-FG-0004DCD3I4MII78-GTE-P00025,08/21/26 02:18 PM EDT,$0.37,90
20260821,MLB-WIN-IT5-000FP271I543D0G-DERS000,08/21/26 02:18 PM EDT,$0.52,28
20260821,LPA-MOVY-FG-0004DCD3I4MII78-UNFE001-GTE-P00005,08/21/26 02:18 PM EDT,$0.09,10
20260821,LPA-TGLS-FG-0004DCD3I4MII78-GTE-P00035,08/21/26 02:18 PM EDT,$0.15,250
20260821,LPA-TGLS-FG-0004DCD3I4MII78-GTE-P00025,08/21/26 02:18 PM EDT,$0.32,28
20260821,LPA-TGLS-FG-0004DCD3I4MII78-GTE-P00025,08/21/26 02:18 PM EDT,$0.32,23
20260821,LPA-BTMSC-FG-0004DCD3I4MII78-BINARY,08/21/26 02:19 PM EDT,$0.39,51
20260821,LPA-BTMSC-FG-0004DCD3I4MII78-BINARY,08/21/26 02:20 PM EDT,$0.53,45
20260821,LPA-TGLS-FG-0004DCD3I4MII78-GTE-P00035,08/21/26 02:20 PM EDT,$0.10,10
20260821,LPA-TGLS-FG-0004DCD3I4MII78-GTE-P00025,08/21/26 02:20 PM EDT,$0.37,64
20260821,LPA-TGLS-FG-0004DCD3I4MII78-GTE-P00025,08/21/26 02:20 PM EDT,$0.37,12
20260821,MLB-WIN-IT5-000FP271I543D0G-DERS000,08/21/26 02:21 PM EDT,$0.51,103
20260821,MLB-WIN-IT5-000FPQ64I544HVO-BAES000,08/21/26 02:21 PM EDT,$0.56,18
20260821,MLS-TGLS-FG-000A3TA0I7881TO-GTE-P00005,08/21/26 02:21 PM EDT,$0.98,5
20260821,MLS-TGLS-FG-000A3TA0I7881TO-GTE-P00005,08/21/26 02:21 PM EDT,$0.97,5
20260821,LPA-TGLS-FG-0004DCD3I4MII78-GTE-P00025,08/21/26 02:23 PM EDT,$0.31,283
20260821,LPA-BTMSC-FG-0004DCD3I4MII78-BINARY,08/21/26 02:23 PM EDT,$0.51,3
20260821,LPA-TGLS-FG-0004DCD3I4MII78-GTE-P00025,08/21/26 02:23 PM EDT,$0.31,470
20260821,MLB-TRUNS-IT5-000696G0I4R92U8-GTE-P00025,08/21/26 02:24 PM EDT,$0.53,102
20260821,LPA-TGLS-FG-0004DIUEI4MQMQO-GTE-P00015,08/21/26 02:24 PM EDT,$0.52,18
20260821,LPA-TGLS-FG-0004DIUEI4MQMQO-GTE-P00015,08/21/26 02:24 PM EDT,$0.54,18
20260821,MLB-TRUNS-IT5-000696G0I4R92U8-GTE-P00025,08/21/26 02:24 PM EDT,$0.53,13
20260821,LPA-TGLS-FG-0004DCD3I4MII78-GTE-P00025,08/21/26 02:25 PM EDT,$0.30,195
20260821,MLB-WIN-IT5-000696G0I4R92U8-ATES000,08/21/26 02:25 PM EDT,$0.43,222
20260821,MLS-TGLS-FG-000A3TA0I7881TO-GTE-P00005,08/21/26 02:25 PM EDT,$0.98,11
20260821,LPA-MOVY-FG-0004DCD3I4MII78-UNFE001-GTE-P00005,08/21/26 02:25 PM EDT,$0.09,11
20260821,MLB-TRUNS-IT5-000696G0I4R92U8-GTE-P00025,08/21/26 02:25 PM EDT,$0.53,2
20260821,NASCAR-WIN-RCE-00GM207BRJKDADF52I8U9EU806L4S6GO02U0KQ6FHUPMKC809CVJL96JPKH0-CHTT005,08/21/26 02:26 PM EDT,$0.04,60
20260821,MLB-MOVY-IT5-000696G0I4R92U8-MIRS000-GTE-P00005,08/21/26 02:26 PM EDT,$0.47,59
20260821,NASCAR-WIN-RCE-00GM207BRJKDADF52I8U9EU806L4S6GO02U0KQ6FHUPMKC809CVJL96JPKH0-CHLL010,08/21/26 02:26 PM EDT,$0.15,12
20260821,NASCAR-WIN-RCE-00GM207BRJKDADF52I8U9EU806L4S6GO02U0KQ6FHUPMKC809CVJL96JPKH0-CAAR002,08/21/26 02:26 PM EDT,$0.05,33
20260821,NASCAR-WIN-RCE-00GM207BRJKDADF52I8U9EU806L4S6GO02U0KQ6FHUPMKC809CVJL96JPKH0-COCH002,08/21/26 02:27 PM EDT,$0.01,100
20260821,MLB-TRUNS-IT5-000696G0I4R92U8-GTE-P00025,08/21/26 02:28 PM EDT,$0.53,20
20260821,MLS-TGLS-FG-000A3TA0I7881TO-GTE-P00005,08/21/26 02:28 PM EDT,$0.98,11
20260821,MLB-WIN-IT5-000FP271I543D0G-DERS000,08/21/26 02:29 PM EDT,$0.51,1886
20260821,LPA-BTMSC-FG-0004DCD3I4MII78-BINARY,08/21/26 02:31 PM EDT,$0.48,46
20260821,LIGAMX-BTMSC-FG-00CA1V63KSKBE28-BINARY,08/21/26 02:33 PM EDT,$0.62,11
20260821,MLB-TRUNS-IT5-000FP41SI54B2VO-GTE-P00045,08/21/26 02:34 PM EDT,$0.46,21
20260821,MLB-TRUNS-IT5-000696G0I4R92U8-GTE-P00025,08/21/26 02:35 PM EDT,$0.53,40
20260821,LPA-MOVY-FG-0004DCD3I4MII78-CAVI001-GTE-P00005,08/21/26 02:35 PM EDT,$0.66,15
20260821,MLS-TGLS-FG-000A3TA0I7881TO-GTE-P00005,08/21/26 02:35 PM EDT,$0.98,10
20260821,LPA-TGLS-FG-0004DCD3I4MII78-GTE-P00035,08/21/26 02:36 PM EDT,$0.08,48
20260821,NASCAR-WIN-RCE-00GM207BRJKDADF52I8U9EU806L4S6GO02U0KQ6FHUPMKC809CVJL96JPKH0-JORY006,08/21/26 02:36 PM EDT,$0.06,57
20260821,LPA-TGLS-FG-0004DCD3I4MII78-GTE-P00025,08/21/26 02:36 PM EDT,$0.36,54
20260821,LPA-TGLS-FG-0004DCD3I4MII78-GTE-P00025,08/21/26 02:36 PM EDT,$0.36,68
20260821,NASCAR-WIN-RCE-00GM207BRJKDADF52I8U9EU806L4S6GO02U0KQ6FHUPMKC809CVJL96JPKH0-CHTT005,08/21/26 02:36 PM EDT,$0.04,60
20260821,NASCAR-WIN-RCE-00GM207BRJKDADF52I8U9EU806L4S6GO02U0KQ6FHUPMKC809CVJL96JPKH0-TYCK003,08/21/26 02:36 PM EDT,$0.04,60
20260821,NASCAR-WIN-RCE-00GM207BRJKDADF52I8U9EU806L4S6GO02U0KQ6FHUPMKC809CVJL96JPKH0-WION012,08/21/26 02:36 PM EDT,$0.04,60
20260821,NASCAR-WIN-RCE-00GM207BRJKDADF52I8U9EU806L4S6GO02U0KQ6FHUPMKC809CVJL96JPKH0-BUCE001,08/21/26 02:36 PM EDT,$0.03,75
20260821,MLB-TRUNS-IT5-000FP271I543D0G-GTE-P00045,08/21/26 02:36 PM EDT,$0.45,17
20260821,LPA-BTMSC-FG-0004DCD3I4MII78-BINARY,08/21/26 02:36 PM EDT,$0.53,53
20260821,MLB-MOVY-IT5-000FPR4TI545OUG-BOOX000-GTE-P00005,08/21/26 02:37 PM EDT,$0.51,9
20260821,MLB-TRUNS-IT5-000696G0I4R92U8-GTE-P00025,08/21/26 02:38 PM EDT,$0.53,204
20260821,MLB-MOVY-IT5-000FPR2RI545P9G-PHES000-GTE-P00015,08/21/26 02:39 PM EDT,$0.43,88
20260821,LPA-TGLS-FG-0004DCD3I4MII78-GTE-P00015,08/21/26 02:39 PM EDT,$0.66,5
20260821,LPA-TGLS-FG-0004DCD3I4MII78-GTE-P00035,08/21/26 02:39 PM EDT,$0.07,328
20260821,MLB-TRUNS-IT5-000696G0I4R92U8-GTE-P00025,08/21/26 02:39 PM EDT,$0.53,2
20260821,NWSL-DWIN-FG-000FPQ0FI544HD8-UTSW003,08/21/26 02:41 PM EDT,$0.26,17
20260821,LPA-TGLS-FG-0004DCD3I4MII78-GTE-P00025,08/21/26 02:42 PM EDT,$0.65,14
20260821,MLB-WIN-IT5-000696G0I4R92U8-MIRS000,08/21/26 02:42 PM EDT,$0.57,22
20260821,MLB-WIN-IT5-000696G0I4R92U8-ATES000,08/21/26 02:43 PM EDT,$0.44,217
20260821,LPA-TGLS-FG-0004DCD3I4MII78-GTE-P00045,08/21/26 02:43 PM EDT,$0.04,10
20260821,LPA-TGLS-FG-0004DCD3I4MII78-GTE-P00045,08/21/26 02:44 PM EDT,$0.08,277
20260821,MLB-TRUNS-I4-000696G0I4R92U8-GTE-P00005,08/21/26 02:45 PM EDT,$0.32,15
20260821,LPA-TGLS-FG-0004DCD3I4MII78-GTE-P00025,08/21/26 02:45 PM EDT,$0.63,470
20260821,MLB-TRUNS-IT5-000696G0I4R92U8-GTE-P00025,08/21/26 02:46 PM EDT,$0.53,79
20260821,LPA-TGLS-FG-0004DCD3I4MII78-GTE-P00025,08/21/26 02:46 PM EDT,$0.63,273
20260821,FRIENDLYCLUB-DWIN-FG-02HPNB1DOL9R2KG-CDGO002,08/21/26 02:46 PM EDT,$0.99,545
20260821,LPA-BTMSC-FG-0004DCD3I4MII78-BINARY,08/21/26 02:47 PM EDT,$0.99,53
20260821,FRIENDLYCLUB-BTMSC-FG-00C5AL44KUSEV4O-BINARY,08/21/26 02:47 PM EDT,$0.05,10
20260821,MLB-PHRR-FG-000FP462I54B208-FEJR000-GTE-P00015,08/21/26 02:47 PM EDT,$0.58,16
20260821,MLB-TRUNS-I1-000696G0I4R92U8-GTE-P00005,08/21/26 02:48 PM EDT,$0.34,14
20260821,MLB-WIN-IT5-000696G0I4R92U8-MIRS000,08/21/26 02:48 PM EDT,$0.56,17
20260821,LIGAMX-TGLS-FG-014F36C2L88MDH0-GTE-P00025,08/21/26 02:49 PM EDT,$0.55,15
20260821,MLB-TRUNS-IT5-000696G0I4R92U8-GTE-P00025,08/21/26 02:49 PM EDT,$0.54,44
20260821,LPA-TGLS-FG-0004DCD3I4MII78-GTE-P00025,08/21/26 02:49 PM EDT,$0.55,110
20260821,MLB-MOVY-IT5-000696G0I4R92U8-MIRS000-GTE-P00005,08/21/26 02:49 PM EDT,$0.46,625
20260821,LPA-TGLS-FG-0004DCD3I4MII78-GTE-P00035,08/21/26 02:49 PM EDT,$0.23,800
20260821,LPA-TGLS-FG-0004DIUEI4MQMQO-GTE-P00015,08/21/26 02:49 PM EDT,$0.54,8
20260821,LPA-TGLS-FG-0004DCD3I4MII78-GTE-P00035,08/21/26 02:50 PM EDT,$0.22,1
20260821,MLB-TRUNS-I1-000696G0I4R92U8-GTE-P00005,08/21/26 02:50 PM EDT,$0.34,73
20260821,LPA-TGLS-FG-0004DCD3I4MII78-GTE-P00025,08/21/26 02:51 PM EDT,$0.94,58
20260821,FRIENDLYCLUB-DWIN-FG-03VUMOA74O922DG-RAOL002,08/21/26 02:51 PM EDT,$0.49,12
20260821,FRIENDLYCLUB-BTMSC-FG-03VMT3JF4QT3G6G-BINARY,08/21/26 02:52 PM EDT,$0.54,8
20260821,LPA-TGLS-FG-0004DCD3I4MII78-GTE-P00035,08/21/26 02:52 PM EDT,$0.56,70
20260821,LPA-TGLS-FG-0004DCD3I4MII78-GTE-P00035,08/21/26 02:52 PM EDT,$0.62,256
20260821,NASCAR-WIN-RCE-00GM207BRJKDADF52I8U9EU806L4S6GO02U0KQ6FHUPMKC809CVJL96JPKH0-DEIN002,08/21/26 02:52 PM EDT,$0.13,142
20260821,LPA-TGLS-FG-0004DCD3I4MII78-GTE-P00025,08/21/26 02:52 PM EDT,$0.96,54
20260821,NASCAR-WIN-RCE-00GM207BRJKDADF52I8U9EU806L4S6GO02U0KQ6FHUPMKC809CVJL96JPKH0-JONO006,08/21/26 02:52 PM EDT,$0.14,133
20260821,NASCAR-WIN-RCE-00GM207BRJKDADF52I8U9EU806L4S6GO02U0KQ6FHUPMKC809CVJL96JPKH0-RYEY002,08/21/26 02:52 PM EDT,$0.20,172
20260821,LPA-TGLS-FG-0004DCD3I4MII78-GTE-P00035,08/21/26 02:53 PM EDT,$0.59,10
20260821,NASCAR-WIN-RCE-00GM207BRJKDADF52I8U9EU806L4S6GO02U0KQ6FHUPMKC809CVJL96JPKH0-KYON007,08/21/26 02:53 PM EDT,$0.07,250
20260821,LPA-TGLS-FG-0004DCD3I4MII78-GTE-P00035,08/21/26 02:53 PM EDT,$0.59,84
20260821,NASCAR-WIN-RCE-00GM207BRJKDADF52I8U9EU806L4S6GO02U0KQ6FHUPMKC809CVJL96JPKH0-CHLL010,08/21/26 02:53 PM EDT,$0.15,125
20260821,LPA-TGLS-FG-0004DCD3I4MII78-GTE-P00035,08/21/26 02:53 PM EDT,$0.58,56
20260821,NASCAR-WIN-RCE-00GM207BRJKDADF52I8U9EU806L4S6GO02U0KQ6FHUPMKC809CVJL96JPKH0-TYCK003,08/21/26 02:53 PM EDT,$0.04,400
20260821,LPA-TGLS-FG-0004DCD3I4MII78-GTE-P00045,08/21/26 02:53 PM EDT,$0.44,93
20260821,NASCAR-WIN-RCE-00GM207BRJKDADF52I8U9EU806L4S6GO02U0KQ6FHUPMKC809CVJL96JPKH0-DEIN002,08/21/26 02:53 PM EDT,$0.13,142
20260821,NASCAR-WIN-RCE-00GM207BRJKDADF52I8U9EU806L4S6GO02U0KQ6FHUPMKC809CVJL96JPKH0-RYEY002,08/21/26 02:54 PM EDT,$0.20,106
20260821,LPA-TGLS-FG-0004DCD3I4MII78-GTE-P00045,08/21/26 02:54 PM EDT,$0.69,93
20260821,MLB-TRUNS-I2-000696G0I4R92U8-GTE-P00005,08/21/26 02:54 PM EDT,$0.30,13
20260821,LPA-TGLS-FG-0004DCD3I4MII78-GTE-P00045,08/21/26 02:54 PM EDT,$0.60,317
20260821,MLB-TRUNS-IT5-000696G0I4R92U8-GTE-P00025,08/21/26 02:55 PM EDT,$0.53,142
20260821,MLB-PHRR-FG-000FPR4TI545OUG-RARS000-GTE-P00015,08/21/26 02:55 PM EDT,$0.48,6
20260821,LPA-TGLS-FG-0004DCD3I4MII78-GTE-P00045,08/21/26 02:55 PM EDT,$0.54,341
20260821,LPA-TGLS-FG-0004DCD3I4MII78-GTE-P00045,08/21/26 02:55 PM EDT,$0.58,833
20260821,LPA-TGLS-FG-0004DCD3I4MII78-GTE-P00055,08/21/26 02:55 PM EDT,$0.20,681
20260821,LPA-TGLS-FG-0004DCD3I4MII78-GTE-P00055,08/21/26 02:56 PM EDT,$0.22,66
20260821,LPA-TGLS-FG-0004DCD3I4MII78-GTE-P00045,08/21/26 02:57 PM EDT,$0.57,92
20260821,MLB-PHRR-FG-000FP404I54B3T0-PENG000-GTE-P00025,08/21/26 02:57 PM EDT,$0.41,34
20260821,LPA-TGLS-FG-0004DCD3I4MII78-GTE-P00045,08/21/26 02:57 PM EDT,$0.57,169
20260821,LPA-TGLS-FG-0004DCD3I4MII78-GTE-P00045,08/21/26 02:57 PM EDT,$0.54,17
20260821,MLB-PHRR-FG-000FP462I54B208-FEJR000-GTE-P00015,08/21/26 02:57 PM EDT,$0.58,4
20260821,LPA-TGLS-FG-0004DCD3I4MII78-GTE-P00055,08/21/26 02:58 PM EDT,$0.20,200
20260821,LPA-TGLS-FG-0004DCD3I4MII78-GTE-P00045,08/21/26 02:58 PM EDT,$0.56,379
20260821,MLB-PHRR-FG-000FP41SI54B2VO-SHNI001-GTE-P00025,08/21/26 02:58 PM EDT,$0.46,31
20260821,MLB-WIN-IT5-000696G0I4R92U8-ATES000,08/21/26 02:58 PM EDT,$0.44,21
20260821,MLB-WIN-IT5-000696G0I4R92U8-ATES000,08/21/26 02:58 PM EDT,$0.44,55
20260821,LPA-TGLS-FG-0004DCD3I4MII78-GTE-P00045,08/21/26 02:58 PM EDT,$0.51,49
20260821,LPA-TGLS-FG-0004DCD3I4MII78-GTE-P00045,08/21/26 02:58 PM EDT,$0.51,203
20260821,LPA-TGLS-FG-0004DCD3I4MII78-GTE-P00025,08/21/26 02:59 PM EDT,$0.96,14
20260821,LPA-TGLS-FG-0004DCD3I4MII78-GTE-P00045,08/21/26 02:59 PM EDT,$0.55,341
20260821,LPA-TGLS-FG-0004DCD3I4MII78-GTE-P00055,08/21/26 02:59 PM EDT,$0.14,227
20260821,MLB-TRUNS-IT5-000696G0I4R92U8-GTE-P00025,08/21/26 02:59 PM EDT,$0.54,8
20260821,LPA-TGLS-FG-0004DCD3I4MII78-GTE-P00045,08/21/26 02:59 PM EDT,$0.51,288
20260821,MLB-WIN-IT5-000FP41SI54B2VO-LARS000,08/21/26 02:59 PM EDT,$0.69,14
20260821,LPA-TGLS-FG-0004DCD3I4MII78-GTE-P00045,08/21/26 02:59 PM EDT,$0.55,52
20260821,LPA-TGLS-FG-0004DCD3I4MII78-GTE-P00045,08/21/26 03:00 PM EDT,$0.84,11
20260821,LPA-MOVY-FG-0004DCD3I4MII78-UNFE001-GTE-P00005,08/21/26 03:00 PM EDT,$0.97,5
20260821,LIGAMX-MOVY-FG-014F36C2L88MDH0-CLCA001-GTE-P00015,08/21/26 03:00 PM EDT,$0.31,272
20260821,LPA-TGLS-FG-0004DCD3I4MII78-GTE-P00045,08/21/26 03:00 PM EDT,$0.74,263
20260821,MLB-PHRR-FG-000FPQ64I544HVO-JURO000-GTE-P00015,08/21/26 03:01 PM EDT,$0.54,8
20260821,MLB-TRUNS-I3-000696G0I4R92U8-GTE-P00005,08/21/26 03:01 PM EDT,$0.33,14
20260821,LPA-TGLS-FG-0004DCD3I4MII78-GTE-P00045,08/21/26 03:01 PM EDT,$0.52,90
20260821,LPA-TGLS-FG-0004DCD3I4MII78-GTE-P00045,08/21/26 03:02 PM EDT,$0.48,16
20260821,LPA-TGLS-FG-0004DCD3I4MII78-GTE-P00045,08/21/26 03:02 PM EDT,$0.48,371
20260821,LPA-TGLS-FG-0004DCD3I4MII78-GTE-P00045,08/21/26 03:04 PM EDT,$0.48,392
20260821,MLB-TRUNS-I3-000696G0I4R92U8-GTE-P00005,08/21/26 03:04 PM EDT,$0.41,14
20260821,MLB-TRUNS-IT5-000696G0I4R92U8-GTE-P00025,08/21/26 03:04 PM EDT,$0.54,175
20260821,FRIENDLYCLUB-DWIN-FG-03VUMOA74O922DG-RAOL002,08/21/26 03:04 PM EDT,$0.38,40
20260821,MLB-TRUNS-I5-000696G0I4R92U8-GTE-P00005,08/21/26 03:05 PM EDT,$0.39,24
20260821,MLB-TRUNS-I3-000696G0I4R92U8-GTE-P00005,08/21/26 03:05 PM EDT,$0.41,46
20260821,FRIENDLYCLUB-DWIN-FG-03VUMOA74O922DG-COXO001,08/21/26 03:05 PM EDT,$0.16,58
20260821,MLB-PHRR-FG-000696G0I4R92U8-ROJR000-GTE-P00025,08/21/26 03:05 PM EDT,$0.29,33
20260821,LPA-TGLS-FG-0004DCD3I4MII78-GTE-P00045,08/21/26 03:06 PM EDT,$0.46,6
20260821,MLB-MOVY-IT5-000696G0I4R92U8-MIRS000-GTE-P00005,08/21/26 03:07 PM EDT,$0.44,175
20260821,LPA-TGLS-FG-0004DCD3I4MII78-GTE-P00055,08/21/26 03:08 PM EDT,$0.07,33
20260821,LPA-TGLS-FG-0004DCD3I4MII78-GTE-P00045,08/21/26 03:08 PM EDT,$0.40,263
20260821,MLB-MOVY-IT5-000696G0I4R92U8-MIRS000-GTE-P00005,08/21/26 03:08 PM EDT,$0.46,52
20260821,MLB-TRUNS-IT5-000696G0I4R92U8-GTE-P00025,08/21/26 03:09 PM EDT,$0.53,20
20260821,MLB-PHRR-FG-000696G0I4R92U8-JAIO000-GTE-P00015,08/21/26 03:09 PM EDT,$0.49,12
20260821,LPA-TGLS-FG-0004DCD3I4MII78-GTE-P00045,08/21/26 03:09 PM EDT,$0.37,61
20260821,MLB-TRUNS-IT5-000696G0I4R92U8-GTE-P00025,08/21/26 03:09 PM EDT,$0.54,10
20260821,LPA-TGLS-FG-0004DCD3I4MII78-GTE-P00045,08/21/26 03:09 PM EDT,$0.40,10
20260821,LPA-BTMSC-FG-01O38418VVTH0GO-BINARY,08/21/26 03:10 PM EDT,$0.48,40
20260821,FRIENDLYCLUB-DWIN-FG-00C5B5U8KUS10SG-ATGA003,08/21/26 03:10 PM EDT,$0.08,122
20260821,LPA-TGLS-FG-0004DCD3I4MII78-GTE-P00045,08/21/26 03:10 PM EDT,$0.35,14
20260821,LPA-TGLS-FG-0004DCD3I4MII78-GTE-P00045,08/21/26 03:11 PM EDT,$0.34,1
20260821,MLB-TRUNS-IT5-000696G0I4R92U8-GTE-P00025,08/21/26 03:11 PM EDT,$0.53,511
20260821,LPA-TGLS-FG-0004DCD3I4MII78-GTE-P00045,08/21/26 03:12 PM EDT,$0.83,49
20260821,MLB-PHRR-FG-000FP462I54B208-FEJR000-GTE-P00015,08/21/26 03:13 PM EDT,$0.58,1
20260821,MLB-TRUNS-I1-000696G0I4R92U8-GTE-P00005,08/21/26 03:13 PM EDT,$0.34,73
20260821,MLB-TRUNS-IT5-000696G0I4R92U8-GTE-P00025,08/21/26 03:14 PM EDT,$0.53,20
20260821,MLB-WIN-IT5-000696G0I4R92U8-ATES000,08/21/26 03:14 PM EDT,$0.44,10
20260821,LPA-TGLS-FG-0004DCD3I4MII78-GTE-P00045,08/21/26 03:16 PM EDT,$0.28,288
20260821,MLB-TRUNS-I1-000696G0I4R92U8-GTE-P00005,08/21/26 03:16 PM EDT,$0.34,8
20260821,MLB-TRUNS-I1-000696G0I4R92U8-GTE-P00025,08/21/26 03:16 PM EDT,$0.03,51
20260821,LPA-TGLS-FG-0004DCD3I4MII78-GTE-P00045,08/21/26 03:17 PM EDT,$0.25,892
20260821,LPA-MOVY-FG-0004DCD3I4MII78-UNFE001-GTE-P00015,08/21/26 03:18 PM EDT,$0.91,107
20260821,MLB-MOVY-IT5-000FPR2RI545P9G-PHES000-GTE-P00015,08/21/26 03:19 PM EDT,$0.44,10
20260821,MLB-WIN-IT5-000696G0I4R92U8-ATES000,08/21/26 03:19 PM EDT,$0.44,21
20260821,MLB-TRUNS-IT5-000FP271I543D0G-GTE-P00045,08/21/26 03:20 PM EDT,$0.45,8
20260821,LPA-TGLS-FG-0004DCD3I4MII78-GTE-P00045,08/21/26 03:20 PM EDT,$0.19,50
20260821,MLB-PHRR-FG-000FPR2RI545P9G-KYER003-GTE-P00045,08/21/26 03:20 PM EDT,$0.24,80
20260821,MLB-WIN-IT5-000696G0I4R92U8-MIRS000,08/21/26 03:20 PM EDT,$0.57,169
20260821,LPA-TGLS-FG-0004DCD3I4MII78-GTE-P00045,08/21/26 03:20 PM EDT,$0.10,271
20260821,LPA-TGLS-FG-0004DCD3I4MII78-GTE-P00045,08/21/26 03:20 PM EDT,$0.18,49
20260821,MLB-PHRR-FG-000FPQ64I544HVO-RYDE000-GTE-P00015,08/21/26 03:22 PM EDT,$0.44,43
20260821,MLB-PHRR-FG-000FP22AI543DI8-BOTE000-GTE-P00005,08/21/26 03:22 PM EDT,$0.76,2
20260821,MLB-TRUNS-I1-000FP22AI543DI8-GTE-P00015,08/21/26 03:22 PM EDT,$0.19,3
20260821,MLB-TRUNS-I1-000FPR4TI545OUG-GTE-P00005,08/21/26 03:22 PM EDT,$0.38,6
20260821,LPA-TGLS-FG-0004DCD3I4MII78-GTE-P00045,08/21/26 03:22 PM EDT,$0.10,615
20260821,LPA-TGLS-FG-0004DCD3I4MII78-GTE-P00045,08/21/26 03:22 PM EDT,$0.07,526
20260821,MLB-WIN-IT5-000696G0I4R92U8-ATES000,08/21/26 03:23 PM EDT,$0.44,54
20260821,MLB-MOVY-IT5-000696G0I4R92U8-MIRS000-GTE-P00005,08/21/26 03:23 PM EDT,$0.44,43
20260821,MLB-MOVY-IT5-000696G0I4R92U8-MIRS000-GTE-P00005,08/21/26 03:23 PM EDT,$0.44,3
20260821,MLB-MOVY-IT5-000696G0I4R92U8-MIRS000-GTE-P00005,08/21/26 03:23 PM EDT,$0.44,43
20260821,MLB-WIN-IT5-000FP22AI543DI8-NYTS000,08/21/26 03:23 PM EDT,$0.44,54
20260821,MLB-WIN-IT5-000FP404I54B3T0-CHBS000,08/21/26 03:24 PM EDT,$0.49,49
20260821,MLB-TRUNS-IT5-000696G0I4R92U8-GTE-P00025,08/21/26 03:24 PM EDT,$0.54,226
20260821,MLB-TRUNS-IT5-000696G0I4R92U8-GTE-P00025,08/21/26 03:24 PM EDT,$0.53,204
20260821,LPA-TGLS-FG-0004DCD3I4MII78-GTE-P00045,08/21/26 03:24 PM EDT,$0.02,1
20260821,MLB-TRUNS-I1-000696G0I4R92U8-GTE-P00005,08/21/26 03:24 PM EDT,$0.34,42
20260821,MLB-TRUNS-I1-000696G0I4R92U8-GTE-P00005,08/21/26 03:25 PM EDT,$0.34,736
20260821,MLB-WIN-IT5-000FP20FI543DE8-LALS000,08/21/26 03:26 PM EDT,$0.45,53
20260821,MLB-WIN-IT5-000FP242I543CMO-ATCS000,08/21/26 03:26 PM EDT,$0.42,56
20260821,MLB-TRUNS-IT5-000FP271I543D0G-GTE-P00045,08/21/26 03:27 PM EDT,$0.45,17
20260821,MLB-MOVY-IT5-000FPUUOI541HG8-ARKS000-GTE-P00005,08/21/26 03:27 PM EDT,$0.49,9
20260821,MLB-TRUNS-I1-000696G0I4R92U8-GTE-P00005,08/21/26 03:27 PM EDT,$0.34,147
20260821,LPA-TGLS-FG-0004DCD3I4MII78-GTE-P00045,08/21/26 03:27 PM EDT,$0.02,16
20260821,MLB-TRUNS-I2-000696G0I4R92U8-GTE-P00005,08/21/26 03:27 PM EDT,$0.30,15
20260821,MLB-TRUNS-IT5-000FPUUOI541HG8-GTE-P00045,08/21/26 03:28 PM EDT,$0.48,10
20260821,MLB-MOVY-IT5-000696G0I4R92U8-MIRS000-GTE-P00005,08/21/26 03:28 PM EDT,$0.46,104
20260821,MLB-TRUNS-IT5-000696G0I4R92U8-GTE-P00025,08/21/26 03:28 PM EDT,$0.53,10
20260821,LPA-TGLS-FG-0004DCD3I4MII78-GTE-P00045,08/21/26 03:28 PM EDT,$0.02,61
20260821,MLB-WIN-IT5-000696G0I4R92U8-ATES000,08/21/26 03:29 PM EDT,$0.44,20
20260821,MLB-TRUNS-I1-000696G0I4R92U8-GTE-P00005,08/21/26 03:29 PM EDT,$0.34,15
20260821,MLB-TRUNS-IT5-000696G0I4R92U8-GTE-P00025,08/21/26 03:30 PM EDT,$0.53,104
20260821,MLB-TRUNS-I2-000696G0I4R92U8-GTE-P00005,08/21/26 03:30 PM EDT,$0.30,20
20260821,MLB-PHRR-FG-000FPR4SI545PC8-BRSE000-GTE-P00015,08/21/26 03:30 PM EDT,$0.43,4
20260821,MLB-WIN-IT5-000FP271I543D0G-DERS000,08/21/26 03:30 PM EDT,$0.51,22
20260821,MLB-TRUNS-IT5-000696G0I4R92U8-GTE-P00025,08/21/26 03:30 PM EDT,$0.53,37
20260821,FRIENDLYCLUB-DWIN-FG-03VMT3JF4QT3G6G-REII011,08/21/26 03:30 PM EDT,$0.04,200
20260821,MLB-TRUNS-I1-000696G0I4R92U8-GTE-P00005,08/21/26 03:30 PM EDT,$0.34,77
20260821,MLB-TRUNS-I1-000696G0I4R92U8-GTE-P00005,08/21/26 03:31 PM EDT,$0.34,83
20260821,MLB-MOVY-IT5-000696G0I4R92U8-MIRS000-GTE-P00005,08/21/26 03:31 PM EDT,$0.46,10
20260821,MLB-MOVY-IT5-000696G0I4R92U8-MIRS000-GTE-P00005,08/21/26 03:32 PM EDT,$0.46,28
20260821,MLB-TRUNS-IT5-000696G0I4R92U8-GTE-P00025,08/21/26 03:32 PM EDT,$0.54,12
20260821,MLB-MOVY-IT5-000696G0I4R92U8-MIRS000-GTE-P00005,08/21/26 03:32 PM EDT,$0.45,177
20260821,MLB-WIN-IT5-000696G0I4R92U8-MIRS000,08/21/26 03:33 PM EDT,$0.57,16
20260821,MLB-WIN-IT5-000696G0I4R92U8-MIRS000,08/21/26 03:33 PM EDT,$0.57,8
20260821,MLB-TRUNS-IT5-000696G0I4R92U8-GTE-P00025,08/21/26 03:35 PM EDT,$0.53,102
20260821,MLB-TRUNS-IT5-000696G0I4R92U8-GTE-P00025,08/21/26 03:35 PM EDT,$0.53,20
20260821,MLB-PHRR-FG-000FP20FI543DE8-COER000-GTE-P00025,08/21/26 03:35 PM EDT,$0.36,26
20260821,MLB-TRUNS-IT5-000696G0I4R92U8-GTE-P00025,08/21/26 03:35 PM EDT,$0.54,1
20260821,MLB-MOVY-IT5-000696G0I4R92U8-MIRS000-GTE-P00005,08/21/26 03:35 PM EDT,$0.43,803
20260821,MLB-WIN-IT5-000696G0I4R92U8-ATES000,08/21/26 03:35 PM EDT,$0.44,43
20260821,MLB-TRUNS-IT5-000696G0I4R92U8-GTE-P00025,08/21/26 03:35 PM EDT,$0.53,10
20260821,FRIENDLYCLUB-DWIN-FG-03VMT3JF4QT3G6G-DRAW,08/21/26 03:36 PM EDT,$0.06,71
20260821,MLB-PHRR-FG-000FP462I54B208-BYON000-GTE-P00015,08/21/26 03:36 PM EDT,$0.59,2
20260821,MLB-PHRR-FG-000FPQ64I544HVO-JURO000-GTE-P00015,08/21/26 03:37 PM EDT,$0.54,7
20260821,MLB-TRUNS-I1-000FP41SI54B2VO-GTE-P00005,08/21/26 03:37 PM EDT,$0.42,16
20260821,MLB-PHRR-FG-000696G0I4R92U8-JAIO000-GTE-P00015,08/21/26 03:38 PM EDT,$0.49,98
20260821,MLB-PHRR-FG-000FPR4TI545OUG-JAAN001-GTE-P00015,08/21/26 03:38 PM EDT,$0.51,9
20260821,MLB-TRUNS-I5-000FP22AI543DI8-GTE-P00005,08/21/26 03:38 PM EDT,$0.41,8
20260821,MLB-TRUNS-I1-000696G0I4R92U8-GTE-P00015,08/21/26 03:38 PM EDT,$0.21,10
20260821,MLB-TRUNS-I1-000FPR4SI545PC8-GTE-P00035,08/21/26 03:39 PM EDT,$0.01,10
20260821,MLB-TRUNS-IT5-000696G0I4R92U8-GTE-P00025,08/21/26 03:39 PM EDT,$0.53,20
20260821,MLB-TRUNS-I1-000FPR4SI545PC8-GTE-P00035,08/21/26 03:39 PM EDT,$0.09,10
20260821,MLB-TRUNS-I1-000696G0I4R92U8-GTE-P00005,08/21/26 03:39 PM EDT,$0.34,36
20260821,MLB-TRUNS-IT5-000696G0I4R92U8-GTE-P00025,08/21/26 03:39 PM EDT,$0.53,51
20260821,MLB-TRUNS-I1-000696G0I4R92U8-GTE-P00015,08/21/26 03:39 PM EDT,$0.21,21
20260821,MLB-TRUNS-I1-000696G0I4R92U8-GTE-P00025,08/21/26 03:39 PM EDT,$0.11,41
20260821,MLB-TRUNS-I1-000696G0I4R92U8-GTE-P00025,08/21/26 03:40 PM EDT,$0.03,11
20260821,MLB-WIN-IT5-000696G0I4R92U8-MIRS000,08/21/26 03:40 PM EDT,$0.57,16
20260821,MLB-TRUNS-IT5-000696G0I4R92U8-GTE-P00025,08/21/26 03:40 PM EDT,$0.54,8
20260821,MLB-TRUNS-IT5-000696G0I4R92U8-GTE-P00025,08/21/26 03:40 PM EDT,$0.53,612
20260821,MLB-TRUNS-I1-000696G0I4R92U8-GTE-P00005,08/21/26 03:40 PM EDT,$0.34,183
20260821,MLB-TRUNS-I1-000FPQ64I544HVO-GTE-P00035,08/21/26 03:40 PM EDT,$0.01,10
20260821,MLB-TRUNS-IT5-000696G0I4R92U8-GTE-P00025,08/21/26 03:40 PM EDT,$0.54,89
20260821,MLB-TRUNS-I1-000FPQ64I544HVO-GTE-P00035,08/21/26 03:40 PM EDT,$0.09,10
20260821,MLB-TRUNS-I1-000FPQ64I544HVO-GTE-P00035,08/21/26 03:41 PM EDT,$0.01,5
20260821,MLB-TRUNS-I1-000FPQ64I544HVO-GTE-P00035,08/21/26 03:41 PM EDT,$0.09,5
20260821,MLB-TRUNS-IT5-000FP271I543D0G-GTE-P00045,08/21/26 03:41 PM EDT,$0.45,35
20260821,MLB-TRUNS-IT5-000696G0I4R92U8-GTE-P00025,08/21/26 03:41 PM EDT,$0.54,357
20260821,MLB-PHRR-FG-000FP22AI543DI8-BOTE000-GTE-P00015,08/21/26 03:42 PM EDT,$0.52,1
20260821,MLB-PHRR-FG-000FP22AI543DI8-MIAS003-GTE-P00015,08/21/26 03:42 PM EDT,$0.54,1
20260821,MLB-PHRR-FG-000FP404I54B3T0-SEKI000-GTE-P00015,08/21/26 03:42 PM EDT,$0.51,1
20260821,MLB-PHRR-FG-000FP41SI54B2VO-ANES000-GTE-P00015,08/21/26 03:42 PM EDT,$0.56,1
20260821,MLB-TRUNS-IT5-000696G0I4R92U8-GTE-P00025,08/21/26 03:42 PM EDT,$0.53,4
20260821,MLB-TRUNS-IT5-000696G0I4R92U8-GTE-P00025,08/21/26 03:42 PM EDT,$0.54,1
20260821,MLB-TRUNS-I1-000FPR4TI545OUG-GTE-P00025,08/21/26 03:42 PM EDT,$0.07,10
20260821,MLB-TRUNS-I1-000FPR4TI545OUG-GTE-P00025,08/21/26 03:42 PM EDT,$0.07,5
20260821,MLB-TRUNS-I1-000FPR4TI545OUG-GTE-P00025,08/21/26 03:42 PM EDT,$0.15,15
20260821,MLB-PHRR-FG-000696G0I4R92U8-ROJR000-GTE-P00035,08/21/26 03:43 PM EDT,$0.18,26
20260821,MLB-TRUNS-I1-000696G0I4R92U8-GTE-P00005,08/21/26 03:43 PM EDT,$0.42,11
20260821,MLB-TRUNS-IT5-000696G0I4R92U8-GTE-P00025,08/21/26 03:43 PM EDT,$0.53,20
20260821,MLB-TRUNS-I1-000696G0I4R92U8-GTE-P00025,08/21/26 03:43 PM EDT,$0.03,10
20260821,MLB-TRUNS-I1-000696G0I4R92U8-GTE-P00005,08/21/26 03:43 PM EDT,$0.34,8
20260821,MLB-TRUNS-IT5-000696G0I4R92U8-GTE-P00025,08/21/26 03:43 PM EDT,$0.53,61
20260821,MLB-MOVY-IT5-000696G0I4R92U8-MIRS000-GTE-P00005,08/21/26 03:44 PM EDT,$0.46,418
20260821,MLB-TRUNS-I1-000696G0I4R92U8-GTE-P00025,08/21/26 03:44 PM EDT,$0.03,10
20260821,LIGAMX-MOVY-FG-014F36C2L88MDH0-CLCA001-GTE-P00005,08/21/26 03:44 PM EDT,$0.57,10
20260821,MLB-TRUNS-I1-000696G0I4R92U8-GTE-P00025,08/21/26 03:44 PM EDT,$0.03,5
20260821,MLB-TRUNS-I1-000FP271I543D0G-GTE-P00035,08/21/26 03:44 PM EDT,$0.02,505
20260821,MLB-TRUNS-I1-000696G0I4R92U8-GTE-P00025,08/21/26 03:44 PM EDT,$0.11,15
20260821,MLB-WIN-IT5-000FPR4TI545OUG-BOOX000,08/21/26 03:45 PM EDT,$0.58,16
20260821,MLB-TRUNS-I1-000FP271I543D0G-GTE-P00035,08/21/26 03:45 PM EDT,$0.10,505
20260821,MLB-WIN-IT5-000FP41SI54B2VO-LARS000,08/21/26 03:45 PM EDT,$0.68,64
20260821,MLB-MOVY-IT5-000696G0I4R92U8-MIRS000-GTE-P00005,08/21/26 03:45 PM EDT,$0.44,214
20260821,FRIENDLYCLUB-BTMSC-FG-03VMT3JF4QT3G6G-BINARY,08/21/26 03:45 PM EDT,$0.23,4
20260821,NWSL-DWIN-FG-000FPQ0FI544HD8-SACW009,08/21/26 03:46 PM EDT,$0.48,100
20260821,MLB-TRUNS-I1-000696G0I4R92U8-GTE-P00005,08/21/26 03:46 PM EDT,$0.34,15
20260821,MLB-TRUNS-IT5-000696G0I4R92U8-GTE-P00025,08/21/26 03:46 PM EDT,$0.53,51
20260821,MLB-PHRR-FG-000696G0I4R92U8-JAIO000-GTE-P00015,08/21/26 03:46 PM EDT,$0.49,490
20260821,MLB-TRUNS-I1-000FP22AI543DI8-GTE-P00015,08/21/26 03:46 PM EDT,$0.20,12
20260821,MLB-TRUNS-I1-000FP22AI543DI8-GTE-P00015,08/21/26 03:46 PM EDT,$0.28,12
20260821,NASCAR-WIN-RCE-00GM207BRJKDADF52I8U9EU806L4S6GO02U0KQ6FHUPMKC809CVJL96JPKH0-CHOE001,08/21/26 03:47 PM EDT,$0.08,33
20260821,MLB-TRUNS-IT5-000696G0I4R92U8-GTE-P00025,08/21/26 03:47 PM EDT,$0.53,2448
20260821,MLB-TRUNS-IT5-000696G0I4R92U8-GTE-P00025,08/21/26 03:47 PM EDT,$0.54,205
20260821,NASCAR-WIN-RCE-00GM207BRJKDADF52I8U9EU806L4S6GO02U0KQ6FHUPMKC809CVJL96JPKH0-DEIN002,08/21/26 03:47 PM EDT,$0.13,14
20260821,NASCAR-WIN-RCE-00GM207BRJKDADF52I8U9EU806L4S6GO02U0KQ6FHUPMKC809CVJL96JPKH0-TYBS002,08/21/26 03:47 PM EDT,$0.07,25
20260821,MLB-WIN-IT5-000696G0I4R92U8-MIRS000,08/21/26 03:47 PM EDT,$0.57,169
20260821,MLB-WIN-IT5-000696G0I4R92U8-ATES000,08/21/26 03:47 PM EDT,$0.44,1
20260821,MLB-MOVY-IT5-000696G0I4R92U8-MIRS000-GTE-P00005,08/21/26 03:47 PM EDT,$0.46,21
20260821,MLB-WIN-IT5-000696G0I4R92U8-MIRS000,08/21/26 03:47 PM EDT,$0.57,17
20260821,MLB-TRUNS-I1-000696G0I4R92U8-GTE-P00025,08/21/26 03:47 PM EDT,$0.03,10
20260821,MLB-MOVY-IT5-000696G0I4R92U8-MIRS000-GTE-P00005,08/21/26 03:47 PM EDT,$0.46,5
20260821,MLB-TRUNS-IT5-000696G0I4R92U8-GTE-P00025,08/21/26 03:47 PM EDT,$0.54,2
20260821,NASCAR-WIN-RCE-00GM207BRJKDADF52I8U9EU806L4S6GO02U0KQ6FHUPMKC809CVJL96JPKH0-CHLL010,08/21/26 03:48 PM EDT,$0.15,12
20260821,MLB-TRUNS-IT5-000696G0I4R92U8-GTE-P00025,08/21/26 03:48 PM EDT,$0.54,89
20260821,MLB-TRUNS-IT5-000696G0I4R92U8-GTE-P00025,08/21/26 03:48 PM EDT,$0.53,20
20260821,MLB-PHRR-FG-000FP41SI54B2VO-SHNI001-GTE-P00035,08/21/26 03:49 PM EDT,$0.34,5
20260821,MLB-TRUNS-IT5-000696G0I4R92U8-GTE-P00025,08/21/26 03:49 PM EDT,$0.53,904
20260821,MLB-WIN-IT5-000696G0I4R92U8-MIRS000,08/21/26 03:49 PM EDT,$0.57,4
20260821,MLB-TRUNS-IT5-000696G0I4R92U8-GTE-P00025,08/21/26 03:50 PM EDT,$0.54,10
20260821,MLB-TRUNS-I1-000FPR4SI545PC8-GTE-P00035,08/21/26 03:50 PM EDT,$0.01,10
20260821,MLB-TRUNS-I1-000696G0I4R92U8-GTE-P00005,08/21/26 03:50 PM EDT,$0.34,2
20260821,MLB-TRUNS-I1-000696G0I4R92U8-GTE-P00005,08/21/26 03:50 PM EDT,$0.34,7
20260821,MLB-TRUNS-IT5-000696G0I4R92U8-GTE-P00025,08/21/26 03:50 PM EDT,$0.53,40
20260821,LIGAMX-TGLS-FG-01O38BN3VVTN6IO-GTE-P00035,08/21/26 03:51 PM EDT,$0.34,38
20260821,MLB-TRUNS-I1-000696G0I4R92U8-GTE-P00005,08/21/26 03:51 PM EDT,$0.34,15
20260821,MLB-PHRR-FG-000FP41SI54B2VO-MAAD000-GTE-P00025,08/21/26 03:51 PM EDT,$0.39,7
20260821,MLB-WIN-IT5-000696G0I4R92U8-MIRS000,08/21/26 03:51 PM EDT,$0.57,8
20260821,MLB-TRUNS-IT5-000696G0I4R92U8-GTE-P00025,08/21/26 03:52 PM EDT,$0.54,14
20260821,MLB-PHRR-FG-000FP41SI54B2VO-TEEZ000-GTE-P00015,08/21/26 03:52 PM EDT,$0.47,6
20260821,MLB-TRUNS-IT5-000696G0I4R92U8-GTE-P00025,08/21/26 03:52 PM EDT,$0.53,102
20260821,MLB-PHRR-FG-000696G0I4R92U8-AUEY000-GTE-P00005,08/21/26 03:52 PM EDT,$0.53,9
20260821,MLB-TRUNS-I1-000696G0I4R92U8-GTE-P00005,08/21/26 03:52 PM EDT,$0.42,115
20260821,MLB-TRUNS-I1-000696G0I4R92U8-GTE-P00025,08/21/26 03:52 PM EDT,$0.11,10
20260821,MLB-TRUNS-IT5-000696G0I4R92U8-GTE-P00025,08/21/26 03:52 PM EDT,$0.53,2967
20260821,MLB-TRUNS-IT5-000696G0I4R92U8-GTE-P00025,08/21/26 03:52 PM EDT,$0.53,2040
20260821,MLB-TRUNS-IT5-000696G0I4R92U8-GTE-P00025,08/21/26 03:52 PM EDT,$0.53,206
20260821,MLB-TRUNS-IT5-000FPR4SI545PC8-GTE-P00035,08/21/26 03:52 PM EDT,$0.56,65
20260821,NWSL-DWIN-FG-000FPQ0FI544HD8-SACW009,08/21/26 03:52 PM EDT,$0.48,20
20260821,MLB-TRUNS-I1-000696G0I4R92U8-GTE-P00005,08/21/26 03:52 PM EDT,$0.34,7
20260821,MLB-WIN-IT5-000696G0I4R92U8-ATES000,08/21/26 03:53 PM EDT,$0.44,26
20260821,LIGAMX-TGLS-FG-00CBOUVGKS1OM6O-GTE-P00035,08/21/26 03:53 PM EDT,$0.33,28
20260821,MLB-TRUNS-I1-000696G0I4R92U8-GTE-P00005,08/21/26 03:53 PM EDT,$0.34,14
20260821,MLB-TRUNS-IT5-000696G0I4R92U8-GTE-P00025,08/21/26 03:53 PM EDT,$0.54,600
20260821,MLB-TRUNS-IT5-000696G0I4R92U8-GTE-P00025,08/21/26 03:53 PM EDT,$0.54,292
20260821,MLB-TRUNS-I1-000696G0I4R92U8-GTE-P00005,08/21/26 03:53 PM EDT,$0.34,6
20260821,MLB-WIN-IT5-000696G0I4R92U8-ATES000,08/21/26 03:53 PM EDT,$0.44,11
20260821,MLB-WIN-IT5-000696G0I4R92U8-MIRS000,08/21/26 03:53 PM EDT,$0.57,530
20260821,MLB-WIN-IT5-000696G0I4R92U8-MIRS000,08/21/26 03:53 PM EDT,$0.57,19
20260821,MLB-MOVY-IT5-00069L89I4RE7OO-NYES000-GTE-P00005,08/21/26 03:53 PM EDT,$0.57,42
20260821,MLB-MOVY-IT5-000696G0I4R92U8-MIRS000-GTE-P00005,08/21/26 03:53 PM EDT,$0.45,53
20260821,MLB-WIN-IT5-000696G0I4R92U8-ATES000,08/21/26 03:54 PM EDT,$0.44,34
20260821,MLB-TRUNS-IT5-000696G0I4R92U8-GTE-P00025,08/21/26 03:54 PM EDT,$0.53,2
20260821,MLB-TRUNS-IT5-000FPR2RI545P9G-GTE-P00045,08/21/26 03:54 PM EDT,$0.46,36
20260821,MLB-WIN-IT5-000696G0I4R92U8-MIRS000,08/21/26 03:54 PM EDT,$0.57,15
20260821,MLB-TRUNS-IT5-000696G0I4R92U8-GTE-P00025,08/21/26 03:54 PM EDT,$0.54,178
20260821,MLB-TRUNS-IT5-000696G0I4R92U8-GTE-P00025,08/21/26 03:54 PM EDT,$0.53,40
20260821,MLB-TRUNS-IT5-000696G0I4R92U8-GTE-P00025,08/21/26 03:55 PM EDT,$0.53,14
20260821,MLB-TRUNS-IT5-000696G0I4R92U8-GTE-P00025,08/21/26 03:55 PM EDT,$0.53,408
20260821,MLB-PHRR-FG-000FPR4TI545OUG-NIRD000-GTE-P00015,08/21/26 03:55 PM EDT,$0.54,17
20260821,MLB-WIN-IT5-000696G0I4R92U8-ATES000,08/21/26 03:55 PM EDT,$0.44,43
20260821,MLB-TRUNS-I3-000696G0I4R92U8-GTE-P00005,08/21/26 03:55 PM EDT,$0.40,18
20260821,MLB-WIN-IT5-000696G0I4R92U8-MIRS000,08/21/26 03:56 PM EDT,$0.57,12
20260821,MLB-TRUNS-I1-000696G0I4R92U8-GTE-P00005,08/21/26 03:56 PM EDT,$0.34,36
20260821,MLB-TRUNS-IT5-000696G0I4R92U8-GTE-P00025,08/21/26 03:56 PM EDT,$0.53,21
20260821,MLB-TRUNS-I1-000696G0I4R92U8-GTE-P00025,08/21/26 03:56 PM EDT,$0.11,33
20260821,MLB-PHRR-FG-000FPR4TI545OUG-RARS000-GTE-P00015,08/21/26 03:56 PM EDT,$0.48,20
20260821,MLB-TRUNS-IT5-000696G0I4R92U8-GTE-P00025,08/21/26 03:56 PM EDT,$0.54,37
20260821,MLB-TRUNS-I1-000696G0I4R92U8-GTE-P00005,08/21/26 03:56 PM EDT,$0.34,14
20260821,MLB-MOVY-IT5-000696G0I4R92U8-MIRS000-GTE-P00005,08/21/26 03:57 PM EDT,$0.45,708
20260821,MLB-MOVY-IT5-000696G0I4R92U8-MIRS000-GTE-P00005,08/21/26 03:57 PM EDT,$0.43,84
20260821,MLB-TRUNS-IT5-000696G0I4R92U8-GTE-P00025,08/21/26 03:57 PM EDT,$0.53,51
20260821,MLB-TRUNS-IT5-000696G0I4R92U8-GTE-P00025,08/21/26 03:58 PM EDT,$0.54,20
20260821,MLB-PHRR-FG-000FPR2RI545P9G-KYER003-GTE-P00025,08/21/26 03:58 PM EDT,$0.46,20
20260821,MLB-TRUNS-IT5-000696G0I4R92U8-GTE-P00025,08/21/26 03:58 PM EDT,$0.53,61
20260821,MLB-PHRR-FG-000FP41SI54B2VO-MOTS000-GTE-P00015,08/21/26 03:59 PM EDT,$0.52,9
20260821,MLB-TRUNS-IT5-000696G0I4R92U8-GTE-P00025,08/21/26 03:59 PM EDT,$0.53,251
20260821,MLB-TRUNS-I1-000696G0I4R92U8-GTE-P00005,08/21/26 03:59 PM EDT,$0.34,19
20260821,MLB-TRUNS-I1-000696G0I4R92U8-GTE-P00015,08/21/26 03:59 PM EDT,$0.21,43
20260821,MLB-TRUNS-I1-000696G0I4R92U8-GTE-P00005,08/21/26 03:59 PM EDT,$0.34,147
20260821,MLB-WIN-IT5-000FP22AI543DI8-CHOX000,08/21/26 04:00 PM EDT,$0.57,108
20260821,MLB-MOVY-IT5-000696G0I4R92U8-MIRS000-GTE-P00005,08/21/26 04:00 PM EDT,$0.43,338
20260821,MLB-TRUNS-I2-000696G0I4R92U8-GTE-P00005,08/21/26 04:00 PM EDT,$0.29,5
20260821,MLB-PHRR-FG-000696G0I4R92U8-JAIO000-GTE-P00015,08/21/26 04:00 PM EDT,$0.49,11
20260821,MLB-TRUNS-I5-000696G0I4R92U8-GTE-P00005,08/21/26 04:00 PM EDT,$0.30,27
20260821,MLB-TRUNS-I8-000696G0I4R92U8-GTE-P00005,08/21/26 04:00 PM EDT,$0.37,30
20260821,MLB-TRUNS-I3-000696G0I4R92U8-GTE-P00005,08/21/26 04:00 PM EDT,$0.32,28
20260821,MLB-TRUNS-I6-000696G0I4R92U8-GTE-P00005,08/21/26 04:00 PM EDT,$0.33,28
20260821,MLB-TRUNS-I9-000696G0I4R92U8-GTE-P00005,08/21/26 04:00 PM EDT,$0.27,26
20260821,MLB-TRUNS-I7-000696G0I4R92U8-GTE-P00005,08/21/26 04:00 PM EDT,$0.35,29
20260821,MLB-TRUNS-I4-000696G0I4R92U8-GTE-P00005,08/21/26 04:00 PM EDT,$0.32,28
20260821,MLB-TRUNS-I2-000696G0I4R92U8-GTE-P00005,08/21/26 04:00 PM EDT,$0.29,27
20260821,MLB-TRUNS-IT5-00069L89I4RE7OO-GTE-P00035,08/21/26 04:00 PM EDT,$0.53,1
20260821,MLB-PHRR-FG-000FP41SI54B2VO-SHNI001-GTE-P00025,08/21/26 04:00 PM EDT,$0.48,20
20260821,MLB-MOVY-IT5-000696G0I4R92U8-MIRS000-GTE-P00005,08/21/26 04:00 PM EDT,$0.43,84
20260821,MLB-PHRR-FG-000696G0I4R92U8-MAON002-GTE-P00005,08/21/26 04:01 PM EDT,$0.59,8
20260821,MLB-PHRR-FG-000696G0I4R92U8-MAON002-GTE-P00015,08/21/26 04:01 PM EDT,$0.34,13
20260821,MLB-TRUNS-I1-000696G0I4R92U8-GTE-P00005,08/21/26 04:01 PM EDT,$0.34,36
20260821,MLB-TRUNS-IT5-000696G0I4R92U8-GTE-P00025,08/21/26 04:01 PM EDT,$0.53,102
20260821,MLB-WIN-IT5-000696G0I4R92U8-ATES000,08/21/26 04:01 PM EDT,$0.44,54
20260821,MLB-WIN-IT5-000696G0I4R92U8-MIRS000,08/21/26 04:01 PM EDT,$0.57,14
20260821,MLB-TRUNS-I1-000696G0I4R92U8-GTE-P00005,08/21/26 04:01 PM EDT,$0.34,74
20260821,MLB-TRUNS-I1-000696G0I4R92U8-GTE-P00005,08/21/26 04:01 PM EDT,$0.34,208
20260821,MLB-PHRR-FG-000FPQ64I544HVO-JURO000-GTE-P00015,08/21/26 04:02 PM EDT,$0.54,8
20260821,MLB-TRUNS-I1-000696G0I4R92U8-GTE-P00005,08/21/26 04:02 PM EDT,$0.34,15
20260821,MLB-TRUNS-I1-000696G0I4R92U8-GTE-P00005,08/21/26 04:02 PM EDT,$0.34,735
20260821,MLB-TRUNS-I1-000696G0I4R92U8-GTE-P00005,08/21/26 04:02 PM EDT,$0.34,7
20260821,MLB-TRUNS-I1-000696G0I4R92U8-GTE-P00005,08/21/26 04:02 PM EDT,$0.34,15
20260821,MLB-TRUNS-IT5-000696G0I4R92U8-GTE-P00025,08/21/26 04:02 PM EDT,$0.53,285
20260821,MLB-TRUNS-I1-000696G0I4R92U8-GTE-P00015,08/21/26 04:02 PM EDT,$0.13,20
20260821,MLB-TRUNS-I1-000696G0I4R92U8-GTE-P00005,08/21/26 04:02 PM EDT,$0.42,35
20260821,MLB-PHRR-FG-000696G0I4R92U8-OZES000-GTE-P00005,08/21/26 04:02 PM EDT,$0.55,263
20260821,MLB-TRUNS-IT5-000696G0I4R92U8-GTE-P00025,08/21/26 04:02 PM EDT,$0.53,69
20260821,MLB-TRUNS-IT5-000696G0I4R92U8-GTE-P00025,08/21/26 04:03 PM EDT,$0.54,19
20260821,MLB-WIN-IT5-000696G0I4R92U8-ATES000,08/21/26 04:03 PM EDT,$0.44,45
20260821,MLB-TRUNS-I1-000696G0I4R92U8-GTE-P00005,08/21/26 04:03 PM EDT,$0.34,745
20260821,MLB-TRUNS-IT5-000696G0I4R92U8-GTE-P00025,08/21/26 04:03 PM EDT,$0.54,9
20260821,MLB-TRUNS-I1-000696G0I4R92U8-GTE-P00005,08/21/26 04:03 PM EDT,$0.34,29
20260821,MLB-TRUNS-IT5-000696G0I4R92U8-GTE-P00025,08/21/26 04:03 PM EDT,$0.53,104
20260821,MLB-TRUNS-IT5-000696G0I4R92U8-GTE-P00025,08/21/26 04:03 PM EDT,$0.54,98
20260821,MLB-TRUNS-I1-000696G0I4R92U8-GTE-P00005,08/21/26 04:03 PM EDT,$0.34,29
20260821,MLB-TRUNS-I1-000696G0I4R92U8-GTE-P00015,08/21/26 04:03 PM EDT,$0.21,21
20260821,MLB-PHRR-FG-000FPR4TI545OUG-WIEU000-GTE-P00025,08/21/26 04:04 PM EDT,$0.41,25
20260821,MLB-MOVY-IT5-000FPR4TI545OUG-BOOX000-GTE-P00005,08/21/26 04:04 PM EDT,$0.52,18
20260821,MLB-TRUNS-I1-000696G0I4R92U8-GTE-P00005,08/21/26 04:04 PM EDT,$0.34,1000
20260821,MLB-PHRR-FG-000FPR2RI545P9G-BRER000-GTE-P00005,08/21/26 04:04 PM EDT,$0.79,27
20260821,MLB-PHRR-FG-000FPR2RI545P9G-KYER003-GTE-P00015,08/21/26 04:04 PM EDT,$0.60,16
20260821,MLB-TRUNS-I1-000696G0I4R92U8-GTE-P00005,08/21/26 04:05 PM EDT,$0.34,1000
20260821,MLB-TRUNS-IT5-000696G0I4R92U8-GTE-P00025,08/21/26 04:05 PM EDT,$0.54,10
20260821,MLB-WIN-IT5-000696G0I4R92U8-ATES000,08/21/26 04:05 PM EDT,$0.44,8
20260821,MLB-TRUNS-IT5-000696G0I4R92U8-GTE-P00025,08/21/26 04:05 PM EDT,$0.53,102
20260821,MLB-TRUNS-I1-000696G0I4R92U8-GTE-P00005,08/21/26 04:05 PM EDT,$0.34,101
20260821,MLB-MOVY-IT5-000696G0I4R92U8-MIRS000-GTE-P00005,08/21/26 04:06 PM EDT,$0.43,16
20260821,MLB-MOVY-IT5-000696G0I4R92U8-MIRS000-GTE-P00005,08/21/26 04:06 PM EDT,$0.45,42
20260821,MLB-MOVY-IT5-000696G0I4R92U8-MIRS000-GTE-P00005,08/21/26 04:06 PM EDT,$0.43,25
20260821,MLB-TRUNS-IT5-000696G0I4R92U8-GTE-P00025,08/21/26 04:06 PM EDT,$0.53,583
20260821,MLB-MOVY-IT5-000696G0I4R92U8-MIRS000-GTE-P00005,08/21/26 04:06 PM EDT,$0.45,51
20260821,MLB-TRUNS-IT5-000696G0I4R92U8-GTE-P00025,08/21/26 04:06 PM EDT,$0.53,100
20260821,MLB-MOVY-IT5-000696G0I4R92U8-MIRS000-GTE-P00005,08/21/26 04:06 PM EDT,$0.45,159
20260821,MLB-TRUNS-I1-000696G0I4R92U8-GTE-P00005,08/21/26 04:06 PM EDT,$0.34,15
20260821,MLB-TRUNS-I1-000696G0I4R92U8-GTE-P00005,08/21/26 04:07 PM EDT,$0.34,74
20260821,MLB-TRUNS-IT5-000696G0I4R92U8-GTE-P00025,08/21/26 04:07 PM EDT,$0.53,12
20260821,MLB-TRUNS-IT5-000696G0I4R92U8-GTE-P00025,08/21/26 04:07 PM EDT,$0.53,367
20260821,MLB-TRUNS-IT5-000696G0I4R92U8-GTE-P00025,08/21/26 04:07 PM EDT,$0.53,1
20260821,MLB-TRUNS-I2-000696G0I4R92U8-GTE-P00005,08/21/26 04:07 PM EDT,$0.29,616
20260821,MLB-MOVY-IT5-000696G0I4R92U8-MIRS000-GTE-P00005,08/21/26 04:07 PM EDT,$0.43,1
20260821,MLB-WIN-IT5-000696G0I4R92U8-ATES000,08/21/26 04:07 PM EDT,$0.44,1
20260821,MLB-WIN-IT5-000696G0I4R92U8-ATES000,08/21/26 04:08 PM EDT,$0.44,37
20260821,MLB-PHRR-FG-000FP404I54B3T0-PENG000-GTE-P00025,08/21/26 04:08 PM EDT,$0.41,11
20260821,MLB-WIN-IT5-000696G0I4R92U8-ATES000,08/21/26 04:09 PM EDT,$0.44,152
20260821,MLB-TRUNS-IT5-000696G0I4R92U8-GTE-P00025,08/21/26 04:09 PM EDT,$0.53,40
20260821,MLB-MOVY-IT5-000696G0I4R92U8-MIRS000-GTE-P00005,08/21/26 04:09 PM EDT,$0.43,72
20260821,MLB-WIN-IT5-000696G0I4R92U8-ATES000,08/21/26 04:09 PM EDT,$0.44,191
20260821,MLB-PHRR-FG-00069L89I4RE7OO-GEJR000-GTE-P00015,08/21/26 04:10 PM EDT,$0.45,10
20260821,MLB-PHRR-FG-000FPR2RI545P9G-IVRA000-GTE-P00015,08/21/26 04:10 PM EDT,$0.46,50
20260821,MLB-TRUNS-IT5-000696G0I4R92U8-GTE-P00025,08/21/26 04:10 PM EDT,$0.53,40
20260821,MLB-TRUNS-IT5-000FPR4SI545PC8-GTE-P00035,08/21/26 04:10 PM EDT,$0.57,1
20260821,MLB-MOVY-IT5-000696G0I4R92U8-MIRS000-GTE-P00005,08/21/26 04:11 PM EDT,$0.45,638
20260821,MLB-WIN-IT5-000696G0I4R92U8-ATES000,08/21/26 04:11 PM EDT,$0.46,208
20260821,MLB-TRUNS-IT5-000696G0I4R92U8-GTE-P00025,08/21/26 04:11 PM EDT,$0.54,20
20260821,MLB-TRUNS-IT5-000696G0I4R92U8-GTE-P00025,08/21/26 04:12 PM EDT,$0.60,28
20260821,MLB-TRUNS-IT5-000696G0I4R92U8-GTE-P00035,08/21/26 04:12 PM EDT,$0.44,10
20260821,MLB-TRUNS-IT5-000696G0I4R92U8-GTE-P00035,08/21/26 04:12 PM EDT,$0.44,52
20260821,MLB-TRUNS-IT5-000696G0I4R92U8-GTE-P00025,08/21/26 04:12 PM EDT,$0.61,1
20260821,MLB-TRUNS-IT5-000696G0I4R92U8-GTE-P00025,08/21/26 04:12 PM EDT,$0.61,1
20260821,MLB-TRUNS-IT5-000696G0I4R92U8-GTE-P00025,08/21/26 04:12 PM EDT,$0.61,1
20260821,MLB-TRUNS-IT5-000696G0I4R92U8-GTE-P00025,08/21/26 04:12 PM EDT,$0.61,1
20260821,MLB-TRUNS-IT5-000696G0I4R92U8-GTE-P00025,08/21/26 04:12 PM EDT,$0.61,1
20260821,MLB-TRUNS-IT5-000696G0I4R92U8-GTE-P00025,08/21/26 04:12 PM EDT,$0.61,2
20260821,MLB-TRUNS-IT5-000FP271I543D0G-GTE-P00045,08/21/26 04:12 PM EDT,$0.45,15
20260821,MLB-TRUNS-IT5-000696G0I4R92U8-GTE-P00035,08/21/26 04:12 PM EDT,$0.43,84
20260821,MLB-PHRR-FG-000FP20FI543DE8-COER000-GTE-P00015,08/21/26 04:12 PM EDT,$0.52,93
20260821,MLB-WIN-IT5-000696G0I4R92U8-MIRS000,08/21/26 04:13 PM EDT,$0.55,35
20260821,MLB-TRUNS-IT5-000696G0I4R92U8-GTE-P00035,08/21/26 04:13 PM EDT,$0.44,38
20260821,MLB-WIN-IT5-000FPR4SI545PC8-MINS001,08/21/26 04:13 PM EDT,$0.56,69
20260821,MLB-TRUNS-I2-000FPR4TI545OUG-GTE-P00025,08/21/26 04:14 PM EDT,$0.06,11
20260821,MLB-TRUNS-IT5-000696G0I4R92U8-GTE-P00025,08/21/26 04:14 PM EDT,$0.53,105
20260821,MLB-TRUNS-IT5-000696G0I4R92U8-GTE-P00025,08/21/26 04:14 PM EDT,$0.52,30
20260821,MLB-TRUNS-I1-000696G0I4R92U8-GTE-P00005,08/21/26 04:14 PM EDT,$0.28,121
20260821,MLB-TRUNS-I1-000696G0I4R92U8-GTE-P00015,08/21/26 04:15 PM EDT,$0.12,27
20260821,MLB-PHRR-FG-000FPR4SI545PC8-GRNE000-GTE-P00015,08/21/26 04:15 PM EDT,$0.50,19
20260821,MLB-WIN-IT5-000696G0I4R92U8-ATES000,08/21/26 04:15 PM EDT,$0.43,20
20260821,MLB-PHRR-FG-000FPR4TI545OUG-OSBE000-GTE-P00015,08/21/26 04:15 PM EDT,$0.42,22
20260821,MLB-MOVY-IT5-000696G0I4R92U8-MIRS000-GTE-P00005,08/21/26 04:15 PM EDT,$0.46,4
20260821,MLB-PHRR-FG-00069L89I4RE7OO-GEJR000-GTE-P00015,08/21/26 04:15 PM EDT,$0.45,15
20260821,MLB-TRUNS-IT5-000696G0I4R92U8-GTE-P00025,08/21/26 04:15 PM EDT,$0.51,267
20260821,MLB-TRUNS-IT5-000696G0I4R92U8-GTE-P00025,08/21/26 04:16 PM EDT,$0.50,35
20260821,MLB-TRUNS-I3-000696G0I4R92U8-GTE-P00005,08/21/26 04:16 PM EDT,$0.31,61
20260821,MLB-PHRR-FG-000FP22AI543DI8-RAUK000-GTE-P00015,08/21/26 04:16 PM EDT,$0.53,18
20260821,MLB-TRUNS-IT5-000696G0I4R92U8-GTE-P00035,08/21/26 04:16 PM EDT,$0.39,2
20260821,LIGAMX-TGLS-FG-014F36C2L88MDH0-GTE-P00045,08/21/26 04:16 PM EDT,$0.16,117
20260821,MLB-TRUNS-IT5-000696G0I4R92U8-GTE-P00035,08/21/26 04:16 PM EDT,$0.36,5
20260821,MLB-MOVY-IT5-000696G0I4R92U8-MIRS000-GTE-P00005,08/21/26 04:17 PM EDT,$0.55,14
20260821,MLB-TRUNS-IT5-000696G0I4R92U8-GTE-P00035,08/21/26 04:17 PM EDT,$0.36,1
20260821,MLB-TRUNS-IT5-000696G0I4R92U8-GTE-P00035,08/21/26 04:17 PM EDT,$0.36,2
20260821,MLB-MOVY-IT5-000696G0I4R92U8-MIRS000-GTE-P00005,08/21/26 04:17 PM EDT,$0.47,90
20260821,MLB-TRUNS-IT5-000696G0I4R92U8-GTE-P00035,08/21/26 04:17 PM EDT,$0.36,1
20260821,MLB-TRUNS-IT5-000696G0I4R92U8-GTE-P00035,08/21/26 04:17 PM EDT,$0.36,1
20260821,MLB-TRUNS-IT5-000696G0I4R92U8-GTE-P00035,08/21/26 04:17 PM EDT,$0.36,1
20260821,MLB-TRUNS-IT5-000696G0I4R92U8-GTE-P00065,08/21/26 04:17 PM EDT,$0.12,1
20260821,MLB-WIN-IT5-000696G0I4R92U8-ATES000,08/21/26 04:17 PM EDT,$0.35,27
20260821,MLB-WIN-IT5-000FP462I54B208-SDES000,08/21/26 04:17 PM EDT,$0.51,37
20260821,MLB-WIN-IT5-000696G0I4R92U8-ATES000,08/21/26 04:17 PM EDT,$0.35,450
20260821,MLB-TRUNS-IT5-000696G0I4R92U8-GTE-P00065,08/21/26 04:17 PM EDT,$0.12,3
20260821,MLB-WIN-IT5-000696G0I4R92U8-ATES000,08/21/26 04:17 PM EDT,$0.35,450
20260821,MLB-WIN-IT5-000696G0I4R92U8-ATES000,08/21/26 04:17 PM EDT,$0.35,4
20260821,MLB-TRUNS-IT5-000696G0I4R92U8-GTE-P00045,08/21/26 04:17 PM EDT,$0.25,10
20260821,MLB-WIN-IT5-000696G0I4R92U8-ATES000,08/21/26 04:17 PM EDT,$0.35,450
20260821,MLB-MOVY-IT5-000696G0I4R92U8-MIRS000-GTE-P00005,08/21/26 04:17 PM EDT,$0.47,150
20260821,MLB-TRUNS-I2-000696G0I4R92U8-GTE-P00005,08/21/26 04:17 PM EDT,$0.27,72
20260821,MLB-WIN-IT5-000696G0I4R92U8-ATES000,08/21/26 04:17 PM EDT,$0.35,27
20260821,MLB-TRUNS-IT5-000696G0I4R92U8-GTE-P00025,08/21/26 04:18 PM EDT,$0.45,150
20260821,MLB-MOVY-IT5-000696G0I4R92U8-MIRS000-GTE-P00005,08/21/26 04:18 PM EDT,$0.46,89
20260821,MLB-TRUNS-IT5-000696G0I4R92U8-GTE-P00025,08/21/26 04:18 PM EDT,$0.45,114
20260821,MLB-WIN-IT5-000696G0I4R92U8-ATES000,08/21/26 04:18 PM EDT,$0.34,450
20260821,MLB-WIN-IT5-000696G0I4R92U8-ATES000,08/21/26 04:18 PM EDT,$0.34,450
20260821,MLB-TRUNS-IT5-000696G0I4R92U8-GTE-P00025,08/21/26 04:18 PM EDT,$0.49,35
20260821,MLB-WIN-IT5-000696G0I4R92U8-ATES000,08/21/26 04:18 PM EDT,$0.34,450
20260821,MLB-WIN-IT5-000696G0I4R92U8-ATES000,08/21/26 04:19 PM EDT,$0.34,450
20260821,MLB-TRUNS-IT5-000696G0I4R92U8-GTE-P00045,08/21/26 04:19 PM EDT,$0.21,2
20260821,MLB-TRUNS-IT5-000696G0I4R92U8-GTE-P00025,08/21/26 04:19 PM EDT,$0.46,714
20260821,MLB-MOVY-IT5-000696G0I4R92U8-MIRS000-GTE-P00005,08/21/26 04:19 PM EDT,$0.49,49
20260821,MLB-MOVY-IT5-000696G0I4R92U8-MIRS000-GTE-P00005,08/21/26 04:19 PM EDT,$0.46,33
20260821,MLB-TRUNS-IT5-000696G0I4R92U8-GTE-P00025,08/21/26 04:19 PM EDT,$0.47,454
20260821,MLB-TRUNS-IT5-000696G0I4R92U8-GTE-P00025,08/21/26 04:19 PM EDT,$0.49,98
20260821,MLB-PHRR-FG-000FPR4SI545PC8-BRSE000-GTE-P00015,08/21/26 04:19 PM EDT,$0.44,76
20260821,MLB-PHRR-FG-000FPUUOI541HG8-ELUZ001-GTE-P00015,08/21/26 04:19 PM EDT,$0.55,94
20260821,MLB-PHRR-FG-000FP41SI54B2VO-SHNI001-GTE-P00015,08/21/26 04:19 PM EDT,$0.61,109
20260821,MLB-TRUNS-I2-000696G0I4R92U8-GTE-P00025,08/21/26 04:20 PM EDT,$0.01,6
20260821,MLB-TRUNS-IT5-000696G0I4R92U8-GTE-P00025,08/21/26 04:20 PM EDT,$0.45,9
20260821,MLB-WIN-IT5-000FPR2RI545P9G-STLS000,08/21/26 04:20 PM EDT,$0.32,29
20260821,MLB-TRUNS-IT5-000696G0I4R92U8-GTE-P00025,08/21/26 04:20 PM EDT,$0.46,62
20260821,MLB-TRUNS-IT5-000696G0I4R92U8-GTE-P00025,08/21/26 04:20 PM EDT,$0.45,221
20260821,MLB-WIN-IT5-000696G0I4R92U8-MIRS000,08/21/26 04:20 PM EDT,$0.61,450
20260821,MLB-TRUNS-IT5-000696G0I4R92U8-GTE-P00025,08/21/26 04:20 PM EDT,$0.45,43
20260821,MLB-WIN-IT5-000696G0I4R92U8-ATES000,08/21/26 04:21 PM EDT,$0.39,450
20260821,MLB-WIN-IT5-000696G0I4R92U8-ATES000,08/21/26 04:21 PM EDT,$0.39,450
20260821,MLB-TRUNS-IT5-000696G0I4R92U8-GTE-P00025,08/21/26 04:21 PM EDT,$0.45,2
20260821,MLB-TRUNS-IT5-000696G0I4R92U8-GTE-P00025,08/21/26 04:21 PM EDT,$0.44,34
20260821,MLB-TRUNS-IT5-000696G0I4R92U8-GTE-P00025,08/21/26 04:21 PM EDT,$0.43,169
20260821,MLB-WIN-IT5-000FP242I543CMO-ATCS000,08/21/26 04:22 PM EDT,$0.42,18
20260821,MLB-TRUNS-IT5-000696G0I4R92U8-GTE-P00025,08/21/26 04:22 PM EDT,$0.43,169
20260821,MLB-TRUNS-IT5-000696G0I4R92U8-GTE-P00025,08/21/26 04:22 PM EDT,$0.41,205
20260821,MLB-TRUNS-IT5-000696G0I4R92U8-GTE-P00025,08/21/26 04:22 PM EDT,$0.43,34
20260821,MLB-TRUNS-I1-000FPR4TI545OUG-GTE-P00005,08/21/26 04:23 PM EDT,$0.37,38
20260821,MLB-PHRR-FG-000FP404I54B3T0-PENG000-GTE-P00015,08/21/26 04:23 PM EDT,$0.57,8
20260821,MLB-TRUNS-IT5-000696G0I4R92U8-GTE-P00035,08/21/26 04:23 PM EDT,$0.29,704
20260821,MLB-TRUNS-IT5-000696G0I4R92U8-GTE-P00025,08/21/26 04:23 PM EDT,$0.45,18
20260821,MLB-TRUNS-IT5-000696G0I4R92U8-GTE-P00035,08/21/26 04:23 PM EDT,$0.29,1
20260821,MLB-TRUNS-IT5-000696G0I4R92U8-GTE-P00035,08/21/26 04:23 PM EDT,$0.29,1
20260821,MLB-TRUNS-IT5-000696G0I4R92U8-GTE-P00025,08/21/26 04:23 PM EDT,$0.46,520
20260821,MLB-TRUNS-IT5-000696G0I4R92U8-GTE-P00035,08/21/26 04:23 PM EDT,$0.29,704
20260821,MLB-WIN-IT5-000FP462I54B208-SDES000,08/21/26 04:23 PM EDT,$0.52,64
20260821,LPA-TGLS-FG-0004DIUEI4MQMQO-GTE-P00045,08/21/26 04:23 PM EDT,$0.04,11
20260821,MLB-PHRR-FG-000FPR4TI545OUG-WIEU000-GTE-P00015,08/21/26 04:23 PM EDT,$0.58,16
20260821,MLB-TRUNS-IT5-000696G0I4R92U8-GTE-P00025,08/21/26 04:23 PM EDT,$0.44,600
20260821,MLB-TRUNS-IT5-000696G0I4R92U8-GTE-P00025,08/21/26 04:23 PM EDT,$0.44,89
20260821,MLB-TRUNS-I2-000696G0I4R92U8-GTE-P00005,08/21/26 04:24 PM EDT,$0.27,66
20260821,MLB-WIN-IT5-000FPQ64I544HVO-BAES000,08/21/26 04:24 PM EDT,$0.56,65
20260821,MLB-TRUNS-IT5-000696G0I4R92U8-GTE-P00025,08/21/26 04:24 PM EDT,$0.47,20
20260821,MLB-TRUNS-IT5-000696G0I4R92U8-GTE-P00025,08/21/26 04:24 PM EDT,$0.46,10
20260821,MLB-WIN-IT5-000696G0I4R92U8-ATES000,08/21/26 04:25 PM EDT,$0.38,860
20260821,MLB-TRUNS-IT5-000696G0I4R92U8-GTE-P00025,08/21/26 04:25 PM EDT,$0.49,16
20260821,MLB-TRUNS-IT5-000696G0I4R92U8-GTE-P00025,08/21/26 04:26 PM EDT,$0.49,29
20260821,MLB-TRUNS-IT5-000696G0I4R92U8-GTE-P00025,08/21/26 04:26 PM EDT,$0.47,51
20260821,MLB-TRUNS-IT5-000696G0I4R92U8-GTE-P00025,08/21/26 04:26 PM EDT,$0.47,69
20260821,MLB-TRUNS-I2-000696G0I4R92U8-GTE-P00005,08/21/26 04:26 PM EDT,$0.35,67
20260821,MLB-TRUNS-IT5-000FPR4TI545OUG-GTE-P00035,08/21/26 04:27 PM EDT,$0.54,8
20260821,MLB-TRUNS-IT5-000696G0I4R92U8-GTE-P00025,08/21/26 04:27 PM EDT,$0.42,45
20260821,MLB-TRUNS-I3-000696G0I4R92U8-GTE-P00005,08/21/26 04:27 PM EDT,$0.32,77
20260821,MLB-TRUNS-I3-000696G0I4R92U8-GTE-P00005,08/21/26 04:28 PM EDT,$0.32,142
20260821,MLB-WIN-IT5-000696G0I4R92U8-MIRS000,08/21/26 04:28 PM EDT,$0.55,600
20260821,MLB-TRUNS-IT5-000696G0I4R92U8-GTE-P00025,08/21/26 04:28 PM EDT,$0.41,98
20260821,MLB-TRUNS-IT5-000696G0I4R92U8-GTE-P00025,08/21/26 04:28 PM EDT,$0.41,65
20260821,MLB-TRUNS-IT5-000696G0I4R92U8-GTE-P00025,08/21/26 04:28 PM EDT,$0.42,583
20260821,MLB-WIN-IT5-000696G0I4R92U8-MIRS000,08/21/26 04:28 PM EDT,$0.55,600
20260821,MLB-WIN-IT5-000FPQ64I544HVO-TBYS000,08/21/26 04:28 PM EDT,$0.45,563
20260821,MLB-WIN-IT5-000FPQ64I544HVO-TBYS000,08/21/26 04:28 PM EDT,$0.45,500
20260821,MLB-TRUNS-I3-000696G0I4R92U8-GTE-P00005,08/21/26 04:28 PM EDT,$0.32,71
20260821,MLB-WIN-IT5-000696G0I4R92U8-MIRS000,08/21/26 04:28 PM EDT,$0.55,600
20260821,MLB-TRUNS-IT5-000696G0I4R92U8-GTE-P00025,08/21/26 04:28 PM EDT,$0.42,113
20260821,MLB-MOVY-IT5-000696G0I4R92U8-MIRS000-GTE-P00005,08/21/26 04:28 PM EDT,$0.46,20
20260821,MLB-TRUNS-I3-000696G0I4R92U8-GTE-P00005,08/21/26 04:28 PM EDT,$0.40,59
20260821,MLB-PHRR-FG-000FP271I543D0G-JAEZ000-GTE-P00045,08/21/26 04:28 PM EDT,$0.11,25
20260821,MLB-PHRR-FG-000FP271I543D0G-MARK000-GTE-P00045,08/21/26 04:29 PM EDT,$0.11,25
20260821,MLB-WIN-IT5-000696G0I4R92U8-MIRS000,08/21/26 04:29 PM EDT,$0.56,600
20260821,MLB-PHRR-FG-000FP271I543D0G-EDIA001-GTE-P00055,08/21/26 04:29 PM EDT,$0.10,27
20260821,MLB-WIN-IT5-000696G0I4R92U8-MIRS000,08/21/26 04:29 PM EDT,$0.56,600
20260821,MLB-PHRR-FG-000FPUUVI541HNG-JOEZ004-GTE-P00025,08/21/26 04:29 PM EDT,$0.51,18
20260821,MLB-MOVY-IT5-000696G0I4R92U8-MIRS000-GTE-P00005,08/21/26 04:29 PM EDT,$0.46,4
20260821,MLB-PHRR-FG-000FP271I543D0G-DIER000-GTE-P00065,08/21/26 04:29 PM EDT,$0.07,37
20260821,MLB-TRUNS-I1-000FP41SI54B2VO-GTE-P00035,08/21/26 04:29 PM EDT,$0.10,90
20260821,MLB-PHRR-FG-000FP271I543D0G-MARK000-GTE-P00065,08/21/26 04:29 PM EDT,$0.05,50
20260821,MLB-TRUNS-IT5-000696G0I4R92U8-GTE-P00025,08/21/26 04:29 PM EDT,$0.40,16
20260821,MLB-TRUNS-IT5-000FPR2RI545P9G-GTE-P00045,08/21/26 04:30 PM EDT,$0.46,5
20260821,MLB-WIN-IT5-000FP462I54B208-SDES000,08/21/26 04:30 PM EDT,$0.51,18
20260821,MLB-WIN-IT5-000696G0I4R92U8-MIRS000,08/21/26 04:30 PM EDT,$0.55,169
20260821,MLB-TRUNS-IT5-000696G0I4R92U8-GTE-P00025,08/21/26 04:30 PM EDT,$0.41,45
20260821,MLB-WIN-IT5-000696G0I4R92U8-ATES000,08/21/26 04:30 PM EDT,$0.45,74
20260821,MLB-PHRR-FG-000FPR4SI545PC8-DALE000-GTE-P00015,08/21/26 04:30 PM EDT,$0.56,87
20260821,MLB-WIN-IT5-000696G0I4R92U8-MIRS000,08/21/26 04:30 PM EDT,$0.55,8
20260821,MLB-TRUNS-I2-000696G0I4R92U8-GTE-P00005,08/21/26 04:30 PM EDT,$0.35,27
20260821,MLB-TRUNS-IT5-000696G0I4R92U8-GTE-P00025,08/21/26 04:30 PM EDT,$0.42,600
20260821,MLB-WIN-IT5-000696G0I4R92U8-ATES000,08/21/26 04:30 PM EDT,$0.41,160
20260821,MLB-TRUNS-IT5-000696G0I4R92U8-GTE-P00015,08/21/26 04:30 PM EDT,$0.59,150
20260821,MLB-TRUNS-IT5-000696G0I4R92U8-GTE-P00015,08/21/26 04:30 PM EDT,$0.59,600
20260821,MLB-TRUNS-IT5-000696G0I4R92U8-GTE-P00015,08/21/26 04:30 PM EDT,$0.59,1220
20260821,MLB-TRUNS-I2-000696G0I4R92U8-GTE-P00005,08/21/26 04:30 PM EDT,$0.22,75
20260821,MLB-TRUNS-I2-000696G0I4R92U8-GTE-P00005,08/21/26 04:31 PM EDT,$0.30,156
20260821,MLB-TRUNS-IT5-000696G0I4R92U8-GTE-P00025,08/21/26 04:31 PM EDT,$0.34,29
20260821,MLB-TRUNS-IT5-000696G0I4R92U8-GTE-P00015,08/21/26 04:31 PM EDT,$0.57,222
20260821,MLB-TRUNS-IT5-000696G0I4R92U8-GTE-P00015,08/21/26 04:31 PM EDT,$0.58,600
20260821,MLB-TRUNS-IT5-000696G0I4R92U8-GTE-P00015,08/21/26 04:31 PM EDT,$0.58,150
20260821,MLB-TRUNS-IT5-000696G0I4R92U8-GTE-P00015,08/21/26 04:31 PM EDT,$0.57,47
20260821,MLB-TRUNS-I3-000696G0I4R92U8-GTE-P00005,08/21/26 04:31 PM EDT,$0.30,73
20260821,MLB-WIN-IT5-000FPR2RI545P9G-STLS000,08/21/26 04:31 PM EDT,$0.32,29
20260821,MLB-TRUNS-IT5-000696G0I4R92U8-GTE-P00015,08/21/26 04:31 PM EDT,$0.58,600
20260821,MLB-TRUNS-IT5-000696G0I4R92U8-GTE-P00015,08/21/26 04:31 PM EDT,$0.58,150
20260821,MLB-TRUNS-IT5-000696G0I4R92U8-GTE-P00015,08/21/26 04:31 PM EDT,$0.59,1220
20260821,MLB-TRUNS-IT5-000696G0I4R92U8-GTE-P00015,08/21/26 04:31 PM EDT,$0.59,300
20260821,MLB-TRUNS-IT5-000696G0I4R92U8-GTE-P00015,08/21/26 04:31 PM EDT,$0.58,3
20260821,MLB-MOVY-IT5-000696G0I4R92U8-MIRS000-GTE-P00005,08/21/26 04:32 PM EDT,$0.42,5
20260821,MLB-TRUNS-IT5-000696G0I4R92U8-GTE-P00015,08/21/26 04:32 PM EDT,$0.58,422
20260821,MLB-WIN-IT5-000696G0I4R92U8-MIRS000,08/21/26 04:32 PM EDT,$0.61,150
20260821,MLB-WIN-IT5-000696G0I4R92U8-MIRS000,08/21/26 04:32 PM EDT,$0.61,107
20260821,MLB-TRUNS-IT5-000696G0I4R92U8-GTE-P00015,08/21/26 04:33 PM EDT,$0.59,3
20260821,MLB-WIN-IT5-000696G0I4R92U8-MIRS000,08/21/26 04:33 PM EDT,$0.61,7
20260821,MLB-TRUNS-IT5-000696G0I4R92U8-GTE-P00015,08/21/26 04:33 PM EDT,$0.58,45
20260821,MLB-TRUNS-I5-000FP22AI543DI8-GTE-P00005,08/21/26 04:33 PM EDT,$0.49,9
20260821,MLB-TRUNS-IT5-000696G0I4R92U8-GTE-P00015,08/21/26 04:33 PM EDT,$0.58,66
20260821,MLB-MOVY-IT5-000696G0I4R92U8-MIRS000-GTE-P00005,08/21/26 04:33 PM EDT,$0.42,3
20260821,MLB-TRUNS-I3-000696G0I4R92U8-GTE-P00005,08/21/26 04:33 PM EDT,$0.31,39
20260821,MLB-TRUNS-I6-000FP22AI543DI8-GTE-P00005,08/21/26 04:33 PM EDT,$0.51,18
20260821,MLB-MOVY-IT5-000696G0I4R92U8-MIRS000-GTE-P00005,08/21/26 04:34 PM EDT,$0.41,11
20260821,MLB-TRUNS-IT5-000696G0I4R92U8-GTE-P00015,08/21/26 04:34 PM EDT,$0.56,21
20260821,MLB-TRUNS-IT5-000696G0I4R92U8-GTE-P00015,08/21/26 04:34 PM EDT,$0.57,150
20260821,MLB-TRUNS-IT5-000696G0I4R92U8-GTE-P00015,08/21/26 04:34 PM EDT,$0.57,600
20260821,MLB-TRUNS-I1-000FP242I543CMO-GTE-P00015,08/21/26 04:34 PM EDT,$0.32,20
20260821,MLB-PHRR-FG-00069L89I4RE7OO-BECE001-GTE-P00015,08/21/26 04:34 PM EDT,$0.52,9
20260821,MLB-PHRR-FG-000FPR4TI545OUG-WIES000-GTE-P00005,08/21/26 04:34 PM EDT,$0.68,21
20260821,MLB-TRUNS-IT5-000696G0I4R92U8-GTE-P00015,08/21/26 04:34 PM EDT,$0.57,600
20260821,MLB-TRUNS-IT5-000696G0I4R92U8-GTE-P00015,08/21/26 04:34 PM EDT,$0.57,150
20260821,MLB-TRUNS-I3-000696G0I4R92U8-GTE-P00005,08/21/26 04:34 PM EDT,$0.32,500
20260821,MLB-TRUNS-IT5-000696G0I4R92U8-GTE-P00015,08/21/26 04:34 PM EDT,$0.57,600
20260821,MLB-TRUNS-IT5-000696G0I4R92U8-GTE-P00015,08/21/26 04:34 PM EDT,$0.57,150
20260821,MLB-TRUNS-IT5-000696G0I4R92U8-GTE-P00015,08/21/26 04:34 PM EDT,$0.56,23
20260821,MLB-TRUNS-IT5-000696G0I4R92U8-GTE-P00015,08/21/26 04:34 PM EDT,$0.57,150
20260821,MLB-TRUNS-IT5-000696G0I4R92U8-GTE-P00015,08/21/26 04:34 PM EDT,$0.57,600
20260821,MLB-TRUNS-IT5-000696G0I4R92U8-GTE-P00015,08/21/26 04:34 PM EDT,$0.58,33
20260821,MLB-TRUNS-IT5-000696G0I4R92U8-GTE-P00015,08/21/26 04:34 PM EDT,$0.58,267
20260821,MLB-TRUNS-IT5-000696G0I4R92U8-GTE-P00015,08/21/26 04:34 PM EDT,$0.58,150
20260821,MLB-TRUNS-I3-000696G0I4R92U8-GTE-P00005,08/21/26 04:35 PM EDT,$0.32,70
20260821,MLB-WIN-IT5-000FPQ64I544HVO-TBYS000,08/21/26 04:35 PM EDT,$0.46,20
20260821,MLB-TRUNS-IT5-000696G0I4R92U8-GTE-P00015,08/21/26 04:35 PM EDT,$0.58,300
20260821,MLB-TRUNS-IT5-000696G0I4R92U8-GTE-P00015,08/21/26 04:35 PM EDT,$0.58,150
20260821,MLB-TRUNS-I3-000696G0I4R92U8-GTE-P00005,08/21/26 04:35 PM EDT,$0.40,4
20260821,MLB-PHRR-FG-000FP20FI543DE8-COER000-GTE-P00015,08/21/26 04:35 PM EDT,$0.52,27
20260821,MLB-WIN-IT5-000696G0I4R92U8-MIRS000,08/21/26 04:35 PM EDT,$0.62,93
20260821,MLB-TRUNS-I4-000696G0I4R92U8-GTE-P00005,08/21/26 04:35 PM EDT,$0.31,246
20260821,MLB-TRUNS-I3-000696G0I4R92U8-GTE-P00005,08/21/26 04:35 PM EDT,$0.32,500
20260821,MLB-TRUNS-IT5-000696G0I4R92U8-GTE-P00015,08/21/26 04:35 PM EDT,$0.58,251
20260821,MLB-TRUNS-IT5-000696G0I4R92U8-GTE-P00015,08/21/26 04:35 PM EDT,$0.58,8
20260821,MLB-TRUNS-IT5-000696G0I4R92U8-GTE-P00015,08/21/26 04:35 PM EDT,$0.56,760
20260821,MLB-WIN-IT5-000696G0I4R92U8-MIRS000,08/21/26 04:35 PM EDT,$0.62,123
20260821,MLB-TRUNS-I3-000696G0I4R92U8-GTE-P00005,08/21/26 04:35 PM EDT,$0.32,14
20260821,MLB-WIN-IT5-000FP462I54B208-SDES000,08/21/26 04:36 PM EDT,$0.51,12
20260821,MLB-WIN-IT5-000696G0I4R92U8-MIRS000,08/21/26 04:36 PM EDT,$0.59,31
20260821,MLB-TRUNS-IT5-000696G0I4R92U8-GTE-P00015,08/21/26 04:36 PM EDT,$0.51,257
20260821,MLB-TRUNS-IT5-000696G0I4R92U8-GTE-P00015,08/21/26 04:36 PM EDT,$0.54,1087
20260821,MLB-TRUNS-IT5-000696G0I4R92U8-GTE-P00015,08/21/26 04:36 PM EDT,$0.54,4000
20260821,MLB-TRUNS-IT5-000696G0I4R92U8-GTE-P00015,08/21/26 04:36 PM EDT,$0.54,150
20260821,MLB-MOVY-IT5-00069L89I4RE7OO-NYES000-GTE-P00005,08/21/26 04:36 PM EDT,$0.55,21
20260821,MLB-PHRR-FG-000696G0I4R92U8-MAON002-GTE-P00035,08/21/26 04:37 PM EDT,$0.15,12
20260821,MLB-PHRR-FG-000696G0I4R92U8-MAON003-GTE-P00035,08/21/26 04:37 PM EDT,$0.14,13
20260821,MLB-PHRR-FG-000696G0I4R92U8-DRIN000-GTE-P00035,08/21/26 04:37 PM EDT,$0.13,14
20260821,MLB-PHRR-FG-000696G0I4R92U8-AUEY000-GTE-P00035,08/21/26 04:37 PM EDT,$0.12,15
20260821,MLB-PHRR-FG-000696G0I4R92U8-ROJR000-GTE-P00035,08/21/26 04:37 PM EDT,$0.13,14
20260821,MLB-TRUNS-IT5-000696G0I4R92U8-GTE-P00015,08/21/26 04:37 PM EDT,$0.52,25
20260821,MLB-WIN-IT5-000696G0I4R92U8-MIRS000,08/21/26 04:37 PM EDT,$0.59,31
20260821,MLB-TRUNS-IT5-000696G0I4R92U8-GTE-P00015,08/21/26 04:37 PM EDT,$0.52,82
20260821,MLB-MOVY-IT5-000696G0I4R92U8-MIRS000-GTE-P00005,08/21/26 04:37 PM EDT,$0.42,27
20260821,MLB-TRUNS-IT5-000696G0I4R92U8-GTE-P00015,08/21/26 04:37 PM EDT,$0.53,80
20260821,MLB-TRUNS-I5-000696G0I4R92U8-GTE-P00005,08/21/26 04:37 PM EDT,$0.37,12
20260821,MLB-WIN-IT5-000696G0I4R92U8-ATES000,08/21/26 04:37 PM EDT,$0.39,24
20260821,MLB-MOVY-IT5-000696G0I4R92U8-MIRS000-GTE-P00005,08/21/26 04:37 PM EDT,$0.38,190
20260821,MLB-TRUNS-IT5-000696G0I4R92U8-GTE-P00015,08/21/26 04:37 PM EDT,$0.50,19
20260821,MLB-TRUNS-I3-000696G0I4R92U8-GTE-P00005,08/21/26 04:38 PM EDT,$0.39,4
20260821,MLB-TRUNS-IT5-000696G0I4R92U8-GTE-P00015,08/21/26 04:38 PM EDT,$0.53,25
20260821,MLB-TRUNS-I3-000696G0I4R92U8-GTE-P00005,08/21/26 04:38 PM EDT,$0.31,14
20260821,MLB-WIN-IT5-000696G0I4R92U8-ATES000,08/21/26 04:38 PM EDT,$0.45,531
20260821,MLB-TRUNS-IT5-000696G0I4R92U8-GTE-P00015,08/21/26 04:38 PM EDT,$0.49,47
20260821,MLB-TRUNS-IT5-000696G0I4R92U8-GTE-P00015,08/21/26 04:38 PM EDT,$0.49,18
20260821,MLB-TRUNS-I4-000696G0I4R92U8-GTE-P00005,08/21/26 04:38 PM EDT,$0.40,4
20260821,MLB-TRUNS-I3-000696G0I4R92U8-GTE-P00005,08/21/26 04:38 PM EDT,$0.31,91
20260821,MLB-TRUNS-I3-000696G0I4R92U8-GTE-P00005,08/21/26 04:38 PM EDT,$0.31,77
20260821,MLB-TRUNS-I5-000696G0I4R92U8-GTE-P00015,08/21/26 04:38 PM EDT,$0.18,10
20260821,MLB-TRUNS-IT5-000696G0I4R92U8-GTE-P00015,08/21/26 04:39 PM EDT,$0.49,79
20260821,MLB-TRUNS-I5-000696G0I4R92U8-GTE-P00005,08/21/26 04:39 PM EDT,$0.36,5
20260821,MLB-TRUNS-I3-000696G0I4R92U8-GTE-P00005,08/21/26 04:39 PM EDT,$0.39,48
20260821,MLB-TRUNS-IT5-000696G0I4R92U8-GTE-P00015,08/21/26 04:39 PM EDT,$0.48,24
20260821,MLB-TRUNS-IT5-000696G0I4R92U8-GTE-P00015,08/21/26 04:39 PM EDT,$0.48,268
20260821,MLB-TRUNS-IT5-000696G0I4R92U8-GTE-P00015,08/21/26 04:39 PM EDT,$0.48,38
20260821,MLB-TRUNS-I3-000696G0I4R92U8-GTE-P00005,08/21/26 04:39 PM EDT,$0.32,348
20260821,MLB-TRUNS-I3-000696G0I4R92U8-GTE-P00005,08/21/26 04:39 PM EDT,$0.40,7
20260821,MLB-TRUNS-IT5-000696G0I4R92U8-GTE-P00015,08/21/26 04:39 PM EDT,$0.49,19
20260821,MLB-TRUNS-IT5-000696G0I4R92U8-GTE-P00015,08/21/26 04:40 PM EDT,$0.47,19
20260821,MLB-PHRR-FG-000FPR2RI545P9G-BRTT001-GTE-P00015,08/21/26 04:40 PM EDT,$0.55,17
20260821,MLB-WIN-IT5-000696G0I4R92U8-ATES000,08/21/26 04:40 PM EDT,$0.45,127
20260821,MLB-MOVY-IT5-000696G0I4R92U8-MIRS000-GTE-P00005,08/21/26 04:40 PM EDT,$0.33,27
20260821,MLB-WIN-IT5-000696G0I4R92U8-ATES000,08/21/26 04:40 PM EDT,$0.44,27
20260821,MLB-TRUNS-IT5-000696G0I4R92U8-GTE-P00015,08/21/26 04:40 PM EDT,$0.47,99
20260821,MLB-TRUNS-I3-000696G0I4R92U8-GTE-P00005,08/21/26 04:40 PM EDT,$0.32,81
20260821,MLB-WIN-IT5-000FP462I54B208-SDES000,08/21/26 04:40 PM EDT,$0.52,25
20260821,MLB-TRUNS-IT5-000696G0I4R92U8-GTE-P00015,08/21/26 04:41 PM EDT,$0.49,29
20260821,MLB-TRUNS-IT5-000696G0I4R92U8-GTE-P00015,08/21/26 04:41 PM EDT,$0.47,36
20260821,MLB-PHRR-FG-000FP462I54B208-LULL000-GTE-P00015,08/21/26 04:41 PM EDT,$0.53,45
20260821,MLB-TRUNS-I4-000696G0I4R92U8-GTE-P00015,08/21/26 04:41 PM EDT,$0.20,118
20260821,MLB-TRUNS-I3-000696G0I4R92U8-GTE-P00005,08/21/26 04:41 PM EDT,$0.39,431
20260821,MLB-TRUNS-IT5-000696G0I4R92U8-GTE-P00015,08/21/26 04:41 PM EDT,$0.46,133
20260821,NWSL-DWIN-FG-000FPQ0FI544HD8-SACW009,08/21/26 04:41 PM EDT,$0.48,100
20260821,MLB-MOVY-IT5-000696G0I4R92U8-MIRS000-GTE-P00005,08/21/26 04:42 PM EDT,$0.34,12
20260821,MLB-TRUNS-IT5-000696G0I4R92U8-GTE-P00015,08/21/26 04:42 PM EDT,$0.47,176
20260821,MLB-TRUNS-IT5-000FP271I543D0G-GTE-P00045,08/21/26 04:42 PM EDT,$0.45,26
20260821,MLB-TRUNS-IT5-000696G0I4R92U8-GTE-P00015,08/21/26 04:42 PM EDT,$0.46,55
20260821,MLB-TRUNS-IT5-000696G0I4R92U8-GTE-P00015,08/21/26 04:42 PM EDT,$0.46,53
20260821,MLB-TRUNS-IT5-000696G0I4R92U8-GTE-P00015,08/21/26 04:42 PM EDT,$0.46,71
20260821,MLB-TRUNS-I3-000696G0I4R92U8-GTE-P00005,08/21/26 04:42 PM EDT,$0.29,113
20260821,MLB-TRUNS-I3-000696G0I4R92U8-GTE-P00025,08/21/26 04:42 PM EDT,$0.02,500
20260821,MLB-TRUNS-I3-000696G0I4R92U8-GTE-P00005,08/21/26 04:43 PM EDT,$0.27,404
20260821,MLB-TRUNS-IT5-000696G0I4R92U8-GTE-P00015,08/21/26 04:43 PM EDT,$0.44,17
20260821,MLB-TRUNS-IT5-000696G0I4R92U8-GTE-P00015,08/21/26 04:43 PM EDT,$0.45,17
20260821,MLB-MOVY-IT5-000696G0I4R92U8-MIRS000-GTE-P00005,08/21/26 04:43 PM EDT,$0.36,54
20260821,MLB-TRUNS-I1-000FP462I54B208-GTE-P00015,08/21/26 04:43 PM EDT,$0.32,44
20260821,MLB-TRUNS-IT5-000696G0I4R92U8-GTE-P00025,08/21/26 04:43 PM EDT,$0.28,2
20260821,MLB-TRUNS-I4-000696G0I4R92U8-GTE-P00005,08/21/26 04:44 PM EDT,$0.32,22
20260821,MLB-TRUNS-IT5-000696G0I4R92U8-GTE-P00015,08/21/26 04:44 PM EDT,$0.43,84
20260821,MLB-TRUNS-IT5-000696G0I4R92U8-GTE-P00015,08/21/26 04:44 PM EDT,$0.46,84
20260821,MLB-MOVY-IT5-000696G0I4R92U8-MIRS000-GTE-P00005,08/21/26 04:45 PM EDT,$0.38,52
20260821,MLB-TRUNS-IT5-000696G0I4R92U8-GTE-P00015,08/21/26 04:45 PM EDT,$0.41,46
20260821,MLB-TRUNS-IT5-000696G0I4R92U8-GTE-P00015,08/21/26 04:46 PM EDT,$0.40,288
20260821,MLB-TRUNS-I4-000696G0I4R92U8-GTE-P00025,08/21/26 04:46 PM EDT,$0.02,11
20260821,MLB-TRUNS-IT5-000696G0I4R92U8-GTE-P00015,08/21/26 04:46 PM EDT,$0.41,35
20260821,MLB-TRUNS-I3-000696G0I4R92U8-GTE-P00015,08/21/26 04:46 PM EDT,$0.04,10
20260821,MLB-TRUNS-IT5-000696G0I4R92U8-GTE-P00015,08/21/26 04:46 PM EDT,$0.40,129
20260821,MLB-TRUNS-IT5-000696G0I4R92U8-GTE-P00015,08/21/26 04:46 PM EDT,$0.41,116
20260821,MLB-TRUNS-IT5-000696G0I4R92U8-GTE-P00015,08/21/26 04:46 PM EDT,$0.40,479
20260821,MLB-MOVY-IT5-000696G0I4R92U8-MIRS000-GTE-P00005,08/21/26 04:46 PM EDT,$0.45,83
20260821,MLB-TRUNS-IT5-000696G0I4R92U8-GTE-P00025,08/21/26 04:46 PM EDT,$0.22,25
20260821,MLB-TRUNS-IT5-000696G0I4R92U8-GTE-P00025,08/21/26 04:46 PM EDT,$0.22,150
20260821,MLB-TRUNS-IT5-000696G0I4R92U8-GTE-P00015,08/21/26 04:47 PM EDT,$0.41,47
20260821,MLB-TRUNS-I4-000696G0I4R92U8-GTE-P00005,08/21/26 04:47 PM EDT,$0.31,14
20260821,MLB-PHRR-FG-000696G0I4R92U8-JARS000-GTE-P00005,08/21/26 04:47 PM EDT,$0.49,29
20260821,MLB-TRUNS-IT5-000696G0I4R92U8-GTE-P00015,08/21/26 04:47 PM EDT,$0.39,103
20260821,MLB-TRUNS-I4-000696G0I4R92U8-GTE-P00005,08/21/26 04:47 PM EDT,$0.31,161
20260821,MLB-TRUNS-I4-000696G0I4R92U8-GTE-P00025,08/21/26 04:48 PM EDT,$0.02,10
20260821,MLB-TRUNS-I3-000696G0I4R92U8-GTE-P00005,08/21/26 04:49 PM EDT,$0.30,11
20260821,MLB-TRUNS-I3-000696G0I4R92U8-GTE-P00025,08/21/26 04:49 PM EDT,$0.03,11
20260821,MLB-TRUNS-IT5-000696G0I4R92U8-GTE-P00015,08/21/26 04:49 PM EDT,$0.46,89
20260821,MLB-PHRR-FG-000FP462I54B208-JOLL002-GTE-P00015,08/21/26 04:49 PM EDT,$0.50,9
20260821,MLB-TRUNS-IT5-000696G0I4R92U8-GTE-P00015,08/21/26 04:49 PM EDT,$0.46,17
20260821,MLB-TRUNS-I4-000696G0I4R92U8-GTE-P00005,08/21/26 04:49 PM EDT,$0.40,22
20260821,MLB-TRUNS-IT5-000696G0I4R92U8-GTE-P00025,08/21/26 04:50 PM EDT,$0.55,22
20260821,MLB-TRUNS-IT5-000696G0I4R92U8-GTE-P00025,08/21/26 04:50 PM EDT,$0.55,2
20260821,MLB-MOVY-IT5-000696G0I4R92U8-MIRS000-GTE-P00015,08/21/26 04:50 PM EDT,$0.44,19
20260821,MLB-TRUNS-I3-000696G0I4R92U8-GTE-P00005,08/21/26 04:50 PM EDT,$0.79,84
20260821,MLB-TRUNS-IT5-000696G0I4R92U8-GTE-P00025,08/21/26 04:50 PM EDT,$0.48,88
20260821,MLB-TRUNS-I6-000696G0I4R92U8-GTE-P00005,08/21/26 04:50 PM EDT,$0.39,4
20260821,MLB-MOVY-IT5-000696G0I4R92U8-MIRS000-GTE-P00015,08/21/26 04:50 PM EDT,$0.48,264
20260821,MLB-PHRR-FG-000FP462I54B208-KAER000-GTE-P00015,08/21/26 04:50 PM EDT,$0.40,23
20260821,MLB-TRUNS-IT5-000696G0I4R92U8-GTE-P00015,08/21/26 04:51 PM EDT,$0.70,103
20260821,MLB-TRUNS-I2-000FPR4SI545PC8-GTE-P00005,08/21/26 04:51 PM EDT,$0.37,38
20260821,MLB-TRUNS-IT5-000696G0I4R92U8-GTE-P00025,08/21/26 04:51 PM EDT,$0.48,714
20260821,MLB-TRUNS-IT5-000696G0I4R92U8-GTE-P00015,08/21/26 04:51 PM EDT,$0.56,45
20260821,MLB-MOVY-IT5-000696G0I4R92U8-MIRS000-GTE-P00005,08/21/26 04:52 PM EDT,$0.64,244
20260821,MLB-MOVY-IT5-000696G0I4R92U8-MIRS000-GTE-P00005,08/21/26 04:52 PM EDT,$0.64,559
20260821,MLB-WIN-IT5-000696G0I4R92U8-ATES000,08/21/26 04:52 PM EDT,$0.20,55
20260821,MLB-TRUNS-IT5-000696G0I4R92U8-GTE-P00025,08/21/26 04:52 PM EDT,$0.33,89
20260821,MLB-TRUNS-IT5-000696G0I4R92U8-GTE-P00015,08/21/26 04:52 PM EDT,$0.55,39
20260821,NWSL-DWIN-FG-000FPQ0FI544HD8-UTSW003,08/21/26 04:53 PM EDT,$0.26,103
20260821,MLB-TRUNS-I4-000696G0I4R92U8-GTE-P00005,08/21/26 04:53 PM EDT,$0.39,24
20260821,MLB-MOVY-IT5-000696G0I4R92U8-MIRS000-GTE-P00015,08/21/26 04:53 PM EDT,$0.61,2
20260821,MLB-MOVY-IT5-000696G0I4R92U8-MIRS000-GTE-P00015,08/21/26 04:53 PM EDT,$0.61,1
20260821,MLB-TRUNS-IT5-000696G0I4R92U8-GTE-P00025,08/21/26 04:53 PM EDT,$0.58,16
20260821,MLB-TRUNS-I3-000696G0I4R92U8-GTE-P00015,08/21/26 04:53 PM EDT,$0.62,23
20260821,MLB-WIN-IT5-000696G0I4R92U8-MIRS000,08/21/26 04:53 PM EDT,$0.93,278
20260821,MLB-TRUNS-IT5-000696G0I4R92U8-GTE-P00025,08/21/26 04:53 PM EDT,$0.57,666
20260821,MLB-TRUNS-IT5-000696G0I4R92U8-GTE-P00025,08/21/26 04:53 PM EDT,$0.58,23
20260821,MLB-MOVY-IT5-000696G0I4R92U8-MIRS000-GTE-P00015,08/21/26 04:53 PM EDT,$0.64,541
20260821,MLB-MOVY-IT5-000696G0I4R92U8-MIRS000-GTE-P00015,08/21/26 04:53 PM EDT,$0.64,24
20260821,MLB-TRUNS-I3-000696G0I4R92U8-GTE-P00015,08/21/26 04:54 PM EDT,$0.62,48
20260821,MLB-WIN-IT5-000696G0I4R92U8-MIRS000,08/21/26 04:54 PM EDT,$0.94,55
20260821,MLB-TRUNS-I3-000696G0I4R92U8-GTE-P00015,08/21/26 04:54 PM EDT,$0.68,1
20260821,MLB-WIN-IT5-000696G0I4R92U8-ATES000,08/21/26 04:54 PM EDT,$0.08,2174
20260821,MLB-TRUNS-I3-000696G0I4R92U8-GTE-P00035,08/21/26 04:54 PM EDT,$0.09,26
20260821,MLB-TRUNS-IT5-000696G0I4R92U8-GTE-P00045,08/21/26 04:54 PM EDT,$0.23,520
20260821,MLB-TRUNS-I3-000696G0I4R92U8-GTE-P00015,08/21/26 04:54 PM EDT,$0.55,19
20260821,MLB-WIN-IT5-000696G0I4R92U8-MIRS000,08/21/26 04:55 PM EDT,$0.90,335
20260821,MLB-MOVY-IT5-000696G0I4R92U8-MIRS000-GTE-P00025,08/21/26 04:55 PM EDT,$0.36,113
20260821,MLB-TRUNS-IT5-000696G0I4R92U8-GTE-P00025,08/21/26 04:55 PM EDT,$0.62,147
20260821,MLB-WIN-IT5-000696G0I4R92U8-ATES000,08/21/26 04:55 PM EDT,$0.07,175
20260821,MLB-PHRR-FG-000FPR2RI545P9G-LUEZ000-GTE-P00025,08/21/26 04:56 PM EDT,$0.43,6
20260821,MLB-PHRR-FG-000FPR4SI545PC8-NAEZ001-GTE-P00025,08/21/26 04:56 PM EDT,$0.24,11
20260821,MLB-PHRR-FG-000FPR2RI545P9G-JOER005-GTE-P00025,08/21/26 04:56 PM EDT,$0.33,8
20260821,MLB-PHRR-FG-000FP242I543CMO-YOEZ000-GTE-P00025,08/21/26 04:56 PM EDT,$0.48,6
20260821,MLB-TRUNS-I3-000696G0I4R92U8-GTE-P00025,08/21/26 04:56 PM EDT,$0.03,11
20260821,MLB-WIN-IT5-000696G0I4R92U8-MIRS000,08/21/26 04:56 PM EDT,$0.94,333
20260821,MLB-WIN-IT5-000696G0I4R92U8-ATES000,08/21/26 04:56 PM EDT,$0.06,2128
20260821,MLB-TRUNS-IT5-000696G0I4R92U8-GTE-P00015,08/21/26 04:56 PM EDT,$0.99,33
20260821,MLB-TRUNS-IT5-000696G0I4R92U8-GTE-P00025,08/21/26 04:56 PM EDT,$0.62,20
20260821,MLB-TRUNS-IT5-000696G0I4R92U8-GTE-P00025,08/21/26 04:56 PM EDT,$0.60,80
20260821,MLB-TRUNS-IT5-000696G0I4R92U8-GTE-P00025,08/21/26 04:56 PM EDT,$0.61,138
20260821,MLB-TRUNS-I4-000696G0I4R92U8-GTE-P00025,08/21/26 04:56 PM EDT,$0.09,50
20260821,MLB-TRUNS-IT5-000696G0I4R92U8-GTE-P00025,08/21/26 04:56 PM EDT,$0.61,238
20260821,MLB-WIN-IT5-000696G0I4R92U8-ATES000,08/21/26 04:56 PM EDT,$0.06,2128
20260821,MLB-WIN-IT5-000696G0I4R92U8-MIRS000,08/21/26 04:56 PM EDT,$0.94,17
20260821,MLB-TRUNS-IT5-000696G0I4R92U8-GTE-P00025,08/21/26 04:56 PM EDT,$0.61,117
20260821,MLB-MOVY-IT5-000696G0I4R92U8-MIRS000-GTE-P00025,08/21/26 04:56 PM EDT,$0.34,18
20260821,MLB-WIN-IT5-000FP462I54B208-MINS000,08/21/26 04:56 PM EDT,$0.49,600
20260821,MLB-PHRR-FG-000FP41SI54B2VO-SHNI001-GTE-P00035,08/21/26 04:56 PM EDT,$0.34,4
20260821,MLB-WIN-IT5-000FP462I54B208-MINS000,08/21/26 04:57 PM EDT,$0.49,392
20260821,MLB-MOVY-IT5-000696G0I4R92U8-MIRS000-GTE-P00005,08/21/26 04:57 PM EDT,$0.94,150
20260821,MLB-WIN-IT5-000FP462I54B208-MINS000,08/21/26 04:57 PM EDT,$0.49,184
20260821,MLB-WIN-IT5-000696G0I4R92U8-ATES000,08/21/26 04:57 PM EDT,$0.07,600
20260821,MLB-WIN-IT5-000696G0I4R92U8-ATES000,08/21/26 04:57 PM EDT,$0.08,150
20260821,MLB-WIN-IT5-000696G0I4R92U8-MIRS000,08/21/26 04:57 PM EDT,$0.92,123
20260821,MLB-MOVY-IT5-000696G0I4R92U8-MIRS000-GTE-P00005,08/21/26 04:57 PM EDT,$0.94,40
20260821,MLB-TRUNS-IT5-000696G0I4R92U8-GTE-P00025,08/21/26 04:57 PM EDT,$0.57,55
20260821,MLB-TRUNS-IT5-000696G0I4R92U8-GTE-P00025,08/21/26 04:57 PM EDT,$0.57,100
20260821,MLB-TRUNS-IT5-000696G0I4R92U8-GTE-P00025,08/21/26 04:57 PM EDT,$0.58,333
20260821,MLB-WIN-IT5-000FP462I54B208-MINS000,08/21/26 04:57 PM EDT,$0.49,24
20260821,MLB-TRUNS-IT5-000696G0I4R92U8-GTE-P00025,08/21/26 04:57 PM EDT,$0.57,44
20260821,MLB-TRUNS-I5-000696G0I4R92U8-GTE-P00015,08/21/26 04:57 PM EDT,$0.12,10
20260821,MLB-WIN-IT5-000FP462I54B208-MINS000,08/21/26 04:57 PM EDT,$0.49,172
20260821,MLB-TRUNS-IT5-000696G0I4R92U8-GTE-P00025,08/21/26 04:57 PM EDT,$0.58,16
20260821,MLB-MOVY-IT5-000696G0I4R92U8-MIRS000-GTE-P00005,08/21/26 04:57 PM EDT,$0.94,5
20260821,MLB-TRUNS-I5-000696G0I4R92U8-GTE-P00005,08/21/26 04:57 PM EDT,$0.37,25
20260821,MLB-TRUNS-I5-000696G0I4R92U8-GTE-P00005,08/21/26 04:57 PM EDT,$0.37,256
20260821,MLB-TRUNS-I5-000696G0I4R92U8-GTE-P00005,08/21/26 04:58 PM EDT,$0.37,344
20260821,MLB-TRUNS-IT5-000696G0I4R92U8-GTE-P00025,08/21/26 04:58 PM EDT,$0.57,22
20260821,MLB-WIN-IT5-000696G0I4R92U8-MIRS000,08/21/26 04:58 PM EDT,$0.94,10
20260821,MLB-TRUNS-IT5-000696G0I4R92U8-GTE-P00025,08/21/26 04:58 PM EDT,$0.57,995
20260821,MLB-TRUNS-I5-000696G0I4R92U8-GTE-P00005,08/21/26 04:58 PM EDT,$0.37,14
20260821,MLB-TRUNS-IT5-000696G0I4R92U8-GTE-P00025,08/21/26 04:58 PM EDT,$0.56,108
20260821,MLB-MOVY-IT5-000696G0I4R92U8-MIRS000-GTE-P00025,08/21/26 04:58 PM EDT,$0.28,436
20260821,MLB-WIN-IT5-000FPQ64I544HVO-BAES000,08/21/26 04:58 PM EDT,$0.56,9
20260821,MLB-WIN-IT5-000696G0I4R92U8-ATES000,08/21/26 04:58 PM EDT,$0.07,250
20260821,MLB-TRUNS-IT5-000696G0I4R92U8-GTE-P00025,08/21/26 04:58 PM EDT,$0.57,40
20260821,MLB-TRUNS-IT5-000696G0I4R92U8-GTE-P00015,08/21/26 04:58 PM EDT,$0.99,46
20260821,MLB-TRUNS-IT5-000696G0I4R92U8-GTE-P00025,08/21/26 04:58 PM EDT,$0.56,21
20260821,MLB-TRUNS-IT5-000FPR2RI545P9G-GTE-P00045,08/21/26 04:58 PM EDT,$0.46,35
20260821,MLB-WIN-IT5-000FP462I54B208-MINS000,08/21/26 04:58 PM EDT,$0.49,392
20260821,MLB-WIN-IT5-000696G0I4R92U8-ATES000,08/21/26 04:58 PM EDT,$0.06,191
20260821,MLB-TRUNS-I4-000696G0I4R92U8-GTE-P00005,08/21/26 04:58 PM EDT,$0.39,48
20260821,MLB-TRUNS-I4-000696G0I4R92U8-GTE-P00005,08/21/26 04:58 PM EDT,$0.39,243
20260821,MLB-TRUNS-I4-000696G0I4R92U8-GTE-P00005,08/21/26 04:58 PM EDT,$0.31,61
20260821,MLB-WIN-IT5-000FP462I54B208-MINS000,08/21/26 04:58 PM EDT,$0.49,208
20260821,MLB-TRUNS-IT5-000696G0I4R92U8-GTE-P00025,08/21/26 04:58 PM EDT,$0.56,217
20260821,MLB-TRUNS-IT5-000696G0I4R92U8-GTE-P00025,08/21/26 04:59 PM EDT,$0.56,217
20260821,MLB-TRUNS-IT5-000696G0I4R92U8-GTE-P00025,08/21/26 04:59 PM EDT,$0.56,55
20260821,MLB-TRUNS-IT5-000696G0I4R92U8-GTE-P00025,08/21/26 04:59 PM EDT,$0.57,77
20260821,MLB-PHRR-FG-000FPR2RI545P9G-KYER003-GTE-P00035,08/21/26 04:59 PM EDT,$0.32,3
20260821,MLB-TRUNS-IT5-000696G0I4R92U8-GTE-P00025,08/21/26 04:59 PM EDT,$0.58,21
20260821,MLB-TRUNS-IT5-000696G0I4R92U8-GTE-P00025,08/21/26 04:59 PM EDT,$0.58,2
20260821,MLB-TRUNS-IT5-000696G0I4R92U8-GTE-P00025,08/21/26 04:59 PM EDT,$0.58,4
20260821,MLB-TRUNS-IT5-000696G0I4R92U8-GTE-P00025,08/21/26 04:59 PM EDT,$0.58,49
20260821,MLB-PHRR-FG-000FP22AI543DI8-MUMI000-GTE-P00015,08/21/26 04:59 PM EDT,$0.49,4
20260824,MLB-WIN-IT5-000FPR4TI545OUG-SFTS000,08/21/26 05:00 PM EDT,$0.42,48
20260824,MLB-TRUNS-IT5-000696G0I4R92U8-GTE-P00025,08/21/26 05:00 PM EDT,$0.57,8
20260824,MLB-TRUNS-IT5-000FPR2RI545P9G-GTE-P00045,08/21/26 05:00 PM EDT,$0.47,36
20260824,MLB-TRUNS-IT5-000696G0I4R92U8-GTE-P00025,08/21/26 05:00 PM EDT,$0.57,333
20260824,MLB-TRUNS-I4-000696G0I4R92U8-GTE-P00005,08/21/26 05:00 PM EDT,$0.31,105
20260824,MLB-WIN-IT5-000FP404I54B3T0-CHBS000,08/21/26 05:00 PM EDT,$0.49,10
20260824,MLB-TRUNS-IT5-000696G0I4R92U8-GTE-P00025,08/21/26 05:00 PM EDT,$0.58,22
20260824,MLB-TRUNS-IT5-000696G0I4R92U8-GTE-P00025,08/21/26 05:00 PM EDT,$0.58,22
20260824,MLB-TRUNS-IT5-000696G0I4R92U8-GTE-P00025,08/21/26 05:00 PM EDT,$0.59,59
20260824,MLB-WIN-IT5-000696G0I4R92U8-ATES000,08/21/26 05:00 PM EDT,$0.07,177
20260824,MLB-TRUNS-IT5-000696G0I4R92U8-GTE-P00025,08/21/26 05:00 PM EDT,$0.60,23
20260824,MLB-TRUNS-IT5-000696G0I4R92U8-GTE-P00025,08/21/26 05:01 PM EDT,$0.58,39
20260824,LIGAMX-BTMSC-FG-014F36C2L88MDH0-BINARY,08/21/26 05:01 PM EDT,$0.54,19
20260824,MLB-TRUNS-IT5-000696G0I4R92U8-GTE-P00025,08/21/26 05:01 PM EDT,$0.58,113
20260824,MLB-TRUNS-IT5-000696G0I4R92U8-GTE-P00025,08/21/26 05:01 PM EDT,$0.52,100
20260824,MLB-TRUNS-IT5-000696G0I4R92U8-GTE-P00025,08/21/26 05:01 PM EDT,$0.52,50
20260824,MLB-MOVY-IT5-000FPR2RI545P9G-PHES000-GTE-P00015,08/21/26 05:01 PM EDT,$0.44,1
20260824,MLB-TRUNS-IT5-000696G0I4R92U8-GTE-P00025,08/21/26 05:01 PM EDT,$0.52,82
20260824,MLB-WIN-IT5-000FP271I543D0G-DERS000,08/21/26 05:01 PM EDT,$0.50,48
20260824,MLB-WIN-IT5-000696G0I4R92U8-MIRS000,08/21/26 05:01 PM EDT,$0.96,15
20260824,MLB-TRUNS-IT5-000696G0I4R92U8-GTE-P00025,08/21/26 05:01 PM EDT,$0.51,41
20260824,MLB-MOVY-IT5-000696G0I4R92U8-MIRS000-GTE-P00025,08/21/26 05:01 PM EDT,$0.30,131
20260824,MLB-WIN-IT5-000696G0I4R92U8-MIRS000,08/21/26 05:01 PM EDT,$0.96,5
20260824,MLB-TRUNS-IT5-000696G0I4R92U8-GTE-P00025,08/21/26 05:01 PM EDT,$0.51,37
20260824,MLB-TRUNS-IT5-000696G0I4R92U8-GTE-P00025,08/21/26 05:02 PM EDT,$0.51,11
20260824,MLB-TRUNS-IT5-000696G0I4R92U8-GTE-P00025,08/21/26 05:02 PM EDT,$0.51,21
20260824,MLB-PHRR-FG-000FP271I543D0G-DIER000-GTE-P00025,08/21/26 05:02 PM EDT,$0.37,17
20260824,MLB-MOVY-IT5-000696G0I4R92U8-MIRS000-GTE-P00025,08/21/26 05:02 PM EDT,$0.30,36
20260824,MLB-WIN-IT5-000FPUUVI541HNG-CLNS000,08/21/26 05:02 PM EDT,$0.58,25
20260824,MLB-TRUNS-IT5-000696G0I4R92U8-GTE-P00025,08/21/26 05:02 PM EDT,$0.50,140
20260824,MLB-TRUNS-IT5-000696G0I4R92U8-GTE-P00025,08/21/26 05:02 PM EDT,$0.50,150
20260824,MLB-TRUNS-IT5-000696G0I4R92U8-GTE-P00025,08/21/26 05:02 PM EDT,$0.51,196
20260824,MLB-TRUNS-IT5-000696G0I4R92U8-GTE-P00025,08/21/26 05:02 PM EDT,$0.51,21
20260824,MLB-WIN-IT5-000FP462I54B208-MINS000,08/21/26 05:02 PM EDT,$0.48,600
20260824,MLB-WIN-IT5-000FP462I54B208-MINS000,08/21/26 05:02 PM EDT,$0.48,588
20260824,MLB-TRUNS-IT5-000696G0I4R92U8-GTE-P00025,08/21/26 05:02 PM EDT,$0.49,19
20260824,MLB-TRUNS-IT5-000696G0I4R92U8-GTE-P00025,08/21/26 05:02 PM EDT,$0.48,175
20260824,MLB-TRUNS-IT5-000696G0I4R92U8-GTE-P00025,08/21/26 05:02 PM EDT,$0.48,600
20260824,MLB-TRUNS-IT5-000696G0I4R92U8-GTE-P00025,08/21/26 05:02 PM EDT,$0.48,150
20260824,MLB-TRUNS-IT5-000696G0I4R92U8-GTE-P00025,08/21/26 05:02 PM EDT,$0.49,49
20260824,MLB-WIN-IT5-000696G0I4R92U8-MIRS000,08/21/26 05:02 PM EDT,$0.96,20
20260824,MLB-TRUNS-IT5-000696G0I4R92U8-GTE-P00025,08/21/26 05:02 PM EDT,$0.49,505
20260824,MLB-MOVY-IT5-000696G0I4R92U8-MIRS000-GTE-P00025,08/21/26 05:03 PM EDT,$0.32,42
20260824,MLB-WIN-IT5-000696G0I4R92U8-MIRS000,08/21/26 05:03 PM EDT,$0.97,10
20260824,MLB-TRUNS-IT5-000696G0I4R92U8-GTE-P00025,08/21/26 05:03 PM EDT,$0.48,462
20260824,MLB-WIN-IT5-000696G0I4R92U8-MIRS000,08/21/26 05:03 PM EDT,$0.97,5
20260824,MLB-TRUNS-IT5-000696G0I4R92U8-GTE-P00025,08/21/26 05:03 PM EDT,$0.50,37
20260824,MLB-TRUNS-IT5-000696G0I4R92U8-GTE-P00025,08/21/26 05:03 PM EDT,$0.48,18
20260824,MLB-PHRR-FG-000FPQ64I544HVO-CHON002-GTE-P00025,08/21/26 05:03 PM EDT,$0.29,32
20260824,MLB-TRUNS-IT5-000696G0I4R92U8-GTE-P00025,08/21/26 05:03 PM EDT,$0.48,185
20260824,MLB-WIN-IT5-00069L89I4RE7OO-TOYS000,08/21/26 05:03 PM EDT,$0.36,263
20260824,MLB-MOVY-IT5-000FP22AI543DI8-CHOX000-GTE-P00005,08/21/26 05:04 PM EDT,$0.43,25
20260824,MLB-MOVY-IT5-000696G0I4R92U8-MIRS000-GTE-P00025,08/21/26 05:04 PM EDT,$0.34,97
20260824,MLB-TRUNS-IT5-000696G0I4R92U8-GTE-P00015,08/21/26 05:04 PM EDT,$0.99,47
20260824,MLB-TRUNS-IT5-000696G0I4R92U8-GTE-P00045,08/21/26 05:04 PM EDT,$0.13,2
20260824,MLB-PHRR-FG-000FPQ64I544HVO-SALO001-GTE-P00015,08/21/26 05:04 PM EDT,$0.50,38
20260824,MLB-TRUNS-IT5-000696G0I4R92U8-GTE-P00025,08/21/26 05:04 PM EDT,$0.47,61
20260824,MLB-PHRR-FG-000FPR2RI545P9G-LUEZ000-GTE-P00015,08/21/26 05:04 PM EDT,$0.62,23
20260824,MLB-TRUNS-IT5-000696G0I4R92U8-GTE-P00045,08/21/26 05:05 PM EDT,$0.14,2
20260824,MLB-TRUNS-IT5-000696G0I4R92U8-GTE-P00045,08/21/26 05:05 PM EDT,$0.12,4
20260824,MLB-TRUNS-IT5-000696G0I4R92U8-GTE-P00045,08/21/26 05:05 PM EDT,$0.12,1
20260824,MLB-WIN-IT5-000696G0I4R92U8-MIRS000,08/21/26 05:05 PM EDT,$0.98,4
20260824,MLB-WIN-IT5-000FP462I54B208-MINS000,08/21/26 05:05 PM EDT,$0.48,10
20260824,MLB-TRUNS-IT5-000696G0I4R92U8-GTE-P00025,08/21/26 05:05 PM EDT,$0.47,81
20260824,MLB-TRUNS-I4-000696G0I4R92U8-GTE-P00005,08/21/26 05:05 PM EDT,$0.24,11
20260824,MLB-WIN-IT5-000696G0I4R92U8-MIRS000,08/21/26 05:05 PM EDT,$0.98,5
20260824,MLB-TRUNS-IT5-000696G0I4R92U8-GTE-P00025,08/21/26 05:05 PM EDT,$0.46,10
20260824,MLB-MOVY-IT5-000696G0I4R92U8-MIRS000-GTE-P00025,08/21/26 05:05 PM EDT,$0.34,139
20260824,MLB-MOVY-IT5-000696G0I4R92U8-MIRS000-GTE-P00025,08/21/26 05:05 PM EDT,$0.33,15
20260824,NWSL-DWIN-FG-000FPQ0FI544HD8-UTSW003,08/21/26 05:05 PM EDT,$0.26,35
20260824,MLB-TRUNS-IT5-000696G0I4R92U8-GTE-P00025,08/21/26 05:06 PM EDT,$0.47,202
20260824,MLB-TRUNS-IT5-000696G0I4R92U8-GTE-P00025,08/21/26 05:06 PM EDT,$0.47,217
20260824,MLB-TRUNS-IT5-000696G0I4R92U8-GTE-P00025,08/21/26 05:06 PM EDT,$0.46,58
20260824,MLB-WIN-IT5-000696G0I4R92U8-MIRS000,08/21/26 05:06 PM EDT,$0.98,508
20260824,MLB-TRUNS-I5-000FP41SI54B2VO-GTE-P00005,08/21/26 05:06 PM EDT,$0.50,193
20260824,MLB-PHRR-FG-00069L89I4RE7OO-BECE001-GTE-P00015,08/21/26 05:06 PM EDT,$0.52,22
20260824,MLB-TRUNS-I7-000696G0I4R92U8-GTE-P00005,08/21/26 05:06 PM EDT,$0.33,21
20260824,MLB-TRUNS-IT5-000696G0I4R92U8-GTE-P00025,08/21/26 05:06 PM EDT,$0.45,150
20260824,MLB-TRUNS-IT5-000696G0I4R92U8-GTE-P00025,08/21/26 05:06 PM EDT,$0.45,28
20260824,MLB-WIN-IT5-000696G0I4R92U8-MIRS000,08/21/26 05:06 PM EDT,$0.96,510
20260824,MLB-TRUNS-IT5-000696G0I4R92U8-GTE-P00025,08/21/26 05:06 PM EDT,$0.46,92
20260824,MLB-WIN-IT5-000696G0I4R92U8-MIRS000,08/21/26 05:06 PM EDT,$0.96,90
20260824,MLB-TRUNS-I4-000696G0I4R92U8-GTE-P00015,08/21/26 05:07 PM EDT,$0.04,10
20260824,MLB-TRUNS-I1-000FP20FI543DE8-GTE-P00005,08/21/26 05:07 PM EDT,$0.41,4
20260824,MLB-WIN-IT5-000696G0I4R92U8-MIRS000,08/21/26 05:07 PM EDT,$0.97,11
20260824,MLB-PHRR-FG-000FP404I54B3T0-PENG000-GTE-P00025,08/21/26 05:07 PM EDT,$0.41,46
20260824,MLB-TRUNS-IT5-000FPUUOI541HG8-GTE-P00045,08/21/26 05:07 PM EDT,$0.48,30
20260824,MLB-MOVY-IT5-000696G0I4R92U8-MIRS000-GTE-P00015,08/21/26 05:07 PM EDT,$0.87,264
20260824,MLB-WIN-IT5-000696G0I4R92U8-MIRS000,08/21/26 05:07 PM EDT,$0.97,1
20260824,MLB-WIN-IT5-000696G0I4R92U8-MIRS000,08/21/26 05:08 PM EDT,$0.98,70
20260824,MLB-TRUNS-I4-000696G0I4R92U8-GTE-P00005,08/21/26 05:08 PM EDT,$0.07,5
20260824,MLB-WIN-IT5-000696G0I4R92U8-MIRS000,08/21/26 05:08 PM EDT,$0.94,75
20260824,MLB-PHRR-FG-000FP22AI543DI8-MUMI000-GTE-P00015,08/21/26 05:08 PM EDT,$0.49,5
20260824,MLB-WIN-IT5-000696G0I4R92U8-MIRS000,08/21/26 05:08 PM EDT,$0.98,11
20260824,MLB-WIN-IT5-000FP271I543D0G-KCLS000,08/21/26 05:08 PM EDT,$0.51,1
20260824,MLB-TRUNS-IT5-000FP41SI54B2VO-GTE-P00045,08/21/26 05:08 PM EDT,$0.47,30
20260824,MLB-WIN-IT5-000696G0I4R92U8-MIRS000,08/21/26 05:09 PM EDT,$0.94,150
20260824,MLB-WIN-IT5-000696G0I4R92U8-MIRS000,08/21/26 05:09 PM EDT,$0.94,150
20260824,MLB-PHRR-FG-000FP41SI54B2VO-SHNI001-GTE-P00015,08/21/26 05:09 PM EDT,$0.61,15
20260824,MLB-WIN-IT5-000696G0I4R92U8-MIRS000,08/21/26 05:09 PM EDT,$0.96,312
20260824,MLB-TRUNS-IT5-000696G0I4R92U8-GTE-P00025,08/21/26 05:09 PM EDT,$0.40,5
20260824,MLB-TRUNS-I5-000696G0I4R92U8-GTE-P00025,08/21/26 05:09 PM EDT,$0.03,17
20260824,MLB-TRUNS-I1-00069L89I4RE7OO-GTE-P00035,08/21/26 05:09 PM EDT,$0.01,10
20260824,MLB-WIN-IT5-000696G0I4R92U8-MIRS000,08/21/26 05:09 PM EDT,$0.98,10
20260824,MLB-TRUNS-I5-000696G0I4R92U8-GTE-P00025,08/21/26 05:09 PM EDT,$0.03,6
20260824,MLB-PHRR-FG-000FP271I543D0G-SPON000-GTE-P00015,08/21/26 05:09 PM EDT,$0.45,4
20260824,MLB-TRUNS-I1-000FPR4TI545OUG-GTE-P00025,08/21/26 05:09 PM EDT,$0.06,5
20260824,MLB-TRUNS-IT5-000696G0I4R92U8-GTE-P00025,08/21/26 05:09 PM EDT,$0.35,83
20260824,MLB-TRUNS-IT5-000696G0I4R92U8-GTE-P00025,08/21/26 05:10 PM EDT,$0.36,42
20260824,MLB-WIN-IT5-000FP271I543D0G-DERS000,08/21/26 05:10 PM EDT,$0.50,5
20260824,LIGAMX-TGLS-FG-03I7Q776EMAGSIG-GTE-P00015,08/21/26 05:10 PM EDT,$0.79,43
20260824,MLB-WIN-IT5-000696G0I4R92U8-MIRS000,08/21/26 05:10 PM EDT,$0.98,10
20260824,MLB-TRUNS-I5-000696G0I4R92U8-GTE-P00025,08/21/26 05:10 PM EDT,$0.11,23
20260824,MLB-TRUNS-I5-000696G0I4R92U8-GTE-P00005,08/21/26 05:10 PM EDT,$0.37,25
20260824,MLB-WIN-IT5-000696G0I4R92U8-MIRS000,08/21/26 05:10 PM EDT,$0.98,505
20260824,MLB-WIN-IT5-000696G0I4R92U8-MIRS000,08/21/26 05:10 PM EDT,$0.98,5
20260824,MLB-WIN-IT5-000696G0I4R92U8-MIRS000,08/21/26 05:10 PM EDT,$0.98,126
20260824,MLB-PHRR-FG-00069L89I4RE7OO-BECE001-GTE-P00015,08/21/26 05:10 PM EDT,$0.52,41
20260824,MLB-WIN-IT5-000696G0I4R92U8-MIRS000,08/21/26 05:11 PM EDT,$0.98,10
20260824,MLB-PHRR-FG-000696G0I4R92U8-ROJR000-GTE-P00015,08/21/26 05:11 PM EDT,$0.23,300
20260824,MLB-WIN-IT5-000696G0I4R92U8-MIRS000,08/21/26 05:11 PM EDT,$0.98,5
20260824,MLB-TRUNS-IT5-000696G0I4R92U8-GTE-P00025,08/21/26 05:11 PM EDT,$0.34,294
20260824,LIGAMX-BTMSC-FG-014F36C2L88MDH0-BINARY,08/21/26 05:11 PM EDT,$0.54,6
20260824,MLB-TRUNS-IT5-000696G0I4R92U8-GTE-P00025,08/21/26 05:11 PM EDT,$0.34,48
20260824,MLB-TRUNS-IT5-000FPR4TI545OUG-GTE-P00035,08/21/26 05:12 PM EDT,$0.53,20
20260824,MLB-TRUNS-IT5-000696G0I4R92U8-GTE-P00025,08/21/26 05:12 PM EDT,$0.32,387
20260824,MLB-WIN-IT5-000696G0I4R92U8-MIRS000,08/21/26 05:12 PM EDT,$0.97,11
20260824,MLB-TRUNS-IT5-000696G0I4R92U8-GTE-P00025,08/21/26 05:12 PM EDT,$0.33,18
20260824,MLB-WIN-IT5-000FP462I54B208-MINS000,08/21/26 05:12 PM EDT,$0.48,200
20260824,MLB-WIN-IT5-000696G0I4R92U8-ATES000,08/21/26 05:12 PM EDT,$0.05,5
20260824,MLB-WIN-IT5-000696G0I4R92U8-MIRS000,08/21/26 05:12 PM EDT,$0.94,31
20260824,MLB-PHRR-FG-000FPUUOI541HG8-GANO000-GTE-P00015,08/21/26 05:13 PM EDT,$0.59,1
20260824,MLB-PHRR-FG-000FP271I543D0G-VINO000-GTE-P00005,08/21/26 05:13 PM EDT,$0.71,2
20260824,MLB-PHRR-FG-000FP242I543CMO-CATH000-GTE-P00005,08/21/26 05:13 PM EDT,$0.72,2
20260824,MLB-PHRR-FG-000FPQ64I544HVO-GUON000-GTE-P00005,08/21/26 05:13 PM EDT,$0.72,2
20260824,MLB-PHRR-FG-000FPR4SI545PC8-ANRO001-GTE-P00005,08/21/26 05:13 PM EDT,$0.63,3
20260824,MLB-PHRR-FG-000FP22AI543DI8-RAUK000-GTE-P00015,08/21/26 05:13 PM EDT,$0.53,1
20260824,MLB-PHRR-FG-000FPR4SI545PC8-GRNE000-GTE-P00005,08/21/26 05:13 PM EDT,$0.70,2
20260824,MLB-PHRR-FG-000FPQ64I544HVO-PESO000-GTE-P00015,08/21/26 05:13 PM EDT,$0.55,1
20260824,MLB-PHRR-FG-000FP462I54B208-FEJR000-GTE-P00015,08/21/26 05:13 PM EDT,$0.58,2
20260824,MLB-PHRR-FG-000FPUUVI541HNG-NAWE000-GTE-P00015,08/21/26 05:13 PM EDT,$0.64,3
20260824,MLB-PHRR-FG-000FP271I543D0G-JANE000-GTE-P00015,08/21/26 05:13 PM EDT,$0.54,3
20260824,MLB-PHRR-FG-000FPR4TI545OUG-WIEU000-GTE-P00015,08/21/26 05:13 PM EDT,$0.58,1
20260824,MLB-TRUNS-IT5-000696G0I4R92U8-GTE-P00025,08/21/26 05:13 PM EDT,$0.32,184
20260824,MLB-TRUNS-IT5-000696G0I4R92U8-GTE-P00025,08/21/26 05:13 PM EDT,$0.32,71
20260824,MLB-TRUNS-IT5-000696G0I4R92U8-GTE-P00025,08/21/26 05:13 PM EDT,$0.32,38
20260824,MLB-TRUNS-IT5-000696G0I4R92U8-GTE-P00025,08/21/26 05:13 PM EDT,$0.33,23
20260824,MLB-WIN-IT5-000696G0I4R92U8-MIRS000,08/21/26 05:13 PM EDT,$0.94,169
20260824,LIGAMX-MOVY-FG-00CBOUVGKS1OM6O-ATFC010-GTE-P00015,08/21/26 05:13 PM EDT,$0.04,11
20260824,MLB-TRUNS-IT5-000696G0I4R92U8-GTE-P00025,08/21/26 05:13 PM EDT,$0.32,36
20260824,MLB-WIN-IT5-000696G0I4R92U8-MIRS000,08/21/26 05:13 PM EDT,$0.94,35
20260824,MLB-TRUNS-IT5-000696G0I4R92U8-GTE-P00025,08/21/26 05:13 PM EDT,$0.34,138
20260824,MLB-WIN-IT5-000696G0I4R92U8-ATES000,08/21/26 05:13 PM EDT,$0.06,14
20260824,MLB-PHRR-FG-00069L89I4RE7OO-GEJR000-GTE-P00025,08/21/26 05:14 PM EDT,$0.29,19
20260824,MLB-WIN-IT5-000696G0I4R92U8-MIRS000,08/21/26 05:14 PM EDT,$0.97,506
20260824,MLB-TRUNS-I5-000696G0I4R92U8-GTE-P00005,08/21/26 05:14 PM EDT,$0.36,39
20260824,MLB-TRUNS-IT5-000696G0I4R92U8-GTE-P00025,08/21/26 05:14 PM EDT,$0.28,37
20260824,MLB-PHRR-FG-000696G0I4R92U8-WIAS001-GTE-P00035,08/21/26 05:15 PM EDT,$0.46,20
20260824,MLB-WIN-IT5-000696G0I4R92U8-MIRS000,08/21/26 05:15 PM EDT,$0.98,15
20260824,MLB-TRUNS-IT5-000696G0I4R92U8-GTE-P00025,08/21/26 05:15 PM EDT,$0.24,64
20260824,MLB-TRUNS-IT5-000696G0I4R92U8-GTE-P00025,08/21/26 05:15 PM EDT,$0.25,15
20260824,MLB-WIN-IT5-000FP22AI543DI8-CHOX000,08/21/26 05:15 PM EDT,$0.56,263
20260824,MLB-TRUNS-IT5-000696G0I4R92U8-GTE-P00025,08/21/26 05:16 PM EDT,$0.26,14
20260824,MLB-TRUNS-IT5-000FPR2RI545P9G-GTE-P00045,08/21/26 05:16 PM EDT,$0.46,17
20260824,MLB-WIN-IT5-000696G0I4R92U8-MIRS000,08/21/26 05:16 PM EDT,$0.98,506
20260824,MLB-TRUNS-IT5-000696G0I4R92U8-GTE-P00025,08/21/26 05:16 PM EDT,$0.25,25
20260824,LIGAMX-MOVY-FG-00CBOUVGKS1OM6O-ATFC010-GTE-P00015,08/21/26 05:16 PM EDT,$0.05,11
20260824,MLB-TRUNS-IT5-000696G0I4R92U8-GTE-P00025,08/21/26 05:17 PM EDT,$0.33,5
20260824,MLB-WIN-IT5-000696G0I4R92U8-MIRS000,08/21/26 05:17 PM EDT,$0.95,2
20260824,MLB-TRUNS-IT5-000FPUUOI541HG8-GTE-P00045,08/21/26 05:17 PM EDT,$0.48,10
20260824,MLB-TRUNS-IT5-000696G0I4R92U8-GTE-P00015,08/21/26 05:18 PM EDT,$0.99,29
20260824,MLB-WIN-IT5-000696G0I4R92U8-MIRS000,08/21/26 05:18 PM EDT,$0.97,10
20260824,MLB-WIN-IT5-000696G0I4R92U8-ATES000,08/21/26 05:18 PM EDT,$0.03,600
20260824,MLB-TRUNS-IT5-000696G0I4R92U8-GTE-P00025,08/21/26 05:18 PM EDT,$0.31,294
20260824,MLB-TRUNS-IT5-000696G0I4R92U8-GTE-P00025,08/21/26 05:18 PM EDT,$0.32,150
20260824,MLB-MOVY-IT5-000696G0I4R92U8-MIRS000-GTE-P00005,08/21/26 05:18 PM EDT,$0.91,42
20260824,MLB-WIN-IT5-000696G0I4R92U8-MIRS000,08/21/26 05:18 PM EDT,$0.96,2
20260824,MLB-WIN-IT5-000696G0I4R92U8-MIRS000,08/21/26 05:18 PM EDT,$0.97,150
20260824,MLB-TRUNS-IT5-000FP41SI54B2VO-GTE-P00045,08/21/26 05:18 PM EDT,$0.46,8
20260824,MLB-TRUNS-IT5-000FP271I543D0G-GTE-P00045,08/21/26 05:19 PM EDT,$0.44,6
20260824,MLB-PHRR-FG-000FPQ64I544HVO-JURO000-GTE-P00015,08/21/26 05:19 PM EDT,$0.55,87
20260824,MLB-PHRR-FG-000FP20FI543DE8-COER000-GTE-P00015,08/21/26 05:19 PM EDT,$0.51,47
20260824,MLB-TRUNS-IT5-000696G0I4R92U8-GTE-P00025,08/21/26 05:19 PM EDT,$0.26,169
20260824,MLB-TRUNS-I5-000696G0I4R92U8-GTE-P00005,08/21/26 05:19 PM EDT,$0.36,5
20260824,MLB-TRUNS-I5-000696G0I4R92U8-GTE-P00005,08/21/26 05:19 PM EDT,$0.28,33
20260824,MLB-TRUNS-IT5-000696G0I4R92U8-GTE-P00025,08/21/26 05:19 PM EDT,$0.27,8
20260824,MLB-TRUNS-IT5-000FP271I543D0G-GTE-P00045,08/21/26 05:19 PM EDT,$0.44,1
20260824,MLB-PHRR-FG-000FPQ64I544HVO-YAAZ000-GTE-P00015,08/21/26 05:19 PM EDT,$0.56,43
20260824,MLB-WIN-IT5-000696G0I4R92U8-ATES000,08/21/26 05:20 PM EDT,$0.04,600
20260824,LIGAMX-TGLS-FG-014F36C2L88MDH0-GTE-P00035,08/21/26 05:20 PM EDT,$0.32,97
20260824,MLB-WIN-IT5-000696G0I4R92U8-MIRS000,08/21/26 05:20 PM EDT,$0.94,15
20260824,MLB-WIN-IT5-000696G0I4R92U8-ATES000,08/21/26 05:20 PM EDT,$0.03,150
20260824,MLB-WIN-IT5-000FP462I54B208-SDES000,08/21/26 05:20 PM EDT,$0.51,22
20260824,MLB-TRUNS-I5-000696G0I4R92U8-GTE-P00005,08/21/26 05:20 PM EDT,$0.39,38
20260824,MLB-TRUNS-IT5-000696G0I4R92U8-GTE-P00025,08/21/26 05:21 PM EDT,$0.41,23
20260824,MLB-TRUNS-IT5-000696G0I4R92U8-GTE-P00025,08/21/26 05:22 PM EDT,$0.19,150
20260824,MLB-TRUNS-IT5-000696G0I4R92U8-GTE-P00025,08/21/26 05:22 PM EDT,$0.19,600
20260824,MLB-TRUNS-IT5-000696G0I4R92U8-GTE-P00025,08/21/26 05:23 PM EDT,$0.19,37
20260824,MLB-TRUNS-IT5-000696G0I4R92U8-GTE-P00025,08/21/26 05:23 PM EDT,$0.19,333
20260824,MLB-MOVY-IT5-000696G0I4R92U8-MIRS000-GTE-P00025,08/21/26 05:23 PM EDT,$0.21,277
20260824,MLB-TRUNS-IT5-000696G0I4R92U8-GTE-P00025,08/21/26 05:23 PM EDT,$0.21,130
20260824,MLB-PHRR-FG-000696G0I4R92U8-JAIO000-GTE-P00025,08/21/26 05:23 PM EDT,$0.49,31
20260824,MLB-TRUNS-IT5-000696G0I4R92U8-GTE-P00025,08/21/26 05:23 PM EDT,$0.21,22
20260824,MLB-TRUNS-IT5-000696G0I4R92U8-GTE-P00025,08/21/26 05:23 PM EDT,$0.21,578
20260824,MLB-TRUNS-IT5-000696G0I4R92U8-GTE-P00025,08/21/26 05:23 PM EDT,$0.21,134
20260824,MLB-MOVY-IT5-000696G0I4R92U8-MIRS000-GTE-P00025,08/21/26 05:24 PM EDT,$0.22,21
20260824,MLB-TRUNS-I6-000696G0I4R92U8-GTE-P00005,08/21/26 05:24 PM EDT,$0.34,52
20260824,MLB-MOVY-IT5-000696G0I4R92U8-MIRS000-GTE-P00025,08/21/26 05:24 PM EDT,$0.21,600
20260824,LIGAMX-TGLS-FG-01O38BN3VVTN6IO-GTE-P00025,08/21/26 05:24 PM EDT,$0.58,35
20260824,MLB-TRUNS-IT5-000696G0I4R92U8-GTE-P00025,08/21/26 05:24 PM EDT,$0.21,196
20260824,MLB-TRUNS-IT5-000696G0I4R92U8-GTE-P00025,08/21/26 05:24 PM EDT,$0.21,43
20260824,MLB-TRUNS-IT5-000696G0I4R92U8-GTE-P00025,08/21/26 05:24 PM EDT,$0.21,100
20260824,MLB-TRUNS-IT5-000696G0I4R92U8-GTE-P00025,08/21/26 05:24 PM EDT,$0.21,396
20260824,MLB-MOVY-IT5-000696G0I4R92U8-MIRS000-GTE-P00025,08/21/26 05:24 PM EDT,$0.21,600
20260824,MLB-TRUNS-IT5-000696G0I4R92U8-GTE-P00025,08/21/26 05:24 PM EDT,$0.21,48
20260824,MLB-TRUNS-IT5-000696G0I4R92U8-GTE-P00025,08/21/26 05:24 PM EDT,$0.21,552
20260824,MLB-PHRR-FG-000FPR4SI545PC8-BRSE000-GTE-P00015,08/21/26 05:25 PM EDT,$0.44,1
20260824,MLB-TRUNS-IT5-000696G0I4R92U8-GTE-P00025,08/21/26 05:25 PM EDT,$0.22,1
20260824,MLB-TRUNS-IT5-000696G0I4R92U8-GTE-P00025,08/21/26 05:25 PM EDT,$0.22,114
20260824,MLB-PHRR-FG-000FP271I543D0G-SPON000-GTE-P00015,08/21/26 05:25 PM EDT,$0.47,5
20260824,KBO-TRUNS-FG-03VTIEN84O0VQS8-GTE-P00075,08/21/26 05:25 PM EDT,$0.49,49
20260824,MLB-TRUNS-I1-000FP271I543D0G-GTE-P00035,08/21/26 05:26 PM EDT,$0.02,10
20260824,MLB-MOVY-IT5-000696G0I4R92U8-MIRS000-GTE-P00025,08/21/26 05:26 PM EDT,$0.13,277
20260824,MLB-TRUNS-IT5-000696G0I4R92U8-GTE-P00025,08/21/26 05:26 PM EDT,$0.15,12
20260824,MLB-TRUNS-I5-000696G0I4R92U8-GTE-P00005,08/21/26 05:26 PM EDT,$0.16,500
20260824,MLB-TRUNS-I1-000FP271I543D0G-GTE-P00035,08/21/26 05:26 PM EDT,$0.10,10
20260824,MLB-MOVY-IT5-000FP22AI543DI8-CHOX000-GTE-P00005,08/21/26 05:26 PM EDT,$0.45,3
20260824,MLB-TRUNS-IT5-000FPR2RI545P9G-GTE-P00045,08/21/26 05:26 PM EDT,$0.47,27
20260824,MLB-PHRR-FG-000FP20FI543DE8-COER000-GTE-P00015,08/21/26 05:27 PM EDT,$0.51,9
20260824,MLB-TRUNS-IT5-000696G0I4R92U8-GTE-P00025,08/21/26 05:27 PM EDT,$0.13,142
20260824,MLB-TRUNS-I6-000FPR2RI545P9G-GTE-P00035,08/21/26 05:27 PM EDT,$0.10,45
20260824,MLB-TRUNS-I2-000FPR4TI545OUG-GTE-P00005,08/21/26 05:27 PM EDT,$0.37,110
20260824,MLB-TRUNS-IT5-000696G0I4R92U8-GTE-P00025,08/21/26 05:27 PM EDT,$0.07,150
20260824,MLB-TRUNS-IT5-000696G0I4R92U8-GTE-P00025,08/21/26 05:27 PM EDT,$0.07,312
20260824,MLB-MOVY-IT5-000696G0I4R92U8-MIRS000-GTE-P00025,08/21/26 05:27 PM EDT,$0.04,600
20260824,MLB-TRUNS-IT5-000696G0I4R92U8-GTE-P00025,08/21/26 05:27 PM EDT,$0.08,21
20260824,MLB-TRUNS-IT5-000696G0I4R92U8-GTE-P00025,08/21/26 05:27 PM EDT,$0.02,5
20260824,MLB-TRUNS-IT5-000696G0I4R92U8-GTE-P00025,08/21/26 05:28 PM EDT,$0.08,88
20260824,MLB-PHRR-FG-00069L89I4RE7OO-BRAN002-GTE-P00015,08/21/26 05:28 PM EDT,$0.40,29
20260824,MLB-PHRR-FG-000FP404I54B3T0-ALAN000-GTE-P00015,08/21/26 05:28 PM EDT,$0.49,29
20260824,MLB-MOVY-IT5-000696G0I4R92U8-MIRS000-GTE-P00025,08/21/26 05:28 PM EDT,$0.10,20
20260824,MLB-TRUNS-IT5-000696G0I4R92U8-GTE-P00025,08/21/26 05:28 PM EDT,$0.11,3173
20260824,MLB-MOVY-IT5-000696G0I4R92U8-MIRS000-GTE-P00025,08/21/26 05:28 PM EDT,$0.11,600
20260824,MLB-TRUNS-IT5-000696G0I4R92U8-GTE-P00025,08/21/26 05:28 PM EDT,$0.14,100
20260824,MLB-MOVY-IT5-000696G0I4R92U8-MIRS000-GTE-P00025,08/21/26 05:28 PM EDT,$0.14,33
20260824,MLB-TRUNS-IT5-000FPR2RI545P9G-GTE-P00045,08/21/26 05:29 PM EDT,$0.46,44
20260824,MLB-TRUNS-IT5-000696G0I4R92U8-GTE-P00025,08/21/26 05:29 PM EDT,$0.27,5
20260824,MLB-MOVY-IT5-000696G0I4R92U8-MIRS000-GTE-P00025,08/21/26 05:29 PM EDT,$0.26,27
20260824,MLB-PHRR-FG-000FP20FI543DE8-COER000-GTE-P00015,08/21/26 05:29 PM EDT,$0.51,18
20260824,MLB-TRUNS-IT5-000696G0I4R92U8-GTE-P00025,08/21/26 05:29 PM EDT,$0.27,147
20260824,MLB-TRUNS-IT5-000696G0I4R92U8-GTE-P00025,08/21/26 05:30 PM EDT,$0.28,22
20260824,NWSL-DWIN-FG-000FPQ0FI544HD8-SACW009,08/21/26 05:31 PM EDT,$0.49,39
20260824,MLB-TRUNS-I8-000696G0I4R92U8-GTE-P00005,08/21/26 05:31 PM EDT,$0.40,80
20260824,MLB-WIN-IT5-000FPQ64I544HVO-TBYS000,08/21/26 05:33 PM EDT,$0.47,4
20260824,LIGAMX-MOVY-FG-01O38BN3VVTN6IO-CLON010-GTE-P00025,08/21/26 05:33 PM EDT,$0.04,102
20260824,LIGAMX-MOVY-FG-01O38BN3VVTN6IO-CLON010-GTE-P00025,08/21/26 05:33 PM EDT,$0.05,102
20260824,MLB-TRUNS-I6-000696G0I4R92U8-GTE-P00005,08/21/26 05:33 PM EDT,$0.30,22
20260824,MLB-MOVY-IT5-000FPR2RI545P9G-PHES000-GTE-P00015,08/21/26 05:34 PM EDT,$0.46,834
20260824,MLB-TRUNS-I8-000696G0I4R92U8-GTE-P00005,08/21/26 05:35 PM EDT,$0.40,69
20260824,MLB-TRUNS-I6-000696G0I4R92U8-GTE-P00005,08/21/26 05:35 PM EDT,$0.22,187
20260824,MLB-TRUNS-I6-000696G0I4R92U8-GTE-P00005,08/21/26 05:35 PM EDT,$0.30,500
20260824,MLB-WIN-IT5-000FPR2RI545P9G-PHES000,08/21/26 05:35 PM EDT,$0.67,8
20260824,MLB-TRUNS-I6-000696G0I4R92U8-GTE-P00005,08/21/26 05:36 PM EDT,$0.31,488
20260824,MLB-TRUNS-I1-000FPQ64I544HVO-GTE-P00025,08/21/26 05:36 PM EDT,$0.09,2
20260824,MLB-TRUNS-I7-000696G0I4R92U8-GTE-P00005,08/21/26 05:36 PM EDT,$0.33,242
20260824,MLB-TRUNS-I1-000FPR4TI545OUG-GTE-P00005,08/21/26 05:36 PM EDT,$0.38,15
20260824,MLB-TRUNS-I6-000696G0I4R92U8-GTE-P00005,08/21/26 05:37 PM EDT,$0.29,80
20260824,MLB-WIN-IT5-000FP20FI543DE8-LALS000,08/21/26 05:37 PM EDT,$0.46,20
20260824,MLB-WIN-IT5-000FPQ64I544HVO-BAES000,08/21/26 05:37 PM EDT,$0.55,3
20260824,MLB-TRUNS-I7-000696G0I4R92U8-GTE-P00005,08/21/26 05:37 PM EDT,$0.34,35
20260824,MLB-TRUNS-I6-000696G0I4R92U8-GTE-P00005,08/21/26 05:37 PM EDT,$0.33,28
20260824,MLB-TRUNS-I7-000696G0I4R92U8-GTE-P00005,08/21/26 05:38 PM EDT,$0.42,126
20260824,MLB-TRUNS-IT5-000FPR2RI545P9G-GTE-P00045,08/21/26 05:39 PM EDT,$0.46,41
20260824,NWSL-DWIN-FG-000FPQ0FI544HD8-UTSW003,08/21/26 05:39 PM EDT,$0.26,6
20260824,MLB-TRUNS-I8-000696G0I4R92U8-GTE-P00015,08/21/26 05:40 PM EDT,$0.28,1
20260824,MLB-PHRR-FG-000FPQ64I544HVO-YAAZ000-GTE-P00015,08/21/26 05:40 PM EDT,$0.57,8
20260824,MLB-PHRR-FG-000FPQ64I544HVO-JURO000-GTE-P00015,08/21/26 05:40 PM EDT,$0.56,8
20260824,MLB-TRUNS-I7-000696G0I4R92U8-GTE-P00005,08/21/26 05:40 PM EDT,$0.41,9
20260824,MLB-WIN-IT5-000FP462I54B208-SDES000,08/21/26 05:40 PM EDT,$0.51,14
20260824,MLB-TRUNS-I7-000696G0I4R92U8-GTE-P00005,08/21/26 05:41 PM EDT,$0.38,5
20260824,MLB-WIN-IT5-000FP22AI543DI8-NYTS000,08/21/26 05:41 PM EDT,$0.44,2
20260824,MLB-WIN-IT5-000FPR4SI545PC8-WALS000,08/21/26 05:41 PM EDT,$0.44,2
20260824,MLB-PHRR-FG-000FP462I54B208-FEJR000-GTE-P00015,08/21/26 05:41 PM EDT,$0.57,8
20260824,MLB-TRUNS-I1-000FPR4TI545OUG-GTE-P00005,08/21/26 05:42 PM EDT,$0.38,78
20260824,MLB-WIN-IT5-000FPQ64I544HVO-BAES000,08/21/26 05:42 PM EDT,$0.55,8
20260824,MLB-PHRR-FG-000FP404I54B3T0-ALAN000-GTE-P00015,08/21/26 05:43 PM EDT,$0.49,19
20260824,MLB-WIN-IT5-000FPR4SI545PC8-WALS000,08/21/26 05:43 PM EDT,$0.44,2
20260824,MLB-WIN-IT5-000FP22AI543DI8-CHOX000,08/21/26 05:44 PM EDT,$0.56,17
20260824,MLB-TRUNS-I2-000FPR2RI545P9G-GTE-P00005,08/21/26 05:44 PM EDT,$0.38,54
20260824,MLB-MOVY-IT5-00069L89I4RE7OO-NYES000-GTE-P00005,08/21/26 05:44 PM EDT,$0.57,16
20260824,MLB-PHRR-FG-00069L89I4RE7OO-ERNT000-GTE-P00015,08/21/26 05:45 PM EDT,$0.48,20
20260824,MLB-TRUNS-I1-000FP41SI54B2VO-GTE-P00015,08/21/26 05:45 PM EDT,$0.30,15
20260824,MLB-TRUNS-IT5-00069L89I4RE7OO-GTE-P00035,08/21/26 05:46 PM EDT,$0.51,19
20260824,MLB-TRUNS-I7-000696G0I4R92U8-GTE-P00005,08/21/26 05:46 PM EDT,$0.40,36
20260824,MLB-TRUNS-I7-000696G0I4R92U8-GTE-P00005,08/21/26 05:46 PM EDT,$0.40,119
20260824,MLB-PHRR-FG-000FPR4TI545OUG-WIES000-GTE-P00015,08/21/26 05:46 PM EDT,$0.47,20
20260824,MLB-TRUNS-I7-000696G0I4R92U8-GTE-P00005,08/21/26 05:46 PM EDT,$0.32,31
20260824,MLB-TRUNS-I7-000696G0I4R92U8-GTE-P00005,08/21/26 05:47 PM EDT,$0.43,333
20260824,MLB-TRUNS-IT5-000FPR2RI545P9G-GTE-P00045,08/21/26 05:48 PM EDT,$0.47,30
20260824,MLB-PHRR-FG-000FPQ64I544HVO-YAAZ000-GTE-P00025,08/21/26 05:48 PM EDT,$0.39,24
20260824,MLB-MOVY-IT5-00069L89I4RE7OO-NYES000-GTE-P00005,08/21/26 05:49 PM EDT,$0.57,37
20260824,LIGAMX-TGLS-FG-00CBOUVGKS1OM6O-GTE-P00025,08/21/26 05:49 PM EDT,$0.56,8
20260824,LPA-TGLS-FG-0004DIUEI4MQMQO-GTE-P00025,08/21/26 05:49 PM EDT,$0.26,17
20260824,MLB-TRUNS-IT5-000FP271I543D0G-GTE-P00045,08/21/26 05:49 PM EDT,$0.44,17
20260824,MLB-WIN-IT5-000FP271I543D0G-DERS000,08/21/26 05:50 PM EDT,$0.50,5
20260824,MLB-PHRR-FG-000FP20FI543DE8-ZATO000-GTE-P00005,08/21/26 05:50 PM EDT,$0.68,41
20260824,MLB-PHRR-FG-00069L89I4RE7OO-ERNT000-GTE-P00025,08/21/26 05:51 PM EDT,$0.29,16
20260824,MLB-PHRR-FG-000FPQ64I544HVO-JURO000-GTE-P00025,08/21/26 05:51 PM EDT,$0.41,20
20260824,MLB-PHRR-FG-000FPQ64I544HVO-JURO000-GTE-P00015,08/21/26 05:51 PM EDT,$0.56,15
20260824,MLB-MOVY-IT5-000FPQ64I544HVO-BAES000-GTE-P00005,08/21/26 05:52 PM EDT,$0.44,722
20260824,MLB-PHRR-FG-000FPR4TI545OUG-NIRD000-GTE-P00005,08/21/26 05:52 PM EDT,$0.77,37
20260824,MLB-PHRR-FG-000FP271I543D0G-SPON000-GTE-P00015,08/21/26 05:52 PM EDT,$0.47,34
20260824,LIGAMX-TGLS-FG-01O38BN3VVTN6IO-GTE-P00045,08/21/26 05:52 PM EDT,$0.18,267
20260824,MLB-PHRR-FG-000FPR4TI545OUG-WIEU000-GTE-P00015,08/21/26 05:53 PM EDT,$0.50,89
20260824,MLB-TRUNS-I2-000FPR4TI545OUG-GTE-P00005,08/21/26 05:53 PM EDT,$0.37,7
20260824,MLB-PHRR-FG-000FP20FI543DE8-MIUT000-GTE-P00015,08/21/26 05:54 PM EDT,$0.47,15
20260824,MLB-TRUNS-I1-000FPR4TI545OUG-GTE-P00005,08/21/26 05:54 PM EDT,$0.38,48
20260824,NPB-TRUNS-FG-03VT6SEK4OII68O-GTE-P00115,08/21/26 05:55 PM EDT,$0.12,119
20260824,MLB-TRUNS-I8-000696G0I4R92U8-GTE-P00005,08/21/26 05:55 PM EDT,$0.51,119
20260824,NPB-TRUNS-FG-03VT6SEK4OII68O-GTE-P00115,08/21/26 05:55 PM EDT,$0.12,30
20260824,KBO-MOVY-FG-03VTIEN84O0VQS8-KIRS000-GTE-P00015,08/21/26 05:56 PM EDT,$0.47,30
20260824,MLB-TRUNS-I8-000696G0I4R92U8-GTE-P00005,08/21/26 05:56 PM EDT,$0.40,16
20260824,MLB-TRUNS-I1-000FPR4TI545OUG-GTE-P00005,08/21/26 05:57 PM EDT,$0.38,15
20260824,NPB-TRUNS-FG-03VT6SEK4OII68O-GTE-P00115,08/21/26 05:57 PM EDT,$0.12,50
20260824,MLB-TRUNS-I1-000FPR4TI545OUG-GTE-P00005,08/21/26 05:57 PM EDT,$0.38,10
20260824,MLB-PHRR-FG-000696G0I4R92U8-ROJR000-GTE-P00005,08/21/26 05:58 PM EDT,$0.26,125
20260824,LPA-TGLS-FG-0004DIUEI4MQMQO-GTE-P00025,08/21/26 05:59 PM EDT,$0.26,178
20260824,MLB-TRUNS-I7-000696G0I4R92U8-GTE-P00005,08/21/26 05:59 PM EDT,$0.03,5
20260824,MLB-MOVY-IT5-000FPR2RI545P9G-PHES000-GTE-P00015,08/21/26 05:59 PM EDT,$0.44,56
20260824,MLB-WIN-IT5-000FP462I54B208-SDES000,08/21/26 06:00 PM EDT,$0.51,28
20260824,MLB-TRUNS-I8-000696G0I4R92U8-GTE-P00005,08/21/26 06:00 PM EDT,$0.40,16
20260824,MLB-TRUNS-I8-000696G0I4R92U8-GTE-P00005,08/21/26 06:00 PM EDT,$0.40,16
20260824,MLB-TRUNS-IT5-000FPR2RI545P9G-GTE-P00045,08/21/26 06:01 PM EDT,$0.46,135
20260824,MLB-PHRR-FG-000FP41SI54B2VO-TOAN002-GTE-P00015,08/21/26 06:01 PM EDT,$0.46,10
20260824,MLB-PHRR-FG-000696G0I4R92U8-DOTH000-GTE-P00015,08/21/26 06:02 PM EDT,$0.14,133
20260824,MLB-TRUNS-I8-000696G0I4R92U8-GTE-P00005,08/21/26 06:02 PM EDT,$0.48,20
20260824,MLB-TRUNS-I8-000696G0I4R92U8-GTE-P00005,08/21/26 06:02 PM EDT,$0.48,134
20260824,MLB-TRUNS-I8-000696G0I4R92U8-GTE-P00005,08/21/26 06:02 PM EDT,$0.40,161
20260824,MLB-TRUNS-I8-000696G0I4R92U8-GTE-P00005,08/21/26 06:02 PM EDT,$0.48,200
20260824,MLB-TRUNS-I8-000696G0I4R92U8-GTE-P00005,08/21/26 06:02 PM EDT,$0.48,40
20260824,NWSL-DWIN-FG-000FPQ0FI544HD8-SACW009,08/21/26 06:02 PM EDT,$0.48,80
20260824,MLB-PHRR-FG-00069L89I4RE7OO-GEJR000-GTE-P00015,08/21/26 06:02 PM EDT,$0.46,20
20260824,MLB-MOVY-IT5-000FPR2RI545P9G-PHES000-GTE-P00015,08/21/26 06:02 PM EDT,$0.46,600
20260824,MLB-MOVY-IT5-000FPR2RI545P9G-PHES000-GTE-P00015,08/21/26 06:02 PM EDT,$0.46,25
20260824,MLB-MOVY-IT5-000FPR2RI545P9G-PHES000-GTE-P00015,08/21/26 06:03 PM EDT,$0.46,4
20260824,MLB-TRUNS-I1-000FPR4TI545OUG-GTE-P00005,08/21/26 06:03 PM EDT,$0.38,85
20260824,LIGAMX-TGLS-FG-00CBOUVGKS1OM6O-GTE-P00005,08/21/26 06:03 PM EDT,$0.94,28
20260824,MLB-TRUNS-I8-000696G0I4R92U8-GTE-P00005,08/21/26 06:04 PM EDT,$0.43,86
20260824,MLB-PHRR-FG-000696G0I4R92U8-DRIN000-GTE-P00005,08/21/26 06:04 PM EDT,$0.30,62
20260824,MLB-WIN-IT5-000FPR4TI545OUG-SFTS000,08/21/26 06:04 PM EDT,$0.42,568
20260824,MLB-TRUNS-I8-000696G0I4R92U8-GTE-P00005,08/21/26 06:05 PM EDT,$0.50,288
20260824,MLB-TRUNS-I1-00069L89I4RE7OO-GTE-P00015,08/21/26 06:05 PM EDT,$0.23,43
20260824,LIGAMX-TGLS-FG-01O38BN3VVTN6IO-GTE-P00025,08/21/26 06:06 PM EDT,$0.57,66
20260824,MLB-MOVY-IT5-000FPQ64I544HVO-BAES000-GTE-P00005,08/21/26 06:06 PM EDT,$0.46,20
20260824,MLB-PHRR-FG-000FPR2RI545P9G-LUEZ000-GTE-P00025,08/21/26 06:06 PM EDT,$0.43,91
20260824,MLB-PHRR-FG-000FP404I54B3T0-PENG000-GTE-P00015,08/21/26 06:07 PM EDT,$0.57,3
20260824,MLB-PHRR-FG-000FPR2RI545P9G-BRER000-GTE-P00015,08/21/26 06:08 PM EDT,$0.58,354
20260824,LIGAMX-TGLS-FG-014F36C2L88MDH0-GTE-P00035,08/21/26 06:08 PM EDT,$0.31,112
20260824,MLB-WIN-IT5-000FP41SI54B2VO-LARS000,08/21/26 06:09 PM EDT,$0.68,10
20260824,MLB-TRUNS-I9-000696G0I4R92U8-GTE-P00005,08/21/26 06:10 PM EDT,$0.25,7
20260824,MLB-PHRR-FG-000FPQ64I544HVO-YAAZ000-GTE-P00005,08/21/26 06:10 PM EDT,$0.78,1
20260824,MLB-PHRR-FG-000FPR4TI545OUG-RARS000-GTE-P00015,08/21/26 06:10 PM EDT,$0.51,1415
20260824,MLB-PHRR-FG-000FPR4SI545PC8-XADS000-GTE-P00015,08/21/26 06:10 PM EDT,$0.55,1315
20260824,MLB-PHRR-FG-000FP404I54B3T0-PENG000-GTE-P00015,08/21/26 06:11 PM EDT,$0.57,20
20260824,MLB-WIN-IT5-000FP271I543D0G-KCLS000,08/21/26 06:11 PM EDT,$0.51,94
20260824,MLB-PHRR-FG-000FP462I54B208-JALL000-GTE-P00015,08/21/26 06:12 PM EDT,$0.55,18
20260824,MLB-PHRR-FG-000FPR2RI545P9G-KYER003-GTE-P00015,08/21/26 06:12 PM EDT,$0.60,8
20260824,LIGAMX-TGLS-FG-00CBOUVGKS1OM6O-GTE-P00015,08/21/26 06:13 PM EDT,$0.78,83
20260824,MLB-MOVY-IT5-00069L89I4RE7OO-NYES000-GTE-P00005,08/21/26 06:13 PM EDT,$0.56,60
20260824,MLB-TRUNS-I8-000696G0I4R92U8-GTE-P00015,08/21/26 06:14 PM EDT,$0.31,227
20260824,MLB-TRUNS-I8-000696G0I4R92U8-GTE-P00015,08/21/26 06:15 PM EDT,$0.23,12
20260824,MLB-MOVY-IT5-000FPR2RI545P9G-PHES000-GTE-P00015,08/21/26 06:15 PM EDT,$0.46,52
20260824,MLB-TRUNS-I9-000696G0I4R92U8-GTE-P00015,08/21/26 06:15 PM EDT,$0.16,29
20260824,MLB-TRUNS-I9-000696G0I4R92U8-GTE-P00005,08/21/26 06:15 PM EDT,$0.26,35
20260824,MLB-PHRR-FG-000FPQ64I544HVO-RYDE000-GTE-P00015,08/21/26 06:16 PM EDT,$0.46,156
20260824,MLB-PHRR-FG-000FPQ64I544HVO-RYDE000-GTE-P00025,08/21/26 06:16 PM EDT,$0.30,156
20260824,MLB-PHRR-FG-000FPQ64I544HVO-RYDE000-GTE-P00035,08/21/26 06:16 PM EDT,$0.19,125
20260824,MLB-TRUNS-I8-000696G0I4R92U8-GTE-P00015,08/21/26 06:17 PM EDT,$0.44,6
20260824,MLB-TRUNS-I9-000696G0I4R92U8-GTE-P00015,08/21/26 06:17 PM EDT,$0.15,18
20260824,MLB-TRUNS-I9-000696G0I4R92U8-GTE-P00025,08/21/26 06:18 PM EDT,$0.01,300
20260824,MLB-PHRR-FG-000FPQ64I544HVO-YAAZ000-GTE-P00005,08/21/26 06:18 PM EDT,$0.78,12
20260824,MLB-TRUNS-IT5-000FPR2RI545P9G-GTE-P00045,08/21/26 06:18 PM EDT,$0.46,600
20260824,MLB-TRUNS-IT5-000FPR2RI545P9G-GTE-P00045,08/21/26 06:18 PM EDT,$0.46,31
20260824,MLB-TRUNS-IT5-000FPR2RI545P9G-GTE-P00045,08/21/26 06:18 PM EDT,$0.46,600
20260824,MLB-TRUNS-IT5-000FPR2RI545P9G-GTE-P00045,08/21/26 06:18 PM EDT,$0.46,585
20260824,MLB-PHRR-FG-000FP271I543D0G-GLES000-GTE-P00025,08/21/26 06:18 PM EDT,$0.33,34
20260824,MLB-TRUNS-I8-000696G0I4R92U8-GTE-P00015,08/21/26 06:19 PM EDT,$0.57,95
20260824,MLB-TRUNS-I8-000696G0I4R92U8-GTE-P00015,08/21/26 06:19 PM EDT,$0.65,447
20260824,MLB-TRUNS-I8-000696G0I4R92U8-GTE-P00045,08/21/26 06:19 PM EDT,$0.07,24
20260824,MLB-MOVY-IT5-000FPR2RI545P9G-PHES000-GTE-P00015,08/21/26 06:19 PM EDT,$0.44,86
20260824,MLB-PHRR-FG-000FP462I54B208-FEJR000-GTE-P00025,08/21/26 06:19 PM EDT,$0.40,45
20260824,MLB-TRUNS-I8-000696G0I4R92U8-GTE-P00015,08/21/26 06:19 PM EDT,$0.65,231
20260824,MLB-PHRR-FG-000FP20FI543DE8-COER000-GTE-P00015,08/21/26 06:19 PM EDT,$0.51,40
20260824,MLB-MOVY-IT5-000FPR2RI545P9G-PHES000-GTE-P00015,08/21/26 06:20 PM EDT,$0.44,44
20260824,MLB-MOVY-IT5-000FPR2RI545P9G-PHES000-GTE-P00015,08/21/26 06:20 PM EDT,$0.44,60
20260824,MLB-TRUNS-IT5-000FPQ64I544HVO-GTE-P00045,08/21/26 06:20 PM EDT,$0.45,600
20260824,MLB-TRUNS-IT5-000FPQ64I544HVO-GTE-P00045,08/21/26 06:20 PM EDT,$0.45,1154
20260824,MLB-MOVY-IT5-000FPR2RI545P9G-PHES000-GTE-P00015,08/21/26 06:20 PM EDT,$0.44,17
20260824,MLB-TRUNS-IT5-000FP20FI543DE8-GTE-P00035,08/21/26 06:21 PM EDT,$0.53,65
20260824,MLB-TRUNS-I8-000696G0I4R92U8-GTE-P00015,08/21/26 06:21 PM EDT,$0.46,129
20260824,MLB-TRUNS-I8-000696G0I4R92U8-GTE-P00015,08/21/26 06:21 PM EDT,$0.48,20
20260824,MLB-TRUNS-IT5-00069L89I4RE7OO-GTE-P00035,08/21/26 06:22 PM EDT,$0.51,101
20260824,MLB-TRUNS-IT5-00069L89I4RE7OO-GTE-P00035,08/21/26 06:22 PM EDT,$0.51,20
20260824,MLB-PHRR-FG-000FPR2RI545P9G-BRER000-GTE-P00015,08/21/26 06:22 PM EDT,$0.58,6
20260824,MLB-PHRR-FG-000FPR2RI545P9G-KYER003-GTE-P00015,08/21/26 06:22 PM EDT,$0.60,6
20260824,NWSL-DWIN-FG-000FPQ0FI544HD8-SACW009,08/21/26 06:22 PM EDT,$0.49,160
20260824,MLB-PHRR-FG-000FPQ64I544HVO-YAAZ000-GTE-P00015,08/21/26 06:24 PM EDT,$0.57,42
20260824,LIGAMX-BTMSC-FG-00CBOUVGKS1OM6O-BINARY,08/21/26 06:24 PM EDT,$0.52,2
20260824,MLB-TRUNS-IT5-00069L89I4RE7OO-GTE-P00035,08/21/26 06:25 PM EDT,$0.52,20
20260824,MLB-MOVY-IT5-000FPR4TI545OUG-BOOX000-GTE-P00005,08/21/26 06:25 PM EDT,$0.51,22
20260824,MLB-WIN-IT5-000FPR2RI545P9G-STLS000,08/21/26 06:25 PM EDT,$0.33,142
20260824,MLB-MOVY-IT5-000FPR2RI545P9G-PHES000-GTE-P00015,08/21/26 06:25 PM EDT,$0.44,172
20260824,LIGAMX-BTMSC-FG-014F36C2L88MDH0-BINARY,08/21/26 06:26 PM EDT,$0.53,1
20260824,MLB-PHRR-FG-000FP20FI543DE8-COER000-GTE-P00015,08/21/26 06:26 PM EDT,$0.51,33
20260824,MLB-PHRR-FG-000FPR2RI545P9G-LUEZ000-GTE-P00025,08/21/26 06:26 PM EDT,$0.35,91
20260824,MLB-PHRR-FG-000FP271I543D0G-JANE000-GTE-P00015,08/21/26 06:27 PM EDT,$0.54,18
20260824,MLB-TRUNS-IT5-000FP271I543D0G-GTE-P00045,08/21/26 06:27 PM EDT,$0.44,17
20260824,MLB-PHRR-FG-000FP271I543D0G-JANE000-GTE-P00015,08/21/26 06:27 PM EDT,$0.54,9
20260824,MLB-TRUNS-IT5-000FPR2RI545P9G-GTE-P00045,08/21/26 06:28 PM EDT,$0.46,107
20260824,MLB-MOVY-IT5-000FPR4TI545OUG-BOOX000-GTE-P00005,08/21/26 06:28 PM EDT,$0.52,64
20260824,MLB-PHRR-FG-000FPQ64I544HVO-RYDE000-GTE-P00005,08/21/26 06:28 PM EDT,$0.68,14
20260824,MLB-WIN-IT5-000FPUUOI541HG8-ARKS000,08/21/26 06:28 PM EDT,$0.55,14
20260824,MLB-PHRR-FG-000FP41SI54B2VO-FRAN000-GTE-P00015,08/21/26 06:29 PM EDT,$0.56,1
20260824,MLB-MOVY-IT5-000FP41SI54B2VO-LARS000-GTE-P00015,08/21/26 06:29 PM EDT,$0.44,1
20260824,MLB-PHRR-FG-000FPR4TI545OUG-RARS000-GTE-P00015,08/21/26 06:29 PM EDT,$0.51,47
20260824,MLB-TRUNS-IT5-000FP404I54B3T0-GTE-P00045,08/21/26 06:30 PM EDT,$0.45,26
20260824,MLB-TRUNS-I1-00069L89I4RE7OO-GTE-P00005,08/21/26 06:30 PM EDT,$0.40,61
20260824,MLB-TRUNS-IT5-000FP462I54B208-GTE-P00045,08/21/26 06:30 PM EDT,$0.51,28
20260824,MLB-TRUNS-FG-000696G0I4R92U8-GTE-P00045,08/21/26 06:31 PM EDT,$0.06,150
20260824,MLB-TRUNS-IT5-000FP20FI543DE8-GTE-P00035,08/21/26 06:31 PM EDT,$0.53,36
20260824,MLB-WIN-FG-000696G0I4R92U8-MIRS000,08/21/26 06:31 PM EDT,$0.93,800
20260824,MLB-WIN-FG-000696G0I4R92U8-MIRS000,08/21/26 06:31 PM EDT,$0.93,854
20260824,MLB-TRUNS-IT5-000FPR2RI545P9G-GTE-P00045,08/21/26 06:32 PM EDT,$0.47,107
20260824,MLB-WIN-IT5-000FPR4TI545OUG-BOOX000,08/21/26 06:32 PM EDT,$0.59,16
20260824,MLB-MOVY-IT5-000FPR2RI545P9G-PHES000-GTE-P00015,08/21/26 06:32 PM EDT,$0.45,526
20260824,MLB-MOVY-IT5-000FPR2RI545P9G-PHES000-GTE-P00015,08/21/26 06:32 PM EDT,$0.46,600
20260824,MLB-TRUNS-I2-000FPR2RI545P9G-GTE-P00005,08/21/26 06:32 PM EDT,$0.38,4
20260824,MLB-MOVY-IT5-000FPR2RI545P9G-PHES000-GTE-P00015,08/21/26 06:32 PM EDT,$0.47,432
20260824,MLB-TRUNS-I3-000FPR2RI545P9G-GTE-P00005,08/21/26 06:32 PM EDT,$0.49,5
20260824,MLB-TRUNS-I4-000FPR2RI545P9G-GTE-P00005,08/21/26 06:32 PM EDT,$0.49,5
20260824,MLB-PHRR-FG-00069L89I4RE7OO-ERNT000-GTE-P00015,08/21/26 06:33 PM EDT,$0.48,2
20260824,MLB-PHRR-FG-00069L89I4RE7OO-GEJR000-GTE-P00025,08/21/26 06:33 PM EDT,$0.30,3
20260824,MLB-PHRR-FG-00069L89I4RE7OO-ERNT000-GTE-P00025,08/21/26 06:33 PM EDT,$0.29,4
20260824,MLB-PHRR-FG-00069L89I4RE7OO-SPES000-GTE-P00035,08/21/26 06:33 PM EDT,$0.16,7
20260824,MLB-PHRR-FG-00069L89I4RE7OO-SPES000-GTE-P00015,08/21/26 06:33 PM EDT,$0.40,2
20260824,MLB-PHRR-FG-00069L89I4RE7OO-TRAM000-GTE-P00025,08/21/26 06:33 PM EDT,$0.32,3
20260824,MLB-PHRR-FG-00069L89I4RE7OO-TRAM000-GTE-P00015,08/21/26 06:33 PM EDT,$0.47,2
20260824,MLB-PHRR-FG-00069L89I4RE7OO-SPES000-GTE-P00025,08/21/26 06:33 PM EDT,$0.25,4
20260824,MLB-PHRR-FG-00069L89I4RE7OO-GEJR000-GTE-P00015,08/21/26 06:33 PM EDT,$0.47,2
20260824,MLB-PHRR-FG-000FP462I54B208-JALL000-GTE-P00015,08/21/26 06:33 PM EDT,$0.54,17
20260824,MLB-PHRR-FG-000FP462I54B208-MADO001-GTE-P00015,08/21/26 06:33 PM EDT,$0.54,17
20260824,MLB-TRUNS-I5-000FPR2RI545P9G-GTE-P00005,08/21/26 06:33 PM EDT,$0.51,5
20260824,KBO-WIN-FG-03VTIEIU4O0VRRO-LGNS000,08/21/26 06:33 PM EDT,$0.58,16
20260824,LIGAMX-BTMSC-FG-014F36C2L88MDH0-BINARY,08/21/26 06:33 PM EDT,$0.53,1
20260824,MLB-TRUNS-I9-000FPR2RI545P9G-GTE-P00005,08/21/26 06:33 PM EDT,$0.33,8
20260824,LIGAMX-BTMSC-FG-00CBOUVGKS1OM6O-BINARY,08/21/26 06:33 PM EDT,$0.52,1
20260824,MLB-TRUNS-I1-00069L89I4RE7OO-GTE-P00005,08/21/26 06:33 PM EDT,$0.40,24
20260824,MLB-WIN-IT5-000FP271I543D0G-DERS000,08/21/26 06:34 PM EDT,$0.50,19
20260824,MLB-WIN-IT5-000FPR2RI545P9G-STLS000,08/21/26 06:34 PM EDT,$0.33,28
20260824,MLB-WIN-IT5-000FP271I543D0G-DERS000,08/21/26 06:35 PM EDT,$0.50,9
20260824,MLB-TRUNS-IT5-000FPR2RI545P9G-GTE-P00045,08/21/26 06:35 PM EDT,$0.46,178
20260824,LPA-TGLS-FG-0004DIUEI4MQMQO-GTE-P00025,08/21/26 06:35 PM EDT,$0.26,328
20260824,MLB-PHRR-FG-000FPR4TI545OUG-ADAN000-GTE-P00015,08/21/26 06:35 PM EDT,$0.50,14
20260824,LIGAMX-BTMSC-FG-01O38BN3VVTN6IO-BINARY,08/21/26 06:35 PM EDT,$0.62,7
20260824,MLB-PHRR-FG-000FPQ64I544HVO-COER004-GTE-P00015,08/21/26 06:35 PM EDT,$0.36,13
20260824,MLB-TRUNS-I1-000FP242I543CMO-GTE-P00015,08/21/26 06:35 PM EDT,$0.32,29
20260824,MLB-MOVY-IT5-000FPR2RI545P9G-PHES000-GTE-P00015,08/21/26 06:36 PM EDT,$0.47,51
20260824,MLB-WIN-IT5-000FPR2RI545P9G-PHES000,08/21/26 06:36 PM EDT,$0.69,600
20260824,MLB-WIN-IT5-000FPR2RI545P9G-PHES000,08/21/26 06:36 PM EDT,$0.69,385
20260824,MLB-WIN-IT5-000FPR2RI545P9G-STLS000,08/21/26 06:37 PM EDT,$0.33,23
20260824,MLB-TRUNS-IT5-000FPR2RI545P9G-GTE-P00045,08/21/26 06:37 PM EDT,$0.46,35
20260824,MLB-TRUNS-I2-000FPR2RI545P9G-GTE-P00005,08/21/26 06:38 PM EDT,$0.38,8
20260824,MLB-WIN-IT5-000FPR4TI545OUG-SFTS000,08/21/26 06:38 PM EDT,$0.42,9
20260824,MLB-TRUNS-I2-000FPR2RI545P9G-GTE-P00015,08/21/26 06:38 PM EDT,$0.18,55
20260824,MLB-MOVY-IT5-000FPR2RI545P9G-PHES000-GTE-P00015,08/21/26 06:38 PM EDT,$0.45,230
20260824,MLS-TGLS-FG-000A3TA0I7881TO-GTE-P00035,08/21/26 06:38 PM EDT,$0.57,22
20260824,MLB-TRUNS-IT5-000FP271I543D0G-GTE-P00045,08/21/26 06:38 PM EDT,$0.44,8
20260824,MLB-TRUNS-IT5-000FP271I543D0G-GTE-P00045,08/21/26 06:39 PM EDT,$0.44,62
20260824,MLB-MOVY-IT5-00069L89I4RE7OO-NYES000-GTE-P00005,08/21/26 06:39 PM EDT,$0.53,42
20260824,MLB-PHRR-FG-000FPR2RI545P9G-BRER000-GTE-P00025,08/21/26 06:39 PM EDT,$0.41,116
20260824,MLB-TRUNS-I1-00069L89I4RE7OO-GTE-P00035,08/21/26 06:39 PM EDT,$0.01,500
20260824,MLB-TRUNS-I1-00069L89I4RE7OO-GTE-P00035,08/21/26 06:39 PM EDT,$0.01,100
20260824,MLB-TRUNS-I1-000FPR4TI545OUG-GTE-P00005,08/21/26 06:40 PM EDT,$0.38,42
20260824,MLB-MOVY-IT5-000FPR2RI545P9G-PHES000-GTE-P00015,08/21/26 06:40 PM EDT,$0.45,17
20260824,MLB-MOVY-IT5-000FPR2RI545P9G-PHES000-GTE-P00015,08/21/26 06:40 PM EDT,$0.45,105
20260824,MLB-WIN-IT5-000FPR2RI545P9G-STLS000,08/21/26 06:40 PM EDT,$0.32,85
20260824,MLB-WIN-IT5-000FPR2RI545P9G-STLS000,08/21/26 06:41 PM EDT,$0.32,8
20260824,MLB-MOVY-IT5-000FPR2RI545P9G-PHES000-GTE-P00015,08/21/26 06:41 PM EDT,$0.47,4
20260824,MLB-MOVY-IT5-000FPR4TI545OUG-BOOX000-GTE-P00005,08/21/26 06:41 PM EDT,$0.51,18
20260824,MLB-MOVY-IT5-000FPR4TI545OUG-BOOX000-GTE-P00005,08/21/26 06:41 PM EDT,$0.51,48
20260824,MLB-PHRR-FG-000FPR2RI545P9G-KYER003-GTE-P00025,08/21/26 06:41 PM EDT,$0.46,22
20260824,MLB-PHRR-FG-000FPR2RI545P9G-BRTT001-GTE-P00015,08/21/26 06:41 PM EDT,$0.57,18
20260824,MLB-PHRR-FG-000FPR2RI545P9G-BRER000-GTE-P00015,08/21/26 06:41 PM EDT,$0.58,18
20260824,MLB-PHRR-FG-000FPR2RI545P9G-JTTO000-GTE-P00015,08/21/26 06:41 PM EDT,$0.51,20
20260824,MLB-PHRR-FG-000FPR2RI545P9G-BRSH000-GTE-P00015,08/21/26 06:41 PM EDT,$0.53,20
20260824,MLB-PHRR-FG-000FPR2RI545P9G-LUEZ000-GTE-P00025,08/21/26 06:41 PM EDT,$0.41,25
20260824,MLB-PHRR-FG-000FPR2RI545P9G-JURD000-GTE-P00015,08/21/26 06:41 PM EDT,$0.48,22
20260824,LIGAMX-MOVY-FG-014F36C2L88MDH0-CLCA001-GTE-P00005,08/21/26 06:41 PM EDT,$0.58,36
20260824,MLB-MOVY-IT5-000FPR4TI545OUG-BOOX000-GTE-P00005,08/21/26 06:41 PM EDT,$0.51,66
20260824,MLB-MOVY-IT5-000FPR4TI545OUG-BOOX000-GTE-P00005,08/21/26 06:41 PM EDT,$0.51,18
20260824,MLB-WIN-IT5-000FPR2RI545P9G-STLS000,08/21/26 06:42 PM EDT,$0.32,320
20260824,MLB-MOVY-IT5-00069L89I4RE7OO-NYES000-GTE-P00005,08/21/26 06:42 PM EDT,$0.55,10
20260824,MLB-WIN-IT5-000FPR2RI545P9G-STLS000,08/21/26 06:42 PM EDT,$0.33,302
20260824,MLB-WIN-IT5-000FPQ64I544HVO-BAES000,08/21/26 06:42 PM EDT,$0.55,298
20260824,MLB-TRUNS-IT5-000FPR2RI545P9G-GTE-P00045,08/21/26 06:42 PM EDT,$0.45,15
20260824,MLB-TRUNS-IT5-000FPR2RI545P9G-GTE-P00045,08/21/26 06:42 PM EDT,$0.48,4
20260824,MLB-WIN-IT5-000FPR4SI545PC8-WALS000,08/21/26 06:42 PM EDT,$0.46,20
20260824,MLB-TRUNS-IT5-000FPR2RI545P9G-GTE-P00045,08/21/26 06:43 PM EDT,$0.45,314
20260824,MLB-PHRR-FG-000FPQ64I544HVO-YAAZ000-GTE-P00025,08/21/26 06:43 PM EDT,$0.40,25
20260824,MLB-WIN-IT5-000FPQ64I544HVO-TBYS000,08/21/26 06:43 PM EDT,$0.47,408
20260824,MLB-TRUNS-IT5-000FPR2RI545P9G-GTE-P00035,08/21/26 06:43 PM EDT,$0.55,100
20260824,MLB-MOVY-IT5-000FPR4TI545OUG-BOOX000-GTE-P00005,08/21/26 06:43 PM EDT,$0.51,94
20260824,MLB-MOVY-IT5-00069L89I4RE7OO-NYES000-GTE-P00005,08/21/26 06:43 PM EDT,$0.55,61
20260824,MLB-MOVY-IT5-000FPR2RI545P9G-PHES000-GTE-P00015,08/21/26 06:44 PM EDT,$0.51,188
20260824,MLB-TRUNS-IT5-000FPR2RI545P9G-GTE-P00035,08/21/26 06:44 PM EDT,$0.55,396
20260824,MLB-MOVY-IT5-000FPR4TI545OUG-BOOX000-GTE-P00005,08/21/26 06:44 PM EDT,$0.51,75
20260824,LIGAMX-BTMSC-FG-01O38BN3VVTN6IO-BINARY,08/21/26 06:44 PM EDT,$0.62,15
20260824,MLB-MOVY-IT5-000FPR4TI545OUG-BOOX000-GTE-P00005,08/21/26 06:44 PM EDT,$0.51,511
20260824,MLB-TRUNS-IT5-00069L89I4RE7OO-GTE-P00035,08/21/26 06:44 PM EDT,$0.50,19
20260824,MLB-WIN-IT5-000FPR4TI545OUG-BOOX000,08/21/26 06:44 PM EDT,$0.59,26
20260824,MLB-WIN-FG-000FPR2RI545P9G-PHES000,08/21/26 06:45 PM EDT,$0.61,2000
20260824,MLB-MOVY-IT5-000FPR4TI545OUG-BOOX000-GTE-P00005,08/21/26 06:45 PM EDT,$0.51,692
20260824,MLB-TRUNS-IT5-000FPR2RI545P9G-GTE-P00055,08/21/26 06:45 PM EDT,$0.53,40
20260824,MLB-TRUNS-IT5-000FPR2RI545P9G-GTE-P00055,08/21/26 06:45 PM EDT,$0.53,4
20260824,MLB-TRUNS-IT5-000FPR2RI545P9G-GTE-P00055,08/21/26 06:45 PM EDT,$0.53,2
20260824,MLB-PHRR-FG-000FPR4TI545OUG-CAIN000-GTE-P00015,08/21/26 06:45 PM EDT,$0.53,2
20260824,MLB-PHRR-FG-000FPR4TI545OUG-CELA000-GTE-P00015,08/21/26 06:45 PM EDT,$0.59,2
20260824,MLB-WIN-IT5-000FPR2RI545P9G-STLS000,08/21/26 06:45 PM EDT,$0.60,317
20260824,MLB-WIN-IT5-000FPR2RI545P9G-STLS000,08/21/26 06:45 PM EDT,$0.60,554
20260824,MLB-TRUNS-IT5-000FP20FI543DE8-GTE-P00035,08/21/26 06:46 PM EDT,$0.54,41
20260824,MLB-WIN-IT5-000FPR2RI545P9G-STLS000,08/21/26 06:46 PM EDT,$0.60,126
20260824,MLB-PHRR-FG-000FPR4TI545OUG-WIAS000-GTE-P00015,08/21/26 06:46 PM EDT,$0.54,2
20260824,MLB-PHRR-FG-000FPR4TI545OUG-WIEU000-GTE-P00015,08/21/26 06:46 PM EDT,$0.58,2
20260824,MLB-WIN-IT5-000FPR2RI545P9G-STLS000,08/21/26 06:46 PM EDT,$0.59,150
20260824,MLB-WIN-IT5-000FPR2RI545P9G-STLS000,08/21/26 06:46 PM EDT,$0.60,167
20260824,MLB-TRUNS-IT5-000FPQ64I544HVO-GTE-P00045,08/21/26 06:46 PM EDT,$0.46,104
20260824,MLB-PHRR-FG-000FPR4TI545OUG-WIES000-GTE-P00015,08/21/26 06:46 PM EDT,$0.47,2
20260824,MLB-TRUNS-IT5-000FPR2RI545P9G-GTE-P00055,08/21/26 06:46 PM EDT,$0.52,98
20260824,MLB-TRUNS-IT5-000FPR2RI545P9G-GTE-P00055,08/21/26 06:46 PM EDT,$0.52,40
20260824,MLB-TRUNS-IT5-000FPR2RI545P9G-GTE-P00055,08/21/26 06:46 PM EDT,$0.52,38
20260824,MLB-PHRR-FG-000FPR4TI545OUG-RARS000-GTE-P00015,08/21/26 06:46 PM EDT,$0.50,1
20260824,MLB-TRUNS-IT5-000FPR2RI545P9G-GTE-P00055,08/21/26 06:46 PM EDT,$0.52,50
20260824,MLB-TRUNS-IT5-000FPR2RI545P9G-GTE-P00055,08/21/26 06:46 PM EDT,$0.52,6
20260824,MLB-MOVY-IT5-00069L89I4RE7OO-NYES000-GTE-P00005,08/21/26 06:46 PM EDT,$0.53,10
20260824,MLB-PHRR-FG-000FP242I543CMO-YOEZ000-GTE-P00025,08/21/26 06:46 PM EDT,$0.48,1
20260824,MLB-TRUNS-IT5-000FPR2RI545P9G-GTE-P00055,08/21/26 06:46 PM EDT,$0.57,204
20260824,MLB-TRUNS-I1-000FPR4TI545OUG-GTE-P00005,08/21/26 06:46 PM EDT,$0.38,50
20260824,LPA-MOVY-FG-0004DIUEI4MQMQO-ESTO001-GTE-P00015,08/21/26 06:46 PM EDT,$0.07,3
20260824,MLB-MOVY-IT5-000FPR2RI545P9G-PHES000-GTE-P00015,08/21/26 06:46 PM EDT,$0.22,150
20260824,MLB-TRUNS-I1-00069L89I4RE7OO-GTE-P00025,08/21/26 06:46 PM EDT,$0.07,3
20260824,MLB-PHRR-FG-000FPR4TI545OUG-RARS000-GTE-P00015,08/21/26 06:46 PM EDT,$0.51,2
20260824,MLB-MOVY-IT5-000FPR2RI545P9G-PHES000-GTE-P00015,08/21/26 06:47 PM EDT,$0.22,38
20260824,MLB-TRUNS-IT5-000FPR2RI545P9G-GTE-P00035,08/21/26 06:47 PM EDT,$0.79,150
20260824,LPA-TGLS-FG-0004DIUEI4MQMQO-GTE-P00025,08/21/26 06:47 PM EDT,$0.25,37
20260824,MLB-PHRR-FG-000FPR4TI545OUG-JAAN001-GTE-P00015,08/21/26 06:47 PM EDT,$0.50,2
20260824,MLB-PHRR-FG-000FP242I543CMO-YOEZ000-GTE-P00025,08/21/26 06:47 PM EDT,$0.49,19
20260824,MLB-WIN-IT5-000FPR2RI545P9G-STLS000,08/21/26 06:47 PM EDT,$0.59,150
20260824,MLB-MOVY-IT5-000FPQ64I544HVO-BAES000-GTE-P00005,08/21/26 06:47 PM EDT,$0.44,110
20260824,NWSL-DWIN-FG-000FPQ0FI544HD8-SACW009,08/21/26 06:47 PM EDT,$0.48,5
20260824,MLB-TRUNS-IT5-000FPR2RI545P9G-GTE-P00055,08/21/26 06:47 PM EDT,$0.52,150
20260824,MLB-TRUNS-I2-000FPR2RI545P9G-GTE-P00005,08/21/26 06:47 PM EDT,$0.37,46
20260824,MLB-TRUNS-I2-000FPR2RI545P9G-GTE-P00005,08/21/26 06:47 PM EDT,$0.37,4
20260824,MLB-WIN-IT5-000FPQ64I544HVO-TBYS000,08/21/26 06:47 PM EDT,$0.47,20
20260824,MLB-TRUNS-I2-000FPR2RI545P9G-GTE-P00005,08/21/26 06:47 PM EDT,$0.37,40
20260824,MLB-WIN-IT5-000FPR2RI545P9G-PHES000,08/21/26 06:47 PM EDT,$0.43,11
20260824,MLB-TRUNS-I2-000FPR2RI545P9G-GTE-P00035,08/21/26 06:47 PM EDT,$0.01,6
20260824,MLB-TRUNS-IT5-000FPR2RI545P9G-GTE-P00055,08/21/26 06:47 PM EDT,$0.52,50
20260824,MLB-MOVY-IT5-000FPR2RI545P9G-STLS000-GTE-P00005,08/21/26 06:47 PM EDT,$0.52,150
20260824,MLB-PHRR-FG-000FPQ64I544HVO-COER004-GTE-P00005,08/21/26 06:47 PM EDT,$0.57,25
20260824,MLB-WIN-IT5-000FPR2RI545P9G-STLS000,08/21/26 06:48 PM EDT,$0.60,1343
20260824,LIGAMX-MOVY-FG-01O38BN3VVTN6IO-CLON010-GTE-P00025,08/21/26 06:48 PM EDT,$0.04,11
20260824,MLB-MOVY-IT5-000FPUUOI541HG8-ARKS000-GTE-P00005,08/21/26 06:48 PM EDT,$0.49,276
20260824,MLB-MOVY-IT5-000FPR2RI545P9G-STLS000-GTE-P00005,08/21/26 06:48 PM EDT,$0.53,150
20260824,MLB-WIN-IT5-000FPR2RI545P9G-STLS000,08/21/26 06:48 PM EDT,$0.59,491
20260824,MLB-WIN-IT5-000FPR2RI545P9G-PHES000,08/21/26 06:48 PM EDT,$0.43,11
20260824,MLB-WIN-IT5-000FPR2RI545P9G-STLS000,08/21/26 06:48 PM EDT,$0.60,48
20260824,NWSL-DWIN-FG-000FPQ0FI544HD8-UTSW003,08/21/26 06:48 PM EDT,$0.26,3
20260824,MLB-TRUNS-IT5-000FPR2RI545P9G-GTE-P00055,08/21/26 06:48 PM EDT,$0.54,10
20260824,MLB-WIN-IT5-00069L89I4RE7OO-TOYS000,08/21/26 06:48 PM EDT,$0.35,216
20260824,LIGAMX-TGLS-FG-00CBOUVGKS1OM6O-GTE-P00055,08/21/26 06:48 PM EDT,$0.06,10
20260824,MLB-TRUNS-IT5-000FPR4TI545OUG-GTE-P00035,08/21/26 06:49 PM EDT,$0.53,18
20260824,MLB-WIN-IT5-000FP271I543D0G-KCLS000,08/21/26 06:49 PM EDT,$0.51,94
20260824,MLB-WIN-IT5-000FPR2RI545P9G-STLS000,08/21/26 06:49 PM EDT,$0.61,7
20260824,MLB-TRUNS-IT5-000FPR2RI545P9G-GTE-P00035,08/21/26 06:49 PM EDT,$0.81,8
20260824,MLB-TRUNS-IT5-000FPR2RI545P9G-GTE-P00045,08/21/26 06:49 PM EDT,$0.68,178
20260824,MLB-TRUNS-IT5-000FPR2RI545P9G-GTE-P00055,08/21/26 06:49 PM EDT,$0.54,10
20260824,MLB-TRUNS-IT5-000FPR2RI545P9G-GTE-P00055,08/21/26 06:49 PM EDT,$0.54,10
20260824,LIGAMX-TGLS-FG-014F36C2L88MDH0-GTE-P00055,08/21/26 06:49 PM EDT,$0.05,11
20260824,MLB-TRUNS-IT5-000FP20FI543DE8-GTE-P00035,08/21/26 06:49 PM EDT,$0.53,91
20260824,MLB-TRUNS-IT5-000FPR2RI545P9G-GTE-P00055,08/21/26 06:49 PM EDT,$0.51,50
20260824,MLB-PHRR-FG-000FP41SI54B2VO-SHNI001-GTE-P00035,08/21/26 06:49 PM EDT,$0.32,58
20260824,LIGAMX-TGLS-FG-00CA1V63KSKBE28-GTE-P00055,08/21/26 06:49 PM EDT,$0.08,11
20260824,MLB-WIN-IT5-000FP271I543D0G-DERS000,08/21/26 06:50 PM EDT,$0.50,105
20260824,MLB-MOVY-IT5-000FP462I54B208-SDES000-GTE-P00005,08/21/26 06:50 PM EDT,$0.45,212
20260824,MLB-WIN-IT5-000FPR2RI545P9G-STLS000,08/21/26 06:50 PM EDT,$0.66,253
20260824,MLB-TRUNS-IT5-000FPR2RI545P9G-GTE-P00035,08/21/26 06:50 PM EDT,$0.79,19
20260824,LPA-BTMSC-FG-0004DIUEI4MQMQO-BINARY,08/21/26 06:50 PM EDT,$0.36,117
20260824,MLB-PHRR-FG-000FP41SI54B2VO-SHNI001-GTE-P00075,08/21/26 06:50 PM EDT,$0.07,62
20260824,MLB-PHRR-FG-000FP242I543CMO-YOEZ000-GTE-P00025,08/21/26 06:50 PM EDT,$0.48,4
20260824,MLB-TRUNS-IT5-000FPR2RI545P9G-GTE-P00055,08/21/26 06:50 PM EDT,$0.50,50
20260824,MLB-MOVY-IT5-000FPR4SI545PC8-MINS001-GTE-P00005,08/21/26 06:50 PM EDT,$0.45,52
20260824,LPA-BTMSC-FG-0004DIUEI4MQMQO-BINARY,08/21/26 06:50 PM EDT,$0.37,142
20260824,MLB-MOVY-IT5-000FPR2RI545P9G-STLS000-GTE-P00015,08/21/26 06:50 PM EDT,$0.43,16
20260824,MLB-TRUNS-IT5-000FPR2RI545P9G-GTE-P00055,08/21/26 06:51 PM EDT,$0.49,19
20260824,MLB-MOVY-IT5-000FPR2RI545P9G-STLS000-GTE-P00015,08/21/26 06:51 PM EDT,$0.54,178
20260824,MLB-WIN-IT5-000FPQ64I544HVO-BAES000,08/21/26 06:51 PM EDT,$0.55,24
20260824,LIGAMX-TGLS-FG-00CBOUVGKS1OM6O-GTE-P00035,08/21/26 06:52 PM EDT,$0.33,2
20260824,LIGAMX-TGLS-FG-01O38BN3VVTN6IO-GTE-P00035,08/21/26 06:52 PM EDT,$0.35,2
20260824,LIGAMX-TGLS-FG-014F36C2L88MDH0-GTE-P00035,08/21/26 06:52 PM EDT,$0.32,2
20260824,LIGAMX-TGLS-FG-00CA1V63KSKBE28-GTE-P00035,08/21/26 06:52 PM EDT,$0.37,2
20260824,MLB-WIN-IT5-000FP271I543D0G-DERS000,08/21/26 06:52 PM EDT,$0.50,48
20260824,MLB-MOVY-IT5-000FPR2RI545P9G-STLS000-GTE-P00015,08/21/26 06:52 PM EDT,$0.47,40
20260824,MLB-TRUNS-IT5-000FPR2RI545P9G-GTE-P00055,08/21/26 06:52 PM EDT,$0.43,16
20260824,MLB-MOVY-IT5-000FPR4SI545PC8-MINS001-GTE-P00005,08/21/26 06:52 PM EDT,$0.44,17
20260824,MLB-TRUNS-IT5-000FPR2RI545P9G-GTE-P00055,08/21/26 06:52 PM EDT,$0.43,552
20260824,MLB-TRUNS-IT5-000FPR2RI545P9G-GTE-P00055,08/21/26 06:53 PM EDT,$0.45,9
20260824,MLB-MOVY-IT5-000FPUUOI541HG8-ARKS000-GTE-P00005,08/21/26 06:53 PM EDT,$0.49,15
20260824,MLB-TRUNS-IT5-000FPR2RI545P9G-GTE-P00055,08/21/26 06:53 PM EDT,$0.45,140
20260824,MLB-TRUNS-IT5-000FP271I543D0G-GTE-P00045,08/21/26 06:53 PM EDT,$0.44,137
20260824,MLB-WIN-IT5-000FP404I54B3T0-SERS000,08/21/26 06:54 PM EDT,$0.52,4
20260824,MLB-WIN-IT5-000FPR2RI545P9G-PHES000,08/21/26 06:54 PM EDT,$0.41,113
20260824,MLB-TRUNS-IT5-000FPR2RI545P9G-GTE-P00055,08/21/26 06:54 PM EDT,$0.51,37
20260824,MLB-MOVY-IT5-000FPR4TI545OUG-BOOX000-GTE-P00005,08/21/26 06:54 PM EDT,$0.51,1
20260824,MLB-WIN-IT5-000FPR2RI545P9G-PHES000,08/21/26 06:54 PM EDT,$0.41,6
20260824,MLB-TRUNS-IT5-000FPR2RI545P9G-GTE-P00055,08/21/26 06:54 PM EDT,$0.52,92
20260824,MLB-WIN-IT5-000FPR2RI545P9G-PHES000,08/21/26 06:54 PM EDT,$0.41,67
20260824,MLB-TRUNS-IT5-000FPR2RI545P9G-GTE-P00055,08/21/26 06:55 PM EDT,$0.54,17
20260824,MLB-TRUNS-IT5-000FPR2RI545P9G-GTE-P00025,08/21/26 06:55 PM EDT,$0.89,4
20260824,MLB-WIN-IT5-000FPR2RI545P9G-PHES000,08/21/26 06:55 PM EDT,$0.42,71
20260824,MLB-TRUNS-IT5-000FPR2RI545P9G-GTE-P00055,08/21/26 06:55 PM EDT,$0.54,44
20260824,MLB-TRUNS-IT5-000FPR2RI545P9G-GTE-P00055,08/21/26 06:55 PM EDT,$0.51,19
20260824,MLB-WIN-IT5-000FP462I54B208-SDES000,08/21/26 06:56 PM EDT,$0.52,7
20260824,MLB-TRUNS-IT5-000FPR2RI545P9G-GTE-P00035,08/21/26 06:56 PM EDT,$0.84,100
20260824,LIGAMX-TGLS-FG-014F36C2L88MDH0-GTE-P00025,08/21/26 06:56 PM EDT,$0.53,36
20260824,MLB-WIN-IT5-000FPR2RI545P9G-PHES000,08/21/26 06:56 PM EDT,$0.41,454
20260824,MLB-MOVY-IT5-000FPR2RI545P9G-STLS000-GTE-P00005,08/21/26 06:56 PM EDT,$0.55,87
20260824,MLB-MOVY-IT5-000FPR2RI545P9G-STLS000-GTE-P00005,08/21/26 06:56 PM EDT,$0.55,413
20260824,MLB-TRUNS-IT5-000FPR4TI545OUG-GTE-P00035,08/21/26 06:56 PM EDT,$0.52,30
20260824,MLB-TRUNS-IT5-000FPQ64I544HVO-GTE-P00045,08/21/26 06:56 PM EDT,$0.44,17
20260824,MLB-MOVY-IT5-000FP41SI54B2VO-LARS000-GTE-P00015,08/21/26 06:57 PM EDT,$0.44,13
20260824,MLB-MOVY-IT5-000FPR2RI545P9G-STLS000-GTE-P00015,08/21/26 06:57 PM EDT,$0.45,212
20260824,MLB-TRUNS-IT5-00069L89I4RE7OO-GTE-P00035,08/21/26 06:57 PM EDT,$0.50,100
20260824,MLB-MOVY-IT5-000FPUUVI541HNG-CLNS000-GTE-P00005,08/21/26 06:57 PM EDT,$0.50,192
20260824,MLB-MOVY-IT5-000FPR2RI545P9G-STLS000-GTE-P00015,08/21/26 06:58 PM EDT,$0.44,600
20260824,MLB-WIN-IT5-000FPR4SI545PC8-WALS000,08/21/26 06:58 PM EDT,$0.46,791
20260824,MLB-TRUNS-IT5-000FPR2RI545P9G-GTE-P00055,08/21/26 06:58 PM EDT,$0.45,31
20260824,MLB-MOVY-IT5-000FPR2RI545P9G-STLS000-GTE-P00015,08/21/26 06:58 PM EDT,$0.44,262
20260824,MLB-TRUNS-I1-000FP20FI543DE8-GTE-P00015,08/21/26 06:58 PM EDT,$0.26,892
20260824,MLB-TRUNS-IT5-000FP271I543D0G-GTE-P00045,08/21/26 06:58 PM EDT,$0.44,17
20260824,LIGAMX-MOVY-FG-00CBOUVGKS1OM6O-TINL001-GTE-P00005,08/21/26 06:58 PM EDT,$0.62,13
20260824,MLB-TRUNS-IT5-000FP271I543D0G-GTE-P00045,08/21/26 06:58 PM EDT,$0.44,10
20260824,MLB-WIN-IT5-000FPR2RI545P9G-PHES000,08/21/26 06:58 PM EDT,$0.30,6
20260824,MLB-WIN-IT5-000FPR2RI545P9G-PHES000,08/21/26 06:58 PM EDT,$0.30,16
20260824,MLB-TRUNS-I3-000FPR2RI545P9G-GTE-P00015,08/21/26 06:58 PM EDT,$0.27,17
20260824,MLB-TRUNS-IT5-000FPR4TI545OUG-GTE-P00035,08/21/26 06:58 PM EDT,$0.52,3
20260824,MLB-TRUNS-I2-000FPR2RI545P9G-GTE-P00005,08/21/26 06:58 PM EDT,$0.37,76
20260824,MLB-TRUNS-IT5-00069L89I4RE7OO-GTE-P00035,08/21/26 06:58 PM EDT,$0.50,50
20260824,MLB-TRUNS-IT5-000FPR2RI545P9G-GTE-P00045,08/21/26 06:59 PM EDT,$0.63,1
20260824,MLB-TRUNS-IT5-000FPR2RI545P9G-GTE-P00045,08/21/26 06:59 PM EDT,$0.63,1
20260824,MLB-TRUNS-IT5-000FPR2RI545P9G-GTE-P00045,08/21/26 06:59 PM EDT,$0.63,2
20260824,MLB-TRUNS-IT5-000FPR2RI545P9G-GTE-P00045,08/21/26 06:59 PM EDT,$0.63,1
20260824,MLB-TRUNS-I1-00069L89I4RE7OO-GTE-P00005,08/21/26 06:59 PM EDT,$0.40,1000
20260824,LIGAMX-MOVY-FG-014F36C2L88MDH0-CLCA001-GTE-P00005,08/21/26 06:59 PM EDT,$0.57,11
20260824,MLB-TRUNS-IT5-000FPR2RI545P9G-GTE-P00055,08/21/26 06:59 PM EDT,$0.46,17
20260824,MLB-WIN-IT5-000FP462I54B208-SDES000,08/21/26 06:59 PM EDT,$0.52,5
20260824,MLB-TRUNS-IT5-000FPR2RI545P9G-GTE-P00025,08/21/26 06:59 PM EDT,$0.93,1
20260824,MLB-TRUNS-IT5-000FPR2RI545P9G-GTE-P00055,08/21/26 06:59 PM EDT,$0.46,1618
20260824,MLB-TRUNS-IT5-000FPR2RI545P9G-GTE-P00055,08/21/26 06:59 PM EDT,$0.46,583
20260824,MLB-TRUNS-IT5-000FPR2RI545P9G-GTE-P00025,08/21/26 06:59 PM EDT,$0.93,2
20260824,MLB-MOVY-IT5-000FPR2RI545P9G-STLS000-GTE-P00015,08/21/26 06:59 PM EDT,$0.43,135
20260824,MLB-MOVY-IT5-000FPQ64I544HVO-BAES000-GTE-P00005,08/21/26 06:59 PM EDT,$0.46,3
20260824,MLB-TRUNS-I1-00069L89I4RE7OO-GTE-P00005,08/21/26 07:00 PM EDT,$0.40,456
20260824,MLB-WIN-IT5-000FPQ64I544HVO-TBYS000,08/21/26 07:00 PM EDT,$0.47,40
20260824,MLB-TRUNS-IT5-000FPR2RI545P9G-GTE-P00055,08/21/26 07:00 PM EDT,$0.55,175
20260824,LIGAMX-MOVY-FG-014F36C2L88MDH0-CLCA001-GTE-P00015,08/21/26 07:00 PM EDT,$0.32,29
20260824,MLB-WIN-IT5-000FPR4TI545OUG-BOOX000,08/21/26 07:01 PM EDT,$0.59,308
20260824,MLB-WIN-IT5-00069L89I4RE7OO-NYES000,08/21/26 07:01 PM EDT,$0.66,25
20260824,MLB-MOVY-IT5-000FPR2RI545P9G-STLS000-GTE-P00015,08/21/26 07:01 PM EDT,$0.54,6
20260824,MLB-MOVY-IT5-000FPR2RI545P9G-STLS000-GTE-P00015,08/21/26 07:01 PM EDT,$0.54,1
20260824,MLB-MOVY-IT5-000FPR2RI545P9G-STLS000-GTE-P00015,08/21/26 07:01 PM EDT,$0.54,1
20260824,MLB-MOVY-IT5-00069L89I4RE7OO-NYES000-GTE-P00005,08/21/26 07:02 PM EDT,$0.55,69
20260824,MLB-TRUNS-I2-000FPR2RI545P9G-GTE-P00015,08/21/26 07:02 PM EDT,$0.33,55
20260824,MLB-MOVY-IT5-000FPR2RI545P9G-STLS000-GTE-P00015,08/21/26 07:02 PM EDT,$0.57,149
20260824,MLB-PHRR-FG-000FPQ64I544HVO-YAAZ000-GTE-P00015,08/21/26 07:02 PM EDT,$0.56,86
20260824,MLB-MOVY-IT5-000FPR2RI545P9G-STLS000-GTE-P00015,08/21/26 07:02 PM EDT,$0.54,446
20260824,MLB-PHRR-FG-000FPQ64I544HVO-PESO000-GTE-P00015,08/21/26 07:02 PM EDT,$0.54,260
20260824,MLB-TRUNS-IT5-000FPR2RI545P9G-GTE-P00055,08/21/26 07:02 PM EDT,$0.50,105
20260824,MLB-TRUNS-IT5-000FPR4TI545OUG-GTE-P00035,08/21/26 07:02 PM EDT,$0.52,2400
20260824,MLB-WIN-IT5-00069L89I4RE7OO-TOYS000,08/21/26 07:03 PM EDT,$0.35,54
20260824,LPA-TGLS-FG-0004DIUEI4MQMQO-GTE-P00015,08/21/26 07:03 PM EDT,$0.50,576
20260824,MLB-TRUNS-IT5-000FPR4TI545OUG-GTE-P00035,08/21/26 07:03 PM EDT,$0.52,56
20260824,MLB-TRUNS-IT5-000FPR2RI545P9G-GTE-P00055,08/21/26 07:03 PM EDT,$0.50,162
20260824,MLB-WIN-IT5-000FPR2RI545P9G-PHES000,08/21/26 07:03 PM EDT,$0.28,50
20260824,MLB-TRUNS-IT5-000FPR2RI545P9G-GTE-P00035,08/21/26 07:03 PM EDT,$0.80,1
20260824,MLB-TRUNS-I1-00069L89I4RE7OO-GTE-P00015,08/21/26 07:04 PM EDT,$0.30,10
20260824,MLB-TRUNS-IT5-000FPR2RI545P9G-GTE-P00035,08/21/26 07:04 PM EDT,$0.79,1
20260824,MLB-TRUNS-IT5-000FPR2RI545P9G-GTE-P00035,08/21/26 07:04 PM EDT,$0.79,1
20260824,MLB-TRUNS-IT5-000FPR2RI545P9G-GTE-P00055,08/21/26 07:04 PM EDT,$0.44,148
20260824,MLB-TRUNS-IT5-000FPR2RI545P9G-GTE-P00045,08/21/26 07:04 PM EDT,$0.64,1
20260824,MLB-TRUNS-IT5-000FPR2RI545P9G-GTE-P00045,08/21/26 07:04 PM EDT,$0.64,1
20260824,MLB-TRUNS-IT5-000FPR2RI545P9G-GTE-P00045,08/21/26 07:04 PM EDT,$0.64,1
20260824,MLB-TRUNS-IT5-000FPR2RI545P9G-GTE-P00035,08/21/26 07:04 PM EDT,$0.79,4
20260824,LIGAMX-TGLS-FG-01O38BN3VVTN6IO-GTE-P00025,08/21/26 07:04 PM EDT,$0.57,4
20260824,MLB-TRUNS-IT5-000FPR2RI545P9G-GTE-P00035,08/21/26 07:04 PM EDT,$0.79,1
20260824,MLB-WIN-IT5-000FPR2RI545P9G-STLS000,08/21/26 07:04 PM EDT,$0.71,500
20260824,LPA-TGLS-FG-0004DIUEI4MQMQO-GTE-P00045,08/21/26 07:04 PM EDT,$0.02,1
20260824,MLB-TRUNS-IT5-000FPR4TI545OUG-GTE-P00035,08/21/26 07:04 PM EDT,$0.53,6
20260824,LIGAMX-TGLS-FG-00CBOUVGKS1OM6O-GTE-P00025,08/21/26 07:04 PM EDT,$0.56,12
20260824,MLB-TRUNS-IT5-000FPR2RI545P9G-GTE-P00045,08/21/26 07:04 PM EDT,$0.64,3
20260824,MLB-TRUNS-FG-000FPR2RI545P9G-GTE-P00085,08/21/26 07:05 PM EDT,$0.62,500
20260824,MLB-TRUNS-FG-000FPR2RI545P9G-GTE-P00085,08/21/26 07:05 PM EDT,$0.62,500
20260824,NWSL-DWIN-FG-000FPQ0FI544HD8-UTSW003,08/21/26 07:05 PM EDT,$0.26,3
20260824,MLB-TRUNS-IT5-00069L89I4RE7OO-GTE-P00035,08/21/26 07:05 PM EDT,$0.49,188
20260824,MLB-PHRR-FG-00069L89I4RE7OO-SPES000-GTE-P00015,08/21/26 07:05 PM EDT,$0.40,100
20260824,MLB-PHRR-FG-000FPQ64I544HVO-YAAZ000-GTE-P00015,08/21/26 07:05 PM EDT,$0.56,17
20260824,MLB-TRUNS-IT5-000FPR2RI545P9G-GTE-P00055,08/21/26 07:05 PM EDT,$0.49,203
20260824,MLB-TRUNS-IT5-000FPR2RI545P9G-GTE-P00055,08/21/26 07:05 PM EDT,$0.49,58
20260824,MLB-TRUNS-IT5-000FPR4TI545OUG-GTE-P00035,08/21/26 07:06 PM EDT,$0.52,192
20260824,LIGAMX-MOVY-FG-014F36C2L88MDH0-CLCA001-GTE-P00005,08/21/26 07:06 PM EDT,$0.58,3
20260824,MLB-TRUNS-I2-000FPR2RI545P9G-GTE-P00005,08/21/26 07:06 PM EDT,$0.47,204
20260824,MLB-WIN-IT5-000FP22AI543DI8-NYTS000,08/21/26 07:06 PM EDT,$0.45,10
20260824,MLB-TRUNS-I2-000FPR2RI545P9G-GTE-P00005,08/21/26 07:06 PM EDT,$0.47,205
20260824,LIGAMX-TGLS-FG-014F36C2L88MDH0-GTE-P00025,08/21/26 07:06 PM EDT,$0.53,10
20260824,MLB-MOVY-IT5-000FPR2RI545P9G-STLS000-GTE-P00015,08/21/26 07:06 PM EDT,$0.56,150
20260824,MLB-WIN-IT5-000FP271I543D0G-DERS000,08/21/26 07:06 PM EDT,$0.49,39
20260824,MLB-TRUNS-IT5-000FPR2RI545P9G-GTE-P00045,08/21/26 07:06 PM EDT,$0.64,3
20260824,MLB-MOVY-IT5-000FPR4TI545OUG-BOOX000-GTE-P00005,08/21/26 07:06 PM EDT,$0.52,10417
20260824,MLB-TRUNS-IT5-000FPR4TI545OUG-GTE-P00035,08/21/26 07:06 PM EDT,$0.53,600
20260824,MLB-TRUNS-IT5-000FPR4TI545OUG-GTE-P00035,08/21/26 07:06 PM EDT,$0.53,3976
20260824,MLB-MOVY-IT5-000FPR4TI545OUG-BOOX000-GTE-P00005,08/21/26 07:07 PM EDT,$0.55,657
20260824,MLB-TRUNS-IT5-000FPR4TI545OUG-GTE-P00035,08/21/26 07:07 PM EDT,$0.53,600
20260824,MLB-TRUNS-I1-00069L89I4RE7OO-GTE-P00005,08/21/26 07:07 PM EDT,$0.47,8
20260824,MLB-PHRR-FG-000FPQ64I544HVO-YAAZ000-GTE-P00025,08/21/26 07:07 PM EDT,$0.39,3
20260824,MLB-TRUNS-IT5-00069L89I4RE7OO-GTE-P00035,08/21/26 07:07 PM EDT,$0.50,10000
20260824,MLB-MOVY-IT5-00069L89I4RE7OO-NYES000-GTE-P00005,08/21/26 07:07 PM EDT,$0.55,8526
20260824,MLB-MOVY-IT5-00069L89I4RE7OO-NYES000-GTE-P00005,08/21/26 07:07 PM EDT,$0.55,2000
20260824,MLB-TRUNS-IT5-000FPR2RI545P9G-GTE-P00045,08/21/26 07:07 PM EDT,$0.60,5
20260824,MLB-TRUNS-IT5-000FPR2RI545P9G-GTE-P00055,08/21/26 07:08 PM EDT,$0.44,20
20260824,MLB-WIN-IT5-000FPR4TI545OUG-BOOX000,08/21/26 07:08 PM EDT,$0.60,6
20260824,MLB-PHRR-FG-000FPQ64I544HVO-JURO000-GTE-P00025,08/21/26 07:08 PM EDT,$0.41,116
20260824,MLB-WIN-IT5-000FPR4SI545PC8-MINS001,08/21/26 07:08 PM EDT,$0.56,600
20260824,MLB-WIN-IT5-000FPR4SI545PC8-MINS001,08/21/26 07:08 PM EDT,$0.56,4000
20260824,MLB-TRUNS-IT5-000FPR4SI545PC8-GTE-P00035,08/21/26 07:08 PM EDT,$0.56,4000
20260824,MLB-TRUNS-IT5-000FPR4SI545PC8-GTE-P00035,08/21/26 07:08 PM EDT,$0.56,600
20260824,MLB-MOVY-IT5-00069L89I4RE7OO-NYES000-GTE-P00005,08/21/26 07:08 PM EDT,$0.55,133
20260824,MLB-WIN-IT5-000FPR4TI545OUG-BOOX000,08/21/26 07:08 PM EDT,$0.60,1
20260824,MLB-WIN-IT5-000FPR4SI545PC8-MINS001,08/21/26 07:08 PM EDT,$0.56,600
20260824,MLB-TRUNS-IT5-000FPR4SI545PC8-GTE-P00035,08/21/26 07:08 PM EDT,$0.56,600
20260824,MLB-MOVY-IT5-000FPR4TI545OUG-BOOX000-GTE-P00005,08/21/26 07:08 PM EDT,$0.49,3
20260824,MLB-TRUNS-IT5-000FPR4SI545PC8-GTE-P00035,08/21/26 07:08 PM EDT,$0.56,600
20260824,MLB-WIN-IT5-000FPR4SI545PC8-MINS001,08/21/26 07:08 PM EDT,$0.56,600
20260824,MLB-TRUNS-I3-000FPR2RI545P9G-GTE-P00005,08/21/26 07:08 PM EDT,$0.44,17
20260824,MLB-MOVY-IT5-000FPR4TI545OUG-BOOX000-GTE-P00005,08/21/26 07:08 PM EDT,$0.49,28
20260824,MLB-TRUNS-I3-000FPR2RI545P9G-GTE-P00005,08/21/26 07:08 PM EDT,$0.44,17
20260824,MLB-TRUNS-IT5-000FPR2RI545P9G-GTE-P00055,08/21/26 07:09 PM EDT,$0.42,31
20260824,MLB-TRUNS-IT5-000FPR2RI545P9G-GTE-P00055,08/21/26 07:09 PM EDT,$0.42,83
20260824,MLB-TRUNS-IT5-000FPR2RI545P9G-GTE-P00055,08/21/26 07:09 PM EDT,$0.45,618
20260824,LIGAMX-TGLS-FG-01O38BN3VVTN6IO-GTE-P00025,08/21/26 07:09 PM EDT,$0.58,125
20260824,MLB-WIN-IT5-000FPQ64I544HVO-BAES000,08/21/26 07:09 PM EDT,$0.55,17
20260824,MLB-TRUNS-I1-00069L89I4RE7OO-GTE-P00015,08/21/26 07:09 PM EDT,$0.22,811
20260824,MLB-TRUNS-I2-000FPR2RI545P9G-GTE-P00005,08/21/26 07:09 PM EDT,$0.31,4
20260824,MLB-TRUNS-IT5-000FPQ64I544HVO-GTE-P00045,08/21/26 07:09 PM EDT,$0.44,600
20260824,MLB-TRUNS-I1-000FPR4TI545OUG-GTE-P00005,08/21/26 07:09 PM EDT,$0.46,4
20260824,MLB-TRUNS-IT5-000FPQ64I544HVO-GTE-P00045,08/21/26 07:09 PM EDT,$0.44,262
20260824,MLB-TRUNS-IT5-000FPR2RI545P9G-GTE-P00045,08/21/26 07:09 PM EDT,$0.56,48
20260824,MLB-MOVY-IT5-000FPR2RI545P9G-STLS000-GTE-P00005,08/21/26 07:10 PM EDT,$0.62,132
20260824,MLB-TRUNS-I1-000FPR4TI545OUG-GTE-P00005,08/21/26 07:10 PM EDT,$0.38,7
20260824,NASCAR-WIN-RCE-00GM207BRJKDADF52I8U9EU806L4S6GO02U0KQ6FHUPMKC809CVJL96JPKH0-CAAR002,08/21/26 07:10 PM EDT,$0.05,333
20260824,LPA-TGLS-FG-0004DIUEI4MQMQO-GTE-P00045,08/21/26 07:10 PM EDT,$0.02,600
20260824,LPA-TGLS-FG-0004DIUEI4MQMQO-GTE-P00045,08/21/26 07:10 PM EDT,$0.02,600
20260824,LPA-TGLS-FG-0004DIUEI4MQMQO-GTE-P00045,08/21/26 07:10 PM EDT,$0.02,128
20260824,MLB-WIN-IT5-000FP22AI543DI8-NYTS000,08/21/26 07:10 PM EDT,$0.45,214
20260824,LPA-TGLS-FG-0004DIUEI4MQMQO-GTE-P00045,08/21/26 07:10 PM EDT,$0.02,101
20260824,MLB-TRUNS-IT5-000FPR2RI545P9G-GTE-P00055,08/21/26 07:10 PM EDT,$0.43,83
20260824,MLB-WIN-IT5-000FPR2RI545P9G-PHES000,08/21/26 07:11 PM EDT,$0.33,135
20260824,MLB-MOVY-IT5-00069L89I4RE7OO-NYES000-GTE-P00005,08/21/26 07:11 PM EDT,$0.55,638
20260824,MLB-WIN-IT5-000FPR2RI545P9G-PHES000,08/21/26 07:11 PM EDT,$0.33,13
20260824,MLB-WIN-IT5-000FPR2RI545P9G-PHES000,08/21/26 07:11 PM EDT,$0.33,285
20260824,MLB-MOVY-IT5-000FPR2RI545P9G-PHES000-GTE-P00015,08/21/26 07:11 PM EDT,$0.18,60
20260824,MLB-MOVY-IT5-000FPR2RI545P9G-PHES000-GTE-P00015,08/21/26 07:11 PM EDT,$0.18,100
20260824,MLB-MOVY-IT5-000FPR2RI545P9G-PHES000-GTE-P00015,08/21/26 07:11 PM EDT,$0.18,50
20260824,MLB-MOVY-IT5-000FPR2RI545P9G-PHES000-GTE-P00015,08/21/26 07:11 PM EDT,$0.18,10
20260824,MLB-MOVY-IT5-000FPR2RI545P9G-PHES000-GTE-P00015,08/21/26 07:11 PM EDT,$0.18,10
20260824,MLB-MOVY-IT5-000FPR2RI545P9G-PHES000-GTE-P00015,08/21/26 07:11 PM EDT,$0.18,10
20260824,MLB-MOVY-IT5-000FPR2RI545P9G-PHES000-GTE-P00015,08/21/26 07:11 PM EDT,$0.18,10
20260824,MLB-MOVY-IT5-000FPR2RI545P9G-PHES000-GTE-P00015,08/21/26 07:11 PM EDT,$0.18,10
20260824,MLB-TRUNS-IT5-000FPR2RI545P9G-GTE-P00025,08/21/26 07:11 PM EDT,$0.92,1
20260824,MLB-TRUNS-I1-000FPQ64I544HVO-GTE-P00035,08/21/26 07:11 PM EDT,$0.10,45
20260824,MLB-WIN-IT5-000FPR4TI545OUG-SFTS000,08/21/26 07:11 PM EDT,$0.48,50
20260824,MLB-TRUNS-IT5-000FPR2RI545P9G-GTE-P00055,08/21/26 07:11 PM EDT,$0.46,60
20260824,MLB-TRUNS-IT5-000FPR2RI545P9G-GTE-P00055,08/21/26 07:11 PM EDT,$0.46,100
20260824,MLB-TRUNS-IT5-000FPR2RI545P9G-GTE-P00055,08/21/26 07:11 PM EDT,$0.46,40
20260824,MLB-TRUNS-IT5-000FPR2RI545P9G-GTE-P00055,08/21/26 07:11 PM EDT,$0.46,10
20260824,MLB-TRUNS-IT5-000FPR2RI545P9G-GTE-P00055,08/21/26 07:11 PM EDT,$0.46,50
20260824,MLB-TRUNS-IT5-000FPR2RI545P9G-GTE-P00055,08/21/26 07:11 PM EDT,$0.46,10
20260824,LPA-TGLS-FG-0004DIUEI4MQMQO-GTE-P00025,08/21/26 07:11 PM EDT,$0.21,5
20260824,MLB-TRUNS-IT5-000FPR2RI545P9G-GTE-P00055,08/21/26 07:12 PM EDT,$0.48,22
20260824,MLB-WIN-IT5-000FP41SI54B2VO-LARS000,08/21/26 07:12 PM EDT,$0.68,14
20260824,MLB-PHRR-FG-000FP22AI543DI8-FROR000-GTE-P00015,08/21/26 07:12 PM EDT,$0.51,5
20260824,MLB-PHRR-FG-000FP22AI543DI8-CAGE001-GTE-P00015,08/21/26 07:12 PM EDT,$0.50,5
20260824,MLB-TRUNS-IT5-000FPR2RI545P9G-GTE-P00035,08/21/26 07:12 PM EDT,$0.81,4
20260824,MLB-PHRR-FG-000FPQ64I544HVO-JOEO000-GTE-P00015,08/21/26 07:12 PM EDT,$0.45,42
20260824,LIGAMX-MOVY-FG-014F36C2L88MDH0-CLCA001-GTE-P00005,08/21/26 07:12 PM EDT,$0.58,28
20260824,MLB-TRUNS-IT5-000FPR2RI545P9G-GTE-P00035,08/21/26 07:12 PM EDT,$0.82,1
20260824,MLB-TRUNS-IT5-000FPR2RI545P9G-GTE-P00035,08/21/26 07:12 PM EDT,$0.82,1
20260824,MLB-PHRR-FG-000FPQ64I544HVO-RYDE000-GTE-P00015,08/21/26 07:13 PM EDT,$0.45,53
20260824,LPA-TGLS-FG-0004DIUEI4MQMQO-GTE-P00035,08/21/26 07:13 PM EDT,$0.06,11
20260824,MLB-TRUNS-IT5-000FPR4TI545OUG-GTE-P00035,08/21/26 07:13 PM EDT,$0.54,8
20260824,NASCAR-WIN-RCE-00GM207BRJKDADF52I8U9EU806L4S6GO02U0KQ6FHUPMKC809CVJL96JPKH0-JONO006,08/21/26 07:13 PM EDT,$0.16,5
20260824,MLB-PHRR-FG-000FPQ64I544HVO-JOEO000-GTE-P00015,08/21/26 07:13 PM EDT,$0.45,54
20260824,MLB-MOVY-IT5-00069L89I4RE7OO-TOYS000-GTE-P00015,08/21/26 07:13 PM EDT,$0.17,2
20260824,MLB-MOVY-IT5-00069L89I4RE7OO-TOYS000-GTE-P00015,08/21/26 07:13 PM EDT,$0.17,2
20260824,MLB-WIN-IT5-00069L89I4RE7OO-NYES000,08/21/26 07:13 PM EDT,$0.64,7
20260824,MLB-WIN-IT5-000FPR4TI545OUG-BOOX000,08/21/26 07:13 PM EDT,$0.61,92
20260824,MLB-TRUNS-IT5-000FPR2RI545P9G-GTE-P00045,08/21/26 07:13 PM EDT,$0.77,108
20260824,MLB-TRUNS-IT5-000FPR2RI545P9G-GTE-P00065,08/21/26 07:13 PM EDT,$0.48,22
20260824,MLB-TRUNS-IT5-000FPR2RI545P9G-GTE-P00045,08/21/26 07:13 PM EDT,$0.77,90
20260824,MLB-WIN-IT5-000FPR2RI545P9G-PHES000,08/21/26 07:13 PM EDT,$0.56,172
20260824,MLB-WIN-IT5-000FPR2RI545P9G-STLS000,08/21/26 07:13 PM EDT,$0.42,253
20260824,MLB-TRUNS-I2-000FPR2RI545P9G-GTE-P00015,08/21/26 07:14 PM EDT,$0.63,80
20260824,MLB-PHRR-FG-000FP22AI543DI8-RAUK000-GTE-P00015,08/21/26 07:14 PM EDT,$0.51,18
20260824,MLB-TRUNS-I3-000FPR2RI545P9G-GTE-P00005,08/21/26 07:14 PM EDT,$0.44,344
20260824,MLB-PHRR-FG-000FPQ64I544HVO-RYDE000-GTE-P00015,08/21/26 07:14 PM EDT,$0.45,42
20260824,LPA-TGLS-FG-0004DIUEI4MQMQO-GTE-P00015,08/21/26 07:14 PM EDT,$0.51,21
20260824,MLB-TRUNS-IT5-000FPR2RI545P9G-GTE-P00055,08/21/26 07:14 PM EDT,$0.89,25
20260824,MLB-TRUNS-IT5-000FPR4SI545PC8-GTE-P00045,08/21/26 07:15 PM EDT,$0.46,19
20260824,MLB-TRUNS-I2-000FP404I54B3T0-GTE-P00005,08/21/26 07:15 PM EDT,$0.40,56
20260824,MLB-PHRR-FG-000FP462I54B208-FEJR000-GTE-P00025,08/21/26 07:15 PM EDT,$0.39,36
20260824,MLB-TRUNS-IT5-000FPR2RI545P9G-GTE-P00055,08/21/26 07:15 PM EDT,$0.84,140
20260824,MLB-PHRR-FG-000FPUUOI541HG8-TIWA000-GTE-P00015,08/21/26 07:15 PM EDT,$0.52,14
20260824,MLB-TRUNS-I2-000FPR2RI545P9G-GTE-P00025,08/21/26 07:15 PM EDT,$0.62,162
20260824,MLB-WIN-IT5-00069L89I4RE7OO-NYES000,08/21/26 07:15 PM EDT,$0.63,7
20260824,MLB-TRUNS-I2-00069L89I4RE7OO-GTE-P00005,08/21/26 07:15 PM EDT,$0.36,128
20260824,MLB-WIN-IT5-000FPQ64I544HVO-TBYS000,08/21/26 07:15 PM EDT,$0.47,102
20260824,MLB-TRUNS-I2-000FPR2RI545P9G-GTE-P00025,08/21/26 07:15 PM EDT,$0.63,40
20260824,MLB-TRUNS-I1-000FPR4TI545OUG-GTE-P00005,08/21/26 07:15 PM EDT,$0.30,1
20260824,MLB-PHRR-FG-00069L89I4RE7OO-GEJR000-GTE-P00015,08/21/26 07:15 PM EDT,$0.47,10
20260824,MLB-TRUNS-I1-000FPR4TI545OUG-GTE-P00005,08/21/26 07:16 PM EDT,$0.30,1
20260824,MLB-TRUNS-IT5-00069L89I4RE7OO-GTE-P00035,08/21/26 07:16 PM EDT,$0.47,10
20260824,MLB-TRUNS-I2-000FPR4TI545OUG-GTE-P00015,08/21/26 07:16 PM EDT,$0.15,47
20260824,MLB-TRUNS-IT5-000FPR2RI545P9G-GTE-P00045,08/21/26 07:16 PM EDT,$0.95,1785
20260824,MLB-WIN-IT5-000FPR4TI545OUG-BOOX000,08/21/26 07:16 PM EDT,$0.64,600
20260824,MLB-MOVY-IT5-000FPR2RI545P9G-PHES000-GTE-P00015,08/21/26 07:16 PM EDT,$0.49,103
20260824,MLB-TRUNS-I2-000FPR4TI545OUG-GTE-P00015,08/21/26 07:16 PM EDT,$0.23,47
20260824,MLB-WIN-IT5-000FPR4TI545OUG-BOOX000,08/21/26 07:16 PM EDT,$0.65,600
20260824,MLB-PHRR-FG-000FP404I54B3T0-PENG000-GTE-P00025,08/21/26 07:16 PM EDT,$0.40,23
20260824,MLB-TRUNS-IT5-00069L89I4RE7OO-GTE-P00035,08/21/26 07:17 PM EDT,$0.45,10
20260824,MLB-MOVY-IT5-000FPR4TI545OUG-BOOX000-GTE-P00005,08/21/26 07:17 PM EDT,$0.60,15
20260824,LPA-TGLS-FG-0004DIUEI4MQMQO-GTE-P00025,08/21/26 07:17 PM EDT,$0.23,51
20260824,MLB-WIN-IT5-000FPR2RI545P9G-STLS000,08/21/26 07:17 PM EDT,$0.34,120
20260824,LPA-TGLS-FG-0004DIUEI4MQMQO-GTE-P00035,08/21/26 07:17 PM EDT,$0.07,187
20260824,MLB-TRUNS-IT5-000FPR2RI545P9G-GTE-P00055,08/21/26 07:17 PM EDT,$0.76,148
20260824,MLB-PHRR-FG-000FP41SI54B2VO-JAUM000-GTE-P00015,08/21/26 07:17 PM EDT,$0.37,25
20260824,MLB-TRUNS-IT5-000FPR2RI545P9G-GTE-P00065,08/21/26 07:17 PM EDT,$0.53,20
20260824,LPA-TGLS-FG-0004DIUEI4MQMQO-GTE-P00025,08/21/26 07:17 PM EDT,$0.20,600
20260824,LPA-TGLS-FG-0004DIUEI4MQMQO-GTE-P00025,08/21/26 07:17 PM EDT,$0.20,218
20260824,LPA-TGLS-FG-0004DIUEI4MQMQO-GTE-P00045,08/21/26 07:17 PM EDT,$0.02,505
20260824,LIGAMX-MOVY-FG-00CBOUVGKS1OM6O-TINL001-GTE-P00005,08/21/26 07:17 PM EDT,$0.63,38
20260824,MLB-TRUNS-IT5-000FPQ64I544HVO-GTE-P00025,08/21/26 07:17 PM EDT,$0.76,5
20260824,LPA-TGLS-FG-0004DIUEI4MQMQO-GTE-P00015,08/21/26 07:18 PM EDT,$0.44,121
20260824,MLB-TRUNS-FG-000FPR2RI545P9G-GTE-P00095,08/21/26 07:18 PM EDT,$0.59,100
20260824,MLB-TRUNS-FG-000FPR2RI545P9G-GTE-P00105,08/21/26 07:18 PM EDT,$0.49,100
20260824,MLB-TRUNS-FG-000FPR2RI545P9G-GTE-P00115,08/21/26 07:18 PM EDT,$0.38,100
20260824,LPA-TGLS-FG-0004DIUEI4MQMQO-GTE-P00045,08/21/26 07:18 PM EDT,$0.02,333
20260824,LPA-TGLS-FG-0004DIUEI4MQMQO-GTE-P00035,08/21/26 07:18 PM EDT,$0.07,187
20260824,MLB-TRUNS-IT5-000FPR2RI545P9G-GTE-P00065,08/21/26 07:18 PM EDT,$0.48,138
20260824,MLB-TRUNS-IT5-000FPR4TI545OUG-GTE-P00035,08/21/26 07:18 PM EDT,$0.49,600
20260824,MLB-TRUNS-IT5-000FPR4TI545OUG-GTE-P00035,08/21/26 07:18 PM EDT,$0.49,1042
20260824,MLB-MOVY-IT5-000FPR2RI545P9G-PHES000-GTE-P00015,08/21/26 07:18 PM EDT,$0.34,103
20260824,MLB-TRUNS-IT5-000FPR4TI545OUG-GTE-P00035,08/21/26 07:18 PM EDT,$0.50,943
20260824,MLB-TRUNS-I2-000FP271I543D0G-GTE-P00005,08/21/26 07:18 PM EDT,$0.40,56
20260824,MLB-TRUNS-IT5-000FPQ64I544HVO-GTE-P00045,08/21/26 07:18 PM EDT,$0.43,4
20260824,MLB-TRUNS-IT5-000FPR4TI545OUG-GTE-P00035,08/21/26 07:18 PM EDT,$0.45,892
20260824,MLB-PHRR-FG-000FPQ64I544HVO-JURO000-GTE-P00015,08/21/26 07:18 PM EDT,$0.55,7
20260824,MLB-PHRR-FG-000FPQ64I544HVO-LIKS001-GTE-P00015,08/21/26 07:18 PM EDT,$0.39,9
20260824,MLB-TRUNS-I2-00069L89I4RE7OO-GTE-P00005,08/21/26 07:18 PM EDT,$0.36,8
20260824,MLB-TRUNS-I2-000FP20FI543DE8-GTE-P00005,08/21/26 07:19 PM EDT,$0.36,53
20260824,MLB-TRUNS-IT5-000FPQ64I544HVO-GTE-P00065,08/21/26 07:19 PM EDT,$0.23,1
20260824,MLB-TRUNS-IT5-000FPQ64I544HVO-GTE-P00065,08/21/26 07:19 PM EDT,$0.23,2
20260824,MLB-TRUNS-IT5-000FPQ64I544HVO-GTE-P00065,08/21/26 07:19 PM EDT,$0.23,1
20260824,MLB-TRUNS-IT5-000FPR4TI545OUG-GTE-P00035,08/21/26 07:19 PM EDT,$0.45,2
20260824,MLB-WIN-IT5-000FPR2RI545P9G-PHES000,08/21/26 07:19 PM EDT,$0.62,407
20260824,MLB-TRUNS-IT5-000FPQ64I544HVO-GTE-P00035,08/21/26 07:19 PM EDT,$0.57,42
20260824,MLB-TRUNS-IT5-000FPQ64I544HVO-GTE-P00065,08/21/26 07:19 PM EDT,$0.24,1
20260824,MLB-TRUNS-I2-000FPUUOI541HG8-GTE-P00005,08/21/26 07:19 PM EDT,$0.40,56
20260824,LPA-TGLS-FG-0004DIUEI4MQMQO-GTE-P00015,08/21/26 07:19 PM EDT,$0.44,152
20260824,MLB-MOVY-IT5-000FPR2RI545P9G-PHES000-GTE-P00005,08/21/26 07:19 PM EDT,$0.45,17
20260824,MLB-TRUNS-I2-000FPR4TI545OUG-GTE-P00005,08/21/26 07:19 PM EDT,$0.35,447
20260824,MLB-TRUNS-I2-000FPR4TI545OUG-GTE-P00005,08/21/26 07:20 PM EDT,$0.35,298
20260824,MLB-TRUNS-IT5-000FPR4TI545OUG-GTE-P00035,08/21/26 07:20 PM EDT,$0.45,219
20260824,MLB-TRUNS-I2-000FPR4TI545OUG-GTE-P00005,08/21/26 07:20 PM EDT,$0.35,149
20260824,MLB-TRUNS-IT5-000FP271I543D0G-GTE-P00045,08/21/26 07:20 PM EDT,$0.43,25
20260824,MLB-TRUNS-I2-00069L89I4RE7OO-GTE-P00005,08/21/26 07:21 PM EDT,$0.36,50
20260824,MLB-TRUNS-I1-000FP22AI543DI8-GTE-P00035,08/21/26 07:21 PM EDT,$0.09,16
20260824,MLB-MOVY-IT5-000FPQ64I544HVO-BAES000-GTE-P00005,08/21/26 07:21 PM EDT,$0.47,90
20260824,MLB-WIN-IT5-00069L89I4RE7OO-TOYS000,08/21/26 07:21 PM EDT,$0.35,28
20260824,MLB-WIN-IT5-000FPR2RI545P9G-STLS000,08/21/26 07:21 PM EDT,$0.38,47
20260824,MLB-TRUNS-IT5-000FPR2RI545P9G-GTE-P00065,08/21/26 07:22 PM EDT,$0.44,129
20260824,MLB-TRUNS-IT5-000FPR2RI545P9G-GTE-P00065,08/21/26 07:22 PM EDT,$0.44,53
20260824,MLB-TRUNS-IT5-000FPR4TI545OUG-GTE-P00035,08/21/26 07:22 PM EDT,$0.43,847
20260824,MLB-WIN-IT5-000FP462I54B208-MINS000,08/21/26 07:22 PM EDT,$0.49,19
20260824,MLB-TRUNS-IT5-000FPR4TI545OUG-GTE-P00035,08/21/26 07:23 PM EDT,$0.43,1
20260824,MLB-TRUNS-I2-000FPR4TI545OUG-GTE-P00005,08/21/26 07:23 PM EDT,$0.35,11
20260824,MLB-TRUNS-IT5-000FPR4SI545PC8-GTE-P00055,08/21/26 07:23 PM EDT,$0.26,1
20260824,MLB-TRUNS-IT5-000FPR4SI545PC8-GTE-P00055,08/21/26 07:23 PM EDT,$0.26,1
20260824,MLB-TRUNS-IT5-000FPR4SI545PC8-GTE-P00055,08/21/26 07:23 PM EDT,$0.26,1
20260824,MLB-WIN-IT5-000FPR2RI545P9G-PHES000,08/21/26 07:23 PM EDT,$0.73,190
20260824,LPA-TGLS-FG-0004DIUEI4MQMQO-GTE-P00025,08/21/26 07:23 PM EDT,$0.15,57
20260824,MLB-PHRR-FG-000FP41SI54B2VO-FRAN000-GTE-P00015,08/21/26 07:23 PM EDT,$0.56,17
20260824,MLB-TRUNS-I2-000FPR4SI545PC8-GTE-P00005,08/21/26 07:24 PM EDT,$0.40,8
20260824,LPA-TGLS-FG-0004DIUEI4MQMQO-GTE-P00015,08/21/26 07:24 PM EDT,$0.40,161
20260824,MLB-WIN-IT5-000FPR2RI545P9G-STLS000,08/21/26 07:24 PM EDT,$0.25,450
20260824,MLB-WIN-IT5-000FPR2RI545P9G-STLS000,08/21/26 07:24 PM EDT,$0.25,450
20260824,MLB-TRUNS-I3-000FPQ64I544HVO-GTE-P00005,08/21/26 07:24 PM EDT,$0.39,16
20260824,MLB-MOVY-IT5-000FP242I543CMO-HOOS000-GTE-P00005,08/21/26 07:24 PM EDT,$0.51,7
20260824,MLB-WIN-IT5-000FPR2RI545P9G-STLS000,08/21/26 07:24 PM EDT,$0.27,302
20260824,MLB-TRUNS-IT5-00069L89I4RE7OO-GTE-P00035,08/21/26 07:24 PM EDT,$0.42,233
20260824,MLB-TRUNS-IT5-00069L89I4RE7OO-GTE-P00035,08/21/26 07:24 PM EDT,$0.42,600
20260824,LPA-TGLS-FG-0004DIUEI4MQMQO-GTE-P00025,08/21/26 07:24 PM EDT,$0.33,50
20260824,MLB-TRUNS-IT5-000FPR2RI545P9G-GTE-P00065,08/21/26 07:24 PM EDT,$0.40,1
20260824,MLB-MOVY-IT5-000FPR2RI545P9G-STLS000-GTE-P00015,08/21/26 07:24 PM EDT,$0.11,1
20260824,MLB-WIN-IT5-000FPR2RI545P9G-STLS000,08/21/26 07:24 PM EDT,$0.27,172
20260824,MLB-PHRR-FG-000FPQ64I544HVO-YAAZ000-GTE-P00015,08/21/26 07:24 PM EDT,$0.44,21
20260824,MLB-PHRR-FG-000FP41SI54B2VO-TOAN002-GTE-P00015,08/21/26 07:24 PM EDT,$0.46,10
20260824,MLB-TRUNS-I5-000FP22AI543DI8-GTE-P00005,08/21/26 07:25 PM EDT,$0.48,8
20260824,LIGAMX-TGLS-FG-00CBOUVGKS1OM6O-GTE-P00025,08/21/26 07:25 PM EDT,$0.56,31
20260824,MLB-TRUNS-IT5-000FPQ64I544HVO-GTE-P00055,08/21/26 07:25 PM EDT,$0.52,46
20260824,MLB-TRUNS-I5-000FP22AI543DI8-GTE-P00005,08/21/26 07:25 PM EDT,$0.48,10
20260824,MLB-TRUNS-IT5-000FPR2RI545P9G-GTE-P00065,08/21/26 07:25 PM EDT,$0.40,51
20260824,LIGAMX-BTMSC-FG-01O38BN3VVTN6IO-BINARY,08/21/26 07:25 PM EDT,$0.63,2
20260824,MLB-TRUNS-IT5-000FPQ64I544HVO-GTE-P00055,08/21/26 07:25 PM EDT,$0.50,19
20260824,MLB-PHRR-FG-000FP462I54B208-FEJR000-GTE-P00015,08/21/26 07:25 PM EDT,$0.57,16
20260824,MLB-MOVY-IT5-000FPQ64I544HVO-BAES000-GTE-P00025,08/21/26 07:25 PM EDT,$0.51,211
20260824,LIGAMX-BTMSC-FG-00CBOUVGKS1OM6O-BINARY,08/21/26 07:26 PM EDT,$0.52,14
20260824,LPA-TGLS-FG-0004DIUEI4MQMQO-GTE-P00035,08/21/26 07:26 PM EDT,$0.05,209
20260824,MLB-TRUNS-IT5-000FPR4TI545OUG-GTE-P00025,08/21/26 07:26 PM EDT,$0.57,1111
20260824,MLB-TRUNS-IT5-000FPQ64I544HVO-GTE-P00045,08/21/26 07:26 PM EDT,$0.65,600
20260824,MLB-TRUNS-IT5-000FPQ64I544HVO-GTE-P00045,08/21/26 07:26 PM EDT,$0.67,1154
20260824,MLB-MOVY-IT5-000FPR2RI545P9G-PHES000-GTE-P00005,08/21/26 07:26 PM EDT,$0.53,50
20260824,MLB-TRUNS-IT5-000FPR4TI545OUG-GTE-P00025,08/21/26 07:26 PM EDT,$0.57,22
20260824,MLB-WIN-IT5-000FPR2RI545P9G-STLS000,08/21/26 07:26 PM EDT,$0.24,450
20260824,MLB-TRUNS-IT5-000FPQ64I544HVO-GTE-P00055,08/21/26 07:26 PM EDT,$0.54,19
20260824,MLB-TRUNS-I2-000FPR4SI545PC8-GTE-P00005,08/21/26 07:26 PM EDT,$0.48,30
20260824,MLB-TRUNS-IT5-00069L89I4RE7OO-GTE-P00035,08/21/26 07:26 PM EDT,$0.45,8
20260824,MLB-MOVY-IT5-000FPR4TI545OUG-BOOX000-GTE-P00005,08/21/26 07:26 PM EDT,$0.45,89
20260824,MLB-MOVY-IT5-000FPR4SI545PC8-MINS001-GTE-P00005,08/21/26 07:26 PM EDT,$0.47,20
20260824,MLB-WIN-IT5-000FPR2RI545P9G-STLS000,08/21/26 07:27 PM EDT,$0.26,450
20260824,LPA-TGLS-FG-0004DIUEI4MQMQO-GTE-P00015,08/21/26 07:27 PM EDT,$0.39,182
20260824,MLB-TRUNS-IT5-000FPR2RI545P9G-GTE-P00055,08/21/26 07:27 PM EDT,$0.58,11
20260824,MLB-TRUNS-IT5-00069L89I4RE7OO-GTE-P00035,08/21/26 07:27 PM EDT,$0.45,21
20260824,MLB-TRUNS-IT5-000FPR4TI545OUG-GTE-P00025,08/21/26 07:27 PM EDT,$0.57,600
20260824,MLB-TRUNS-IT5-00069L89I4RE7OO-GTE-P00035,08/21/26 07:27 PM EDT,$0.45,21
20260824,MLB-WIN-IT5-000FPR2RI545P9G-STLS000,08/21/26 07:27 PM EDT,$0.25,450
20260824,MLB-TRUNS-I2-000FPR4SI545PC8-GTE-P00005,08/21/26 07:27 PM EDT,$0.48,20
20260824,MLB-TRUNS-I1-000FPQ64I544HVO-GTE-P00015,08/21/26 07:27 PM EDT,$0.44,217
20260824,MLB-WIN-IT5-000FPR2RI545P9G-STLS000,08/21/26 07:27 PM EDT,$0.25,450
20260824,MLB-TRUNS-I2-000FPR4SI545PC8-GTE-P00005,08/21/26 07:27 PM EDT,$0.48,40
20260824,MLB-TRUNS-IT5-000FPR4TI545OUG-GTE-P00025,08/21/26 07:27 PM EDT,$0.57,511
20260824,MLB-TRUNS-I1-000FPQ64I544HVO-GTE-P00015,08/21/26 07:27 PM EDT,$0.44,6
20260824,MLB-TRUNS-I3-000FPR2RI545P9G-GTE-P00005,08/21/26 07:27 PM EDT,$0.39,39
20260824,MLB-TRUNS-IT5-000FPQ64I544HVO-GTE-P00065,08/21/26 07:28 PM EDT,$0.24,4
20260824,MLB-TRUNS-IT5-000FPQ64I544HVO-GTE-P00065,08/21/26 07:28 PM EDT,$0.24,2
20260824,MLB-WIN-IT5-00069L89I4RE7OO-NYES000,08/21/26 07:28 PM EDT,$0.68,450
20260824,MLB-PHRR-FG-000FPR4TI545OUG-JAAN001-GTE-P00015,08/21/26 07:28 PM EDT,$0.48,54
20260824,MLB-WIN-IT5-00069L89I4RE7OO-NYES000,08/21/26 07:28 PM EDT,$0.68,450
20260824,MLB-TRUNS-IT5-000FPQ64I544HVO-GTE-P00045,08/21/26 07:28 PM EDT,$0.44,600
20260824,MLB-TRUNS-IT5-00069L89I4RE7OO-GTE-P00055,08/21/26 07:28 PM EDT,$0.22,1
20260824,MLB-TRUNS-IT5-00069L89I4RE7OO-GTE-P00055,08/21/26 07:28 PM EDT,$0.22,1
20260824,MLB-WIN-IT5-00069L89I4RE7OO-NYES000,08/21/26 07:28 PM EDT,$0.68,450
20260824,MLB-TRUNS-IT5-00069L89I4RE7OO-GTE-P00055,08/21/26 07:28 PM EDT,$0.22,1
20260824,MLB-TRUNS-IT5-000FPR2RI545P9G-GTE-P00065,08/21/26 07:28 PM EDT,$0.41,828
20260824,MLB-TRUNS-IT5-000FPR2RI545P9G-GTE-P00065,08/21/26 07:28 PM EDT,$0.41,600
20260824,MLB-TRUNS-IT5-000FPQ64I544HVO-GTE-P00045,08/21/26 07:28 PM EDT,$0.44,600
20260824,MLB-WIN-IT5-000FPR2RI545P9G-STLS000,08/21/26 07:28 PM EDT,$0.23,450
20260824,MLB-PHRR-FG-000FP462I54B208-FEJR000-GTE-P00045,08/21/26 07:28 PM EDT,$0.16,5
20260824,MLB-WIN-IT5-000FPR2RI545P9G-STLS000,08/21/26 07:28 PM EDT,$0.23,450
20260824,MLB-TRUNS-IT5-000FPQ64I544HVO-GTE-P00045,08/21/26 07:28 PM EDT,$0.44,232
20260824,MLB-TRUNS-IT5-000FPR2RI545P9G-GTE-P00065,08/21/26 07:28 PM EDT,$0.41,67
20260824,MLB-WIN-IT5-000FPR2RI545P9G-STLS000,08/21/26 07:28 PM EDT,$0.23,450
20260824,MLB-WIN-IT5-000FPR2RI545P9G-STLS000,08/21/26 07:28 PM EDT,$0.23,450
20260824,MLB-TRUNS-IT5-000FPR2RI545P9G-GTE-P00065,08/21/26 07:28 PM EDT,$0.41,16
20260824,MLB-WIN-IT5-000FP271I543D0G-DERS000,08/21/26 07:28 PM EDT,$0.49,29
20260824,MLB-TRUNS-IT5-000FPQ64I544HVO-GTE-P00045,08/21/26 07:28 PM EDT,$0.44,172
20260824,MLB-MOVY-IT5-000FPR4TI545OUG-SFTS000-GTE-P00015,08/21/26 07:28 PM EDT,$0.21,1
20260824,MLB-MOVY-IT5-000FPR4TI545OUG-SFTS000-GTE-P00015,08/21/26 07:28 PM EDT,$0.19,2
20260824,MLB-MOVY-IT5-000FPR4TI545OUG-SFTS000-GTE-P00015,08/21/26 07:28 PM EDT,$0.19,1
20260824,MLB-WIN-IT5-000FP22AI543DI8-NYTS000,08/21/26 07:29 PM EDT,$0.45,48
20260824,MLB-MOVY-IT5-000FPR2RI545P9G-PHES000-GTE-P00015,08/21/26 07:29 PM EDT,$0.30,10
20260824,MLB-MOVY-IT5-000FPR2RI545P9G-PHES000-GTE-P00015,08/21/26 07:29 PM EDT,$0.30,40
20260824,MLB-MOVY-IT5-000FPR2RI545P9G-PHES000-GTE-P00015,08/21/26 07:29 PM EDT,$0.30,50
20260824,MLB-MOVY-IT5-000FPR2RI545P9G-PHES000-GTE-P00015,08/21/26 07:29 PM EDT,$0.30,150
20260824,MLB-TRUNS-I2-000FPR4SI545PC8-GTE-P00005,08/21/26 07:29 PM EDT,$0.58,300
20260824,MLB-MOVY-IT5-000FPR4TI545OUG-SFTS000-GTE-P00015,08/21/26 07:29 PM EDT,$0.18,3
20260824,LIGAMX-TGLS-FG-01O38BN3VVTN6IO-GTE-P00025,08/21/26 07:29 PM EDT,$0.58,75
20260824,MLB-WIN-IT5-00069L89I4RE7OO-TOYS000,08/21/26 07:29 PM EDT,$0.42,346
20260824,MLB-WIN-IT5-00069L89I4RE7OO-TOYS000,08/21/26 07:29 PM EDT,$0.42,227
20260824,LPA-TGLS-FG-0004DIUEI4MQMQO-GTE-P00035,08/21/26 07:29 PM EDT,$0.02,10
20260824,MLB-TRUNS-IT5-00069L89I4RE7OO-GTE-P00025,08/21/26 07:29 PM EDT,$0.55,255
20260824,MLB-MOVY-IT5-000FPR2RI545P9G-STLS000-GTE-P00015,08/21/26 07:30 PM EDT,$0.13,20
20260824,MLB-MOVY-IT5-000FPR2RI545P9G-STLS000-GTE-P00015,08/21/26 07:30 PM EDT,$0.13,20
20260824,MLB-MOVY-IT5-000FPR2RI545P9G-STLS000-GTE-P00015,08/21/26 07:30 PM EDT,$0.13,30
20260824,NWSL-DWIN-FG-000FPQ0FI544HD8-SACW009,08/21/26 07:30 PM EDT,$0.48,20
20260824,MLB-PHRR-FG-000FPR4TI545OUG-RARS000-GTE-P00015,08/21/26 07:30 PM EDT,$0.39,487
20260824,MLB-TRUNS-I2-000FPR4TI545OUG-GTE-P00005,08/21/26 07:30 PM EDT,$0.24,261
20260824,MLB-WIN-IT5-000FPQ64I544HVO-TBYS000,08/21/26 07:30 PM EDT,$0.28,333
20260824,MLB-TRUNS-I2-000FPR4SI545PC8-GTE-P00005,08/21/26 07:30 PM EDT,$0.49,39
20260824,MLB-TRUNS-IT5-000FPR2RI545P9G-GTE-P00055,08/21/26 07:30 PM EDT,$0.52,200
20260824,LPA-MOVY-FG-0004DIUEI4MQMQO-ESTO001-GTE-P00015,08/21/26 07:31 PM EDT,$0.05,5
20260824,MLB-MOVY-IT5-000FPQ64I544HVO-TBYS000-GTE-P00015,08/21/26 07:31 PM EDT,$0.15,1
20260824,MLB-PHRR-FG-000FP22AI543DI8-MUMI000-GTE-P00015,08/21/26 07:31 PM EDT,$0.49,21
20260824,MLB-MOVY-IT5-000FPR2RI545P9G-PHES000-GTE-P00005,08/21/26 07:31 PM EDT,$0.62,50
20260824,MLB-MOVY-IT5-00069L89I4RE7OO-TOYS000-GTE-P00015,08/21/26 07:31 PM EDT,$0.20,1
20260824,MLB-MOVY-IT5-00069L89I4RE7OO-TOYS000-GTE-P00015,08/21/26 07:31 PM EDT,$0.20,1
20260824,MLB-WIN-IT5-000FP271I543D0G-DERS000,08/21/26 07:32 PM EDT,$0.49,60
20260824,MLB-TRUNS-IT5-000FPR4TI545OUG-GTE-P00025,08/21/26 07:32 PM EDT,$0.52,78
20260824,MLB-TRUNS-IT5-000FPR4TI545OUG-GTE-P00025,08/21/26 07:32 PM EDT,$0.53,18
20260824,LPA-TGLS-FG-0004DIUEI4MQMQO-GTE-P00035,08/21/26 07:32 PM EDT,$0.04,600
20260824,MLB-MOVY-IT5-000FPR2RI545P9G-PHES000-GTE-P00005,08/21/26 07:32 PM EDT,$0.63,76
20260824,MLB-MOVY-IT5-000FPUUOI541HG8-ARKS000-GTE-P00005,08/21/26 07:32 PM EDT,$0.49,415
20260824,MLB-TRUNS-IT5-000FPR2RI545P9G-GTE-P00065,08/21/26 07:32 PM EDT,$0.45,129
20260824,MLB-MOVY-IT5-000FPQ64I544HVO-BAES000-GTE-P00005,08/21/26 07:32 PM EDT,$0.53,102
20260824,MLB-TRUNS-I3-000FPR2RI545P9G-GTE-P00015,08/21/26 07:32 PM EDT,$0.13,11
20260824,MLB-TRUNS-I3-000FPR2RI545P9G-GTE-P00005,08/21/26 07:32 PM EDT,$0.45,106
20260824,MLB-MOVY-IT5-000FPQ64I544HVO-BAES000-GTE-P00015,08/21/26 07:32 PM EDT,$0.34,1471
20260824,MLB-MOVY-IT5-000FPQ64I544HVO-BAES000-GTE-P00015,08/21/26 07:32 PM EDT,$0.34,189
20260824,MLB-MOVY-IT5-000FPQ64I544HVO-BAES000-GTE-P00015,08/21/26 07:32 PM EDT,$0.34,311
20260824,MLB-TRUNS-I1-000FP22AI543DI8-GTE-P00005,08/21/26 07:33 PM EDT,$0.40,50
20260824,MLB-TRUNS-IT5-000FPQ64I544HVO-GTE-P00065,08/21/26 07:33 PM EDT,$0.28,5
20260824,MLB-WIN-IT5-000FPR2RI545P9G-STLS000,08/21/26 07:33 PM EDT,$0.14,23
20260824,MLB-WIN-IT5-000FPR4SI545PC8-WALS000,08/21/26 07:33 PM EDT,$0.44,78
20260824,MLB-TRUNS-IT5-000FPR2RI545P9G-GTE-P00055,08/21/26 07:33 PM EDT,$0.79,83
20260824,MLB-MOVY-IT5-000FPR2RI545P9G-PHES000-GTE-P00015,08/21/26 07:34 PM EDT,$0.53,71
20260824,MLB-WIN-IT5-000FPR4TI545OUG-SFTS000,08/21/26 07:34 PM EDT,$0.40,14
20260824,MLB-TRUNS-I2-00069L89I4RE7OO-GTE-P00005,08/21/26 07:34 PM EDT,$0.23,31
20260824,MLB-TRUNS-IT5-000FPR2RI545P9G-GTE-P00065,08/21/26 07:34 PM EDT,$0.78,16
20260824,MLB-TRUNS-I1-000FP41SI54B2VO-GTE-P00035,08/21/26 07:34 PM EDT,$0.10,1
20260824,MLB-TRUNS-I2-000FPR4SI545PC8-GTE-P00005,08/21/26 07:34 PM EDT,$0.30,8
20260824,MLB-TRUNS-I2-000FPR4TI545OUG-GTE-P00005,08/21/26 07:34 PM EDT,$0.39,4
20260824,LIGAMX-TGLS-FG-01O38BN3VVTN6IO-GTE-P00025,08/21/26 07:34 PM EDT,$0.58,16
20260824,LPA-TGLS-FG-0004DIUEI4MQMQO-GTE-P00015,08/21/26 07:35 PM EDT,$0.31,30
20260824,MLB-WIN-IT5-000FPQ64I544HVO-TBYS000,08/21/26 07:35 PM EDT,$0.53,89
20260824,MLB-WIN-IT5-000FPQ64I544HVO-TBYS000,08/21/26 07:35 PM EDT,$0.50,21
20260824,MLB-TRUNS-IT5-000FPR4SI545PC8-GTE-P00025,08/21/26 07:35 PM EDT,$0.54,227
20260824,MLB-TRUNS-I3-000FPR4TI545OUG-GTE-P00005,08/21/26 07:35 PM EDT,$0.37,11
20260824,MLB-WIN-IT5-000FP271I543D0G-DERS000,08/21/26 07:35 PM EDT,$0.49,2
20260824,MLB-MOVY-IT5-00069L89I4RE7OO-NYES000-GTE-P00005,08/21/26 07:35 PM EDT,$0.50,500
20260824,MLB-TRUNS-I6-000FPR4TI545OUG-GTE-P00005,08/21/26 07:35 PM EDT,$0.47,4
20260824,MLB-TRUNS-IT5-000FPR4TI545OUG-GTE-P00025,08/21/26 07:35 PM EDT,$0.51,54
20260824,MLB-MOVY-IT5-00069L89I4RE7OO-NYES000-GTE-P00005,08/21/26 07:35 PM EDT,$0.50,400
20260824,MLB-TRUNS-I7-000FPR4TI545OUG-GTE-P00005,08/21/26 07:35 PM EDT,$0.45,4
20260824,MLB-WIN-FG-000FPQ64I544HVO-BAES000,08/21/26 07:36 PM EDT,$0.51,2000
20260824,MLB-TRUNS-I3-00069L89I4RE7OO-GTE-P00005,08/21/26 07:36 PM EDT,$0.45,53
20260824,MLB-WIN-IT5-000FPQ64I544HVO-BAES000,08/21/26 07:36 PM EDT,$0.50,426
20260824,MLB-TRUNS-I3-000FPR4TI545OUG-GTE-P00005,08/21/26 07:36 PM EDT,$0.37,500
20260824,MLB-WIN-IT5-000FP271I543D0G-DERS000,08/21/26 07:36 PM EDT,$0.49,98
20260824,MLB-WIN-IT5-00069L89I4RE7OO-NYES000,08/21/26 07:36 PM EDT,$0.71,450
20260824,MLB-WIN-IT5-00069L89I4RE7OO-NYES000,08/21/26 07:36 PM EDT,$0.71,450
20260824,MLB-WIN-IT5-00069L89I4RE7OO-NYES000,08/21/26 07:36 PM EDT,$0.71,450
20260824,MLB-TRUNS-I3-000FPR4SI545PC8-GTE-P00005,08/21/26 07:36 PM EDT,$0.38,8
20260824,LIGAMX-BTMSC-FG-01O38BN3VVTN6IO-BINARY,08/21/26 07:36 PM EDT,$0.63,3
20260824,MLB-WIN-IT5-000FP22AI543DI8-CHOX000,08/21/26 07:36 PM EDT,$0.54,45
20260824,MLB-TRUNS-IT5-000FPR4TI545OUG-GTE-P00025,08/21/26 07:37 PM EDT,$0.51,196
20260824,MLB-MOVY-IT5-000FP242I543CMO-HOOS000-GTE-P00005,08/21/26 07:37 PM EDT,$0.50,113
20260824,MLB-TRUNS-IT5-000FPR4TI545OUG-GTE-P00025,08/21/26 07:37 PM EDT,$0.52,92
20260824,MLB-WIN-IT5-000FPR4SI545PC8-WALS000,08/21/26 07:37 PM EDT,$0.47,204
20260824,MLB-MOVY-IT5-000FPR4SI545PC8-MINS001-GTE-P00005,08/21/26 07:37 PM EDT,$0.38,831
20260824,MLB-WIN-IT5-000FPQ64I544HVO-TBYS000,08/21/26 07:37 PM EDT,$0.50,51
20260824,MLB-TRUNS-IT5-000FPQ64I544HVO-GTE-P00055,08/21/26 07:37 PM EDT,$0.48,6
20260824,MLB-TRUNS-I2-000FPQ64I544HVO-GTE-P00015,08/21/26 07:37 PM EDT,$0.49,339
20260824,LIGAMX-MOVY-FG-01O38BN3VVTN6IO-CLON010-GTE-P00005,08/21/26 07:37 PM EDT,$0.36,26
20260824,MLB-TRUNS-IT5-000FP242I543CMO-GTE-P00045,08/21/26 07:37 PM EDT,$0.48,40
20260824,MLB-WIN-IT5-00069L89I4RE7OO-NYES000,08/21/26 07:37 PM EDT,$0.73,450
20260824,MLB-WIN-IT5-00069L89I4RE7OO-NYES000,08/21/26 07:37 PM EDT,$0.73,450
20260824,MLB-WIN-IT5-000FPQ64I544HVO-BAES000,08/21/26 07:37 PM EDT,$0.51,146
20260824,MLB-TRUNS-IT5-000FPR4SI545PC8-GTE-P00025,08/21/26 07:37 PM EDT,$0.48,549
20260824,MLB-TRUNS-I2-000FPQ64I544HVO-GTE-P00015,08/21/26 07:37 PM EDT,$0.53,3
20260824,MLB-TRUNS-IT5-000FP271I543D0G-GTE-P00045,08/21/26 07:37 PM EDT,$0.43,10
20260824,MLB-TRUNS-IT5-000FPR4TI545OUG-GTE-P00025,08/21/26 07:38 PM EDT,$0.51,94
20260824,MLB-TRUNS-IT5-000FPR4TI545OUG-GTE-P00025,08/21/26 07:38 PM EDT,$0.50,48
20260824,MLB-WIN-IT5-00069L89I4RE7OO-NYES000,08/21/26 07:38 PM EDT,$0.76,450
20260824,MLB-TRUNS-I2-00069L89I4RE7OO-GTE-P00005,08/21/26 07:38 PM EDT,$0.44,41
20260824,MLB-TRUNS-IT5-000FPR4SI545PC8-GTE-P00025,08/21/26 07:38 PM EDT,$0.45,350
20260824,MLB-TRUNS-I3-000FPR4SI545PC8-GTE-P00005,08/21/26 07:38 PM EDT,$0.38,9
20260824,MLB-TRUNS-IT5-000FPR4SI545PC8-GTE-P00025,08/21/26 07:38 PM EDT,$0.45,250
20260824,MLB-WIN-IT5-000FPR4SI545PC8-WALS000,08/21/26 07:38 PM EDT,$0.48,31
20260824,MLB-TRUNS-I4-000FPR4SI545PC8-GTE-P00005,08/21/26 07:39 PM EDT,$0.41,34
20260824,MLB-TRUNS-IT5-000FPR4SI545PC8-GTE-P00025,08/21/26 07:39 PM EDT,$0.45,90
20260824,MLB-PHRR-FG-000FP462I54B208-FEJR000-GTE-P00015,08/21/26 07:39 PM EDT,$0.57,254
20260824,MLB-TRUNS-IT5-000FPR4SI545PC8-GTE-P00025,08/21/26 07:39 PM EDT,$0.45,378
20260824,MLB-TRUNS-IT5-000FPR4SI545PC8-GTE-P00025,08/21/26 07:39 PM EDT,$0.46,31
20260824,MLB-TRUNS-IT5-00069L89I4RE7OO-GTE-P00025,08/21/26 07:39 PM EDT,$0.52,30
20260824,MLB-MOVY-IT5-000FP242I543CMO-HOOS000-GTE-P00005,08/21/26 07:39 PM EDT,$0.48,228
20260824,MLB-TRUNS-IT5-000FPR2RI545P9G-GTE-P00065,08/21/26 07:39 PM EDT,$0.43,41
20260824,MLB-TRUNS-I2-000FPQ64I544HVO-GTE-P00035,08/21/26 07:39 PM EDT,$0.43,235
20260824,MLB-TRUNS-IT5-000FPR2RI545P9G-GTE-P00065,08/21/26 07:39 PM EDT,$0.44,43
20260824,MLB-TRUNS-IT5-000FPUUOI541HG8-GTE-P00045,08/21/26 07:40 PM EDT,$0.49,19
20260824,LIGAMX-TGLS-FG-01O38BN3VVTN6IO-GTE-P00025,08/21/26 07:40 PM EDT,$0.58,56
20260824,MLB-MOVY-IT5-000FPQ64I544HVO-TBYS000-GTE-P00015,08/21/26 07:40 PM EDT,$0.55,103
20260824,MLB-PHRR-FG-000FP22AI543DI8-CHTH001-GTE-P00025,08/21/26 07:40 PM EDT,$0.29,64
20260824,MLB-PHRR-FG-000FP22AI543DI8-MIAS003-GTE-P00015,08/21/26 07:40 PM EDT,$0.56,258
20260824,MLB-TRUNS-IT5-000FPQ64I544HVO-GTE-P00055,08/21/26 07:40 PM EDT,$0.74,19
20260824,MLB-TRUNS-IT5-000FP462I54B208-GTE-P00045,08/21/26 07:40 PM EDT,$0.52,37
20260824,MLB-TRUNS-IT5-000FPR4SI545PC8-GTE-P00025,08/21/26 07:40 PM EDT,$0.45,11
20260824,MLB-TRUNS-I3-000FPR4SI545PC8-GTE-P00005,08/21/26 07:40 PM EDT,$0.44,54
20260824,MLB-TRUNS-I3-000FPR4SI545PC8-GTE-P00005,08/21/26 07:40 PM EDT,$0.44,43
20260824,MLB-MOVY-IT5-000FP22AI543DI8-CHOX000-GTE-P00005,08/21/26 07:41 PM EDT,$0.44,8
20260824,MLB-TRUNS-I3-000FPR4SI545PC8-GTE-P00005,08/21/26 07:41 PM EDT,$0.42,22
20260824,MLB-TRUNS-I3-000FPR4SI545PC8-GTE-P00005,08/21/26 07:41 PM EDT,$0.34,441
20260824,MLB-TRUNS-I3-000FPR4SI545PC8-GTE-P00005,08/21/26 07:41 PM EDT,$0.34,8
20260824,MLB-TRUNS-IT5-000FPR4SI545PC8-GTE-P00025,08/21/26 07:41 PM EDT,$0.44,17
20260824,MLB-MOVY-IT5-000FPR4TI545OUG-BOOX000-GTE-P00005,08/21/26 07:41 PM EDT,$0.52,23
20260824,MLB-TRUNS-IT5-000FPR2RI545P9G-GTE-P00065,08/21/26 07:41 PM EDT,$0.41,3
20260824,MLB-TRUNS-IT5-00069L89I4RE7OO-GTE-P00065,08/21/26 07:41 PM EDT,$0.17,1
20260824,MLB-MOVY-IT5-000FP242I543CMO-HOOS000-GTE-P00005,08/21/26 07:42 PM EDT,$0.48,9
20260824,MLB-TRUNS-IT5-000FPQ64I544HVO-GTE-P00065,08/21/26 07:42 PM EDT,$0.53,600
20260824,MLB-TRUNS-IT5-000FPQ64I544HVO-GTE-P00065,08/21/26 07:42 PM EDT,$0.52,100
20260824,MLB-TRUNS-IT5-000FPQ64I544HVO-GTE-P00065,08/21/26 07:42 PM EDT,$0.52,50
20260824,MLB-TRUNS-IT5-000FPQ64I544HVO-GTE-P00065,08/21/26 07:42 PM EDT,$0.53,500
20260824,MLB-TRUNS-IT5-000FPR4TI545OUG-GTE-P00025,08/21/26 07:42 PM EDT,$0.49,35
20260824,MLB-PHRR-FG-000FP22AI543DI8-BOTE000-GTE-P00015,08/21/26 07:42 PM EDT,$0.52,18
20260824,MLB-TRUNS-IT5-000FPR4SI545PC8-GTE-P00025,08/21/26 07:42 PM EDT,$0.42,43
20260824,MLB-TRUNS-IT5-000FP404I54B3T0-GTE-P00045,08/21/26 07:42 PM EDT,$0.46,41
20260824,MLB-TRUNS-IT5-000FPR4SI545PC8-GTE-P00025,08/21/26 07:42 PM EDT,$0.42,100
20260824,MLB-TRUNS-IT5-000FPR4SI545PC8-GTE-P00025,08/21/26 07:42 PM EDT,$0.42,700
20260824,MLB-MOVY-IT5-000FPR2RI545P9G-PHES000-GTE-P00015,08/21/26 07:42 PM EDT,$0.46,100
20260824,MLB-MOVY-IT5-000FPR2RI545P9G-PHES000-GTE-P00015,08/21/26 07:42 PM EDT,$0.46,100
20260824,MLB-TRUNS-IT5-000FPR2RI545P9G-GTE-P00065,08/21/26 07:42 PM EDT,$0.41,26
20260824,MLB-TRUNS-IT5-000FPR2RI545P9G-GTE-P00065,08/21/26 07:42 PM EDT,$0.41,90
20260824,MLB-TRUNS-I4-000FPR2RI545P9G-GTE-P00005,08/21/26 07:43 PM EDT,$0.25,20
20260824,MLB-TRUNS-IT5-000FPR4TI545OUG-GTE-P00025,08/21/26 07:43 PM EDT,$0.43,19
20260824,MLB-TRUNS-I3-000FPR4TI545OUG-GTE-P00005,08/21/26 07:43 PM EDT,$0.44,67
20260824,MLB-TRUNS-IT5-00069L89I4RE7OO-GTE-P00055,08/21/26 07:43 PM EDT,$0.30,1
20260824,MLB-TRUNS-IT5-00069L89I4RE7OO-GTE-P00055,08/21/26 07:43 PM EDT,$0.30,1
20260824,MLB-TRUNS-IT5-00069L89I4RE7OO-GTE-P00055,08/21/26 07:43 PM EDT,$0.30,1
20260824,MLB-TRUNS-IT5-00069L89I4RE7OO-GTE-P00055,08/21/26 07:43 PM EDT,$0.30,1
20260824,MLB-TRUNS-IT5-00069L89I4RE7OO-GTE-P00055,08/21/26 07:43 PM EDT,$0.30,1
20260824,MLB-TRUNS-I3-000FPR4TI545OUG-GTE-P00005,08/21/26 07:43 PM EDT,$0.36,151
20260824,MLB-TRUNS-IT5-000FPR4SI545PC8-GTE-P00025,08/21/26 07:43 PM EDT,$0.44,36
20260824,MLB-PHRR-FG-000FPUUOI541HG8-ELUZ001-GTE-P00015,08/21/26 07:44 PM EDT,$0.56,17
20260824,MLB-TRUNS-I3-000FPR4TI545OUG-GTE-P00025,08/21/26 07:44 PM EDT,$0.06,26
20260824,MLB-TRUNS-IT5-00069L89I4RE7OO-GTE-P00055,08/21/26 07:44 PM EDT,$0.28,1
20260824,MLB-TRUNS-IT5-000FPR4TI545OUG-GTE-P00025,08/21/26 07:44 PM EDT,$0.42,200
20260824,MLB-TRUNS-IT5-000FPR2RI545P9G-GTE-P00065,08/21/26 07:44 PM EDT,$0.41,180
20260824,MLB-TRUNS-IT5-000FPR2RI545P9G-GTE-P00065,08/21/26 07:44 PM EDT,$0.41,70
20260824,MLB-TRUNS-IT5-000FPR2RI545P9G-GTE-P00065,08/21/26 07:44 PM EDT,$0.41,70
20260824,MLB-TRUNS-IT5-000FPR2RI545P9G-GTE-P00065,08/21/26 07:44 PM EDT,$0.41,1
20260824,MLB-TRUNS-IT5-000FPR2RI545P9G-GTE-P00065,08/21/26 07:44 PM EDT,$0.41,70
20260824,MLB-TRUNS-IT5-000FPR2RI545P9G-GTE-P00065,08/21/26 07:44 PM EDT,$0.41,14
20260824,MLB-TRUNS-IT5-000FPR2RI545P9G-GTE-P00055,08/21/26 07:45 PM EDT,$0.61,100
20260824,MLB-TRUNS-IT5-000FPR4SI545PC8-GTE-P00025,08/21/26 07:45 PM EDT,$0.39,20
20260824,MLB-TRUNS-IT5-000FPR2RI545P9G-GTE-P00055,08/21/26 07:45 PM EDT,$0.61,150
20260824,MLB-WIN-IT5-000FPR2RI545P9G-STLS000,08/21/26 07:45 PM EDT,$0.07,1875
20260824,MLB-WIN-IT5-000FPR4TI545OUG-BOOX000,08/21/26 07:45 PM EDT,$0.58,403
20260824,MLB-TRUNS-IT5-000FPR4TI545OUG-GTE-P00025,08/21/26 07:45 PM EDT,$0.42,33
20260824,MLB-TRUNS-IT5-00069L89I4RE7OO-GTE-P00045,08/21/26 07:45 PM EDT,$0.42,22
20260824,MLB-TRUNS-IT5-000FPR4TI545OUG-GTE-P00025,08/21/26 07:45 PM EDT,$0.42,50
20260824,MLB-TRUNS-IT5-000FPR4TI545OUG-GTE-P00025,08/21/26 07:45 PM EDT,$0.42,25
20260824,MLB-TRUNS-IT5-000FPR2RI545P9G-GTE-P00065,08/21/26 07:45 PM EDT,$0.41,76
20260824,MLB-TRUNS-IT5-000FP20FI543DE8-GTE-P00035,08/21/26 07:45 PM EDT,$0.53,40
20260824,MLB-TRUNS-I3-000FPR4TI545OUG-GTE-P00015,08/21/26 07:45 PM EDT,$0.15,229
20260824,MLB-TRUNS-I2-000FPQ64I544HVO-GTE-P00045,08/21/26 07:45 PM EDT,$0.33,385
20260824,MLB-WIN-IT5-000FPR4SI545PC8-WALS000,08/21/26 07:46 PM EDT,$0.44,18
20260824,MLB-TRUNS-IT5-000FPR2RI545P9G-GTE-P00065,08/21/26 07:46 PM EDT,$0.37,20
20260824,MLB-TRUNS-IT5-000FPR2RI545P9G-GTE-P00065,08/21/26 07:46 PM EDT,$0.37,20
20260824,MLB-TRUNS-IT5-000FPR2RI545P9G-GTE-P00065,08/21/26 07:46 PM EDT,$0.37,167
20260824,MLB-TRUNS-IT5-000FPR2RI545P9G-GTE-P00065,08/21/26 07:46 PM EDT,$0.37,3
20260824,MLB-TRUNS-IT5-000FPR2RI545P9G-GTE-P00065,08/21/26 07:46 PM EDT,$0.37,30
20260824,MLB-MOVY-IT5-000FPR2RI545P9G-PHES000-GTE-P00015,08/21/26 07:46 PM EDT,$0.41,40
20260824,MLB-TRUNS-I4-000FP22AI543DI8-GTE-P00005,08/21/26 07:46 PM EDT,$0.50,12
20260824,MLB-PHRR-FG-000FP271I543D0G-JANE000-GTE-P00015,08/21/26 07:46 PM EDT,$0.55,1754
20260824,MLB-TRUNS-IT5-000FPR4SI545PC8-GTE-P00035,08/21/26 07:47 PM EDT,$0.25,2000
20260824,MLB-TRUNS-IT5-000FPR4SI545PC8-GTE-P00035,08/21/26 07:47 PM EDT,$0.26,600
20260824,MLB-TRUNS-IT5-000FPR4SI545PC8-GTE-P00035,08/21/26 07:47 PM EDT,$0.25,1000
20260824,MLB-TRUNS-IT5-000FPR4TI545OUG-GTE-P00055,08/21/26 07:47 PM EDT,$0.17,1
20260824,MLB-TRUNS-IT5-000FPR4TI545OUG-GTE-P00055,08/21/26 07:47 PM EDT,$0.17,1
20260824,MLB-TRUNS-IT5-000FPR4TI545OUG-GTE-P00055,08/21/26 07:47 PM EDT,$0.17,2
20260824,MLB-TRUNS-IT5-000FPR4TI545OUG-GTE-P00025,08/21/26 07:47 PM EDT,$0.48,18
20260824,MLB-TRUNS-IT5-000FPR4SI545PC8-GTE-P00015,08/21/26 07:47 PM EDT,$0.58,90
20260824,MLB-TRUNS-I4-000FPR4TI545OUG-GTE-P00005,08/21/26 07:47 PM EDT,$0.36,463
20260824,MLB-TRUNS-IT5-000FPR4SI545PC8-GTE-P00015,08/21/26 07:47 PM EDT,$0.58,22
20260824,MLB-TRUNS-IT5-000FPR2RI545P9G-GTE-P00055,08/21/26 07:47 PM EDT,$0.55,42
20260824,MLB-WIN-IT5-000FPR4TI545OUG-SFTS000,08/21/26 07:48 PM EDT,$0.50,600
20260824,MLB-WIN-IT5-000FPR4TI545OUG-SFTS000,08/21/26 07:48 PM EDT,$0.50,345
20260824,MLB-MOVY-IT5-000FP462I54B208-SDES000-GTE-P00005,08/21/26 07:48 PM EDT,$0.43,1694
20260824,MLB-WIN-IT5-000FPR2RI545P9G-PHES000,08/21/26 07:48 PM EDT,$0.94,27
20260824,MLB-TRUNS-IT5-000FPR4SI545PC8-GTE-P00015,08/21/26 07:49 PM EDT,$0.54,87
20260824,MLB-PHRR-FG-000FP22AI543DI8-FROR000-GTE-P00015,08/21/26 07:49 PM EDT,$0.50,5
20260824,MLB-TRUNS-IT5-000FPR4SI545PC8-GTE-P00025,08/21/26 07:49 PM EDT,$0.41,62
20260824,MLB-TRUNS-IT5-000FPR2RI545P9G-GTE-P00055,08/21/26 07:49 PM EDT,$0.46,253
20260824,MLB-TRUNS-IT5-000FPR2RI545P9G-GTE-P00055,08/21/26 07:50 PM EDT,$0.46,20
20260824,MLB-TRUNS-IT5-000FPR4TI545OUG-GTE-P00055,08/21/26 07:50 PM EDT,$0.15,2
20260824,MLB-TRUNS-I3-000FPR4TI545OUG-GTE-P00005,08/21/26 07:50 PM EDT,$0.48,40
20260824,MLB-TRUNS-IT5-000FPR4TI545OUG-GTE-P00055,08/21/26 07:50 PM EDT,$0.15,2
20260824,MLB-TRUNS-IT5-000FPR4SI545PC8-GTE-P00025,08/21/26 07:50 PM EDT,$0.40,69
20260824,MLB-PHRR-FG-000FP462I54B208-BYON000-GTE-P00015,08/21/26 07:50 PM EDT,$0.57,5
20260824,MLB-PHRR-FG-000FP462I54B208-FEJR000-GTE-P00025,08/21/26 07:50 PM EDT,$0.39,7
20260824,MLB-TRUNS-IT5-000FPQ64I544HVO-GTE-P00075,08/21/26 07:50 PM EDT,$0.50,100
20260824,MLB-WIN-IT5-000FPR4TI545OUG-BOOX000,08/21/26 07:50 PM EDT,$0.55,38
20260824,MLB-TRUNS-IT5-000FPQ64I544HVO-GTE-P00075,08/21/26 07:50 PM EDT,$0.42,351
20260824,MLB-TRUNS-IT5-000FPQ64I544HVO-GTE-P00075,08/21/26 07:50 PM EDT,$0.50,57
20260824,MLB-TRUNS-IT5-000FPR2RI545P9G-GTE-P00055,08/21/26 07:50 PM EDT,$0.47,50
20260824,MLB-PHRR-FG-000FP271I543D0G-JANE000-GTE-P00015,08/21/26 07:50 PM EDT,$0.55,1
20260824,MLB-TRUNS-I3-00069L89I4RE7OO-GTE-P00005,08/21/26 07:50 PM EDT,$0.47,45
20260824,MLB-TRUNS-I6-000FPR2RI545P9G-GTE-P00005,08/21/26 07:50 PM EDT,$0.43,170
20260824,MLB-TRUNS-IT5-000FPR4TI545OUG-GTE-P00025,08/21/26 07:50 PM EDT,$0.47,945
20260824,LPA-BTMSC-FG-0004DIUEI4MQMQO-BINARY,08/21/26 07:51 PM EDT,$0.12,5
20260824,MLB-TRUNS-I6-000FPR2RI545P9G-GTE-P00005,08/21/26 07:51 PM EDT,$0.44,5
20260824,MLB-TRUNS-IT5-00069L89I4RE7OO-GTE-P00045,08/21/26 07:51 PM EDT,$0.44,20
20260824,MLB-WIN-IT5-000FPR4TI545OUG-SFTS000,08/21/26 07:51 PM EDT,$0.52,185
20260824,MLB-TRUNS-I7-000FPR2RI545P9G-GTE-P00005,08/21/26 07:51 PM EDT,$0.42,50
20260824,MLB-TRUNS-IT5-000FPR4SI545PC8-GTE-P00015,08/21/26 07:51 PM EDT,$0.56,19
20260824,MLB-MOVY-IT5-000FPQ64I544HVO-TBYS000-GTE-P00005,08/21/26 07:51 PM EDT,$0.62,2
20260824,LIGAMX-TGLS-FG-01O38BN3VVTN6IO-GTE-P00025,08/21/26 07:51 PM EDT,$0.58,5
20260824,MLB-TRUNS-IT5-000FPR4TI545OUG-GTE-P00025,08/21/26 07:51 PM EDT,$0.50,18
20260824,MLB-TRUNS-I4-000FPR4TI545OUG-GTE-P00005,08/21/26 07:52 PM EDT,$0.37,23
20260824,MLB-TRUNS-IT5-000FP20FI543DE8-GTE-P00035,08/21/26 07:53 PM EDT,$0.54,3
20260824,MLB-PHRR-FG-000FP22AI543DI8-MUMI000-GTE-P00015,08/21/26 07:53 PM EDT,$0.49,19
20260824,MLB-TRUNS-I1-000FP22AI543DI8-GTE-P00015,08/21/26 07:53 PM EDT,$0.28,3
20260824,MLB-TRUNS-I4-000FPR4SI545PC8-GTE-P00005,08/21/26 07:53 PM EDT,$0.40,3
20260824,MLB-TRUNS-I1-000FP271I543D0G-GTE-P00005,08/21/26 07:53 PM EDT,$0.51,1043
20260824,MLB-TRUNS-IT5-00069L89I4RE7OO-GTE-P00035,08/21/26 07:53 PM EDT,$0.56,67
20260824,MLB-TRUNS-IT5-000FPR4SI545PC8-GTE-P00035,08/21/26 07:54 PM EDT,$0.22,5
20260824,MLB-WIN-IT5-000FPR2RI545P9G-STLS000,08/21/26 07:54 PM EDT,$0.03,554
20260824,MLB-MOVY-IT5-000FP271I543D0G-KCLS000-GTE-P00005,08/21/26 07:54 PM EDT,$0.43,25
20260824,MLB-TRUNS-IT5-00069L89I4RE7OO-GTE-P00035,08/21/26 07:54 PM EDT,$0.56,86
20260824,MLB-MOVY-IT5-000FPR4TI545OUG-BOOX000-GTE-P00005,08/21/26 07:54 PM EDT,$0.41,73
20260824,MLB-TRUNS-IT5-000FPR2RI545P9G-GTE-P00055,08/21/26 07:54 PM EDT,$0.38,179
20260824,MLB-TRUNS-IT5-000FPR2RI545P9G-GTE-P00055,08/21/26 07:54 PM EDT,$0.38,10
20260824,MLB-TRUNS-IT5-000FPR2RI545P9G-GTE-P00055,08/21/26 07:54 PM EDT,$0.38,3
20260824,MLB-TRUNS-IT5-000FP271I543D0G-GTE-P00045,08/21/26 07:54 PM EDT,$0.43,101
20260824,MLB-WIN-IT5-000FPR2RI545P9G-STLS000,08/21/26 07:54 PM EDT,$0.03,7
20260824,MLB-TRUNS-IT5-000FPR4TI545OUG-GTE-P00035,08/21/26 07:54 PM EDT,$0.41,249
20260824,MLB-WIN-IT5-000FPUUVI541HNG-CLNS000,08/21/26 07:55 PM EDT,$0.56,24
20260824,MLB-PHRR-FG-000FP462I54B208-JOLL002-GTE-P00015,08/21/26 07:55 PM EDT,$0.49,47
20260824,MLB-PHRR-FG-000FP462I54B208-FEJR000-GTE-P00015,08/21/26 07:55 PM EDT,$0.57,43
20260824,MLB-MOVY-IT5-000FPR4TI545OUG-SFTS000-GTE-P00005,08/21/26 07:55 PM EDT,$0.59,40
20260824,MLB-PHRR-FG-000FP22AI543DI8-CAGE001-GTE-P00015,08/21/26 07:55 PM EDT,$0.50,28
20260824,LIGAMX-BTMSC-FG-01O38BN3VVTN6IO-BINARY,08/21/26 07:55 PM EDT,$0.63,23
20260824,MLB-WIN-IT5-000FPR4SI545PC8-WALS000,08/21/26 07:55 PM EDT,$0.32,450
20260824,MLB-WIN-IT5-000FPR4SI545PC8-WALS000,08/21/26 07:55 PM EDT,$0.32,450
20260824,MLB-WIN-IT5-000FPR4SI545PC8-WALS000,08/21/26 07:55 PM EDT,$0.32,450
20260824,MLB-TRUNS-I4-000FPQ64I544HVO-GTE-P00005,08/21/26 07:55 PM EDT,$0.42,58
20260824,MLB-TRUNS-IT5-000FPQ64I544HVO-GTE-P00065,08/21/26 07:56 PM EDT,$0.57,149
20260824,NASCAR-WIN-RCE-00GM207BRJKDADF52I8U9EU806L4S6GO02U0KQ6FHUPMKC809CVJL96JPKH0-RYEY002,08/21/26 07:56 PM EDT,$0.20,9
20260824,MLB-TRUNS-IT5-000FPR2RI545P9G-GTE-P00055,08/21/26 07:56 PM EDT,$0.30,175
20260824,MLB-WIN-IT5-000FP271I543D0G-KCLS000,08/21/26 07:56 PM EDT,$0.51,9
20260824,MLB-TRUNS-IT5-00069L89I4RE7OO-GTE-P00035,08/21/26 07:56 PM EDT,$0.58,93
20260824,MLB-TRUNS-IT5-000FPR2RI545P9G-GTE-P00055,08/21/26 07:56 PM EDT,$0.31,37
20260824,MLB-TRUNS-IT5-000FPR4TI545OUG-GTE-P00025,08/21/26 07:56 PM EDT,$0.59,8
20260824,MLB-WIN-IT5-000FP20FI543DE8-LALS000,08/21/26 07:57 PM EDT,$0.46,9
20260824,MLB-TRUNS-IT5-000FPR2RI545P9G-GTE-P00055,08/21/26 07:57 PM EDT,$0.31,35
20260824,MLB-TRUNS-IT5-000FPR4TI545OUG-GTE-P00025,08/21/26 07:57 PM EDT,$0.59,32
20260824,MLB-TRUNS-IT5-000FPR2RI545P9G-GTE-P00055,08/21/26 07:57 PM EDT,$0.32,171
20260824,MLB-TRUNS-IT5-000FPR2RI545P9G-GTE-P00055,08/21/26 07:57 PM EDT,$0.31,127
20260824,MLB-TRUNS-IT5-000FPR4SI545PC8-GTE-P00015,08/21/26 07:57 PM EDT,$0.57,57
20260824,MLB-TRUNS-I6-000FPR2RI545P9G-GTE-P00005,08/21/26 07:57 PM EDT,$0.43,266
20260824,MLB-TRUNS-IT5-000FPR4SI545PC8-GTE-P00015,08/21/26 07:57 PM EDT,$0.57,26
20260824,LPA-BTMSC-FG-0004DIUEI4MQMQO-BINARY,08/21/26 07:57 PM EDT,$0.15,6
20260824,MLB-TRUNS-IT5-000FPR4SI545PC8-GTE-P00015,08/21/26 07:57 PM EDT,$0.57,2
20260824,MLB-MOVY-IT5-000FPR4SI545PC8-MINS001-GTE-P00005,08/21/26 07:57 PM EDT,$0.48,100
20260824,LIGAMX-BTMSC-FG-00CA1V63KSKBE28-BINARY,08/21/26 07:57 PM EDT,$0.61,7
20260824,LIGAMX-BTMSC-FG-01O38BN3VVTN6IO-BINARY,08/21/26 07:57 PM EDT,$0.63,7
20260824,MLB-MOVY-IT5-00069L89I4RE7OO-NYES000-GTE-P00005,08/21/26 07:58 PM EDT,$0.88,61
20260824,LPA-TGLS-FG-0004DIUEI4MQMQO-GTE-P00005,08/21/26 07:58 PM EDT,$0.60,3
20260824,MLB-PHRR-FG-000FPUUOI541HG8-GANO000-GTE-P00015,08/21/26 07:58 PM EDT,$0.61,40
20260824,LPA-MOVY-FG-0004DIUEI4MQMQO-ESTO001-GTE-P00015,08/21/26 07:58 PM EDT,$0.02,20
20260824,MLB-MOVY-IT5-000FPR2RI545P9G-PHES000-GTE-P00015,08/21/26 07:58 PM EDT,$0.23,59
20260824,MLB-TRUNS-IT5-000FPR4TI545OUG-GTE-P00055,08/21/26 07:59 PM EDT,$0.15,2
20260824,MLB-WIN-IT5-000FPUUOI541HG8-ARKS000,08/21/26 07:59 PM EDT,$0.55,35
20260824,MLB-TRUNS-IT5-00069L89I4RE7OO-GTE-P00035,08/21/26 07:59 PM EDT,$0.52,100
20260824,MLB-TRUNS-IT5-000FPQ64I544HVO-GTE-P00065,08/21/26 07:59 PM EDT,$0.57,149
20260824,MLB-TRUNS-IT5-000FPR4SI545PC8-GTE-P00015,08/21/26 07:59 PM EDT,$0.50,22
20260824,MLB-PHRR-FG-000FPUUOI541HG8-EUEZ001-GTE-P00015,08/21/26 08:00 PM EDT,$0.48,50
20260824,MLB-TRUNS-IT5-000FPR4SI545PC8-GTE-P00015,08/21/26 08:00 PM EDT,$0.51,98
20260824,MLB-WIN-IT5-000FPR4TI545OUG-BOOX000,08/21/26 08:00 PM EDT,$0.38,100
20260824,MLB-PHRR-FG-000FP462I54B208-AUYS000-GTE-P00015,08/21/26 08:00 PM EDT,$0.46,6
20260824,MLB-TRUNS-IT5-000FPR2RI545P9G-GTE-P00055,08/21/26 08:00 PM EDT,$0.35,38
20260824,MLB-TRUNS-IT5-000FPR4TI545OUG-GTE-P00025,08/21/26 08:00 PM EDT,$0.54,5
20260824,MLB-TRUNS-IT5-000FP242I543CMO-GTE-P00045,08/21/26 08:01 PM EDT,$0.49,102
20260824,NWSL-DWIN-FG-000FPQ0FI544HD8-SACW009,08/21/26 08:01 PM EDT,$0.48,10
20260824,MLB-TRUNS-IT5-000FP22AI543DI8-GTE-P00045,08/21/26 08:01 PM EDT,$0.43,600
20260824,MLB-TRUNS-I4-000FPR4SI545PC8-GTE-P00005,08/21/26 08:01 PM EDT,$0.39,15
20260824,LIGAMX-TGLS-FG-00CBOUVGKS1OM6O-GTE-P00025,08/21/26 08:01 PM EDT,$0.55,53
20260824,MLB-TRUNS-IT5-000FPR2RI545P9G-GTE-P00055,08/21/26 08:01 PM EDT,$0.33,26
20260824,MLB-WIN-IT5-000FP242I543CMO-ATCS000,08/21/26 08:01 PM EDT,$0.42,95
20260824,MLB-TRUNS-IT5-000FP22AI543DI8-GTE-P00045,08/21/26 08:01 PM EDT,$0.43,600
20260824,MLB-TRUNS-IT5-000FP271I543D0G-GTE-P00045,08/21/26 08:02 PM EDT,$0.44,543
20260824,MLB-TRUNS-I3-000FPR4TI545OUG-GTE-P00015,08/21/26 08:02 PM EDT,$0.19,25
20260824,MLB-TRUNS-I6-000FPR2RI545P9G-GTE-P00005,08/21/26 08:02 PM EDT,$0.44,8
20260824,MLB-MOVY-IT5-000FP22AI543DI8-NYTS000-GTE-P00015,08/21/26 08:02 PM EDT,$0.24,1
20260824,MLB-WIN-IT5-000FP271I543D0G-DERS000,08/21/26 08:02 PM EDT,$0.50,48
20260824,MLB-PHRR-FG-000FP404I54B3T0-PENG000-GTE-P00015,08/21/26 08:02 PM EDT,$0.55,17
20260824,MLB-MOVY-IT5-000FP22AI543DI8-NYTS000-GTE-P00015,08/21/26 08:02 PM EDT,$0.24,1
20260824,MLB-MOVY-IT5-000FP22AI543DI8-NYTS000-GTE-P00015,08/21/26 08:02 PM EDT,$0.24,2
20260824,MLB-TRUNS-IT5-00069L89I4RE7OO-GTE-P00035,08/21/26 08:02 PM EDT,$0.48,36
20260824,MLB-MOVY-IT5-000FP271I543D0G-KCLS000-GTE-P00005,08/21/26 08:03 PM EDT,$0.39,39
20260824,MLB-MOVY-IT5-000FP22AI543DI8-NYTS000-GTE-P00015,08/21/26 08:03 PM EDT,$0.25,3
20260824,MLB-TRUNS-I6-000FPR4TI545OUG-GTE-P00025,08/21/26 08:03 PM EDT,$0.14,133
20260824,MLB-TRUNS-IT5-000FP22AI543DI8-GTE-P00025,08/21/26 08:03 PM EDT,$0.71,3
20260824,MLB-WIN-IT5-000FPR4SI545PC8-WALS000,08/21/26 08:03 PM EDT,$0.37,450
20260824,MLB-WIN-IT5-000FP22AI543DI8-NYTS000,08/21/26 08:03 PM EDT,$0.45,1
20260824,MLB-TRUNS-IT5-000FPR4TI545OUG-GTE-P00025,08/21/26 08:04 PM EDT,$0.54,526
20260824,MLB-TRUNS-IT5-000FP271I543D0G-GTE-P00045,08/21/26 08:04 PM EDT,$0.43,600
20260824,MLB-TRUNS-IT5-000FP271I543D0G-GTE-P00045,08/21/26 08:04 PM EDT,$0.43,1000
20260824,MLB-TRUNS-IT5-000FP271I543D0G-GTE-P00045,08/21/26 08:04 PM EDT,$0.43,942
20260824,MLB-MOVY-IT5-000FP22AI543DI8-NYTS000-GTE-P00015,08/21/26 08:04 PM EDT,$0.25,2
20260824,MLB-MOVY-IT5-000FP22AI543DI8-NYTS000-GTE-P00015,08/21/26 08:04 PM EDT,$0.23,1
20260824,MLB-TRUNS-I4-000FPR4SI545PC8-GTE-P00005,08/21/26 08:04 PM EDT,$0.47,37
20260824,MLB-WIN-IT5-000FPUUOI541HG8-ARKS000,08/21/26 08:04 PM EDT,$0.55,47
20260824,MLB-PHRR-FG-000FP242I543CMO-ISES000-GTE-P00045,08/21/26 08:04 PM EDT,$0.16,5
20260824,MLB-WIN-IT5-000FP271I543D0G-DERS000,08/21/26 08:04 PM EDT,$0.49,98
20260824,MLB-PHRR-FG-000FPUUOI541HG8-GANO000-GTE-P00015,08/21/26 08:04 PM EDT,$0.61,50
20260824,MLB-TRUNS-IT5-000FPR4TI545OUG-GTE-P00025,08/21/26 08:04 PM EDT,$0.55,19
20260824,MLB-WIN-IT5-000FPR2RI545P9G-STLS000,08/21/26 08:05 PM EDT,$0.02,200
20260824,LPA-TGLS-FG-0004DIUEI4MQMQO-GTE-P00015,08/21/26 08:05 PM EDT,$0.23,400
20260824,MLB-TRUNS-IT5-00069L89I4RE7OO-GTE-P00055,08/21/26 08:05 PM EDT,$0.20,1
20260824,MLB-TRUNS-IT5-00069L89I4RE7OO-GTE-P00055,08/21/26 08:05 PM EDT,$0.20,1
20260824,MLB-TRUNS-IT5-00069L89I4RE7OO-GTE-P00055,08/21/26 08:05 PM EDT,$0.20,1
20260824,MLB-TRUNS-IT5-00069L89I4RE7OO-GTE-P00055,08/21/26 08:05 PM EDT,$0.19,1
20260824,MLB-TRUNS-I2-000FP20FI543DE8-GTE-P00005,08/21/26 08:05 PM EDT,$0.36,103
20260824,MLB-TRUNS-IT5-000FP271I543D0G-GTE-P00045,08/21/26 08:05 PM EDT,$0.43,27
20260824,MLB-TRUNS-I2-000FP22AI543DI8-GTE-P00005,08/21/26 08:05 PM EDT,$0.40,30
20260824,MLB-TRUNS-IT5-000FPR2RI545P9G-GTE-P00055,08/21/26 08:05 PM EDT,$0.40,202
20260824,LPA-TGLS-FG-0004DIUEI4MQMQO-GTE-P00015,08/21/26 08:06 PM EDT,$0.21,192
20260824,MLB-TRUNS-IT5-000FP20FI543DE8-GTE-P00035,08/21/26 08:06 PM EDT,$0.53,40
20260824,MLB-PHRR-FG-000FP41SI54B2VO-SHNI001-GTE-P00015,08/21/26 08:06 PM EDT,$0.62,70
20260824,MLB-WIN-IT5-000FP462I54B208-MINS000,08/21/26 08:06 PM EDT,$0.49,600
20260824,LPA-TGLS-FG-0004DIUEI4MQMQO-GTE-P00025,08/21/26 08:07 PM EDT,$0.05,600
20260824,MLB-TRUNS-IT5-000FP271I543D0G-GTE-P00045,08/21/26 08:07 PM EDT,$0.43,50
20260824,MLB-MOVY-IT5-000FP462I54B208-SDES000-GTE-P00005,08/21/26 08:07 PM EDT,$0.43,330
20260824,LPA-TGLS-FG-0004DIUEI4MQMQO-GTE-P00025,08/21/26 08:07 PM EDT,$0.05,218
20260824,MLB-MOVY-IT5-000FPR2RI545P9G-PHES000-GTE-P00025,08/21/26 08:07 PM EDT,$0.07,1
20260824,MLB-TRUNS-I1-000FP242I543CMO-GTE-P00015,08/21/26 08:07 PM EDT,$0.32,147
20260824,MLB-MOVY-IT5-000FPR2RI545P9G-PHES000-GTE-P00015,08/21/26 08:07 PM EDT,$0.10,150
20260824,MLB-WIN-IT5-00069L89I4RE7OO-NYES000,08/21/26 08:07 PM EDT,$0.94,10
20260824,MLB-WIN-IT5-000FPUUOI541HG8-CIDS000,08/21/26 08:07 PM EDT,$0.45,284
20260824,LIGAMX-TGLS-FG-01O38BN3VVTN6IO-GTE-P00025,08/21/26 08:07 PM EDT,$0.58,861
20260824,MLB-WIN-IT5-00069L89I4RE7OO-NYES000,08/21/26 08:07 PM EDT,$0.94,5
20260824,MLB-WIN-FG-000FPR4TI545OUG-SFTS000,08/21/26 08:07 PM EDT,$0.30,25
20260824,MLB-TRUNS-IT5-000FPR4SI545PC8-GTE-P00035,08/21/26 08:07 PM EDT,$0.24,600
20260824,MLB-TRUNS-IT5-000FPR4SI545PC8-GTE-P00035,08/21/26 08:07 PM EDT,$0.24,1600
20260824,MLB-MOVY-IT5-000FPR2RI545P9G-PHES000-GTE-P00015,08/21/26 08:07 PM EDT,$0.10,136
20260824,MLB-WIN-IT5-000FP271I543D0G-DERS000,08/21/26 08:07 PM EDT,$0.49,490
20260824,MLB-TRUNS-IT5-000FPR2RI545P9G-GTE-P00055,08/21/26 08:08 PM EDT,$0.11,42
20260824,LPA-TGLS-FG-0004DIUEI4MQMQO-GTE-P00005,08/21/26 08:08 PM EDT,$0.58,138
20260824,MLB-WIN-IT5-00069L89I4RE7OO-NYES000,08/21/26 08:08 PM EDT,$0.93,15
20260824,MLB-TRUNS-IT5-000FPR2RI545P9G-GTE-P00055,08/21/26 08:08 PM EDT,$0.10,58
20260824,LPA-TGLS-FG-0004DIUEI4MQMQO-GTE-P00005,08/21/26 08:08 PM EDT,$0.58,16
20260824,MLB-TRUNS-IT5-000FP22AI543DI8-GTE-P00025,08/21/26 08:08 PM EDT,$0.69,3
20260824,MLB-WIN-IT5-000FP20FI543DE8-LALS000,08/21/26 08:08 PM EDT,$0.46,600
20260824,MLB-WIN-IT5-000FP20FI543DE8-LALS000,08/21/26 08:08 PM EDT,$0.46,442
20260824,MLB-PHRR-FG-000FP271I543D0G-CAEN000-GTE-P00015,08/21/26 08:08 PM EDT,$0.47,51
20260824,MLB-TRUNS-IT5-000FP271I543D0G-GTE-P00045,08/21/26 08:09 PM EDT,$0.44,21
20260824,MLB-TRUNS-I1-000FP242I543CMO-GTE-P00025,08/21/26 08:09 PM EDT,$0.18,136
20260824,MLB-WIN-IT5-000FPR4SI545PC8-WALS000,08/21/26 08:09 PM EDT,$0.46,12
20260824,MLB-MOVY-IT5-000FPR4SI545PC8-MINS001-GTE-P00005,08/21/26 08:09 PM EDT,$0.34,28
20260824,MLB-WIN-IT5-000FPR4SI545PC8-WALS000,08/21/26 08:09 PM EDT,$0.46,2
20260824,MLB-TRUNS-IT5-000FPR2RI545P9G-GTE-P00055,08/21/26 08:09 PM EDT,$0.01,100
20260824,MLB-PHRR-FG-000FP271I543D0G-JANE000-GTE-P00015,08/21/26 08:09 PM EDT,$0.55,52
20260824,MLB-MOVY-IT5-000FP242I543CMO-HOOS000-GTE-P00005,08/21/26 08:09 PM EDT,$0.48,18
20260824,MLB-WIN-IT5-000FPR4TI545OUG-BOOX000,08/21/26 08:09 PM EDT,$0.92,7
20260824,MLB-TRUNS-IT5-00069L89I4RE7OO-GTE-P00035,08/21/26 08:10 PM EDT,$0.40,141
20260824,KBO-TRUNS-FG-03VTIEG94O0VQFG-GTE-P00155,08/21/26 08:10 PM EDT,$0.16,5
20260824,MLB-TRUNS-I1-000FP20FI543DE8-GTE-P00005,08/21/26 08:10 PM EDT,$0.49,31
20260824,KBO-TRUNS-FG-03VTIEG94O0VQFG-GTE-P00145,08/21/26 08:10 PM EDT,$0.20,4
20260824,MLB-MOVY-IT5-000FPR4SI545PC8-MINS001-GTE-P00005,08/21/26 08:10 PM EDT,$0.42,22
20260824,MLB-TRUNS-IT5-000FPR4TI545OUG-GTE-P00035,08/21/26 08:10 PM EDT,$0.99,8
20260824,MLB-TRUNS-IT5-000FPR4TI545OUG-GTE-P00055,08/21/26 08:10 PM EDT,$0.45,2573
20260824,MLB-TRUNS-IT5-000FPR4TI545OUG-GTE-P00055,08/21/26 08:10 PM EDT,$0.45,600
20260824,KBO-TRUNS-FG-03VTIEG94O0VQFG-GTE-P00135,08/21/26 08:10 PM EDT,$0.25,7
20260824,MLB-TRUNS-IT5-000FPR2RI545P9G-GTE-P00065,08/21/26 08:10 PM EDT,$0.01,67
20260824,MLB-TRUNS-IT5-000FPR4TI545OUG-GTE-P00025,08/21/26 08:10 PM EDT,$0.99,94
20260824,MLB-TRUNS-IT5-000FPR2RI545P9G-GTE-P00065,08/21/26 08:10 PM EDT,$0.01,26
20260824,MLB-MOVY-IT5-000FPR2RI545P9G-PHES000-GTE-P00015,08/21/26 08:10 PM EDT,$0.01,56
20260824,MLB-TRUNS-IT5-000FP22AI543DI8-GTE-P00025,08/21/26 08:10 PM EDT,$0.63,3
20260824,MLB-TRUNS-IT5-000FPQ64I544HVO-GTE-P00065,08/21/26 08:10 PM EDT,$0.42,454
20260824,MLB-TRUNS-IT5-000FP22AI543DI8-GTE-P00035,08/21/26 08:10 PM EDT,$0.48,600
20260824,MLB-TRUNS-IT5-000FP22AI543DI8-GTE-P00035,08/21/26 08:10 PM EDT,$0.48,321
20260824,MLB-MOVY-IT5-000FPR4SI545PC8-MINS001-GTE-P00005,08/21/26 08:10 PM EDT,$0.34,44
20260824,MLB-TRUNS-IT5-000FP22AI543DI8-GTE-P00035,08/21/26 08:11 PM EDT,$0.48,38
20260824,MLB-TRUNS-IT5-000FPQ64I544HVO-GTE-P00065,08/21/26 08:11 PM EDT,$0.41,15
20260824,MLB-MOVY-IT5-000FPR4SI545PC8-MINS001-GTE-P00005,08/21/26 08:11 PM EDT,$0.42,56
20260824,MLB-TRUNS-IT5-000FPR2RI545P9G-GTE-P00065,08/21/26 08:11 PM EDT,$0.01,20
20260824,MLB-TRUNS-IT5-000FP22AI543DI8-GTE-P00025,08/21/26 08:11 PM EDT,$0.64,4
20260824,MLB-TRUNS-IT5-000FPR2RI545P9G-GTE-P00055,08/21/26 08:11 PM EDT,$0.01,40
20260824,KBO-TRUNS-FG-03VTIEG94O0VQFG-GTE-P00115,08/21/26 08:11 PM EDT,$0.37,5
20260824,MLB-MOVY-IT5-000FPR4TI545OUG-BOOX000-GTE-P00005,08/21/26 08:11 PM EDT,$0.91,73
20260824,MLB-TRUNS-IT5-00069L89I4RE7OO-GTE-P00035,08/21/26 08:11 PM EDT,$0.46,17
20260824,LPA-TGLS-FG-0004DIUEI4MQMQO-GTE-P00005,08/21/26 08:11 PM EDT,$0.56,386
20260824,MLB-TRUNS-I5-00069L89I4RE7OO-GTE-P00005,08/21/26 08:11 PM EDT,$0.44,2
20260824,KBO-TRUNS-FG-03VTIEG94O0VQFG-GTE-P00095,08/21/26 08:12 PM EDT,$0.48,8
20260824,MLB-TRUNS-IT5-000FP404I54B3T0-GTE-P00045,08/21/26 08:12 PM EDT,$0.46,104
20260824,MLB-TRUNS-IT5-000FPUUVI541HNG-GTE-P00055,08/21/26 08:12 PM EDT,$0.50,96
20260824,MLB-WIN-IT5-000FPUUOI541HG8-ARKS000,08/21/26 08:12 PM EDT,$0.55,87
20260824,MLB-TRUNS-IT5-000FP462I54B208-GTE-P00045,08/21/26 08:12 PM EDT,$0.52,92
20260824,MLB-TRUNS-IT5-000FP41SI54B2VO-GTE-P00045,08/21/26 08:12 PM EDT,$0.47,102
20260824,MLB-WIN-IT5-000FP271I543D0G-DERS000,08/21/26 08:12 PM EDT,$0.47,2
20260824,MLB-MOVY-IT5-000FP20FI543DE8-TERS000-GTE-P00005,08/21/26 08:12 PM EDT,$0.44,86
20260824,MLB-WIN-IT5-000FP271I543D0G-DERS000,08/21/26 08:12 PM EDT,$0.41,277
20260824,MLB-WIN-IT5-000FP271I543D0G-KCLS000,08/21/26 08:12 PM EDT,$0.52,18
20260824,MLB-WIN-IT5-000FP271I543D0G-DERS000,08/21/26 08:13 PM EDT,$0.41,450
20260824,KBO-TRUNS-FG-03VTIEIU4O0VRRO-GTE-P00155,08/21/26 08:13 PM EDT,$0.20,9
20260824,MLB-PHRR-FG-000FP462I54B208-JOLL002-GTE-P00015,08/21/26 08:13 PM EDT,$0.49,49
20260824,MLB-TRUNS-IT5-000FP271I543D0G-GTE-P00025,08/21/26 08:13 PM EDT,$0.67,450
20260824,MLB-PHRR-FG-000FP462I54B208-KONS000-GTE-P00015,08/21/26 08:13 PM EDT,$0.49,49
20260824,MLB-TRUNS-IT5-000FP271I543D0G-GTE-P00025,08/21/26 08:13 PM EDT,$0.67,450
20260824,MLB-MOVY-IT5-000FP20FI543DE8-TERS000-GTE-P00005,08/21/26 08:13 PM EDT,$0.44,103
20260824,MLB-PHRR-FG-000FP462I54B208-FEJR000-GTE-P00015,08/21/26 08:13 PM EDT,$0.57,42
20260824,KBO-TRUNS-FG-03VTIEIU4O0VRRO-GTE-P00155,08/21/26 08:13 PM EDT,$0.20,4
20260824,MLB-WIN-IT5-000FP41SI54B2VO-LARS000,08/21/26 08:13 PM EDT,$0.68,7
20260824,MLB-TRUNS-IT5-000FP22AI543DI8-GTE-P00035,08/21/26 08:13 PM EDT,$0.45,600
20260824,MLB-TRUNS-IT5-000FP22AI543DI8-GTE-P00035,08/21/26 08:13 PM EDT,$0.45,277
20260824,MLB-WIN-IT5-000FP20FI543DE8-TERS000,08/21/26 08:13 PM EDT,$0.55,21
20260824,MLB-WIN-IT5-00069L89I4RE7OO-NYES000,08/21/26 08:13 PM EDT,$0.81,450
20260824,MLB-TRUNS-IT5-00069L89I4RE7OO-GTE-P00025,08/21/26 08:13 PM EDT,$0.81,1
20260824,MLB-TRUNS-IT5-000FP271I543D0G-GTE-P00055,08/21/26 08:14 PM EDT,$0.31,72
20260824,MLB-TRUNS-IT5-000FP271I543D0G-GTE-P00055,08/21/26 08:14 PM EDT,$0.31,25
20260824,KBO-TRUNS-FG-03VTIEIU4O0VRRO-GTE-P00115,08/21/26 08:14 PM EDT,$0.44,6
20260824,MLB-WIN-IT5-000FPQ64I544HVO-BAES000,08/21/26 08:14 PM EDT,$0.28,33
20260824,MLB-WIN-IT5-000FPQ64I544HVO-BAES000,08/21/26 08:14 PM EDT,$0.27,20
20260824,MLB-WIN-IT5-000FPR4SI545PC8-WALS000,08/21/26 08:14 PM EDT,$0.34,450
20260824,MLB-MOVY-IT5-00069L89I4RE7OO-NYES000-GTE-P00015,08/21/26 08:14 PM EDT,$0.52,96
20260824,MLB-TRUNS-IT5-00069L89I4RE7OO-GTE-P00045,08/21/26 08:14 PM EDT,$0.42,53
20260824,MLB-TRUNS-IT5-000FPR4SI545PC8-GTE-P00005,08/21/26 08:15 PM EDT,$0.49,37
20260824,MLB-TRUNS-IT5-000FPR4SI545PC8-GTE-P00005,08/21/26 08:15 PM EDT,$0.49,96
20260824,MLB-MOVY-IT5-000FPR4SI545PC8-MINS001-GTE-P00005,08/21/26 08:15 PM EDT,$0.25,28
20260824,MLB-MOVY-IT5-000FP242I543CMO-HOOS000-GTE-P00005,08/21/26 08:15 PM EDT,$0.52,20
20260824,MLB-TRUNS-IT5-000FP271I543D0G-GTE-P00035,08/21/26 08:15 PM EDT,$0.54,600
20260824,MLB-TRUNS-IT5-000FPR4SI545PC8-GTE-P00005,08/21/26 08:15 PM EDT,$0.49,75
20260824,MLB-TRUNS-IT5-000FP271I543D0G-GTE-P00035,08/21/26 08:15 PM EDT,$0.54,441
20260824,MLB-TRUNS-IT5-00069L89I4RE7OO-GTE-P00035,08/21/26 08:15 PM EDT,$0.62,17
20260824,MLB-TRUNS-IT5-000FPR4SI545PC8-GTE-P00005,08/21/26 08:15 PM EDT,$0.49,28
20260824,MLB-TRUNS-IT5-00069L89I4RE7OO-GTE-P00045,08/21/26 08:15 PM EDT,$0.39,17
20260824,MLB-PHRR-FG-000FP271I543D0G-GLES000-GTE-P00015,08/21/26 08:15 PM EDT,$0.43,11
20260824,MLB-TRUNS-IT5-000FP404I54B3T0-GTE-P00045,08/21/26 08:15 PM EDT,$0.45,8
20260824,KBO-TRUNS-FG-03VTIEN84O0VQS8-GTE-P00145,08/21/26 08:15 PM EDT,$0.10,9
20260824,KBO-TRUNS-FG-03VTIEN84O0VQS8-GTE-P00135,08/21/26 08:16 PM EDT,$0.12,7
20260824,MLB-WIN-IT5-000FP20FI543DE8-TERS000,08/21/26 08:16 PM EDT,$0.56,172
20260824,MLB-MOVY-IT5-000FP242I543CMO-HOOS000-GTE-P00005,08/21/26 08:16 PM EDT,$0.52,40
20260824,KBO-TRUNS-FG-03VTIEN84O0VQS8-GTE-P00125,08/21/26 08:16 PM EDT,$0.16,5
20260824,MLB-TRUNS-IT5-000FPR4SI545PC8-GTE-P00045,08/21/26 08:16 PM EDT,$0.04,19
20260824,KBO-TRUNS-FG-03VTIEN84O0VQS8-GTE-P00115,08/21/26 08:16 PM EDT,$0.19,5
20260824,MLB-TRUNS-IT5-000FP41SI54B2VO-GTE-P00045,08/21/26 08:16 PM EDT,$0.46,8
20260824,KBO-TRUNS-FG-03VTIEN84O0VQS8-GTE-P00105,08/21/26 08:16 PM EDT,$0.28,3
20260824,MLB-MOVY-IT5-000FP242I543CMO-HOOS000-GTE-P00005,08/21/26 08:16 PM EDT,$0.52,2
20260824,MLB-MOVY-IT5-00069L89I4RE7OO-NYES000-GTE-P00015,08/21/26 08:16 PM EDT,$0.55,21
20260824,MLB-TRUNS-IT5-000FP41SI54B2VO-GTE-P00045,08/21/26 08:16 PM EDT,$0.46,8
20260824,MLB-TRUNS-IT5-000FPR4TI545OUG-GTE-P00055,08/21/26 08:16 PM EDT,$0.70,1667
20260824,KBO-TRUNS-FG-03VTIEN84O0VQS8-GTE-P00075,08/21/26 08:16 PM EDT,$0.49,5
20260824,MLB-TRUNS-IT5-000FP271I543D0G-GTE-P00035,08/21/26 08:16 PM EDT,$0.54,44
20260824,MLB-TRUNS-FG-000FP22AI543DI8-GTE-P00095,08/21/26 08:16 PM EDT,$0.29,2
20260824,MLB-MOVY-IT5-00069L89I4RE7OO-NYES000-GTE-P00015,08/21/26 08:16 PM EDT,$0.09,27
20260824,MLB-TRUNS-IT5-000FPR4TI545OUG-GTE-P00065,08/21/26 08:16 PM EDT,$0.50,26
20260824,MLB-MOVY-IT5-000FP404I54B3T0-SERS000-GTE-P00005,08/21/26 08:16 PM EDT,$0.43,8
20260824,MLB-WIN-IT5-000FP404I54B3T0-CHBS000,08/21/26 08:16 PM EDT,$0.49,7
20260824,MLB-PHRR-FG-000FP462I54B208-FEJR000-GTE-P00015,08/21/26 08:16 PM EDT,$0.57,8
20260824,MLB-TRUNS-IT5-00069L89I4RE7OO-GTE-P00055,08/21/26 08:16 PM EDT,$0.15,1
20260824,MLB-TRUNS-IT5-000FPR4TI545OUG-GTE-P00055,08/21/26 08:17 PM EDT,$0.78,1506
20260824,KBO-TRUNS-FG-03VTIEJV4O0VR6O-GTE-P00135,08/21/26 08:17 PM EDT,$0.09,30
20260824,KBO-TRUNS-FG-03VTIEJV4O0VR6O-GTE-P00125,08/21/26 08:17 PM EDT,$0.12,23
20260824,MLB-WIN-IT5-000FPR4TI545OUG-SFTS000,08/21/26 08:17 PM EDT,$0.04,14
20260824,MLB-PHRR-FG-000FPUUOI541HG8-GANO000-GTE-P00015,08/21/26 08:17 PM EDT,$0.61,159
20260824,KBO-TRUNS-FG-03VTIEJV4O0VR6O-GTE-P00115,08/21/26 08:17 PM EDT,$0.15,18
20260824,MLB-MOVY-IT5-000FP242I543CMO-ATCS000-GTE-P00015,08/21/26 08:17 PM EDT,$0.20,7
20260824,MLB-WIN-IT5-00069L89I4RE7OO-TOYS000,08/21/26 08:17 PM EDT,$0.07,28
20260824,KBO-TRUNS-FG-03VTIEJV4O0VR6O-GTE-P00105,08/21/26 08:17 PM EDT,$0.21,13
20260824,MLB-TRUNS-IT5-000FPR4TI545OUG-GTE-P00075,08/21/26 08:17 PM EDT,$0.47,122
20260824,MLB-TRUNS-IT5-00069L89I4RE7OO-GTE-P00035,08/21/26 08:17 PM EDT,$0.40,8
20260824,MLB-TRUNS-IT5-000FPR4SI545PC8-GTE-P00005,08/21/26 08:17 PM EDT,$0.45,52
20260824,LIGAMX-BTMSC-FG-01O38BN3VVTN6IO-BINARY,08/21/26 08:17 PM EDT,$0.63,23
20260824,MLB-TRUNS-IT5-000FPR4TI545OUG-GTE-P00025,08/21/26 08:17 PM EDT,$0.99,32
20260824,MLB-TRUNS-IT5-00069L89I4RE7OO-GTE-P00045,08/21/26 08:18 PM EDT,$0.25,22
20260824,LIGAMX-TGLS-FG-014F36C2L88MDH0-GTE-P00025,08/21/26 08:18 PM EDT,$0.53,90
20260824,MLB-TRUNS-IT5-000FPR4SI545PC8-GTE-P00005,08/21/26 08:18 PM EDT,$0.46,104
20260824,MLB-TRUNS-IT5-000FPR4SI545PC8-GTE-P00005,08/21/26 08:18 PM EDT,$0.45,17
20260824,MLB-TRUNS-IT5-000FP22AI543DI8-GTE-P00055,08/21/26 08:18 PM EDT,$0.22,450
20260824,MLB-TRUNS-IT5-000FP22AI543DI8-GTE-P00055,08/21/26 08:18 PM EDT,$0.22,191
20260824,MLB-TRUNS-IT5-000FPQ64I544HVO-GTE-P00055,08/21/26 08:18 PM EDT,$0.46,50
20260824,KBO-TRUNS-FG-03VTIEJV4O0VR6O-GTE-P00075,08/21/26 08:18 PM EDT,$0.39,12
20260824,MLB-TRUNS-IT5-000FP242I543CMO-GTE-P00045,08/21/26 08:18 PM EDT,$0.42,450
20260824,MLB-TRUNS-IT5-000FP242I543CMO-GTE-P00045,08/21/26 08:18 PM EDT,$0.42,412
20260824,MLB-WIN-IT5-000FP20FI543DE8-LALS000,08/21/26 08:18 PM EDT,$0.55,64
20260824,MLB-MOVY-IT5-000FPR4TI545OUG-BOOX000-GTE-P00045,08/21/26 08:18 PM EDT,$0.56,460
20260824,MLB-TRUNS-IT5-00069L89I4RE7OO-GTE-P00035,08/21/26 08:19 PM EDT,$0.41,188
20260824,LPA-TGLS-FG-0004DIUEI4MQMQO-GTE-P00005,08/21/26 08:19 PM EDT,$0.49,127
20260824,MLB-TRUNS-IT5-000FPR4TI545OUG-GTE-P00065,08/21/26 08:19 PM EDT,$0.79,26
20260824,MLB-TRUNS-IT5-000FP271I543D0G-GTE-P00035,08/21/26 08:19 PM EDT,$0.49,54
20260824,MLB-TRUNS-IT5-000FP271I543D0G-GTE-P00035,08/21/26 08:19 PM EDT,$0.49,20
20260824,MLB-TRUNS-IT5-000FP20FI543DE8-GTE-P00025,08/21/26 08:19 PM EDT,$0.69,3
20260824,MLB-MOVY-IT5-000FPR4SI545PC8-WALS000-GTE-P00025,08/21/26 08:19 PM EDT,$0.03,600
20260824,MLB-WIN-IT5-000FP271I543D0G-DERS000,08/21/26 08:19 PM EDT,$0.47,40
20260824,MLB-WIN-IT5-000FPR4TI545OUG-BOOX000,08/21/26 08:19 PM EDT,$0.98,92
20260824,MLB-TRUNS-IT5-00069L89I4RE7OO-GTE-P00035,08/21/26 08:20 PM EDT,$0.42,10
20260824,MLB-TRUNS-IT5-000FPR4SI545PC8-GTE-P00005,08/21/26 08:20 PM EDT,$0.43,46
20260824,MLB-TRUNS-I5-000FPR4SI545PC8-GTE-P00005,08/21/26 08:20 PM EDT,$0.43,22
20260824,MLB-PHRR-FG-000FPR4TI545OUG-ADAN000-GTE-P00045,08/21/26 08:20 PM EDT,$0.19,300
20260824,MLB-MOVY-IT5-000FP22AI543DI8-CHOX000-GTE-P00015,08/21/26 08:20 PM EDT,$0.27,1
20260824,MLB-TRUNS-I4-00069L89I4RE7OO-GTE-P00005,08/21/26 08:20 PM EDT,$0.43,111
20260824,MLB-MOVY-IT5-000FPR4TI545OUG-BOOX000-GTE-P00045,08/21/26 08:20 PM EDT,$0.57,33
20260824,LIGAMX-TGLS-FG-01O38BN3VVTN6IO-GTE-P00025,08/21/26 08:20 PM EDT,$0.58,50
20260824,LIGAMX-TGLS-FG-01O38BN3VVTN6IO-GTE-P00035,08/21/26 08:20 PM EDT,$0.35,135
20260824,MLB-MOVY-IT5-000FPR4SI545PC8-WALS000-GTE-P00025,08/21/26 08:21 PM EDT,$0.03,600
20260824,MLB-WIN-IT5-000FP22AI543DI8-NYTS000,08/21/26 08:21 PM EDT,$0.48,2
20260824,MLB-TRUNS-IT5-000FP22AI543DI8-GTE-P00035,08/21/26 08:21 PM EDT,$0.43,63
20260824,MLB-TRUNS-IT5-00069L89I4RE7OO-GTE-P00025,08/21/26 08:21 PM EDT,$0.56,30
20260824,LIGAMX-TGLS-FG-01O38BN3VVTN6IO-GTE-P00025,08/21/26 08:22 PM EDT,$0.58,25
20260824,MLB-TRUNS-IT5-000FP22AI543DI8-GTE-P00035,08/21/26 08:22 PM EDT,$0.42,12
20260824,MLB-TRUNS-IT5-000FPR4SI545PC8-GTE-P00005,08/21/26 08:22 PM EDT,$0.47,6
20260824,MLB-MOVY-IT5-000FPR4TI545OUG-BOOX000-GTE-P00045,08/21/26 08:22 PM EDT,$0.33,500
20260824,LPA-TGLS-FG-0004DIUEI4MQMQO-GTE-P00025,08/21/26 08:22 PM EDT,$0.01,519
20260824,MLB-TRUNS-IT5-000FPR4TI545OUG-GTE-P00075,08/21/26 08:22 PM EDT,$0.39,31
20260824,MLB-TRUNS-IT5-00069L89I4RE7OO-GTE-P00025,08/21/26 08:22 PM EDT,$0.56,50
20260824,MLB-MOVY-IT5-000FPR4SI545PC8-WALS000-GTE-P00005,08/21/26 08:22 PM EDT,$0.32,5
20260824,MLB-TRUNS-IT5-00069L89I4RE7OO-GTE-P00025,08/21/26 08:22 PM EDT,$0.54,225
20260824,MLB-PHRR-FG-000FPUUVI541HNG-JOEZ004-GTE-P00015,08/21/26 08:22 PM EDT,$0.68,14
20260824,LPA-TGLS-FG-0004DIUEI4MQMQO-GTE-P00025,08/21/26 08:23 PM EDT,$0.03,519
20260824,MLB-TRUNS-IT5-000FP271I543D0G-GTE-P00035,08/21/26 08:23 PM EDT,$0.46,285
20260824,MLB-TRUNS-IT5-000FPR4SI545PC8-GTE-P00005,08/21/26 08:23 PM EDT,$0.47,37
20260824,MLB-TRUNS-IT5-00069L89I4RE7OO-GTE-P00025,08/21/26 08:23 PM EDT,$0.50,1
20260824,LIGAMX-TGLS-FG-01O38BN3VVTN6IO-GTE-P00025,08/21/26 08:23 PM EDT,$0.58,30
20260824,MLB-TRUNS-I3-000FP271I543D0G-GTE-P00005,08/21/26 08:23 PM EDT,$0.41,163
20260824,MLB-TRUNS-I1-000FP242I543CMO-GTE-P00025,08/21/26 08:23 PM EDT,$0.33,57
20260824,MLB-TRUNS-IT5-000FP242I543CMO-GTE-P00055,08/21/26 08:24 PM EDT,$0.49,74
20260824,MLB-MOVY-IT5-00069L89I4RE7OO-NYES000-GTE-P00025,08/21/26 08:24 PM EDT,$0.52,18
20260824,KBO-TRUNS-FG-03VTIEJ14O0VQVG-GTE-P00155,08/21/26 08:24 PM EDT,$0.23,12
20260824,LIGAMX-MOVY-FG-014F36C2L88MDH0-CLCA001-GTE-P00015,08/21/26 08:24 PM EDT,$0.33,100
20260824,KBO-TRUNS-FG-03VTIEJ14O0VQVG-GTE-P00145,08/21/26 08:24 PM EDT,$0.29,6
20260824,MLB-WIN-IT5-000FP22AI543DI8-NYTS000,08/21/26 08:24 PM EDT,$0.66,19
20260824,MLB-TRUNS-IT5-000FP271I543D0G-GTE-P00035,08/21/26 08:24 PM EDT,$0.46,21
20260824,KBO-TRUNS-FG-03VTIEJ14O0VQVG-GTE-P00115,08/21/26 08:24 PM EDT,$0.47,10
20260824,MLB-TRUNS-IT5-000FPR4SI545PC8-GTE-P00005,08/21/26 08:24 PM EDT,$0.43,11
20260824,MLB-TRUNS-IT5-000FP271I543D0G-GTE-P00035,08/21/26 08:24 PM EDT,$0.46,21
20260824,LPA-TGLS-FG-0004DIUEI4MQMQO-GTE-P00005,08/21/26 08:24 PM EDT,$0.42,600
20260824,LPA-TGLS-FG-0004DIUEI4MQMQO-GTE-P00005,08/21/26 08:24 PM EDT,$0.43,1177
20260824,MLB-TRUNS-IT5-00069L89I4RE7OO-GTE-P00035,08/21/26 08:25 PM EDT,$0.52,86
20260824,MLB-TRUNS-IT5-000FP242I543CMO-GTE-P00055,08/21/26 08:25 PM EDT,$0.50,384
20260824,LIGAMX-MOVY-FG-00CBOUVGKS1OM6O-TINL001-GTE-P00015,08/21/26 08:25 PM EDT,$0.38,50
20260824,MLB-TRUNS-IT5-000FP271I543D0G-GTE-P00035,08/21/26 08:25 PM EDT,$0.44,20
20260824,MLB-TRUNS-IT5-000FPR4SI545PC8-GTE-P00005,08/21/26 08:26 PM EDT,$0.42,241
20260824,MLB-TRUNS-I4-00069L89I4RE7OO-GTE-P00005,08/21/26 08:26 PM EDT,$0.63,31
20260824,MLB-TRUNS-I4-000FPR4TI545OUG-GTE-P00005,08/21/26 08:26 PM EDT,$0.40,23
20260824,LIGAMX-MOVY-FG-03I7Q776EMAGSIG-GUAS006-GTE-P00015,08/21/26 08:26 PM EDT,$0.40,59
20260824,MLB-TRUNS-IT5-000FPR4SI545PC8-GTE-P00005,08/21/26 08:26 PM EDT,$0.97,60
20260824,MLB-MOVY-IT5-000FPR4TI545OUG-BOOX000-GTE-P00045,08/21/26 08:26 PM EDT,$0.43,488
20260824,MLB-TRUNS-IT5-000FP41SI54B2VO-GTE-P00045,08/21/26 08:27 PM EDT,$0.47,520
20260824,MLB-TRUNS-IT5-00069L89I4RE7OO-GTE-P00045,08/21/26 08:27 PM EDT,$0.33,17
20260824,MLB-TRUNS-IT5-000FPR4TI545OUG-GTE-P00035,08/21/26 08:27 PM EDT,$0.99,600
20260824,MLB-TRUNS-IT5-000FPR4TI545OUG-GTE-P00035,08/21/26 08:27 PM EDT,$0.99,600
20260824,MLB-TRUNS-IT5-000FP242I543CMO-GTE-P00065,08/21/26 08:27 PM EDT,$0.32,450
20260824,MLB-TRUNS-IT5-000FP242I543CMO-GTE-P00065,08/21/26 08:27 PM EDT,$0.32,1112
20260824,MLB-TRUNS-IT5-000FP242I543CMO-GTE-P00055,08/21/26 08:27 PM EDT,$0.43,1
20260824,MLB-TRUNS-IT5-000FP242I543CMO-GTE-P00045,08/21/26 08:27 PM EDT,$0.56,1
20260824,MLB-TRUNS-IT5-000FP242I543CMO-GTE-P00035,08/21/26 08:27 PM EDT,$0.69,1
20260824,MLB-TRUNS-IT5-000FP242I543CMO-GTE-P00045,08/21/26 08:27 PM EDT,$0.56,1
20260824,MLB-TRUNS-IT5-000FP242I543CMO-GTE-P00035,08/21/26 08:27 PM EDT,$0.69,1
20260824,MLB-TRUNS-IT5-00069L89I4RE7OO-GTE-P00025,08/21/26 08:28 PM EDT,$0.80,30
20260824,MLB-TRUNS-IT5-000FPR4TI545OUG-GTE-P00035,08/21/26 08:28 PM EDT,$0.99,600
20260824,MLB-TRUNS-IT5-000FPR4TI545OUG-GTE-P00075,08/21/26 08:28 PM EDT,$0.38,71
20260824,MLB-PHRR-FG-000FP20FI543DE8-JOWE000-GTE-P00015,08/21/26 08:28 PM EDT,$0.37,64
20260824,LIGAMX-TGLS-FG-00CA1V63KSKBE28-GTE-P00025,08/21/26 08:28 PM EDT,$0.58,147
20260824,MLB-TRUNS-IT5-000FPR4SI545PC8-GTE-P00005,08/21/26 08:28 PM EDT,$0.28,16
20260824,MLB-TRUNS-IT5-00069L89I4RE7OO-GTE-P00025,08/21/26 08:28 PM EDT,$0.80,2
20260824,MLB-TRUNS-IT5-00069L89I4RE7OO-GTE-P00025,08/21/26 08:28 PM EDT,$0.80,1
20260824,MLB-TRUNS-IT5-00069L89I4RE7OO-GTE-P00025,08/21/26 08:28 PM EDT,$0.80,1
20260824,MLB-TRUNS-IT5-00069L89I4RE7OO-GTE-P00025,08/21/26 08:28 PM EDT,$0.80,1
20260824,MLB-TRUNS-IT5-00069L89I4RE7OO-GTE-P00025,08/21/26 08:28 PM EDT,$0.80,1
20260824,MLB-TRUNS-IT5-00069L89I4RE7OO-GTE-P00025,08/21/26 08:28 PM EDT,$0.80,1
20260824,MLB-PHRR-FG-000FP20FI543DE8-JAER001-GTE-P00015,08/21/26 08:28 PM EDT,$0.46,10
20260824,MLB-TRUNS-IT5-000FPR4SI545PC8-GTE-P00005,08/21/26 08:28 PM EDT,$0.26,296
20260824,MLB-TRUNS-IT5-00069L89I4RE7OO-GTE-P00035,08/21/26 08:28 PM EDT,$0.55,6
20260824,MLB-MOVY-IT5-000FPR4SI545PC8-MINS001-GTE-P00015,08/21/26 08:28 PM EDT,$0.13,112
20260824,MLB-MOVY-IT5-000FP242I543CMO-HOOS000-GTE-P00005,08/21/26 08:28 PM EDT,$0.54,321
20260824,MLB-WIN-FG-000FPQ64I544HVO-TBYS000,08/21/26 08:29 PM EDT,$0.44,1865
20260824,MLB-MOVY-IT5-000FPR4SI545PC8-MINS001-GTE-P00015,08/21/26 08:29 PM EDT,$0.14,112
20260824,MLB-TRUNS-I5-000FPR4SI545PC8-GTE-P00005,08/21/26 08:29 PM EDT,$0.29,32
20260824,MLB-TRUNS-IT5-00069L89I4RE7OO-GTE-P00025,08/21/26 08:29 PM EDT,$0.82,486
20260824,LIGAMX-BTMSC-FG-014F36C2L88MDH0-BINARY,08/21/26 08:29 PM EDT,$0.53,20
20260824,MLB-TRUNS-IT5-000FPR4SI545PC8-GTE-P00005,08/21/26 08:29 PM EDT,$0.26,25
20260824,MLB-TRUNS-IT5-00069L89I4RE7OO-GTE-P00035,08/21/26 08:30 PM EDT,$0.56,100
20260824,MLB-TRUNS-IT5-000FPR4SI545PC8-GTE-P00005,08/21/26 08:30 PM EDT,$0.15,574
20260824,LPA-TGLS-FG-0004DIUEI4MQMQO-GTE-P00005,08/21/26 08:30 PM EDT,$0.37,256
20260824,MLB-TRUNS-IT5-000FPQ64I544HVO-GTE-P00055,08/21/26 08:31 PM EDT,$0.80,500
20260824,MLB-TRUNS-I3-000FP242I543CMO-GTE-P00005,08/21/26 08:31 PM EDT,$0.42,83
20260824,MLB-TRUNS-I3-000FP242I543CMO-GTE-P00005,08/21/26 08:31 PM EDT,$0.42,166
20260824,MLB-TRUNS-IT5-000FP22AI543DI8-GTE-P00035,08/21/26 08:31 PM EDT,$0.46,155
20260824,MLB-TRUNS-I1-000FPUUVI541HNG-GTE-P00005,08/21/26 08:31 PM EDT,$0.50,48
20260824,MLB-TRUNS-IT5-000FPUUVI541HNG-GTE-P00055,08/21/26 08:31 PM EDT,$0.49,18
20260824,MLB-TRUNS-IT5-000FP20FI543DE8-GTE-P00055,08/21/26 08:31 PM EDT,$0.25,35
20260824,MLB-TRUNS-IT5-000FP271I543D0G-GTE-P00045,08/21/26 08:31 PM EDT,$0.24,25
20260824,MLB-MOVY-IT5-000FP462I54B208-SDES000-GTE-P00005,08/21/26 08:31 PM EDT,$0.43,50
20260824,MLB-WIN-IT5-000FP22AI543DI8-CHOX000,08/21/26 08:31 PM EDT,$0.31,194
20260824,MLB-MOVY-IT5-000FPR4TI545OUG-BOOX000-GTE-P00005,08/21/26 08:31 PM EDT,$0.80,64
20260824,MLB-PHRR-FG-000FP41SI54B2VO-SHNI001-GTE-P00025,08/21/26 08:31 PM EDT,$0.47,1
20260824,MLB-TRUNS-I1-000FPUUVI541HNG-GTE-P00005,08/21/26 08:31 PM EDT,$0.58,460
20260824,MLB-WIN-IT5-000FPR4TI545OUG-SFTS000,08/21/26 08:31 PM EDT,$0.14,20
20260824,MLB-TRUNS-IT5-000FP271I543D0G-GTE-P00055,08/21/26 08:31 PM EDT,$0.16,87
20260824,MLB-TRUNS-I6-000FPR2RI545P9G-GTE-P00025,08/21/26 08:32 PM EDT,$0.46,83
20260824,MLB-TRUNS-IT5-000FPR4SI545PC8-GTE-P00005,08/21/26 08:32 PM EDT,$0.10,4
20260824,MLB-TRUNS-IT5-000FP271I543D0G-GTE-P00025,08/21/26 08:32 PM EDT,$0.52,600
20260824,MLB-TRUNS-IT5-000FP271I543D0G-GTE-P00025,08/21/26 08:32 PM EDT,$0.52,500
20260824,MLB-TRUNS-IT5-000FPQ64I544HVO-GTE-P00055,08/21/26 08:32 PM EDT,$0.65,42
20260824,MLB-TRUNS-IT5-000FPR4TI545OUG-GTE-P00095,08/21/26 08:32 PM EDT,$0.62,1
20260824,MLB-TRUNS-IT5-00069L89I4RE7OO-GTE-P00035,08/21/26 08:32 PM EDT,$0.42,96
20260824,MLB-MOVY-IT5-000FPR4TI545OUG-BOOX000-GTE-P00015,08/21/26 08:32 PM EDT,$0.40,1
20260824,MLB-TRUNS-IT5-000FPQ64I544HVO-GTE-P00055,08/21/26 08:32 PM EDT,$0.57,29
20260824,MLB-TRUNS-I5-000FPQ64I544HVO-GTE-P00015,08/21/26 08:32 PM EDT,$0.26,71
20260824,MLB-TRUNS-IT5-000FP20FI543DE8-GTE-P00005,08/21/26 08:32 PM EDT,$0.93,600
20260824,MLB-TRUNS-IT5-00069L89I4RE7OO-GTE-P00035,08/21/26 08:33 PM EDT,$0.41,9
20260824,MLB-TRUNS-IT5-000FP271I543D0G-GTE-P00025,08/21/26 08:33 PM EDT,$0.54,600
20260824,MLB-TRUNS-IT5-000FP271I543D0G-GTE-P00025,08/21/26 08:33 PM EDT,$0.54,337
20260824,MLB-TRUNS-IT5-000FPR4SI545PC8-GTE-P00005,08/21/26 08:33 PM EDT,$0.01,25
20260824,MLB-TRUNS-IT5-000FPR4TI545OUG-GTE-P00095,08/21/26 08:33 PM EDT,$0.55,336
20260824,MLB-TRUNS-IT5-00069L89I4RE7OO-GTE-P00035,08/21/26 08:33 PM EDT,$0.43,5
20260824,MLB-PHRR-FG-000FP41SI54B2VO-SHNI001-GTE-P00015,08/21/26 08:33 PM EDT,$0.62,8
20260824,MLB-TRUNS-IT5-000FPR4SI545PC8-GTE-P00005,08/21/26 08:33 PM EDT,$0.01,46
20260824,MLB-TRUNS-I3-000FP22AI543DI8-GTE-P00015,08/21/26 08:33 PM EDT,$0.12,37
20260824,MLB-TRUNS-IT5-000FPR4SI545PC8-GTE-P00025,08/21/26 08:33 PM EDT,$0.01,90
20260824,MLB-TRUNS-IT5-000FPUUVI541HNG-GTE-P00055,08/21/26 08:33 PM EDT,$0.51,660
20260824,MLB-WIN-IT5-000FPR4TI545OUG-SFTS000,08/21/26 08:34 PM EDT,$0.13,11
20260824,MLB-TRUNS-FG-000FP22AI543DI8-GTE-P00095,08/21/26 08:34 PM EDT,$0.27,1
20260824,MLB-TRUNS-IT5-000FP20FI543DE8-GTE-P00025,08/21/26 08:34 PM EDT,$0.54,520
20260824,MLB-TRUNS-IT5-000FPR4SI545PC8-GTE-P00005,08/21/26 08:34 PM EDT,$0.01,11
20260824,MLB-TRUNS-I7-000FPR4SI545PC8-GTE-P00005,08/21/26 08:34 PM EDT,$0.42,22
20260824,MLB-TRUNS-IT5-000FPR4TI545OUG-GTE-P00095,08/21/26 08:34 PM EDT,$0.62,3
20260824,MLB-TRUNS-IT5-000FPR4TI545OUG-GTE-P00095,08/21/26 08:34 PM EDT,$0.62,1
20260824,MLB-TRUNS-I3-000FP271I543D0G-GTE-P00005,08/21/26 08:35 PM EDT,$0.41,82
20260824,MLB-TRUNS-IT5-000FPR4SI545PC8-GTE-P00025,08/21/26 08:35 PM EDT,$0.01,69
20260824,MLB-TRUNS-IT5-000FPR4TI545OUG-GTE-P00095,08/21/26 08:35 PM EDT,$0.62,1
20260824,MLB-TRUNS-IT5-000FPQ64I544HVO-GTE-P00055,08/21/26 08:35 PM EDT,$0.99,46
20260824,LIGAMX-BTMSC-FG-01O38BN3VVTN6IO-BINARY,08/21/26 08:36 PM EDT,$0.62,12
20260824,LPA-TGLS-FG-0004DIUEI4MQMQO-GTE-P00005,08/21/26 08:36 PM EDT,$0.27,16
20260824,MLB-TRUNS-I7-000FPR2RI545P9G-GTE-P00025,08/21/26 08:36 PM EDT,$0.19,25
20260824,MLB-TRUNS-IT5-000FP242I543CMO-GTE-P00035,08/21/26 08:36 PM EDT,$0.45,350
20260824,MLB-MOVY-IT5-000FPR4TI545OUG-BOOX000-GTE-P00015,08/21/26 08:36 PM EDT,$0.38,463
20260824,MLB-MOVY-IT5-000FPR4TI545OUG-BOOX000-GTE-P00015,08/21/26 08:36 PM EDT,$0.38,17
20260824,MLB-TRUNS-IT5-000FP22AI543DI8-GTE-P00035,08/21/26 08:36 PM EDT,$0.40,600
20260824,MLB-TRUNS-IT5-000FP271I543D0G-GTE-P00025,08/21/26 08:37 PM EDT,$0.48,572
20260824,MLB-TRUNS-IT5-000FP22AI543DI8-GTE-P00025,08/21/26 08:37 PM EDT,$0.57,600
20260824,MLB-MOVY-IT5-000FP271I543D0G-KCLS000-GTE-P00005,08/21/26 08:37 PM EDT,$0.36,90
20260824,LIGAMX-MOVY-FG-01O38BN3VVTN6IO-MOEY004-GTE-P00005,08/21/26 08:37 PM EDT,$0.45,212
20260824,MLB-TRUNS-FG-000FP242I543CMO-GTE-P00095,08/21/26 08:37 PM EDT,$0.30,1
20260824,MLB-TRUNS-I7-000FPR2RI545P9G-GTE-P00015,08/21/26 08:37 PM EDT,$0.32,30
20260824,MLB-TRUNS-IT5-000FP242I543CMO-GTE-P00035,08/21/26 08:37 PM EDT,$0.44,253
20260824,MLB-WIN-IT5-000FPUUVI541HNG-CLNS000,08/21/26 08:37 PM EDT,$0.56,20
20260824,MLB-PHRR-FG-000FPUUVI541HNG-JOEZ004-GTE-P00025,08/21/26 08:37 PM EDT,$0.50,38
20260824,LPA-TGLS-FG-0004DIUEI4MQMQO-GTE-P00005,08/21/26 08:37 PM EDT,$0.27,10
20260824,MLB-TRUNS-IT5-00069L89I4RE7OO-GTE-P00035,08/21/26 08:37 PM EDT,$0.50,105
20260824,MLB-TRUNS-I5-000FPR4TI545OUG-GTE-P00005,08/21/26 08:37 PM EDT,$0.44,298
20260824,LIGAMX-TGLS-FG-01O38BN3VVTN6IO-GTE-P00055,08/21/26 08:38 PM EDT,$0.08,111
20260824,MLB-TRUNS-IT5-000FP22AI543DI8-GTE-P00025,08/21/26 08:38 PM EDT,$0.56,410
20260824,MLB-TRUNS-IT5-000FP404I54B3T0-GTE-P00045,08/21/26 08:38 PM EDT,$0.45,8
20260824,MLB-MOVY-IT5-000FP242I543CMO-HOOS000-GTE-P00005,08/21/26 08:38 PM EDT,$0.55,389
20260824,MLB-WIN-IT5-000FP20FI543DE8-LALS000,08/21/26 08:38 PM EDT,$0.57,450
20260824,MLB-PHRR-FG-000FPUUVI541HNG-JOEZ004-GTE-P00015,08/21/26 08:38 PM EDT,$0.68,883
20260824,MLB-WIN-IT5-000FP20FI543DE8-LALS000,08/21/26 08:38 PM EDT,$0.57,450
20260824,LPA-TGLS-FG-0004DIUEI4MQMQO-GTE-P00005,08/21/26 08:38 PM EDT,$0.26,550
20260824,MLB-PHRR-FG-000FPUUVI541HNG-JOEZ004-GTE-P00025,08/21/26 08:38 PM EDT,$0.50,577
20260824,MLB-TRUNS-IT5-000FP271I543D0G-GTE-P00025,08/21/26 08:38 PM EDT,$0.48,87
20260824,MLB-TRUNS-IT5-00069L89I4RE7OO-GTE-P00035,08/21/26 08:39 PM EDT,$0.48,82
20260824,MLB-WIN-IT5-000FPR4TI545OUG-BOOX000,08/21/26 08:39 PM EDT,$0.94,16
20260824,LPA-TGLS-FG-0004DIUEI4MQMQO-GTE-P00015,08/21/26 08:39 PM EDT,$0.03,1
20260824,MLB-TRUNS-I3-000FP242I543CMO-GTE-P00005,08/21/26 08:39 PM EDT,$0.42,10
20260824,MLB-TRUNS-IT5-00069L89I4RE7OO-GTE-P00035,08/21/26 08:39 PM EDT,$0.99,5
20260824,MLB-TRUNS-IT5-00069L89I4RE7OO-GTE-P00045,08/21/26 08:39 PM EDT,$0.43,22
20260824,LIGAMX-TGLS-FG-00CBOUVGKS1OM6O-GTE-P00025,08/21/26 08:40 PM EDT,$0.55,8
20260824,MLB-TRUNS-IT5-000FP271I543D0G-GTE-P00025,08/21/26 08:40 PM EDT,$0.45,600
20260824,MLB-TRUNS-IT5-000FP271I543D0G-GTE-P00025,08/21/26 08:40 PM EDT,$0.42,2733
20260824,MLB-TRUNS-IT5-000FP242I543CMO-GTE-P00035,08/21/26 08:40 PM EDT,$0.48,175
20260824,MLB-TRUNS-IT5-000FPR4TI545OUG-GTE-P00095,08/21/26 08:40 PM EDT,$0.61,92
20260824,MLB-TRUNS-IT5-000FP271I543D0G-GTE-P00025,08/21/26 08:40 PM EDT,$0.45,28
20260824,MLB-TRUNS-IT5-000FP271I543D0G-GTE-P00025,08/21/26 08:40 PM EDT,$0.45,20
20260824,MLB-TRUNS-IT5-000FP22AI543DI8-GTE-P00025,08/21/26 08:40 PM EDT,$0.55,451
20260824,KBO-WIN-FG-03VTIEIU4O0VRRO-LGNS000,08/21/26 08:41 PM EDT,$0.59,16
20260824,MLB-TRUNS-I7-000FPQ64I544HVO-GTE-P00005,08/21/26 08:41 PM EDT,$0.40,72
20260824,MLB-PHRR-FG-000FP404I54B3T0-PENG000-GTE-P00095,08/21/26 08:41 PM EDT,$0.04,20
20260824,MLB-PHRR-FG-000FP404I54B3T0-PENG000-GTE-P00075,08/21/26 08:41 PM EDT,$0.06,14
20260824,LIGAMX-MOVY-FG-01O38BN3VVTN6IO-CLON010-GTE-P00005,08/21/26 08:41 PM EDT,$0.30,138
20260824,MLB-TRUNS-I4-000FP22AI543DI8-GTE-P00005,08/21/26 08:41 PM EDT,$0.41,32
20260824,LIGAMX-BTMSC-FG-014F36C2L88MDH0-BINARY,08/21/26 08:41 PM EDT,$0.54,71
20260824,MLB-PHRR-FG-000FP404I54B3T0-PENG000-GTE-P00055,08/21/26 08:41 PM EDT,$0.12,7
20260824,MLB-TRUNS-IT5-000FPUUVI541HNG-GTE-P00055,08/21/26 08:41 PM EDT,$0.50,96
20260824,MLB-PHRR-FG-000FP404I54B3T0-PENG000-GTE-P00045,08/21/26 08:42 PM EDT,$0.17,11
20260824,MLB-TRUNS-I2-000FP242I543CMO-GTE-P00005,08/21/26 08:42 PM EDT,$0.32,91
20260824,MLB-WIN-IT5-000FP271I543D0G-DERS000,08/21/26 08:42 PM EDT,$0.44,108
20260824,MLB-PHRR-FG-000FP404I54B3T0-PENG000-GTE-P00035,08/21/26 08:42 PM EDT,$0.26,7
20260824,MLB-WIN-IT5-000FP271I543D0G-KCLS000,08/21/26 08:42 PM EDT,$0.59,600
20260824,LIGAMX-TGLS-FG-01O38BN3VVTN6IO-GTE-P00045,08/21/26 08:42 PM EDT,$0.18,1
20260824,MLB-TRUNS-IT5-000FPR4TI545OUG-GTE-P00095,08/21/26 08:42 PM EDT,$0.55,31
20260824,MLB-PHRR-FG-000FP404I54B3T0-PENG000-GTE-P00025,08/21/26 08:42 PM EDT,$0.40,4
20260824,LIGAMX-TGLS-FG-01O38BN3VVTN6IO-GTE-P00055,08/21/26 08:42 PM EDT,$0.08,1
20260824,MLB-MOVY-IT5-00069L89I4RE7OO-NYES000-GTE-P00025,08/21/26 08:42 PM EDT,$0.27,86
20260824,MLB-TRUNS-IT5-00069L89I4RE7OO-GTE-P00035,08/21/26 08:42 PM EDT,$0.99,36
20260824,MLB-WIN-IT5-000FP271I543D0G-KCLS000,08/21/26 08:43 PM EDT,$0.57,150
20260824,LPA-TGLS-FG-0004DIUEI4MQMQO-GTE-P00015,08/21/26 08:43 PM EDT,$0.02,576
20260824,MLB-TRUNS-IT5-00069L89I4RE7OO-GTE-P00035,08/21/26 08:43 PM EDT,$0.99,21
20260824,MLB-TRUNS-IT5-000FPR4TI545OUG-GTE-P00105,08/21/26 08:43 PM EDT,$0.46,35
20260824,MLB-WIN-IT5-000FP242I543CMO-HOOS000,08/21/26 08:43 PM EDT,$0.70,450
20260824,MLB-WIN-IT5-000FP242I543CMO-HOOS000,08/21/26 08:43 PM EDT,$0.70,450
20260824,MLB-WIN-IT5-000FP242I543CMO-HOOS000,08/21/26 08:43 PM EDT,$0.70,450
20260824,MLB-WIN-IT5-000FP404I54B3T0-SERS000,08/21/26 08:43 PM EDT,$0.51,64
20260824,MLB-TRUNS-IT5-000FP22AI543DI8-GTE-P00025,08/21/26 08:43 PM EDT,$0.48,101
20260824,LIGAMX-MOVY-FG-00CBOUVGKS1OM6O-TINL001-GTE-P00015,08/21/26 08:44 PM EDT,$0.38,75
20260824,LPA-TGLS-FG-0004DIUEI4MQMQO-GTE-P00005,08/21/26 08:44 PM EDT,$0.17,5
20260824,MLB-WIN-IT5-000FP20FI543DE8-TERS000,08/21/26 08:44 PM EDT,$0.62,12
20260824,MLB-TRUNS-I3-000FP271I543D0G-GTE-P00005,08/21/26 08:44 PM EDT,$0.34,14
20260824,MLB-WIN-IT5-000FP20FI543DE8-TERS000,08/21/26 08:44 PM EDT,$0.59,12
20260824,MLB-PHRR-FG-000FPR4TI545OUG-JAAN001-GTE-P00025,08/21/26 08:44 PM EDT,$0.29,71
20260824,MLB-TRUNS-IT5-000FP20FI543DE8-GTE-P00025,08/21/26 08:44 PM EDT,$0.47,18
20260824,LIGAMX-MOVY-FG-014F36C2L88MDH0-CLCA001-GTE-P00015,08/21/26 08:44 PM EDT,$0.33,28
20260824,MLB-WIN-IT5-000FPR4TI545OUG-SFTS000,08/21/26 08:44 PM EDT,$0.14,16
20260824,MLB-MOVY-IT5-000FPR4TI545OUG-BOOX000-GTE-P00015,08/21/26 08:44 PM EDT,$0.23,481
20260824,MLB-MOVY-IT5-000FP20FI543DE8-TERS000-GTE-P00005,08/21/26 08:44 PM EDT,$0.51,86
20260824,MLB-MOVY-IT5-000FP22AI543DI8-NYTS000-GTE-P00015,08/21/26 08:44 PM EDT,$0.29,1
20260824,MLB-TRUNS-IT5-000FPR4TI545OUG-GTE-P00095,08/21/26 08:45 PM EDT,$0.43,5
20260824,MLB-WIN-IT5-000FP242I543CMO-HOOS000,08/21/26 08:45 PM EDT,$0.56,43
20260824,MLB-TRUNS-I4-000FP242I543CMO-GTE-P00005,08/21/26 08:45 PM EDT,$0.40,7
20260824,MLB-MOVY-IT5-000FP20FI543DE8-TERS000-GTE-P00005,08/21/26 08:45 PM EDT,$0.43,67
20260824,LIGAMX-TGLS-FG-014F36C2L88MDH0-GTE-P00055,08/21/26 08:45 PM EDT,$0.06,285
20260824,MLB-TRUNS-IT5-000FP22AI543DI8-GTE-P00025,08/21/26 08:45 PM EDT,$0.46,27
20260824,MLB-MOVY-IT5-000FP271I543D0G-KCLS000-GTE-P00005,08/21/26 08:45 PM EDT,$0.40,8
20260824,MLB-MOVY-IT5-000FPUUVI541HNG-CLNS000-GTE-P00015,08/21/26 08:45 PM EDT,$0.38,1
20260824,MLB-MOVY-IT5-000FPUUVI541HNG-CLNS000-GTE-P00015,08/21/26 08:45 PM EDT,$0.38,2
20260824,MLB-MOVY-IT5-000FPR4TI545OUG-BOOX000-GTE-P00015,08/21/26 08:45 PM EDT,$0.23,51
20260824,MLB-TRUNS-I1-000FPUUVI541HNG-GTE-P00015,08/21/26 08:45 PM EDT,$0.38,4
20260824,MLB-MOVY-IT5-000FPUUVI541HNG-CLNS000-GTE-P00015,08/21/26 08:45 PM EDT,$0.38,1
20260824,MLB-MOVY-IT5-000FPUUVI541HNG-CLNS000-GTE-P00005,08/21/26 08:45 PM EDT,$0.50,153
20260824,MLB-MOVY-IT5-000FPUUVI541HNG-CLNS000-GTE-P00015,08/21/26 08:45 PM EDT,$0.38,1
20260824,MLB-MOVY-IT5-000FPUUVI541HNG-CLNS000-GTE-P00015,08/21/26 08:45 PM EDT,$0.38,2
20260824,MLB-PHRR-FG-000FP20FI543DE8-COER000-GTE-P00015,08/21/26 08:45 PM EDT,$0.41,46
20260824,MLB-TRUNS-IT5-000FP22AI543DI8-GTE-P00025,08/21/26 08:46 PM EDT,$0.45,38
20260824,MLB-WIN-IT5-000FP271I543D0G-DERS000,08/21/26 08:46 PM EDT,$0.47,102
20260824,MLB-TRUNS-FG-000FPR4TI545OUG-GTE-P00105,08/21/26 08:46 PM EDT,$0.87,100
20260824,MLB-TRUNS-IT5-00069L89I4RE7OO-GTE-P00045,08/21/26 08:46 PM EDT,$0.41,22
20260824,MLB-TRUNS-IT5-000FPUUVI541HNG-GTE-P00045,08/21/26 08:46 PM EDT,$0.55,35
20260824,MLB-TRUNS-IT5-00069L89I4RE7OO-GTE-P00045,08/21/26 08:46 PM EDT,$0.41,116
20260824,MLB-TRUNS-IT5-000FP271I543D0G-GTE-P00015,08/21/26 08:47 PM EDT,$0.59,600
20260824,MLB-WIN-IT5-000FP242I543CMO-HOOS000,08/21/26 08:47 PM EDT,$0.56,16
20260824,MLB-TRUNS-IT5-000FP271I543D0G-GTE-P00015,08/21/26 08:47 PM EDT,$0.59,600
20260824,MLB-TRUNS-IT5-00069L89I4RE7OO-GTE-P00035,08/21/26 08:47 PM EDT,$0.99,8
20260824,MLB-TRUNS-IT5-000FP271I543D0G-GTE-P00015,08/21/26 08:47 PM EDT,$0.59,600
20260824,MLB-TRUNS-I3-000FP20FI543DE8-GTE-P00005,08/21/26 08:47 PM EDT,$0.47,10
20260824,MLB-TRUNS-IT5-000FP271I543D0G-GTE-P00015,08/21/26 08:47 PM EDT,$0.58,513
20260824,LIGAMX-MOVY-FG-014F36C2L88MDH0-JUEZ068-GTE-P00025,08/21/26 08:47 PM EDT,$0.02,600
20260824,MLB-PHRR-FG-000FP41SI54B2VO-ANES000-GTE-P00015,08/21/26 08:47 PM EDT,$0.56,8
20260824,MLB-TRUNS-I6-000FP22AI543DI8-GTE-P00005,08/21/26 08:47 PM EDT,$0.40,161
20260824,MLB-TRUNS-IT5-000FP271I543D0G-GTE-P00015,08/21/26 08:47 PM EDT,$0.55,1
20260824,MLB-TRUNS-I2-000FPUUVI541HNG-GTE-P00005,08/21/26 08:47 PM EDT,$0.58,298
20260824,MLB-TRUNS-IT5-00069L89I4RE7OO-GTE-P00045,08/21/26 08:47 PM EDT,$0.41,116
20260824,LIGAMX-TGLS-FG-01O38BN3VVTN6IO-GTE-P00015,08/21/26 08:47 PM EDT,$0.79,43
20260824,MLB-TRUNS-IT5-00069L89I4RE7OO-GTE-P00045,08/21/26 08:47 PM EDT,$0.41,48
20260824,MLB-TRUNS-I7-000FPR4SI545PC8-GTE-P00005,08/21/26 08:48 PM EDT,$0.41,16
20260824,MLB-TRUNS-I7-000FPR4SI545PC8-GTE-P00005,08/21/26 08:48 PM EDT,$0.41,32
20260824,MLB-WIN-IT5-000FP242I543CMO-HOOS000,08/21/26 08:48 PM EDT,$0.58,450
20260824,MLB-WIN-IT5-000FPR4TI545OUG-BOOX000,08/21/26 08:48 PM EDT,$0.97,333
20260824,LIGAMX-BTMSC-FG-00CBOUVGKS1OM6O-BINARY,08/21/26 08:48 PM EDT,$0.54,12
20260824,MLB-TRUNS-I4-000FP271I543D0G-GTE-P00005,08/21/26 08:48 PM EDT,$0.41,82
20260824,LIGAMX-TGLS-FG-01O38BN3VVTN6IO-GTE-P00025,08/21/26 08:48 PM EDT,$0.58,41
20260824,LIGAMX-MOVY-FG-014F36C2L88MDH0-JUEZ068-GTE-P00025,08/21/26 08:48 PM EDT,$0.02,600
20260824,LIGAMX-TGLS-FG-00CBOUVGKS1OM6O-GTE-P00025,08/21/26 08:49 PM EDT,$0.57,42
20260824,LIGAMX-MOVY-FG-014F36C2L88MDH0-JUEZ068-GTE-P00025,08/21/26 08:49 PM EDT,$0.02,600
20260824,LIGAMX-MOVY-FG-014F36C2L88MDH0-JUEZ068-GTE-P00025,08/21/26 08:49 PM EDT,$0.02,600
20260824,MLB-WIN-IT5-000FP271I543D0G-DERS000,08/21/26 08:49 PM EDT,$0.42,2
20260824,LIGAMX-TGLS-FG-01O38BN3VVTN6IO-GTE-P00035,08/21/26 08:49 PM EDT,$0.35,231
20260824,MLB-WIN-IT5-000FP242I543CMO-HOOS000,08/21/26 08:50 PM EDT,$0.62,181
20260824,MLB-WIN-IT5-000FP242I543CMO-HOOS000,08/21/26 08:50 PM EDT,$0.62,600
20260824,LIGAMX-TGLS-FG-01O38BN3VVTN6IO-GTE-P00005,08/21/26 08:50 PM EDT,$0.95,515
20260824,MLB-MOVY-IT5-000FP242I543CMO-ATCS000-GTE-P00015,08/21/26 08:50 PM EDT,$0.18,3
20260824,LIGAMX-BTMSC-FG-014F36C2L88MDH0-BINARY,08/21/26 08:50 PM EDT,$0.53,1
20260824,MLB-TRUNS-IT5-000FP271I543D0G-GTE-P00015,08/21/26 08:51 PM EDT,$0.46,535
20260824,MLB-MOVY-IT5-000FPUUVI541HNG-CLNS000-GTE-P00015,08/21/26 08:51 PM EDT,$0.25,4
20260824,MLB-MOVY-IT5-000FPUUVI541HNG-CLNS000-GTE-P00015,08/21/26 08:51 PM EDT,$0.25,1
20260824,MLB-TRUNS-I3-000FP242I543CMO-GTE-P00005,08/21/26 08:51 PM EDT,$0.41,11
20260824,LIGAMX-TGLS-FG-01O38BN3VVTN6IO-GTE-P00035,08/21/26 08:51 PM EDT,$0.34,161
20260824,MLB-MOVY-IT5-000FPUUVI541HNG-CLNS000-GTE-P00015,08/21/26 08:51 PM EDT,$0.26,6
20260824,MLB-TRUNS-IT5-000FP271I543D0G-GTE-P00015,08/21/26 08:51 PM EDT,$0.43,2
20260824,MLB-WIN-IT5-000FPUUVI541HNG-COES000,08/21/26 08:51 PM EDT,$0.58,250
20260824,MLB-TRUNS-I4-000FP271I543D0G-GTE-P00005,08/21/26 08:52 PM EDT,$0.41,18
20260824,MLB-TRUNS-IT5-000FP22AI543DI8-GTE-P00025,08/21/26 08:52 PM EDT,$0.63,1
20260824,MLB-TRUNS-IT5-000FP22AI543DI8-GTE-P00035,08/21/26 08:52 PM EDT,$0.48,50
20260824,MLB-WIN-IT5-000FP20FI543DE8-TERS000,08/21/26 08:53 PM EDT,$0.54,17
20260824,MLB-MOVY-IT5-000FPR4TI545OUG-BOOX000-GTE-P00025,08/21/26 08:53 PM EDT,$0.06,1
20260824,MLB-PHRR-FG-000FPUUOI541HG8-COLL001-GTE-P00015,08/21/26 08:53 PM EDT,$0.58,83
20260824,MLB-TRUNS-I6-000FP41SI54B2VO-GTE-P00005,08/21/26 08:53 PM EDT,$0.47,57
20260824,MLB-WIN-IT5-000FP271I543D0G-DERS000,08/21/26 08:53 PM EDT,$0.52,18
20260824,MLB-MOVY-IT5-000FPR4TI545OUG-BOOX000-GTE-P00015,08/21/26 08:53 PM EDT,$0.08,51
20260824,MLB-MOVY-IT5-000FPUUVI541HNG-COES000-GTE-P00005,08/21/26 08:53 PM EDT,$0.47,18
20260824,MLB-WIN-IT5-000FP271I543D0G-KCLS000,08/21/26 08:54 PM EDT,$0.48,192
20260824,MLB-TRUNS-IT5-00069L89I4RE7OO-GTE-P00065,08/21/26 08:54 PM EDT,$0.13,1
20260824,MLB-TRUNS-I5-00069L89I4RE7OO-GTE-P00015,08/21/26 08:54 PM EDT,$0.44,54
20260824,MLB-MOVY-IT5-000FPR4TI545OUG-BOOX000-GTE-P00015,08/21/26 08:54 PM EDT,$0.07,105
20260824,LIGAMX-TGLS-FG-01O38BN3VVTN6IO-GTE-P00025,08/21/26 08:54 PM EDT,$0.58,600
20260824,LIGAMX-TGLS-FG-01O38BN3VVTN6IO-GTE-P00025,08/21/26 08:54 PM EDT,$0.58,233
20260824,MLB-TRUNS-IT5-000FP20FI543DE8-GTE-P00015,08/21/26 08:55 PM EDT,$0.54,31
20260824,MLB-TRUNS-IT5-000FP20FI543DE8-GTE-P00015,08/21/26 08:55 PM EDT,$0.55,22
20260824,MLB-MOVY-IT5-000FP22AI543DI8-NYTS000-GTE-P00015,08/21/26 08:55 PM EDT,$0.77,1
20260824,MLB-MOVY-IT5-000FP22AI543DI8-NYTS000-GTE-P00015,08/21/26 08:55 PM EDT,$0.77,2
20260824,MLB-MOVY-IT5-000FP22AI543DI8-NYTS000-GTE-P00015,08/21/26 08:55 PM EDT,$0.77,1
20260824,NWSL-DWIN-FG-000FPQ0FI544HD8-UTSW003,08/21/26 08:55 PM EDT,$0.26,39
20260824,MLB-TRUNS-IT5-000FP271I543D0G-GTE-P00005,08/21/26 08:55 PM EDT,$0.58,7
20260824,MLB-WIN-IT5-000FP271I543D0G-KCLS000,08/21/26 08:56 PM EDT,$0.58,450
20260824,MLB-WIN-IT5-000FP271I543D0G-DERS000,08/21/26 08:56 PM EDT,$0.37,42
20260824,LIGAMX-TGLS-FG-00CBOUVGKS1OM6O-GTE-P00035,08/21/26 08:56 PM EDT,$0.35,28
20260824,MLB-TRUNS-I4-000FP20FI543DE8-GTE-P00005,08/21/26 08:56 PM EDT,$0.39,24
20260824,MLB-TRUNS-IT5-000FP271I543D0G-GTE-P00035,08/21/26 08:56 PM EDT,$0.12,1
20260824,MLB-TRUNS-IT5-000FP271I543D0G-GTE-P00035,08/21/26 08:56 PM EDT,$0.12,2
20260824,MLB-TRUNS-IT5-000FP271I543D0G-GTE-P00005,08/21/26 08:56 PM EDT,$0.58,47
20260824,MLB-WIN-IT5-000FP462I54B208-SDES000,08/21/26 08:56 PM EDT,$0.52,11
20260824,LIGAMX-MOVY-FG-01O38BN3VVTN6IO-MOEY004-GTE-P00005,08/21/26 08:57 PM EDT,$0.44,43
20260824,LIGAMX-BTMSC-FG-01O38BN3VVTN6IO-BINARY,08/21/26 08:57 PM EDT,$0.62,39
20260824,MLB-TRUNS-IT5-000FP271I543D0G-GTE-P00005,08/21/26 08:57 PM EDT,$0.58,22
20260824,MLB-MOVY-IT5-000FPR4TI545OUG-BOOX000-GTE-P00015,08/21/26 08:57 PM EDT,$0.01,463
20260824,MLB-MOVY-IT5-000FP22AI543DI8-NYTS000-GTE-P00025,08/21/26 08:57 PM EDT,$0.63,36
20260824,LIGAMX-BTMSC-FG-01O38BN3VVTN6IO-BINARY,08/21/26 08:57 PM EDT,$0.62,158
20260824,LIGAMX-BTMSC-FG-01O38BN3VVTN6IO-BINARY,08/21/26 08:57 PM EDT,$0.62,12
20260824,LIGAMX-BTMSC-FG-01O38BN3VVTN6IO-BINARY,08/21/26 08:58 PM EDT,$0.64,2865
20260824,MLB-TRUNS-IT5-00069L89I4RE7OO-GTE-P00045,08/21/26 08:58 PM EDT,$0.14,600
20260824,MLB-TRUNS-I5-00069L89I4RE7OO-GTE-P00015,08/21/26 08:58 PM EDT,$0.19,500
20260824,MLB-TRUNS-IT5-000FP22AI543DI8-GTE-P00035,08/21/26 08:58 PM EDT,$0.59,465
20260824,MLB-TRUNS-IT5-00069L89I4RE7OO-GTE-P00045,08/21/26 08:58 PM EDT,$0.14,600
20260824,LIGAMX-MOVY-FG-01O38BN3VVTN6IO-CLON010-GTE-P00025,08/21/26 08:58 PM EDT,$0.03,30
20260824,MLB-TRUNS-IT5-00069L89I4RE7OO-GTE-P00045,08/21/26 08:58 PM EDT,$0.14,600
20260824,MLB-TRUNS-IT5-00069L89I4RE7OO-GTE-P00045,08/21/26 08:58 PM EDT,$0.16,215
20260824,LIGAMX-BTMSC-FG-014F36C2L88MDH0-BINARY,08/21/26 08:58 PM EDT,$0.54,35
20260824,MLB-WIN-IT5-000FPUUVI541HNG-CLNS000,08/21/26 08:58 PM EDT,$0.45,450
20260824,LIGAMX-TGLS-FG-014F36C2L88MDH0-GTE-P00005,08/21/26 08:59 PM EDT,$0.95,600
20260824,LIGAMX-TGLS-FG-014F36C2L88MDH0-GTE-P00005,08/21/26 08:59 PM EDT,$0.95,1978
20260824,MLB-MOVY-IT5-000FPR4TI545OUG-BOOX000-GTE-P00015,08/21/26 08:59 PM EDT,$0.01,17
20260824,MLB-TRUNS-IT5-000FP22AI543DI8-GTE-P00055,08/21/26 08:59 PM EDT,$0.15,97
20260824,MLB-TRUNS-IT5-000FP22AI543DI8-GTE-P00045,08/21/26 08:59 PM EDT,$0.29,2
20260824,MLB-TRUNS-IT5-000FP22AI543DI8-GTE-P00035,08/21/26 08:59 PM EDT,$0.52,32
20260824,MLB-WIN-IT5-000FP20FI543DE8-LALS000,08/21/26 08:59 PM EDT,$0.34,450
20260824,MLB-WIN-IT5-000FP20FI543DE8-LALS000,08/21/26 09:00 PM EDT,$0.34,450
20260824,MLB-WIN-IT5-000FPUUVI541HNG-CLNS000,08/21/26 09:00 PM EDT,$0.36,51
20260824,MLB-TRUNS-IT5-00069L89I4RE7OO-GTE-P00035,08/21/26 09:00 PM EDT,$0.99,82
20260824,LIGAMX-BTMSC-FG-00CBOUVGKS1OM6O-BINARY,08/21/26 09:00 PM EDT,$0.56,171
20260824,MLB-TRUNS-I4-000FP242I543CMO-GTE-P00005,08/21/26 09:00 PM EDT,$0.40,32
20260824,MLB-MOVY-IT5-000FP242I543CMO-HOOS000-GTE-P00005,08/21/26 09:00 PM EDT,$0.40,96
20260824,NWSL-DWIN-FG-000FPQ0FI544HD8-SACW009,08/21/26 09:00 PM EDT,$0.49,3
20260824,MLB-TRUNS-IT5-000FP242I543CMO-GTE-P00025,08/21/26 09:00 PM EDT,$0.51,58
20260824,MLB-TRUNS-IT5-00069L89I4RE7OO-GTE-P00035,08/21/26 09:00 PM EDT,$0.99,50
20260824,MLB-PHRR-FG-000FPUUOI541HG8-NODO001-GTE-P00025,08/21/26 09:01 PM EDT,$0.37,10
20260824,MLB-MOVY-IT5-000FP462I54B208-SDES000-GTE-P00005,08/21/26 09:01 PM EDT,$0.43,1694
20260824,LIGAMX-TGLS-FG-01O38BN3VVTN6IO-GTE-P00005,08/21/26 09:01 PM EDT,$0.94,214
20260824,MLB-WIN-IT5-000FP462I54B208-MINS000,08/21/26 09:01 PM EDT,$0.49,600
20260824,MLB-WIN-IT5-000FP462I54B208-SDES000,08/21/26 09:01 PM EDT,$0.52,22
20260824,MLB-WIN-IT5-000FP462I54B208-MINS000,08/21/26 09:01 PM EDT,$0.49,382
20260824,MLB-TRUNS-IT5-000FP22AI543DI8-GTE-P00045,08/21/26 09:03 PM EDT,$0.42,7
20260824,MLB-WIN-IT5-000FP271I543D0G-DERS000,08/21/26 09:03 PM EDT,$0.42,4
20260824,MLB-TRUNS-I4-000FP20FI543DE8-GTE-P00005,08/21/26 09:03 PM EDT,$0.41,7
20260824,MLB-WIN-IT5-000FP271I543D0G-DERS000,08/21/26 09:03 PM EDT,$0.41,108
20260824,MLB-WIN-IT5-000FP242I543CMO-HOOS000,08/21/26 09:03 PM EDT,$0.64,600
20260824,MLB-WIN-IT5-000FP242I543CMO-HOOS000,08/21/26 09:04 PM EDT,$0.64,1
20260824,MLB-WIN-IT5-000FP242I543CMO-HOOS000,08/21/26 09:04 PM EDT,$0.64,46
20260824,MLB-PHRR-FG-000FP462I54B208-FEJR000-GTE-P00045,08/21/26 09:04 PM EDT,$0.16,88
20260824,MLB-WIN-IT5-000FPUUVI541HNG-CLNS000,08/21/26 09:04 PM EDT,$0.39,307
20260824,MLB-TRUNS-I5-000FP22AI543DI8-GTE-P00015,08/21/26 09:04 PM EDT,$0.24,48
20260824,MLB-TRUNS-IT5-000FP20FI543DE8-GTE-P00015,08/21/26 09:04 PM EDT,$0.40,1
20260824,MLB-TRUNS-I1-000FP41SI54B2VO-GTE-P00005,08/21/26 09:04 PM EDT,$0.43,16
20260824,MLB-PHRR-FG-000FP22AI543DI8-CAGE001-GTE-P00055,08/21/26 09:04 PM EDT,$0.11,38
20260824,MLB-TRUNS-FG-000FPR4TI545OUG-GTE-P00115,08/21/26 09:04 PM EDT,$0.49,100
20260824,MLB-TRUNS-I3-000FP242I543CMO-GTE-P00005,08/21/26 09:04 PM EDT,$0.28,136
20260824,MLB-TRUNS-I3-000FP242I543CMO-GTE-P00005,08/21/26 09:04 PM EDT,$0.20,243
20260824,MLB-WIN-IT5-000FP22AI543DI8-NYTS000,08/21/26 09:04 PM EDT,$0.92,48
20260824,MLB-TRUNS-I3-000FP242I543CMO-GTE-P00005,08/21/26 09:04 PM EDT,$0.28,66
20260824,MLB-MOVY-IT5-000FPUUVI541HNG-CLNS000-GTE-P00015,08/21/26 09:04 PM EDT,$0.21,1
20260824,MLB-MOVY-IT5-000FP22AI543DI8-NYTS000-GTE-P00015,08/21/26 09:05 PM EDT,$0.73,1
20260824,MLB-TRUNS-IT5-000FP22AI543DI8-GTE-P00035,08/21/26 09:05 PM EDT,$0.56,120
20260824,MLB-MOVY-IT5-000FP404I54B3T0-SERS000-GTE-P00005,08/21/26 09:05 PM EDT,$0.41,1229
20260824,MLB-WIN-IT5-000FP242I543CMO-ATCS000,08/21/26 09:05 PM EDT,$0.34,450
20260824,MLB-TRUNS-I4-000FP20FI543DE8-GTE-P00005,08/21/26 09:05 PM EDT,$0.48,20
20260824,MLB-TRUNS-I4-000FP20FI543DE8-GTE-P00005,08/21/26 09:05 PM EDT,$0.40,98
20260824,MLB-MOVY-IT5-000FP22AI543DI8-NYTS000-GTE-P00015,08/21/26 09:05 PM EDT,$0.77,5
20260824,MLB-TRUNS-IT5-000FP20FI543DE8-GTE-P00015,08/21/26 09:05 PM EDT,$0.40,33
20260824,MLB-MOVY-IT5-000FP22AI543DI8-NYTS000-GTE-P00015,08/21/26 09:06 PM EDT,$0.77,4
20260824,MLB-PHRR-FG-000FPUUVI541HNG-NAWE000-GTE-P00015,08/21/26 09:06 PM EDT,$0.49,205
20260824,MLB-TRUNS-I4-000FP22AI543DI8-GTE-P00025,08/21/26 09:06 PM EDT,$0.21,86
20260824,MLB-TRUNS-IT5-000FP20FI543DE8-GTE-P00015,08/21/26 09:06 PM EDT,$0.40,16
20260824,MLB-WIN-IT5-000FP242I543CMO-ATCS000,08/21/26 09:06 PM EDT,$0.29,450
20260824,MLB-WIN-IT5-000FP242I543CMO-ATCS000,08/21/26 09:06 PM EDT,$0.29,450
20260824,MLB-WIN-IT5-000FP242I543CMO-ATCS000,08/21/26 09:06 PM EDT,$0.29,450
20260824,MLB-WIN-IT5-000FP242I543CMO-ATCS000,08/21/26 09:06 PM EDT,$0.29,450
20260824,MLB-WIN-IT5-000FP242I543CMO-ATCS000,08/21/26 09:06 PM EDT,$0.29,450
20260824,LIGAMX-TGLS-FG-01O38BN3VVTN6IO-GTE-P00025,08/21/26 09:06 PM EDT,$0.54,20
20260824,MLB-MOVY-IT5-000FP20FI543DE8-TERS000-GTE-P00005,08/21/26 09:07 PM EDT,$0.37,67
20260824,MLB-MOVY-IT5-000FPUUVI541HNG-CLNS000-GTE-P00015,08/21/26 09:07 PM EDT,$0.19,1
20260824,MLB-MOVY-IT5-000FPUUVI541HNG-CLNS000-GTE-P00015,08/21/26 09:07 PM EDT,$0.19,1
20260824,MLB-MOVY-IT5-000FPUUVI541HNG-CLNS000-GTE-P00015,08/21/26 09:07 PM EDT,$0.19,1
20260824,MLB-MOVY-IT5-000FPUUVI541HNG-CLNS000-GTE-P00015,08/21/26 09:07 PM EDT,$0.19,1
20260824,NWSL-DWIN-FG-000FPQ0FI544HD8-SACW009,08/21/26 09:07 PM EDT,$0.49,49
20260824,MLB-PHRR-FG-000FP462I54B208-KONS000-GTE-P00015,08/21/26 09:07 PM EDT,$0.49,205
20260824,MLB-PHRR-FG-000FP462I54B208-BYON000-GTE-P00015,08/21/26 09:07 PM EDT,$0.57,245
20260824,MLB-PHRR-FG-000FP462I54B208-FEJR000-GTE-P00015,08/21/26 09:07 PM EDT,$0.57,245
20260824,MLB-PHRR-FG-000FP41SI54B2VO-SHNI001-GTE-P00015,08/21/26 09:07 PM EDT,$0.62,278
20260824,MLB-TRUNS-IT5-000FP242I543CMO-GTE-P00015,08/21/26 09:08 PM EDT,$0.51,296
20260824,LIGAMX-MOVY-FG-01O38BN3VVTN6IO-MOEY004-GTE-P00015,08/21/26 09:08 PM EDT,$0.23,48
20260824,MLB-WIN-IT5-000FP462I54B208-SDES000,08/21/26 09:08 PM EDT,$0.51,47
20260824,MLB-PHRR-FG-000FP404I54B3T0-ALAN000-GTE-P00015,08/21/26 09:08 PM EDT,$0.50,1
20260824,MLB-PHRR-FG-000FP271I543D0G-MARK000-GTE-P00005,08/21/26 09:09 PM EDT,$0.46,12
20260824,MLB-TRUNS-I6-000FPR4TI545OUG-GTE-P00005,08/21/26 09:09 PM EDT,$0.33,60
20260824,MLB-TRUNS-I1-000FP404I54B3T0-GTE-P00005,08/21/26 09:09 PM EDT,$0.42,11
20260824,LIGAMX-BTMSC-FG-01O38BN3VVTN6IO-BINARY,08/21/26 09:09 PM EDT,$0.58,8
20260824,MLB-TRUNS-IT5-000FP22AI543DI8-GTE-P00035,08/21/26 09:09 PM EDT,$0.39,500
20260824,LIGAMX-BTMSC-FG-01O38BN3VVTN6IO-BINARY,08/21/26 09:09 PM EDT,$0.58,14
20260824,MLB-WIN-IT5-000FP271I543D0G-DERS000,08/21/26 09:10 PM EDT,$0.45,32
20260824,MLB-TRUNS-IT5-000FP242I543CMO-GTE-P00015,08/21/26 09:10 PM EDT,$0.49,8
20260824,MLB-PHRR-FG-000FP462I54B208-JALL000-GTE-P00035,08/21/26 09:10 PM EDT,$0.23,60
20260824,MLB-TRUNS-I4-000FP242I543CMO-GTE-P00005,08/21/26 09:10 PM EDT,$0.48,20
20260824,MLB-TRUNS-I4-000FP242I543CMO-GTE-P00005,08/21/26 09:10 PM EDT,$0.48,100
20260824,MLB-TRUNS-I3-000FPUUVI541HNG-GTE-P00005,08/21/26 09:10 PM EDT,$0.49,54
20260824,MLB-PHRR-FG-000FP462I54B208-MADO001-GTE-P00035,08/21/26 09:10 PM EDT,$0.25,66
20260824,MLB-TRUNS-I3-000FPUUVI541HNG-GTE-P00005,08/21/26 09:11 PM EDT,$0.57,84
20260824,MLB-PHRR-FG-000FP41SI54B2VO-SHNI001-GTE-P00015,08/21/26 09:11 PM EDT,$0.62,3
20260824,MLB-TRUNS-IT5-000FP242I543CMO-GTE-P00015,08/21/26 09:11 PM EDT,$0.45,31
20260824,MLB-WIN-IT5-000FPUUOI541HG8-ARKS000,08/21/26 09:12 PM EDT,$0.55,24
20260824,MLB-TRUNS-IT5-000FP20FI543DE8-GTE-P00005,08/21/26 09:12 PM EDT,$0.60,115
20260824,MLB-WIN-IT5-000FP20FI543DE8-LALS000,08/21/26 09:13 PM EDT,$0.40,64
20260824,MLB-TRUNS-IT5-000FP22AI543DI8-GTE-P00045,08/21/26 09:13 PM EDT,$0.25,14
20260824,MLB-TRUNS-IT5-000FPUUVI541HNG-GTE-P00065,08/21/26 09:13 PM EDT,$0.23,30
20260824,MLB-TRUNS-IT5-000FPUUVI541HNG-GTE-P00065,08/21/26 09:13 PM EDT,$0.23,40
20260824,MLB-TRUNS-IT5-000FPUUVI541HNG-GTE-P00065,08/21/26 09:13 PM EDT,$0.23,80
20260824,LIGAMX-TGLS-FG-00CBOUVGKS1OM6O-GTE-P00005,08/21/26 09:13 PM EDT,$0.93,87
20260824,LIGAMX-TGLS-FG-01O38BN3VVTN6IO-GTE-P00025,08/21/26 09:13 PM EDT,$0.58,20
20260824,MLB-TRUNS-IT5-000FPUUVI541HNG-GTE-P00065,08/21/26 09:13 PM EDT,$0.20,5
20260824,MLB-TRUNS-IT5-000FP20FI543DE8-GTE-P00005,08/21/26 09:13 PM EDT,$0.54,114
20260824,MLB-TRUNS-IT5-000FP20FI543DE8-GTE-P00005,08/21/26 09:14 PM EDT,$0.54,41
20260824,LIGAMX-TGLS-FG-00CBOUVGKS1OM6O-GTE-P00055,08/21/26 09:15 PM EDT,$0.03,102
20260824,MLB-MOVY-IT5-000FP22AI543DI8-NYTS000-GTE-P00025,08/21/26 09:15 PM EDT,$0.89,550
20260824,MLB-MOVY-IT5-000FP22AI543DI8-NYTS000-GTE-P00025,08/21/26 09:15 PM EDT,$0.90,109
20260824,MLB-TRUNS-I4-000FP242I543CMO-GTE-P00005,08/21/26 09:15 PM EDT,$0.31,30
20260824,MLB-TRUNS-IT5-000FP22AI543DI8-GTE-P00045,08/21/26 09:15 PM EDT,$0.26,42
20260824,LIGAMX-TGLS-FG-01O38BN3VVTN6IO-GTE-P00055,08/21/26 09:15 PM EDT,$0.03,102
20260824,MLB-MOVY-IT5-000FP22AI543DI8-NYTS000-GTE-P00025,08/21/26 09:15 PM EDT,$0.88,659
20260824,MLB-TRUNS-IT5-000FP20FI543DE8-GTE-P00035,08/21/26 09:15 PM EDT,$0.09,40
20260824,MLB-TRUNS-IT5-000FP242I543CMO-GTE-P00015,08/21/26 09:15 PM EDT,$0.38,15
20260824,MLB-PHRR-FG-000FP22AI543DI8-MIAS003-GTE-P00015,08/21/26 09:15 PM EDT,$0.48,200
20260824,LIGAMX-BTMSC-FG-00CBOUVGKS1OM6O-BINARY,08/21/26 09:15 PM EDT,$0.53,9
20260824,MLB-MOVY-IT5-000FP22AI543DI8-NYTS000-GTE-P00025,08/21/26 09:16 PM EDT,$0.89,609
20260824,LIGAMX-BTMSC-FG-00CBOUVGKS1OM6O-BINARY,08/21/26 09:16 PM EDT,$0.51,9
20260824,KBO-WIN-FG-03VTIEN84O0VQS8-KIRS000,08/21/26 09:16 PM EDT,$0.61,52
20260824,KBO-WIN-FG-03VTIEJV4O0VR6O-DORS000,08/21/26 09:17 PM EDT,$0.59,54
20260824,LIGAMX-MOVY-FG-00CBOUVGKS1OM6O-ATFC010-GTE-P00015,08/21/26 09:17 PM EDT,$0.04,10
20260824,NWSL-DWIN-FG-000FPQ0FI544HD8-UTSW003,08/21/26 09:17 PM EDT,$0.27,17
20260824,MLB-MOVY-IT5-000FPUUVI541HNG-CLNS000-GTE-P00015,08/21/26 09:17 PM EDT,$0.28,1
20260824,MLB-MOVY-IT5-000FPUUVI541HNG-CLNS000-GTE-P00015,08/21/26 09:17 PM EDT,$0.28,1
20260824,MLB-TRUNS-I5-000FP242I543CMO-GTE-P00005,08/21/26 09:17 PM EDT,$0.46,56
20260824,MLB-MOVY-IT5-000FPUUVI541HNG-CLNS000-GTE-P00015,08/21/26 09:18 PM EDT,$0.29,1
20260824,MLB-TRUNS-IT5-000FP20FI543DE8-GTE-P00005,08/21/26 09:18 PM EDT,$0.52,20
20260824,LIGAMX-BTMSC-FG-01O38BN3VVTN6IO-BINARY,08/21/26 09:18 PM EDT,$0.54,81
20260824,MLB-TRUNS-I8-000FPR4TI545OUG-GTE-P00005,08/21/26 09:18 PM EDT,$0.38,57
20260824,LIGAMX-BTMSC-FG-00CBOUVGKS1OM6O-BINARY,08/21/26 09:19 PM EDT,$0.52,17
20260824,LIGAMX-BTMSC-FG-00CBOUVGKS1OM6O-BINARY,08/21/26 09:19 PM EDT,$0.51,40
20260824,LIGAMX-BTMSC-FG-00CBOUVGKS1OM6O-BINARY,08/21/26 09:19 PM EDT,$0.51,40
20260824,MLB-MOVY-IT5-000FP404I54B3T0-SERS000-GTE-P00005,08/21/26 09:19 PM EDT,$0.44,1229
20260824,LIGAMX-BTMSC-FG-00CBOUVGKS1OM6O-BINARY,08/21/26 09:20 PM EDT,$0.52,17
20260824,LIGAMX-BTMSC-FG-00CBOUVGKS1OM6O-BINARY,08/21/26 09:20 PM EDT,$0.51,200
20260824,LIGAMX-BTMSC-FG-00CBOUVGKS1OM6O-BINARY,08/21/26 09:20 PM EDT,$0.51,192
20260824,LIGAMX-BTMSC-FG-00CBOUVGKS1OM6O-BINARY,08/21/26 09:20 PM EDT,$0.51,17
20260824,LIGAMX-BTMSC-FG-00CBOUVGKS1OM6O-BINARY,08/21/26 09:20 PM EDT,$0.51,17
20260824,MLB-PHRR-FG-000FPUUOI541HG8-GANO000-GTE-P00015,08/21/26 09:20 PM EDT,$0.61,271
20260824,MLB-TRUNS-I8-000FPR4SI545PC8-GTE-P00005,08/21/26 09:20 PM EDT,$0.38,15
20260824,MLB-TRUNS-I9-000FPR4SI545PC8-GTE-P00005,08/21/26 09:20 PM EDT,$0.38,15
20260824,MLB-TRUNS-I8-000FPR2RI545P9G-GTE-P00015,08/21/26 09:20 PM EDT,$0.26,35
20260824,MLB-WIN-IT5-000FP404I54B3T0-CHBS000,08/21/26 09:20 PM EDT,$0.49,1301
20260824,MLB-MOVY-IT5-000FP242I543CMO-HOOS000-GTE-P00005,08/21/26 09:21 PM EDT,$0.82,80
20260824,LIGAMX-TGLS-FG-01O38BN3VVTN6IO-GTE-P00045,08/21/26 09:21 PM EDT,$0.08,1063
20260824,MLB-TRUNS-I8-000FPR4SI545PC8-GTE-P00005,08/21/26 09:21 PM EDT,$0.34,91
20260824,MLB-TRUNS-IT5-000FP242I543CMO-GTE-P00025,08/21/26 09:21 PM EDT,$0.51,19
20260824,MLB-MOVY-IT5-000FP242I543CMO-HOOS000-GTE-P00015,08/21/26 09:21 PM EDT,$0.63,206
20260824,MLB-PHRR-FG-000FP20FI543DE8-MIUT000-GTE-P00005,08/21/26 09:21 PM EDT,$0.48,20
20260824,LIGAMX-BTMSC-FG-01O38BN3VVTN6IO-BINARY,08/21/26 09:22 PM EDT,$0.53,12
20260824,MLB-TRUNS-I6-000FP271I543D0G-GTE-P00005,08/21/26 09:22 PM EDT,$0.47,7
20260824,MLB-TRUNS-IT5-000FP20FI543DE8-GTE-P00005,08/21/26 09:22 PM EDT,$0.39,82
20260824,MLB-WIN-IT5-000FP20FI543DE8-TERS000,08/21/26 09:22 PM EDT,$0.54,357
20260824,MLB-TRUNS-IT5-000FP242I543CMO-GTE-P00025,08/21/26 09:23 PM EDT,$0.42,125
20260824,MLB-TRUNS-I7-000FPR4TI545OUG-GTE-P00005,08/21/26 09:23 PM EDT,$0.40,11
20260824,MLB-PHRR-FG-000FPUUOI541HG8-ELUZ001-GTE-P00015,08/21/26 09:23 PM EDT,$0.56,3
20260824,LIGAMX-TGLS-FG-01O38BN3VVTN6IO-GTE-P00015,08/21/26 09:23 PM EDT,$0.68,58
20260824,MLB-TRUNS-IT5-000FP242I543CMO-GTE-P00025,08/21/26 09:23 PM EDT,$0.40,58
20260824,LIGAMX-TGLS-FG-01O38BN3VVTN6IO-GTE-P00005,08/21/26 09:23 PM EDT,$0.90,181
20260824,MLB-PHRR-FG-000FP41SI54B2VO-TEEZ000-GTE-P00015,08/21/26 09:24 PM EDT,$0.47,6
20260824,MLB-TRUNS-I1-000FP404I54B3T0-GTE-P00005,08/21/26 09:24 PM EDT,$0.42,21
20260824,MLB-TRUNS-I1-000FP41SI54B2VO-GTE-P00005,08/21/26 09:24 PM EDT,$0.43,84
20260824,MLB-TRUNS-IT5-000FP20FI543DE8-GTE-P00005,08/21/26 09:24 PM EDT,$0.39,36
20260824,MLB-TRUNS-IT5-000FPUUVI541HNG-GTE-P00035,08/21/26 09:26 PM EDT,$0.56,108
20260824,LIGAMX-TGLS-FG-01O38BN3VVTN6IO-GTE-P00015,08/21/26 09:26 PM EDT,$0.90,11
20260824,MLB-WIN-IT5-000FPUUVI541HNG-CLNS000,08/21/26 09:26 PM EDT,$0.53,51
20260824,MLB-TRUNS-IT5-000FP242I543CMO-GTE-P00015,08/21/26 09:26 PM EDT,$0.45,26
20260824,MLB-TRUNS-IT5-000FP242I543CMO-GTE-P00015,08/21/26 09:27 PM EDT,$0.45,424
20260824,MLB-PHRR-FG-000FP462I54B208-FEJR000-GTE-P00015,08/21/26 09:27 PM EDT,$0.57,169
20260824,MLB-TRUNS-I6-000FP20FI543DE8-GTE-P00005,08/21/26 09:27 PM EDT,$0.34,110
20260824,MLB-TRUNS-I5-000FP271I543D0G-GTE-P00015,08/21/26 09:28 PM EDT,$0.47,51
20260824,MLB-TRUNS-IT5-000FP271I543D0G-GTE-P00025,08/21/26 09:28 PM EDT,$0.39,4000
20260824,MLB-TRUNS-I6-000FP20FI543DE8-GTE-P00005,08/21/26 09:28 PM EDT,$0.34,11
20260824,MLB-TRUNS-IT5-000FP20FI543DE8-GTE-P00005,08/21/26 09:29 PM EDT,$0.31,114
20260824,MLB-TRUNS-IT5-000FP271I543D0G-GTE-P00025,08/21/26 09:29 PM EDT,$0.56,2
20260824,LIGAMX-TGLS-FG-01O38BN3VVTN6IO-GTE-P00025,08/21/26 09:29 PM EDT,$0.65,13
20260824,LIGAMX-TGLS-FG-01O38BN3VVTN6IO-GTE-P00015,08/21/26 09:29 PM EDT,$0.91,26
20260824,MLB-TRUNS-IT5-000FP271I543D0G-GTE-P00025,08/21/26 09:29 PM EDT,$0.62,1000
20260824,MLB-TRUNS-IT5-000FP271I543D0G-GTE-P00025,08/21/26 09:29 PM EDT,$0.62,398
20260824,MLB-MOVY-IT5-000FPUUVI541HNG-CLNS000-GTE-P00015,08/21/26 09:29 PM EDT,$0.24,1
20260824,MLB-MOVY-IT5-000FPUUVI541HNG-CLNS000-GTE-P00015,08/21/26 09:29 PM EDT,$0.24,1
20260824,MLB-MOVY-IT5-000FPUUVI541HNG-CLNS000-GTE-P00015,08/21/26 09:29 PM EDT,$0.24,1
20260824,MLB-PHRR-FG-000FP404I54B3T0-PENG000-GTE-P00005,08/21/26 09:29 PM EDT,$0.75,12
20260824,MLB-PHRR-FG-000FP404I54B3T0-ALAN000-GTE-P00005,08/21/26 09:29 PM EDT,$0.72,13
20260824,LIGAMX-TGLS-FG-00CBOUVGKS1OM6O-GTE-P00005,08/21/26 09:29 PM EDT,$0.90,50
20260824,MLB-TRUNS-IT5-000FP271I543D0G-GTE-P00025,08/21/26 09:30 PM EDT,$0.63,87
20260824,MLB-PHRR-FG-000FP41SI54B2VO-FRAN000-GTE-P00015,08/21/26 09:30 PM EDT,$0.58,33
20260824,LIGAMX-TGLS-FG-00CBOUVGKS1OM6O-GTE-P00005,08/21/26 09:30 PM EDT,$0.88,38
20260824,MLB-PHRR-FG-000FP41SI54B2VO-TEEZ000-GTE-P00015,08/21/26 09:30 PM EDT,$0.47,32
20260824,MLB-PHRR-FG-000FP404I54B3T0-PENG000-GTE-P00035,08/21/26 09:31 PM EDT,$0.26,17
20260824,MLB-TRUNS-IT5-000FP271I543D0G-GTE-P00025,08/21/26 09:32 PM EDT,$0.43,65
20260824,LIGAMX-BTMSC-FG-00CBOUVGKS1OM6O-BINARY,08/21/26 09:32 PM EDT,$0.51,18
20260824,KBO-WIN-FG-03VTIEJV4O0VR6O-LOTS001,08/21/26 09:32 PM EDT,$0.42,11
20260824,MLB-TRUNS-I1-000FP462I54B208-GTE-P00015,08/21/26 09:32 PM EDT,$0.31,151
20260824,MLB-MOVY-IT5-000FP41SI54B2VO-LARS000-GTE-P00015,08/21/26 09:32 PM EDT,$0.44,56
20260824,MLB-WIN-IT5-000FPUUOI541HG8-ARKS000,08/21/26 09:32 PM EDT,$0.57,254
20260824,MLB-PHRR-FG-000FP404I54B3T0-SEKI000-GTE-P00025,08/21/26 09:32 PM EDT,$0.34,15
20260824,MLB-PHRR-FG-000FPUUOI541HG8-ELUZ001-GTE-P00025,08/21/26 09:32 PM EDT,$0.38,3
20260824,KBO-WIN-FG-03VTIEIU4O0VRRO-LGNS000,08/21/26 09:33 PM EDT,$0.59,16
20260824,MLB-PHRR-FG-000FP462I54B208-BYON000-GTE-P00015,08/21/26 09:33 PM EDT,$0.57,4
20260824,MLB-PHRR-FG-000FP462I54B208-FEJR000-GTE-P00015,08/21/26 09:33 PM EDT,$0.57,4
20260824,MLB-MOVY-IT5-000FPUUVI541HNG-CLNS000-GTE-P00005,08/21/26 09:33 PM EDT,$0.54,2
20260824,MLB-TRUNS-IT5-000FPUUVI541HNG-GTE-P00045,08/21/26 09:33 PM EDT,$0.56,38
20260824,MLB-WIN-IT5-000FP462I54B208-SDES000,08/21/26 09:34 PM EDT,$0.52,37
20260824,NPB-WIN-FG-03VT6SD94OII6V8-HARS001,08/21/26 09:34 PM EDT,$0.45,10
20260824,MLB-WIN-IT5-000FP404I54B3T0-CHBS000,08/21/26 09:34 PM EDT,$0.49,98
20260824,MLB-WIN-IT5-000FPUUOI541HG8-ARKS000,08/21/26 09:34 PM EDT,$0.57,305
20260824,MLB-PHRR-FG-00069L89I4RE7OO-JEEZ000-GTE-P00015,08/21/26 09:34 PM EDT,$0.22,416
20260824,MLB-PHRR-FG-000FPUUOI541HG8-TIWA000-GTE-P00025,08/21/26 09:34 PM EDT,$0.34,55
20260824,MLB-TRUNS-I9-000FPR4SI545PC8-GTE-P00005,08/21/26 09:34 PM EDT,$0.40,11
20260824,MLB-WIN-FG-000FP22AI543DI8-CHOX000,08/21/26 09:35 PM EDT,$0.28,2000
20260824,MLB-TRUNS-I2-000FPUUOI541HG8-GTE-P00005,08/21/26 09:35 PM EDT,$0.40,109
20260824,MLB-MOVY-IT5-000FP41SI54B2VO-LARS000-GTE-P00015,08/21/26 09:35 PM EDT,$0.44,8
20260824,LIGAMX-TGLS-FG-01O38BN3VVTN6IO-GTE-P00025,08/21/26 09:35 PM EDT,$0.62,3
20260824,MLB-TRUNS-IT5-000FP404I54B3T0-GTE-P00045,08/21/26 09:36 PM EDT,$0.45,350
20260824,MLB-TRUNS-I2-000FP41SI54B2VO-GTE-P00015,08/21/26 09:36 PM EDT,$0.26,35
20260824,MLB-TRUNS-IT5-000FP462I54B208-GTE-P00045,08/21/26 09:37 PM EDT,$0.52,31
20260824,MLB-PHRR-FG-000FP462I54B208-FEJR000-GTE-P00015,08/21/26 09:38 PM EDT,$0.57,676
20260824,MLB-PHRR-FG-000FP462I54B208-FEJR000-GTE-P00025,08/21/26 09:38 PM EDT,$0.39,24
20260824,MLB-PHRR-FG-000FP462I54B208-BYON000-GTE-P00015,08/21/26 09:38 PM EDT,$0.57,676
20260824,MLB-TRUNS-IT5-000FPUUOI541HG8-GTE-P00045,08/21/26 09:39 PM EDT,$0.47,223
20260824,MLB-WIN-IT5-000FP41SI54B2VO-PIES000,08/21/26 09:39 PM EDT,$0.33,2857
20260824,LIGAMX-MOVY-FG-00CBOUVGKS1OM6O-TINL001-GTE-P00015,08/21/26 09:39 PM EDT,$0.37,3
20260824,MLB-TRUNS-IT5-000FPUUOI541HG8-GTE-P00045,08/21/26 09:39 PM EDT,$0.46,178
20260824,MLB-PHRR-FG-000FP462I54B208-MADO001-GTE-P00015,08/21/26 09:39 PM EDT,$0.54,8
20260824,MLB-TRUNS-I3-000FP404I54B3T0-GTE-P00005,08/21/26 09:39 PM EDT,$0.49,9
20260824,MLB-TRUNS-I3-000FP404I54B3T0-GTE-P00005,08/21/26 09:40 PM EDT,$0.49,7
20260824,MLB-TRUNS-I6-000FP242I543CMO-GTE-P00005,08/21/26 09:40 PM EDT,$0.43,33
20260824,MLB-TRUNS-I1-000FPUUOI541HG8-GTE-P00005,08/21/26 09:40 PM EDT,$0.44,51
20260824,MLB-PHRR-FG-000FP41SI54B2VO-SHNI001-GTE-P00035,08/21/26 09:40 PM EDT,$0.33,8
20260824,MLB-WIN-IT5-000FP462I54B208-SDES000,08/21/26 09:40 PM EDT,$0.52,55
20260824,MLB-TRUNS-IT5-000FP20FI543DE8-GTE-P00005,08/21/26 09:41 PM EDT,$0.61,277
20260824,MLB-TRUNS-I6-000FP20FI543DE8-GTE-P00005,08/21/26 09:41 PM EDT,$0.37,30
20260824,MLB-TRUNS-IT5-000FP20FI543DE8-GTE-P00015,08/21/26 09:41 PM EDT,$0.37,33
20260824,LIGAMX-BTMSC-FG-00CBOUVGKS1OM6O-BINARY,08/21/26 09:41 PM EDT,$0.26,86
20260824,LIGAMX-TGLS-FG-00CBOUVGKS1OM6O-GTE-P00045,08/21/26 09:41 PM EDT,$0.04,8
20260824,LIGAMX-TGLS-FG-00CBOUVGKS1OM6O-GTE-P00015,08/21/26 09:41 PM EDT,$0.63,61
20260824,MLB-PHRR-FG-000FP41SI54B2VO-MAAD000-GTE-P00015,08/21/26 09:41 PM EDT,$0.51,289
20260824,MLB-TRUNS-IT5-000FP462I54B208-GTE-P00045,08/21/26 09:41 PM EDT,$0.52,30
20260824,MLB-WIN-IT5-000FP462I54B208-SDES000,08/21/26 09:41 PM EDT,$0.54,4000
20260824,MLB-WIN-IT5-000FP462I54B208-SDES000,08/21/26 09:41 PM EDT,$0.59,65
20260824,MLB-TRUNS-IT5-000FP20FI543DE8-GTE-P00015,08/21/26 09:42 PM EDT,$0.44,20
20260824,MLB-TRUNS-IT5-000FP41SI54B2VO-GTE-P00045,08/21/26 09:42 PM EDT,$0.48,35
20260824,MLB-WIN-IT5-000FP462I54B208-SDES000,08/21/26 09:42 PM EDT,$0.57,500
20260824,MLB-MOVY-IT5-000FPUUOI541HG8-ARKS000-GTE-P00005,08/21/26 09:42 PM EDT,$0.52,36
20260824,MLB-MOVY-IT5-000FP462I54B208-MINS000-GTE-P00015,08/21/26 09:42 PM EDT,$0.29,2
20260824,MLB-MOVY-IT5-000FP462I54B208-MINS000-GTE-P00015,08/21/26 09:42 PM EDT,$0.29,1
20260824,MLB-TRUNS-IT5-000FPUUOI541HG8-GTE-P00055,08/21/26 09:42 PM EDT,$0.33,746
20260824,MLB-TRUNS-IT5-000FPUUOI541HG8-GTE-P00055,08/21/26 09:43 PM EDT,$0.33,2
20260824,LIGAMX-BTMSC-FG-00CBOUVGKS1OM6O-BINARY,08/21/26 09:43 PM EDT,$0.26,44
20260824,LIGAMX-BTMSC-FG-01O38BN3VVTN6IO-BINARY,08/21/26 09:43 PM EDT,$0.69,15
20260824,MLB-MOVY-IT5-000FPUUOI541HG8-ARKS000-GTE-P00005,08/21/26 09:43 PM EDT,$0.55,438
20260824,MLB-TRUNS-FG-000FP271I543D0G-GTE-P00045,08/21/26 09:43 PM EDT,$0.55,100
20260824,LIGAMX-TGLS-FG-00CBOUVGKS1OM6O-GTE-P00025,08/21/26 09:43 PM EDT,$0.33,42
20260824,MLB-TRUNS-I2-000FPUUOI541HG8-GTE-P00005,08/21/26 09:44 PM EDT,$0.40,196
20260824,LIGAMX-MOVY-FG-00CBOUVGKS1OM6O-TINL001-GTE-P00015,08/21/26 09:44 PM EDT,$0.44,225
20260824,MLB-TRUNS-I3-000FP404I54B3T0-GTE-P00005,08/21/26 09:44 PM EDT,$0.41,16
20260824,MLB-MOVY-IT5-000FPUUOI541HG8-ARKS000-GTE-P00005,08/21/26 09:44 PM EDT,$0.59,163
20260824,MLB-TRUNS-I7-000FP242I543CMO-GTE-P00005,08/21/26 09:44 PM EDT,$0.40,56
20260824,MLB-MOVY-IT5-000FP462I54B208-SDES000-GTE-P00005,08/21/26 09:45 PM EDT,$0.45,500
20260824,LIGAMX-BTMSC-FG-01O38BN3VVTN6IO-BINARY,08/21/26 09:45 PM EDT,$0.70,27
20260824,LIGAMX-TGLS-FG-00CBOUVGKS1OM6O-GTE-P00015,08/21/26 09:45 PM EDT,$0.60,73
20260824,MLB-WIN-IT5-000FP462I54B208-MINS000,08/21/26 09:45 PM EDT,$0.42,488
20260824,MLB-TRUNS-IT5-000FPUUVI541HNG-GTE-P00055,08/21/26 09:46 PM EDT,$0.42,217
20260824,MLB-TRUNS-IT5-000FPUUVI541HNG-GTE-P00055,08/21/26 09:46 PM EDT,$0.40,57
20260824,MLB-TRUNS-IT5-000FPUUVI541HNG-GTE-P00055,08/21/26 09:46 PM EDT,$0.38,45
20260824,LIGAMX-TGLS-FG-00CBOUVGKS1OM6O-GTE-P00025,08/21/26 09:46 PM EDT,$0.30,40
20260824,MLB-TRUNS-I8-00069L89I4RE7OO-GTE-P00005,08/21/26 09:46 PM EDT,$0.31,45
20260824,LIGAMX-TGLS-FG-00CBOUVGKS1OM6O-GTE-P00025,08/21/26 09:47 PM EDT,$0.29,73
20260824,MLB-TRUNS-I2-000FPUUOI541HG8-GTE-P00005,08/21/26 09:47 PM EDT,$0.39,46
20260824,MLB-TRUNS-FG-000FPR2RI545P9G-GTE-P00115,08/21/26 09:47 PM EDT,$0.80,10
20260824,MLB-TRUNS-FG-000FPR2RI545P9G-GTE-P00115,08/21/26 09:47 PM EDT,$0.80,90
20260824,MLB-TRUNS-FG-000FPR2RI545P9G-GTE-P00115,08/21/26 09:47 PM EDT,$0.80,160
20260824,MLB-TRUNS-FG-000FPR2RI545P9G-GTE-P00115,08/21/26 09:47 PM EDT,$0.80,6
20260824,MLB-TRUNS-FG-000FPR2RI545P9G-GTE-P00115,08/21/26 09:47 PM EDT,$0.80,160
20260824,MLB-TRUNS-FG-000FPR2RI545P9G-GTE-P00115,08/21/26 09:47 PM EDT,$0.80,75
20260824,MLB-TRUNS-FG-000FPR2RI545P9G-GTE-P00115,08/21/26 09:47 PM EDT,$0.80,74
20260824,MLB-TRUNS-FG-000FPR2RI545P9G-GTE-P00115,08/21/26 09:47 PM EDT,$0.80,52
20260824,MLB-TRUNS-FG-000FPR2RI545P9G-GTE-P00125,08/21/26 09:47 PM EDT,$0.80,10
20260824,MLB-TRUNS-FG-000FPR2RI545P9G-GTE-P00125,08/21/26 09:47 PM EDT,$0.80,90
20260824,MLB-TRUNS-FG-000FPR2RI545P9G-GTE-P00125,08/21/26 09:47 PM EDT,$0.80,150
20260824,MLB-TRUNS-FG-000FPR2RI545P9G-GTE-P00115,08/21/26 09:47 PM EDT,$0.80,830
20260824,MLB-TRUNS-FG-000FPR2RI545P9G-GTE-P00115,08/21/26 09:47 PM EDT,$0.80,41
20260824,MLB-TRUNS-FG-000FPR2RI545P9G-GTE-P00115,08/21/26 09:47 PM EDT,$0.80,10
20260824,MLB-TRUNS-FG-000FPR2RI545P9G-GTE-P00115,08/21/26 09:47 PM EDT,$0.80,1
20260824,MLB-TRUNS-FG-000FPR2RI545P9G-GTE-P00115,08/21/26 09:47 PM EDT,$0.80,75
20260824,MLB-WIN-IT5-000FP462I54B208-SDES000,08/21/26 09:48 PM EDT,$0.55,43
20260824,MLB-TRUNS-FG-000FPR2RI545P9G-GTE-P00125,08/21/26 09:48 PM EDT,$0.83,1
20260824,MLB-WIN-FG-000FPR2RI545P9G-PHES000,08/21/26 09:48 PM EDT,$0.66,7
20260824,MLB-TRUNS-FG-000FPR2RI545P9G-GTE-P00115,08/21/26 09:48 PM EDT,$0.82,1
20260824,MLB-WIN-IT5-000FP462I54B208-SDES000,08/21/26 09:48 PM EDT,$0.57,193
20260824,MLB-WIN-IT5-000FP462I54B208-MINS000,08/21/26 09:48 PM EDT,$0.47,163
20260824,MLB-TRUNS-IT5-000FPUUVI541HNG-GTE-P00045,08/21/26 09:49 PM EDT,$0.52,41
20260824,MLB-WIN-IT5-000FP41SI54B2VO-PIES000,08/21/26 09:49 PM EDT,$0.32,294
20260824,LIGAMX-TGLS-FG-01O38BN3VVTN6IO-GTE-P00025,08/21/26 09:50 PM EDT,$0.48,92
20260824,MLB-WIN-FG-000FPR2RI545P9G-PHES000,08/21/26 09:50 PM EDT,$0.95,2000
20260824,LIGAMX-TGLS-FG-01O38BN3VVTN6IO-GTE-P00035,08/21/26 09:50 PM EDT,$0.20,573
20260824,MLB-TRUNS-IT5-000FP242I543CMO-GTE-P00035,08/21/26 09:50 PM EDT,$0.22,416
20260824,MLB-WIN-IT5-000FPUUOI541HG8-CIDS000,08/21/26 09:51 PM EDT,$0.34,277
20260824,MLB-PHRR-FG-000FP41SI54B2VO-FRAN000-GTE-P00025,08/21/26 09:51 PM EDT,$0.41,7
20260824,MLB-MOVY-IT5-000FPUUOI541HG8-ARKS000-GTE-P00005,08/21/26 09:51 PM EDT,$0.55,425
20260824,MLB-TRUNS-IT5-000FPUUVI541HNG-GTE-P00045,08/21/26 09:51 PM EDT,$0.44,400
20260824,LIGAMX-TGLS-FG-014F36C2L88MDH0-GTE-P00045,08/21/26 09:51 PM EDT,$0.17,60
20260824,MLB-TRUNS-I3-000FP462I54B208-GTE-P00005,08/21/26 09:52 PM EDT,$0.44,344
20260824,MLB-PHRR-FG-000FP41SI54B2VO-SHNI001-GTE-P00025,08/21/26 09:52 PM EDT,$0.48,6
20260824,MLB-PHRR-FG-000FP462I54B208-FEJR000-GTE-P00045,08/21/26 09:52 PM EDT,$0.12,14
20260824,MLB-TRUNS-IT5-000FPUUVI541HNG-GTE-P00055,08/21/26 09:52 PM EDT,$0.46,147
20260824,MLB-PHRR-FG-000FP41SI54B2VO-SHNI001-GTE-P00025,08/21/26 09:52 PM EDT,$0.40,4
20260824,MLB-PHRR-FG-000FP41SI54B2VO-SHNI001-GTE-P00005,08/21/26 09:52 PM EDT,$0.81,12
20260824,MLB-PHRR-FG-000FP41SI54B2VO-MAAD000-GTE-P00015,08/21/26 09:53 PM EDT,$0.51,25
20260824,MLB-TRUNS-I6-000FP20FI543DE8-GTE-P00005,08/21/26 09:53 PM EDT,$0.24,19
20260824,MLB-PHRR-FG-000FP41SI54B2VO-SHNI001-GTE-P00025,08/21/26 09:53 PM EDT,$0.48,25
20260824,MLB-TRUNS-IT5-000FPUUVI541HNG-GTE-P00045,08/21/26 09:53 PM EDT,$0.83,400
20260824,MLB-MOVY-IT5-000FPUUVI541HNG-CLNS000-GTE-P00025,08/21/26 09:53 PM EDT,$0.61,42
20260824,MLB-WIN-IT5-000FP41SI54B2VO-LARS000,08/21/26 09:54 PM EDT,$0.70,4861
20260824,NWSL-DWIN-FG-000FPQ0FI544HD8-UTSW003,08/21/26 09:54 PM EDT,$0.30,62
20260824,MLB-MOVY-IT5-000FPUUVI541HNG-CLNS000-GTE-P00025,08/21/26 09:54 PM EDT,$0.54,260
20260824,MLB-TRUNS-I8-000FP20FI543DE8-GTE-P00005,08/21/26 09:55 PM EDT,$0.43,61
20260824,LIGAMX-TGLS-FG-00CBOUVGKS1OM6O-GTE-P00025,08/21/26 09:55 PM EDT,$0.21,97
20260824,MLB-MOVY-IT5-000FP41SI54B2VO-LARS000-GTE-P00015,08/21/26 09:55 PM EDT,$0.44,434
20260824,MLB-TRUNS-IT5-000FPUUOI541HG8-GTE-P00045,08/21/26 09:55 PM EDT,$0.51,98
20260824,LIGAMX-BTMSC-FG-01O38BN3VVTN6IO-BINARY,08/21/26 09:56 PM EDT,$0.64,263
20260824,LIGAMX-TGLS-FG-00CBOUVGKS1OM6O-GTE-P00025,08/21/26 09:56 PM EDT,$0.21,14
20260824,LIGAMX-TGLS-FG-01O38BN3VVTN6IO-GTE-P00035,08/21/26 09:56 PM EDT,$0.19,12
20260824,MLB-TRUNS-IT5-000FPUUVI541HNG-GTE-P00055,08/21/26 09:56 PM EDT,$0.56,434
20260824,LIGAMX-BTMSC-FG-00CBOUVGKS1OM6O-BINARY,08/21/26 09:56 PM EDT,$0.18,5
20260824,MLB-TRUNS-IT5-000FPUUVI541HNG-GTE-P00055,08/21/26 09:56 PM EDT,$0.56,216
20260824,MLB-TRUNS-IT5-000FPUUVI541HNG-GTE-P00055,08/21/26 09:56 PM EDT,$0.56,1
20260824,MLB-TRUNS-IT5-000FPUUVI541HNG-GTE-P00055,08/21/26 09:56 PM EDT,$0.56,217
20260824,MLB-TRUNS-IT5-000FPUUVI541HNG-GTE-P00045,08/21/26 09:56 PM EDT,$0.93,38
20260824,MLB-TRUNS-I2-000FPUUOI541HG8-GTE-P00005,08/21/26 09:57 PM EDT,$0.40,40
20260824,LIGAMX-TGLS-FG-01O38BN3VVTN6IO-GTE-P00025,08/21/26 09:58 PM EDT,$0.54,53
20260824,LIGAMX-TGLS-FG-00CBOUVGKS1OM6O-GTE-P00025,08/21/26 09:58 PM EDT,$0.25,222
20260824,MLB-TRUNS-IT5-000FPUUVI541HNG-GTE-P00055,08/21/26 09:58 PM EDT,$0.49,26
20260824,LIGAMX-BTMSC-FG-01O38BN3VVTN6IO-BINARY,08/21/26 09:58 PM EDT,$0.66,214
20260824,MLB-TRUNS-IT5-000FPUUVI541HNG-GTE-P00055,08/21/26 09:59 PM EDT,$0.50,9
20260824,LIGAMX-TGLS-FG-00CBOUVGKS1OM6O-GTE-P00015,08/21/26 09:59 PM EDT,$0.52,55
20260824,MLB-TRUNS-I3-000FP462I54B208-GTE-P00005,08/21/26 09:59 PM EDT,$0.41,9
20260824,LIGAMX-TGLS-FG-00CBOUVGKS1OM6O-GTE-P00005,08/21/26 09:59 PM EDT,$0.84,2354
20260824,LIGAMX-TGLS-FG-014F36C2L88MDH0-GTE-P00025,08/21/26 09:59 PM EDT,$0.54,53
20260824,MLB-TRUNS-IT5-000FPUUVI541HNG-GTE-P00055,08/21/26 09:59 PM EDT,$0.27,106
20260824,MLB-PHRR-FG-000FP462I54B208-FEJR000-GTE-P00085,08/21/26 09:59 PM EDT,$0.04,10
20260824,MLB-TRUNS-IT5-000FPUUVI541HNG-GTE-P00055,08/21/26 09:59 PM EDT,$0.27,6
20260824,MLB-WIN-IT5-000FP462I54B208-MINS000,08/21/26 09:59 PM EDT,$0.12,76
20260824,MLB-TRUNS-IT5-000FP462I54B208-GTE-P00055,08/21/26 10:00 PM EDT,$0.44,344
20260824,MLB-TRUNS-I7-000FP242I543CMO-GTE-P00005,08/21/26 10:00 PM EDT,$0.42,7
20260824,MLB-PHRR-FG-000FP462I54B208-FEJR000-GTE-P00015,08/21/26 10:00 PM EDT,$0.46,10
20260824,MLB-TRUNS-IT5-000FPUUVI541HNG-GTE-P00045,08/21/26 10:00 PM EDT,$0.99,41
20260824,NASCAR-WIN-RCE-00GM207BRJKDADF52I8U9EU806L4S6GO02U0KQ6FHUPMKC809CVJL96JPKH0-CHTT005,08/21/26 10:00 PM EDT,$0.04,40
20260824,LIGAMX-TGLS-FG-00CBOUVGKS1OM6O-GTE-P00015,08/21/26 10:00 PM EDT,$0.50,1
20260824,MLB-TRUNS-IT5-000FP462I54B208-GTE-P00055,08/21/26 10:00 PM EDT,$0.43,33
20260824,MLB-TRUNS-I8-000FP20FI543DE8-GTE-P00005,08/21/26 10:00 PM EDT,$0.42,16
20260824,NASCAR-WIN-RCE-00GM207BRJKDADF52I8U9EU806L4S6GO02U0KQ6FHUPMKC809CVJL96JPKH0-CAAR002,08/21/26 10:00 PM EDT,$0.05,33
20260824,MLB-WIN-IT5-000FPUUOI541HG8-CIDS000,08/21/26 10:00 PM EDT,$0.25,174
20260824,MLB-MOVY-IT5-000FP41SI54B2VO-LARS000-GTE-P00015,08/21/26 10:00 PM EDT,$0.43,28
20260824,MLB-PHRR-FG-000FP404I54B3T0-SEKI000-GTE-P00015,08/21/26 10:00 PM EDT,$0.50,19
20260824,MLB-MOVY-IT5-000FPUUOI541HG8-ARKS000-GTE-P00015,08/21/26 10:00 PM EDT,$0.45,8
20260824,MLB-WIN-IT5-000FP404I54B3T0-CHBS000,08/21/26 10:01 PM EDT,$0.49,19
20260824,MLB-TRUNS-I5-000FP41SI54B2VO-GTE-P00025,08/21/26 10:01 PM EDT,$0.18,34
20260824,NASCAR-WIN-RCE-00GM207BRJKDADF52I8U9EU806L4S6GO02U0KQ6FHUPMKC809CVJL96JPKH0-DEIN002,08/21/26 10:01 PM EDT,$0.13,71
20260824,LIGAMX-TGLS-FG-01O38BN3VVTN6IO-GTE-P00025,08/21/26 10:01 PM EDT,$0.51,107
20260824,MLB-TRUNS-IT5-000FPUUVI541HNG-GTE-P00055,08/21/26 10:01 PM EDT,$0.31,7
20260824,LIGAMX-TGLS-FG-01O38BN3VVTN6IO-GTE-P00025,08/21/26 10:02 PM EDT,$0.54,178
20260824,MLB-TRUNS-I2-000FPUUOI541HG8-GTE-P00005,08/21/26 10:02 PM EDT,$0.38,92
20260824,LIGAMX-TGLS-FG-00CBOUVGKS1OM6O-GTE-P00015,08/21/26 10:02 PM EDT,$0.50,55
20260824,MLB-TRUNS-I9-000FP22AI543DI8-GTE-P00005,08/21/26 10:02 PM EDT,$0.36,9
20260824,LIGAMX-TGLS-FG-00CBOUVGKS1OM6O-GTE-P00015,08/21/26 10:02 PM EDT,$0.52,294
20260824,MLB-TRUNS-I9-000FPR4SI545PC8-GTE-P00015,08/21/26 10:03 PM EDT,$0.49,39
20260824,LIGAMX-TGLS-FG-00CBOUVGKS1OM6O-GTE-P00025,08/21/26 10:03 PM EDT,$0.22,12
20260824,MLB-TRUNS-IT5-000FP462I54B208-GTE-P00045,08/21/26 10:03 PM EDT,$0.53,20
20260824,LIGAMX-TGLS-FG-01O38BN3VVTN6IO-GTE-P00025,08/21/26 10:04 PM EDT,$0.55,66
20260824,MLB-MOVY-IT5-000FP41SI54B2VO-LARS000-GTE-P00015,08/21/26 10:04 PM EDT,$0.43,93
20260824,MLB-TRUNS-I1-000FP404I54B3T0-GTE-P00005,08/21/26 10:04 PM EDT,$0.40,32
20260824,MLB-WIN-IT5-000FPUUOI541HG8-CIDS000,08/21/26 10:04 PM EDT,$0.25,37
20260824,MLB-TRUNS-IT5-000FPUUOI541HG8-GTE-P00045,08/21/26 10:05 PM EDT,$0.46,17
20260824,MLB-TRUNS-IT5-000FP41SI54B2VO-GTE-P00045,08/21/26 10:05 PM EDT,$0.46,17
20260824,MLB-TRUNS-IT5-000FP41SI54B2VO-GTE-P00045,08/21/26 10:05 PM EDT,$0.46,179
20260824,LIGAMX-TGLS-FG-014F36C2L88MDH0-GTE-P00035,08/21/26 10:05 PM EDT,$0.30,10
20260824,MLB-TRUNS-I2-000FP41SI54B2VO-GTE-P00015,08/21/26 10:06 PM EDT,$0.26,17
20260824,MLB-TRUNS-IT5-000FPUUOI541HG8-GTE-P00045,08/21/26 10:06 PM EDT,$0.48,17
20260824,MLB-TRUNS-IT5-000FPUUVI541HNG-GTE-P00055,08/21/26 10:06 PM EDT,$0.28,13
20260824,LIGAMX-MOVY-FG-014F36C2L88MDH0-CLCA001-GTE-P00005,08/21/26 10:06 PM EDT,$0.61,158
20260824,MLB-TRUNS-IT5-000FPUUVI541HNG-GTE-P00055,08/21/26 10:06 PM EDT,$0.28,106
20260824,MLB-TRUNS-IT5-000FPUUVI541HNG-GTE-P00055,08/21/26 10:06 PM EDT,$0.28,9
20260824,MLB-WIN-IT5-000FP41SI54B2VO-LARS000,08/21/26 10:06 PM EDT,$0.69,45
20260824,MLB-PHRR-FG-000FP41SI54B2VO-MAAD000-GTE-P00015,08/21/26 10:06 PM EDT,$0.51,9
20260824,MLB-TRUNS-I1-000FP41SI54B2VO-GTE-P00025,08/21/26 10:07 PM EDT,$0.18,52
20260824,LIGAMX-TGLS-FG-01O38BN3VVTN6IO-GTE-P00025,08/21/26 10:07 PM EDT,$0.53,506
20260824,MLB-TRUNS-FG-000FP242I543CMO-GTE-P00075,08/21/26 10:07 PM EDT,$0.22,1179
20260824,LIGAMX-BTMSC-FG-00CBOUVGKS1OM6O-BINARY,08/21/26 10:07 PM EDT,$0.18,40
20260824,MLB-WIN-IT5-000FP404I54B3T0-CHBS000,08/21/26 10:07 PM EDT,$0.49,1080
20260824,LIGAMX-TGLS-FG-00CA1V63KSKBE28-GTE-P00025,08/21/26 10:07 PM EDT,$0.59,40
20260824,MLB-TRUNS-I1-000FP404I54B3T0-GTE-P00035,08/21/26 10:07 PM EDT,$0.09,100
20260824,MLB-MOVY-IT5-000FPUUVI541HNG-CLNS000-GTE-P00015,08/21/26 10:07 PM EDT,$0.79,1
20260824,MLB-MOVY-IT5-000FPUUVI541HNG-CLNS000-GTE-P00015,08/21/26 10:07 PM EDT,$0.79,1
20260824,MLB-MOVY-IT5-000FPUUVI541HNG-CLNS000-GTE-P00015,08/21/26 10:07 PM EDT,$0.79,1
20260824,MLB-MOVY-IT5-000FPUUVI541HNG-CLNS000-GTE-P00015,08/21/26 10:07 PM EDT,$0.79,2
20260824,MLB-MOVY-IT5-000FP41SI54B2VO-LARS000-GTE-P00015,08/21/26 10:07 PM EDT,$0.44,10
20260824,MLB-TRUNS-IT5-000FP41SI54B2VO-GTE-P00045,08/21/26 10:07 PM EDT,$0.46,72
20260824,MLB-MOVY-IT5-000FPUUVI541HNG-CLNS000-GTE-P00015,08/21/26 10:08 PM EDT,$0.78,1
20260824,MLB-MOVY-IT5-000FPUUVI541HNG-CLNS000-GTE-P00015,08/21/26 10:08 PM EDT,$0.78,1
20260824,MLB-MOVY-IT5-000FPUUVI541HNG-CLNS000-GTE-P00015,08/21/26 10:08 PM EDT,$0.78,1
20260824,MLB-MOVY-IT5-000FPUUVI541HNG-CLNS000-GTE-P00015,08/21/26 10:08 PM EDT,$0.78,1
20260824,MLB-MOVY-IT5-000FPUUVI541HNG-CLNS000-GTE-P00015,08/21/26 10:08 PM EDT,$0.78,1
20260824,MLB-MOVY-IT5-000FPUUVI541HNG-CLNS000-GTE-P00015,08/21/26 10:08 PM EDT,$0.78,1
20260824,LIGAMX-TGLS-FG-00CBOUVGKS1OM6O-GTE-P00025,08/21/26 10:08 PM EDT,$0.25,40
20260824,LIGAMX-TGLS-FG-00CA1V63KSKBE28-GTE-P00045,08/21/26 10:08 PM EDT,$0.19,5
20260824,MLB-MOVY-IT5-000FPUUVI541HNG-CLNS000-GTE-P00015,08/21/26 10:08 PM EDT,$0.78,1
20260824,MLB-WIN-IT5-000FP462I54B208-MINS000,08/21/26 10:08 PM EDT,$0.13,71
20260824,LIGAMX-TGLS-FG-00CBOUVGKS1OM6O-GTE-P00015,08/21/26 10:08 PM EDT,$0.52,40
20260824,MLB-WIN-FG-000FPR4SI545PC8-MINS001,08/21/26 10:08 PM EDT,$0.96,2000
20260824,MLB-PHRR-FG-000FP41SI54B2VO-MOTS000-GTE-P00015,08/21/26 10:08 PM EDT,$0.53,90
20260824,MLB-MOVY-IT5-000FPUUVI541HNG-CLNS000-GTE-P00025,08/21/26 10:09 PM EDT,$0.67,42
20260824,MLB-PHRR-FG-000FP41SI54B2VO-SHNI001-GTE-P00015,08/21/26 10:09 PM EDT,$0.62,935
20260824,MLB-PHRR-FG-000FP404I54B3T0-BRAN000-GTE-P00055,08/21/26 10:09 PM EDT,$0.06,145
20260824,MLB-TRUNS-I5-000FPUUVI541HNG-GTE-P00015,08/21/26 10:09 PM EDT,$0.39,39
20260824,MLB-TRUNS-IT5-000FP41SI54B2VO-GTE-P00045,08/21/26 10:09 PM EDT,$0.48,500
20260824,MLB-PHRR-FG-000FP41SI54B2VO-SHNI001-GTE-P00025,08/21/26 10:09 PM EDT,$0.48,500
20260824,MLB-TRUNS-I8-000FP20FI543DE8-GTE-P00005,08/21/26 10:09 PM EDT,$0.40,362
20260824,MLB-TRUNS-I7-000FP242I543CMO-GTE-P00005,08/21/26 10:09 PM EDT,$0.46,20
20260824,LIGAMX-MOVY-FG-00CBOUVGKS1OM6O-ATFC010-GTE-P00005,08/21/26 10:10 PM EDT,$0.06,26
20260824,MLB-TRUNS-IT5-000FPUUVI541HNG-GTE-P00055,08/21/26 10:10 PM EDT,$0.35,27
20260824,LIGAMX-BTMSC-FG-014F36C2L88MDH0-BINARY,08/21/26 10:10 PM EDT,$0.53,10
20260824,MLB-TRUNS-I1-000FP41SI54B2VO-GTE-P00015,08/21/26 10:10 PM EDT,$0.29,3
20260824,MLB-TRUNS-I1-000FP41SI54B2VO-GTE-P00015,08/21/26 10:10 PM EDT,$0.29,16
20260824,LIGAMX-TGLS-FG-01O38BN3VVTN6IO-GTE-P00035,08/21/26 10:10 PM EDT,$0.23,100
20260824,MLB-TRUNS-IT5-000FP462I54B208-GTE-P00045,08/21/26 10:10 PM EDT,$0.46,22
20260824,MLB-TRUNS-IT5-000FP462I54B208-GTE-P00045,08/21/26 10:10 PM EDT,$0.46,31
20260824,MLB-TRUNS-IT5-000FP462I54B208-GTE-P00045,08/21/26 10:10 PM EDT,$0.46,21
20260824,NASCAR-WIN-RCE-00GM207BRJKDADF52I8U9EU806L4S6GO02U0KQ6FHUPMKC809CVJL96JPKH0-AUIC001,08/21/26 10:11 PM EDT,$0.03,375
20260824,LIGAMX-TGLS-FG-01O38BN3VVTN6IO-GTE-P00025,08/21/26 10:11 PM EDT,$0.45,8
20260824,MLB-PHRR-FG-000FP462I54B208-JALL000-GTE-P00015,08/21/26 10:11 PM EDT,$0.40,35
20260824,LIGAMX-TGLS-FG-01O38BN3VVTN6IO-GTE-P00045,08/21/26 10:12 PM EDT,$0.02,102
20260824,LIGAMX-TGLS-FG-01O38BN3VVTN6IO-GTE-P00025,08/21/26 10:12 PM EDT,$0.44,3
20260824,MLB-TRUNS-I3-000FPUUOI541HG8-GTE-P00005,08/21/26 10:12 PM EDT,$0.44,48
20260824,MLB-MOVY-IT5-000FP41SI54B2VO-LARS000-GTE-P00015,08/21/26 10:12 PM EDT,$0.42,8
20260824,MLB-TRUNS-I7-000FP242I543CMO-GTE-P00005,08/21/26 10:12 PM EDT,$0.34,7
20260824,MLB-PHRR-FG-000FP404I54B3T0-CAGH000-GTE-P00015,08/21/26 10:12 PM EDT,$0.45,85
20260824,MLB-TRUNS-IT5-000FP404I54B3T0-GTE-P00045,08/21/26 10:13 PM EDT,$0.43,249
20260824,MLB-TRUNS-IT5-000FPUUOI541HG8-GTE-P00035,08/21/26 10:13 PM EDT,$0.55,96
20260824,NWSL-DWIN-FG-000FPQ0FI544HD8-SACW009,08/21/26 10:13 PM EDT,$0.48,40
20260824,MLB-WIN-IT5-000FP462I54B208-SDES000,08/21/26 10:13 PM EDT,$0.93,193
20260824,MLB-TRUNS-IT5-000FPUUVI541HNG-GTE-P00055,08/21/26 10:13 PM EDT,$0.07,45
20260824,MLB-MOVY-IT5-000FP41SI54B2VO-LARS000-GTE-P00005,08/21/26 10:14 PM EDT,$0.55,8
20260824,MLB-WIN-IT5-000FP41SI54B2VO-PIES000,08/21/26 10:14 PM EDT,$0.39,12
20260824,MLB-TRUNS-I2-000FP41SI54B2VO-GTE-P00015,08/21/26 10:14 PM EDT,$0.27,172
20260824,LIGAMX-TGLS-FG-00CBOUVGKS1OM6O-GTE-P00015,08/21/26 10:14 PM EDT,$0.51,94
20260824,LIGAMX-TGLS-FG-01O38BN3VVTN6IO-GTE-P00025,08/21/26 10:14 PM EDT,$0.43,50
20260824,MLB-TRUNS-I1-000FP41SI54B2VO-GTE-P00015,08/21/26 10:14 PM EDT,$0.61,15
20260824,MLB-TRUNS-I1-000FP41SI54B2VO-GTE-P00025,08/21/26 10:15 PM EDT,$0.41,81
20260824,MLB-MOVY-IT5-000FP41SI54B2VO-PIES000-GTE-P00005,08/21/26 10:15 PM EDT,$0.49,72
20260824,MLB-TRUNS-IT5-000FP41SI54B2VO-GTE-P00055,08/21/26 10:15 PM EDT,$0.54,17
20260824,MLB-TRUNS-I1-000FP41SI54B2VO-GTE-P00035,08/21/26 10:15 PM EDT,$0.27,6
20260824,MLB-TRUNS-I1-000FP41SI54B2VO-GTE-P00015,08/21/26 10:15 PM EDT,$0.52,196
20260824,MLB-TRUNS-FG-000FP271I543D0G-GTE-P00095,08/21/26 10:15 PM EDT,$0.21,20
20260824,MLB-TRUNS-FG-000FP271I543D0G-GTE-P00095,08/21/26 10:15 PM EDT,$0.21,80
20260824,MLB-TRUNS-FG-000FP271I543D0G-GTE-P00095,08/21/26 10:15 PM EDT,$0.21,20
20260824,MLB-WIN-IT5-000FP41SI54B2VO-LARS000,08/21/26 10:15 PM EDT,$0.48,990
20260824,MLB-TRUNS-FG-000FP271I543D0G-GTE-P00095,08/21/26 10:15 PM EDT,$0.21,30
20260824,MLB-TRUNS-FG-000FP271I543D0G-GTE-P00095,08/21/26 10:15 PM EDT,$0.21,30
20260824,MLB-TRUNS-FG-000FP271I543D0G-GTE-P00095,08/21/26 10:15 PM EDT,$0.21,1
20260824,MLB-TRUNS-FG-000FP271I543D0G-GTE-P00095,08/21/26 10:15 PM EDT,$0.21,1
20260824,MLB-TRUNS-FG-000FP271I543D0G-GTE-P00095,08/21/26 10:15 PM EDT,$0.21,1
20260824,MLB-TRUNS-FG-000FP271I543D0G-GTE-P00095,08/21/26 10:15 PM EDT,$0.21,1
20260824,MLB-TRUNS-FG-000FP271I543D0G-GTE-P00095,08/21/26 10:15 PM EDT,$0.21,1
20260824,MLB-TRUNS-FG-000FP271I543D0G-GTE-P00095,08/21/26 10:15 PM EDT,$0.21,1
20260824,MLB-TRUNS-IT5-000FP404I54B3T0-GTE-P00045,08/21/26 10:15 PM EDT,$0.58,8
20260824,MLB-TRUNS-FG-000FP271I543D0G-GTE-P00095,08/21/26 10:15 PM EDT,$0.20,20
20260824,MLB-TRUNS-FG-000FP271I543D0G-GTE-P00095,08/21/26 10:15 PM EDT,$0.20,80
20260824,LIGAMX-BTMSC-FG-01O38BN3VVTN6IO-BINARY,08/21/26 10:16 PM EDT,$0.59,23
20260824,MLB-MOVY-IT5-000FP462I54B208-SDES000-GTE-P00025,08/21/26 10:16 PM EDT,$0.47,20
20260824,MLB-TRUNS-FG-000FP271I543D0G-GTE-P00095,08/21/26 10:16 PM EDT,$0.20,20
20260824,MLB-TRUNS-FG-000FP271I543D0G-GTE-P00095,08/21/26 10:16 PM EDT,$0.20,80
20260824,MLB-TRUNS-FG-000FP271I543D0G-GTE-P00095,08/21/26 10:16 PM EDT,$0.20,190
20260824,MLB-TRUNS-FG-000FP271I543D0G-GTE-P00095,08/21/26 10:16 PM EDT,$0.20,100
20260824,MLB-TRUNS-FG-000FP271I543D0G-GTE-P00095,08/21/26 10:16 PM EDT,$0.20,320
20260824,MLB-TRUNS-FG-000FP271I543D0G-GTE-P00095,08/21/26 10:16 PM EDT,$0.20,260
20260824,MLB-TRUNS-FG-000FP271I543D0G-GTE-P00095,08/21/26 10:16 PM EDT,$0.20,50
20260824,MLB-TRUNS-FG-000FP271I543D0G-GTE-P00095,08/21/26 10:16 PM EDT,$0.20,30
20260824,MLB-TRUNS-FG-000FP271I543D0G-GTE-P00095,08/21/26 10:16 PM EDT,$0.20,250
20260824,MLB-TRUNS-FG-000FP271I543D0G-GTE-P00095,08/21/26 10:16 PM EDT,$0.20,22
20260824,MLB-TRUNS-FG-000FP271I543D0G-GTE-P00095,08/21/26 10:16 PM EDT,$0.20,157
20260824,MLB-TRUNS-FG-000FP271I543D0G-GTE-P00095,08/21/26 10:16 PM EDT,$0.20,8
20260824,MLB-WIN-FG-000FP41SI54B2VO-PIES000,08/21/26 10:16 PM EDT,$0.42,50
20260824,MLB-WIN-FG-000FP41SI54B2VO-PIES000,08/21/26 10:16 PM EDT,$0.42,50
20260824,LIGAMX-TGLS-FG-00CBOUVGKS1OM6O-GTE-P00015,08/21/26 10:16 PM EDT,$0.47,102
20260824,LIGAMX-TGLS-FG-01O38BN3VVTN6IO-GTE-P00025,08/21/26 10:16 PM EDT,$0.40,100
20260824,LIGAMX-BTMSC-FG-01O38BN3VVTN6IO-BINARY,08/21/26 10:16 PM EDT,$0.57,1
20260824,LIGAMX-MOVY-FG-00CBOUVGKS1OM6O-TINL001-GTE-P00005,08/21/26 10:17 PM EDT,$0.69,105
20260824,LIGAMX-TGLS-FG-01O38BN3VVTN6IO-GTE-P00015,08/21/26 10:17 PM EDT,$0.77,100
20260824,LIGAMX-TGLS-FG-01O38BN3VVTN6IO-GTE-P00015,08/21/26 10:17 PM EDT,$0.77,50
20260824,MLB-TRUNS-IT5-000FP41SI54B2VO-GTE-P00055,08/21/26 10:17 PM EDT,$0.45,319
20260824,MLB-TRUNS-FG-000FP22AI543DI8-GTE-P00125,08/21/26 10:17 PM EDT,$0.12,8
20260824,MLB-WIN-IT5-000FP41SI54B2VO-PIES000,08/21/26 10:17 PM EDT,$0.44,23
20260824,MLB-TRUNS-I2-000FPUUOI541HG8-GTE-P00005,08/21/26 10:17 PM EDT,$0.65,92
20260824,MLB-TRUNS-I2-000FP41SI54B2VO-GTE-P00015,08/21/26 10:17 PM EDT,$0.19,172
20260824,MLB-TRUNS-IT5-000FP41SI54B2VO-GTE-P00055,08/21/26 10:17 PM EDT,$0.43,684
20260824,LIGAMX-TGLS-FG-01O38BN3VVTN6IO-GTE-P00015,08/21/26 10:17 PM EDT,$0.75,344
20260824,MLB-PHRR-FG-000FP41SI54B2VO-SHNI001-GTE-P00035,08/21/26 10:17 PM EDT,$0.33,228
20260824,MLB-TRUNS-I3-000FP462I54B208-GTE-P00005,08/21/26 10:18 PM EDT,$0.41,9
20260824,LIGAMX-BTMSC-FG-00CBOUVGKS1OM6O-BINARY,08/21/26 10:18 PM EDT,$0.10,171
20260824,NWSL-DWIN-FG-000FPQ0FI544HD8-UTSW003,08/21/26 10:18 PM EDT,$0.24,150
20260824,MLB-TRUNS-I7-000FP242I543CMO-GTE-P00005,08/21/26 10:18 PM EDT,$0.56,7
20260824,MLB-TRUNS-IT5-000FP404I54B3T0-GTE-P00065,08/21/26 10:18 PM EDT,$0.55,43
20260824,NASCAR-WIN-RCE-00GM207BRJKDADF52I8U9EU806L4S6GO02U0KQ6FHUPMKC809CVJL96JPKH0-JONO006,08/21/26 10:18 PM EDT,$0.16,10
20260824,NWSL-DWIN-FG-000FPQ0FI544HD8-UTSW003,08/21/26 10:18 PM EDT,$0.22,200
20260824,NASCAR-WIN-RCE-00GM207BRJKDADF52I8U9EU806L4S6GO02U0KQ6FHUPMKC809CVJL96JPKH0-CHLL010,08/21/26 10:18 PM EDT,$0.15,10
20260824,NASCAR-WIN-RCE-00GM207BRJKDADF52I8U9EU806L4S6GO02U0KQ6FHUPMKC809CVJL96JPKH0-JORY006,08/21/26 10:19 PM EDT,$0.06,20
20260824,LIGAMX-BTMSC-FG-01O38BN3VVTN6IO-BINARY,08/21/26 10:19 PM EDT,$0.55,99
20260824,MLB-TRUNS-I8-000FP271I543D0G-GTE-P00005,08/21/26 10:19 PM EDT,$0.37,153
20260824,NWSL-DWIN-FG-000FPQ0FI544HD8-UTSW003,08/21/26 10:19 PM EDT,$0.24,51
20260824,MLB-PHRR-FG-000FP41SI54B2VO-KYER000-GTE-P00015,08/21/26 10:20 PM EDT,$0.49,98
20260824,MLB-MOVY-IT5-000FP41SI54B2VO-LARS000-GTE-P00005,08/21/26 10:20 PM EDT,$0.53,410
20260824,MLB-TRUNS-IT5-000FP41SI54B2VO-GTE-P00055,08/21/26 10:20 PM EDT,$0.48,36
20260824,MLB-TRUNS-IT5-000FP41SI54B2VO-GTE-P00045,08/21/26 10:20 PM EDT,$0.61,2
20260824,MLB-TRUNS-IT5-000FP41SI54B2VO-GTE-P00045,08/21/26 10:20 PM EDT,$0.61,1
20260824,MLB-TRUNS-IT5-000FP41SI54B2VO-GTE-P00045,08/21/26 10:20 PM EDT,$0.61,1
20260824,MLB-TRUNS-FG-000FP242I543CMO-GTE-P00085,08/21/26 10:20 PM EDT,$0.13,1
20260824,MLB-TRUNS-FG-000FP242I543CMO-GTE-P00085,08/21/26 10:20 PM EDT,$0.13,1
20260824,MLB-TRUNS-FG-000FP242I543CMO-GTE-P00085,08/21/26 10:20 PM EDT,$0.13,1
20260824,MLB-TRUNS-IT5-000FP41SI54B2VO-GTE-P00055,08/21/26 10:20 PM EDT,$0.45,26
20260824,MLB-TRUNS-IT5-000FP462I54B208-GTE-P00035,08/21/26 10:20 PM EDT,$0.50,476
20260824,MLB-TRUNS-IT5-000FP41SI54B2VO-GTE-P00025,08/21/26 10:21 PM EDT,$0.87,1
20260824,MLB-TRUNS-I2-000FP41SI54B2VO-GTE-P00005,08/21/26 10:21 PM EDT,$0.46,104
20260824,MLB-TRUNS-IT5-000FP41SI54B2VO-GTE-P00045,08/21/26 10:21 PM EDT,$0.61,5
20260824,MLB-TRUNS-IT5-000FPUUOI541HG8-GTE-P00055,08/21/26 10:21 PM EDT,$0.68,100
20260824,MLB-TRUNS-I1-000FP41SI54B2VO-GTE-P00015,08/21/26 10:21 PM EDT,$0.47,102
20260824,MLB-TRUNS-IT5-000FPUUOI541HG8-GTE-P00045,08/21/26 10:22 PM EDT,$0.83,178
20260824,MLB-TRUNS-IT5-000FP41SI54B2VO-GTE-P00045,08/21/26 10:22 PM EDT,$0.56,2
20260824,MLB-TRUNS-IT5-000FP41SI54B2VO-GTE-P00045,08/21/26 10:22 PM EDT,$0.56,1134
20260824,MLB-TRUNS-IT5-000FP41SI54B2VO-GTE-P00045,08/21/26 10:22 PM EDT,$0.56,257
20260824,MLB-TRUNS-IT5-000FP462I54B208-GTE-P00055,08/21/26 10:22 PM EDT,$0.19,617
20260824,MLB-TRUNS-I1-000FP404I54B3T0-GTE-P00035,08/21/26 10:22 PM EDT,$0.38,100
20260824,NWSL-DWIN-FG-000FPQ0FI544HD8-SACW009,08/21/26 10:22 PM EDT,$0.72,1
20260824,MLB-TRUNS-IT5-000FP462I54B208-GTE-P00035,08/21/26 10:22 PM EDT,$0.53,9
20260824,LIGAMX-MOVY-FG-00CBOUVGKS1OM6O-TINL001-GTE-P00025,08/21/26 10:23 PM EDT,$0.09,20
20260824,MLB-PHRR-FG-000FP404I54B3T0-PENG000-GTE-P00055,08/21/26 10:23 PM EDT,$0.35,70
20260824,MLB-TRUNS-I1-000FP41SI54B2VO-GTE-P00015,08/21/26 10:23 PM EDT,$0.30,313
20260824,LIGAMX-TGLS-FG-00CA1V63KSKBE28-GTE-P00025,08/21/26 10:23 PM EDT,$0.59,285
20260824,LIGAMX-BTMSC-FG-01O38BN3VVTN6IO-BINARY,08/21/26 10:24 PM EDT,$0.53,223
20260824,MLB-TRUNS-I2-000FP404I54B3T0-GTE-P00025,08/21/26 10:24 PM EDT,$0.08,53
20260824,MLB-TRUNS-IT5-000FP41SI54B2VO-GTE-P00025,08/21/26 10:24 PM EDT,$0.85,1
20260824,MLB-TRUNS-IT5-000FP41SI54B2VO-GTE-P00025,08/21/26 10:24 PM EDT,$0.85,1
20260824,MLB-TRUNS-IT5-000FP41SI54B2VO-GTE-P00025,08/21/26 10:24 PM EDT,$0.85,1
20260824,MLB-TRUNS-IT5-000FP41SI54B2VO-GTE-P00025,08/21/26 10:24 PM EDT,$0.83,1
20260824,MLB-TRUNS-IT5-000FP41SI54B2VO-GTE-P00025,08/21/26 10:24 PM EDT,$0.83,1
20260824,LIGAMX-BTMSC-FG-01O38BN3VVTN6IO-BINARY,08/21/26 10:24 PM EDT,$0.53,18
20260824,LIGAMX-TGLS-FG-00CBOUVGKS1OM6O-GTE-P00025,08/21/26 10:25 PM EDT,$0.13,21
20260824,NWSL-DWIN-FG-000FPQ0FI544HD8-SACW009,08/21/26 10:25 PM EDT,$0.72,21
20260824,MLB-WIN-FG-000FP41SI54B2VO-PIES000,08/21/26 10:25 PM EDT,$0.36,2000
20260824,MLB-WIN-FG-000FP41SI54B2VO-LARS000,08/21/26 10:25 PM EDT,$0.61,2000
20260824,MLB-TRUNS-IT5-000FP404I54B3T0-GTE-P00065,08/21/26 10:26 PM EDT,$0.49,338
20260824,MLB-TRUNS-FG-000FP462I54B208-GTE-P00105,08/21/26 10:26 PM EDT,$0.17,10
20260824,MLB-TRUNS-FG-000FP462I54B208-GTE-P00105,08/21/26 10:26 PM EDT,$0.17,10
20260824,MLB-TRUNS-FG-000FP462I54B208-GTE-P00105,08/21/26 10:26 PM EDT,$0.17,10
20260824,MLB-TRUNS-FG-000FP462I54B208-GTE-P00105,08/21/26 10:26 PM EDT,$0.17,10
20260824,MLB-TRUNS-FG-000FP462I54B208-GTE-P00105,08/21/26 10:26 PM EDT,$0.17,10
20260824,MLB-TRUNS-FG-000FP462I54B208-GTE-P00105,08/21/26 10:26 PM EDT,$0.17,10
20260824,MLB-TRUNS-FG-000FP462I54B208-GTE-P00105,08/21/26 10:26 PM EDT,$0.17,10
20260824,MLB-TRUNS-FG-000FP462I54B208-GTE-P00105,08/21/26 10:26 PM EDT,$0.17,10
20260824,LIGAMX-TGLS-FG-014F36C2L88MDH0-GTE-P00025,08/21/26 10:26 PM EDT,$0.54,3
20260824,KBO-WIN-FG-03VTIEIU4O0VRRO-LGNS000,08/21/26 10:26 PM EDT,$0.59,134
20260824,MLB-TRUNS-IT5-000FP404I54B3T0-GTE-P00065,08/21/26 10:27 PM EDT,$0.46,37
20260824,MLB-TRUNS-I2-000FP404I54B3T0-GTE-P00005,08/21/26 10:27 PM EDT,$0.43,103
20260824,LIGAMX-TGLS-FG-00CBOUVGKS1OM6O-GTE-P00025,08/21/26 10:27 PM EDT,$0.11,73
20260824,MLB-MOVY-IT5-000FP41SI54B2VO-LARS000-GTE-P00015,08/21/26 10:28 PM EDT,$0.54,157
20260824,MLB-TRUNS-IT5-000FPUUOI541HG8-GTE-P00065,08/21/26 10:28 PM EDT,$0.50,76
20260824,MLB-TRUNS-I3-000FP41SI54B2VO-GTE-P00005,08/21/26 10:28 PM EDT,$0.43,56
20260824,LIGAMX-TGLS-FG-00CBOUVGKS1OM6O-GTE-P00015,08/21/26 10:28 PM EDT,$0.28,85
20260824,NWSL-DWIN-FG-000FPQ0FI544HD8-SACW009,08/21/26 10:29 PM EDT,$0.72,1
20260824,MLB-TRUNS-FG-000FP242I543CMO-GTE-P00085,08/21/26 10:29 PM EDT,$0.09,1
20260824,LIGAMX-TGLS-FG-01O38BN3VVTN6IO-GTE-P00015,08/21/26 10:29 PM EDT,$0.67,150
20260824,MLB-TRUNS-IT5-000FP404I54B3T0-GTE-P00065,08/21/26 10:29 PM EDT,$0.47,89
20260824,MLB-WIN-IT5-000FP462I54B208-SDES000,08/21/26 10:30 PM EDT,$0.52,43
20260824,LIGAMX-BTMSC-FG-00CBOUVGKS1OM6O-BINARY,08/21/26 10:31 PM EDT,$0.06,20
20260824,MLB-MOVY-IT5-000FP41SI54B2VO-LARS000-GTE-P00015,08/21/26 10:31 PM EDT,$0.55,350
20260824,MLB-WIN-IT5-000FP462I54B208-MINS000,08/21/26 10:31 PM EDT,$0.45,19
20260824,LIGAMX-BTMSC-FG-00CBOUVGKS1OM6O-BINARY,08/21/26 10:31 PM EDT,$0.06,104
20260824,LIGAMX-MOVY-FG-01O38BN3VVTN6IO-MOEY004-GTE-P00005,08/21/26 10:32 PM EDT,$0.17,22
20260824,MLB-TRUNS-IT5-000FP404I54B3T0-GTE-P00065,08/21/26 10:32 PM EDT,$0.49,9
20260824,LIGAMX-BTMSC-FG-01O38BN3VVTN6IO-BINARY,08/21/26 10:32 PM EDT,$0.57,22
20260824,KBO-WIN-FG-03VTIEJ14O0VQVG-SANS000,08/21/26 10:33 PM EDT,$0.58,8
20260824,MLB-MOVY-IT5-000FP462I54B208-SDES000-GTE-P00005,08/21/26 10:33 PM EDT,$0.35,55
20260824,MLB-TRUNS-I2-000FP41SI54B2VO-GTE-P00025,08/21/26 10:33 PM EDT,$0.04,20
20260824,MLB-TRUNS-I4-000FP462I54B208-GTE-P00025,08/21/26 10:33 PM EDT,$0.32,88
20260824,LIGAMX-BTMSC-FG-014F36C2L88MDH0-BINARY,08/21/26 10:34 PM EDT,$0.53,36
20260824,LIGAMX-TGLS-FG-01O38BN3VVTN6IO-GTE-P00025,08/21/26 10:34 PM EDT,$0.22,833
20260824,KBO-WIN-FG-03VTIEJ14O0VQVG-SANS000,08/21/26 10:34 PM EDT,$0.57,25
20260824,MLB-TRUNS-I8-000FP20FI543DE8-GTE-P00005,08/21/26 10:34 PM EDT,$0.43,44
20260824,LIGAMX-TGLS-FG-01O38BN3VVTN6IO-GTE-P00025,08/21/26 10:34 PM EDT,$0.24,3
20260824,MLB-MOVY-IT5-000FP41SI54B2VO-LARS000-GTE-P00025,08/21/26 10:34 PM EDT,$0.41,163
20260824,LIGAMX-TGLS-FG-01O38BN3VVTN6IO-GTE-P00015,08/21/26 10:34 PM EDT,$0.62,255
20260824,NWSL-DWIN-FG-000FPQ0FI544HD8-SACW009,08/21/26 10:34 PM EDT,$0.73,2
20260824,MLB-MOVY-IT5-000FP41SI54B2VO-LARS000-GTE-P00025,08/21/26 10:35 PM EDT,$0.41,2
20260824,MLB-TRUNS-IT5-000FP462I54B208-GTE-P00055,08/21/26 10:35 PM EDT,$0.47,20
20260824,MLB-MOVY-IT5-000FP462I54B208-SDES000-GTE-P00005,08/21/26 10:35 PM EDT,$0.51,87
20260824,LIGAMX-TGLS-FG-01O38BN3VVTN6IO-GTE-P00015,08/21/26 10:35 PM EDT,$0.71,5
20260824,LIGAMX-MOVY-FG-00CBOUVGKS1OM6O-TINL001-GTE-P00015,08/21/26 10:35 PM EDT,$0.11,175
20260824,LIGAMX-MOVY-FG-00CBOUVGKS1OM6O-TINL001-GTE-P00015,08/21/26 10:35 PM EDT,$0.11,50
20260824,LIGAMX-TGLS-FG-00CBOUVGKS1OM6O-GTE-P00005,08/21/26 10:35 PM EDT,$0.65,149
20260824,MLB-PHRR-FG-02HVDCGBONRH1F0-MIKI000-GTE-P00035,08/21/26 10:36 PM EDT,$0.13,35
20260824,LIGAMX-TGLS-FG-00CBOUVGKS1OM6O-GTE-P00005,08/21/26 10:36 PM EDT,$0.63,462
20260824,LIGAMX-BTMSC-FG-01O38BN3VVTN6IO-BINARY,08/21/26 10:36 PM EDT,$0.61,3
20260824,LIGAMX-BTMSC-FG-01O38BN3VVTN6IO-BINARY,08/21/26 10:36 PM EDT,$0.53,19
20260824,MLB-TRUNS-I4-000FP462I54B208-GTE-P00035,08/21/26 10:36 PM EDT,$0.26,71
20260824,MLB-TRUNS-I8-000FP242I543CMO-GTE-P00005,08/21/26 10:37 PM EDT,$0.39,80
20260824,MLB-TRUNS-IT5-000FPUUOI541HG8-GTE-P00065,08/21/26 10:37 PM EDT,$0.41,63
20260824,MLB-TRUNS-IT5-000FP462I54B208-GTE-P00045,08/21/26 10:38 PM EDT,$0.46,17
20260824,MLB-PHRR-FG-000FP462I54B208-MADO001-GTE-P00055,08/21/26 10:38 PM EDT,$0.09,5
20260824,MLB-PHRR-FG-000FP462I54B208-MADO001-GTE-P00045,08/21/26 10:38 PM EDT,$0.16,2
20260824,MLB-TRUNS-IT5-000FP462I54B208-GTE-P00045,08/21/26 10:38 PM EDT,$0.48,133
20260824,MLB-MOVY-IT5-000FP41SI54B2VO-LARS000-GTE-P00015,08/21/26 10:38 PM EDT,$0.55,25
20260824,MLB-TRUNS-IT5-000FP462I54B208-GTE-P00045,08/21/26 10:38 PM EDT,$0.47,30
20260824,MLB-PHRR-FG-000FP404I54B3T0-PENG000-GTE-P00045,08/21/26 10:38 PM EDT,$0.38,3
20260824,MLB-TRUNS-IT5-000FP404I54B3T0-GTE-P00065,08/21/26 10:38 PM EDT,$0.41,89
20260824,LIGAMX-BTMSC-FG-01O38BN3VVTN6IO-BINARY,08/21/26 10:39 PM EDT,$0.45,60
20260824,LIGAMX-BTMSC-FG-01O38BN3VVTN6IO-BINARY,08/21/26 10:39 PM EDT,$0.45,25
20260824,MLB-TRUNS-I2-000FP41SI54B2VO-GTE-P00025,08/21/26 10:40 PM EDT,$0.08,20
20260824,LIGAMX-TGLS-FG-01O38BN3VVTN6IO-GTE-P00025,08/21/26 10:40 PM EDT,$0.49,66
20260824,LIGAMX-TGLS-FG-01O38BN3VVTN6IO-GTE-P00025,08/21/26 10:40 PM EDT,$0.49,1
20260824,LIGAMX-TGLS-FG-01O38BN3VVTN6IO-GTE-P00015,08/21/26 10:40 PM EDT,$0.99,260
20260824,MLB-TRUNS-IT5-000FP41SI54B2VO-GTE-P00055,08/21/26 10:40 PM EDT,$0.51,37
20260824,NWSL-DWIN-FG-000FPQ0FI544HD8-DRAW,08/21/26 10:40 PM EDT,$0.29,64
20260824,LIGAMX-BTMSC-FG-01O38BN3VVTN6IO-BINARY,08/21/26 10:41 PM EDT,$0.48,27
20260824,MLB-MOVY-IT5-000FP41SI54B2VO-LARS000-GTE-P00015,08/21/26 10:41 PM EDT,$0.52,112
20260824,MLB-MOVY-IT5-000FP41SI54B2VO-LARS000-GTE-P00015,08/21/26 10:41 PM EDT,$0.52,471
20260824,LIGAMX-BTMSC-FG-01O38BN3VVTN6IO-BINARY,08/21/26 10:41 PM EDT,$0.42,3
20260824,MLB-TRUNS-IT5-000FP41SI54B2VO-GTE-P00055,08/21/26 10:41 PM EDT,$0.50,2
20260824,LIGAMX-BTMSC-FG-01O38BN3VVTN6IO-BINARY,08/21/26 10:41 PM EDT,$0.43,333
20260824,MLB-WIN-IT5-000FP41SI54B2VO-PIES000,08/21/26 10:41 PM EDT,$0.17,11
20260824,NPB-WIN-FG-03VT6SBD4OII6U0-CHES000,08/21/26 10:41 PM EDT,$0.46,41
20260824,NPB-WIN-FG-03VT6S974OII678-CHNS000,08/21/26 10:41 PM EDT,$0.64,30
20260824,NPB-WIN-FG-03VTIELK4O0VRRG-ORES000,08/21/26 10:41 PM EDT,$0.34,55
20260824,NPB-WIN-FG-03VT6SD94OII6V8-YORS001,08/21/26 10:41 PM EDT,$0.56,34
20260824,LIGAMX-TGLS-FG-00CBOUVGKS1OM6O-GTE-P00015,08/21/26 10:42 PM EDT,$0.15,143
20260824,MLB-TRUNS-IT5-000FP41SI54B2VO-GTE-P00055,08/21/26 10:42 PM EDT,$0.47,2121
20260824,LIGAMX-TGLS-FG-014F36C2L88MDH0-GTE-P00035,08/21/26 10:42 PM EDT,$0.32,247
20260824,MLB-TRUNS-IT5-000FP462I54B208-GTE-P00045,08/21/26 10:42 PM EDT,$0.28,390
20260824,MLB-TRUNS-IT5-000FP41SI54B2VO-GTE-P00055,08/21/26 10:42 PM EDT,$0.44,43
20260824,MLB-TRUNS-I2-000FP404I54B3T0-GTE-P00005,08/21/26 10:43 PM EDT,$0.43,111
20260824,MLB-TRUNS-I3-000FP41SI54B2VO-GTE-P00005,08/21/26 10:43 PM EDT,$0.43,36
20260824,MLB-TRUNS-IT5-000FP462I54B208-GTE-P00045,08/21/26 10:43 PM EDT,$0.28,50
20260824,MLB-TRUNS-IT5-000FP462I54B208-GTE-P00045,08/21/26 10:43 PM EDT,$0.28,50
20260824,MLB-TRUNS-IT5-000FP462I54B208-GTE-P00045,08/21/26 10:43 PM EDT,$0.28,400
20260824,LIGAMX-TGLS-FG-00CBOUVGKS1OM6O-GTE-P00005,08/21/26 10:43 PM EDT,$0.56,4
20260824,LIGAMX-BTMSC-FG-014F36C2L88MDH0-BINARY,08/21/26 10:43 PM EDT,$0.53,15
20260824,KBO-WIN-FG-03VTIEJ14O0VQVG-SANS000,08/21/26 10:43 PM EDT,$0.57,43
20260824,MLB-TRUNS-IT5-000FP462I54B208-GTE-P00045,08/21/26 10:44 PM EDT,$0.28,133
20260824,MLB-TRUNS-I3-000FP41SI54B2VO-GTE-P00005,08/21/26 10:44 PM EDT,$0.41,304
20260824,MLB-TRUNS-IT5-000FP41SI54B2VO-GTE-P00055,08/21/26 10:44 PM EDT,$0.43,16
20260824,LIGAMX-TGLS-FG-00CBOUVGKS1OM6O-GTE-P00005,08/21/26 10:44 PM EDT,$0.55,24
20260824,LIGAMX-TGLS-FG-01O38BN3VVTN6IO-GTE-P00025,08/21/26 10:44 PM EDT,$0.38,6
20260824,LIGAMX-TGLS-FG-01O38BN3VVTN6IO-GTE-P00025,08/21/26 10:44 PM EDT,$0.38,50
20260824,MLB-TRUNS-I4-000FP41SI54B2VO-GTE-P00005,08/21/26 10:45 PM EDT,$0.39,142
20260824,MLB-TRUNS-IT5-000FP404I54B3T0-GTE-P00085,08/21/26 10:45 PM EDT,$0.57,254
20260824,MLB-TRUNS-IT5-000FP404I54B3T0-GTE-P00045,08/21/26 10:45 PM EDT,$0.99,8
20260824,MLB-TRUNS-IT5-000FP462I54B208-GTE-P00045,08/21/26 10:45 PM EDT,$0.26,11
20260824,MLB-MOVY-IT5-000FP404I54B3T0-SERS000-GTE-P00005,08/21/26 10:45 PM EDT,$0.47,20
20260824,MLB-TRUNS-FG-000FP404I54B3T0-GTE-P00095,08/21/26 10:46 PM EDT,$0.84,80
20260824,LIGAMX-TGLS-FG-01O38BN3VVTN6IO-GTE-P00025,08/21/26 10:46 PM EDT,$0.38,30
20260824,LIGAMX-MOVY-FG-014F36C2L88MDH0-CLCA001-GTE-P00025,08/21/26 10:46 PM EDT,$0.16,59
20260824,MLB-TRUNS-I3-000FP41SI54B2VO-GTE-P00005,08/21/26 10:46 PM EDT,$0.45,23
20260824,MLB-TRUNS-IT5-000FP462I54B208-GTE-P00045,08/21/26 10:46 PM EDT,$0.21,1
20260824,LIGAMX-TGLS-FG-00CBOUVGKS1OM6O-GTE-P00015,08/21/26 10:46 PM EDT,$0.46,54
20260824,LIGAMX-TGLS-FG-00CBOUVGKS1OM6O-GTE-P00015,08/21/26 10:46 PM EDT,$0.46,50
20260824,LIGAMX-TGLS-FG-01O38BN3VVTN6IO-GTE-P00025,08/21/26 10:46 PM EDT,$0.38,15
20260824,MLB-TRUNS-IT5-000FPUUOI541HG8-GTE-P00065,08/21/26 10:46 PM EDT,$0.62,63
20260824,MLB-MOVY-IT5-000FP462I54B208-SDES000-GTE-P00005,08/21/26 10:47 PM EDT,$0.22,41
20260824,LIGAMX-TGLS-FG-00CBOUVGKS1OM6O-GTE-P00015,08/21/26 10:47 PM EDT,$0.46,9
20260824,MLB-TRUNS-I7-000FPUUVI541HNG-GTE-P00035,08/21/26 10:47 PM EDT,$0.25,29
20260824,NPB-WIN-FG-03VTIELK4O0VRRG-FUKS000,08/21/26 10:47 PM EDT,$0.68,28
20260824,MLB-TRUNS-I4-000FP41SI54B2VO-GTE-P00015,08/21/26 10:47 PM EDT,$0.26,39
20260824,MLB-PHRR-FG-000FP462I54B208-JATH000-GTE-P00025,08/21/26 10:48 PM EDT,$0.13,7
20260824,MLB-TRUNS-FG-000FPUUOI541HG8-GTE-P00105,08/21/26 10:48 PM EDT,$0.44,100
20260824,LIGAMX-TGLS-FG-01O38BN3VVTN6IO-GTE-P00025,08/21/26 10:48 PM EDT,$0.34,147
20260824,LIGAMX-BTMSC-FG-01O38BN3VVTN6IO-BINARY,08/21/26 10:48 PM EDT,$0.27,6
20260824,MLB-WIN-IT5-000FP404I54B3T0-CHBS000,08/21/26 10:48 PM EDT,$0.28,10
20260824,LIGAMX-BTMSC-FG-01O38BN3VVTN6IO-BINARY,08/21/26 10:49 PM EDT,$0.33,15
20260824,MLB-TRUNS-IT5-000FPUUOI541HG8-GTE-P00045,08/21/26 10:49 PM EDT,$0.99,30
20260824,LIGAMX-TGLS-FG-01O38BN3VVTN6IO-GTE-P00025,08/21/26 10:49 PM EDT,$0.31,7
20260824,MLB-TRUNS-I5-000FPUUOI541HG8-GTE-P00005,08/21/26 10:49 PM EDT,$0.52,4
20260824,LIGAMX-BTMSC-FG-00CBOUVGKS1OM6O-BINARY,08/21/26 10:49 PM EDT,$0.16,117
20260824,LIGAMX-TGLS-FG-00CBOUVGKS1OM6O-GTE-P00015,08/21/26 10:49 PM EDT,$0.40,809
20260824,LIGAMX-BTMSC-FG-01O38BN3VVTN6IO-BINARY,08/21/26 10:49 PM EDT,$0.25,214
20260824,LIGAMX-TGLS-FG-00CBOUVGKS1OM6O-GTE-P00015,08/21/26 10:49 PM EDT,$0.37,7
20260824,NWSL-DWIN-FG-000FPQ0FI544HD8-DRAW,08/21/26 10:49 PM EDT,$0.14,6
20260824,LIGAMX-TGLS-FG-00CBOUVGKS1OM6O-GTE-P00015,08/21/26 10:49 PM EDT,$0.37,23
20260824,MLB-TRUNS-I8-000FP242I543CMO-GTE-P00005,08/21/26 10:49 PM EDT,$0.31,12
20260824,LIGAMX-TGLS-FG-00CBOUVGKS1OM6O-GTE-P00015,08/21/26 10:49 PM EDT,$0.37,13
20260824,MLB-TRUNS-IT5-000FP41SI54B2VO-GTE-P00055,08/21/26 10:49 PM EDT,$0.47,1064
20260824,LIGAMX-TGLS-FG-00CA1V63KSKBE28-GTE-P00025,08/21/26 10:50 PM EDT,$0.60,806
20260824,LIGAMX-TGLS-FG-00CA1V63KSKBE28-GTE-P00025,08/21/26 10:50 PM EDT,$0.60,15
20260824,MLB-TRUNS-IT5-000FP41SI54B2VO-GTE-P00045,08/21/26 10:50 PM EDT,$0.61,500
20260824,MLB-WIN-FG-000FP41SI54B2VO-LARS000,08/21/26 10:50 PM EDT,$0.72,2000
20260824,MLB-WIN-FG-000FP41SI54B2VO-PIES000,08/21/26 10:50 PM EDT,$0.27,2000
20260824,MLB-TRUNS-IT5-000FP462I54B208-GTE-P00045,08/21/26 10:51 PM EDT,$0.29,52
20260824,LIGAMX-TGLS-FG-01O38BN3VVTN6IO-GTE-P00025,08/21/26 10:51 PM EDT,$0.20,48
20260824,LIGAMX-TGLS-FG-01O38BN3VVTN6IO-GTE-P00025,08/21/26 10:51 PM EDT,$0.36,13
20260824,LIGAMX-TGLS-FG-014F36C2L88MDH0-GTE-P00035,08/21/26 10:52 PM EDT,$0.29,34
20260824,MLB-TRUNS-IT5-000FP462I54B208-GTE-P00045,08/21/26 10:52 PM EDT,$0.46,48
20260824,LIGAMX-TGLS-FG-00CBOUVGKS1OM6O-GTE-P00015,08/21/26 10:52 PM EDT,$0.40,222
20260824,MLB-TRUNS-I3-000FP41SI54B2VO-GTE-P00015,08/21/26 10:52 PM EDT,$0.34,119
20260824,MLB-TRUNS-I3-000FP41SI54B2VO-GTE-P00015,08/21/26 10:52 PM EDT,$0.42,113
20260824,MLB-TRUNS-I3-000FP41SI54B2VO-GTE-P00015,08/21/26 10:52 PM EDT,$0.42,56
20260824,MLB-TRUNS-FG-000FP242I543CMO-GTE-P00045,08/21/26 10:53 PM EDT,$0.37,2000
20260824,MLB-TRUNS-FG-000FP242I543CMO-GTE-P00045,08/21/26 10:53 PM EDT,$0.37,300
20260824,MLB-TRUNS-IT5-000FP462I54B208-GTE-P00045,08/21/26 10:53 PM EDT,$0.43,104
20260824,LIGAMX-MOVY-FG-014F36C2L88MDH0-CLCA001-GTE-P00015,08/21/26 10:53 PM EDT,$0.40,47
20260824,LIGAMX-MOVY-FG-01O38BN3VVTN6IO-CLON010-GTE-P00015,08/21/26 10:53 PM EDT,$0.74,107
20260824,MLB-TRUNS-IT5-000FP41SI54B2VO-GTE-P00065,08/21/26 10:53 PM EDT,$0.45,10
20260824,MLB-TRUNS-I4-000FPUUOI541HG8-GTE-P00005,08/21/26 10:53 PM EDT,$0.59,16
20260824,LIGAMX-BTMSC-FG-014F36C2L88MDH0-BINARY,08/21/26 10:53 PM EDT,$0.53,26
20260824,LIGAMX-BTMSC-FG-014F36C2L88MDH0-BINARY,08/21/26 10:53 PM EDT,$0.53,76
20260824,MLB-PHRR-FG-000FP404I54B3T0-PENG000-GTE-P00035,08/21/26 10:53 PM EDT,$0.60,70
20260824,LIGAMX-TGLS-FG-014F36C2L88MDH0-GTE-P00025,08/21/26 10:53 PM EDT,$0.54,182
20260824,NWSL-DWIN-FG-000FPQ0FI544HD8-UTSW003,08/21/26 10:54 PM EDT,$0.17,27
20260824,LIGAMX-TGLS-FG-01O38BN3VVTN6IO-GTE-P00025,08/21/26 10:54 PM EDT,$0.29,250
20260824,MLB-TRUNS-FG-000FP242I543CMO-GTE-P00045,08/21/26 10:54 PM EDT,$0.25,1350
20260824,MLB-TRUNS-FG-000FP242I543CMO-GTE-P00045,08/21/26 10:54 PM EDT,$0.25,650
20260824,LIGAMX-TGLS-FG-01O38BN3VVTN6IO-GTE-P00025,08/21/26 10:54 PM EDT,$0.28,76
20260824,MLB-TRUNS-I9-000FP20FI543DE8-GTE-P00005,08/21/26 10:54 PM EDT,$0.47,10
20260824,MLB-TRUNS-IT5-000FPUUOI541HG8-GTE-P00065,08/21/26 10:54 PM EDT,$0.62,4
20260824,MLB-TRUNS-IT5-000FP462I54B208-GTE-P00065,08/21/26 10:55 PM EDT,$0.44,408
20260824,MLB-TRUNS-I4-000FPUUOI541HG8-GTE-P00005,08/21/26 10:55 PM EDT,$0.68,14
20260824,LIGAMX-TGLS-FG-014F36C2L88MDH0-GTE-P00035,08/21/26 10:55 PM EDT,$0.32,7
20260824,MLB-TRUNS-IT5-000FP462I54B208-GTE-P00065,08/21/26 10:55 PM EDT,$0.93,158
20260824,MLB-TRUNS-IT5-000FP462I54B208-GTE-P00065,08/21/26 10:55 PM EDT,$0.93,250
20260824,LIGAMX-BTMSC-FG-01O38BN3VVTN6IO-BINARY,08/21/26 10:55 PM EDT,$0.22,77
20260824,MLB-TRUNS-I3-000FP404I54B3T0-GTE-P00015,08/21/26 10:55 PM EDT,$0.54,44
20260824,MLB-TRUNS-I9-000FP20FI543DE8-GTE-P00005,08/21/26 10:55 PM EDT,$0.50,192
20260824,MLB-MOVY-IT5-000FP462I54B208-SDES000-GTE-P00035,08/21/26 10:55 PM EDT,$0.65,28
20260824,MLB-WIN-IT5-000FP404I54B3T0-SERS000,08/21/26 10:56 PM EDT,$0.57,483
20260824,LIGAMX-MOVY-FG-00CBOUVGKS1OM6O-TINL001-GTE-P00025,08/21/26 10:56 PM EDT,$0.09,53
20260824,MLB-TRUNS-I4-000FPUUOI541HG8-GTE-P00015,08/21/26 10:56 PM EDT,$0.41,11
20260824,LIGAMX-TGLS-FG-01O38BN3VVTN6IO-GTE-P00025,08/21/26 10:56 PM EDT,$0.18,26
20260824,LIGAMX-TGLS-FG-014F36C2L88MDH0-GTE-P00025,08/21/26 10:56 PM EDT,$0.54,89
20260824,MLB-MOVY-IT5-000FPUUOI541HG8-ARKS000-GTE-P00045,08/21/26 10:56 PM EDT,$0.60,47
20260824,MLB-TRUNS-IT5-000FPUUOI541HG8-GTE-P00065,08/21/26 10:56 PM EDT,$0.55,44
20260824,LIGAMX-TGLS-FG-00CBOUVGKS1OM6O-GTE-P00025,08/21/26 10:56 PM EDT,$0.15,116
20260824,MLB-TRUNS-FG-000FPUUOI541HG8-GTE-P00095,08/21/26 10:56 PM EDT,$0.59,2000
20260824,MLB-TRUNS-IT5-000FPUUOI541HG8-GTE-P00065,08/21/26 10:56 PM EDT,$0.47,454
20260824,MLB-TRUNS-FG-000FP462I54B208-GTE-P00095,08/21/26 10:56 PM EDT,$0.79,2000
20260824,MLB-TRUNS-FG-000FP462I54B208-GTE-P00125,08/21/26 10:56 PM EDT,$0.38,2000
20260824,MLB-TRUNS-FG-000FP462I54B208-GTE-P00105,08/21/26 10:56 PM EDT,$0.65,2000
20260824,MLB-TRUNS-I3-000FP41SI54B2VO-GTE-P00015,08/21/26 10:56 PM EDT,$0.39,28
20260824,MLB-MOVY-IT5-000FP41SI54B2VO-LARS000-GTE-P00015,08/21/26 10:57 PM EDT,$0.37,8
20260824,LIGAMX-MOVY-FG-014F36C2L88MDH0-CLCA001-GTE-P00015,08/21/26 10:57 PM EDT,$0.40,23
20260824,LIGAMX-BTMSC-FG-014F36C2L88MDH0-BINARY,08/21/26 10:57 PM EDT,$0.53,9
20260824,LIGAMX-TGLS-FG-01O38BN3VVTN6IO-GTE-P00025,08/21/26 10:57 PM EDT,$0.14,9
20260824,LIGAMX-TGLS-FG-00CA1V63KSKBE28-GTE-P00035,08/21/26 10:57 PM EDT,$0.39,73
20260824,LIGAMX-MOVY-FG-014F36C2L88MDH0-CLCA001-GTE-P00015,08/21/26 10:57 PM EDT,$0.40,33
20260824,LIGAMX-TGLS-FG-00CA1V63KSKBE28-GTE-P00025,08/21/26 10:57 PM EDT,$0.60,80
20260824,MLB-WIN-IT5-000FP404I54B3T0-CHBS000,08/21/26 10:57 PM EDT,$0.30,15
20260824,MLB-MOVY-IT5-000FPUUOI541HG8-ARKS000-GTE-P00045,08/21/26 10:58 PM EDT,$0.73,2
20260824,LIGAMX-BTMSC-FG-00CBOUVGKS1OM6O-BINARY,08/21/26 10:58 PM EDT,$0.02,18
20260824,LIGAMX-TGLS-FG-00CBOUVGKS1OM6O-GTE-P00025,08/21/26 10:58 PM EDT,$0.25,74
20260824,LIGAMX-TGLS-FG-00CBOUVGKS1OM6O-GTE-P00025,08/21/26 10:58 PM EDT,$0.15,45
20260824,MLB-WIN-FG-000FP41SI54B2VO-PIES000,08/21/26 10:58 PM EDT,$0.23,150
20260824,MLB-TRUNS-FG-000FP41SI54B2VO-GTE-P00085,08/21/26 10:58 PM EDT,$0.73,40
20260824,MLB-TRUNS-FG-000FP41SI54B2VO-GTE-P00085,08/21/26 10:58 PM EDT,$0.73,40
20260824,MLB-TRUNS-FG-000FP41SI54B2VO-GTE-P00085,08/21/26 10:58 PM EDT,$0.73,80
20260824,MLB-TRUNS-FG-000FP41SI54B2VO-GTE-P00085,08/21/26 10:58 PM EDT,$0.73,100
20260824,MLB-TRUNS-FG-000FP41SI54B2VO-GTE-P00085,08/21/26 10:58 PM EDT,$0.73,110
20260824,MLB-TRUNS-FG-000FP41SI54B2VO-GTE-P00085,08/21/26 10:58 PM EDT,$0.73,100
20260824,MLB-TRUNS-FG-000FP41SI54B2VO-GTE-P00105,08/21/26 10:58 PM EDT,$0.50,220
20260824,MLB-TRUNS-FG-000FP41SI54B2VO-GTE-P00085,08/21/26 10:58 PM EDT,$0.73,170
20260824,MLB-TRUNS-FG-000FP41SI54B2VO-GTE-P00095,08/21/26 10:58 PM EDT,$0.59,2000
20260824,MLB-TRUNS-FG-000FP41SI54B2VO-GTE-P00085,08/21/26 10:58 PM EDT,$0.73,100
20260824,MLB-TRUNS-FG-000FP41SI54B2VO-GTE-P00105,08/21/26 10:58 PM EDT,$0.50,230
20260824,MLB-TRUNS-FG-000FP41SI54B2VO-GTE-P00105,08/21/26 10:58 PM EDT,$0.50,200
20260824,MLB-TRUNS-FG-000FP41SI54B2VO-GTE-P00105,08/21/26 10:58 PM EDT,$0.50,280
20260824,MLB-TRUNS-FG-000FP41SI54B2VO-GTE-P00085,08/21/26 10:58 PM EDT,$0.73,1090
20260824,MLB-TRUNS-FG-000FP41SI54B2VO-GTE-P00085,08/21/26 10:58 PM EDT,$0.73,170
20260824,MLB-TRUNS-FG-000FP41SI54B2VO-GTE-P00105,08/21/26 10:58 PM EDT,$0.50,860
20260824,MLB-TRUNS-FG-000FP41SI54B2VO-GTE-P00105,08/21/26 10:58 PM EDT,$0.50,210
20260824,LIGAMX-MOVY-FG-014F36C2L88MDH0-CLCA001-GTE-P00015,08/21/26 10:58 PM EDT,$0.40,117
20260824,MLB-WIN-FG-000FP41SI54B2VO-PIES000,08/21/26 10:58 PM EDT,$0.23,150
20260824,MLB-TRUNS-FG-000FP41SI54B2VO-GTE-P00095,08/21/26 10:58 PM EDT,$0.59,300
20260824,MLB-TRUNS-FG-000FP41SI54B2VO-GTE-P00085,08/21/26 10:58 PM EDT,$0.73,50
20260824,MLB-PHRR-FG-000FP404I54B3T0-PENG000-GTE-P00065,08/21/26 10:59 PM EDT,$0.18,52
20260824,MLB-TRUNS-IT5-000FP41SI54B2VO-GTE-P00055,08/21/26 10:59 PM EDT,$0.83,500
20260824,MLB-TRUNS-IT5-000FP41SI54B2VO-GTE-P00055,08/21/26 10:59 PM EDT,$0.83,300
20260824,MLB-TRUNS-IT5-000FP41SI54B2VO-GTE-P00055,08/21/26 10:59 PM EDT,$0.83,200
20260824,MLB-TRUNS-IT5-000FP41SI54B2VO-GTE-P00055,08/21/26 10:59 PM EDT,$0.84,1000
20260824,LIGAMX-TGLS-FG-014F36C2L88MDH0-GTE-P00045,08/21/26 10:59 PM EDT,$0.17,277
20260824,LIGAMX-TGLS-FG-00CA1V63KSKBE28-GTE-P00035,08/21/26 10:59 PM EDT,$0.39,24
20260824,LIGAMX-MOVY-FG-014F36C2L88MDH0-CLCA001-GTE-P00025,08/21/26 10:59 PM EDT,$0.17,11
20260824,MLB-MOVY-IT5-000FP41SI54B2VO-LARS000-GTE-P00025,08/21/26 10:59 PM EDT,$0.44,43
20260824,MLB-WIN-IT5-000FP41SI54B2VO-PIES000,08/21/26 10:59 PM EDT,$0.12,23
20260824,MLB-TRUNS-IT5-000FP41SI54B2VO-GTE-P00055,08/21/26 10:59 PM EDT,$0.83,121
20260824,LIGAMX-TGLS-FG-00CA1V63KSKBE28-GTE-P00025,08/21/26 10:59 PM EDT,$0.60,8
20260824,LIGAMX-BTMSC-FG-00CA1V63KSKBE28-BINARY,08/21/26 10:59 PM EDT,$0.63,7
20260824,MLB-MOVY-IT5-000FP41SI54B2VO-LARS000-GTE-P00015,08/21/26 10:59 PM EDT,$0.53,1000
20260824,MLB-MOVY-IT5-000FP41SI54B2VO-LARS000-GTE-P00015,08/21/26 10:59 PM EDT,$0.53,20
20260824,MLB-TRUNS-I4-000FP404I54B3T0-GTE-P00005,08/21/26 11:00 PM EDT,$0.41,500
20260824,MLB-TRUNS-I4-000FP404I54B3T0-GTE-P00005,08/21/26 11:00 PM EDT,$0.41,500
20260824,LIGAMX-MOVY-FG-014F36C2L88MDH0-CLCA001-GTE-P00015,08/21/26 11:00 PM EDT,$0.41,23
20260824,LIGAMX-BTMSC-FG-00CA1V63KSKBE28-BINARY,08/21/26 11:00 PM EDT,$0.61,4
20260824,LIGAMX-TGLS-FG-00CBOUVGKS1OM6O-GTE-P00015,08/21/26 11:01 PM EDT,$0.93,9
20260824,KBO-WIN-FG-03VTIEN84O0VQS8-KIRS000,08/21/26 11:01 PM EDT,$0.62,90
20260824,KBO-WIN-FG-03VTIEN84O0VQS8-KIRS000,08/21/26 11:01 PM EDT,$0.60,90
20260824,MLB-TRUNS-FG-000FP41SI54B2VO-GTE-P00095,08/21/26 11:02 PM EDT,$0.61,100
20260824,MLB-TRUNS-FG-000FP41SI54B2VO-GTE-P00105,08/21/26 11:02 PM EDT,$0.51,900
20260824,MLB-TRUNS-FG-000FP41SI54B2VO-GTE-P00105,08/21/26 11:02 PM EDT,$0.51,1100
20260824,MLB-MOVY-IT5-000FP41SI54B2VO-LARS000-GTE-P00025,08/21/26 11:02 PM EDT,$0.38,806
20260824,MLB-TRUNS-IT5-000FP41SI54B2VO-GTE-P00065,08/21/26 11:03 PM EDT,$0.57,1163
20260824,MLB-TRUNS-IT5-000FP41SI54B2VO-GTE-P00055,08/21/26 11:03 PM EDT,$0.73,50
20260824,MLB-TRUNS-IT5-000FP41SI54B2VO-GTE-P00055,08/21/26 11:03 PM EDT,$0.73,150
20260824,MLB-TRUNS-IT5-000FP41SI54B2VO-GTE-P00055,08/21/26 11:03 PM EDT,$0.73,200
20260824,MLB-TRUNS-IT5-000FP41SI54B2VO-GTE-P00055,08/21/26 11:03 PM EDT,$0.73,100
20260824,MLB-TRUNS-IT5-000FP41SI54B2VO-GTE-P00055,08/21/26 11:03 PM EDT,$0.73,50
20260824,MLB-TRUNS-IT5-000FP41SI54B2VO-GTE-P00055,08/21/26 11:03 PM EDT,$0.73,50
20260824,MLB-TRUNS-IT5-000FP41SI54B2VO-GTE-P00055,08/21/26 11:03 PM EDT,$0.73,150
20260824,LIGAMX-TGLS-FG-00CBOUVGKS1OM6O-GTE-P00015,08/21/26 11:04 PM EDT,$0.93,104
20260824,MLB-MOVY-IT5-000FP41SI54B2VO-LARS000-GTE-P00015,08/21/26 11:04 PM EDT,$0.54,108
20260824,MLB-WIN-IT5-000FP41SI54B2VO-PIES000,08/21/26 11:04 PM EDT,$0.13,11
20260824,NWSL-DWIN-FG-000FPQ0FI544HD8-UTSW003,08/21/26 11:04 PM EDT,$0.17,5
20260824,NWSL-DWIN-FG-000FPQ0FI544HD8-DRAW,08/21/26 11:05 PM EDT,$0.28,4
20260824,NWSL-DWIN-FG-000FPQ0FI544HD8-DRAW,08/21/26 11:05 PM EDT,$0.28,5
20260824,NWSL-DWIN-FG-000FPQ0FI544HD8-SACW009,08/21/26 11:05 PM EDT,$0.75,12
20260824,MLB-TRUNS-I3-000FP41SI54B2VO-GTE-P00015,08/21/26 11:06 PM EDT,$0.40,50
20260824,MLB-TRUNS-IT5-000FPUUOI541HG8-GTE-P00075,08/21/26 11:06 PM EDT,$0.31,123
20260824,LIGAMX-TGLS-FG-00CA1V63KSKBE28-GTE-P00025,08/21/26 11:06 PM EDT,$0.61,90
20260824,MLB-TRUNS-IT5-000FPUUOI541HG8-GTE-P00075,08/21/26 11:06 PM EDT,$0.39,55
20260824,MLB-TRUNS-IT5-000FPUUOI541HG8-GTE-P00065,08/21/26 11:06 PM EDT,$0.57,1163
20260824,MLB-TRUNS-I3-000FP41SI54B2VO-GTE-P00035,08/21/26 11:07 PM EDT,$0.22,208
20260824,MLB-TRUNS-IT5-000FP41SI54B2VO-GTE-P00075,08/21/26 11:07 PM EDT,$0.59,24
20260824,MLB-TRUNS-IT5-000FP41SI54B2VO-GTE-P00075,08/21/26 11:07 PM EDT,$0.51,39
20260824,MLB-TRUNS-IT5-000FPUUOI541HG8-GTE-P00065,08/21/26 11:07 PM EDT,$0.57,1163
20260824,MLB-TRUNS-IT5-000FPUUOI541HG8-GTE-P00065,08/21/26 11:08 PM EDT,$0.57,1163
20260824,LIGAMX-TGLS-FG-00CA1V63KSKBE28-GTE-P00025,08/21/26 11:08 PM EDT,$0.61,187
20260824,NWSL-DWIN-FG-000FPQ0FI544HD8-DRAW,08/21/26 11:08 PM EDT,$0.28,100
20260824,MLB-PHRR-FG-000FP20FI543DE8-MIUT000-GTE-P00025,08/21/26 11:09 PM EDT,$0.26,10
20260824,MLB-TRUNS-IT5-000FPUUOI541HG8-GTE-P00065,08/21/26 11:09 PM EDT,$0.59,50
20260824,MLB-TRUNS-IT5-000FPUUOI541HG8-GTE-P00065,08/21/26 11:09 PM EDT,$0.59,750
20260824,MLB-TRUNS-IT5-000FPUUOI541HG8-GTE-P00065,08/21/26 11:09 PM EDT,$0.59,50
20260824,MLB-TRUNS-IT5-000FPUUOI541HG8-GTE-P00065,08/21/26 11:09 PM EDT,$0.59,152
20260824,MLB-TRUNS-IT5-000FPUUOI541HG8-GTE-P00065,08/21/26 11:09 PM EDT,$0.59,218
20260824,LIGAMX-TGLS-FG-00CA1V63KSKBE28-GTE-P00015,08/21/26 11:09 PM EDT,$0.77,15
20260824,MLB-PHRR-FG-000FP462I54B208-XATS000-GTE-P00015,08/21/26 11:09 PM EDT,$0.13,3
20260824,NASCAR-WIN-RCE-00GM207BRJKDADF52I8U9EU806L4S6GO02U0KQ6FHUPMKC809CVJL96JPKH0-DEIN002,08/21/26 11:09 PM EDT,$0.13,185
20260824,LIGAMX-TGLS-FG-00CA1V63KSKBE28-GTE-P00025,08/21/26 11:09 PM EDT,$0.57,28
20260824,MLB-TRUNS-FG-000FP462I54B208-GTE-P00105,08/21/26 11:09 PM EDT,$0.38,10
20260824,LIGAMX-TGLS-FG-00CA1V63KSKBE28-GTE-P00025,08/21/26 11:09 PM EDT,$0.61,137
20260824,LIGAMX-TGLS-FG-00CA1V63KSKBE28-GTE-P00025,08/21/26 11:09 PM EDT,$0.61,723
20260824,NASCAR-WIN-RCE-00GM207BRJKDADF52I8U9EU806L4S6GO02U0KQ6FHUPMKC809CVJL96JPKH0-CHLL010,08/21/26 11:10 PM EDT,$0.15,156
20260824,MLB-WIN-IT5-000FP41SI54B2VO-PIES000,08/21/26 11:10 PM EDT,$0.06,28
20260824,MLB-TRUNS-FG-000FPUUOI541HG8-GTE-P00105,08/21/26 11:10 PM EDT,$0.40,100
20260824,MLB-TRUNS-FG-000FPUUOI541HG8-GTE-P00125,08/21/26 11:10 PM EDT,$0.22,50
20260824,MLB-MOVY-IT5-000FP404I54B3T0-SERS000-GTE-P00005,08/21/26 11:10 PM EDT,$0.48,157
20260824,MLB-MOVY-IT5-000FP41SI54B2VO-LARS000-GTE-P00025,08/21/26 11:10 PM EDT,$0.57,254
20260824,MLB-TRUNS-IT5-000FPUUOI541HG8-GTE-P00065,08/21/26 11:10 PM EDT,$0.45,37
20260824,MLB-TRUNS-I3-000FP41SI54B2VO-GTE-P00035,08/21/26 11:10 PM EDT,$0.24,192
20260824,LIGAMX-TGLS-FG-00CA1V63KSKBE28-GTE-P00025,08/21/26 11:11 PM EDT,$0.57,22
20260824,LIGAMX-TGLS-FG-00CA1V63KSKBE28-GTE-P00015,08/21/26 11:11 PM EDT,$0.80,9
20260824,NWSL-DWIN-FG-000FPQ0FI544HD8-DRAW,08/21/26 11:12 PM EDT,$0.23,321
20260824,LIGAMX-TGLS-FG-00CA1V63KSKBE28-GTE-P00005,08/21/26 11:12 PM EDT,$0.85,6
20260824,MLB-TRUNS-IT5-000FPUUOI541HG8-GTE-P00065,08/21/26 11:12 PM EDT,$0.47,120
20260824,LIGAMX-TGLS-FG-00CA1V63KSKBE28-GTE-P00005,08/21/26 11:12 PM EDT,$0.94,17
20260824,MLB-TRUNS-IT5-000FP404I54B3T0-GTE-P00075,08/21/26 11:13 PM EDT,$0.56,21
20260824,NWSL-DWIN-FG-000FPQ0FI544HD8-SACW009,08/21/26 11:13 PM EDT,$0.72,81
20260824,LIGAMX-TGLS-FG-00CA1V63KSKBE28-GTE-P00025,08/21/26 11:13 PM EDT,$0.55,106
20260824,LIGAMX-MOVY-FG-014F36C2L88MDH0-JUEZ068-GTE-P00005,08/21/26 11:13 PM EDT,$0.16,15
20260824,LIGAMX-BTMSC-FG-00CA1V63KSKBE28-BINARY,08/21/26 11:14 PM EDT,$0.58,113
20260824,MLS-BTMSC-FG-000A3TE4I78818G-BINARY,08/21/26 11:14 PM EDT,$0.62,7
20260824,LIGAMX-MOVY-FG-014F36C2L88MDH0-JUEZ068-GTE-P00015,08/21/26 11:14 PM EDT,$0.02,15
20260824,MLB-MOVY-IT5-000FP41SI54B2VO-LARS000-GTE-P00025,08/21/26 11:14 PM EDT,$0.42,254
20260824,LIGAMX-MOVY-FG-014F36C2L88MDH0-CLCA001-GTE-P00005,08/21/26 11:14 PM EDT,$0.63,10
20260824,LIGAMX-TGLS-FG-00CA1V63KSKBE28-GTE-P00025,08/21/26 11:14 PM EDT,$0.56,10
20260824,LIGAMX-TGLS-FG-014F36C2L88MDH0-GTE-P00015,08/21/26 11:14 PM EDT,$0.77,192
20260824,MLB-PHRR-FG-000FP20FI543DE8-MIUT000-GTE-P00025,08/21/26 11:15 PM EDT,$0.26,17
20260824,NWSL-DWIN-FG-000FPQ0FI544HD8-UTSW003,08/21/26 11:15 PM EDT,$0.11,833
20260824,NWSL-DWIN-FG-000FPQ0FI544HD8-SACW009,08/21/26 11:15 PM EDT,$0.43,15
20260824,NWSL-DWIN-FG-000FPQ0FI544HD8-DRAW,08/21/26 11:16 PM EDT,$0.26,4
20260824,NWSL-DWIN-FG-000FPQ0FI544HD8-SACW009,08/21/26 11:16 PM EDT,$0.38,4
20260824,MLB-TRUNS-IT5-000FP41SI54B2VO-GTE-P00075,08/21/26 11:16 PM EDT,$0.40,40
20260824,LIGAMX-BTMSC-FG-00CA1V63KSKBE28-BINARY,08/21/26 11:17 PM EDT,$0.54,20
20260824,LIGAMX-TGLS-FG-014F36C2L88MDH0-GTE-P00005,08/21/26 11:17 PM EDT,$0.98,340
20260824,NWSL-DWIN-FG-000FPQ0FI544HD8-UTSW003,08/21/26 11:18 PM EDT,$0.29,87
20260824,LIGAMX-TGLS-FG-00CA1V63KSKBE28-GTE-P00025,08/21/26 11:18 PM EDT,$0.53,48
20260824,NPB-WIN-FG-03VTIEJO4O0VQV8-SANS002,08/21/26 11:18 PM EDT,$0.50,196
20260824,LIGAMX-BTMSC-FG-014F36C2L88MDH0-BINARY,08/21/26 11:18 PM EDT,$0.50,18
20260824,LIGAMX-TGLS-FG-014F36C2L88MDH0-GTE-P00015,08/21/26 11:18 PM EDT,$0.77,15
20260824,MLB-TRUNS-IT5-000FPUUOI541HG8-GTE-P00065,08/21/26 11:19 PM EDT,$0.26,8
20260824,LIGAMX-BTMSC-FG-014F36C2L88MDH0-BINARY,08/21/26 11:19 PM EDT,$0.50,105
20260824,MLB-TRUNS-I4-000FP41SI54B2VO-GTE-P00025,08/21/26 11:20 PM EDT,$0.11,41
20260824,NWSL-DWIN-FG-000FPQ0FI544HD8-DRAW,08/21/26 11:20 PM EDT,$0.46,8
20260824,NWSL-DWIN-FG-000FPQ0FI544HD8-DRAW,08/21/26 11:20 PM EDT,$0.46,200
20260824,MLB-TRUNS-IT5-000FP41SI54B2VO-GTE-P00075,08/21/26 11:20 PM EDT,$0.36,18
20260824,NWSL-DWIN-FG-000FPQ0FI544HD8-UTSW003,08/21/26 11:20 PM EDT,$0.28,168
20260824,MLB-TRUNS-I6-000FPUUOI541HG8-GTE-P00005,08/21/26 11:20 PM EDT,$0.46,35
20260824,LIGAMX-TGLS-FG-00CA1V63KSKBE28-GTE-P00005,08/21/26 11:20 PM EDT,$0.94,61
20260824,LIGAMX-TGLS-FG-014F36C2L88MDH0-GTE-P00005,08/21/26 11:21 PM EDT,$0.98,10
20260824,MLB-TRUNS-I5-000FP41SI54B2VO-GTE-P00005,08/21/26 11:21 PM EDT,$0.41,57
20260824,NWSL-DWIN-FG-000FPQ0FI544HD8-UTSW003,08/21/26 11:22 PM EDT,$0.28,50
20260824,MLB-TRUNS-FG-000FPUUVI541HNG-GTE-P00125,08/21/26 11:22 PM EDT,$0.26,2000
20260824,LIGAMX-TGLS-FG-00CA1V63KSKBE28-GTE-P00025,08/21/26 11:22 PM EDT,$0.55,7
20260824,LIGAMX-TGLS-FG-014F36C2L88MDH0-GTE-P00005,08/21/26 11:22 PM EDT,$0.98,505
20260824,LIGAMX-TGLS-FG-014F36C2L88MDH0-GTE-P00005,08/21/26 11:23 PM EDT,$0.98,26
20260824,LIGAMX-TGLS-FG-014F36C2L88MDH0-GTE-P00035,08/21/26 11:23 PM EDT,$0.26,12
20260824,MLB-TRUNS-IT5-000FP41SI54B2VO-GTE-P00075,08/21/26 11:23 PM EDT,$0.47,88
20260824,MLB-WIN-FG-000FP20FI543DE8-TERS000,08/21/26 11:23 PM EDT,$0.84,2000
20260824,MLB-TRUNS-I4-000FP41SI54B2VO-GTE-P00005,08/21/26 11:23 PM EDT,$0.52,370
20260824,LIGAMX-TGLS-FG-014F36C2L88MDH0-GTE-P00025,08/21/26 11:23 PM EDT,$0.49,39
20260824,LIGAMX-TGLS-FG-014F36C2L88MDH0-GTE-P00005,08/21/26 11:23 PM EDT,$0.96,129
20260824,NWSL-DWIN-FG-000FPQ0FI544HD8-SACW009,08/21/26 11:24 PM EDT,$0.35,27
20260824,MLB-MOVY-IT5-000FP41SI54B2VO-LARS000-GTE-P00025,08/21/26 11:24 PM EDT,$0.58,35
20260824,MLB-TRUNS-I4-000FP41SI54B2VO-GTE-P00005,08/21/26 11:24 PM EDT,$0.53,92
20260824,LIGAMX-TGLS-FG-014F36C2L88MDH0-GTE-P00045,08/21/26 11:24 PM EDT,$0.13,150
20260824,LIGAMX-TGLS-FG-014F36C2L88MDH0-GTE-P00045,08/21/26 11:24 PM EDT,$0.13,78
20260824,MLB-TRUNS-IT5-000FP41SI54B2VO-GTE-P00075,08/21/26 11:24 PM EDT,$0.53,10
20260824,LIGAMX-TGLS-FG-014F36C2L88MDH0-GTE-P00005,08/21/26 11:24 PM EDT,$0.93,8
20260824,NWSL-DWIN-FG-000FPQ0FI544HD8-DRAW,08/21/26 11:24 PM EDT,$0.46,6
20260824,NWSL-DWIN-FG-000FPQ0FI544HD8-DRAW,08/21/26 11:25 PM EDT,$0.44,2
20260824,LIGAMX-MOVY-FG-014F36C2L88MDH0-CLCA001-GTE-P00015,08/21/26 11:25 PM EDT,$0.33,142
20260824,MLB-TRUNS-IT5-000FP41SI54B2VO-GTE-P00065,08/21/26 11:25 PM EDT,$0.50,37
20260824,MLB-TRUNS-IT5-000FP41SI54B2VO-GTE-P00065,08/21/26 11:25 PM EDT,$0.51,11
20260824,MLB-TRUNS-I6-000FP404I54B3T0-GTE-P00005,08/21/26 11:25 PM EDT,$0.41,35
20260824,LIGAMX-TGLS-FG-014F36C2L88MDH0-GTE-P00025,08/21/26 11:26 PM EDT,$0.49,11
20260824,NWSL-DWIN-FG-000FPQ0FI544HD8-SACW009,08/21/26 11:26 PM EDT,$0.35,78
20260824,KBO-WIN-FG-03VTIEJ14O0VQVG-SANS000,08/21/26 11:26 PM EDT,$0.58,5
20260824,MLB-TRUNS-FG-000FP462I54B208-GTE-P00125,08/21/26 11:26 PM EDT,$0.11,1
20260824,MLB-MOVY-IT5-000FP404I54B3T0-SERS000-GTE-P00015,08/21/26 11:26 PM EDT,$0.26,10
20260824,MLB-MOVY-IT5-000FP41SI54B2VO-LARS000-GTE-P00025,08/21/26 11:26 PM EDT,$0.31,60
20260824,MLB-TRUNS-IT5-000FP41SI54B2VO-GTE-P00065,08/21/26 11:27 PM EDT,$0.48,55
20260824,MLB-TRUNS-I6-000FP404I54B3T0-GTE-P00005,08/21/26 11:27 PM EDT,$0.41,32
20260824,LIGAMX-TGLS-FG-00CA1V63KSKBE28-GTE-P00045,08/21/26 11:27 PM EDT,$0.09,1075
20260824,MLB-TRUNS-I5-000FP41SI54B2VO-GTE-P00005,08/21/26 11:27 PM EDT,$0.44,43
20260824,MLB-TRUNS-IT5-000FP41SI54B2VO-GTE-P00065,08/21/26 11:27 PM EDT,$0.49,66
20260824,KBO-WIN-FG-03VTIEN84O0VQS8-KIES000,08/21/26 11:27 PM EDT,$0.39,4
20260824,NWSL-DWIN-FG-000FPQ0FI544HD8-DRAW,08/21/26 11:27 PM EDT,$0.45,52
20260824,KBO-WIN-FG-03VTIEIU4O0VRRO-LGNS000,08/21/26 11:27 PM EDT,$0.58,25
20260824,KBO-WIN-FG-03VTIEJV4O0VR6O-LOTS001,08/21/26 11:27 PM EDT,$0.41,4
20260824,LIGAMX-TGLS-FG-00CA1V63KSKBE28-GTE-P00035,08/21/26 11:27 PM EDT,$0.21,49
20260824,KBO-WIN-FG-03VTIEJ14O0VQVG-NCOS000,08/21/26 11:27 PM EDT,$0.42,4
20260824,KBO-WIN-FG-03VTIEG94O0VQFG-SSRS000,08/21/26 11:28 PM EDT,$0.47,4
20260824,KBO-WIN-FG-03VTIEIU4O0VRRO-HAES000,08/21/26 11:28 PM EDT,$0.43,4
20260824,NWSL-DWIN-FG-000FPQ0FI544HD8-UTSW003,08/21/26 11:28 PM EDT,$0.29,350
20260824,MLB-TRUNS-IT5-000FP41SI54B2VO-GTE-P00065,08/21/26 11:28 PM EDT,$0.50,48
20260824,NPB-WIN-FG-03VTIELK4O0VRRG-ORES000,08/21/26 11:28 PM EDT,$0.34,5
20260824,NWSL-DWIN-FG-000FPQ0FI544HD8-UTSW003,08/21/26 11:28 PM EDT,$0.29,303
20260824,NPB-WIN-FG-03VT6S974OII678-TOWS000,08/21/26 11:28 PM EDT,$0.38,5
20260824,NPB-WIN-FG-03VT6SEK4OII68O-HIRP000,08/21/26 11:28 PM EDT,$0.50,2
20260824,NPB-WIN-FG-03VTIEJO4O0VQV8-SANS002,08/21/26 11:28 PM EDT,$0.50,2
20260824,NPB-TRUNS-FG-03VT6S974OII678-GTE-P00065,08/21/26 11:28 PM EDT,$0.53,36
20260824,NPB-WIN-FG-03VT6SD94OII6V8-HARS001,08/21/26 11:28 PM EDT,$0.45,2
20260824,NPB-WIN-FG-03VT6SBD4OII6U0-CHES000,08/21/26 11:28 PM EDT,$0.46,2
20260824,LIGAMX-MOVY-FG-014F36C2L88MDH0-CLCA001-GTE-P00015,08/21/26 11:28 PM EDT,$0.33,14
20260824,MLB-TRUNS-I5-000FP41SI54B2VO-GTE-P00005,08/21/26 11:30 PM EDT,$0.43,17
20260824,KBO-TRUNS-FG-03VTIEJV4O0VR6O-GTE-P00135,08/21/26 11:30 PM EDT,$0.09,100
20260824,MLB-TRUNS-IT5-000FP41SI54B2VO-GTE-P00065,08/21/26 11:30 PM EDT,$0.45,79
20260824,MLB-PHRR-FG-000FPUUOI541HG8-JOAR000-GTE-P00075,08/21/26 11:30 PM EDT,$0.17,27
20260824,LIGAMX-TGLS-FG-00CA1V63KSKBE28-GTE-P00015,08/21/26 11:30 PM EDT,$0.67,142
20260824,LIGAMX-TGLS-FG-00CA1V63KSKBE28-GTE-P00025,08/21/26 11:31 PM EDT,$0.40,16
20260824,KBO-WIN-FG-03VTIEN84O0VQS8-KIES000,08/21/26 11:31 PM EDT,$0.39,4
20260824,LIGAMX-TGLS-FG-014F36C2L88MDH0-GTE-P00005,08/21/26 11:31 PM EDT,$0.92,5
20260824,LIGAMX-TGLS-FG-00CA1V63KSKBE28-GTE-P00005,08/21/26 11:31 PM EDT,$0.92,53
20260824,MLB-TRUNS-IT5-000FP404I54B3T0-GTE-P00085,08/21/26 11:31 PM EDT,$0.32,500
20260824,MLB-TRUNS-I6-000FP41SI54B2VO-GTE-P00005,08/21/26 11:32 PM EDT,$0.39,247
20260824,LIGAMX-TGLS-FG-014F36C2L88MDH0-GTE-P00025,08/21/26 11:32 PM EDT,$0.42,18
20260824,NWSL-DWIN-FG-000FPQ0FI544HD8-UTSW003,08/21/26 11:32 PM EDT,$0.28,164
20260824,LIGAMX-TGLS-FG-014F36C2L88MDH0-GTE-P00015,08/21/26 11:32 PM EDT,$0.70,30
20260824,MLB-WIN-IT5-000FP41SI54B2VO-PIES000,08/21/26 11:32 PM EDT,$0.04,40
20260824,NWSL-DWIN-FG-000FPQ0FI544HD8-SACW009,08/21/26 11:33 PM EDT,$0.78,61
20260824,LIGAMX-TGLS-FG-00CA1V63KSKBE28-GTE-P00005,08/21/26 11:33 PM EDT,$0.90,90
20260824,NWSL-DWIN-FG-000FPQ0FI544HD8-SACW009,08/21/26 11:33 PM EDT,$0.71,47
20260824,MLB-PHRR-FG-000FPUUOI541HG8-JOEZ001-GTE-P00035,08/21/26 11:33 PM EDT,$0.16,14
20260824,MLB-MOVY-IT5-000FP41SI54B2VO-LARS000-GTE-P00015,08/21/26 11:34 PM EDT,$0.99,25
20260824,MLB-PHRR-FG-000FPUUOI541HG8-JOAR000-GTE-P00075,08/21/26 11:34 PM EDT,$0.16,14
20260824,MLB-PHRR-FG-000FPUUOI541HG8-RYDT000-GTE-P00035,08/21/26 11:34 PM EDT,$0.10,22
20260824,LIGAMX-TGLS-FG-014F36C2L88MDH0-GTE-P00005,08/21/26 11:34 PM EDT,$0.91,100
20260824,NPB-MOVY-FG-03VTIELK4O0VRRG-FUKS000-GTE-P00015,08/21/26 11:34 PM EDT,$0.47,97
20260824,MLB-TRUNS-I7-000FPUUOI541HG8-GTE-P00005,08/21/26 11:34 PM EDT,$0.46,8
20260824,MLB-MOVY-IT5-000FP41SI54B2VO-LARS000-GTE-P00025,08/21/26 11:34 PM EDT,$0.30,4
20260824,NWSL-DWIN-FG-000FPQ0FI544HD8-DRAW,08/21/26 11:35 PM EDT,$0.26,6
20260824,MLB-TRUNS-IT5-000FP41SI54B2VO-GTE-P00065,08/21/26 11:35 PM EDT,$0.30,39
20260824,NPB-WIN-FG-03VTIELK4O0VRRG-FUKS000,08/21/26 11:35 PM EDT,$0.68,10
20260824,MLB-TRUNS-FG-000FP404I54B3T0-GTE-P00105,08/21/26 11:35 PM EDT,$0.62,400
20260824,MLB-TRUNS-FG-000FP404I54B3T0-GTE-P00105,08/21/26 11:35 PM EDT,$0.62,400
20260824,MLB-TRUNS-FG-000FP404I54B3T0-GTE-P00115,08/21/26 11:35 PM EDT,$0.46,200
20260824,MLB-TRUNS-FG-000FP404I54B3T0-GTE-P00115,08/21/26 11:35 PM EDT,$0.46,400
20260824,LIGAMX-TGLS-FG-00CA1V63KSKBE28-GTE-P00045,08/21/26 11:35 PM EDT,$0.03,2
20260824,LIGAMX-TGLS-FG-00CA1V63KSKBE28-GTE-P00025,08/21/26 11:36 PM EDT,$0.50,92
20260824,LIGAMX-TGLS-FG-00CA1V63KSKBE28-GTE-P00025,08/21/26 11:36 PM EDT,$0.40,50
20260824,LIGAMX-TGLS-FG-00CA1V63KSKBE28-GTE-P00025,08/21/26 11:36 PM EDT,$0.48,150
20260824,MLB-TRUNS-IT5-000FP41SI54B2VO-GTE-P00055,08/21/26 11:36 PM EDT,$0.93,17
20260824,LIGAMX-TGLS-FG-014F36C2L88MDH0-GTE-P00005,08/21/26 11:36 PM EDT,$0.91,20
20260824,MLB-PHRR-FG-000FP462I54B208-AUYS000-GTE-P00025,08/21/26 11:36 PM EDT,$0.26,172
20260824,NPB-WIN-FG-03VT6SEK4OII68O-YOTS000,08/21/26 11:36 PM EDT,$0.52,18
20260824,LIGAMX-TGLS-FG-00CA1V63KSKBE28-GTE-P00025,08/21/26 11:36 PM EDT,$0.38,250
20260824,LIGAMX-TGLS-FG-00CA1V63KSKBE28-GTE-P00025,08/21/26 11:36 PM EDT,$0.37,180
20260824,MLB-TRUNS-I7-000FP404I54B3T0-GTE-P00005,08/21/26 11:37 PM EDT,$0.41,16
20260824,NPB-MOVY-FG-03VTIELK4O0VRRG-FUKS000-GTE-P00015,08/21/26 11:37 PM EDT,$0.50,97
20260824,NWSL-DWIN-FG-000FPQ0FI544HD8-UTSW003,08/21/26 11:37 PM EDT,$0.11,21
20260824,KBO-WIN-FG-03VTIEIU4O0VRRO-LGNS000,08/21/26 11:37 PM EDT,$0.58,83
20260824,NWSL-DWIN-FG-000FPQ0FI544HD8-SACW009,08/21/26 11:38 PM EDT,$0.72,4
20260824,NWSL-DWIN-FG-000FPQ0FI544HD8-UTSW003,08/21/26 11:38 PM EDT,$0.09,55
20260824,NPB-MOVY-FG-03VTIELK4O0VRRG-FUKS000-GTE-P00015,08/21/26 11:38 PM EDT,$0.48,86
20260824,NWSL-DWIN-FG-000FPQ0FI544HD8-DRAW,08/21/26 11:38 PM EDT,$0.21,4
20260824,NWSL-DWIN-FG-000FPQ0FI544HD8-UTSW003,08/21/26 11:38 PM EDT,$0.09,10
20260824,NPB-MOVY-FG-03VTIELK4O0VRRG-FUKS000-GTE-P00015,08/21/26 11:38 PM EDT,$0.49,86
20260824,KBO-TRUNS-FG-03VTIEJ14O0VQVG-GTE-P00105,08/21/26 11:38 PM EDT,$0.58,16
20260824,MLB-MOVY-IT5-000FP41SI54B2VO-LARS000-GTE-P00025,08/21/26 11:39 PM EDT,$0.24,78
20260824,NPB-MOVY-FG-03VTIELK4O0VRRG-FUKS000-GTE-P00015,08/21/26 11:39 PM EDT,$0.48,78
20260824,LIGAMX-BTMSC-FG-014F36C2L88MDH0-BINARY,08/21/26 11:39 PM EDT,$0.39,1
20260824,MLB-TRUNS-IT5-000FP41SI54B2VO-GTE-P00065,08/21/26 11:39 PM EDT,$0.26,500
20260824,LIGAMX-MOVY-FG-014F36C2L88MDH0-CLCA001-GTE-P00015,08/21/26 11:39 PM EDT,$0.30,343
20260824,NWSL-DWIN-FG-000FPQ0FI544HD8-SACW009,08/21/26 11:40 PM EDT,$0.98,10
20260824,NWSL-DWIN-FG-000FPQ0FI544HD8-SACW009,08/21/26 11:40 PM EDT,$0.98,2
20260824,NWSL-DWIN-FG-000FPQ0FI544HD8-SACW009,08/21/26 11:40 PM EDT,$0.96,10
20260824,MLB-MOVY-IT5-000FP41SI54B2VO-LARS000-GTE-P00015,08/21/26 11:40 PM EDT,$0.99,112
20260824,LIGAMX-TGLS-FG-00CA1V63KSKBE28-GTE-P00025,08/21/26 11:41 PM EDT,$0.32,142
20260824,MLB-PHRR-FG-000FP41SI54B2VO-ONUZ000-GTE-P00005,08/21/26 11:41 PM EDT,$0.41,23
20260824,NWSL-DWIN-FG-000FPQ0FI544HD8-DRAW,08/21/26 11:41 PM EDT,$0.03,52
20260824,NWSL-DWIN-FG-000FPQ0FI544HD8-SACW009,08/21/26 11:41 PM EDT,$0.97,510
20260824,MLB-TRUNS-I8-000FPUUOI541HG8-GTE-P00005,08/21/26 11:41 PM EDT,$0.44,8
20260824,NWSL-DWIN-FG-000FPQ0FI544HD8-SACW009,08/21/26 11:41 PM EDT,$0.97,510
20260824,NWSL-DWIN-FG-000FPQ0FI544HD8-SACW009,08/21/26 11:42 PM EDT,$0.97,306
20260824,LIGAMX-TGLS-FG-014F36C2L88MDH0-GTE-P00055,08/21/26 11:42 PM EDT,$0.02,2
20260824,NWSL-DWIN-FG-000FPQ0FI544HD8-SACW009,08/21/26 11:42 PM EDT,$0.97,21
20260824,NWSL-DWIN-FG-000FPQ0FI544HD8-SACW009,08/21/26 11:42 PM EDT,$0.97,2
20260824,NWSL-DWIN-FG-000FPQ0FI544HD8-UTSW003,08/21/26 11:43 PM EDT,$0.01,600
20260824,NPB-TRUNS-FG-03VT6SEK4OII68O-GTE-P00055,08/21/26 11:43 PM EDT,$0.51,19
20260824,NWSL-DWIN-FG-000FPQ0FI544HD8-SACW009,08/21/26 11:43 PM EDT,$0.97,417
20260824,NWSL-DWIN-FG-000FPQ0FI544HD8-SACW009,08/21/26 11:44 PM EDT,$0.97,103
20260824,NPB-WIN-FG-03VT6SEK4OII68O-YOTS000,08/21/26 11:44 PM EDT,$0.52,27
20260824,NWSL-DWIN-FG-000FPQ0FI544HD8-UTSW003,08/21/26 11:44 PM EDT,$0.01,500
20260824,LIGAMX-TGLS-FG-00CA1V63KSKBE28-GTE-P00025,08/21/26 11:44 PM EDT,$0.31,90
20260824,NASCAR-WIN-RCE-00GM207BRJKDADF52I8U9EU806L4S6GO02U0KQ6FHUPMKC809CVJL96JPKH0-KYON007,08/21/26 11:45 PM EDT,$0.06,14
20260824,NWSL-DWIN-FG-000FPQ0FI544HD8-DRAW,08/21/26 11:45 PM EDT,$0.02,64
20260824,LIGAMX-TGLS-FG-014F36C2L88MDH0-GTE-P00025,08/21/26 11:45 PM EDT,$0.47,195
20260824,LIGAMX-TGLS-FG-014F36C2L88MDH0-GTE-P00025,08/21/26 11:45 PM EDT,$0.48,50
20260824,LIGAMX-TGLS-FG-014F36C2L88MDH0-GTE-P00025,08/21/26 11:45 PM EDT,$0.63,50
20260824,LIGAMX-TGLS-FG-014F36C2L88MDH0-GTE-P00025,08/21/26 11:45 PM EDT,$0.63,103
20260824,NWSL-DWIN-FG-000FPQ0FI544HD8-SACW009,08/21/26 11:45 PM EDT,$0.98,5
20260824,NWSL-DWIN-FG-000FPQ0FI544HD8-SACW009,08/21/26 11:45 PM EDT,$0.98,25
20260824,LIGAMX-TGLS-FG-014F36C2L88MDH0-GTE-P00045,08/21/26 11:46 PM EDT,$0.14,137
20260824,NASCAR-WIN-RCE-00GM207BRJKDADF52I8U9EU806L4S6GO02U0KQ6FHUPMKC809CVJL96JPKH0-RYCE002,08/21/26 11:46 PM EDT,$0.02,33
20260824,LIGAMX-MOVY-FG-014F36C2L88MDH0-JUEZ068-GTE-P00025,08/21/26 11:46 PM EDT,$0.02,40
20260824,MLB-TRUNS-I7-000FP404I54B3T0-GTE-P00005,08/21/26 11:46 PM EDT,$0.48,20
20260824,MLB-TRUNS-I7-000FP404I54B3T0-GTE-P00005,08/21/26 11:46 PM EDT,$0.48,14
20260824,MLB-TRUNS-I8-000FPUUOI541HG8-GTE-P00005,08/21/26 11:47 PM EDT,$0.37,7
20260824,NWSL-DWIN-FG-000FPQ0FI544HD8-UTSW003,08/21/26 11:47 PM EDT,$0.01,50
20260824,NWSL-DWIN-FG-000FPQ0FI544HD8-SACW009,08/21/26 11:47 PM EDT,$0.98,100
20260824,MLB-TRUNS-I8-000FPUUOI541HG8-GTE-P00005,08/21/26 11:47 PM EDT,$0.37,53
20260824,NWSL-DWIN-FG-000FPQ0FI544HD8-SACW009,08/21/26 11:48 PM EDT,$0.96,4
20260824,NWSL-DWIN-FG-000FPQ0FI544HD8-DRAW,08/21/26 11:48 PM EDT,$0.04,20
20260824,NWSL-DWIN-FG-000FPQ0FI544HD8-SACW009,08/21/26 11:48 PM EDT,$0.98,3
20260824,NWSL-DWIN-FG-000FPQ0FI544HD8-SACW009,08/21/26 11:48 PM EDT,$0.98,456
20260824,NWSL-DWIN-FG-000FPQ0FI544HD8-SACW009,08/21/26 11:48 PM EDT,$0.98,50
20260824,NWSL-DWIN-FG-000FPQ0FI544HD8-SACW009,08/21/26 11:48 PM EDT,$0.98,102
20260824,LIGAMX-MOVY-FG-014F36C2L88MDH0-CLCA001-GTE-P00005,08/21/26 11:49 PM EDT,$0.35,54
20260824,NPB-WIN-FG-03VT6S974OII678-CHNS000,08/21/26 11:49 PM EDT,$0.64,13
20260824,NASCAR-WIN-RCE-00GM207BRJKDADF52I8U9EU806L4S6GO02U0KQ6FHUPMKC809CVJL96JPKH0-RYEY002,08/21/26 11:49 PM EDT,$0.20,9
20260824,MLB-TRUNS-I7-000FP404I54B3T0-GTE-P00005,08/21/26 11:50 PM EDT,$0.47,41
20260824,MLB-TRUNS-I6-000FP41SI54B2VO-GTE-P00005,08/21/26 11:50 PM EDT,$0.25,74
20260824,LIGAMX-TGLS-FG-00CA1V63KSKBE28-GTE-P00025,08/21/26 11:50 PM EDT,$0.24,285
20260824,NWSL-DWIN-FG-000FPQ0FI544HD8-SACW009,08/21/26 11:51 PM EDT,$0.91,1326
20260824,KBO-WIN-FG-03VTIEIU4O0VRRO-LGNS000,08/21/26 11:51 PM EDT,$0.58,41
20260824,MLB-PHRR-FG-000FP41SI54B2VO-SHNI001-GTE-P00035,08/21/26 11:51 PM EDT,$0.41,23
20260824,MLB-TRUNS-I7-000FP404I54B3T0-GTE-P00005,08/21/26 11:52 PM EDT,$0.47,102
20260824,NWSL-DWIN-FG-000FPQ0FI544HD8-SACW009,08/21/26 11:52 PM EDT,$0.90,50
20260824,NWSL-DWIN-FG-000FPQ0FI544HD8-SACW009,08/21/26 11:52 PM EDT,$0.91,416
20260824,LIGAMX-TGLS-FG-014F36C2L88MDH0-GTE-P00035,08/21/26 11:52 PM EDT,$0.56,69
20260824,MLB-TRUNS-I7-000FP404I54B3T0-GTE-P00015,08/21/26 11:52 PM EDT,$0.28,33
20260824,NWSL-DWIN-FG-000FPQ0FI544HD8-SACW009,08/21/26 11:52 PM EDT,$0.95,160
20260824,NWSL-DWIN-FG-000FPQ0FI544HD8-SACW009,08/21/26 11:53 PM EDT,$0.95,7
20260824,NWSL-DWIN-FG-000FPQ0FI544HD8-SACW009,08/21/26 11:53 PM EDT,$0.96,78
20260824,NWSL-DWIN-FG-000FPQ0FI544HD8-SACW009,08/21/26 11:53 PM EDT,$0.97,23
20260824,LIGAMX-TGLS-FG-014F36C2L88MDH0-GTE-P00035,08/21/26 11:53 PM EDT,$0.58,16
20260824,NWSL-DWIN-FG-000FPQ0FI544HD8-SACW009,08/21/26 11:54 PM EDT,$0.98,1010
20260824,KBO-WIN-FG-03VTIEJ14O0VQVG-SANS000,08/21/26 11:54 PM EDT,$0.58,4
20260824,NWSL-DWIN-FG-000FPQ0FI544HD8-SACW009,08/21/26 11:54 PM EDT,$0.98,181
20260824,LIGAMX-TGLS-FG-014F36C2L88MDH0-GTE-P00035,08/21/26 11:55 PM EDT,$0.57,271
20260824,LIGAMX-TGLS-FG-014F36C2L88MDH0-GTE-P00035,08/21/26 11:55 PM EDT,$0.57,6
20260824,LIGAMX-TGLS-FG-014F36C2L88MDH0-GTE-P00035,08/21/26 11:56 PM EDT,$0.53,108
20260824,LIGAMX-TGLS-FG-014F36C2L88MDH0-GTE-P00025,08/21/26 11:56 PM EDT,$0.88,18
20260824,LIGAMX-TGLS-FG-00CA1V63KSKBE28-GTE-P00015,08/21/26 11:56 PM EDT,$0.45,4
20260824,KBO-WIN-FG-03VTIEJ14O0VQVG-SANS000,08/21/26 11:58 PM EDT,$0.58,291
20260824,KBO-MOVY-FG-03VTIEJ14O0VQVG-SANS000-GTE-P00015,08/21/26 11:58 PM EDT,$0.48,186
20260824,LIGAMX-TGLS-FG-014F36C2L88MDH0-GTE-P00035,08/21/26 11:58 PM EDT,$0.52,77
20260824,MLB-TRUNS-I7-000FP404I54B3T0-GTE-P00005,08/21/26 11:58 PM EDT,$0.50,192
20260824,LIGAMX-TGLS-FG-00CA1V63KSKBE28-GTE-P00005,08/21/26 11:58 PM EDT,$0.95,1964
20260824,MLB-PHRR-FG-000FP404I54B3T0-CAGH000-GTE-P00055,08/21/26 11:59 PM EDT,$0.22,3
20260824,MLB-PHRR-FG-000FP41SI54B2VO-ONUZ000-GTE-P00005,08/21/26 11:59 PM EDT,$0.24,19
