Business Date,Symbol,Transaction Date and Time,Last Price (USD),Last Quantity
20260804,KBO-WIN-FG-0006969NI4RATKG-SANS000,08/04/26 12:00 AM EDT,$0.53,9
20260804,KBO-WIN-FG-000696BHI4RATJ8-KTON000,08/04/26 12:01 AM EDT,$0.46,4
20260804,MLB-TRUNS-I8-01DTV75ATKLD8PG-GTE-P00015,08/04/26 12:01 AM EDT,$0.28,17
20260804,MLB-PHRR-FG-01DTV75ATKLD8PG-JANN000-GTE-P00015,08/04/26 12:01 AM EDT,$0.32,100
20260804,NPB-WIN-FG-00NFD5QBPJJHKUO-HARS001,08/04/26 12:02 AM EDT,$0.62,3
20260804,MLB-PHRR-FG-01DTV75ATKLD8PG-JANN000-GTE-P00015,08/04/26 12:02 AM EDT,$0.32,100
20260804,NPB-MOVY-FG-00NFD5QBPJJHKUO-HARS001-GTE-P00015,08/04/26 12:02 AM EDT,$0.48,26
20260804,MLB-TRUNS-I8-01DTV75ATKLD8PG-GTE-P00015,08/04/26 12:02 AM EDT,$0.22,62
20260804,KBO-WIN-FG-0006969NI4RATKG-SANS000,08/04/26 12:03 AM EDT,$0.53,45
20260804,MLB-TRUNS-I8-01DTV75ATKLD8PG-GTE-P00025,08/04/26 12:03 AM EDT,$0.44,11
20260804,MLB-TRUNS-I8-01DTV75ATKLD8PG-GTE-P00015,08/04/26 12:03 AM EDT,$0.71,82
20260804,KBO-WIN-FG-0006969NI4RATKG-SANS000,08/04/26 12:04 AM EDT,$0.53,41
20260804,MLB-TRUNS-I8-01DTV75ATKLD8PG-GTE-P00025,08/04/26 12:06 AM EDT,$0.28,100
20260804,MLB-PHRR-FG-01DTV75ATKLD8PG-COLL001-GTE-P00005,08/04/26 12:06 AM EDT,$0.98,50
20260804,KBO-TRUNS-FG-000684SCI4R0H6G-GTE-P00085,08/04/26 12:06 AM EDT,$0.52,40
20260804,KBO-TRUNS-FG-000684Q7I4R0G78-GTE-P00095,08/04/26 12:06 AM EDT,$0.53,40
20260804,KBO-TRUNS-FG-000684VNI4R0HP8-GTE-P00095,08/04/26 12:06 AM EDT,$0.53,40
20260804,KBO-TRUNS-FG-0006969NI4RATKG-GTE-P00115,08/04/26 12:07 AM EDT,$0.50,42
20260804,KBO-TRUNS-FG-000696BHI4RATJ8-GTE-P00095,08/04/26 12:07 AM EDT,$0.50,25
20260804,MLB-TRUNS-I8-01DTV75ATKLD8PG-GTE-P00025,08/04/26 12:07 AM EDT,$0.18,100
20260804,KBO-TRUNS-FG-000684SCI4R0H6G-GTE-P00085,08/04/26 12:08 AM EDT,$0.44,4
20260804,MLB-PHRR-FG-01DTV75ATKLD8PG-NODO001-GTE-P00005,08/04/26 12:08 AM EDT,$0.98,211
20260804,MLB-PHRR-FG-01DTV75ATKLD8PG-GEMO000-GTE-P00025,08/04/26 12:08 AM EDT,$0.04,49
20260804,MLB-TRUNS-I9-01DTV75ATKLD8PG-GTE-P00005,08/04/26 12:09 AM EDT,$0.25,100
20260804,MLB-PHRR-FG-01DTV75ATKLD8PG-JALL000-GTE-P00015,08/04/26 12:09 AM EDT,$0.29,25
20260804,MLB-PHRR-FG-01DTV75ATKLD8PG-JALL000-GTE-P00015,08/04/26 12:09 AM EDT,$0.29,10
20260804,NPB-WIN-FG-00NFD5PLPJJHKMO-YOTS000,08/04/26 12:09 AM EDT,$0.48,100
20260804,MLB-TRUNS-I9-01DTV75ATKLD8PG-GTE-P00015,08/04/26 12:09 AM EDT,$0.12,100
20260804,KBO-WIN-FG-000684SCI4R0H6G-NCOS000,08/04/26 12:09 AM EDT,$0.61,1
20260804,MLB-TRUNS-I9-01DTV75ATKLD8PG-GTE-P00005,08/04/26 12:10 AM EDT,$0.25,100
20260804,KBO-WIN-FG-000684Q7I4R0G78-LGNS000,08/04/26 12:10 AM EDT,$0.65,2
20260804,KBO-WIN-FG-0006969NI4RATKG-SANS000,08/04/26 12:10 AM EDT,$0.53,9
20260804,KBO-WIN-FG-000684VNI4R0HP8-LOTS001,08/04/26 12:10 AM EDT,$0.61,1
20260804,NPB-TRUNS-FG-00NFD5QBPJJHKUO-GTE-P00095,08/04/26 12:10 AM EDT,$0.32,147
20260804,NPB-WIN-FG-00NFD5QBPJJHKUO-HARS001,08/04/26 12:10 AM EDT,$0.60,1
20260804,NPB-WIN-FG-00NFD5RJPJJHKUG-CHNS000,08/04/26 12:10 AM EDT,$0.60,1
20260804,NPB-WIN-FG-00NFD5Q4PJJHLT8-SANS002,08/04/26 12:10 AM EDT,$0.57,1
20260804,KBO-WIN-FG-0006969NI4RATKG-SANS000,08/04/26 12:10 AM EDT,$0.53,9
20260804,NPB-WIN-FG-00NFD5P9PJJHL50-FUKS000,08/04/26 12:10 AM EDT,$0.56,1
20260804,KBO-WIN-FG-0006969NI4RATKG-HAES000,08/04/26 12:11 AM EDT,$0.49,317
20260804,KBO-MOVY-FG-0006969NI4RATKG-HAES000-GTE-P00005,08/04/26 12:12 AM EDT,$0.41,81
20260804,MLB-PHRR-FG-01DTV75ATKLD8PG-TYCE000-GTE-P00015,08/04/26 12:12 AM EDT,$0.24,23
20260804,NPB-WIN-FG-00NFD5QBPJJHKUO-HARS001,08/04/26 12:13 AM EDT,$0.63,200
20260804,NPB-WIN-FG-00NFD5QBPJJHKUO-HARS001,08/04/26 12:13 AM EDT,$0.63,415
20260804,KBO-WIN-FG-0006969NI4RATKG-SANS000,08/04/26 12:14 AM EDT,$0.53,400
20260804,NPB-WIN-FG-00NFD5PLPJJHKMO-YOTS000,08/04/26 12:14 AM EDT,$0.48,100
20260804,NPB-WIN-FG-00NFD5PLPJJHKMO-HIRP000,08/04/26 12:14 AM EDT,$0.53,98
20260804,KBO-WIN-FG-0006969NI4RATKG-SANS000,08/04/26 12:14 AM EDT,$0.53,70
20260804,KBO-WIN-FG-000684SCI4R0H6G-NCOS000,08/04/26 12:15 AM EDT,$0.63,2
20260804,KBO-WIN-FG-000684Q7I4R0G78-LGNS000,08/04/26 12:15 AM EDT,$0.67,2
20260804,KBO-WIN-FG-000684VNI4R0HP8-LOTS001,08/04/26 12:15 AM EDT,$0.63,2
20260804,NPB-WIN-FG-00NFD5QBPJJHKUO-HARS001,08/04/26 12:15 AM EDT,$0.62,2
20260804,NPB-WIN-FG-00NFD5RJPJJHKUG-CHNS000,08/04/26 12:15 AM EDT,$0.62,1
20260804,NPB-WIN-FG-00NFD5Q4PJJHLT8-SANS002,08/04/26 12:16 AM EDT,$0.60,1
20260804,KBO-TRUNS-FG-000684SCI4R0H6G-GTE-P00095,08/04/26 12:16 AM EDT,$0.36,40
20260804,KBO-WIN-FG-000684VNI4R0HP8-LOTS001,08/04/26 12:16 AM EDT,$0.63,15
20260804,KBO-MOVY-FG-000696BHI4RATJ8-KIRS000-GTE-P00015,08/04/26 12:16 AM EDT,$0.37,15
20260804,NPB-MOVY-FG-00NFD5QBPJJHKUO-HARS001-GTE-P00015,08/04/26 12:17 AM EDT,$0.48,1406
20260804,KBO-TRUNS-FG-000684SCI4R0H6G-GTE-P00055,08/04/26 12:17 AM EDT,$0.77,68
20260804,NPB-WIN-FG-00NFD5RJPJJHKUG-TOWS000,08/04/26 12:18 AM EDT,$0.40,218
20260804,NPB-WIN-FG-00NFD5RJPJJHKUG-TOWS000,08/04/26 12:18 AM EDT,$0.40,11
20260804,NPB-WIN-FG-00NFD5PLPJJHKMO-YOTS000,08/04/26 12:19 AM EDT,$0.48,10
20260804,NPB-WIN-FG-00NFD5Q4PJJHLT8-CHES000,08/04/26 12:19 AM EDT,$0.43,11
20260804,NPB-WIN-FG-00NFD5RJPJJHKUG-TOWS000,08/04/26 12:19 AM EDT,$0.40,100
20260804,NPB-WIN-FG-00NFD5P9PJJHL50-HORS000,08/04/26 12:19 AM EDT,$0.44,10
20260804,NPB-WIN-FG-00NFD5Q4PJJHLT8-SANS002,08/04/26 12:20 AM EDT,$0.57,1
20260804,KBO-WIN-FG-000684SCI4R0H6G-DORS000,08/04/26 12:20 AM EDT,$0.39,12
20260804,NPB-WIN-FG-00NFD5RJPJJHKUG-CHNS000,08/04/26 12:20 AM EDT,$0.60,1
20260804,NPB-WIN-FG-00NFD5QBPJJHKUO-HARS001,08/04/26 12:20 AM EDT,$0.60,2
20260804,KBO-WIN-FG-0006969NI4RATKG-SANS000,08/04/26 12:20 AM EDT,$0.54,600
20260804,KBO-WIN-FG-000684Q7I4R0G78-SSRS000,08/04/26 12:20 AM EDT,$0.36,13
20260804,KBO-WIN-FG-000684VNI4R0HP8-LOTS001,08/04/26 12:20 AM EDT,$0.61,2
20260804,KBO-WIN-FG-000684Q7I4R0G78-LGNS000,08/04/26 12:20 AM EDT,$0.65,2
20260804,KBO-WIN-FG-000684VNI4R0HP8-KIES000,08/04/26 12:20 AM EDT,$0.39,12
20260804,KBO-TRUNS-FG-000684Q7I4R0G78-GTE-P00105,08/04/26 12:20 AM EDT,$0.39,1
20260804,KBO-WIN-FG-000684SCI4R0H6G-NCOS000,08/04/26 12:20 AM EDT,$0.61,2
20260804,KBO-TRUNS-FG-0006969NI4RATKG-GTE-P00155,08/04/26 12:21 AM EDT,$0.26,357
20260804,KBO-TRUNS-FG-0006969NI4RATKG-GTE-P00115,08/04/26 12:21 AM EDT,$0.51,188
20260804,KBO-TRUNS-FG-000696BHI4RATJ8-GTE-P00095,08/04/26 12:21 AM EDT,$0.50,67
20260804,NWSL-DWIN-FG-00NB71Q9PGDTSN8-NOEW002,08/04/26 12:21 AM EDT,$0.30,31
20260804,KBO-WIN-FG-000684Q7I4R0G78-LGNS000,08/04/26 12:21 AM EDT,$0.67,2
20260804,KBO-WIN-FG-0006969NI4RATKG-HAES000,08/04/26 12:21 AM EDT,$0.49,11
20260804,NPB-WIN-FG-00NFD5PLPJJHKMO-YOTS000,08/04/26 12:21 AM EDT,$0.48,20
20260804,KBO-TRUNS-FG-000684VNI4R0HP8-GTE-P00105,08/04/26 12:21 AM EDT,$0.40,200
20260804,KBO-MOVY-FG-0006969NI4RATKG-HAES000-GTE-P00015,08/04/26 12:21 AM EDT,$0.35,18
20260804,KBO-MOVY-FG-0006969NI4RATKG-HAES000-GTE-P00015,08/04/26 12:21 AM EDT,$0.35,200
20260804,KBO-TRUNS-FG-000696BHI4RATJ8-GTE-P00095,08/04/26 12:21 AM EDT,$0.50,9
20260804,MLB-PHRR-FG-03I5DSF4ELGEQT0-JENA000-GTE-P00015,08/04/26 12:22 AM EDT,$0.54,94
20260804,NPB-WIN-FG-00NFD5PLPJJHKMO-YOTS000,08/04/26 12:23 AM EDT,$0.48,50
20260804,NPB-TRUNS-FG-00NFD5PLPJJHKMO-GTE-P00055,08/04/26 12:23 AM EDT,$0.47,174
20260804,KBO-WIN-FG-000684SCI4R0H6G-NCOS000,08/04/26 12:23 AM EDT,$0.63,546
20260804,KBO-WIN-FG-000696BHI4RATJ8-KIRS000,08/04/26 12:23 AM EDT,$0.56,200
20260804,KBO-WIN-FG-0006969NI4RATKG-SANS000,08/04/26 12:23 AM EDT,$0.54,94
20260804,KBO-WIN-FG-000684VNI4R0HP8-KIES000,08/04/26 12:23 AM EDT,$0.39,7
20260804,KBO-WIN-FG-0006969NI4RATKG-SANS000,08/04/26 12:23 AM EDT,$0.54,26
20260804,KBO-WIN-FG-000696BHI4RATJ8-KIRS000,08/04/26 12:23 AM EDT,$0.56,25
20260804,KBO-WIN-FG-000696BHI4RATJ8-KIRS000,08/04/26 12:24 AM EDT,$0.56,5
20260804,KBO-TRUNS-FG-000684Q7I4R0G78-GTE-P00095,08/04/26 12:24 AM EDT,$0.53,27
20260804,KBO-TRUNS-FG-000684VNI4R0HP8-GTE-P00095,08/04/26 12:24 AM EDT,$0.54,26
20260804,NPB-WIN-FG-00NFD5QBPJJHKUO-HARS001,08/04/26 12:24 AM EDT,$0.62,40
20260804,KBO-WIN-FG-0006969NI4RATKG-HAES000,08/04/26 12:24 AM EDT,$0.49,5
20260804,KBO-WIN-FG-0006969NI4RATKG-SANS000,08/04/26 12:25 AM EDT,$0.54,12
20260804,NPB-WIN-FG-00NFD5RJPJJHKUG-TOWS000,08/04/26 12:25 AM EDT,$0.40,60
20260804,KBO-TRUNS-FG-0006969NI4RATKG-GTE-P00115,08/04/26 12:25 AM EDT,$0.48,20
20260804,NPB-WIN-FG-00NFD5QBPJJHKUO-HARS001,08/04/26 12:25 AM EDT,$0.63,39
20260804,NPB-WIN-FG-00NFD5QBPJJHKUO-YORS001,08/04/26 12:25 AM EDT,$0.40,149
20260804,NPB-WIN-FG-00NFD5PLPJJHKMO-YOTS000,08/04/26 12:25 AM EDT,$0.48,50
20260804,KBO-WIN-FG-000696BHI4RATJ8-KTON000,08/04/26 12:25 AM EDT,$0.46,10
20260804,NPB-WIN-FG-00NFD5QBPJJHKUO-YORS001,08/04/26 12:26 AM EDT,$0.40,24
20260804,NPB-WIN-FG-00NFD5Q4PJJHLT8-SANS002,08/04/26 12:26 AM EDT,$0.60,50
20260804,KBO-MOVY-FG-0006969NI4RATKG-HAES000-GTE-P00005,08/04/26 12:26 AM EDT,$0.43,16
20260804,KBO-TRUNS-FG-000684SCI4R0H6G-GTE-P00095,08/04/26 12:26 AM EDT,$0.36,15
20260804,NPB-WIN-FG-00NFD5P9PJJHL50-FUKS000,08/04/26 12:26 AM EDT,$0.59,41
20260804,KBO-TRUNS-FG-000684VNI4R0HP8-GTE-P00095,08/04/26 12:27 AM EDT,$0.54,17
20260804,NPB-WIN-FG-00NFD5P9PJJHL50-FUKS000,08/04/26 12:27 AM EDT,$0.58,44
20260804,NPB-WIN-FG-00NFD5P9PJJHL50-FUKS000,08/04/26 12:27 AM EDT,$0.59,65
20260804,NPB-WIN-FG-00NFD5QBPJJHKUO-HARS001,08/04/26 12:28 AM EDT,$0.62,235
20260804,KBO-MOVY-FG-000684VNI4R0HP8-LOTS001-GTE-P00015,08/04/26 12:28 AM EDT,$0.47,2
20260804,KBO-WIN-FG-000684SCI4R0H6G-DORS000,08/04/26 12:28 AM EDT,$0.39,2
20260804,KBO-WIN-FG-000696BHI4RATJ8-KTON000,08/04/26 12:28 AM EDT,$0.46,2
20260804,KBO-TRUNS-FG-000684Q7I4R0G78-GTE-P00095,08/04/26 12:28 AM EDT,$0.53,18
20260804,NPB-WIN-FG-00NFD5PLPJJHKMO-YOTS000,08/04/26 12:28 AM EDT,$0.48,20
20260804,NPB-WIN-FG-00NFD5QBPJJHKUO-HARS001,08/04/26 12:29 AM EDT,$0.63,200
20260804,NPB-WIN-FG-00NFD5QBPJJHKUO-HARS001,08/04/26 12:29 AM EDT,$0.63,723
20260804,MLB-PHRR-FG-03I5DRTFELG6MK8-BRWE000-GTE-P00025,08/04/26 12:29 AM EDT,$0.36,26
20260804,KBO-TRUNS-FG-000684Q7I4R0G78-GTE-P00135,08/04/26 12:29 AM EDT,$0.25,37
20260804,KBO-MOVY-FG-000684SCI4R0H6G-NCOS000-GTE-P00035,08/04/26 12:29 AM EDT,$0.34,222
20260804,KBO-TRUNS-FG-000684VNI4R0HP8-GTE-P00135,08/04/26 12:29 AM EDT,$0.26,35
20260804,KBO-TRUNS-FG-0006969NI4RATKG-GTE-P00145,08/04/26 12:29 AM EDT,$0.32,29
20260804,NPB-WIN-FG-00NFD5PLPJJHKMO-HIRP000,08/04/26 12:29 AM EDT,$0.54,8
20260804,NPB-WIN-FG-00NFD5QBPJJHKUO-HARS001,08/04/26 12:29 AM EDT,$0.62,7
20260804,NPB-WIN-FG-00NFD5RJPJJHKUG-CHNS000,08/04/26 12:29 AM EDT,$0.62,7
20260804,MLB-PHRR-FG-03I5DRV9ELG6MKO-SAEZ000-GTE-P00015,08/04/26 12:30 AM EDT,$0.50,48
20260804,MLB-PHRR-FG-03I5DSF4ELGEQT0-YOEZ000-GTE-P00055,08/04/26 12:30 AM EDT,$0.13,35
20260804,KBO-WIN-FG-0006969NI4RATKG-HAES000,08/04/26 12:31 AM EDT,$0.48,20
20260804,NPB-WIN-FG-00NFD5QBPJJHKUO-HARS001,08/04/26 12:32 AM EDT,$0.62,25
20260804,NPB-TRUNS-FG-00NFD5PLPJJHKMO-GTE-P00055,08/04/26 12:32 AM EDT,$0.53,200
20260804,NPB-TRUNS-FG-00NFD5PLPJJHKMO-GTE-P00055,08/04/26 12:32 AM EDT,$0.53,347
20260804,KBO-WIN-FG-000684Q7I4R0G78-LGNS000,08/04/26 12:32 AM EDT,$0.67,93
20260804,NPB-TRUNS-FG-00NFD5P9PJJHL50-GTE-P00065,08/04/26 12:32 AM EDT,$0.49,94
20260804,KBO-WIN-FG-000684Q7I4R0G78-SSRS000,08/04/26 12:32 AM EDT,$0.35,10
20260804,NPB-WIN-FG-00NFD5P9PJJHL50-FUKS000,08/04/26 12:32 AM EDT,$0.58,33
20260804,NPB-WIN-FG-00NFD5Q4PJJHLT8-SANS002,08/04/26 12:32 AM EDT,$0.59,32
20260804,NPB-WIN-FG-00NFD5QBPJJHKUO-HARS001,08/04/26 12:33 AM EDT,$0.62,30
20260804,KBO-MOVY-FG-000696BHI4RATJ8-KIRS000-GTE-P00015,08/04/26 12:34 AM EDT,$0.41,11
20260804,KBO-WIN-FG-0006969NI4RATKG-SANS000,08/04/26 12:34 AM EDT,$0.54,100
20260804,MLB-PHRR-FG-03I5DSF4ELGEQT0-YOEZ000-GTE-P00015,08/04/26 12:35 AM EDT,$0.58,58
20260804,KBO-WIN-FG-0006969NI4RATKG-SANS000,08/04/26 12:35 AM EDT,$0.54,17
20260804,NPB-TRUNS-FG-00NFD5Q4PJJHLT8-GTE-P00055,08/04/26 12:36 AM EDT,$0.61,39
20260804,KBO-WIN-FG-000684VNI4R0HP8-LOTS001,08/04/26 12:36 AM EDT,$0.63,20
20260804,NPB-TRUNS-FG-00NFD5PLPJJHKMO-GTE-P00055,08/04/26 12:36 AM EDT,$0.49,94
20260804,KBO-TRUNS-FG-000684Q7I4R0G78-GTE-P00095,08/04/26 12:38 AM EDT,$0.53,187
20260804,NPB-TRUNS-FG-00NFD5PLPJJHKMO-GTE-P00065,08/04/26 12:38 AM EDT,$0.36,303
20260804,KBO-WIN-FG-000684Q7I4R0G78-LGNS000,08/04/26 12:38 AM EDT,$0.67,92
20260804,KBO-MOVY-FG-000696BHI4RATJ8-KIRS000-GTE-P00015,08/04/26 12:38 AM EDT,$0.41,15
20260804,KBO-TRUNS-FG-000684SCI4R0H6G-GTE-P00045,08/04/26 12:38 AM EDT,$0.81,50
20260804,KBO-TRUNS-FG-000684Q7I4R0G78-GTE-P00095,08/04/26 12:39 AM EDT,$0.53,140
20260804,KBO-WIN-FG-000684VNI4R0HP8-LOTS001,08/04/26 12:39 AM EDT,$0.63,30
20260804,KBO-TRUNS-FG-000684Q7I4R0G78-GTE-P00135,08/04/26 12:40 AM EDT,$0.25,1111
20260804,KBO-TRUNS-FG-000684Q7I4R0G78-GTE-P00135,08/04/26 12:40 AM EDT,$0.25,3
20260804,KBO-TRUNS-FG-000684VNI4R0HP8-GTE-P00095,08/04/26 12:40 AM EDT,$0.51,312
20260804,KBO-TRUNS-FG-000684VNI4R0HP8-GTE-P00095,08/04/26 12:42 AM EDT,$0.54,626
20260804,KBO-WIN-FG-000684Q7I4R0G78-LGNS000,08/04/26 12:42 AM EDT,$0.67,59
20260804,NPB-TRUNS-FG-00NFD5RJPJJHKUG-GTE-P00065,08/04/26 12:43 AM EDT,$0.49,986
20260804,KBO-MOVY-FG-0006969NI4RATKG-SANS000-GTE-P00015,08/04/26 12:45 AM EDT,$0.40,15
20260804,NPB-TRUNS-FG-00NFD5PLPJJHKMO-GTE-P00055,08/04/26 12:46 AM EDT,$0.49,95
20260804,KBO-WIN-FG-000684Q7I4R0G78-LGNS000,08/04/26 12:47 AM EDT,$0.67,14
20260804,KBO-WIN-FG-000696BHI4RATJ8-KIRS000,08/04/26 12:47 AM EDT,$0.56,9
20260804,NPB-WIN-FG-00NFD5P9PJJHL50-HORS000,08/04/26 12:47 AM EDT,$0.44,11
20260804,KBO-TRUNS-FG-0006969NI4RATKG-GTE-P00105,08/04/26 12:48 AM EDT,$0.61,15
20260804,MLB-PHRR-FG-03I5DSF4ELGEQT0-YOEZ000-GTE-P00015,08/04/26 12:49 AM EDT,$0.58,38
20260804,NWSL-DWIN-FG-00NB71Q9PGDTSN8-NOEW002,08/04/26 12:49 AM EDT,$0.30,31
20260804,NPB-TRUNS-FG-00NFD5PLPJJHKMO-GTE-P00045,08/04/26 12:49 AM EDT,$0.61,280
20260804,NPB-TRUNS-FG-00NFD5PLPJJHKMO-GTE-P00045,08/04/26 12:50 AM EDT,$0.61,49
20260804,KBO-WIN-FG-000684VNI4R0HP8-LOTS001,08/04/26 12:50 AM EDT,$0.63,153
20260804,KBO-WIN-FG-000684SCI4R0H6G-NCOS000,08/04/26 12:50 AM EDT,$0.63,153
20260804,KBO-WIN-FG-0006969NI4RATKG-SANS000,08/04/26 12:52 AM EDT,$0.54,44
20260804,KBO-WIN-FG-000684SCI4R0H6G-NCOS000,08/04/26 12:52 AM EDT,$0.61,153
20260804,NPB-WIN-FG-00NFD5QBPJJHKUO-HARS001,08/04/26 12:52 AM EDT,$0.63,15
20260804,NPB-TRUNS-FG-00NFD5PLPJJHKMO-GTE-P00045,08/04/26 12:53 AM EDT,$0.61,14
20260804,KBO-WIN-FG-0006969NI4RATKG-SANS000,08/04/26 12:54 AM EDT,$0.54,44
20260804,NPB-WIN-FG-00NFD5P9PJJHL50-FUKS000,08/04/26 12:55 AM EDT,$0.59,6
20260804,KBO-WIN-FG-000684SCI4R0H6G-NCOS000,08/04/26 12:55 AM EDT,$0.63,78
20260804,NPB-WIN-FG-00NFD5PLPJJHKMO-YOTS000,08/04/26 12:56 AM EDT,$0.48,40
20260804,NPB-WIN-FG-00NFD5Q4PJJHLT8-SANS002,08/04/26 12:56 AM EDT,$0.60,4
20260804,KBO-WIN-FG-0006969NI4RATKG-SANS000,08/04/26 12:56 AM EDT,$0.54,12
20260804,NPB-WIN-FG-00NFD5P9PJJHL50-FUKS000,08/04/26 12:56 AM EDT,$0.58,12
20260804,NPB-WIN-FG-00NFD5QBPJJHKUO-HARS001,08/04/26 12:57 AM EDT,$0.62,31
20260804,NPB-WIN-FG-00NFD5RJPJJHKUG-CHNS000,08/04/26 12:57 AM EDT,$0.62,31
20260804,KBO-MOVY-FG-0006969NI4RATKG-HAES000-GTE-P00005,08/04/26 12:59 AM EDT,$0.49,16
20260804,NPB-WIN-FG-00NFD5QBPJJHKUO-HARS001,08/04/26 01:00 AM EDT,$0.62,69
20260804,KBO-MOVY-FG-0006969NI4RATKG-HAES000-GTE-P00005,08/04/26 01:00 AM EDT,$0.41,16
20260804,KBO-TRUNS-FG-000684SCI4R0H6G-GTE-P00085,08/04/26 01:00 AM EDT,$0.41,8
20260804,KBO-WIN-FG-0006969NI4RATKG-SANS000,08/04/26 01:00 AM EDT,$0.54,8
20260804,KBO-TRUNS-FG-000696BHI4RATJ8-GTE-P00095,08/04/26 01:00 AM EDT,$0.50,9
20260804,KBO-WIN-FG-0006969NI4RATKG-SANS000,08/04/26 01:00 AM EDT,$0.54,205
20260804,KBO-WIN-FG-0006969NI4RATKG-SANS000,08/04/26 01:01 AM EDT,$0.54,44
20260804,KBO-WIN-FG-000684VNI4R0HP8-LOTS001,08/04/26 01:02 AM EDT,$0.63,7
20260804,KBO-WIN-FG-000696BHI4RATJ8-KIRS000,08/04/26 01:02 AM EDT,$0.58,8
20260804,KBO-WIN-FG-0006969NI4RATKG-SANS000,08/04/26 01:02 AM EDT,$0.54,8
20260804,KBO-TRUNS-FG-000684VNI4R0HP8-GTE-P00095,08/04/26 01:02 AM EDT,$0.51,9
20260804,KBO-WIN-FG-000684Q7I4R0G78-LGNS000,08/04/26 01:02 AM EDT,$0.67,7
20260804,NPB-TRUNS-FG-00NFD5QBPJJHKUO-GTE-P00075,08/04/26 01:02 AM EDT,$0.42,200
20260804,NPB-TRUNS-FG-00NFD5QBPJJHKUO-GTE-P00075,08/04/26 01:02 AM EDT,$0.42,35
20260804,KBO-WIN-FG-0006969NI4RATKG-SANS000,08/04/26 01:02 AM EDT,$0.54,3214
20260804,NWSL-DWIN-FG-00NB71Q9PGDTSN8-DECW003,08/04/26 01:03 AM EDT,$0.50,9
20260804,KBO-WIN-FG-0006969NI4RATKG-SANS000,08/04/26 01:03 AM EDT,$0.54,35
20260804,NPB-WIN-FG-00NFD5PLPJJHKMO-YOTS000,08/04/26 01:04 AM EDT,$0.48,4
20260804,NPB-TRUNS-FG-00NFD5QBPJJHKUO-GTE-P00075,08/04/26 01:04 AM EDT,$0.47,30
20260804,NPB-TRUNS-FG-00NFD5QBPJJHKUO-GTE-P00065,08/04/26 01:04 AM EDT,$0.53,10
20260804,NPB-WIN-FG-00NFD5RJPJJHKUG-CHNS000,08/04/26 01:04 AM EDT,$0.62,3
20260804,NPB-WIN-FG-00NFD5QBPJJHKUO-HARS001,08/04/26 01:04 AM EDT,$0.62,6
20260804,NPB-WIN-FG-00NFD5P9PJJHL50-FUKS000,08/04/26 01:05 AM EDT,$0.59,3
20260804,KBO-WIN-FG-0006969NI4RATKG-SANS000,08/04/26 01:05 AM EDT,$0.54,19
20260804,KBO-WIN-FG-000684SCI4R0H6G-NCOS000,08/04/26 01:06 AM EDT,$0.62,3
20260804,NPB-WIN-FG-00NFD5PLPJJHKMO-HIRP000,08/04/26 01:06 AM EDT,$0.54,44
20260804,NPB-WIN-FG-00NFD5PLPJJHKMO-HIRP000,08/04/26 01:06 AM EDT,$0.54,33
20260804,KBO-WIN-FG-000684VNI4R0HP8-LOTS001,08/04/26 01:06 AM EDT,$0.63,3
20260804,KBO-WIN-FG-0006969NI4RATKG-HAES000,08/04/26 01:06 AM EDT,$0.48,4
20260804,KBO-WIN-FG-000696BHI4RATJ8-KIRS000,08/04/26 01:07 AM EDT,$0.58,5
20260804,KBO-WIN-FG-0006969NI4RATKG-SANS000,08/04/26 01:07 AM EDT,$0.54,70
20260804,KBO-WIN-FG-0006969NI4RATKG-SANS000,08/04/26 01:07 AM EDT,$0.54,223
20260804,NPB-MOVY-FG-00NFD5PLPJJHKMO-HIRP000-GTE-P00005,08/04/26 01:07 AM EDT,$0.47,18
20260804,NPB-TRUNS-FG-00NFD5QBPJJHKUO-GTE-P00075,08/04/26 01:07 AM EDT,$0.47,177
20260804,NPB-MOVY-FG-00NFD5QBPJJHKUO-YORS001-GTE-P00005,08/04/26 01:07 AM EDT,$0.34,14
20260804,KBO-WIN-FG-0006969NI4RATKG-SANS000,08/04/26 01:07 AM EDT,$0.54,35
20260804,KBO-WIN-FG-0006969NI4RATKG-SANS000,08/04/26 01:08 AM EDT,$0.54,142
20260804,KBO-WIN-FG-0006969NI4RATKG-SANS000,08/04/26 01:09 AM EDT,$0.54,17
20260804,KBO-WIN-FG-0006969NI4RATKG-SANS000,08/04/26 01:09 AM EDT,$0.54,44
20260804,KBO-WIN-FG-0006969NI4RATKG-SANS000,08/04/26 01:10 AM EDT,$0.54,21
20260804,KBO-WIN-FG-0006969NI4RATKG-SANS000,08/04/26 01:11 AM EDT,$0.54,1
20260804,KBO-TRUNS-FG-000684SCI4R0H6G-GTE-P00095,08/04/26 01:11 AM EDT,$0.39,36
20260804,KBO-TRUNS-FG-000684Q7I4R0G78-GTE-P00095,08/04/26 01:11 AM EDT,$0.54,63
20260804,KBO-WIN-FG-0006969NI4RATKG-SANS000,08/04/26 01:12 AM EDT,$0.54,89
20260804,KBO-TRUNS-FG-000684VNI4R0HP8-GTE-P00095,08/04/26 01:12 AM EDT,$0.55,52
20260804,KBO-WIN-FG-0006969NI4RATKG-SANS000,08/04/26 01:13 AM EDT,$0.54,357
20260804,KBO-WIN-FG-000684SCI4R0H6G-DORS000,08/04/26 01:14 AM EDT,$0.40,13
20260804,KBO-WIN-FG-0006969NI4RATKG-SANS000,08/04/26 01:14 AM EDT,$0.54,9
20260804,KBO-MOVY-FG-000684VNI4R0HP8-LOTS001-GTE-P00015,08/04/26 01:14 AM EDT,$0.48,80
20260804,KBO-WIN-FG-000696BHI4RATJ8-KIRS000,08/04/26 01:14 AM EDT,$0.58,4
20260804,NPB-WIN-FG-00NFD5P9PJJHL50-FUKS000,08/04/26 01:14 AM EDT,$0.59,20
20260804,NPB-WIN-FG-00NFD5PLPJJHKMO-HIRP000,08/04/26 01:14 AM EDT,$0.54,20
20260804,NPB-WIN-FG-00NFD5QBPJJHKUO-HARS001,08/04/26 01:14 AM EDT,$0.62,3
20260804,KBO-WIN-FG-000684SCI4R0H6G-DORS000,08/04/26 01:15 AM EDT,$0.40,4
20260804,KBO-WIN-FG-000684VNI4R0HP8-KIES000,08/04/26 01:15 AM EDT,$0.39,4
20260804,MLB-PHRR-FG-03I5DSF4ELGEQT0-CHER000-GTE-P00025,08/04/26 01:15 AM EDT,$0.31,1
20260804,KBO-WIN-FG-0006969NI4RATKG-SANS000,08/04/26 01:16 AM EDT,$0.54,411
20260804,KBO-WIN-FG-0006969NI4RATKG-SANS000,08/04/26 01:16 AM EDT,$0.54,7
20260804,KBO-WIN-FG-0006969NI4RATKG-SANS000,08/04/26 01:16 AM EDT,$0.54,4
20260804,KBO-TRUNS-FG-000696BHI4RATJ8-GTE-P00095,08/04/26 01:16 AM EDT,$0.50,13
20260804,KBO-MOVY-FG-000696BHI4RATJ8-KIRS000-GTE-P00015,08/04/26 01:16 AM EDT,$0.42,6
20260804,KBO-WIN-FG-0006969NI4RATKG-SANS000,08/04/26 01:16 AM EDT,$0.54,116
20260804,KBO-WIN-FG-000696BHI4RATJ8-KTON000,08/04/26 01:16 AM EDT,$0.44,1
20260804,KBO-WIN-FG-0006969NI4RATKG-SANS000,08/04/26 01:17 AM EDT,$0.54,8
20260804,KBO-WIN-FG-000684SCI4R0H6G-NCOS000,08/04/26 01:17 AM EDT,$0.62,117
20260804,KBO-WIN-FG-000684Q7I4R0G78-LGNS000,08/04/26 01:18 AM EDT,$0.67,108
20260804,KBO-WIN-FG-000684VNI4R0HP8-LOTS001,08/04/26 01:18 AM EDT,$0.63,115
20260804,KBO-WIN-FG-0006969NI4RATKG-SANS000,08/04/26 01:18 AM EDT,$0.54,267
20260804,KBO-WIN-FG-0006969NI4RATKG-HAES000,08/04/26 01:18 AM EDT,$0.47,153
20260804,KBO-WIN-FG-000684Q7I4R0G78-LGNS000,08/04/26 01:21 AM EDT,$0.68,14
20260804,KBO-WIN-FG-0006969NI4RATKG-SANS000,08/04/26 01:21 AM EDT,$0.54,17
20260804,KBO-TRUNS-FG-000684VNI4R0HP8-GTE-P00105,08/04/26 01:21 AM EDT,$0.40,16
20260804,KBO-TRUNS-FG-000696BHI4RATJ8-GTE-P00085,08/04/26 01:21 AM EDT,$0.63,15
20260804,KBO-MOVY-FG-000684SCI4R0H6G-NCOS000-GTE-P00015,08/04/26 01:22 AM EDT,$0.48,9
20260804,KBO-WIN-FG-0006969NI4RATKG-SANS000,08/04/26 01:22 AM EDT,$0.54,4
20260804,MLB-PHRR-FG-03I5DRV9ELG6MKO-ALEN000-GTE-P00045,08/04/26 01:23 AM EDT,$0.13,71
20260804,MLB-PHRR-FG-03I5DRV9ELG6MKO-ALEN000-GTE-P00045,08/04/26 01:24 AM EDT,$0.05,71
20260804,KBO-WIN-FG-000684SCI4R0H6G-NCOS000,08/04/26 01:24 AM EDT,$0.62,5
20260804,NPB-WIN-FG-00NFD5QBPJJHKUO-HARS001,08/04/26 01:24 AM EDT,$0.62,13
20260804,NPB-WIN-FG-00NFD5QBPJJHKUO-HARS001,08/04/26 01:25 AM EDT,$0.62,3
20260804,KBO-WIN-FG-000696BHI4RATJ8-KTON000,08/04/26 01:25 AM EDT,$0.44,4
20260804,KBO-WIN-FG-000684VNI4R0HP8-LOTS001,08/04/26 01:25 AM EDT,$0.63,3
20260804,KBO-TRUNS-FG-0006969NI4RATKG-GTE-P00115,08/04/26 01:25 AM EDT,$0.49,156
20260804,KBO-WIN-FG-000684Q7I4R0G78-LGNS000,08/04/26 01:25 AM EDT,$0.66,92
20260804,KBO-TRUNS-FG-000684Q7I4R0G78-GTE-P00095,08/04/26 01:26 AM EDT,$0.54,107
20260804,NPB-WIN-FG-00NFD5QBPJJHKUO-HARS001,08/04/26 01:26 AM EDT,$0.62,3
20260804,KBO-WIN-FG-0006969NI4RATKG-SANS000,08/04/26 01:27 AM EDT,$0.54,151
20260804,NPB-WIN-FG-00NFD5Q4PJJHLT8-SANS002,08/04/26 01:27 AM EDT,$0.60,200
20260804,NPB-TRUNS-FG-00NFD5QBPJJHKUO-GTE-P00075,08/04/26 01:27 AM EDT,$0.42,66
20260804,NPB-TRUNS-FG-00NFD5RJPJJHKUG-GTE-P00065,08/04/26 01:27 AM EDT,$0.57,67
20260804,KBO-WIN-FG-000696BHI4RATJ8-KTON000,08/04/26 01:29 AM EDT,$0.44,10
20260804,NPB-MOVY-FG-00NFD5QBPJJHKUO-HARS001-GTE-P00015,08/04/26 01:29 AM EDT,$0.49,98
20260804,NPB-MOVY-FG-00NFD5QBPJJHKUO-HARS001-GTE-P00035,08/04/26 01:30 AM EDT,$0.31,10
20260804,KBO-WIN-FG-000684VNI4R0HP8-LOTS001,08/04/26 01:30 AM EDT,$0.63,230
20260804,KBO-WIN-FG-0006969NI4RATKG-SANS000,08/04/26 01:32 AM EDT,$0.54,44
20260804,NPB-WIN-FG-00NFD5P9PJJHL50-HORS000,08/04/26 01:32 AM EDT,$0.43,111
20260804,KBO-MOVY-FG-0006969NI4RATKG-SANS000-GTE-P00005,08/04/26 01:32 AM EDT,$0.49,107
20260804,KBO-WIN-FG-0006969NI4RATKG-SANS000,08/04/26 01:33 AM EDT,$0.54,53
20260804,NPB-TRUNS-FG-00NFD5QBPJJHKUO-GTE-P00045,08/04/26 01:35 AM EDT,$0.75,3
20260804,NPB-WIN-FG-00NFD5PLPJJHKMO-HIRP000,08/04/26 01:35 AM EDT,$0.53,90
20260804,MLB-PHRR-FG-03I5DSF4ELGEQT0-JOVE001-GTE-P00035,08/04/26 01:36 AM EDT,$0.20,22
20260804,NPB-WIN-FG-00NFD5Q4PJJHLT8-SANS002,08/04/26 01:37 AM EDT,$0.60,8
20260804,KBO-TRUNS-FG-000696BHI4RATJ8-GTE-P00095,08/04/26 01:37 AM EDT,$0.50,115
20260804,NWSL-DWIN-FG-00NB71Q9PGDTSN8-NOEW002,08/04/26 01:38 AM EDT,$0.30,6
20260804,KBO-MOVY-FG-000684SCI4R0H6G-NCOS000-GTE-P00015,08/04/26 01:38 AM EDT,$0.48,14
20260804,KBO-TRUNS-FG-000684Q7I4R0G78-GTE-P00115,08/04/26 01:39 AM EDT,$0.38,52
20260804,NPB-WIN-FG-00NFD5P9PJJHL50-HORS000,08/04/26 01:39 AM EDT,$0.43,33
20260804,NPB-WIN-FG-00NFD5PLPJJHKMO-YOTS000,08/04/26 01:39 AM EDT,$0.48,30
20260804,NPB-WIN-FG-00NFD5QBPJJHKUO-YORS001,08/04/26 01:39 AM EDT,$0.39,36
20260804,KBO-TRUNS-FG-0006969NI4RATKG-GTE-P00115,08/04/26 01:39 AM EDT,$0.49,21
20260804,KBO-TRUNS-FG-000684Q7I4R0G78-GTE-P00105,08/04/26 01:39 AM EDT,$0.48,16
20260804,KBO-MOVY-FG-000684Q7I4R0G78-LGNS000-GTE-P00025,08/04/26 01:39 AM EDT,$0.49,15
20260804,KBO-TRUNS-FG-000684Q7I4R0G78-GTE-P00125,08/04/26 01:39 AM EDT,$0.33,24
20260804,NPB-TRUNS-FG-00NFD5PLPJJHKMO-GTE-P00115,08/04/26 01:40 AM EDT,$0.10,45
20260804,KBO-TRUNS-FG-000684SCI4R0H6G-GTE-P00085,08/04/26 01:41 AM EDT,$0.49,19
20260804,NPB-MOVY-FG-00NFD5P9PJJHL50-FUKS000-GTE-P00025,08/04/26 01:41 AM EDT,$0.25,8
20260804,KBO-TRUNS-FG-000684Q7I4R0G78-GTE-P00105,08/04/26 01:41 AM EDT,$0.48,20
20260804,KBO-TRUNS-FG-000684Q7I4R0G78-GTE-P00095,08/04/26 01:41 AM EDT,$0.48,194
20260804,KBO-TRUNS-FG-000684VNI4R0HP8-GTE-P00105,08/04/26 01:42 AM EDT,$0.48,20
20260804,KBO-TRUNS-FG-000696BHI4RATJ8-GTE-P00095,08/04/26 01:42 AM EDT,$0.50,19
20260804,NPB-TRUNS-FG-00NFD5QBPJJHKUO-GTE-P00075,08/04/26 01:43 AM EDT,$0.49,19
20260804,NPB-TRUNS-FG-00NFD5RJPJJHKUG-GTE-P00075,08/04/26 01:43 AM EDT,$0.44,21
20260804,NPB-WIN-FG-00NFD5QBPJJHKUO-HARS001,08/04/26 01:44 AM EDT,$0.62,7
20260804,NPB-TRUNS-FG-00NFD5PLPJJHKMO-GTE-P00055,08/04/26 01:44 AM EDT,$0.52,20
20260804,KBO-TRUNS-FG-000684Q7I4R0G78-GTE-P00095,08/04/26 01:44 AM EDT,$0.54,10
20260804,NPB-WIN-FG-00NFD5RJPJJHKUG-CHNS000,08/04/26 01:44 AM EDT,$0.62,39
20260804,NPB-WIN-FG-00NFD5Q4PJJHLT8-SANS002,08/04/26 01:44 AM EDT,$0.60,41
20260804,NPB-TRUNS-FG-00NFD5Q4PJJHLT8-GTE-P00065,08/04/26 01:45 AM EDT,$0.55,20
20260804,NPB-TRUNS-FG-00NFD5P9PJJHL50-GTE-P00065,08/04/26 01:45 AM EDT,$0.56,20
20260804,KBO-WIN-FG-0006969NI4RATKG-SANS000,08/04/26 01:45 AM EDT,$0.54,300
20260804,NPB-TRUNS-FG-00NFD5P9PJJHL50-GTE-P00075,08/04/26 01:45 AM EDT,$0.38,9
20260804,NPB-WIN-FG-00NFD5RJPJJHKUG-CHNS000,08/04/26 01:46 AM EDT,$0.62,28
20260804,NPB-WIN-FG-00NFD5QBPJJHKUO-HARS001,08/04/26 01:46 AM EDT,$0.62,15
20260804,NPB-WIN-FG-00NFD5P9PJJHL50-FUKS000,08/04/26 01:47 AM EDT,$0.59,16
20260804,KBO-WIN-FG-000684VNI4R0HP8-LOTS001,08/04/26 01:48 AM EDT,$0.63,261
20260804,KBO-WIN-FG-000684Q7I4R0G78-LGNS000,08/04/26 01:49 AM EDT,$0.69,7
20260804,NPB-WIN-FG-00NFD5PLPJJHKMO-YOTS000,08/04/26 01:49 AM EDT,$0.49,18
20260804,KBO-WIN-FG-000684VNI4R0HP8-LOTS001,08/04/26 01:49 AM EDT,$0.63,7
20260804,NPB-WIN-FG-00NFD5Q4PJJHLT8-SANS002,08/04/26 01:49 AM EDT,$0.60,3
20260804,KBO-WIN-FG-0006969NI4RATKG-SANS000,08/04/26 01:49 AM EDT,$0.54,8
20260804,NPB-TRUNS-FG-00NFD5QBPJJHKUO-GTE-P00075,08/04/26 01:49 AM EDT,$0.48,55
20260804,NPB-TRUNS-FG-00NFD5QBPJJHKUO-GTE-P00075,08/04/26 01:49 AM EDT,$0.48,200
20260804,MLB-TRUNS-I1-03I5CE5DELGD0G8-GTE-P00035,08/04/26 01:49 AM EDT,$0.03,52
20260804,NPB-WIN-FG-00NFD5P9PJJHL50-FUKS000,08/04/26 01:49 AM EDT,$0.59,4
20260804,MLB-TRUNS-I1-03I5CE5DELGD0G8-GTE-P00035,08/04/26 01:50 AM EDT,$0.11,52
20260804,NPB-WIN-FG-00NFD5QBPJJHKUO-HARS001,08/04/26 01:52 AM EDT,$0.62,90
20260804,KBO-WIN-FG-0006969NI4RATKG-SANS000,08/04/26 01:53 AM EDT,$0.54,60
20260804,MLB-TRUNS-I1-03I5DSF4ELGEQT0-GTE-P00005,08/04/26 01:54 AM EDT,$0.44,10
20260804,NPB-WIN-FG-00NFD5RJPJJHKUG-TOWS000,08/04/26 01:55 AM EDT,$0.40,59
20260804,KBO-WIN-FG-000696BHI4RATJ8-KTON000,08/04/26 01:57 AM EDT,$0.45,42
20260804,NPB-WIN-FG-00NFD5RJPJJHKUG-CHNS000,08/04/26 01:57 AM EDT,$0.62,3
20260804,NPB-MOVY-FG-00NFD5P9PJJHL50-FUKS000-GTE-P00015,08/04/26 01:58 AM EDT,$0.40,23
20260804,MLB-TRUNS-I1-03I5CE5DELGD0G8-GTE-P00035,08/04/26 01:58 AM EDT,$0.03,51
20260804,MLB-TRUNS-I1-03I5CE5DELGD0G8-GTE-P00035,08/04/26 01:58 AM EDT,$0.11,51
20260804,KBO-TRUNS-FG-000684SCI4R0H6G-GTE-P00085,08/04/26 01:59 AM EDT,$0.41,19
20260804,KBO-WIN-FG-0006969NI4RATKG-SANS000,08/04/26 02:00 AM EDT,$0.54,26
20260804,NPB-WIN-FG-00NFD5PLPJJHKMO-HIRP000,08/04/26 02:00 AM EDT,$0.53,45
20260804,KBO-TRUNS-FG-0006969NI4RATKG-GTE-P00105,08/04/26 02:04 AM EDT,$0.61,15
20260804,KBO-TRUNS-FG-000684VNI4R0HP8-GTE-P00095,08/04/26 02:04 AM EDT,$0.53,9
20260804,KBO-TRUNS-FG-000684Q7I4R0G78-GTE-P00105,08/04/26 02:04 AM EDT,$0.40,8
20260804,KBO-WIN-FG-0006969NI4RATKG-HAES000,08/04/26 02:04 AM EDT,$0.47,20
20260804,KBO-TRUNS-FG-000684SCI4R0H6G-GTE-P00075,08/04/26 02:04 AM EDT,$0.56,8
20260804,NPB-WIN-FG-00NFD5Q4PJJHLT8-SANS002,08/04/26 02:04 AM EDT,$0.60,40
20260804,NPB-WIN-FG-00NFD5P9PJJHL50-FUKS000,08/04/26 02:05 AM EDT,$0.58,41
20260804,NPB-TRUNS-FG-00NFD5PLPJJHKMO-GTE-P00055,08/04/26 02:05 AM EDT,$0.46,44
20260804,MLB-TRUNS-I1-03I5CE5DELGD0G8-GTE-P00035,08/04/26 02:05 AM EDT,$0.11,83
20260804,KBO-WIN-FG-000684VNI4R0HP8-LOTS001,08/04/26 02:05 AM EDT,$0.63,15
20260804,NPB-WIN-FG-00NFD5Q4PJJHLT8-SANS002,08/04/26 02:07 AM EDT,$0.60,241
20260804,MLB-TRUNS-IT5-03I5DRP4ELG6MI0-GTE-P00045,08/04/26 02:08 AM EDT,$0.57,16
20260804,MLB-TRUNS-I1-03I5DRP4ELG6MI0-GTE-P00015,08/04/26 02:11 AM EDT,$0.34,13
20260804,NPB-MOVY-FG-00NFD5P9PJJHL50-FUKS000-GTE-P00015,08/04/26 02:11 AM EDT,$0.41,12
20260804,MLB-TRUNS-I1-03I5CE4PELGD0MO-GTE-P00005,08/04/26 02:11 AM EDT,$0.49,9
20260804,NPB-MOVY-FG-00NFD5QBPJJHKUO-HARS001-GTE-P00015,08/04/26 02:11 AM EDT,$0.49,10
20260804,NPB-TRUNS-FG-00NFD5PLPJJHKMO-GTE-P00055,08/04/26 02:11 AM EDT,$0.46,19
20260804,MLB-TRUNS-I1-03I5CE5DELGD0G8-GTE-P00015,08/04/26 02:12 AM EDT,$0.32,14
20260804,MLB-TRUNS-I1-03I5DSDCELGERO0-GTE-P00015,08/04/26 02:12 AM EDT,$0.31,30
20260804,MLB-TRUNS-I1-03I5DSD4ELGER48-GTE-P00045,08/04/26 02:13 AM EDT,$0.09,50
20260804,MLB-TRUNS-I1-03I5DRPFELG6MTG-GTE-P00005,08/04/26 02:13 AM EDT,$0.46,35
20260804,NPB-WIN-FG-00NFD5RJPJJHKUG-CHNS000,08/04/26 02:14 AM EDT,$0.62,16
20260804,KBO-WIN-FG-0006969NI4RATKG-SANS000,08/04/26 02:15 AM EDT,$0.55,87
20260804,KBO-WIN-FG-000684Q7I4R0G78-LGNS000,08/04/26 02:16 AM EDT,$0.68,70
20260804,MLB-TRUNS-I1-03I5CE4PELGD0MO-GTE-P00005,08/04/26 02:21 AM EDT,$0.41,32
20260804,KBO-WIN-FG-0006969NI4RATKG-SANS000,08/04/26 02:22 AM EDT,$0.55,44
20260804,KBO-TRUNS-FG-0006969NI4RATKG-GTE-P00115,08/04/26 02:23 AM EDT,$0.49,9
20260804,NPB-WIN-FG-00NFD5P9PJJHL50-FUKS000,08/04/26 02:23 AM EDT,$0.59,31
20260804,KBO-WIN-FG-000684VNI4R0HP8-KIES000,08/04/26 02:24 AM EDT,$0.39,60
20260804,NPB-TRUNS-FG-00NFD5RJPJJHKUG-GTE-P00065,08/04/26 02:25 AM EDT,$0.57,27
20260804,MLB-TRUNS-I1-03I5DRPHELG6M28-GTE-P00035,08/04/26 02:25 AM EDT,$0.11,25
20260804,MLB-TRUNS-I1-03I5DRPFELG6MTG-GTE-P00035,08/04/26 02:26 AM EDT,$0.11,25
20260804,KBO-TRUNS-FG-0006969NI4RATKG-GTE-P00065,08/04/26 02:28 AM EDT,$0.83,27
20260804,KBO-TRUNS-FG-0006969NI4RATKG-GTE-P00065,08/04/26 02:29 AM EDT,$0.91,27
20260804,KBO-TRUNS-FG-0006969NI4RATKG-GTE-P00065,08/04/26 02:29 AM EDT,$0.91,55
20260804,NPB-WIN-FG-00NFD5P9PJJHL50-FUKS000,08/04/26 02:30 AM EDT,$0.59,74
20260804,MLB-TRUNS-I1-03I5CE4PELGD0MO-GTE-P00025,08/04/26 02:30 AM EDT,$0.17,55
20260804,KBO-TRUNS-FG-0006969NI4RATKG-GTE-P00065,08/04/26 02:34 AM EDT,$0.83,140
20260804,MLB-PHRR-FG-03I5CE5HELGD1EO-ALMS000-GTE-P00055,08/04/26 02:34 AM EDT,$0.07,250
20260804,MLB-PHRR-FG-03I5CE5HELGD1EO-ALMS000-GTE-P00095,08/04/26 02:35 AM EDT,$0.04,300
20260804,MLB-PHRR-FG-03I5CE5HELGD1EO-EUEZ001-GTE-P00085,08/04/26 02:35 AM EDT,$0.04,300
20260804,MLB-PHRR-FG-03I5CE5HELGD1EO-HETE000-GTE-P00085,08/04/26 02:35 AM EDT,$0.04,300
20260804,NPB-WIN-FG-00NFD5RJPJJHKUG-CHNS000,08/04/26 02:35 AM EDT,$0.60,16
20260804,MLB-TRUNS-I1-03I5CE5DELGD0G8-GTE-P00035,08/04/26 02:35 AM EDT,$0.11,125
20260804,MLB-TRUNS-I1-03I5CE4PELGD0MO-GTE-P00025,08/04/26 02:36 AM EDT,$0.17,83
20260804,MLB-TRUNS-I1-03I5DRPHELG6M28-GTE-P00035,08/04/26 02:36 AM EDT,$0.11,125
20260804,NPB-WIN-FG-00NFD5QBPJJHKUO-HARS001,08/04/26 02:36 AM EDT,$0.62,14
20260804,MLB-TRUNS-I1-03I5DRVQELG6N68-GTE-P00045,08/04/26 02:36 AM EDT,$0.09,150
20260804,MLB-TRUNS-I1-03I5DRTFELG6MK8-GTE-P00035,08/04/26 02:36 AM EDT,$0.09,100
20260804,MLB-TRUNS-I1-03I5DRPFELG6MTG-GTE-P00015,08/04/26 02:37 AM EDT,$0.32,14
20260804,NPB-WIN-FG-00NFD5QBPJJHKUO-HARS001,08/04/26 02:39 AM EDT,$0.62,153
20260804,NPB-TRUNS-FG-00NFD5QBPJJHKUO-GTE-P00065,08/04/26 02:42 AM EDT,$0.52,10
20260804,KBO-MOVY-FG-000684Q7I4R0G78-LGNS000-GTE-P00025,08/04/26 02:42 AM EDT,$0.49,16
20260804,KBO-WIN-FG-000684VNI4R0HP8-LOTS001,08/04/26 02:44 AM EDT,$0.64,30
20260804,MLB-PHRR-FG-03I5DRP4ELG6MI0-KYER003-GTE-P00085,08/04/26 02:44 AM EDT,$0.06,42
20260804,NPB-WIN-FG-00NFD5PLPJJHKMO-YOTS000,08/04/26 02:45 AM EDT,$0.49,35
20260804,KBO-WIN-FG-000684Q7I4R0G78-LGNS000,08/04/26 02:46 AM EDT,$0.69,70
20260804,MLB-TRUNS-I1-03I5DRP4ELG6MI0-GTE-P00015,08/04/26 02:46 AM EDT,$0.26,2
20260804,MLB-TRUNS-I1-03I5CE5HELGD1EO-GTE-P00005,08/04/26 02:46 AM EDT,$0.52,9
20260804,MLB-PHRR-FG-03I5CE5HELGD1EO-ELUZ001-GTE-P00055,08/04/26 02:46 AM EDT,$0.11,58
20260804,NPB-WIN-FG-00NFD5QBPJJHKUO-YORS001,08/04/26 02:47 AM EDT,$0.39,7
20260804,KBO-MOVY-FG-0006969NI4RATKG-SANS000-GTE-P00045,08/04/26 02:48 AM EDT,$0.22,23
20260804,MLB-TRUNS-I1-03I5DRVQELG6N68-GTE-P00005,08/04/26 02:48 AM EDT,$0.50,19
20260804,KBO-WIN-FG-0006969NI4RATKG-SANS000,08/04/26 02:50 AM EDT,$0.55,50
20260804,KBO-WIN-FG-0006969NI4RATKG-SANS000,08/04/26 02:51 AM EDT,$0.55,32
20260804,MLB-TRUNS-I1-03I5DRPFELG6MTG-GTE-P00005,08/04/26 02:51 AM EDT,$0.46,8
20260804,KBO-WIN-FG-000684VNI4R0HP8-LOTS001,08/04/26 02:51 AM EDT,$0.64,32
20260804,KBO-WIN-FG-0006969NI4RATKG-SANS000,08/04/26 02:52 AM EDT,$0.55,17
20260804,KBO-TRUNS-FG-0006969NI4RATKG-GTE-P00115,08/04/26 02:52 AM EDT,$0.49,19
20260804,KBO-WIN-FG-0006969NI4RATKG-SANS000,08/04/26 02:53 AM EDT,$0.55,131
20260804,NPB-WIN-FG-00NFD5QBPJJHKUO-HARS001,08/04/26 02:54 AM EDT,$0.61,13
20260804,NPB-WIN-FG-00NFD5QBPJJHKUO-YORS001,08/04/26 02:54 AM EDT,$0.39,19
20260804,KBO-WIN-FG-0006969NI4RATKG-SANS000,08/04/26 02:55 AM EDT,$0.55,19
20260804,NPB-TRUNS-FG-00NFD5QBPJJHKUO-GTE-P00075,08/04/26 02:56 AM EDT,$0.47,173
20260804,NPB-WIN-FG-00NFD5RJPJJHKUG-CHNS000,08/04/26 02:58 AM EDT,$0.62,7
20260804,KBO-MOVY-FG-0006969NI4RATKG-HAES000-GTE-P00025,08/04/26 02:58 AM EDT,$0.26,6
20260804,NPB-WIN-FG-00NFD5Q4PJJHLT8-SANS002,08/04/26 02:58 AM EDT,$0.60,8
20260804,NPB-WIN-FG-00NFD5QBPJJHKUO-YORS001,08/04/26 02:58 AM EDT,$0.39,48
20260804,KBO-WIN-FG-0006969NI4RATKG-SANS000,08/04/26 02:59 AM EDT,$0.55,45
20260804,NPB-WIN-FG-00NFD5QBPJJHKUO-YORS001,08/04/26 02:59 AM EDT,$0.39,2
20260804,KBO-WIN-FG-000684Q7I4R0G78-LGNS000,08/04/26 03:03 AM EDT,$0.68,151
20260804,MLB-TRUNS-I1-03I5CE4PELGD0MO-GTE-P00005,08/04/26 03:03 AM EDT,$0.41,3
20260804,MLB-TRUNS-I1-03I5DRP4ELG6MI0-GTE-P00005,08/04/26 03:03 AM EDT,$0.46,3
20260804,MLB-TRUNS-I1-03I5CE5DELGD0G8-GTE-P00005,08/04/26 03:03 AM EDT,$0.46,3
20260804,MLB-TRUNS-I1-03I5DRVQELG6N68-GTE-P00005,08/04/26 03:03 AM EDT,$0.50,3
20260804,MLB-TRUNS-I1-03I5DRV9ELG6MKO-GTE-P00005,08/04/26 03:03 AM EDT,$0.46,3
20260804,MLB-TRUNS-I1-03I5CE5HELGD1EO-GTE-P00005,08/04/26 03:03 AM EDT,$0.44,3
20260804,MLB-TRUNS-I1-03I5DRUGELG6M2G-GTE-P00005,08/04/26 03:03 AM EDT,$0.47,3
20260804,MLB-TRUNS-I1-03I5DRPHELG6M28-GTE-P00005,08/04/26 03:03 AM EDT,$0.47,3
20260804,MLB-TRUNS-I1-03I5CE5DELGD0G8-GTE-P00005,08/04/26 03:04 AM EDT,$0.54,26
20260804,KBO-WIN-FG-0006969NI4RATKG-SANS000,08/04/26 03:05 AM EDT,$0.55,43
20260804,KBO-WIN-FG-0006969NI4RATKG-SANS000,08/04/26 03:05 AM EDT,$0.55,43
20260804,NPB-WIN-FG-00NFD5QBPJJHKUO-YORS001,08/04/26 03:09 AM EDT,$0.38,50
20260804,MLB-TRUNS-I1-03I5CE5DELGD0G8-GTE-P00035,08/04/26 03:10 AM EDT,$0.11,83
20260804,MLB-TRUNS-I1-03I5CE4PELGD0MO-GTE-P00025,08/04/26 03:11 AM EDT,$0.16,29
20260804,MLB-TRUNS-I1-03I5DRP4ELG6MI0-GTE-P00025,08/04/26 03:11 AM EDT,$0.19,25
20260804,NPB-WIN-FG-00NFD5RJPJJHKUG-CHNS000,08/04/26 03:11 AM EDT,$0.61,40
20260804,NPB-WIN-FG-00NFD5Q4PJJHLT8-SANS002,08/04/26 03:11 AM EDT,$0.59,41
20260804,MLB-TRUNS-I1-03I5DRVQELG6N68-GTE-P00045,08/04/26 03:11 AM EDT,$0.09,100
20260804,MLB-TRUNS-I1-03I5CE5DELGD0G8-GTE-P00015,08/04/26 03:12 AM EDT,$0.32,32
20260804,KBO-WIN-FG-000684Q7I4R0G78-LGNS000,08/04/26 03:16 AM EDT,$0.68,4285
20260804,KBO-WIN-FG-0006969NI4RATKG-SANS000,08/04/26 03:16 AM EDT,$0.55,132
20260804,KBO-MOVY-FG-000684Q7I4R0G78-LGNS000-GTE-P00025,08/04/26 03:16 AM EDT,$0.45,1
20260804,KBO-MOVY-FG-000684Q7I4R0G78-LGNS000-GTE-P00025,08/04/26 03:16 AM EDT,$0.49,1
20260804,KBO-WIN-FG-000684Q7I4R0G78-LGNS000,08/04/26 03:17 AM EDT,$0.68,2
20260804,KBO-WIN-FG-000684VNI4R0HP8-LOTS001,08/04/26 03:17 AM EDT,$0.63,1
20260804,KBO-TRUNS-FG-000684VNI4R0HP8-GTE-P00095,08/04/26 03:17 AM EDT,$0.49,62
20260804,KBO-TRUNS-FG-000684VNI4R0HP8-GTE-P00095,08/04/26 03:17 AM EDT,$0.49,200
20260804,KBO-WIN-FG-0006969NI4RATKG-SANS000,08/04/26 03:17 AM EDT,$0.55,1
20260804,NPB-WIN-FG-00NFD5QBPJJHKUO-HARS001,08/04/26 03:17 AM EDT,$0.62,1
20260804,KBO-WIN-FG-000696BHI4RATJ8-KIRS000,08/04/26 03:17 AM EDT,$0.55,200
20260804,NPB-WIN-FG-00NFD5RJPJJHKUG-CHNS000,08/04/26 03:17 AM EDT,$0.61,1
20260804,NPB-WIN-FG-00NFD5P9PJJHL50-FUKS000,08/04/26 03:17 AM EDT,$0.58,8
20260804,NPB-WIN-FG-00NFD5Q4PJJHLT8-SANS002,08/04/26 03:18 AM EDT,$0.59,1
20260804,NPB-WIN-FG-00NFD5P9PJJHL50-FUKS000,08/04/26 03:18 AM EDT,$0.58,1
20260804,KBO-WIN-FG-0006969NI4RATKG-SANS000,08/04/26 03:19 AM EDT,$0.55,117
20260804,KBO-WIN-FG-000684Q7I4R0G78-LGNS000,08/04/26 03:19 AM EDT,$0.68,7
20260804,KBO-WIN-FG-0006969NI4RATKG-SANS000,08/04/26 03:19 AM EDT,$0.55,8
20260804,NPB-MOVY-FG-00NFD5QBPJJHKUO-HARS001-GTE-P00015,08/04/26 03:19 AM EDT,$0.48,10
20260804,NPB-TRUNS-FG-00NFD5P9PJJHL50-GTE-P00055,08/04/26 03:19 AM EDT,$0.64,7
20260804,NPB-WIN-FG-00NFD5QBPJJHKUO-HARS001,08/04/26 03:22 AM EDT,$0.62,7
20260804,KBO-WIN-FG-000684Q7I4R0G78-LGNS000,08/04/26 03:22 AM EDT,$0.66,2
20260804,KBO-WIN-FG-000684Q7I4R0G78-LGNS000,08/04/26 03:23 AM EDT,$0.68,1
20260804,NPB-WIN-FG-00NFD5P9PJJHL50-FUKS000,08/04/26 03:24 AM EDT,$0.58,8
20260804,NPB-TRUNS-FG-00NFD5RJPJJHKUG-GTE-P00075,08/04/26 03:25 AM EDT,$0.40,88
20260804,NPB-WIN-FG-00NFD5RJPJJHKUG-CHNS000,08/04/26 03:25 AM EDT,$0.61,72
20260804,KBO-WIN-FG-000684Q7I4R0G78-LGNS000,08/04/26 03:26 AM EDT,$0.68,7
20260804,NPB-TRUNS-FG-00NFD5QBPJJHKUO-GTE-P00105,08/04/26 03:26 AM EDT,$0.24,38
20260804,KBO-WIN-FG-000684VNI4R0HP8-LOTS001,08/04/26 03:29 AM EDT,$0.64,15
20260804,MLB-TRUNS-I1-03I5DRPHELG6M28-GTE-P00025,08/04/26 03:29 AM EDT,$0.19,50
20260804,KBO-MOVY-FG-000684VNI4R0HP8-LOTS001-GTE-P00025,08/04/26 03:29 AM EDT,$0.35,129
20260804,NPB-WIN-FG-00NFD5Q4PJJHLT8-SANS002,08/04/26 03:30 AM EDT,$0.59,42
20260804,NPB-WIN-FG-00NFD5PLPJJHKMO-YOTS000,08/04/26 03:30 AM EDT,$0.50,16
20260804,NPB-WIN-FG-00NFD5RJPJJHKUG-TOWS000,08/04/26 03:30 AM EDT,$0.41,23
20260804,KBO-TRUNS-FG-0006969NI4RATKG-GTE-P00105,08/04/26 03:31 AM EDT,$0.54,17
20260804,NPB-WIN-FG-00NFD5QBPJJHKUO-YORS001,08/04/26 03:31 AM EDT,$0.42,11
20260804,NPB-WIN-FG-00NFD5P9PJJHL50-HORS000,08/04/26 03:32 AM EDT,$0.43,11
20260804,NPB-WIN-FG-00NFD5Q4PJJHLT8-CHES000,08/04/26 03:32 AM EDT,$0.43,11
20260804,KBO-TRUNS-FG-000684Q7I4R0G78-GTE-P00105,08/04/26 03:32 AM EDT,$0.41,47
20260804,KBO-MOVY-FG-000684VNI4R0HP8-LOTS001-GTE-P00015,08/04/26 03:32 AM EDT,$0.47,102
20260804,NPB-TRUNS-FG-00NFD5QBPJJHKUO-GTE-P00075,08/04/26 03:34 AM EDT,$0.47,235
20260804,KBO-TRUNS-FG-000684VNI4R0HP8-GTE-P00065,08/04/26 03:34 AM EDT,$0.74,100
20260804,MLB-TRUNS-I1-03I5DRTFELG6MK8-GTE-P00035,08/04/26 03:34 AM EDT,$0.09,100
20260804,KBO-TRUNS-FG-000684Q7I4R0G78-GTE-P00065,08/04/26 03:35 AM EDT,$0.74,53
20260804,NPB-MOVY-FG-00NFD5P9PJJHL50-FUKS000-GTE-P00015,08/04/26 03:35 AM EDT,$0.39,17
20260804,NPB-WIN-FG-00NFD5RJPJJHKUG-CHNS000,08/04/26 03:35 AM EDT,$0.61,11
20260804,NPB-WIN-FG-00NFD5QBPJJHKUO-HARS001,08/04/26 03:37 AM EDT,$0.59,475
20260804,KBO-WIN-FG-000684VNI4R0HP8-KIES000,08/04/26 03:40 AM EDT,$0.39,12
20260804,NPB-WIN-FG-00NFD5Q4PJJHLT8-CHES000,08/04/26 03:40 AM EDT,$0.43,11
20260804,NPB-WIN-FG-00NFD5PLPJJHKMO-HIRP000,08/04/26 03:41 AM EDT,$0.54,100
20260804,KBO-TRUNS-FG-000696BHI4RATJ8-GTE-P00095,08/04/26 03:43 AM EDT,$0.45,13
20260804,NPB-MOVY-FG-00NFD5QBPJJHKUO-HARS001-GTE-P00015,08/04/26 03:43 AM EDT,$0.47,1840
20260804,NPB-MOVY-FG-00NFD5QBPJJHKUO-HARS001-GTE-P00015,08/04/26 03:43 AM EDT,$0.47,200
20260804,KBO-WIN-FG-000684VNI4R0HP8-LOTS001,08/04/26 03:44 AM EDT,$0.64,601
20260804,KBO-TRUNS-FG-000684Q7I4R0G78-GTE-P00095,08/04/26 03:44 AM EDT,$0.55,63
20260804,KBO-TRUNS-FG-000684Q7I4R0G78-GTE-P00095,08/04/26 03:44 AM EDT,$0.55,200
20260804,KBO-TRUNS-FG-0006969NI4RATKG-GTE-P00105,08/04/26 03:45 AM EDT,$0.62,10
20260804,MLB-TRUNS-I1-03I5CE5DELGD0G8-GTE-P00005,08/04/26 03:45 AM EDT,$0.54,41
20260804,MLB-TRUNS-IT5-03I5CE4PELGD0MO-GTE-P00045,08/04/26 03:46 AM EDT,$0.42,8
20260804,KBO-WIN-FG-000684Q7I4R0G78-SSRS000,08/04/26 03:47 AM EDT,$0.34,1
20260804,NPB-WIN-FG-00NFD5QBPJJHKUO-HARS001,08/04/26 03:48 AM EDT,$0.59,8
20260804,NPB-WIN-FG-00NFD5QBPJJHKUO-HARS001,08/04/26 03:50 AM EDT,$0.59,3
20260804,NPB-WIN-FG-00NFD5QBPJJHKUO-HARS001,08/04/26 03:50 AM EDT,$0.59,8
20260804,NPB-WIN-FG-00NFD5RJPJJHKUG-CHNS000,08/04/26 03:50 AM EDT,$0.61,7
20260804,NPB-WIN-FG-00NFD5PLPJJHKMO-HIRP000,08/04/26 03:51 AM EDT,$0.54,8
20260804,NPB-WIN-FG-00NFD5Q4PJJHLT8-SANS002,08/04/26 03:51 AM EDT,$0.59,8
20260804,NPB-WIN-FG-00NFD5P9PJJHL50-FUKS000,08/04/26 03:51 AM EDT,$0.59,8
20260804,KBO-WIN-FG-0006969NI4RATKG-SANS000,08/04/26 03:52 AM EDT,$0.56,8
20260804,KBO-WIN-FG-0006969NI4RATKG-SANS000,08/04/26 03:52 AM EDT,$0.56,17
20260804,KBO-WIN-FG-0006969NI4RATKG-SANS000,08/04/26 03:52 AM EDT,$0.56,17
20260804,MLB-PHRR-FG-03I5CE5HELGD1EO-HETE000-GTE-P00025,08/04/26 03:53 AM EDT,$0.33,7
20260804,KBO-WIN-FG-0006969NI4RATKG-SANS000,08/04/26 03:53 AM EDT,$0.55,35
20260804,MLB-TRUNS-I1-03I5DRTFELG6MK8-GTE-P00035,08/04/26 03:55 AM EDT,$0.09,100
20260804,KBO-WIN-FG-0006969NI4RATKG-SANS000,08/04/26 03:55 AM EDT,$0.56,241
20260804,NPB-WIN-FG-00NFD5Q4PJJHLT8-SANS002,08/04/26 03:56 AM EDT,$0.59,50
20260804,NPB-WIN-FG-00NFD5P9PJJHL50-FUKS000,08/04/26 03:58 AM EDT,$0.59,32
20260804,NPB-WIN-FG-00NFD5Q4PJJHLT8-SANS002,08/04/26 03:58 AM EDT,$0.59,32
20260804,NPB-WIN-FG-00NFD5PLPJJHKMO-HIRP000,08/04/26 03:58 AM EDT,$0.54,35
20260804,MLB-TRUNS-I1-03I5DRPHELG6M28-GTE-P00035,08/04/26 03:58 AM EDT,$0.11,41
20260804,KBO-WIN-FG-000684VNI4R0HP8-LOTS001,08/04/26 03:58 AM EDT,$0.63,606
20260804,NPB-WIN-FG-00NFD5RJPJJHKUG-CHNS000,08/04/26 03:58 AM EDT,$0.61,31
20260804,NPB-WIN-FG-00NFD5QBPJJHKUO-HARS001,08/04/26 03:58 AM EDT,$0.59,47
20260804,NWSL-DWIN-FG-00NB71T3PGDTSVO-RAEW001,08/04/26 04:01 AM EDT,$0.24,3
20260804,NWSL-DWIN-FG-00NB71Q9PGDTSN8-NOEW002,08/04/26 04:01 AM EDT,$0.36,2
20260804,NWSL-DWIN-FG-00NB71RCPGDTSIO-SACW009,08/04/26 04:01 AM EDT,$0.30,3
20260804,NPB-TRUNS-FG-00NFD5PLPJJHKMO-GTE-P00055,08/04/26 04:03 AM EDT,$0.46,178
20260804,NPB-TRUNS-FG-00NFD5QBPJJHKUO-GTE-P00115,08/04/26 04:03 AM EDT,$0.10,5
20260804,KBO-TRUNS-FG-000684Q7I4R0G78-GTE-P00055,08/04/26 04:03 AM EDT,$0.88,5
20260804,NPB-WIN-FG-00NFD5PLPJJHKMO-YOTS000,08/04/26 04:04 AM EDT,$0.47,61
20260804,NPB-WIN-FG-00NFD5PLPJJHKMO-HIRP000,08/04/26 04:06 AM EDT,$0.54,5
20260804,NPB-TRUNS-FG-00NFD5RJPJJHKUG-GTE-P00065,08/04/26 04:07 AM EDT,$0.57,47
20260804,NPB-TRUNS-FG-00NFD5QBPJJHKUO-GTE-P00075,08/04/26 04:07 AM EDT,$0.42,41
20260804,NPB-WIN-FG-00NFD5QBPJJHKUO-HARS001,08/04/26 04:09 AM EDT,$0.59,147
20260804,KBO-WIN-FG-000684Q7I4R0G78-LGNS000,08/04/26 04:11 AM EDT,$0.69,704
20260804,NPB-WIN-FG-00NFD5QBPJJHKUO-HARS001,08/04/26 04:12 AM EDT,$0.59,8
20260804,NPB-TRUNS-FG-00NFD5QBPJJHKUO-GTE-P00035,08/04/26 04:15 AM EDT,$0.81,25
20260804,KBO-WIN-FG-000684VNI4R0HP8-KIES000,08/04/26 04:15 AM EDT,$0.38,125
20260804,KBO-WIN-FG-000684Q7I4R0G78-LGNS000,08/04/26 04:15 AM EDT,$0.67,704
20260804,MLB-TRUNS-I4-03I5CE5HELGD1EO-GTE-P00035,08/04/26 04:18 AM EDT,$0.10,45
20260804,KBO-TRUNS-FG-000684Q7I4R0G78-GTE-P00095,08/04/26 04:20 AM EDT,$0.55,19
20260804,KBO-WIN-FG-0006969NI4RATKG-SANS000,08/04/26 04:20 AM EDT,$0.56,18
20260804,MLB-WIN-IT5-03I5CE5HELGD1EO-CIDS000,08/04/26 04:20 AM EDT,$0.56,5
20260804,NPB-TRUNS-FG-00NFD5QBPJJHKUO-GTE-P00065,08/04/26 04:21 AM EDT,$0.52,32
20260804,NPB-WIN-FG-00NFD5Q4PJJHLT8-CHES000,08/04/26 04:21 AM EDT,$0.43,42
20260804,NPB-TRUNS-FG-00NFD5QBPJJHKUO-GTE-P00065,08/04/26 04:21 AM EDT,$0.60,16
20260804,KBO-WIN-FG-000684Q7I4R0G78-SSRS000,08/04/26 04:22 AM EDT,$0.34,27
20260804,KBO-WIN-FG-000684VNI4R0HP8-KIES000,08/04/26 04:22 AM EDT,$0.38,25
20260804,KBO-WIN-FG-0006969NI4RATKG-SANS000,08/04/26 04:22 AM EDT,$0.56,34
20260804,NPB-WIN-FG-00NFD5QBPJJHKUO-YORS001,08/04/26 04:23 AM EDT,$0.45,21
20260804,NPB-WIN-FG-00NFD5RJPJJHKUG-CHNS000,08/04/26 04:23 AM EDT,$0.63,15
20260804,NPB-WIN-FG-00NFD5PLPJJHKMO-YOTS000,08/04/26 04:24 AM EDT,$0.48,40
20260804,NPB-WIN-FG-00NFD5Q4PJJHLT8-SANS002,08/04/26 04:24 AM EDT,$0.59,81
20260804,NPB-WIN-FG-00NFD5P9PJJHL50-FUKS000,08/04/26 04:24 AM EDT,$0.58,33
20260804,KBO-TRUNS-FG-0006969NI4RATKG-GTE-P00105,08/04/26 04:25 AM EDT,$0.63,16
20260804,MLB-PHRR-FG-03I5CE4PELGD0MO-STAN000-GTE-P00005,08/04/26 04:25 AM EDT,$0.77,210
20260804,MLB-PHRR-FG-03I5DSF4ELGEQT0-JENA000-GTE-P00005,08/04/26 04:25 AM EDT,$0.76,64
20260804,MLB-PHRR-FG-03I5DSF4ELGEQT0-JOVE001-GTE-P00005,08/04/26 04:26 AM EDT,$0.72,67
20260804,MLB-TRUNS-I1-03I5DSD4ELGER48-GTE-P00025,08/04/26 04:26 AM EDT,$0.23,2
20260804,MLB-PHRR-FG-03I5DRPFELG6MTG-PENG000-GTE-P00005,08/04/26 04:26 AM EDT,$0.70,69
20260804,MLB-PHRR-FG-03I5DRPFELG6MTG-FRAN000-GTE-P00005,08/04/26 04:26 AM EDT,$0.81,60
20260804,MLB-PHRR-FG-03I5CE4PELGD0MO-FROR000-GTE-P00005,08/04/26 04:27 AM EDT,$0.74,65
20260804,KBO-WIN-FG-0006969NI4RATKG-SANS000,08/04/26 04:27 AM EDT,$0.56,43
20260804,MLB-PHRR-FG-03I5DSCVELGERJ8-LUFO000-GTE-P00005,08/04/26 04:27 AM EDT,$0.77,63
20260804,NPB-WIN-FG-00NFD5RJPJJHKUG-CHNS000,08/04/26 04:28 AM EDT,$0.63,7
20260804,NPB-WIN-FG-00NFD5P9PJJHL50-FUKS000,08/04/26 04:28 AM EDT,$0.58,50
20260804,KBO-WIN-FG-000684Q7I4R0G78-LGNS000,08/04/26 04:28 AM EDT,$0.69,7
20260804,NPB-WIN-FG-00NFD5QBPJJHKUO-HARS001,08/04/26 04:28 AM EDT,$0.56,68
20260804,MLB-PHRR-FG-03I5CE5HELGD1EO-TYOM000-GTE-P00005,08/04/26 04:29 AM EDT,$0.77,67
20260804,KBO-TRUNS-FG-0006969NI4RATKG-GTE-P00115,08/04/26 04:33 AM EDT,$0.48,1
20260804,KBO-TRUNS-FG-000684Q7I4R0G78-GTE-P00105,08/04/26 04:33 AM EDT,$0.42,1
20260804,KBO-TRUNS-FG-000684VNI4R0HP8-GTE-P00095,08/04/26 04:33 AM EDT,$0.49,1
20260804,NPB-TRUNS-FG-00NFD5RJPJJHKUG-GTE-P00065,08/04/26 04:34 AM EDT,$0.50,1
20260804,NPB-TRUNS-FG-00NFD5QBPJJHKUO-GTE-P00065,08/04/26 04:34 AM EDT,$0.52,1
20260804,NPB-TRUNS-FG-00NFD5P9PJJHL50-GTE-P00075,08/04/26 04:34 AM EDT,$0.41,1
20260804,NPB-WIN-FG-00NFD5QBPJJHKUO-HARS001,08/04/26 04:35 AM EDT,$0.56,86
20260804,MLB-WIN-IT5-03I5DRTFELG6MK8-PIES000,08/04/26 04:35 AM EDT,$0.48,60
20260804,NPB-TRUNS-FG-00NFD5PLPJJHKMO-GTE-P00055,08/04/26 04:39 AM EDT,$0.52,38
20260804,KBO-WIN-FG-0006969NI4RATKG-SANS000,08/04/26 04:40 AM EDT,$0.57,84
20260804,NPB-WIN-FG-00NFD5QBPJJHKUO-HARS001,08/04/26 04:41 AM EDT,$0.56,200
20260804,NPB-WIN-FG-00NFD5QBPJJHKUO-HARS001,08/04/26 04:41 AM EDT,$0.56,144
20260804,NPB-MOVY-FG-00NFD5RJPJJHKUG-CHNS000-GTE-P00025,08/04/26 04:41 AM EDT,$0.30,200
20260804,NPB-MOVY-FG-00NFD5RJPJJHKUG-CHNS000-GTE-P00025,08/04/26 04:42 AM EDT,$0.31,290
20260804,MLB-TRUNS-I1-03I5DRPFELG6MTG-GTE-P00015,08/04/26 04:42 AM EDT,$0.31,15
20260804,NPB-WIN-FG-00NFD5QBPJJHKUO-HARS001,08/04/26 04:43 AM EDT,$0.56,662
20260804,NPB-WIN-FG-00NFD5QBPJJHKUO-HARS001,08/04/26 04:43 AM EDT,$0.56,200
20260804,MLB-TRUNS-I1-03I5CE5DELGD0G8-GTE-P00025,08/04/26 04:43 AM EDT,$0.19,10
20260804,MLB-TRUNS-I1-03I5DRTFELG6MK8-GTE-P00035,08/04/26 04:44 AM EDT,$0.09,5
20260804,NPB-WIN-FG-00NFD5PLPJJHKMO-YOTS000,08/04/26 04:45 AM EDT,$0.47,1020
20260804,KBO-MOVY-FG-000684Q7I4R0G78-LGNS000-GTE-P00025,08/04/26 04:45 AM EDT,$0.50,57
20260804,MLB-TRUNS-I1-03I5DRTFELG6MK8-GTE-P00005,08/04/26 04:48 AM EDT,$0.48,10
20260804,NPB-TRUNS-FG-00NFD5QBPJJHKUO-GTE-P00075,08/04/26 04:49 AM EDT,$0.45,1500
20260804,KBO-TRUNS-FG-000684Q7I4R0G78-GTE-P00095,08/04/26 04:50 AM EDT,$0.56,60
20260804,NPB-WIN-FG-00NFD5QBPJJHKUO-YORS001,08/04/26 04:50 AM EDT,$0.51,9
20260804,NWSL-DWIN-FG-00NB71Q9PGDTSN8-DECW003,08/04/26 04:50 AM EDT,$0.39,2
20260804,NWSL-DWIN-FG-00NB71Q9PGDTSN8-NOEW002,08/04/26 04:50 AM EDT,$0.43,2
20260804,MLB-TRUNS-I1-03I5CE5HELGD1EO-GTE-P00025,08/04/26 04:51 AM EDT,$0.19,1
20260804,KBO-WIN-FG-000684Q7I4R0G78-SSRS000,08/04/26 04:51 AM EDT,$0.31,3
20260804,NPB-WIN-FG-00NFD5P9PJJHL50-FUKS000,08/04/26 04:52 AM EDT,$0.62,1
20260804,NPB-MOVY-FG-00NFD5QBPJJHKUO-HARS001-GTE-P00005,08/04/26 04:52 AM EDT,$0.50,1
20260804,NPB-MOVY-FG-00NFD5QBPJJHKUO-HARS001-GTE-P00015,08/04/26 04:52 AM EDT,$0.38,1
20260804,NPB-TRUNS-FG-00NFD5QBPJJHKUO-GTE-P00065,08/04/26 04:52 AM EDT,$0.60,1
20260804,NPB-WIN-FG-00NFD5QBPJJHKUO-HARS001,08/04/26 04:52 AM EDT,$0.55,1
20260804,NPB-WIN-FG-00NFD5QBPJJHKUO-YORS001,08/04/26 04:53 AM EDT,$0.45,10
20260804,NPB-TRUNS-FG-00NFD5RJPJJHKUG-GTE-P00075,08/04/26 04:54 AM EDT,$0.46,200
20260804,NPB-TRUNS-FG-00NFD5RJPJJHKUG-GTE-P00085,08/04/26 04:54 AM EDT,$0.34,22
20260804,NPB-TRUNS-FG-00NFD5QBPJJHKUO-GTE-P00065,08/04/26 04:54 AM EDT,$0.55,1500
20260804,NPB-TRUNS-FG-00NFD5P9PJJHL50-GTE-P00075,08/04/26 04:55 AM EDT,$0.46,135
20260804,NPB-MOVY-FG-00NFD5P9PJJHL50-FUKS000-GTE-P00015,08/04/26 04:56 AM EDT,$0.46,105
20260804,KBO-TRUNS-FG-000684Q7I4R0G78-GTE-P00105,08/04/26 04:56 AM EDT,$0.50,251
20260804,NPB-WIN-FG-00NFD5QBPJJHKUO-HARS001,08/04/26 04:56 AM EDT,$0.51,2041
20260804,NPB-WIN-FG-00NFD5QBPJJHKUO-HARS001,08/04/26 04:56 AM EDT,$0.51,789
20260804,KBO-TRUNS-FG-000684VNI4R0HP8-GTE-P00095,08/04/26 04:56 AM EDT,$0.52,185
20260804,NPB-TRUNS-FG-00NFD5QBPJJHKUO-GTE-P00065,08/04/26 04:56 AM EDT,$0.55,438
20260804,NPB-TRUNS-FG-00NFD5PLPJJHKMO-GTE-P00055,08/04/26 04:57 AM EDT,$0.51,271
20260804,NPB-TRUNS-FG-00NFD5PLPJJHKMO-GTE-P00055,08/04/26 04:57 AM EDT,$0.51,200
20260804,NPB-TRUNS-FG-00NFD5Q4PJJHLT8-GTE-P00065,08/04/26 04:57 AM EDT,$0.51,100
20260804,MLB-PHRR-FG-03I5DRPFELG6MTG-SEKI000-GTE-P00005,08/04/26 04:57 AM EDT,$0.68,42
20260804,NPB-TRUNS-FG-00NFD5RJPJJHKUG-GTE-P00075,08/04/26 04:57 AM EDT,$0.42,58
20260804,KBO-WIN-FG-0006969NI4RATKG-SANS000,08/04/26 04:58 AM EDT,$0.55,43
20260804,NPB-TRUNS-FG-00NFD5QBPJJHKUO-GTE-P00065,08/04/26 04:58 AM EDT,$0.45,9
20260804,NPB-TRUNS-FG-00NFD5QBPJJHKUO-GTE-P00075,08/04/26 04:58 AM EDT,$0.33,177
20260804,NPB-WIN-FG-00NFD5QBPJJHKUO-YORS001,08/04/26 04:59 AM EDT,$0.48,9
20260804,NPB-WIN-FG-00NFD5QBPJJHKUO-HARS001,08/04/26 04:59 AM EDT,$0.57,4
20260804,NPB-WIN-FG-00NFD5QBPJJHKUO-HARS001,08/04/26 04:59 AM EDT,$0.57,50
20260804,NPB-TRUNS-FG-00NFD5RJPJJHKUG-GTE-P00095,08/04/26 05:00 AM EDT,$0.47,193
20260804,NPB-WIN-FG-00NFD5Q4PJJHLT8-CHES000,08/04/26 05:46 AM EDT,$0.48,3
20260804,KBO-TRUNS-FG-000684VNI4R0HP8-GTE-P00095,08/04/26 05:46 AM EDT,$0.49,24
20260804,NPB-WIN-FG-00NFD5RJPJJHKUG-TOWS000,08/04/26 05:46 AM EDT,$0.44,28
20260804,KBO-MOVY-FG-0006969NI4RATKG-SANS000-GTE-P00015,08/04/26 05:46 AM EDT,$0.41,9
20260804,NPB-WIN-FG-00NFD5RJPJJHKUG-TOWS000,08/04/26 05:47 AM EDT,$0.44,21
20260804,KBO-WIN-FG-000684VNI4R0HP8-KIES000,08/04/26 05:47 AM EDT,$0.39,24
20260804,KBO-WIN-FG-000684VNI4R0HP8-LOTS001,08/04/26 05:48 AM EDT,$0.65,200
20260804,NPB-WIN-FG-00NFD5RJPJJHKUG-TOWS000,08/04/26 05:48 AM EDT,$0.44,18
20260804,KBO-WIN-FG-000684VNI4R0HP8-LOTS001,08/04/26 05:48 AM EDT,$0.81,154
20260804,NPB-WIN-FG-00NFD5QBPJJHKUO-HARS001,08/04/26 05:48 AM EDT,$0.54,27
20260804,NPB-TRUNS-FG-00NFD5PLPJJHKMO-GTE-P00075,08/04/26 05:48 AM EDT,$0.46,20
20260804,KBO-TRUNS-FG-0006969NI4RATKG-GTE-P00115,08/04/26 05:49 AM EDT,$0.48,24
20260804,NPB-MOVY-FG-00NFD5PLPJJHKMO-YOTS000-GTE-P00015,08/04/26 05:49 AM EDT,$0.46,4
20260804,NPB-TRUNS-FG-00NFD5Q4PJJHLT8-GTE-P00115,08/04/26 05:49 AM EDT,$0.29,32
20260804,NPB-TRUNS-FG-00NFD5QBPJJHKUO-GTE-P00055,08/04/26 05:49 AM EDT,$0.30,11
20260804,NPB-WIN-FG-00NFD5RJPJJHKUG-TOWS000,08/04/26 05:49 AM EDT,$0.44,21
20260804,KBO-WIN-FG-0006969NI4RATKG-SANS000,08/04/26 05:49 AM EDT,$0.57,5
20260804,NPB-WIN-FG-00NFD5Q4PJJHLT8-CHES000,08/04/26 05:49 AM EDT,$0.48,20
20260804,KBO-TRUNS-FG-000684Q7I4R0G78-GTE-P00095,08/04/26 05:49 AM EDT,$0.55,100
20260804,NPB-WIN-FG-00NFD5PLPJJHKMO-YOTS000,08/04/26 05:50 AM EDT,$0.53,90
20260804,NPB-WIN-FG-00NFD5P9PJJHL50-HORS000,08/04/26 05:50 AM EDT,$0.41,23
20260804,KBO-MOVY-FG-000684VNI4R0HP8-LOTS001-GTE-P00015,08/04/26 05:50 AM EDT,$0.47,10
20260804,KBO-WIN-FG-0006969NI4RATKG-SANS000,08/04/26 05:50 AM EDT,$0.57,195
20260804,NPB-WIN-FG-00NFD5RJPJJHKUG-TOWS000,08/04/26 05:50 AM EDT,$0.44,10
20260804,NPB-TRUNS-FG-00NFD5PLPJJHKMO-GTE-P00075,08/04/26 05:50 AM EDT,$0.46,20
20260804,NPB-WIN-FG-00NFD5RJPJJHKUG-TOWS000,08/04/26 05:51 AM EDT,$0.44,21
20260804,NPB-WIN-FG-00NFD5PLPJJHKMO-YOTS000,08/04/26 05:51 AM EDT,$0.53,9
20260804,NPB-WIN-FG-00NFD5PLPJJHKMO-YOTS000,08/04/26 05:52 AM EDT,$0.53,72
20260804,NPB-TRUNS-FG-00NFD5Q4PJJHLT8-GTE-P00115,08/04/26 05:52 AM EDT,$0.29,32
20260804,NPB-MOVY-FG-00NFD5Q4PJJHLT8-SANS002-GTE-P00015,08/04/26 05:52 AM EDT,$0.42,1000
20260804,NPB-WIN-FG-00NFD5PLPJJHKMO-YOTS000,08/04/26 05:52 AM EDT,$0.53,29
20260804,NPB-WIN-FG-00NFD5QBPJJHKUO-YORS001,08/04/26 05:53 AM EDT,$0.47,20
20260804,KBO-TRUNS-FG-000684VNI4R0HP8-GTE-P00115,08/04/26 05:53 AM EDT,$0.33,144
20260804,KBO-MOVY-FG-000684VNI4R0HP8-LOTS001-GTE-P00015,08/04/26 05:53 AM EDT,$0.47,30
20260804,NPB-WIN-FG-00NFD5QBPJJHKUO-YORS001,08/04/26 05:53 AM EDT,$0.47,30
20260804,KBO-TRUNS-FG-000684Q7I4R0G78-GTE-P00115,08/04/26 05:54 AM EDT,$0.38,12
20260804,NPB-WIN-FG-00NFD5RJPJJHKUG-TOWS000,08/04/26 05:54 AM EDT,$0.44,39
20260804,KBO-TRUNS-FG-0006969NI4RATKG-GTE-P00115,08/04/26 05:54 AM EDT,$0.48,176
20260804,NPB-WIN-FG-00NFD5RJPJJHKUG-TOWS000,08/04/26 05:55 AM EDT,$0.44,10
20260804,KBO-WIN-FG-000684VNI4R0HP8-KIES000,08/04/26 05:55 AM EDT,$0.36,1315
20260804,NPB-MOVY-FG-00NFD5PLPJJHKMO-YOTS000-GTE-P00015,08/04/26 05:55 AM EDT,$0.46,10
20260804,NPB-WIN-FG-00NFD5QBPJJHKUO-YORS001,08/04/26 05:55 AM EDT,$0.47,10
20260804,KBO-MOVY-FG-000684VNI4R0HP8-LOTS001-GTE-P00015,08/04/26 05:55 AM EDT,$0.46,759
20260804,NPB-WIN-FG-00NFD5RJPJJHKUG-TOWS000,08/04/26 05:55 AM EDT,$0.44,10
20260804,NPB-WIN-FG-00NFD5QBPJJHKUO-YORS001,08/04/26 05:56 AM EDT,$0.47,20
20260804,KBO-WIN-FG-000684VNI4R0HP8-KIES000,08/04/26 05:56 AM EDT,$0.36,685
20260804,NPB-WIN-FG-00NFD5RJPJJHKUG-TOWS000,08/04/26 05:56 AM EDT,$0.44,22
20260804,KBO-WIN-FG-000684VNI4R0HP8-KIES000,08/04/26 05:56 AM EDT,$0.36,631
20260804,KBO-TRUNS-FG-0006969NI4RATKG-GTE-P00095,08/04/26 05:57 AM EDT,$0.60,24
20260804,NPB-WIN-FG-00NFD5QBPJJHKUO-YORS001,08/04/26 05:57 AM EDT,$0.47,40
20260804,KBO-TRUNS-FG-0006969NI4RATKG-GTE-P00095,08/04/26 05:57 AM EDT,$0.60,176
20260804,NPB-WIN-FG-00NFD5QBPJJHKUO-HARS001,08/04/26 05:57 AM EDT,$0.53,30
20260804,KBO-WIN-FG-000684Q7I4R0G78-SSRS000,08/04/26 05:57 AM EDT,$0.32,5
20260804,KBO-MOVY-FG-000684VNI4R0HP8-LOTS001-GTE-P00015,08/04/26 05:57 AM EDT,$0.44,200
20260804,KBO-WIN-FG-000684Q7I4R0G78-SSRS000,08/04/26 05:58 AM EDT,$0.32,195
20260804,KBO-WIN-FG-000684Q7I4R0G78-LGNS000,08/04/26 05:58 AM EDT,$0.71,4
20260804,KBO-MOVY-FG-000684Q7I4R0G78-LGNS000-GTE-P00025,08/04/26 05:58 AM EDT,$0.47,200
20260804,KBO-WIN-FG-000684VNI4R0HP8-KIES000,08/04/26 05:58 AM EDT,$0.36,52
20260804,KBO-WIN-FG-000684VNI4R0HP8-LOTS001,08/04/26 05:58 AM EDT,$0.75,25
20260804,KBO-MOVY-FG-000684Q7I4R0G78-LGNS000-GTE-P00015,08/04/26 05:58 AM EDT,$0.57,200
20260804,KBO-WIN-FG-000684Q7I4R0G78-SSRS000,08/04/26 05:59 AM EDT,$0.54,78
20260804,NPB-MOVY-FG-00NFD5PLPJJHKMO-YOTS000-GTE-P00015,08/04/26 05:59 AM EDT,$0.46,20
20260804,NPB-WIN-FG-00NFD5PLPJJHKMO-YOTS000,08/04/26 06:00 AM EDT,$0.87,751
20260804,NPB-WIN-FG-00NFD5P9PJJHL50-FUKS000,08/04/26 06:00 AM EDT,$0.63,24
20260804,NPB-WIN-FG-00NFD5QBPJJHKUO-YORS001,08/04/26 06:00 AM EDT,$0.43,20
20260804,KBO-TRUNS-FG-000684VNI4R0HP8-GTE-P00095,08/04/26 06:00 AM EDT,$0.49,47
20260804,NPB-WIN-FG-00NFD5Q4PJJHLT8-CHES000,08/04/26 06:01 AM EDT,$0.48,150
20260804,NPB-WIN-FG-00NFD5QBPJJHKUO-YORS001,08/04/26 06:02 AM EDT,$0.47,21
20260804,NPB-TRUNS-FG-00NFD5QBPJJHKUO-GTE-P00045,08/04/26 06:03 AM EDT,$0.42,450
20260804,NPB-TRUNS-FG-00NFD5RJPJJHKUG-GTE-P00085,08/04/26 06:03 AM EDT,$0.54,22
20260804,KBO-WIN-FG-0006969NI4RATKG-HAES000,08/04/26 06:03 AM EDT,$0.45,42
20260804,NPB-WIN-FG-00NFD5Q4PJJHLT8-CHES000,08/04/26 06:04 AM EDT,$0.48,4
20260804,KBO-TRUNS-FG-000684VNI4R0HP8-GTE-P00095,08/04/26 06:04 AM EDT,$0.52,15
20260804,NPB-TRUNS-FG-00NFD5QBPJJHKUO-GTE-P00045,08/04/26 06:04 AM EDT,$0.39,317
20260804,KBO-WIN-FG-000684Q7I4R0G78-SSRS000,08/04/26 06:04 AM EDT,$0.45,21
20260804,NPB-WIN-FG-00NFD5RJPJJHKUG-TOWS000,08/04/26 06:05 AM EDT,$0.72,27
20260804,NPB-WIN-FG-00NFD5Q4PJJHLT8-CHES000,08/04/26 06:05 AM EDT,$0.48,20
20260804,KBO-TRUNS-FG-000684Q7I4R0G78-GTE-P00095,08/04/26 06:06 AM EDT,$0.56,200
20260804,NPB-WIN-FG-00NFD5Q4PJJHLT8-CHES000,08/04/26 06:07 AM EDT,$0.48,3
20260804,NPB-WIN-FG-00NFD5Q4PJJHLT8-CHES000,08/04/26 06:07 AM EDT,$0.81,20
20260804,KBO-TRUNS-FG-000684Q7I4R0G78-GTE-P00115,08/04/26 06:08 AM EDT,$0.38,188
20260804,NPB-MOVY-FG-00NFD5PLPJJHKMO-YOTS000-GTE-P00075,08/04/26 06:08 AM EDT,$0.07,125
20260804,NPB-WIN-FG-00NFD5QBPJJHKUO-YORS001,08/04/26 06:08 AM EDT,$0.47,40
20260804,KBO-TRUNS-FG-000684VNI4R0HP8-GTE-P00095,08/04/26 06:08 AM EDT,$0.49,43
20260804,NPB-WIN-FG-00NFD5P9PJJHL50-FUKS000,08/04/26 06:08 AM EDT,$0.63,138
20260804,KBO-WIN-FG-000696BHI4RATJ8-KTON000,08/04/26 06:08 AM EDT,$0.41,10
20260804,NPB-WIN-FG-00NFD5QBPJJHKUO-HARS001,08/04/26 06:08 AM EDT,$0.57,25
20260804,KBO-TRUNS-FG-000684VNI4R0HP8-GTE-P00085,08/04/26 06:09 AM EDT,$0.46,464
20260804,KBO-TRUNS-FG-000684Q7I4R0G78-GTE-P00075,08/04/26 06:09 AM EDT,$0.80,200
20260804,KBO-WIN-FG-0006969NI4RATKG-HAES000,08/04/26 06:09 AM EDT,$0.44,12
20260804,KBO-WIN-FG-000696BHI4RATJ8-KTON000,08/04/26 06:09 AM EDT,$0.42,6
20260804,KBO-WIN-FG-000684Q7I4R0G78-SSRS000,08/04/26 06:09 AM EDT,$0.52,27
20260804,KBO-WIN-FG-000684SCI4R0H6G-DORS000,08/04/26 06:10 AM EDT,$0.36,7
20260804,KBO-TRUNS-FG-000684Q7I4R0G78-GTE-P00075,08/04/26 06:10 AM EDT,$0.86,909
20260804,MLB-TRUNS-I1-03I5DRPFELG6MTG-GTE-P00005,08/04/26 06:10 AM EDT,$0.53,36
20260804,NPB-WIN-FG-00NFD5PLPJJHKMO-YOTS000,08/04/26 06:10 AM EDT,$0.81,79
20260804,KBO-WIN-FG-000684VNI4R0HP8-KIES000,08/04/26 06:11 AM EDT,$0.37,51
20260804,NPB-WIN-FG-00NFD5PLPJJHKMO-YOTS000,08/04/26 06:11 AM EDT,$0.87,78
20260804,NPB-WIN-FG-00NFD5QBPJJHKUO-HARS001,08/04/26 06:11 AM EDT,$0.53,86
20260804,NPB-WIN-FG-00NFD5Q4PJJHLT8-CHES000,08/04/26 06:11 AM EDT,$0.83,3
20260804,NPB-WIN-FG-00NFD5QBPJJHKUO-YORS001,08/04/26 06:11 AM EDT,$0.47,19
20260804,KBO-TRUNS-FG-000684VNI4R0HP8-GTE-P00065,08/04/26 06:11 AM EDT,$0.54,20
20260804,KBO-MOVY-FG-000684VNI4R0HP8-LOTS001-GTE-P00015,08/04/26 06:11 AM EDT,$0.47,20
20260804,NPB-WIN-FG-00NFD5RJPJJHKUG-TOWS000,08/04/26 06:11 AM EDT,$0.63,100
20260804,KBO-WIN-FG-000684VNI4R0HP8-KIES000,08/04/26 06:11 AM EDT,$0.35,6
20260804,NPB-WIN-FG-00NFD5QBPJJHKUO-HARS001,08/04/26 06:11 AM EDT,$0.53,84
20260804,KBO-MOVY-FG-0006969NI4RATKG-SANS000-GTE-P00015,08/04/26 06:12 AM EDT,$0.41,191
20260804,NPB-WIN-FG-00NFD5QBPJJHKUO-HARS001,08/04/26 06:12 AM EDT,$0.25,63
20260804,KBO-WIN-FG-0006969NI4RATKG-HAES000,08/04/26 06:12 AM EDT,$0.44,4
20260804,NPB-TRUNS-FG-00NFD5QBPJJHKUO-GTE-P00035,08/04/26 06:13 AM EDT,$0.50,109
20260804,NPB-WIN-FG-00NFD5QBPJJHKUO-YORS001,08/04/26 06:13 AM EDT,$0.63,19
20260804,KBO-WIN-FG-000684VNI4R0HP8-KIES000,08/04/26 06:13 AM EDT,$0.39,14
20260804,NPB-WIN-FG-00NFD5PLPJJHKMO-YOTS000,08/04/26 06:14 AM EDT,$0.89,276
20260804,NPB-MOVY-FG-00NFD5PLPJJHKMO-YOTS000-GTE-P00015,08/04/26 06:15 AM EDT,$0.46,31
20260804,NPB-MOVY-FG-00NFD5QBPJJHKUO-HARS001-GTE-P00015,08/04/26 06:16 AM EDT,$0.32,200
20260804,NPB-WIN-FG-00NFD5QBPJJHKUO-YORS001,08/04/26 06:16 AM EDT,$0.68,11
20260804,NPB-WIN-FG-00NFD5P9PJJHL50-HORS000,08/04/26 06:16 AM EDT,$0.44,65
20260804,NPB-WIN-FG-00NFD5QBPJJHKUO-YORS001,08/04/26 06:17 AM EDT,$0.69,30
20260804,KBO-TRUNS-FG-000684VNI4R0HP8-GTE-P00035,08/04/26 06:17 AM EDT,$0.87,14
20260804,NPB-WIN-FG-00NFD5QBPJJHKUO-HARS001,08/04/26 06:17 AM EDT,$0.30,93
20260804,KBO-TRUNS-FG-0006969NI4RATKG-GTE-P00075,08/04/26 06:18 AM EDT,$0.72,13
20260804,NPB-MOVY-FG-00NFD5QBPJJHKUO-HARS001-GTE-P00015,08/04/26 06:18 AM EDT,$0.10,10
20260804,KBO-WIN-FG-000684VNI4R0HP8-LOTS001,08/04/26 06:18 AM EDT,$0.65,7
20260804,NPB-TRUNS-FG-00NFD5P9PJJHL50-GTE-P00055,08/04/26 06:18 AM EDT,$0.20,7
20260804,KBO-WIN-FG-0006969NI4RATKG-HAES000,08/04/26 06:18 AM EDT,$0.45,193
20260804,MLB-WIN-IT5-03I5DRV9ELG6MKO-KCLS000,08/04/26 06:18 AM EDT,$0.46,250
20260804,NPB-TRUNS-FG-00NFD5RJPJJHKUG-GTE-P00085,08/04/26 06:18 AM EDT,$0.62,75
20260804,KBO-WIN-FG-0006969NI4RATKG-HAES000,08/04/26 06:18 AM EDT,$0.46,83
20260804,NPB-WIN-FG-00NFD5P9PJJHL50-FUKS000,08/04/26 06:19 AM EDT,$0.62,70
20260804,NPB-TRUNS-FG-00NFD5RJPJJHKUG-GTE-P00085,08/04/26 06:19 AM EDT,$0.48,9
20260804,KBO-WIN-FG-0006969NI4RATKG-SANS000,08/04/26 06:20 AM EDT,$0.58,16
20260804,KBO-WIN-FG-000684VNI4R0HP8-KIES000,08/04/26 06:20 AM EDT,$0.39,12
20260804,NPB-MOVY-FG-00NFD5PLPJJHKMO-YOTS000-GTE-P00015,08/04/26 06:20 AM EDT,$0.46,104
20260804,KBO-WIN-FG-000684Q7I4R0G78-SSRS000,08/04/26 06:20 AM EDT,$0.53,35
20260804,MLB-TRUNS-I1-03I5CE5DELGD0G8-GTE-P00035,08/04/26 06:20 AM EDT,$0.03,51
20260804,NPB-TRUNS-FG-00NFD5Q4PJJHLT8-GTE-P00085,08/04/26 06:21 AM EDT,$0.78,9
20260804,MLB-TRUNS-I1-03I5CE5DELGD0G8-GTE-P00035,08/04/26 06:21 AM EDT,$0.11,51
20260804,KBO-WIN-FG-000684VNI4R0HP8-KIES000,08/04/26 06:21 AM EDT,$0.39,150
20260804,KBO-WIN-FG-000684VNI4R0HP8-KIES000,08/04/26 06:21 AM EDT,$0.39,30
20260804,KBO-WIN-FG-000684VNI4R0HP8-LOTS001,08/04/26 06:21 AM EDT,$0.66,14
20260804,KBO-WIN-FG-0006969NI4RATKG-SANS000,08/04/26 06:21 AM EDT,$0.55,333
20260804,KBO-WIN-FG-000684VNI4R0HP8-LOTS001,08/04/26 06:22 AM EDT,$0.66,145
20260804,NPB-MOVY-FG-00NFD5PLPJJHKMO-YOTS000-GTE-P00015,08/04/26 06:22 AM EDT,$0.46,31
20260804,KBO-TRUNS-FG-000684Q7I4R0G78-GTE-P00105,08/04/26 06:22 AM EDT,$0.51,18
20260804,NPB-WIN-FG-00NFD5RJPJJHKUG-TOWS000,08/04/26 06:22 AM EDT,$0.49,22
20260804,NPB-MOVY-FG-00NFD5PLPJJHKMO-YOTS000-GTE-P00015,08/04/26 06:22 AM EDT,$0.69,135
20260804,NPB-WIN-FG-00NFD5PLPJJHKMO-YOTS000,08/04/26 06:22 AM EDT,$0.85,72
20260804,NPB-TRUNS-FG-00NFD5RJPJJHKUG-GTE-P00085,08/04/26 06:23 AM EDT,$0.54,35
20260804,KBO-TRUNS-FG-0006969NI4RATKG-GTE-P00085,08/04/26 06:23 AM EDT,$0.55,71
20260804,NPB-TRUNS-FG-00NFD5PLPJJHKMO-GTE-P00055,08/04/26 06:23 AM EDT,$0.48,4
20260804,NPB-TRUNS-FG-00NFD5QBPJJHKUO-GTE-P00055,08/04/26 06:24 AM EDT,$0.30,29
20260804,NPB-WIN-FG-00NFD5QBPJJHKUO-HARS001,08/04/26 06:24 AM EDT,$0.29,78
20260804,NPB-WIN-FG-00NFD5RJPJJHKUG-TOWS000,08/04/26 06:24 AM EDT,$0.47,18
20260804,KBO-WIN-FG-000684Q7I4R0G78-SSRS000,08/04/26 06:25 AM EDT,$0.51,10
20260804,NPB-TRUNS-FG-00NFD5Q4PJJHLT8-GTE-P00115,08/04/26 06:26 AM EDT,$0.29,2
20260804,KBO-WIN-FG-000684VNI4R0HP8-KIES000,08/04/26 06:27 AM EDT,$0.44,1
20260804,NPB-MOVY-FG-00NFD5PLPJJHKMO-YOTS000-GTE-P00015,08/04/26 06:28 AM EDT,$0.63,14
20260804,NPB-WIN-FG-00NFD5QBPJJHKUO-YORS001,08/04/26 06:29 AM EDT,$0.73,66
20260804,NPB-WIN-FG-00NFD5QBPJJHKUO-HARS001,08/04/26 06:29 AM EDT,$0.33,85
20260804,NPB-TRUNS-FG-00NFD5Q4PJJHLT8-GTE-P00105,08/04/26 06:30 AM EDT,$0.47,316
20260804,NPB-WIN-FG-00NFD5QBPJJHKUO-HARS001,08/04/26 06:30 AM EDT,$0.32,1
20260804,KBO-WIN-FG-000684Q7I4R0G78-SSRS000,08/04/26 06:30 AM EDT,$0.51,1854
20260804,NPB-WIN-FG-00NFD5QBPJJHKUO-YORS001,08/04/26 06:30 AM EDT,$0.72,40
20260804,KBO-TRUNS-FG-0006969NI4RATKG-GTE-P00065,08/04/26 06:30 AM EDT,$0.50,288
20260804,NPB-TRUNS-FG-00NFD5RJPJJHKUG-GTE-P00075,08/04/26 06:31 AM EDT,$0.56,445
20260804,NPB-TRUNS-FG-00NFD5RJPJJHKUG-GTE-P00065,08/04/26 06:31 AM EDT,$0.81,1204
20260804,NPB-WIN-FG-00NFD5P9PJJHL50-FUKS000,08/04/26 06:31 AM EDT,$0.56,138
20260804,KBO-MOVY-FG-000684Q7I4R0G78-SSRS000-GTE-P00005,08/04/26 06:31 AM EDT,$0.53,218
20260804,KBO-TRUNS-FG-000684Q7I4R0G78-GTE-P00095,08/04/26 06:32 AM EDT,$0.53,61
20260804,NPB-TRUNS-FG-00NFD5Q4PJJHLT8-GTE-P00105,08/04/26 06:32 AM EDT,$0.71,68
20260804,NPB-WIN-FG-00NFD5QBPJJHKUO-HARS001,08/04/26 06:32 AM EDT,$0.38,37
20260804,KBO-TRUNS-FG-0006969NI4RATKG-GTE-P00065,08/04/26 06:32 AM EDT,$0.46,178
20260804,KBO-TRUNS-FG-000684VNI4R0HP8-GTE-P00085,08/04/26 06:33 AM EDT,$0.38,31
20260804,KBO-TRUNS-FG-0006969NI4RATKG-GTE-P00065,08/04/26 06:33 AM EDT,$0.53,109
20260804,KBO-TRUNS-FG-0006969NI4RATKG-GTE-P00075,08/04/26 06:33 AM EDT,$0.83,13
20260804,KBO-WIN-FG-000684VNI4R0HP8-KIES000,08/04/26 06:34 AM EDT,$0.39,731
20260804,KBO-TRUNS-FG-000684Q7I4R0G78-GTE-P00095,08/04/26 06:34 AM EDT,$0.53,10
20260804,KBO-TRUNS-FG-000684VNI4R0HP8-GTE-P00085,08/04/26 06:34 AM EDT,$0.41,81
20260804,NPB-MOVY-FG-00NFD5PLPJJHKMO-YOTS000-GTE-P00015,08/04/26 06:34 AM EDT,$0.64,20
20260804,NPB-WIN-FG-00NFD5Q4PJJHLT8-SANS002,08/04/26 06:34 AM EDT,$0.52,200
20260804,KBO-TRUNS-FG-000684Q7I4R0G78-GTE-P00095,08/04/26 06:35 AM EDT,$0.55,701
20260804,KBO-MOVY-FG-000684Q7I4R0G78-SSRS000-GTE-P00005,08/04/26 06:35 AM EDT,$0.49,38
20260804,NPB-WIN-FG-00NFD5P9PJJHL50-HORS000,08/04/26 06:35 AM EDT,$0.44,21
20260804,NPB-TRUNS-FG-00NFD5RJPJJHKUG-GTE-P00075,08/04/26 06:35 AM EDT,$0.56,862
20260804,NPB-TRUNS-FG-00NFD5P9PJJHL50-GTE-P00035,08/04/26 06:35 AM EDT,$0.34,220
20260804,KBO-WIN-FG-000684Q7I4R0G78-SSRS000,08/04/26 06:36 AM EDT,$0.59,377
20260804,KBO-TRUNS-FG-000684Q7I4R0G78-GTE-P00105,08/04/26 06:36 AM EDT,$0.42,8
20260804,KBO-WIN-FG-000684Q7I4R0G78-SSRS000,08/04/26 06:36 AM EDT,$0.59,10
20260804,KBO-WIN-FG-0006969NI4RATKG-HAES000,08/04/26 06:38 AM EDT,$0.46,52
20260804,NPB-WIN-FG-00NFD5QBPJJHKUO-HARS001,08/04/26 06:38 AM EDT,$0.40,53
20260804,NPB-TRUNS-FG-00NFD5PLPJJHKMO-GTE-P00055,08/04/26 06:38 AM EDT,$0.48,64
20260804,NPB-WIN-FG-00NFD5Q4PJJHLT8-SANS002,08/04/26 06:38 AM EDT,$0.22,1250
20260804,MLB-TRUNS-I1-03I5DRTFELG6MK8-GTE-P00005,08/04/26 06:39 AM EDT,$0.40,40
20260804,KBO-TRUNS-FG-0006969NI4RATKG-GTE-P00075,08/04/26 06:39 AM EDT,$0.72,1
20260804,NPB-WIN-FG-00NFD5Q4PJJHLT8-SANS002,08/04/26 06:39 AM EDT,$0.21,5
20260804,KBO-WIN-FG-0006969NI4RATKG-SANS000,08/04/26 06:40 AM EDT,$0.55,438
20260804,NPB-TRUNS-FG-00NFD5P9PJJHL50-GTE-P00035,08/04/26 06:40 AM EDT,$0.41,20
20260804,NPB-TRUNS-FG-00NFD5QBPJJHKUO-GTE-P00055,08/04/26 06:40 AM EDT,$0.30,160
20260804,KBO-WIN-FG-000684Q7I4R0G78-SSRS000,08/04/26 06:40 AM EDT,$0.55,175
20260804,KBO-TRUNS-FG-0006969NI4RATKG-GTE-P00055,08/04/26 06:40 AM EDT,$0.83,200
20260804,NPB-WIN-FG-00NFD5Q4PJJHLT8-SANS002,08/04/26 06:40 AM EDT,$0.24,200
20260804,NPB-WIN-FG-00NFD5Q4PJJHLT8-SANS002,08/04/26 06:40 AM EDT,$0.24,7
20260804,NPB-WIN-FG-00NFD5Q4PJJHLT8-SANS002,08/04/26 06:40 AM EDT,$0.24,96
20260804,NPB-WIN-FG-00NFD5QBPJJHKUO-HARS001,08/04/26 06:40 AM EDT,$0.34,3
20260804,NPB-TRUNS-FG-00NFD5QBPJJHKUO-GTE-P00035,08/04/26 06:41 AM EDT,$0.40,158
20260804,NPB-WIN-FG-00NFD5Q4PJJHLT8-SANS002,08/04/26 06:41 AM EDT,$0.24,184
20260804,KBO-TRUNS-FG-000684Q7I4R0G78-GTE-P00095,08/04/26 06:41 AM EDT,$0.53,31
20260804,KBO-TRUNS-FG-0006969NI4RATKG-GTE-P00075,08/04/26 06:42 AM EDT,$0.72,50
20260804,KBO-WIN-FG-000684Q7I4R0G78-SSRS000,08/04/26 06:42 AM EDT,$0.52,370
20260804,KBO-TRUNS-FG-000684VNI4R0HP8-GTE-P00075,08/04/26 06:42 AM EDT,$0.64,39
20260804,KBO-WIN-FG-000684VNI4R0HP8-KIES000,08/04/26 06:43 AM EDT,$0.36,13
20260804,KBO-TRUNS-FG-0006969NI4RATKG-GTE-P00055,08/04/26 06:43 AM EDT,$0.48,462
20260804,NPB-TRUNS-FG-00NFD5RJPJJHKUG-GTE-P00075,08/04/26 06:43 AM EDT,$0.43,9
20260804,NPB-WIN-FG-00NFD5P9PJJHL50-HORS000,08/04/26 06:43 AM EDT,$0.42,11
20260804,KBO-WIN-FG-000696BHI4RATJ8-KTON000,08/04/26 06:44 AM EDT,$0.41,10
20260804,KBO-WIN-FG-000684SCI4R0H6G-DORS000,08/04/26 06:44 AM EDT,$0.36,12
20260804,NPB-TRUNS-FG-00NFD5RJPJJHKUG-GTE-P00095,08/04/26 06:45 AM EDT,$0.16,46
20260804,NPB-TRUNS-FG-00NFD5P9PJJHL50-GTE-P00045,08/04/26 06:45 AM EDT,$0.20,48
20260804,NPB-TRUNS-FG-00NFD5P9PJJHL50-GTE-P00095,08/04/26 06:45 AM EDT,$0.18,200
20260804,KBO-WIN-FG-0006969NI4RATKG-HAES000,08/04/26 06:45 AM EDT,$0.46,10
20260804,KBO-TRUNS-FG-000684VNI4R0HP8-GTE-P00115,08/04/26 06:45 AM EDT,$0.33,11
20260804,NPB-WIN-FG-00NFD5RJPJJHKUG-TOWS000,08/04/26 06:46 AM EDT,$0.59,163
20260804,KBO-WIN-FG-000684VNI4R0HP8-LOTS001,08/04/26 06:46 AM EDT,$0.71,145
20260804,NPB-WIN-FG-00NFD5PLPJJHKMO-YOTS000,08/04/26 06:47 AM EDT,$0.87,90
20260804,KBO-WIN-FG-0006969NI4RATKG-HAES000,08/04/26 06:47 AM EDT,$0.46,55
20260804,KBO-TRUNS-FG-0006969NI4RATKG-GTE-P00075,08/04/26 06:49 AM EDT,$0.72,133
20260804,KBO-WIN-FG-000684Q7I4R0G78-SSRS000,08/04/26 06:49 AM EDT,$0.52,90
20260804,KBO-WIN-FG-0006969NI4RATKG-HAES000,08/04/26 06:49 AM EDT,$0.53,90
20260804,NPB-WIN-FG-00NFD5P9PJJHL50-FUKS000,08/04/26 06:50 AM EDT,$0.63,38
20260804,KBO-MOVY-FG-0006969NI4RATKG-SANS000-GTE-P00015,08/04/26 06:50 AM EDT,$0.38,39
20260804,NPB-MOVY-FG-00NFD5P9PJJHL50-FUKS000-GTE-P00015,08/04/26 06:50 AM EDT,$0.54,1
20260804,KBO-MOVY-FG-000684VNI4R0HP8-LOTS001-GTE-P00025,08/04/26 06:50 AM EDT,$0.38,62
20260804,KBO-WIN-FG-0006969NI4RATKG-SANS000,08/04/26 06:51 AM EDT,$0.54,200
20260804,NPB-WIN-FG-00NFD5QBPJJHKUO-HARS001,08/04/26 06:51 AM EDT,$0.30,18
20260804,KBO-TRUNS-FG-000684VNI4R0HP8-GTE-P00075,08/04/26 06:51 AM EDT,$0.64,26
20260804,KBO-MOVY-FG-0006969NI4RATKG-SANS000-GTE-P00015,08/04/26 06:51 AM EDT,$0.38,161
20260804,KBO-TRUNS-FG-000684VNI4R0HP8-GTE-P00115,08/04/26 06:51 AM EDT,$0.33,45
20260804,KBO-WIN-FG-0006969NI4RATKG-HAES000,08/04/26 06:52 AM EDT,$0.55,12
20260804,KBO-WIN-FG-0006969NI4RATKG-HAES000,08/04/26 06:52 AM EDT,$0.55,88
20260804,KBO-TRUNS-FG-000684VNI4R0HP8-GTE-P00075,08/04/26 06:53 AM EDT,$0.64,135
20260804,NPB-WIN-FG-00NFD5QBPJJHKUO-YORS001,08/04/26 06:54 AM EDT,$0.76,6
20260804,KBO-MOVY-FG-000684VNI4R0HP8-LOTS001-GTE-P00015,08/04/26 06:55 AM EDT,$0.47,140
20260804,KBO-WIN-FG-000684VNI4R0HP8-KIES000,08/04/26 06:56 AM EDT,$0.35,194
20260804,KBO-TRUNS-FG-000684Q7I4R0G78-GTE-P00115,08/04/26 06:56 AM EDT,$0.35,200
20260804,KBO-TRUNS-FG-000684Q7I4R0G78-GTE-P00095,08/04/26 06:56 AM EDT,$0.66,33
20260804,NPB-MOVY-FG-00NFD5QBPJJHKUO-YORS001-GTE-P00015,08/04/26 06:57 AM EDT,$0.15,200
20260804,KBO-WIN-FG-000684Q7I4R0G78-SSRS000,08/04/26 06:58 AM EDT,$0.42,11
20260804,KBO-WIN-FG-000684VNI4R0HP8-KIES000,08/04/26 06:58 AM EDT,$0.22,416
20260804,KBO-WIN-FG-000684Q7I4R0G78-SSRS000,08/04/26 06:58 AM EDT,$0.29,20
20260804,KBO-WIN-FG-000684VNI4R0HP8-KIES000,08/04/26 06:59 AM EDT,$0.22,20
20260804,KBO-TRUNS-FG-0006969NI4RATKG-GTE-P00075,08/04/26 06:59 AM EDT,$0.72,1
20260804,NPB-TRUNS-FG-00NFD5PLPJJHKMO-GTE-P00075,08/04/26 07:00 AM EDT,$0.20,200
20260804,KBO-WIN-FG-000684Q7I4R0G78-LGNS000,08/04/26 07:00 AM EDT,$0.71,196
20260804,KBO-WIN-FG-000684VNI4R0HP8-LOTS001,08/04/26 07:00 AM EDT,$0.86,322
20260804,KBO-WIN-FG-000684Q7I4R0G78-SSRS000,08/04/26 07:02 AM EDT,$0.38,69
20260804,KBO-WIN-FG-0006969NI4RATKG-SANS000,08/04/26 07:02 AM EDT,$0.20,113
20260804,NPB-WIN-FG-00NFD5QBPJJHKUO-YORS001,08/04/26 07:02 AM EDT,$0.90,54
20260804,KBO-TRUNS-FG-0006969NI4RATKG-GTE-P00075,08/04/26 07:03 AM EDT,$0.72,2
20260804,NPB-WIN-FG-00NFD5QBPJJHKUO-HARS001,08/04/26 07:03 AM EDT,$0.14,166
20260804,KBO-TRUNS-FG-000684Q7I4R0G78-GTE-P00095,08/04/26 07:03 AM EDT,$0.53,40
20260804,KBO-MOVY-FG-0006969NI4RATKG-HAES000-GTE-P00015,08/04/26 07:03 AM EDT,$0.39,200
20260804,KBO-MOVY-FG-0006969NI4RATKG-HAES000-GTE-P00025,08/04/26 07:04 AM EDT,$0.30,96
20260804,NPB-MOVY-FG-00NFD5PLPJJHKMO-HIRP000-GTE-P00025,08/04/26 07:06 AM EDT,$0.13,200
20260804,KBO-WIN-FG-000684VNI4R0HP8-KIES000,08/04/26 07:06 AM EDT,$0.18,15
20260804,KBO-TRUNS-FG-000684VNI4R0HP8-GTE-P00095,08/04/26 07:06 AM EDT,$0.49,86
20260804,KBO-WIN-FG-0006969NI4RATKG-SANS000,08/04/26 07:07 AM EDT,$0.25,18
20260804,KBO-WIN-FG-0006969NI4RATKG-HAES000,08/04/26 07:07 AM EDT,$0.80,1
20260804,KBO-WIN-FG-000684VNI4R0HP8-KIES000,08/04/26 07:07 AM EDT,$0.18,26
20260804,KBO-WIN-FG-000684VNI4R0HP8-KIES000,08/04/26 07:07 AM EDT,$0.17,16
20260804,KBO-WIN-FG-0006969NI4RATKG-SANS000,08/04/26 07:08 AM EDT,$0.17,200
20260804,KBO-WIN-FG-000684VNI4R0HP8-LOTS001,08/04/26 07:08 AM EDT,$0.87,31
20260804,KBO-WIN-FG-000684VNI4R0HP8-LOTS001,08/04/26 07:08 AM EDT,$0.87,56
20260804,KBO-WIN-FG-0006969NI4RATKG-SANS000,08/04/26 07:08 AM EDT,$0.20,200
20260804,KBO-WIN-FG-000684Q7I4R0G78-SSRS000,08/04/26 07:09 AM EDT,$0.41,7
20260804,KBO-TRUNS-FG-000684VNI4R0HP8-GTE-P00055,08/04/26 07:09 AM EDT,$0.77,24
20260804,NPB-WIN-FG-00NFD5RJPJJHKUG-TOWS000,08/04/26 07:09 AM EDT,$0.73,200
20260804,KBO-TRUNS-FG-000684Q7I4R0G78-GTE-P00095,08/04/26 07:09 AM EDT,$0.53,58
20260804,KBO-MOVY-FG-000684VNI4R0HP8-KIES000-GTE-P00025,08/04/26 07:09 AM EDT,$0.18,200
20260804,NPB-TRUNS-FG-00NFD5QBPJJHKUO-GTE-P00115,08/04/26 07:10 AM EDT,$0.04,102
20260804,NPB-WIN-FG-00NFD5RJPJJHKUG-CHNS000,08/04/26 07:10 AM EDT,$0.57,1
20260804,KBO-MOVY-FG-000684VNI4R0HP8-KIES000-GTE-P00015,08/04/26 07:10 AM EDT,$0.26,200
20260804,NPB-WIN-FG-00NFD5RJPJJHKUG-TOWS000,08/04/26 07:10 AM EDT,$0.74,197
20260804,KBO-MOVY-FG-0006969NI4RATKG-SANS000-GTE-P00025,08/04/26 07:10 AM EDT,$0.27,200
20260804,KBO-WIN-FG-0006969NI4RATKG-SANS000,08/04/26 07:10 AM EDT,$0.15,183
20260804,KBO-WIN-FG-000684VNI4R0HP8-LOTS001,08/04/26 07:11 AM EDT,$0.88,2221
20260804,KBO-WIN-FG-000684VNI4R0HP8-LOTS001,08/04/26 07:11 AM EDT,$0.88,200
20260804,NPB-TRUNS-FG-00NFD5RJPJJHKUG-GTE-P00095,08/04/26 07:12 AM EDT,$0.13,200
20260804,NPB-WIN-FG-00NFD5PLPJJHKMO-YOTS000,08/04/26 07:12 AM EDT,$0.91,200
20260804,NPB-WIN-FG-00NFD5PLPJJHKMO-YOTS000,08/04/26 07:12 AM EDT,$0.91,200
20260804,KBO-WIN-FG-000684Q7I4R0G78-SSRS000,08/04/26 07:12 AM EDT,$0.40,59
20260804,NPB-WIN-FG-00NFD5PLPJJHKMO-YOTS000,08/04/26 07:12 AM EDT,$0.90,2000
20260804,NPB-WIN-FG-00NFD5PLPJJHKMO-YOTS000,08/04/26 07:12 AM EDT,$0.91,200
20260804,NPB-WIN-FG-00NFD5P9PJJHL50-FUKS000,08/04/26 07:13 AM EDT,$0.83,7
20260804,NPB-WIN-FG-00NFD5P9PJJHL50-HORS000,08/04/26 07:13 AM EDT,$0.37,11
20260804,KBO-WIN-FG-000684VNI4R0HP8-LOTS001,08/04/26 07:13 AM EDT,$0.83,31
20260804,KBO-WIN-FG-000684Q7I4R0G78-SSRS000,08/04/26 07:13 AM EDT,$0.40,16
20260804,NPB-WIN-FG-00NFD5Q4PJJHLT8-CHES000,08/04/26 07:14 AM EDT,$0.86,150
20260804,KBO-TRUNS-FG-000684Q7I4R0G78-GTE-P00095,08/04/26 07:14 AM EDT,$0.28,33
20260804,NPB-TRUNS-FG-00NFD5PLPJJHKMO-GTE-P00115,08/04/26 07:14 AM EDT,$0.04,45
20260804,NPB-WIN-FG-00NFD5P9PJJHL50-HORS000,08/04/26 07:14 AM EDT,$0.38,12
20260804,NPB-WIN-FG-00NFD5RJPJJHKUG-TOWS000,08/04/26 07:15 AM EDT,$0.73,13
20260804,KBO-WIN-FG-000684VNI4R0HP8-KIES000,08/04/26 07:15 AM EDT,$0.20,22
20260804,NPB-WIN-FG-00NFD5RJPJJHKUG-TOWS000,08/04/26 07:17 AM EDT,$0.75,12
20260804,NPB-WIN-FG-00NFD5PLPJJHKMO-YOTS000,08/04/26 07:17 AM EDT,$0.97,179
20260804,KBO-WIN-FG-000684Q7I4R0G78-SSRS000,08/04/26 07:17 AM EDT,$0.46,15
20260804,KBO-TRUNS-FG-000684Q7I4R0G78-GTE-P00095,08/04/26 07:17 AM EDT,$0.18,42
20260804,NPB-WIN-FG-00NFD5PLPJJHKMO-YOTS000,08/04/26 07:18 AM EDT,$0.92,179
20260804,NPB-TRUNS-FG-00NFD5P9PJJHL50-GTE-P00095,08/04/26 07:18 AM EDT,$0.03,102
20260804,KBO-WIN-FG-0006969NI4RATKG-HAES000,08/04/26 07:19 AM EDT,$0.82,11
20260804,NPB-WIN-FG-00NFD5RJPJJHKUG-TOWS000,08/04/26 07:19 AM EDT,$0.77,11
20260804,NPB-WIN-FG-00NFD5Q4PJJHLT8-SANS002,08/04/26 07:19 AM EDT,$0.18,52
20260804,NPB-WIN-FG-00NFD5RJPJJHKUG-TOWS000,08/04/26 07:19 AM EDT,$0.77,63
20260804,KBO-WIN-FG-000684Q7I4R0G78-SSRS000,08/04/26 07:19 AM EDT,$0.46,52
20260804,NPB-TRUNS-FG-00NFD5RJPJJHKUG-GTE-P00115,08/04/26 07:19 AM EDT,$0.06,104
20260804,NPB-MOVY-FG-00NFD5PLPJJHKMO-YOTS000-GTE-P00025,08/04/26 07:19 AM EDT,$0.38,1
20260804,KBO-MOVY-FG-0006969NI4RATKG-HAES000-GTE-P00015,08/04/26 07:19 AM EDT,$0.75,12
20260804,KBO-WIN-FG-0006969NI4RATKG-SANS000,08/04/26 07:20 AM EDT,$0.22,20
20260804,NPB-WIN-FG-00NFD5Q4PJJHLT8-CHES000,08/04/26 07:20 AM EDT,$0.86,11
20260804,KBO-WIN-FG-000684VNI4R0HP8-KIES000,08/04/26 07:21 AM EDT,$0.21,14
20260804,KBO-WIN-FG-0006969NI4RATKG-SANS000,08/04/26 07:21 AM EDT,$0.20,113
20260804,KBO-TRUNS-FG-000684VNI4R0HP8-GTE-P00055,08/04/26 07:21 AM EDT,$0.88,87
20260804,KBO-WIN-FG-0006969NI4RATKG-SANS000,08/04/26 07:22 AM EDT,$0.20,26
20260804,NPB-WIN-FG-00NFD5Q4PJJHLT8-CHES000,08/04/26 07:22 AM EDT,$0.93,6
20260804,NPB-TRUNS-FG-00NFD5P9PJJHL50-GTE-P00095,08/04/26 07:23 AM EDT,$0.03,51
20260804,NPB-WIN-FG-00NFD5Q4PJJHLT8-CHES000,08/04/26 07:23 AM EDT,$0.84,6
20260804,NPB-WIN-FG-00NFD5Q4PJJHLT8-SANS002,08/04/26 07:24 AM EDT,$0.06,200
20260804,NPB-WIN-FG-00NFD5RJPJJHKUG-TOWS000,08/04/26 07:24 AM EDT,$0.61,200
20260804,KBO-WIN-FG-000684Q7I4R0G78-SSRS000,08/04/26 07:24 AM EDT,$0.43,11
20260804,KBO-WIN-FG-000684Q7I4R0G78-LGNS000,08/04/26 07:25 AM EDT,$0.69,42
20260804,NPB-WIN-FG-00NFD5Q4PJJHLT8-CHES000,08/04/26 07:25 AM EDT,$0.95,51
20260804,NPB-WIN-FG-00NFD5RJPJJHKUG-TOWS000,08/04/26 07:25 AM EDT,$0.66,182
20260804,NPB-WIN-FG-00NFD5RJPJJHKUG-TOWS000,08/04/26 07:25 AM EDT,$0.66,8
20260804,NPB-WIN-FG-00NFD5RJPJJHKUG-TOWS000,08/04/26 07:25 AM EDT,$0.65,200
20260804,NPB-WIN-FG-00NFD5QBPJJHKUO-YORS001,08/04/26 07:25 AM EDT,$0.98,60
20260804,KBO-WIN-FG-0006969NI4RATKG-HAES000,08/04/26 07:25 AM EDT,$0.86,57
20260804,NPB-WIN-FG-00NFD5Q4PJJHLT8-CHES000,08/04/26 07:25 AM EDT,$0.87,51
20260804,NPB-WIN-FG-00NFD5RJPJJHKUG-CHNS000,08/04/26 07:26 AM EDT,$0.56,1
20260804,KBO-MOVY-FG-000684VNI4R0HP8-LOTS001-GTE-P00015,08/04/26 07:26 AM EDT,$0.30,69
20260804,KBO-WIN-FG-0006969NI4RATKG-HAES000,08/04/26 07:26 AM EDT,$0.87,59
20260804,KBO-WIN-FG-0006969NI4RATKG-SANS000,08/04/26 07:26 AM EDT,$0.16,29
20260804,KBO-WIN-FG-000684Q7I4R0G78-SSRS000,08/04/26 07:26 AM EDT,$0.41,4
20260804,NPB-TRUNS-FG-00NFD5P9PJJHL50-GTE-P00075,08/04/26 07:26 AM EDT,$0.04,200
20260804,KBO-WIN-FG-000684Q7I4R0G78-SSRS000,08/04/26 07:26 AM EDT,$0.41,116
20260804,NPB-WIN-FG-00NFD5Q4PJJHLT8-CHES000,08/04/26 07:27 AM EDT,$0.95,27
20260804,KBO-WIN-FG-000684Q7I4R0G78-SSRS000,08/04/26 07:27 AM EDT,$0.40,200
20260804,KBO-WIN-FG-000684VNI4R0HP8-LOTS001,08/04/26 07:27 AM EDT,$0.81,10
20260804,KBO-WIN-FG-000684Q7I4R0G78-SSRS000,08/04/26 07:28 AM EDT,$0.41,139
20260804,NPB-WIN-FG-00NFD5RJPJJHKUG-CHNS000,08/04/26 07:28 AM EDT,$0.56,31
20260804,KBO-WIN-FG-0006969NI4RATKG-SANS000,08/04/26 07:29 AM EDT,$0.15,156
20260804,KBO-TRUNS-FG-000684Q7I4R0G78-GTE-P00075,08/04/26 07:29 AM EDT,$0.20,200
20260804,NPB-WIN-FG-00NFD5Q4PJJHLT8-SANS002,08/04/26 07:29 AM EDT,$0.11,200
20260804,KBO-WIN-FG-000684Q7I4R0G78-SSRS000,08/04/26 07:29 AM EDT,$0.46,200
20260804,NPB-WIN-FG-00NFD5PLPJJHKMO-YOTS000,08/04/26 07:30 AM EDT,$0.78,20
20260804,NPB-WIN-FG-00NFD5P9PJJHL50-FUKS000,08/04/26 07:30 AM EDT,$0.85,38
20260804,KBO-WIN-FG-000684Q7I4R0G78-SSRS000,08/04/26 07:30 AM EDT,$0.47,200
20260804,KBO-TRUNS-FG-000684Q7I4R0G78-GTE-P00075,08/04/26 07:30 AM EDT,$0.20,200
20260804,KBO-WIN-FG-000684Q7I4R0G78-SSRS000,08/04/26 07:31 AM EDT,$0.47,11
20260804,KBO-WIN-FG-000684VNI4R0HP8-KIES000,08/04/26 07:31 AM EDT,$0.23,48
20260804,NPB-WIN-FG-00NFD5RJPJJHKUG-TOWS000,08/04/26 07:31 AM EDT,$0.84,59
20260804,KBO-TRUNS-FG-000684Q7I4R0G78-GTE-P00095,08/04/26 07:32 AM EDT,$0.12,10
20260804,NPB-WIN-FG-00NFD5RJPJJHKUG-TOWS000,08/04/26 07:32 AM EDT,$0.85,39
20260804,KBO-WIN-FG-000684Q7I4R0G78-SSRS000,08/04/26 07:32 AM EDT,$0.46,21
20260804,KBO-TRUNS-FG-0006969NI4RATKG-GTE-P00055,08/04/26 07:33 AM EDT,$0.81,200
20260804,KBO-TRUNS-FG-0006969NI4RATKG-GTE-P00055,08/04/26 07:33 AM EDT,$0.94,62
20260804,KBO-TRUNS-FG-0006969NI4RATKG-GTE-P00055,08/04/26 07:33 AM EDT,$0.86,200
20260804,NPB-TRUNS-FG-00NFD5Q4PJJHLT8-GTE-P00095,08/04/26 07:33 AM EDT,$0.42,22
20260804,KBO-TRUNS-FG-000684Q7I4R0G78-GTE-P00075,08/04/26 07:34 AM EDT,$0.20,200
20260804,KBO-MOVY-FG-000684VNI4R0HP8-LOTS001-GTE-P00025,08/04/26 07:34 AM EDT,$0.35,58
20260804,KBO-TRUNS-FG-000684Q7I4R0G78-GTE-P00095,08/04/26 07:34 AM EDT,$0.24,1
20260804,KBO-WIN-FG-000684Q7I4R0G78-SSRS000,08/04/26 07:34 AM EDT,$0.45,10
20260804,NPB-MOVY-FG-00NFD5RJPJJHKUG-TOWS000-GTE-P00025,08/04/26 07:35 AM EDT,$0.11,164
20260804,NPB-TRUNS-FG-00NFD5Q4PJJHLT8-GTE-P00095,08/04/26 07:35 AM EDT,$0.42,45
20260804,KBO-MOVY-FG-000684VNI4R0HP8-LOTS001-GTE-P00025,08/04/26 07:36 AM EDT,$0.35,104
20260804,NPB-MOVY-FG-00NFD5PLPJJHKMO-YOTS000-GTE-P00025,08/04/26 07:36 AM EDT,$0.17,1
20260804,KBO-MOVY-FG-000684VNI4R0HP8-LOTS001-GTE-P00025,08/04/26 07:37 AM EDT,$0.35,1
20260804,KBO-WIN-FG-000684VNI4R0HP8-KIES000,08/04/26 07:37 AM EDT,$0.29,2
20260804,NPB-TRUNS-FG-00NFD5Q4PJJHLT8-GTE-P00095,08/04/26 07:37 AM EDT,$0.18,200
20260804,NPB-WIN-FG-00NFD5P9PJJHL50-FUKS000,08/04/26 07:37 AM EDT,$0.98,24
20260804,KBO-WIN-FG-000684Q7I4R0G78-SSRS000,08/04/26 07:37 AM EDT,$0.57,200
20260804,KBO-TRUNS-FG-000684Q7I4R0G78-GTE-P00075,08/04/26 07:37 AM EDT,$0.20,200
20260804,KBO-WIN-FG-000684VNI4R0HP8-KIES000,08/04/26 07:37 AM EDT,$0.19,2
20260804,NPB-MOVY-FG-00NFD5Q4PJJHLT8-CHES000-GTE-P00025,08/04/26 07:38 AM EDT,$0.13,30
20260804,KBO-WIN-FG-000684Q7I4R0G78-SSRS000,08/04/26 07:38 AM EDT,$0.54,142
20260804,KBO-WIN-FG-000684Q7I4R0G78-SSRS000,08/04/26 07:38 AM EDT,$0.54,41
20260804,NPB-WIN-FG-00NFD5RJPJJHKUG-TOWS000,08/04/26 07:38 AM EDT,$0.87,10
20260804,NPB-WIN-FG-00NFD5Q4PJJHLT8-SANS002,08/04/26 07:39 AM EDT,$0.07,1
20260804,KBO-TRUNS-FG-000684Q7I4R0G78-GTE-P00075,08/04/26 07:39 AM EDT,$0.16,200
20260804,NPB-WIN-FG-00NFD5P9PJJHL50-HORS000,08/04/26 07:39 AM EDT,$0.37,23
20260804,NPB-TRUNS-FG-00NFD5Q4PJJHLT8-GTE-P00095,08/04/26 07:39 AM EDT,$0.10,45
20260804,NPB-WIN-FG-00NFD5Q4PJJHLT8-SANS002,08/04/26 07:40 AM EDT,$0.08,55
20260804,KBO-WIN-FG-000684Q7I4R0G78-SSRS000,08/04/26 07:40 AM EDT,$0.54,14
20260804,KBO-TRUNS-FG-000684Q7I4R0G78-GTE-P00075,08/04/26 07:41 AM EDT,$0.17,109
20260804,KBO-TRUNS-FG-000684Q7I4R0G78-GTE-P00055,08/04/26 07:41 AM EDT,$0.39,79
20260804,KBO-WIN-FG-000684VNI4R0HP8-KIES000,08/04/26 07:41 AM EDT,$0.22,16
20260804,KBO-WIN-FG-0006969NI4RATKG-HAES000,08/04/26 07:41 AM EDT,$0.87,4
20260804,KBO-WIN-FG-0006969NI4RATKG-HAES000,08/04/26 07:41 AM EDT,$0.87,193
20260804,KBO-WIN-FG-0006969NI4RATKG-SANS000,08/04/26 07:41 AM EDT,$0.13,71
20260804,KBO-MOVY-FG-000684VNI4R0HP8-LOTS001-GTE-P00025,08/04/26 07:41 AM EDT,$0.35,37
20260804,KBO-WIN-FG-000684VNI4R0HP8-KIES000,08/04/26 07:42 AM EDT,$0.19,3
20260804,KBO-WIN-FG-0006969NI4RATKG-HAES000,08/04/26 07:42 AM EDT,$0.87,52
20260804,KBO-MOVY-FG-0006969NI4RATKG-HAES000-GTE-P00015,08/04/26 07:43 AM EDT,$0.75,38
20260804,KBO-WIN-FG-000684VNI4R0HP8-KIES000,08/04/26 07:43 AM EDT,$0.19,50
20260804,NPB-WIN-FG-00NFD5PLPJJHKMO-HIRP000,08/04/26 07:43 AM EDT,$0.48,2
20260804,KBO-TRUNS-FG-000684VNI4R0HP8-GTE-P00075,08/04/26 07:44 AM EDT,$0.30,200
20260804,KBO-TRUNS-FG-000684VNI4R0HP8-GTE-P00055,08/04/26 07:44 AM EDT,$0.77,32
20260804,KBO-WIN-FG-000684Q7I4R0G78-LGNS000,08/04/26 07:44 AM EDT,$0.68,42
20260804,KBO-WIN-FG-000684Q7I4R0G78-LGNS000,08/04/26 07:44 AM EDT,$0.68,4
20260804,KBO-WIN-FG-000684Q7I4R0G78-SSRS000,08/04/26 07:45 AM EDT,$0.76,5
20260804,KBO-TRUNS-FG-000684SCI4R0H6G-GTE-P00055,08/04/26 07:45 AM EDT,$0.69,68
20260804,KBO-WIN-FG-0006969NI4RATKG-SANS000,08/04/26 07:46 AM EDT,$0.11,200
20260804,KBO-WIN-FG-0006969NI4RATKG-HAES000,08/04/26 07:46 AM EDT,$0.93,53
20260804,KBO-WIN-FG-0006969NI4RATKG-SANS000,08/04/26 07:46 AM EDT,$0.13,270
20260804,KBO-WIN-FG-0006969NI4RATKG-SANS000,08/04/26 07:46 AM EDT,$0.11,200
20260804,KBO-WIN-FG-000684Q7I4R0G78-SSRS000,08/04/26 07:46 AM EDT,$0.66,21
20260804,KBO-WIN-FG-000684VNI4R0HP8-KIES000,08/04/26 07:47 AM EDT,$0.16,6
20260804,KBO-WIN-FG-000684VNI4R0HP8-KIES000,08/04/26 07:47 AM EDT,$0.16,10
20260804,KBO-WIN-FG-000684VNI4R0HP8-KIES000,08/04/26 07:48 AM EDT,$0.17,138
20260804,KBO-WIN-FG-000684VNI4R0HP8-KIES000,08/04/26 07:48 AM EDT,$0.17,5
20260804,KBO-WIN-FG-000684VNI4R0HP8-KIES000,08/04/26 07:48 AM EDT,$0.17,5
20260804,KBO-WIN-FG-000684VNI4R0HP8-LOTS001,08/04/26 07:48 AM EDT,$0.83,10
20260804,NPB-WIN-FG-00NFD5P9PJJHL50-HORS000,08/04/26 07:48 AM EDT,$0.37,33
20260804,NPB-WIN-FG-00NFD5PLPJJHKMO-HIRP000,08/04/26 07:49 AM EDT,$0.54,132
20260804,NPB-WIN-FG-00NFD5PLPJJHKMO-YOTS000,08/04/26 07:49 AM EDT,$0.47,20
20260804,NPB-WIN-FG-00NFD5PLPJJHKMO-HIRP000,08/04/26 07:49 AM EDT,$0.54,68
20260804,NPB-TRUNS-FG-00NFD5Q4PJJHLT8-GTE-P00115,08/04/26 07:50 AM EDT,$0.04,32
20260804,KBO-MOVY-FG-0006969NI4RATKG-HAES000-GTE-P00015,08/04/26 07:50 AM EDT,$0.75,129
20260804,KBO-TRUNS-FG-000684VNI4R0HP8-GTE-P00055,08/04/26 07:50 AM EDT,$0.77,144
20260804,KBO-MOVY-FG-0006969NI4RATKG-HAES000-GTE-P00015,08/04/26 07:51 AM EDT,$0.75,21
20260804,NPB-TRUNS-FG-00NFD5Q4PJJHLT8-GTE-P00095,08/04/26 07:52 AM EDT,$0.02,200
20260804,KBO-MOVY-FG-0006969NI4RATKG-HAES000-GTE-P00015,08/04/26 07:52 AM EDT,$0.89,15
20260804,KBO-MOVY-FG-0006969NI4RATKG-HAES000-GTE-P00025,08/04/26 07:52 AM EDT,$0.30,80
20260804,NPB-WIN-FG-00NFD5RJPJJHKUG-TOWS000,08/04/26 07:53 AM EDT,$0.31,42
20260804,KBO-WIN-FG-000684VNI4R0HP8-KIES000,08/04/26 07:53 AM EDT,$0.18,200
20260804,KBO-MOVY-FG-000684Q7I4R0G78-SSRS000-GTE-P00015,08/04/26 07:53 AM EDT,$0.22,41
20260804,KBO-WIN-FG-000684Q7I4R0G78-LGNS000,08/04/26 07:53 AM EDT,$0.68,14
20260804,KBO-WIN-FG-000684VNI4R0HP8-KIES000,08/04/26 07:54 AM EDT,$0.22,23
20260804,KBO-WIN-FG-000684VNI4R0HP8-KIES000,08/04/26 07:54 AM EDT,$0.23,40
20260804,KBO-TRUNS-FG-000684Q7I4R0G78-GTE-P00095,08/04/26 07:54 AM EDT,$0.58,80
20260804,KBO-MOVY-FG-000684Q7I4R0G78-SSRS000-GTE-P00015,08/04/26 07:55 AM EDT,$0.22,83
20260804,KBO-WIN-FG-000684VNI4R0HP8-LOTS001,08/04/26 07:55 AM EDT,$0.82,35
20260804,KBO-WIN-FG-000684VNI4R0HP8-KIES000,08/04/26 07:55 AM EDT,$0.23,20
20260804,KBO-WIN-FG-000684Q7I4R0G78-SSRS000,08/04/26 07:55 AM EDT,$0.94,32
20260804,NPB-TRUNS-FG-00NFD5Q4PJJHLT8-GTE-P00115,08/04/26 07:55 AM EDT,$0.04,34
20260804,KBO-TRUNS-FG-000684Q7I4R0G78-GTE-P00095,08/04/26 07:56 AM EDT,$0.60,3
20260804,KBO-WIN-FG-000684Q7I4R0G78-SSRS000,08/04/26 07:57 AM EDT,$0.95,4
20260804,KBO-WIN-FG-000684VNI4R0HP8-KIES000,08/04/26 07:57 AM EDT,$0.16,8
20260804,KBO-MOVY-FG-000684Q7I4R0G78-SSRS000-GTE-P00015,08/04/26 07:58 AM EDT,$0.22,76
20260804,KBO-MOVY-FG-000684Q7I4R0G78-SSRS000-GTE-P00025,08/04/26 07:59 AM EDT,$0.16,200
20260804,KBO-MOVY-FG-0006969NI4RATKG-HAES000-GTE-P00025,08/04/26 08:00 AM EDT,$0.30,24
20260804,NPB-WIN-FG-00NFD5Q4PJJHLT8-CHES000,08/04/26 08:00 AM EDT,$0.98,20
20260804,NPB-WIN-FG-00NFD5RJPJJHKUG-TOWS000,08/04/26 08:00 AM EDT,$0.31,158
20260804,KBO-WIN-FG-000684Q7I4R0G78-LGNS000,08/04/26 08:01 AM EDT,$0.68,140
20260804,KBO-TRUNS-FG-000684Q7I4R0G78-GTE-P00095,08/04/26 08:01 AM EDT,$0.98,200
20260804,KBO-TRUNS-FG-000684Q7I4R0G78-GTE-P00095,08/04/26 08:01 AM EDT,$0.98,501
20260804,KBO-TRUNS-FG-000684VNI4R0HP8-GTE-P00055,08/04/26 08:03 AM EDT,$0.26,78
20260804,KBO-WIN-FG-0006969NI4RATKG-HAES000,08/04/26 08:03 AM EDT,$0.95,5
20260804,KBO-TRUNS-FG-000684VNI4R0HP8-GTE-P00055,08/04/26 08:03 AM EDT,$0.26,64
20260804,KBO-WIN-FG-000696BHI4RATJ8-KIRS000,08/04/26 08:04 AM EDT,$0.55,5
20260804,KBO-WIN-FG-000684Q7I4R0G78-SSRS000,08/04/26 08:04 AM EDT,$0.97,3
20260804,KBO-TRUNS-FG-000684VNI4R0HP8-GTE-P00075,08/04/26 08:04 AM EDT,$0.06,1
20260804,KBO-WIN-FG-000684Q7I4R0G78-SSRS000,08/04/26 08:05 AM EDT,$0.97,116
20260804,KBO-TRUNS-FG-000684VNI4R0HP8-GTE-P00115,08/04/26 08:05 AM EDT,$0.04,102
20260804,KBO-WIN-FG-0006969NI4RATKG-HAES000,08/04/26 08:05 AM EDT,$0.99,11
20260804,KBO-WIN-FG-000684VNI4R0HP8-KIES000,08/04/26 08:05 AM EDT,$0.11,41
20260804,KBO-WIN-FG-0006969NI4RATKG-HAES000,08/04/26 08:05 AM EDT,$0.98,20
20260804,KBO-TRUNS-FG-000684VNI4R0HP8-GTE-P00075,08/04/26 08:06 AM EDT,$0.37,20
20260804,KBO-WIN-FG-000684VNI4R0HP8-KIES000,08/04/26 08:06 AM EDT,$0.11,8
20260804,KBO-WIN-FG-000684VNI4R0HP8-KIES000,08/04/26 08:06 AM EDT,$0.11,83
20260804,KBO-TRUNS-FG-000684VNI4R0HP8-GTE-P00115,08/04/26 08:06 AM EDT,$0.04,13
20260804,KBO-WIN-FG-000684VNI4R0HP8-KIES000,08/04/26 08:06 AM EDT,$0.11,41
20260804,KBO-TRUNS-FG-000684VNI4R0HP8-GTE-P00095,08/04/26 08:06 AM EDT,$0.05,1
20260804,KBO-WIN-FG-000684VNI4R0HP8-KIES000,08/04/26 08:06 AM EDT,$0.11,25
20260804,KBO-TRUNS-FG-000684VNI4R0HP8-GTE-P00075,08/04/26 08:07 AM EDT,$0.38,63
20260804,KBO-TRUNS-FG-000684VNI4R0HP8-GTE-P00075,08/04/26 08:08 AM EDT,$0.30,3
20260804,KBO-WIN-FG-000684VNI4R0HP8-KIES000,08/04/26 08:08 AM EDT,$0.10,4
20260804,KBO-WIN-FG-000684Q7I4R0G78-SSRS000,08/04/26 08:09 AM EDT,$0.97,41
20260804,KBO-WIN-FG-000684VNI4R0HP8-KIES000,08/04/26 08:09 AM EDT,$0.10,12
20260804,KBO-WIN-FG-000684Q7I4R0G78-LGNS000,08/04/26 08:10 AM EDT,$0.03,3
20260804,KBO-WIN-FG-000684VNI4R0HP8-KIES000,08/04/26 08:10 AM EDT,$0.12,71
20260804,KBO-MOVY-FG-000684VNI4R0HP8-LOTS001-GTE-P00015,08/04/26 08:12 AM EDT,$0.29,69
20260804,KBO-WIN-FG-000684VNI4R0HP8-KIES000,08/04/26 08:14 AM EDT,$0.15,156
20260804,NPB-WIN-FG-00NFD5PLPJJHKMO-YOTS000,08/04/26 08:16 AM EDT,$0.50,19
20260804,KBO-WIN-FG-000684Q7I4R0G78-SSRS000,08/04/26 08:22 AM EDT,$0.94,27
20260804,KBO-TRUNS-FG-000684VNI4R0HP8-GTE-P00055,08/04/26 08:23 AM EDT,$0.14,11
20260804,KBO-WIN-FG-000684VNI4R0HP8-KIES000,08/04/26 08:23 AM EDT,$0.35,1
20260804,KBO-TRUNS-FG-000684VNI4R0HP8-GTE-P00055,08/04/26 08:24 AM EDT,$0.14,11
20260804,KBO-WIN-FG-000684VNI4R0HP8-LOTS001,08/04/26 08:24 AM EDT,$0.71,68
20260804,KBO-WIN-FG-000684Q7I4R0G78-LGNS000,08/04/26 08:25 AM EDT,$0.08,66
20260804,KBO-WIN-FG-000684VNI4R0HP8-KIES000,08/04/26 08:25 AM EDT,$0.38,200
20260804,KBO-WIN-FG-000684VNI4R0HP8-KIES000,08/04/26 08:25 AM EDT,$0.42,1104
20260804,KBO-WIN-FG-000684VNI4R0HP8-KIES000,08/04/26 08:25 AM EDT,$0.38,200
20260804,KBO-WIN-FG-000684VNI4R0HP8-KIES000,08/04/26 08:25 AM EDT,$0.30,9
20260804,KBO-MOVY-FG-000684Q7I4R0G78-SSRS000-GTE-P00015,08/04/26 08:25 AM EDT,$0.59,76
20260804,NPB-WIN-FG-00NFD5PLPJJHKMO-YOTS000,08/04/26 08:26 AM EDT,$0.47,20
20260804,KBO-WIN-FG-000684VNI4R0HP8-KIES000,08/04/26 08:26 AM EDT,$0.28,6
20260804,KBO-WIN-FG-000684Q7I4R0G78-LGNS000,08/04/26 08:26 AM EDT,$0.09,200
20260804,KBO-MOVY-FG-000684Q7I4R0G78-SSRS000-GTE-P00015,08/04/26 08:27 AM EDT,$0.59,58
20260804,KBO-TRUNS-FG-000684VNI4R0HP8-GTE-P00095,08/04/26 08:28 AM EDT,$0.02,185
20260804,KBO-WIN-FG-000684Q7I4R0G78-LGNS000,08/04/26 08:29 AM EDT,$0.13,178
20260804,KBO-WIN-FG-000684Q7I4R0G78-SSRS000,08/04/26 08:29 AM EDT,$0.88,273
20260804,KBO-MOVY-FG-000684Q7I4R0G78-LGNS000-GTE-P00015,08/04/26 08:29 AM EDT,$0.13,200
20260804,NPB-TRUNS-FG-00NFD5PLPJJHKMO-GTE-P00115,08/04/26 08:30 AM EDT,$0.03,10
20260804,KBO-WIN-FG-000684Q7I4R0G78-LGNS000,08/04/26 08:30 AM EDT,$0.18,200
20260804,KBO-MOVY-FG-000684Q7I4R0G78-SSRS000-GTE-P00015,08/04/26 08:30 AM EDT,$0.59,83
20260804,KBO-MOVY-FG-000684SCI4R0H6G-NCOS000-GTE-P00015,08/04/26 08:30 AM EDT,$0.54,14
20260804,KBO-WIN-FG-000684Q7I4R0G78-LGNS000,08/04/26 08:31 AM EDT,$0.20,45
20260804,KBO-WIN-FG-000684Q7I4R0G78-LGNS000,08/04/26 08:31 AM EDT,$0.20,4
20260804,KBO-WIN-FG-000684Q7I4R0G78-LGNS000,08/04/26 08:31 AM EDT,$0.20,181
20260804,KBO-MOVY-FG-0006969NI4RATKG-HAES000-GTE-P00025,08/04/26 08:31 AM EDT,$0.98,24
20260804,KBO-WIN-FG-000684Q7I4R0G78-LGNS000,08/04/26 08:31 AM EDT,$0.20,9
20260804,KBO-MOVY-FG-000684Q7I4R0G78-SSRS000-GTE-P00015,08/04/26 08:31 AM EDT,$0.55,157
20260804,KBO-WIN-FG-000684Q7I4R0G78-LGNS000,08/04/26 08:32 AM EDT,$0.20,43
20260804,KBO-MOVY-FG-000684Q7I4R0G78-SSRS000-GTE-P00025,08/04/26 08:32 AM EDT,$0.07,1
20260804,KBO-WIN-FG-000684Q7I4R0G78-LGNS000,08/04/26 08:33 AM EDT,$0.24,96
20260804,KBO-MOVY-FG-000684Q7I4R0G78-LGNS000-GTE-P00025,08/04/26 08:33 AM EDT,$0.12,200
20260804,KBO-WIN-FG-000684Q7I4R0G78-LGNS000,08/04/26 08:33 AM EDT,$0.24,39
20260804,KBO-WIN-FG-000684VNI4R0HP8-LOTS001,08/04/26 08:33 AM EDT,$0.98,68
20260804,KBO-WIN-FG-000684Q7I4R0G78-SSRS000,08/04/26 08:33 AM EDT,$0.80,30
20260804,KBO-WIN-FG-000684Q7I4R0G78-LGNS000,08/04/26 08:34 AM EDT,$0.29,44
20260804,KBO-WIN-FG-000684Q7I4R0G78-SSRS000,08/04/26 08:34 AM EDT,$0.81,11
20260804,KBO-WIN-FG-000684Q7I4R0G78-LGNS000,08/04/26 08:34 AM EDT,$0.27,4
20260804,KBO-WIN-FG-000684Q7I4R0G78-SSRS000,08/04/26 08:34 AM EDT,$0.80,200
20260804,KBO-WIN-FG-000684Q7I4R0G78-SSRS000,08/04/26 08:34 AM EDT,$0.83,94
20260804,NPB-WIN-FG-00NFD5PLPJJHKMO-YOTS000,08/04/26 08:34 AM EDT,$0.52,469
20260804,KBO-WIN-FG-000684Q7I4R0G78-LGNS000,08/04/26 08:34 AM EDT,$0.30,125
20260804,KBO-WIN-FG-000684Q7I4R0G78-LGNS000,08/04/26 08:35 AM EDT,$0.28,146
20260804,KBO-TRUNS-FG-000684VNI4R0HP8-GTE-P00055,08/04/26 08:36 AM EDT,$0.02,64
20260804,KBO-WIN-FG-000684Q7I4R0G78-LGNS000,08/04/26 08:36 AM EDT,$0.59,34
20260804,KBO-WIN-FG-000684SCI4R0H6G-NCOS000,08/04/26 08:36 AM EDT,$0.60,200
20260804,KBO-WIN-FG-000684SCI4R0H6G-NCOS000,08/04/26 08:36 AM EDT,$0.55,346
20260804,KBO-WIN-FG-000696BHI4RATJ8-KTON000,08/04/26 08:36 AM EDT,$0.41,180
20260804,KBO-WIN-FG-000696BHI4RATJ8-KTON000,08/04/26 08:36 AM EDT,$0.37,237
20260804,KBO-WIN-FG-000684Q7I4R0G78-LGNS000,08/04/26 08:37 AM EDT,$0.53,101
20260804,KBO-WIN-FG-000684Q7I4R0G78-LGNS000,08/04/26 08:37 AM EDT,$0.53,50
20260804,KBO-WIN-FG-000684Q7I4R0G78-SSRS000,08/04/26 08:37 AM EDT,$0.54,200
20260804,KBO-WIN-FG-000684Q7I4R0G78-SSRS000,08/04/26 08:37 AM EDT,$0.53,18
20260804,NPB-TRUNS-FG-00NFD5PLPJJHKMO-GTE-P00075,08/04/26 08:37 AM EDT,$0.46,43
20260804,NPB-TRUNS-FG-00NFD5PLPJJHKMO-GTE-P00075,08/04/26 08:37 AM EDT,$0.46,1
20260804,KBO-WIN-FG-000684Q7I4R0G78-SSRS000,08/04/26 08:37 AM EDT,$0.53,200
20260804,NPB-TRUNS-FG-00NFD5PLPJJHKMO-GTE-P00075,08/04/26 08:38 AM EDT,$0.46,52
20260804,KBO-MOVY-FG-0006969NI4RATKG-HAES000-GTE-P00015,08/04/26 08:39 AM EDT,$0.98,38
20260804,KBO-WIN-FG-000684Q7I4R0G78-SSRS000,08/04/26 08:40 AM EDT,$0.65,73
20260804,NPB-WIN-FG-00NFD5PLPJJHKMO-YOTS000,08/04/26 08:40 AM EDT,$0.48,8
20260804,NPB-TRUNS-FG-00NFD5PLPJJHKMO-GTE-P00075,08/04/26 08:41 AM EDT,$0.46,64
20260804,KBO-WIN-FG-000684Q7I4R0G78-LGNS000,08/04/26 08:41 AM EDT,$0.22,181
20260804,KBO-WIN-FG-000684Q7I4R0G78-LGNS000,08/04/26 08:43 AM EDT,$0.25,7
20260804,KBO-WIN-FG-000684Q7I4R0G78-SSRS000,08/04/26 08:43 AM EDT,$0.82,9
20260804,KBO-WIN-FG-000684Q7I4R0G78-LGNS000,08/04/26 08:44 AM EDT,$0.25,18
20260804,KBO-WIN-FG-000684Q7I4R0G78-LGNS000,08/04/26 08:44 AM EDT,$0.25,2
20260804,KBO-WIN-FG-000684Q7I4R0G78-LGNS000,08/04/26 08:44 AM EDT,$0.29,177
20260804,KBO-WIN-FG-000684Q7I4R0G78-SSRS000,08/04/26 08:49 AM EDT,$0.81,200
20260804,KBO-MOVY-FG-000684Q7I4R0G78-SSRS000-GTE-P00025,08/04/26 08:50 AM EDT,$0.07,31
20260804,NPB-WIN-FG-00NFD5PLPJJHKMO-YOTS000,08/04/26 08:50 AM EDT,$0.46,100
20260804,KBO-WIN-FG-000684Q7I4R0G78-SSRS000,08/04/26 08:50 AM EDT,$0.82,71
20260804,NPB-WIN-FG-00NFD5PLPJJHKMO-YOTS000,08/04/26 08:53 AM EDT,$0.47,34
20260804,KBO-MOVY-FG-000684Q7I4R0G78-SSRS000-GTE-P00015,08/04/26 08:54 AM EDT,$0.50,96
20260804,KBO-WIN-FG-000684Q7I4R0G78-SSRS000,08/04/26 08:56 AM EDT,$0.81,23
20260804,KBO-MOVY-FG-000684Q7I4R0G78-SSRS000-GTE-P00015,08/04/26 08:56 AM EDT,$0.50,1
20260804,KBO-MOVY-FG-000684Q7I4R0G78-SSRS000-GTE-P00015,08/04/26 08:56 AM EDT,$0.66,2
20260804,KBO-WIN-FG-000684Q7I4R0G78-LGNS000,08/04/26 08:58 AM EDT,$0.12,192
20260804,KBO-WIN-FG-000684Q7I4R0G78-LGNS000,08/04/26 08:59 AM EDT,$0.10,9
20260804,KBO-WIN-FG-000684Q7I4R0G78-LGNS000,08/04/26 08:59 AM EDT,$0.10,46
20260804,NWSL-DWIN-FG-00NB71Q9PGDTSN8-NOEW002,08/04/26 09:00 AM EDT,$0.45,42
20260804,NWSL-DWIN-FG-00NB71T3PGDTSVO-OREW001,08/04/26 09:01 AM EDT,$0.61,15
20260804,KBO-WIN-FG-000684Q7I4R0G78-LGNS000,08/04/26 09:01 AM EDT,$0.12,200
20260804,KBO-WIN-FG-000684Q7I4R0G78-LGNS000,08/04/26 09:01 AM EDT,$0.13,200
20260804,KBO-MOVY-FG-000684Q7I4R0G78-SSRS000-GTE-P00025,08/04/26 09:01 AM EDT,$0.07,168
20260804,NWSL-DWIN-FG-00NB71RCPGDTSIO-NJCW001,08/04/26 09:01 AM EDT,$0.50,38
20260804,KBO-WIN-FG-000684Q7I4R0G78-LGNS000,08/04/26 09:01 AM EDT,$0.13,200
20260804,KBO-WIN-FG-000684Q7I4R0G78-LGNS000,08/04/26 09:02 AM EDT,$0.15,173
20260804,KBO-WIN-FG-000684Q7I4R0G78-LGNS000,08/04/26 09:02 AM EDT,$0.15,10
20260804,KBO-WIN-FG-000684Q7I4R0G78-LGNS000,08/04/26 09:02 AM EDT,$0.14,34
20260804,NPB-WIN-FG-00NFD5PLPJJHKMO-YOTS000,08/04/26 09:05 AM EDT,$0.47,10
20260804,KBO-WIN-FG-000696BHI4RATJ8-KIRS000,08/04/26 09:10 AM EDT,$0.55,68
20260804,KBO-TRUNS-FG-000696BHI4RATJ8-GTE-P00095,08/04/26 09:10 AM EDT,$0.24,75
20260804,NPB-TRUNS-FG-00NFD5PLPJJHKMO-GTE-P00075,08/04/26 09:11 AM EDT,$0.09,40
20260804,KBO-MOVY-FG-000684Q7I4R0G78-SSRS000-GTE-P00015,08/04/26 09:11 AM EDT,$0.94,11
20260804,KBO-WIN-FG-000684Q7I4R0G78-SSRS000,08/04/26 09:11 AM EDT,$0.96,21
20260804,KBO-WIN-FG-000684Q7I4R0G78-SSRS000,08/04/26 09:12 AM EDT,$0.96,51
20260804,KBO-WIN-FG-000684Q7I4R0G78-LGNS000,08/04/26 09:12 AM EDT,$0.11,8
20260804,KBO-WIN-FG-000684Q7I4R0G78-SSRS000,08/04/26 09:12 AM EDT,$0.89,51
20260804,MLB-WIN-IT5-03I5CE5HELGD1EO-ATCS000,08/04/26 09:13 AM EDT,$0.51,9
20260804,MLB-WIN-IT5-03I5DSF4ELGEQT0-TOYS000,08/04/26 09:13 AM EDT,$0.50,9
20260804,KBO-WIN-FG-000684Q7I4R0G78-SSRS000,08/04/26 09:13 AM EDT,$0.98,22
20260804,KBO-WIN-FG-000684Q7I4R0G78-LGNS000,08/04/26 09:15 AM EDT,$0.04,100
20260804,NPB-WIN-FG-00NFD5PLPJJHKMO-YOTS000,08/04/26 09:15 AM EDT,$0.46,9
20260804,NPB-WIN-FG-00NFD5PLPJJHKMO-HIRP000,08/04/26 09:15 AM EDT,$0.98,2
20260804,NPB-WIN-FG-00NFD5PLPJJHKMO-HIRP000,08/04/26 09:16 AM EDT,$0.98,68
20260804,NPB-WIN-FG-00NFD5PLPJJHKMO-YOTS000,08/04/26 09:16 AM EDT,$0.46,39
20260804,NPB-WIN-FG-00NFD5PLPJJHKMO-YOTS000,08/04/26 09:16 AM EDT,$0.46,52
20260804,MLB-PHRR-FG-03I5CE5HELGD1EO-LAER001-GTE-P00015,08/04/26 09:17 AM EDT,$0.49,19
20260804,KBO-WIN-FG-000684Q7I4R0G78-SSRS000,08/04/26 09:17 AM EDT,$0.98,30
20260804,KBO-MOVY-FG-000684Q7I4R0G78-SSRS000-GTE-P00015,08/04/26 09:18 AM EDT,$0.98,41
20260804,KBO-WIN-FG-000684Q7I4R0G78-SSRS000,08/04/26 09:22 AM EDT,$0.98,59
20260804,KBO-WIN-FG-000684SCI4R0H6G-DORS000,08/04/26 09:25 AM EDT,$0.36,24
20260804,KBO-WIN-FG-000684Q7I4R0G78-SSRS000,08/04/26 09:25 AM EDT,$0.98,141
20260804,KBO-WIN-FG-000684Q7I4R0G78-SSRS000,08/04/26 09:26 AM EDT,$0.29,180
20260804,MLB-PHRR-FG-03I5DRVQELG6N68-GRNE000-GTE-P00015,08/04/26 09:31 AM EDT,$0.49,1
20260804,MLB-PHRR-FG-03I5DRV9ELG6MKO-JOLL002-GTE-P00045,08/04/26 09:33 AM EDT,$0.20,22
20260804,MLB-PHRR-FG-03I5DRV9ELG6MKO-LULL000-GTE-P00045,08/04/26 09:34 AM EDT,$0.13,35
20260804,MLB-PHRR-FG-03I5DRPFELG6MTG-DAON003-GTE-P00025,08/04/26 09:34 AM EDT,$0.25,18
20260804,MLB-PHRR-FG-03I5DRUGELG6M2G-CELA000-GTE-P00025,08/04/26 09:34 AM EDT,$0.40,11
20260804,MLB-PHRR-FG-03I5DSCVELGERJ8-COLL001-GTE-P00025,08/04/26 09:34 AM EDT,$0.43,11
20260804,MLB-TRUNS-I1-03I5DRPFELG6MTG-GTE-P00015,08/04/26 09:34 AM EDT,$0.31,15
20260804,MLB-PHRR-FG-03I5DRV9ELG6MKO-SAEZ000-GTE-P00035,08/04/26 09:35 AM EDT,$0.23,20
20260804,MLB-WIN-IT5-03I5CE5DELGD0G8-LALS000,08/04/26 09:35 AM EDT,$0.45,21
20260804,MLB-TRUNS-IT5-03I5DRPFELG6MTG-GTE-P00055,08/04/26 09:37 AM EDT,$0.38,8
20260804,MLB-TRUNS-IT5-03I5CE4PELGD0MO-GTE-P00045,08/04/26 09:38 AM EDT,$0.41,9
20260804,MLB-PHRR-FG-03I5DRPFELG6MTG-MAAD000-GTE-P00025,08/04/26 09:38 AM EDT,$0.43,11
20260804,MLB-MOVY-IT5-03I5DRPFELG6MTG-LARS000-GTE-P00015,08/04/26 09:44 AM EDT,$0.45,53
20260804,MLB-MOVY-IT5-03I5DRPFELG6MTG-LARS000-GTE-P00015,08/04/26 09:44 AM EDT,$0.45,31
20260804,MLB-WIN-IT5-03I5DSCVELGERJ8-ARKS000,08/04/26 09:46 AM EDT,$0.58,41
20260804,MLB-WIN-IT5-03I5DSD4ELGER48-TBYS000,08/04/26 09:48 AM EDT,$0.56,9
20260804,MLB-WIN-IT5-03I5DRPFELG6MTG-LARS000,08/04/26 09:49 AM EDT,$0.68,14
20260804,MLB-WIN-IT5-03I5DRTFELG6MK8-MIRS000,08/04/26 09:49 AM EDT,$0.56,17
20260804,MLB-WIN-IT5-03I5DRVQELG6N68-ATES000,08/04/26 09:54 AM EDT,$0.57,189
20260804,KBO-WIN-FG-000696BHI4RATJ8-KTON000,08/04/26 09:58 AM EDT,$0.34,1
20260804,KBO-WIN-FG-000684SCI4R0H6G-DORS000,08/04/26 09:58 AM EDT,$0.30,4
20260804,MLB-TRUNS-IT5-03I5DRUGELG6M2G-GTE-P00055,08/04/26 10:00 AM EDT,$0.43,44
20260804,MLB-TRUNS-IT5-03I5DRVQELG6N68-GTE-P00055,08/04/26 10:00 AM EDT,$0.46,10
20260804,MLB-WIN-IT5-03I5DRPHELG6M28-STLS000,08/04/26 10:01 AM EDT,$0.42,22
20260804,MLB-WIN-IT5-03I5DSDCELGERO0-DERS000,08/04/26 10:06 AM EDT,$0.47,21
20260804,MLB-WIN-IT5-03I5DRUGELG6M2G-BOOX000,08/04/26 10:08 AM EDT,$0.54,200
20260804,MLB-MOVY-IT5-03I5DRUGELG6M2G-BOOX000-GTE-P00015,08/04/26 10:09 AM EDT,$0.33,149
20260804,MLB-TRUNS-IT5-03I5DSD4ELGER48-GTE-P00055,08/04/26 10:14 AM EDT,$0.50,11
20260804,NWSL-DWIN-FG-00NB71RCPGDTSIO-SACW009,08/04/26 10:17 AM EDT,$0.29,34
20260804,MLB-PHRR-FG-03I5DSCVELGERJ8-FEJR000-GTE-P00025,08/04/26 10:19 AM EDT,$0.41,4
20260804,MLB-TRUNS-I1-03I5DSF4ELGEQT0-GTE-P00005,08/04/26 10:21 AM EDT,$0.45,8
20260804,MLB-TRUNS-I1-03I5DRPHELG6M28-GTE-P00005,08/04/26 10:21 AM EDT,$0.44,8
20260804,MLB-TRUNS-I1-03I5DRTFELG6MK8-GTE-P00005,08/04/26 10:21 AM EDT,$0.39,7
20260804,MLB-TRUNS-I1-03I5CE4PELGD0MO-GTE-P00005,08/04/26 10:21 AM EDT,$0.41,8
20260804,MLB-PHRR-FG-03I5DRPFELG6MTG-ANES000-GTE-P00025,08/04/26 10:22 AM EDT,$0.43,4
20260804,MLB-PHRR-FG-03I5DRPFELG6MTG-ANES000-GTE-P00035,08/04/26 10:22 AM EDT,$0.28,6
20260804,MLB-PHRR-FG-03I5DRPFELG6MTG-ANES000-GTE-P00045,08/04/26 10:22 AM EDT,$0.19,10
20260804,MLB-PHRR-FG-03I5DSF4ELGEQT0-YOEZ000-GTE-P00035,08/04/26 10:25 AM EDT,$0.33,9
20260804,MLB-WIN-IT5-03I5DSD4ELGER48-TBYS000,08/04/26 10:25 AM EDT,$0.58,16
20260804,MLB-TRUNS-IT5-03I5DRTFELG6MK8-GTE-P00035,08/04/26 10:25 AM EDT,$0.50,192
20260804,MLB-WIN-IT5-03I5DSD4ELGER48-TBYS000,08/04/26 10:26 AM EDT,$0.58,27
20260804,MLB-WIN-IT5-03I5CE4PELGD0MO-CLNS000,08/04/26 10:27 AM EDT,$0.58,16
20260804,MLB-TRUNS-IT5-03I5DSDCELGERO0-GTE-P00055,08/04/26 10:28 AM EDT,$0.32,35
20260804,MLB-PHRR-FG-03I5DRP4ELG6MI0-BRSH000-GTE-P00015,08/04/26 10:29 AM EDT,$0.56,115
20260804,MLB-PHRR-FG-03I5DRPFELG6MTG-SHNI001-GTE-P00035,08/04/26 10:31 AM EDT,$0.38,25
20260804,MLB-PHRR-FG-03I5DRPFELG6MTG-ANES000-GTE-P00035,08/04/26 10:31 AM EDT,$0.28,33
20260804,MLB-PHRR-FG-03I5DRP4ELG6MI0-BRSH000-GTE-P00015,08/04/26 10:33 AM EDT,$0.56,43
20260804,MLB-WIN-IT5-03I5CE5HELGD1EO-ATCS000,08/04/26 10:38 AM EDT,$0.48,200
20260804,MLB-PHRR-FG-03I5DSCVELGERJ8-LUNO001-GTE-P00015,08/04/26 10:38 AM EDT,$0.45,5
20260804,MLB-PHRR-FG-03I5DSCVELGERJ8-FEJR000-GTE-P00025,08/04/26 10:38 AM EDT,$0.41,15
20260804,MLB-PHRR-FG-03I5DSCVELGERJ8-JALL000-GTE-P00015,08/04/26 10:38 AM EDT,$0.57,5
20260804,MLB-TRUNS-I1-03I5DRPFELG6MTG-GTE-P00015,08/04/26 10:41 AM EDT,$0.32,8
20260804,MLB-PHRR-FG-03I5DRVQELG6N68-DRIN000-GTE-P00015,08/04/26 10:43 AM EDT,$0.62,15
20260804,MLB-PHRR-FG-03I5DRV9ELG6MLO-EZAN000-GTE-P00015,08/04/26 10:53 AM EDT,$0.48,114
20260804,MLB-PHRR-FG-03I5DRTFELG6MK8-BRWE000-GTE-P00015,08/04/26 10:56 AM EDT,$0.47,30
20260804,MLB-PHRR-FG-03I5DRVQELG6N68-MAON003-GTE-P00015,08/04/26 10:59 AM EDT,$0.59,11
20260804,MLB-MOVY-IT5-03I5DRV9ELG6MKO-MINS000-GTE-P00005,08/04/26 11:00 AM EDT,$0.48,9
20260804,MLB-WIN-IT5-03I5DRV9ELG6MKO-KCLS000,08/04/26 11:00 AM EDT,$0.43,2
20260804,MLB-PHRR-FG-03I5DRVQELG6N68-ROJR000-GTE-P00025,08/04/26 11:02 AM EDT,$0.42,11
20260804,KBO-WIN-FG-000684SCI4R0H6G-NCOS000,08/04/26 11:12 AM EDT,$0.64,5
20260804,MLB-TRUNS-I1-03I5DRUGELG6M2G-GTE-P00025,08/04/26 11:14 AM EDT,$0.19,25
20260804,MLB-TRUNS-I1-03I5DRUGELG6M2G-GTE-P00035,08/04/26 11:14 AM EDT,$0.11,16
20260804,MLB-TRUNS-I1-03I5DRPFELG6MTG-GTE-P00025,08/04/26 11:15 AM EDT,$0.18,15
20260804,MLB-MOVY-IT5-03I5DRPFELG6MTG-LARS000-GTE-P00005,08/04/26 11:15 AM EDT,$0.58,46
20260804,MLB-TRUNS-I1-03I5DSD4ELGER48-GTE-P00035,08/04/26 11:15 AM EDT,$0.14,13
20260804,MLB-WIN-IT5-03I5DSD4ELGER48-COES000,08/04/26 11:16 AM EDT,$0.44,10
20260804,MLB-WIN-IT5-03I5DSDCELGERO0-DERS000,08/04/26 11:16 AM EDT,$0.46,20
20260804,MLB-WIN-IT5-03I5DRP4ELG6MI0-WALS000,08/04/26 11:17 AM EDT,$0.31,15
20260804,MLB-PHRR-FG-03I5DRVQELG6N68-MAON003-GTE-P00025,08/04/26 11:18 AM EDT,$0.44,65
20260804,MLB-WIN-IT5-03I5DRVQELG6N68-ATES000,08/04/26 11:19 AM EDT,$0.57,6
20260804,MLB-PHRR-FG-03I5CE5DELGD0G8-PESO000-GTE-P00015,08/04/26 11:20 AM EDT,$0.59,24
20260804,MLB-PHRR-FG-03I5DRP4ELG6MI0-BRSH000-GTE-P00015,08/04/26 11:24 AM EDT,$0.54,12
20260804,MLB-TRUNS-IT5-03I5DRTFELG6MK8-GTE-P00035,08/04/26 11:25 AM EDT,$0.53,8
20260804,MLB-TRUNS-IT5-03I5DSDCELGERO0-GTE-P00045,08/04/26 11:25 AM EDT,$0.44,6
20260804,MLB-PHRR-FG-03I5DRTFELG6MK8-BRNG003-GTE-P00015,08/04/26 11:25 AM EDT,$0.52,11
20260804,MLB-WIN-IT5-03I5DRPFELG6MTG-CHBS000,08/04/26 11:31 AM EDT,$0.35,81
20260804,MLB-WIN-IT5-03I5DSD4ELGER48-COES000,08/04/26 11:31 AM EDT,$0.44,7
20260804,MLB-TRUNS-IT5-03I5CE5DELGD0G8-GTE-P00045,08/04/26 11:32 AM EDT,$0.57,50
20260804,MLB-TRUNS-IT5-03I5DSD4ELGER48-GTE-P00055,08/04/26 11:33 AM EDT,$0.53,1
20260804,MLB-WIN-IT5-03I5DSDCELGERO0-DERS000,08/04/26 11:33 AM EDT,$0.46,2
20260804,KBO-WIN-FG-000696BHI4RATJ8-KIRS000,08/04/26 11:34 AM EDT,$0.58,4
20260804,MLB-MOVY-IT5-03I5DRV9ELG6MKO-MINS000-GTE-P00005,08/04/26 11:36 AM EDT,$0.48,1
20260804,MLB-TRUNS-I1-03I5DRV9ELG6MLO-GTE-P00035,08/04/26 11:37 AM EDT,$0.03,26
20260804,MLB-TRUNS-I1-03I5DRV9ELG6MLO-GTE-P00035,08/04/26 11:38 AM EDT,$0.11,26
20260804,MLB-WIN-IT5-03I5DRV9ELG6MKO-KCLS000,08/04/26 11:38 AM EDT,$0.43,14
20260804,MLB-PHRR-FG-03I5DRTFELG6MK8-BRWE000-GTE-P00015,08/04/26 11:39 AM EDT,$0.39,30
20260804,MLB-PHRR-FG-03I5DRTFELG6MK8-JAIO000-GTE-P00015,08/04/26 11:39 AM EDT,$0.53,19
20260804,NWSL-DWIN-FG-00NB71Q9PGDTSN8-DECW003,08/04/26 11:42 AM EDT,$0.42,23
20260804,MLB-TRUNS-I1-03I5DRPFELG6MTG-GTE-P00015,08/04/26 11:44 AM EDT,$0.32,29
20260804,MLB-PHRR-FG-03I5DRUGELG6M2G-CELA000-GTE-P00015,08/04/26 11:45 AM EDT,$0.60,16
20260804,MLB-PHRR-FG-03I5DRVQELG6N68-MIIS000-GTE-P00015,08/04/26 11:45 AM EDT,$0.61,15
20260804,MLB-PHRR-FG-03I5DRUGELG6M2G-WIAS000-GTE-P00015,08/04/26 11:45 AM EDT,$0.59,16
20260804,MLB-PHRR-FG-03I5DRPFELG6MTG-FRAN000-GTE-P00015,08/04/26 11:45 AM EDT,$0.61,15
20260804,MLB-PHRR-FG-03I5CE5HELGD1EO-JJAY000-GTE-P00015,08/04/26 11:45 AM EDT,$0.54,17
20260804,MLB-PHRR-FG-03I5CE5DELGD0G8-CHND000-GTE-P00015,08/04/26 11:48 AM EDT,$0.52,9
20260804,MLB-MOVY-IT5-03I5DSF4ELGEQT0-HOOS000-GTE-P00005,08/04/26 11:51 AM EDT,$0.47,8
20260804,MLB-PHRR-FG-03I5DRPFELG6MTG-KYER000-GTE-P00015,08/04/26 11:51 AM EDT,$0.56,6
20260804,MLB-WIN-IT5-03I5DSD4ELGER48-COES000,08/04/26 11:52 AM EDT,$0.44,43
20260804,MLB-PHRR-FG-03I5DSD4ELGER48-JURO000-GTE-P00035,08/04/26 11:53 AM EDT,$0.40,1
20260804,MLB-TRUNS-I5-03I5DSF4ELGEQT0-GTE-P00005,08/04/26 11:53 AM EDT,$0.51,37
20260804,KBO-TRUNS-FG-000684SCI4R0H6G-GTE-P00095,08/04/26 11:54 AM EDT,$0.21,36
20260804,MLB-PHRR-FG-03I5DSF4ELGEQT0-YOEZ000-GTE-P00025,08/04/26 11:54 AM EDT,$0.45,8
20260804,MLB-TRUNS-IT5-03I5DSD4ELGER48-GTE-P00055,08/04/26 11:54 AM EDT,$0.52,10
20260804,MLB-WIN-IT5-03I5DRP4ELG6MI0-WALS000,08/04/26 11:55 AM EDT,$0.31,45
20260804,MLB-TRUNS-IT5-03I5DRPFELG6MTG-GTE-P00045,08/04/26 11:55 AM EDT,$0.53,27
20260804,MLB-WIN-IT5-03I5DSDCELGERO0-DERS000,08/04/26 12:05 PM EDT,$0.46,97
20260804,MLB-WIN-IT5-03I5DSD4ELGER48-COES000,08/04/26 12:07 PM EDT,$0.44,21
20260804,MLB-WIN-IT5-03I5DRP4ELG6MI0-WALS000,08/04/26 12:07 PM EDT,$0.31,30
20260804,MLB-MOVY-IT5-03I5CE4PELGD0MO-CLNS000-GTE-P00005,08/04/26 12:09 PM EDT,$0.49,196
20260804,MLB-MOVY-IT5-03I5DRVQELG6N68-ATES000-GTE-P00005,08/04/26 12:09 PM EDT,$0.51,188
20260804,MLB-TRUNS-IT5-03I5CE5DELGD0G8-GTE-P00055,08/04/26 12:10 PM EDT,$0.44,1
20260804,MLB-PHRR-FG-03I5DRTFELG6MK8-BRWE000-GTE-P00015,08/04/26 12:11 PM EDT,$0.47,10
20260804,MLB-TRUNS-IT5-03I5DRUGELG6M2G-GTE-P00045,08/04/26 12:15 PM EDT,$0.54,2
20260804,MLB-PHRR-FG-03I5DSCVELGERJ8-COLL001-GTE-P00015,08/04/26 12:15 PM EDT,$0.59,24
20260804,MLB-WIN-IT5-03I5DRUGELG6M2G-BOOX000,08/04/26 12:15 PM EDT,$0.54,3
20260804,MLB-MOVY-IT5-03I5DRUGELG6M2G-CHOX000-GTE-P00005,08/04/26 12:16 PM EDT,$0.41,2
20260804,MLB-WIN-IT5-03I5DSDCELGERO0-DERS000,08/04/26 12:16 PM EDT,$0.48,8
20260804,MLB-WIN-IT5-03I5CE5DELGD0G8-LALS000,08/04/26 12:22 PM EDT,$0.43,2
20260804,MLB-WIN-IT5-03I5CE5DELGD0G8-LALS000,08/04/26 12:22 PM EDT,$0.41,2
20260804,MLB-PHRR-FG-03I5DRTFELG6MK8-BRNG003-GTE-P00015,08/04/26 12:24 PM EDT,$0.52,200
20260804,MLB-PHRR-FG-03I5DRP4ELG6MI0-BRSH000-GTE-P00015,08/04/26 12:25 PM EDT,$0.56,244
20260804,MLB-TRUNS-I1-03I5CE5HELGD1EO-GTE-P00015,08/04/26 12:26 PM EDT,$0.31,57
20260804,MLB-PHRR-FG-03I5DRP4ELG6MI0-BRER000-GTE-P00045,08/04/26 12:29 PM EDT,$0.21,21
20260804,MLB-PHRR-FG-03I5DRP4ELG6MI0-BRER000-GTE-P00015,08/04/26 12:29 PM EDT,$0.61,3
20260804,MLB-PHRR-FG-03I5DRVQELG6N68-ROJR000-GTE-P00015,08/04/26 12:29 PM EDT,$0.57,4
20260804,MLB-PHRR-FG-03I5DRV9ELG6MKO-ROIS000-GTE-P00015,08/04/26 12:29 PM EDT,$0.57,4
20260804,MLB-PHRR-FG-03I5DSD4ELGER48-JURO000-GTE-P00015,08/04/26 12:29 PM EDT,$0.70,3
20260804,MLB-WIN-IT5-03I5DSCVELGERJ8-ARKS000,08/04/26 12:30 PM EDT,$0.56,68
20260804,MLB-MOVY-IT5-03I5DSF4ELGEQT0-HOOS000-GTE-P00005,08/04/26 12:31 PM EDT,$0.45,35
20260804,MLB-PHRR-FG-03I5CE5DELGD0G8-JAAY002-GTE-P00015,08/04/26 12:32 PM EDT,$0.48,16
20260804,MLB-MOVY-IT5-03I5DRUGELG6M2G-BOOX000-GTE-P00005,08/04/26 12:33 PM EDT,$0.45,17
20260804,MLB-TRUNS-IT5-03I5DRTFELG6MK8-GTE-P00035,08/04/26 12:35 PM EDT,$0.53,10
20260804,MLB-TRUNS-IT5-03I5DRPFELG6MTG-GTE-P00045,08/04/26 12:36 PM EDT,$0.53,32
20260804,KBO-WIN-FG-000696BHI4RATJ8-KTON000,08/04/26 12:37 PM EDT,$0.32,2
20260804,KBO-WIN-FG-000684SCI4R0H6G-DORS000,08/04/26 12:38 PM EDT,$0.30,2
20260804,MLB-PHRR-FG-03I5DRV9ELG6MLO-EZAN000-GTE-P00015,08/04/26 12:39 PM EDT,$0.47,10
20260804,NWSL-DWIN-FG-00NB71Q9PGDTSN8-DECW003,08/04/26 12:42 PM EDT,$0.43,17
20260804,MLB-WIN-IT5-03I5CE5DELGD0G8-LALS000,08/04/26 12:42 PM EDT,$0.43,1
20260804,MLB-WIN-IT5-03I5CE5DELGD0G8-LALS000,08/04/26 12:43 PM EDT,$0.41,1
20260804,MLB-TRUNS-I1-03I5CE5HELGD1EO-GTE-P00015,08/04/26 12:44 PM EDT,$0.31,6
20260804,MLB-MOVY-IT5-03I5CE4PELGD0MO-CLNS000-GTE-P00005,08/04/26 12:44 PM EDT,$0.50,39
20260804,MLB-TRUNS-IT5-03I5DRPHELG6M28-GTE-P00045,08/04/26 12:44 PM EDT,$0.49,9
20260804,MLB-TRUNS-IT5-03I5DRV9ELG6MKO-GTE-P00045,08/04/26 12:48 PM EDT,$0.52,200
20260804,MLB-TRUNS-I1-03I5CE5DELGD0G8-GTE-P00025,08/04/26 12:52 PM EDT,$0.19,50
20260804,KBO-WIN-FG-000696BHI4RATJ8-KIRS000,08/04/26 12:53 PM EDT,$0.55,7
20260804,MLB-WIN-IT5-03I5DRP4ELG6MI0-WALS000,08/04/26 12:55 PM EDT,$0.31,9
20260804,MLB-PHRR-FG-03I5CE5DELGD0G8-PESO000-GTE-P00015,08/04/26 12:55 PM EDT,$0.57,8
20260804,MLB-WIN-IT5-03I5CE4PELGD0MO-NYTS000,08/04/26 12:56 PM EDT,$0.44,54
20260804,KBO-WIN-FG-000696BHI4RATJ8-KTON000,08/04/26 12:56 PM EDT,$0.33,4
20260804,MLB-WIN-IT5-03I5DRP4ELG6MI0-WALS000,08/04/26 12:56 PM EDT,$0.31,75
20260804,NASCAR-WIN-RCE-02D841PP1B75ERMKJ7DC8O1DJ49AKT5RU34R75QAO5SQF8ND6LKKKVBUVB00-CHTT005,08/04/26 12:56 PM EDT,$0.09,100
20260804,MLB-WIN-IT5-03I5DRV9ELG6MKO-KCLS000,08/04/26 12:56 PM EDT,$0.43,55
20260804,MLB-WIN-IT5-03I5DSF4ELGEQT0-TOYS000,08/04/26 12:57 PM EDT,$0.47,51
20260804,MLB-WIN-IT5-03I5DSD4ELGER48-COES000,08/04/26 12:57 PM EDT,$0.44,54
20260804,MLB-WIN-IT5-03I5DSD4ELGER48-COES000,08/04/26 12:58 PM EDT,$0.44,28
20260804,MLB-TRUNS-IT5-03I5DRPFELG6MTG-GTE-P00045,08/04/26 12:58 PM EDT,$0.53,18
20260804,MLB-PHRR-FG-03I5DRPFELG6MTG-SHNI001-GTE-P00015,08/04/26 12:58 PM EDT,$0.62,15
20260804,MLB-PHRR-FG-03I5DRTFELG6MK8-BRNG003-GTE-P00015,08/04/26 12:59 PM EDT,$0.52,92
20260804,MLB-PHRR-FG-03I5DRPFELG6MTG-SHNI001-GTE-P00015,08/04/26 01:01 PM EDT,$0.62,15
20260804,MLB-WIN-IT5-03I5DSF4ELGEQT0-TOYS000,08/04/26 01:01 PM EDT,$0.47,102
20260804,MLB-WIN-IT5-03I5DSD4ELGER48-COES000,08/04/26 01:03 PM EDT,$0.43,111
20260804,MLB-MOVY-IT5-03I5CE4PELGD0MO-CLNS000-GTE-P00005,08/04/26 01:03 PM EDT,$0.47,18
20260804,MLB-WIN-IT5-03I5DRUGELG6M2G-BOOX000,08/04/26 01:03 PM EDT,$0.54,26
20260804,MLB-WIN-IT5-03I5DRTFELG6MK8-PIES000,08/04/26 01:03 PM EDT,$0.45,106
20260804,MLB-WIN-IT5-03I5DRVQELG6N68-ATES000,08/04/26 01:03 PM EDT,$0.57,25
20260804,MLB-TRUNS-I1-03I5DRUGELG6M2G-GTE-P00015,08/04/26 01:04 PM EDT,$0.25,84
20260804,MLB-WIN-IT5-03I5DRV9ELG6MKO-KCLS000,08/04/26 01:04 PM EDT,$0.43,111
20260804,MLB-WIN-IT5-03I5DRPFELG6MTG-LARS000,08/04/26 01:04 PM EDT,$0.67,21
20260804,MLB-WIN-IT5-03I5CE5HELGD1EO-ATCS000,08/04/26 01:05 PM EDT,$0.47,102
20260804,MLB-WIN-IT5-03I5DRPHELG6M28-NYES000,08/04/26 01:05 PM EDT,$0.62,23
20260804,MLB-WIN-IT5-03I5DRP4ELG6MI0-PHES000,08/04/26 01:05 PM EDT,$0.71,13
20260804,MLB-MOVY-IT5-03I5DRPFELG6MTG-LARS000-GTE-P00005,08/04/26 01:06 PM EDT,$0.57,8
20260804,MLB-TRUNS-IT5-03I5DRPFELG6MTG-GTE-P00045,08/04/26 01:07 PM EDT,$0.52,6
20260804,MLB-WIN-IT5-03I5DRV9ELG6MKO-KCLS000,08/04/26 01:07 PM EDT,$0.43,6
20260804,MLB-PHRR-FG-03I5CE4PELGD0MO-CHER002-GTE-P00015,08/04/26 01:07 PM EDT,$0.54,10
20260804,NWSL-DWIN-FG-00NB71Q9PGDTSN8-NOEW002,08/04/26 01:07 PM EDT,$0.36,13
20260804,NWSL-DWIN-FG-00NB71Q9PGDTSN8-DECW003,08/04/26 01:07 PM EDT,$0.42,11
20260804,MLB-PHRR-FG-03I5CE4PELGD0MO-BOTE000-GTE-P00005,08/04/26 01:08 PM EDT,$0.78,5
20260804,MLB-PHRR-FG-03I5DRP4ELG6MI0-BRER000-GTE-P00005,08/04/26 01:08 PM EDT,$0.78,5
20260804,MLB-MOVY-IT5-03I5DRVQELG6N68-ATES000-GTE-P00005,08/04/26 01:08 PM EDT,$0.50,13
20260804,MLB-PHRR-FG-03I5DRPFELG6MTG-MOTS000-GTE-P00005,08/04/26 01:08 PM EDT,$0.75,5
20260804,MLB-TRUNS-I1-03I5CE4PELGD0MO-GTE-P00005,08/04/26 01:10 PM EDT,$0.41,1
20260804,MLB-MOVY-IT5-03I5DRVQELG6N68-ATES000-GTE-P00005,08/04/26 01:10 PM EDT,$0.50,96
20260804,MLB-TRUNS-IT5-03I5DRVQELG6N68-GTE-P00055,08/04/26 01:11 PM EDT,$0.44,34
20260804,MLB-TRUNS-IT5-03I5DRVQELG6N68-GTE-P00055,08/04/26 01:11 PM EDT,$0.45,34
20260804,MLB-MOVY-IT5-03I5DRVQELG6N68-ATES000-GTE-P00005,08/04/26 01:12 PM EDT,$0.50,48
20260804,MLB-PHRR-FG-03I5DRPFELG6MTG-SHNI001-GTE-P00035,08/04/26 01:14 PM EDT,$0.35,15
20260804,MLB-TRUNS-I1-03I5DRV9ELG6MKO-GTE-P00015,08/04/26 01:16 PM EDT,$0.33,28
20260804,MLB-MOVY-IT5-03I5CE5HELGD1EO-CIDS000-GTE-P00005,08/04/26 01:18 PM EDT,$0.46,17
20260804,MLB-MOVY-IT5-03I5DRV9ELG6MLO-TERS000-GTE-P00005,08/04/26 01:22 PM EDT,$0.55,8
20260804,MLB-WIN-IT5-03I5DRP4ELG6MI0-WALS000,08/04/26 01:22 PM EDT,$0.30,93
20260804,MLB-PHRR-FG-03I5DRVQELG6N68-ROJR000-GTE-P00045,08/04/26 01:24 PM EDT,$0.15,31
20260804,MLB-TRUNS-I2-03I5DSF4ELGEQT0-GTE-P00005,08/04/26 01:27 PM EDT,$0.50,19
20260804,MLB-TRUNS-I1-03I5CE4PELGD0MO-GTE-P00035,08/04/26 01:27 PM EDT,$0.02,5
20260804,MLB-TRUNS-I1-03I5DRTFELG6MK8-GTE-P00015,08/04/26 01:28 PM EDT,$0.19,42
20260804,MLB-MOVY-IT5-03I5DRVQELG6N68-ATES000-GTE-P00005,08/04/26 01:29 PM EDT,$0.50,20
20260804,MLB-PHRR-FG-03I5DRTFELG6MK8-BRNG003-GTE-P00015,08/04/26 01:31 PM EDT,$0.52,12
20260804,MLB-TRUNS-I1-03I5DRPFELG6MTG-GTE-P00015,08/04/26 01:31 PM EDT,$0.24,19
20260804,MLB-WIN-IT5-03I5CE5HELGD1EO-ATCS000,08/04/26 01:32 PM EDT,$0.46,1
20260804,MLB-PHRR-FG-03I5DRP4ELG6MI0-BRSH000-GTE-P00015,08/04/26 01:32 PM EDT,$0.56,12
20260804,MLB-MOVY-IT5-03I5DRPFELG6MTG-LARS000-GTE-P00005,08/04/26 01:32 PM EDT,$0.58,38
20260804,NASCAR-WIN-RCE-02D841PP1B75ERMKJ7DC8O1DJ49AKT5RU34R75QAO5SQF8ND6LKKKVBUVB00-DEIN002,08/04/26 01:33 PM EDT,$0.16,61
20260804,MLB-TRUNS-IT5-03I5DRV9ELG6MKO-GTE-P00045,08/04/26 01:33 PM EDT,$0.52,30
20260804,MLB-WIN-IT5-03I5CE5DELGD0G8-LALS000,08/04/26 01:34 PM EDT,$0.43,222
20260804,MLB-MOVY-IT5-03I5CE4PELGD0MO-CLNS000-GTE-P00005,08/04/26 01:35 PM EDT,$0.47,72
20260804,MLB-WIN-IT5-03I5DRVQELG6N68-ATES000,08/04/26 01:35 PM EDT,$0.56,60
20260804,MLB-PHRR-FG-03I5DRP4ELG6MI0-BRER000-GTE-P00025,08/04/26 01:36 PM EDT,$0.49,1
20260804,KBO-WIN-FG-000684SCI4R0H6G-NCOS000,08/04/26 01:36 PM EDT,$0.65,78
20260804,MLB-TRUNS-IT5-03I5DRUGELG6M2G-GTE-P00045,08/04/26 01:36 PM EDT,$0.54,1
20260804,MLB-WIN-IT5-03I5DRTFELG6MK8-MIRS000,08/04/26 01:37 PM EDT,$0.56,3
20260804,MLB-TRUNS-I1-03I5DRPHELG6M28-GTE-P00005,08/04/26 01:37 PM EDT,$0.45,175
20260804,MLB-PHRR-FG-03I5DRPHELG6M28-BECE001-GTE-P00035,08/04/26 01:37 PM EDT,$0.28,16
20260804,MLB-WIN-IT5-03I5CE4PELGD0MO-CLNS000,08/04/26 01:37 PM EDT,$0.57,3
20260804,MLB-TRUNS-IT5-03I5DRTFELG6MK8-GTE-P00035,08/04/26 01:38 PM EDT,$0.53,20
20260804,MLB-PHRR-FG-03I5DRV9ELG6MKO-KONS000-GTE-P00015,08/04/26 01:38 PM EDT,$0.63,46
20260804,MLB-PHRR-FG-03I5DSCVELGERJ8-FEJR000-GTE-P00015,08/04/26 01:39 PM EDT,$0.57,50
20260804,MLB-PHRR-FG-03I5DRUGELG6M2G-CHTH001-GTE-P00015,08/04/26 01:40 PM EDT,$0.54,53
20260804,MLB-TRUNS-IT5-03I5DRVQELG6N68-GTE-P00055,08/04/26 01:40 PM EDT,$0.44,8
20260804,MLB-PHRR-FG-03I5DRVQELG6N68-MAON003-GTE-P00015,08/04/26 01:40 PM EDT,$0.56,51
20260804,MLB-WIN-IT5-03I5DRVQELG6N68-MINS001,08/04/26 01:41 PM EDT,$0.44,7
20260804,MLB-MOVY-IT5-03I5DRPFELG6MTG-LARS000-GTE-P00005,08/04/26 01:41 PM EDT,$0.58,16
20260804,MLB-WIN-IT5-03I5DRPFELG6MTG-LARS000,08/04/26 01:41 PM EDT,$0.66,29
20260804,MLB-WIN-IT5-03I5DRUGELG6M2G-BOOX000,08/04/26 01:41 PM EDT,$0.54,89
20260804,MLB-TRUNS-I1-03I5DRPFELG6MTG-GTE-P00015,08/04/26 01:41 PM EDT,$0.24,29
20260804,MLB-PHRR-FG-03I5DSF4ELGEQT0-JEEZ000-GTE-P00015,08/04/26 01:42 PM EDT,$0.47,2
20260804,MLB-PHRR-FG-03I5DRVQELG6N68-MAON003-GTE-P00005,08/04/26 01:43 PM EDT,$0.76,128
20260804,MLB-WIN-IT5-03I5DRUGELG6M2G-BOOX000,08/04/26 01:43 PM EDT,$0.54,62
20260804,MLB-PHRR-FG-03I5DRPFELG6MTG-TEEZ000-GTE-P00015,08/04/26 01:43 PM EDT,$0.54,35
20260804,MLB-WIN-IT5-03I5DSDCELGERO0-DERS000,08/04/26 01:43 PM EDT,$0.47,10
20260804,MLB-MOVY-IT5-03I5DSDCELGERO0-SERS000-GTE-P00005,08/04/26 01:43 PM EDT,$0.43,8
20260804,MLB-PHRR-FG-03I5DRPHELG6M28-LUAS000-GTE-P00005,08/04/26 01:44 PM EDT,$0.78,21
20260804,MLB-WIN-IT5-03I5DRVQELG6N68-ATES000,08/04/26 01:44 PM EDT,$0.55,60
20260804,MLB-PHRR-FG-03I5CE5DELGD0G8-JAAY002-GTE-P00015,08/04/26 01:44 PM EDT,$0.52,109
20260804,MLB-PHRR-FG-03I5DRVQELG6N68-MAON003-GTE-P00025,08/04/26 01:45 PM EDT,$0.40,11
20260804,MLB-TRUNS-I1-03I5DRTFELG6MK8-GTE-P00005,08/04/26 01:45 PM EDT,$0.39,79
20260804,MLB-MOVY-IT5-03I5DSCVELGERJ8-ARKS000-GTE-P00005,08/04/26 01:45 PM EDT,$0.48,40
20260804,MLB-MOVY-IT5-03I5DRUGELG6M2G-BOOX000-GTE-P00005,08/04/26 01:45 PM EDT,$0.48,40
20260804,MLB-WIN-IT5-03I5DRVQELG6N68-ATES000,08/04/26 01:45 PM EDT,$0.56,103
20260804,MLB-MOVY-IT5-03I5DRV9ELG6MLO-TERS000-GTE-P00005,08/04/26 01:49 PM EDT,$0.55,9
20260804,MLB-MOVY-IT5-03I5DRV9ELG6MLO-TERS000-GTE-P00005,08/04/26 01:50 PM EDT,$0.55,35
20260804,MLB-WIN-IT5-03I5DSCVELGERJ8-ARKS000,08/04/26 01:50 PM EDT,$0.56,60
20260804,MLB-WIN-IT5-03I5DSF4ELGEQT0-TOYS000,08/04/26 01:50 PM EDT,$0.47,61
20260804,MLB-MOVY-IT5-03I5DRTFELG6MK8-MIRS000-GTE-P00005,08/04/26 01:53 PM EDT,$0.46,15
20260804,MLB-MOVY-IT5-03I5DRUGELG6M2G-BOOX000-GTE-P00005,08/04/26 01:53 PM EDT,$0.48,20
20260804,MLB-PHRR-FG-03I5DRPHELG6M28-GEJR000-GTE-P00015,08/04/26 01:53 PM EDT,$0.45,10
20260804,MLB-WIN-IT5-03I5DRP4ELG6MI0-PHES000,08/04/26 01:54 PM EDT,$0.69,7
20260804,MLB-PHRR-FG-03I5DRVQELG6N68-OTEZ000-GTE-P00005,08/04/26 01:55 PM EDT,$0.83,41
20260804,MLB-WIN-IT5-03I5DRPFELG6MTG-LARS000,08/04/26 01:58 PM EDT,$0.66,8
20260804,MLB-TRUNS-IT5-03I5CE5DELGD0G8-GTE-P00055,08/04/26 01:58 PM EDT,$0.44,25
20260804,MLB-MOVY-IT5-03I5DRV9ELG6MLO-TERS000-GTE-P00005,08/04/26 01:58 PM EDT,$0.55,28
20260804,MLB-TRUNS-IT5-03I5DRTFELG6MK8-GTE-P00035,08/04/26 02:00 PM EDT,$0.54,178
20260804,MLB-PHRR-FG-03I5DRP4ELG6MI0-KYER003-GTE-P00025,08/04/26 02:01 PM EDT,$0.47,6
20260804,MLB-PHRR-FG-03I5DRVQELG6N68-DRIN000-GTE-P00025,08/04/26 02:03 PM EDT,$0.45,5
20260804,MLB-TRUNS-I5-03I5DRUGELG6M2G-GTE-P00035,08/04/26 02:04 PM EDT,$0.11,83
20260804,NASCAR-WIN-RCE-02D841PP1B75ERMKJ7DC8O1DJ49AKT5RU34R75QAO5SQF8ND6LKKKVBUVB00-WION012,08/04/26 02:04 PM EDT,$0.10,18
20260804,MLB-WIN-IT5-03I5DRVQELG6N68-ATES000,08/04/26 02:04 PM EDT,$0.56,4
20260804,MLB-WIN-IT5-03I5DRV9ELG6MKO-KCLS000,08/04/26 02:07 PM EDT,$0.43,222
20260804,MLB-WIN-IT5-03I5DRPFELG6MTG-LARS000,08/04/26 02:07 PM EDT,$0.66,36
20260804,MLB-WIN-IT5-03I5DRV9ELG6MKO-KCLS000,08/04/26 02:08 PM EDT,$0.43,22
20260804,NASCAR-WIN-RCE-02D841PP1B75ERMKJ7DC8O1DJ49AKT5RU34R75QAO5SQF8ND6LKKKVBUVB00-KYON007,08/04/26 02:08 PM EDT,$0.11,225
20260804,NASCAR-WIN-RCE-02D841PP1B75ERMKJ7DC8O1DJ49AKT5RU34R75QAO5SQF8ND6LKKKVBUVB00-CHOE001,08/04/26 02:08 PM EDT,$0.10,227
20260804,MLB-WIN-IT5-03I5DRPFELG6MTG-LARS000,08/04/26 02:08 PM EDT,$0.66,263
20260804,NWSL-DWIN-FG-00NB71RCPGDTSIO-NJCW001,08/04/26 02:08 PM EDT,$0.48,4
20260804,MLB-WIN-IT5-03I5DRTFELG6MK8-MIRS000,08/04/26 02:08 PM EDT,$0.56,17
20260804,MLB-WIN-IT5-03I5DSCVELGERJ8-ARKS000,08/04/26 02:09 PM EDT,$0.56,8
20260804,NWSL-DWIN-FG-00NB71T3PGDTSVO-OREW001,08/04/26 02:10 PM EDT,$0.60,80
20260804,MLB-PHRR-FG-03I5DRP4ELG6MI0-BRER000-GTE-P00015,08/04/26 02:10 PM EDT,$0.61,7
20260804,NWSL-DWIN-FG-00NB71T3PGDTSVO-OREW001,08/04/26 02:11 PM EDT,$0.53,80
20260804,MLB-MOVY-IT5-03I5DRVQELG6N68-ATES000-GTE-P00005,08/04/26 02:14 PM EDT,$0.51,18
20260804,MLB-TRUNS-IT5-03I5DRPHELG6M28-GTE-P00045,08/04/26 02:15 PM EDT,$0.47,98
20260804,MLB-WIN-IT5-03I5DSF4ELGEQT0-TOYS000,08/04/26 02:16 PM EDT,$0.47,10
20260804,MLB-PHRR-FG-03I5DRPFELG6MTG-SHNI001-GTE-P00035,08/04/26 02:18 PM EDT,$0.34,55
20260804,MLB-MOVY-IT5-03I5CE4PELGD0MO-CLNS000-GTE-P00005,08/04/26 02:19 PM EDT,$0.47,9
20260804,MLB-TRUNS-IT5-03I5DRPFELG6MTG-GTE-P00045,08/04/26 02:19 PM EDT,$0.53,10
20260804,MLB-WIN-IT5-03I5DRUGELG6M2G-BOOX000,08/04/26 02:19 PM EDT,$0.54,8
20260804,MLB-WIN-IT5-03I5DRVQELG6N68-ATES000,08/04/26 02:19 PM EDT,$0.56,8
20260804,MLB-MOVY-IT5-03I5DRV9ELG6MLO-TERS000-GTE-P00005,08/04/26 02:20 PM EDT,$0.56,8
20260804,MLB-WIN-IT5-03I5CE4PELGD0MO-CLNS000,08/04/26 02:21 PM EDT,$0.57,8
20260804,MLB-PHRR-FG-03I5CE5HELGD1EO-ELUZ001-GTE-P00025,08/04/26 02:21 PM EDT,$0.41,4
20260804,MLB-WIN-IT5-03I5DSD4ELGER48-COES000,08/04/26 02:21 PM EDT,$0.44,108
20260804,MLB-WIN-IT5-03I5DRPFELG6MTG-LARS000,08/04/26 02:21 PM EDT,$0.66,7
20260804,MLB-WIN-IT5-03I5DRP4ELG6MI0-PHES000,08/04/26 02:22 PM EDT,$0.70,6
20260804,MLB-WIN-IT5-03I5DRPHELG6M28-NYES000,08/04/26 02:22 PM EDT,$0.62,7
20260804,MLB-PHRR-FG-03I5DRVQELG6N68-MAON003-GTE-P00015,08/04/26 02:24 PM EDT,$0.58,5
20260804,MLB-WIN-IT5-03I5DRUGELG6M2G-BOOX000,08/04/26 02:25 PM EDT,$0.54,67
20260804,MLB-WIN-IT5-03I5DSDCELGERO0-DERS000,08/04/26 02:30 PM EDT,$0.48,46
20260804,MLB-MOVY-IT5-03I5DSD4ELGER48-TBYS000-GTE-P00005,08/04/26 02:30 PM EDT,$0.53,25
20260804,MLB-TRUNS-IT5-03I5CE4PELGD0MO-GTE-P00045,08/04/26 02:33 PM EDT,$0.43,7
20260804,KBO-MOVY-FG-02HH7RC6OL5IIMG-LGNS000-GTE-P00015,08/04/26 02:36 PM EDT,$0.46,117
20260804,MLB-TRUNS-I1-03I5DRPFELG6MTG-GTE-P00005,08/04/26 02:37 PM EDT,$0.55,17
20260804,NWSL-DWIN-FG-00NB71RCPGDTSIO-NJCW001,08/04/26 02:37 PM EDT,$0.48,10
20260804,MLB-PHRR-FG-03I5DSF4ELGEQT0-YOEZ000-GTE-P00015,08/04/26 02:37 PM EDT,$0.58,8
20260804,NWSL-DWIN-FG-00NB71Q9PGDTSN8-DRAW,08/04/26 02:37 PM EDT,$0.23,20
20260804,MLB-PHRR-FG-03I5DRVQELG6N68-ROJR000-GTE-P00015,08/04/26 02:37 PM EDT,$0.57,8
20260804,MLB-PHRR-FG-03I5DSCVELGERJ8-MADO001-GTE-P00015,08/04/26 02:38 PM EDT,$0.53,9
20260804,MLB-TRUNS-IT5-03I5CE5DELGD0G8-GTE-P00045,08/04/26 02:39 PM EDT,$0.55,223
20260804,MLB-TRUNS-IT5-03I5DRPHELG6M28-GTE-P00045,08/04/26 02:40 PM EDT,$0.47,36
20260804,NASCAR-WIN-RCE-02D841PP1B75ERMKJ7DC8O1DJ49AKT5RU34R75QAO5SQF8ND6LKKKVBUVB00-BUCE001,08/04/26 02:42 PM EDT,$0.05,83
20260804,MLB-TRUNS-IT5-03I5DRP4ELG6MI0-GTE-P00045,08/04/26 02:47 PM EDT,$0.52,4
20260804,MLB-TRUNS-IT5-03I5DRV9ELG6MKO-GTE-P00045,08/04/26 02:48 PM EDT,$0.53,18
20260804,MLB-TRUNS-IT5-03I5CE5HELGD1EO-GTE-P00045,08/04/26 02:48 PM EDT,$0.52,3
20260804,MLB-PHRR-FG-03I5DSD4ELGER48-HUAN001-GTE-P00025,08/04/26 02:51 PM EDT,$0.43,11
20260804,MLB-WIN-IT5-03I5DSCVELGERJ8-ARKS000,08/04/26 02:51 PM EDT,$0.56,6
20260804,MLB-MOVY-IT5-03I5DRP4ELG6MI0-PHES000-GTE-P00015,08/04/26 02:51 PM EDT,$0.46,53
20260804,MLB-WIN-IT5-03I5DSCVELGERJ8-ARKS000,08/04/26 02:51 PM EDT,$0.56,3
20260804,MLB-TRUNS-IT5-03I5DRTFELG6MK8-GTE-P00035,08/04/26 02:52 PM EDT,$0.53,54
20260804,MLB-TRUNS-IT5-03I5DSCVELGERJ8-GTE-P00055,08/04/26 02:52 PM EDT,$0.43,2
20260804,MLB-TRUNS-I1-03I5DRPFELG6MTG-GTE-P00015,08/04/26 02:53 PM EDT,$0.32,14
20260804,MLB-PHRR-FG-03I5DRPFELG6MTG-SHNI001-GTE-P00005,08/04/26 02:54 PM EDT,$0.81,120
20260804,MLB-TRUNS-I1-03I5CE5DELGD0G8-GTE-P00005,08/04/26 02:55 PM EDT,$0.48,3
20260804,MLB-TRUNS-I1-03I5CE5HELGD1EO-GTE-P00005,08/04/26 02:56 PM EDT,$0.44,3
20260804,MLB-TRUNS-I2-03I5DRPFELG6MTG-GTE-P00005,08/04/26 02:56 PM EDT,$0.43,3
20260804,MLB-TRUNS-I1-03I5CE4PELGD0MO-GTE-P00005,08/04/26 02:56 PM EDT,$0.41,3
20260804,MLB-TRUNS-I1-03I5DRP4ELG6MI0-GTE-P00005,08/04/26 02:56 PM EDT,$0.47,3
20260804,MLB-TRUNS-I1-03I5DRPHELG6M28-GTE-P00005,08/04/26 02:57 PM EDT,$0.45,3
20260804,NASCAR-WIN-RCE-02D841PP1B75ERMKJ7DC8O1DJ49AKT5RU34R75QAO5SQF8ND6LKKKVBUVB00-RYEY002,08/04/26 02:57 PM EDT,$0.18,63
20260804,MLB-PHRR-FG-03I5DRUGELG6M2G-MUMI000-GTE-P00015,08/04/26 02:57 PM EDT,$0.50,19
20260804,MLB-TRUNS-I1-03I5DRUGELG6M2G-GTE-P00005,08/04/26 02:57 PM EDT,$0.46,3
20260804,MLB-PHRR-FG-03I5CE5HELGD1EO-JAON003-GTE-P00015,08/04/26 03:00 PM EDT,$0.55,7
20260804,MLB-TRUNS-IT5-03I5DSDCELGERO0-GTE-P00045,08/04/26 03:00 PM EDT,$0.43,42
20260804,MLB-PHRR-FG-03I5DRPFELG6MTG-PENG000-GTE-P00025,08/04/26 03:01 PM EDT,$0.31,30
20260804,MLB-TRUNS-I2-03I5DRV9ELG6MKO-GTE-P00005,08/04/26 03:01 PM EDT,$0.43,169
20260804,KBO-TRUNS-FG-000696BHI4RATJ8-GTE-P00095,08/04/26 03:03 PM EDT,$0.12,9
20260804,KBO-WIN-FG-000684SCI4R0H6G-DORS000,08/04/26 03:03 PM EDT,$0.31,13
20260804,MLB-PHRR-FG-03I5DRV9ELG6MLO-RARS000-GTE-P00025,08/04/26 03:04 PM EDT,$0.30,25
20260804,NASCAR-WIN-RCE-02D841PP1B75ERMKJ7DC8O1DJ49AKT5RU34R75QAO5SQF8ND6LKKKVBUVB00-TYCK003,08/04/26 03:04 PM EDT,$0.07,250
20260804,NASCAR-WIN-RCE-02D841PP1B75ERMKJ7DC8O1DJ49AKT5RU34R75QAO5SQF8ND6LKKKVBUVB00-CAAR002,08/04/26 03:06 PM EDT,$0.05,333
20260804,MLB-PHRR-FG-03I5DRV9ELG6MLO-OSBE000-GTE-P00015,08/04/26 03:08 PM EDT,$0.40,11
20260804,MLB-TRUNS-I2-03I5DRV9ELG6MKO-GTE-P00005,08/04/26 03:09 PM EDT,$0.43,50
20260804,MLB-TRUNS-I2-03I5DSDCELGERO0-GTE-P00005,08/04/26 03:10 PM EDT,$0.41,65
20260804,MLB-PHRR-FG-03I5CE5DELGD0G8-PESO000-GTE-P00005,08/04/26 03:10 PM EDT,$0.77,6
20260804,MLB-TRUNS-I1-03I5CE5DELGD0G8-GTE-P00015,08/04/26 03:14 PM EDT,$0.25,32
20260804,MLB-TRUNS-I1-03I5DRP4ELG6MI0-GTE-P00025,08/04/26 03:14 PM EDT,$0.11,25
20260804,MLB-TRUNS-I1-03I5CE4PELGD0MO-GTE-P00025,08/04/26 03:14 PM EDT,$0.08,29
20260804,MLB-TRUNS-I1-03I5CE5DELGD0G8-GTE-P00035,08/04/26 03:14 PM EDT,$0.04,83
20260804,MLB-WIN-IT5-03I5DRV9ELG6MKO-MINS000,08/04/26 03:15 PM EDT,$0.58,25
20260804,MLB-WIN-IT5-03I5DRTFELG6MK8-PIES000,08/04/26 03:15 PM EDT,$0.45,21
20260804,MLB-MOVY-IT5-03I5CE5HELGD1EO-CIDS000-GTE-P00005,08/04/26 03:17 PM EDT,$0.46,39
20260804,MLB-WIN-IT5-03I5CE5HELGD1EO-CIDS000,08/04/26 03:17 PM EDT,$0.54,44
20260804,MLB-PHRR-FG-03I5CE5DELGD0G8-ZATO000-GTE-P00025,08/04/26 03:17 PM EDT,$0.42,34
20260804,MLB-TRUNS-IT5-03I5DRPHELG6M28-GTE-P00045,08/04/26 03:17 PM EDT,$0.47,83
20260804,MLB-PHRR-FG-03I5CE5DELGD0G8-MIUT000-GTE-P00015,08/04/26 03:17 PM EDT,$0.53,34
20260804,MLB-PHRR-FG-03I5CE5DELGD0G8-PESO000-GTE-P00015,08/04/26 03:17 PM EDT,$0.58,33
20260804,MLB-PHRR-FG-03I5CE5DELGD0G8-VAOM000-GTE-P00015,08/04/26 03:19 PM EDT,$0.54,35
20260804,MLB-MOVY-IT5-03I5DRV9ELG6MKO-MINS000-GTE-P00005,08/04/26 03:20 PM EDT,$0.48,50
20260804,MLB-PHRR-FG-03I5CE5HELGD1EO-LAER001-GTE-P00015,08/04/26 03:20 PM EDT,$0.50,10
20260804,MLB-WIN-IT5-03I5DRP4ELG6MI0-WALS000,08/04/26 03:20 PM EDT,$0.32,147
20260804,MLB-WIN-IT5-03I5CE5HELGD1EO-CIDS000,08/04/26 03:21 PM EDT,$0.54,44
20260804,MLB-PHRR-FG-03I5CE5DELGD0G8-CHND000-GTE-P00015,08/04/26 03:21 PM EDT,$0.54,35
20260804,MLB-PHRR-FG-03I5CE5DELGD0G8-GUON000-GTE-P00025,08/04/26 03:22 PM EDT,$0.39,60
20260804,MLB-PHRR-FG-03I5CE5HELGD1EO-LAER001-GTE-P00015,08/04/26 03:22 PM EDT,$0.50,2
20260804,MLB-PHRR-FG-03I5CE5DELGD0G8-VAOM000-GTE-P00015,08/04/26 03:22 PM EDT,$0.54,12
20260804,MLB-TRUNS-I1-03I5DRPFELG6MTG-GTE-P00015,08/04/26 03:22 PM EDT,$0.32,29
20260804,MLB-TRUNS-IT5-03I5CE4PELGD0MO-GTE-P00045,08/04/26 03:22 PM EDT,$0.43,9
20260804,MLB-PHRR-FG-03I5DRPHELG6M28-GEJR000-GTE-P00015,08/04/26 03:23 PM EDT,$0.45,5
20260804,MLB-TRUNS-I1-03I5DRPFELG6MTG-GTE-P00035,08/04/26 03:23 PM EDT,$0.11,41
20260804,MLB-PHRR-FG-03I5DRP4ELG6MI0-JURD000-GTE-P00015,08/04/26 03:23 PM EDT,$0.51,20
20260804,MLB-PHRR-FG-03I5DRP4ELG6MI0-LUEZ000-GTE-P00015,08/04/26 03:23 PM EDT,$0.63,16
20260804,MLB-PHRR-FG-03I5DRP4ELG6MI0-BRSH000-GTE-P00015,08/04/26 03:23 PM EDT,$0.57,18
20260804,MLB-PHRR-FG-03I5DRP4ELG6MI0-KYER003-GTE-P00015,08/04/26 03:23 PM EDT,$0.59,18
20260804,MLB-PHRR-FG-03I5DRP4ELG6MI0-ALHM000-GTE-P00015,08/04/26 03:23 PM EDT,$0.58,18
20260804,MLB-PHRR-FG-03I5DRP4ELG6MI0-BRER000-GTE-P00025,08/04/26 03:23 PM EDT,$0.44,23
20260804,MLB-PHRR-FG-03I5DRP4ELG6MI0-BRTT001-GTE-P00015,08/04/26 03:23 PM EDT,$0.54,19
20260804,MLB-PHRR-FG-03I5DRPFELG6MTG-MOTS000-GTE-P00015,08/04/26 03:24 PM EDT,$0.54,4
20260804,MLB-MOVY-IT5-03I5DRPFELG6MTG-LARS000-GTE-P00005,08/04/26 03:27 PM EDT,$0.58,1
20260804,MLB-MOVY-IT5-03I5DSF4ELGEQT0-HOOS000-GTE-P00005,08/04/26 03:28 PM EDT,$0.45,23
20260804,MLB-PHRR-FG-03I5CE5HELGD1EO-JJAY000-GTE-P00015,08/04/26 03:28 PM EDT,$0.53,9
20260804,MLB-PHRR-FG-03I5CE4PELGD0MO-BOTE000-GTE-P00015,08/04/26 03:28 PM EDT,$0.51,9
20260804,MLB-PHRR-FG-03I5CE5DELGD0G8-GUON000-GTE-P00015,08/04/26 03:28 PM EDT,$0.56,8
20260804,MLB-PHRR-FG-03I5CE5DELGD0G8-ZATO000-GTE-P00015,08/04/26 03:28 PM EDT,$0.59,8
20260804,MLB-PHRR-FG-03I5CE5HELGD1EO-TYOM000-GTE-P00015,08/04/26 03:28 PM EDT,$0.52,9
20260804,MLB-TRUNS-I1-03I5CE5DELGD0G8-GTE-P00005,08/04/26 03:30 PM EDT,$0.57,8
20260804,MLB-TRUNS-I1-03I5CE5HELGD1EO-GTE-P00005,08/04/26 03:31 PM EDT,$0.55,8
20260804,MLB-TRUNS-I1-03I5CE4PELGD0MO-GTE-P00005,08/04/26 03:31 PM EDT,$0.41,10
20260804,MLB-PHRR-FG-03I5DRVQELG6N68-MAON003-GTE-P00015,08/04/26 03:33 PM EDT,$0.58,10
20260804,MLB-TRUNS-IT5-03I5DRPHELG6M28-GTE-P00045,08/04/26 03:33 PM EDT,$0.47,45
20260804,MLB-WIN-IT5-03I5DSDCELGERO0-DERS000,08/04/26 03:33 PM EDT,$0.48,20
20260804,MLB-PHRR-FG-03I5DRVQELG6N68-MAON003-GTE-P00015,08/04/26 03:34 PM EDT,$0.58,10
20260804,MLB-PHRR-FG-03I5DRVQELG6N68-MAON003-GTE-P00015,08/04/26 03:35 PM EDT,$0.58,10
20260804,MLB-PHRR-FG-03I5DRPFELG6MTG-SHNI001-GTE-P00025,08/04/26 03:35 PM EDT,$0.51,10
20260804,MLB-PHRR-FG-03I5DRVQELG6N68-MAON003-GTE-P00015,08/04/26 03:35 PM EDT,$0.58,10
20260804,MLB-PHRR-FG-03I5DRPFELG6MTG-SHNI001-GTE-P00025,08/04/26 03:35 PM EDT,$0.51,10
20260804,MLB-PHRR-FG-03I5DRVQELG6N68-MAON003-GTE-P00015,08/04/26 03:35 PM EDT,$0.58,10
20260804,MLB-PHRR-FG-03I5DRVQELG6N68-MAON003-GTE-P00015,08/04/26 03:35 PM EDT,$0.58,8
20260804,MLB-MOVY-IT5-03I5DRVQELG6N68-ATES000-GTE-P00005,08/04/26 03:35 PM EDT,$0.51,40
20260804,MLB-PHRR-FG-03I5DRVQELG6N68-DRIN000-GTE-P00025,08/04/26 03:35 PM EDT,$0.45,10
20260804,MLB-PHRR-FG-03I5DRVQELG6N68-MAON003-GTE-P00025,08/04/26 03:35 PM EDT,$0.42,22
20260804,MLB-PHRR-FG-03I5DRPHELG6M28-BECE001-GTE-P00025,08/04/26 03:36 PM EDT,$0.41,10
20260804,MLB-MOVY-IT5-03I5CE5HELGD1EO-CIDS000-GTE-P00005,08/04/26 03:36 PM EDT,$0.45,87
20260804,MLB-PHRR-FG-03I5DRPHELG6M28-GEJR000-GTE-P00015,08/04/26 03:36 PM EDT,$0.45,10
20260804,MLB-PHRR-FG-03I5DRUGELG6M2G-MUMI000-GTE-P00015,08/04/26 03:37 PM EDT,$0.49,9
20260804,MLB-PHRR-FG-03I5DRPHELG6M28-IVRA000-GTE-P00015,08/04/26 03:37 PM EDT,$0.48,10
20260804,MLB-PHRR-FG-03I5DRVQELG6N68-OTEZ000-GTE-P00015,08/04/26 03:37 PM EDT,$0.62,7
20260804,MLB-PHRR-FG-03I5DRUGELG6M2G-MIAS003-GTE-P00015,08/04/26 03:37 PM EDT,$0.57,8
20260804,MLB-PHRR-FG-03I5DRP4ELG6MI0-KYER003-GTE-P00015,08/04/26 03:37 PM EDT,$0.59,8
20260804,MLB-PHRR-FG-03I5DRPHELG6M28-JOER005-GTE-P00015,08/04/26 03:37 PM EDT,$0.53,9
20260804,MLB-PHRR-FG-03I5DRVQELG6N68-MAON003-GTE-P00015,08/04/26 03:37 PM EDT,$0.58,8
20260804,MLB-PHRR-FG-03I5DRPHELG6M28-SPES000-GTE-P00015,08/04/26 03:37 PM EDT,$0.48,10
20260804,MLB-PHRR-FG-03I5DRPHELG6M28-LUAS000-GTE-P00015,08/04/26 03:37 PM EDT,$0.57,8
20260804,MLB-PHRR-FG-03I5DRP4ELG6MI0-DYWS000-GTE-P00015,08/04/26 03:37 PM EDT,$0.49,9
20260804,MLB-PHRR-FG-03I5DRVQELG6N68-ROJR000-GTE-P00015,08/04/26 03:37 PM EDT,$0.57,8
20260804,MLB-PHRR-FG-03I5CE4PELGD0MO-STAN000-GTE-P00005,08/04/26 03:37 PM EDT,$0.74,6
20260804,MLB-PHRR-FG-03I5DRV9ELG6MLO-RARS000-GTE-P00015,08/04/26 03:38 PM EDT,$0.47,1
20260804,MLB-PHRR-FG-03I5DRPHELG6M28-IVRA000-GTE-P00015,08/04/26 03:39 PM EDT,$0.48,10
20260804,MLB-PHRR-FG-03I5DRP4ELG6MI0-TRER001-GTE-P00005,08/04/26 03:40 PM EDT,$0.80,6
20260804,MLB-PHRR-FG-03I5DRPHELG6M28-LUAS000-GTE-P00015,08/04/26 03:40 PM EDT,$0.57,10
20260804,MLB-PHRR-FG-03I5DRVQELG6N68-MAON003-GTE-P00015,08/04/26 03:41 PM EDT,$0.58,10
20260804,MLB-MOVY-IT5-03I5DRV9ELG6MKO-MINS000-GTE-P00005,08/04/26 03:41 PM EDT,$0.50,4
20260804,MLB-PHRR-FG-03I5DRVQELG6N68-MAON003-GTE-P00015,08/04/26 03:41 PM EDT,$0.58,10
20260804,MLB-PHRR-FG-03I5DRVQELG6N68-MAON003-GTE-P00015,08/04/26 03:41 PM EDT,$0.58,10
20260804,MLB-PHRR-FG-03I5DRVQELG6N68-MAON003-GTE-P00015,08/04/26 03:41 PM EDT,$0.58,8
20260804,MLB-MOVY-IT5-03I5DRVQELG6N68-ATES000-GTE-P00005,08/04/26 03:41 PM EDT,$0.51,943
20260804,MLB-PHRR-FG-03I5DRVQELG6N68-MAON003-GTE-P00015,08/04/26 03:42 PM EDT,$0.58,4
20260804,MLB-PHRR-FG-03I5DRTFELG6MK8-DAON006-GTE-P00005,08/04/26 03:42 PM EDT,$0.55,10
20260804,MLB-PHRR-FG-03I5DRVQELG6N68-KYRS000-GTE-P00025,08/04/26 03:43 PM EDT,$0.42,10
20260804,MLB-TRUNS-IT5-03I5CE5HELGD1EO-GTE-P00045,08/04/26 03:43 PM EDT,$0.51,1
20260804,MLB-WIN-IT5-03I5CE5HELGD1EO-ATCS000,08/04/26 03:43 PM EDT,$0.46,2
20260804,MLB-MOVY-IT5-03I5DRV9ELG6MKO-MINS000-GTE-P00005,08/04/26 03:43 PM EDT,$0.50,2
20260804,MLB-TRUNS-IT5-03I5CE4PELGD0MO-GTE-P00045,08/04/26 03:44 PM EDT,$0.44,2
20260804,MLB-WIN-IT5-03I5DRP4ELG6MI0-WALS000,08/04/26 03:44 PM EDT,$0.32,2
20260804,MLB-TRUNS-I1-03I5DRTFELG6MK8-GTE-P00005,08/04/26 03:46 PM EDT,$0.40,8
20260804,MLB-WIN-IT5-03I5DSDCELGERO0-DERS000,08/04/26 03:46 PM EDT,$0.48,70
20260804,MLB-PHRR-FG-03I5CE4PELGD0MO-FROR000-GTE-P00025,08/04/26 03:46 PM EDT,$0.31,18
20260804,MLB-PHRR-FG-03I5DRUGELG6M2G-CELA000-GTE-P00045,08/04/26 03:46 PM EDT,$0.17,17
20260804,MLB-PHRR-FG-03I5DRUGELG6M2G-CELA000-GTE-P00045,08/04/26 03:46 PM EDT,$0.17,10
20260804,MLB-WIN-IT5-03I5DRVQELG6N68-ATES000,08/04/26 03:47 PM EDT,$0.56,34
20260804,MLB-PHRR-FG-03I5DRVQELG6N68-MAON003-GTE-P00025,08/04/26 03:48 PM EDT,$0.42,27
20260804,MLB-WIN-IT5-03I5CE5DELGD0G8-LALS000,08/04/26 03:50 PM EDT,$0.43,11
20260804,MLB-WIN-IT5-03I5DSDCELGERO0-DERS000,08/04/26 03:50 PM EDT,$0.48,10
20260804,MLB-WIN-IT5-03I5CE4PELGD0MO-CLNS000,08/04/26 03:50 PM EDT,$0.56,8
20260804,MLB-WIN-IT5-03I5DSD4ELGER48-TBYS000,08/04/26 03:50 PM EDT,$0.58,8
20260804,MLB-WIN-IT5-03I5CE5HELGD1EO-CIDS000,08/04/26 03:50 PM EDT,$0.54,8
20260804,MLB-WIN-IT5-03I5DRP4ELG6MI0-WALS000,08/04/26 03:50 PM EDT,$0.32,14
20260804,MLB-PHRR-FG-03I5DRUGELG6M2G-MADA000-GTE-P00015,08/04/26 03:52 PM EDT,$0.54,1
20260804,MLB-PHRR-FG-03I5DSD4ELGER48-COGG000-GTE-P00015,08/04/26 03:52 PM EDT,$0.59,1
20260804,KBO-WIN-FG-000696BHI4RATJ8-KIRS000,08/04/26 03:52 PM EDT,$0.61,17
20260804,MLB-WIN-IT5-03I5DRV9ELG6MKO-MINS000,08/04/26 03:54 PM EDT,$0.58,25
20260804,MLB-TRUNS-IT5-03I5CE5DELGD0G8-GTE-P00055,08/04/26 03:56 PM EDT,$0.45,70
20260804,MLB-MOVY-IT5-03I5CE4PELGD0MO-CLNS000-GTE-P00005,08/04/26 03:58 PM EDT,$0.47,40
20260804,MLB-MOVY-IT5-03I5CE4PELGD0MO-CLNS000-GTE-P00005,08/04/26 03:58 PM EDT,$0.47,20
20260804,MLB-TRUNS-IT5-03I5CE4PELGD0MO-GTE-P00045,08/04/26 03:58 PM EDT,$0.43,25
20260804,MLB-MOVY-IT5-03I5CE4PELGD0MO-CLNS000-GTE-P00005,08/04/26 03:58 PM EDT,$0.47,20
20260804,MLB-MOVY-IT5-03I5DSCVELGERJ8-ARKS000-GTE-P00005,08/04/26 03:59 PM EDT,$0.49,19
20260804,MLB-PHRR-FG-03I5DRPFELG6MTG-SHNI001-GTE-P00025,08/04/26 03:59 PM EDT,$0.51,10
20260804,MLB-PHRR-FG-03I5DRPFELG6MTG-SHNI001-GTE-P00025,08/04/26 03:59 PM EDT,$0.51,10
20260804,MLB-TRUNS-I1-03I5DRVQELG6N68-GTE-P00015,08/04/26 04:00 PM EDT,$0.35,8
20260804,MLB-WIN-IT5-03I5CE5HELGD1EO-ATCS000,08/04/26 04:00 PM EDT,$0.46,20
20260804,MLB-MOVY-IT5-03I5CE4PELGD0MO-CLNS000-GTE-P00005,08/04/26 04:00 PM EDT,$0.47,19
20260804,MLB-TRUNS-IT5-03I5DRPHELG6M28-GTE-P00045,08/04/26 04:00 PM EDT,$0.47,27
20260804,MLB-MOVY-IT5-03I5DRP4ELG6MI0-PHES000-GTE-P00015,08/04/26 04:00 PM EDT,$0.47,14
20260804,MLB-MOVY-IT5-03I5DRVQELG6N68-ATES000-GTE-P00005,08/04/26 04:01 PM EDT,$0.51,9
20260804,NWSL-DWIN-FG-00NB71Q9PGDTSN8-DRAW,08/04/26 04:01 PM EDT,$0.23,200
20260804,MLB-TRUNS-IT5-03I5DSDCELGERO0-GTE-P00045,08/04/26 04:01 PM EDT,$0.43,16
20260804,MLB-TRUNS-IT5-03I5CE5DELGD0G8-GTE-P00055,08/04/26 04:01 PM EDT,$0.47,81
20260804,MLB-WIN-IT5-03I5DSD4ELGER48-COES000,08/04/26 04:01 PM EDT,$0.43,22
20260804,MLB-MOVY-IT5-03I5DSDCELGERO0-SERS000-GTE-P00005,08/04/26 04:01 PM EDT,$0.42,23
20260804,MLB-MOVY-IT5-03I5DSDCELGERO0-SERS000-GTE-P00005,08/04/26 04:01 PM EDT,$0.42,10
20260804,MLB-MOVY-IT5-03I5DSDCELGERO0-SERS000-GTE-P00005,08/04/26 04:01 PM EDT,$0.42,16
20260804,MLB-MOVY-IT5-03I5DSDCELGERO0-SERS000-GTE-P00005,08/04/26 04:01 PM EDT,$0.42,16
20260804,MLB-MOVY-IT5-03I5CE4PELGD0MO-CLNS000-GTE-P00005,08/04/26 04:01 PM EDT,$0.48,20
20260804,MLB-PHRR-FG-03I5DRPFELG6MTG-KYER000-GTE-P00015,08/04/26 04:02 PM EDT,$0.56,1
20260804,MLB-PHRR-FG-03I5DRPFELG6MTG-MAAD000-GTE-P00015,08/04/26 04:02 PM EDT,$0.58,1
20260804,MLB-PHRR-FG-03I5DRPFELG6MTG-TEEZ000-GTE-P00015,08/04/26 04:02 PM EDT,$0.54,1
20260804,MLB-PHRR-FG-03I5DRPFELG6MTG-PENG000-GTE-P00015,08/04/26 04:02 PM EDT,$0.48,1
20260804,MLB-MOVY-IT5-03I5DRVQELG6N68-ATES000-GTE-P00005,08/04/26 04:02 PM EDT,$0.51,37
20260804,MLB-WIN-IT5-03I5DRUGELG6M2G-BOOX000,08/04/26 04:03 PM EDT,$0.54,17
20260804,MLB-WIN-IT5-03I5DSDCELGERO0-DERS000,08/04/26 04:03 PM EDT,$0.48,10
20260804,MLB-MOVY-IT5-03I5DSDCELGERO0-SERS000-GTE-P00005,08/04/26 04:04 PM EDT,$0.42,16
20260804,MLB-MOVY-IT5-03I5DRTFELG6MK8-MIRS000-GTE-P00005,08/04/26 04:04 PM EDT,$0.47,15
20260804,MLB-PHRR-FG-03I5DRP4ELG6MI0-KYER003-GTE-P00025,08/04/26 04:04 PM EDT,$0.48,87
20260804,MLB-PHRR-FG-03I5CE5HELGD1EO-TYOM000-GTE-P00015,08/04/26 04:05 PM EDT,$0.52,4
20260804,MLB-WIN-IT5-03I5DRUGELG6M2G-CHOX000,08/04/26 04:06 PM EDT,$0.47,102
20260804,MLB-WIN-IT5-03I5DSDCELGERO0-DERS000,08/04/26 04:06 PM EDT,$0.48,26
20260804,MLB-TRUNS-IT5-03I5DRPHELG6M28-GTE-P00045,08/04/26 04:08 PM EDT,$0.47,9
20260804,MLB-PHRR-FG-03I5DRTFELG6MK8-JAEZ004-GTE-P00005,08/04/26 04:08 PM EDT,$0.57,8
20260804,MLB-WIN-IT5-03I5DSDCELGERO0-DERS000,08/04/26 04:09 PM EDT,$0.48,50
20260804,MLB-MOVY-IT5-03I5DRP4ELG6MI0-PHES000-GTE-P00015,08/04/26 04:09 PM EDT,$0.48,30
20260804,MLB-PHRR-FG-03I5CE4PELGD0MO-CHER002-GTE-P00005,08/04/26 04:09 PM EDT,$0.74,39
20260804,MLB-WIN-IT5-03I5CE5HELGD1EO-ATCS000,08/04/26 04:10 PM EDT,$0.46,83
20260804,MLB-MOVY-IT5-03I5CE4PELGD0MO-CLNS000-GTE-P00005,08/04/26 04:10 PM EDT,$0.48,86
20260804,MLB-TRUNS-IT5-03I5DRP4ELG6MI0-GTE-P00045,08/04/26 04:10 PM EDT,$0.53,32
20260804,MLB-TRUNS-IT5-03I5DRPHELG6M28-GTE-P00045,08/04/26 04:10 PM EDT,$0.47,9
20260804,MLB-MOVY-IT5-03I5DRPHELG6M28-NYES000-GTE-P00005,08/04/26 04:10 PM EDT,$0.56,258
20260804,MLB-TRUNS-IT5-03I5DRPHELG6M28-GTE-P00045,08/04/26 04:11 PM EDT,$0.48,45
20260804,MLB-PHRR-FG-03I5DRVQELG6N68-MAON003-GTE-P00015,08/04/26 04:14 PM EDT,$0.58,10
20260804,MLB-TRUNS-IT5-03I5DRPHELG6M28-GTE-P00045,08/04/26 04:14 PM EDT,$0.47,27
20260804,MLB-PHRR-FG-03I5DRVQELG6N68-MAON003-GTE-P00015,08/04/26 04:14 PM EDT,$0.58,10
20260804,MLB-TRUNS-IT5-03I5DRV9ELG6MKO-GTE-P00045,08/04/26 04:14 PM EDT,$0.53,22
20260804,MLB-TRUNS-I8-03I5CE5DELGD0G8-GTE-P00035,08/04/26 04:15 PM EDT,$0.02,10
20260804,MLB-TRUNS-I8-03I5CE5DELGD0G8-GTE-P00035,08/04/26 04:15 PM EDT,$0.10,10
20260804,MLB-MOVY-IT5-03I5DRTFELG6MK8-MIRS000-GTE-P00005,08/04/26 04:16 PM EDT,$0.49,30
20260804,MLB-PHRR-FG-03I5DRPFELG6MTG-ALAN000-GTE-P00015,08/04/26 04:16 PM EDT,$0.44,21
20260804,MLB-WIN-IT5-03I5DRVQELG6N68-ATES000,08/04/26 04:16 PM EDT,$0.56,8
20260804,MLB-TRUNS-IT5-03I5DSDCELGERO0-GTE-P00045,08/04/26 04:17 PM EDT,$0.43,246
20260804,MLB-WIN-IT5-03I5DRP4ELG6MI0-PHES000,08/04/26 04:17 PM EDT,$0.70,1
20260804,MLB-WIN-IT5-03I5DSDCELGERO0-DERS000,08/04/26 04:17 PM EDT,$0.48,10
20260804,NASCAR-WIN-RCE-02D841PP1B75ERMKJ7DC8O1DJ49AKT5RU34R75QAO5SQF8ND6LKKKVBUVB00-TYCK003,08/04/26 04:17 PM EDT,$0.09,60
20260804,NASCAR-WIN-RCE-02D841PP1B75ERMKJ7DC8O1DJ49AKT5RU34R75QAO5SQF8ND6LKKKVBUVB00-RYEY002,08/04/26 04:18 PM EDT,$0.18,78
20260804,NASCAR-WIN-RCE-02D841PP1B75ERMKJ7DC8O1DJ49AKT5RU34R75QAO5SQF8ND6LKKKVBUVB00-CHLL010,08/04/26 04:18 PM EDT,$0.17,111
20260804,MLB-WIN-IT5-03I5DRV9ELG6MKO-KCLS000,08/04/26 04:18 PM EDT,$0.43,88
20260804,MLB-MOVY-IT5-03I5DRTFELG6MK8-MIRS000-GTE-P00005,08/04/26 04:19 PM EDT,$0.49,15
20260804,MLB-MOVY-IT5-03I5DRPFELG6MTG-LARS000-GTE-P00005,08/04/26 04:23 PM EDT,$0.59,8
20260804,MLB-MOVY-IT5-03I5DRPFELG6MTG-LARS000-GTE-P00005,08/04/26 04:23 PM EDT,$0.59,8
20260804,MLB-TRUNS-IT5-03I5CE5DELGD0G8-GTE-P00055,08/04/26 04:25 PM EDT,$0.46,19
20260804,MLB-WIN-IT5-03I5CE5DELGD0G8-LALS000,08/04/26 04:25 PM EDT,$0.42,34
20260804,MLB-PHRR-FG-03I5CE5DELGD0G8-GUON000-GTE-P00005,08/04/26 04:25 PM EDT,$0.76,3
20260804,MLB-TRUNS-IT5-03I5CE5HELGD1EO-GTE-P00045,08/04/26 04:30 PM EDT,$0.51,3
20260804,MLB-TRUNS-I1-03I5CE4PELGD0MO-GTE-P00005,08/04/26 04:30 PM EDT,$0.48,2
20260804,MLB-TRUNS-I1-03I5CE5DELGD0G8-GTE-P00035,08/04/26 04:31 PM EDT,$0.12,10
20260804,MLB-TRUNS-I1-03I5CE5DELGD0G8-GTE-P00035,08/04/26 04:31 PM EDT,$0.12,10
20260804,MLB-TRUNS-I1-03I5CE5DELGD0G8-GTE-P00035,08/04/26 04:31 PM EDT,$0.12,10
20260804,MLB-TRUNS-IT5-03I5DRP4ELG6MI0-GTE-P00045,08/04/26 04:34 PM EDT,$0.53,9
20260804,MLB-MOVY-IT5-03I5DRP4ELG6MI0-PHES000-GTE-P00015,08/04/26 04:34 PM EDT,$0.48,26
20260804,MLB-TRUNS-IT5-03I5DRUGELG6M2G-GTE-P00045,08/04/26 04:34 PM EDT,$0.56,17
20260804,MLB-PHRR-FG-03I5DSD4ELGER48-WIRO000-GTE-P00015,08/04/26 04:35 PM EDT,$0.50,10
20260804,MLB-TRUNS-IT5-03I5DRV9ELG6MLO-GTE-P00045,08/04/26 04:36 PM EDT,$0.49,1
20260804,MLB-MOVY-IT5-03I5DRV9ELG6MKO-MINS000-GTE-P00005,08/04/26 04:36 PM EDT,$0.51,3
20260804,MLB-MOVY-IT5-03I5DRPHELG6M28-NYES000-GTE-P00005,08/04/26 04:36 PM EDT,$0.56,43
20260804,MLB-WIN-IT5-03I5DRVQELG6N68-ATES000,08/04/26 04:38 PM EDT,$0.56,1
20260804,MLB-PHRR-FG-03I5DRV9ELG6MLO-JOON005-GTE-P00005,08/04/26 04:38 PM EDT,$0.73,5
20260804,MLB-TRUNS-I1-03I5DRV9ELG6MLO-GTE-P00035,08/04/26 04:39 PM EDT,$0.11,10
20260804,MLB-WIN-IT5-03I5DRVQELG6N68-ATES000,08/04/26 04:39 PM EDT,$0.56,2
20260804,MLB-TRUNS-IT5-03I5CE4PELGD0MO-GTE-P00045,08/04/26 04:39 PM EDT,$0.43,593
20260804,MLB-TRUNS-IT5-03I5CE5HELGD1EO-GTE-P00045,08/04/26 04:39 PM EDT,$0.52,9
20260804,MLB-PHRR-FG-03I5CE5HELGD1EO-LAER001-GTE-P00025,08/04/26 04:40 PM EDT,$0.38,5
20260804,MLB-PHRR-FG-03I5DRUGELG6M2G-MUMI000-GTE-P00015,08/04/26 04:40 PM EDT,$0.48,4
20260804,MLB-PHRR-FG-03I5DRPFELG6MTG-PENG000-GTE-P00015,08/04/26 04:40 PM EDT,$0.48,10
20260804,MLB-TRUNS-IT5-03I5DRPFELG6MTG-GTE-P00045,08/04/26 04:43 PM EDT,$0.53,18
20260804,MLB-MOVY-IT5-03I5DRV9ELG6MKO-MINS000-GTE-P00005,08/04/26 04:43 PM EDT,$0.51,9
20260804,MLB-TRUNS-IT5-03I5DRV9ELG6MKO-GTE-P00045,08/04/26 04:44 PM EDT,$0.53,18
20260804,NWSL-DWIN-FG-00NB71T3PGDTSVO-DRAW,08/04/26 04:44 PM EDT,$0.25,10
20260804,MLB-TRUNS-IT5-03I5DRV9ELG6MKO-GTE-P00045,08/04/26 04:46 PM EDT,$0.53,9
20260804,MLB-TRUNS-IT5-03I5DRVQELG6N68-GTE-P00055,08/04/26 04:46 PM EDT,$0.44,8
20260804,MLB-MOVY-IT5-03I5DRTFELG6MK8-MIRS000-GTE-P00005,08/04/26 04:46 PM EDT,$0.49,9
20260804,MLB-TRUNS-IT5-03I5DRPHELG6M28-GTE-P00045,08/04/26 04:46 PM EDT,$0.47,9
20260804,MLB-WIN-IT5-03I5DSCVELGERJ8-SDES000,08/04/26 04:46 PM EDT,$0.45,53
20260804,MLB-WIN-IT5-03I5DSD4ELGER48-TBYS000,08/04/26 04:46 PM EDT,$0.58,25
20260804,MLB-PHRR-FG-03I5CE5DELGD0G8-PESO000-GTE-P00015,08/04/26 04:48 PM EDT,$0.61,10
20260804,MLB-PHRR-FG-03I5DRUGELG6M2G-MUMI000-GTE-P00025,08/04/26 04:48 PM EDT,$0.33,10
20260804,MLB-PHRR-FG-03I5DRUGELG6M2G-CELA000-GTE-P00035,08/04/26 04:48 PM EDT,$0.26,17
20260804,MLB-PHRR-FG-03I5DRVQELG6N68-MAON003-GTE-P00005,08/04/26 04:48 PM EDT,$0.77,7
20260804,MLB-PHRR-FG-03I5CE5DELGD0G8-PESO000-GTE-P00015,08/04/26 04:49 PM EDT,$0.58,333
20260804,MLB-WIN-IT5-03I5CE5HELGD1EO-ATCS000,08/04/26 04:50 PM EDT,$0.46,16
20260804,MLB-MOVY-IT5-03I5CE5HELGD1EO-CIDS000-GTE-P00005,08/04/26 04:51 PM EDT,$0.45,8
20260804,MLB-TRUNS-I1-03I5CE5DELGD0G8-GTE-P00005,08/04/26 04:51 PM EDT,$0.50,9
20260804,MLB-MOVY-IT5-03I5CE4PELGD0MO-CLNS000-GTE-P00005,08/04/26 04:52 PM EDT,$0.48,80
20260804,MLB-WIN-IT5-03I5CE5HELGD1EO-CIDS000,08/04/26 04:53 PM EDT,$0.54,8
20260804,MLB-WIN-IT5-03I5DRVQELG6N68-ATES000,08/04/26 04:53 PM EDT,$0.56,34
20260804,MLB-PHRR-FG-03I5DRVQELG6N68-MAON003-GTE-P00015,08/04/26 04:54 PM EDT,$0.58,10
20260804,MLB-WIN-IT5-03I5DRV9ELG6MKO-KCLS000,08/04/26 04:54 PM EDT,$0.43,22
20260804,MLB-MOVY-IT5-03I5DRPFELG6MTG-LARS000-GTE-P00005,08/04/26 04:54 PM EDT,$0.56,391
20260804,MLB-MOVY-IT5-03I5DRTFELG6MK8-MIRS000-GTE-P00005,08/04/26 04:54 PM EDT,$0.49,9
20260804,MLB-TRUNS-IT5-03I5DRPFELG6MTG-GTE-P00045,08/04/26 04:56 PM EDT,$0.53,18
20260804,MLB-PHRR-FG-03I5DSD4ELGER48-JURO000-GTE-P00025,08/04/26 04:56 PM EDT,$0.54,4
20260804,MLB-WIN-IT5-03I5CE5HELGD1EO-ATCS000,08/04/26 04:56 PM EDT,$0.46,41
20260804,MLB-TRUNS-IT5-03I5DRUGELG6M2G-GTE-P00045,08/04/26 04:59 PM EDT,$0.56,76
20260804,MLB-TRUNS-IT5-03I5DRUGELG6M2G-GTE-P00045,08/04/26 04:59 PM EDT,$0.56,10
20260805,MLB-MOVY-IT5-03I5DRUGELG6M2G-BOOX000-GTE-P00005,08/04/26 05:00 PM EDT,$0.46,60
20260805,MLB-WIN-IT5-03I5DRVQELG6N68-ATES000,08/04/26 05:01 PM EDT,$0.56,4
20260805,MLB-TRUNS-IT5-03I5CE5DELGD0G8-GTE-P00055,08/04/26 05:01 PM EDT,$0.46,53
20260805,MLB-MOVY-IT5-03I5DRP4ELG6MI0-PHES000-GTE-P00015,08/04/26 05:02 PM EDT,$0.48,6
20260805,MLB-TRUNS-I1-03I5DRTFELG6MK8-GTE-P00005,08/04/26 05:03 PM EDT,$0.49,9
20260805,MLB-TRUNS-IT5-03I5CE4PELGD0MO-GTE-P00045,08/04/26 05:03 PM EDT,$0.43,16
20260805,MLB-TRUNS-IT5-03I5CE5DELGD0G8-GTE-P00055,08/04/26 05:03 PM EDT,$0.46,17
20260805,MLB-PHRR-FG-03I5DRPHELG6M28-LUAS000-GTE-P00015,08/04/26 05:03 PM EDT,$0.59,10
20260805,MLB-MOVY-IT5-03I5DSD4ELGER48-TBYS000-GTE-P00005,08/04/26 05:04 PM EDT,$0.54,10
20260805,MLB-WIN-IT5-03I5CE5DELGD0G8-BAES000,08/04/26 05:04 PM EDT,$0.58,41
20260805,MLB-WIN-IT5-03I5CE4PELGD0MO-NYTS000,08/04/26 05:04 PM EDT,$0.46,52
20260805,MLB-WIN-IT5-03I5CE5HELGD1EO-CIDS000,08/04/26 05:04 PM EDT,$0.54,44
20260805,MLB-WIN-IT5-03I5DSD4ELGER48-COES000,08/04/26 05:04 PM EDT,$0.44,21
20260805,MLB-PHRR-FG-03I5DRVQELG6N68-GRNE000-GTE-P00015,08/04/26 05:04 PM EDT,$0.51,8
20260805,MLB-WIN-IT5-03I5DRPHELG6M28-STLS000,08/04/26 05:05 PM EDT,$0.39,60
20260805,MLB-WIN-IT5-03I5DRUGELG6M2G-CHOX000,08/04/26 05:05 PM EDT,$0.47,51
20260805,MLB-PHRR-FG-03I5DSD4ELGER48-JURO000-GTE-P00015,08/04/26 05:05 PM EDT,$0.69,7
20260805,MLB-PHRR-FG-03I5DSCVELGERJ8-COLL001-GTE-P00015,08/04/26 05:05 PM EDT,$0.59,8
20260805,MLB-PHRR-FG-03I5DSF4ELGEQT0-YOEZ000-GTE-P00015,08/04/26 05:05 PM EDT,$0.58,8
20260805,MLB-PHRR-FG-03I5DSD4ELGER48-COGG000-GTE-P00015,08/04/26 05:05 PM EDT,$0.58,8
20260805,MLB-PHRR-FG-03I5DSF4ELGEQT0-JENA000-GTE-P00015,08/04/26 05:05 PM EDT,$0.55,8
20260805,MLB-PHRR-FG-03I5DSD4ELGER48-TJLD000-GTE-P00015,08/04/26 05:05 PM EDT,$0.53,9
20260805,MLB-PHRR-FG-03I5DSD4ELGER48-HUAN001-GTE-P00015,08/04/26 05:05 PM EDT,$0.56,8
20260805,MLB-PHRR-FG-03I5DRPHELG6M28-BECE001-GTE-P00025,08/04/26 05:06 PM EDT,$0.41,2
20260805,MLB-TRUNS-IT5-03I5CE5HELGD1EO-GTE-P00045,08/04/26 05:06 PM EDT,$0.51,29
20260805,MLB-TRUNS-IT5-03I5CE5HELGD1EO-GTE-P00045,08/04/26 05:06 PM EDT,$0.51,10
20260805,MLB-WIN-IT5-03I5CE5HELGD1EO-ATCS000,08/04/26 05:06 PM EDT,$0.46,20
20260805,MLB-WIN-IT5-03I5DRV9ELG6MKO-KCLS000,08/04/26 05:06 PM EDT,$0.44,10
20260805,MLB-WIN-IT5-03I5DRV9ELG6MKO-KCLS000,08/04/26 05:06 PM EDT,$0.44,11
20260805,MLB-WIN-IT5-03I5DRV9ELG6MKO-MINS000,08/04/26 05:06 PM EDT,$0.59,46
20260805,MLB-WIN-IT5-03I5DRV9ELG6MKO-MINS000,08/04/26 05:06 PM EDT,$0.59,10
20260805,MLB-WIN-IT5-03I5DRPFELG6MTG-CHBS000,08/04/26 05:07 PM EDT,$0.35,32
20260805,MLB-TRUNS-IT5-03I5DRV9ELG6MKO-GTE-P00045,08/04/26 05:08 PM EDT,$0.51,26
20260805,MLB-PHRR-FG-03I5DSD4ELGER48-JAHY000-GTE-P00025,08/04/26 05:09 PM EDT,$0.41,10
20260805,MLB-PHRR-FG-03I5CE5DELGD0G8-JAAY002-GTE-P00015,08/04/26 05:09 PM EDT,$0.51,18
20260805,MLB-PHRR-FG-03I5DRP4ELG6MI0-BRER000-GTE-P00025,08/04/26 05:09 PM EDT,$0.44,21
20260805,MLB-PHRR-FG-03I5DRV9ELG6MKO-ROIS000-GTE-P00015,08/04/26 05:09 PM EDT,$0.56,17
20260805,MLB-PHRR-FG-03I5DRPFELG6MTG-FRAN000-GTE-P00025,08/04/26 05:09 PM EDT,$0.41,34
20260805,MLB-MOVY-IT5-03I5DRP4ELG6MI0-PHES000-GTE-P00015,08/04/26 05:09 PM EDT,$0.49,1
20260805,MLB-PHRR-FG-03I5DRP4ELG6MI0-BRSH000-GTE-P00005,08/04/26 05:09 PM EDT,$0.76,1
20260805,MLB-TRUNS-IT5-03I5CE4PELGD0MO-GTE-P00045,08/04/26 05:09 PM EDT,$0.43,169
20260805,MLB-PHRR-FG-03I5DRPHELG6M28-PEES000-GTE-P00005,08/04/26 05:09 PM EDT,$0.51,3
20260805,MLB-TRUNS-IT5-03I5CE5DELGD0G8-GTE-P00055,08/04/26 05:09 PM EDT,$0.45,40
20260805,MLB-MOVY-IT5-03I5DRUGELG6M2G-BOOX000-GTE-P00005,08/04/26 05:10 PM EDT,$0.44,10
20260805,MLB-TRUNS-IT5-03I5CE5HELGD1EO-GTE-P00045,08/04/26 05:10 PM EDT,$0.52,300
20260805,MLB-WIN-IT5-03I5DRV9ELG6MLO-TERS000,08/04/26 05:10 PM EDT,$0.64,4
20260805,MLB-PHRR-FG-03I5DRVQELG6N68-OZES000-GTE-P00025,08/04/26 05:11 PM EDT,$0.38,10
20260805,MLB-PHRR-FG-03I5DRUGELG6M2G-MUMI000-GTE-P00015,08/04/26 05:11 PM EDT,$0.48,30
20260805,MLB-PHRR-FG-03I5DRUGELG6M2G-MUMI000-GTE-P00015,08/04/26 05:11 PM EDT,$0.48,10
20260805,MLB-WIN-IT5-03I5DRP4ELG6MI0-PHES000,08/04/26 05:11 PM EDT,$0.71,8
20260805,MLB-PHRR-FG-03I5DRPHELG6M28-JOER005-GTE-P00015,08/04/26 05:12 PM EDT,$0.51,37
20260805,MLB-MOVY-IT5-03I5DRVQELG6N68-ATES000-GTE-P00005,08/04/26 05:13 PM EDT,$0.51,1
20260805,MLB-PHRR-FG-03I5DRVQELG6N68-MAON003-GTE-P00015,08/04/26 05:13 PM EDT,$0.58,10
20260805,MLB-PHRR-FG-03I5DRVQELG6N68-OTEZ000-GTE-P00025,08/04/26 05:13 PM EDT,$0.39,10
20260805,MLB-WIN-IT5-03I5DRV9ELG6MKO-MINS000,08/04/26 05:13 PM EDT,$0.59,32
20260805,MLB-PHRR-FG-03I5DRUGELG6M2G-CELA000-GTE-P00015,08/04/26 05:13 PM EDT,$0.58,84
20260805,MLB-MOVY-IT5-03I5DRP4ELG6MI0-PHES000-GTE-P00015,08/04/26 05:13 PM EDT,$0.49,49
20260805,MLB-WIN-IT5-03I5DRV9ELG6MKO-MINS000,08/04/26 05:14 PM EDT,$0.59,81
20260805,MLB-WIN-IT5-03I5CE5DELGD0G8-LALS000,08/04/26 05:15 PM EDT,$0.43,166
20260805,MLB-PHRR-FG-03I5DRP4ELG6MI0-BRSH000-GTE-P00015,08/04/26 05:15 PM EDT,$0.57,10
20260805,MLB-WIN-IT5-03I5DSD4ELGER48-COES000,08/04/26 05:15 PM EDT,$0.44,54
20260805,NASCAR-WIN-RCE-02D841PP1B75ERMKJ7DC8O1DJ49AKT5RU34R75QAO5SQF8ND6LKKKVBUVB00-RYEY002,08/04/26 05:16 PM EDT,$0.18,10
20260805,MLB-WIN-IT5-03I5DSD4ELGER48-COES000,08/04/26 05:16 PM EDT,$0.44,10
20260805,MLB-WIN-IT5-03I5CE4PELGD0MO-CLNS000,08/04/26 05:16 PM EDT,$0.57,8
20260805,NASCAR-WIN-RCE-02D841PP1B75ERMKJ7DC8O1DJ49AKT5RU34R75QAO5SQF8ND6LKKKVBUVB00-JONO006,08/04/26 05:17 PM EDT,$0.10,10
20260805,MLB-PHRR-FG-03I5DRTFELG6MK8-COTT000-GTE-P00005,08/04/26 05:18 PM EDT,$0.63,10
20260805,MLB-PHRR-FG-03I5DRPHELG6M28-GEJR000-GTE-P00025,08/04/26 05:19 PM EDT,$0.29,10
20260805,MLB-MOVY-IT5-03I5CE5DELGD0G8-BAES000-GTE-P00005,08/04/26 05:20 PM EDT,$0.52,10
20260805,MLB-MOVY-IT5-03I5CE5DELGD0G8-BAES000-GTE-P00005,08/04/26 05:21 PM EDT,$0.52,10
20260805,MLB-WIN-IT5-03I5CE4PELGD0MO-NYTS000,08/04/26 05:23 PM EDT,$0.46,20
20260805,MLB-TRUNS-IT5-03I5DRPHELG6M28-GTE-P00045,08/04/26 05:23 PM EDT,$0.47,15
20260805,MLB-TRUNS-IT5-03I5CE5DELGD0G8-GTE-P00055,08/04/26 05:24 PM EDT,$0.46,19
20260805,MLB-PHRR-FG-03I5DRV9ELG6MLO-EVER000-GTE-P00035,08/04/26 05:25 PM EDT,$0.17,10
20260805,MLB-TRUNS-IT5-03I5DSD4ELGER48-GTE-P00055,08/04/26 05:25 PM EDT,$0.51,13
20260805,MLB-WIN-IT5-03I5DSDCELGERO0-DERS000,08/04/26 05:25 PM EDT,$0.48,20
20260805,MLB-WIN-IT5-03I5DSD4ELGER48-TBYS000,08/04/26 05:25 PM EDT,$0.58,8
20260805,MLB-WIN-IT5-03I5DRP4ELG6MI0-PHES000,08/04/26 05:26 PM EDT,$0.71,6
20260805,MLB-WIN-IT5-03I5DRP4ELG6MI0-PHES000,08/04/26 05:27 PM EDT,$0.71,68
20260805,MLB-WIN-IT5-03I5DSF4ELGEQT0-TOYS000,08/04/26 05:27 PM EDT,$0.47,10
20260805,MLB-MOVY-IT5-03I5DRVQELG6N68-ATES000-GTE-P00005,08/04/26 05:28 PM EDT,$0.51,9
20260805,MLB-TRUNS-IT5-03I5DRPFELG6MTG-GTE-P00045,08/04/26 05:29 PM EDT,$0.52,10
20260805,MLB-MOVY-IT5-03I5CE5HELGD1EO-CIDS000-GTE-P00005,08/04/26 05:30 PM EDT,$0.46,10
20260805,MLB-TRUNS-IT5-03I5CE5HELGD1EO-GTE-P00045,08/04/26 05:30 PM EDT,$0.51,9
20260805,MLB-TRUNS-I1-03I5CE5DELGD0G8-GTE-P00005,08/04/26 05:30 PM EDT,$0.50,115
20260805,MLB-MOVY-IT5-03I5DRPHELG6M28-NYES000-GTE-P00005,08/04/26 05:31 PM EDT,$0.58,83
20260805,MLB-WIN-IT5-03I5DSDCELGERO0-DERS000,08/04/26 05:31 PM EDT,$0.48,30
20260805,MLB-MOVY-IT5-03I5DRVQELG6N68-ATES000-GTE-P00005,08/04/26 05:31 PM EDT,$0.51,10
20260805,MLB-WIN-IT5-03I5DSF4ELGEQT0-TOYS000,08/04/26 05:31 PM EDT,$0.47,30
20260805,MLB-MOVY-IT5-03I5DRP4ELG6MI0-PHES000-GTE-P00015,08/04/26 05:32 PM EDT,$0.49,9
20260805,MLB-PHRR-FG-03I5DRVQELG6N68-MAON003-GTE-P00015,08/04/26 05:32 PM EDT,$0.58,16
20260805,MLB-TRUNS-I1-03I5CE5DELGD0G8-GTE-P00005,08/04/26 05:32 PM EDT,$0.58,3
20260805,MLB-PHRR-FG-03I5DRVQELG6N68-MAON003-GTE-P00015,08/04/26 05:32 PM EDT,$0.58,25
20260805,MLB-MOVY-IT5-03I5CE5DELGD0G8-BAES000-GTE-P00005,08/04/26 05:32 PM EDT,$0.52,50
20260805,MLB-WIN-IT5-03I5DRV9ELG6MKO-MINS000,08/04/26 05:33 PM EDT,$0.58,25
20260805,MLB-MOVY-IT5-03I5DRPFELG6MTG-LARS000-GTE-P00005,08/04/26 05:33 PM EDT,$0.58,10
20260805,MLB-TRUNS-I9-03I5DRV9ELG6MKO-GTE-P00015,08/04/26 05:33 PM EDT,$0.26,17
20260805,MLB-TRUNS-I1-03I5CE5DELGD0G8-GTE-P00015,08/04/26 05:34 PM EDT,$0.35,27
20260805,MLB-PHRR-FG-03I5DSD4ELGER48-JURO000-GTE-P00025,08/04/26 05:35 PM EDT,$0.54,4
20260805,MLB-TRUNS-I1-03I5DRTFELG6MK8-GTE-P00015,08/04/26 05:35 PM EDT,$0.20,18
20260805,MLB-PHRR-FG-03I5CE4PELGD0MO-FROR000-GTE-P00015,08/04/26 05:36 PM EDT,$0.49,19
20260805,MLB-PHRR-FG-03I5DRPFELG6MTG-MAAD000-GTE-P00015,08/04/26 05:36 PM EDT,$0.59,8
20260805,MLB-PHRR-FG-03I5CE4PELGD0MO-JOLL001-GTE-P00015,08/04/26 05:36 PM EDT,$0.54,17
20260805,MLB-PHRR-FG-03I5DRUGELG6M2G-ANIO000-GTE-P00015,08/04/26 05:37 PM EDT,$0.48,4
20260805,MLB-TRUNS-IT5-03I5DRTFELG6MK8-GTE-P00035,08/04/26 05:37 PM EDT,$0.53,10
20260805,MLB-MOVY-IT5-03I5CE5HELGD1EO-CIDS000-GTE-P00005,08/04/26 05:38 PM EDT,$0.44,16
20260805,MLB-MOVY-IT5-03I5DRPFELG6MTG-LARS000-GTE-P00005,08/04/26 05:38 PM EDT,$0.58,500
20260805,MLB-PHRR-FG-03I5DSDCELGERO0-CONG001-GTE-P00015,08/04/26 05:38 PM EDT,$0.51,4
20260805,MLB-PHRR-FG-03I5CE5HELGD1EO-ELUZ001-GTE-P00015,08/04/26 05:38 PM EDT,$0.58,16
20260805,MLB-PHRR-FG-03I5CE5HELGD1EO-LAER001-GTE-P00015,08/04/26 05:38 PM EDT,$0.53,9
20260805,MLB-PHRR-FG-03I5CE5HELGD1EO-TYOM000-GTE-P00015,08/04/26 05:38 PM EDT,$0.53,9
20260805,MLB-PHRR-FG-03I5DSD4ELGER48-WIRO000-GTE-P00015,08/04/26 05:39 PM EDT,$0.48,4
20260805,MLB-MOVY-IT5-03I5DSF4ELGEQT0-HOOS000-GTE-P00005,08/04/26 05:39 PM EDT,$0.41,16
20260805,MLB-PHRR-FG-03I5DSF4ELGEQT0-JENA000-GTE-P00015,08/04/26 05:39 PM EDT,$0.55,4
20260805,MLB-MOVY-IT5-03I5DRPFELG6MTG-LARS000-GTE-P00005,08/04/26 05:39 PM EDT,$0.58,12
20260805,MLB-MOVY-IT5-03I5DRPFELG6MTG-LARS000-GTE-P00005,08/04/26 05:39 PM EDT,$0.58,50
20260805,MLB-PHRR-FG-03I5DRP4ELG6MI0-TRER001-GTE-P00015,08/04/26 05:39 PM EDT,$0.61,31
20260805,MLB-TRUNS-I1-03I5DRPHELG6M28-GTE-P00015,08/04/26 05:40 PM EDT,$0.32,14
20260805,MLB-TRUNS-IT5-03I5DRV9ELG6MLO-GTE-P00045,08/04/26 05:40 PM EDT,$0.49,58
20260805,MLB-TRUNS-IT5-03I5CE5HELGD1EO-GTE-P00045,08/04/26 05:41 PM EDT,$0.51,588
20260805,MLB-MOVY-IT5-03I5DRTFELG6MK8-MIRS000-GTE-P00005,08/04/26 05:41 PM EDT,$0.50,19
20260805,MLB-WIN-IT5-03I5DSDCELGERO0-DERS000,08/04/26 05:42 PM EDT,$0.48,6
20260805,MLB-PHRR-FG-03I5DRPFELG6MTG-MAAD000-GTE-P00015,08/04/26 05:43 PM EDT,$0.59,30
20260805,MLB-WIN-IT5-03I5DRTFELG6MK8-MIRS000,08/04/26 05:43 PM EDT,$0.57,42
20260805,MLB-PHRR-FG-03I5CE5HELGD1EO-ELUZ001-GTE-P00015,08/04/26 05:44 PM EDT,$0.58,5
20260805,MLB-MOVY-IT5-03I5CE5HELGD1EO-CIDS000-GTE-P00005,08/04/26 05:44 PM EDT,$0.44,672
20260805,MLB-WIN-IT5-03I5CE5DELGD0G8-BAES000,08/04/26 05:45 PM EDT,$0.58,250
20260805,MLB-PHRR-FG-03I5DRV9ELG6MKO-RYRS001-GTE-P00015,08/04/26 05:45 PM EDT,$0.60,8
20260805,MLB-PHRR-FG-03I5CE5DELGD0G8-CHND000-GTE-P00025,08/04/26 05:46 PM EDT,$0.38,25
20260805,MLB-PHRR-FG-03I5CE5HELGD1EO-EUEZ001-GTE-P00015,08/04/26 05:46 PM EDT,$0.46,52
20260805,MLB-MOVY-IT5-03I5CE5DELGD0G8-BAES000-GTE-P00005,08/04/26 05:46 PM EDT,$0.52,18
20260805,MLB-PHRR-FG-03I5CE5HELGD1EO-ELUZ001-GTE-P00035,08/04/26 05:48 PM EDT,$0.26,7
20260805,MLB-WIN-IT5-03I5DRVQELG6N68-ATES000,08/04/26 05:48 PM EDT,$0.57,8
20260805,MLB-TRUNS-I1-03I5CE4PELGD0MO-GTE-P00015,08/04/26 05:49 PM EDT,$0.28,7
20260805,MLB-MOVY-IT5-03I5CE5DELGD0G8-BAES000-GTE-P00005,08/04/26 05:49 PM EDT,$0.53,785
20260805,MLB-TRUNS-I1-03I5CE5DELGD0G8-GTE-P00015,08/04/26 05:49 PM EDT,$0.27,4
20260805,MLB-PHRR-FG-03I5CE4PELGD0MO-STAN000-GTE-P00015,08/04/26 05:50 PM EDT,$0.50,96
20260805,MLB-PHRR-FG-03I5DRTFELG6MK8-BRNG003-GTE-P00015,08/04/26 05:50 PM EDT,$0.52,22
20260805,MLB-MOVY-IT5-03I5CE5HELGD1EO-CIDS000-GTE-P00005,08/04/26 05:51 PM EDT,$0.44,220
20260805,MLB-PHRR-FG-03I5DRVQELG6N68-OTEZ000-GTE-P00015,08/04/26 05:51 PM EDT,$0.57,42
20260805,MLB-MOVY-IT5-03I5DRPHELG6M28-NYES000-GTE-P00005,08/04/26 05:51 PM EDT,$0.55,263
20260805,MLB-MOVY-IT5-03I5DRP4ELG6MI0-PHES000-GTE-P00015,08/04/26 05:52 PM EDT,$0.47,207
20260805,MLB-TRUNS-I1-03I5CE5DELGD0G8-GTE-P00005,08/04/26 05:52 PM EDT,$0.50,48
20260805,MLB-PHRR-FG-03I5DRP4ELG6MI0-BRSH000-GTE-P00015,08/04/26 05:52 PM EDT,$0.57,25
20260805,MLB-PHRR-FG-03I5CE5DELGD0G8-COYO000-GTE-P00015,08/04/26 05:52 PM EDT,$0.45,10
20260805,MLB-PHRR-FG-03I5CE5DELGD0G8-GUON000-GTE-P00015,08/04/26 05:52 PM EDT,$0.55,8
20260805,MLB-TRUNS-I2-03I5DRUGELG6M2G-GTE-P00035,08/04/26 05:52 PM EDT,$0.11,42
20260805,MLB-MOVY-IT5-03I5CE4PELGD0MO-CLNS000-GTE-P00005,08/04/26 05:52 PM EDT,$0.47,51
20260805,MLB-MOVY-IT5-03I5DRUGELG6M2G-BOOX000-GTE-P00005,08/04/26 05:52 PM EDT,$0.44,8
20260805,MLB-TRUNS-I1-03I5CE5DELGD0G8-GTE-P00005,08/04/26 05:53 PM EDT,$0.50,10
20260805,MLB-PHRR-FG-03I5DRVQELG6N68-MAON003-GTE-P00015,08/04/26 05:53 PM EDT,$0.58,6
20260805,MLB-TRUNS-IT5-03I5CE4PELGD0MO-GTE-P00045,08/04/26 05:54 PM EDT,$0.42,84
20260805,MLB-WIN-IT5-03I5DRPFELG6MTG-CHBS000,08/04/26 05:54 PM EDT,$0.35,10
20260805,MLB-TRUNS-IT5-03I5DRPHELG6M28-GTE-P00045,08/04/26 05:54 PM EDT,$0.47,64
20260805,MLB-TRUNS-IT5-03I5CE5HELGD1EO-GTE-P00045,08/04/26 05:55 PM EDT,$0.53,588
20260805,MLB-MOVY-IT5-03I5DRTFELG6MK8-MIRS000-GTE-P00005,08/04/26 05:55 PM EDT,$0.48,20
20260805,MLB-TRUNS-I2-03I5CE5DELGD0G8-GTE-P00005,08/04/26 05:55 PM EDT,$0.54,8
20260805,MLB-PHRR-FG-03I5DRPFELG6MTG-MAAD000-GTE-P00015,08/04/26 05:55 PM EDT,$0.59,32
20260805,MLB-PHRR-FG-03I5DRPFELG6MTG-MAAD000-GTE-P00025,08/04/26 05:55 PM EDT,$0.45,21
20260805,MLB-MOVY-IT5-03I5DSCVELGERJ8-ARKS000-GTE-P00005,08/04/26 05:56 PM EDT,$0.48,10
20260805,MLB-MOVY-IT5-03I5DRV9ELG6MKO-MINS000-GTE-P00005,08/04/26 05:56 PM EDT,$0.46,44
20260805,MLB-WIN-IT5-03I5CE5HELGD1EO-ATCS000,08/04/26 05:56 PM EDT,$0.46,104
20260805,MLB-MOVY-IT5-03I5CE5HELGD1EO-CIDS000-GTE-P00005,08/04/26 05:56 PM EDT,$0.44,86
20260805,MLB-PHRR-FG-03I5DSD4ELGER48-WIRO000-GTE-P00005,08/04/26 05:56 PM EDT,$0.70,13
20260805,MLB-PHRR-FG-03I5DSD4ELGER48-TJLD000-GTE-P00005,08/04/26 05:56 PM EDT,$0.74,13
20260805,MLB-PHRR-FG-03I5DSD4ELGER48-MIAK000-GTE-P00005,08/04/26 05:56 PM EDT,$0.78,12
20260805,MLB-PHRR-FG-03I5DRVQELG6N68-DRIN000-GTE-P00015,08/04/26 05:57 PM EDT,$0.60,40
20260805,MLB-PHRR-FG-03I5DRVQELG6N68-MAON003-GTE-P00015,08/04/26 05:57 PM EDT,$0.58,41
20260805,MLB-PHRR-FG-03I5DRVQELG6N68-MIIS000-GTE-P00015,08/04/26 05:57 PM EDT,$0.60,40
20260805,MLB-PHRR-FG-03I5DRVQELG6N68-OZES000-GTE-P00015,08/04/26 05:57 PM EDT,$0.53,18
20260805,MLB-PHRR-FG-03I5DRVQELG6N68-ROJR000-GTE-P00015,08/04/26 05:57 PM EDT,$0.57,33
20260805,MLB-WIN-IT5-03I5CE5HELGD1EO-ATCS000,08/04/26 05:57 PM EDT,$0.46,4
20260805,MLB-WIN-IT5-03I5DRP4ELG6MI0-WALS000,08/04/26 05:57 PM EDT,$0.29,32
20260805,NWSL-DWIN-FG-00NB71T3PGDTSVO-RAEW001,08/04/26 05:57 PM EDT,$0.23,200
20260805,MLB-MOVY-IT5-03I5DRV9ELG6MKO-MINS000-GTE-P00005,08/04/26 05:58 PM EDT,$0.51,9
20260805,MLB-MOVY-IT5-03I5CE5DELGD0G8-BAES000-GTE-P00005,08/04/26 05:58 PM EDT,$0.53,91
20260805,MLB-MOVY-IT5-03I5DRPFELG6MTG-LARS000-GTE-P00005,08/04/26 05:58 PM EDT,$0.58,8
20260805,MLB-WIN-IT5-03I5CE5DELGD0G8-BAES000,08/04/26 05:58 PM EDT,$0.58,33
20260805,MLB-PHRR-FG-03I5DRVQELG6N68-DRIN000-GTE-P00015,08/04/26 05:59 PM EDT,$0.60,32
20260805,MLB-MOVY-IT5-03I5DRV9ELG6MKO-MINS000-GTE-P00005,08/04/26 05:59 PM EDT,$0.46,93
20260805,MLB-PHRR-FG-03I5DRVQELG6N68-MAON003-GTE-P00015,08/04/26 05:59 PM EDT,$0.58,33
20260805,MLB-PHRR-FG-03I5DRVQELG6N68-MIIS000-GTE-P00015,08/04/26 05:59 PM EDT,$0.59,32
20260805,MLB-PHRR-FG-03I5DRVQELG6N68-ROJR000-GTE-P00015,08/04/26 05:59 PM EDT,$0.57,33
20260805,MLB-PHRR-FG-03I5DRVQELG6N68-OZES000-GTE-P00015,08/04/26 05:59 PM EDT,$0.53,33
20260805,MLB-TRUNS-IT5-03I5DRP4ELG6MI0-GTE-P00045,08/04/26 06:00 PM EDT,$0.53,10
20260805,MLB-TRUNS-IT5-03I5CE5HELGD1EO-GTE-P00045,08/04/26 06:00 PM EDT,$0.51,9
20260805,MLB-TRUNS-IT5-03I5CE4PELGD0MO-GTE-P00045,08/04/26 06:00 PM EDT,$0.44,10
20260805,MLB-TRUNS-IT5-03I5CE5DELGD0G8-GTE-P00055,08/04/26 06:00 PM EDT,$0.48,10
20260805,MLB-PHRR-FG-03I5DRPHELG6M28-HEOS000-GTE-P00065,08/04/26 06:00 PM EDT,$0.07,62
20260805,MLB-PHRR-FG-03I5DRPHELG6M28-HEOS000-GTE-P00015,08/04/26 06:00 PM EDT,$0.55,52
20260805,MLB-PHRR-FG-03I5DRPHELG6M28-HEOS000-GTE-P00035,08/04/26 06:00 PM EDT,$0.25,18
20260805,MLB-PHRR-FG-03I5DRPHELG6M28-HEOS000-GTE-P00025,08/04/26 06:00 PM EDT,$0.38,25
20260805,MLB-PHRR-FG-03I5DRPHELG6M28-HEOS000-GTE-P00055,08/04/26 06:00 PM EDT,$0.11,41
20260805,MLB-PHRR-FG-03I5DRPHELG6M28-HEOS000-GTE-P00075,08/04/26 06:00 PM EDT,$0.05,83
20260805,MLB-PHRR-FG-03I5DRPHELG6M28-HEOS000-GTE-P00045,08/04/26 06:00 PM EDT,$0.16,29
20260805,MLB-PHRR-FG-03I5DRPHELG6M28-HEOS000-GTE-P00085,08/04/26 06:00 PM EDT,$0.04,100
20260805,MLB-WIN-IT5-03I5DRVQELG6N68-ATES000,08/04/26 06:00 PM EDT,$0.57,500
20260805,MLB-PHRR-FG-03I5DRPHELG6M28-GEJR000-GTE-P00015,08/04/26 06:00 PM EDT,$0.46,2
20260805,MLB-MOVY-IT5-03I5DRPFELG6MTG-LARS000-GTE-P00005,08/04/26 06:00 PM EDT,$0.58,250
20260805,MLB-MOVY-IT5-03I5DRTFELG6MK8-MIRS000-GTE-P00005,08/04/26 06:01 PM EDT,$0.46,2
20260805,MLB-PHRR-FG-03I5DRPHELG6M28-SPES000-GTE-P00015,08/04/26 06:01 PM EDT,$0.47,1
20260805,MLB-WIN-IT5-03I5CE5DELGD0G8-BAES000,08/04/26 06:01 PM EDT,$0.58,10
20260805,MLB-PHRR-FG-03I5CE4PELGD0MO-STAN000-GTE-P00015,08/04/26 06:02 PM EDT,$0.50,19
20260805,MLB-MOVY-IT5-03I5CE5DELGD0G8-BAES000-GTE-P00005,08/04/26 06:02 PM EDT,$0.53,36
20260805,MLB-PHRR-FG-03I5DRPFELG6MTG-TEEZ000-GTE-P00015,08/04/26 06:02 PM EDT,$0.55,17
20260805,MLB-PHRR-FG-03I5DRVQELG6N68-MAON003-GTE-P00015,08/04/26 06:03 PM EDT,$0.58,16
20260805,MLB-PHRR-FG-03I5DSD4ELGER48-JURO000-GTE-P00015,08/04/26 06:03 PM EDT,$0.69,14
20260805,MLB-PHRR-FG-03I5DRP4ELG6MI0-TRER001-GTE-P00025,08/04/26 06:04 PM EDT,$0.44,21
20260805,MLB-TRUNS-I1-03I5DRPFELG6MTG-GTE-P00035,08/04/26 06:04 PM EDT,$0.11,45
20260805,MLB-TRUNS-IT5-03I5CE5HELGD1EO-GTE-P00045,08/04/26 06:04 PM EDT,$0.51,11
20260805,MLB-PHRR-FG-03I5DRP4ELG6MI0-BRER000-GTE-P00025,08/04/26 06:04 PM EDT,$0.47,21
20260805,MLB-WIN-IT5-03I5DSCVELGERJ8-ARKS000,08/04/26 06:04 PM EDT,$0.55,8
20260805,MLB-PHRR-FG-03I5DRV9ELG6MLO-JUEE000-GTE-P00015,08/04/26 06:05 PM EDT,$0.51,9
20260805,MLB-WIN-IT5-03I5CE4PELGD0MO-CLNS000,08/04/26 06:05 PM EDT,$0.56,24
20260805,MLB-WIN-IT5-03I5CE4PELGD0MO-NYTS000,08/04/26 06:05 PM EDT,$0.46,108
20260805,MLB-WIN-IT5-03I5CE4PELGD0MO-NYTS000,08/04/26 06:05 PM EDT,$0.46,62
20260805,MLB-WIN-IT5-03I5DRP4ELG6MI0-PHES000,08/04/26 06:06 PM EDT,$0.71,189
20260805,MLB-MOVY-IT5-03I5CE5DELGD0G8-BAES000-GTE-P00005,08/04/26 06:06 PM EDT,$0.53,27
20260805,KBO-WIN-FG-000696BHI4RATJ8-KIRS000,08/04/26 06:06 PM EDT,$0.60,2
20260805,MLB-WIN-IT5-03I5DSDCELGERO0-DERS000,08/04/26 06:06 PM EDT,$0.48,10
20260805,MLB-TRUNS-I1-03I5CE5HELGD1EO-GTE-P00015,08/04/26 06:06 PM EDT,$0.25,12
20260805,MLB-TRUNS-IT5-03I5DRP4ELG6MI0-GTE-P00045,08/04/26 06:06 PM EDT,$0.52,100
20260805,MLB-PHRR-FG-03I5DSCVELGERJ8-FEJR000-GTE-P00015,08/04/26 06:07 PM EDT,$0.57,8
20260805,MLB-TRUNS-I1-03I5CE4PELGD0MO-GTE-P00015,08/04/26 06:07 PM EDT,$0.28,500
20260805,MLB-MOVY-IT5-03I5DRPFELG6MTG-LARS000-GTE-P00005,08/04/26 06:07 PM EDT,$0.58,33
20260805,MLB-WIN-IT5-03I5DRPHELG6M28-STLS000,08/04/26 06:07 PM EDT,$0.38,17
20260805,MLB-TRUNS-I1-03I5CE5DELGD0G8-GTE-P00015,08/04/26 06:07 PM EDT,$0.27,13
20260805,MLB-MOVY-IT5-03I5DRPFELG6MTG-LARS000-GTE-P00005,08/04/26 06:08 PM EDT,$0.58,33
20260805,MLB-MOVY-IT5-03I5CE5DELGD0G8-BAES000-GTE-P00005,08/04/26 06:08 PM EDT,$0.53,81
20260805,MLB-MOVY-IT5-03I5CE5DELGD0G8-BAES000-GTE-P00005,08/04/26 06:08 PM EDT,$0.53,43
20260805,MLB-WIN-IT5-03I5CE5DELGD0G8-LALS000,08/04/26 06:08 PM EDT,$0.44,21
20260805,MLB-PHRR-FG-03I5DRPFELG6MTG-PENG000-GTE-P00015,08/04/26 06:09 PM EDT,$0.48,6
20260805,MLB-PHRR-FG-03I5DRPHELG6M28-LUAS000-GTE-P00015,08/04/26 06:09 PM EDT,$0.59,8
20260805,MLB-PHRR-FG-03I5DSCVELGERJ8-FEJR000-GTE-P00015,08/04/26 06:09 PM EDT,$0.57,5
20260805,MLB-WIN-IT5-03I5CE5DELGD0G8-BAES000,08/04/26 06:09 PM EDT,$0.58,100
20260805,MLB-TRUNS-I2-03I5DRPHELG6M28-GTE-P00005,08/04/26 06:09 PM EDT,$0.41,49
20260805,MLB-PHRR-FG-03I5DRUGELG6M2G-CORY000-GTE-P00015,08/04/26 06:10 PM EDT,$0.48,20
20260805,MLB-TRUNS-I2-03I5CE5HELGD1EO-GTE-P00005,08/04/26 06:10 PM EDT,$0.42,50
20260805,MLB-WIN-IT5-03I5DSD4ELGER48-TBYS000,08/04/26 06:10 PM EDT,$0.58,16
20260805,MLB-TRUNS-I2-03I5DRUGELG6M2G-GTE-P00005,08/04/26 06:10 PM EDT,$0.44,51
20260805,MLB-PHRR-FG-03I5DSD4ELGER48-JURO000-GTE-P00015,08/04/26 06:10 PM EDT,$0.69,3
20260805,MLB-WIN-IT5-03I5DRVQELG6N68-ATES000,08/04/26 06:10 PM EDT,$0.57,8
20260805,MLB-WIN-IT5-03I5DRUGELG6M2G-BOOX000,08/04/26 06:10 PM EDT,$0.55,8
20260805,MLB-TRUNS-IT5-03I5DRVQELG6N68-GTE-P00055,08/04/26 06:10 PM EDT,$0.44,5
20260805,MLB-WIN-IT5-03I5CE5HELGD1EO-ATCS000,08/04/26 06:10 PM EDT,$0.46,52
20260805,MLB-TRUNS-I1-03I5CE5DELGD0G8-GTE-P00005,08/04/26 06:10 PM EDT,$0.50,53
20260805,MLB-TRUNS-I2-03I5CE4PELGD0MO-GTE-P00005,08/04/26 06:10 PM EDT,$0.40,50
20260805,MLB-TRUNS-I1-03I5CE5DELGD0G8-GTE-P00015,08/04/26 06:10 PM EDT,$0.35,272
20260805,MLB-WIN-IT5-03I5CE4PELGD0MO-CLNS000,08/04/26 06:11 PM EDT,$0.56,18
20260805,MLB-WIN-IT5-03I5CE4PELGD0MO-NYTS000,08/04/26 06:11 PM EDT,$0.46,20
20260805,MLB-PHRR-FG-03I5DRPHELG6M28-GEJR000-GTE-P00015,08/04/26 06:11 PM EDT,$0.46,41
20260805,MLB-WIN-IT5-03I5CE5HELGD1EO-ATCS000,08/04/26 06:11 PM EDT,$0.48,20
20260805,MLB-MOVY-IT5-03I5DRPFELG6MTG-LARS000-GTE-P00005,08/04/26 06:11 PM EDT,$0.58,49
20260805,MLB-TRUNS-I2-03I5DRV9ELG6MKO-GTE-P00005,08/04/26 06:11 PM EDT,$0.43,67
20260805,MLB-WIN-IT5-03I5DRV9ELG6MKO-MINS000,08/04/26 06:12 PM EDT,$0.58,42
20260805,MLB-PHRR-FG-03I5DRPHELG6M28-SPES000-GTE-P00015,08/04/26 06:12 PM EDT,$0.47,5
20260805,MLB-PHRR-FG-03I5DRPHELG6M28-BECE001-GTE-P00015,08/04/26 06:12 PM EDT,$0.56,4
20260805,MLB-PHRR-FG-03I5DRPHELG6M28-GEJR000-GTE-P00015,08/04/26 06:12 PM EDT,$0.46,5
20260805,MLB-WIN-IT5-03I5DRV9ELG6MKO-MINS000,08/04/26 06:12 PM EDT,$0.58,10
20260805,MLB-WIN-IT5-03I5DRUGELG6M2G-CHOX000,08/04/26 06:12 PM EDT,$0.47,20
20260805,MLB-TRUNS-I1-03I5CE5DELGD0G8-GTE-P00015,08/04/26 06:13 PM EDT,$0.27,66
20260805,MLB-TRUNS-I1-03I5CE5HELGD1EO-GTE-P00015,08/04/26 06:13 PM EDT,$0.25,1
20260805,MLB-WIN-IT5-03I5CE5DELGD0G8-BAES000,08/04/26 06:13 PM EDT,$0.58,63
20260805,MLB-MOVY-IT5-03I5DRP4ELG6MI0-PHES000-GTE-P00015,08/04/26 06:13 PM EDT,$0.48,120
20260805,MLB-MOVY-IT5-03I5DSF4ELGEQT0-HOOS000-GTE-P00005,08/04/26 06:13 PM EDT,$0.44,18
20260805,MLB-PHRR-FG-03I5DRP4ELG6MI0-LUEZ000-GTE-P00015,08/04/26 06:13 PM EDT,$0.63,38
20260805,MLB-MOVY-IT5-03I5DRPHELG6M28-NYES000-GTE-P00005,08/04/26 06:14 PM EDT,$0.53,10
20260805,MLB-PHRR-FG-03I5DRP4ELG6MI0-KYER003-GTE-P00015,08/04/26 06:14 PM EDT,$0.61,40
20260805,MLB-WIN-IT5-03I5DSDCELGERO0-DERS000,08/04/26 06:14 PM EDT,$0.48,2
20260805,MLB-WIN-IT5-03I5DRTFELG6MK8-PIES000,08/04/26 06:14 PM EDT,$0.44,32
20260805,MLB-TRUNS-IT5-03I5CE5DELGD0G8-GTE-P00055,08/04/26 06:14 PM EDT,$0.48,42
20260805,MLB-TRUNS-IT5-03I5CE5HELGD1EO-GTE-P00045,08/04/26 06:14 PM EDT,$0.51,11
20260805,MLB-MOVY-IT5-03I5CE5DELGD0G8-BAES000-GTE-P00005,08/04/26 06:15 PM EDT,$0.49,21
20260805,MLB-TRUNS-I1-03I5DRTFELG6MK8-GTE-P00035,08/04/26 06:15 PM EDT,$0.01,100
20260805,MLB-WIN-IT5-03I5CE4PELGD0MO-CLNS000,08/04/26 06:15 PM EDT,$0.56,34
20260805,MLB-WIN-IT5-03I5CE4PELGD0MO-CLNS000,08/04/26 06:16 PM EDT,$0.56,17
20260805,MLB-TRUNS-IT5-03I5CE5DELGD0G8-GTE-P00055,08/04/26 06:16 PM EDT,$0.48,50
20260805,MLB-TRUNS-IT5-03I5DRP4ELG6MI0-GTE-P00045,08/04/26 06:17 PM EDT,$0.54,26
20260805,MLB-PHRR-FG-03I5CE5DELGD0G8-JORI000-GTE-P00005,08/04/26 06:17 PM EDT,$0.56,8
20260805,MLB-PHRR-FG-03I5DRVQELG6N68-MAON003-GTE-P00035,08/04/26 06:18 PM EDT,$0.28,33
20260805,MLB-PHRR-FG-03I5DRUGELG6M2G-CORY000-GTE-P00015,08/04/26 06:18 PM EDT,$0.47,20
20260805,MLB-PHRR-FG-03I5DRPHELG6M28-GEJR000-GTE-P00025,08/04/26 06:18 PM EDT,$0.29,32
20260805,MLB-PHRR-FG-03I5DRPHELG6M28-LUAS000-GTE-P00015,08/04/26 06:18 PM EDT,$0.60,241
20260805,MLB-TRUNS-I1-03I5CE5DELGD0G8-GTE-P00015,08/04/26 06:18 PM EDT,$0.35,27
20260805,MLB-WIN-IT5-03I5DRPFELG6MTG-CHBS000,08/04/26 06:19 PM EDT,$0.34,13
20260805,MLB-WIN-IT5-03I5CE5DELGD0G8-BAES000,08/04/26 06:19 PM EDT,$0.58,333
20260805,MLB-WIN-IT5-03I5CE5HELGD1EO-ATCS000,08/04/26 06:19 PM EDT,$0.47,30
20260805,MLB-WIN-IT5-03I5CE5DELGD0G8-BAES000,08/04/26 06:19 PM EDT,$0.58,333
20260805,MLB-PHRR-FG-03I5CE5DELGD0G8-JAAY002-GTE-P00015,08/04/26 06:20 PM EDT,$0.51,37
20260805,MLB-MOVY-IT5-03I5DRPFELG6MTG-LARS000-GTE-P00005,08/04/26 06:20 PM EDT,$0.58,30
20260805,MLB-TRUNS-IT5-03I5DRUGELG6M2G-GTE-P00045,08/04/26 06:20 PM EDT,$0.56,68
20260805,MLB-PHRR-FG-03I5DRUGELG6M2G-MUMI000-GTE-P00015,08/04/26 06:21 PM EDT,$0.48,20
20260805,MLB-WIN-IT5-03I5CE5DELGD0G8-LALS000,08/04/26 06:21 PM EDT,$0.44,350
20260805,MLB-WIN-IT5-03I5CE5HELGD1EO-CIDS000,08/04/26 06:22 PM EDT,$0.54,53
20260805,MLB-TRUNS-IT5-03I5DRV9ELG6MKO-GTE-P00045,08/04/26 06:22 PM EDT,$0.53,40
20260805,MLB-TRUNS-I1-03I5DRV9ELG6MLO-GTE-P00015,08/04/26 06:22 PM EDT,$0.30,31
20260805,MLB-WIN-IT5-03I5DRUGELG6M2G-BOOX000,08/04/26 06:22 PM EDT,$0.55,263
20260805,MLB-TRUNS-I1-03I5CE4PELGD0MO-GTE-P00005,08/04/26 06:22 PM EDT,$0.40,175
20260805,MLB-TRUNS-I1-03I5CE5DELGD0G8-GTE-P00035,08/04/26 06:22 PM EDT,$0.12,15
20260805,MLB-TRUNS-I1-03I5CE5DELGD0G8-GTE-P00015,08/04/26 06:22 PM EDT,$0.35,13
20260805,MLB-TRUNS-I1-03I5CE5DELGD0G8-GTE-P00025,08/04/26 06:22 PM EDT,$0.21,8
20260805,MLB-PHRR-FG-03I5DRVQELG6N68-MIIS000-GTE-P00015,08/04/26 06:23 PM EDT,$0.58,5
20260805,MLB-MOVY-IT5-03I5DRP4ELG6MI0-PHES000-GTE-P00015,08/04/26 06:23 PM EDT,$0.47,9
20260805,KBO-MOVY-FG-000696BHI4RATJ8-KIRS000-GTE-P00015,08/04/26 06:23 PM EDT,$0.17,6
20260805,MLB-PHRR-FG-03I5DRPFELG6MTG-PENG000-GTE-P00025,08/04/26 06:24 PM EDT,$0.30,31
20260805,MLB-TRUNS-IT5-03I5DSCVELGERJ8-GTE-P00055,08/04/26 06:25 PM EDT,$0.44,172
20260805,MLB-TRUNS-I1-03I5DRP4ELG6MI0-GTE-P00015,08/04/26 06:25 PM EDT,$0.24,230
20260805,MLB-PHRR-FG-03I5CE4PELGD0MO-FROR000-GTE-P00015,08/04/26 06:25 PM EDT,$0.49,34
20260805,MLB-MOVY-IT5-03I5DRVQELG6N68-ATES000-GTE-P00005,08/04/26 06:25 PM EDT,$0.48,50
20260805,MLB-WIN-IT5-03I5DRPFELG6MTG-LARS000,08/04/26 06:25 PM EDT,$0.66,36
20260805,MLB-WIN-IT5-03I5CE5DELGD0G8-BAES000,08/04/26 06:25 PM EDT,$0.58,333
20260805,MLB-MOVY-IT5-03I5DRP4ELG6MI0-PHES000-GTE-P00015,08/04/26 06:26 PM EDT,$0.48,15
20260805,MLB-MOVY-IT5-03I5DRP4ELG6MI0-PHES000-GTE-P00015,08/04/26 06:26 PM EDT,$0.47,90
20260805,MLB-WIN-IT5-03I5DRVQELG6N68-ATES000,08/04/26 06:26 PM EDT,$0.57,34
20260805,MLB-MOVY-IT5-03I5DRVQELG6N68-ATES000-GTE-P00005,08/04/26 06:26 PM EDT,$0.50,1873
20260805,MLB-MOVY-IT5-03I5DRVQELG6N68-ATES000-GTE-P00005,08/04/26 06:26 PM EDT,$0.50,50
20260805,MLB-WIN-IT5-03I5DRP4ELG6MI0-WALS000,08/04/26 06:26 PM EDT,$0.29,16
20260805,MLB-MOVY-IT5-03I5CE5DELGD0G8-BAES000-GTE-P00005,08/04/26 06:26 PM EDT,$0.49,49
20260805,MLB-WIN-IT5-03I5CE5DELGD0G8-BAES000,08/04/26 06:26 PM EDT,$0.58,166
20260805,MLB-WIN-IT5-03I5DRUGELG6M2G-BOOX000,08/04/26 06:26 PM EDT,$0.55,3
20260805,MLB-PHRR-FG-03I5DRP4ELG6MI0-CJMS000-GTE-P00025,08/04/26 06:27 PM EDT,$0.25,185
20260805,MLB-MOVY-IT5-03I5DRP4ELG6MI0-PHES000-GTE-P00015,08/04/26 06:27 PM EDT,$0.47,38
20260805,MLB-WIN-IT5-03I5DSD4ELGER48-TBYS000,08/04/26 06:27 PM EDT,$0.58,25
20260805,MLB-PHRR-FG-03I5CE5HELGD1EO-ELUZ001-GTE-P00015,08/04/26 06:28 PM EDT,$0.58,15
20260805,MLB-MOVY-IT5-03I5CE5HELGD1EO-CIDS000-GTE-P00005,08/04/26 06:28 PM EDT,$0.45,10
20260805,MLB-PHRR-FG-03I5DRVQELG6N68-ROJR000-GTE-P00015,08/04/26 06:28 PM EDT,$0.57,42
20260805,MLB-MOVY-IT5-03I5DRVQELG6N68-ATES000-GTE-P00005,08/04/26 06:28 PM EDT,$0.51,37
20260805,MLB-TRUNS-I1-03I5CE5DELGD0G8-GTE-P00005,08/04/26 06:28 PM EDT,$0.50,96
20260805,MLB-WIN-IT5-03I5CE4PELGD0MO-NYTS000,08/04/26 06:28 PM EDT,$0.46,291
20260805,MLB-PHRR-FG-03I5CE5HELGD1EO-TYOM000-GTE-P00015,08/04/26 06:28 PM EDT,$0.53,14
20260805,MLB-WIN-IT5-03I5DRPFELG6MTG-LARS000,08/04/26 06:28 PM EDT,$0.66,16
20260805,MLB-PHRR-FG-03I5DRP4ELG6MI0-BRSH000-GTE-P00025,08/04/26 06:28 PM EDT,$0.40,119
20260805,MLB-PHRR-FG-03I5CE5DELGD0G8-PESO000-GTE-P00015,08/04/26 06:28 PM EDT,$0.61,6
20260805,MLB-TRUNS-IT5-03I5CE5DELGD0G8-GTE-P00055,08/04/26 06:28 PM EDT,$0.47,181
20260805,MLB-PHRR-FG-03I5CE5HELGD1EO-SART001-GTE-P00015,08/04/26 06:28 PM EDT,$0.56,8
20260805,MLB-MOVY-IT5-03I5CE5HELGD1EO-CIDS000-GTE-P00005,08/04/26 06:28 PM EDT,$0.47,10
20260805,MLB-PHRR-FG-03I5DRTFELG6MK8-ESEZ000-GTE-P00015,08/04/26 06:28 PM EDT,$0.44,10
20260805,MLB-WIN-IT5-03I5CE5DELGD0G8-BAES000,08/04/26 06:29 PM EDT,$0.58,75
20260805,MLB-TRUNS-I1-03I5DRP4ELG6MI0-GTE-P00015,08/04/26 06:29 PM EDT,$0.24,75
20260805,MLB-WIN-IT5-03I5DRVQELG6N68-ATES000,08/04/26 06:29 PM EDT,$0.57,84
20260805,MLB-PHRR-FG-03I5DSF4ELGEQT0-YOEZ000-GTE-P00015,08/04/26 06:29 PM EDT,$0.58,10
20260805,MLB-MOVY-IT5-03I5CE5HELGD1EO-CIDS000-GTE-P00005,08/04/26 06:29 PM EDT,$0.45,16
20260805,MLB-MOVY-IT5-03I5DRPHELG6M28-NYES000-GTE-P00005,08/04/26 06:29 PM EDT,$0.56,17
20260805,MLB-PHRR-FG-03I5DRP4ELG6MI0-BRER000-GTE-P00015,08/04/26 06:29 PM EDT,$0.61,2
20260805,MLB-PHRR-FG-03I5DRP4ELG6MI0-LUEZ000-GTE-P00015,08/04/26 06:29 PM EDT,$0.62,36
20260805,MLB-PHRR-FG-03I5DRP4ELG6MI0-CJMS000-GTE-P00015,08/04/26 06:29 PM EDT,$0.41,2
20260805,MLB-WIN-IT5-03I5CE5DELGD0G8-BAES000,08/04/26 06:29 PM EDT,$0.58,8
20260805,MLB-PHRR-FG-03I5DRP4ELG6MI0-DYWS000-GTE-P00015,08/04/26 06:30 PM EDT,$0.49,2
20260805,MLB-PHRR-FG-03I5DRP4ELG6MI0-JANG002-GTE-P00015,08/04/26 06:30 PM EDT,$0.39,2
20260805,MLB-MOVY-IT5-03I5DRV9ELG6MKO-MINS000-GTE-P00005,08/04/26 06:30 PM EDT,$0.48,111
20260805,MLB-TRUNS-IT5-03I5DSDCELGERO0-GTE-P00045,08/04/26 06:30 PM EDT,$0.44,172
20260805,MLB-PHRR-FG-03I5DRP4ELG6MI0-TRER001-GTE-P00015,08/04/26 06:30 PM EDT,$0.61,2
20260805,MLB-TRUNS-IT5-03I5CE5HELGD1EO-GTE-P00045,08/04/26 06:30 PM EDT,$0.53,38
20260805,MLB-PHRR-FG-03I5DRP4ELG6MI0-BRTT001-GTE-P00015,08/04/26 06:30 PM EDT,$0.54,2
20260805,MLB-PHRR-FG-03I5DRP4ELG6MI0-LUEZ000-GTE-P00025,08/04/26 06:31 PM EDT,$0.43,11
20260805,MLB-WIN-IT5-03I5DRPFELG6MTG-LARS000,08/04/26 06:31 PM EDT,$0.66,6
20260805,MLB-MOVY-IT5-03I5DRPHELG6M28-NYES000-GTE-P00005,08/04/26 06:31 PM EDT,$0.54,33
20260805,MLB-TRUNS-I1-03I5CE5DELGD0G8-GTE-P00015,08/04/26 06:31 PM EDT,$0.35,135
20260805,MLB-TRUNS-IT5-03I5CE4PELGD0MO-GTE-P00045,08/04/26 06:31 PM EDT,$0.44,21
20260805,MLB-WIN-IT5-03I5DSCVELGERJ8-ARKS000,08/04/26 06:31 PM EDT,$0.55,70
20260805,MLB-TRUNS-I2-03I5CE5DELGD0G8-GTE-P00005,08/04/26 06:32 PM EDT,$0.46,17
20260805,MLB-TRUNS-IT5-03I5DRP4ELG6MI0-GTE-P00045,08/04/26 06:32 PM EDT,$0.54,82
20260805,MLB-MOVY-IT5-03I5CE5HELGD1EO-CIDS000-GTE-P00005,08/04/26 06:32 PM EDT,$0.44,1167
20260805,MLB-MOVY-IT5-03I5DRP4ELG6MI0-PHES000-GTE-P00015,08/04/26 06:32 PM EDT,$0.48,50
20260805,MLB-WIN-IT5-03I5CE5DELGD0G8-LALS000,08/04/26 06:33 PM EDT,$0.44,184
20260805,MLB-MOVY-IT5-03I5CE5DELGD0G8-BAES000-GTE-P00005,08/04/26 06:33 PM EDT,$0.49,29
20260805,MLB-WIN-IT5-03I5CE5DELGD0G8-BAES000,08/04/26 06:33 PM EDT,$0.58,100
20260805,MLB-WIN-IT5-03I5CE4PELGD0MO-NYTS000,08/04/26 06:33 PM EDT,$0.46,20
20260805,MLB-MOVY-IT5-03I5CE5DELGD0G8-BAES000-GTE-P00005,08/04/26 06:33 PM EDT,$0.50,58
20260805,MLB-PHRR-FG-03I5DRPFELG6MTG-TEEZ000-GTE-P00015,08/04/26 06:33 PM EDT,$0.47,1
20260805,MLB-MOVY-IT5-03I5DRVQELG6N68-ATES000-GTE-P00005,08/04/26 06:33 PM EDT,$0.51,18
20260805,MLB-WIN-IT5-03I5DRP4ELG6MI0-WALS000,08/04/26 06:34 PM EDT,$0.29,32
20260805,MLB-PHRR-FG-03I5DRP4ELG6MI0-LUEZ000-GTE-P00025,08/04/26 06:34 PM EDT,$0.43,12
20260805,MLB-MOVY-IT5-03I5DRPHELG6M28-NYES000-GTE-P00005,08/04/26 06:34 PM EDT,$0.56,172
20260805,MLB-TRUNS-I1-03I5DRP4ELG6MI0-GTE-P00005,08/04/26 06:34 PM EDT,$0.48,18
20260805,MLB-TRUNS-I1-03I5CE5HELGD1EO-GTE-P00005,08/04/26 06:34 PM EDT,$0.47,17
20260805,MLB-PHRR-FG-03I5DRP4ELG6MI0-LUEZ000-GTE-P00015,08/04/26 06:34 PM EDT,$0.62,7
20260805,MLB-TRUNS-I1-03I5CE5DELGD0G8-GTE-P00015,08/04/26 06:34 PM EDT,$0.35,13
20260805,MLB-TRUNS-IT5-03I5DRP4ELG6MI0-GTE-P00045,08/04/26 06:34 PM EDT,$0.54,17
20260805,MLB-TRUNS-I2-03I5CE5DELGD0G8-GTE-P00005,08/04/26 06:35 PM EDT,$0.46,116
20260805,MLB-PHRR-FG-03I5DRP4ELG6MI0-LUEZ000-GTE-P00025,08/04/26 06:35 PM EDT,$0.43,1111
20260805,MLB-MOVY-IT5-03I5CE5DELGD0G8-BAES000-GTE-P00005,08/04/26 06:35 PM EDT,$0.50,384
20260805,MLB-TRUNS-IT5-03I5DSF4ELGEQT0-GTE-P00045,08/04/26 06:35 PM EDT,$0.49,5
20260805,MLB-MOVY-IT5-03I5DRP4ELG6MI0-PHES000-GTE-P00015,08/04/26 06:35 PM EDT,$0.48,5
20260805,MLB-TRUNS-I1-03I5CE5DELGD0G8-GTE-P00015,08/04/26 06:35 PM EDT,$0.35,13
20260805,MLB-MOVY-IT5-03I5DRTFELG6MK8-MIRS000-GTE-P00005,08/04/26 06:35 PM EDT,$0.48,40
20260805,MLB-MOVY-IT5-03I5DRVQELG6N68-ATES000-GTE-P00005,08/04/26 06:35 PM EDT,$0.51,37
20260805,MLB-MOVY-IT5-03I5CE5HELGD1EO-CIDS000-GTE-P00005,08/04/26 06:35 PM EDT,$0.44,17
20260805,MLB-TRUNS-I1-03I5CE5HELGD1EO-GTE-P00015,08/04/26 06:36 PM EDT,$0.33,28
20260805,MLB-TRUNS-IT5-03I5DRP4ELG6MI0-GTE-P00045,08/04/26 06:36 PM EDT,$0.52,2000
20260805,MLB-WIN-IT5-03I5DRP4ELG6MI0-WALS000,08/04/26 06:36 PM EDT,$0.29,32
20260805,MLB-WIN-IT5-03I5CE5DELGD0G8-BAES000,08/04/26 06:37 PM EDT,$0.58,8
20260805,MLB-WIN-IT5-03I5CE5DELGD0G8-LALS000,08/04/26 06:37 PM EDT,$0.44,20
20260805,MLB-TRUNS-I2-03I5CE5DELGD0G8-GTE-P00005,08/04/26 06:37 PM EDT,$0.45,87
20260805,MLB-WIN-IT5-03I5CE5DELGD0G8-LALS000,08/04/26 06:37 PM EDT,$0.44,2
20260805,MLB-TRUNS-IT5-03I5CE5DELGD0G8-GTE-P00045,08/04/26 06:37 PM EDT,$0.51,20
20260805,MLB-TRUNS-IT5-03I5CE5DELGD0G8-GTE-P00045,08/04/26 06:37 PM EDT,$0.53,58
20260805,MLB-TRUNS-IT5-03I5CE5DELGD0G8-GTE-P00045,08/04/26 06:37 PM EDT,$0.53,201
20260805,MLB-PHRR-FG-03I5DRP4ELG6MI0-KYER003-GTE-P00015,08/04/26 06:37 PM EDT,$0.63,15
20260805,MLB-WIN-IT5-03I5DRVQELG6N68-ATES000,08/04/26 06:37 PM EDT,$0.57,10
20260805,MLB-WIN-IT5-03I5DRVQELG6N68-ATES000,08/04/26 06:38 PM EDT,$0.57,255
20260805,MLB-TRUNS-IT5-03I5CE5DELGD0G8-GTE-P00045,08/04/26 06:38 PM EDT,$0.53,943
20260805,MLB-WIN-IT5-03I5DRP4ELG6MI0-WALS000,08/04/26 06:39 PM EDT,$0.30,15
20260805,MLB-TRUNS-IT5-03I5CE5HELGD1EO-GTE-P00045,08/04/26 06:39 PM EDT,$0.52,400
20260805,MLB-TRUNS-IT5-03I5CE5HELGD1EO-GTE-P00045,08/04/26 06:40 PM EDT,$0.52,20
20260805,MLB-TRUNS-IT5-03I5CE5DELGD0G8-GTE-P00045,08/04/26 06:40 PM EDT,$0.54,416
20260805,MLB-WIN-IT5-03I5CE5HELGD1EO-CIDS000,08/04/26 06:40 PM EDT,$0.54,2000
20260805,MLB-WIN-IT5-03I5CE5HELGD1EO-CIDS000,08/04/26 06:40 PM EDT,$0.54,1000
20260805,MLB-WIN-IT5-03I5CE5HELGD1EO-CIDS000,08/04/26 06:40 PM EDT,$0.54,843
20260805,MLB-TRUNS-I1-03I5DRP4ELG6MI0-GTE-P00015,08/04/26 06:40 PM EDT,$0.32,235
20260805,MLB-WIN-IT5-03I5CE4PELGD0MO-NYTS000,08/04/26 06:40 PM EDT,$0.46,312
20260805,MLB-PHRR-FG-03I5CE4PELGD0MO-FROR000-GTE-P00025,08/04/26 06:40 PM EDT,$0.34,138
20260805,MLB-TRUNS-I1-03I5CE5DELGD0G8-GTE-P00015,08/04/26 06:40 PM EDT,$0.17,100
20260805,MLB-PHRR-FG-03I5DRPHELG6M28-JOER005-GTE-P00015,08/04/26 06:40 PM EDT,$0.51,9
20260805,MLB-TRUNS-I1-03I5CE5DELGD0G8-GTE-P00015,08/04/26 06:40 PM EDT,$0.17,100
20260805,MLB-TRUNS-I1-03I5CE5DELGD0G8-GTE-P00015,08/04/26 06:41 PM EDT,$0.17,72
20260805,MLB-WIN-IT5-03I5CE4PELGD0MO-CLNS000,08/04/26 06:41 PM EDT,$0.56,318
20260805,MLB-WIN-IT5-03I5DRUGELG6M2G-BOOX000,08/04/26 06:41 PM EDT,$0.55,17
20260805,MLB-TRUNS-I1-03I5CE5DELGD0G8-GTE-P00015,08/04/26 06:41 PM EDT,$0.17,100
20260805,MLB-PHRR-FG-03I5DRPHELG6M28-JOTL000-GTE-P00025,08/04/26 06:42 PM EDT,$0.30,3
20260805,MLB-PHRR-FG-03I5DRPFELG6MTG-TEEZ000-GTE-P00055,08/04/26 06:42 PM EDT,$0.11,83
20260805,MLB-WIN-IT5-03I5DRPFELG6MTG-LARS000,08/04/26 06:42 PM EDT,$0.66,14
20260805,MLB-WIN-IT5-03I5DRV9ELG6MKO-KCLS000,08/04/26 06:42 PM EDT,$0.43,4
20260805,MLB-WIN-IT5-03I5DRTFELG6MK8-MIRS000,08/04/26 06:42 PM EDT,$0.57,13
20260805,MLB-MOVY-IT5-03I5CE4PELGD0MO-CLNS000-GTE-P00005,08/04/26 06:42 PM EDT,$0.50,59
20260805,MLB-WIN-IT5-03I5DRV9ELG6MLO-TERS000,08/04/26 06:42 PM EDT,$0.64,15
20260805,MLB-WIN-IT5-03I5CE5DELGD0G8-BAES000,08/04/26 06:43 PM EDT,$0.60,80
20260805,MLB-MOVY-IT5-03I5DRV9ELG6MKO-MINS000-GTE-P00005,08/04/26 06:43 PM EDT,$0.48,92
20260805,MLB-PHRR-FG-03I5DRP4ELG6MI0-LUEZ000-GTE-P00015,08/04/26 06:43 PM EDT,$0.63,37
20260805,MLB-WIN-IT5-03I5CE5HELGD1EO-CIDS000,08/04/26 06:43 PM EDT,$0.56,350
20260805,MLB-MOVY-IT5-03I5CE4PELGD0MO-CLNS000-GTE-P00005,08/04/26 06:43 PM EDT,$0.49,19
20260805,MLB-TRUNS-I1-03I5DRPFELG6MTG-GTE-P00015,08/04/26 06:44 PM EDT,$0.33,71
20260805,MLB-TRUNS-IT5-03I5CE5DELGD0G8-GTE-P00045,08/04/26 06:44 PM EDT,$0.55,175
20260805,MLB-WIN-IT5-03I5CE5HELGD1EO-CIDS000,08/04/26 06:44 PM EDT,$0.56,350
20260805,MLB-TRUNS-I1-03I5DSD4ELGER48-GTE-P00025,08/04/26 06:44 PM EDT,$0.23,100
20260805,MLB-WIN-IT5-03I5CE5HELGD1EO-CIDS000,08/04/26 06:44 PM EDT,$0.59,819
20260805,MLB-WIN-IT5-03I5CE5HELGD1EO-CIDS000,08/04/26 06:44 PM EDT,$0.58,350
20260805,MLB-TRUNS-IT5-03I5DRPHELG6M28-GTE-P00045,08/04/26 06:44 PM EDT,$0.47,45
20260805,MLB-WIN-IT5-03I5CE5HELGD1EO-CIDS000,08/04/26 06:44 PM EDT,$0.58,350
20260805,MLB-TRUNS-IT5-03I5CE5DELGD0G8-GTE-P00045,08/04/26 06:44 PM EDT,$0.50,350
20260805,MLB-WIN-IT5-03I5DSDCELGERO0-DERS000,08/04/26 06:45 PM EDT,$0.48,200
20260805,MLB-TRUNS-IT5-03I5CE5DELGD0G8-GTE-P00045,08/04/26 06:45 PM EDT,$0.55,78
20260805,MLB-WIN-IT5-03I5CE5DELGD0G8-LALS000,08/04/26 06:45 PM EDT,$0.34,27
20260805,MLB-WIN-IT5-03I5CE5HELGD1EO-CIDS000,08/04/26 06:45 PM EDT,$0.58,350
20260805,MLB-PHRR-FG-03I5DRPHELG6M28-GEJR000-GTE-P00015,08/04/26 06:45 PM EDT,$0.45,61
20260805,MLB-WIN-IT5-03I5CE5HELGD1EO-CIDS000,08/04/26 06:45 PM EDT,$0.60,585
20260805,MLB-WIN-IT5-03I5CE5HELGD1EO-CIDS000,08/04/26 06:45 PM EDT,$0.58,350
20260805,MLB-TRUNS-I1-03I5DRP4ELG6MI0-GTE-P00015,08/04/26 06:45 PM EDT,$0.14,100
20260805,MLB-WIN-IT5-03I5CE5HELGD1EO-CIDS000,08/04/26 06:45 PM EDT,$0.58,350
20260805,MLB-TRUNS-I1-03I5CE4PELGD0MO-GTE-P00015,08/04/26 06:45 PM EDT,$0.21,6
20260805,MLB-TRUNS-IT5-03I5CE5HELGD1EO-GTE-P00045,08/04/26 06:45 PM EDT,$0.50,48
20260805,MLB-PHRR-FG-03I5DSD4ELGER48-TJLD000-GTE-P00015,08/04/26 06:45 PM EDT,$0.51,94
20260805,MLB-MOVY-IT5-03I5CE5DELGD0G8-BAES000-GTE-P00005,08/04/26 06:46 PM EDT,$0.57,91
20260805,MLB-WIN-IT5-03I5DRPHELG6M28-STLS000,08/04/26 06:46 PM EDT,$0.37,256
20260805,MLB-WIN-IT5-03I5CE5HELGD1EO-CIDS000,08/04/26 06:47 PM EDT,$0.57,211
20260805,MLB-TRUNS-IT5-03I5DRVQELG6N68-GTE-P00055,08/04/26 06:47 PM EDT,$0.45,212
20260805,MLB-TRUNS-I2-03I5CE5DELGD0G8-GTE-P00005,08/04/26 06:47 PM EDT,$0.45,26
20260805,MLB-PHRR-FG-03I5DRPFELG6MTG-SHNI001-GTE-P00015,08/04/26 06:47 PM EDT,$0.65,37
20260805,MLB-PHRR-FG-03I5DRPFELG6MTG-MAAD000-GTE-P00015,08/04/26 06:48 PM EDT,$0.59,88
20260805,MLB-PHRR-FG-03I5DSD4ELGER48-YAAZ000-GTE-P00025,08/04/26 06:48 PM EDT,$0.53,18
20260805,MLB-TRUNS-I1-03I5DRP4ELG6MI0-GTE-P00015,08/04/26 06:48 PM EDT,$0.13,100
20260805,MLB-TRUNS-I2-03I5CE5DELGD0G8-GTE-P00005,08/04/26 06:48 PM EDT,$0.47,9
20260805,MLB-TRUNS-I1-03I5DRP4ELG6MI0-GTE-P00015,08/04/26 06:48 PM EDT,$0.13,35
20260805,MLB-TRUNS-I2-03I5CE5DELGD0G8-GTE-P00005,08/04/26 06:49 PM EDT,$0.47,30
20260805,MLB-TRUNS-I2-03I5CE5DELGD0G8-GTE-P00005,08/04/26 06:49 PM EDT,$0.47,36
20260805,MLB-WIN-IT5-03I5DRPHELG6M28-STLS000,08/04/26 06:49 PM EDT,$0.37,26
20260805,MLB-TRUNS-IT5-03I5CE5HELGD1EO-GTE-P00045,08/04/26 06:50 PM EDT,$0.45,304
20260805,MLB-TRUNS-IT5-03I5DRPFELG6MTG-GTE-P00045,08/04/26 06:50 PM EDT,$0.53,50
20260805,MLB-PHRR-FG-03I5CE5HELGD1EO-DOON000-GTE-P00015,08/04/26 06:50 PM EDT,$0.40,52
20260805,MLB-TRUNS-IT5-03I5DRV9ELG6MLO-GTE-P00045,08/04/26 06:50 PM EDT,$0.49,19
20260805,MLB-PHRR-FG-03I5DRPHELG6M28-LUAS000-GTE-P00015,08/04/26 06:51 PM EDT,$0.60,80
20260805,MLB-TRUNS-IT5-03I5CE5DELGD0G8-GTE-P00035,08/04/26 06:51 PM EDT,$0.54,31
20260805,MLB-TRUNS-IT5-03I5DRPFELG6MTG-GTE-P00045,08/04/26 06:51 PM EDT,$0.53,18
20260805,MLB-PHRR-FG-03I5DRP4ELG6MI0-BRER000-GTE-P00015,08/04/26 06:51 PM EDT,$0.66,1
20260805,MLB-WIN-IT5-03I5DRPHELG6M28-STLS000,08/04/26 06:51 PM EDT,$0.37,25
20260805,MLB-TRUNS-IT5-03I5DRP4ELG6MI0-GTE-P00045,08/04/26 06:51 PM EDT,$0.52,3
20260805,MLB-TRUNS-IT5-03I5DRPFELG6MTG-GTE-P00045,08/04/26 06:52 PM EDT,$0.52,20
20260805,MLB-WIN-IT5-03I5DRPHELG6M28-STLS000,08/04/26 06:52 PM EDT,$0.37,102
20260805,MLB-WIN-IT5-03I5DSDCELGERO0-DERS000,08/04/26 06:52 PM EDT,$0.48,6
20260805,MLB-TRUNS-I2-03I5CE5DELGD0G8-GTE-P00005,08/04/26 06:52 PM EDT,$0.48,100
20260805,MLB-PHRR-FG-03I5DRPHELG6M28-NACH000-GTE-P00005,08/04/26 06:52 PM EDT,$0.62,7
20260805,MLB-TRUNS-I1-03I5DRP4ELG6MI0-GTE-P00005,08/04/26 06:52 PM EDT,$0.43,52
20260805,MLB-TRUNS-IT5-03I5DRTFELG6MK8-GTE-P00035,08/04/26 06:52 PM EDT,$0.52,10
20260805,MLB-TRUNS-I2-03I5CE5DELGD0G8-GTE-P00005,08/04/26 06:52 PM EDT,$0.48,46
20260805,MLB-TRUNS-I2-03I5CE5DELGD0G8-GTE-P00005,08/04/26 06:52 PM EDT,$0.48,54
20260805,MLB-MOVY-IT5-03I5DRUGELG6M2G-BOOX000-GTE-P00005,08/04/26 06:53 PM EDT,$0.49,20
20260805,MLB-PHRR-FG-03I5DRUGELG6M2G-CELA000-GTE-P00025,08/04/26 06:53 PM EDT,$0.39,12
20260805,MLB-MOVY-IT5-03I5DRVQELG6N68-ATES000-GTE-P00005,08/04/26 06:53 PM EDT,$0.51,189
20260805,MLB-WIN-IT5-03I5DSCVELGERJ8-ARKS000,08/04/26 06:53 PM EDT,$0.55,28
20260805,MLB-MOVY-IT5-03I5CE5HELGD1EO-CIDS000-GTE-P00005,08/04/26 06:53 PM EDT,$0.50,29
20260805,MLB-MOVY-IT5-03I5CE5HELGD1EO-CIDS000-GTE-P00005,08/04/26 06:53 PM EDT,$0.50,94
20260805,MLB-TRUNS-IT5-03I5CE5HELGD1EO-GTE-P00045,08/04/26 06:53 PM EDT,$0.42,83
20260805,MLB-WIN-IT5-03I5CE5HELGD1EO-ATCS000,08/04/26 06:53 PM EDT,$0.39,24
20260805,MLB-TRUNS-I1-03I5DRV9ELG6MKO-GTE-P00015,08/04/26 06:53 PM EDT,$0.25,6
20260805,MLB-TRUNS-I2-03I5CE5DELGD0G8-GTE-P00005,08/04/26 06:53 PM EDT,$0.46,89
20260805,MLB-TRUNS-I2-03I5CE5DELGD0G8-GTE-P00005,08/04/26 06:53 PM EDT,$0.46,61
20260805,MLB-TRUNS-I1-03I5DRP4ELG6MI0-GTE-P00015,08/04/26 06:53 PM EDT,$0.51,100
20260805,MLB-TRUNS-IT5-03I5CE4PELGD0MO-GTE-P00045,08/04/26 06:53 PM EDT,$0.53,34
20260805,MLB-TRUNS-IT5-03I5CE5DELGD0G8-GTE-P00035,08/04/26 06:54 PM EDT,$0.55,200
20260805,MLB-WIN-IT5-03I5CE5DELGD0G8-LALS000,08/04/26 06:54 PM EDT,$0.47,20
20260805,MLB-TRUNS-I1-03I5CE4PELGD0MO-GTE-P00005,08/04/26 06:54 PM EDT,$0.65,70
20260805,MLB-TRUNS-IT5-03I5CE5DELGD0G8-GTE-P00035,08/04/26 06:54 PM EDT,$0.54,10
20260805,MLB-WIN-IT5-03I5DRPHELG6M28-STLS000,08/04/26 06:54 PM EDT,$0.37,17
20260805,MLB-TRUNS-I2-03I5CE5DELGD0G8-GTE-P00005,08/04/26 06:54 PM EDT,$0.41,82
20260805,MLB-MOVY-IT5-03I5CE5HELGD1EO-CIDS000-GTE-P00005,08/04/26 06:54 PM EDT,$0.54,22
20260805,MLB-TRUNS-I1-03I5DRP4ELG6MI0-GTE-P00015,08/04/26 06:54 PM EDT,$0.44,35
20260805,MLB-MOVY-IT5-03I5DRPHELG6M28-NYES000-GTE-P00005,08/04/26 06:54 PM EDT,$0.54,27
20260805,MLB-WIN-IT5-03I5CE5HELGD1EO-CIDS000,08/04/26 06:54 PM EDT,$0.67,72
20260805,MLB-TRUNS-I1-03I5DRP4ELG6MI0-GTE-P00015,08/04/26 06:54 PM EDT,$0.52,5
20260805,MLB-TRUNS-I1-03I5CE4PELGD0MO-GTE-P00005,08/04/26 06:55 PM EDT,$0.87,28
20260805,MLB-TRUNS-IT5-03I5CE5DELGD0G8-GTE-P00045,08/04/26 06:55 PM EDT,$0.49,8
20260805,MLB-MOVY-IT5-03I5CE5DELGD0G8-LALS000-GTE-P00005,08/04/26 06:55 PM EDT,$0.45,98
20260805,MLB-TRUNS-IT5-03I5CE5DELGD0G8-GTE-P00045,08/04/26 06:55 PM EDT,$0.49,58
20260805,MLB-TRUNS-IT5-03I5CE5HELGD1EO-GTE-P00045,08/04/26 06:55 PM EDT,$0.55,11
20260805,MLB-TRUNS-I1-03I5CE4PELGD0MO-GTE-P00015,08/04/26 06:55 PM EDT,$0.62,78
20260805,MLB-WIN-IT5-03I5DRV9ELG6MKO-MINS000,08/04/26 06:55 PM EDT,$0.58,10
20260805,MLB-TRUNS-I1-03I5CE4PELGD0MO-GTE-P00015,08/04/26 06:55 PM EDT,$0.60,72
20260805,MLB-TRUNS-IT5-03I5CE4PELGD0MO-GTE-P00055,08/04/26 06:55 PM EDT,$0.48,40
20260805,MLB-TRUNS-I1-03I5CE4PELGD0MO-GTE-P00015,08/04/26 06:55 PM EDT,$0.55,17
20260805,MLB-TRUNS-I1-03I5DRPHELG6M28-GTE-P00015,08/04/26 06:55 PM EDT,$0.24,38
20260805,MLB-TRUNS-I1-03I5CE4PELGD0MO-GTE-P00015,08/04/26 06:55 PM EDT,$0.61,82
20260805,MLB-WIN-IT5-03I5CE5DELGD0G8-BAES000,08/04/26 06:56 PM EDT,$0.59,166
20260805,MLB-TRUNS-I1-03I5DRP4ELG6MI0-GTE-P00015,08/04/26 06:56 PM EDT,$0.44,53
20260805,MLB-TRUNS-IT5-03I5CE5DELGD0G8-GTE-P00045,08/04/26 06:56 PM EDT,$0.34,8
20260805,MLB-MOVY-IT5-03I5DRP4ELG6MI0-PHES000-GTE-P00015,08/04/26 06:56 PM EDT,$0.72,38
20260805,MLB-TRUNS-I1-03I5CE4PELGD0MO-GTE-P00015,08/04/26 06:56 PM EDT,$0.44,2
20260805,MLB-TRUNS-I2-03I5CE5DELGD0G8-GTE-P00005,08/04/26 06:56 PM EDT,$0.27,6
20260805,MLB-TRUNS-I1-03I5CE4PELGD0MO-GTE-P00015,08/04/26 06:56 PM EDT,$0.44,54
20260805,MLB-MOVY-IT5-03I5DRPHELG6M28-NYES000-GTE-P00005,08/04/26 06:56 PM EDT,$0.56,431
20260805,MLB-TRUNS-IT5-03I5CE4PELGD0MO-GTE-P00045,08/04/26 06:56 PM EDT,$0.49,8
20260805,MLB-PHRR-FG-03I5DRPHELG6M28-LUAS000-GTE-P00015,08/04/26 06:56 PM EDT,$0.60,81
20260805,MLB-TRUNS-I2-03I5DRP4ELG6MI0-GTE-P00005,08/04/26 06:56 PM EDT,$0.45,100
20260805,MLB-TRUNS-I1-03I5DRV9ELG6MKO-GTE-P00005,08/04/26 06:56 PM EDT,$0.47,16
20260805,MLB-TRUNS-IT5-03I5CE4PELGD0MO-GTE-P00045,08/04/26 06:56 PM EDT,$0.57,25
20260805,MLB-PHRR-FG-03I5DRVQELG6N68-AUEY000-GTE-P00015,08/04/26 06:56 PM EDT,$0.47,27
20260805,MLB-TRUNS-IT5-03I5CE4PELGD0MO-GTE-P00045,08/04/26 06:56 PM EDT,$0.49,47
20260805,MLB-WIN-IT5-03I5DRPFELG6MTG-LARS000,08/04/26 06:56 PM EDT,$0.66,10
20260805,MLB-WIN-IT5-03I5DRPHELG6M28-NYES000,08/04/26 06:56 PM EDT,$0.63,10
20260805,MLB-TRUNS-I2-03I5DRP4ELG6MI0-GTE-P00005,08/04/26 06:56 PM EDT,$0.45,43
20260805,MLB-WIN-IT5-03I5CE4PELGD0MO-CLNS000,08/04/26 06:56 PM EDT,$0.77,441
20260805,MLB-MOVY-IT5-03I5DRP4ELG6MI0-PHES000-GTE-P00035,08/04/26 06:56 PM EDT,$0.41,16
20260805,MLB-WIN-IT5-03I5DRUGELG6M2G-BOOX000,08/04/26 06:57 PM EDT,$0.55,315
20260805,MLB-TRUNS-I1-03I5DRPHELG6M28-GTE-P00015,08/04/26 06:57 PM EDT,$0.32,16
20260805,MLB-TRUNS-IT5-03I5CE5DELGD0G8-GTE-P00035,08/04/26 06:57 PM EDT,$0.47,9
20260805,NWSL-DWIN-FG-00NB71Q9PGDTSN8-DECW003,08/04/26 06:57 PM EDT,$0.40,11
20260805,MLB-WIN-IT5-03I5DRP4ELG6MI0-WALS000,08/04/26 06:57 PM EDT,$0.16,88
20260805,MLB-TRUNS-IT5-03I5CE4PELGD0MO-GTE-P00045,08/04/26 06:57 PM EDT,$0.47,9
20260805,MLB-MOVY-IT5-03I5DRTFELG6MK8-MIRS000-GTE-P00005,08/04/26 06:58 PM EDT,$0.46,31
20260805,MLB-MOVY-IT5-03I5DRUGELG6M2G-BOOX000-GTE-P00005,08/04/26 06:58 PM EDT,$0.49,17
20260805,MLB-MOVY-IT5-03I5DRUGELG6M2G-BOOX000-GTE-P00005,08/04/26 06:58 PM EDT,$0.49,84
20260805,MLB-TRUNS-I3-03I5CE5DELGD0G8-GTE-P00005,08/04/26 06:58 PM EDT,$0.49,18
20260805,MLB-PHRR-FG-03I5DRP4ELG6MI0-LUEZ000-GTE-P00065,08/04/26 06:58 PM EDT,$0.12,53
20260805,MLB-TRUNS-IT5-03I5CE5HELGD1EO-GTE-P00035,08/04/26 06:58 PM EDT,$0.51,9
20260805,MLB-TRUNS-IT5-03I5CE5DELGD0G8-GTE-P00035,08/04/26 06:58 PM EDT,$0.48,56
20260805,MLB-WIN-IT5-03I5DRP4ELG6MI0-WALS000,08/04/26 06:58 PM EDT,$0.15,88
20260805,MLB-TRUNS-I2-03I5CE5HELGD1EO-GTE-P00005,08/04/26 06:58 PM EDT,$0.42,36
20260805,MLB-TRUNS-IT5-03I5DRPHELG6M28-GTE-P00045,08/04/26 06:58 PM EDT,$0.47,220
20260805,MLB-TRUNS-I2-03I5CE5HELGD1EO-GTE-P00005,08/04/26 06:58 PM EDT,$0.60,16
20260805,MLB-TRUNS-IT5-03I5CE4PELGD0MO-GTE-P00045,08/04/26 06:58 PM EDT,$0.29,84
20260805,MLB-PHRR-FG-03I5DRP4ELG6MI0-LUEZ000-GTE-P00035,08/04/26 06:58 PM EDT,$0.54,21
20260805,MLB-TRUNS-I3-03I5CE5HELGD1EO-GTE-P00005,08/04/26 06:58 PM EDT,$0.45,17
20260805,MLB-TRUNS-I2-03I5CE5DELGD0G8-GTE-P00005,08/04/26 06:58 PM EDT,$0.29,19
20260805,MLB-TRUNS-IT5-03I5DRUGELG6M2G-GTE-P00045,08/04/26 06:58 PM EDT,$0.56,9
20260805,MLB-PHRR-FG-03I5DRUGELG6M2G-CORY000-GTE-P00015,08/04/26 06:58 PM EDT,$0.47,6
20260805,MLB-PHRR-FG-03I5DRUGELG6M2G-MUMI000-GTE-P00015,08/04/26 06:58 PM EDT,$0.48,6
20260805,MLB-TRUNS-IT5-03I5CE5DELGD0G8-GTE-P00035,08/04/26 06:58 PM EDT,$0.47,8
20260805,MLB-TRUNS-I2-03I5DRPFELG6MTG-GTE-P00005,08/04/26 06:59 PM EDT,$0.43,59
20260805,MLB-TRUNS-I2-03I5CE4PELGD0MO-GTE-P00005,08/04/26 06:59 PM EDT,$0.41,42
20260805,MLB-TRUNS-I2-03I5CE5DELGD0G8-GTE-P00005,08/04/26 06:59 PM EDT,$0.29,36
20260805,MLB-TRUNS-IT5-03I5DRP4ELG6MI0-GTE-P00045,08/04/26 06:59 PM EDT,$0.49,18
20260805,MLB-TRUNS-I2-03I5CE5HELGD1EO-GTE-P00005,08/04/26 06:59 PM EDT,$0.62,93
20260805,MLB-PHRR-FG-03I5DRPHELG6M28-BLAN000-GTE-P00015,08/04/26 06:59 PM EDT,$0.48,6
20260805,MLB-TRUNS-IT5-03I5CE5DELGD0G8-GTE-P00035,08/04/26 06:59 PM EDT,$0.45,44
20260805,MLB-TRUNS-I1-03I5DRPHELG6M28-GTE-P00005,08/04/26 06:59 PM EDT,$0.54,10
20260805,MLB-TRUNS-IT5-03I5DRPHELG6M28-GTE-P00045,08/04/26 07:00 PM EDT,$0.47,45
20260805,MLB-TRUNS-I3-03I5CE5DELGD0G8-GTE-P00005,08/04/26 07:00 PM EDT,$0.48,46
20260805,MLB-TRUNS-IT5-03I5CE5DELGD0G8-GTE-P00035,08/04/26 07:00 PM EDT,$0.43,6
20260805,MLB-MOVY-IT5-03I5CE5HELGD1EO-CIDS000-GTE-P00005,08/04/26 07:00 PM EDT,$0.44,163
20260805,MLB-PHRR-FG-03I5CE5HELGD1EO-DOON000-GTE-P00005,08/04/26 07:00 PM EDT,$0.61,100
20260805,MLB-TRUNS-I2-03I5CE5HELGD1EO-GTE-P00005,08/04/26 07:00 PM EDT,$0.40,3
20260805,MLB-TRUNS-IT5-03I5CE4PELGD0MO-GTE-P00025,08/04/26 07:00 PM EDT,$0.59,31
20260805,MLB-MOVY-IT5-03I5DRP4ELG6MI0-PHES000-GTE-P00015,08/04/26 07:00 PM EDT,$0.48,29
20260805,MLB-PHRR-FG-03I5CE5HELGD1EO-DOON000-GTE-P00005,08/04/26 07:00 PM EDT,$0.61,100
20260805,MLB-MOVY-IT5-03I5CE5HELGD1EO-CIDS000-GTE-P00005,08/04/26 07:00 PM EDT,$0.44,22
20260805,MLB-TRUNS-IT5-03I5CE5HELGD1EO-GTE-P00035,08/04/26 07:01 PM EDT,$0.48,92
20260805,MLB-MOVY-IT5-03I5CE4PELGD0MO-CLNS000-GTE-P00005,08/04/26 07:01 PM EDT,$0.46,21
20260805,MLB-WIN-IT5-03I5DRP4ELG6MI0-WALS000,08/04/26 07:01 PM EDT,$0.24,96
20260805,MLB-MOVY-IT5-03I5CE5DELGD0G8-BAES000-GTE-P00005,08/04/26 07:01 PM EDT,$0.43,91
20260805,MLB-TRUNS-I2-03I5CE5HELGD1EO-GTE-P00005,08/04/26 07:01 PM EDT,$0.44,20
20260805,MLB-TRUNS-IT5-03I5DRP4ELG6MI0-GTE-P00055,08/04/26 07:01 PM EDT,$0.47,204
20260805,MLB-TRUNS-IT5-03I5CE4PELGD0MO-GTE-P00025,08/04/26 07:01 PM EDT,$0.56,47
20260805,MLB-MOVY-IT5-03I5CE5DELGD0G8-BAES000-GTE-P00005,08/04/26 07:01 PM EDT,$0.45,10
20260805,MLB-TRUNS-I2-03I5CE4PELGD0MO-GTE-P00005,08/04/26 07:01 PM EDT,$0.33,24
20260805,MLB-MOVY-IT5-03I5DRP4ELG6MI0-PHES000-GTE-P00015,08/04/26 07:01 PM EDT,$0.50,45
20260805,KBO-TRUNS-FG-02HH7RC6OL5IIMG-GTE-P00095,08/04/26 07:01 PM EDT,$0.55,140
20260805,MLB-TRUNS-IT5-03I5CE5HELGD1EO-GTE-P00035,08/04/26 07:02 PM EDT,$0.50,9
20260805,MLB-TRUNS-IT5-03I5DRP4ELG6MI0-GTE-P00055,08/04/26 07:02 PM EDT,$0.42,33
20260805,MLB-WIN-IT5-03I5DRUGELG6M2G-CHOX000,08/04/26 07:02 PM EDT,$0.47,2
20260805,MLB-WIN-IT5-03I5DRPHELG6M28-STLS000,08/04/26 07:02 PM EDT,$0.37,2
20260805,MLB-TRUNS-IT5-03I5CE5DELGD0G8-GTE-P00025,08/04/26 07:02 PM EDT,$0.55,8
20260805,MLB-WIN-IT5-03I5DRP4ELG6MI0-WALS000,08/04/26 07:02 PM EDT,$0.22,43
20260805,MLB-TRUNS-I3-03I5CE5DELGD0G8-GTE-P00005,08/04/26 07:02 PM EDT,$0.48,46
20260805,MLB-WIN-IT5-03I5CE5HELGD1EO-CIDS000,08/04/26 07:02 PM EDT,$0.56,12
20260805,MLB-TRUNS-IT5-03I5CE5DELGD0G8-GTE-P00025,08/04/26 07:02 PM EDT,$0.53,51
20260805,MLB-WIN-IT5-03I5CE4PELGD0MO-NYTS000,08/04/26 07:03 PM EDT,$0.40,11
20260805,MLB-TRUNS-IT5-03I5DRPHELG6M28-GTE-P00045,08/04/26 07:03 PM EDT,$0.49,20
20260805,MLB-TRUNS-I3-03I5CE5DELGD0G8-GTE-P00005,08/04/26 07:03 PM EDT,$0.48,9
20260805,MLB-MOVY-IT5-03I5DRP4ELG6MI0-PHES000-GTE-P00015,08/04/26 07:03 PM EDT,$0.52,8
20260805,MLB-TRUNS-I2-03I5CE5HELGD1EO-GTE-P00005,08/04/26 07:03 PM EDT,$0.31,100
20260805,MLB-TRUNS-I3-03I5CE4PELGD0MO-GTE-P00005,08/04/26 07:03 PM EDT,$0.40,100
20260805,MLB-TRUNS-IT5-03I5CE5DELGD0G8-GTE-P00025,08/04/26 07:03 PM EDT,$0.52,77
20260805,MLB-TRUNS-IT5-03I5DRP4ELG6MI0-GTE-P00045,08/04/26 07:03 PM EDT,$0.52,100
20260805,MLB-WIN-IT5-03I5CE5HELGD1EO-ATCS000,08/04/26 07:03 PM EDT,$0.41,350
20260805,KBO-MOVY-FG-02HH7RFHOL5IIT8-SANS000-GTE-P00015,08/04/26 07:03 PM EDT,$0.49,19
20260805,MLB-TRUNS-I3-03I5CE5DELGD0G8-GTE-P00005,08/04/26 07:03 PM EDT,$0.48,46
20260805,MLB-WIN-IT5-03I5DRTFELG6MK8-MIRS000,08/04/26 07:03 PM EDT,$0.57,169
20260805,MLB-TRUNS-IT5-03I5CE5DELGD0G8-GTE-P00025,08/04/26 07:03 PM EDT,$0.51,41
20260805,MLB-TRUNS-I2-03I5CE4PELGD0MO-GTE-P00005,08/04/26 07:03 PM EDT,$0.33,2
20260805,MLB-WIN-IT5-03I5CE5DELGD0G8-BAES000,08/04/26 07:04 PM EDT,$0.52,48
20260805,MLB-TRUNS-I3-03I5CE4PELGD0MO-GTE-P00005,08/04/26 07:04 PM EDT,$0.40,100
20260805,MLB-WIN-IT5-03I5DRV9ELG6MKO-KCLS000,08/04/26 07:04 PM EDT,$0.43,1
20260805,MLB-MOVY-IT5-03I5DRPHELG6M28-NYES000-GTE-P00005,08/04/26 07:04 PM EDT,$0.55,188
20260805,MLB-TRUNS-I3-03I5CE5DELGD0G8-GTE-P00005,08/04/26 07:04 PM EDT,$0.48,9
20260805,MLB-PHRR-FG-03I5DRTFELG6MK8-COTT000-GTE-P00005,08/04/26 07:04 PM EDT,$0.64,7
20260805,MLB-PHRR-FG-03I5DRPHELG6M28-LUAS000-GTE-P00015,08/04/26 07:04 PM EDT,$0.59,8
20260805,MLB-PHRR-FG-03I5DSD4ELGER48-JURO000-GTE-P00035,08/04/26 07:04 PM EDT,$0.42,34
20260805,MLB-WIN-IT5-03I5DRUGELG6M2G-BOOX000,08/04/26 07:04 PM EDT,$0.56,8
20260805,MLB-PHRR-FG-03I5DSD4ELGER48-JURO000-GTE-P00045,08/04/26 07:04 PM EDT,$0.30,4
20260805,MLB-TRUNS-IT5-03I5DRP4ELG6MI0-GTE-P00045,08/04/26 07:04 PM EDT,$0.47,36
20260805,MLB-PHRR-FG-03I5CE5HELGD1EO-ELUZ001-GTE-P00015,08/04/26 07:04 PM EDT,$0.49,42
20260805,MLB-TRUNS-IT5-03I5CE5DELGD0G8-GTE-P00035,08/04/26 07:04 PM EDT,$0.44,51
20260805,MLB-PHRR-FG-03I5DRPHELG6M28-GEJR000-GTE-P00005,08/04/26 07:04 PM EDT,$0.67,2
20260805,MLB-TRUNS-I2-03I5CE4PELGD0MO-GTE-P00005,08/04/26 07:04 PM EDT,$0.25,100
20260805,MLB-WIN-IT5-03I5CE5DELGD0G8-BAES000,08/04/26 07:04 PM EDT,$0.45,10
20260805,MLB-MOVY-IT5-03I5CE5DELGD0G8-LALS000-GTE-P00005,08/04/26 07:04 PM EDT,$0.47,81
20260805,MLB-TRUNS-IT5-03I5CE5DELGD0G8-GTE-P00035,08/04/26 07:05 PM EDT,$0.47,31
20260805,MLB-TRUNS-IT5-03I5CE5DELGD0G8-GTE-P00035,08/04/26 07:05 PM EDT,$0.47,10
20260805,MLB-TRUNS-I3-03I5CE5HELGD1EO-GTE-P00005,08/04/26 07:05 PM EDT,$0.54,100
20260805,MLB-PHRR-FG-03I5DRVQELG6N68-LEEZ001-GTE-P00025,08/04/26 07:05 PM EDT,$0.27,8
20260805,MLB-PHRR-FG-03I5DRVQELG6N68-JAEE000-GTE-P00025,08/04/26 07:05 PM EDT,$0.31,8
20260805,MLB-PHRR-FG-03I5DRVQELG6N68-OWIE000-GTE-P00025,08/04/26 07:05 PM EDT,$0.30,8
20260805,MLB-MOVY-IT5-03I5DRPHELG6M28-NYES000-GTE-P00005,08/04/26 07:05 PM EDT,$0.55,163
20260805,MLB-MOVY-IT5-03I5DRPHELG6M28-NYES000-GTE-P00005,08/04/26 07:05 PM EDT,$0.55,70
20260805,MLB-WIN-IT5-03I5CE5HELGD1EO-CIDS000,08/04/26 07:05 PM EDT,$0.58,25
20260805,MLB-TRUNS-I3-03I5CE5HELGD1EO-GTE-P00015,08/04/26 07:05 PM EDT,$0.33,100
20260805,MLB-PHRR-FG-03I5DRPFELG6MTG-SHNI001-GTE-P00015,08/04/26 07:05 PM EDT,$0.67,7
20260805,MLB-PHRR-FG-03I5DRVQELG6N68-MAON003-GTE-P00025,08/04/26 07:05 PM EDT,$0.45,10
20260805,MLB-PHRR-FG-03I5DRVQELG6N68-ROJR000-GTE-P00025,08/04/26 07:05 PM EDT,$0.42,11
20260805,MLB-TRUNS-IT5-03I5CE5DELGD0G8-GTE-P00035,08/04/26 07:05 PM EDT,$0.48,56
20260805,MLB-TRUNS-I3-03I5CE5DELGD0G8-GTE-P00015,08/04/26 07:05 PM EDT,$0.59,2
20260805,MLB-WIN-IT5-03I5CE5DELGD0G8-LALS000,08/04/26 07:06 PM EDT,$0.64,53
20260805,MLB-MOVY-IT5-03I5CE5HELGD1EO-CIDS000-GTE-P00005,08/04/26 07:06 PM EDT,$0.46,178
20260805,MLB-TRUNS-IT5-03I5CE5DELGD0G8-GTE-P00025,08/04/26 07:06 PM EDT,$0.67,77
20260805,MLB-TRUNS-I3-03I5CE5DELGD0G8-GTE-P00005,08/04/26 07:06 PM EDT,$0.77,100
20260805,MLB-PHRR-FG-03I5DRPHELG6M28-HEOS000-GTE-P00015,08/04/26 07:06 PM EDT,$0.58,21
20260805,MLB-TRUNS-IT5-03I5CE5DELGD0G8-GTE-P00035,08/04/26 07:06 PM EDT,$0.53,3
20260805,MLB-MOVY-IT5-03I5CE5HELGD1EO-CIDS000-GTE-P00005,08/04/26 07:06 PM EDT,$0.47,30
20260805,MLB-WIN-IT5-03I5CE5HELGD1EO-ATCS000,08/04/26 07:06 PM EDT,$0.42,227
20260805,MLB-PHRR-FG-03I5CE5HELGD1EO-DARS000-GTE-P00015,08/04/26 07:06 PM EDT,$0.43,4
20260805,MLB-TRUNS-IT5-03I5CE5DELGD0G8-GTE-P00035,08/04/26 07:06 PM EDT,$0.51,65
20260805,MLB-TRUNS-I9-03I5CE5HELGD1EO-GTE-P00005,08/04/26 07:06 PM EDT,$0.40,38
20260805,MLB-TRUNS-I4-03I5CE5DELGD0G8-GTE-P00005,08/04/26 07:06 PM EDT,$0.46,44
20260805,MLB-PHRR-FG-03I5CE5HELGD1EO-ELUZ001-GTE-P00015,08/04/26 07:07 PM EDT,$0.49,9
20260805,MLB-WIN-IT5-03I5CE5DELGD0G8-BAES000,08/04/26 07:07 PM EDT,$0.45,8
20260805,MLB-TRUNS-IT5-03I5DRP4ELG6MI0-GTE-P00045,08/04/26 07:07 PM EDT,$0.41,350
20260805,MLB-TRUNS-I3-03I5CE5DELGD0G8-GTE-P00005,08/04/26 07:07 PM EDT,$0.58,22
20260805,MLB-WIN-IT5-03I5DRP4ELG6MI0-PHES000,08/04/26 07:07 PM EDT,$0.87,112
20260805,MLB-WIN-IT5-03I5DRVQELG6N68-ATES000,08/04/26 07:07 PM EDT,$0.57,8
20260805,MLB-PHRR-FG-03I5CE5HELGD1EO-LAER001-GTE-P00015,08/04/26 07:07 PM EDT,$0.45,4
20260805,MLB-WIN-IT5-03I5DRVQELG6N68-ATES000,08/04/26 07:07 PM EDT,$0.57,93
20260805,MLB-WIN-IT5-03I5DRVQELG6N68-ATES000,08/04/26 07:07 PM EDT,$0.57,930
20260805,MLB-PHRR-FG-03I5DSD4ELGER48-YAAZ000-GTE-P00025,08/04/26 07:07 PM EDT,$0.55,6
20260805,MLB-MOVY-IT5-03I5CE5DELGD0G8-LALS000-GTE-P00005,08/04/26 07:07 PM EDT,$0.40,994
20260805,MLB-WIN-IT5-03I5CE5HELGD1EO-ATCS000,08/04/26 07:07 PM EDT,$0.44,197
20260805,MLB-TRUNS-I2-03I5DRP4ELG6MI0-GTE-P00005,08/04/26 07:07 PM EDT,$0.27,37
20260805,MLB-MOVY-IT5-03I5CE5HELGD1EO-CIDS000-GTE-P00005,08/04/26 07:07 PM EDT,$0.42,8
20260805,MLB-TRUNS-I3-03I5CE5DELGD0G8-GTE-P00005,08/04/26 07:07 PM EDT,$0.54,10
20260805,MLB-TRUNS-I9-03I5CE5HELGD1EO-GTE-P00005,08/04/26 07:07 PM EDT,$0.32,38
20260805,MLB-TRUNS-I3-03I5CE5DELGD0G8-GTE-P00005,08/04/26 07:08 PM EDT,$0.54,62
20260805,MLB-TRUNS-I2-03I5DRP4ELG6MI0-GTE-P00005,08/04/26 07:08 PM EDT,$0.30,81
20260805,MLB-TRUNS-I3-03I5CE5DELGD0G8-GTE-P00005,08/04/26 07:08 PM EDT,$0.60,80
20260805,MLB-WIN-IT5-03I5DRPHELG6M28-NYES000,08/04/26 07:08 PM EDT,$0.63,23
20260805,MLB-WIN-IT5-03I5DRVQELG6N68-ATES000,08/04/26 07:08 PM EDT,$0.57,8
20260805,MLB-WIN-IT5-03I5DRUGELG6M2G-BOOX000,08/04/26 07:08 PM EDT,$0.56,8
20260805,MLB-MOVY-IT5-03I5DRPHELG6M28-NYES000-GTE-P00005,08/04/26 07:08 PM EDT,$0.55,10
20260805,MLB-TRUNS-IT5-03I5CE5DELGD0G8-GTE-P00025,08/04/26 07:08 PM EDT,$0.55,1
20260805,MLB-PHRR-FG-03I5CE5HELGD1EO-DOON000-GTE-P00005,08/04/26 07:08 PM EDT,$0.42,100
20260805,MLB-TRUNS-IT5-03I5CE5DELGD0G8-GTE-P00025,08/04/26 07:08 PM EDT,$0.53,40
20260805,MLB-PHRR-FG-03I5CE5HELGD1EO-TYON000-GTE-P00015,08/04/26 07:08 PM EDT,$0.40,4
20260805,MLB-TRUNS-IT5-03I5DRP4ELG6MI0-GTE-P00035,08/04/26 07:08 PM EDT,$0.55,175
20260805,MLB-WIN-IT5-03I5CE5DELGD0G8-BAES000,08/04/26 07:08 PM EDT,$0.48,989
20260805,MLB-WIN-IT5-03I5CE5DELGD0G8-BAES000,08/04/26 07:08 PM EDT,$0.48,350
20260805,MLB-TRUNS-IT5-03I5CE5HELGD1EO-GTE-P00025,08/04/26 07:08 PM EDT,$0.53,6
20260805,MLB-PHRR-FG-03I5CE5HELGD1EO-DOON000-GTE-P00005,08/04/26 07:08 PM EDT,$0.42,100
20260805,MLB-TRUNS-IT5-03I5CE5HELGD1EO-GTE-P00025,08/04/26 07:08 PM EDT,$0.53,350
20260805,MLB-TRUNS-IT5-03I5CE5HELGD1EO-GTE-P00025,08/04/26 07:08 PM EDT,$0.53,1000
20260805,MLB-WIN-IT5-03I5CE5DELGD0G8-BAES000,08/04/26 07:08 PM EDT,$0.52,127
20260805,MLB-WIN-IT5-03I5CE4PELGD0MO-CLNS000,08/04/26 07:09 PM EDT,$0.22,350
20260805,MLB-TRUNS-I4-03I5CE5HELGD1EO-GTE-P00005,08/04/26 07:09 PM EDT,$0.41,100
20260805,MLB-TRUNS-I3-03I5CE5DELGD0G8-GTE-P00005,08/04/26 07:09 PM EDT,$0.52,37
20260805,MLB-TRUNS-I3-03I5CE5DELGD0G8-GTE-P00005,08/04/26 07:09 PM EDT,$0.44,100
20260805,MLB-TRUNS-I3-03I5CE5HELGD1EO-GTE-P00005,08/04/26 07:09 PM EDT,$0.45,100
20260805,MLB-TRUNS-IT5-03I5CE5HELGD1EO-GTE-P00025,08/04/26 07:09 PM EDT,$0.53,18
20260805,MLB-TRUNS-IT5-03I5CE5HELGD1EO-GTE-P00025,08/04/26 07:09 PM EDT,$0.51,313
20260805,MLB-TRUNS-IT5-03I5CE5HELGD1EO-GTE-P00025,08/04/26 07:09 PM EDT,$0.51,350
20260805,MLB-TRUNS-IT5-03I5CE4PELGD0MO-GTE-P00055,08/04/26 07:09 PM EDT,$0.54,58
20260805,MLB-TRUNS-IT5-03I5CE4PELGD0MO-GTE-P00055,08/04/26 07:09 PM EDT,$0.54,44
20260805,MLB-WIN-IT5-03I5CE5DELGD0G8-LALS000,08/04/26 07:09 PM EDT,$0.45,12
20260805,MLB-PHRR-FG-03I5DRUGELG6M2G-CELA000-GTE-P00015,08/04/26 07:09 PM EDT,$0.61,4
20260805,MLB-TRUNS-I3-03I5CE5DELGD0G8-GTE-P00005,08/04/26 07:09 PM EDT,$0.38,78
20260805,MLB-TRUNS-I2-03I5CE5HELGD1EO-GTE-P00005,08/04/26 07:09 PM EDT,$0.12,56
20260805,MLB-TRUNS-I2-03I5DRP4ELG6MI0-GTE-P00005,08/04/26 07:09 PM EDT,$0.25,3
20260805,MLB-WIN-IT5-03I5DRPHELG6M28-STLS000,08/04/26 07:09 PM EDT,$0.40,2
20260805,MLB-PHRR-FG-03I5DRUGELG6M2G-ANIO000-GTE-P00015,08/04/26 07:10 PM EDT,$0.49,19
20260805,MLB-TRUNS-I3-03I5CE5DELGD0G8-GTE-P00005,08/04/26 07:10 PM EDT,$0.47,18
20260805,MLB-TRUNS-I2-03I5CE5HELGD1EO-GTE-P00005,08/04/26 07:10 PM EDT,$0.04,100
20260805,MLB-PHRR-FG-03I5DSF4ELGEQT0-YOEZ000-GTE-P00015,08/04/26 07:10 PM EDT,$0.62,4
20260805,MLB-WIN-IT5-03I5DRUGELG6M2G-BOOX000,08/04/26 07:10 PM EDT,$0.56,12
20260805,MLB-TRUNS-I3-03I5CE5DELGD0G8-GTE-P00005,08/04/26 07:10 PM EDT,$0.44,5
20260805,MLB-WIN-IT5-03I5DRVQELG6N68-MINS001,08/04/26 07:10 PM EDT,$0.44,4
20260805,MLB-TRUNS-I3-03I5CE5HELGD1EO-GTE-P00005,08/04/26 07:10 PM EDT,$0.45,98
20260805,MLB-PHRR-FG-03I5DRUGELG6M2G-MUMI000-GTE-P00025,08/04/26 07:10 PM EDT,$0.33,28
20260805,MLB-WIN-IT5-03I5DRVQELG6N68-ATES000,08/04/26 07:10 PM EDT,$0.58,10
20260805,MLB-WIN-IT5-03I5DRP4ELG6MI0-WALS000,08/04/26 07:10 PM EDT,$0.13,142
20260805,MLB-TRUNS-I3-03I5CE5DELGD0G8-GTE-P00005,08/04/26 07:10 PM EDT,$0.24,18
20260805,MLB-TRUNS-I2-03I5CE4PELGD0MO-GTE-P00035,08/04/26 07:10 PM EDT,$0.44,4
20260805,MLB-TRUNS-I3-03I5CE5HELGD1EO-GTE-P00005,08/04/26 07:10 PM EDT,$0.45,100
20260805,MLB-TRUNS-IT5-03I5CE5DELGD0G8-GTE-P00035,08/04/26 07:10 PM EDT,$0.27,8
20260805,MLB-TRUNS-IT5-03I5CE5HELGD1EO-GTE-P00025,08/04/26 07:10 PM EDT,$0.50,19
20260805,MLB-TRUNS-IT5-03I5CE5DELGD0G8-GTE-P00025,08/04/26 07:10 PM EDT,$0.41,163
20260805,MLB-TRUNS-IT5-03I5CE5DELGD0G8-GTE-P00035,08/04/26 07:10 PM EDT,$0.25,10
20260805,MLB-TRUNS-I3-03I5CE5HELGD1EO-GTE-P00005,08/04/26 07:11 PM EDT,$0.45,100
20260805,MLB-TRUNS-IT5-03I5DRPHELG6M28-GTE-P00045,08/04/26 07:11 PM EDT,$0.44,20
20260805,MLB-TRUNS-IT5-03I5DRPHELG6M28-GTE-P00045,08/04/26 07:11 PM EDT,$0.44,88
20260805,MLB-TRUNS-I3-03I5CE5DELGD0G8-GTE-P00005,08/04/26 07:11 PM EDT,$0.32,46
20260805,MLB-TRUNS-I3-03I5DRP4ELG6MI0-GTE-P00005,08/04/26 07:11 PM EDT,$0.47,100
20260805,MLB-MOVY-IT5-03I5CE5HELGD1EO-ATCS000-GTE-P00005,08/04/26 07:11 PM EDT,$0.34,323
20260805,MLB-TRUNS-IT5-03I5CE5HELGD1EO-GTE-P00025,08/04/26 07:11 PM EDT,$0.50,57
20260805,MLB-WIN-IT5-03I5DRUGELG6M2G-BOOX000,08/04/26 07:11 PM EDT,$0.56,350
20260805,MLB-MOVY-IT5-03I5CE4PELGD0MO-CLNS000-GTE-P00005,08/04/26 07:11 PM EDT,$0.09,9
20260805,MLB-MOVY-IT5-03I5DRV9ELG6MKO-MINS000-GTE-P00005,08/04/26 07:11 PM EDT,$0.48,255
20260805,MLB-MOVY-IT5-03I5DRUGELG6M2G-BOOX000-GTE-P00005,08/04/26 07:11 PM EDT,$0.50,150
20260805,NPB-WIN-FG-02HH6F7MOL5SIEG-FUKS000,08/04/26 07:11 PM EDT,$0.57,8
20260805,MLB-WIN-IT5-03I5DRUGELG6M2G-BOOX000,08/04/26 07:11 PM EDT,$0.58,612
20260805,MLB-TRUNS-IT5-03I5CE5DELGD0G8-GTE-P00025,08/04/26 07:11 PM EDT,$0.40,1000
20260805,MLB-TRUNS-IT5-03I5CE5DELGD0G8-GTE-P00025,08/04/26 07:11 PM EDT,$0.40,350
20260805,MLB-TRUNS-IT5-03I5CE5DELGD0G8-GTE-P00025,08/04/26 07:12 PM EDT,$0.40,32
20260805,MLB-MOVY-IT5-03I5DRUGELG6M2G-BOOX000-GTE-P00005,08/04/26 07:12 PM EDT,$0.51,377
20260805,MLB-TRUNS-IT5-03I5DRUGELG6M2G-GTE-P00045,08/04/26 07:12 PM EDT,$0.55,2
20260805,MLB-TRUNS-IT5-03I5CE5DELGD0G8-GTE-P00055,08/04/26 07:12 PM EDT,$0.12,19
20260805,MLB-WIN-IT5-03I5DRVQELG6N68-ATES000,08/04/26 07:12 PM EDT,$0.58,25
20260805,MLB-WIN-IT5-03I5CE4PELGD0MO-CLNS000,08/04/26 07:12 PM EDT,$0.12,91
20260805,MLB-TRUNS-IT5-03I5DSDCELGERO0-GTE-P00045,08/04/26 07:12 PM EDT,$0.44,34
20260805,MLB-TRUNS-I3-03I5DRP4ELG6MI0-GTE-P00005,08/04/26 07:12 PM EDT,$0.48,100
20260805,MLB-WIN-IT5-03I5CE4PELGD0MO-CLNS000,08/04/26 07:12 PM EDT,$0.13,4
20260805,MLB-TRUNS-I3-03I5CE5DELGD0G8-GTE-P00005,08/04/26 07:12 PM EDT,$0.24,37
20260805,MLB-WIN-IT5-03I5DRUGELG6M2G-BOOX000,08/04/26 07:12 PM EDT,$0.58,50
20260805,MLB-WIN-IT5-03I5CE5DELGD0G8-BAES000,08/04/26 07:12 PM EDT,$0.60,350
20260805,MLB-TRUNS-I3-03I5CE5HELGD1EO-GTE-P00005,08/04/26 07:12 PM EDT,$0.42,83
20260805,MLB-WIN-IT5-03I5CE5DELGD0G8-BAES000,08/04/26 07:12 PM EDT,$0.60,350
20260805,MLB-PHRR-FG-03I5DRPFELG6MTG-ANES000-GTE-P00055,08/04/26 07:12 PM EDT,$0.12,9
20260805,MLB-MOVY-IT5-03I5DRVQELG6N68-ATES000-GTE-P00005,08/04/26 07:12 PM EDT,$0.50,480
20260805,MLB-TRUNS-IT5-03I5DRUGELG6M2G-GTE-P00045,08/04/26 07:12 PM EDT,$0.54,41
20260805,MLB-TRUNS-I2-03I5DRP4ELG6MI0-GTE-P00005,08/04/26 07:12 PM EDT,$0.30,100
20260805,MLB-TRUNS-I1-03I5DRPFELG6MTG-GTE-P00035,08/04/26 07:12 PM EDT,$0.11,7
20260805,MLB-TRUNS-I3-03I5CE4PELGD0MO-GTE-P00005,08/04/26 07:12 PM EDT,$0.49,100
20260805,MLB-TRUNS-IT5-03I5CE5DELGD0G8-GTE-P00025,08/04/26 07:13 PM EDT,$0.41,32
20260805,MLB-WIN-IT5-03I5DRPFELG6MTG-LARS000,08/04/26 07:13 PM EDT,$0.66,97
20260805,MLB-WIN-IT5-03I5DRP4ELG6MI0-WALS000,08/04/26 07:13 PM EDT,$0.10,90
20260805,MLB-TRUNS-IT5-03I5DRPHELG6M28-GTE-P00045,08/04/26 07:13 PM EDT,$0.44,34
20260805,MLB-TRUNS-I2-03I5DRP4ELG6MI0-GTE-P00015,08/04/26 07:13 PM EDT,$0.28,100
20260805,MLB-MOVY-IT5-03I5DRVQELG6N68-ATES000-GTE-P00005,08/04/26 07:13 PM EDT,$0.50,58
20260805,MLB-TRUNS-IT5-03I5CE5DELGD0G8-GTE-P00025,08/04/26 07:13 PM EDT,$0.45,7
20260805,MLB-TRUNS-I3-03I5CE5DELGD0G8-GTE-P00015,08/04/26 07:13 PM EDT,$0.18,100
20260805,MLB-MOVY-IT5-03I5DRP4ELG6MI0-PHES000-GTE-P00025,08/04/26 07:13 PM EDT,$0.47,198
20260805,MLB-MOVY-IT5-03I5CE5DELGD0G8-BAES000-GTE-P00005,08/04/26 07:13 PM EDT,$0.50,288
20260805,MLB-TRUNS-IT5-03I5DRPHELG6M28-GTE-P00045,08/04/26 07:13 PM EDT,$0.44,129
20260805,MLB-MOVY-IT5-03I5CE5DELGD0G8-BAES000-GTE-P00005,08/04/26 07:13 PM EDT,$0.50,115
20260805,MLB-TRUNS-I2-03I5DRP4ELG6MI0-GTE-P00005,08/04/26 07:13 PM EDT,$0.39,37
20260805,MLB-TRUNS-I3-03I5DRP4ELG6MI0-GTE-P00005,08/04/26 07:13 PM EDT,$0.44,100
20260805,MLB-WIN-IT5-03I5DRVQELG6N68-ATES000,08/04/26 07:13 PM EDT,$0.58,33
20260805,MLB-MOVY-IT5-03I5DRUGELG6M2G-BOOX000-GTE-P00005,08/04/26 07:13 PM EDT,$0.54,134
20260805,MLB-TRUNS-I2-03I5DRP4ELG6MI0-GTE-P00005,08/04/26 07:13 PM EDT,$0.39,11
20260805,MLB-TRUNS-I2-03I5DRP4ELG6MI0-GTE-P00005,08/04/26 07:13 PM EDT,$0.31,100
20260805,MLB-TRUNS-IT5-03I5DRP4ELG6MI0-GTE-P00035,08/04/26 07:13 PM EDT,$0.65,7
20260805,MLB-WIN-IT5-03I5DRV9ELG6MKO-KCLS000,08/04/26 07:14 PM EDT,$0.43,46
20260805,MLB-TRUNS-IT5-03I5DRPFELG6MTG-GTE-P00045,08/04/26 07:14 PM EDT,$0.53,18
20260805,MLB-TRUNS-IT5-03I5CE5DELGD0G8-GTE-P00025,08/04/26 07:14 PM EDT,$0.50,26
20260805,MLB-TRUNS-I3-03I5CE5DELGD0G8-GTE-P00005,08/04/26 07:14 PM EDT,$0.42,9
20260805,MLB-TRUNS-IT5-03I5DRP4ELG6MI0-GTE-P00035,08/04/26 07:14 PM EDT,$0.47,8
20260805,MLB-TRUNS-I1-03I5DRVQELG6N68-GTE-P00015,08/04/26 07:14 PM EDT,$0.34,55
20260805,MLB-TRUNS-I2-03I5DRUGELG6M2G-GTE-P00005,08/04/26 07:14 PM EDT,$0.45,7
20260805,MLB-TRUNS-I1-03I5DRVQELG6N68-GTE-P00015,08/04/26 07:14 PM EDT,$0.34,336
20260805,MLB-PHRR-FG-03I5DSF4ELGEQT0-JENA000-GTE-P00015,08/04/26 07:15 PM EDT,$0.50,94
20260805,MLB-WIN-IT5-03I5DRP4ELG6MI0-WALS000,08/04/26 07:15 PM EDT,$0.17,55
20260805,MLB-MOVY-IT5-03I5CE5HELGD1EO-CIDS000-GTE-P00005,08/04/26 07:15 PM EDT,$0.41,163
20260805,MLB-MOVY-IT5-03I5DRP4ELG6MI0-PHES000-GTE-P00015,08/04/26 07:15 PM EDT,$0.52,20
20260805,MLB-TRUNS-I3-03I5CE5DELGD0G8-GTE-P00005,08/04/26 07:15 PM EDT,$0.33,21
20260805,MLB-MOVY-IT5-03I5DRVQELG6N68-ATES000-GTE-P00005,08/04/26 07:15 PM EDT,$0.48,7
20260805,MLB-WIN-IT5-03I5CE5HELGD1EO-CIDS000,08/04/26 07:15 PM EDT,$0.61,634
20260805,MLB-TRUNS-IT5-03I5CE5HELGD1EO-GTE-P00025,08/04/26 07:15 PM EDT,$0.41,471
20260805,MLB-TRUNS-IT5-03I5CE5HELGD1EO-GTE-P00025,08/04/26 07:15 PM EDT,$0.41,350
20260805,MLB-TRUNS-IT5-03I5DRUGELG6M2G-GTE-P00045,08/04/26 07:15 PM EDT,$0.49,28
20260805,MLB-TRUNS-IT5-03I5CE5DELGD0G8-GTE-P00025,08/04/26 07:15 PM EDT,$0.46,339
20260805,MLB-TRUNS-IT5-03I5CE5DELGD0G8-GTE-P00025,08/04/26 07:15 PM EDT,$0.46,350
20260805,MLB-TRUNS-I3-03I5CE4PELGD0MO-GTE-P00005,08/04/26 07:15 PM EDT,$0.41,48
20260805,MLB-WIN-IT5-03I5DRUGELG6M2G-BOOX000,08/04/26 07:15 PM EDT,$0.60,3
20260805,MLB-WIN-IT5-03I5DRVQELG6N68-ATES000,08/04/26 07:15 PM EDT,$0.58,41
20260805,MLB-MOVY-IT5-03I5CE4PELGD0MO-NYTS000-GTE-P00025,08/04/26 07:15 PM EDT,$0.57,50
20260805,MLB-TRUNS-IT5-03I5CE5HELGD1EO-GTE-P00025,08/04/26 07:15 PM EDT,$0.40,483
20260805,MLB-TRUNS-IT5-03I5CE5DELGD0G8-GTE-P00045,08/04/26 07:15 PM EDT,$0.26,20
20260805,MLB-WIN-IT5-03I5DRV9ELG6MKO-KCLS000,08/04/26 07:15 PM EDT,$0.43,11
20260805,MLB-TRUNS-IT5-03I5CE5DELGD0G8-GTE-P00025,08/04/26 07:15 PM EDT,$0.48,73
20260805,MLB-MOVY-IT5-03I5DRPHELG6M28-NYES000-GTE-P00015,08/04/26 07:15 PM EDT,$0.45,46
20260805,MLB-WIN-IT5-03I5CE5DELGD0G8-BAES000,08/04/26 07:15 PM EDT,$0.66,14
20260805,MLB-MOVY-IT5-03I5DRVQELG6N68-ATES000-GTE-P00005,08/04/26 07:15 PM EDT,$0.50,146
20260805,MLB-TRUNS-I1-03I5DRUGELG6M2G-GTE-P00005,08/04/26 07:16 PM EDT,$0.38,54
20260805,MLB-MOVY-IT5-03I5DRV9ELG6MLO-TERS000-GTE-P00005,08/04/26 07:16 PM EDT,$0.54,8
20260805,MLB-TRUNS-IT5-03I5CE5HELGD1EO-GTE-P00015,08/04/26 07:16 PM EDT,$0.60,64
20260805,MLB-TRUNS-I2-03I5DRPHELG6M28-GTE-P00005,08/04/26 07:16 PM EDT,$0.41,8
20260805,MLB-TRUNS-IT5-03I5CE4PELGD0MO-GTE-P00045,08/04/26 07:16 PM EDT,$0.66,16
20260805,MLB-MOVY-IT5-03I5CE5HELGD1EO-CIDS000-GTE-P00015,08/04/26 07:16 PM EDT,$0.30,9
20260805,MLB-TRUNS-IT5-03I5CE5DELGD0G8-GTE-P00035,08/04/26 07:16 PM EDT,$0.48,40
20260805,MLB-TRUNS-IT5-03I5DRP4ELG6MI0-GTE-P00035,08/04/26 07:16 PM EDT,$0.53,1
20260805,MLB-TRUNS-I3-03I5CE5DELGD0G8-GTE-P00005,08/04/26 07:16 PM EDT,$0.82,5
20260805,MLB-PHRR-FG-03I5DRVQELG6N68-MIIS000-GTE-P00025,08/04/26 07:16 PM EDT,$0.48,10
20260805,MLB-PHRR-FG-03I5DRVQELG6N68-MAON003-GTE-P00025,08/04/26 07:16 PM EDT,$0.52,9
20260805,MLB-TRUNS-I4-03I5CE5DELGD0G8-GTE-P00005,08/04/26 07:17 PM EDT,$0.44,67
20260805,MLB-TRUNS-I3-03I5CE5DELGD0G8-GTE-P00005,08/04/26 07:17 PM EDT,$0.82,21
20260805,MLB-TRUNS-I3-03I5CE5DELGD0G8-GTE-P00015,08/04/26 07:17 PM EDT,$0.48,2
20260805,MLB-PHRR-FG-03I5DRPFELG6MTG-SHNI001-GTE-P00015,08/04/26 07:17 PM EDT,$0.65,29
20260805,MLB-PHRR-FG-03I5DRPFELG6MTG-FRAN000-GTE-P00025,08/04/26 07:17 PM EDT,$0.41,46
20260805,MLB-TRUNS-I3-03I5CE5DELGD0G8-GTE-P00005,08/04/26 07:17 PM EDT,$0.85,62
20260805,MLB-WIN-IT5-03I5DRUGELG6M2G-BOOX000,08/04/26 07:17 PM EDT,$0.62,15
20260805,MLB-TRUNS-I3-03I5CE5DELGD0G8-GTE-P00005,08/04/26 07:18 PM EDT,$0.88,18
20260805,MLB-TRUNS-I3-03I5CE5DELGD0G8-GTE-P00015,08/04/26 07:18 PM EDT,$0.65,100
20260805,MLB-TRUNS-I3-03I5CE5HELGD1EO-GTE-P00015,08/04/26 07:18 PM EDT,$0.09,100
20260805,MLB-WIN-IT5-03I5CE5DELGD0G8-LALS000,08/04/26 07:18 PM EDT,$0.14,22
20260805,MLB-TRUNS-I3-03I5CE5HELGD1EO-GTE-P00005,08/04/26 07:18 PM EDT,$0.25,100
20260805,MLB-MOVY-IT5-03I5CE5DELGD0G8-BAES000-GTE-P00015,08/04/26 07:18 PM EDT,$0.52,64
20260805,MLB-TRUNS-IT5-03I5CE5DELGD0G8-GTE-P00045,08/04/26 07:18 PM EDT,$0.35,350
20260805,MLB-TRUNS-I4-03I5DRPHELG6M28-GTE-P00035,08/04/26 07:18 PM EDT,$0.09,9
20260805,MLB-MOVY-IT5-03I5CE5DELGD0G8-BAES000-GTE-P00015,08/04/26 07:18 PM EDT,$0.52,1
20260805,MLB-TRUNS-IT5-03I5CE5DELGD0G8-GTE-P00045,08/04/26 07:18 PM EDT,$0.36,593
20260805,MLB-WIN-IT5-03I5CE5DELGD0G8-LALS000,08/04/26 07:18 PM EDT,$0.22,20
20260805,MLB-TRUNS-IT5-03I5CE5DELGD0G8-GTE-P00035,08/04/26 07:18 PM EDT,$0.47,20
20260805,MLB-TRUNS-I3-03I5CE5DELGD0G8-GTE-P00005,08/04/26 07:19 PM EDT,$0.60,100
20260805,MLB-PHRR-FG-03I5CE5DELGD0G8-CHIN001-GTE-P00005,08/04/26 07:19 PM EDT,$0.86,100
20260805,MLB-TRUNS-IT5-03I5DSCVELGERJ8-GTE-P00055,08/04/26 07:19 PM EDT,$0.45,21
20260805,MLB-WIN-IT5-03I5DRTFELG6MK8-MIRS000,08/04/26 07:19 PM EDT,$0.57,776
20260805,MLB-WIN-IT5-03I5DRTFELG6MK8-MIRS000,08/04/26 07:19 PM EDT,$0.57,71
20260805,MLB-TRUNS-IT5-03I5CE5HELGD1EO-GTE-P00015,08/04/26 07:19 PM EDT,$0.55,10
20260805,MLB-TRUNS-I4-03I5CE5DELGD0G8-GTE-P00035,08/04/26 07:19 PM EDT,$0.10,5
20260805,MLB-PHRR-FG-03I5DRPHELG6M28-JOTL000-GTE-P00035,08/04/26 07:19 PM EDT,$0.13,7
20260805,MLB-TRUNS-I4-03I5CE5DELGD0G8-GTE-P00035,08/04/26 07:20 PM EDT,$0.10,5
20260805,MLB-WIN-IT5-03I5CE5HELGD1EO-ATCS000,08/04/26 07:20 PM EDT,$0.41,57
20260805,MLB-WIN-IT5-03I5DRV9ELG6MLO-SFTS000,08/04/26 07:20 PM EDT,$0.38,100
20260805,MLB-MOVY-IT5-03I5CE5DELGD0G8-BAES000-GTE-P00025,08/04/26 07:20 PM EDT,$0.59,32
20260805,MLB-TRUNS-I5-03I5CE5HELGD1EO-GTE-P00005,08/04/26 07:20 PM EDT,$0.44,44
20260805,MLB-TRUNS-I1-03I5DRVQELG6N68-GTE-P00005,08/04/26 07:20 PM EDT,$0.38,2
20260805,MLB-TRUNS-IT5-03I5CE4PELGD0MO-GTE-P00055,08/04/26 07:20 PM EDT,$0.38,44
20260805,MLB-TRUNS-I1-03I5DRTFELG6MK8-GTE-P00015,08/04/26 07:20 PM EDT,$0.19,290
20260805,MLB-TRUNS-IT5-03I5DSF4ELGEQT0-GTE-P00045,08/04/26 07:20 PM EDT,$0.51,18
20260805,MLB-TRUNS-IT5-03I5DRPFELG6MTG-GTE-P00045,08/04/26 07:20 PM EDT,$0.52,18
20260805,MLB-TRUNS-I1-03I5DRUGELG6M2G-GTE-P00015,08/04/26 07:20 PM EDT,$0.50,100
20260805,MLB-TRUNS-I3-03I5CE5HELGD1EO-GTE-P00005,08/04/26 07:21 PM EDT,$0.13,17
20260805,MLB-TRUNS-I3-03I5CE5DELGD0G8-GTE-P00025,08/04/26 07:21 PM EDT,$0.29,100
20260805,MLB-MOVY-IT5-03I5CE5DELGD0G8-BAES000-GTE-P00025,08/04/26 07:21 PM EDT,$0.59,655
20260805,MLB-TRUNS-IT5-03I5DRPHELG6M28-GTE-P00035,08/04/26 07:21 PM EDT,$0.43,7
20260805,MLB-TRUNS-I3-03I5DRV9ELG6MKO-GTE-P00005,08/04/26 07:21 PM EDT,$0.46,3
20260805,MLB-TRUNS-I3-03I5CE4PELGD0MO-GTE-P00015,08/04/26 07:21 PM EDT,$0.41,26
20260805,MLB-TRUNS-IT5-03I5DRVQELG6N68-GTE-P00045,08/04/26 07:21 PM EDT,$0.49,56
20260805,MLB-PHRR-FG-03I5CE5DELGD0G8-CAEZ000-GTE-P00005,08/04/26 07:21 PM EDT,$0.65,100
20260805,MLB-TRUNS-IT5-03I5CE5DELGD0G8-GTE-P00045,08/04/26 07:21 PM EDT,$0.47,23
20260805,MLB-PHRR-FG-03I5DRUGELG6M2G-JAAN001-GTE-P00025,08/04/26 07:21 PM EDT,$0.38,5
20260805,MLB-TRUNS-I3-03I5CE5DELGD0G8-GTE-P00025,08/04/26 07:21 PM EDT,$0.30,12
20260805,MLB-TRUNS-I2-03I5DRPHELG6M28-GTE-P00005,08/04/26 07:22 PM EDT,$0.41,100
20260805,MLB-TRUNS-I3-03I5CE5DELGD0G8-GTE-P00025,08/04/26 07:22 PM EDT,$0.30,9
20260805,MLB-PHRR-FG-03I5CE5DELGD0G8-CAEZ000-GTE-P00005,08/04/26 07:22 PM EDT,$0.65,74
20260805,MLB-TRUNS-I2-03I5DRTFELG6MK8-GTE-P00005,08/04/26 07:22 PM EDT,$0.38,3
20260805,MLB-TRUNS-I2-03I5DRPHELG6M28-GTE-P00005,08/04/26 07:22 PM EDT,$0.41,98
20260805,MLB-TRUNS-I2-03I5DRPHELG6M28-GTE-P00005,08/04/26 07:22 PM EDT,$0.41,52
20260805,MLB-TRUNS-I1-03I5DRUGELG6M2G-GTE-P00005,08/04/26 07:22 PM EDT,$0.71,90
20260805,MLB-TRUNS-I3-03I5DRPHELG6M28-GTE-P00005,08/04/26 07:22 PM EDT,$0.43,4
20260805,MLB-TRUNS-I1-03I5DRTFELG6MK8-GTE-P00005,08/04/26 07:22 PM EDT,$0.39,3
20260805,MLB-PHRR-FG-03I5CE5DELGD0G8-GUON000-GTE-P00025,08/04/26 07:22 PM EDT,$0.21,8
20260805,MLB-TRUNS-I3-03I5CE4PELGD0MO-GTE-P00015,08/04/26 07:22 PM EDT,$0.46,37
20260805,MLB-TRUNS-I3-03I5DRP4ELG6MI0-GTE-P00015,08/04/26 07:23 PM EDT,$0.35,72
20260805,MLB-TRUNS-IT5-03I5DRUGELG6M2G-GTE-P00055,08/04/26 07:23 PM EDT,$0.47,142
20260805,MLB-TRUNS-I1-03I5DRPFELG6MTG-GTE-P00015,08/04/26 07:23 PM EDT,$0.33,14
20260805,MLB-TRUNS-I4-03I5CE5DELGD0G8-GTE-P00005,08/04/26 07:23 PM EDT,$0.44,10
20260805,MLB-TRUNS-I2-03I5DRPHELG6M28-GTE-P00005,08/04/26 07:23 PM EDT,$0.36,93
20260805,MLB-WIN-IT5-03I5DRTFELG6MK8-MIRS000,08/04/26 07:23 PM EDT,$0.57,847
20260805,MLB-TRUNS-I1-03I5DRVQELG6N68-GTE-P00015,08/04/26 07:23 PM EDT,$0.13,100
20260805,MLB-PHRR-FG-03I5DRPFELG6MTG-MAAD000-GTE-P00025,08/04/26 07:23 PM EDT,$0.44,4
20260805,MLB-TRUNS-I2-03I5DRPHELG6M28-GTE-P00005,08/04/26 07:23 PM EDT,$0.37,57
20260805,MLB-TRUNS-I1-03I5DRPFELG6MTG-GTE-P00005,08/04/26 07:23 PM EDT,$0.48,3
20260805,MLB-TRUNS-I3-03I5DRP4ELG6MI0-GTE-P00005,08/04/26 07:23 PM EDT,$0.58,70
20260805,MLB-TRUNS-I2-03I5DRPHELG6M28-GTE-P00005,08/04/26 07:23 PM EDT,$0.37,67
20260805,MLB-MOVY-IT5-03I5CE4PELGD0MO-NYTS000-GTE-P00035,08/04/26 07:23 PM EDT,$0.58,45
20260805,MLB-TRUNS-IT5-03I5DRV9ELG6MKO-GTE-P00045,08/04/26 07:23 PM EDT,$0.53,326
20260805,MLB-TRUNS-I1-03I5DRV9ELG6MLO-GTE-P00005,08/04/26 07:23 PM EDT,$0.45,3
20260805,MLB-WIN-IT5-03I5DRPFELG6MTG-CHBS000,08/04/26 07:23 PM EDT,$0.34,13
20260805,MLB-PHRR-FG-03I5DRPFELG6MTG-ALAN000-GTE-P00045,08/04/26 07:23 PM EDT,$0.09,30
20260805,MLB-TRUNS-IT5-03I5DRP4ELG6MI0-GTE-P00035,08/04/26 07:23 PM EDT,$0.58,83
20260805,MLB-MOVY-IT5-03I5DRPFELG6MTG-LARS000-GTE-P00005,08/04/26 07:24 PM EDT,$0.58,833
20260805,MLB-TRUNS-IT5-03I5DRTFELG6MK8-GTE-P00035,08/04/26 07:24 PM EDT,$0.52,10
20260805,MLB-TRUNS-IT5-03I5CE5DELGD0G8-GTE-P00035,08/04/26 07:24 PM EDT,$0.49,11
20260805,MLB-PHRR-FG-03I5DRV9ELG6MLO-COER000-GTE-P00045,08/04/26 07:24 PM EDT,$0.15,18
20260805,MLB-TRUNS-IT5-03I5CE5HELGD1EO-GTE-P00015,08/04/26 07:24 PM EDT,$0.45,26
20260805,MLB-MOVY-IT5-03I5CE5HELGD1EO-ATCS000-GTE-P00005,08/04/26 07:24 PM EDT,$0.29,684
20260805,MLB-TRUNS-IT5-03I5CE5DELGD0G8-GTE-P00035,08/04/26 07:24 PM EDT,$0.56,574
20260805,MLB-PHRR-FG-03I5DSCVELGERJ8-FEJR000-GTE-P00055,08/04/26 07:24 PM EDT,$0.12,23
20260805,MLB-TRUNS-IT5-03I5CE5HELGD1EO-GTE-P00015,08/04/26 07:24 PM EDT,$0.45,43
20260805,MLB-TRUNS-IT5-03I5CE5DELGD0G8-GTE-P00035,08/04/26 07:24 PM EDT,$0.54,34
20260805,MLB-PHRR-FG-03I5DSDCELGERO0-GLES000-GTE-P00045,08/04/26 07:24 PM EDT,$0.10,27
20260805,MLB-TRUNS-IT5-03I5CE5DELGD0G8-GTE-P00035,08/04/26 07:24 PM EDT,$0.52,2
20260805,MLB-MOVY-IT5-03I5CE5DELGD0G8-BAES000-GTE-P00025,08/04/26 07:24 PM EDT,$0.33,109
20260805,MLB-PHRR-FG-03I5DSDCELGERO0-JOOR000-GTE-P00045,08/04/26 07:24 PM EDT,$0.12,23
20260805,MLB-TRUNS-IT5-03I5DSDCELGERO0-GTE-P00045,08/04/26 07:25 PM EDT,$0.45,1063
20260805,MLB-TRUNS-IT5-03I5CE5DELGD0G8-GTE-P00035,08/04/26 07:25 PM EDT,$0.50,40
20260805,MLB-PHRR-FG-03I5DSDCELGERO0-RINE000-GTE-P00055,08/04/26 07:25 PM EDT,$0.11,25
20260805,MLB-PHRR-FG-03I5DRPFELG6MTG-SHNI001-GTE-P00025,08/04/26 07:25 PM EDT,$0.52,25
20260805,MLB-TRUNS-IT5-03I5CE5DELGD0G8-GTE-P00025,08/04/26 07:25 PM EDT,$0.70,26
20260805,MLB-WIN-IT5-03I5DRV9ELG6MKO-MINS000,08/04/26 07:25 PM EDT,$0.58,16
20260805,MLB-PHRR-FG-03I5DRTFELG6MK8-BRNG003-GTE-P00005,08/04/26 07:25 PM EDT,$0.74,1
20260805,MLB-TRUNS-IT5-03I5CE5HELGD1EO-GTE-P00015,08/04/26 07:25 PM EDT,$0.51,350
20260805,MLB-TRUNS-IT5-03I5CE5HELGD1EO-GTE-P00015,08/04/26 07:25 PM EDT,$0.48,13
20260805,MLB-TRUNS-I3-03I5DRP4ELG6MI0-GTE-P00015,08/04/26 07:25 PM EDT,$0.47,2
20260805,MLB-TRUNS-IT5-03I5CE4PELGD0MO-GTE-P00045,08/04/26 07:25 PM EDT,$0.75,25
20260805,MLB-WIN-IT5-03I5DRV9ELG6MKO-KCLS000,08/04/26 07:25 PM EDT,$0.43,138
20260805,MLB-WIN-IT5-03I5DRV9ELG6MKO-KCLS000,08/04/26 07:25 PM EDT,$0.43,39
20260805,MLB-MOVY-IT5-03I5DRV9ELG6MKO-MINS000-GTE-P00005,08/04/26 07:25 PM EDT,$0.49,150
20260805,MLB-PHRR-FG-03I5DRPFELG6MTG-ANES000-GTE-P00015,08/04/26 07:25 PM EDT,$0.60,216
20260805,MLB-TRUNS-I3-03I5DRP4ELG6MI0-GTE-P00005,08/04/26 07:25 PM EDT,$0.68,1
20260805,MLB-PHRR-FG-03I5DRPFELG6MTG-TOAN002-GTE-P00015,08/04/26 07:25 PM EDT,$0.54,25
20260805,MLB-PHRR-FG-03I5DSDCELGERO0-JAEZ000-GTE-P00035,08/04/26 07:25 PM EDT,$0.16,11
20260805,MLB-TRUNS-IT5-03I5CE4PELGD0MO-GTE-P00055,08/04/26 07:25 PM EDT,$0.55,212
20260805,MLB-TRUNS-IT5-03I5DRP4ELG6MI0-GTE-P00035,08/04/26 07:25 PM EDT,$0.56,83
20260805,MLB-TRUNS-IT5-03I5DRP4ELG6MI0-GTE-P00035,08/04/26 07:25 PM EDT,$0.56,893
20260805,MLB-TRUNS-IT5-03I5CE5DELGD0G8-GTE-P00035,08/04/26 07:26 PM EDT,$0.53,76
20260805,MLB-PHRR-FG-03I5DSDCELGERO0-COTH000-GTE-P00055,08/04/26 07:26 PM EDT,$0.07,37
20260805,MLB-WIN-IT5-03I5DRV9ELG6MKO-MINS000,08/04/26 07:26 PM EDT,$0.58,25
20260805,MLB-MOVY-IT5-03I5DRUGELG6M2G-BOOX000-GTE-P00005,08/04/26 07:26 PM EDT,$0.78,70
20260805,MLB-TRUNS-IT5-03I5DRP4ELG6MI0-GTE-P00045,08/04/26 07:26 PM EDT,$0.42,16
20260805,MLB-WIN-IT5-03I5CE5DELGD0G8-LALS000,08/04/26 07:26 PM EDT,$0.17,88
20260805,MLB-TRUNS-IT5-03I5DRP4ELG6MI0-GTE-P00045,08/04/26 07:26 PM EDT,$0.42,1174
20260805,MLB-TRUNS-IT5-03I5DRP4ELG6MI0-GTE-P00045,08/04/26 07:26 PM EDT,$0.43,44
20260805,MLB-WIN-IT5-03I5DSD4ELGER48-TBYS000,08/04/26 07:26 PM EDT,$0.58,16
20260805,MLB-TRUNS-I3-03I5DRP4ELG6MI0-GTE-P00015,08/04/26 07:26 PM EDT,$0.49,50
20260805,MLB-TRUNS-I2-03I5DRUGELG6M2G-GTE-P00005,08/04/26 07:26 PM EDT,$0.53,1
20260805,MLB-MOVY-IT5-03I5DRPFELG6MTG-LARS000-GTE-P00005,08/04/26 07:26 PM EDT,$0.58,166
20260805,MLB-TRUNS-IT5-03I5DRP4ELG6MI0-GTE-P00045,08/04/26 07:26 PM EDT,$0.47,1064
20260805,MLB-TRUNS-I3-03I5DRP4ELG6MI0-GTE-P00005,08/04/26 07:26 PM EDT,$0.73,13
20260805,MLB-TRUNS-I1-03I5DRUGELG6M2G-GTE-P00025,08/04/26 07:26 PM EDT,$0.48,40
20260805,MLB-WIN-IT5-03I5CE5DELGD0G8-LALS000,08/04/26 07:26 PM EDT,$0.17,100
20260805,MLB-WIN-IT5-03I5DRV9ELG6MKO-MINS000,08/04/26 07:27 PM EDT,$0.58,261
20260805,MLB-WIN-IT5-03I5DRV9ELG6MKO-MINS000,08/04/26 07:27 PM EDT,$0.58,72
20260805,MLB-TRUNS-I1-03I5DRUGELG6M2G-GTE-P00015,08/04/26 07:27 PM EDT,$0.71,69
20260805,MLB-TRUNS-IT5-03I5CE5HELGD1EO-GTE-P00015,08/04/26 07:27 PM EDT,$0.51,23
20260805,MLB-TRUNS-I1-03I5DRUGELG6M2G-GTE-P00045,08/04/26 07:27 PM EDT,$0.23,1
20260805,MLB-MOVY-IT5-03I5CE5HELGD1EO-ATCS000-GTE-P00005,08/04/26 07:27 PM EDT,$0.39,319
20260805,MLB-TRUNS-I2-03I5DRUGELG6M2G-GTE-P00015,08/04/26 07:27 PM EDT,$0.31,15
20260805,MLB-TRUNS-I1-03I5DRV9ELG6MKO-GTE-P00005,08/04/26 07:27 PM EDT,$0.47,18
20260805,MLB-PHRR-FG-03I5DRUGELG6M2G-CELA000-GTE-P00005,08/04/26 07:27 PM EDT,$0.93,100
20260805,MLB-TRUNS-IT5-03I5CE5DELGD0G8-GTE-P00035,08/04/26 07:27 PM EDT,$0.46,94
20260805,MLB-TRUNS-IT5-03I5DRUGELG6M2G-GTE-P00055,08/04/26 07:27 PM EDT,$0.93,142
20260805,MLB-TRUNS-I1-03I5DRV9ELG6MKO-GTE-P00015,08/04/26 07:27 PM EDT,$0.25,81
20260805,MLB-TRUNS-IT5-03I5DRP4ELG6MI0-GTE-P00055,08/04/26 07:28 PM EDT,$0.55,684
20260805,MLB-TRUNS-IT5-03I5DRUGELG6M2G-GTE-P00095,08/04/26 07:28 PM EDT,$0.41,57
20260805,MLB-TRUNS-I1-03I5DRV9ELG6MKO-GTE-P00005,08/04/26 07:28 PM EDT,$0.47,18
20260805,MLB-TRUNS-I2-03I5DRUGELG6M2G-GTE-P00025,08/04/26 07:28 PM EDT,$0.18,31
20260805,MLB-PHRR-FG-03I5CE5HELGD1EO-TYOM000-GTE-P00015,08/04/26 07:28 PM EDT,$0.97,4
20260805,MLB-WIN-IT5-03I5DSF4ELGEQT0-HOOS000,08/04/26 07:28 PM EDT,$0.55,70
20260805,MLB-TRUNS-I3-03I5DRP4ELG6MI0-GTE-P00025,08/04/26 07:28 PM EDT,$0.64,100
20260805,MLB-TRUNS-IT5-03I5CE5DELGD0G8-GTE-P00035,08/04/26 07:28 PM EDT,$0.44,194
20260805,MLB-TRUNS-IT5-03I5CE5DELGD0G8-GTE-P00035,08/04/26 07:28 PM EDT,$0.44,53
20260805,MLB-TRUNS-IT5-03I5CE4PELGD0MO-GTE-P00045,08/04/26 07:28 PM EDT,$0.89,47
20260805,MLB-TRUNS-IT5-03I5CE5DELGD0G8-GTE-P00035,08/04/26 07:28 PM EDT,$0.44,17
20260805,MLB-TRUNS-I3-03I5DRP4ELG6MI0-GTE-P00015,08/04/26 07:29 PM EDT,$0.92,100
20260805,MLB-TRUNS-I4-03I5CE5DELGD0G8-GTE-P00005,08/04/26 07:29 PM EDT,$0.47,8
20260805,MLB-TRUNS-I3-03I5DRP4ELG6MI0-GTE-P00025,08/04/26 07:29 PM EDT,$0.66,48
20260805,MLB-TRUNS-IT5-03I5CE5HELGD1EO-GTE-P00015,08/04/26 07:29 PM EDT,$0.63,23
20260805,MLB-TRUNS-IT5-03I5CE5DELGD0G8-GTE-P00035,08/04/26 07:29 PM EDT,$0.45,10
20260805,MLB-TRUNS-I3-03I5DRP4ELG6MI0-GTE-P00025,08/04/26 07:29 PM EDT,$0.64,1
20260805,MLB-TRUNS-I1-03I5DRTFELG6MK8-GTE-P00005,08/04/26 07:29 PM EDT,$0.39,47
20260805,MLB-MOVY-IT5-03I5DRTFELG6MK8-MIRS000-GTE-P00005,08/04/26 07:29 PM EDT,$0.48,3400
20260805,MLB-TRUNS-IT5-03I5CE5DELGD0G8-GTE-P00035,08/04/26 07:29 PM EDT,$0.44,31
20260805,MLB-TRUNS-I3-03I5DRP4ELG6MI0-GTE-P00025,08/04/26 07:29 PM EDT,$0.64,3
20260805,MLB-PHRR-FG-03I5CE5HELGD1EO-ELUZ001-GTE-P00005,08/04/26 07:29 PM EDT,$0.58,41
20260805,MLB-PHRR-FG-03I5DRUGELG6M2G-JAAN001-GTE-P00015,08/04/26 07:29 PM EDT,$0.55,100
20260805,MLB-TRUNS-I3-03I5DRVQELG6N68-GTE-P00005,08/04/26 07:29 PM EDT,$0.45,87
20260805,MLB-PHRR-FG-03I5DRUGELG6M2G-JAAN001-GTE-P00025,08/04/26 07:29 PM EDT,$0.38,95
20260805,MLB-PHRR-FG-03I5DRP4ELG6MI0-BRER000-GTE-P00005,08/04/26 07:29 PM EDT,$0.97,100
20260805,MLB-PHRR-FG-03I5DRV9ELG6MLO-WIES000-GTE-P00015,08/04/26 07:30 PM EDT,$0.44,2
20260805,MLB-PHRR-FG-03I5DRV9ELG6MLO-JUEE000-GTE-P00015,08/04/26 07:30 PM EDT,$0.49,1
20260805,MLB-PHRR-FG-03I5DRV9ELG6MLO-RARS000-GTE-P00015,08/04/26 07:30 PM EDT,$0.47,2
20260805,MLB-TRUNS-I5-03I5CE5DELGD0G8-GTE-P00005,08/04/26 07:30 PM EDT,$0.46,71
20260805,MLB-TRUNS-IT5-03I5DRP4ELG6MI0-GTE-P00045,08/04/26 07:30 PM EDT,$0.70,44
20260805,MLB-TRUNS-I5-03I5CE5HELGD1EO-GTE-P00005,08/04/26 07:30 PM EDT,$0.44,34
20260805,MLB-TRUNS-IT5-03I5CE4PELGD0MO-GTE-P00065,08/04/26 07:30 PM EDT,$0.52,4
20260805,MLB-TRUNS-IT5-03I5CE5HELGD1EO-GTE-P00025,08/04/26 07:30 PM EDT,$0.37,15
20260805,MLB-TRUNS-I5-03I5CE5DELGD0G8-GTE-P00005,08/04/26 07:30 PM EDT,$0.46,79
20260805,MLB-TRUNS-IT5-03I5CE5HELGD1EO-GTE-P00025,08/04/26 07:30 PM EDT,$0.37,69
20260805,MLB-WIN-IT5-03I5DSDCELGERO0-DERS000,08/04/26 07:30 PM EDT,$0.48,50
20260805,MLB-TRUNS-I4-03I5CE5HELGD1EO-GTE-P00015,08/04/26 07:30 PM EDT,$0.23,36
20260805,MLB-TRUNS-I3-03I5CE4PELGD0MO-GTE-P00015,08/04/26 07:30 PM EDT,$0.60,80
20260805,MLB-TRUNS-IT5-03I5DRP4ELG6MI0-GTE-P00055,08/04/26 07:30 PM EDT,$0.56,86
20260805,MLB-WIN-IT5-03I5DSCVELGERJ8-SDES000,08/04/26 07:30 PM EDT,$0.46,10
20260805,MLB-PHRR-FG-03I5DRPFELG6MTG-MAAD000-GTE-P00015,08/04/26 07:31 PM EDT,$0.58,17
20260805,MLB-TRUNS-IT5-03I5CE4PELGD0MO-GTE-P00065,08/04/26 07:31 PM EDT,$0.51,62
20260805,MLB-TRUNS-I1-03I5DRVQELG6N68-GTE-P00005,08/04/26 07:31 PM EDT,$0.09,100
20260805,MLB-TRUNS-I3-03I5DRUGELG6M2G-GTE-P00015,08/04/26 07:31 PM EDT,$0.32,14
20260805,MLB-WIN-IT5-03I5CE4PELGD0MO-CLNS000,08/04/26 07:31 PM EDT,$0.11,166
20260805,MLB-TRUNS-I1-03I5DRTFELG6MK8-GTE-P00005,08/04/26 07:31 PM EDT,$0.39,79
20260805,MLB-WIN-IT5-03I5DRPHELG6M28-STLS000,08/04/26 07:31 PM EDT,$0.20,21
20260805,MLB-MOVY-IT5-03I5CE5DELGD0G8-BAES000-GTE-P00025,08/04/26 07:31 PM EDT,$0.41,81
20260805,MLB-TRUNS-I1-03I5DRPFELG6MTG-GTE-P00005,08/04/26 07:31 PM EDT,$0.48,46
20260805,MLB-TRUNS-IT5-03I5DRPHELG6M28-GTE-P00035,08/04/26 07:31 PM EDT,$0.48,17
20260805,MLB-WIN-IT5-03I5DRPFELG6MTG-LARS000,08/04/26 07:31 PM EDT,$0.67,53
20260805,MLB-TRUNS-IT5-03I5CE5HELGD1EO-GTE-P00015,08/04/26 07:32 PM EDT,$0.59,812
20260805,MLB-TRUNS-IT5-03I5CE5HELGD1EO-GTE-P00015,08/04/26 07:32 PM EDT,$0.60,350
20260805,MLB-WIN-IT5-03I5CE5DELGD0G8-BAES000,08/04/26 07:32 PM EDT,$0.95,8
20260805,MLB-TRUNS-I2-03I5DRVQELG6N68-GTE-P00005,08/04/26 07:32 PM EDT,$0.43,76
20260805,MLB-TRUNS-I2-03I5DRUGELG6M2G-GTE-P00005,08/04/26 07:32 PM EDT,$0.53,50
20260805,MLB-WIN-IT5-03I5DRVQELG6N68-ATES000,08/04/26 07:32 PM EDT,$0.56,46
20260805,MLB-TRUNS-IT5-03I5DRP4ELG6MI0-GTE-P00055,08/04/26 07:32 PM EDT,$0.42,350
20260805,MLB-TRUNS-IT5-03I5DRP4ELG6MI0-GTE-P00055,08/04/26 07:32 PM EDT,$0.43,877
20260805,MLB-TRUNS-I3-03I5CE4PELGD0MO-GTE-P00015,08/04/26 07:32 PM EDT,$0.46,100
20260805,MLB-TRUNS-IT5-03I5DRP4ELG6MI0-GTE-P00055,08/04/26 07:32 PM EDT,$0.41,350
20260805,MLB-TRUNS-IT5-03I5DRP4ELG6MI0-GTE-P00055,08/04/26 07:32 PM EDT,$0.41,650
20260805,MLB-MOVY-IT5-03I5DRTFELG6MK8-MIRS000-GTE-P00005,08/04/26 07:32 PM EDT,$0.46,62
20260805,MLB-TRUNS-IT5-03I5DRPHELG6M28-GTE-P00035,08/04/26 07:32 PM EDT,$0.44,144
20260805,MLB-WIN-IT5-03I5CE5HELGD1EO-ATCS000,08/04/26 07:32 PM EDT,$0.73,350
20260805,MLB-TRUNS-IT5-03I5CE5HELGD1EO-GTE-P00015,08/04/26 07:32 PM EDT,$0.55,104
20260805,MLB-MOVY-IT5-03I5CE4PELGD0MO-NYTS000-GTE-P00035,08/04/26 07:32 PM EDT,$0.50,48
20260805,MLB-MOVY-IT5-03I5CE4PELGD0MO-NYTS000-GTE-P00035,08/04/26 07:32 PM EDT,$0.50,19
20260805,MLB-TRUNS-I3-03I5DRPHELG6M28-GTE-P00005,08/04/26 07:33 PM EDT,$0.42,41
20260805,MLB-TRUNS-IT5-03I5CE5HELGD1EO-GTE-P00015,08/04/26 07:33 PM EDT,$0.55,120
20260805,MLB-MOVY-IT5-03I5DRPFELG6MTG-LARS000-GTE-P00005,08/04/26 07:33 PM EDT,$0.58,3333
20260805,MLB-WIN-IT5-03I5DSD4ELGER48-COES000,08/04/26 07:33 PM EDT,$0.42,875
20260805,MLB-WIN-IT5-03I5DSD4ELGER48-COES000,08/04/26 07:33 PM EDT,$0.42,3670
20260805,MLB-WIN-IT5-03I5DRV9ELG6MKO-KCLS000,08/04/26 07:33 PM EDT,$0.43,4444
20260805,MLB-MOVY-IT5-03I5DSD4ELGER48-TBYS000-GTE-P00005,08/04/26 07:33 PM EDT,$0.50,25
20260805,MLB-MOVY-IT5-03I5DSD4ELGER48-TBYS000-GTE-P00005,08/04/26 07:33 PM EDT,$0.50,10
20260805,MLB-WIN-IT5-03I5CE5HELGD1EO-ATCS000,08/04/26 07:33 PM EDT,$0.78,350
20260805,MLB-WIN-IT5-03I5CE5HELGD1EO-ATCS000,08/04/26 07:33 PM EDT,$0.80,350
20260805,MLB-WIN-IT5-03I5CE5HELGD1EO-ATCS000,08/04/26 07:33 PM EDT,$0.80,212
20260805,MLB-TRUNS-IT5-03I5CE5HELGD1EO-GTE-P00015,08/04/26 07:33 PM EDT,$0.52,7
20260805,MLB-PHRR-FG-03I5DRP4ELG6MI0-BRER000-GTE-P00025,08/04/26 07:33 PM EDT,$0.75,1
20260805,MLB-TRUNS-IT5-03I5CE4PELGD0MO-GTE-P00055,08/04/26 07:33 PM EDT,$0.90,212
20260805,MLB-TRUNS-IT5-03I5CE4PELGD0MO-GTE-P00075,08/04/26 07:33 PM EDT,$0.53,10
20260805,MLB-WIN-IT5-03I5CE5HELGD1EO-ATCS000,08/04/26 07:33 PM EDT,$0.80,689
20260805,MLB-WIN-IT5-03I5CE5HELGD1EO-ATCS000,08/04/26 07:33 PM EDT,$0.80,85
20260805,MLB-PHRR-FG-03I5DRVQELG6N68-MIKI000-GTE-P00035,08/04/26 07:33 PM EDT,$0.17,5
20260805,MLB-TRUNS-I3-03I5CE4PELGD0MO-GTE-P00025,08/04/26 07:34 PM EDT,$0.62,30
20260805,MLB-MOVY-IT5-03I5CE5DELGD0G8-BAES000-GTE-P00005,08/04/26 07:34 PM EDT,$0.89,29
20260805,MLB-TRUNS-IT5-03I5CE5HELGD1EO-GTE-P00015,08/04/26 07:34 PM EDT,$0.54,10
20260805,MLB-TRUNS-I8-03I5DRUGELG6M2G-GTE-P00005,08/04/26 07:34 PM EDT,$0.50,48
20260805,MLB-TRUNS-I4-03I5DRP4ELG6MI0-GTE-P00005,08/04/26 07:34 PM EDT,$0.47,84
20260805,MLB-WIN-IT5-03I5DRV9ELG6MKO-KCLS000,08/04/26 07:34 PM EDT,$0.43,53
20260805,MLB-MOVY-IT5-03I5DRVQELG6N68-ATES000-GTE-P00005,08/04/26 07:34 PM EDT,$0.45,31
20260805,MLB-MOVY-IT5-03I5DRTFELG6MK8-MIRS000-GTE-P00005,08/04/26 07:34 PM EDT,$0.46,714
20260805,MLB-TRUNS-I3-03I5CE4PELGD0MO-GTE-P00025,08/04/26 07:35 PM EDT,$0.27,3
20260805,MLB-TRUNS-I2-03I5DRUGELG6M2G-GTE-P00005,08/04/26 07:35 PM EDT,$0.46,4
20260805,MLB-PHRR-FG-03I5DRP4ELG6MI0-KYER003-GTE-P00025,08/04/26 07:35 PM EDT,$0.29,87
20260805,MLB-MOVY-IT5-03I5CE5HELGD1EO-ATCS000-GTE-P00005,08/04/26 07:35 PM EDT,$0.68,319
20260805,MLB-TRUNS-I4-03I5CE5DELGD0G8-GTE-P00005,08/04/26 07:35 PM EDT,$0.08,8
20260805,MLB-WIN-IT5-03I5DRUGELG6M2G-BOOX000,08/04/26 07:35 PM EDT,$0.97,350
20260805,MLB-PHRR-FG-03I5DRVQELG6N68-OZES000-GTE-P00025,08/04/26 07:35 PM EDT,$0.35,4
20260805,MLB-TRUNS-IT5-03I5CE5HELGD1EO-GTE-P00015,08/04/26 07:35 PM EDT,$0.55,16
20260805,MLB-TRUNS-IT5-03I5DRP4ELG6MI0-GTE-P00045,08/04/26 07:35 PM EDT,$0.72,350
20260805,MLB-TRUNS-I2-03I5DRVQELG6N68-GTE-P00005,08/04/26 07:35 PM EDT,$0.27,60
20260805,MLB-TRUNS-I3-03I5CE4PELGD0MO-GTE-P00025,08/04/26 07:35 PM EDT,$0.19,97
20260805,MLB-WIN-IT5-03I5DRUGELG6M2G-BOOX000,08/04/26 07:35 PM EDT,$0.97,350
20260805,MLB-WIN-IT5-03I5DRUGELG6M2G-CHOX000,08/04/26 07:35 PM EDT,$0.02,333
20260805,MLB-TRUNS-IT5-03I5DSDCELGERO0-GTE-P00045,08/04/26 07:35 PM EDT,$0.44,241
20260805,MLB-PHRR-FG-03I5DRPFELG6MTG-SEKI000-GTE-P00015,08/04/26 07:35 PM EDT,$0.48,3
20260805,MLB-TRUNS-I1-03I5DRPFELG6MTG-GTE-P00015,08/04/26 07:35 PM EDT,$0.33,7
20260805,MLB-WIN-IT5-03I5DRUGELG6M2G-BOOX000,08/04/26 07:35 PM EDT,$0.96,312
20260805,MLB-TRUNS-IT5-03I5CE5DELGD0G8-GTE-P00025,08/04/26 07:35 PM EDT,$0.53,16
20260805,MLB-WIN-IT5-03I5DRUGELG6M2G-BOOX000,08/04/26 07:35 PM EDT,$0.96,315
20260805,MLB-TRUNS-IT5-03I5CE5DELGD0G8-GTE-P00025,08/04/26 07:36 PM EDT,$0.56,23
20260805,MLB-TRUNS-I2-03I5DRVQELG6N68-GTE-P00005,08/04/26 07:36 PM EDT,$0.25,100
20260805,MLB-MOVY-IT5-03I5DRVQELG6N68-ATES000-GTE-P00005,08/04/26 07:36 PM EDT,$0.54,916
20260805,MLB-MOVY-IT5-03I5CE4PELGD0MO-NYTS000-GTE-P00025,08/04/26 07:36 PM EDT,$0.64,26
20260805,MLB-TRUNS-IT5-03I5DRP4ELG6MI0-GTE-P00055,08/04/26 07:36 PM EDT,$0.49,1000
20260805,MLB-PHRR-FG-03I5DRPFELG6MTG-DAON003-GTE-P00035,08/04/26 07:36 PM EDT,$0.18,26
20260805,MLB-TRUNS-I3-03I5DRPHELG6M28-GTE-P00015,08/04/26 07:36 PM EDT,$0.37,100
20260805,MLB-TRUNS-IT5-03I5DRUGELG6M2G-GTE-P00095,08/04/26 07:36 PM EDT,$0.55,17
20260805,MLB-TRUNS-I3-03I5DRPHELG6M28-GTE-P00005,08/04/26 07:36 PM EDT,$0.50,38
20260805,MLB-MOVY-IT5-03I5CE5DELGD0G8-LALS000-GTE-P00005,08/04/26 07:36 PM EDT,$0.07,994
20260805,MLB-TRUNS-IT5-03I5CE4PELGD0MO-GTE-P00065,08/04/26 07:36 PM EDT,$0.46,41
20260805,MLB-TRUNS-IT5-03I5DRPHELG6M28-GTE-P00035,08/04/26 07:37 PM EDT,$0.50,19
20260805,MLB-TRUNS-I3-03I5DRPHELG6M28-GTE-P00005,08/04/26 07:37 PM EDT,$0.44,26
20260805,MLB-TRUNS-IT5-03I5DRP4ELG6MI0-GTE-P00045,08/04/26 07:37 PM EDT,$0.69,3
20260805,MLB-PHRR-FG-03I5DRPFELG6MTG-SHNI001-GTE-P00025,08/04/26 07:37 PM EDT,$0.52,11
20260805,MLB-TRUNS-IT5-03I5DRP4ELG6MI0-GTE-P00055,08/04/26 07:37 PM EDT,$0.45,18
20260805,MLB-WIN-IT5-03I5DRP4ELG6MI0-WALS000,08/04/26 07:38 PM EDT,$0.02,16
20260805,MLB-MOVY-IT5-03I5DRV9ELG6MKO-MINS000-GTE-P00005,08/04/26 07:38 PM EDT,$0.50,57
20260805,MLB-TRUNS-IT5-03I5CE5DELGD0G8-GTE-P00035,08/04/26 07:38 PM EDT,$0.25,55
20260805,MLB-MOVY-IT5-03I5CE5DELGD0G8-BAES000-GTE-P00025,08/04/26 07:38 PM EDT,$0.21,655
20260805,MLB-TRUNS-IT5-03I5DRPHELG6M28-GTE-P00035,08/04/26 07:38 PM EDT,$0.42,41
20260805,MLB-TRUNS-IT5-03I5CE5HELGD1EO-GTE-P00015,08/04/26 07:38 PM EDT,$0.53,22
20260805,MLB-TRUNS-I5-03I5CE5DELGD0G8-GTE-P00015,08/04/26 07:38 PM EDT,$0.24,50
20260805,MLB-TRUNS-IT5-03I5CE5DELGD0G8-GTE-P00025,08/04/26 07:38 PM EDT,$0.47,74
20260805,MLB-WIN-IT5-03I5DRV9ELG6MKO-MINS000,08/04/26 07:38 PM EDT,$0.58,8
20260805,MLB-WIN-IT5-03I5DRTFELG6MK8-MIRS000,08/04/26 07:38 PM EDT,$0.57,8
20260805,MLB-TRUNS-I4-03I5CE4PELGD0MO-GTE-P00015,08/04/26 07:38 PM EDT,$0.27,3
20260805,MLB-MOVY-IT5-03I5DRPHELG6M28-NYES000-GTE-P00015,08/04/26 07:38 PM EDT,$0.47,52
20260805,MLB-WIN-IT5-03I5DSF4ELGEQT0-TOYS000,08/04/26 07:38 PM EDT,$0.47,59
20260805,MLB-TRUNS-I4-03I5DRP4ELG6MI0-GTE-P00015,08/04/26 07:38 PM EDT,$0.36,100
20260805,MLB-PHRR-FG-03I5DRPFELG6MTG-PENG000-GTE-P00025,08/04/26 07:39 PM EDT,$0.32,73
20260805,MLB-TRUNS-IT5-03I5CE4PELGD0MO-GTE-P00065,08/04/26 07:39 PM EDT,$0.54,258
20260805,MLB-WIN-IT5-03I5DRPFELG6MTG-LARS000,08/04/26 07:39 PM EDT,$0.67,14
20260805,MLB-WIN-IT5-03I5DRV9ELG6MLO-TERS000,08/04/26 07:39 PM EDT,$0.65,14
20260805,MLB-MOVY-IT5-03I5DSD4ELGER48-TBYS000-GTE-P00005,08/04/26 07:39 PM EDT,$0.53,10
20260805,MLB-MOVY-IT5-03I5DSD4ELGER48-TBYS000-GTE-P00005,08/04/26 07:39 PM EDT,$0.53,26
20260805,MLB-TRUNS-I4-03I5CE4PELGD0MO-GTE-P00015,08/04/26 07:39 PM EDT,$0.36,100
20260805,MLB-TRUNS-IT5-03I5DRTFELG6MK8-GTE-P00035,08/04/26 07:39 PM EDT,$0.53,181
20260805,MLB-MOVY-IT5-03I5DRTFELG6MK8-MIRS000-GTE-P00005,08/04/26 07:39 PM EDT,$0.46,200
20260805,MLB-TRUNS-I1-03I5DRTFELG6MK8-GTE-P00015,08/04/26 07:39 PM EDT,$0.19,2
20260805,MLB-TRUNS-I4-03I5CE4PELGD0MO-GTE-P00015,08/04/26 07:39 PM EDT,$0.36,100
20260805,MLB-TRUNS-IT5-03I5CE5DELGD0G8-GTE-P00025,08/04/26 07:39 PM EDT,$0.47,50
20260805,MLB-TRUNS-IT5-03I5DRV9ELG6MKO-GTE-P00045,08/04/26 07:39 PM EDT,$0.52,400
20260805,MLB-MOVY-IT5-03I5DRP4ELG6MI0-PHES000-GTE-P00045,08/04/26 07:39 PM EDT,$0.45,10
20260805,MLB-MOVY-IT5-03I5DRP4ELG6MI0-PHES000-GTE-P00045,08/04/26 07:39 PM EDT,$0.37,1000
20260805,MLB-TRUNS-IT5-03I5CE5DELGD0G8-GTE-P00025,08/04/26 07:40 PM EDT,$0.47,18
20260805,MLB-WIN-IT5-03I5CE4PELGD0MO-NYTS000,08/04/26 07:40 PM EDT,$0.96,7
20260805,MLB-TRUNS-I4-03I5DRP4ELG6MI0-GTE-P00015,08/04/26 07:40 PM EDT,$0.42,2
20260805,MLB-MOVY-IT5-03I5DRP4ELG6MI0-PHES000-GTE-P00045,08/04/26 07:40 PM EDT,$0.37,200
20260805,MLB-TRUNS-IT5-03I5CE5DELGD0G8-GTE-P00025,08/04/26 07:40 PM EDT,$0.47,164
20260805,MLB-MOVY-IT5-03I5DSD4ELGER48-TBYS000-GTE-P00005,08/04/26 07:40 PM EDT,$0.50,26
20260805,MLB-MOVY-IT5-03I5DSD4ELGER48-TBYS000-GTE-P00005,08/04/26 07:40 PM EDT,$0.50,10
20260805,MLB-WIN-IT5-03I5CE5DELGD0G8-BAES000,08/04/26 07:40 PM EDT,$0.92,35
20260805,MLB-MOVY-IT5-03I5DRP4ELG6MI0-PHES000-GTE-P00045,08/04/26 07:40 PM EDT,$0.37,400
20260805,MLB-TRUNS-I4-03I5CE5HELGD1EO-GTE-P00015,08/04/26 07:40 PM EDT,$0.18,3
20260805,MLB-TRUNS-IT5-03I5CE5HELGD1EO-GTE-P00015,08/04/26 07:40 PM EDT,$0.56,10
20260805,MLB-TRUNS-I5-03I5CE5DELGD0G8-GTE-P00005,08/04/26 07:40 PM EDT,$0.47,43
20260805,MLB-MOVY-IT5-03I5DRP4ELG6MI0-PHES000-GTE-P00045,08/04/26 07:40 PM EDT,$0.39,176
20260805,MLB-TRUNS-IT5-03I5CE4PELGD0MO-GTE-P00065,08/04/26 07:40 PM EDT,$0.51,96
20260805,MLB-TRUNS-I4-03I5CE5HELGD1EO-GTE-P00015,08/04/26 07:40 PM EDT,$0.10,100
20260805,MLB-MOVY-IT5-03I5DRP4ELG6MI0-PHES000-GTE-P00045,08/04/26 07:40 PM EDT,$0.39,5
20260805,MLB-TRUNS-IT5-03I5CE5DELGD0G8-GTE-P00035,08/04/26 07:41 PM EDT,$0.27,170
20260805,MLB-TRUNS-I4-03I5DRP4ELG6MI0-GTE-P00005,08/04/26 07:41 PM EDT,$0.55,21
20260805,MLB-PHRR-FG-03I5DRP4ELG6MI0-KYER003-GTE-P00005,08/04/26 07:41 PM EDT,$0.65,100
20260805,MLB-TRUNS-IT5-03I5CE5DELGD0G8-GTE-P00025,08/04/26 07:41 PM EDT,$0.40,16
20260805,MLB-TRUNS-I5-03I5CE5DELGD0G8-GTE-P00005,08/04/26 07:41 PM EDT,$0.40,16
20260805,NWSL-DWIN-FG-00NB71T3PGDTSVO-RAEW001,08/04/26 07:41 PM EDT,$0.25,7
20260805,MLB-PHRR-FG-03I5DRUGELG6M2G-JAAN001-GTE-P00035,08/04/26 07:41 PM EDT,$0.25,7
20260805,NWSL-DWIN-FG-00NB71T3PGDTSVO-DRAW,08/04/26 07:41 PM EDT,$0.25,7
20260805,MLB-MOVY-IT5-03I5DRV9ELG6MKO-MINS000-GTE-P00005,08/04/26 07:41 PM EDT,$0.50,38
20260805,MLB-TRUNS-I1-03I5DRPFELG6MTG-GTE-P00025,08/04/26 07:41 PM EDT,$0.19,50
20260805,NWSL-DWIN-FG-00NB71Q9PGDTSN8-DRAW,08/04/26 07:41 PM EDT,$0.24,7
20260805,MLB-TRUNS-IT5-03I5CE5HELGD1EO-GTE-P00015,08/04/26 07:41 PM EDT,$0.47,17
20260805,MLB-TRUNS-IT5-03I5DRP4ELG6MI0-GTE-P00045,08/04/26 07:41 PM EDT,$0.71,100
20260805,MLB-TRUNS-IT5-03I5CE5HELGD1EO-GTE-P00015,08/04/26 07:41 PM EDT,$0.47,244
20260805,MLB-TRUNS-I1-03I5DRPFELG6MTG-GTE-P00035,08/04/26 07:41 PM EDT,$0.11,41
20260805,NWSL-DWIN-FG-00NB71Q9PGDTSN8-NOEW002,08/04/26 07:41 PM EDT,$0.36,5
20260805,MLB-TRUNS-I1-03I5DRTFELG6MK8-GTE-P00035,08/04/26 07:41 PM EDT,$0.10,4
20260805,MLB-MOVY-IT5-03I5DRP4ELG6MI0-PHES000-GTE-P00045,08/04/26 07:42 PM EDT,$0.41,8
20260805,MLB-TRUNS-IT5-03I5CE5HELGD1EO-GTE-P00015,08/04/26 07:42 PM EDT,$0.45,17
20260805,MLB-PHRR-FG-03I5CE5DELGD0G8-WAER001-GTE-P00015,08/04/26 07:42 PM EDT,$0.37,97
20260805,MLB-TRUNS-I1-03I5DRTFELG6MK8-GTE-P00005,08/04/26 07:42 PM EDT,$0.46,100
20260805,MLB-MOVY-IT5-03I5DSF4ELGEQT0-HOOS000-GTE-P00005,08/04/26 07:42 PM EDT,$0.45,3
20260805,MLB-PHRR-FG-03I5DRPFELG6MTG-MAAD000-GTE-P00015,08/04/26 07:42 PM EDT,$0.59,32
20260805,MLB-MOVY-IT5-03I5DRPHELG6M28-NYES000-GTE-P00015,08/04/26 07:42 PM EDT,$0.47,10
20260805,MLB-TRUNS-I1-03I5DRTFELG6MK8-GTE-P00005,08/04/26 07:42 PM EDT,$0.46,71
20260805,MLB-MOVY-IT5-03I5DRUGELG6M2G-BOOX000-GTE-P00045,08/04/26 07:43 PM EDT,$0.82,263
20260805,MLB-PHRR-FG-03I5DRUGELG6M2G-JAAN001-GTE-P00035,08/04/26 07:43 PM EDT,$0.25,74
20260805,MLB-WIN-IT5-03I5DRTFELG6MK8-MIRS000,08/04/26 07:43 PM EDT,$0.52,74
20260805,MLB-PHRR-FG-03I5DRPFELG6MTG-TYOR000-GTE-P00025,08/04/26 07:43 PM EDT,$0.30,15
20260805,MLB-TRUNS-IT5-03I5DRPHELG6M28-GTE-P00025,08/04/26 07:43 PM EDT,$0.53,20
20260805,MLB-TRUNS-I4-03I5CE4PELGD0MO-GTE-P00025,08/04/26 07:43 PM EDT,$0.38,5
20260805,MLB-WIN-IT5-03I5DSD4ELGER48-TBYS000,08/04/26 07:43 PM EDT,$0.58,41
20260805,MLB-TRUNS-IT5-03I5DRTFELG6MK8-GTE-P00035,08/04/26 07:43 PM EDT,$0.53,61
20260805,MLB-TRUNS-IT5-03I5DRPHELG6M28-GTE-P00025,08/04/26 07:43 PM EDT,$0.53,27
20260805,MLB-TRUNS-IT5-03I5DRUGELG6M2G-GTE-P00045,08/04/26 07:43 PM EDT,$0.99,68
20260805,MLB-MOVY-IT5-03I5DSF4ELGEQT0-HOOS000-GTE-P00005,08/04/26 07:43 PM EDT,$0.48,20
20260805,MLB-TRUNS-I2-03I5DRUGELG6M2G-GTE-P00005,08/04/26 07:44 PM EDT,$0.34,100
20260805,MLB-TRUNS-IT5-03I5DRP4ELG6MI0-GTE-P00055,08/04/26 07:44 PM EDT,$0.45,63
20260805,MLB-TRUNS-IT5-03I5CE5HELGD1EO-GTE-P00015,08/04/26 07:44 PM EDT,$0.43,42
20260805,MLB-MOVY-IT5-03I5DRPFELG6MTG-LARS000-GTE-P00015,08/04/26 07:44 PM EDT,$0.43,8
20260805,MLB-PHRR-FG-03I5DSF4ELGEQT0-JENA000-GTE-P00015,08/04/26 07:44 PM EDT,$0.53,9
20260805,MLB-PHRR-FG-03I5DRPFELG6MTG-KYER000-GTE-P00015,08/04/26 07:45 PM EDT,$0.56,17
20260805,MLB-WIN-IT5-03I5CE4PELGD0MO-NYTS000,08/04/26 07:45 PM EDT,$0.98,350
20260805,MLB-WIN-IT5-03I5CE4PELGD0MO-NYTS000,08/04/26 07:45 PM EDT,$0.98,1500
20260805,MLB-TRUNS-I3-03I5DRUGELG6M2G-GTE-P00015,08/04/26 07:45 PM EDT,$0.32,8
20260805,MLB-WIN-IT5-03I5DRPFELG6MTG-CHBS000,08/04/26 07:45 PM EDT,$0.34,27
20260805,MLB-MOVY-IT5-03I5DSD4ELGER48-TBYS000-GTE-P00005,08/04/26 07:45 PM EDT,$0.53,92
20260805,MLB-PHRR-FG-03I5DRUGELG6M2G-JAAN001-GTE-P00035,08/04/26 07:45 PM EDT,$0.25,19
20260805,MLB-TRUNS-IT5-03I5CE5HELGD1EO-GTE-P00015,08/04/26 07:45 PM EDT,$0.51,441
20260805,MLB-TRUNS-I4-03I5DRP4ELG6MI0-GTE-P00015,08/04/26 07:46 PM EDT,$0.14,2
20260805,MLB-TRUNS-I2-03I5DRUGELG6M2G-GTE-P00005,08/04/26 07:46 PM EDT,$0.52,64
20260805,MLB-TRUNS-I4-03I5DRPHELG6M28-GTE-P00005,08/04/26 07:46 PM EDT,$0.43,71
20260805,MLB-TRUNS-IT5-03I5CE5HELGD1EO-GTE-P00015,08/04/26 07:46 PM EDT,$0.51,190
20260805,MLB-TRUNS-IT5-03I5CE5HELGD1EO-GTE-P00015,08/04/26 07:46 PM EDT,$0.41,16
20260805,MLB-TRUNS-IT5-03I5CE5DELGD0G8-GTE-P00035,08/04/26 07:46 PM EDT,$0.12,65
20260805,MLB-TRUNS-I2-03I5DRUGELG6M2G-GTE-P00005,08/04/26 07:46 PM EDT,$0.28,100
20260805,MLB-TRUNS-I4-03I5CE4PELGD0MO-GTE-P00015,08/04/26 07:46 PM EDT,$0.22,3
20260805,MLB-MOVY-IT5-03I5DRTFELG6MK8-MIRS000-GTE-P00005,08/04/26 07:46 PM EDT,$0.51,95
20260805,MLB-TRUNS-IT5-03I5DRP4ELG6MI0-GTE-P00055,08/04/26 07:46 PM EDT,$0.39,8
20260805,MLB-TRUNS-IT5-03I5CE4PELGD0MO-GTE-P00065,08/04/26 07:46 PM EDT,$0.63,154
20260805,MLB-PHRR-FG-03I5DSCVELGERJ8-FEJR000-GTE-P00015,08/04/26 07:46 PM EDT,$0.59,8
20260805,MLB-TRUNS-I3-03I5DRUGELG6M2G-GTE-P00015,08/04/26 07:46 PM EDT,$0.24,8
20260805,MLB-MOVY-IT5-03I5DRUGELG6M2G-BOOX000-GTE-P00045,08/04/26 07:46 PM EDT,$0.77,45
20260805,MLB-PHRR-FG-03I5DRPFELG6MTG-PENG000-GTE-P00035,08/04/26 07:46 PM EDT,$0.18,26
20260805,MLB-WIN-IT5-03I5CE5HELGD1EO-CIDS000,08/04/26 07:47 PM EDT,$0.10,72
20260805,NWSL-DWIN-FG-00NB71RCPGDTSIO-NJCW001,08/04/26 07:47 PM EDT,$0.48,10
20260805,MLB-TRUNS-IT5-03I5CE4PELGD0MO-GTE-P00065,08/04/26 07:47 PM EDT,$0.58,30
20260805,MLB-TRUNS-I5-03I5CE5HELGD1EO-GTE-P00025,08/04/26 07:47 PM EDT,$0.28,33
20260805,MLB-TRUNS-I5-03I5CE5HELGD1EO-GTE-P00015,08/04/26 07:47 PM EDT,$0.42,6
20260805,MLB-TRUNS-I1-03I5DRPFELG6MTG-GTE-P00035,08/04/26 07:47 PM EDT,$0.11,29
20260805,MLB-TRUNS-IT5-03I5CE4PELGD0MO-GTE-P00065,08/04/26 07:47 PM EDT,$0.54,35
20260805,MLB-WIN-IT5-03I5CE4PELGD0MO-NYTS000,08/04/26 07:47 PM EDT,$0.98,303
20260805,MLB-WIN-IT5-03I5DRVQELG6N68-MINS001,08/04/26 07:48 PM EDT,$0.22,4
20260805,MLB-TRUNS-I5-03I5DRP4ELG6MI0-GTE-P00005,08/04/26 07:48 PM EDT,$0.49,100
20260805,MLB-MOVY-IT5-03I5DSD4ELGER48-TBYS000-GTE-P00005,08/04/26 07:48 PM EDT,$0.53,90
20260805,MLB-MOVY-IT5-03I5DRPFELG6MTG-LARS000-GTE-P00015,08/04/26 07:48 PM EDT,$0.44,10
20260805,MLB-WIN-IT5-03I5DRPFELG6MTG-CHBS000,08/04/26 07:48 PM EDT,$0.34,138
20260805,MLB-TRUNS-IT5-03I5CE5DELGD0G8-GTE-P00025,08/04/26 07:48 PM EDT,$0.31,103
20260805,MLB-WIN-IT5-03I5DRTFELG6MK8-MIRS000,08/04/26 07:48 PM EDT,$0.63,350
20260805,MLB-TRUNS-I4-03I5DRPHELG6M28-GTE-P00005,08/04/26 07:48 PM EDT,$0.44,17
20260805,MLB-PHRR-FG-03I5CE5HELGD1EO-DOON000-GTE-P00005,08/04/26 07:48 PM EDT,$0.60,100
20260805,MLB-TRUNS-I5-03I5DRP4ELG6MI0-GTE-P00005,08/04/26 07:48 PM EDT,$0.49,100
20260805,MLB-WIN-IT5-03I5DRPFELG6MTG-CHBS000,08/04/26 07:48 PM EDT,$0.34,694
20260805,MLB-TRUNS-IT5-03I5CE5HELGD1EO-GTE-P00015,08/04/26 07:48 PM EDT,$0.55,7
20260805,MLB-MOVY-IT5-03I5DRV9ELG6MKO-MINS000-GTE-P00005,08/04/26 07:48 PM EDT,$0.53,204
20260805,MLB-WIN-IT5-03I5DRTFELG6MK8-MIRS000,08/04/26 07:49 PM EDT,$0.62,350
20260805,MLB-TRUNS-IT5-03I5DRVQELG6N68-GTE-P00035,08/04/26 07:49 PM EDT,$0.45,13
20260805,MLB-TRUNS-IT5-03I5DRPHELG6M28-GTE-P00025,08/04/26 07:49 PM EDT,$0.43,2
20260805,MLB-TRUNS-IT5-03I5CE5DELGD0G8-GTE-P00025,08/04/26 07:49 PM EDT,$0.08,1000
20260805,MLB-MOVY-IT5-03I5DRV9ELG6MKO-MINS000-GTE-P00005,08/04/26 07:49 PM EDT,$0.45,161
20260805,MLB-WIN-IT5-03I5DRV9ELG6MKO-KCLS000,08/04/26 07:49 PM EDT,$0.45,9
20260805,MLB-MOVY-IT5-03I5DRTFELG6MK8-MIRS000-GTE-P00005,08/04/26 07:49 PM EDT,$0.52,962
20260805,MLB-MOVY-IT5-03I5DRTFELG6MK8-MIRS000-GTE-P00005,08/04/26 07:49 PM EDT,$0.52,1042
20260805,MLB-TRUNS-IT5-03I5CE5DELGD0G8-GTE-P00025,08/04/26 07:49 PM EDT,$0.07,7
20260805,MLB-TRUNS-I4-03I5CE4PELGD0MO-GTE-P00015,08/04/26 07:50 PM EDT,$0.34,27
20260805,MLB-TRUNS-IT5-03I5CE5HELGD1EO-GTE-P00015,08/04/26 07:50 PM EDT,$0.45,172
20260805,MLB-TRUNS-IT5-03I5DRP4ELG6MI0-GTE-P00045,08/04/26 07:50 PM EDT,$0.46,27
20260805,MLB-TRUNS-I6-03I5CE5DELGD0G8-GTE-P00005,08/04/26 07:50 PM EDT,$0.47,100
20260805,MLB-MOVY-IT5-03I5DRTFELG6MK8-MIRS000-GTE-P00005,08/04/26 07:50 PM EDT,$0.51,1020
20260805,MLB-MOVY-IT5-03I5DRTFELG6MK8-MIRS000-GTE-P00005,08/04/26 07:50 PM EDT,$0.51,14
20260805,MLB-MOVY-IT5-03I5CE5DELGD0G8-BAES000-GTE-P00015,08/04/26 07:50 PM EDT,$0.99,65
20260805,MLB-PHRR-FG-03I5DSF4ELGEQT0-ISES000-GTE-P00015,08/04/26 07:50 PM EDT,$0.49,652
20260805,MLB-TRUNS-I4-03I5CE4PELGD0MO-GTE-P00025,08/04/26 07:50 PM EDT,$0.13,5
20260805,MLB-MOVY-IT5-03I5DRTFELG6MK8-MIRS000-GTE-P00005,08/04/26 07:50 PM EDT,$0.49,33
20260805,MLB-MOVY-IT5-03I5DRTFELG6MK8-MIRS000-GTE-P00005,08/04/26 07:50 PM EDT,$0.49,14
20260805,MLB-TRUNS-IT5-03I5CE5HELGD1EO-GTE-P00015,08/04/26 07:50 PM EDT,$0.43,16
20260805,MLB-WIN-IT5-03I5DSF4ELGEQT0-HOOS000,08/04/26 07:50 PM EDT,$0.55,88
20260805,MLB-TRUNS-IT5-03I5DRV9ELG6MKO-GTE-P00045,08/04/26 07:50 PM EDT,$0.55,88
20260805,MLB-MOVY-IT5-03I5DRTFELG6MK8-MIRS000-GTE-P00005,08/04/26 07:50 PM EDT,$0.52,1500
20260805,MLB-MOVY-IT5-03I5DRTFELG6MK8-MIRS000-GTE-P00005,08/04/26 07:50 PM EDT,$0.48,962
20260805,MLB-TRUNS-IT5-03I5DRUGELG6M2G-GTE-P00085,08/04/26 07:51 PM EDT,$0.52,20
20260805,MLB-PHRR-FG-03I5DSF4ELGEQT0-JENA000-GTE-P00015,08/04/26 07:51 PM EDT,$0.56,463
20260805,MLB-PHRR-FG-03I5DSF4ELGEQT0-JOVE001-GTE-P00015,08/04/26 07:51 PM EDT,$0.50,517
20260805,MLB-TRUNS-IT5-03I5DRPHELG6M28-GTE-P00025,08/04/26 07:51 PM EDT,$0.37,27
20260805,MLB-MOVY-IT5-03I5DRTFELG6MK8-MIRS000-GTE-P00005,08/04/26 07:51 PM EDT,$0.54,1087
20260805,MLB-TRUNS-IT5-03I5DRPHELG6M28-GTE-P00025,08/04/26 07:51 PM EDT,$0.37,22
20260805,MLB-TRUNS-IT5-03I5DRP4ELG6MI0-GTE-P00045,08/04/26 07:51 PM EDT,$0.46,12
20260805,MLB-TRUNS-IT5-03I5CE5DELGD0G8-GTE-P00025,08/04/26 07:51 PM EDT,$0.01,32
20260805,MLB-TRUNS-IT5-03I5CE5DELGD0G8-GTE-P00035,08/04/26 07:51 PM EDT,$0.02,200
20260805,MLB-PHRR-FG-03I5DSF4ELGEQT0-JENA000-GTE-P00015,08/04/26 07:51 PM EDT,$0.56,17
20260805,MLB-TRUNS-IT5-03I5CE5DELGD0G8-GTE-P00025,08/04/26 07:51 PM EDT,$0.01,50
20260805,MLB-PHRR-FG-03I5CE5HELGD1EO-JAON003-GTE-P00005,08/04/26 07:51 PM EDT,$0.41,100
20260805,MLB-TRUNS-IT5-03I5DRP4ELG6MI0-GTE-P00055,08/04/26 07:51 PM EDT,$0.24,63
20260805,MLB-TRUNS-IT5-03I5DRPHELG6M28-GTE-P00025,08/04/26 07:51 PM EDT,$0.37,40
20260805,MLB-TRUNS-IT5-03I5CE5DELGD0G8-GTE-P00025,08/04/26 07:51 PM EDT,$0.01,164
20260805,MLB-TRUNS-IT5-03I5CE5DELGD0G8-GTE-P00025,08/04/26 07:52 PM EDT,$0.01,32
20260805,MLB-PHRR-FG-03I5DRPFELG6MTG-SHNI001-GTE-P00025,08/04/26 07:52 PM EDT,$0.52,370
20260805,MLB-TRUNS-IT5-03I5DRVQELG6N68-GTE-P00035,08/04/26 07:52 PM EDT,$0.42,1
20260805,MLB-WIN-IT5-03I5CE5HELGD1EO-CIDS000,08/04/26 07:52 PM EDT,$0.04,100
20260805,MLB-TRUNS-IT5-03I5CE5DELGD0G8-GTE-P00035,08/04/26 07:52 PM EDT,$0.02,17
20260805,MLB-PHRR-FG-03I5DRPFELG6MTG-KYER000-GTE-P00015,08/04/26 07:52 PM EDT,$0.56,3
20260805,MLB-WIN-IT5-03I5CE5HELGD1EO-CIDS000,08/04/26 07:52 PM EDT,$0.04,200
20260805,MLB-WIN-IT5-03I5DSF4ELGEQT0-HOOS000,08/04/26 07:53 PM EDT,$0.55,2000
20260805,MLB-WIN-IT5-03I5DSF4ELGEQT0-HOOS000,08/04/26 07:53 PM EDT,$0.55,350
20260805,MLB-MOVY-IT5-03I5DSF4ELGEQT0-HOOS000-GTE-P00005,08/04/26 07:53 PM EDT,$0.48,6000
20260805,MLB-TRUNS-I6-03I5CE5DELGD0G8-GTE-P00005,08/04/26 07:53 PM EDT,$0.49,24
20260805,MLB-TRUNS-IT5-03I5DRUGELG6M2G-GTE-P00095,08/04/26 07:53 PM EDT,$0.45,170
20260805,MLB-MOVY-IT5-03I5DRV9ELG6MKO-MINS000-GTE-P00005,08/04/26 07:53 PM EDT,$0.43,22
20260805,MLB-TRUNS-I9-03I5DRPFELG6MTG-GTE-P00035,08/04/26 07:53 PM EDT,$0.10,90
20260805,MLB-TRUNS-IT5-03I5DRP4ELG6MI0-GTE-P00045,08/04/26 07:53 PM EDT,$0.32,82
20260805,MLB-MOVY-IT5-03I5DRPFELG6MTG-LARS000-GTE-P00015,08/04/26 07:53 PM EDT,$0.44,22
20260805,MLB-TRUNS-IT5-03I5DRP4ELG6MI0-GTE-P00045,08/04/26 07:53 PM EDT,$0.33,50
20260805,MLB-TRUNS-IT5-03I5DRV9ELG6MKO-GTE-P00045,08/04/26 07:53 PM EDT,$0.47,30
20260805,MLB-TRUNS-I5-03I5CE4PELGD0MO-GTE-P00035,08/04/26 07:53 PM EDT,$0.13,3
20260805,MLB-MOVY-IT5-03I5DRUGELG6M2G-BOOX000-GTE-P00045,08/04/26 07:54 PM EDT,$0.64,65
20260805,MLB-TRUNS-IT5-03I5CE5HELGD1EO-GTE-P00035,08/04/26 07:54 PM EDT,$0.39,34
20260805,MLB-PHRR-FG-03I5DRPFELG6MTG-FRAN000-GTE-P00025,08/04/26 07:54 PM EDT,$0.43,11
20260805,MLB-TRUNS-IT5-03I5DRUGELG6M2G-GTE-P00095,08/04/26 07:54 PM EDT,$0.48,9
20260805,MLB-WIN-IT5-03I5CE5HELGD1EO-ATCS000,08/04/26 07:54 PM EDT,$0.97,350
20260805,MLB-TRUNS-IT5-03I5CE5HELGD1EO-GTE-P00035,08/04/26 07:54 PM EDT,$0.36,303
20260805,MLB-WIN-IT5-03I5CE5HELGD1EO-ATCS000,08/04/26 07:54 PM EDT,$0.91,912
20260805,MLB-TRUNS-I6-03I5CE5DELGD0G8-GTE-P00005,08/04/26 07:54 PM EDT,$0.49,75
20260805,MLB-TRUNS-I4-03I5DRPHELG6M28-GTE-P00005,08/04/26 07:55 PM EDT,$0.28,20
20260805,MLB-PHRR-FG-03I5DRP4ELG6MI0-LUEZ000-GTE-P00075,08/04/26 07:55 PM EDT,$0.20,5
20260805,MLB-TRUNS-IT5-03I5CE5HELGD1EO-GTE-P00035,08/04/26 07:55 PM EDT,$0.30,238
20260805,MLB-TRUNS-IT5-03I5DRTFELG6MK8-GTE-P00025,08/04/26 07:55 PM EDT,$0.55,350
20260805,MLB-TRUNS-IT5-03I5DRP4ELG6MI0-GTE-P00045,08/04/26 07:55 PM EDT,$0.33,10
20260805,MLB-TRUNS-IT5-03I5CE5HELGD1EO-GTE-P00035,08/04/26 07:55 PM EDT,$0.23,44
20260805,MLB-TRUNS-IT5-03I5CE4PELGD0MO-GTE-P00065,08/04/26 07:55 PM EDT,$0.28,4
20260805,MLB-TRUNS-I3-03I5DRUGELG6M2G-GTE-P00005,08/04/26 07:55 PM EDT,$0.68,100
20260805,MLB-TRUNS-I3-03I5DRVQELG6N68-GTE-P00005,08/04/26 07:55 PM EDT,$0.11,100
20260805,MLB-TRUNS-IT5-03I5DRPHELG6M28-GTE-P00025,08/04/26 07:56 PM EDT,$0.39,2
20260805,MLB-TRUNS-I1-03I5DRPFELG6MTG-GTE-P00015,08/04/26 07:56 PM EDT,$0.33,28
20260805,MLB-WIN-IT5-03I5CE4PELGD0MO-NYTS000,08/04/26 07:56 PM EDT,$0.94,11
20260805,MLB-TRUNS-IT5-03I5DRPHELG6M28-GTE-P00025,08/04/26 07:56 PM EDT,$0.45,66
20260805,MLB-TRUNS-I6-03I5CE5DELGD0G8-GTE-P00005,08/04/26 07:56 PM EDT,$0.48,9
20260805,NWSL-DWIN-FG-00NB71Q9PGDTSN8-NOEW002,08/04/26 07:56 PM EDT,$0.35,31
20260805,MLB-TRUNS-IT5-03I5DRTFELG6MK8-GTE-P00025,08/04/26 07:57 PM EDT,$0.51,9
20260805,MLB-WIN-IT5-03I5DRV9ELG6MKO-KCLS000,08/04/26 07:57 PM EDT,$0.50,3
20260805,MLB-TRUNS-IT5-03I5DRVQELG6N68-GTE-P00025,08/04/26 07:57 PM EDT,$0.49,94
20260805,MLB-TRUNS-IT5-03I5DRPHELG6M28-GTE-P00035,08/04/26 07:57 PM EDT,$0.45,19
20260805,MLB-TRUNS-I6-03I5CE5HELGD1EO-GTE-P00005,08/04/26 07:57 PM EDT,$0.43,55
20260805,MLB-TRUNS-IT5-03I5DRPHELG6M28-GTE-P00035,08/04/26 07:57 PM EDT,$0.45,42
20260805,MLB-PHRR-FG-03I5DRPFELG6MTG-FRAN000-GTE-P00015,08/04/26 07:57 PM EDT,$0.60,41
20260805,MLB-TRUNS-IT5-03I5CE5DELGD0G8-GTE-P00055,08/04/26 07:57 PM EDT,$0.01,17
20260805,MLB-WIN-IT5-03I5DSDCELGERO0-DERS000,08/04/26 07:57 PM EDT,$0.48,200
20260805,MLB-TRUNS-I4-03I5DRPHELG6M28-GTE-P00015,08/04/26 07:58 PM EDT,$0.43,100
20260805,MLB-TRUNS-IT5-03I5CE5HELGD1EO-GTE-P00035,08/04/26 07:58 PM EDT,$0.43,11
20260805,MLB-TRUNS-I4-03I5DRPHELG6M28-GTE-P00005,08/04/26 07:58 PM EDT,$0.87,100
20260805,MLB-TRUNS-I4-03I5DRPHELG6M28-GTE-P00045,08/04/26 07:58 PM EDT,$0.09,100
20260805,MLB-WIN-IT5-03I5DRPHELG6M28-STLS000,08/04/26 07:58 PM EDT,$0.07,25
20260805,MLB-PHRR-FG-03I5DRPFELG6MTG-TEEZ000-GTE-P00015,08/04/26 07:58 PM EDT,$0.55,87
20260805,MLB-TRUNS-IT5-03I5DRVQELG6N68-GTE-P00025,08/04/26 07:58 PM EDT,$0.53,92
20260805,MLB-TRUNS-IT5-03I5DRPHELG6M28-GTE-P00035,08/04/26 07:58 PM EDT,$0.40,403
20260805,MLB-TRUNS-I4-03I5DRPHELG6M28-GTE-P00015,08/04/26 07:58 PM EDT,$0.40,100
20260805,MLB-TRUNS-I3-03I5DRUGELG6M2G-GTE-P00005,08/04/26 07:58 PM EDT,$0.44,9
20260805,MLB-TRUNS-I4-03I5DRPHELG6M28-GTE-P00005,08/04/26 07:58 PM EDT,$0.80,29
20260805,MLB-MOVY-IT5-03I5DSD4ELGER48-TBYS000-GTE-P00005,08/04/26 07:58 PM EDT,$0.50,201
20260805,MLB-TRUNS-IT5-03I5CE5DELGD0G8-GTE-P00025,08/04/26 07:58 PM EDT,$0.01,163
20260805,MLB-PHRR-FG-03I5CE5DELGD0G8-PESO000-GTE-P00035,08/04/26 07:58 PM EDT,$0.53,9
20260805,MLB-PHRR-FG-03I5DSF4ELGEQT0-YOEZ000-GTE-P00025,08/04/26 07:58 PM EDT,$0.43,13
20260805,MLB-WIN-IT5-03I5DRPFELG6MTG-LARS000,08/04/26 07:59 PM EDT,$0.66,4
20260805,MLB-TRUNS-I2-03I5DRPFELG6MTG-GTE-P00005,08/04/26 07:59 PM EDT,$0.43,5
20260805,MLB-TRUNS-I1-03I5DSF4ELGEQT0-GTE-P00015,08/04/26 07:59 PM EDT,$0.31,75
20260805,MLB-TRUNS-IT5-03I5CE5DELGD0G8-GTE-P00045,08/04/26 07:59 PM EDT,$0.01,201
20260805,MLB-TRUNS-I3-03I5DRUGELG6M2G-GTE-P00005,08/04/26 07:59 PM EDT,$0.36,26
20260805,MLB-MOVY-IT5-03I5DSF4ELGEQT0-HOOS000-GTE-P00005,08/04/26 07:59 PM EDT,$0.46,226
20260805,MLB-TRUNS-I1-03I5DRPFELG6MTG-GTE-P00005,08/04/26 07:59 PM EDT,$0.48,18
20260805,MLB-TRUNS-IT5-03I5DRUGELG6M2G-GTE-P00085,08/04/26 07:59 PM EDT,$0.42,41
20260805,MLB-TRUNS-I1-03I5DRPFELG6MTG-GTE-P00015,08/04/26 07:59 PM EDT,$0.25,220
20260805,MLB-WIN-IT5-03I5DRV9ELG6MLO-TERS000,08/04/26 07:59 PM EDT,$0.64,3
20260805,MLB-TRUNS-IT5-03I5DRVQELG6N68-GTE-P00025,08/04/26 07:59 PM EDT,$0.55,212
20260805,MLB-TRUNS-I3-03I5DRUGELG6M2G-GTE-P00005,08/04/26 07:59 PM EDT,$0.36,100
20260805,MLB-TRUNS-IT5-03I5DRP4ELG6MI0-GTE-P00045,08/04/26 07:59 PM EDT,$0.01,18
20260805,MLB-TRUNS-I4-03I5DRPHELG6M28-GTE-P00005,08/04/26 07:59 PM EDT,$0.30,71
20260805,MLB-TRUNS-I3-03I5DRUGELG6M2G-GTE-P00015,08/04/26 08:00 PM EDT,$0.18,100
20260805,MLB-TRUNS-IT5-03I5DRPHELG6M28-GTE-P00025,08/04/26 08:00 PM EDT,$0.41,2
20260805,MLB-TRUNS-IT5-03I5DSD4ELGER48-GTE-P00055,08/04/26 08:00 PM EDT,$0.51,9
20260805,MLB-TRUNS-IT5-03I5DRP4ELG6MI0-GTE-P00045,08/04/26 08:00 PM EDT,$0.01,36
20260805,MLB-TRUNS-I3-03I5DRUGELG6M2G-GTE-P00005,08/04/26 08:00 PM EDT,$0.36,100
20260805,MLB-TRUNS-IT5-03I5DRPHELG6M28-GTE-P00015,08/04/26 08:00 PM EDT,$0.55,23
20260805,MLB-TRUNS-I1-03I5DRV9ELG6MKO-GTE-P00005,08/04/26 08:00 PM EDT,$0.27,100
20260805,MLB-PHRR-FG-03I5DRV9ELG6MLO-BRMO000-GTE-P00015,08/04/26 08:00 PM EDT,$0.57,33
20260805,MLB-TRUNS-I3-03I5DRUGELG6M2G-GTE-P00005,08/04/26 08:00 PM EDT,$0.36,100
20260805,MLB-PHRR-FG-03I5DRPFELG6MTG-KYER000-GTE-P00015,08/04/26 08:00 PM EDT,$0.56,86
20260805,MLB-TRUNS-IT5-03I5DRV9ELG6MKO-GTE-P00035,08/04/26 08:00 PM EDT,$0.61,22
20260805,MLB-PHRR-FG-03I5DRV9ELG6MLO-EZAN000-GTE-P00055,08/04/26 08:01 PM EDT,$0.09,50
20260805,MLB-TRUNS-IT5-03I5DSDCELGERO0-GTE-P00045,08/04/26 08:01 PM EDT,$0.44,1206
20260805,MLB-MOVY-IT5-03I5DRV9ELG6MLO-TERS000-GTE-P00005,08/04/26 08:01 PM EDT,$0.52,200
20260805,MLB-TRUNS-I3-03I5DRUGELG6M2G-GTE-P00005,08/04/26 08:01 PM EDT,$0.36,100
20260805,MLB-TRUNS-IT5-03I5DRPHELG6M28-GTE-P00025,08/04/26 08:01 PM EDT,$0.42,2
20260805,MLB-TRUNS-I3-03I5DRUGELG6M2G-GTE-P00005,08/04/26 08:01 PM EDT,$0.36,100
20260805,MLB-TRUNS-IT5-03I5CE4PELGD0MO-GTE-P00065,08/04/26 08:01 PM EDT,$0.15,35
20260805,MLB-PHRR-FG-03I5DRPFELG6MTG-KYER000-GTE-P00015,08/04/26 08:01 PM EDT,$0.56,13
20260805,MLB-MOVY-IT5-03I5DRTFELG6MK8-MIRS000-GTE-P00005,08/04/26 08:01 PM EDT,$0.47,364
20260805,MLB-PHRR-FG-03I5DRPFELG6MTG-KYER000-GTE-P00015,08/04/26 08:01 PM EDT,$0.56,237
20260805,MLB-TRUNS-IT5-03I5DRPFELG6MTG-GTE-P00045,08/04/26 08:01 PM EDT,$0.52,350
20260805,MLB-TRUNS-I3-03I5DRUGELG6M2G-GTE-P00015,08/04/26 08:01 PM EDT,$0.18,78
20260805,MLB-TRUNS-I3-03I5DRUGELG6M2G-GTE-P00005,08/04/26 08:01 PM EDT,$0.36,50
20260805,MLB-TRUNS-IT5-03I5DRP4ELG6MI0-GTE-P00045,08/04/26 08:01 PM EDT,$0.01,100
20260805,MLB-PHRR-FG-03I5DRPFELG6MTG-KYER000-GTE-P00015,08/04/26 08:02 PM EDT,$0.48,13
20260805,MLB-TRUNS-I3-03I5DRUGELG6M2G-GTE-P00005,08/04/26 08:02 PM EDT,$0.36,58
20260805,MLB-PHRR-FG-03I5DRPFELG6MTG-NIER000-GTE-P00015,08/04/26 08:02 PM EDT,$0.50,115
20260805,MLB-PHRR-FG-03I5DRPFELG6MTG-FRAN000-GTE-P00025,08/04/26 08:02 PM EDT,$0.45,21
20260805,MLB-TRUNS-IT5-03I5DRPFELG6MTG-GTE-P00045,08/04/26 08:02 PM EDT,$0.52,104
20260805,MLB-MOVY-IT5-03I5DRPFELG6MTG-LARS000-GTE-P00005,08/04/26 08:02 PM EDT,$0.56,260
20260805,MLB-PHRR-FG-03I5DRPFELG6MTG-KYER000-GTE-P00015,08/04/26 08:02 PM EDT,$0.56,25
20260805,MLB-TRUNS-IT5-03I5DRPHELG6M28-GTE-P00015,08/04/26 08:02 PM EDT,$0.42,1000
20260805,MLB-PHRR-FG-03I5DRPFELG6MTG-TOAN002-GTE-P00015,08/04/26 08:02 PM EDT,$0.54,23
20260805,MLB-TRUNS-IT5-03I5CE5HELGD1EO-GTE-P00035,08/04/26 08:02 PM EDT,$0.68,14
20260805,MLB-TRUNS-I5-03I5CE5HELGD1EO-GTE-P00035,08/04/26 08:02 PM EDT,$0.42,100
20260805,MLB-TRUNS-IT5-03I5DRPHELG6M28-GTE-P00015,08/04/26 08:02 PM EDT,$0.41,32
20260805,MLB-TRUNS-I5-03I5DRPHELG6M28-GTE-P00005,08/04/26 08:02 PM EDT,$0.41,100
20260805,MLB-TRUNS-IT5-03I5DRV9ELG6MLO-GTE-P00045,08/04/26 08:03 PM EDT,$0.49,32
20260805,MLB-TRUNS-I5-03I5CE5HELGD1EO-GTE-P00045,08/04/26 08:03 PM EDT,$0.23,80
20260805,MLB-MOVY-IT5-03I5CE5DELGD0G8-BAES000-GTE-P00025,08/04/26 08:03 PM EDT,$0.01,81
20260805,MLB-TRUNS-IT5-03I5CE4PELGD0MO-GTE-P00065,08/04/26 08:03 PM EDT,$0.99,200
20260805,MLB-TRUNS-IT5-03I5CE5HELGD1EO-GTE-P00035,08/04/26 08:03 PM EDT,$0.67,238
20260805,MLB-TRUNS-IT5-03I5CE5HELGD1EO-GTE-P00045,08/04/26 08:03 PM EDT,$0.42,56
20260805,MLB-TRUNS-IT5-03I5DRPHELG6M28-GTE-P00025,08/04/26 08:03 PM EDT,$0.22,2
20260805,MLB-TRUNS-I1-03I5DRPFELG6MTG-GTE-P00015,08/04/26 08:03 PM EDT,$0.33,29
20260805,MLB-MOVY-IT5-03I5DSF4ELGEQT0-HOOS000-GTE-P00005,08/04/26 08:03 PM EDT,$0.48,8902
20260805,MLB-TRUNS-IT5-03I5DRVQELG6N68-GTE-P00025,08/04/26 08:03 PM EDT,$0.39,31
20260805,MLB-TRUNS-IT5-03I5DRUGELG6M2G-GTE-P00085,08/04/26 08:03 PM EDT,$0.43,169
20260805,MLB-WIN-IT5-03I5DRPFELG6MTG-CHBS000,08/04/26 08:03 PM EDT,$0.34,222
20260805,MLB-TRUNS-I5-03I5DRPHELG6M28-GTE-P00005,08/04/26 08:03 PM EDT,$0.41,39
20260805,MLB-TRUNS-IT5-03I5CE5HELGD1EO-GTE-P00045,08/04/26 08:03 PM EDT,$0.43,119
20260805,MLB-MOVY-IT5-03I5DRPFELG6MTG-LARS000-GTE-P00005,08/04/26 08:03 PM EDT,$0.56,27
20260805,MLB-PHRR-FG-03I5DRV9ELG6MLO-EZAN000-GTE-P00025,08/04/26 08:03 PM EDT,$0.35,54
20260805,MLB-TRUNS-IT5-03I5DRPHELG6M28-GTE-P00015,08/04/26 08:03 PM EDT,$0.41,16
20260805,KBO-WIN-FG-02HH7R9HOL5IJEO-KTON000,08/04/26 08:03 PM EDT,$0.48,3
20260805,MLB-WIN-IT5-03I5DRV9ELG6MLO-TERS000,08/04/26 08:03 PM EDT,$0.64,15
20260805,MLB-WIN-IT5-03I5DRPFELG6MTG-LARS000,08/04/26 08:03 PM EDT,$0.66,15
20260805,MLB-TRUNS-IT5-03I5DRPHELG6M28-GTE-P00015,08/04/26 08:04 PM EDT,$0.46,1
20260805,MLB-TRUNS-IT5-03I5CE5HELGD1EO-GTE-P00045,08/04/26 08:04 PM EDT,$0.99,56
20260805,MLB-TRUNS-IT5-03I5CE5HELGD1EO-GTE-P00035,08/04/26 08:04 PM EDT,$0.76,303
20260805,MLB-MOVY-IT5-03I5CE4PELGD0MO-NYTS000-GTE-P00025,08/04/26 08:04 PM EDT,$0.87,1500
20260805,MLB-MOVY-IT5-03I5CE4PELGD0MO-NYTS000-GTE-P00025,08/04/26 08:04 PM EDT,$0.99,33
20260805,MLB-TRUNS-IT5-03I5DRV9ELG6MKO-GTE-P00065,08/04/26 08:04 PM EDT,$0.46,364
20260805,MLB-MOVY-IT5-03I5DRV9ELG6MLO-TERS000-GTE-P00005,08/04/26 08:04 PM EDT,$0.54,112
20260805,KBO-WIN-FG-02HH7RC6OL5IIMG-LGNS000,08/04/26 08:04 PM EDT,$0.59,2
20260805,MLB-TRUNS-IT5-03I5CE5HELGD1EO-GTE-P00055,08/04/26 08:04 PM EDT,$0.41,22
20260805,MLB-TRUNS-IT5-03I5CE5HELGD1EO-GTE-P00045,08/04/26 08:04 PM EDT,$0.99,119
20260805,MLB-TRUNS-IT5-03I5DRUGELG6M2G-GTE-P00075,08/04/26 08:04 PM EDT,$0.50,19
20260805,MLB-TRUNS-I5-03I5CE5HELGD1EO-GTE-P00045,08/04/26 08:04 PM EDT,$0.42,100
20260805,KBO-WIN-FG-02HH7RDQOL5IIM8-LOTS001,08/04/26 08:04 PM EDT,$0.50,2
20260805,MLB-MOVY-IT5-03I5CE5HELGD1EO-ATCS000-GTE-P00005,08/04/26 08:04 PM EDT,$0.57,55
20260805,MLB-PHRR-FG-03I5DRP4ELG6MI0-LUEZ000-GTE-P00025,08/04/26 08:04 PM EDT,$0.98,500
20260805,MLB-TRUNS-IT5-03I5DRPHELG6M28-GTE-P00045,08/04/26 08:04 PM EDT,$0.06,98
20260805,MLB-MOVY-IT5-03I5DRV9ELG6MLO-TERS000-GTE-P00005,08/04/26 08:05 PM EDT,$0.52,24
20260805,MLB-TRUNS-I2-03I5DRV9ELG6MKO-GTE-P00005,08/04/26 08:05 PM EDT,$0.46,89
20260805,MLB-TRUNS-I6-03I5CE4PELGD0MO-GTE-P00005,08/04/26 08:05 PM EDT,$0.48,2
20260805,MLB-TRUNS-IT5-03I5DRP4ELG6MI0-GTE-P00055,08/04/26 08:05 PM EDT,$0.01,8
20260805,MLB-TRUNS-IT5-03I5DRPHELG6M28-GTE-P00015,08/04/26 08:05 PM EDT,$0.44,133
20260805,MLB-WIN-IT5-03I5CE5HELGD1EO-CIDS000,08/04/26 08:05 PM EDT,$0.29,80
20260805,MLB-TRUNS-IT5-03I5CE5DELGD0G8-GTE-P00055,08/04/26 08:05 PM EDT,$0.01,181
20260805,MLB-TRUNS-IT5-03I5DRVQELG6N68-GTE-P00025,08/04/26 08:05 PM EDT,$0.39,2
20260805,MLB-TRUNS-IT5-03I5CE5HELGD1EO-GTE-P00055,08/04/26 08:05 PM EDT,$0.43,122
20260805,MLB-WIN-IT5-03I5DRPHELG6M28-STLS000,08/04/26 08:05 PM EDT,$0.17,24
20260805,MLB-TRUNS-IT5-03I5DRPHELG6M28-GTE-P00035,08/04/26 08:05 PM EDT,$0.10,42
20260805,MLB-MOVY-IT5-03I5DSF4ELGEQT0-HOOS000-GTE-P00005,08/04/26 08:05 PM EDT,$0.46,26
20260805,MLB-TRUNS-I5-03I5CE5HELGD1EO-GTE-P00045,08/04/26 08:05 PM EDT,$0.35,100
20260805,MLB-PHRR-FG-03I5DSF4ELGEQT0-GEER000-GTE-P00025,08/04/26 08:06 PM EDT,$0.34,41
20260805,MLB-TRUNS-IT5-03I5DRP4ELG6MI0-GTE-P00045,08/04/26 08:06 PM EDT,$0.01,10
20260805,MLB-TRUNS-I1-03I5DSD4ELGER48-GTE-P00015,08/04/26 08:06 PM EDT,$0.39,99
20260805,MLB-TRUNS-IT5-03I5CE5HELGD1EO-GTE-P00055,08/04/26 08:06 PM EDT,$0.35,12
20260805,MLB-TRUNS-I5-03I5CE5HELGD1EO-GTE-P00045,08/04/26 08:06 PM EDT,$0.38,70
20260805,MLB-MOVY-IT5-03I5DSD4ELGER48-TBYS000-GTE-P00005,08/04/26 08:06 PM EDT,$0.50,21
20260805,MLB-TRUNS-IT5-03I5DRUGELG6M2G-GTE-P00085,08/04/26 08:06 PM EDT,$0.50,169
20260805,MLB-MOVY-IT5-03I5DSDCELGERO0-SERS000-GTE-P00005,08/04/26 08:06 PM EDT,$0.43,16
20260805,MLB-TRUNS-I2-03I5DRV9ELG6MKO-GTE-P00005,08/04/26 08:06 PM EDT,$0.46,44
20260805,MLB-PHRR-FG-03I5DSF4ELGEQT0-YOEZ000-GTE-P00025,08/04/26 08:06 PM EDT,$0.43,22
20260805,MLB-TRUNS-IT5-03I5DRV9ELG6MKO-GTE-P00065,08/04/26 08:06 PM EDT,$0.38,350
20260805,MLB-TRUNS-IT5-03I5DRV9ELG6MKO-GTE-P00065,08/04/26 08:06 PM EDT,$0.38,14
20260805,MLB-TRUNS-I5-03I5CE5HELGD1EO-GTE-P00045,08/04/26 08:06 PM EDT,$0.32,71
20260805,MLB-TRUNS-I4-03I5DRUGELG6M2G-GTE-P00025,08/04/26 08:06 PM EDT,$0.27,1
20260805,MLB-TRUNS-IT5-03I5DRV9ELG6MKO-GTE-P00055,08/04/26 08:06 PM EDT,$0.55,35
20260805,MLB-MOVY-IT5-03I5CE5HELGD1EO-ATCS000-GTE-P00005,08/04/26 08:06 PM EDT,$0.67,92
20260805,MLB-TRUNS-IT5-03I5DRV9ELG6MLO-GTE-P00045,08/04/26 08:06 PM EDT,$0.49,9
20260805,MLB-PHRR-FG-03I5CE5HELGD1EO-ELUZ001-GTE-P00035,08/04/26 08:07 PM EDT,$0.98,500
20260805,MLB-WIN-IT5-03I5CE5HELGD1EO-ATCS000,08/04/26 08:07 PM EDT,$0.59,57
20260805,MLB-TRUNS-IT5-03I5DRUGELG6M2G-GTE-P00085,08/04/26 08:07 PM EDT,$0.51,400
20260805,MLB-TRUNS-IT5-03I5CE4PELGD0MO-GTE-P00055,08/04/26 08:07 PM EDT,$0.99,58
20260805,MLB-TRUNS-IT5-03I5CE5HELGD1EO-GTE-P00055,08/04/26 08:07 PM EDT,$0.99,122
20260805,MLB-WIN-IT5-03I5CE5HELGD1EO-CIDS000,08/04/26 08:07 PM EDT,$0.50,200
20260805,MLB-PHRR-FG-03I5DSCVELGERJ8-FEJR000-GTE-P00015,08/04/26 08:07 PM EDT,$0.59,163
20260805,MLB-WIN-IT5-03I5CE5HELGD1EO-ATCS000,08/04/26 08:07 PM EDT,$0.46,335
20260805,MLB-MOVY-IT5-03I5DSDCELGERO0-SERS000-GTE-P00005,08/04/26 08:07 PM EDT,$0.45,8
20260805,MLB-WIN-IT5-03I5CE5HELGD1EO-ATCS000,08/04/26 08:08 PM EDT,$0.40,335
20260805,MLB-WIN-IT5-03I5CE5HELGD1EO-CIDS000,08/04/26 08:08 PM EDT,$0.51,25
20260805,MLB-WIN-IT5-03I5DSD4ELGER48-COES000,08/04/26 08:08 PM EDT,$0.42,17
20260805,MLB-PHRR-FG-03I5DRPFELG6MTG-KYER000-GTE-P00015,08/04/26 08:08 PM EDT,$0.55,87
20260805,MLB-TRUNS-I7-03I5CE5DELGD0G8-GTE-P00005,08/04/26 08:08 PM EDT,$0.36,94
20260805,MLB-MOVY-IT5-03I5CE5HELGD1EO-CIDS000-GTE-P00005,08/04/26 08:08 PM EDT,$0.04,30
20260805,MLB-MOVY-IT5-03I5DRPFELG6MTG-LARS000-GTE-P00005,08/04/26 08:08 PM EDT,$0.52,37
20260805,MLB-TRUNS-IT5-03I5DRUGELG6M2G-GTE-P00075,08/04/26 08:08 PM EDT,$0.54,20
20260805,MLB-TRUNS-I3-03I5DRPFELG6MTG-GTE-P00005,08/04/26 08:08 PM EDT,$0.44,43
20260805,MLB-TRUNS-I5-03I5DRPHELG6M28-GTE-P00005,08/04/26 08:09 PM EDT,$0.48,100
20260805,MLB-WIN-IT5-03I5DRPFELG6MTG-CHBS000,08/04/26 08:09 PM EDT,$0.41,1500
20260805,MLB-WIN-IT5-03I5DRPFELG6MTG-CHBS000,08/04/26 08:09 PM EDT,$0.40,350
20260805,MLB-TRUNS-IT5-03I5CE5HELGD1EO-GTE-P00055,08/04/26 08:09 PM EDT,$0.99,22
20260805,MLB-MOVY-IT5-03I5DSDCELGERO0-SERS000-GTE-P00005,08/04/26 08:09 PM EDT,$0.43,7
20260805,MLB-TRUNS-I6-03I5CE5HELGD1EO-GTE-P00005,08/04/26 08:09 PM EDT,$0.49,100
20260805,MLB-WIN-IT5-03I5DRVQELG6N68-MINS001,08/04/26 08:09 PM EDT,$0.11,166
20260805,MLB-TRUNS-IT5-03I5CE5HELGD1EO-GTE-P00065,08/04/26 08:09 PM EDT,$0.04,1000
20260805,MLB-TRUNS-I5-03I5DRPHELG6M28-GTE-P00025,08/04/26 08:09 PM EDT,$0.16,60
20260805,MLB-WIN-IT5-03I5CE5HELGD1EO-CIDS000,08/04/26 08:09 PM EDT,$0.48,80
20260805,MLB-TRUNS-IT5-03I5DRPFELG6MTG-GTE-P00045,08/04/26 08:09 PM EDT,$0.48,19
20260805,MLB-TRUNS-IT5-03I5DRVQELG6N68-GTE-P00025,08/04/26 08:09 PM EDT,$0.38,31
20260805,MLB-TRUNS-IT5-03I5DRPFELG6MTG-GTE-P00045,08/04/26 08:09 PM EDT,$0.46,17
20260805,MLB-PHRR-FG-03I5DRPFELG6MTG-KYER000-GTE-P00015,08/04/26 08:09 PM EDT,$0.54,100
20260805,MLB-WIN-IT5-03I5DRPFELG6MTG-CHBS000,08/04/26 08:09 PM EDT,$0.40,3333
20260805,MLB-WIN-IT5-03I5DRPFELG6MTG-CHBS000,08/04/26 08:09 PM EDT,$0.40,350
20260805,MLB-TRUNS-IT5-03I5DRPHELG6M28-GTE-P00015,08/04/26 08:09 PM EDT,$0.40,16
20260805,MLB-TRUNS-I6-03I5CE5HELGD1EO-GTE-P00005,08/04/26 08:09 PM EDT,$0.50,100
20260805,MLB-PHRR-FG-03I5CE5DELGD0G8-JOWE000-GTE-P00005,08/04/26 08:09 PM EDT,$0.22,91
20260805,MLB-PHRR-FG-03I5CE5DELGD0G8-JOWE000-GTE-P00005,08/04/26 08:09 PM EDT,$0.22,9
20260805,MLB-TRUNS-IT5-03I5DRTFELG6MK8-GTE-P00025,08/04/26 08:09 PM EDT,$0.45,35
20260805,MLB-TRUNS-IT5-03I5DRUGELG6M2G-GTE-P00085,08/04/26 08:09 PM EDT,$0.29,150
20260805,MLB-WIN-IT5-03I5DRPFELG6MTG-CHBS000,08/04/26 08:10 PM EDT,$0.40,350
20260805,MLB-WIN-IT5-03I5DRPFELG6MTG-CHBS000,08/04/26 08:10 PM EDT,$0.40,3221
20260805,MLB-PHRR-FG-03I5DRPFELG6MTG-KYER000-GTE-P00015,08/04/26 08:10 PM EDT,$0.54,100
20260805,MLB-TRUNS-I7-03I5CE5DELGD0G8-GTE-P00005,08/04/26 08:10 PM EDT,$0.42,5
20260805,MLB-MOVY-IT5-03I5DRTFELG6MK8-MIRS000-GTE-P00005,08/04/26 08:10 PM EDT,$0.49,19
20260805,MLB-MOVY-IT5-03I5DRVQELG6N68-ATES000-GTE-P00015,08/04/26 08:10 PM EDT,$0.46,57
20260805,MLB-TRUNS-I6-03I5CE5HELGD1EO-GTE-P00005,08/04/26 08:10 PM EDT,$0.50,100
20260805,MLB-MOVY-IT5-03I5DRVQELG6N68-ATES000-GTE-P00015,08/04/26 08:10 PM EDT,$0.49,1
20260805,MLB-TRUNS-IT5-03I5DRTFELG6MK8-GTE-P00025,08/04/26 08:10 PM EDT,$0.44,51
20260805,MLB-TRUNS-IT5-03I5DRUGELG6M2G-GTE-P00075,08/04/26 08:10 PM EDT,$0.45,19
20260805,MLB-PHRR-FG-03I5DRPFELG6MTG-KYER000-GTE-P00015,08/04/26 08:10 PM EDT,$0.53,100
20260805,MLB-TRUNS-I7-03I5CE5DELGD0G8-GTE-P00005,08/04/26 08:11 PM EDT,$0.49,98
20260805,MLB-TRUNS-I6-03I5CE5HELGD1EO-GTE-P00005,08/04/26 08:11 PM EDT,$0.49,55
20260805,MLB-PHRR-FG-03I5DRVQELG6N68-MAON003-GTE-P00015,08/04/26 08:11 PM EDT,$0.55,43
20260805,MLB-TRUNS-IT5-03I5DSF4ELGEQT0-GTE-P00045,08/04/26 08:11 PM EDT,$0.50,76
20260805,MLB-WIN-IT5-03I5DRPFELG6MTG-CHBS000,08/04/26 08:11 PM EDT,$0.42,6
20260805,MLB-TRUNS-IT5-03I5DRVQELG6N68-GTE-P00015,08/04/26 08:11 PM EDT,$0.55,19
20260805,MLB-TRUNS-IT5-03I5DRUGELG6M2G-GTE-P00075,08/04/26 08:12 PM EDT,$0.51,1000
20260805,MLB-TRUNS-IT5-03I5DRPHELG6M28-GTE-P00015,08/04/26 08:12 PM EDT,$0.23,126
20260805,MLB-PHRR-FG-03I5CE5DELGD0G8-WAER001-GTE-P00025,08/04/26 08:12 PM EDT,$0.24,38
20260805,MLB-TRUNS-I4-03I5DRUGELG6M2G-GTE-P00005,08/04/26 08:12 PM EDT,$0.47,6
20260805,MLB-TRUNS-IT5-03I5DRTFELG6MK8-GTE-P00025,08/04/26 08:12 PM EDT,$0.41,350
20260805,MLB-TRUNS-IT5-03I5DRVQELG6N68-GTE-P00015,08/04/26 08:12 PM EDT,$0.52,242
20260805,MLB-TRUNS-IT5-03I5DRTFELG6MK8-GTE-P00025,08/04/26 08:12 PM EDT,$0.40,56
20260805,MLB-PHRR-FG-03I5DRPFELG6MTG-KYER000-GTE-P00015,08/04/26 08:12 PM EDT,$0.53,100
20260805,MLB-TRUNS-IT5-03I5DRTFELG6MK8-GTE-P00025,08/04/26 08:13 PM EDT,$0.40,158
20260805,MLB-TRUNS-IT5-03I5DRUGELG6M2G-GTE-P00075,08/04/26 08:13 PM EDT,$0.61,44
20260805,MLB-WIN-IT5-03I5DSD4ELGER48-COES000,08/04/26 08:13 PM EDT,$0.42,568
20260805,MLB-TRUNS-I5-03I5DRVQELG6N68-GTE-P00015,08/04/26 08:13 PM EDT,$0.21,100
20260805,MLB-TRUNS-I4-03I5DRVQELG6N68-GTE-P00005,08/04/26 08:13 PM EDT,$0.12,100
20260805,MLB-TRUNS-I7-03I5CE5DELGD0G8-GTE-P00005,08/04/26 08:13 PM EDT,$0.38,57
20260805,MLB-TRUNS-IT5-03I5DRVQELG6N68-GTE-P00015,08/04/26 08:13 PM EDT,$0.52,853
20260805,MLB-PHRR-FG-03I5DRPFELG6MTG-KYER000-GTE-P00015,08/04/26 08:13 PM EDT,$0.53,100
20260805,MLB-TRUNS-IT5-03I5DRVQELG6N68-GTE-P00015,08/04/26 08:14 PM EDT,$0.46,36
20260805,MLB-PHRR-FG-03I5DRTFELG6MK8-JAEZ004-GTE-P00015,08/04/26 08:14 PM EDT,$0.71,500
20260805,MLB-MOVY-IT5-03I5DRTFELG6MK8-PIES000-GTE-P00005,08/04/26 08:14 PM EDT,$0.61,31
20260805,MLB-PHRR-FG-03I5DRTFELG6MK8-JAEZ004-GTE-P00005,08/04/26 08:14 PM EDT,$0.86,500
20260805,MLB-TRUNS-I1-03I5DRPFELG6MTG-GTE-P00015,08/04/26 08:14 PM EDT,$0.05,10
20260805,NASCAR-WIN-RCE-02D841PP1B75ERMKJ7DC8O1DJ49AKT5RU34R75QAO5SQF8ND6LKKKVBUVB00-TYCK003,08/04/26 08:14 PM EDT,$0.09,50
20260805,MLB-MOVY-IT5-03I5DRTFELG6MK8-MIRS000-GTE-P00005,08/04/26 08:14 PM EDT,$0.23,47
20260805,MLB-PHRR-FG-03I5DRPFELG6MTG-KYER000-GTE-P00015,08/04/26 08:14 PM EDT,$0.53,100
20260805,MLB-PHRR-FG-03I5DRPFELG6MTG-KYER000-GTE-P00015,08/04/26 08:15 PM EDT,$0.52,100
20260805,MLB-TRUNS-I4-03I5DRUGELG6M2G-GTE-P00005,08/04/26 08:15 PM EDT,$0.58,100
20260805,MLB-MOVY-IT5-03I5DRPHELG6M28-NYES000-GTE-P00025,08/04/26 08:15 PM EDT,$0.05,1000
20260805,MLB-PHRR-FG-03I5DRPFELG6MTG-FRAN000-GTE-P00015,08/04/26 08:15 PM EDT,$0.49,64
20260805,MLB-PHRR-FG-03I5DRPFELG6MTG-KYER000-GTE-P00015,08/04/26 08:15 PM EDT,$0.52,100
20260805,MLB-PHRR-FG-03I5DRPFELG6MTG-PENG000-GTE-P00015,08/04/26 08:15 PM EDT,$0.46,20
20260805,MLB-PHRR-FG-03I5DRPFELG6MTG-KYER000-GTE-P00015,08/04/26 08:15 PM EDT,$0.52,100
20260805,MLB-PHRR-FG-03I5DRPFELG6MTG-KYER000-GTE-P00015,08/04/26 08:15 PM EDT,$0.55,195
20260805,MLB-PHRR-FG-03I5DRPFELG6MTG-KYER000-GTE-P00015,08/04/26 08:15 PM EDT,$0.52,50
20260805,NASCAR-WIN-RCE-02D841PP1B75ERMKJ7DC8O1DJ49AKT5RU34R75QAO5SQF8ND6LKKKVBUVB00-RYCE002,08/04/26 08:16 PM EDT,$0.04,100
20260805,MLB-TRUNS-I2-03I5DRPFELG6MTG-GTE-P00005,08/04/26 08:16 PM EDT,$0.43,25
20260805,MLB-TRUNS-IT5-03I5DRPHELG6M28-GTE-P00025,08/04/26 08:16 PM EDT,$0.01,62
20260805,MLB-MOVY-IT5-03I5DRPFELG6MTG-LARS000-GTE-P00005,08/04/26 08:16 PM EDT,$0.50,19
20260805,MLB-TRUNS-IT5-03I5DRUGELG6M2G-GTE-P00085,08/04/26 08:16 PM EDT,$0.46,104
20260805,MLB-TRUNS-I1-03I5DRPFELG6MTG-GTE-P00005,08/04/26 08:16 PM EDT,$0.19,100
20260805,MLB-TRUNS-IT5-03I5DRPFELG6MTG-GTE-P00035,08/04/26 08:16 PM EDT,$0.52,962
20260805,MLB-TRUNS-I2-03I5DRPFELG6MTG-GTE-P00005,08/04/26 08:16 PM EDT,$0.43,10
20260805,MLB-TRUNS-IT5-03I5DRTFELG6MK8-GTE-P00025,08/04/26 08:16 PM EDT,$0.53,142
20260805,MLB-TRUNS-IT5-03I5DSDCELGERO0-GTE-P00045,08/04/26 08:16 PM EDT,$0.44,8
20260805,MLB-TRUNS-IT5-03I5DRPFELG6MTG-GTE-P00035,08/04/26 08:16 PM EDT,$0.52,774
20260805,MLB-TRUNS-I1-03I5DRV9ELG6MLO-GTE-P00005,08/04/26 08:16 PM EDT,$0.29,40
20260805,MLB-TRUNS-IT5-03I5DRPFELG6MTG-GTE-P00035,08/04/26 08:17 PM EDT,$0.52,1
20260805,MLB-PHRR-FG-03I5DRPFELG6MTG-KYER000-GTE-P00015,08/04/26 08:17 PM EDT,$0.52,100
20260805,MLB-TRUNS-IT5-03I5DRTFELG6MK8-GTE-P00035,08/04/26 08:17 PM EDT,$0.37,181
20260805,MLB-TRUNS-IT5-03I5DRPFELG6MTG-GTE-P00035,08/04/26 08:17 PM EDT,$0.52,40
20260805,MLB-MOVY-IT5-03I5DRPFELG6MTG-LARS000-GTE-P00005,08/04/26 08:17 PM EDT,$0.52,26
20260805,MLB-PHRR-FG-03I5DRP4ELG6MI0-DALE000-GTE-P00035,08/04/26 08:17 PM EDT,$0.07,28
20260805,MLB-TRUNS-IT5-03I5DRPFELG6MTG-GTE-P00035,08/04/26 08:17 PM EDT,$0.52,10
20260805,MLB-TRUNS-I4-03I5DRUGELG6M2G-GTE-P00015,08/04/26 08:17 PM EDT,$0.44,100
20260805,MLB-TRUNS-IT5-03I5DRPFELG6MTG-GTE-P00035,08/04/26 08:17 PM EDT,$0.52,10
20260805,MLB-TRUNS-IT5-03I5DRPHELG6M28-GTE-P00025,08/04/26 08:17 PM EDT,$0.01,27
20260805,MLB-WIN-IT5-03I5DSCVELGERJ8-ARKS000,08/04/26 08:17 PM EDT,$0.56,43
20260805,MLB-TRUNS-IT5-03I5DSD4ELGER48-GTE-P00055,08/04/26 08:17 PM EDT,$0.52,9
20260805,MLB-TRUNS-IT5-03I5DRUGELG6M2G-GTE-P00085,08/04/26 08:17 PM EDT,$0.39,250
20260805,MLB-TRUNS-IT5-03I5DRTFELG6MK8-GTE-P00025,08/04/26 08:17 PM EDT,$0.55,21
20260805,MLB-TRUNS-IT5-03I5DRUGELG6M2G-GTE-P00085,08/04/26 08:18 PM EDT,$0.39,39
20260805,MLB-PHRR-FG-03I5DRVQELG6N68-JIIS000-GTE-P00015,08/04/26 08:18 PM EDT,$0.30,1
20260805,MLB-PHRR-FG-03I5DRVQELG6N68-ROJR000-GTE-P00015,08/04/26 08:18 PM EDT,$0.34,1
20260805,MLB-TRUNS-IT5-03I5DRPHELG6M28-GTE-P00045,08/04/26 08:18 PM EDT,$0.01,45
20260805,MLB-TRUNS-IT5-03I5DRVQELG6N68-GTE-P00015,08/04/26 08:18 PM EDT,$0.31,37
20260805,MLB-TRUNS-I7-03I5CE5DELGD0G8-GTE-P00005,08/04/26 08:19 PM EDT,$0.16,58
20260805,MLB-TRUNS-I1-03I5DSF4ELGEQT0-GTE-P00015,08/04/26 08:19 PM EDT,$0.19,75
20260805,MLB-TRUNS-IT5-03I5DSDCELGERO0-GTE-P00045,08/04/26 08:19 PM EDT,$0.45,21
20260805,MLB-PHRR-FG-03I5DSD4ELGER48-JURO000-GTE-P00025,08/04/26 08:20 PM EDT,$0.55,438
20260805,MLB-TRUNS-IT5-03I5DRPFELG6MTG-GTE-P00035,08/04/26 08:20 PM EDT,$0.53,60
20260805,MLB-TRUNS-I7-03I5CE5DELGD0G8-GTE-P00005,08/04/26 08:20 PM EDT,$0.61,40
20260805,MLB-TRUNS-I6-03I5CE5HELGD1EO-GTE-P00005,08/04/26 08:20 PM EDT,$0.21,43
20260805,MLB-WIN-IT5-03I5DRPFELG6MTG-LARS000,08/04/26 08:20 PM EDT,$0.63,34
20260805,MLB-WIN-IT5-03I5DRPFELG6MTG-LARS000,08/04/26 08:20 PM EDT,$0.63,350
20260805,MLB-PHRR-FG-03I5DSD4ELGER48-JURO000-GTE-P00025,08/04/26 08:20 PM EDT,$0.55,17
20260805,MLB-TRUNS-IT5-03I5DRVQELG6N68-GTE-P00015,08/04/26 08:20 PM EDT,$0.28,350
20260805,MLB-PHRR-FG-03I5DSD4ELGER48-JURO000-GTE-P00025,08/04/26 08:20 PM EDT,$0.55,263
20260805,MLB-TRUNS-IT5-03I5DRTFELG6MK8-GTE-P00025,08/04/26 08:20 PM EDT,$0.51,19
20260805,MLB-PHRR-FG-03I5DRVQELG6N68-AUEY000-GTE-P00015,08/04/26 08:20 PM EDT,$0.33,1
20260805,MLB-PHRR-FG-03I5DRVQELG6N68-DRIN000-GTE-P00015,08/04/26 08:20 PM EDT,$0.36,1
20260805,MLB-PHRR-FG-03I5DRVQELG6N68-ROJR000-GTE-P00035,08/04/26 08:20 PM EDT,$0.12,4
20260805,MLB-PHRR-FG-03I5DRVQELG6N68-DOTH000-GTE-P00025,08/04/26 08:20 PM EDT,$0.18,3
20260805,MLB-TRUNS-I6-03I5CE5HELGD1EO-GTE-P00005,08/04/26 08:21 PM EDT,$0.09,100
20260805,MLB-TRUNS-IT5-03I5DRUGELG6M2G-GTE-P00075,08/04/26 08:21 PM EDT,$0.46,4
20260805,MLB-TRUNS-IT5-03I5DRVQELG6N68-GTE-P00015,08/04/26 08:21 PM EDT,$0.28,350
20260805,MLB-TRUNS-IT5-03I5DRPFELG6MTG-GTE-P00035,08/04/26 08:21 PM EDT,$0.48,575
20260805,MLB-TRUNS-IT5-03I5DRPFELG6MTG-GTE-P00035,08/04/26 08:21 PM EDT,$0.48,350
20260805,MLB-WIN-IT5-03I5DSDCELGERO0-DERS000,08/04/26 08:21 PM EDT,$0.48,9
20260805,MLB-TRUNS-I2-03I5DRPFELG6MTG-GTE-P00005,08/04/26 08:21 PM EDT,$0.43,6
20260805,MLB-TRUNS-IT5-03I5DRVQELG6N68-GTE-P00015,08/04/26 08:21 PM EDT,$0.27,242
20260805,MLB-TRUNS-IT5-03I5DRPFELG6MTG-GTE-P00035,08/04/26 08:21 PM EDT,$0.46,446
20260805,MLB-MOVY-IT5-03I5DRTFELG6MK8-PIES000-GTE-P00005,08/04/26 08:21 PM EDT,$0.60,41
20260805,MLB-PHRR-FG-03I5DSF4ELGEQT0-ISES000-GTE-P00015,08/04/26 08:21 PM EDT,$0.46,20
20260805,MLB-TRUNS-I2-03I5DRPFELG6MTG-GTE-P00005,08/04/26 08:22 PM EDT,$0.52,41
20260805,MLB-PHRR-FG-03I5CE5DELGD0G8-COYO000-GTE-P00015,08/04/26 08:22 PM EDT,$0.10,90
20260805,MLB-TRUNS-IT5-03I5DRVQELG6N68-GTE-P00015,08/04/26 08:22 PM EDT,$0.25,222
20260805,MLB-TRUNS-I2-03I5DRPFELG6MTG-GTE-P00005,08/04/26 08:22 PM EDT,$0.44,17
20260805,MLB-PHRR-FG-03I5DRPFELG6MTG-FRAN000-GTE-P00015,08/04/26 08:22 PM EDT,$0.50,16
20260805,MLB-PHRR-FG-03I5DRPFELG6MTG-FRAN000-GTE-P00015,08/04/26 08:22 PM EDT,$0.50,8
20260805,MLB-MOVY-IT5-03I5DRPFELG6MTG-LARS000-GTE-P00005,08/04/26 08:22 PM EDT,$0.55,14
20260805,MLB-TRUNS-IT5-03I5DRTFELG6MK8-GTE-P00035,08/04/26 08:23 PM EDT,$0.44,43
20260805,MLB-MOVY-IT5-03I5DRTFELG6MK8-MIRS000-GTE-P00005,08/04/26 08:23 PM EDT,$0.43,100
20260805,MLB-TRUNS-IT5-03I5DRUGELG6M2G-GTE-P00065,08/04/26 08:24 PM EDT,$0.54,34
20260805,MLB-TRUNS-I5-03I5DRVQELG6N68-GTE-P00015,08/04/26 08:24 PM EDT,$0.18,10
20260805,MLB-TRUNS-I8-03I5CE5DELGD0G8-GTE-P00005,08/04/26 08:24 PM EDT,$0.43,48
20260805,MLB-TRUNS-IT5-03I5DRVQELG6N68-GTE-P00015,08/04/26 08:24 PM EDT,$0.26,76
20260805,MLB-PHRR-FG-03I5DSDCELGERO0-DIER000-GTE-P00045,08/04/26 08:24 PM EDT,$0.12,76
20260805,MLB-PHRR-FG-03I5DRP4ELG6MI0-JURD000-GTE-P00025,08/04/26 08:24 PM EDT,$0.70,100
20260805,MLB-PHRR-FG-03I5DRP4ELG6MI0-TRER001-GTE-P00045,08/04/26 08:24 PM EDT,$0.42,100
20260805,MLB-PHRR-FG-03I5DRPFELG6MTG-FRAN000-GTE-P00015,08/04/26 08:24 PM EDT,$0.48,40
20260805,MLB-PHRR-FG-03I5DSDCELGERO0-KELE000-GTE-P00045,08/04/26 08:24 PM EDT,$0.14,66
20260805,MLB-TRUNS-I8-03I5CE5DELGD0G8-GTE-P00005,08/04/26 08:24 PM EDT,$0.43,100
20260805,MLB-MOVY-IT5-03I5DSF4ELGEQT0-HOOS000-GTE-P00005,08/04/26 08:25 PM EDT,$0.54,42
20260805,MLB-PHRR-FG-03I5DSDCELGERO0-SPON000-GTE-P00045,08/04/26 08:25 PM EDT,$0.12,76
20260805,MLB-PHRR-FG-03I5DRPFELG6MTG-PENG000-GTE-P00015,08/04/26 08:25 PM EDT,$0.39,85
20260805,MLB-WIN-IT5-03I5DRPFELG6MTG-LARS000,08/04/26 08:25 PM EDT,$0.58,26
20260805,MLB-TRUNS-I1-03I5DRV9ELG6MLO-GTE-P00025,08/04/26 08:25 PM EDT,$0.42,57
20260805,MLB-PHRR-FG-03I5DRPHELG6M28-IVRA000-GTE-P00005,08/04/26 08:25 PM EDT,$0.35,100
20260805,MLB-WIN-IT5-03I5DSCVELGERJ8-ARKS000,08/04/26 08:25 PM EDT,$0.56,172
20260805,MLB-TRUNS-I8-03I5CE5DELGD0G8-GTE-P00005,08/04/26 08:25 PM EDT,$0.44,74
20260805,MLB-TRUNS-IT5-03I5DRVQELG6N68-GTE-P00015,08/04/26 08:25 PM EDT,$0.24,252
20260805,MLB-TRUNS-IT5-03I5DRVQELG6N68-GTE-P00015,08/04/26 08:25 PM EDT,$0.17,350
20260805,MLB-TRUNS-IT5-03I5DRPFELG6MTG-GTE-P00035,08/04/26 08:25 PM EDT,$0.42,42
20260805,MLB-TRUNS-IT5-03I5DRVQELG6N68-GTE-P00015,08/04/26 08:25 PM EDT,$0.05,1000
20260805,MLB-PHRR-FG-03I5DSF4ELGEQT0-YOEZ000-GTE-P00015,08/04/26 08:25 PM EDT,$0.51,66
20260805,MLB-PHRR-FG-03I5DRPFELG6MTG-KYER000-GTE-P00015,08/04/26 08:25 PM EDT,$0.51,100
20260805,MLB-MOVY-IT5-03I5DRVQELG6N68-ATES000-GTE-P00025,08/04/26 08:25 PM EDT,$0.24,598
20260805,MLB-WIN-IT5-03I5DSD4ELGER48-TBYS000,08/04/26 08:25 PM EDT,$0.58,25
20260805,MLB-WIN-IT5-03I5DSF4ELGEQT0-HOOS000,08/04/26 08:26 PM EDT,$0.56,17
20260805,MLB-WIN-IT5-03I5DRV9ELG6MLO-TERS000,08/04/26 08:26 PM EDT,$0.92,4
20260805,MLB-TRUNS-I1-03I5DRV9ELG6MLO-GTE-P00025,08/04/26 08:26 PM EDT,$0.61,31
20260805,MLB-TRUNS-I2-03I5DRPFELG6MTG-GTE-P00015,08/04/26 08:26 PM EDT,$0.32,29
20260805,MLB-TRUNS-I6-03I5DRVQELG6N68-GTE-P00025,08/04/26 08:26 PM EDT,$0.20,14
20260805,MLB-MOVY-IT5-03I5DRVQELG6N68-MINS001-GTE-P00015,08/04/26 08:26 PM EDT,$0.01,350
20260805,MLB-TRUNS-I1-03I5DRV9ELG6MLO-GTE-P00025,08/04/26 08:27 PM EDT,$0.27,100
20260805,MLB-PHRR-FG-03I5DSF4ELGEQT0-YOEZ000-GTE-P00035,08/04/26 08:27 PM EDT,$0.24,19
20260805,MLB-PHRR-FG-03I5DSF4ELGEQT0-TALL000-GTE-P00005,08/04/26 08:27 PM EDT,$0.59,8
20260805,MLB-TRUNS-IT5-03I5DRUGELG6M2G-GTE-P00065,08/04/26 08:27 PM EDT,$0.48,16
20260805,MLB-PHRR-FG-03I5DSF4ELGEQT0-YAAZ001-GTE-P00005,08/04/26 08:27 PM EDT,$0.71,6
20260805,MLB-PHRR-FG-03I5DSF4ELGEQT0-CATH000-GTE-P00015,08/04/26 08:27 PM EDT,$0.42,11
20260805,MLB-PHRR-FG-03I5DSF4ELGEQT0-CHER000-GTE-P00015,08/04/26 08:27 PM EDT,$0.45,10
20260805,MLB-TRUNS-I6-03I5DRVQELG6N68-GTE-P00005,08/04/26 08:27 PM EDT,$0.47,9
20260805,MLB-PHRR-FG-03I5DSD4ELGER48-KYOS000-GTE-P00025,08/04/26 08:27 PM EDT,$0.32,14
20260805,MLB-TRUNS-IT5-03I5DRVQELG6N68-GTE-P00015,08/04/26 08:27 PM EDT,$0.01,37
20260805,MLB-PHRR-FG-03I5DSD4ELGER48-JURO000-GTE-P00025,08/04/26 08:27 PM EDT,$0.57,444
20260805,MLB-TRUNS-IT5-03I5DRPFELG6MTG-GTE-P00035,08/04/26 08:27 PM EDT,$0.52,10
20260805,MLB-MOVY-IT5-03I5DSCVELGERJ8-ARKS000-GTE-P00005,08/04/26 08:28 PM EDT,$0.48,10
20260805,MLB-WIN-IT5-03I5DRPFELG6MTG-LARS000,08/04/26 08:28 PM EDT,$0.73,5
20260805,MLB-TRUNS-I6-03I5DRVQELG6N68-GTE-P00005,08/04/26 08:28 PM EDT,$0.49,47
20260805,MLB-TRUNS-IT5-03I5DRUGELG6M2G-GTE-P00065,08/04/26 08:28 PM EDT,$0.57,86
20260805,MLB-TRUNS-I7-03I5CE5HELGD1EO-GTE-P00005,08/04/26 08:28 PM EDT,$0.31,66
20260805,MLB-TRUNS-I2-03I5DRV9ELG6MLO-GTE-P00005,08/04/26 08:29 PM EDT,$0.49,98
20260805,MLB-TRUNS-I1-03I5DRV9ELG6MLO-GTE-P00025,08/04/26 08:29 PM EDT,$0.28,83
20260805,MLB-PHRR-FG-03I5DRPFELG6MTG-SHNI001-GTE-P00045,08/04/26 08:29 PM EDT,$0.18,30
20260805,MLB-PHRR-FG-03I5DRPFELG6MTG-FRAN000-GTE-P00035,08/04/26 08:29 PM EDT,$0.21,9
20260805,MLB-TRUNS-IT5-03I5DRV9ELG6MKO-GTE-P00045,08/04/26 08:29 PM EDT,$0.42,83
20260805,MLB-TRUNS-IT5-03I5DRUGELG6M2G-GTE-P00075,08/04/26 08:30 PM EDT,$0.54,520
20260805,MLB-TRUNS-I6-03I5DRUGELG6M2G-GTE-P00005,08/04/26 08:30 PM EDT,$0.52,100
20260805,MLB-TRUNS-I3-03I5DRPFELG6MTG-GTE-P00005,08/04/26 08:30 PM EDT,$0.50,38
20260805,MLB-TRUNS-I8-03I5CE5DELGD0G8-GTE-P00005,08/04/26 08:30 PM EDT,$0.35,54
20260805,MLB-PHRR-FG-03I5DSD4ELGER48-HUAN001-GTE-P00025,08/04/26 08:30 PM EDT,$0.39,19
20260805,MLB-TRUNS-I7-03I5CE4PELGD0MO-GTE-P00015,08/04/26 08:30 PM EDT,$0.43,100
20260805,MLB-TRUNS-I7-03I5CE4PELGD0MO-GTE-P00015,08/04/26 08:31 PM EDT,$0.43,50
20260805,MLB-MOVY-IT5-03I5DRUGELG6M2G-BOOX000-GTE-P00045,08/04/26 08:31 PM EDT,$0.83,1482
20260805,MLB-TRUNS-I7-03I5CE4PELGD0MO-GTE-P00015,08/04/26 08:31 PM EDT,$0.43,27
20260805,MLB-PHRR-FG-03I5DRPFELG6MTG-PENG000-GTE-P00035,08/04/26 08:31 PM EDT,$0.14,7
20260805,MLB-TRUNS-I2-03I5DRV9ELG6MLO-GTE-P00005,08/04/26 08:31 PM EDT,$0.41,16
20260805,MLB-WIN-IT5-03I5DRTFELG6MK8-PIES000,08/04/26 08:31 PM EDT,$0.43,11
20260805,MLB-TRUNS-IT5-03I5DRPHELG6M28-GTE-P00045,08/04/26 08:31 PM EDT,$0.01,108
20260805,MLB-TRUNS-I7-03I5CE4PELGD0MO-GTE-P00005,08/04/26 08:31 PM EDT,$0.60,100
20260805,MLB-TRUNS-I8-03I5CE5DELGD0G8-GTE-P00005,08/04/26 08:31 PM EDT,$0.58,100
20260805,MLB-TRUNS-I7-03I5CE4PELGD0MO-GTE-P00005,08/04/26 08:32 PM EDT,$0.56,50
20260805,MLB-PHRR-FG-03I5DSF4ELGEQT0-ERNT000-GTE-P00005,08/04/26 08:32 PM EDT,$0.61,100
20260805,MLB-TRUNS-IT5-03I5DSF4ELGEQT0-GTE-P00025,08/04/26 08:32 PM EDT,$0.56,86
20260805,MLB-TRUNS-IT5-03I5DRTFELG6MK8-GTE-P00025,08/04/26 08:32 PM EDT,$0.58,25
20260805,MLB-PHRR-FG-03I5DSF4ELGEQT0-ERNT000-GTE-P00005,08/04/26 08:32 PM EDT,$0.53,100
20260805,MLB-WIN-IT5-03I5DRV9ELG6MKO-KCLS000,08/04/26 08:32 PM EDT,$0.87,1
20260805,NWSL-DWIN-FG-00NB71Q9PGDTSN8-NOEW002,08/04/26 08:32 PM EDT,$0.35,27
20260805,MLB-PHRR-FG-03I5DRPFELG6MTG-FRAN000-GTE-P00015,08/04/26 08:32 PM EDT,$0.49,80
20260805,MLB-MOVY-IT5-03I5DSD4ELGER48-TBYS000-GTE-P00005,08/04/26 08:32 PM EDT,$0.51,28
20260805,MLB-TRUNS-IT5-03I5DSF4ELGEQT0-GTE-P00025,08/04/26 08:33 PM EDT,$0.56,54
20260805,MLB-PHRR-FG-03I5CE5DELGD0G8-NOEL000-GTE-P00025,08/04/26 08:33 PM EDT,$0.16,100
20260805,MLB-TRUNS-IT5-03I5DRVQELG6N68-GTE-P00015,08/04/26 08:33 PM EDT,$0.01,242
20260805,MLB-TRUNS-I6-03I5DSF4ELGEQT0-GTE-P00035,08/04/26 08:33 PM EDT,$0.11,16
20260805,MLB-TRUNS-IT5-03I5DSCVELGERJ8-GTE-P00045,08/04/26 08:33 PM EDT,$0.56,11
20260805,MLB-PHRR-FG-03I5CE5DELGD0G8-VAOM000-GTE-P00005,08/04/26 08:33 PM EDT,$0.39,60
20260805,MLB-PHRR-FG-03I5CE5DELGD0G8-VAOM000-GTE-P00005,08/04/26 08:33 PM EDT,$0.39,40
20260805,MLB-WIN-IT5-03I5DSCVELGERJ8-ARKS000,08/04/26 08:33 PM EDT,$0.56,9
20260805,MLB-PHRR-FG-03I5CE5DELGD0G8-NOEL000-GTE-P00025,08/04/26 08:33 PM EDT,$0.16,100
20260805,MLB-PHRR-FG-03I5CE5DELGD0G8-VAOM000-GTE-P00005,08/04/26 08:33 PM EDT,$0.40,33
20260805,MLB-PHRR-FG-03I5CE5DELGD0G8-VAOM000-GTE-P00005,08/04/26 08:33 PM EDT,$0.40,67
20260805,MLB-TRUNS-I7-03I5CE4PELGD0MO-GTE-P00005,08/04/26 08:33 PM EDT,$0.56,100
20260805,MLB-TRUNS-IT5-03I5DRVQELG6N68-GTE-P00015,08/04/26 08:34 PM EDT,$0.01,108
20260805,MLB-WIN-IT5-03I5DSCVELGERJ8-ARKS000,08/04/26 08:34 PM EDT,$0.56,68
20260805,MLB-TRUNS-IT5-03I5DRUGELG6M2G-GTE-P00075,08/04/26 08:34 PM EDT,$0.27,7
20260805,MLB-MOVY-IT5-03I5DRPFELG6MTG-LARS000-GTE-P00015,08/04/26 08:34 PM EDT,$0.51,20
20260805,MLB-PHRR-FG-03I5CE5DELGD0G8-VAOM000-GTE-P00005,08/04/26 08:34 PM EDT,$0.25,100
20260805,MLB-TRUNS-I8-03I5CE5DELGD0G8-GTE-P00015,08/04/26 08:34 PM EDT,$0.41,31
20260805,MLB-TRUNS-IT5-03I5DRVQELG6N68-GTE-P00025,08/04/26 08:35 PM EDT,$0.01,92
20260805,MLB-TRUNS-I2-03I5DRV9ELG6MLO-GTE-P00015,08/04/26 08:35 PM EDT,$0.40,100
20260805,MLB-TRUNS-I2-03I5DRV9ELG6MLO-GTE-P00015,08/04/26 08:35 PM EDT,$0.50,45
20260805,MLB-PHRR-FG-03I5DRUGELG6M2G-WIEU000-GTE-P00015,08/04/26 08:35 PM EDT,$0.57,100
20260805,MLB-TRUNS-IT5-03I5DSD4ELGER48-GTE-P00055,08/04/26 08:35 PM EDT,$0.52,345
20260805,MLB-TRUNS-IT5-03I5DRPFELG6MTG-GTE-P00035,08/04/26 08:36 PM EDT,$0.45,80
20260805,MLB-TRUNS-I6-03I5DRVQELG6N68-GTE-P00005,08/04/26 08:36 PM EDT,$0.22,12
20260805,MLB-TRUNS-I2-03I5DRV9ELG6MLO-GTE-P00015,08/04/26 08:36 PM EDT,$0.50,7
20260805,MLB-TRUNS-IT5-03I5DRUGELG6M2G-GTE-P00085,08/04/26 08:36 PM EDT,$0.15,104
20260805,MLB-MOVY-IT5-03I5DRV9ELG6MKO-KCLS000-GTE-P00025,08/04/26 08:36 PM EDT,$0.51,71
20260805,MLB-TRUNS-I2-03I5DRV9ELG6MLO-GTE-P00005,08/04/26 08:36 PM EDT,$0.71,13
20260805,MLB-TRUNS-I5-03I5DRTFELG6MK8-GTE-P00005,08/04/26 08:36 PM EDT,$0.36,98
20260805,MLB-WIN-IT5-03I5DSF4ELGEQT0-TOYS000,08/04/26 08:36 PM EDT,$0.48,200
20260805,MLB-MOVY-IT5-03I5DRTFELG6MK8-MIRS000-GTE-P00005,08/04/26 08:37 PM EDT,$0.86,15
20260805,MLB-WIN-IT5-03I5DSF4ELGEQT0-HOOS000,08/04/26 08:37 PM EDT,$0.53,18
20260805,MLB-WIN-IT5-03I5DSCVELGERJ8-ARKS000,08/04/26 08:37 PM EDT,$0.56,20
20260805,MLB-TRUNS-IT5-03I5DRTFELG6MK8-GTE-P00035,08/04/26 08:37 PM EDT,$0.55,102
20260805,MLB-WIN-IT5-03I5DSDCELGERO0-DERS000,08/04/26 08:37 PM EDT,$0.48,20
20260805,MLB-TRUNS-I3-03I5DSF4ELGEQT0-GTE-P00005,08/04/26 08:37 PM EDT,$0.43,59
20260805,MLB-TRUNS-IT5-03I5DSD4ELGER48-GTE-P00055,08/04/26 08:37 PM EDT,$0.51,39
20260805,MLB-WIN-IT5-03I5DSF4ELGEQT0-TOYS000,08/04/26 08:37 PM EDT,$0.48,100
20260805,MLB-WIN-IT5-03I5DSD4ELGER48-TBYS000,08/04/26 08:38 PM EDT,$0.58,8
20260805,MLB-TRUNS-IT5-03I5DRPFELG6MTG-GTE-P00035,08/04/26 08:38 PM EDT,$0.40,725
20260805,MLB-TRUNS-IT5-03I5DRPFELG6MTG-GTE-P00045,08/04/26 08:38 PM EDT,$0.26,18
20260805,MLB-MOVY-IT5-03I5DSD4ELGER48-TBYS000-GTE-P00005,08/04/26 08:38 PM EDT,$0.51,471
20260805,MLB-TRUNS-I2-03I5DRV9ELG6MLO-GTE-P00015,08/04/26 08:38 PM EDT,$0.40,100
20260805,MLB-TRUNS-IT5-03I5DRPFELG6MTG-GTE-P00035,08/04/26 08:38 PM EDT,$0.41,8
20260805,MLB-TRUNS-IT5-03I5DRV9ELG6MKO-GTE-P00035,08/04/26 08:38 PM EDT,$0.49,283
20260805,MLB-TRUNS-I6-03I5DRUGELG6M2G-GTE-P00005,08/04/26 08:38 PM EDT,$0.44,100
20260805,MLB-MOVY-IT5-03I5DRPFELG6MTG-LARS000-GTE-P00015,08/04/26 08:38 PM EDT,$0.46,250
20260805,MLB-WIN-IT5-03I5DRV9ELG6MLO-SFTS000,08/04/26 08:38 PM EDT,$0.17,86
20260805,MLB-MOVY-IT5-03I5DSD4ELGER48-TBYS000-GTE-P00005,08/04/26 08:38 PM EDT,$0.51,264
20260805,MLB-TRUNS-IT5-03I5DSD4ELGER48-GTE-P00055,08/04/26 08:39 PM EDT,$0.52,350
20260805,MLB-WIN-IT5-03I5DSD4ELGER48-COES000,08/04/26 08:39 PM EDT,$0.42,375
20260805,MLB-WIN-IT5-03I5DSD4ELGER48-COES000,08/04/26 08:39 PM EDT,$0.42,761
20260805,MLB-TRUNS-IT5-03I5DSF4ELGEQT0-GTE-P00025,08/04/26 08:39 PM EDT,$0.46,178
20260805,MLB-TRUNS-IT5-03I5DSD4ELGER48-GTE-P00055,08/04/26 08:39 PM EDT,$0.53,5454
20260805,MLB-PHRR-FG-03I5DSD4ELGER48-LIKS001-GTE-P00025,08/04/26 08:39 PM EDT,$0.45,21
20260805,KBO-WIN-FG-000696BHI4RATJ8-KIRS000,08/04/26 08:40 PM EDT,$0.49,8
20260805,MLB-TRUNS-IT5-03I5DRPFELG6MTG-GTE-P00025,08/04/26 08:40 PM EDT,$0.56,252
20260805,MLB-TRUNS-I7-03I5CE4PELGD0MO-GTE-P00005,08/04/26 08:40 PM EDT,$0.16,100
20260805,MLB-TRUNS-I4-03I5DRV9ELG6MKO-GTE-P00015,08/04/26 08:40 PM EDT,$0.42,100
20260805,MLB-TRUNS-IT5-03I5DRVQELG6N68-GTE-P00025,08/04/26 08:40 PM EDT,$0.01,2
20260805,MLB-MOVY-IT5-03I5DRTFELG6MK8-MIRS000-GTE-P00005,08/04/26 08:40 PM EDT,$0.85,19
20260805,MLB-TRUNS-IT5-03I5DRPHELG6M28-GTE-P00015,08/04/26 08:40 PM EDT,$0.99,1
20260805,MLB-WIN-IT5-03I5DRPFELG6MTG-LARS000,08/04/26 08:41 PM EDT,$0.76,5
20260805,MLB-TRUNS-IT5-03I5DRV9ELG6MLO-GTE-P00055,08/04/26 08:41 PM EDT,$0.57,84
20260805,MLB-WIN-IT5-03I5DRPFELG6MTG-LARS000,08/04/26 08:41 PM EDT,$0.75,5
20260805,MLB-TRUNS-I1-03I5DSD4ELGER48-GTE-P00015,08/04/26 08:42 PM EDT,$0.28,76
20260805,MLB-TRUNS-I4-03I5DRTFELG6MK8-GTE-P00015,08/04/26 08:42 PM EDT,$0.47,100
20260805,MLB-TRUNS-IT5-03I5DRVQELG6N68-GTE-P00035,08/04/26 08:42 PM EDT,$0.01,13
20260805,MLB-TRUNS-I8-03I5DRP4ELG6MI0-GTE-P00005,08/04/26 08:43 PM EDT,$0.36,6
20260805,MLB-PHRR-FG-03I5CE4PELGD0MO-LUNS000-GTE-P00085,08/04/26 08:43 PM EDT,$0.28,18
20260805,MLB-TRUNS-IT5-03I5DRTFELG6MK8-GTE-P00035,08/04/26 08:43 PM EDT,$0.55,22
20260805,MLB-TRUNS-I2-03I5DRV9ELG6MLO-GTE-P00015,08/04/26 08:43 PM EDT,$0.11,7
20260805,MLB-MOVY-IT5-03I5DRV9ELG6MKO-KCLS000-GTE-P00025,08/04/26 08:44 PM EDT,$0.16,71
20260805,MLB-WIN-IT5-03I5DRPFELG6MTG-CHBS000,08/04/26 08:44 PM EDT,$0.49,20
20260805,MLB-TRUNS-IT5-03I5DRTFELG6MK8-GTE-P00035,08/04/26 08:44 PM EDT,$0.58,23
20260805,MLB-PHRR-FG-03I5DRTFELG6MK8-JAIO000-GTE-P00055,08/04/26 08:44 PM EDT,$0.41,100
20260805,NWSL-DWIN-FG-00NB71Q9PGDTSN8-DRAW,08/04/26 08:44 PM EDT,$0.24,19
20260805,MLB-PHRR-FG-03I5CE4PELGD0MO-CAGE001-GTE-P00035,08/04/26 08:44 PM EDT,$0.13,100
20260805,MLB-TRUNS-I4-03I5DRV9ELG6MKO-GTE-P00035,08/04/26 08:45 PM EDT,$0.20,3
20260805,MLB-TRUNS-IT5-03I5DRTFELG6MK8-GTE-P00045,08/04/26 08:45 PM EDT,$0.54,178
20260805,MLB-PHRR-FG-03I5CE5DELGD0G8-WAER001-GTE-P00025,08/04/26 08:45 PM EDT,$0.20,4
20260805,MLB-TRUNS-IT5-03I5DRTFELG6MK8-GTE-P00035,08/04/26 08:45 PM EDT,$0.99,23
20260805,MLB-WIN-IT5-03I5DSD4ELGER48-TBYS000,08/04/26 08:45 PM EDT,$0.50,64
20260805,MLB-TRUNS-I4-03I5DRPFELG6MTG-GTE-P00005,08/04/26 08:45 PM EDT,$0.44,100
20260805,MLB-WIN-IT5-03I5DSD4ELGER48-TBYS000,08/04/26 08:45 PM EDT,$0.52,46
20260805,MLB-TRUNS-I4-03I5DRV9ELG6MKO-GTE-P00015,08/04/26 08:46 PM EDT,$0.50,81
20260805,MLB-TRUNS-IT5-03I5DRV9ELG6MKO-GTE-P00045,08/04/26 08:46 PM EDT,$0.56,39
20260805,MLB-TRUNS-I4-03I5DRTFELG6MK8-GTE-P00025,08/04/26 08:46 PM EDT,$0.23,3
20260805,MLB-MOVY-IT5-03I5DRV9ELG6MKO-KCLS000-GTE-P00005,08/04/26 08:46 PM EDT,$0.57,37
20260805,MLB-MOVY-IT5-03I5DRV9ELG6MKO-KCLS000-GTE-P00005,08/04/26 08:46 PM EDT,$0.58,23
20260805,MLB-TRUNS-IT5-03I5DSD4ELGER48-GTE-P00055,08/04/26 08:46 PM EDT,$0.46,23
20260805,MLB-TRUNS-I4-03I5DRPFELG6MTG-GTE-P00005,08/04/26 08:46 PM EDT,$0.44,52
20260805,MLB-TRUNS-I4-03I5DRTFELG6MK8-GTE-P00025,08/04/26 08:47 PM EDT,$0.11,93
20260805,MLB-MOVY-IT5-03I5DRV9ELG6MKO-KCLS000-GTE-P00005,08/04/26 08:47 PM EDT,$0.63,23
20260805,MLB-WIN-IT5-03I5DSD4ELGER48-TBYS000,08/04/26 08:47 PM EDT,$0.45,10
20260805,MLB-TRUNS-I6-03I5DRUGELG6M2G-GTE-P00015,08/04/26 08:47 PM EDT,$0.42,100
20260805,MLB-MOVY-IT5-03I5DSD4ELGER48-COES000-GTE-P00005,08/04/26 08:47 PM EDT,$0.45,66
20260805,MLB-TRUNS-I7-03I5DRVQELG6N68-GTE-P00005,08/04/26 08:47 PM EDT,$0.31,30
20260805,MLB-MOVY-IT5-03I5DRV9ELG6MKO-MINS000-GTE-P00005,08/04/26 08:47 PM EDT,$0.24,6
20260805,MLB-WIN-IT5-03I5DRV9ELG6MKO-MINS000,08/04/26 08:47 PM EDT,$0.29,10
20260805,MLB-WIN-IT5-03I5DSD4ELGER48-TBYS000,08/04/26 08:47 PM EDT,$0.48,168
20260805,MLB-TRUNS-IT5-03I5DRV9ELG6MKO-GTE-P00045,08/04/26 08:47 PM EDT,$0.56,32
20260805,MLB-PHRR-FG-03I5DSDCELGERO0-CAGH000-GTE-P00015,08/04/26 08:48 PM EDT,$0.43,45
20260805,MLB-PHRR-FG-03I5DRPFELG6MTG-SHNI001-GTE-P00005,08/04/26 08:48 PM EDT,$0.66,162
20260805,MLB-TRUNS-IT5-03I5DRV9ELG6MKO-GTE-P00045,08/04/26 08:48 PM EDT,$0.51,197
20260805,MLB-TRUNS-I1-03I5DSD4ELGER48-GTE-P00015,08/04/26 08:48 PM EDT,$0.50,100
20260805,MLB-MOVY-IT5-03I5DRPFELG6MTG-LARS000-GTE-P00005,08/04/26 08:48 PM EDT,$0.38,2
20260805,MLB-MOVY-IT5-03I5DRV9ELG6MLO-TERS000-GTE-P00025,08/04/26 08:49 PM EDT,$0.41,1
20260805,MLB-PHRR-FG-03I5CE5HELGD1EO-ELUZ001-GTE-P00045,08/04/26 08:49 PM EDT,$0.34,2
20260805,MLB-PHRR-FG-03I5CE5DELGD0G8-JOWE000-GTE-P00015,08/04/26 08:49 PM EDT,$0.05,100
20260805,MLB-TRUNS-I6-03I5DRUGELG6M2G-GTE-P00005,08/04/26 08:49 PM EDT,$0.79,100
20260805,MLB-PHRR-FG-03I5CE5HELGD1EO-SART001-GTE-P00025,08/04/26 08:49 PM EDT,$0.30,3
20260805,MLB-TRUNS-I3-03I5DRPFELG6MTG-GTE-P00015,08/04/26 08:50 PM EDT,$0.26,46
20260805,MLB-TRUNS-I6-03I5DRUGELG6M2G-GTE-P00015,08/04/26 08:50 PM EDT,$0.57,100
20260805,MLB-PHRR-FG-03I5DSCVELGERJ8-FEJR000-GTE-P00015,08/04/26 08:51 PM EDT,$0.60,241
20260805,MLB-PHRR-FG-03I5DRVQELG6N68-AUEY000-GTE-P00015,08/04/26 08:51 PM EDT,$0.12,100
20260805,MLB-WIN-IT5-03I5DRPFELG6MTG-LARS000,08/04/26 08:51 PM EDT,$0.51,41
20260805,MLB-TRUNS-I5-03I5DRTFELG6MK8-GTE-P00015,08/04/26 08:51 PM EDT,$0.53,30
20260805,MLB-TRUNS-IT5-03I5DSF4ELGEQT0-GTE-P00015,08/04/26 08:51 PM EDT,$0.58,56
20260805,MLB-MOVY-IT5-03I5DRV9ELG6MKO-MINS000-GTE-P00005,08/04/26 08:51 PM EDT,$0.13,161
20260805,MLB-TRUNS-I2-03I5DSCVELGERJ8-GTE-P00015,08/04/26 08:52 PM EDT,$0.30,31
20260805,MLB-TRUNS-I2-03I5DSD4ELGER48-GTE-P00005,08/04/26 08:52 PM EDT,$0.47,35
20260805,MLB-PHRR-FG-03I5DSDCELGERO0-JOOR000-GTE-P00015,08/04/26 08:52 PM EDT,$0.49,5
20260805,MLB-WIN-IT5-03I5DRPFELG6MTG-CHBS000,08/04/26 08:52 PM EDT,$0.38,20
20260805,MLB-TRUNS-I8-03I5CE5HELGD1EO-GTE-P00005,08/04/26 08:52 PM EDT,$0.48,68
20260805,MLB-TRUNS-IT5-03I5DRTFELG6MK8-GTE-P00055,08/04/26 08:52 PM EDT,$0.46,41
20260805,MLB-PHRR-FG-03I5DSCVELGERJ8-MADO001-GTE-P00015,08/04/26 08:52 PM EDT,$0.54,3
20260805,MLB-PHRR-FG-03I5DSDCELGERO0-RANA000-GTE-P00015,08/04/26 08:53 PM EDT,$0.47,10
20260805,MLB-TRUNS-I4-03I5DRPFELG6MTG-GTE-P00005,08/04/26 08:53 PM EDT,$0.44,25
20260805,MLB-WIN-IT5-03I5DSD4ELGER48-TBYS000,08/04/26 08:53 PM EDT,$0.44,86
20260805,MLB-TRUNS-I9-03I5CE5DELGD0G8-GTE-P00005,08/04/26 08:53 PM EDT,$0.56,5
20260805,MLB-PHRR-FG-03I5DRUGELG6M2G-CORY000-GTE-P00015,08/04/26 08:54 PM EDT,$0.72,100
20260805,MLB-TRUNS-I9-03I5CE5DELGD0G8-GTE-P00005,08/04/26 08:54 PM EDT,$0.28,41
20260805,MLB-TRUNS-I7-03I5DRPHELG6M28-GTE-P00005,08/04/26 08:55 PM EDT,$0.27,13
20260805,MLB-TRUNS-IT5-03I5DRV9ELG6MKO-GTE-P00045,08/04/26 08:55 PM EDT,$0.30,18
20260805,MLB-TRUNS-I8-03I5CE5HELGD1EO-GTE-P00005,08/04/26 08:55 PM EDT,$0.63,100
20260805,MLB-TRUNS-IT5-03I5DRV9ELG6MKO-GTE-P00035,08/04/26 08:55 PM EDT,$0.52,22
20260805,MLB-TRUNS-I4-03I5DRPFELG6MTG-GTE-P00005,08/04/26 08:55 PM EDT,$0.45,56
20260805,MLB-PHRR-FG-03I5DSDCELGERO0-CAGH000-GTE-P00015,08/04/26 08:56 PM EDT,$0.43,22
20260805,MLB-PHRR-FG-03I5CE5DELGD0G8-VAOM000-GTE-P00005,08/04/26 08:56 PM EDT,$0.02,73
20260805,MLB-WIN-IT5-03I5DSD4ELGER48-TBYS000,08/04/26 08:56 PM EDT,$0.35,13
20260805,MLB-TRUNS-IT5-03I5DRTFELG6MK8-GTE-P00055,08/04/26 08:56 PM EDT,$0.31,28
20260805,MLB-PHRR-FG-03I5CE5DELGD0G8-PESO000-GTE-P00005,08/04/26 08:56 PM EDT,$0.98,6
20260805,MLB-PHRR-FG-03I5DSCVELGERJ8-MADO001-GTE-P00015,08/04/26 08:57 PM EDT,$0.54,17
20260805,MLB-MOVY-IT5-03I5DRTFELG6MK8-MIRS000-GTE-P00015,08/04/26 08:57 PM EDT,$0.27,68
20260805,MLB-WIN-IT5-03I5DRPFELG6MTG-CHBS000,08/04/26 08:57 PM EDT,$0.40,23
20260805,MLB-TRUNS-IT5-03I5DSF4ELGEQT0-GTE-P00015,08/04/26 08:57 PM EDT,$0.55,12
20260805,MLB-TRUNS-IT5-03I5DSD4ELGER48-GTE-P00045,08/04/26 08:58 PM EDT,$0.47,49
20260805,MLB-TRUNS-I4-03I5DRPFELG6MTG-GTE-P00005,08/04/26 08:58 PM EDT,$0.50,19
20260805,MLB-TRUNS-I8-03I5CE5HELGD1EO-GTE-P00005,08/04/26 08:58 PM EDT,$0.20,90
20260805,MLB-TRUNS-I8-03I5CE5HELGD1EO-GTE-P00005,08/04/26 08:59 PM EDT,$0.14,100
20260805,MLB-PHRR-FG-03I5CE5HELGD1EO-ELUZ001-GTE-P00045,08/04/26 08:59 PM EDT,$0.98,500
20260805,MLB-MOVY-IT5-03I5DRTFELG6MK8-MIRS000-GTE-P00015,08/04/26 08:59 PM EDT,$0.28,66
20260805,MLB-TRUNS-IT5-03I5DSF4ELGEQT0-GTE-P00015,08/04/26 08:59 PM EDT,$0.59,3
20260805,MLB-TRUNS-IT5-03I5DSF4ELGEQT0-GTE-P00015,08/04/26 08:59 PM EDT,$0.59,4
20260805,MLB-TRUNS-IT5-03I5DRTFELG6MK8-GTE-P00055,08/04/26 08:59 PM EDT,$0.25,246
20260805,MLB-TRUNS-I8-03I5DRPHELG6M28-GTE-P00005,08/04/26 08:59 PM EDT,$0.40,45
20260805,MLB-TRUNS-I4-03I5DRPFELG6MTG-GTE-P00005,08/04/26 08:59 PM EDT,$0.30,100
20260805,MLB-TRUNS-IT5-03I5DRV9ELG6MLO-GTE-P00045,08/04/26 09:00 PM EDT,$0.40,63
20260805,MLB-PHRR-FG-03I5DSD4ELGER48-JURO000-GTE-P00015,08/04/26 09:00 PM EDT,$0.59,100
20260805,MLB-PHRR-FG-03I5DRPFELG6MTG-KYER000-GTE-P00045,08/04/26 09:00 PM EDT,$0.42,11
20260805,MLB-TRUNS-IT5-03I5DSF4ELGEQT0-GTE-P00015,08/04/26 09:00 PM EDT,$0.55,11
20260805,MLB-WIN-IT5-03I5DRPFELG6MTG-CHBS000,08/04/26 09:00 PM EDT,$0.50,67
20260805,MLB-TRUNS-I8-03I5DRPHELG6M28-GTE-P00005,08/04/26 09:00 PM EDT,$0.40,40
20260805,MLB-PHRR-FG-03I5DSD4ELGER48-JURO000-GTE-P00025,08/04/26 09:00 PM EDT,$0.42,100
20260805,MLB-TRUNS-IT5-03I5DSD4ELGER48-GTE-P00045,08/04/26 09:00 PM EDT,$0.45,5
20260805,MLB-TRUNS-IT5-03I5DRPFELG6MTG-GTE-P00025,08/04/26 09:00 PM EDT,$0.55,252
20260805,MLB-TRUNS-I3-03I5DSF4ELGEQT0-GTE-P00005,08/04/26 09:00 PM EDT,$0.20,100
20260805,MLB-TRUNS-IT5-03I5DRPFELG6MTG-GTE-P00035,08/04/26 09:01 PM EDT,$0.30,60
20260805,MLB-TRUNS-IT5-03I5DSDCELGERO0-GTE-P00045,08/04/26 09:01 PM EDT,$0.45,17
20260805,MLB-PHRR-FG-03I5CE5HELGD1EO-EUEZ001-GTE-P00015,08/04/26 09:01 PM EDT,$0.17,83
20260805,MLB-TRUNS-IT5-03I5DSF4ELGEQT0-GTE-P00015,08/04/26 09:01 PM EDT,$0.47,20
20260805,MLB-PHRR-FG-03I5DSD4ELGER48-JURO000-GTE-P00015,08/04/26 09:01 PM EDT,$0.58,100
20260805,MLB-MOVY-IT5-03I5DRPFELG6MTG-CHBS000-GTE-P00005,08/04/26 09:01 PM EDT,$0.35,67
20260805,MLB-WIN-IT5-03I5DSDCELGERO0-DERS000,08/04/26 09:01 PM EDT,$0.48,40
20260805,MLB-TRUNS-IT5-03I5DRPFELG6MTG-GTE-P00025,08/04/26 09:01 PM EDT,$0.54,18
20260805,MLB-PHRR-FG-03I5CE5HELGD1EO-EUEZ001-GTE-P00015,08/04/26 09:01 PM EDT,$0.09,83
20260805,MLB-TRUNS-I3-03I5DSD4ELGER48-GTE-P00005,08/04/26 09:01 PM EDT,$0.44,25
20260805,MLB-WIN-IT5-03I5DSDCELGERO0-DERS000,08/04/26 09:01 PM EDT,$0.48,70
20260805,MLB-WIN-IT5-03I5DRPFELG6MTG-LARS000,08/04/26 09:02 PM EDT,$0.43,11
20260805,MLB-TRUNS-IT5-03I5DRPFELG6MTG-GTE-P00025,08/04/26 09:02 PM EDT,$0.54,43
20260805,MLB-TRUNS-IT5-03I5DRPFELG6MTG-GTE-P00025,08/04/26 09:02 PM EDT,$0.54,10
20260805,MLB-TRUNS-I8-03I5DRPHELG6M28-GTE-P00005,08/04/26 09:02 PM EDT,$0.47,18
20260805,MLB-TRUNS-I4-03I5DSF4ELGEQT0-GTE-P00005,08/04/26 09:02 PM EDT,$0.44,86
20260805,MLB-TRUNS-IT5-03I5DRV9ELG6MLO-GTE-P00035,08/04/26 09:02 PM EDT,$0.50,9
20260805,MLB-PHRR-FG-03I5DRPHELG6M28-BRES001-GTE-P00005,08/04/26 09:03 PM EDT,$0.24,100
20260805,MLB-TRUNS-IT5-03I5DSDCELGERO0-GTE-P00045,08/04/26 09:03 PM EDT,$0.45,70
20260805,MLB-PHRR-FG-03I5DRPHELG6M28-BRES001-GTE-P00005,08/04/26 09:03 PM EDT,$0.18,100
20260805,MLB-WIN-IT5-03I5DRPFELG6MTG-LARS000,08/04/26 09:04 PM EDT,$0.51,158
20260805,MLB-WIN-IT5-03I5DRPFELG6MTG-LARS000,08/04/26 09:04 PM EDT,$0.51,105
20260805,MLB-PHRR-FG-03I5DSCVELGERJ8-FEJR000-GTE-P00015,08/04/26 09:04 PM EDT,$0.60,217
20260805,MLB-TRUNS-IT5-03I5DRPFELG6MTG-GTE-P00025,08/04/26 09:04 PM EDT,$0.45,172
20260805,MLB-TRUNS-IT5-03I5DSF4ELGEQT0-GTE-P00015,08/04/26 09:04 PM EDT,$0.47,1000
20260805,MLB-WIN-IT5-03I5DSCVELGERJ8-ARKS000,08/04/26 09:05 PM EDT,$0.56,150
20260805,MLB-TRUNS-IT5-03I5DSF4ELGEQT0-GTE-P00015,08/04/26 09:05 PM EDT,$0.42,271
20260805,MLB-TRUNS-IT5-03I5DSF4ELGEQT0-GTE-P00015,08/04/26 09:05 PM EDT,$0.42,1
20260805,MLB-TRUNS-IT5-03I5DSD4ELGER48-GTE-P00045,08/04/26 09:05 PM EDT,$0.51,100
20260805,MLB-TRUNS-I3-03I5DSD4ELGER48-GTE-P00015,08/04/26 09:05 PM EDT,$0.40,71
20260805,MLB-TRUNS-IT5-03I5DRPFELG6MTG-GTE-P00025,08/04/26 09:05 PM EDT,$0.43,17
20260805,MLB-TRUNS-I3-03I5DRV9ELG6MLO-GTE-P00005,08/04/26 09:05 PM EDT,$0.18,15
20260805,MLB-TRUNS-IT5-03I5DRPFELG6MTG-GTE-P00025,08/04/26 09:05 PM EDT,$0.43,245
20260805,MLB-TRUNS-I1-03I5DSCVELGERJ8-GTE-P00005,08/04/26 09:05 PM EDT,$0.49,3
20260805,MLB-TRUNS-IT5-03I5DSD4ELGER48-GTE-P00045,08/04/26 09:05 PM EDT,$0.55,40
20260805,NPB-WIN-FG-02HVCSL7ONRQ728-TOWS000,08/04/26 09:06 PM EDT,$0.47,10
20260805,MLB-TRUNS-IT5-03I5DRTFELG6MK8-GTE-P00055,08/04/26 09:06 PM EDT,$0.25,5
20260805,MLB-TRUNS-I5-03I5DRPFELG6MTG-GTE-P00015,08/04/26 09:06 PM EDT,$0.27,9
20260805,MLB-TRUNS-I1-03I5DSDCELGERO0-GTE-P00005,08/04/26 09:06 PM EDT,$0.43,3
20260805,MLB-WIN-IT5-03I5DSF4ELGEQT0-HOOS000,08/04/26 09:06 PM EDT,$0.54,17
20260805,MLB-WIN-IT5-03I5DRPFELG6MTG-LARS000,08/04/26 09:06 PM EDT,$0.50,26
20260805,MLB-TRUNS-I8-03I5CE5HELGD1EO-GTE-P00025,08/04/26 09:06 PM EDT,$0.11,96
20260805,MLB-TRUNS-I8-03I5DRPHELG6M28-GTE-P00005,08/04/26 09:06 PM EDT,$0.74,100
20260805,MLB-TRUNS-I8-03I5DRPHELG6M28-GTE-P00015,08/04/26 09:07 PM EDT,$0.40,70
20260805,MLB-TRUNS-I3-03I5DRV9ELG6MLO-GTE-P00005,08/04/26 09:07 PM EDT,$0.09,100
20260805,MLB-TRUNS-IT5-03I5DSF4ELGEQT0-GTE-P00015,08/04/26 09:07 PM EDT,$0.40,7
20260805,MLB-TRUNS-I4-03I5DSF4ELGEQT0-GTE-P00005,08/04/26 09:08 PM EDT,$0.37,76
20260805,MLB-TRUNS-I5-03I5DRPFELG6MTG-GTE-P00005,08/04/26 09:08 PM EDT,$0.47,19
20260805,MLB-TRUNS-IT5-03I5DSF4ELGEQT0-GTE-P00015,08/04/26 09:08 PM EDT,$0.48,6
20260805,MLB-TRUNS-IT5-03I5DRV9ELG6MLO-GTE-P00035,08/04/26 09:08 PM EDT,$0.45,17
20260805,MLB-WIN-IT5-03I5DSD4ELGER48-TBYS000,08/04/26 09:08 PM EDT,$0.61,50
20260805,MLB-TRUNS-IT5-03I5DSF4ELGEQT0-GTE-P00015,08/04/26 09:08 PM EDT,$0.36,6
20260805,MLB-MOVY-IT5-03I5DSD4ELGER48-TBYS000-GTE-P00005,08/04/26 09:08 PM EDT,$0.50,50
20260805,MLB-WIN-IT5-03I5DRV9ELG6MLO-SFTS000,08/04/26 09:08 PM EDT,$0.10,40
20260805,MLB-MOVY-IT5-03I5DSD4ELGER48-TBYS000-GTE-P00005,08/04/26 09:08 PM EDT,$0.49,76
20260805,MLB-TRUNS-I3-03I5DSD4ELGER48-GTE-P00015,08/04/26 09:09 PM EDT,$0.59,40
20260805,MLB-TRUNS-IT5-03I5DRPFELG6MTG-GTE-P00025,08/04/26 09:09 PM EDT,$0.40,159
20260805,MLB-MOVY-IT5-03I5DSD4ELGER48-TBYS000-GTE-P00005,08/04/26 09:09 PM EDT,$0.50,84
20260805,MLB-TRUNS-I4-03I5DRV9ELG6MLO-GTE-P00005,08/04/26 09:09 PM EDT,$0.39,39
20260805,MLB-TRUNS-IT5-03I5DRV9ELG6MLO-GTE-P00035,08/04/26 09:09 PM EDT,$0.45,3
20260805,MLB-MOVY-IT5-03I5DSD4ELGER48-TBYS000-GTE-P00005,08/04/26 09:09 PM EDT,$0.53,36
20260805,MLB-TRUNS-IT5-03I5DSF4ELGEQT0-GTE-P00025,08/04/26 09:09 PM EDT,$0.22,86
20260805,MLB-TRUNS-I6-03I5DRUGELG6M2G-GTE-P00015,08/04/26 09:10 PM EDT,$0.87,100
20260805,MLB-WIN-IT5-03I5DSDCELGERO0-DERS000,08/04/26 09:10 PM EDT,$0.48,50
20260805,MLB-TRUNS-IT5-03I5DSD4ELGER48-GTE-P00065,08/04/26 09:11 PM EDT,$0.46,250
20260805,MLB-MOVY-IT5-03I5DSD4ELGER48-TBYS000-GTE-P00015,08/04/26 09:11 PM EDT,$0.51,47
20260805,MLB-MOVY-IT5-03I5DSD4ELGER48-TBYS000-GTE-P00015,08/04/26 09:11 PM EDT,$0.50,926
20260805,MLB-TRUNS-IT5-03I5DSD4ELGER48-GTE-P00065,08/04/26 09:11 PM EDT,$0.47,89
20260805,MLB-TRUNS-IT5-03I5DRV9ELG6MKO-GTE-P00045,08/04/26 09:11 PM EDT,$0.21,40
20260805,MLB-MOVY-IT5-03I5DSD4ELGER48-TBYS000-GTE-P00015,08/04/26 09:11 PM EDT,$0.50,36
20260805,MLB-MOVY-IT5-03I5DRTFELG6MK8-MIRS000-GTE-P00025,08/04/26 09:12 PM EDT,$0.18,1000
20260805,MLB-TRUNS-IT5-03I5DRTFELG6MK8-GTE-P00065,08/04/26 09:12 PM EDT,$0.20,134
20260805,MLB-WIN-IT5-03I5DSD4ELGER48-TBYS000,08/04/26 09:12 PM EDT,$0.73,133
20260805,MLB-TRUNS-IT5-03I5DRTFELG6MK8-GTE-P00065,08/04/26 09:12 PM EDT,$0.20,638
20260805,MLB-TRUNS-IT5-03I5DRTFELG6MK8-GTE-P00065,08/04/26 09:12 PM EDT,$0.20,228
20260805,MLB-TRUNS-I8-03I5DRPHELG6M28-GTE-P00005,08/04/26 09:12 PM EDT,$0.41,100
20260805,MLB-WIN-IT5-03I5DSDCELGERO0-DERS000,08/04/26 09:12 PM EDT,$0.48,50
20260805,MLB-TRUNS-I3-03I5DSD4ELGER48-GTE-P00025,08/04/26 09:12 PM EDT,$0.55,8
20260805,MLB-TRUNS-IT5-03I5DRPFELG6MTG-GTE-P00045,08/04/26 09:12 PM EDT,$0.12,32
20260805,MLB-TRUNS-I3-03I5DSD4ELGER48-GTE-P00035,08/04/26 09:12 PM EDT,$0.43,100
20260805,NPB-WIN-FG-02HVCSIAONRQ628-YOTS000,08/04/26 09:12 PM EDT,$0.56,8
20260805,MLB-TRUNS-IT5-03I5DRV9ELG6MKO-GTE-P00045,08/04/26 09:13 PM EDT,$0.99,39
20260805,MLB-TRUNS-IT5-03I5DSDCELGERO0-GTE-P00045,08/04/26 09:13 PM EDT,$0.45,87
20260805,MLB-TRUNS-IT5-03I5DRV9ELG6MLO-GTE-P00035,08/04/26 09:13 PM EDT,$0.39,15
20260805,MLB-TRUNS-IT5-03I5DSD4ELGER48-GTE-P00065,08/04/26 09:13 PM EDT,$0.47,57
20260805,MLB-WIN-IT5-03I5DSD4ELGER48-TBYS000,08/04/26 09:13 PM EDT,$0.74,350
20260805,MLB-PHRR-FG-03I5DSCVELGERJ8-JANN000-GTE-P00015,08/04/26 09:13 PM EDT,$0.46,10
20260805,MLB-PHRR-FG-03I5DSDCELGERO0-CONG001-GTE-P00015,08/04/26 09:13 PM EDT,$0.49,8
20260805,MLB-TRUNS-I5-03I5DRPFELG6MTG-GTE-P00005,08/04/26 09:13 PM EDT,$0.46,100
20260805,MLB-TRUNS-IT5-03I5DRPFELG6MTG-GTE-P00025,08/04/26 09:13 PM EDT,$0.46,5
20260805,MLB-TRUNS-I8-03I5DRVQELG6N68-GTE-P00015,08/04/26 09:13 PM EDT,$0.64,100
20260805,MLB-WIN-IT5-03I5DSD4ELGER48-TBYS000,08/04/26 09:13 PM EDT,$0.73,205
20260805,MLB-TRUNS-IT5-03I5DRPFELG6MTG-GTE-P00025,08/04/26 09:13 PM EDT,$0.47,18
20260805,MLB-TRUNS-I5-03I5DRV9ELG6MKO-GTE-P00025,08/04/26 09:13 PM EDT,$0.49,47
20260805,KBO-TRUNS-FG-02HH7RC6OL5IIMG-GTE-P00095,08/04/26 09:13 PM EDT,$0.54,17
20260805,MLB-TRUNS-IT5-03I5DRPFELG6MTG-GTE-P00025,08/04/26 09:13 PM EDT,$0.41,16
20260805,MLB-TRUNS-IT5-03I5DRV9ELG6MLO-GTE-P00035,08/04/26 09:14 PM EDT,$0.40,2
20260805,NASCAR-WIN-RCE-02D841PP1B75ERMKJ7DC8O1DJ49AKT5RU34R75QAO5SQF8ND6LKKKVBUVB00-RYEY002,08/04/26 09:14 PM EDT,$0.20,27
20260805,MLB-WIN-IT5-03I5DSCVELGERJ8-ARKS000,08/04/26 09:14 PM EDT,$0.56,8
20260805,MLB-TRUNS-I3-03I5DSD4ELGER48-GTE-P00025,08/04/26 09:14 PM EDT,$0.61,100
20260805,MLB-TRUNS-IT5-03I5DRPFELG6MTG-GTE-P00025,08/04/26 09:14 PM EDT,$0.24,2
20260805,MLB-TRUNS-I6-03I5DRTFELG6MK8-GTE-P00005,08/04/26 09:14 PM EDT,$0.42,100
20260805,MLB-TRUNS-I5-03I5DRPFELG6MTG-GTE-P00005,08/04/26 09:14 PM EDT,$0.25,100
20260805,MLB-TRUNS-I8-03I5DRVQELG6N68-GTE-P00025,08/04/26 09:14 PM EDT,$0.39,90
20260805,MLB-WIN-IT5-03I5DRPFELG6MTG-CHBS000,08/04/26 09:14 PM EDT,$0.60,16
20260805,MLB-PHRR-FG-03I5DRV9ELG6MKO-JANE000-GTE-P00045,08/04/26 09:14 PM EDT,$0.24,100
20260805,MLB-WIN-IT5-03I5DSF4ELGEQT0-TOYS000,08/04/26 09:14 PM EDT,$0.43,61
20260805,MLB-TRUNS-I6-03I5DRTFELG6MK8-GTE-P00005,08/04/26 09:14 PM EDT,$0.42,100
20260805,MLB-TRUNS-IT5-03I5DSD4ELGER48-GTE-P00055,08/04/26 09:14 PM EDT,$0.47,38
20260805,MLB-TRUNS-I6-03I5DRTFELG6MK8-GTE-P00005,08/04/26 09:15 PM EDT,$0.39,100
20260805,MLB-TRUNS-I6-03I5DRTFELG6MK8-GTE-P00005,08/04/26 09:15 PM EDT,$0.40,37
20260805,MLB-PHRR-FG-03I5DSCVELGERJ8-MADO001-GTE-P00015,08/04/26 09:15 PM EDT,$0.55,21
20260805,MLB-TRUNS-IT5-03I5DSD4ELGER48-GTE-P00055,08/04/26 09:15 PM EDT,$0.49,1
20260805,MLB-PHRR-FG-03I5DRVQELG6N68-MIKI000-GTE-P00005,08/04/26 09:15 PM EDT,$0.53,181
20260805,MLB-TRUNS-IT5-03I5DSD4ELGER48-GTE-P00055,08/04/26 09:15 PM EDT,$0.49,78
20260805,MLB-TRUNS-I5-03I5DRPFELG6MTG-GTE-P00005,08/04/26 09:16 PM EDT,$0.17,100
20260805,MLB-PHRR-FG-03I5DSDCELGERO0-COTH000-GTE-P00035,08/04/26 09:16 PM EDT,$0.16,58
20260805,MLB-WIN-IT5-03I5DSD4ELGER48-TBYS000,08/04/26 09:16 PM EDT,$0.63,15
20260805,MLB-TRUNS-I3-03I5DSD4ELGER48-GTE-P00025,08/04/26 09:16 PM EDT,$0.33,8
20260805,MLB-TRUNS-I5-03I5DRPFELG6MTG-GTE-P00005,08/04/26 09:16 PM EDT,$0.17,100
20260805,MLB-TRUNS-I8-03I5DRPHELG6M28-GTE-P00005,08/04/26 09:16 PM EDT,$0.40,80
20260805,MLB-MOVY-IT5-03I5DRV9ELG6MKO-KCLS000-GTE-P00045,08/04/26 09:16 PM EDT,$0.31,166
20260805,MLB-MOVY-IT5-03I5DRPFELG6MTG-CHBS000-GTE-P00005,08/04/26 09:16 PM EDT,$0.25,37
20260805,MLB-TRUNS-IT5-03I5DRTFELG6MK8-GTE-P00045,08/04/26 09:16 PM EDT,$0.99,178
20260805,MLB-TRUNS-IT5-03I5DRPFELG6MTG-GTE-P00025,08/04/26 09:16 PM EDT,$0.18,7
20260805,MLB-TRUNS-IT5-03I5DRPFELG6MTG-GTE-P00025,08/04/26 09:16 PM EDT,$0.18,350
20260805,MLB-TRUNS-IT5-03I5DRPFELG6MTG-GTE-P00025,08/04/26 09:16 PM EDT,$0.22,30
20260805,MLB-MOVY-IT5-03I5DSD4ELGER48-TBYS000-GTE-P00005,08/04/26 09:17 PM EDT,$0.89,76
20260805,MLB-MOVY-IT5-03I5DSD4ELGER48-COES000-GTE-P00005,08/04/26 09:17 PM EDT,$0.07,66
20260805,MLB-MOVY-IT5-03I5DRPFELG6MTG-CHBS000-GTE-P00005,08/04/26 09:17 PM EDT,$0.22,3
20260805,MLB-TRUNS-IT5-03I5DSF4ELGEQT0-GTE-P00015,08/04/26 09:18 PM EDT,$0.58,24
20260805,MLB-TRUNS-I7-03I5DRUGELG6M2G-GTE-P00005,08/04/26 09:18 PM EDT,$0.47,45
20260805,MLB-TRUNS-I6-03I5DRPFELG6MTG-GTE-P00005,08/04/26 09:18 PM EDT,$0.44,60
20260805,MLB-PHRR-FG-03I5DRUGELG6M2G-WIAS000-GTE-P00035,08/04/26 09:18 PM EDT,$0.25,100
20260805,MLB-TRUNS-IT5-03I5DRV9ELG6MLO-GTE-P00025,08/04/26 09:18 PM EDT,$0.57,46
20260805,MLB-TRUNS-IT5-03I5DRV9ELG6MKO-GTE-P00065,08/04/26 09:19 PM EDT,$0.24,115
20260805,MLB-TRUNS-I8-03I5DRPHELG6M28-GTE-P00005,08/04/26 09:19 PM EDT,$0.25,6
20260805,MLB-TRUNS-I1-03I5DSCVELGERJ8-GTE-P00015,08/04/26 09:19 PM EDT,$0.27,20
20260805,MLB-TRUNS-IT5-03I5DRV9ELG6MKO-GTE-P00065,08/04/26 09:19 PM EDT,$0.16,1000
20260805,MLB-PHRR-FG-03I5DSCVELGERJ8-FEJR000-GTE-P00025,08/04/26 09:19 PM EDT,$0.41,11
20260805,MLB-PHRR-FG-03I5DSCVELGERJ8-COLL001-GTE-P00015,08/04/26 09:19 PM EDT,$0.59,1
20260805,MLB-TRUNS-IT5-03I5DSF4ELGEQT0-GTE-P00015,08/04/26 09:19 PM EDT,$0.54,185
20260805,MLB-PHRR-FG-03I5DSCVELGERJ8-KETE002-GTE-P00025,08/04/26 09:20 PM EDT,$0.37,12
20260805,NASCAR-WIN-RCE-02D841PP1B75ERMKJ7DC8O1DJ49AKT5RU34R75QAO5SQF8ND6LKKKVBUVB00-WION012,08/04/26 09:20 PM EDT,$0.10,54
20260805,MLB-PHRR-FG-03I5DSCVELGERJ8-MADO001-GTE-P00025,08/04/26 09:20 PM EDT,$0.36,13
20260805,MLB-WIN-IT5-03I5DRPFELG6MTG-CHBS000,08/04/26 09:20 PM EDT,$0.46,222
20260805,MLB-WIN-IT5-03I5DSDCELGERO0-DERS000,08/04/26 09:20 PM EDT,$0.48,103
20260805,MLB-WIN-IT5-03I5DRPFELG6MTG-CHBS000,08/04/26 09:21 PM EDT,$0.46,13
20260805,MLB-PHRR-FG-03I5DSD4ELGER48-JOCK003-GTE-P00005,08/04/26 09:21 PM EDT,$0.55,100
20260805,MLB-PHRR-FG-03I5DRV9ELG6MKO-JANE000-GTE-P00045,08/04/26 09:21 PM EDT,$0.24,100
20260805,MLB-PHRR-FG-03I5DRUGELG6M2G-WIEU000-GTE-P00035,08/04/26 09:21 PM EDT,$0.28,100
20260805,MLB-PHRR-FG-03I5DSCVELGERJ8-KETE002-GTE-P00015,08/04/26 09:21 PM EDT,$0.56,18
20260805,MLB-TRUNS-I6-03I5DRTFELG6MK8-GTE-P00005,08/04/26 09:21 PM EDT,$0.40,25
20260805,MLB-TRUNS-IT5-03I5DSCVELGERJ8-GTE-P00045,08/04/26 09:21 PM EDT,$0.57,350
20260805,MLB-TRUNS-IT5-03I5DRV9ELG6MLO-GTE-P00025,08/04/26 09:22 PM EDT,$0.50,19
20260805,MLB-TRUNS-IT5-03I5DRV9ELG6MLO-GTE-P00025,08/04/26 09:22 PM EDT,$0.50,192
20260805,MLB-WIN-IT5-03I5DSDCELGERO0-DERS000,08/04/26 09:22 PM EDT,$0.48,2
20260805,MLB-TRUNS-IT5-03I5DSD4ELGER48-GTE-P00055,08/04/26 09:23 PM EDT,$0.98,78
20260805,MLB-TRUNS-IT5-03I5DSD4ELGER48-GTE-P00085,08/04/26 09:23 PM EDT,$0.61,169
20260805,MLB-TRUNS-IT5-03I5DSDCELGERO0-GTE-P00045,08/04/26 09:23 PM EDT,$0.45,400
20260805,MLB-TRUNS-IT5-03I5DSDCELGERO0-GTE-P00045,08/04/26 09:23 PM EDT,$0.45,8
20260805,MLB-PHRR-FG-03I5DSDCELGERO0-DIER000-GTE-P00015,08/04/26 09:23 PM EDT,$0.50,19
20260805,MLB-TRUNS-I5-03I5DSF4ELGEQT0-GTE-P00005,08/04/26 09:23 PM EDT,$0.47,41
20260805,MLB-MOVY-IT5-03I5DSDCELGERO0-SERS000-GTE-P00005,08/04/26 09:23 PM EDT,$0.45,102
20260805,MLB-MOVY-IT5-03I5DSDCELGERO0-SERS000-GTE-P00005,08/04/26 09:23 PM EDT,$0.45,164
20260805,MLB-TRUNS-IT5-03I5DRV9ELG6MLO-GTE-P00025,08/04/26 09:23 PM EDT,$0.56,184
20260805,MLB-TRUNS-IT5-03I5DSD4ELGER48-GTE-P00095,08/04/26 09:24 PM EDT,$0.47,1
20260805,MLB-WIN-IT5-03I5DRV9ELG6MLO-TERS000,08/04/26 09:24 PM EDT,$0.94,3
20260805,MLB-PHRR-FG-03I5DSDCELGERO0-KELE000-GTE-P00025,08/04/26 09:24 PM EDT,$0.34,41
20260805,MLB-TRUNS-I6-03I5DRV9ELG6MKO-GTE-P00005,08/04/26 09:24 PM EDT,$0.44,100
20260805,MLB-TRUNS-IT5-03I5DSF4ELGEQT0-GTE-P00015,08/04/26 09:24 PM EDT,$0.99,24
20260805,MLB-PHRR-FG-03I5DSDCELGERO0-RINE000-GTE-P00015,08/04/26 09:24 PM EDT,$0.51,18
20260805,MLB-PHRR-FG-03I5DSDCELGERO0-JUEZ003-GTE-P00015,08/04/26 09:24 PM EDT,$0.50,24
20260805,MLB-TRUNS-I6-03I5DRPFELG6MTG-GTE-P00015,08/04/26 09:24 PM EDT,$0.38,100
20260805,MLB-TRUNS-IT5-03I5DSCVELGERJ8-GTE-P00055,08/04/26 09:24 PM EDT,$0.44,27
20260805,MLB-PHRR-FG-03I5DSDCELGERO0-DONE000-GTE-P00025,08/04/26 09:24 PM EDT,$0.34,44
20260805,MLB-TRUNS-IT5-03I5DSF4ELGEQT0-GTE-P00025,08/04/26 09:24 PM EDT,$0.41,10
20260805,MLB-TRUNS-I5-03I5DSF4ELGEQT0-GTE-P00005,08/04/26 09:25 PM EDT,$0.40,88
20260805,MLB-TRUNS-I6-03I5DRPFELG6MTG-GTE-P00025,08/04/26 09:25 PM EDT,$0.25,37
20260805,MLB-PHRR-FG-03I5DSD4ELGER48-EZAR000-GTE-P00015,08/04/26 09:25 PM EDT,$0.44,100
20260805,MLB-TRUNS-IT5-03I5DRPFELG6MTG-GTE-P00025,08/04/26 09:25 PM EDT,$0.01,172
20260805,MLB-WIN-IT5-03I5DSCVELGERJ8-ARKS000,08/04/26 09:25 PM EDT,$0.56,26
20260805,MLB-TRUNS-I7-03I5DRUGELG6M2G-GTE-P00015,08/04/26 09:25 PM EDT,$0.25,9
20260805,MLB-MOVY-IT5-03I5DSD4ELGER48-TBYS000-GTE-P00025,08/04/26 09:25 PM EDT,$0.51,50
20260805,MLB-TRUNS-IT5-03I5DSD4ELGER48-GTE-P00095,08/04/26 09:25 PM EDT,$0.56,26
20260805,MLB-TRUNS-I9-03I5DRVQELG6N68-GTE-P00005,08/04/26 09:26 PM EDT,$0.66,4
20260805,MLB-PHRR-FG-03I5DRUGELG6M2G-MUMI000-GTE-P00015,08/04/26 09:26 PM EDT,$0.30,20
20260805,MLB-TRUNS-IT5-03I5DSF4ELGEQT0-GTE-P00025,08/04/26 09:26 PM EDT,$0.40,30
20260805,MLB-WIN-IT5-03I5DSDCELGERO0-DERS000,08/04/26 09:26 PM EDT,$0.48,200
20260805,MLB-PHRR-FG-03I5DRV9ELG6MKO-LULL000-GTE-P00005,08/04/26 09:26 PM EDT,$0.49,19
20260805,MLB-PHRR-FG-03I5DRV9ELG6MKO-LULL000-GTE-P00005,08/04/26 09:26 PM EDT,$0.49,29
20260805,MLB-TRUNS-I9-03I5DRVQELG6N68-GTE-P00005,08/04/26 09:26 PM EDT,$0.51,100
20260805,MLB-TRUNS-I9-03I5DRPHELG6M28-GTE-P00005,08/04/26 09:26 PM EDT,$0.11,41
20260805,MLB-PHRR-FG-03I5DRVQELG6N68-LEEZ001-GTE-P00005,08/04/26 09:26 PM EDT,$0.27,100
20260805,MLB-TRUNS-IT5-03I5DSDCELGERO0-GTE-P00045,08/04/26 09:26 PM EDT,$0.45,584
20260805,MLB-TRUNS-IT5-03I5DSDCELGERO0-GTE-P00045,08/04/26 09:27 PM EDT,$0.45,159
20260805,MLB-TRUNS-IT5-03I5DSDCELGERO0-GTE-P00045,08/04/26 09:27 PM EDT,$0.46,350
20260805,MLB-MOVY-IT5-03I5DSDCELGERO0-SERS000-GTE-P00005,08/04/26 09:27 PM EDT,$0.43,42
20260805,MLB-TRUNS-IT5-03I5DRPFELG6MTG-GTE-P00055,08/04/26 09:28 PM EDT,$0.01,8
20260805,MLB-TRUNS-IT5-03I5DSCVELGERJ8-GTE-P00055,08/04/26 09:28 PM EDT,$0.45,713
20260805,MLB-TRUNS-IT5-03I5DSCVELGERJ8-GTE-P00055,08/04/26 09:28 PM EDT,$0.45,350
20260805,MLB-TRUNS-I5-03I5DRV9ELG6MLO-GTE-P00005,08/04/26 09:28 PM EDT,$0.40,8
20260805,MLB-TRUNS-I6-03I5DRPFELG6MTG-GTE-P00005,08/04/26 09:29 PM EDT,$0.30,70
20260805,MLB-WIN-IT5-03I5DSF4ELGEQT0-TOYS000,08/04/26 09:29 PM EDT,$0.44,21
20260805,MLB-TRUNS-IT5-03I5DRPFELG6MTG-GTE-P00035,08/04/26 09:29 PM EDT,$0.01,42
20260805,MLB-MOVY-IT5-03I5DSDCELGERO0-SERS000-GTE-P00005,08/04/26 09:29 PM EDT,$0.43,169
20260805,MLB-PHRR-FG-03I5CE5HELGD1EO-ELUZ001-GTE-P00005,08/04/26 09:29 PM EDT,$0.98,41
20260805,MLB-TRUNS-IT5-03I5DSF4ELGEQT0-GTE-P00025,08/04/26 09:30 PM EDT,$0.99,10
20260805,MLB-TRUNS-IT5-03I5DSDCELGERO0-GTE-P00045,08/04/26 09:30 PM EDT,$0.45,35
20260805,MLB-TRUNS-IT5-03I5DSF4ELGEQT0-GTE-P00045,08/04/26 09:31 PM EDT,$0.28,166
20260805,MLB-TRUNS-IT5-03I5DSF4ELGEQT0-GTE-P00045,08/04/26 09:31 PM EDT,$0.28,66
20260805,MLB-TRUNS-I5-03I5DSF4ELGEQT0-GTE-P00025,08/04/26 09:31 PM EDT,$0.30,15
20260805,MLB-MOVY-IT5-03I5DSCVELGERJ8-ARKS000-GTE-P00005,08/04/26 09:31 PM EDT,$0.49,179
20260805,MLB-PHRR-FG-03I5DSD4ELGER48-MIAK000-GTE-P00035,08/04/26 09:31 PM EDT,$0.76,500
20260805,MLB-PHRR-FG-03I5DRUGELG6M2G-WIAS000-GTE-P00035,08/04/26 09:31 PM EDT,$0.97,100
20260805,MLB-MOVY-IT5-03I5DSDCELGERO0-SERS000-GTE-P00005,08/04/26 09:31 PM EDT,$0.42,133
20260805,MLB-MOVY-IT5-03I5DSDCELGERO0-SERS000-GTE-P00005,08/04/26 09:32 PM EDT,$0.43,85
20260805,MLB-TRUNS-IT5-03I5DSF4ELGEQT0-GTE-P00045,08/04/26 09:32 PM EDT,$0.25,64
20260805,MLB-TRUNS-IT5-03I5DSF4ELGEQT0-GTE-P00045,08/04/26 09:32 PM EDT,$0.27,137
20260805,MLB-TRUNS-IT5-03I5DSF4ELGEQT0-GTE-P00045,08/04/26 09:32 PM EDT,$0.25,137
20260805,MLB-TRUNS-I9-03I5DSD4ELGER48-GTE-P00005,08/04/26 09:32 PM EDT,$0.49,9
20260805,MLB-TRUNS-I4-03I5DSD4ELGER48-GTE-P00015,08/04/26 09:33 PM EDT,$0.31,45
20260805,MLB-TRUNS-I4-03I5DSD4ELGER48-GTE-P00005,08/04/26 09:33 PM EDT,$0.45,18
20260805,MLB-MOVY-IT5-03I5DSDCELGERO0-SERS000-GTE-P00005,08/04/26 09:33 PM EDT,$0.43,1000
20260805,MLB-TRUNS-IT5-03I5DRV9ELG6MLO-GTE-P00025,08/04/26 09:33 PM EDT,$0.19,232
20260805,MLB-PHRR-FG-03I5DSD4ELGER48-EZAR000-GTE-P00015,08/04/26 09:33 PM EDT,$0.98,100
20260805,MLB-TRUNS-IT5-03I5DRPFELG6MTG-GTE-P00025,08/04/26 09:34 PM EDT,$0.01,43
20260805,MLB-TRUNS-IT5-03I5DRV9ELG6MLO-GTE-P00025,08/04/26 09:34 PM EDT,$0.18,2
20260805,MLB-TRUNS-I8-03I5DRUGELG6M2G-GTE-P00015,08/04/26 09:34 PM EDT,$0.38,72
20260805,MLB-TRUNS-IT5-03I5DSDCELGERO0-GTE-P00045,08/04/26 09:34 PM EDT,$0.45,26
20260805,MLB-TRUNS-IT5-03I5DSF4ELGEQT0-GTE-P00045,08/04/26 09:34 PM EDT,$0.37,83
20260805,MLB-WIN-IT5-03I5DSD4ELGER48-TBYS000,08/04/26 09:34 PM EDT,$0.46,555
20260805,MLB-PHRR-FG-03I5DSDCELGERO0-MARK000-GTE-P00035,08/04/26 09:34 PM EDT,$0.14,33
20260805,MLB-MOVY-IT5-03I5DRPFELG6MTG-CHBS000-GTE-P00025,08/04/26 09:34 PM EDT,$0.02,117
20260805,MLB-WIN-IT5-03I5DSDCELGERO0-DERS000,08/04/26 09:34 PM EDT,$0.49,78
20260805,MLB-TRUNS-IT5-03I5DRV9ELG6MLO-GTE-P00025,08/04/26 09:34 PM EDT,$0.15,1000
20260805,MLB-TRUNS-I6-03I5DRPFELG6MTG-GTE-P00005,08/04/26 09:35 PM EDT,$0.09,100
20260805,MLB-TRUNS-I1-03I5DSDCELGERO0-GTE-P00015,08/04/26 09:35 PM EDT,$0.30,62
20260805,MLB-TRUNS-I6-03I5DRV9ELG6MLO-GTE-P00015,08/04/26 09:35 PM EDT,$0.27,10
20260805,MLB-TRUNS-I6-03I5DRPFELG6MTG-GTE-P00005,08/04/26 09:35 PM EDT,$0.13,12
20260805,MLB-TRUNS-IT5-03I5DSCVELGERJ8-GTE-P00055,08/04/26 09:35 PM EDT,$0.45,200
20260805,MLB-WIN-IT5-03I5DSDCELGERO0-DERS000,08/04/26 09:35 PM EDT,$0.49,3
20260805,MLB-TRUNS-IT5-03I5DRPFELG6MTG-GTE-P00035,08/04/26 09:35 PM EDT,$0.01,308
20260805,MLB-TRUNS-I4-03I5DSD4ELGER48-GTE-P00015,08/04/26 09:35 PM EDT,$0.34,27
20260805,MLB-PHRR-FG-03I5DSD4ELGER48-HUAN001-GTE-P00025,08/04/26 09:36 PM EDT,$0.34,69
20260805,MLB-TRUNS-I8-03I5DRUGELG6M2G-GTE-P00005,08/04/26 09:36 PM EDT,$0.52,20
20260805,MLB-TRUNS-I4-03I5DSD4ELGER48-GTE-P00005,08/04/26 09:36 PM EDT,$0.55,32
20260805,MLB-WIN-IT5-03I5DSDCELGERO0-DERS000,08/04/26 09:36 PM EDT,$0.49,5
20260805,MLB-PHRR-FG-03I5DSD4ELGER48-LIKS001-GTE-P00075,08/04/26 09:36 PM EDT,$0.46,41
20260805,MLB-TRUNS-I6-03I5DRV9ELG6MKO-GTE-P00005,08/04/26 09:36 PM EDT,$0.14,13
20260805,MLB-PHRR-FG-03I5DSD4ELGER48-MIAK000-GTE-P00065,08/04/26 09:36 PM EDT,$0.34,55
20260805,MLB-PHRR-FG-03I5DSD4ELGER48-JAHY000-GTE-P00055,08/04/26 09:36 PM EDT,$0.38,50
20260805,MLB-PHRR-FG-03I5DSD4ELGER48-CENS000-GTE-P00045,08/04/26 09:36 PM EDT,$0.35,54
20260805,MLB-PHRR-FG-03I5DSD4ELGER48-EZAR000-GTE-P00045,08/04/26 09:36 PM EDT,$0.38,50
20260805,MLB-WIN-IT5-03I5DSD4ELGER48-TBYS000,08/04/26 09:36 PM EDT,$0.56,38
20260805,MLB-TRUNS-I5-03I5DRV9ELG6MLO-GTE-P00005,08/04/26 09:36 PM EDT,$0.07,61
20260805,MLB-TRUNS-I7-03I5DRV9ELG6MKO-GTE-P00025,08/04/26 09:37 PM EDT,$0.19,25
20260805,MLB-TRUNS-IT5-03I5DSF4ELGEQT0-GTE-P00045,08/04/26 09:37 PM EDT,$0.28,13
20260805,MLB-PHRR-FG-03I5DSCVELGERJ8-COLL001-GTE-P00055,08/04/26 09:37 PM EDT,$0.12,78
20260805,MLB-TRUNS-IT5-03I5DSD4ELGER48-GTE-P00055,08/04/26 09:37 PM EDT,$0.98,350
20260805,MLB-TRUNS-IT5-03I5DSD4ELGER48-GTE-P00055,08/04/26 09:37 PM EDT,$0.98,1922
20260805,MLB-TRUNS-IT5-03I5DRV9ELG6MLO-GTE-P00045,08/04/26 09:37 PM EDT,$0.03,63
20260805,MLB-WIN-IT5-03I5DSDCELGERO0-DERS000,08/04/26 09:37 PM EDT,$0.49,19
20260805,MLB-TRUNS-I6-03I5DRPFELG6MTG-GTE-P00005,08/04/26 09:37 PM EDT,$0.64,30
20260805,MLB-TRUNS-IT5-03I5DSD4ELGER48-GTE-P00055,08/04/26 09:37 PM EDT,$0.93,2000
20260805,MLB-TRUNS-IT5-03I5DSD4ELGER48-GTE-P00055,08/04/26 09:37 PM EDT,$0.93,1088
20260805,MLB-PHRR-FG-03I5DSCVELGERJ8-COLL001-GTE-P00085,08/04/26 09:37 PM EDT,$0.05,1
20260805,MLB-TRUNS-I6-03I5DRPFELG6MTG-GTE-P00005,08/04/26 09:37 PM EDT,$0.67,5
20260805,MLB-PHRR-FG-03I5DRPFELG6MTG-MICH001-GTE-P00005,08/04/26 09:38 PM EDT,$0.47,204
20260805,MLB-TRUNS-I5-03I5DSF4ELGEQT0-GTE-P00025,08/04/26 09:38 PM EDT,$0.31,100
20260805,MLB-TRUNS-I6-03I5DRV9ELG6MLO-GTE-P00005,08/04/26 09:38 PM EDT,$0.40,40
20260805,MLB-TRUNS-I7-03I5DRV9ELG6MKO-GTE-P00005,08/04/26 09:38 PM EDT,$0.47,100
20260805,MLB-MOVY-IT5-03I5DSDCELGERO0-SERS000-GTE-P00005,08/04/26 09:38 PM EDT,$0.42,16
20260805,MLB-TRUNS-IT5-03I5DSF4ELGEQT0-GTE-P00045,08/04/26 09:38 PM EDT,$0.41,232
20260805,MLB-TRUNS-I5-03I5DSF4ELGEQT0-GTE-P00025,08/04/26 09:38 PM EDT,$0.48,100
20260805,MLB-TRUNS-I7-03I5DRV9ELG6MKO-GTE-P00005,08/04/26 09:38 PM EDT,$0.47,47
20260805,MLB-TRUNS-I6-03I5DRV9ELG6MLO-GTE-P00005,08/04/26 09:38 PM EDT,$0.41,8
20260805,MLB-TRUNS-I4-03I5DSD4ELGER48-GTE-P00005,08/04/26 09:38 PM EDT,$0.43,55
20260805,MLB-TRUNS-I1-03I5DSCVELGERJ8-GTE-P00025,08/04/26 09:39 PM EDT,$0.13,4
20260805,MLB-MOVY-IT5-03I5DSDCELGERO0-SERS000-GTE-P00005,08/04/26 09:39 PM EDT,$0.42,90
20260805,MLB-TRUNS-I7-03I5DRPFELG6MTG-GTE-P00005,08/04/26 09:39 PM EDT,$0.41,100
20260805,MLB-TRUNS-I1-03I5DSDCELGERO0-GTE-P00025,08/04/26 09:39 PM EDT,$0.10,3
20260805,MLB-TRUNS-I6-03I5DRPFELG6MTG-GTE-P00005,08/04/26 09:39 PM EDT,$0.31,75
20260805,MLB-WIN-IT5-03I5DSD4ELGER48-TBYS000,08/04/26 09:39 PM EDT,$0.46,25
20260805,MLB-TRUNS-IT5-03I5DSF4ELGEQT0-GTE-P00045,08/04/26 09:39 PM EDT,$0.29,96
20260805,MLB-WIN-IT5-03I5DSDCELGERO0-DERS000,08/04/26 09:39 PM EDT,$0.49,19
20260805,MLB-TRUNS-I6-03I5DRPFELG6MTG-GTE-P00005,08/04/26 09:39 PM EDT,$0.31,15
20260805,MLB-TRUNS-I8-03I5DRUGELG6M2G-GTE-P00005,08/04/26 09:40 PM EDT,$0.36,30
20260805,MLB-TRUNS-IT5-03I5DSF4ELGEQT0-GTE-P00045,08/04/26 09:40 PM EDT,$0.29,48
20260805,MLB-WIN-IT5-03I5DSDCELGERO0-DERS000,08/04/26 09:40 PM EDT,$0.49,29
20260805,MLB-WIN-IT5-03I5DSD4ELGER48-COES000,08/04/26 09:40 PM EDT,$0.54,350
20260805,MLB-TRUNS-I7-03I5DRPFELG6MTG-GTE-P00005,08/04/26 09:40 PM EDT,$0.49,100
20260805,MLB-PHRR-FG-03I5DSF4ELGEQT0-YOEZ000-GTE-P00015,08/04/26 09:40 PM EDT,$0.65,100
20260805,MLB-WIN-IT5-03I5DSDCELGERO0-DERS000,08/04/26 09:40 PM EDT,$0.48,20
20260805,MLB-TRUNS-I6-03I5DSF4ELGEQT0-GTE-P00005,08/04/26 09:40 PM EDT,$0.44,100
20260805,MLB-TRUNS-IT5-03I5DSF4ELGEQT0-GTE-P00045,08/04/26 09:40 PM EDT,$0.98,232
20260805,MLB-MOVY-IT5-03I5DSDCELGERO0-SERS000-GTE-P00005,08/04/26 09:41 PM EDT,$0.42,263
20260805,MLB-PHRR-FG-03I5DSD4ELGER48-EZAR000-GTE-P00045,08/04/26 09:41 PM EDT,$0.37,38
20260805,MLB-TRUNS-I6-03I5DRPFELG6MTG-GTE-P00015,08/04/26 09:41 PM EDT,$0.24,100
20260805,MLB-TRUNS-IT5-03I5DSDCELGERO0-GTE-P00045,08/04/26 09:41 PM EDT,$0.44,51
20260805,MLB-MOVY-IT5-03I5DSD4ELGER48-TBYS000-GTE-P00005,08/04/26 09:41 PM EDT,$0.26,264
20260805,MLB-TRUNS-IT5-03I5DSF4ELGEQT0-GTE-P00055,08/04/26 09:41 PM EDT,$0.24,350
20260805,MLB-PHRR-FG-03I5DSD4ELGER48-JAHY000-GTE-P00065,08/04/26 09:41 PM EDT,$0.21,86
20260805,MLB-TRUNS-IT5-03I5DSD4ELGER48-GTE-P00105,08/04/26 09:41 PM EDT,$0.63,29
20260805,MLB-WIN-IT5-03I5DSDCELGERO0-DERS000,08/04/26 09:41 PM EDT,$0.48,350
20260805,MLB-WIN-IT5-03I5DSDCELGERO0-DERS000,08/04/26 09:41 PM EDT,$0.49,171
20260805,MLB-TRUNS-IT5-03I5DRV9ELG6MLO-GTE-P00025,08/04/26 09:41 PM EDT,$0.01,192
20260805,MLB-PHRR-FG-03I5DSD4ELGER48-HUAN001-GTE-P00025,08/04/26 09:41 PM EDT,$0.35,40
20260805,MLB-TRUNS-IT5-03I5DSF4ELGEQT0-GTE-P00055,08/04/26 09:41 PM EDT,$0.24,19
20260805,MLB-TRUNS-IT5-03I5DSCVELGERJ8-GTE-P00055,08/04/26 09:41 PM EDT,$0.53,195
20260805,MLB-TRUNS-IT5-03I5DSCVELGERJ8-GTE-P00055,08/04/26 09:41 PM EDT,$0.53,350
20260805,MLB-TRUNS-IT5-03I5DSDCELGERO0-GTE-P00045,08/04/26 09:42 PM EDT,$0.45,106
20260805,MLB-PHRR-FG-03I5DSF4ELGEQT0-TALL000-GTE-P00015,08/04/26 09:42 PM EDT,$0.28,100
20260805,MLB-TRUNS-IT5-03I5DSCVELGERJ8-GTE-P00055,08/04/26 09:42 PM EDT,$0.54,277
20260805,MLB-TRUNS-IT5-03I5DSF4ELGEQT0-GTE-P00055,08/04/26 09:42 PM EDT,$0.99,350
20260805,MLB-PHRR-FG-03I5DSF4ELGEQT0-TALL000-GTE-P00015,08/04/26 09:42 PM EDT,$0.97,100
20260805,MLB-WIN-IT5-03I5DSDCELGERO0-DERS000,08/04/26 09:42 PM EDT,$0.47,300
20260805,MLB-TRUNS-I6-03I5DRV9ELG6MLO-GTE-P00005,08/04/26 09:42 PM EDT,$0.40,5
20260805,MLB-WIN-IT5-03I5DSCVELGERJ8-ARKS000,08/04/26 09:42 PM EDT,$0.48,100
20260805,MLB-TRUNS-I1-03I5DSCVELGERJ8-GTE-P00015,08/04/26 09:42 PM EDT,$0.49,21
20260805,MLB-WIN-IT5-03I5DSCVELGERJ8-ARKS000,08/04/26 09:42 PM EDT,$0.48,10
20260805,MLB-TRUNS-IT5-03I5DSF4ELGEQT0-GTE-P00085,08/04/26 09:42 PM EDT,$0.10,163
20260805,MLB-WIN-IT5-03I5DSDCELGERO0-DERS000,08/04/26 09:43 PM EDT,$0.46,52
20260805,MLB-TRUNS-I6-03I5DRPFELG6MTG-GTE-P00015,08/04/26 09:43 PM EDT,$0.20,45
20260805,MLB-TRUNS-IT5-03I5DSF4ELGEQT0-GTE-P00085,08/04/26 09:43 PM EDT,$0.09,100
20260805,MLB-MOVY-IT5-03I5DSF4ELGEQT0-HOOS000-GTE-P00045,08/04/26 09:43 PM EDT,$0.09,50
20260805,MLB-TRUNS-IT5-03I5DSD4ELGER48-GTE-P00105,08/04/26 09:43 PM EDT,$0.63,7
20260805,MLB-PHRR-FG-03I5DRPFELG6MTG-MICH001-GTE-P00005,08/04/26 09:43 PM EDT,$0.19,100
20260805,MLB-WIN-IT5-03I5DSD4ELGER48-TBYS000,08/04/26 09:43 PM EDT,$0.41,58
20260805,MLB-TRUNS-IT5-03I5DSDCELGERO0-GTE-P00045,08/04/26 09:43 PM EDT,$0.41,11
20260805,MLB-PHRR-FG-03I5DSF4ELGEQT0-TALL000-GTE-P00065,08/04/26 09:43 PM EDT,$0.26,100
20260805,MLB-TRUNS-I7-03I5DSF4ELGEQT0-GTE-P00005,08/04/26 09:43 PM EDT,$0.48,100
20260805,MLB-TRUNS-I7-03I5DRPFELG6MTG-GTE-P00005,08/04/26 09:44 PM EDT,$0.41,16
20260805,MLB-MOVY-IT5-03I5DSD4ELGER48-COES000-GTE-P00005,08/04/26 09:44 PM EDT,$0.41,167
20260805,MLB-TRUNS-IT5-03I5DSDCELGERO0-GTE-P00035,08/04/26 09:44 PM EDT,$0.52,176
20260805,MLB-TRUNS-IT5-03I5DSCVELGERJ8-GTE-P00055,08/04/26 09:44 PM EDT,$0.51,350
20260805,MLB-TRUNS-IT5-03I5DSCVELGERJ8-GTE-P00055,08/04/26 09:44 PM EDT,$0.50,27
20260805,MLB-TRUNS-I1-03I5DSCVELGERJ8-GTE-P00015,08/04/26 09:44 PM EDT,$0.48,20
20260805,MLB-TRUNS-IT5-03I5DSF4ELGEQT0-GTE-P00085,08/04/26 09:44 PM EDT,$0.09,163
20260805,MLB-MOVY-IT5-03I5DSDCELGERO0-SERS000-GTE-P00005,08/04/26 09:44 PM EDT,$0.49,24
20260805,MLB-TRUNS-IT5-03I5DSCVELGERJ8-GTE-P00055,08/04/26 09:45 PM EDT,$0.46,416
20260805,MLB-TRUNS-I6-03I5DRV9ELG6MLO-GTE-P00005,08/04/26 09:45 PM EDT,$0.33,100
20260805,MLB-PHRR-FG-03I5DSCVELGERJ8-TIWA000-GTE-P00015,08/04/26 09:45 PM EDT,$0.49,49
20260805,MLB-WIN-IT5-03I5DRV9ELG6MLO-SFTS000,08/04/26 09:45 PM EDT,$0.02,86
20260805,MLB-TRUNS-I1-03I5DSCVELGERJ8-GTE-P00015,08/04/26 09:45 PM EDT,$0.32,100
20260805,MLB-TRUNS-I9-03I5DRUGELG6M2G-GTE-P00005,08/04/26 09:45 PM EDT,$0.29,4
20260805,MLB-TRUNS-IT5-03I5DSD4ELGER48-GTE-P00055,08/04/26 09:45 PM EDT,$0.98,350
20260805,MLB-TRUNS-IT5-03I5DSCVELGERJ8-GTE-P00055,08/04/26 09:46 PM EDT,$0.46,83
20260805,MLB-TRUNS-IT5-03I5DSCVELGERJ8-GTE-P00055,08/04/26 09:46 PM EDT,$0.45,17
20260805,MLB-TRUNS-I7-03I5DRPFELG6MTG-GTE-P00005,08/04/26 09:46 PM EDT,$0.41,87
20260805,MLB-PHRR-FG-03I5DSD4ELGER48-WIRO000-GTE-P00005,08/04/26 09:46 PM EDT,$0.48,100
20260805,MLB-TRUNS-IT5-03I5DSF4ELGEQT0-GTE-P00045,08/04/26 09:46 PM EDT,$0.98,66
20260805,MLB-TRUNS-I1-03I5DSCVELGERJ8-GTE-P00015,08/04/26 09:46 PM EDT,$0.42,100
20260805,MLB-TRUNS-I2-03I5DSDCELGERO0-GTE-P00005,08/04/26 09:46 PM EDT,$0.42,58
20260805,MLB-WIN-IT5-03I5DSD4ELGER48-TBYS000,08/04/26 09:46 PM EDT,$0.10,9
20260805,MLB-TRUNS-I1-03I5DSCVELGERJ8-GTE-P00015,08/04/26 09:46 PM EDT,$0.44,100
20260805,KBO-WIN-FG-000684SCI4R0H6G-NCOS000,08/04/26 09:46 PM EDT,$0.60,7
20260805,MLB-TRUNS-I9-03I5DRUGELG6M2G-GTE-P00025,08/04/26 09:46 PM EDT,$0.02,100
20260805,MLB-TRUNS-I1-03I5DSDCELGERO0-GTE-P00005,08/04/26 09:46 PM EDT,$0.31,42
20260805,MLB-TRUNS-I9-03I5DRUGELG6M2G-GTE-P00025,08/04/26 09:46 PM EDT,$0.02,5
20260805,MLB-PHRR-FG-03I5DSDCELGERO0-RANA000-GTE-P00015,08/04/26 09:47 PM EDT,$0.49,9
20260805,MLB-PHRR-FG-03I5DRTFELG6MK8-BRWE000-GTE-P00015,08/04/26 09:47 PM EDT,$0.10,100
20260805,MLB-TRUNS-I8-03I5DRTFELG6MK8-GTE-P00005,08/04/26 09:47 PM EDT,$0.68,100
20260805,MLB-WIN-IT5-03I5DSCVELGERJ8-SDES000,08/04/26 09:48 PM EDT,$0.61,48
20260805,MLB-TRUNS-I8-03I5DRTFELG6MK8-GTE-P00005,08/04/26 09:48 PM EDT,$0.68,100
20260805,MLB-TRUNS-I9-03I5DRUGELG6M2G-GTE-P00025,08/04/26 09:48 PM EDT,$0.02,5
20260805,MLB-TRUNS-I5-03I5DSD4ELGER48-GTE-P00005,08/04/26 09:48 PM EDT,$0.57,96
20260805,MLB-PHRR-FG-03I5DSCVELGERJ8-COLL001-GTE-P00015,08/04/26 09:48 PM EDT,$0.62,468
20260805,MLB-WIN-IT5-03I5DSD4ELGER48-TBYS000,08/04/26 09:48 PM EDT,$0.10,7
20260805,MLB-PHRR-FG-03I5DRTFELG6MK8-BRDS000-GTE-P00005,08/04/26 09:48 PM EDT,$0.31,100
20260805,MLB-TRUNS-I5-03I5DSD4ELGER48-GTE-P00005,08/04/26 09:48 PM EDT,$0.56,100
20260805,MLB-WIN-IT5-03I5DSDCELGERO0-DERS000,08/04/26 09:48 PM EDT,$0.35,41
20260805,MLB-TRUNS-I5-03I5DSD4ELGER48-GTE-P00005,08/04/26 09:49 PM EDT,$0.58,16
20260805,MLB-TRUNS-I8-03I5DRTFELG6MK8-GTE-P00035,08/04/26 09:49 PM EDT,$0.12,76
20260805,MLB-TRUNS-I6-03I5DRV9ELG6MLO-GTE-P00005,08/04/26 09:49 PM EDT,$0.23,100
20260805,MLB-TRUNS-IT5-03I5DSD4ELGER48-GTE-P00045,08/04/26 09:50 PM EDT,$0.98,333
20260805,MLB-TRUNS-IT5-03I5DSDCELGERO0-GTE-P00035,08/04/26 09:50 PM EDT,$0.53,61
20260805,MLB-TRUNS-IT5-03I5DSCVELGERJ8-GTE-P00055,08/04/26 09:50 PM EDT,$0.50,277
20260805,MLB-PHRR-FG-03I5DSD4ELGER48-EZAR000-GTE-P00035,08/04/26 09:50 PM EDT,$0.49,19
20260805,MLB-TRUNS-IT5-03I5DSCVELGERJ8-GTE-P00055,08/04/26 09:50 PM EDT,$0.53,1
20260805,MLB-TRUNS-I2-03I5DSDCELGERO0-GTE-P00005,08/04/26 09:50 PM EDT,$0.42,33
20260805,MLB-TRUNS-I2-03I5DSDCELGERO0-GTE-P00005,08/04/26 09:50 PM EDT,$0.42,83
20260805,MLB-TRUNS-I9-03I5DRTFELG6MK8-GTE-P00005,08/04/26 09:51 PM EDT,$0.26,5
20260805,MLB-TRUNS-I1-03I5DSCVELGERJ8-GTE-P00015,08/04/26 09:51 PM EDT,$0.45,74
20260805,MLB-TRUNS-IT5-03I5DRV9ELG6MLO-GTE-P00025,08/04/26 09:51 PM EDT,$0.01,19
20260805,MLB-MOVY-IT5-03I5DSDCELGERO0-SERS000-GTE-P00005,08/04/26 09:51 PM EDT,$0.43,263
20260805,MLB-MOVY-IT5-03I5DSCVELGERJ8-SDES000-GTE-P00005,08/04/26 09:51 PM EDT,$0.51,41
20260805,MLB-TRUNS-I8-03I5DRV9ELG6MKO-GTE-P00015,08/04/26 09:51 PM EDT,$0.30,5
20260805,MLB-TRUNS-I8-03I5DRPFELG6MTG-GTE-P00005,08/04/26 09:51 PM EDT,$0.49,42
20260805,MLB-TRUNS-I5-03I5DSD4ELGER48-GTE-P00005,08/04/26 09:51 PM EDT,$0.52,14
20260805,NPB-WIN-FG-02HH6F42OL5SJK8-HARS001,08/04/26 09:52 PM EDT,$0.59,16
20260805,MLB-TRUNS-I2-03I5DSDCELGERO0-GTE-P00005,08/04/26 09:52 PM EDT,$0.42,8
20260805,MLB-TRUNS-IT5-03I5DRV9ELG6MLO-GTE-P00025,08/04/26 09:52 PM EDT,$0.01,232
20260805,NPB-WIN-FG-02HH6F60OL5SJ58-ORES000,08/04/26 09:52 PM EDT,$0.62,11
20260805,MLB-TRUNS-I4-03I5DSD4ELGER48-GTE-P00025,08/04/26 09:52 PM EDT,$0.13,71
20260805,MLB-MOVY-IT5-03I5DSDCELGERO0-SERS000-GTE-P00005,08/04/26 09:52 PM EDT,$0.44,10
20260805,MLB-WIN-IT5-03I5DSDCELGERO0-DERS000,08/04/26 09:52 PM EDT,$0.44,6
20260805,MLB-MOVY-IT5-03I5DSDCELGERO0-SERS000-GTE-P00005,08/04/26 09:52 PM EDT,$0.41,237
20260805,MLB-PHRR-FG-03I5DRUGELG6M2G-MUMI000-GTE-P00015,08/04/26 09:52 PM EDT,$0.30,40
20260805,MLB-WIN-IT5-03I5DSD4ELGER48-COES000,08/04/26 09:52 PM EDT,$0.89,21
20260805,MLB-TRUNS-I2-03I5DSDCELGERO0-GTE-P00005,08/04/26 09:52 PM EDT,$0.43,2
20260805,MLB-TRUNS-I6-03I5DSF4ELGEQT0-GTE-P00005,08/04/26 09:53 PM EDT,$0.57,8
20260805,MLB-PHRR-FG-03I5DRV9ELG6MLO-NIEZ000-GTE-P00015,08/04/26 09:53 PM EDT,$0.41,58
20260805,MLB-TRUNS-I3-03I5DSDCELGERO0-GTE-P00005,08/04/26 09:53 PM EDT,$0.38,14
20260805,MLB-PHRR-FG-03I5DRV9ELG6MLO-BRMO000-GTE-P00035,08/04/26 09:53 PM EDT,$0.34,27
20260805,MLB-PHRR-FG-03I5DRTFELG6MK8-JAIO000-GTE-P00065,08/04/26 09:53 PM EDT,$0.19,5
20260805,MLB-TRUNS-IT5-03I5DRV9ELG6MLO-GTE-P00025,08/04/26 09:53 PM EDT,$0.01,46
20260805,MLB-TRUNS-I2-03I5DSDCELGERO0-GTE-P00005,08/04/26 09:54 PM EDT,$0.43,100
20260805,MLB-TRUNS-I8-03I5DRV9ELG6MLO-GTE-P00005,08/04/26 09:54 PM EDT,$0.43,100
20260805,MLB-TRUNS-I8-03I5DRV9ELG6MLO-GTE-P00005,08/04/26 09:54 PM EDT,$0.43,100
20260805,MLB-TRUNS-I1-03I5DSCVELGERJ8-GTE-P00035,08/04/26 09:54 PM EDT,$0.38,5
20260805,MLB-TRUNS-I1-03I5DSCVELGERJ8-GTE-P00035,08/04/26 09:55 PM EDT,$0.38,25
20260805,MLB-TRUNS-I8-03I5DRV9ELG6MLO-GTE-P00005,08/04/26 09:55 PM EDT,$0.43,100
20260805,MLB-PHRR-FG-03I5DRTFELG6MK8-SPTZ000-GTE-P00005,08/04/26 09:55 PM EDT,$0.24,3
20260805,MLB-TRUNS-I8-03I5DRV9ELG6MLO-GTE-P00005,08/04/26 09:55 PM EDT,$0.43,100
20260805,MLB-TRUNS-I8-03I5DRV9ELG6MLO-GTE-P00005,08/04/26 09:55 PM EDT,$0.43,100
20260805,MLB-TRUNS-IT5-03I5DSDCELGERO0-GTE-P00025,08/04/26 09:55 PM EDT,$0.57,115
20260805,MLB-TRUNS-IT5-03I5DSF4ELGEQT0-GTE-P00045,08/04/26 09:56 PM EDT,$0.98,166
20260805,MLB-TRUNS-I1-03I5DSCVELGERJ8-GTE-P00035,08/04/26 09:56 PM EDT,$0.38,25
20260805,NWSL-DWIN-FG-00NB71Q9PGDTSN8-NOEW002,08/04/26 09:56 PM EDT,$0.35,6
20260805,MLB-TRUNS-I8-03I5DRPFELG6MTG-GTE-P00005,08/04/26 09:56 PM EDT,$0.50,19
20260805,MLB-TRUNS-IT5-03I5DSDCELGERO0-GTE-P00025,08/04/26 09:56 PM EDT,$0.54,52
20260805,MLB-TRUNS-I4-03I5DSDCELGERO0-GTE-P00005,08/04/26 09:56 PM EDT,$0.41,100
20260805,MLB-TRUNS-IT5-03I5DSDCELGERO0-GTE-P00025,08/04/26 09:56 PM EDT,$0.54,52
20260805,MLB-TRUNS-I4-03I5DSDCELGERO0-GTE-P00005,08/04/26 09:56 PM EDT,$0.42,85
20260805,MLB-TRUNS-I2-03I5DSDCELGERO0-GTE-P00005,08/04/26 09:56 PM EDT,$0.32,50
20260805,MLB-TRUNS-IT5-03I5DSCVELGERJ8-GTE-P00075,08/04/26 09:57 PM EDT,$0.47,62
20260805,MLB-WIN-IT5-03I5DSDCELGERO0-DERS000,08/04/26 09:57 PM EDT,$0.46,150
20260805,MLB-TRUNS-I7-03I5DRPFELG6MTG-GTE-P00005,08/04/26 09:57 PM EDT,$0.53,100
20260805,MLB-TRUNS-I1-03I5DSCVELGERJ8-GTE-P00035,08/04/26 09:57 PM EDT,$0.37,5
20260805,MLB-PHRR-FG-03I5DSDCELGERO0-MARK000-GTE-P00015,08/04/26 09:57 PM EDT,$0.46,4
20260805,MLB-WIN-IT5-03I5DSDCELGERO0-DERS000,08/04/26 09:58 PM EDT,$0.48,33
20260805,MLB-TRUNS-I7-03I5DRPFELG6MTG-GTE-P00005,08/04/26 09:58 PM EDT,$0.48,100
20260805,MLB-TRUNS-IT5-03I5DSCVELGERJ8-GTE-P00075,08/04/26 09:58 PM EDT,$0.53,17
20260805,MLB-TRUNS-I7-03I5DSF4ELGEQT0-GTE-P00005,08/04/26 09:58 PM EDT,$0.41,8
20260805,MLB-PHRR-FG-03I5DSCVELGERJ8-JALL000-GTE-P00065,08/04/26 09:58 PM EDT,$0.23,10
20260805,MLB-PHRR-FG-03I5DSF4ELGEQT0-DAHO000-GTE-P00005,08/04/26 09:58 PM EDT,$0.35,2
20260805,MLB-WIN-IT5-03I5DSD4ELGER48-TBYS000,08/04/26 09:58 PM EDT,$0.02,219
20260805,MLB-TRUNS-I2-03I5DSCVELGERJ8-GTE-P00005,08/04/26 09:59 PM EDT,$0.45,84
20260805,MLB-TRUNS-IT5-03I5DSDCELGERO0-GTE-P00025,08/04/26 09:59 PM EDT,$0.54,52
20260805,MLB-TRUNS-IT5-03I5DSDCELGERO0-GTE-P00025,08/04/26 09:59 PM EDT,$0.54,42
20260805,MLB-PHRR-FG-03I5DSF4ELGEQT0-JOVE001-GTE-P00055,08/04/26 09:59 PM EDT,$0.32,2
20260805,MLB-TRUNS-I7-03I5DRV9ELG6MLO-GTE-P00005,08/04/26 10:00 PM EDT,$0.64,100
20260805,MLB-PHRR-FG-03I5DSF4ELGEQT0-MYAW000-GTE-P00045,08/04/26 10:00 PM EDT,$0.27,3
20260805,MLB-TRUNS-I7-03I5DSF4ELGEQT0-GTE-P00005,08/04/26 10:00 PM EDT,$0.40,40
20260805,MLB-TRUNS-IT5-03I5DSD4ELGER48-GTE-P00055,08/04/26 10:00 PM EDT,$0.98,94
20260805,MLB-PHRR-FG-03I5DSF4ELGEQT0-ANEZ001-GTE-P00025,08/04/26 10:00 PM EDT,$0.34,2
20260805,MLB-MOVY-IT5-03I5DSCVELGERJ8-SDES000-GTE-P00025,08/04/26 10:01 PM EDT,$0.50,17
20260805,MLB-TRUNS-IT5-03I5DRV9ELG6MLO-GTE-P00035,08/04/26 10:01 PM EDT,$0.01,17
20260805,MLB-TRUNS-I3-03I5DSDCELGERO0-GTE-P00005,08/04/26 10:01 PM EDT,$0.39,79
20260805,MLB-PHRR-FG-03I5DRPFELG6MTG-PENG000-GTE-P00015,08/04/26 10:01 PM EDT,$0.10,100
20260805,MLB-WIN-IT5-03I5DSD4ELGER48-TBYS000,08/04/26 10:01 PM EDT,$0.02,41
20260805,MLB-MOVY-IT5-03I5DSDCELGERO0-SERS000-GTE-P00005,08/04/26 10:02 PM EDT,$0.40,27
20260805,MLB-PHRR-FG-03I5DRPFELG6MTG-PENG000-GTE-P00015,08/04/26 10:02 PM EDT,$0.98,100
20260805,MLB-PHRR-FG-03I5DRPFELG6MTG-PENG000-GTE-P00025,08/04/26 10:02 PM EDT,$0.98,31
20260805,MLB-TRUNS-IT5-03I5DSD4ELGER48-GTE-P00045,08/04/26 10:03 PM EDT,$0.98,350
20260805,MLB-TRUNS-I3-03I5DSDCELGERO0-GTE-P00005,08/04/26 10:03 PM EDT,$0.39,61
20260805,KBO-WIN-FG-02HH7RDNOL5IIG0-DORS000,08/04/26 10:04 PM EDT,$0.42,11
20260805,MLB-TRUNS-I2-03I5DSCVELGERJ8-GTE-P00005,08/04/26 10:04 PM EDT,$0.54,100
20260805,MLB-TRUNS-IT5-03I5DSDCELGERO0-GTE-P00025,08/04/26 10:04 PM EDT,$0.50,350
20260805,MLB-TRUNS-I2-03I5DSCVELGERJ8-GTE-P00005,08/04/26 10:04 PM EDT,$0.54,78
20260805,MLB-TRUNS-I8-03I5DRPFELG6MTG-GTE-P00005,08/04/26 10:04 PM EDT,$0.42,100
20260805,MLB-TRUNS-IT5-03I5DSCVELGERJ8-GTE-P00065,08/04/26 10:04 PM EDT,$0.52,110
20260805,MLB-TRUNS-IT5-03I5DSDCELGERO0-GTE-P00025,08/04/26 10:05 PM EDT,$0.50,305
20260805,MLB-TRUNS-IT5-03I5DSCVELGERJ8-GTE-P00065,08/04/26 10:05 PM EDT,$0.52,200
20260805,MLB-PHRR-FG-03I5DRUGELG6M2G-CELA000-GTE-P00015,08/04/26 10:05 PM EDT,$0.98,84
20260805,MLB-TRUNS-I7-03I5DSD4ELGER48-GTE-P00015,08/04/26 10:05 PM EDT,$0.37,12
20260805,MLB-TRUNS-I7-03I5DRPFELG6MTG-GTE-P00015,08/04/26 10:05 PM EDT,$0.22,33
20260805,MLB-PHRR-FG-03I5DRPFELG6MTG-PENG000-GTE-P00035,08/04/26 10:06 PM EDT,$0.26,100
20260805,MLB-PHRR-FG-03I5DRUGELG6M2G-MUMI000-GTE-P00025,08/04/26 10:06 PM EDT,$0.17,10
20260805,MLB-TRUNS-IT5-03I5DSCVELGERJ8-GTE-P00075,08/04/26 10:07 PM EDT,$0.52,18
20260805,MLB-PHRR-FG-03I5DRPFELG6MTG-SHNI001-GTE-P00015,08/04/26 10:07 PM EDT,$0.30,100
20260805,MLB-PHRR-FG-03I5DRPFELG6MTG-PENG000-GTE-P00025,08/04/26 10:08 PM EDT,$0.98,30
20260805,MLB-TRUNS-I2-03I5DSCVELGERJ8-GTE-P00025,08/04/26 10:08 PM EDT,$0.41,11
20260805,MLB-PHRR-FG-03I5DRPFELG6MTG-SHNI001-GTE-P00015,08/04/26 10:08 PM EDT,$0.33,54
20260805,MLB-TRUNS-I2-03I5DSCVELGERJ8-GTE-P00025,08/04/26 10:08 PM EDT,$0.41,34
20260805,MLB-TRUNS-IT5-03I5DSD4ELGER48-GTE-P00055,08/04/26 10:08 PM EDT,$0.98,9
20260805,MLB-TRUNS-I8-03I5DRPFELG6MTG-GTE-P00005,08/04/26 10:09 PM EDT,$0.48,7
20260805,MLB-TRUNS-I3-03I5DSDCELGERO0-GTE-P00005,08/04/26 10:09 PM EDT,$0.46,20
20260805,MLB-PHRR-FG-03I5DSCVELGERJ8-FEJR000-GTE-P00025,08/04/26 10:09 PM EDT,$0.83,500
20260805,MLB-MOVY-IT5-03I5DSDCELGERO0-SERS000-GTE-P00005,08/04/26 10:09 PM EDT,$0.40,595
20260805,MLB-TRUNS-I8-03I5DRV9ELG6MKO-GTE-P00015,08/04/26 10:10 PM EDT,$0.47,20
20260805,MLB-TRUNS-I7-03I5DSF4ELGEQT0-GTE-P00005,08/04/26 10:10 PM EDT,$0.50,8
20260805,MLB-TRUNS-IT5-03I5DSDCELGERO0-GTE-P00015,08/04/26 10:11 PM EDT,$0.60,23
20260805,MLB-TRUNS-IT5-03I5DSDCELGERO0-GTE-P00015,08/04/26 10:11 PM EDT,$0.60,20
20260805,MLB-WIN-IT5-03I5DSD4ELGER48-TBYS000,08/04/26 10:11 PM EDT,$0.02,13
20260805,MLB-TRUNS-I8-03I5DRV9ELG6MLO-GTE-P00005,08/04/26 10:11 PM EDT,$0.44,100
20260805,MLB-TRUNS-I8-03I5DRV9ELG6MKO-GTE-P00015,08/04/26 10:11 PM EDT,$0.42,100
20260805,MLB-TRUNS-I6-03I5DSD4ELGER48-GTE-P00025,08/04/26 10:11 PM EDT,$0.24,96
20260805,MLB-WIN-IT5-03I5DSDCELGERO0-DERS000,08/04/26 10:11 PM EDT,$0.62,1490
20260805,MLB-WIN-IT5-03I5DSDCELGERO0-DERS000,08/04/26 10:11 PM EDT,$0.62,350
20260805,MLB-TRUNS-IT5-03I5DSDCELGERO0-GTE-P00025,08/04/26 10:11 PM EDT,$0.52,62
20260805,MLB-TRUNS-IT5-03I5DSCVELGERJ8-GTE-P00075,08/04/26 10:11 PM EDT,$0.53,134
20260805,MLB-TRUNS-I8-03I5DRPFELG6MTG-GTE-P00005,08/04/26 10:11 PM EDT,$0.34,100
20260805,MLB-PHRR-FG-03I5DSCVELGERJ8-FEJR000-GTE-P00025,08/04/26 10:11 PM EDT,$0.70,100
20260805,MLB-TRUNS-IT5-03I5DSCVELGERJ8-GTE-P00075,08/04/26 10:11 PM EDT,$0.53,36
20260805,MLB-WIN-IT5-03I5DSD4ELGER48-TBYS000,08/04/26 10:12 PM EDT,$0.02,25
20260805,MLB-TRUNS-I8-03I5DRV9ELG6MLO-GTE-P00005,08/04/26 10:12 PM EDT,$0.45,100
20260805,MLB-MOVY-IT5-03I5DSCVELGERJ8-SDES000-GTE-P00035,08/04/26 10:12 PM EDT,$0.59,32
20260805,MLB-TRUNS-I3-03I5DSDCELGERO0-GTE-P00005,08/04/26 10:13 PM EDT,$0.71,100
20260805,MLB-PHRR-FG-03I5DSD4ELGER48-KYOS000-GTE-P00025,08/04/26 10:13 PM EDT,$0.22,14
20260805,MLB-PHRR-FG-03I5DSF4ELGEQT0-JOVE001-GTE-P00055,08/04/26 10:13 PM EDT,$0.44,100
20260805,MLB-TRUNS-IT5-03I5DSCVELGERJ8-GTE-P00085,08/04/26 10:13 PM EDT,$0.49,9
20260805,MLB-TRUNS-I8-03I5DRV9ELG6MLO-GTE-P00005,08/04/26 10:13 PM EDT,$0.45,46
20260805,MLB-TRUNS-I2-03I5DSCVELGERJ8-GTE-P00015,08/04/26 10:13 PM EDT,$0.49,10
20260805,MLB-TRUNS-I2-03I5DSCVELGERJ8-GTE-P00015,08/04/26 10:13 PM EDT,$0.45,4
20260805,MLB-TRUNS-IT5-03I5DSDCELGERO0-GTE-P00025,08/04/26 10:13 PM EDT,$0.46,232
20260805,NASCAR-WIN-RCE-02D841PP1B75ERMKJ7DC8O1DJ49AKT5RU34R75QAO5SQF8ND6LKKKVBUVB00-BRKI003,08/04/26 10:14 PM EDT,$0.05,45
20260805,MLB-PHRR-FG-03I5DSF4ELGEQT0-TALL000-GTE-P00065,08/04/26 10:14 PM EDT,$0.25,100
20260805,MLB-PHRR-FG-03I5DSF4ELGEQT0-CHER000-GTE-P00025,08/04/26 10:14 PM EDT,$0.13,100
20260805,MLB-PHRR-FG-03I5DSF4ELGEQT0-JOVE001-GTE-P00055,08/04/26 10:14 PM EDT,$0.29,64
20260805,MLB-WIN-IT5-03I5DRV9ELG6MLO-SFTS000,08/04/26 10:14 PM EDT,$0.03,125
20260805,NASCAR-WIN-RCE-02D841PP1B75ERMKJ7DC8O1DJ49AKT5RU34R75QAO5SQF8ND6LKKKVBUVB00-RYCE002,08/04/26 10:14 PM EDT,$0.03,51
20260805,MLB-WIN-IT5-03I5DSCVELGERJ8-ARKS000,08/04/26 10:14 PM EDT,$0.05,7
20260805,MLB-MOVY-IT5-03I5DSDCELGERO0-SERS000-GTE-P00005,08/04/26 10:14 PM EDT,$0.37,61
20260805,MLB-TRUNS-I8-03I5DRV9ELG6MLO-GTE-P00005,08/04/26 10:15 PM EDT,$0.50,9
20260805,MLB-WIN-IT5-03I5DSCVELGERJ8-ARKS000,08/04/26 10:15 PM EDT,$0.04,7
20260805,MLB-MOVY-IT5-03I5DSCVELGERJ8-SDES000-GTE-P00045,08/04/26 10:15 PM EDT,$0.70,3
20260805,MLB-TRUNS-I2-03I5DSCVELGERJ8-GTE-P00035,08/04/26 10:15 PM EDT,$0.50,1
20260805,MLB-TRUNS-I2-03I5DSCVELGERJ8-GTE-P00025,08/04/26 10:15 PM EDT,$0.70,11
20260805,KBO-TRUNS-FG-02HH7RC6OL5IIMG-GTE-P00095,08/04/26 10:16 PM EDT,$0.54,17
20260805,KBO-TRUNS-FG-02HH7RC6OL5IIMG-GTE-P00155,08/04/26 10:16 PM EDT,$0.18,52
20260805,MLB-TRUNS-I4-03I5DSDCELGERO0-GTE-P00005,08/04/26 10:16 PM EDT,$0.40,100
20260805,MLB-WIN-IT5-03I5DSDCELGERO0-DERS000,08/04/26 10:16 PM EDT,$0.75,27
20260805,KBO-TRUNS-FG-02HH7R9HOL5IJEO-GTE-P00085,08/04/26 10:17 PM EDT,$0.57,16
20260805,MLB-MOVY-IT5-03I5DSCVELGERJ8-SDES000-GTE-P00045,08/04/26 10:17 PM EDT,$0.53,102
20260805,KBO-TRUNS-FG-02HH7R9HOL5IJEO-GTE-P00155,08/04/26 10:17 PM EDT,$0.13,71
20260805,KBO-TRUNS-FG-02HH7RC6OL5IIMG-GTE-P00095,08/04/26 10:17 PM EDT,$0.54,12
20260805,MLB-TRUNS-I6-03I5DSD4ELGER48-GTE-P00015,08/04/26 10:17 PM EDT,$0.40,4
20260805,MLB-TRUNS-IT5-03I5DSDCELGERO0-GTE-P00045,08/04/26 10:17 PM EDT,$0.56,97
20260805,MLB-TRUNS-IT5-01DPAH30TNCB02G-GTE-P00065,08/04/26 10:17 PM EDT,$0.49,39
20260805,MLB-MOVY-IT5-03I5DSDCELGERO0-DERS000-GTE-P00025,08/04/26 10:17 PM EDT,$0.64,1300
20260805,MLB-TRUNS-IT5-03I5DSCVELGERJ8-GTE-P00085,08/04/26 10:18 PM EDT,$0.60,176
20260805,MLB-TRUNS-IT5-03I5DSCVELGERJ8-GTE-P00085,08/04/26 10:18 PM EDT,$0.52,30
20260805,MLB-TRUNS-IT5-03I5DSDCELGERO0-GTE-P00035,08/04/26 10:18 PM EDT,$0.79,61
20260805,MLB-PHRR-FG-03I5DSF4ELGEQT0-MYAW000-GTE-P00045,08/04/26 10:18 PM EDT,$0.09,30
20260805,MLB-TRUNS-I2-03I5DSCVELGERJ8-GTE-P00035,08/04/26 10:18 PM EDT,$0.31,30
20260805,MLB-TRUNS-I7-03I5DSD4ELGER48-GTE-P00005,08/04/26 10:18 PM EDT,$0.51,100
20260805,MLB-PHRR-FG-03I5DSF4ELGEQT0-MYAW000-GTE-P00045,08/04/26 10:18 PM EDT,$0.07,100
20260805,MLB-TRUNS-IT5-01DPAK8VTNCB920-GTE-P00035,08/04/26 10:18 PM EDT,$0.57,11
20260805,MLB-TRUNS-I3-03I5DSDCELGERO0-GTE-P00035,08/04/26 10:18 PM EDT,$0.34,97
20260805,MLB-MOVY-IT5-03I5DSDCELGERO0-DERS000-GTE-P00025,08/04/26 10:19 PM EDT,$0.56,434
20260805,MLB-TRUNS-I3-03I5DSCVELGERJ8-GTE-P00005,08/04/26 10:19 PM EDT,$0.44,100
20260805,MLB-WIN-IT5-03I5DSDCELGERO0-SERS000,08/04/26 10:19 PM EDT,$0.12,350
20260805,MLB-WIN-IT5-03I5DSDCELGERO0-SERS000,08/04/26 10:19 PM EDT,$0.12,96
20260805,MLB-TRUNS-IT5-03I5DSCVELGERJ8-GTE-P00085,08/04/26 10:19 PM EDT,$0.52,100
20260805,MLB-WIN-IT5-03I5DRV9ELG6MLO-SFTS000,08/04/26 10:19 PM EDT,$0.02,125
20260805,MLB-PHRR-FG-03I5DSCVELGERJ8-JALL000-GTE-P00045,08/04/26 10:20 PM EDT,$0.58,100
20260805,MLB-WIN-IT5-03I5DSDCELGERO0-DERS000,08/04/26 10:20 PM EDT,$0.91,6
20260805,MLB-TRUNS-IT5-03I5DSCVELGERJ8-GTE-P00055,08/04/26 10:20 PM EDT,$0.99,350
20260805,MLB-TRUNS-IT5-03I5DSCVELGERJ8-GTE-P00055,08/04/26 10:20 PM EDT,$0.99,195
20260805,MLB-TRUNS-IT5-03I5DSCVELGERJ8-GTE-P00095,08/04/26 10:21 PM EDT,$0.60,861
20260805,MLB-TRUNS-IT5-03I5DSCVELGERJ8-GTE-P00055,08/04/26 10:21 PM EDT,$0.99,27
20260805,MLB-PHRR-FG-03I5DSF4ELGEQT0-VLJR000-GTE-P00005,08/04/26 10:22 PM EDT,$0.04,100
20260805,MLB-PHRR-FG-03I5DSDCELGERO0-COTH000-GTE-P00035,08/04/26 10:22 PM EDT,$0.98,58
20260805,NPB-WIN-FG-02HH6F42OL5SJK8-YORS001,08/04/26 10:23 PM EDT,$0.42,59
20260805,MLB-TRUNS-I9-03I5DRPFELG6MTG-GTE-P00005,08/04/26 10:24 PM EDT,$0.27,17
20260805,MLB-TRUNS-I4-03I5DSDCELGERO0-GTE-P00035,08/04/26 10:24 PM EDT,$0.09,25
20260805,MLB-TRUNS-I8-03I5DRPFELG6MTG-GTE-P00015,08/04/26 10:24 PM EDT,$0.41,53
20260805,MLB-PHRR-FG-03I5DSCVELGERJ8-JATH000-GTE-P00025,08/04/26 10:25 PM EDT,$0.39,24
20260805,MLB-TRUNS-I2-03I5DSCVELGERJ8-GTE-P00035,08/04/26 10:25 PM EDT,$0.22,100
20260805,MLB-TRUNS-I8-03I5DRPFELG6MTG-GTE-P00015,08/04/26 10:25 PM EDT,$0.37,25
20260805,MLB-TRUNS-IT5-03I5DSCVELGERJ8-GTE-P00055,08/04/26 10:25 PM EDT,$0.99,350
20260805,KBO-WIN-FG-02HH7RFHOL5IIT8-SANS000,08/04/26 10:25 PM EDT,$0.62,7
20260805,MLB-TRUNS-IT5-03I5DSCVELGERJ8-GTE-P00055,08/04/26 10:25 PM EDT,$0.99,66
20260805,MLB-TRUNS-I2-03I5DSCVELGERJ8-GTE-P00035,08/04/26 10:26 PM EDT,$0.29,6
20260805,MLB-TRUNS-IT5-03I5DSDCELGERO0-GTE-P00045,08/04/26 10:26 PM EDT,$0.46,89
20260805,MLB-TRUNS-I8-03I5DRV9ELG6MLO-GTE-P00005,08/04/26 10:26 PM EDT,$0.47,20
20260805,MLB-TRUNS-I8-03I5DRPFELG6MTG-GTE-P00015,08/04/26 10:27 PM EDT,$0.23,28
20260805,MLB-TRUNS-I9-03I5DRPFELG6MTG-GTE-P00005,08/04/26 10:27 PM EDT,$0.28,33
20260805,MLB-TRUNS-I8-03I5DRV9ELG6MLO-GTE-P00005,08/04/26 10:28 PM EDT,$0.47,20
20260805,MLB-TRUNS-I7-03I5DSD4ELGER48-GTE-P00015,08/04/26 10:28 PM EDT,$0.38,25
20260805,MLB-TRUNS-I9-03I5DRV9ELG6MLO-GTE-P00005,08/04/26 10:28 PM EDT,$0.36,26
20260805,MLB-TRUNS-I9-03I5DRPFELG6MTG-GTE-P00005,08/04/26 10:28 PM EDT,$0.20,17
20260805,MLB-PHRR-FG-03I5DSF4ELGEQT0-YOEZ000-GTE-P00025,08/04/26 10:29 PM EDT,$0.04,100
20260805,MLB-TRUNS-I8-03I5DSD4ELGER48-GTE-P00005,08/04/26 10:29 PM EDT,$0.59,16
20260805,MLB-TRUNS-IT5-03I5DSDCELGERO0-GTE-P00045,08/04/26 10:29 PM EDT,$0.43,22
20260805,MLB-PHRR-FG-03I5DSDCELGERO0-COTH000-GTE-P00045,08/04/26 10:29 PM EDT,$0.45,21
20260805,MLB-TRUNS-I4-03I5DSDCELGERO0-GTE-P00005,08/04/26 10:30 PM EDT,$0.43,77
20260805,MLB-TRUNS-I8-03I5DRV9ELG6MLO-GTE-P00015,08/04/26 10:30 PM EDT,$0.42,100
20260805,MLB-TRUNS-IT5-03I5DSDCELGERO0-GTE-P00045,08/04/26 10:31 PM EDT,$0.38,78
20260805,MLB-PHRR-FG-03I5DSCVELGERJ8-FEJR000-GTE-P00045,08/04/26 10:31 PM EDT,$0.48,6
20260805,MLB-WIN-IT5-03I5DSD4ELGER48-TBYS000,08/04/26 10:32 PM EDT,$0.02,16
20260805,MLB-TRUNS-IT5-03I5DSCVELGERJ8-GTE-P00085,08/04/26 10:32 PM EDT,$0.51,207
20260805,MLB-PHRR-FG-03I5DSD4ELGER48-JODA002-GTE-P00035,08/04/26 10:32 PM EDT,$0.26,39
20260805,MLB-TRUNS-IT5-03I5DSDCELGERO0-GTE-P00045,08/04/26 10:32 PM EDT,$0.38,70
20260805,MLB-TRUNS-I8-03I5DRV9ELG6MLO-GTE-P00035,08/04/26 10:33 PM EDT,$0.50,96
20260805,MLB-TRUNS-I8-03I5DRV9ELG6MLO-GTE-P00045,08/04/26 10:33 PM EDT,$0.26,89
20260805,MLB-TRUNS-I5-03I5DSDCELGERO0-GTE-P00005,08/04/26 10:33 PM EDT,$0.39,100
20260805,MLB-TRUNS-IT5-03I5DSCVELGERJ8-GTE-P00085,08/04/26 10:33 PM EDT,$0.46,54
20260805,MLB-TRUNS-I3-03I5DSCVELGERJ8-GTE-P00005,08/04/26 10:33 PM EDT,$0.33,4
20260805,MLB-TRUNS-I3-03I5DSCVELGERJ8-GTE-P00005,08/04/26 10:33 PM EDT,$0.41,49
20260805,MLB-TRUNS-I8-03I5DRV9ELG6MLO-GTE-P00035,08/04/26 10:33 PM EDT,$0.47,30
20260805,MLB-TRUNS-IT5-03I5DSDCELGERO0-GTE-P00045,08/04/26 10:33 PM EDT,$0.39,28
20260805,MLB-TRUNS-I8-03I5DRV9ELG6MLO-GTE-P00025,08/04/26 10:34 PM EDT,$0.72,100
20260805,KBO-WIN-FG-02HH7RC6OL5IIMG-LGNS000,08/04/26 10:34 PM EDT,$0.59,8
20260805,NPB-WIN-FG-02HVCSL7ONRQ728-CHNS000,08/04/26 10:34 PM EDT,$0.56,8
20260805,NPB-WIN-FG-02HH6F42OL5SJK8-HARS001,08/04/26 10:34 PM EDT,$0.59,8
20260805,MLB-TRUNS-I7-03I5DSD4ELGER48-GTE-P00005,08/04/26 10:34 PM EDT,$0.45,100
20260805,MLB-TRUNS-IT5-03I5DSDCELGERO0-GTE-P00035,08/04/26 10:34 PM EDT,$0.58,350
20260805,MLB-TRUNS-I4-03I5DSDCELGERO0-GTE-P00005,08/04/26 10:35 PM EDT,$0.21,55
20260805,MLB-TRUNS-IT5-03I5DSDCELGERO0-GTE-P00035,08/04/26 10:35 PM EDT,$0.58,227
20260805,MLB-TRUNS-IT5-03I5DSDCELGERO0-GTE-P00035,08/04/26 10:35 PM EDT,$0.58,350
20260805,NPB-WIN-FG-02HH6F7MOL5SIEG-FUKS000,08/04/26 10:35 PM EDT,$0.58,11
20260805,MLB-TRUNS-IT5-03I5DSDCELGERO0-GTE-P00035,08/04/26 10:35 PM EDT,$0.57,480
20260805,MLB-PHRR-FG-03I5DRV9ELG6MLO-NIEZ000-GTE-P00015,08/04/26 10:36 PM EDT,$0.39,100
20260805,MLB-TRUNS-I4-03I5DSDCELGERO0-GTE-P00005,08/04/26 10:36 PM EDT,$0.29,51
20260805,NPB-WIN-FG-02HH6F42OL5SJK8-YORS001,08/04/26 10:36 PM EDT,$0.41,59
20260805,MLB-TRUNS-I5-03I5DSDCELGERO0-GTE-P00015,08/04/26 10:37 PM EDT,$0.25,18
20260805,MLB-PHRR-FG-03I5DRV9ELG6MLO-JOON005-GTE-P00015,08/04/26 10:37 PM EDT,$0.12,20
20260805,MLB-TRUNS-I4-03I5DSDCELGERO0-GTE-P00015,08/04/26 10:37 PM EDT,$0.29,2
20260805,MLB-TRUNS-I8-03I5DRV9ELG6MLO-GTE-P00025,08/04/26 10:38 PM EDT,$0.33,46
20260805,MLB-WIN-IT5-03I5DSDCELGERO0-DERS000,08/04/26 10:38 PM EDT,$0.92,10
20260805,KBO-WIN-FG-02HH7RFHOL5IIT8-SANS000,08/04/26 10:39 PM EDT,$0.62,31
20260805,NPB-MOVY-FG-02HH6F42OL5SJK8-HARS001-GTE-P00005,08/04/26 10:39 PM EDT,$0.57,10
20260805,MLB-TRUNS-I7-03I5DSD4ELGER48-GTE-P00005,08/04/26 10:39 PM EDT,$0.32,32
20260805,MLB-TRUNS-IT5-03I5DSDCELGERO0-GTE-P00035,08/04/26 10:40 PM EDT,$0.57,73
20260805,MLB-TRUNS-IT5-03I5DSDCELGERO0-GTE-P00035,08/04/26 10:40 PM EDT,$0.55,42
20260805,NPB-WIN-FG-02HH6F7FOL5SIQ8-SANS002,08/04/26 10:40 PM EDT,$0.53,12
20260805,MLB-TRUNS-I4-03I5DSDCELGERO0-GTE-P00005,08/04/26 10:40 PM EDT,$0.17,100
20260805,MLB-TRUNS-IT5-03I5DSDCELGERO0-GTE-P00035,08/04/26 10:40 PM EDT,$0.56,434
20260805,MLB-TRUNS-IT5-03I5DSDCELGERO0-GTE-P00035,08/04/26 10:40 PM EDT,$0.56,65
20260805,MLB-PHRR-FG-03I5DSCVELGERJ8-XATS000-GTE-P00025,08/04/26 10:41 PM EDT,$0.62,7
20260805,NWSL-DWIN-FG-00NB71Q9PGDTSN8-NOEW002,08/04/26 10:41 PM EDT,$0.36,39
20260805,MLB-TRUNS-IT5-01DPANAHTNCD0QO-GTE-P00045,08/04/26 10:41 PM EDT,$0.45,43
20260805,MLB-TRUNS-I4-03I5DSDCELGERO0-GTE-P00005,08/04/26 10:41 PM EDT,$0.18,32
20260805,MLB-TRUNS-IT5-03I5DSDCELGERO0-GTE-P00035,08/04/26 10:41 PM EDT,$0.57,111
20260805,MLB-PHRR-FG-03I5DSCVELGERJ8-JALL000-GTE-P00055,08/04/26 10:42 PM EDT,$0.67,7
20260805,MLB-TRUNS-I4-03I5DSCVELGERJ8-GTE-P00005,08/04/26 10:42 PM EDT,$0.46,44
20260805,MLB-TRUNS-I4-03I5DSCVELGERJ8-GTE-P00005,08/04/26 10:42 PM EDT,$0.46,100
20260805,MLB-TRUNS-I4-03I5DSDCELGERO0-GTE-P00005,08/04/26 10:42 PM EDT,$0.43,22
20260805,MLB-TRUNS-I4-03I5DSDCELGERO0-GTE-P00005,08/04/26 10:42 PM EDT,$0.43,55
20260805,MLB-TRUNS-IT5-03I5DSDCELGERO0-GTE-P00045,08/04/26 10:43 PM EDT,$0.43,55
20260805,MLB-TRUNS-IT5-03I5DSDCELGERO0-GTE-P00045,08/04/26 10:43 PM EDT,$0.42,50
20260805,MLB-TRUNS-I4-03I5DSDCELGERO0-GTE-P00015,08/04/26 10:43 PM EDT,$0.29,16
20260805,MLB-TRUNS-IT5-03I5DSDCELGERO0-GTE-P00045,08/04/26 10:43 PM EDT,$0.42,668
20260805,MLB-PHRR-FG-03I5DSDCELGERO0-CAGH000-GTE-P00005,08/04/26 10:43 PM EDT,$0.53,42
20260805,MLB-TRUNS-IT5-03I5DSCVELGERJ8-GTE-P00075,08/04/26 10:43 PM EDT,$0.52,30
20260805,MLB-TRUNS-I5-03I5DSCVELGERJ8-GTE-P00005,08/04/26 10:44 PM EDT,$0.46,8
20260805,MLB-MOVY-IT5-03I5DSCVELGERJ8-SDES000-GTE-P00045,08/04/26 10:44 PM EDT,$0.83,26
20260805,MLB-TRUNS-I4-03I5DSCVELGERJ8-GTE-P00005,08/04/26 10:44 PM EDT,$0.39,100
20260805,MLB-TRUNS-I4-03I5DSCVELGERJ8-GTE-P00005,08/04/26 10:44 PM EDT,$0.39,100
20260805,MLB-TRUNS-I4-03I5DSCVELGERJ8-GTE-P00005,08/04/26 10:45 PM EDT,$0.38,100
20260805,MLB-TRUNS-I8-03I5DSD4ELGER48-GTE-P00015,08/04/26 10:45 PM EDT,$0.37,100
20260805,MLB-TRUNS-I8-03I5DSD4ELGER48-GTE-P00015,08/04/26 10:45 PM EDT,$0.37,100
20260805,MLB-TRUNS-I4-03I5DSDCELGERO0-GTE-P00005,08/04/26 10:45 PM EDT,$0.44,54
20260805,MLB-TRUNS-IT5-03I5DSCVELGERJ8-GTE-P00075,08/04/26 10:45 PM EDT,$0.40,16
20260805,MLB-TRUNS-IT5-03I5DSCVELGERJ8-GTE-P00085,08/04/26 10:45 PM EDT,$0.23,176
20260805,MLB-TRUNS-I8-03I5DSD4ELGER48-GTE-P00015,08/04/26 10:45 PM EDT,$0.37,100
20260805,MLB-TRUNS-I4-03I5DSDCELGERO0-GTE-P00005,08/04/26 10:46 PM EDT,$0.24,23
20260805,MLB-TRUNS-I4-03I5DSCVELGERJ8-GTE-P00005,08/04/26 10:46 PM EDT,$0.33,72
20260805,MLB-TRUNS-IT5-03I5DSCVELGERJ8-GTE-P00075,08/04/26 10:46 PM EDT,$0.40,12
20260805,MLB-TRUNS-I4-03I5DSCVELGERJ8-GTE-P00005,08/04/26 10:46 PM EDT,$0.32,7
20260805,MLB-TRUNS-IT5-03I5DSCVELGERJ8-GTE-P00075,08/04/26 10:46 PM EDT,$0.48,400
20260805,MLB-TRUNS-I4-03I5DSCVELGERJ8-GTE-P00005,08/04/26 10:46 PM EDT,$0.38,100
20260805,MLB-TRUNS-I4-03I5DSCVELGERJ8-GTE-P00005,08/04/26 10:47 PM EDT,$0.38,100
20260805,MLB-TRUNS-IT5-03I5DSCVELGERJ8-GTE-P00075,08/04/26 10:47 PM EDT,$0.40,24
20260805,MLB-TRUNS-IT5-03I5DSDCELGERO0-GTE-P00035,08/04/26 10:47 PM EDT,$0.43,3
20260805,MLB-TRUNS-I4-03I5DSCVELGERJ8-GTE-P00005,08/04/26 10:48 PM EDT,$0.31,14
20260805,MLB-PHRR-FG-03I5DRV9ELG6MLO-OSBE000-GTE-P00045,08/04/26 10:48 PM EDT,$0.22,21
20260805,MLB-PHRR-FG-03I5DRV9ELG6MLO-BRGE001-GTE-P00005,08/04/26 10:48 PM EDT,$0.24,11
20260805,MLB-PHRR-FG-03I5DRV9ELG6MLO-OSBE000-GTE-P00045,08/04/26 10:48 PM EDT,$0.22,4
20260805,MLB-TRUNS-I9-03I5DRV9ELG6MLO-GTE-P00005,08/04/26 10:48 PM EDT,$0.39,48
20260805,MLB-PHRR-FG-03I5DRV9ELG6MLO-JUEE000-GTE-P00015,08/04/26 10:48 PM EDT,$0.17,29
20260805,MLB-PHRR-FG-03I5DRV9ELG6MLO-BRGE001-GTE-P00005,08/04/26 10:48 PM EDT,$0.24,19
20260805,MLB-TRUNS-I4-03I5DSCVELGERJ8-GTE-P00005,08/04/26 10:48 PM EDT,$0.25,51
20260805,MLB-MOVY-IT5-03I5DSDCELGERO0-DERS000-GTE-P00035,08/04/26 10:48 PM EDT,$0.26,17
20260805,MLB-TRUNS-I4-03I5DSCVELGERJ8-GTE-P00005,08/04/26 10:48 PM EDT,$0.33,100
20260805,MLB-TRUNS-IT5-03I5DSDCELGERO0-GTE-P00035,08/04/26 10:48 PM EDT,$0.45,10
20260805,MLB-TRUNS-IT5-03I5DSDCELGERO0-GTE-P00035,08/04/26 10:48 PM EDT,$0.43,101
20260805,MLB-TRUNS-IT5-03I5DSDCELGERO0-GTE-P00035,08/04/26 10:49 PM EDT,$0.43,3
20260805,MLB-TRUNS-I4-03I5DSCVELGERJ8-GTE-P00015,08/04/26 10:49 PM EDT,$0.19,79
20260805,MLB-PHRR-FG-03I5DSD4ELGER48-JURO000-GTE-P00025,08/04/26 10:49 PM EDT,$0.18,100
20260805,NPB-WIN-FG-02HH6F60OL5SJ58-ORES000,08/04/26 10:49 PM EDT,$0.62,7
20260805,NPB-WIN-FG-02HH6F42OL5SJK8-HARS001,08/04/26 10:49 PM EDT,$0.59,6
20260805,NPB-WIN-FG-02HH6F7MOL5SIEG-FUKS000,08/04/26 10:50 PM EDT,$0.58,6
20260805,MLB-TRUNS-I9-03I5DRV9ELG6MLO-GTE-P00005,08/04/26 10:50 PM EDT,$0.47,72
20260805,NPB-WIN-FG-02HVCSL7ONRQ728-CHNS000,08/04/26 10:50 PM EDT,$0.56,6
20260805,MLB-PHRR-FG-03I5DRV9ELG6MLO-BRGE001-GTE-P00005,08/04/26 10:50 PM EDT,$0.27,100
20260805,MLB-PHRR-FG-03I5DRV9ELG6MLO-BRGE001-GTE-P00015,08/04/26 10:50 PM EDT,$0.16,100
20260805,MLB-PHRR-FG-03I5DSD4ELGER48-JURO000-GTE-P00025,08/04/26 10:50 PM EDT,$0.11,100
20260805,KBO-WIN-FG-02HH7RDNOL5IIG0-NCOS000,08/04/26 10:50 PM EDT,$0.60,8
20260805,KBO-WIN-FG-02HH7RFHOL5IIT8-SANS000,08/04/26 10:50 PM EDT,$0.62,7
20260805,MLB-TRUNS-IT5-03I5DSCVELGERJ8-GTE-P00075,08/04/26 10:51 PM EDT,$0.35,343
20260805,KBO-WIN-FG-02HH7RC6OL5IIMG-LGNS000,08/04/26 10:51 PM EDT,$0.59,6
20260805,MLB-WIN-IT5-03I5DSDCELGERO0-DERS000,08/04/26 10:51 PM EDT,$0.96,1000
20260805,MLB-WIN-IT5-03I5DSDCELGERO0-DERS000,08/04/26 10:51 PM EDT,$0.96,350
20260805,NPB-WIN-FG-02HH6F42OL5SJK8-YORS001,08/04/26 10:51 PM EDT,$0.42,11
20260805,MLB-WIN-IT5-03I5DSDCELGERO0-DERS000,08/04/26 10:51 PM EDT,$0.96,350
20260805,MLB-PHRR-FG-03I5DRV9ELG6MLO-JUEE000-GTE-P00015,08/04/26 10:52 PM EDT,$0.47,8
20260805,MLB-TRUNS-I4-03I5DSCVELGERJ8-GTE-P00005,08/04/26 10:52 PM EDT,$0.51,6
20260805,MLB-WIN-IT5-03I5DSDCELGERO0-DERS000,08/04/26 10:52 PM EDT,$0.96,140
20260805,MLB-TRUNS-IT5-03I5DSDCELGERO0-GTE-P00045,08/04/26 10:52 PM EDT,$0.30,55
20260805,MLB-TRUNS-I4-03I5DSCVELGERJ8-GTE-P00005,08/04/26 10:53 PM EDT,$0.11,6
20260805,NPB-WIN-FG-02HH6F7MOL5SIEG-FUKS000,08/04/26 10:53 PM EDT,$0.58,49
20260805,MLB-TRUNS-I5-03I5DSDCELGERO0-GTE-P00015,08/04/26 10:53 PM EDT,$0.37,20
20260805,MLB-TRUNS-I9-03I5DRV9ELG6MLO-GTE-P00025,08/04/26 10:53 PM EDT,$0.38,27
20260805,MLB-TRUNS-I9-03I5DRV9ELG6MLO-GTE-P00025,08/04/26 10:54 PM EDT,$0.41,30
20260805,MLB-TRUNS-I5-03I5DSDCELGERO0-GTE-P00015,08/04/26 10:54 PM EDT,$0.37,20
20260805,MLB-TRUNS-I5-03I5DSDCELGERO0-GTE-P00025,08/04/26 10:55 PM EDT,$0.13,21
20260805,KBO-WIN-FG-02HH7RFHOL5IIT8-SANS000,08/04/26 10:55 PM EDT,$0.62,74
20260805,MLB-TRUNS-IT5-03I5DSCVELGERJ8-GTE-P00065,08/04/26 10:55 PM EDT,$0.52,300
20260805,MLB-TRUNS-IT5-03I5DSCVELGERJ8-GTE-P00065,08/04/26 10:56 PM EDT,$0.49,78
20260805,MLB-TRUNS-I9-03I5DRV9ELG6MLO-GTE-P00025,08/04/26 10:56 PM EDT,$0.65,100
20260805,MLB-TRUNS-IT5-03I5DSCVELGERJ8-GTE-P00065,08/04/26 10:57 PM EDT,$0.46,17
20260805,MLB-TRUNS-IT5-03I5DSCVELGERJ8-GTE-P00065,08/04/26 10:57 PM EDT,$0.46,30
20260805,MLB-TRUNS-I9-03I5DRV9ELG6MLO-GTE-P00025,08/04/26 10:57 PM EDT,$0.68,100
20260805,MLB-TRUNS-I8-03I5DSD4ELGER48-GTE-P00005,08/04/26 10:57 PM EDT,$0.37,100
20260805,MLB-TRUNS-IT5-03I5DSCVELGERJ8-GTE-P00065,08/04/26 10:57 PM EDT,$0.42,41
20260805,MLB-TRUNS-IT5-03I5DSCVELGERJ8-GTE-P00065,08/04/26 10:58 PM EDT,$0.40,16
20260805,MLB-TRUNS-IT5-03I5DSDCELGERO0-GTE-P00045,08/04/26 10:58 PM EDT,$0.07,11
20260805,MLB-TRUNS-I8-03I5DSD4ELGER48-GTE-P00005,08/04/26 10:58 PM EDT,$0.38,100
20260805,MLB-PHRR-FG-03I5DSCVELGERJ8-JATH000-GTE-P00025,08/04/26 10:58 PM EDT,$0.44,9
20260805,MLB-TRUNS-I8-03I5DSD4ELGER48-GTE-P00005,08/04/26 10:59 PM EDT,$0.23,100
20260805,MLB-PHRR-FG-01DPAN88TNCD0G0-ROJR000-GTE-P00025,08/04/26 10:59 PM EDT,$0.41,11
20260805,MLB-TRUNS-I9-03I5DRV9ELG6MLO-GTE-P00025,08/04/26 10:59 PM EDT,$0.50,38
20260805,MLB-PHRR-FG-03I5DRV9ELG6MLO-BRMO000-GTE-P00045,08/04/26 11:00 PM EDT,$0.39,12
20260805,MLB-TRUNS-I9-03I5DRV9ELG6MLO-GTE-P00025,08/04/26 11:00 PM EDT,$0.38,23
20260805,MLB-PHRR-FG-03I5DSD4ELGER48-TJLD000-GTE-P00005,08/04/26 11:00 PM EDT,$0.26,100
20260805,MLB-TRUNS-IT5-03I5DSCVELGERJ8-GTE-P00065,08/04/26 11:01 PM EDT,$0.28,33
20260805,MLB-TRUNS-I6-03I5DSCVELGERJ8-GTE-P00005,08/04/26 11:01 PM EDT,$0.39,100
20260805,MLB-TRUNS-I6-03I5DSCVELGERJ8-GTE-P00005,08/04/26 11:01 PM EDT,$0.39,100
20260805,MLB-TRUNS-I6-03I5DSCVELGERJ8-GTE-P00005,08/04/26 11:02 PM EDT,$0.39,33
20260805,MLB-PHRR-FG-03I5DSCVELGERJ8-JALL000-GTE-P00045,08/04/26 11:02 PM EDT,$0.98,100
20260805,MLB-TRUNS-IT5-03I5DSCVELGERJ8-GTE-P00065,08/04/26 11:02 PM EDT,$0.28,82
20260805,MLB-PHRR-FG-03I5DRV9ELG6MLO-RARS000-GTE-P00005,08/04/26 11:03 PM EDT,$0.29,16
20260805,MLB-TRUNS-IT5-03I5DSCVELGERJ8-GTE-P00065,08/04/26 11:03 PM EDT,$0.28,62
20260805,MLB-PHRR-FG-03I5DSDCELGERO0-ZARY000-GTE-P00015,08/04/26 11:03 PM EDT,$0.39,14
20260805,MLB-TRUNS-IT5-03I5DSCVELGERJ8-GTE-P00065,08/04/26 11:03 PM EDT,$0.32,20
20260805,KBO-TRUNS-FG-02HH7RDNOL5IIG0-GTE-P00075,08/04/26 11:03 PM EDT,$0.54,41
20260805,MLB-PHRR-FG-03I5DSCVELGERJ8-MADO001-GTE-P00065,08/04/26 11:04 PM EDT,$0.46,10
20260805,MLB-TRUNS-I9-03I5DSD4ELGER48-GTE-P00005,08/04/26 11:04 PM EDT,$0.27,6
20260805,MLB-TRUNS-I5-03I5DSCVELGERJ8-GTE-P00005,08/04/26 11:05 PM EDT,$0.47,4
20260805,MLB-TRUNS-I9-03I5DSD4ELGER48-GTE-P00005,08/04/26 11:05 PM EDT,$0.32,100
20260805,MLB-PHRR-FG-03I5DSCVELGERJ8-JANN000-GTE-P00005,08/04/26 11:05 PM EDT,$0.55,9
20260805,MLB-TRUNS-IT5-03I5DSCVELGERJ8-GTE-P00065,08/04/26 11:05 PM EDT,$0.38,179
20260805,MLB-TRUNS-I9-03I5DSD4ELGER48-GTE-P00005,08/04/26 11:05 PM EDT,$0.32,100
20260805,KBO-TRUNS-FG-02HH7RDNOL5IIG0-GTE-P00085,08/04/26 11:06 PM EDT,$0.44,25
20260805,MLB-PHRR-FG-03I5DSCVELGERJ8-COLL001-GTE-P00005,08/04/26 11:06 PM EDT,$0.48,17
20260805,MLB-MOVY-IT5-03I5DSCVELGERJ8-SDES000-GTE-P00045,08/04/26 11:06 PM EDT,$0.75,1500
20260805,MLB-TRUNS-IT5-03I5DSCVELGERJ8-GTE-P00075,08/04/26 11:06 PM EDT,$0.06,12
20260805,MLB-PHRR-FG-03I5DSCVELGERJ8-FEJR000-GTE-P00035,08/04/26 11:06 PM EDT,$0.53,9
20260805,KBO-WIN-FG-02HH7RDNOL5IIG0-NCOS000,08/04/26 11:06 PM EDT,$0.60,50
20260805,KBO-WIN-FG-02HH7RDQOL5IIM8-LOTS001,08/04/26 11:06 PM EDT,$0.50,25
20260805,KBO-WIN-FG-02HH7RC6OL5IIMG-LGNS000,08/04/26 11:06 PM EDT,$0.60,50
20260805,KBO-WIN-FG-02HH7RFHOL5IIT8-SANS000,08/04/26 11:06 PM EDT,$0.62,50
20260805,MLB-MOVY-IT5-03I5DSCVELGERJ8-SDES000-GTE-P00035,08/04/26 11:07 PM EDT,$0.90,1500
20260805,MLB-TRUNS-I6-03I5DSCVELGERJ8-GTE-P00005,08/04/26 11:07 PM EDT,$0.47,6
20260805,MLB-TRUNS-I6-03I5DSCVELGERJ8-GTE-P00005,08/04/26 11:08 PM EDT,$0.38,18
20260805,MLB-TRUNS-I6-03I5DSCVELGERJ8-GTE-P00005,08/04/26 11:08 PM EDT,$0.38,13
20260805,MLB-TRUNS-I6-03I5DSCVELGERJ8-GTE-P00005,08/04/26 11:08 PM EDT,$0.46,37
20260805,MLB-TRUNS-I6-03I5DSDCELGERO0-GTE-P00005,08/04/26 11:08 PM EDT,$0.26,42
20260805,MLB-PHRR-FG-03I5DSDCELGERO0-DONE000-GTE-P00015,08/04/26 11:08 PM EDT,$0.42,10
20260805,MLB-PHRR-FG-03I5DSDCELGERO0-RANA000-GTE-P00015,08/04/26 11:09 PM EDT,$0.43,11
20260805,KBO-WIN-FG-02HH7R9HOL5IJEO-KTON000,08/04/26 11:09 PM EDT,$0.49,5
20260805,MLB-TRUNS-I6-03I5DSCVELGERJ8-GTE-P00005,08/04/26 11:09 PM EDT,$0.38,40
20260805,KBO-WIN-FG-02HH7RC6OL5IIMG-LGNS000,08/04/26 11:09 PM EDT,$0.60,438
20260805,KBO-WIN-FG-02HH7RC6OL5IIMG-LGNS000,08/04/26 11:09 PM EDT,$0.60,350
20260805,MLB-TRUNS-IT5-03I5DSCVELGERJ8-GTE-P00065,08/04/26 11:11 PM EDT,$0.01,33
20260805,KBO-TRUNS-FG-02HH7RFHOL5IIT8-GTE-P00115,08/04/26 11:11 PM EDT,$0.51,201
20260805,MLB-PHRR-FG-03I5DSD4ELGER48-JODA002-GTE-P00025,08/04/26 11:11 PM EDT,$0.99,100
20260805,NPB-MOVY-FG-02HVCSIAONRQ628-YOTS000-GTE-P00005,08/04/26 11:12 PM EDT,$0.55,9
20260805,MLB-WIN-IT5-03I5DSD4ELGER48-TBYS000,08/04/26 11:12 PM EDT,$0.03,350
20260805,NPB-MOVY-FG-02HVCSIAONRQ628-YOTS000-GTE-P00015,08/04/26 11:12 PM EDT,$0.41,2000
20260805,NPB-MOVY-FG-02HVCSIAONRQ628-YOTS000-GTE-P00015,08/04/26 11:12 PM EDT,$0.41,350
20260805,MLB-TRUNS-IT5-03I5DSDCELGERO0-GTE-P00045,08/04/26 11:12 PM EDT,$0.01,50
20260805,NPB-MOVY-FG-02HVCSIAONRQ628-YOTS000-GTE-P00015,08/04/26 11:13 PM EDT,$0.43,754
20260805,MLB-TRUNS-IT5-03I5DRV9ELG6MLO-GTE-P00025,08/04/26 11:13 PM EDT,$0.01,53
20260805,MLB-PHRR-FG-03I5DSCVELGERJ8-LUFO000-GTE-P00015,08/04/26 11:13 PM EDT,$0.46,100
20260805,NPB-WIN-FG-02HH6F42OL5SJK8-HARS001,08/04/26 11:13 PM EDT,$0.59,15
20260805,MLB-TRUNS-I7-03I5DSDCELGERO0-GTE-P00005,08/04/26 11:14 PM EDT,$0.47,20
20260805,MLB-TRUNS-I8-03I5DSDCELGERO0-GTE-P00005,08/04/26 11:14 PM EDT,$0.42,23
20260805,MLB-TRUNS-I7-03I5DSDCELGERO0-GTE-P00005,08/04/26 11:14 PM EDT,$0.47,28
20260805,MLB-TRUNS-I8-03I5DSCVELGERJ8-GTE-P00035,08/04/26 11:14 PM EDT,$0.09,15
20260805,MLB-TRUNS-I6-03I5DSCVELGERJ8-GTE-P00005,08/04/26 11:14 PM EDT,$0.34,1
20260805,KBO-WIN-FG-02HH7RFHOL5IIT8-SANS000,08/04/26 11:15 PM EDT,$0.62,350
20260805,MLB-TRUNS-I9-03I5DSD4ELGER48-GTE-P00025,08/04/26 11:15 PM EDT,$0.51,94
20260805,MLB-TRUNS-IT5-03I5DSDCELGERO0-GTE-P00045,08/04/26 11:15 PM EDT,$0.01,300
20260805,MLB-TRUNS-I6-03I5DSCVELGERJ8-GTE-P00005,08/04/26 11:15 PM EDT,$0.34,37
20260805,NWSL-DWIN-FG-00NB71T3PGDTSVO-RAEW001,08/04/26 11:16 PM EDT,$0.17,100
20260805,KBO-WIN-FG-02HH7RFHOL5IIT8-SANS000,08/04/26 11:16 PM EDT,$0.63,349
20260805,MLB-TRUNS-I7-03I5DSDCELGERO0-GTE-P00005,08/04/26 11:16 PM EDT,$0.55,19
20260805,KBO-WIN-FG-02HH7R9HOL5IJEO-KTON000,08/04/26 11:16 PM EDT,$0.49,1
20260805,MLB-TRUNS-I6-03I5DSCVELGERJ8-GTE-P00005,08/04/26 11:16 PM EDT,$0.35,14
20260805,MLB-TRUNS-I6-03I5DSCVELGERJ8-GTE-P00005,08/04/26 11:16 PM EDT,$0.33,100
20260805,MLB-TRUNS-I9-03I5DSD4ELGER48-GTE-P00025,08/04/26 11:16 PM EDT,$0.33,45
20260805,NWSL-DWIN-FG-00NB71Q9PGDTSN8-DECW003,08/04/26 11:16 PM EDT,$0.42,11
20260805,MLB-TRUNS-I9-03I5DSD4ELGER48-GTE-P00025,08/04/26 11:16 PM EDT,$0.33,37
20260805,MLB-TRUNS-I6-03I5DSCVELGERJ8-GTE-P00005,08/04/26 11:17 PM EDT,$0.41,13
20260805,MLB-TRUNS-IT5-03I5DSCVELGERJ8-GTE-P00065,08/04/26 11:17 PM EDT,$0.01,179
20260805,MLB-TRUNS-I7-03I5DSDCELGERO0-GTE-P00005,08/04/26 11:18 PM EDT,$0.20,60
20260805,MLB-WIN-IT5-03I5DSDCELGERO0-SERS000,08/04/26 11:19 PM EDT,$0.02,333
20260805,MLB-WIN-IT5-03I5DRV9ELG6MLO-SFTS000,08/04/26 11:19 PM EDT,$0.02,40
20260805,NPB-TRUNS-FG-02HH6F7FOL5SIQ8-GTE-P00075,08/04/26 11:19 PM EDT,$0.48,98
20260805,MLB-TRUNS-I7-03I5DSCVELGERJ8-GTE-P00005,08/04/26 11:19 PM EDT,$0.50,9
20260805,NPB-WIN-FG-02HVCSIAONRQ628-YOTS000,08/04/26 11:21 PM EDT,$0.56,17
20260805,KBO-WIN-FG-02HH7R9HOL5IJEO-KTON000,08/04/26 11:21 PM EDT,$0.49,50
20260805,MLB-TRUNS-I6-03I5DSCVELGERJ8-GTE-P00015,08/04/26 11:21 PM EDT,$0.31,9
20260805,KBO-WIN-FG-02HH7R9HOL5IJEO-KTON000,08/04/26 11:22 PM EDT,$0.49,43
20260805,MLB-PHRR-FG-03I5DSCVELGERJ8-LUFO000-GTE-P00015,08/04/26 11:24 PM EDT,$0.98,100
20260805,MLB-TRUNS-I7-03I5DSDCELGERO0-GTE-P00005,08/04/26 11:24 PM EDT,$0.12,69
20260805,KBO-WIN-FG-02HH7RC6OL5IIMG-LGNS000,08/04/26 11:25 PM EDT,$0.60,37
20260805,KBO-WIN-FG-02HH7R9HOL5IJEO-KTON000,08/04/26 11:25 PM EDT,$0.49,11
20260805,MLB-TRUNS-I7-03I5DSCVELGERJ8-GTE-P00005,08/04/26 11:26 PM EDT,$0.44,43
20260805,MLB-PHRR-FG-03I5DSCVELGERJ8-COLL001-GTE-P00005,08/04/26 11:26 PM EDT,$0.25,100
20260805,NASCAR-WIN-RCE-02D841PP1B75ERMKJ7DC8O1DJ49AKT5RU34R75QAO5SQF8ND6LKKKVBUVB00-WION012,08/04/26 11:26 PM EDT,$0.10,36
20260805,NASCAR-WIN-RCE-02D841PP1B75ERMKJ7DC8O1DJ49AKT5RU34R75QAO5SQF8ND6LKKKVBUVB00-KYON007,08/04/26 11:26 PM EDT,$0.12,15
20260805,NPB-WIN-FG-02HH6F42OL5SJK8-HARS001,08/04/26 11:26 PM EDT,$0.59,40
20260805,NASCAR-WIN-RCE-02D841PP1B75ERMKJ7DC8O1DJ49AKT5RU34R75QAO5SQF8ND6LKKKVBUVB00-DEIN002,08/04/26 11:27 PM EDT,$0.16,23
20260805,NASCAR-WIN-RCE-02D841PP1B75ERMKJ7DC8O1DJ49AKT5RU34R75QAO5SQF8ND6LKKKVBUVB00-JORY006,08/04/26 11:27 PM EDT,$0.03,75
20260805,NASCAR-WIN-RCE-02D841PP1B75ERMKJ7DC8O1DJ49AKT5RU34R75QAO5SQF8ND6LKKKVBUVB00-RYEY002,08/04/26 11:27 PM EDT,$0.20,9
20260805,MLB-TRUNS-I7-03I5DSCVELGERJ8-GTE-P00005,08/04/26 11:28 PM EDT,$0.41,17
20260805,MLB-PHRR-FG-03I5DSCVELGERJ8-JALL000-GTE-P00055,08/04/26 11:28 PM EDT,$0.45,100
20260805,MLB-TRUNS-IT5-03I5DSCVELGERJ8-GTE-P00065,08/04/26 11:28 PM EDT,$0.01,110
20260805,MLB-PHRR-FG-03I5DSCVELGERJ8-XATS000-GTE-P00035,08/04/26 11:28 PM EDT,$0.48,100
20260805,MLB-TRUNS-I8-03I5DSCVELGERJ8-GTE-P00005,08/04/26 11:28 PM EDT,$0.44,21
20260805,MLB-PHRR-FG-03I5DSCVELGERJ8-XATS000-GTE-P00035,08/04/26 11:28 PM EDT,$0.46,22
20260805,MLB-PHRR-FG-03I5DSCVELGERJ8-FEJR000-GTE-P00025,08/04/26 11:29 PM EDT,$0.98,4
20260805,MLB-PHRR-FG-03I5DSCVELGERJ8-JATH000-GTE-P00025,08/04/26 11:29 PM EDT,$0.31,31
20260805,MLB-TRUNS-I7-03I5DSCVELGERJ8-GTE-P00015,08/04/26 11:30 PM EDT,$0.37,30
20260805,NWSL-DWIN-FG-00NB71Q9PGDTSN8-DECW003,08/04/26 11:31 PM EDT,$0.42,2
20260805,MLB-PHRR-FG-03I5DSDCELGERO0-SPON000-GTE-P00005,08/04/26 11:31 PM EDT,$0.64,400
20260805,MLB-PHRR-FG-03I5DSDCELGERO0-SPON000-GTE-P00005,08/04/26 11:31 PM EDT,$0.14,100
20260805,MLB-TRUNS-I7-03I5DSCVELGERJ8-GTE-P00005,08/04/26 11:32 PM EDT,$0.75,17
20260805,MLB-TRUNS-I7-03I5DSCVELGERJ8-GTE-P00015,08/04/26 11:32 PM EDT,$0.53,7
20260805,MLB-TRUNS-I8-03I5DSDCELGERO0-GTE-P00005,08/04/26 11:32 PM EDT,$0.19,12
20260805,MLB-PHRR-FG-03I5DSD4ELGER48-COGG000-GTE-P00015,08/04/26 11:33 PM EDT,$0.29,3
20260805,NPB-WIN-FG-02HH6F42OL5SJK8-HARS001,08/04/26 11:34 PM EDT,$0.60,16
20260805,NPB-WIN-FG-02HH6F60OL5SJ58-ORES000,08/04/26 11:34 PM EDT,$0.62,26
20260805,MLB-TRUNS-I8-03I5DSDCELGERO0-GTE-P00005,08/04/26 11:34 PM EDT,$0.18,13
20260805,NPB-WIN-FG-02HH6F7MOL5SIEG-FUKS000,08/04/26 11:34 PM EDT,$0.58,16
20260805,NPB-WIN-FG-02HVCSL7ONRQ728-CHNS000,08/04/26 11:34 PM EDT,$0.55,17
20260805,NPB-WIN-FG-02HVCSIAONRQ628-YOTS000,08/04/26 11:35 PM EDT,$0.56,34
20260805,MLB-PHRR-FG-03I5DSCVELGERJ8-FEJR000-GTE-P00035,08/04/26 11:35 PM EDT,$0.41,12
20260805,MLB-TRUNS-I7-03I5DSCVELGERJ8-GTE-P00035,08/04/26 11:35 PM EDT,$0.45,100
20260805,KBO-MOVY-FG-02HH7RC6OL5IIMG-LGNS000-GTE-P00005,08/04/26 11:35 PM EDT,$0.60,1
20260805,MLB-TRUNS-I7-03I5DSCVELGERJ8-GTE-P00025,08/04/26 11:36 PM EDT,$0.72,60
20260805,MLB-TRUNS-I7-03I5DSCVELGERJ8-GTE-P00045,08/04/26 11:36 PM EDT,$0.29,1
20260805,MLB-TRUNS-I7-03I5DSCVELGERJ8-GTE-P00025,08/04/26 11:36 PM EDT,$0.72,27
20260805,MLB-PHRR-FG-03I5DSCVELGERJ8-MADO001-GTE-P00085,08/04/26 11:36 PM EDT,$0.29,16
20260805,MLB-TRUNS-IT5-03I5DSCVELGERJ8-GTE-P00065,08/04/26 11:37 PM EDT,$0.01,28
20260805,KBO-TRUNS-FG-02HH7RDNOL5IIG0-GTE-P00075,08/04/26 11:37 PM EDT,$0.54,1
20260805,MLB-WIN-IT5-03I5DSD4ELGER48-TBYS000,08/04/26 11:37 PM EDT,$0.02,64
20260805,KBO-WIN-FG-02HH7R9HOL5IJEO-KTON000,08/04/26 11:37 PM EDT,$0.51,1
20260805,MLB-PHRR-FG-03I5DSCVELGERJ8-JAEN000-GTE-P00025,08/04/26 11:38 PM EDT,$0.43,11
20260805,MLB-PHRR-FG-03I5DSCVELGERJ8-JATH000-GTE-P00025,08/04/26 11:38 PM EDT,$0.50,100
20260805,MLB-PHRR-FG-03I5DSCVELGERJ8-LUFO000-GTE-P00035,08/04/26 11:39 PM EDT,$0.31,45
20260805,KBO-WIN-FG-02HH7R9HOL5IJEO-KTON000,08/04/26 11:39 PM EDT,$0.51,1
20260805,KBO-MOVY-FG-02HH7RFHOL5IIT8-SANS000-GTE-P00015,08/04/26 11:39 PM EDT,$0.47,1
20260805,KBO-WIN-FG-02HH7R9HOL5IJEO-KTON000,08/04/26 11:40 PM EDT,$0.51,28
20260805,MLB-TRUNS-I7-03I5DSCVELGERJ8-GTE-P00035,08/04/26 11:40 PM EDT,$0.35,27
20260805,MLB-PHRR-FG-03I5DSCVELGERJ8-FEJR000-GTE-P00035,08/04/26 11:40 PM EDT,$0.40,13
20260805,MLB-PHRR-FG-03I5DSCVELGERJ8-FEJR000-GTE-P00035,08/04/26 11:41 PM EDT,$0.40,87
20260805,KBO-WIN-FG-000696BHI4RATJ8-KTON000,08/04/26 11:41 PM EDT,$0.31,11
20260805,NPB-TRUNS-FG-02HH6F42OL5SJK8-GTE-P00065,08/04/26 11:41 PM EDT,$0.50,38
20260805,KBO-WIN-FG-02HH7R9HOL5IJEO-KTON000,08/04/26 11:41 PM EDT,$0.51,6
20260805,MLB-TRUNS-I7-03I5DSCVELGERJ8-GTE-P00035,08/04/26 11:41 PM EDT,$0.39,4
20260805,MLB-TRUNS-I7-03I5DSCVELGERJ8-GTE-P00025,08/04/26 11:42 PM EDT,$0.47,27
20260805,MLB-PHRR-FG-03I5DSCVELGERJ8-MADO001-GTE-P00085,08/04/26 11:42 PM EDT,$0.30,15
20260805,MLB-TRUNS-I7-03I5DSCVELGERJ8-GTE-P00025,08/04/26 11:42 PM EDT,$0.50,96
20260805,MLB-PHRR-FG-03I5DSCVELGERJ8-LUFO000-GTE-P00035,08/04/26 11:42 PM EDT,$0.37,25
20260805,MLB-TRUNS-I9-03I5DSDCELGERO0-GTE-P00005,08/04/26 11:42 PM EDT,$0.51,20
20260805,MLB-TRUNS-I7-03I5DSCVELGERJ8-GTE-P00015,08/04/26 11:44 PM EDT,$0.46,44
20260805,MLB-TRUNS-I9-03I5DSDCELGERO0-GTE-P00015,08/04/26 11:44 PM EDT,$0.35,54
20260805,MLB-TRUNS-I7-03I5DSCVELGERJ8-GTE-P00025,08/04/26 11:44 PM EDT,$0.10,96
20260805,KBO-TRUNS-FG-02HH7RFHOL5IIT8-GTE-P00115,08/04/26 11:44 PM EDT,$0.53,72
20260805,MLB-PHRR-FG-03I5DSDCELGERO0-ZARY000-GTE-P00035,08/04/26 11:44 PM EDT,$0.04,100
20260805,MLB-PHRR-FG-03I5DSDCELGERO0-ZARY000-GTE-P00035,08/04/26 11:44 PM EDT,$0.98,500
20260805,MLB-TRUNS-I7-03I5DSCVELGERJ8-GTE-P00025,08/04/26 11:45 PM EDT,$0.19,27
20260805,MLB-PHRR-FG-03I5DSDCELGERO0-KELE000-GTE-P00005,08/04/26 11:46 PM EDT,$0.44,100
20260805,MLB-PHRR-FG-03I5DSDCELGERO0-ZARY000-GTE-P00035,08/04/26 11:46 PM EDT,$0.26,100
20260805,MLB-PHRR-FG-03I5DSDCELGERO0-KELE000-GTE-P00005,08/04/26 11:46 PM EDT,$0.04,20
20260805,MLB-PHRR-FG-03I5DSDCELGERO0-KELE000-GTE-P00015,08/04/26 11:46 PM EDT,$0.04,100
20260805,MLB-PHRR-FG-03I5DSDCELGERO0-ZARY000-GTE-P00035,08/04/26 11:47 PM EDT,$0.25,100
20260805,MLB-PHRR-FG-03I5DSDCELGERO0-ZARY000-GTE-P00035,08/04/26 11:47 PM EDT,$0.25,100
20260805,MLB-PHRR-FG-03I5DSDCELGERO0-ZARY000-GTE-P00035,08/04/26 11:47 PM EDT,$0.24,100
20260805,NPB-WIN-FG-02HH6F60OL5SJ58-ORES000,08/04/26 11:48 PM EDT,$0.62,139
20260805,MLB-PHRR-FG-03I5DSDCELGERO0-JAEZ000-GTE-P00025,08/04/26 11:48 PM EDT,$0.57,67
20260805,MLB-TRUNS-IT5-01DPAH1CTNCB110-GTE-P00045,08/04/26 11:49 PM EDT,$0.51,76
20260805,MLB-TRUNS-I9-03I5DSDCELGERO0-GTE-P00045,08/04/26 11:50 PM EDT,$0.39,25
20260805,MLB-PHRR-FG-03I5DSCVELGERJ8-NODO001-GTE-P00005,08/04/26 11:50 PM EDT,$0.27,100
20260805,NPB-MOVY-FG-02HH6F42OL5SJK8-HARS001-GTE-P00015,08/04/26 11:50 PM EDT,$0.43,105
20260805,MLB-TRUNS-I8-03I5DSCVELGERJ8-GTE-P00005,08/04/26 11:51 PM EDT,$0.41,16
20260805,MLB-TRUNS-I9-03I5DSDCELGERO0-GTE-P00045,08/04/26 11:51 PM EDT,$0.46,10
20260805,MLB-PHRR-FG-03I5DSDCELGERO0-JAEZ000-GTE-P00025,08/04/26 11:53 PM EDT,$0.05,67
20260805,KBO-WIN-FG-02HH7R9HOL5IJEO-KIRS000,08/04/26 11:53 PM EDT,$0.50,48
20260805,MLB-TRUNS-I8-03I5DSCVELGERJ8-GTE-P00005,08/04/26 11:53 PM EDT,$0.49,10
20260805,MLB-TRUNS-I9-03I5DSDCELGERO0-GTE-P00045,08/04/26 11:54 PM EDT,$0.58,8
20260805,MLB-TRUNS-I9-03I5DSDCELGERO0-GTE-P00045,08/04/26 11:55 PM EDT,$0.45,17
20260805,NPB-WIN-FG-02HVCSIAONRQ628-HIRP000,08/04/26 11:56 PM EDT,$0.46,104
20260805,KBO-WIN-FG-02HH7R9HOL5IJEO-KTON000,08/04/26 11:56 PM EDT,$0.51,37
20260805,MLB-PHRR-FG-03I5DSCVELGERJ8-JALL000-GTE-P00075,08/04/26 11:56 PM EDT,$0.34,5
20260805,NPB-WIN-FG-02HH6F42OL5SJK8-YORS001,08/04/26 11:56 PM EDT,$0.42,45
20260805,NPB-WIN-FG-02HVCSL7ONRQ728-CHNS000,08/04/26 11:56 PM EDT,$0.55,35
20260805,NPB-WIN-FG-02HH6F60OL5SJ58-ORES000,08/04/26 11:56 PM EDT,$0.62,31
20260805,MLB-WIN-IT5-01DPAH1CTNCB110-HOOS000,08/04/26 11:56 PM EDT,$0.62,30
20260805,KBO-WIN-FG-02HH7RFHOL5IIT8-SANS000,08/04/26 11:57 PM EDT,$0.62,48
20260805,KBO-WIN-FG-02HH7R9HOL5IJEO-KTON000,08/04/26 11:58 PM EDT,$0.51,12
20260805,KBO-WIN-FG-02HH7RFHOL5IIT8-SANS000,08/04/26 11:58 PM EDT,$0.62,7
20260805,MLB-TRUNS-I8-03I5DSCVELGERJ8-GTE-P00005,08/04/26 11:58 PM EDT,$0.49,9
20260805,KBO-TRUNS-FG-02HH7RDNOL5IIG0-GTE-P00075,08/04/26 11:58 PM EDT,$0.54,11
20260805,MLB-TRUNS-IT5-03I5DSCVELGERJ8-GTE-P00005,08/04/26 11:59 PM EDT,$0.98,166
