Business Date,Symbol,Transaction Date and Time,Last Price (USD),Last Quantity
20260729,KBO-WIN-FG-02HIFC5LOKIF4C0-LOTS001,07/29/26 12:00 AM EDT,$0.48,20
20260729,KBO-TRUNS-FG-02HIFC25OKIF498-GTE-P00095,07/29/26 12:01 AM EDT,$0.58,16
20260729,MLB-TRUNS-I7-00NAK87HPI27FGG-GTE-P00005,07/29/26 12:01 AM EDT,$0.34,27
20260729,KBO-TRUNS-FG-02HIFC25OKIF498-GTE-P00095,07/29/26 12:03 AM EDT,$0.57,8
20260729,MLB-TRUNS-I7-00NAK87HPI27FGG-GTE-P00005,07/29/26 12:03 AM EDT,$0.30,13
20260729,KBO-WIN-FG-02HIFC25OKIF498-KTON000,07/29/26 12:03 AM EDT,$0.53,18
20260729,MLB-PHRR-FG-00NAK7JHPI2A4NG-JALL000-GTE-P00015,07/29/26 12:03 AM EDT,$0.27,50
20260729,MLB-PHRR-FG-00NAK87HPI27FGG-FRAN000-GTE-P00015,07/29/26 12:04 AM EDT,$0.31,49
20260729,MLB-PHRR-FG-00NAK87HPI27FGG-MAAD000-GTE-P00035,07/29/26 12:04 AM EDT,$0.26,21
20260729,MLB-PHRR-FG-00NAK87HPI27FGG-TOAN002-GTE-P00045,07/29/26 12:04 AM EDT,$0.39,4
20260729,KBO-TRUNS-FG-02HIFC25OKIF498-GTE-P00105,07/29/26 12:05 AM EDT,$0.51,37
20260729,MLB-PHRR-FG-00NAK87HPI27FGG-DANG001-GTE-P00035,07/29/26 12:05 AM EDT,$0.28,6
20260729,KBO-MOVY-FG-02HIFC68OKIF5K8-SANS000-GTE-P00015,07/29/26 12:05 AM EDT,$0.44,108
20260729,KBO-TRUNS-FG-02HIFKVOOKIF2Q8-GTE-P00095,07/29/26 12:05 AM EDT,$0.48,18
20260729,KBO-TRUNS-FG-02HIFC68OKIF5K8-GTE-P00125,07/29/26 12:05 AM EDT,$0.52,37
20260729,KBO-MOVY-FG-02HIFKU8OKIF38O-DORS000-GTE-P00015,07/29/26 12:06 AM EDT,$0.47,40
20260729,KBO-TRUNS-FG-02HIFKU8OKIF38O-GTE-P00115,07/29/26 12:06 AM EDT,$0.45,17
20260729,MLB-TRUNS-I8-00NAK87HPI27FGG-GTE-P00005,07/29/26 12:06 AM EDT,$0.46,44
20260729,MLB-PHRR-FG-00NAK7JHPI2A4NG-MADO001-GTE-P00035,07/29/26 12:07 AM EDT,$0.79,123
20260729,MLB-PHRR-FG-00NAK87HPI27FGG-JUEZ003-GTE-P00035,07/29/26 12:07 AM EDT,$0.38,3
20260729,MLB-PHRR-FG-00NAK87HPI27FGG-DONE000-GTE-P00035,07/29/26 12:07 AM EDT,$0.32,4
20260729,KBO-TRUNS-FG-02HIFC25OKIF498-GTE-P00105,07/29/26 12:07 AM EDT,$0.51,18
20260729,MLB-PHRR-FG-00NAK7JHPI2A4NG-MADO001-GTE-P00035,07/29/26 12:08 AM EDT,$0.79,123
20260729,MLB-PHRR-FG-00NAK7JHPI2A4NG-JALL000-GTE-P00025,07/29/26 12:08 AM EDT,$0.53,181
20260729,MLB-PHRR-FG-00NAK7JHPI2A4NG-MADO001-GTE-P00035,07/29/26 12:08 AM EDT,$0.79,104
20260729,MLB-PHRR-FG-00NAK87HPI27FGG-MAAD000-GTE-P00035,07/29/26 12:08 AM EDT,$0.17,21
20260729,MLB-PHRR-FG-00NAK7JHPI2A4NG-JALL000-GTE-P00025,07/29/26 12:08 AM EDT,$0.53,169
20260729,MLB-TRUNS-I8-00NAK7JHPI2A4NG-GTE-P00015,07/29/26 12:11 AM EDT,$0.24,1
20260729,MLB-PHRR-FG-00NAK7JHPI2A4NG-JATH000-GTE-P00005,07/29/26 12:12 AM EDT,$0.38,9
20260729,MLB-PHRR-FG-00NAK7JHPI2A4NG-FEJR000-GTE-P00075,07/29/26 12:13 AM EDT,$0.42,5
20260729,MLB-PHRR-FG-00NAK87HPI27FGG-JUEZ003-GTE-P00045,07/29/26 12:13 AM EDT,$0.41,50
20260729,MLB-PHRR-FG-00NAK87HPI27FGG-JUEZ003-GTE-P00065,07/29/26 12:13 AM EDT,$0.10,45
20260729,MLB-PHRR-FG-00NAK87HPI27FGG-DONE000-GTE-P00035,07/29/26 12:13 AM EDT,$0.34,350
20260729,KBO-WIN-FG-02HIFKU8OKIF38O-DORS000,07/29/26 12:13 AM EDT,$0.57,16
20260729,KBO-WIN-FG-02HIFC68OKIF5K8-SANS000,07/29/26 12:13 AM EDT,$0.59,8
20260729,MLB-TRUNS-I9-00NAK7JHPI2A4NG-GTE-P00005,07/29/26 12:14 AM EDT,$0.37,12
20260729,KBO-TRUNS-FG-02HIFC5LOKIF4C0-GTE-P00095,07/29/26 12:14 AM EDT,$0.48,20
20260729,KBO-TRUNS-FG-02HIFC68OKIF5K8-GTE-P00125,07/29/26 12:14 AM EDT,$0.51,18
20260729,MLB-PHRR-FG-00NAK7JHPI2A4NG-COGG000-GTE-P00025,07/29/26 12:15 AM EDT,$0.16,50
20260729,MLB-PHRR-FG-00NAK7MQPI2A4RO-HETE000-GTE-P00035,07/29/26 12:15 AM EDT,$0.96,50
20260729,KBO-TRUNS-FG-02HIFC25OKIF498-GTE-P00105,07/29/26 12:15 AM EDT,$0.51,9
20260729,MLB-PHRR-FG-00NAK87HPI27FGG-JOOR000-GTE-P00035,07/29/26 12:16 AM EDT,$0.24,38
20260729,KBO-TRUNS-FG-02HIFC68OKIF5K8-GTE-P00125,07/29/26 12:16 AM EDT,$0.51,9
20260729,MLB-TRUNS-I8-00NAK87HPI27FGG-GTE-P00025,07/29/26 12:16 AM EDT,$0.34,138
20260729,KBO-MOVY-FG-02HIFKU8OKIF38O-DORS000-GTE-P00015,07/29/26 12:16 AM EDT,$0.47,10
20260729,MLB-TRUNS-I9-00NAK7IQPI2A488-GTE-P00015,07/29/26 12:17 AM EDT,$0.19,500
20260729,MLB-TRUNS-I8-00NAK87HPI27FGG-GTE-P00025,07/29/26 12:17 AM EDT,$0.32,20
20260729,KBO-TRUNS-FG-02HIFKVOOKIF2Q8-GTE-P00095,07/29/26 12:17 AM EDT,$0.51,190
20260729,KBO-WIN-FG-02HIFKU8OKIF38O-DORS000,07/29/26 12:17 AM EDT,$0.58,16
20260729,KBO-TRUNS-FG-02HIFKU8OKIF38O-GTE-P00115,07/29/26 12:18 AM EDT,$0.45,44
20260729,KBO-WIN-FG-02HIFC68OKIF5K8-SANS000,07/29/26 12:18 AM EDT,$0.59,16
20260729,KBO-WIN-FG-02HIFKVOOKIF2Q8-LGNS000,07/29/26 12:18 AM EDT,$0.74,13
20260729,MLB-TRUNS-I9-00NAL7H1PI2309G-GTE-P00005,07/29/26 12:19 AM EDT,$0.47,10
20260729,MLB-TRUNS-I1-01DRGBT4TNRS6MO-GTE-P00035,07/29/26 12:19 AM EDT,$0.09,1
20260729,KBO-MOVY-FG-02HIFKVOOKIF2Q8-LGNS000-GTE-P00025,07/29/26 12:21 AM EDT,$0.48,10
20260729,KBO-WIN-FG-02HIFKU8OKIF38O-DORS000,07/29/26 12:21 AM EDT,$0.58,8
20260729,MLB-PHRR-FG-00NAK7IQPI2A488-BRNG003-GTE-P00045,07/29/26 12:21 AM EDT,$0.98,350
20260729,MLB-PHRR-FG-00NAK7IQPI2A488-JAIO000-GTE-P00035,07/29/26 12:21 AM EDT,$0.98,350
20260729,KBO-WIN-FG-02HIFKU8OKIF38O-DORS000,07/29/26 12:21 AM EDT,$0.58,96
20260729,MLB-PHRR-FG-00NAK7IQPI2A488-ANHN000-GTE-P00025,07/29/26 12:22 AM EDT,$0.29,350
20260729,KBO-WIN-FG-02HIFC25OKIF498-KTON000,07/29/26 12:22 AM EDT,$0.53,106
20260729,MLB-PHRR-FG-00NAK7IQPI2A488-ANHN000-GTE-P00025,07/29/26 12:22 AM EDT,$0.32,350
20260729,MLB-WIN-IT5-00NAK7JHPI2A4NG-SDES000,07/29/26 12:22 AM EDT,$0.04,100
20260729,MLB-PHRR-FG-00NAK7JHPI2A4NG-TYCE000-GTE-P00015,07/29/26 12:24 AM EDT,$0.97,350
20260729,MLB-PHRR-FG-00NAK87HPI27FGG-ROER001-GTE-P00045,07/29/26 12:25 AM EDT,$0.20,1
20260729,MLB-PHRR-FG-00NAK87HPI27FGG-ROER001-GTE-P00045,07/29/26 12:26 AM EDT,$0.18,1
20260729,MLB-PHRR-FG-00NAK87HPI27FGG-ROER001-GTE-P00045,07/29/26 12:26 AM EDT,$0.18,1
20260729,MLB-TRUNS-I9-00NAK87HPI27FGG-GTE-P00005,07/29/26 12:26 AM EDT,$0.47,10
20260729,KBO-WIN-FG-02HIFC68OKIF5K8-KIRS000,07/29/26 12:26 AM EDT,$0.43,444
20260729,MLB-PHRR-FG-00NAK7JHPI2A4NG-COGG000-GTE-P00035,07/29/26 12:26 AM EDT,$0.20,50
20260729,MLB-PHRR-FG-00NAL7H1PI2309G-YOEZ000-GTE-P00035,07/29/26 12:27 AM EDT,$0.98,350
20260729,MLB-TRUNS-I8-00NAK7JHPI2A4NG-GTE-P00025,07/29/26 12:27 AM EDT,$0.35,135
20260729,MLB-PHRR-FG-00NAK87HPI27FGG-DANG001-GTE-P00035,07/29/26 12:27 AM EDT,$0.24,38
20260729,MLB-PHRR-FG-00NAK7IQPI2A488-BRGE001-GTE-P00015,07/29/26 12:30 AM EDT,$0.12,350
20260729,MLB-PHRR-FG-00NAK7JHPI2A4NG-FEJR000-GTE-P00075,07/29/26 12:30 AM EDT,$0.38,2
20260729,MLB-PHRR-FG-00NAK7IQPI2A488-BRGE001-GTE-P00005,07/29/26 12:30 AM EDT,$0.94,350
20260729,MLB-PHRR-FG-00NAK7IQPI2A488-BRGE001-GTE-P00025,07/29/26 12:30 AM EDT,$0.72,337
20260729,MLB-PHRR-FG-00NAK7IQPI2A488-BRGE001-GTE-P00025,07/29/26 12:30 AM EDT,$0.72,9
20260729,MLB-PHRR-FG-00NAK7IQPI2A488-BRGE001-GTE-P00035,07/29/26 12:30 AM EDT,$0.85,350
20260729,KBO-WIN-FG-02HIFKVOOKIF2Q8-KIES000,07/29/26 12:31 AM EDT,$0.26,3
20260729,KBO-MOVY-FG-02HIFC25OKIF498-KTON000-GTE-P00015,07/29/26 12:31 AM EDT,$0.42,105
20260729,KBO-WIN-FG-02HIFKU8OKIF38O-SSRS000,07/29/26 12:31 AM EDT,$0.45,1
20260729,MLB-TRUNS-IT5-00NAK87HPI27FGG-GTE-P00065,07/29/26 12:32 AM EDT,$0.97,14
20260729,MLB-TRUNS-I1-01DRGBPVTNRS63O-GTE-P00005,07/29/26 12:32 AM EDT,$0.42,1
20260729,MLB-PHRR-FG-00NAK87HPI27FGG-ANES000-GTE-P00015,07/29/26 12:33 AM EDT,$0.27,41
20260729,MLB-TRUNS-I9-00NAK7JHPI2A4NG-GTE-P00005,07/29/26 12:35 AM EDT,$0.40,34
20260729,MLB-PHRR-FG-00NAK87HPI27FGG-SHNI001-GTE-P00055,07/29/26 12:35 AM EDT,$0.28,50
20260729,MLB-TRUNS-I9-00NAK7JHPI2A4NG-GTE-P00005,07/29/26 12:35 AM EDT,$0.40,11
20260729,MLB-PHRR-FG-00NAK87HPI27FGG-SHNI001-GTE-P00055,07/29/26 12:35 AM EDT,$0.28,33
20260729,MLB-PHRR-FG-00NAK87HPI27FGG-DANG001-GTE-P00035,07/29/26 12:36 AM EDT,$0.23,50
20260729,MLB-PHRR-FG-00NAK87HPI27FGG-SHNI001-GTE-P00055,07/29/26 12:37 AM EDT,$0.27,50
20260729,MLB-PHRR-FG-00NAK87HPI27FGG-ANES000-GTE-P00015,07/29/26 12:37 AM EDT,$0.25,50
20260729,MLB-TRUNS-I8-00NAK7JHPI2A4NG-GTE-P00015,07/29/26 12:37 AM EDT,$0.31,27
20260729,MLB-PHRR-FG-00NAK87HPI27FGG-DANG001-GTE-P00035,07/29/26 12:38 AM EDT,$0.73,76
20260729,MLB-PHRR-FG-00NAK87HPI27FGG-DANG001-GTE-P00035,07/29/26 12:38 AM EDT,$0.44,50
20260729,MLB-PHRR-FG-00NAK87HPI27FGG-TOAN002-GTE-P00045,07/29/26 12:38 AM EDT,$0.11,50
20260729,MLB-PHRR-FG-00NAK87HPI27FGG-DANG001-GTE-P00045,07/29/26 12:39 AM EDT,$0.12,50
20260729,KBO-WIN-FG-02HIFC5LOKIF4C0-HAES000,07/29/26 12:41 AM EDT,$0.56,1
20260729,MLB-PHRR-FG-00NAK87HPI27FGG-FRAN000-GTE-P00015,07/29/26 12:41 AM EDT,$0.39,22
20260729,MLB-PHRR-FG-00NAK7JHPI2A4NG-JATH000-GTE-P00015,07/29/26 12:42 AM EDT,$0.57,84
20260729,MLB-TRUNS-I9-00NAK87HPI27FGG-GTE-P00015,07/29/26 12:42 AM EDT,$0.32,23
20260729,MLB-TRUNS-I8-00NAK7JHPI2A4NG-GTE-P00025,07/29/26 12:42 AM EDT,$0.44,337
20260729,MLB-WIN-IT5-00NAK7JHPI2A4NG-SDES000,07/29/26 12:42 AM EDT,$0.04,20
20260729,MLB-PHRR-FG-00NAK87HPI27FGG-MAAD000-GTE-P00045,07/29/26 12:42 AM EDT,$0.22,50
20260729,MLB-PHRR-FG-00NAK87HPI27FGG-MAAD000-GTE-P00035,07/29/26 12:43 AM EDT,$0.20,45
20260729,MLB-PHRR-FG-00NAK87HPI27FGG-MAAD000-GTE-P00035,07/29/26 12:43 AM EDT,$0.20,4
20260729,MLB-PHRR-FG-00NAK87HPI27FGG-MAAD000-GTE-P00045,07/29/26 12:43 AM EDT,$0.19,10
20260729,KBO-WIN-FG-02HIFKVOOKIF2Q8-KIES000,07/29/26 12:44 AM EDT,$0.26,7
20260729,MLB-TRUNS-I9-00NAK7IQPI2A488-GTE-P00005,07/29/26 12:44 AM EDT,$0.39,19
20260729,MLB-WIN-IT5-00NAK7JHPI2A4NG-SDES000,07/29/26 12:44 AM EDT,$0.04,200
20260729,MLB-PHRR-FG-00NAK87HPI27FGG-SHNI001-GTE-P00075,07/29/26 12:45 AM EDT,$0.22,50
20260729,MLB-PHRR-FG-00NAK7JHPI2A4NG-EDEN000-GTE-P00025,07/29/26 12:45 AM EDT,$0.03,50
20260729,MLB-PHRR-FG-00NAK87HPI27FGG-MAAD000-GTE-P00035,07/29/26 12:45 AM EDT,$0.18,50
20260729,MLB-PHRR-FG-00NAK7JHPI2A4NG-HUAN001-GTE-P00005,07/29/26 12:48 AM EDT,$0.20,136
20260729,MLB-TRUNS-I1-01DRGBQLTNRS7H8-GTE-P00005,07/29/26 12:49 AM EDT,$0.45,1
20260729,KBO-WIN-FG-02HIFC5LOKIF4C0-LOTS001,07/29/26 12:49 AM EDT,$0.48,10
20260729,KBO-TRUNS-FG-02HIFC68OKIF5K8-GTE-P00125,07/29/26 12:49 AM EDT,$0.48,9
20260729,MLB-TRUNS-I1-01DRGBPVTNRS63O-GTE-P00005,07/29/26 12:50 AM EDT,$0.42,1
20260729,MLB-TRUNS-I9-00NAK7JHPI2A4NG-GTE-P00005,07/29/26 12:50 AM EDT,$0.33,14
20260729,MLB-TRUNS-I9-00NAK7JHPI2A4NG-GTE-P00005,07/29/26 12:50 AM EDT,$0.32,14
20260729,MLB-TRUNS-I1-01DRGBPVTNRS63O-GTE-P00005,07/29/26 12:50 AM EDT,$0.42,1
20260729,MLB-PHRR-FG-00NAK87HPI27FGG-DANG001-GTE-P00035,07/29/26 12:51 AM EDT,$0.57,164
20260729,MLB-TRUNS-I1-01DRGBPVTNRS63O-GTE-P00005,07/29/26 12:51 AM EDT,$0.50,1
20260729,MLB-TRUNS-I9-00NAK7JHPI2A4NG-GTE-P00005,07/29/26 12:51 AM EDT,$0.31,48
20260729,MLB-PHRR-FG-00NAK7JHPI2A4NG-EDEN000-GTE-P00025,07/29/26 12:51 AM EDT,$0.03,25
20260729,MLB-TRUNS-I1-01DRGBPVTNRS63O-GTE-P00005,07/29/26 12:51 AM EDT,$0.42,1
20260729,MLB-TRUNS-I1-01DRGBPVTNRS63O-GTE-P00005,07/29/26 12:52 AM EDT,$0.50,1
20260729,MLB-TRUNS-I9-00NAK7JHPI2A4NG-GTE-P00005,07/29/26 12:52 AM EDT,$0.29,64
20260729,MLB-TRUNS-I9-00NAK7JHPI2A4NG-GTE-P00005,07/29/26 12:52 AM EDT,$0.29,129
20260729,MLB-TRUNS-I9-00NAK7JHPI2A4NG-GTE-P00005,07/29/26 12:52 AM EDT,$0.29,174
20260729,KBO-WIN-FG-02HIFC25OKIF498-NCOS000,07/29/26 12:54 AM EDT,$0.50,1
20260729,KBO-WIN-FG-02HIFC68OKIF5K8-SANS000,07/29/26 12:54 AM EDT,$0.59,16
20260729,MLB-PHRR-FG-00NAK7JHPI2A4NG-JALL000-GTE-P00035,07/29/26 12:54 AM EDT,$0.61,39
20260729,KBO-MOVY-FG-02HIFKVOOKIF2Q8-LGNS000-GTE-P00015,07/29/26 12:54 AM EDT,$0.59,236
20260729,MLB-PHRR-FG-00NAK7JHPI2A4NG-JALL000-GTE-P00035,07/29/26 12:55 AM EDT,$0.61,79
20260729,MLB-PHRR-FG-00NAK7JHPI2A4NG-JALL000-GTE-P00035,07/29/26 12:55 AM EDT,$0.61,232
20260729,KBO-TRUNS-FG-02HIFKVOOKIF2Q8-GTE-P00095,07/29/26 12:55 AM EDT,$0.50,48
20260729,MLB-PHRR-FG-00NAK7JHPI2A4NG-JALL000-GTE-P00035,07/29/26 12:55 AM EDT,$0.96,39
20260729,MLB-PHRR-FG-00NAK7JHPI2A4NG-JALL000-GTE-P00045,07/29/26 12:56 AM EDT,$0.48,20
20260729,MLB-PHRR-FG-00NAK7JHPI2A4NG-JALL000-GTE-P00045,07/29/26 12:56 AM EDT,$0.48,40
20260729,MLB-PHRR-FG-00NAK7JHPI2A4NG-JALL000-GTE-P00045,07/29/26 12:56 AM EDT,$0.48,90
20260729,MLB-PHRR-FG-00NAK7JHPI2A4NG-GATS000-GTE-P00045,07/29/26 12:57 AM EDT,$0.03,25
20260729,MLB-PHRR-FG-00NAK7JHPI2A4NG-JALL000-GTE-P00045,07/29/26 12:57 AM EDT,$0.48,200
20260729,KBO-TRUNS-FG-02HIFC5LOKIF4C0-GTE-P00095,07/29/26 12:57 AM EDT,$0.46,9
20260729,KBO-TRUNS-FG-02HIFC25OKIF498-GTE-P00095,07/29/26 12:57 AM EDT,$0.58,8
20260729,KBO-WIN-FG-02HIFC68OKIF5K8-SANS000,07/29/26 12:58 AM EDT,$0.59,13
20260729,MLB-PHRR-FG-00NAK7JHPI2A4NG-XATS000-GTE-P00025,07/29/26 12:59 AM EDT,$0.75,1
20260729,MLB-PHRR-FG-00NAK7JHPI2A4NG-XATS000-GTE-P00035,07/29/26 12:59 AM EDT,$0.75,35
20260729,MLB-WIN-IT5-00NAK7JHPI2A4NG-SDES000,07/29/26 12:59 AM EDT,$0.04,30
20260729,MLB-PHRR-FG-00NAK7JHPI2A4NG-XATS000-GTE-P00025,07/29/26 12:59 AM EDT,$0.75,349
20260729,KBO-TRUNS-FG-02HIFC25OKIF498-GTE-P00105,07/29/26 01:02 AM EDT,$0.51,10
20260729,KBO-TRUNS-FG-02HIFC68OKIF5K8-GTE-P00125,07/29/26 01:02 AM EDT,$0.51,10
20260729,KBO-MOVY-FG-02HIFC25OKIF498-KTON000-GTE-P00015,07/29/26 01:02 AM EDT,$0.42,4
20260729,KBO-MOVY-FG-02HIFKU8OKIF38O-DORS000-GTE-P00015,07/29/26 01:02 AM EDT,$0.47,10
20260729,KBO-WIN-FG-02HIFKVOOKIF2Q8-KIES000,07/29/26 01:02 AM EDT,$0.26,7
20260729,MLB-TRUNS-I1-01DRGBT4TNRS7KG-GTE-P00015,07/29/26 01:02 AM EDT,$0.31,1
20260729,KBO-WIN-FG-02HIFKVOOKIF2Q8-KIES000,07/29/26 01:02 AM EDT,$0.26,17
20260729,KBO-WIN-FG-02HIFC5LOKIF4C0-HAES000,07/29/26 01:03 AM EDT,$0.56,210
20260729,KBO-WIN-FG-02HIFC25OKIF498-KTON000,07/29/26 01:03 AM EDT,$0.53,9
20260729,MLB-TRUNS-I2-01DRGBT4TNRS7KG-GTE-P00005,07/29/26 01:03 AM EDT,$0.48,1
20260729,KBO-WIN-FG-02HIFKU8OKIF38O-SSRS000,07/29/26 01:03 AM EDT,$0.45,10
20260729,KBO-WIN-FG-02HIFC5LOKIF4C0-LOTS001,07/29/26 01:03 AM EDT,$0.48,10
20260729,KBO-WIN-FG-02HIFC68OKIF5K8-KIRS000,07/29/26 01:04 AM EDT,$0.43,11
20260729,MLB-TRUNS-I1-01DRGBPVTNRS63O-GTE-P00005,07/29/26 01:06 AM EDT,$0.50,1
20260729,KBO-TRUNS-FG-02HIFC68OKIF5K8-GTE-P00125,07/29/26 01:06 AM EDT,$0.48,37
20260729,KBO-WIN-FG-02HIFC5LOKIF4C0-HAES000,07/29/26 01:07 AM EDT,$0.56,8
20260729,KBO-TRUNS-FG-02HIFC68OKIF5K8-GTE-P00125,07/29/26 01:07 AM EDT,$0.48,8
20260729,KBO-MOVY-FG-02HIFKVOOKIF2Q8-LGNS000-GTE-P00025,07/29/26 01:08 AM EDT,$0.49,30
20260729,KBO-WIN-FG-02HIFKU8OKIF38O-DORS000,07/29/26 01:08 AM EDT,$0.57,37
20260729,MLB-TRUNS-I1-01DRH5CMTNRRJNO-GTE-P00035,07/29/26 01:08 AM EDT,$0.12,76
20260729,KBO-MOVY-FG-02HIFKU8OKIF38O-DORS000-GTE-P00015,07/29/26 01:09 AM EDT,$0.47,181
20260729,MLB-PHRR-FG-01DRGBTTTNRS7KO-JOEZ004-GTE-P00025,07/29/26 01:09 AM EDT,$0.46,20
20260729,KBO-WIN-FG-02HIFKU8OKIF38O-DORS000,07/29/26 01:11 AM EDT,$0.58,34
20260729,MLB-TRUNS-I1-01DRH58PTNRRJ90-GTE-P00005,07/29/26 01:13 AM EDT,$0.52,5
20260729,MLB-TRUNS-I1-01DRGBPVTNRS63O-GTE-P00005,07/29/26 01:14 AM EDT,$0.42,1
20260729,KBO-MOVY-FG-02HIFC68OKIF5K8-SANS000-GTE-P00015,07/29/26 01:15 AM EDT,$0.45,119
20260729,KBO-WIN-FG-02HIFKU8OKIF38O-SSRS000,07/29/26 01:15 AM EDT,$0.45,425
20260729,KBO-MOVY-FG-02HIFC68OKIF5K8-SANS000-GTE-P00015,07/29/26 01:16 AM EDT,$0.45,212
20260729,MLB-TRUNS-I1-01DRGBT4TNRS7KG-GTE-P00015,07/29/26 01:16 AM EDT,$0.23,1
20260729,KBO-WIN-FG-02HIFKVOOKIF2Q8-LGNS000,07/29/26 01:16 AM EDT,$0.75,25
20260729,KBO-MOVY-FG-02HIFKVOOKIF2Q8-LGNS000-GTE-P00015,07/29/26 01:17 AM EDT,$0.59,472
20260729,MLB-TRUNS-I1-01DRGBPVTNRS63O-GTE-P00005,07/29/26 01:17 AM EDT,$0.50,1
20260729,MLB-TRUNS-I1-01DRGBPVTNRS63O-GTE-P00005,07/29/26 01:18 AM EDT,$0.42,1
20260729,MLB-TRUNS-I1-01DRGBPVTNRS63O-GTE-P00005,07/29/26 01:18 AM EDT,$0.50,1
20260729,MLB-TRUNS-I1-01DRGBPVTNRS63O-GTE-P00005,07/29/26 01:19 AM EDT,$0.50,1
20260729,MLB-TRUNS-I1-01DRGBPVTNRS63O-GTE-P00005,07/29/26 01:19 AM EDT,$0.50,1
20260729,KBO-TRUNS-FG-02HIFKVOOKIF2Q8-GTE-P00095,07/29/26 01:24 AM EDT,$0.51,18
20260729,KBO-TRUNS-FG-02HIFC25OKIF498-GTE-P00095,07/29/26 01:25 AM EDT,$0.58,5
20260729,MLB-TRUNS-I1-01DRGBPHTNRS6TO-GTE-P00035,07/29/26 01:25 AM EDT,$0.11,1
20260729,KBO-TRUNS-FG-02HIFC68OKIF5K8-GTE-P00125,07/29/26 01:25 AM EDT,$0.51,5
20260729,KBO-MOVY-FG-02HIFKU8OKIF38O-DORS000-GTE-P00015,07/29/26 01:26 AM EDT,$0.47,6
20260729,KBO-TRUNS-FG-02HIFC5LOKIF4C0-GTE-P00155,07/29/26 01:26 AM EDT,$0.14,2000
20260729,KBO-TRUNS-FG-02HIFC5LOKIF4C0-GTE-P00155,07/29/26 01:26 AM EDT,$0.14,6
20260729,KBO-WIN-FG-02HIFKU8OKIF38O-DORS000,07/29/26 01:26 AM EDT,$0.58,125
20260729,KBO-MOVY-FG-02HIFKVOOKIF2Q8-LGNS000-GTE-P00025,07/29/26 01:27 AM EDT,$0.49,196
20260729,MLB-PHRR-FG-00NAK7JHPI2A4NG-JATH000-GTE-P00005,07/29/26 01:27 AM EDT,$0.97,9
20260729,KBO-TRUNS-FG-02HIFC5LOKIF4C0-GTE-P00155,07/29/26 01:27 AM EDT,$0.14,333
20260729,KBO-WIN-FG-02HIFC68OKIF5K8-SANS000,07/29/26 01:27 AM EDT,$0.61,15
20260729,MLB-PHRR-FG-01DRGBPHTNRS6TO-MAEN000-GTE-P00035,07/29/26 01:28 AM EDT,$0.18,1
20260729,MLB-PHRR-FG-01DRGBPHTNRS6TO-OZES000-GTE-P00065,07/29/26 01:28 AM EDT,$0.07,1
20260729,MLB-PHRR-FG-01DRGBPHTNRS6TO-ROJR000-GTE-P00035,07/29/26 01:28 AM EDT,$0.25,1
20260729,MLB-TRUNS-I1-01DRGBPVTNRS63O-GTE-P00005,07/29/26 01:28 AM EDT,$0.42,1
20260729,MLB-PHRR-FG-01DRGBPHTNRS6TO-MAEN000-GTE-P00055,07/29/26 01:28 AM EDT,$0.07,1
20260729,KBO-WIN-FG-02HIFKVOOKIF2Q8-KIES000,07/29/26 01:29 AM EDT,$0.26,17
20260729,MLB-TRUNS-I1-01DRH58PTNRRJ90-GTE-P00005,07/29/26 01:29 AM EDT,$0.52,40
20260729,KBO-WIN-FG-02HIFKU8OKIF38O-DORS000,07/29/26 01:29 AM EDT,$0.57,33
20260729,MLB-PHRR-FG-01DRGBT4TNRS6MO-PESO000-GTE-P00025,07/29/26 01:30 AM EDT,$0.37,1
20260729,KBO-TRUNS-FG-02HIFKVOOKIF2Q8-GTE-P00095,07/29/26 01:30 AM EDT,$0.49,37
20260729,MLB-TRUNS-I1-01DRGBPVTNRS63O-GTE-P00005,07/29/26 01:31 AM EDT,$0.42,1
20260729,MLB-PHRR-FG-01DRGBT4TNRS6MO-PESO000-GTE-P00045,07/29/26 01:31 AM EDT,$0.17,5
20260729,MLB-TRUNS-I1-01DRGBQLTNRS7H8-GTE-P00005,07/29/26 01:31 AM EDT,$0.53,1
20260729,MLB-TRUNS-I1-01DRGBQLTNRS7H8-GTE-P00005,07/29/26 01:32 AM EDT,$0.53,1
20260729,MLB-PHRR-FG-01DRH59GTNRRIEG-ALAN000-GTE-P00065,07/29/26 01:32 AM EDT,$0.06,1
20260729,MLB-TRUNS-I1-01DRGBQLTNRS7H8-GTE-P00005,07/29/26 01:32 AM EDT,$0.53,1
20260729,MLB-TRUNS-I1-01DRGBQLTNRS7H8-GTE-P00005,07/29/26 01:32 AM EDT,$0.53,1
20260729,KBO-WIN-FG-02HIFC5LOKIF4C0-HAES000,07/29/26 01:32 AM EDT,$0.56,431
20260729,MLB-TRUNS-I1-01DRGBQLTNRS7H8-GTE-P00005,07/29/26 01:32 AM EDT,$0.53,1
20260729,MLB-PHRR-FG-01DRH58PTNRRJ90-JEIL000-GTE-P00055,07/29/26 01:33 AM EDT,$0.07,1
20260729,MLB-TRUNS-I1-01DRGBQLTNRS7H8-GTE-P00005,07/29/26 01:33 AM EDT,$0.45,1
20260729,MLB-TRUNS-I1-01DRGBQLTNRS7H8-GTE-P00005,07/29/26 01:33 AM EDT,$0.45,1
20260729,MLB-TRUNS-I1-01DRGBQLTNRS7H8-GTE-P00005,07/29/26 01:33 AM EDT,$0.45,1
20260729,KBO-MOVY-FG-02HIFKU8OKIF38O-SSRS000-GTE-P00015,07/29/26 01:34 AM EDT,$0.31,3
20260729,KBO-WIN-FG-02HIFKU8OKIF38O-SSRS000,07/29/26 01:34 AM EDT,$0.45,1214
20260729,MLB-TRUNS-I1-01DRGBQLTNRS7H8-GTE-P00005,07/29/26 01:34 AM EDT,$0.45,1
20260729,MLB-TRUNS-I1-01DRGBQLTNRS7H8-GTE-P00005,07/29/26 01:34 AM EDT,$0.45,1
20260729,KBO-TRUNS-FG-02HIFC25OKIF498-GTE-P00105,07/29/26 01:35 AM EDT,$0.51,188
20260729,KBO-WIN-FG-02HIFC68OKIF5K8-SANS000,07/29/26 01:35 AM EDT,$0.58,15
20260729,MLB-TRUNS-I1-01DRGBPHTNRS6TO-GTE-P00015,07/29/26 01:35 AM EDT,$0.32,1
20260729,KBO-TRUNS-FG-02HIFC25OKIF498-GTE-P00085,07/29/26 01:35 AM EDT,$0.64,527
20260729,KBO-WIN-FG-02HIFC25OKIF498-KTON000,07/29/26 01:35 AM EDT,$0.51,9
20260729,MLB-TRUNS-I1-01DRGBT4TNRS6MO-GTE-P00035,07/29/26 01:35 AM EDT,$0.01,1
20260729,KBO-WIN-FG-02HIFC25OKIF498-NCOS000,07/29/26 01:36 AM EDT,$0.49,627
20260729,KBO-WIN-FG-02HIFC68OKIF5K8-SANS000,07/29/26 01:36 AM EDT,$0.60,12
20260729,KBO-WIN-FG-02HIFC68OKIF5K8-KIRS000,07/29/26 01:37 AM EDT,$0.42,90
20260729,KBO-TRUNS-FG-02HIFC68OKIF5K8-GTE-P00115,07/29/26 01:37 AM EDT,$0.57,3
20260729,MLB-TRUNS-I1-01DRGBPHTNRS6TO-GTE-P00015,07/29/26 01:37 AM EDT,$0.32,1
20260729,MLB-TRUNS-I1-01DRGBPHTNRS6TO-GTE-P00005,07/29/26 01:38 AM EDT,$0.55,1
20260729,MLB-PHRR-FG-01DRH59GTNRRIEG-DAON003-GTE-P00015,07/29/26 01:38 AM EDT,$0.48,1
20260729,MLB-PHRR-FG-01DRH59GTNRRIEG-ALAN000-GTE-P00035,07/29/26 01:38 AM EDT,$0.21,1
20260729,MLB-PHRR-FG-01DRGBPHTNRS6TO-OZES000-GTE-P00065,07/29/26 01:39 AM EDT,$0.07,1
20260729,KBO-WIN-FG-02HIFKVOOKIF2Q8-LGNS000,07/29/26 01:39 AM EDT,$0.75,38
20260729,MLB-PHRR-FG-01DRGBT4TNRS6MO-COYO000-GTE-P00025,07/29/26 01:39 AM EDT,$0.30,1
20260729,MLB-PHRR-FG-01DRGBT4TNRS7KG-NODO001-GTE-P00035,07/29/26 01:40 AM EDT,$0.19,1
20260729,KBO-MOVY-FG-02HIFKU8OKIF38O-DORS000-GTE-P00015,07/29/26 01:40 AM EDT,$0.47,10
20260729,KBO-WIN-FG-02HIFC68OKIF5K8-KIRS000,07/29/26 01:42 AM EDT,$0.40,90
20260729,KBO-WIN-FG-02HIFC68OKIF5K8-KIRS000,07/29/26 01:44 AM EDT,$0.42,68
20260729,KBO-WIN-FG-02HIFC25OKIF498-NCOS000,07/29/26 01:44 AM EDT,$0.49,11
20260729,KBO-MOVY-FG-02HIFC68OKIF5K8-SANS000-GTE-P00015,07/29/26 01:45 AM EDT,$0.46,21
20260729,MLB-TRUNS-I1-01DRGBT4TNRS7KG-GTE-P00025,07/29/26 01:49 AM EDT,$0.18,1
20260729,KBO-WIN-FG-02HIFKU8OKIF38O-SSRS000,07/29/26 01:51 AM EDT,$0.45,212
20260729,KBO-WIN-FG-02HIFC5LOKIF4C0-HAES000,07/29/26 01:52 AM EDT,$0.56,25
20260729,MLB-PHRR-FG-01DRGBT4TNRS7KG-COLL001-GTE-P00015,07/29/26 01:53 AM EDT,$0.55,1
20260729,KBO-WIN-FG-02HIFC25OKIF498-KTON000,07/29/26 01:53 AM EDT,$0.53,181
20260729,MLB-PHRR-FG-01DRGBT4TNRS7KG-COLL001-GTE-P00015,07/29/26 01:53 AM EDT,$0.55,1
20260729,MLB-PHRR-FG-01DRGBT4TNRS7KG-COLL001-GTE-P00015,07/29/26 01:55 AM EDT,$0.55,1
20260729,KBO-WIN-FG-02HIFC68OKIF5K8-KIRS000,07/29/26 01:57 AM EDT,$0.42,34
20260729,KBO-WIN-FG-02HIFC5LOKIF4C0-LOTS001,07/29/26 01:57 AM EDT,$0.47,30
20260729,KBO-WIN-FG-02HIFKU8OKIF38O-SSRS000,07/29/26 01:58 AM EDT,$0.45,21
20260729,KBO-WIN-FG-02HIFC68OKIF5K8-KIRS000,07/29/26 02:00 AM EDT,$0.42,137
20260729,KBO-WIN-FG-02HIFC68OKIF5K8-KIRS000,07/29/26 02:00 AM EDT,$0.42,90
20260729,KBO-MOVY-FG-02HIFKVOOKIF2Q8-LGNS000-GTE-P00025,07/29/26 02:01 AM EDT,$0.49,29
20260729,KBO-WIN-FG-02HIFC5LOKIF4C0-HAES000,07/29/26 02:01 AM EDT,$0.56,172
20260729,KBO-MOVY-FG-02HIFC68OKIF5K8-SANS000-GTE-P00025,07/29/26 02:04 AM EDT,$0.37,50
20260729,KBO-MOVY-FG-02HIFKU8OKIF38O-DORS000-GTE-P00015,07/29/26 02:04 AM EDT,$0.45,3
20260729,KBO-WIN-FG-02HIFC5LOKIF4C0-HAES000,07/29/26 02:04 AM EDT,$0.56,3
20260729,KBO-TRUNS-FG-02HIFC5LOKIF4C0-GTE-P00085,07/29/26 02:04 AM EDT,$0.58,8
20260729,KBO-TRUNS-FG-02HIFC25OKIF498-GTE-P00095,07/29/26 02:04 AM EDT,$0.58,8
20260729,KBO-MOVY-FG-02HIFC25OKIF498-KTON000-GTE-P00015,07/29/26 02:05 AM EDT,$0.42,50
20260729,KBO-MOVY-FG-02HIFC68OKIF5K8-SANS000-GTE-P00015,07/29/26 02:07 AM EDT,$0.47,10
20260729,KBO-WIN-FG-02HIFKU8OKIF38O-SSRS000,07/29/26 02:07 AM EDT,$0.45,10
20260729,KBO-TRUNS-FG-02HIFKU8OKIF38O-GTE-P00105,07/29/26 02:09 AM EDT,$0.53,51
20260729,KBO-TRUNS-FG-02HIFC5LOKIF4C0-GTE-P00095,07/29/26 02:09 AM EDT,$0.48,10
20260729,KBO-MOVY-FG-02HIFC68OKIF5K8-SANS000-GTE-P00015,07/29/26 02:09 AM EDT,$0.47,10
20260729,KBO-TRUNS-FG-02HIFKU8OKIF38O-GTE-P00115,07/29/26 02:09 AM EDT,$0.45,18
20260729,KBO-WIN-FG-02HIFC5LOKIF4C0-HAES000,07/29/26 02:10 AM EDT,$0.56,8
20260729,KBO-WIN-FG-02HIFC68OKIF5K8-SANS000,07/29/26 02:11 AM EDT,$0.61,10
20260729,KBO-MOVY-FG-02HIFC68OKIF5K8-SANS000-GTE-P00015,07/29/26 02:11 AM EDT,$0.47,10
20260729,KBO-WIN-FG-02HIFC25OKIF498-KTON000,07/29/26 02:12 AM EDT,$0.53,9
20260729,MLB-TRUNS-I1-01DRH58PTNRRJ90-GTE-P00005,07/29/26 02:12 AM EDT,$0.60,8
20260729,KBO-TRUNS-FG-02HIFC68OKIF5K8-GTE-P00125,07/29/26 02:14 AM EDT,$0.48,11
20260729,KBO-WIN-FG-02HIFC68OKIF5K8-SANS000,07/29/26 02:14 AM EDT,$0.61,17
20260729,KBO-WIN-FG-02HIFKU8OKIF38O-DORS000,07/29/26 02:15 AM EDT,$0.58,32
20260729,KBO-WIN-FG-02HIFC5LOKIF4C0-HAES000,07/29/26 02:15 AM EDT,$0.56,17
20260729,KBO-WIN-FG-02HIFC68OKIF5K8-SANS000,07/29/26 02:15 AM EDT,$0.61,15
20260729,KBO-WIN-FG-02HIFC25OKIF498-NCOS000,07/29/26 02:15 AM EDT,$0.50,38
20260729,KBO-WIN-FG-02HIFC25OKIF498-KTON000,07/29/26 02:17 AM EDT,$0.53,9
20260729,KBO-TRUNS-FG-02HIFKVOOKIF2Q8-GTE-P00095,07/29/26 02:17 AM EDT,$0.49,23
20260729,KBO-TRUNS-FG-02HIFC5LOKIF4C0-GTE-P00095,07/29/26 02:17 AM EDT,$0.45,3
20260729,KBO-WIN-FG-02HIFC68OKIF5K8-SANS000,07/29/26 02:19 AM EDT,$0.61,542
20260729,KBO-WIN-FG-02HIFC25OKIF498-KTON000,07/29/26 02:19 AM EDT,$0.53,287
20260729,KBO-WIN-FG-02HIFKVOOKIF2Q8-LGNS000,07/29/26 02:25 AM EDT,$0.75,25
20260729,KBO-TRUNS-FG-02HIFC68OKIF5K8-GTE-P00145,07/29/26 02:31 AM EDT,$0.33,21
20260729,KBO-TRUNS-FG-02HIFKU8OKIF38O-GTE-P00085,07/29/26 02:34 AM EDT,$0.68,176
20260729,KBO-WIN-FG-02HIFKU8OKIF38O-SSRS000,07/29/26 02:34 AM EDT,$0.45,53
20260729,KBO-WIN-FG-02HIFC5LOKIF4C0-HAES000,07/29/26 02:34 AM EDT,$0.56,43
20260729,KBO-TRUNS-FG-02HIFKU8OKIF38O-GTE-P00085,07/29/26 02:36 AM EDT,$0.68,118
20260729,KBO-WIN-FG-02HIFKVOOKIF2Q8-LGNS000,07/29/26 02:39 AM EDT,$0.75,6
20260729,KBO-MOVY-FG-02HIFC25OKIF498-NCOS000-GTE-P00005,07/29/26 02:39 AM EDT,$0.45,11
20260729,KBO-WIN-FG-02HIFKVOOKIF2Q8-LGNS000,07/29/26 02:39 AM EDT,$0.75,52
20260729,MLB-TRUNS-I1-01DRGBPVTNRS63O-GTE-P00005,07/29/26 02:44 AM EDT,$0.50,1
20260729,KBO-MOVY-FG-02HIFC68OKIF5K8-SANS000-GTE-P00015,07/29/26 02:44 AM EDT,$0.47,2
20260729,MLB-TRUNS-I1-01DRGBT4TNRS7KG-GTE-P00015,07/29/26 02:45 AM EDT,$0.31,1
20260729,KBO-TRUNS-FG-02HIFC25OKIF498-GTE-P00105,07/29/26 02:45 AM EDT,$0.51,101
20260729,MLB-TRUNS-I1-01DRGBPHTNRS6TO-GTE-P00005,07/29/26 02:46 AM EDT,$0.54,1
20260729,KBO-TRUNS-FG-02HIFKU8OKIF38O-GTE-P00115,07/29/26 02:48 AM EDT,$0.45,5
20260729,KBO-WIN-FG-02HIFKU8OKIF38O-DORS000,07/29/26 02:48 AM EDT,$0.58,19
20260729,KBO-TRUNS-FG-02HIFKU8OKIF38O-GTE-P00115,07/29/26 02:49 AM EDT,$0.45,1
20260729,KBO-TRUNS-FG-02HIFC68OKIF5K8-GTE-P00125,07/29/26 02:49 AM EDT,$0.48,1
20260729,MLB-PHRR-FG-01DRGBS5TNRS7RO-CJMS000-GTE-P00015,07/29/26 02:50 AM EDT,$0.55,43
20260729,MLB-PHRR-FG-01DRGBS5TNRS7RO-JAOD000-GTE-P00015,07/29/26 02:50 AM EDT,$0.59,40
20260729,KBO-TRUNS-FG-02HIFC5LOKIF4C0-GTE-P00095,07/29/26 02:53 AM EDT,$0.47,128
20260729,KBO-WIN-FG-02HIFKU8OKIF38O-DORS000,07/29/26 02:54 AM EDT,$0.58,5
20260729,KBO-WIN-FG-02HIFC68OKIF5K8-SANS000,07/29/26 02:54 AM EDT,$0.61,3
20260729,KBO-WIN-FG-02HIFC5LOKIF4C0-HAES000,07/29/26 02:54 AM EDT,$0.56,5
20260729,KBO-WIN-FG-02HIFC25OKIF498-KTON000,07/29/26 02:54 AM EDT,$0.53,5
20260729,KBO-WIN-FG-02HIFKVOOKIF2Q8-KIES000,07/29/26 03:04 AM EDT,$0.28,50
20260729,KBO-WIN-FG-02HIFC68OKIF5K8-SANS000,07/29/26 03:05 AM EDT,$0.61,35
20260729,KBO-MOVY-FG-02HIFKVOOKIF2Q8-KIES000-GTE-P00015,07/29/26 03:05 AM EDT,$0.18,2
20260729,KBO-TRUNS-FG-02HIFKVOOKIF2Q8-GTE-P00115,07/29/26 03:05 AM EDT,$0.23,2
20260729,KBO-TRUNS-FG-02HIFKU8OKIF38O-GTE-P00115,07/29/26 03:05 AM EDT,$0.47,10
20260729,KBO-TRUNS-FG-02HIFC5LOKIF4C0-GTE-P00095,07/29/26 03:05 AM EDT,$0.47,10
20260729,MLB-TRUNS-I1-01DRH58PTNRRJ90-GTE-P00005,07/29/26 03:06 AM EDT,$0.52,20
20260729,KBO-TRUNS-FG-02HIFC5LOKIF4C0-GTE-P00115,07/29/26 03:06 AM EDT,$0.21,2
20260729,KBO-TRUNS-FG-02HIFKU8OKIF38O-GTE-P00135,07/29/26 03:06 AM EDT,$0.29,2
20260729,KBO-MOVY-FG-02HIFC25OKIF498-NCOS000-GTE-P00005,07/29/26 03:09 AM EDT,$0.45,87
20260729,KBO-MOVY-FG-02HIFKVOOKIF2Q8-LGNS000-GTE-P00025,07/29/26 03:09 AM EDT,$0.50,96
20260729,KBO-WIN-FG-02HIFC25OKIF498-KTON000,07/29/26 03:10 AM EDT,$0.53,136
20260729,MLB-TRUNS-I1-01DRH58PTNRRJ90-GTE-P00005,07/29/26 03:12 AM EDT,$0.52,100
20260729,KBO-WIN-FG-02HIFC5LOKIF4C0-HAES000,07/29/26 03:12 AM EDT,$0.57,92
20260729,KBO-WIN-FG-02HIFC5LOKIF4C0-HAES000,07/29/26 03:13 AM EDT,$0.57,17
20260729,MLB-TRUNS-I1-01DRH5CMTNRRJNO-GTE-P00025,07/29/26 03:15 AM EDT,$0.21,43
20260729,KBO-WIN-FG-02HIFC68OKIF5K8-SANS000,07/29/26 03:15 AM EDT,$0.61,7
20260729,KBO-MOVY-FG-02HIFC68OKIF5K8-SANS000-GTE-P00015,07/29/26 03:15 AM EDT,$0.47,20
20260729,KBO-TRUNS-FG-02HIFC68OKIF5K8-GTE-P00125,07/29/26 03:18 AM EDT,$0.51,56
20260729,KBO-TRUNS-FG-02HIFC25OKIF498-GTE-P00105,07/29/26 03:18 AM EDT,$0.51,62
20260729,KBO-TRUNS-FG-02HIFKVOOKIF2Q8-GTE-P00095,07/29/26 03:18 AM EDT,$0.49,60
20260729,KBO-TRUNS-FG-02HIFC68OKIF5K8-GTE-P00125,07/29/26 03:19 AM EDT,$0.48,78
20260729,KBO-WIN-FG-02HIFC68OKIF5K8-SANS000,07/29/26 03:21 AM EDT,$0.61,298
20260729,KBO-TRUNS-FG-02HIFKVOOKIF2Q8-GTE-P00095,07/29/26 03:25 AM EDT,$0.47,208
20260729,KBO-TRUNS-FG-02HIFKVOOKIF2Q8-GTE-P00095,07/29/26 03:25 AM EDT,$0.47,208
20260729,KBO-TRUNS-FG-02HIFKVOOKIF2Q8-GTE-P00095,07/29/26 03:25 AM EDT,$0.47,82
20260729,KBO-TRUNS-FG-02HIFC25OKIF498-GTE-P00105,07/29/26 03:26 AM EDT,$0.51,22
20260729,KBO-WIN-FG-02HIFC5LOKIF4C0-HAES000,07/29/26 03:26 AM EDT,$0.57,20
20260729,KBO-WIN-FG-02HIFC68OKIF5K8-SANS000,07/29/26 03:26 AM EDT,$0.61,19
20260729,KBO-TRUNS-FG-02HIFKU8OKIF38O-GTE-P00115,07/29/26 03:26 AM EDT,$0.47,24
20260729,KBO-TRUNS-FG-02HIFKVOOKIF2Q8-GTE-P00095,07/29/26 03:27 AM EDT,$0.47,18
20260729,KBO-WIN-FG-02HIFKU8OKIF38O-DORS000,07/29/26 03:27 AM EDT,$0.58,1
20260729,KBO-WIN-FG-02HIFC25OKIF498-KTON000,07/29/26 03:27 AM EDT,$0.53,2
20260729,KBO-MOVY-FG-02HIFKVOOKIF2Q8-LGNS000-GTE-P00025,07/29/26 03:27 AM EDT,$0.47,2
20260729,KBO-WIN-FG-02HIFC68OKIF5K8-SANS000,07/29/26 03:27 AM EDT,$0.61,1
20260729,KBO-WIN-FG-02HIFC68OKIF5K8-SANS000,07/29/26 03:28 AM EDT,$0.61,158
20260729,KBO-WIN-FG-02HIFC68OKIF5K8-SANS000,07/29/26 03:28 AM EDT,$0.61,31
20260729,KBO-WIN-FG-02HIFKU8OKIF38O-DORS000,07/29/26 03:28 AM EDT,$0.58,41
20260729,KBO-WIN-FG-02HIFKU8OKIF38O-DORS000,07/29/26 03:29 AM EDT,$0.58,16
20260729,KBO-WIN-FG-02HIFC68OKIF5K8-SANS000,07/29/26 03:29 AM EDT,$0.61,224
20260729,KBO-TRUNS-FG-02HIFKU8OKIF38O-GTE-P00115,07/29/26 03:29 AM EDT,$0.45,17
20260729,KBO-MOVY-FG-02HIFC68OKIF5K8-SANS000-GTE-P00015,07/29/26 03:30 AM EDT,$0.44,14
20260729,MLB-PHRR-FG-01DRGBT4TNRS7KG-KETE002-GTE-P00025,07/29/26 03:30 AM EDT,$0.38,57
20260729,KBO-WIN-FG-02HIFC25OKIF498-KTON000,07/29/26 03:30 AM EDT,$0.53,27
20260729,MLB-PHRR-FG-01DRGBT4TNRS7KG-COLL001-GTE-P00045,07/29/26 03:31 AM EDT,$0.18,73
20260729,KBO-WIN-FG-02HIFC25OKIF498-KTON000,07/29/26 03:32 AM EDT,$0.53,6
20260729,KBO-TRUNS-FG-02HIFC25OKIF498-GTE-P00105,07/29/26 03:33 AM EDT,$0.51,9
20260729,KBO-WIN-FG-02HIFKU8OKIF38O-DORS000,07/29/26 03:34 AM EDT,$0.58,5
20260729,KBO-TRUNS-FG-02HIFC5LOKIF4C0-GTE-P00095,07/29/26 03:34 AM EDT,$0.47,20
20260729,KBO-WIN-FG-02HIFC5LOKIF4C0-LOTS001,07/29/26 03:34 AM EDT,$0.46,2
20260729,KBO-TRUNS-FG-02HIFC5LOKIF4C0-GTE-P00095,07/29/26 03:34 AM EDT,$0.47,7
20260729,KBO-TRUNS-FG-02HIFC5LOKIF4C0-GTE-P00085,07/29/26 03:34 AM EDT,$0.58,8
20260729,KBO-TRUNS-FG-02HIFC5LOKIF4C0-GTE-P00105,07/29/26 03:34 AM EDT,$0.41,4
20260729,KBO-WIN-FG-02HIFC5LOKIF4C0-HAES000,07/29/26 03:34 AM EDT,$0.57,8
20260729,KBO-TRUNS-FG-02HIFC5LOKIF4C0-GTE-P00115,07/29/26 03:35 AM EDT,$0.42,2
20260729,KBO-TRUNS-FG-02HIFKU8OKIF38O-GTE-P00115,07/29/26 03:35 AM EDT,$0.45,43
20260729,KBO-TRUNS-FG-02HIFC5LOKIF4C0-GTE-P00095,07/29/26 03:36 AM EDT,$0.45,14
20260729,KBO-WIN-FG-02HIFC25OKIF498-KTON000,07/29/26 03:37 AM EDT,$0.53,445
20260729,KBO-TRUNS-FG-02HIFC25OKIF498-GTE-P00095,07/29/26 03:37 AM EDT,$0.58,8
20260729,KBO-WIN-FG-02HIFKVOOKIF2Q8-LGNS000,07/29/26 03:39 AM EDT,$0.75,25
20260729,KBO-WIN-FG-02HIFC5LOKIF4C0-LOTS001,07/29/26 03:39 AM EDT,$0.46,31
20260729,KBO-WIN-FG-02HIFC68OKIF5K8-SANS000,07/29/26 03:39 AM EDT,$0.61,22
20260729,KBO-WIN-FG-02HIFKU8OKIF38O-DORS000,07/29/26 03:39 AM EDT,$0.58,16
20260729,KBO-TRUNS-FG-02HIFC68OKIF5K8-GTE-P00125,07/29/26 03:39 AM EDT,$0.47,27
20260729,KBO-WIN-FG-02HIFC25OKIF498-KTON000,07/29/26 03:39 AM EDT,$0.53,27
20260729,KBO-WIN-FG-02HIFC68OKIF5K8-KIRS000,07/29/26 03:40 AM EDT,$0.41,11
20260729,KBO-WIN-FG-02HIFKU8OKIF38O-DORS000,07/29/26 03:41 AM EDT,$0.58,40
20260729,KBO-TRUNS-FG-02HIFC68OKIF5K8-GTE-P00125,07/29/26 03:41 AM EDT,$0.50,36
20260729,KBO-TRUNS-FG-02HIFC68OKIF5K8-GTE-P00125,07/29/26 03:41 AM EDT,$0.51,226
20260729,KBO-TRUNS-FG-02HIFC68OKIF5K8-GTE-P00125,07/29/26 03:41 AM EDT,$0.50,36
20260729,KBO-WIN-FG-02HIFKVOOKIF2Q8-LGNS000,07/29/26 03:47 AM EDT,$0.75,200
20260729,KBO-WIN-FG-02HIFC5LOKIF4C0-HAES000,07/29/26 03:47 AM EDT,$0.57,16
20260729,KBO-WIN-FG-02HIFC68OKIF5K8-SANS000,07/29/26 03:48 AM EDT,$0.61,271
20260729,KBO-WIN-FG-02HIFC25OKIF498-NCOS000,07/29/26 03:48 AM EDT,$0.50,200
20260729,KBO-WIN-FG-02HIFC5LOKIF4C0-HAES000,07/29/26 03:49 AM EDT,$0.57,139
20260729,KBO-WIN-FG-02HIFC5LOKIF4C0-LOTS001,07/29/26 03:49 AM EDT,$0.46,200
20260729,MLB-TRUNS-I1-01DRH5CMTNRRJNO-GTE-P00025,07/29/26 03:50 AM EDT,$0.21,4
20260729,KBO-WIN-FG-02HIFKU8OKIF38O-DORS000,07/29/26 03:50 AM EDT,$0.58,8
20260729,KBO-WIN-FG-02HIFKU8OKIF38O-SSRS000,07/29/26 03:51 AM EDT,$0.45,10
20260729,KBO-WIN-FG-02HIFKVOOKIF2Q8-KIES000,07/29/26 03:52 AM EDT,$0.27,5
20260729,KBO-WIN-FG-02HIFC25OKIF498-NCOS000,07/29/26 03:57 AM EDT,$0.50,4
20260729,KBO-WIN-FG-02HIFC5LOKIF4C0-HAES000,07/29/26 03:58 AM EDT,$0.57,169
20260729,MLB-TRUNS-I1-01DRH58PTNRRJ90-GTE-P00005,07/29/26 04:06 AM EDT,$0.52,10
20260729,KBO-WIN-FG-02HIFC68OKIF5K8-KIRS000,07/29/26 04:09 AM EDT,$0.41,23
20260729,MLB-TRUNS-I5-01DRH5CMTNRRJNO-GTE-P00005,07/29/26 04:09 AM EDT,$0.51,1
20260729,KBO-WIN-FG-02HIFKU8OKIF38O-DORS000,07/29/26 04:12 AM EDT,$0.58,25
20260729,KBO-MOVY-FG-02HIFKU8OKIF38O-DORS000-GTE-P00015,07/29/26 04:15 AM EDT,$0.45,87
20260729,KBO-TRUNS-FG-02HIFKU8OKIF38O-GTE-P00115,07/29/26 04:16 AM EDT,$0.47,40
20260729,KBO-TRUNS-FG-02HIFKVOOKIF2Q8-GTE-P00095,07/29/26 04:21 AM EDT,$0.48,10
20260729,KBO-WIN-FG-02HIFC25OKIF498-NCOS000,07/29/26 04:25 AM EDT,$0.50,33
20260729,KBO-WIN-FG-02HIFC25OKIF498-KTON000,07/29/26 04:26 AM EDT,$0.53,90
20260729,KBO-WIN-FG-02HIFKU8OKIF38O-DORS000,07/29/26 04:27 AM EDT,$0.58,73
20260729,NWSL-DWIN-FG-000A28SHI788EU0-RAEW001,07/29/26 04:28 AM EDT,$0.19,100
20260729,KBO-MOVY-FG-02HIFKVOOKIF2Q8-LGNS000-GTE-P00025,07/29/26 04:30 AM EDT,$0.49,11
20260729,KBO-WIN-FG-02HIFC68OKIF5K8-KIRS000,07/29/26 04:35 AM EDT,$0.41,58
20260729,KBO-WIN-FG-02HIFC5LOKIF4C0-LOTS001,07/29/26 04:36 AM EDT,$0.47,51
20260729,KBO-TRUNS-FG-02HIFKU8OKIF38O-GTE-P00115,07/29/26 04:36 AM EDT,$0.45,43
20260729,KBO-WIN-FG-02HIFC25OKIF498-KTON000,07/29/26 04:38 AM EDT,$0.53,181
20260729,KBO-MOVY-FG-02HIFKVOOKIF2Q8-LGNS000-GTE-P00025,07/29/26 04:40 AM EDT,$0.50,5
20260729,KBO-WIN-FG-02HIFKU8OKIF38O-DORS000,07/29/26 04:40 AM EDT,$0.58,16
20260729,KBO-MOVY-FG-02HIFC68OKIF5K8-SANS000-GTE-P00015,07/29/26 04:40 AM EDT,$0.46,6
20260729,MLB-PHRR-FG-01DRGBS5TNRS7RO-CJMS000-GTE-P00025,07/29/26 04:40 AM EDT,$0.38,12
20260729,MLB-PHRR-FG-01DRH58PTNRRJ90-NITZ000-GTE-P00025,07/29/26 04:40 AM EDT,$0.45,10
20260729,MLB-PHRR-FG-01DRGBTTTNRS7KO-ELUZ001-GTE-P00015,07/29/26 04:40 AM EDT,$0.54,8
20260729,KBO-WIN-FG-02HIFKVOOKIF2Q8-KIES000,07/29/26 04:41 AM EDT,$0.25,10
20260729,KBO-TRUNS-FG-02HIFC5LOKIF4C0-GTE-P00095,07/29/26 04:47 AM EDT,$0.46,17
20260729,KBO-WIN-FG-02HIFC68OKIF5K8-SANS000,07/29/26 04:48 AM EDT,$0.61,55
20260729,KBO-MOVY-FG-02HIFC25OKIF498-NCOS000-GTE-P00005,07/29/26 04:49 AM EDT,$0.45,87
20260729,KBO-WIN-FG-02HIFKVOOKIF2Q8-LGNS000,07/29/26 04:51 AM EDT,$0.75,50
20260729,KBO-TRUNS-FG-02HIFC68OKIF5K8-GTE-P00115,07/29/26 04:52 AM EDT,$0.59,35
20260729,KBO-MOVY-FG-02HIFKVOOKIF2Q8-LGNS000-GTE-P00025,07/29/26 04:53 AM EDT,$0.46,89
20260729,KBO-WIN-FG-02HIFC5LOKIF4C0-HAES000,07/29/26 04:54 AM EDT,$0.56,17
20260729,KBO-WIN-FG-02HIFC68OKIF5K8-SANS000,07/29/26 04:59 AM EDT,$0.57,84
20260729,KBO-WIN-FG-02HIFKVOOKIF2Q8-LGNS000,07/29/26 05:01 AM EDT,$0.75,6
20260729,KBO-WIN-FG-02HIFC68OKIF5K8-SANS000,07/29/26 05:01 AM EDT,$0.57,190
20260729,MLB-PHRR-FG-01DRGBT4TNRS7KG-COLL001-GTE-P00015,07/29/26 05:06 AM EDT,$0.55,8
20260729,KBO-WIN-FG-02HIFC68OKIF5K8-KIRS000,07/29/26 05:07 AM EDT,$0.46,7
20260729,KBO-WIN-FG-02HIFKU8OKIF38O-DORS000,07/29/26 05:08 AM EDT,$0.59,81
20260729,KBO-WIN-FG-02HIFC68OKIF5K8-SANS000,07/29/26 05:08 AM EDT,$0.56,103
20260729,KBO-WIN-FG-02HIFKVOOKIF2Q8-KIES000,07/29/26 05:08 AM EDT,$0.28,16
20260729,KBO-WIN-FG-02HIFKU8OKIF38O-SSRS000,07/29/26 05:08 AM EDT,$0.43,11
20260729,KBO-WIN-FG-02HIFC25OKIF498-NCOS000,07/29/26 05:08 AM EDT,$0.50,9
20260729,KBO-WIN-FG-02HIFC5LOKIF4C0-LOTS001,07/29/26 05:08 AM EDT,$0.49,9
20260729,KBO-WIN-FG-02HIFC68OKIF5K8-KIRS000,07/29/26 05:08 AM EDT,$0.46,10
20260729,KBO-WIN-FG-02HIFKVOOKIF2Q8-KIES000,07/29/26 05:09 AM EDT,$0.28,40
20260729,KBO-TRUNS-FG-02HIFKVOOKIF2Q8-GTE-P00075,07/29/26 05:09 AM EDT,$0.57,11
20260729,KBO-TRUNS-FG-02HIFKU8OKIF38O-GTE-P00105,07/29/26 05:10 AM EDT,$0.53,10
20260729,KBO-TRUNS-FG-02HIFC25OKIF498-GTE-P00095,07/29/26 05:10 AM EDT,$0.57,11
20260729,KBO-TRUNS-FG-02HIFKU8OKIF38O-GTE-P00105,07/29/26 05:10 AM EDT,$0.53,20
20260729,KBO-TRUNS-FG-02HIFC5LOKIF4C0-GTE-P00085,07/29/26 05:11 AM EDT,$0.54,10
20260729,KBO-TRUNS-FG-02HIFC68OKIF5K8-GTE-P00115,07/29/26 05:11 AM EDT,$0.58,11
20260729,KBO-TRUNS-FG-02HIFC68OKIF5K8-GTE-P00125,07/29/26 05:11 AM EDT,$0.52,20
20260729,KBO-TRUNS-FG-02HIFKU8OKIF38O-GTE-P00105,07/29/26 05:13 AM EDT,$0.53,14
20260729,KBO-TRUNS-FG-02HIFKU8OKIF38O-GTE-P00075,07/29/26 05:14 AM EDT,$0.69,6
20260729,KBO-WIN-FG-02HIFC25OKIF498-KTON000,07/29/26 05:15 AM EDT,$0.53,90
20260729,KBO-MOVY-FG-02HIFC68OKIF5K8-SANS000-GTE-P00015,07/29/26 05:19 AM EDT,$0.43,55
20260729,KBO-WIN-FG-02HIFKVOOKIF2Q8-LGNS000,07/29/26 05:19 AM EDT,$0.75,12
20260729,KBO-WIN-FG-02HIFC68OKIF5K8-KIRS000,07/29/26 05:20 AM EDT,$0.46,23
20260729,KBO-MOVY-FG-02HIFKU8OKIF38O-DORS000-GTE-P00015,07/29/26 05:20 AM EDT,$0.48,22
20260729,KBO-WIN-FG-02HIFC25OKIF498-NCOS000,07/29/26 05:20 AM EDT,$0.49,22
20260729,KBO-TRUNS-FG-02HIFC68OKIF5K8-GTE-P00125,07/29/26 05:20 AM EDT,$0.52,22
20260729,KBO-TRUNS-FG-02HIFKU8OKIF38O-GTE-P00105,07/29/26 05:20 AM EDT,$0.53,23
20260729,KBO-TRUNS-FG-02HIFC68OKIF5K8-GTE-P00125,07/29/26 05:20 AM EDT,$0.54,20
20260729,KBO-WIN-FG-02HIFC68OKIF5K8-SANS000,07/29/26 05:21 AM EDT,$0.56,93
20260729,KBO-MOVY-FG-02HIFKU8OKIF38O-DORS000-GTE-P00015,07/29/26 05:21 AM EDT,$0.46,133
20260729,KBO-TRUNS-FG-02HIFC68OKIF5K8-GTE-P00125,07/29/26 05:24 AM EDT,$0.54,39
20260729,KBO-TRUNS-FG-02HIFC68OKIF5K8-GTE-P00125,07/29/26 05:24 AM EDT,$0.53,22
20260729,KBO-WIN-FG-02HIFC68OKIF5K8-SANS000,07/29/26 05:25 AM EDT,$0.57,4
20260729,KBO-TRUNS-FG-02HIFC25OKIF498-GTE-P00105,07/29/26 05:25 AM EDT,$0.49,18
20260729,KBO-TRUNS-FG-02HIFC68OKIF5K8-GTE-P00125,07/29/26 05:25 AM EDT,$0.51,78
20260729,KBO-TRUNS-FG-02HIFC68OKIF5K8-GTE-P00125,07/29/26 05:26 AM EDT,$0.51,78
20260729,KBO-WIN-FG-02HIFC68OKIF5K8-SANS000,07/29/26 05:26 AM EDT,$0.57,42
20260729,KBO-WIN-FG-02HIFC25OKIF498-KTON000,07/29/26 05:26 AM EDT,$0.54,44
20260729,KBO-MOVY-FG-02HIFKU8OKIF38O-DORS000-GTE-P00015,07/29/26 05:26 AM EDT,$0.48,800
20260729,KBO-WIN-FG-02HIFKU8OKIF38O-SSRS000,07/29/26 05:26 AM EDT,$0.44,21
20260729,KBO-TRUNS-FG-02HIFKVOOKIF2Q8-GTE-P00085,07/29/26 05:27 AM EDT,$0.49,68
20260729,KBO-WIN-FG-02HIFC68OKIF5K8-SANS000,07/29/26 05:28 AM EDT,$0.57,6
20260729,KBO-TRUNS-FG-02HIFKVOOKIF2Q8-GTE-P00085,07/29/26 05:28 AM EDT,$0.51,198
20260729,KBO-TRUNS-FG-02HIFC25OKIF498-GTE-P00105,07/29/26 05:29 AM EDT,$0.52,18
20260729,KBO-WIN-FG-02HIFC25OKIF498-NCOS000,07/29/26 05:29 AM EDT,$0.49,4
20260729,KBO-TRUNS-FG-02HIFC25OKIF498-GTE-P00105,07/29/26 05:29 AM EDT,$0.52,18
20260729,KBO-TRUNS-FG-02HIFC25OKIF498-GTE-P00105,07/29/26 05:29 AM EDT,$0.53,88
20260729,KBO-TRUNS-FG-02HIFC25OKIF498-GTE-P00105,07/29/26 05:29 AM EDT,$0.50,5
20260729,KBO-TRUNS-FG-02HIFC25OKIF498-GTE-P00105,07/29/26 05:29 AM EDT,$0.53,84
20260729,KBO-TRUNS-FG-02HIFKVOOKIF2Q8-GTE-P00085,07/29/26 05:30 AM EDT,$0.50,60
20260729,KBO-MOVY-FG-02HIFKU8OKIF38O-DORS000-GTE-P00015,07/29/26 05:31 AM EDT,$0.52,1
20260729,KBO-MOVY-FG-02HIFC5LOKIF4C0-HAES000-GTE-P00015,07/29/26 05:32 AM EDT,$0.37,1
20260729,KBO-WIN-FG-02HIFC5LOKIF4C0-HAES000,07/29/26 05:33 AM EDT,$0.54,24
20260729,KBO-WIN-FG-02HIFC5LOKIF4C0-LOTS001,07/29/26 05:33 AM EDT,$0.49,350
20260729,KBO-WIN-FG-02HIFC5LOKIF4C0-HAES000,07/29/26 05:33 AM EDT,$0.51,350
20260729,KBO-WIN-FG-02HIFC5LOKIF4C0-LOTS001,07/29/26 05:33 AM EDT,$0.49,350
20260729,KBO-WIN-FG-02HIFC5LOKIF4C0-HAES000,07/29/26 05:33 AM EDT,$0.51,350
20260729,KBO-WIN-FG-02HIFC5LOKIF4C0-LOTS001,07/29/26 05:33 AM EDT,$0.49,350
20260729,KBO-WIN-FG-02HIFC5LOKIF4C0-HAES000,07/29/26 05:33 AM EDT,$0.51,350
20260729,KBO-WIN-FG-02HIFC68OKIF5K8-SANS000,07/29/26 05:33 AM EDT,$0.45,350
20260729,KBO-WIN-FG-02HIFC68OKIF5K8-SANS000,07/29/26 05:33 AM EDT,$0.45,350
20260729,KBO-WIN-FG-02HIFC68OKIF5K8-KIRS000,07/29/26 05:33 AM EDT,$0.56,350
20260729,KBO-WIN-FG-02HIFC68OKIF5K8-KIRS000,07/29/26 05:33 AM EDT,$0.56,350
20260729,KBO-WIN-FG-02HIFC68OKIF5K8-SANS000,07/29/26 05:33 AM EDT,$0.45,350
20260729,KBO-WIN-FG-02HIFC68OKIF5K8-KIRS000,07/29/26 05:33 AM EDT,$0.55,350
20260729,KBO-TRUNS-FG-02HIFC68OKIF5K8-GTE-P00145,07/29/26 05:34 AM EDT,$0.46,17
20260729,KBO-WIN-FG-02HIFKU8OKIF38O-SSRS000,07/29/26 05:34 AM EDT,$0.33,85
20260729,KBO-MOVY-FG-02HIFKU8OKIF38O-DORS000-GTE-P00025,07/29/26 05:34 AM EDT,$0.52,9
20260729,KBO-WIN-FG-02HIFC25OKIF498-KTON000,07/29/26 05:34 AM EDT,$0.60,79
20260729,KBO-WIN-FG-02HIFC68OKIF5K8-SANS000,07/29/26 05:34 AM EDT,$0.46,104
20260729,KBO-TRUNS-FG-02HIFC5LOKIF4C0-GTE-P00095,07/29/26 05:34 AM EDT,$0.52,64
20260729,KBO-WIN-FG-02HIFKVOOKIF2Q8-KIES000,07/29/26 05:35 AM EDT,$0.29,116
20260729,KBO-WIN-FG-02HIFC68OKIF5K8-KIRS000,07/29/26 05:35 AM EDT,$0.55,94
20260729,KBO-TRUNS-FG-02HIFC5LOKIF4C0-GTE-P00105,07/29/26 05:36 AM EDT,$0.52,12
20260729,KBO-WIN-FG-02HIFC25OKIF498-KTON000,07/29/26 05:37 AM EDT,$0.53,36
20260729,KBO-TRUNS-FG-02HIFKU8OKIF38O-GTE-P00105,07/29/26 05:38 AM EDT,$0.54,2
20260729,KBO-TRUNS-FG-02HIFC68OKIF5K8-GTE-P00115,07/29/26 05:38 AM EDT,$0.71,13
20260729,KBO-TRUNS-FG-02HIFC68OKIF5K8-GTE-P00145,07/29/26 05:38 AM EDT,$0.50,9
20260729,KBO-TRUNS-FG-02HIFKU8OKIF38O-GTE-P00105,07/29/26 05:38 AM EDT,$0.55,46
20260729,KBO-WIN-FG-02HIFKU8OKIF38O-DORS000,07/29/26 05:39 AM EDT,$0.63,7
20260729,KBO-WIN-FG-02HIFKU8OKIF38O-DORS000,07/29/26 05:39 AM EDT,$0.63,4
20260729,KBO-MOVY-FG-02HIFC25OKIF498-KTON000-GTE-P00015,07/29/26 05:39 AM EDT,$0.58,5
20260729,KBO-TRUNS-FG-02HIFC68OKIF5K8-GTE-P00145,07/29/26 05:41 AM EDT,$0.51,153
20260729,KBO-WIN-FG-02HIFC68OKIF5K8-SANS000,07/29/26 05:41 AM EDT,$0.37,42
20260729,KBO-TRUNS-FG-02HIFC68OKIF5K8-GTE-P00145,07/29/26 05:41 AM EDT,$0.52,10
20260729,KBO-TRUNS-FG-02HIFKU8OKIF38O-GTE-P00085,07/29/26 05:42 AM EDT,$0.73,41
20260729,KBO-WIN-FG-02HIFKVOOKIF2Q8-LGNS000,07/29/26 05:42 AM EDT,$0.74,6
20260729,KBO-WIN-FG-02HIFC5LOKIF4C0-HAES000,07/29/26 05:44 AM EDT,$0.32,14
20260729,KBO-TRUNS-FG-02HIFC68OKIF5K8-GTE-P00155,07/29/26 05:44 AM EDT,$0.53,103
20260729,KBO-TRUNS-FG-02HIFC68OKIF5K8-GTE-P00155,07/29/26 05:44 AM EDT,$0.53,90
20260729,KBO-TRUNS-FG-02HIFC68OKIF5K8-GTE-P00155,07/29/26 05:44 AM EDT,$0.53,45
20260729,KBO-MOVY-FG-02HIFC25OKIF498-NCOS000-GTE-P00025,07/29/26 05:44 AM EDT,$0.18,657
20260729,KBO-MOVY-FG-02HIFC68OKIF5K8-SANS000-GTE-P00015,07/29/26 05:45 AM EDT,$0.19,6
20260729,KBO-WIN-FG-02HIFKVOOKIF2Q8-KIES000,07/29/26 05:45 AM EDT,$0.26,53
20260729,KBO-MOVY-FG-02HIFKVOOKIF2Q8-LGNS000-GTE-P00025,07/29/26 05:45 AM EDT,$0.46,103
20260729,KBO-MOVY-FG-02HIFC68OKIF5K8-KIRS000-GTE-P00025,07/29/26 05:45 AM EDT,$0.53,10
20260729,KBO-WIN-FG-02HIFKU8OKIF38O-DORS000,07/29/26 05:45 AM EDT,$0.69,7
20260729,KBO-WIN-FG-02HIFC25OKIF498-NCOS000,07/29/26 05:45 AM EDT,$0.34,8
20260729,KBO-MOVY-FG-02HIFC25OKIF498-KTON000-GTE-P00025,07/29/26 05:46 AM EDT,$0.49,20
20260729,KBO-MOVY-FG-02HIFKU8OKIF38O-DORS000-GTE-P00015,07/29/26 05:46 AM EDT,$0.58,333
20260729,KBO-MOVY-FG-02HIFKVOOKIF2Q8-KIES000-GTE-P00005,07/29/26 05:46 AM EDT,$0.25,92
20260729,KBO-MOVY-FG-02HIFC5LOKIF4C0-LOTS001-GTE-P00015,07/29/26 05:46 AM EDT,$0.52,30
20260729,KBO-WIN-FG-02HIFC5LOKIF4C0-HAES000,07/29/26 05:47 AM EDT,$0.34,41
20260729,KBO-TRUNS-FG-02HIFC68OKIF5K8-GTE-P00155,07/29/26 05:47 AM EDT,$0.63,38
20260729,KBO-WIN-FG-02HIFC5LOKIF4C0-HAES000,07/29/26 05:47 AM EDT,$0.34,13
20260729,KBO-MOVY-FG-02HIFC68OKIF5K8-KIRS000-GTE-P00035,07/29/26 05:48 AM EDT,$0.48,27
20260729,KBO-WIN-FG-02HIFC68OKIF5K8-SANS000,07/29/26 05:48 AM EDT,$0.27,86
20260729,KBO-TRUNS-FG-02HIFKU8OKIF38O-GTE-P00105,07/29/26 05:48 AM EDT,$0.50,13
20260729,KBO-WIN-FG-02HIFC68OKIF5K8-SANS000,07/29/26 05:48 AM EDT,$0.27,41
20260729,KBO-TRUNS-FG-02HIFKVOOKIF2Q8-GTE-P00125,07/29/26 05:48 AM EDT,$0.23,40
20260729,KBO-TRUNS-FG-02HIFC5LOKIF4C0-GTE-P00105,07/29/26 05:48 AM EDT,$0.40,12
20260729,KBO-WIN-FG-02HIFC5LOKIF4C0-HAES000,07/29/26 05:48 AM EDT,$0.35,40
20260729,KBO-TRUNS-FG-02HIFKU8OKIF38O-GTE-P00095,07/29/26 05:49 AM EDT,$0.58,568
20260729,KBO-WIN-FG-02HIFKVOOKIF2Q8-KIES000,07/29/26 05:49 AM EDT,$0.18,1
20260729,KBO-TRUNS-FG-02HIFC5LOKIF4C0-GTE-P00125,07/29/26 05:50 AM EDT,$0.28,1
20260729,KBO-MOVY-FG-02HIFKU8OKIF38O-DORS000-GTE-P00025,07/29/26 05:50 AM EDT,$0.51,82
20260729,KBO-TRUNS-FG-02HIFC68OKIF5K8-GTE-P00075,07/29/26 05:51 AM EDT,$0.90,55
20260729,KBO-WIN-FG-02HIFC68OKIF5K8-SANS000,07/29/26 05:51 AM EDT,$0.26,125
20260729,KBO-MOVY-FG-02HIFC68OKIF5K8-KIRS000-GTE-P00035,07/29/26 05:51 AM EDT,$0.53,27
20260729,KBO-WIN-FG-02HIFKVOOKIF2Q8-KIES000,07/29/26 05:52 AM EDT,$0.07,350
20260729,KBO-WIN-FG-02HIFKVOOKIF2Q8-KIES000,07/29/26 05:52 AM EDT,$0.06,53
20260729,KBO-MOVY-FG-02HIFC68OKIF5K8-KIRS000-GTE-P00035,07/29/26 05:52 AM EDT,$0.47,50
20260729,KBO-TRUNS-FG-02HIFKU8OKIF38O-GTE-P00105,07/29/26 05:52 AM EDT,$0.58,51
20260729,KBO-TRUNS-FG-02HIFKU8OKIF38O-GTE-P00105,07/29/26 05:52 AM EDT,$0.58,517
20260729,KBO-MOVY-FG-02HIFC25OKIF498-NCOS000-GTE-P00005,07/29/26 05:52 AM EDT,$0.32,87
20260729,KBO-TRUNS-FG-02HIFC5LOKIF4C0-GTE-P00095,07/29/26 05:53 AM EDT,$0.48,92
20260729,KBO-TRUNS-FG-02HIFC25OKIF498-GTE-P00115,07/29/26 05:54 AM EDT,$0.46,35
20260729,KBO-TRUNS-FG-02HIFKVOOKIF2Q8-GTE-P00055,07/29/26 05:54 AM EDT,$0.83,350
20260729,KBO-WIN-FG-02HIFC25OKIF498-KTON000,07/29/26 05:54 AM EDT,$0.70,44
20260729,KBO-WIN-FG-02HIFKVOOKIF2Q8-KIES000,07/29/26 05:54 AM EDT,$0.10,1
20260729,KBO-TRUNS-FG-02HIFKVOOKIF2Q8-GTE-P00105,07/29/26 05:54 AM EDT,$0.52,625
20260729,KBO-WIN-FG-02HIFC25OKIF498-KTON000,07/29/26 05:54 AM EDT,$0.73,198
20260729,KBO-TRUNS-FG-02HIFKVOOKIF2Q8-GTE-P00105,07/29/26 05:55 AM EDT,$0.51,207
20260729,MLB-TRUNS-I1-01DRGBT4TNRS6MO-GTE-P00005,07/29/26 05:55 AM EDT,$0.47,1
20260729,KBO-WIN-FG-02HIFC68OKIF5K8-SANS000,07/29/26 05:55 AM EDT,$0.11,6
20260729,KBO-WIN-FG-02HIFC68OKIF5K8-SANS000,07/29/26 05:55 AM EDT,$0.14,66
20260729,KBO-TRUNS-FG-02HIFKVOOKIF2Q8-GTE-P00105,07/29/26 05:55 AM EDT,$0.51,5
20260729,KBO-WIN-FG-02HIFKVOOKIF2Q8-KIES000,07/29/26 05:55 AM EDT,$0.10,90
20260729,KBO-MOVY-FG-02HIFC68OKIF5K8-KIRS000-GTE-P00055,07/29/26 05:55 AM EDT,$0.49,75
20260729,MLB-TRUNS-I1-01DRGBT4TNRS6MO-GTE-P00005,07/29/26 05:55 AM EDT,$0.47,1
20260729,KBO-WIN-FG-02HIFC5LOKIF4C0-LOTS001,07/29/26 05:55 AM EDT,$0.69,28
20260729,KBO-MOVY-FG-02HIFC68OKIF5K8-KIRS000-GTE-P00055,07/29/26 05:55 AM EDT,$0.49,107
20260729,KBO-WIN-FG-02HIFC25OKIF498-KTON000,07/29/26 05:56 AM EDT,$0.72,27
20260729,KBO-WIN-FG-02HIFKU8OKIF38O-SSRS000,07/29/26 05:56 AM EDT,$0.40,119
20260729,KBO-WIN-FG-02HIFC5LOKIF4C0-HAES000,07/29/26 05:57 AM EDT,$0.31,147
20260729,KBO-WIN-FG-02HIFKU8OKIF38O-DORS000,07/29/26 05:57 AM EDT,$0.63,39
20260729,KBO-WIN-FG-02HIFKVOOKIF2Q8-KIES000,07/29/26 05:58 AM EDT,$0.11,41
20260729,KBO-WIN-FG-02HIFKU8OKIF38O-SSRS000,07/29/26 05:58 AM EDT,$0.41,119
20260729,KBO-TRUNS-FG-02HIFC5LOKIF4C0-GTE-P00095,07/29/26 05:58 AM EDT,$0.41,573
20260729,KBO-MOVY-FG-02HIFKVOOKIF2Q8-KIES000-GTE-P00005,07/29/26 05:58 AM EDT,$0.06,92
20260729,KBO-WIN-FG-02HIFC25OKIF498-NCOS000,07/29/26 05:58 AM EDT,$0.33,14
20260729,KBO-TRUNS-FG-02HIFC5LOKIF4C0-GTE-P00085,07/29/26 05:58 AM EDT,$0.53,81
20260729,KBO-WIN-FG-02HIFKU8OKIF38O-SSRS000,07/29/26 05:58 AM EDT,$0.41,11
20260729,KBO-TRUNS-FG-02HIFC25OKIF498-GTE-P00105,07/29/26 05:59 AM EDT,$0.52,577
20260729,KBO-TRUNS-FG-02HIFC25OKIF498-GTE-P00105,07/29/26 05:59 AM EDT,$0.52,625
20260729,KBO-MOVY-FG-02HIFKVOOKIF2Q8-LGNS000-GTE-P00065,07/29/26 05:59 AM EDT,$0.32,14
20260729,KBO-TRUNS-FG-02HIFC25OKIF498-GTE-P00105,07/29/26 05:59 AM EDT,$0.53,566
20260729,KBO-TRUNS-FG-02HIFC25OKIF498-GTE-P00105,07/29/26 05:59 AM EDT,$0.53,250
20260729,KBO-TRUNS-FG-02HIFKU8OKIF38O-GTE-P00105,07/29/26 06:00 AM EDT,$0.47,272
20260729,KBO-WIN-FG-02HIFC5LOKIF4C0-HAES000,07/29/26 06:01 AM EDT,$0.30,1036
20260729,KBO-WIN-FG-02HIFC5LOKIF4C0-HAES000,07/29/26 06:01 AM EDT,$0.30,164
20260729,KBO-WIN-FG-02HIFKU8OKIF38O-DORS000,07/29/26 06:01 AM EDT,$0.60,16
20260729,KBO-WIN-FG-02HIFKVOOKIF2Q8-KIES000,07/29/26 06:01 AM EDT,$0.11,1041
20260729,KBO-WIN-FG-02HIFKVOOKIF2Q8-LGNS000,07/29/26 06:03 AM EDT,$0.91,441
20260729,KBO-WIN-FG-02HIFKVOOKIF2Q8-KIES000,07/29/26 06:04 AM EDT,$0.12,130
20260729,KBO-TRUNS-FG-02HIFKVOOKIF2Q8-GTE-P00095,07/29/26 06:04 AM EDT,$0.56,97
20260729,KBO-TRUNS-FG-02HIFKVOOKIF2Q8-GTE-P00095,07/29/26 06:04 AM EDT,$0.56,682
20260729,KBO-TRUNS-FG-02HIFKVOOKIF2Q8-GTE-P00105,07/29/26 06:04 AM EDT,$0.49,588
20260729,KBO-MOVY-FG-02HIFKVOOKIF2Q8-LGNS000-GTE-P00025,07/29/26 06:06 AM EDT,$0.46,26
20260729,KBO-TRUNS-FG-02HIFKVOOKIF2Q8-GTE-P00125,07/29/26 06:06 AM EDT,$0.51,1033
20260729,KBO-TRUNS-FG-02HIFC25OKIF498-GTE-P00105,07/29/26 06:06 AM EDT,$0.45,208
20260729,KBO-WIN-FG-02HIFC5LOKIF4C0-HAES000,07/29/26 06:07 AM EDT,$0.32,24
20260729,KBO-TRUNS-FG-02HIFKU8OKIF38O-GTE-P00095,07/29/26 06:08 AM EDT,$0.49,18
20260729,MLB-TRUNS-I1-01DRGBS5TNRS7RO-GTE-P00005,07/29/26 06:08 AM EDT,$0.58,1
20260729,KBO-MOVY-FG-02HIFC68OKIF5K8-KIRS000-GTE-P00065,07/29/26 06:09 AM EDT,$0.40,564
20260729,KBO-TRUNS-FG-02HIFC5LOKIF4C0-GTE-P00095,07/29/26 06:09 AM EDT,$0.49,176
20260729,KBO-TRUNS-FG-02HIFKVOOKIF2Q8-GTE-P00115,07/29/26 06:09 AM EDT,$0.54,692
20260729,KBO-WIN-FG-02HIFKVOOKIF2Q8-KIES000,07/29/26 06:09 AM EDT,$0.21,21
20260729,KBO-WIN-FG-02HIFKVOOKIF2Q8-KIES000,07/29/26 06:10 AM EDT,$0.21,350
20260729,KBO-WIN-FG-02HIFKVOOKIF2Q8-LGNS000,07/29/26 06:10 AM EDT,$0.79,350
20260729,KBO-WIN-FG-02HIFKVOOKIF2Q8-KIES000,07/29/26 06:10 AM EDT,$0.21,350
20260729,KBO-WIN-FG-02HIFKVOOKIF2Q8-LGNS000,07/29/26 06:10 AM EDT,$0.79,350
20260729,KBO-WIN-FG-02HIFKVOOKIF2Q8-KIES000,07/29/26 06:10 AM EDT,$0.21,350
20260729,KBO-WIN-FG-02HIFKVOOKIF2Q8-LGNS000,07/29/26 06:10 AM EDT,$0.79,350
20260729,KBO-WIN-FG-02HIFKU8OKIF38O-SSRS000,07/29/26 06:10 AM EDT,$0.36,13
20260729,KBO-WIN-FG-02HIFC25OKIF498-NCOS000,07/29/26 06:10 AM EDT,$0.30,15
20260729,KBO-WIN-FG-02HIFC5LOKIF4C0-HAES000,07/29/26 06:10 AM EDT,$0.57,3
20260729,KBO-WIN-FG-02HIFC5LOKIF4C0-LOTS001,07/29/26 06:10 AM EDT,$0.45,10
20260729,KBO-WIN-FG-02HIFC5LOKIF4C0-LOTS001,07/29/26 06:10 AM EDT,$0.45,13
20260729,KBO-TRUNS-FG-02HIFC5LOKIF4C0-GTE-P00105,07/29/26 06:10 AM EDT,$0.48,27
20260729,KBO-MOVY-FG-02HIFC68OKIF5K8-KIRS000-GTE-P00065,07/29/26 06:11 AM EDT,$0.38,968
20260729,KBO-TRUNS-FG-02HIFKU8OKIF38O-GTE-P00085,07/29/26 06:11 AM EDT,$0.49,292
20260729,KBO-WIN-FG-02HIFKU8OKIF38O-DORS000,07/29/26 06:12 AM EDT,$0.63,10
20260729,KBO-TRUNS-FG-02HIFC5LOKIF4C0-GTE-P00105,07/29/26 06:12 AM EDT,$0.47,530
20260729,KBO-WIN-FG-02HIFKVOOKIF2Q8-KIES000,07/29/26 06:12 AM EDT,$0.24,3
20260729,KBO-WIN-FG-02HIFKU8OKIF38O-DORS000,07/29/26 06:13 AM EDT,$0.63,23
20260729,MLB-PHRR-FG-01DRH5ANTNRRIEO-YOEZ000-GTE-P00025,07/29/26 06:13 AM EDT,$0.55,1
20260729,KBO-WIN-FG-02HIFC25OKIF498-KTON000,07/29/26 06:14 AM EDT,$0.71,1
20260729,KBO-WIN-FG-02HIFC25OKIF498-KTON000,07/29/26 06:14 AM EDT,$0.72,8
20260729,KBO-TRUNS-FG-02HIFC25OKIF498-GTE-P00055,07/29/26 06:15 AM EDT,$0.84,27
20260729,KBO-WIN-FG-02HIFC25OKIF498-NCOS000,07/29/26 06:15 AM EDT,$0.31,15
20260729,KBO-WIN-FG-02HIFC5LOKIF4C0-LOTS001,07/29/26 06:15 AM EDT,$0.44,152
20260729,KBO-TRUNS-FG-02HIFC5LOKIF4C0-GTE-P00055,07/29/26 06:15 AM EDT,$0.89,50
20260729,MLB-TRUNS-I1-01DRGBS5TNRS7RO-GTE-P00005,07/29/26 06:16 AM EDT,$0.58,1
20260729,KBO-TRUNS-FG-02HIFC5LOKIF4C0-GTE-P00105,07/29/26 06:17 AM EDT,$0.45,306
20260729,KBO-TRUNS-FG-02HIFC5LOKIF4C0-GTE-P00105,07/29/26 06:17 AM EDT,$0.45,545
20260729,KBO-TRUNS-FG-02HIFKVOOKIF2Q8-GTE-P00105,07/29/26 06:17 AM EDT,$0.75,1500
20260729,KBO-TRUNS-FG-02HIFKVOOKIF2Q8-GTE-P00075,07/29/26 06:17 AM EDT,$0.84,323
20260729,KBO-TRUNS-FG-02HIFKVOOKIF2Q8-GTE-P00075,07/29/26 06:17 AM EDT,$0.84,27
20260729,KBO-TRUNS-FG-02HIFKVOOKIF2Q8-GTE-P00105,07/29/26 06:18 AM EDT,$0.74,1400
20260729,KBO-MOVY-FG-02HIFKVOOKIF2Q8-LGNS000-GTE-P00035,07/29/26 06:18 AM EDT,$0.25,12
20260729,KBO-TRUNS-FG-02HIFKU8OKIF38O-GTE-P00065,07/29/26 06:18 AM EDT,$0.67,142
20260729,KBO-MOVY-FG-02HIFC68OKIF5K8-KIRS000-GTE-P00055,07/29/26 06:18 AM EDT,$0.47,75
20260729,KBO-TRUNS-FG-02HIFKVOOKIF2Q8-GTE-P00125,07/29/26 06:19 AM EDT,$0.50,48
20260729,KBO-MOVY-FG-02HIFC68OKIF5K8-KIRS000-GTE-P00055,07/29/26 06:19 AM EDT,$0.40,161
20260729,KBO-TRUNS-FG-02HIFC25OKIF498-GTE-P00095,07/29/26 06:19 AM EDT,$0.48,127
20260729,KBO-WIN-FG-02HIFKVOOKIF2Q8-KIES000,07/29/26 06:19 AM EDT,$0.30,15
20260729,KBO-WIN-FG-02HIFKU8OKIF38O-SSRS000,07/29/26 06:20 AM EDT,$0.48,23
20260729,KBO-MOVY-FG-02HIFKVOOKIF2Q8-LGNS000-GTE-P00015,07/29/26 06:20 AM EDT,$0.50,73
20260729,KBO-TRUNS-FG-02HIFKVOOKIF2Q8-GTE-P00105,07/29/26 06:20 AM EDT,$0.75,287
20260729,MLB-TRUNS-I1-01DRGBT4TNRS6MO-GTE-P00005,07/29/26 06:20 AM EDT,$0.47,1
20260729,KBO-WIN-FG-02HIFKU8OKIF38O-SSRS000,07/29/26 06:20 AM EDT,$0.49,19
20260729,KBO-WIN-FG-02HIFC5LOKIF4C0-LOTS001,07/29/26 06:20 AM EDT,$0.61,39
20260729,KBO-TRUNS-FG-02HIFC25OKIF498-GTE-P00145,07/29/26 06:20 AM EDT,$0.12,11
20260729,KBO-WIN-FG-02HIFKU8OKIF38O-DORS000,07/29/26 06:21 AM EDT,$0.55,22
20260729,KBO-WIN-FG-02HIFKU8OKIF38O-SSRS000,07/29/26 06:21 AM EDT,$0.48,19
20260729,KBO-TRUNS-FG-02HIFC25OKIF498-GTE-P00095,07/29/26 06:21 AM EDT,$0.55,20
20260729,KBO-WIN-FG-02HIFKVOOKIF2Q8-KIES000,07/29/26 06:22 AM EDT,$0.30,46
20260729,MLB-TRUNS-I9-01DRGBT4TNRS6MO-GTE-P00005,07/29/26 06:22 AM EDT,$0.40,1
20260729,KBO-WIN-FG-02HIFC68OKIF5K8-SANS000,07/29/26 06:24 AM EDT,$0.15,31
20260729,KBO-WIN-FG-02HIFC68OKIF5K8-SANS000,07/29/26 06:24 AM EDT,$0.15,625
20260729,KBO-WIN-FG-02HIFC5LOKIF4C0-HAES000,07/29/26 06:24 AM EDT,$0.46,10
20260729,KBO-WIN-FG-02HIFKVOOKIF2Q8-KIES000,07/29/26 06:24 AM EDT,$0.33,14
20260729,KBO-WIN-FG-02HIFKVOOKIF2Q8-KIES000,07/29/26 06:24 AM EDT,$0.33,417
20260729,KBO-WIN-FG-02HIFKVOOKIF2Q8-KIES000,07/29/26 06:25 AM EDT,$0.33,14
20260729,KBO-TRUNS-FG-02HIFC5LOKIF4C0-GTE-P00095,07/29/26 06:25 AM EDT,$0.38,176
20260729,KBO-WIN-FG-02HIFKVOOKIF2Q8-LGNS000,07/29/26 06:25 AM EDT,$0.70,41
20260729,KBO-WIN-FG-02HIFKVOOKIF2Q8-KIES000,07/29/26 06:25 AM EDT,$0.33,5
20260729,KBO-MOVY-FG-02HIFC68OKIF5K8-KIRS000-GTE-P00055,07/29/26 06:25 AM EDT,$0.50,18
20260729,KBO-MOVY-FG-02HIFC68OKIF5K8-SANS000-GTE-P00015,07/29/26 06:26 AM EDT,$0.12,14
20260729,KBO-TRUNS-FG-02HIFC68OKIF5K8-GTE-P00155,07/29/26 06:26 AM EDT,$0.56,9
20260729,MLB-PHRR-FG-01DRH5CMTNRRJNO-TEEZ000-GTE-P00015,07/29/26 06:26 AM EDT,$0.49,1
20260729,KBO-WIN-FG-02HIFC5LOKIF4C0-HAES000,07/29/26 06:29 AM EDT,$0.39,1200
20260729,KBO-WIN-FG-02HIFKVOOKIF2Q8-KIES000,07/29/26 06:29 AM EDT,$0.44,43
20260729,KBO-WIN-FG-02HIFKVOOKIF2Q8-KIES000,07/29/26 06:29 AM EDT,$0.43,43
20260729,KBO-TRUNS-FG-02HIFC25OKIF498-GTE-P00095,07/29/26 06:29 AM EDT,$0.52,20
20260729,KBO-WIN-FG-02HIFKVOOKIF2Q8-KIES000,07/29/26 06:29 AM EDT,$0.43,986
20260729,KBO-WIN-FG-02HIFC68OKIF5K8-SANS000,07/29/26 06:30 AM EDT,$0.12,254
20260729,KBO-WIN-FG-02HIFC5LOKIF4C0-HAES000,07/29/26 06:30 AM EDT,$0.48,13
20260729,KBO-WIN-FG-02HIFKVOOKIF2Q8-KIES000,07/29/26 06:30 AM EDT,$0.44,17
20260729,KBO-WIN-FG-02HIFC68OKIF5K8-KIRS000,07/29/26 06:30 AM EDT,$0.90,27
20260729,MLB-TRUNS-I1-01DRGBS5TNRS7RO-GTE-P00005,07/29/26 06:30 AM EDT,$0.50,1
20260729,KBO-MOVY-FG-02HIFKU8OKIF38O-DORS000-GTE-P00025,07/29/26 06:31 AM EDT,$0.12,9
20260729,KBO-WIN-FG-02HIFC68OKIF5K8-KIRS000,07/29/26 06:31 AM EDT,$0.88,27
20260729,KBO-WIN-FG-02HIFC5LOKIF4C0-LOTS001,07/29/26 06:31 AM EDT,$0.55,35
20260729,KBO-MOVY-FG-02HIFKVOOKIF2Q8-LGNS000-GTE-P00015,07/29/26 06:31 AM EDT,$0.45,73
20260729,KBO-WIN-FG-02HIFC5LOKIF4C0-LOTS001,07/29/26 06:31 AM EDT,$0.55,175
20260729,KBO-WIN-FG-02HIFC5LOKIF4C0-LOTS001,07/29/26 06:31 AM EDT,$0.55,49
20260729,KBO-WIN-FG-02HIFC68OKIF5K8-KIRS000,07/29/26 06:32 AM EDT,$0.89,5
20260729,KBO-TRUNS-FG-02HIFKU8OKIF38O-GTE-P00115,07/29/26 06:32 AM EDT,$0.35,74
20260729,KBO-WIN-FG-02HIFC68OKIF5K8-KIRS000,07/29/26 06:32 AM EDT,$0.87,5
20260729,KBO-WIN-FG-02HIFKVOOKIF2Q8-KIES000,07/29/26 06:32 AM EDT,$0.45,42
20260729,KBO-MOVY-FG-02HIFKVOOKIF2Q8-LGNS000-GTE-P00005,07/29/26 06:32 AM EDT,$0.50,3
20260729,KBO-WIN-FG-02HIFC68OKIF5K8-SANS000,07/29/26 06:32 AM EDT,$0.13,357
20260729,KBO-TRUNS-FG-02HIFC25OKIF498-GTE-P00095,07/29/26 06:32 AM EDT,$0.60,311
20260729,KBO-TRUNS-FG-02HIFC25OKIF498-GTE-P00095,07/29/26 06:32 AM EDT,$0.61,39
20260729,KBO-TRUNS-FG-02HIFC25OKIF498-GTE-P00095,07/29/26 06:32 AM EDT,$0.60,189
20260729,KBO-TRUNS-FG-02HIFC25OKIF498-GTE-P00095,07/29/26 06:32 AM EDT,$0.60,161
20260729,KBO-TRUNS-FG-02HIFKU8OKIF38O-GTE-P00055,07/29/26 06:33 AM EDT,$0.83,350
20260729,KBO-WIN-FG-02HIFKVOOKIF2Q8-KIES000,07/29/26 06:33 AM EDT,$0.45,82
20260729,KBO-WIN-FG-02HIFC5LOKIF4C0-HAES000,07/29/26 06:33 AM EDT,$0.41,139
20260729,KBO-TRUNS-FG-02HIFC5LOKIF4C0-GTE-P00085,07/29/26 06:34 AM EDT,$0.44,10
20260729,KBO-WIN-FG-02HIFKU8OKIF38O-SSRS000,07/29/26 06:35 AM EDT,$0.76,64
20260729,KBO-WIN-FG-02HIFC5LOKIF4C0-HAES000,07/29/26 06:36 AM EDT,$0.42,350
20260729,KBO-WIN-FG-02HIFC5LOKIF4C0-LOTS001,07/29/26 06:36 AM EDT,$0.58,350
20260729,KBO-WIN-FG-02HIFC5LOKIF4C0-HAES000,07/29/26 06:36 AM EDT,$0.42,350
20260729,KBO-WIN-FG-02HIFC5LOKIF4C0-LOTS001,07/29/26 06:36 AM EDT,$0.58,350
20260729,KBO-WIN-FG-02HIFC5LOKIF4C0-HAES000,07/29/26 06:36 AM EDT,$0.42,350
20260729,KBO-WIN-FG-02HIFC5LOKIF4C0-LOTS001,07/29/26 06:36 AM EDT,$0.58,350
20260729,KBO-WIN-FG-02HIFC5LOKIF4C0-HAES000,07/29/26 06:36 AM EDT,$0.42,350
20260729,KBO-WIN-FG-02HIFC5LOKIF4C0-LOTS001,07/29/26 06:36 AM EDT,$0.58,350
20260729,KBO-WIN-FG-02HIFC5LOKIF4C0-HAES000,07/29/26 06:36 AM EDT,$0.42,324
20260729,KBO-WIN-FG-02HIFC5LOKIF4C0-LOTS001,07/29/26 06:36 AM EDT,$0.58,159
20260729,KBO-WIN-FG-02HIFC5LOKIF4C0-LOTS001,07/29/26 06:36 AM EDT,$0.58,191
20260729,KBO-WIN-FG-02HIFC5LOKIF4C0-LOTS001,07/29/26 06:36 AM EDT,$0.58,350
20260729,KBO-WIN-FG-02HIFC5LOKIF4C0-LOTS001,07/29/26 06:36 AM EDT,$0.58,350
20260729,KBO-WIN-FG-02HIFC5LOKIF4C0-LOTS001,07/29/26 06:36 AM EDT,$0.58,350
20260729,KBO-WIN-FG-02HIFKVOOKIF2Q8-KIES000,07/29/26 06:36 AM EDT,$0.41,116
20260729,KBO-TRUNS-FG-02HIFC68OKIF5K8-GTE-P00155,07/29/26 06:36 AM EDT,$0.42,72
20260729,KBO-WIN-FG-02HIFC5LOKIF4C0-LOTS001,07/29/26 06:36 AM EDT,$0.46,10
20260729,KBO-WIN-FG-02HIFC68OKIF5K8-SANS000,07/29/26 06:37 AM EDT,$0.14,6
20260729,KBO-WIN-FG-02HIFKU8OKIF38O-DORS000,07/29/26 06:37 AM EDT,$0.23,7
20260729,KBO-WIN-FG-02HIFKU8OKIF38O-DORS000,07/29/26 06:38 AM EDT,$0.19,37
20260729,KBO-WIN-FG-02HIFKVOOKIF2Q8-KIES000,07/29/26 06:38 AM EDT,$0.41,4
20260729,KBO-WIN-FG-02HIFC5LOKIF4C0-LOTS001,07/29/26 06:38 AM EDT,$0.45,1
20260729,KBO-WIN-FG-02HIFC5LOKIF4C0-LOTS001,07/29/26 06:38 AM EDT,$0.45,4
20260729,KBO-WIN-FG-02HIFC5LOKIF4C0-HAES000,07/29/26 06:38 AM EDT,$0.58,17
20260729,KBO-TRUNS-FG-02HIFKU8OKIF38O-GTE-P00065,07/29/26 06:39 AM EDT,$0.97,142
20260729,KBO-WIN-FG-02HIFKVOOKIF2Q8-KIES000,07/29/26 06:39 AM EDT,$0.34,1
20260729,MLB-WIN-IT5-01DRH5ANTNRRIEO-HOOS000,07/29/26 06:40 AM EDT,$0.56,3
20260729,KBO-TRUNS-FG-02HIFKVOOKIF2Q8-GTE-P00115,07/29/26 06:40 AM EDT,$0.61,12
20260729,KBO-WIN-FG-02HIFC25OKIF498-NCOS000,07/29/26 06:40 AM EDT,$0.28,16
20260729,KBO-WIN-FG-02HIFKVOOKIF2Q8-LGNS000,07/29/26 06:40 AM EDT,$0.64,350
20260729,KBO-WIN-FG-02HIFKVOOKIF2Q8-LGNS000,07/29/26 06:40 AM EDT,$0.64,350
20260729,KBO-WIN-FG-02HIFKVOOKIF2Q8-LGNS000,07/29/26 06:40 AM EDT,$0.64,350
20260729,KBO-WIN-FG-02HIFC68OKIF5K8-KIRS000,07/29/26 06:41 AM EDT,$0.85,350
20260729,KBO-MOVY-FG-02HIFC68OKIF5K8-SANS000-GTE-P00015,07/29/26 06:41 AM EDT,$0.02,50
20260729,KBO-TRUNS-FG-02HIFC5LOKIF4C0-GTE-P00085,07/29/26 06:41 AM EDT,$0.54,462
20260729,KBO-TRUNS-FG-02HIFC5LOKIF4C0-GTE-P00085,07/29/26 06:41 AM EDT,$0.55,50
20260729,KBO-WIN-FG-02HIFC68OKIF5K8-SANS000,07/29/26 06:42 AM EDT,$0.08,15
20260729,KBO-WIN-FG-02HIFC5LOKIF4C0-HAES000,07/29/26 06:42 AM EDT,$0.56,18
20260729,KBO-WIN-FG-02HIFC25OKIF498-NCOS000,07/29/26 06:42 AM EDT,$0.21,38
20260729,KBO-MOVY-FG-02HIFC68OKIF5K8-SANS000-GTE-P00015,07/29/26 06:42 AM EDT,$0.02,5
20260729,KBO-WIN-FG-02HIFKU8OKIF38O-DORS000,07/29/26 06:42 AM EDT,$0.18,32
20260729,KBO-WIN-FG-02HIFC5LOKIF4C0-HAES000,07/29/26 06:42 AM EDT,$0.53,17
20260729,KBO-WIN-FG-02HIFC68OKIF5K8-KIRS000,07/29/26 06:42 AM EDT,$0.92,1
20260729,KBO-TRUNS-FG-02HIFC25OKIF498-GTE-P00105,07/29/26 06:43 AM EDT,$0.57,241
20260729,KBO-TRUNS-FG-02HIFC5LOKIF4C0-GTE-P00085,07/29/26 06:44 AM EDT,$0.52,454
20260729,MLB-TRUNS-I1-01DRGBPVTNRS63O-GTE-P00005,07/29/26 06:45 AM EDT,$0.48,1
20260729,KBO-WIN-FG-02HIFKVOOKIF2Q8-KIES000,07/29/26 06:45 AM EDT,$0.36,1
20260729,KBO-WIN-FG-02HIFKVOOKIF2Q8-KIES000,07/29/26 06:45 AM EDT,$0.36,13
20260729,KBO-WIN-FG-02HIFC5LOKIF4C0-LOTS001,07/29/26 06:45 AM EDT,$0.42,17
20260729,MLB-TRUNS-I1-01DRGBT4TNRS7KG-GTE-P00005,07/29/26 06:45 AM EDT,$0.52,1
20260729,KBO-TRUNS-FG-02HIFC68OKIF5K8-GTE-P00145,07/29/26 06:45 AM EDT,$0.45,87
20260729,MLB-TRUNS-I1-01DRGBT4TNRS7KG-GTE-P00015,07/29/26 06:45 AM EDT,$0.31,1
20260729,MLB-TRUNS-I1-01DRGBPVTNRS63O-GTE-P00015,07/29/26 06:45 AM EDT,$0.26,1
20260729,KBO-MOVY-FG-02HIFC25OKIF498-KTON000-GTE-P00015,07/29/26 06:46 AM EDT,$0.48,4
20260729,KBO-WIN-FG-02HIFKVOOKIF2Q8-KIES000,07/29/26 06:46 AM EDT,$0.38,4
20260729,KBO-TRUNS-FG-02HIFC5LOKIF4C0-GTE-P00085,07/29/26 06:47 AM EDT,$0.48,27
20260729,KBO-WIN-FG-02HIFKU8OKIF38O-DORS000,07/29/26 06:47 AM EDT,$0.16,40
20260729,KBO-WIN-FG-02HIFC5LOKIF4C0-LOTS001,07/29/26 06:47 AM EDT,$0.41,11
20260729,KBO-WIN-FG-02HIFKVOOKIF2Q8-KIES000,07/29/26 06:47 AM EDT,$0.43,97
20260729,KBO-WIN-FG-02HIFC5LOKIF4C0-LOTS001,07/29/26 06:47 AM EDT,$0.41,116
20260729,KBO-WIN-FG-02HIFKVOOKIF2Q8-KIES000,07/29/26 06:47 AM EDT,$0.43,11
20260729,KBO-WIN-FG-02HIFC5LOKIF4C0-LOTS001,07/29/26 06:47 AM EDT,$0.41,116
20260729,KBO-TRUNS-FG-02HIFC5LOKIF4C0-GTE-P00085,07/29/26 06:47 AM EDT,$0.47,9
20260729,KBO-WIN-FG-02HIFKU8OKIF38O-SSRS000,07/29/26 06:47 AM EDT,$0.86,20
20260729,KBO-WIN-FG-02HIFKVOOKIF2Q8-KIES000,07/29/26 06:49 AM EDT,$0.48,4
20260729,KBO-TRUNS-FG-02HIFC25OKIF498-GTE-P00105,07/29/26 06:49 AM EDT,$0.47,9
20260729,KBO-WIN-FG-02HIFKVOOKIF2Q8-LGNS000,07/29/26 06:49 AM EDT,$0.50,38
20260729,KBO-WIN-FG-02HIFC5LOKIF4C0-LOTS001,07/29/26 06:49 AM EDT,$0.41,5
20260729,NWSL-DWIN-FG-000A28SHI788EU0-RAEW001,07/29/26 06:49 AM EDT,$0.19,40
20260729,KBO-WIN-FG-02HIFC5LOKIF4C0-LOTS001,07/29/26 06:49 AM EDT,$0.41,11
20260729,KBO-TRUNS-FG-02HIFC68OKIF5K8-GTE-P00125,07/29/26 06:49 AM EDT,$0.62,16
20260729,KBO-TRUNS-FG-02HIFC68OKIF5K8-GTE-P00125,07/29/26 06:49 AM EDT,$0.62,109
20260729,KBO-WIN-FG-02HIFKVOOKIF2Q8-LGNS000,07/29/26 06:49 AM EDT,$0.51,141
20260729,KBO-WIN-FG-02HIFKVOOKIF2Q8-KIES000,07/29/26 06:50 AM EDT,$0.51,9
20260729,KBO-WIN-FG-02HIFKU8OKIF38O-DORS000,07/29/26 06:50 AM EDT,$0.16,147
20260729,KBO-WIN-FG-02HIFKVOOKIF2Q8-LGNS000,07/29/26 06:50 AM EDT,$0.52,3
20260729,KBO-WIN-FG-02HIFC5LOKIF4C0-LOTS001,07/29/26 06:50 AM EDT,$0.40,47
20260729,KBO-MOVY-FG-02HIFKVOOKIF2Q8-KIES000-GTE-P00005,07/29/26 06:50 AM EDT,$0.49,26
20260729,KBO-WIN-FG-02HIFKU8OKIF38O-SSRS000,07/29/26 06:51 AM EDT,$0.87,112
20260729,KBO-WIN-FG-02HIFKVOOKIF2Q8-KIES000,07/29/26 06:51 AM EDT,$0.50,48
20260729,KBO-WIN-FG-02HIFC25OKIF498-NCOS000,07/29/26 06:51 AM EDT,$0.26,350
20260729,KBO-WIN-FG-02HIFC25OKIF498-KTON000,07/29/26 06:51 AM EDT,$0.74,350
20260729,KBO-WIN-FG-02HIFC25OKIF498-NCOS000,07/29/26 06:51 AM EDT,$0.26,350
20260729,KBO-WIN-FG-02HIFC25OKIF498-KTON000,07/29/26 06:51 AM EDT,$0.74,350
20260729,KBO-WIN-FG-02HIFC25OKIF498-NCOS000,07/29/26 06:51 AM EDT,$0.26,262
20260729,KBO-WIN-FG-02HIFC25OKIF498-NCOS000,07/29/26 06:51 AM EDT,$0.26,88
20260729,KBO-WIN-FG-02HIFC25OKIF498-KTON000,07/29/26 06:51 AM EDT,$0.74,350
20260729,KBO-WIN-FG-02HIFC25OKIF498-NCOS000,07/29/26 06:51 AM EDT,$0.26,350
20260729,KBO-WIN-FG-02HIFC25OKIF498-KTON000,07/29/26 06:51 AM EDT,$0.74,350
20260729,MLB-TRUNS-I1-01DRGBPVTNRS63O-GTE-P00005,07/29/26 06:51 AM EDT,$0.48,1
20260729,KBO-MOVY-FG-02HIFC68OKIF5K8-KIRS000-GTE-P00055,07/29/26 06:52 AM EDT,$0.49,161
20260729,KBO-MOVY-FG-02HIFC68OKIF5K8-KIRS000-GTE-P00045,07/29/26 06:53 AM EDT,$0.56,39
20260729,KBO-WIN-FG-02HIFC68OKIF5K8-SANS000,07/29/26 06:54 AM EDT,$0.07,357
20260729,KBO-TRUNS-FG-02HIFC5LOKIF4C0-GTE-P00075,07/29/26 06:54 AM EDT,$0.66,620
20260729,KBO-WIN-FG-02HIFC5LOKIF4C0-LOTS001,07/29/26 06:54 AM EDT,$0.35,27
20260729,KBO-WIN-FG-02HIFKU8OKIF38O-SSRS000,07/29/26 06:54 AM EDT,$0.85,22
20260729,KBO-TRUNS-FG-02HIFC68OKIF5K8-GTE-P00145,07/29/26 06:55 AM EDT,$0.41,11
20260729,KBO-WIN-FG-02HIFKU8OKIF38O-DORS000,07/29/26 06:55 AM EDT,$0.19,50
20260729,KBO-MOVY-FG-02HIFKVOOKIF2Q8-LGNS000-GTE-P00025,07/29/26 06:55 AM EDT,$0.16,5
20260729,KBO-WIN-FG-02HIFC5LOKIF4C0-LOTS001,07/29/26 06:55 AM EDT,$0.38,2
20260729,KBO-TRUNS-FG-02HIFC68OKIF5K8-GTE-P00145,07/29/26 06:56 AM EDT,$0.41,27
20260729,KBO-TRUNS-FG-02HIFC68OKIF5K8-GTE-P00145,07/29/26 06:56 AM EDT,$0.41,11
20260729,KBO-TRUNS-FG-02HIFC5LOKIF4C0-GTE-P00105,07/29/26 06:56 AM EDT,$0.19,851
20260729,KBO-MOVY-FG-02HIFKU8OKIF38O-SSRS000-GTE-P00025,07/29/26 06:57 AM EDT,$0.47,20
20260729,MLB-TRUNS-I1-01DRGBT4TNRS7KG-GTE-P00005,07/29/26 06:58 AM EDT,$0.44,1
20260729,KBO-MOVY-FG-02HIFKVOOKIF2Q8-KIES000-GTE-P00015,07/29/26 06:58 AM EDT,$0.54,2
20260729,KBO-WIN-FG-02HIFKU8OKIF38O-DORS000,07/29/26 06:58 AM EDT,$0.19,5
20260729,KBO-WIN-FG-02HIFC68OKIF5K8-SANS000,07/29/26 06:59 AM EDT,$0.08,11
20260729,MLB-TRUNS-I1-01DRGBT4TNRS7KG-GTE-P00005,07/29/26 06:59 AM EDT,$0.52,1
20260729,KBO-TRUNS-FG-02HIFC68OKIF5K8-GTE-P00155,07/29/26 07:00 AM EDT,$0.26,90
20260729,KBO-WIN-FG-02HIFC5LOKIF4C0-HAES000,07/29/26 07:00 AM EDT,$0.55,89
20260729,KBO-WIN-FG-02HIFC25OKIF498-NCOS000,07/29/26 07:00 AM EDT,$0.25,27
20260729,KBO-WIN-FG-02HIFKU8OKIF38O-DORS000,07/29/26 07:00 AM EDT,$0.19,34
20260729,KBO-WIN-FG-02HIFKU8OKIF38O-SSRS000,07/29/26 07:01 AM EDT,$0.85,22
20260729,KBO-MOVY-FG-02HIFC68OKIF5K8-KIRS000-GTE-P00055,07/29/26 07:01 AM EDT,$0.55,35
20260729,MLB-PHRR-FG-01DRGBS5TNRS7RO-CJMS000-GTE-P00015,07/29/26 07:01 AM EDT,$0.53,18
20260729,KBO-WIN-FG-02HIFC5LOKIF4C0-HAES000,07/29/26 07:01 AM EDT,$0.55,8
20260729,KBO-WIN-FG-02HIFC25OKIF498-KTON000,07/29/26 07:01 AM EDT,$0.79,30
20260729,KBO-WIN-FG-02HIFC68OKIF5K8-SANS000,07/29/26 07:01 AM EDT,$0.08,555
20260729,KBO-WIN-FG-02HIFC5LOKIF4C0-HAES000,07/29/26 07:01 AM EDT,$0.55,52
20260729,KBO-MOVY-FG-02HIFC68OKIF5K8-KIRS000-GTE-P00055,07/29/26 07:01 AM EDT,$0.55,27
20260729,KBO-WIN-FG-02HIFC25OKIF498-NCOS000,07/29/26 07:02 AM EDT,$0.24,192
20260729,KBO-WIN-FG-02HIFKVOOKIF2Q8-LGNS000,07/29/26 07:02 AM EDT,$0.34,94
20260729,KBO-WIN-FG-02HIFC5LOKIF4C0-HAES000,07/29/26 07:02 AM EDT,$0.55,10
20260729,KBO-TRUNS-FG-02HIFC5LOKIF4C0-GTE-P00085,07/29/26 07:02 AM EDT,$0.42,81
20260729,MLB-TRUNS-I1-01DRH5ELTNRRJRO-GTE-P00005,07/29/26 07:02 AM EDT,$0.43,1
20260729,KBO-MOVY-FG-02HIFC25OKIF498-KTON000-GTE-P00025,07/29/26 07:02 AM EDT,$0.47,25
20260729,KBO-MOVY-FG-02HIFC25OKIF498-KTON000-GTE-P00025,07/29/26 07:02 AM EDT,$0.48,20
20260729,KBO-WIN-FG-02HIFKVOOKIF2Q8-KIES000,07/29/26 07:03 AM EDT,$0.62,14
20260729,KBO-WIN-FG-02HIFKU8OKIF38O-DORS000,07/29/26 07:03 AM EDT,$0.13,14
20260729,MLB-TRUNS-I1-01DRH5ELTNRRJRO-GTE-P00005,07/29/26 07:03 AM EDT,$0.43,1
20260729,KBO-WIN-FG-02HIFKU8OKIF38O-SSRS000,07/29/26 07:04 AM EDT,$0.84,204
20260729,MLB-TRUNS-I1-01DRH5ELTNRRJRO-GTE-P00005,07/29/26 07:04 AM EDT,$0.43,1
20260729,KBO-WIN-FG-02HIFC5LOKIF4C0-HAES000,07/29/26 07:04 AM EDT,$0.55,8
20260729,MLB-TRUNS-I1-01DRH5ELTNRRJRO-GTE-P00005,07/29/26 07:04 AM EDT,$0.43,1
20260729,KBO-TRUNS-FG-02HIFKU8OKIF38O-GTE-P00095,07/29/26 07:04 AM EDT,$0.55,62
20260729,KBO-WIN-FG-02HIFKU8OKIF38O-SSRS000,07/29/26 07:04 AM EDT,$0.82,29
20260729,KBO-WIN-FG-02HIFC68OKIF5K8-SANS000,07/29/26 07:04 AM EDT,$0.08,55
20260729,KBO-MOVY-FG-02HIFC68OKIF5K8-KIRS000-GTE-P00065,07/29/26 07:05 AM EDT,$0.45,117
20260729,KBO-WIN-FG-02HIFC5LOKIF4C0-HAES000,07/29/26 07:05 AM EDT,$0.54,178
20260729,KBO-WIN-FG-02HIFKVOOKIF2Q8-LGNS000,07/29/26 07:05 AM EDT,$0.40,6
20260729,KBO-TRUNS-FG-02HIFKU8OKIF38O-GTE-P00095,07/29/26 07:05 AM EDT,$0.45,3
20260729,KBO-WIN-FG-02HIFKU8OKIF38O-DORS000,07/29/26 07:05 AM EDT,$0.19,2
20260729,KBO-MOVY-FG-02HIFC68OKIF5K8-KIRS000-GTE-P00065,07/29/26 07:05 AM EDT,$0.45,32
20260729,KBO-TRUNS-FG-02HIFKU8OKIF38O-GTE-P00065,07/29/26 07:05 AM EDT,$0.86,35
20260729,KBO-MOVY-FG-02HIFKU8OKIF38O-SSRS000-GTE-P00025,07/29/26 07:06 AM EDT,$0.38,78
20260729,MLB-TRUNS-I1-01DRGBT4TNRS7KG-GTE-P00005,07/29/26 07:06 AM EDT,$0.44,1
20260729,KBO-WIN-FG-02HIFKU8OKIF38O-DORS000,07/29/26 07:06 AM EDT,$0.19,575
20260729,MLB-TRUNS-I2-01DRGBT4TNRS7KG-GTE-P00005,07/29/26 07:06 AM EDT,$0.41,1
20260729,KBO-WIN-FG-02HIFC5LOKIF4C0-LOTS001,07/29/26 07:06 AM EDT,$0.48,5
20260729,KBO-WIN-FG-02HIFC68OKIF5K8-SANS000,07/29/26 07:06 AM EDT,$0.08,1087
20260729,KBO-TRUNS-FG-02HIFKU8OKIF38O-GTE-P00095,07/29/26 07:07 AM EDT,$0.52,3
20260729,KBO-WIN-FG-02HIFKVOOKIF2Q8-KIES000,07/29/26 07:07 AM EDT,$0.59,350
20260729,KBO-TRUNS-FG-02HIFC5LOKIF4C0-GTE-P00085,07/29/26 07:07 AM EDT,$0.42,10
20260729,KBO-WIN-FG-02HIFKVOOKIF2Q8-LGNS000,07/29/26 07:07 AM EDT,$0.47,510
20260729,KBO-MOVY-FG-02HIFKVOOKIF2Q8-KIES000-GTE-P00015,07/29/26 07:08 AM EDT,$0.36,5
20260729,KBO-TRUNS-FG-02HIFKU8OKIF38O-GTE-P00095,07/29/26 07:08 AM EDT,$0.43,62
20260729,KBO-WIN-FG-02HIFKU8OKIF38O-DORS000,07/29/26 07:08 AM EDT,$0.21,21
20260729,KBO-MOVY-FG-02HIFC25OKIF498-KTON000-GTE-P00025,07/29/26 07:08 AM EDT,$0.77,45
20260729,KBO-TRUNS-FG-02HIFC5LOKIF4C0-GTE-P00085,07/29/26 07:08 AM EDT,$0.36,5
20260729,KBO-TRUNS-FG-02HIFC25OKIF498-GTE-P00095,07/29/26 07:09 AM EDT,$0.70,12
20260729,KBO-TRUNS-FG-02HIFC68OKIF5K8-GTE-P00095,07/29/26 07:09 AM EDT,$0.77,20
20260729,KBO-WIN-FG-02HIFC5LOKIF4C0-LOTS001,07/29/26 07:09 AM EDT,$0.40,7
20260729,KBO-TRUNS-FG-02HIFC5LOKIF4C0-GTE-P00085,07/29/26 07:09 AM EDT,$0.36,25
20260729,KBO-WIN-FG-02HIFKVOOKIF2Q8-KIES000,07/29/26 07:09 AM EDT,$0.44,21
20260729,KBO-WIN-FG-02HIFKVOOKIF2Q8-KIES000,07/29/26 07:10 AM EDT,$0.43,22
20260729,KBO-WIN-FG-02HIFKVOOKIF2Q8-KIES000,07/29/26 07:10 AM EDT,$0.44,54
20260729,KBO-WIN-FG-02HIFC5LOKIF4C0-LOTS001,07/29/26 07:10 AM EDT,$0.41,23
20260729,KBO-TRUNS-FG-02HIFKU8OKIF38O-GTE-P00085,07/29/26 07:10 AM EDT,$0.62,28
20260729,KBO-WIN-FG-02HIFKU8OKIF38O-DORS000,07/29/26 07:11 AM EDT,$0.18,80
20260729,MLB-TRUNS-I1-01DRH5CMTNRRJNO-GTE-P00005,07/29/26 07:11 AM EDT,$0.52,1
20260729,KBO-TRUNS-FG-02HIFC68OKIF5K8-GTE-P00115,07/29/26 07:11 AM EDT,$0.57,58
20260729,KBO-TRUNS-FG-02HIFC68OKIF5K8-GTE-P00115,07/29/26 07:11 AM EDT,$0.57,526
20260729,KBO-WIN-FG-02HIFC25OKIF498-NCOS000,07/29/26 07:11 AM EDT,$0.12,38
20260729,MLB-TRUNS-IT5-01DRH58PTNRRJ90-GTE-P00055,07/29/26 07:11 AM EDT,$0.50,3
20260729,MLB-MOVY-IT5-01DRH5CMTNRRJNO-SERS000-GTE-P00005,07/29/26 07:11 AM EDT,$0.42,4
20260729,KBO-MOVY-FG-02HIFC68OKIF5K8-KIRS000-GTE-P00055,07/29/26 07:11 AM EDT,$0.42,72
20260729,KBO-WIN-FG-02HIFC5LOKIF4C0-LOTS001,07/29/26 07:11 AM EDT,$0.31,3
20260729,KBO-WIN-FG-02HIFC5LOKIF4C0-LOTS001,07/29/26 07:13 AM EDT,$0.28,350
20260729,KBO-WIN-FG-02HIFC5LOKIF4C0-HAES000,07/29/26 07:13 AM EDT,$0.70,350
20260729,KBO-WIN-FG-02HIFC5LOKIF4C0-LOTS001,07/29/26 07:13 AM EDT,$0.28,350
20260729,KBO-WIN-FG-02HIFC5LOKIF4C0-HAES000,07/29/26 07:13 AM EDT,$0.72,350
20260729,KBO-WIN-FG-02HIFC68OKIF5K8-KIRS000,07/29/26 07:13 AM EDT,$0.93,350
20260729,KBO-WIN-FG-02HIFC25OKIF498-NCOS000,07/29/26 07:13 AM EDT,$0.12,438
20260729,MLB-TRUNS-I1-01DRGBT4TNRS7KG-GTE-P00005,07/29/26 07:13 AM EDT,$0.44,1
20260729,KBO-WIN-FG-02HIFKVOOKIF2Q8-KIES000,07/29/26 07:14 AM EDT,$0.37,350
20260729,KBO-WIN-FG-02HIFKVOOKIF2Q8-LGNS000,07/29/26 07:14 AM EDT,$0.63,350
20260729,MLB-TRUNS-I1-01DRGBT4TNRS7KG-GTE-P00005,07/29/26 07:14 AM EDT,$0.44,1
20260729,KBO-WIN-FG-02HIFC25OKIF498-KTON000,07/29/26 07:14 AM EDT,$0.91,40
20260729,KBO-WIN-FG-02HIFC68OKIF5K8-SANS000,07/29/26 07:14 AM EDT,$0.05,40
20260729,KBO-WIN-FG-02HIFKU8OKIF38O-DORS000,07/29/26 07:14 AM EDT,$0.16,73
20260729,KBO-MOVY-FG-02HIFKVOOKIF2Q8-LGNS000-GTE-P00015,07/29/26 07:15 AM EDT,$0.41,508
20260729,MLB-TRUNS-IT5-01DRGBS5TNRS7RO-GTE-P00055,07/29/26 07:15 AM EDT,$0.42,5
20260729,KBO-WIN-FG-02HIFKVOOKIF2Q8-KIES000,07/29/26 07:15 AM EDT,$0.41,23
20260729,KBO-MOVY-FG-02HIFKVOOKIF2Q8-LGNS000-GTE-P00005,07/29/26 07:15 AM EDT,$0.54,22
20260729,KBO-WIN-FG-02HIFKVOOKIF2Q8-LGNS000,07/29/26 07:16 AM EDT,$0.61,222
20260729,KBO-TRUNS-FG-02HIFC68OKIF5K8-GTE-P00135,07/29/26 07:16 AM EDT,$0.42,30
20260729,KBO-WIN-FG-02HIFKVOOKIF2Q8-KIES000,07/29/26 07:16 AM EDT,$0.40,1
20260729,KBO-WIN-FG-02HIFC5LOKIF4C0-LOTS001,07/29/26 07:16 AM EDT,$0.23,200
20260729,KBO-TRUNS-FG-02HIFC5LOKIF4C0-GTE-P00085,07/29/26 07:16 AM EDT,$0.50,3
20260729,KBO-TRUNS-FG-02HIFC5LOKIF4C0-GTE-P00085,07/29/26 07:16 AM EDT,$0.47,30
20260729,KBO-WIN-FG-02HIFKVOOKIF2Q8-KIES000,07/29/26 07:17 AM EDT,$0.47,136
20260729,KBO-WIN-FG-02HIFKVOOKIF2Q8-LGNS000,07/29/26 07:17 AM EDT,$0.54,19
20260729,KBO-WIN-FG-02HIFC25OKIF498-KTON000,07/29/26 07:17 AM EDT,$0.88,28
20260729,KBO-WIN-FG-02HIFKVOOKIF2Q8-KIES000,07/29/26 07:17 AM EDT,$0.45,20
20260729,KBO-WIN-FG-02HIFKVOOKIF2Q8-LGNS000,07/29/26 07:18 AM EDT,$0.68,350
20260729,KBO-WIN-FG-02HIFC5LOKIF4C0-HAES000,07/29/26 07:18 AM EDT,$0.76,10
20260729,KBO-WIN-FG-02HIFKU8OKIF38O-DORS000,07/29/26 07:18 AM EDT,$0.19,213
20260729,KBO-TRUNS-FG-02HIFC5LOKIF4C0-GTE-P00085,07/29/26 07:18 AM EDT,$0.41,491
20260729,KBO-MOVY-FG-02HIFC68OKIF5K8-KIRS000-GTE-P00045,07/29/26 07:18 AM EDT,$0.56,246
20260729,KBO-TRUNS-FG-02HIFKU8OKIF38O-GTE-P00105,07/29/26 07:19 AM EDT,$0.24,87
20260729,KBO-WIN-FG-02HIFKU8OKIF38O-DORS000,07/29/26 07:20 AM EDT,$0.18,526
20260729,KBO-WIN-FG-02HIFC5LOKIF4C0-LOTS001,07/29/26 07:20 AM EDT,$0.23,800
20260729,KBO-WIN-FG-02HIFC5LOKIF4C0-LOTS001,07/29/26 07:20 AM EDT,$0.20,5
20260729,KBO-WIN-FG-02HIFC68OKIF5K8-SANS000,07/29/26 07:20 AM EDT,$0.07,350
20260729,KBO-WIN-FG-02HIFC5LOKIF4C0-LOTS001,07/29/26 07:21 AM EDT,$0.23,20
20260729,KBO-WIN-FG-02HIFC68OKIF5K8-SANS000,07/29/26 07:21 AM EDT,$0.08,55
20260729,KBO-WIN-FG-02HIFKVOOKIF2Q8-KIES000,07/29/26 07:21 AM EDT,$0.17,289
20260729,KBO-TRUNS-FG-02HIFKU8OKIF38O-GTE-P00095,07/29/26 07:21 AM EDT,$0.34,9
20260729,KBO-WIN-FG-02HIFC68OKIF5K8-SANS000,07/29/26 07:21 AM EDT,$0.08,222
20260729,KBO-MOVY-FG-02HIFC5LOKIF4C0-HAES000-GTE-P00015,07/29/26 07:22 AM EDT,$0.48,200
20260729,KBO-WIN-FG-02HIFKU8OKIF38O-DORS000,07/29/26 07:22 AM EDT,$0.24,1
20260729,KBO-WIN-FG-02HIFKVOOKIF2Q8-KIES000,07/29/26 07:22 AM EDT,$0.12,76
20260729,KBO-WIN-FG-02HIFKVOOKIF2Q8-KIES000,07/29/26 07:22 AM EDT,$0.12,38
20260729,KBO-WIN-FG-02HIFC68OKIF5K8-SANS000,07/29/26 07:22 AM EDT,$0.08,166
20260729,KBO-WIN-FG-02HIFC5LOKIF4C0-LOTS001,07/29/26 07:22 AM EDT,$0.23,40
20260729,MLB-TRUNS-IT5-01DRGBT4TNRS7KG-GTE-P00045,07/29/26 07:23 AM EDT,$0.45,83
20260729,KBO-TRUNS-FG-02HIFKU8OKIF38O-GTE-P00095,07/29/26 07:23 AM EDT,$0.41,81
20260729,KBO-TRUNS-FG-02HIFKU8OKIF38O-GTE-P00105,07/29/26 07:23 AM EDT,$0.29,54
20260729,KBO-TRUNS-FG-02HIFC68OKIF5K8-GTE-P00125,07/29/26 07:24 AM EDT,$0.50,1
20260729,KBO-WIN-FG-02HIFKU8OKIF38O-SSRS000,07/29/26 07:24 AM EDT,$0.82,350
20260729,KBO-WIN-FG-02HIFKU8OKIF38O-DORS000,07/29/26 07:24 AM EDT,$0.18,350
20260729,KBO-WIN-FG-02HIFKU8OKIF38O-SSRS000,07/29/26 07:24 AM EDT,$0.82,350
20260729,KBO-WIN-FG-02HIFKU8OKIF38O-DORS000,07/29/26 07:24 AM EDT,$0.18,350
20260729,KBO-WIN-FG-02HIFKU8OKIF38O-SSRS000,07/29/26 07:24 AM EDT,$0.82,350
20260729,KBO-WIN-FG-02HIFKU8OKIF38O-DORS000,07/29/26 07:24 AM EDT,$0.18,350
20260729,KBO-TRUNS-FG-02HIFC25OKIF498-GTE-P00105,07/29/26 07:24 AM EDT,$0.49,188
20260729,KBO-MOVY-FG-02HIFKVOOKIF2Q8-LGNS000-GTE-P00025,07/29/26 07:24 AM EDT,$0.51,39
20260729,KBO-TRUNS-FG-02HIFC5LOKIF4C0-GTE-P00085,07/29/26 07:24 AM EDT,$0.43,169
20260729,KBO-WIN-FG-02HIFC68OKIF5K8-SANS000,07/29/26 07:24 AM EDT,$0.08,100
20260729,MLB-TRUNS-I1-01DRH5ELTNRRJRO-GTE-P00005,07/29/26 07:25 AM EDT,$0.43,1
20260729,MLB-TRUNS-I1-01DRGBTTTNRS7KO-GTE-P00005,07/29/26 07:25 AM EDT,$0.45,1
20260729,KBO-WIN-FG-02HIFKVOOKIF2Q8-KIES000,07/29/26 07:25 AM EDT,$0.12,90
20260729,KBO-WIN-FG-02HIFC25OKIF498-NCOS000,07/29/26 07:25 AM EDT,$0.09,10
20260729,KBO-WIN-FG-02HIFKVOOKIF2Q8-KIES000,07/29/26 07:25 AM EDT,$0.12,38
20260729,KBO-TRUNS-FG-02HIFC68OKIF5K8-GTE-P00125,07/29/26 07:25 AM EDT,$0.50,190
20260729,KBO-WIN-FG-02HIFKVOOKIF2Q8-KIES000,07/29/26 07:25 AM EDT,$0.12,3
20260729,KBO-MOVY-FG-02HIFC5LOKIF4C0-HAES000-GTE-P00015,07/29/26 07:25 AM EDT,$0.46,17
20260729,KBO-WIN-FG-02HIFKVOOKIF2Q8-KIES000,07/29/26 07:25 AM EDT,$0.12,80
20260729,KBO-MOVY-FG-02HIFC5LOKIF4C0-HAES000-GTE-P00015,07/29/26 07:25 AM EDT,$0.46,350
20260729,KBO-WIN-FG-02HIFKVOOKIF2Q8-KIES000,07/29/26 07:25 AM EDT,$0.10,136
20260729,KBO-WIN-FG-02HIFKVOOKIF2Q8-KIES000,07/29/26 07:25 AM EDT,$0.10,20
20260729,KBO-WIN-FG-02HIFC25OKIF498-NCOS000,07/29/26 07:26 AM EDT,$0.09,10
20260729,KBO-WIN-FG-02HIFC5LOKIF4C0-LOTS001,07/29/26 07:26 AM EDT,$0.28,68
20260729,KBO-TRUNS-FG-02HIFC5LOKIF4C0-GTE-P00075,07/29/26 07:26 AM EDT,$0.47,545
20260729,KBO-MOVY-FG-02HIFKVOOKIF2Q8-LGNS000-GTE-P00005,07/29/26 07:27 AM EDT,$0.88,22
20260729,KBO-WIN-FG-02HIFC68OKIF5K8-SANS000,07/29/26 07:27 AM EDT,$0.10,90
20260729,KBO-WIN-FG-02HIFKVOOKIF2Q8-KIES000,07/29/26 07:27 AM EDT,$0.13,714
20260729,KBO-TRUNS-FG-02HIFC5LOKIF4C0-GTE-P00075,07/29/26 07:27 AM EDT,$0.50,4
20260729,KBO-WIN-FG-02HIFC5LOKIF4C0-HAES000,07/29/26 07:27 AM EDT,$0.75,14
20260729,KBO-TRUNS-FG-02HIFKU8OKIF38O-GTE-P00115,07/29/26 07:27 AM EDT,$0.12,27
20260729,KBO-TRUNS-FG-02HIFC5LOKIF4C0-GTE-P00075,07/29/26 07:27 AM EDT,$0.49,49
20260729,KBO-TRUNS-FG-02HIFKU8OKIF38O-GTE-P00095,07/29/26 07:28 AM EDT,$0.38,1
20260729,KBO-WIN-FG-02HIFKVOOKIF2Q8-KIES000,07/29/26 07:28 AM EDT,$0.13,21
20260729,KBO-WIN-FG-02HIFC5LOKIF4C0-LOTS001,07/29/26 07:28 AM EDT,$0.28,10
20260729,MLB-TRUNS-I1-01DRGBTTTNRS7KO-GTE-P00005,07/29/26 07:28 AM EDT,$0.45,1
20260729,KBO-TRUNS-FG-02HIFC5LOKIF4C0-GTE-P00085,07/29/26 07:28 AM EDT,$0.36,3
20260729,KBO-TRUNS-FG-02HIFC25OKIF498-GTE-P00105,07/29/26 07:29 AM EDT,$0.50,146
20260729,KBO-TRUNS-FG-02HIFC5LOKIF4C0-GTE-P00075,07/29/26 07:29 AM EDT,$0.50,1
20260729,KBO-TRUNS-FG-02HIFC5LOKIF4C0-GTE-P00075,07/29/26 07:29 AM EDT,$0.46,1
20260729,KBO-TRUNS-FG-02HIFC5LOKIF4C0-GTE-P00075,07/29/26 07:29 AM EDT,$0.43,114
20260729,KBO-WIN-FG-02HIFC68OKIF5K8-KIRS000,07/29/26 07:29 AM EDT,$0.93,27
20260729,KBO-WIN-FG-02HIFC5LOKIF4C0-LOTS001,07/29/26 07:30 AM EDT,$0.23,12
20260729,KBO-TRUNS-FG-02HIFC68OKIF5K8-GTE-P00125,07/29/26 07:30 AM EDT,$0.45,491
20260729,KBO-WIN-FG-02HIFKVOOKIF2Q8-LGNS000,07/29/26 07:30 AM EDT,$0.88,350
20260729,KBO-MOVY-FG-02HIFKVOOKIF2Q8-LGNS000-GTE-P00065,07/29/26 07:30 AM EDT,$0.05,14
20260729,NWSL-DWIN-FG-000A28SHI788EU0-DRAW,07/29/26 07:30 AM EDT,$0.20,45
20260729,KBO-WIN-FG-02HIFKU8OKIF38O-SSRS000,07/29/26 07:30 AM EDT,$0.92,27
20260729,MLB-TRUNS-IT5-01DRH5CMTNRRJNO-GTE-P00055,07/29/26 07:31 AM EDT,$0.43,16
20260729,KBO-TRUNS-FG-02HIFC5LOKIF4C0-GTE-P00075,07/29/26 07:32 AM EDT,$0.42,1
20260729,KBO-TRUNS-FG-02HIFKU8OKIF38O-GTE-P00095,07/29/26 07:34 AM EDT,$0.44,700
20260729,KBO-TRUNS-FG-02HIFC5LOKIF4C0-GTE-P00075,07/29/26 07:34 AM EDT,$0.49,7
20260729,KBO-WIN-FG-02HIFC5LOKIF4C0-HAES000,07/29/26 07:34 AM EDT,$0.73,43
20260729,MLB-TRUNS-I1-01DRGBT4TNRS6MO-GTE-P00005,07/29/26 07:34 AM EDT,$0.39,1
20260729,MLB-TRUNS-IT5-01DRGBT4TNRS7KG-GTE-P00045,07/29/26 07:34 AM EDT,$0.45,8
20260729,KBO-TRUNS-FG-02HIFC5LOKIF4C0-GTE-P00075,07/29/26 07:35 AM EDT,$0.45,175
20260729,KBO-TRUNS-FG-02HIFC5LOKIF4C0-GTE-P00065,07/29/26 07:36 AM EDT,$0.57,20
20260729,KBO-WIN-FG-02HIFC5LOKIF4C0-LOTS001,07/29/26 07:36 AM EDT,$0.18,10
20260729,KBO-MOVY-FG-02HIFKU8OKIF38O-SSRS000-GTE-P00025,07/29/26 07:36 AM EDT,$0.78,98
20260729,KBO-TRUNS-FG-02HIFC5LOKIF4C0-GTE-P00075,07/29/26 07:36 AM EDT,$0.35,22
20260729,KBO-MOVY-FG-02HIFC5LOKIF4C0-HAES000-GTE-P00015,07/29/26 07:36 AM EDT,$0.40,183
20260729,KBO-MOVY-FG-02HIFC5LOKIF4C0-HAES000-GTE-P00015,07/29/26 07:36 AM EDT,$0.40,17
20260729,KBO-TRUNS-FG-02HIFC5LOKIF4C0-GTE-P00065,07/29/26 07:36 AM EDT,$0.57,94
20260729,KBO-WIN-FG-02HIFKVOOKIF2Q8-KIES000,07/29/26 07:36 AM EDT,$0.20,2
20260729,KBO-WIN-FG-02HIFKU8OKIF38O-DORS000,07/29/26 07:37 AM EDT,$0.04,16
20260729,KBO-TRUNS-FG-02HIFC5LOKIF4C0-GTE-P00065,07/29/26 07:37 AM EDT,$0.57,11
20260729,KBO-TRUNS-FG-02HIFC5LOKIF4C0-GTE-P00065,07/29/26 07:37 AM EDT,$0.65,5
20260729,KBO-MOVY-FG-02HIFC25OKIF498-KTON000-GTE-P00015,07/29/26 07:37 AM EDT,$0.83,164
20260729,KBO-WIN-FG-02HIFC5LOKIF4C0-HAES000,07/29/26 07:37 AM EDT,$0.80,14
20260729,KBO-TRUNS-FG-02HIFC5LOKIF4C0-GTE-P00065,07/29/26 07:37 AM EDT,$0.57,12
20260729,KBO-TRUNS-FG-02HIFC5LOKIF4C0-GTE-P00075,07/29/26 07:37 AM EDT,$0.38,24
20260729,KBO-MOVY-FG-02HIFC5LOKIF4C0-HAES000-GTE-P00015,07/29/26 07:38 AM EDT,$0.38,156
20260729,KBO-WIN-FG-02HIFC5LOKIF4C0-LOTS001,07/29/26 07:38 AM EDT,$0.19,55
20260729,KBO-TRUNS-FG-02HIFC25OKIF498-GTE-P00095,07/29/26 07:38 AM EDT,$0.55,6
20260729,MLB-TRUNS-I1-01DRGBT4TNRS7KG-GTE-P00005,07/29/26 07:38 AM EDT,$0.44,1
20260729,KBO-WIN-FG-02HIFC25OKIF498-KTON000,07/29/26 07:38 AM EDT,$0.93,31
20260729,KBO-TRUNS-FG-02HIFKU8OKIF38O-GTE-P00095,07/29/26 07:39 AM EDT,$0.56,6
20260729,KBO-WIN-FG-02HIFKVOOKIF2Q8-KIES000,07/29/26 07:39 AM EDT,$0.18,350
20260729,KBO-WIN-FG-02HIFKVOOKIF2Q8-KIES000,07/29/26 07:39 AM EDT,$0.18,350
20260729,KBO-WIN-FG-02HIFKVOOKIF2Q8-KIES000,07/29/26 07:39 AM EDT,$0.18,350
20260729,KBO-WIN-FG-02HIFKVOOKIF2Q8-KIES000,07/29/26 07:39 AM EDT,$0.18,170
20260729,MLB-TRUNS-I1-01DRGBPVTNRS63O-GTE-P00035,07/29/26 07:39 AM EDT,$0.01,1
20260729,KBO-WIN-FG-02HIFKVOOKIF2Q8-KIES000,07/29/26 07:39 AM EDT,$0.28,130
20260729,KBO-WIN-FG-02HIFKU8OKIF38O-DORS000,07/29/26 07:40 AM EDT,$0.05,16
20260729,MLB-WIN-IT5-01DRH59GTNRRIEG-CHBS000,07/29/26 07:40 AM EDT,$0.54,35
20260729,MLB-PHRR-FG-01DRH58PTNRRJ90-CELA000-GTE-P00035,07/29/26 07:40 AM EDT,$0.30,1
20260729,KBO-MOVY-FG-02HIFKVOOKIF2Q8-LGNS000-GTE-P00015,07/29/26 07:40 AM EDT,$0.54,312
20260729,KBO-WIN-FG-02HIFC5LOKIF4C0-HAES000,07/29/26 07:41 AM EDT,$0.78,187
20260729,KBO-TRUNS-FG-02HIFKU8OKIF38O-GTE-P00095,07/29/26 07:41 AM EDT,$0.48,7
20260729,KBO-WIN-FG-02HIFKVOOKIF2Q8-KIES000,07/29/26 07:41 AM EDT,$0.28,166
20260729,KBO-WIN-FG-02HIFKVOOKIF2Q8-LGNS000,07/29/26 07:41 AM EDT,$0.73,350
20260729,KBO-WIN-FG-02HIFKVOOKIF2Q8-KIES000,07/29/26 07:41 AM EDT,$0.28,350
20260729,KBO-WIN-FG-02HIFKVOOKIF2Q8-LGNS000,07/29/26 07:41 AM EDT,$0.73,350
20260729,KBO-WIN-FG-02HIFKVOOKIF2Q8-KIES000,07/29/26 07:41 AM EDT,$0.28,350
20260729,KBO-TRUNS-FG-02HIFC68OKIF5K8-GTE-P00115,07/29/26 07:41 AM EDT,$0.68,350
20260729,KBO-WIN-FG-02HIFC68OKIF5K8-SANS000,07/29/26 07:41 AM EDT,$0.28,1
20260729,KBO-TRUNS-FG-02HIFKU8OKIF38O-GTE-P00105,07/29/26 07:42 AM EDT,$0.33,2
20260729,KBO-WIN-FG-02HIFKU8OKIF38O-DORS000,07/29/26 07:42 AM EDT,$0.03,21
20260729,KBO-WIN-FG-02HIFKU8OKIF38O-DORS000,07/29/26 07:42 AM EDT,$0.06,57
20260729,KBO-WIN-FG-02HIFKU8OKIF38O-DORS000,07/29/26 07:42 AM EDT,$0.06,714
20260729,KBO-WIN-FG-02HIFKVOOKIF2Q8-KIES000,07/29/26 07:42 AM EDT,$0.39,243
20260729,KBO-WIN-FG-02HIFC68OKIF5K8-KIRS000,07/29/26 07:42 AM EDT,$0.77,6
20260729,KBO-TRUNS-FG-02HIFC5LOKIF4C0-GTE-P00075,07/29/26 07:43 AM EDT,$0.40,312
20260729,KBO-TRUNS-FG-02HIFC5LOKIF4C0-GTE-P00075,07/29/26 07:43 AM EDT,$0.40,12
20260729,KBO-WIN-FG-02HIFKVOOKIF2Q8-LGNS000,07/29/26 07:43 AM EDT,$0.67,28
20260729,KBO-WIN-FG-02HIFC5LOKIF4C0-HAES000,07/29/26 07:43 AM EDT,$0.85,57
20260729,KBO-WIN-FG-02HIFKU8OKIF38O-SSRS000,07/29/26 07:43 AM EDT,$0.97,26
20260729,KBO-MOVY-FG-02HIFC5LOKIF4C0-HAES000-GTE-P00015,07/29/26 07:43 AM EDT,$0.44,200
20260729,KBO-MOVY-FG-02HIFC68OKIF5K8-KIRS000-GTE-P00015,07/29/26 07:43 AM EDT,$0.57,4
20260729,KBO-TRUNS-FG-02HIFKU8OKIF38O-GTE-P00125,07/29/26 07:44 AM EDT,$0.11,137
20260729,KBO-WIN-FG-02HIFC68OKIF5K8-KIRS000,07/29/26 07:44 AM EDT,$0.77,10
20260729,KBO-TRUNS-FG-02HIFC5LOKIF4C0-GTE-P00075,07/29/26 07:44 AM EDT,$0.43,277
20260729,KBO-MOVY-FG-02HIFC68OKIF5K8-KIRS000-GTE-P00015,07/29/26 07:44 AM EDT,$0.61,453
20260729,MLB-TRUNS-IT5-01DRGBT4TNRS7KG-GTE-P00045,07/29/26 07:44 AM EDT,$0.45,70
20260729,MLB-TRUNS-I1-01DRGBT4TNRS6MO-GTE-P00005,07/29/26 07:44 AM EDT,$0.39,1
20260729,MLB-TRUNS-I1-01DRGBT4TNRS6MO-GTE-P00005,07/29/26 07:44 AM EDT,$0.47,1
20260729,KBO-WIN-FG-02HIFC68OKIF5K8-SANS000,07/29/26 07:45 AM EDT,$0.24,19
20260729,KBO-TRUNS-FG-02HIFC68OKIF5K8-GTE-P00145,07/29/26 07:45 AM EDT,$0.44,153
20260729,MLB-TRUNS-I1-01DRGBT4TNRS6MO-GTE-P00005,07/29/26 07:45 AM EDT,$0.39,1
20260729,KBO-TRUNS-FG-02HIFKU8OKIF38O-GTE-P00095,07/29/26 07:45 AM EDT,$0.48,10
20260729,MLB-TRUNS-I1-01DRGBT4TNRS6MO-GTE-P00005,07/29/26 07:46 AM EDT,$0.47,1
20260729,KBO-TRUNS-FG-02HIFC5LOKIF4C0-GTE-P00055,07/29/26 07:46 AM EDT,$0.94,350
20260729,MLB-TRUNS-I1-01DRGBT4TNRS6MO-GTE-P00005,07/29/26 07:46 AM EDT,$0.39,1
20260729,KBO-WIN-FG-02HIFKVOOKIF2Q8-LGNS000,07/29/26 07:46 AM EDT,$0.35,135
20260729,KBO-WIN-FG-02HIFC68OKIF5K8-SANS000,07/29/26 07:46 AM EDT,$0.24,3
20260729,KBO-TRUNS-FG-02HIFKU8OKIF38O-GTE-P00095,07/29/26 07:47 AM EDT,$0.41,49
20260729,KBO-WIN-FG-02HIFKVOOKIF2Q8-LGNS000,07/29/26 07:47 AM EDT,$0.34,27
20260729,KBO-TRUNS-FG-02HIFKU8OKIF38O-GTE-P00095,07/29/26 07:47 AM EDT,$0.38,31
20260729,KBO-WIN-FG-02HIFKVOOKIF2Q8-LGNS000,07/29/26 07:47 AM EDT,$0.34,8
20260729,MLB-TRUNS-I1-01DRGBT4TNRS6MO-GTE-P00005,07/29/26 07:47 AM EDT,$0.39,1
20260729,KBO-WIN-FG-02HIFC68OKIF5K8-SANS000,07/29/26 07:47 AM EDT,$0.23,4
20260729,KBO-MOVY-FG-02HIFKU8OKIF38O-SSRS000-GTE-P00045,07/29/26 07:47 AM EDT,$0.26,35
20260729,MLB-TRUNS-I1-01DRGBT4TNRS6MO-GTE-P00005,07/29/26 07:47 AM EDT,$0.47,1
20260729,MLB-TRUNS-I1-01DRGBT4TNRS7KG-GTE-P00005,07/29/26 07:47 AM EDT,$0.44,1
20260729,KBO-MOVY-FG-02HIFC68OKIF5K8-KIRS000-GTE-P00025,07/29/26 07:48 AM EDT,$0.47,6
20260729,KBO-TRUNS-FG-02HIFC5LOKIF4C0-GTE-P00065,07/29/26 07:48 AM EDT,$0.86,11
20260729,MLB-TRUNS-I1-01DRGBT4TNRS7KG-GTE-P00015,07/29/26 07:48 AM EDT,$0.31,1
20260729,KBO-WIN-FG-02HIFKVOOKIF2Q8-LGNS000,07/29/26 07:48 AM EDT,$0.35,761
20260729,KBO-WIN-FG-02HIFC5LOKIF4C0-HAES000,07/29/26 07:48 AM EDT,$0.95,51
20260729,KBO-TRUNS-FG-02HIFC5LOKIF4C0-GTE-P00095,07/29/26 07:48 AM EDT,$0.33,350
20260729,KBO-MOVY-FG-02HIFKU8OKIF38O-SSRS000-GTE-P00045,07/29/26 07:48 AM EDT,$0.31,15
20260729,KBO-TRUNS-FG-02HIFC5LOKIF4C0-GTE-P00075,07/29/26 07:48 AM EDT,$0.62,4
20260729,KBO-TRUNS-FG-02HIFC5LOKIF4C0-GTE-P00075,07/29/26 07:48 AM EDT,$0.65,114
20260729,KBO-MOVY-FG-02HIFKVOOKIF2Q8-KIES000-GTE-P00015,07/29/26 07:49 AM EDT,$0.46,25
20260729,KBO-MOVY-FG-02HIFC68OKIF5K8-KIRS000-GTE-P00025,07/29/26 07:49 AM EDT,$0.46,16
20260729,KBO-MOVY-FG-02HIFC68OKIF5K8-KIRS000-GTE-P00025,07/29/26 07:49 AM EDT,$0.46,139
20260729,KBO-WIN-FG-02HIFC68OKIF5K8-SANS000,07/29/26 07:49 AM EDT,$0.22,4
20260729,KBO-WIN-FG-02HIFC5LOKIF4C0-LOTS001,07/29/26 07:49 AM EDT,$0.07,1
20260729,KBO-TRUNS-FG-02HIFC5LOKIF4C0-GTE-P00065,07/29/26 07:49 AM EDT,$0.82,106
20260729,KBO-WIN-FG-02HIFC68OKIF5K8-SANS000,07/29/26 07:50 AM EDT,$0.19,25
20260729,KBO-TRUNS-FG-02HIFC5LOKIF4C0-GTE-P00095,07/29/26 07:50 AM EDT,$0.32,108
20260729,KBO-WIN-FG-02HIFC5LOKIF4C0-LOTS001,07/29/26 07:50 AM EDT,$0.08,11
20260729,KBO-WIN-FG-02HIFKVOOKIF2Q8-LGNS000,07/29/26 07:50 AM EDT,$0.18,27
20260729,KBO-WIN-FG-02HIFKVOOKIF2Q8-KIES000,07/29/26 07:50 AM EDT,$0.80,2
20260729,KBO-WIN-FG-02HIFC25OKIF498-NCOS000,07/29/26 07:50 AM EDT,$0.11,4
20260729,KBO-MOVY-FG-02HIFC68OKIF5K8-KIRS000-GTE-P00025,07/29/26 07:50 AM EDT,$0.52,10
20260729,KBO-MOVY-FG-02HIFC5LOKIF4C0-HAES000-GTE-P00025,07/29/26 07:50 AM EDT,$0.50,96
20260729,KBO-WIN-FG-02HIFKVOOKIF2Q8-LGNS000,07/29/26 07:50 AM EDT,$0.18,45
20260729,KBO-WIN-FG-02HIFKVOOKIF2Q8-LGNS000,07/29/26 07:51 AM EDT,$0.15,441
20260729,KBO-MOVY-FG-02HIFKVOOKIF2Q8-KIES000-GTE-P00035,07/29/26 07:51 AM EDT,$0.45,3
20260729,KBO-TRUNS-FG-02HIFC5LOKIF4C0-GTE-P00075,07/29/26 07:51 AM EDT,$0.59,216
20260729,KBO-TRUNS-FG-02HIFC68OKIF5K8-GTE-P00155,07/29/26 07:51 AM EDT,$0.42,31
20260729,KBO-WIN-FG-02HIFKVOOKIF2Q8-KIES000,07/29/26 07:51 AM EDT,$0.82,89
20260729,KBO-WIN-FG-02HIFKU8OKIF38O-SSRS000,07/29/26 07:51 AM EDT,$0.97,119
20260729,KBO-WIN-FG-02HIFKVOOKIF2Q8-KIES000,07/29/26 07:52 AM EDT,$0.85,243
20260729,KBO-WIN-FG-02HIFC5LOKIF4C0-LOTS001,07/29/26 07:53 AM EDT,$0.08,11
20260729,KBO-TRUNS-FG-02HIFC5LOKIF4C0-GTE-P00075,07/29/26 07:54 AM EDT,$0.63,22
20260729,KBO-WIN-FG-02HIFC68OKIF5K8-SANS000,07/29/26 07:54 AM EDT,$0.24,3
20260729,MLB-TRUNS-I1-01DRGBT4TNRS6MO-GTE-P00005,07/29/26 07:54 AM EDT,$0.39,1
20260729,KBO-TRUNS-FG-02HIFC25OKIF498-GTE-P00095,07/29/26 07:54 AM EDT,$0.42,16
20260729,KBO-WIN-FG-02HIFC25OKIF498-NCOS000,07/29/26 07:54 AM EDT,$0.07,769
20260729,KBO-TRUNS-FG-02HIFC5LOKIF4C0-GTE-P00095,07/29/26 07:54 AM EDT,$0.36,350
20260729,KBO-TRUNS-FG-02HIFC5LOKIF4C0-GTE-P00095,07/29/26 07:54 AM EDT,$0.36,350
20260729,KBO-TRUNS-FG-02HIFC5LOKIF4C0-GTE-P00095,07/29/26 07:54 AM EDT,$0.36,300
20260729,KBO-TRUNS-FG-02HIFKU8OKIF38O-GTE-P00085,07/29/26 07:54 AM EDT,$0.38,18
20260729,MLB-TRUNS-I1-01DRGBT4TNRS6MO-GTE-P00005,07/29/26 07:54 AM EDT,$0.39,1
20260729,KBO-TRUNS-FG-02HIFKU8OKIF38O-GTE-P00085,07/29/26 07:54 AM EDT,$0.38,47
20260729,KBO-TRUNS-FG-02HIFC68OKIF5K8-GTE-P00115,07/29/26 07:55 AM EDT,$0.75,203
20260729,KBO-MOVY-FG-02HIFC68OKIF5K8-KIRS000-GTE-P00025,07/29/26 07:55 AM EDT,$0.41,16
20260729,KBO-WIN-FG-02HIFKVOOKIF2Q8-KIES000,07/29/26 07:55 AM EDT,$0.74,45
20260729,KBO-WIN-FG-02HIFC25OKIF498-NCOS000,07/29/26 07:55 AM EDT,$0.07,306
20260729,KBO-TRUNS-FG-02HIFKU8OKIF38O-GTE-P00105,07/29/26 07:55 AM EDT,$0.15,46
20260729,MLB-TRUNS-I1-01DRGBT4TNRS6MO-GTE-P00005,07/29/26 07:55 AM EDT,$0.39,1
20260729,KBO-TRUNS-FG-02HIFKU8OKIF38O-GTE-P00105,07/29/26 07:55 AM EDT,$0.15,272
20260729,KBO-TRUNS-FG-02HIFKU8OKIF38O-GTE-P00115,07/29/26 07:55 AM EDT,$0.09,5
20260729,KBO-TRUNS-FG-02HIFKU8OKIF38O-GTE-P00085,07/29/26 07:55 AM EDT,$0.37,46
20260729,MLB-TRUNS-I1-01DRGBT4TNRS6MO-GTE-P00005,07/29/26 07:55 AM EDT,$0.39,1
20260729,KBO-TRUNS-FG-02HIFKU8OKIF38O-GTE-P00085,07/29/26 07:55 AM EDT,$0.41,16
20260729,KBO-TRUNS-FG-02HIFC25OKIF498-GTE-P00095,07/29/26 07:55 AM EDT,$0.41,377
20260729,KBO-TRUNS-FG-02HIFKU8OKIF38O-GTE-P00085,07/29/26 07:55 AM EDT,$0.41,8
20260729,KBO-TRUNS-FG-02HIFC25OKIF498-GTE-P00095,07/29/26 07:56 AM EDT,$0.41,350
20260729,KBO-TRUNS-FG-02HIFC25OKIF498-GTE-P00095,07/29/26 07:56 AM EDT,$0.41,158
20260729,KBO-TRUNS-FG-02HIFC25OKIF498-GTE-P00095,07/29/26 07:56 AM EDT,$0.41,192
20260729,KBO-TRUNS-FG-02HIFC5LOKIF4C0-GTE-P00085,07/29/26 07:56 AM EDT,$0.40,11
20260729,KBO-TRUNS-FG-02HIFKU8OKIF38O-GTE-P00085,07/29/26 07:56 AM EDT,$0.41,32
20260729,KBO-WIN-FG-02HIFC5LOKIF4C0-HAES000,07/29/26 07:56 AM EDT,$0.93,52
20260729,KBO-TRUNS-FG-02HIFKU8OKIF38O-GTE-P00085,07/29/26 07:56 AM EDT,$0.41,82
20260729,KBO-TRUNS-FG-02HIFC5LOKIF4C0-GTE-P00085,07/29/26 07:56 AM EDT,$0.40,23
20260729,KBO-WIN-FG-02HIFKVOOKIF2Q8-KIES000,07/29/26 07:56 AM EDT,$0.88,267
20260729,KBO-WIN-FG-02HIFKVOOKIF2Q8-KIES000,07/29/26 07:56 AM EDT,$0.88,1136
20260729,KBO-TRUNS-FG-02HIFC25OKIF498-GTE-P00095,07/29/26 07:56 AM EDT,$0.42,6
20260729,KBO-WIN-FG-02HIFKVOOKIF2Q8-LGNS000,07/29/26 07:56 AM EDT,$0.11,166
20260729,KBO-TRUNS-FG-02HIFC5LOKIF4C0-GTE-P00075,07/29/26 07:57 AM EDT,$0.63,175
20260729,KBO-WIN-FG-02HIFKVOOKIF2Q8-KIES000,07/29/26 07:57 AM EDT,$0.88,76
20260729,KBO-TRUNS-FG-02HIFC68OKIF5K8-GTE-P00135,07/29/26 07:57 AM EDT,$0.40,5
20260729,KBO-TRUNS-FG-02HIFKU8OKIF38O-GTE-P00085,07/29/26 07:57 AM EDT,$0.30,52
20260729,KBO-WIN-FG-02HIFC68OKIF5K8-SANS000,07/29/26 07:58 AM EDT,$0.27,31
20260729,KBO-TRUNS-FG-02HIFC68OKIF5K8-GTE-P00135,07/29/26 07:58 AM EDT,$0.40,94
20260729,KBO-WIN-FG-02HIFC5LOKIF4C0-LOTS001,07/29/26 07:58 AM EDT,$0.07,12
20260729,KBO-WIN-FG-02HIFC25OKIF498-KTON000,07/29/26 07:58 AM EDT,$0.96,5
20260729,KBO-WIN-FG-02HIFC25OKIF498-KTON000,07/29/26 07:58 AM EDT,$0.96,7
20260729,KBO-TRUNS-FG-02HIFKU8OKIF38O-GTE-P00085,07/29/26 07:58 AM EDT,$0.37,1
20260729,KBO-TRUNS-FG-02HIFKU8OKIF38O-GTE-P00085,07/29/26 07:59 AM EDT,$0.35,427
20260729,KBO-TRUNS-FG-02HIFC25OKIF498-GTE-P00095,07/29/26 07:59 AM EDT,$0.36,19
20260729,KBO-TRUNS-FG-02HIFC68OKIF5K8-GTE-P00135,07/29/26 07:59 AM EDT,$0.40,103
20260729,KBO-TRUNS-FG-02HIFKU8OKIF38O-GTE-P00085,07/29/26 07:59 AM EDT,$0.27,93
20260729,KBO-WIN-FG-02HIFC5LOKIF4C0-LOTS001,07/29/26 07:59 AM EDT,$0.08,1188
20260729,KBO-TRUNS-FG-02HIFC25OKIF498-GTE-P00135,07/29/26 07:59 AM EDT,$0.03,102
20260729,KBO-TRUNS-FG-02HIFC68OKIF5K8-GTE-P00135,07/29/26 07:59 AM EDT,$0.43,18
20260729,KBO-WIN-FG-02HIFC68OKIF5K8-SANS000,07/29/26 07:59 AM EDT,$0.30,781
20260729,KBO-TRUNS-FG-02HIFC5LOKIF4C0-GTE-P00085,07/29/26 07:59 AM EDT,$0.38,65
20260729,KBO-WIN-FG-02HIFC25OKIF498-KTON000,07/29/26 07:59 AM EDT,$0.96,25
20260729,KBO-WIN-FG-02HIFC68OKIF5K8-KIRS000,07/29/26 07:59 AM EDT,$0.73,35
20260729,KBO-WIN-FG-02HIFC25OKIF498-KTON000,07/29/26 07:59 AM EDT,$0.96,5
20260729,KBO-TRUNS-FG-02HIFC5LOKIF4C0-GTE-P00085,07/29/26 08:00 AM EDT,$0.40,23
20260729,KBO-TRUNS-FG-02HIFC68OKIF5K8-GTE-P00135,07/29/26 08:00 AM EDT,$0.43,44
20260729,KBO-TRUNS-FG-02HIFKU8OKIF38O-GTE-P00085,07/29/26 08:00 AM EDT,$0.29,14
20260729,KBO-WIN-FG-02HIFC25OKIF498-KTON000,07/29/26 08:00 AM EDT,$0.93,30
20260729,MLB-TRUNS-I1-01DRGBT4TNRS6MO-GTE-P00005,07/29/26 08:00 AM EDT,$0.39,1
20260729,KBO-WIN-FG-02HIFC68OKIF5K8-SANS000,07/29/26 08:00 AM EDT,$0.29,96
20260729,KBO-TRUNS-FG-02HIFC5LOKIF4C0-GTE-P00085,07/29/26 08:00 AM EDT,$0.50,38
20260729,KBO-TRUNS-FG-02HIFC5LOKIF4C0-GTE-P00085,07/29/26 08:00 AM EDT,$0.53,363
20260729,KBO-MOVY-FG-02HIFKU8OKIF38O-SSRS000-GTE-P00015,07/29/26 08:00 AM EDT,$0.97,25
20260729,KBO-MOVY-FG-02HIFC68OKIF5K8-KIRS000-GTE-P00015,07/29/26 08:00 AM EDT,$0.54,20
20260729,KBO-WIN-FG-02HIFKVOOKIF2Q8-LGNS000,07/29/26 08:00 AM EDT,$0.10,1418
20260729,KBO-WIN-FG-02HIFC5LOKIF4C0-LOTS001,07/29/26 08:00 AM EDT,$0.11,41
20260729,KBO-TRUNS-FG-02HIFC5LOKIF4C0-GTE-P00075,07/29/26 08:00 AM EDT,$0.73,4
20260729,KBO-WIN-FG-02HIFKVOOKIF2Q8-LGNS000,07/29/26 08:01 AM EDT,$0.08,350
20260729,KBO-TRUNS-FG-02HIFKU8OKIF38O-GTE-P00085,07/29/26 08:01 AM EDT,$0.23,80
20260729,KBO-WIN-FG-02HIFC68OKIF5K8-KIRS000,07/29/26 08:01 AM EDT,$0.79,12
20260729,KBO-WIN-FG-02HIFC5LOKIF4C0-HAES000,07/29/26 08:01 AM EDT,$0.88,3
20260729,KBO-MOVY-FG-02HIFC68OKIF5K8-KIRS000-GTE-P00015,07/29/26 08:01 AM EDT,$0.44,24
20260729,MLB-TRUNS-I1-01DRGBT4TNRS7KG-GTE-P00005,07/29/26 08:01 AM EDT,$0.44,1
20260729,KBO-WIN-FG-02HIFKVOOKIF2Q8-LGNS000,07/29/26 08:01 AM EDT,$0.08,55
20260729,MLB-TRUNS-I1-01DRGBPVTNRS63O-GTE-P00005,07/29/26 08:01 AM EDT,$0.43,1
20260729,MLB-TRUNS-I1-01DRGBT4TNRS7KG-GTE-P00005,07/29/26 08:01 AM EDT,$0.44,1
20260729,MLB-TRUNS-I1-01DRGBT4TNRS7KG-GTE-P00005,07/29/26 08:02 AM EDT,$0.44,1
20260729,KBO-TRUNS-FG-02HIFKU8OKIF38O-GTE-P00095,07/29/26 08:02 AM EDT,$0.08,6
20260729,KBO-MOVY-FG-02HIFKU8OKIF38O-SSRS000-GTE-P00025,07/29/26 08:02 AM EDT,$0.85,28
20260729,KBO-TRUNS-FG-02HIFKU8OKIF38O-GTE-P00095,07/29/26 08:02 AM EDT,$0.08,9
20260729,MLB-TRUNS-I1-01DRGBT4TNRS7KG-GTE-P00005,07/29/26 08:02 AM EDT,$0.44,1
20260729,KBO-MOVY-FG-02HIFKU8OKIF38O-SSRS000-GTE-P00025,07/29/26 08:02 AM EDT,$0.85,6
20260729,MLB-TRUNS-I1-01DRGBT4TNRS7KG-GTE-P00005,07/29/26 08:02 AM EDT,$0.44,1
20260729,MLB-TRUNS-I1-01DRGBPVTNRS63O-GTE-P00005,07/29/26 08:02 AM EDT,$0.43,1
20260729,KBO-TRUNS-FG-02HIFC5LOKIF4C0-GTE-P00075,07/29/26 08:02 AM EDT,$0.74,350
20260729,KBO-TRUNS-FG-02HIFC5LOKIF4C0-GTE-P00075,07/29/26 08:02 AM EDT,$0.74,295
20260729,KBO-TRUNS-FG-02HIFC5LOKIF4C0-GTE-P00075,07/29/26 08:02 AM EDT,$0.74,55
20260729,KBO-TRUNS-FG-02HIFC5LOKIF4C0-GTE-P00075,07/29/26 08:02 AM EDT,$0.74,157
20260729,MLB-TRUNS-I1-01DRGBPVTNRS63O-GTE-P00005,07/29/26 08:02 AM EDT,$0.43,1
20260729,KBO-MOVY-FG-02HIFC5LOKIF4C0-HAES000-GTE-P00025,07/29/26 08:02 AM EDT,$0.43,16
20260729,KBO-MOVY-FG-02HIFC68OKIF5K8-KIRS000-GTE-P00025,07/29/26 08:02 AM EDT,$0.57,16
20260729,MLB-TRUNS-I1-01DRGBPVTNRS63O-GTE-P00005,07/29/26 08:02 AM EDT,$0.43,1
20260729,KBO-MOVY-FG-02HIFKU8OKIF38O-SSRS000-GTE-P00025,07/29/26 08:02 AM EDT,$0.85,64
20260729,KBO-WIN-FG-02HIFC68OKIF5K8-SANS000,07/29/26 08:02 AM EDT,$0.25,18
20260729,KBO-TRUNS-FG-02HIFKU8OKIF38O-GTE-P00085,07/29/26 08:02 AM EDT,$0.14,27
20260729,KBO-MOVY-FG-02HIFC68OKIF5K8-KIRS000-GTE-P00015,07/29/26 08:03 AM EDT,$0.58,13
20260729,KBO-TRUNS-FG-02HIFKU8OKIF38O-GTE-P00085,07/29/26 08:03 AM EDT,$0.13,7
20260729,KBO-WIN-FG-02HIFC25OKIF498-KTON000,07/29/26 08:03 AM EDT,$0.97,25
20260729,KBO-MOVY-FG-02HIFKU8OKIF38O-SSRS000-GTE-P00025,07/29/26 08:03 AM EDT,$0.86,960
20260729,KBO-MOVY-FG-02HIFC5LOKIF4C0-HAES000-GTE-P00025,07/29/26 08:03 AM EDT,$0.50,192
20260729,KBO-WIN-FG-02HIFC25OKIF498-KTON000,07/29/26 08:03 AM EDT,$0.97,5
20260729,MLB-TRUNS-I1-01DRH5DLTNRRJQO-GTE-P00005,07/29/26 08:03 AM EDT,$0.45,1
20260729,KBO-WIN-FG-02HIFC25OKIF498-KTON000,07/29/26 08:03 AM EDT,$0.97,25
20260729,KBO-TRUNS-FG-02HIFC25OKIF498-GTE-P00095,07/29/26 08:03 AM EDT,$0.42,41
20260729,KBO-WIN-FG-02HIFC25OKIF498-KTON000,07/29/26 08:03 AM EDT,$0.93,30
20260729,KBO-TRUNS-FG-02HIFC5LOKIF4C0-GTE-P00085,07/29/26 08:04 AM EDT,$0.50,538
20260729,KBO-WIN-FG-02HIFKVOOKIF2Q8-KIES000,07/29/26 08:04 AM EDT,$0.92,246
20260729,KBO-WIN-FG-02HIFC68OKIF5K8-SANS000,07/29/26 08:04 AM EDT,$0.25,92
20260729,KBO-TRUNS-FG-02HIFC5LOKIF4C0-GTE-P00085,07/29/26 08:04 AM EDT,$0.47,273
20260729,KBO-MOVY-FG-02HIFC5LOKIF4C0-HAES000-GTE-P00025,07/29/26 08:04 AM EDT,$0.49,63
20260729,KBO-TRUNS-FG-02HIFC5LOKIF4C0-GTE-P00085,07/29/26 08:04 AM EDT,$0.47,36
20260729,KBO-TRUNS-FG-02HIFC5LOKIF4C0-GTE-P00075,07/29/26 08:04 AM EDT,$0.73,350
20260729,KBO-TRUNS-FG-02HIFC5LOKIF4C0-GTE-P00075,07/29/26 08:04 AM EDT,$0.73,61
20260729,KBO-WIN-FG-02HIFKVOOKIF2Q8-LGNS000,07/29/26 08:04 AM EDT,$0.08,111
20260729,KBO-MOVY-FG-02HIFKVOOKIF2Q8-KIES000-GTE-P00045,07/29/26 08:04 AM EDT,$0.58,33
20260729,KBO-MOVY-FG-02HIFKVOOKIF2Q8-KIES000-GTE-P00045,07/29/26 08:04 AM EDT,$0.50,22
20260729,KBO-TRUNS-FG-02HIFC5LOKIF4C0-GTE-P00075,07/29/26 08:04 AM EDT,$0.73,3
20260729,KBO-MOVY-FG-02HIFKVOOKIF2Q8-KIES000-GTE-P00045,07/29/26 08:04 AM EDT,$0.50,63
20260729,KBO-MOVY-FG-02HIFC25OKIF498-KTON000-GTE-P00045,07/29/26 08:04 AM EDT,$0.37,16
20260729,KBO-WIN-FG-02HIFKU8OKIF38O-SSRS000,07/29/26 08:04 AM EDT,$0.98,21
20260729,KBO-WIN-FG-02HIFC5LOKIF4C0-LOTS001,07/29/26 08:04 AM EDT,$0.11,208
20260729,KBO-TRUNS-FG-02HIFC5LOKIF4C0-GTE-P00075,07/29/26 08:04 AM EDT,$0.74,350
20260729,KBO-TRUNS-FG-02HIFC5LOKIF4C0-GTE-P00075,07/29/26 08:04 AM EDT,$0.77,350
20260729,KBO-TRUNS-FG-02HIFKU8OKIF38O-GTE-P00115,07/29/26 08:05 AM EDT,$0.03,43
20260729,KBO-WIN-FG-02HIFC5LOKIF4C0-LOTS001,07/29/26 08:05 AM EDT,$0.03,2
20260729,KBO-TRUNS-FG-02HIFKU8OKIF38O-GTE-P00115,07/29/26 08:05 AM EDT,$0.03,17
20260729,MLB-PHRR-FG-01DRH5ELTNRRJRO-BECE001-GTE-P00025,07/29/26 08:05 AM EDT,$0.39,1
20260729,KBO-TRUNS-FG-02HIFKU8OKIF38O-GTE-P00095,07/29/26 08:05 AM EDT,$0.03,350
20260729,KBO-MOVY-FG-02HIFKVOOKIF2Q8-KIES000-GTE-P00035,07/29/26 08:05 AM EDT,$0.64,3
20260729,MLB-PHRR-FG-01DRH5ELTNRRJRO-BECE001-GTE-P00025,07/29/26 08:05 AM EDT,$0.39,1
20260729,MLB-TRUNS-I1-01DRH5ELTNRRJRO-GTE-P00005,07/29/26 08:05 AM EDT,$0.43,1
20260729,KBO-WIN-FG-02HIFC25OKIF498-KTON000,07/29/26 08:05 AM EDT,$0.97,25
20260729,KBO-TRUNS-FG-02HIFKU8OKIF38O-GTE-P00095,07/29/26 08:05 AM EDT,$0.04,350
20260729,MLB-PHRR-FG-01DRH59GTNRRIEG-PENG000-GTE-P00015,07/29/26 08:05 AM EDT,$0.57,1
20260729,KBO-WIN-FG-02HIFC25OKIF498-KTON000,07/29/26 08:05 AM EDT,$0.97,5
20260729,KBO-TRUNS-FG-02HIFC5LOKIF4C0-GTE-P00095,07/29/26 08:05 AM EDT,$0.06,20
20260729,MLB-TRUNS-I1-01DRH5ELTNRRJRO-GTE-P00005,07/29/26 08:05 AM EDT,$0.51,1
20260729,KBO-WIN-FG-02HIFC68OKIF5K8-KIRS000,07/29/26 08:05 AM EDT,$0.74,350
20260729,KBO-WIN-FG-02HIFC68OKIF5K8-SANS000,07/29/26 08:05 AM EDT,$0.26,350
20260729,MLB-TRUNS-I1-01DRGBS5TNRS7RO-GTE-P00005,07/29/26 08:05 AM EDT,$0.58,1
20260729,KBO-WIN-FG-02HIFC25OKIF498-KTON000,07/29/26 08:05 AM EDT,$0.95,30
20260729,KBO-WIN-FG-02HIFC68OKIF5K8-SANS000,07/29/26 08:06 AM EDT,$0.27,350
20260729,KBO-WIN-FG-02HIFC68OKIF5K8-SANS000,07/29/26 08:06 AM EDT,$0.27,350
20260729,KBO-WIN-FG-02HIFC68OKIF5K8-SANS000,07/29/26 08:06 AM EDT,$0.27,1
20260729,KBO-WIN-FG-02HIFC68OKIF5K8-SANS000,07/29/26 08:06 AM EDT,$0.27,16
20260729,KBO-TRUNS-FG-02HIFC68OKIF5K8-GTE-P00135,07/29/26 08:06 AM EDT,$0.41,81
20260729,MLB-PHRR-FG-01DRH5ELTNRRJRO-BECE001-GTE-P00025,07/29/26 08:06 AM EDT,$0.39,1
20260729,KBO-MOVY-FG-02HIFC25OKIF498-KTON000-GTE-P00045,07/29/26 08:06 AM EDT,$0.41,11
20260729,MLB-PHRR-FG-01DRH59GTNRRIEG-PENG000-GTE-P00015,07/29/26 08:06 AM EDT,$0.57,1
20260729,MLB-MOVY-IT5-01DRGBT4TNRS7KG-PIES000-GTE-P00005,07/29/26 08:06 AM EDT,$0.53,9
20260729,MLB-TRUNS-I1-01DRGBT4TNRS6MO-GTE-P00005,07/29/26 08:06 AM EDT,$0.39,1
20260729,KBO-TRUNS-FG-02HIFC68OKIF5K8-GTE-P00125,07/29/26 08:06 AM EDT,$0.47,18
20260729,MLB-PHRR-FG-01DRH5ELTNRRJRO-BECE001-GTE-P00025,07/29/26 08:06 AM EDT,$0.39,1
20260729,MLB-PHRR-FG-01DRH59GTNRRIEG-PENG000-GTE-P00015,07/29/26 08:06 AM EDT,$0.57,1
20260729,MLB-TRUNS-I1-01DRGBT4TNRS7KG-GTE-P00005,07/29/26 08:06 AM EDT,$0.44,1
20260729,KBO-TRUNS-FG-02HIFC25OKIF498-GTE-P00105,07/29/26 08:06 AM EDT,$0.35,18
20260729,KBO-TRUNS-FG-02HIFC25OKIF498-GTE-P00095,07/29/26 08:07 AM EDT,$0.46,89
20260729,MLB-PHRR-FG-01DRH59GTNRRIEG-PENG000-GTE-P00015,07/29/26 08:07 AM EDT,$0.57,1
20260729,KBO-WIN-FG-02HIFC5LOKIF4C0-LOTS001,07/29/26 08:07 AM EDT,$0.19,9
20260729,MLB-PHRR-FG-01DRH59GTNRRIEG-PENG000-GTE-P00015,07/29/26 08:07 AM EDT,$0.57,1
20260729,KBO-WIN-FG-02HIFC25OKIF498-NCOS000,07/29/26 08:07 AM EDT,$0.06,71
20260729,KBO-WIN-FG-02HIFC68OKIF5K8-KIRS000,07/29/26 08:07 AM EDT,$0.73,7
20260729,KBO-WIN-FG-02HIFC5LOKIF4C0-LOTS001,07/29/26 08:07 AM EDT,$0.19,15
20260729,MLB-PHRR-FG-01DRH59GTNRRIEG-PENG000-GTE-P00015,07/29/26 08:07 AM EDT,$0.57,1
20260729,KBO-MOVY-FG-02HIFC5LOKIF4C0-HAES000-GTE-P00025,07/29/26 08:07 AM EDT,$0.17,63
20260729,KBO-WIN-FG-02HIFC68OKIF5K8-SANS000,07/29/26 08:07 AM EDT,$0.29,350
20260729,KBO-WIN-FG-02HIFC68OKIF5K8-SANS000,07/29/26 08:07 AM EDT,$0.29,350
20260729,KBO-WIN-FG-02HIFC68OKIF5K8-SANS000,07/29/26 08:07 AM EDT,$0.29,350
20260729,KBO-WIN-FG-02HIFC68OKIF5K8-SANS000,07/29/26 08:07 AM EDT,$0.29,350
20260729,KBO-WIN-FG-02HIFC68OKIF5K8-KIRS000,07/29/26 08:07 AM EDT,$0.73,350
20260729,KBO-WIN-FG-02HIFC68OKIF5K8-SANS000,07/29/26 08:07 AM EDT,$0.29,350
20260729,MLB-PHRR-FG-01DRGBS5TNRS7RO-CJMS000-GTE-P00015,07/29/26 08:07 AM EDT,$0.53,5
20260729,KBO-MOVY-FG-02HIFC25OKIF498-KTON000-GTE-P00045,07/29/26 08:07 AM EDT,$0.44,51
20260729,KBO-TRUNS-FG-02HIFC5LOKIF4C0-GTE-P00095,07/29/26 08:07 AM EDT,$0.48,310
20260729,KBO-TRUNS-FG-02HIFC25OKIF498-GTE-P00095,07/29/26 08:07 AM EDT,$0.46,17
20260729,KBO-TRUNS-FG-02HIFC5LOKIF4C0-GTE-P00085,07/29/26 08:08 AM EDT,$0.69,15
20260729,KBO-WIN-FG-02HIFKVOOKIF2Q8-KIES000,07/29/26 08:08 AM EDT,$0.95,3
20260729,MLB-PHRR-FG-01DRGBPHTNRS6TO-ROJR000-GTE-P00005,07/29/26 08:08 AM EDT,$0.77,1
20260729,KBO-WIN-FG-02HIFC68OKIF5K8-SANS000,07/29/26 08:08 AM EDT,$0.31,758
20260729,KBO-TRUNS-FG-02HIFC25OKIF498-GTE-P00095,07/29/26 08:08 AM EDT,$0.45,73
20260729,MLB-PHRR-FG-01DRGBPHTNRS6TO-ROJR000-GTE-P00005,07/29/26 08:08 AM EDT,$0.77,1
20260729,MLB-PHRR-FG-01DRGBPHTNRS6TO-ROJR000-GTE-P00005,07/29/26 08:08 AM EDT,$0.77,1
20260729,KBO-TRUNS-FG-02HIFC25OKIF498-GTE-P00095,07/29/26 08:08 AM EDT,$0.46,87
20260729,MLB-TRUNS-I1-01DRGBT4TNRS7KG-GTE-P00005,07/29/26 08:08 AM EDT,$0.44,1
20260729,KBO-WIN-FG-02HIFC68OKIF5K8-SANS000,07/29/26 08:08 AM EDT,$0.31,60
20260729,KBO-WIN-FG-02HIFKVOOKIF2Q8-LGNS000,07/29/26 08:08 AM EDT,$0.10,73
20260729,MLB-TRUNS-I1-01DRGBT4TNRS7KG-GTE-P00005,07/29/26 08:08 AM EDT,$0.44,1
20260729,MLB-TRUNS-I1-01DRGBT4TNRS7KG-GTE-P00005,07/29/26 08:09 AM EDT,$0.44,1
20260729,MLB-PHRR-FG-01DRH5ELTNRRJRO-BECE001-GTE-P00025,07/29/26 08:09 AM EDT,$0.31,1
20260729,KBO-WIN-FG-02HIFC68OKIF5K8-KIRS000,07/29/26 08:09 AM EDT,$0.67,9
20260729,MLB-PHRR-FG-01DRH5ELTNRRJRO-BECE001-GTE-P00025,07/29/26 08:09 AM EDT,$0.31,1
20260729,MLB-TRUNS-I1-01DRGBT4TNRS7KG-GTE-P00005,07/29/26 08:09 AM EDT,$0.44,1
20260729,MLB-PHRR-FG-01DRH5ELTNRRJRO-BECE001-GTE-P00025,07/29/26 08:09 AM EDT,$0.31,1
20260729,MLB-TRUNS-I1-01DRGBT4TNRS7KG-GTE-P00005,07/29/26 08:09 AM EDT,$0.44,1
20260729,KBO-WIN-FG-02HIFC68OKIF5K8-SANS000,07/29/26 08:09 AM EDT,$0.37,76
20260729,MLB-PHRR-FG-01DRH5ELTNRRJRO-BECE001-GTE-P00025,07/29/26 08:09 AM EDT,$0.31,1
20260729,MLB-TRUNS-I1-01DRGBPVTNRS63O-GTE-P00005,07/29/26 08:10 AM EDT,$0.43,1
20260729,KBO-TRUNS-FG-02HIFC5LOKIF4C0-GTE-P00075,07/29/26 08:10 AM EDT,$0.98,277
20260729,KBO-MOVY-FG-02HIFKVOOKIF2Q8-KIES000-GTE-P00045,07/29/26 08:10 AM EDT,$0.77,22
20260729,KBO-WIN-FG-02HIFC68OKIF5K8-KIRS000,07/29/26 08:10 AM EDT,$0.65,47
20260729,KBO-WIN-FG-02HIFKVOOKIF2Q8-LGNS000,07/29/26 08:10 AM EDT,$0.05,155
20260729,KBO-WIN-FG-02HIFKVOOKIF2Q8-LGNS000,07/29/26 08:10 AM EDT,$0.05,678
20260729,KBO-TRUNS-FG-02HIFC68OKIF5K8-GTE-P00135,07/29/26 08:10 AM EDT,$0.49,18
20260729,KBO-WIN-FG-02HIFC68OKIF5K8-KIRS000,07/29/26 08:10 AM EDT,$0.62,75
20260729,KBO-WIN-FG-02HIFC68OKIF5K8-KIRS000,07/29/26 08:11 AM EDT,$0.62,1
20260729,KBO-WIN-FG-02HIFC68OKIF5K8-SANS000,07/29/26 08:11 AM EDT,$0.42,22
20260729,KBO-TRUNS-FG-02HIFC25OKIF498-GTE-P00085,07/29/26 08:11 AM EDT,$0.47,35
20260729,KBO-TRUNS-FG-02HIFC68OKIF5K8-GTE-P00135,07/29/26 08:11 AM EDT,$0.53,113
20260729,MLB-PHRR-FG-01DRGBQLTNRS7H8-JURO000-GTE-P00025,07/29/26 08:11 AM EDT,$0.45,1
20260729,KBO-WIN-FG-02HIFC68OKIF5K8-SANS000,07/29/26 08:11 AM EDT,$0.40,350
20260729,KBO-WIN-FG-02HIFC68OKIF5K8-KIRS000,07/29/26 08:11 AM EDT,$0.60,350
20260729,KBO-WIN-FG-02HIFC68OKIF5K8-SANS000,07/29/26 08:11 AM EDT,$0.40,350
20260729,KBO-WIN-FG-02HIFC68OKIF5K8-KIRS000,07/29/26 08:11 AM EDT,$0.60,350
20260729,KBO-WIN-FG-02HIFC68OKIF5K8-SANS000,07/29/26 08:11 AM EDT,$0.40,350
20260729,KBO-WIN-FG-02HIFC68OKIF5K8-KIRS000,07/29/26 08:11 AM EDT,$0.60,142
20260729,KBO-WIN-FG-02HIFC68OKIF5K8-KIRS000,07/29/26 08:11 AM EDT,$0.60,208
20260729,KBO-WIN-FG-02HIFC68OKIF5K8-SANS000,07/29/26 08:11 AM EDT,$0.40,350
20260729,KBO-WIN-FG-02HIFC68OKIF5K8-KIRS000,07/29/26 08:11 AM EDT,$0.60,350
20260729,KBO-WIN-FG-02HIFC68OKIF5K8-SANS000,07/29/26 08:11 AM EDT,$0.40,350
20260729,KBO-WIN-FG-02HIFC68OKIF5K8-KIRS000,07/29/26 08:11 AM EDT,$0.60,350
20260729,KBO-WIN-FG-02HIFC68OKIF5K8-SANS000,07/29/26 08:11 AM EDT,$0.40,350
20260729,KBO-WIN-FG-02HIFC68OKIF5K8-KIRS000,07/29/26 08:11 AM EDT,$0.60,350
20260729,KBO-WIN-FG-02HIFC68OKIF5K8-SANS000,07/29/26 08:11 AM EDT,$0.40,350
20260729,KBO-WIN-FG-02HIFC68OKIF5K8-KIRS000,07/29/26 08:11 AM EDT,$0.60,350
20260729,KBO-WIN-FG-02HIFC68OKIF5K8-SANS000,07/29/26 08:11 AM EDT,$0.40,343
20260729,KBO-WIN-FG-02HIFC68OKIF5K8-SANS000,07/29/26 08:11 AM EDT,$0.40,7
20260729,KBO-WIN-FG-02HIFC68OKIF5K8-KIRS000,07/29/26 08:11 AM EDT,$0.60,125
20260729,KBO-MOVY-FG-02HIFKVOOKIF2Q8-KIES000-GTE-P00065,07/29/26 08:12 AM EDT,$0.32,1
20260729,MLB-WIN-IT5-01DRH5ANTNRRIEO-HOOS000,07/29/26 08:12 AM EDT,$0.57,18
20260729,KBO-WIN-FG-02HIFKVOOKIF2Q8-KIES000,07/29/26 08:12 AM EDT,$0.95,23
20260729,KBO-WIN-FG-02HIFC68OKIF5K8-SANS000,07/29/26 08:13 AM EDT,$0.34,170
20260729,KBO-TRUNS-FG-02HIFC25OKIF498-GTE-P00095,07/29/26 08:13 AM EDT,$0.34,54
20260729,MLB-PHRR-FG-01DRGBPHTNRS6TO-AUEY000-GTE-P00025,07/29/26 08:13 AM EDT,$0.33,1
20260729,KBO-WIN-FG-02HIFC25OKIF498-NCOS000,07/29/26 08:13 AM EDT,$0.08,5
20260729,KBO-WIN-FG-02HIFC5LOKIF4C0-HAES000,07/29/26 08:14 AM EDT,$0.96,1306
20260729,KBO-WIN-FG-02HIFKVOOKIF2Q8-KIES000,07/29/26 08:14 AM EDT,$0.96,102
20260729,KBO-MOVY-FG-02HIFC68OKIF5K8-KIRS000-GTE-P00015,07/29/26 08:14 AM EDT,$0.52,6
20260729,KBO-MOVY-FG-02HIFC68OKIF5K8-KIRS000-GTE-P00015,07/29/26 08:14 AM EDT,$0.52,24
20260729,KBO-WIN-FG-02HIFC5LOKIF4C0-HAES000,07/29/26 08:14 AM EDT,$0.97,6
20260729,KBO-WIN-FG-02HIFC68OKIF5K8-SANS000,07/29/26 08:14 AM EDT,$0.33,57
20260729,KBO-MOVY-FG-02HIFC5LOKIF4C0-HAES000-GTE-P00025,07/29/26 08:14 AM EDT,$0.28,26
20260729,KBO-WIN-FG-02HIFC5LOKIF4C0-LOTS001,07/29/26 08:14 AM EDT,$0.06,71
20260729,KBO-WIN-FG-02HIFKVOOKIF2Q8-LGNS000,07/29/26 08:14 AM EDT,$0.04,200
20260729,KBO-MOVY-FG-02HIFC5LOKIF4C0-HAES000-GTE-P00025,07/29/26 08:14 AM EDT,$0.28,1
20260729,KBO-WIN-FG-02HIFC5LOKIF4C0-HAES000,07/29/26 08:14 AM EDT,$0.94,57
20260729,KBO-TRUNS-FG-02HIFC5LOKIF4C0-GTE-P00085,07/29/26 08:14 AM EDT,$0.48,18
20260729,KBO-WIN-FG-02HIFKVOOKIF2Q8-LGNS000,07/29/26 08:15 AM EDT,$0.04,220
20260729,KBO-WIN-FG-02HIFC5LOKIF4C0-HAES000,07/29/26 08:15 AM EDT,$0.94,89
20260729,KBO-MOVY-FG-02HIFKVOOKIF2Q8-KIES000-GTE-P00055,07/29/26 08:15 AM EDT,$0.48,4
20260729,KBO-WIN-FG-02HIFC68OKIF5K8-KIRS000,07/29/26 08:15 AM EDT,$0.71,54
20260729,KBO-WIN-FG-02HIFKVOOKIF2Q8-LGNS000,07/29/26 08:16 AM EDT,$0.04,350
20260729,KBO-WIN-FG-02HIFKVOOKIF2Q8-KIES000,07/29/26 08:16 AM EDT,$0.95,92
20260729,KBO-WIN-FG-02HIFC68OKIF5K8-KIRS000,07/29/26 08:16 AM EDT,$0.72,35
20260729,KBO-WIN-FG-02HIFC25OKIF498-KTON000,07/29/26 08:16 AM EDT,$0.92,5
20260729,MLB-TRUNS-I1-01DRGBT4TNRS6MO-GTE-P00005,07/29/26 08:17 AM EDT,$0.39,1
20260729,KBO-TRUNS-FG-02HIFC5LOKIF4C0-GTE-P00085,07/29/26 08:17 AM EDT,$0.69,968
20260729,KBO-TRUNS-FG-02HIFC5LOKIF4C0-GTE-P00085,07/29/26 08:17 AM EDT,$0.69,435
20260729,KBO-MOVY-FG-02HIFC68OKIF5K8-KIRS000-GTE-P00015,07/29/26 08:17 AM EDT,$0.70,24
20260729,KBO-TRUNS-FG-02HIFC5LOKIF4C0-GTE-P00085,07/29/26 08:17 AM EDT,$0.66,1
20260729,MLB-PHRR-FG-01DRGBTTTNRS7KO-CHER002-GTE-P00015,07/29/26 08:18 AM EDT,$0.57,1
20260729,KBO-TRUNS-FG-02HIFC5LOKIF4C0-GTE-P00085,07/29/26 08:18 AM EDT,$0.70,330
20260729,KBO-TRUNS-FG-02HIFC5LOKIF4C0-GTE-P00085,07/29/26 08:18 AM EDT,$0.70,17
20260729,MLB-TRUNS-IT5-01DRGBT4TNRS7KG-GTE-P00045,07/29/26 08:18 AM EDT,$0.45,5
20260729,KBO-WIN-FG-02HIFC68OKIF5K8-SANS000,07/29/26 08:18 AM EDT,$0.19,100
20260729,KBO-MOVY-FG-02HIFC5LOKIF4C0-HAES000-GTE-P00025,07/29/26 08:18 AM EDT,$0.37,8
20260729,KBO-WIN-FG-02HIFKVOOKIF2Q8-LGNS000,07/29/26 08:18 AM EDT,$0.04,20
20260729,KBO-WIN-FG-02HIFC25OKIF498-NCOS000,07/29/26 08:18 AM EDT,$0.19,1235
20260729,KBO-MOVY-FG-02HIFC5LOKIF4C0-HAES000-GTE-P00025,07/29/26 08:18 AM EDT,$0.36,27
20260729,KBO-TRUNS-FG-02HIFC25OKIF498-GTE-P00095,07/29/26 08:19 AM EDT,$0.52,51
20260729,KBO-TRUNS-FG-02HIFC25OKIF498-GTE-P00095,07/29/26 08:19 AM EDT,$0.55,89
20260729,KBO-TRUNS-FG-02HIFC25OKIF498-GTE-P00095,07/29/26 08:19 AM EDT,$0.52,20
20260729,MLB-TRUNS-I1-01DRGBT4TNRS6MO-GTE-P00005,07/29/26 08:19 AM EDT,$0.39,1
20260729,KBO-WIN-FG-02HIFC25OKIF498-KTON000,07/29/26 08:19 AM EDT,$0.83,25
20260729,KBO-TRUNS-FG-02HIFC5LOKIF4C0-GTE-P00085,07/29/26 08:19 AM EDT,$0.67,28
20260729,KBO-WIN-FG-02HIFC25OKIF498-NCOS000,07/29/26 08:19 AM EDT,$0.19,1
20260729,KBO-TRUNS-FG-02HIFC5LOKIF4C0-GTE-P00085,07/29/26 08:19 AM EDT,$0.69,169
20260729,KBO-WIN-FG-02HIFC5LOKIF4C0-HAES000,07/29/26 08:20 AM EDT,$0.98,25
20260729,KBO-WIN-FG-02HIFC5LOKIF4C0-HAES000,07/29/26 08:20 AM EDT,$0.98,5
20260729,KBO-TRUNS-FG-02HIFC25OKIF498-GTE-P00095,07/29/26 08:20 AM EDT,$0.52,20
20260729,KBO-TRUNS-FG-02HIFC5LOKIF4C0-GTE-P00085,07/29/26 08:20 AM EDT,$0.61,15
20260729,KBO-WIN-FG-02HIFC25OKIF498-NCOS000,07/29/26 08:20 AM EDT,$0.19,1234
20260729,KBO-TRUNS-FG-02HIFC68OKIF5K8-GTE-P00135,07/29/26 08:20 AM EDT,$0.35,31
20260729,KBO-WIN-FG-02HIFC5LOKIF4C0-HAES000,07/29/26 08:21 AM EDT,$0.95,30
20260729,MLB-WIN-IT5-01DRGBT4TNRS7KG-PIES000,07/29/26 08:21 AM EDT,$0.60,56
20260729,KBO-WIN-FG-02HIFKVOOKIF2Q8-LGNS000,07/29/26 08:21 AM EDT,$0.05,166
20260729,KBO-WIN-FG-02HIFC5LOKIF4C0-LOTS001,07/29/26 08:21 AM EDT,$0.05,16
20260729,KBO-WIN-FG-02HIFC68OKIF5K8-KIRS000,07/29/26 08:22 AM EDT,$0.86,56
20260729,KBO-WIN-FG-02HIFC68OKIF5K8-SANS000,07/29/26 08:22 AM EDT,$0.17,133
20260729,KBO-WIN-FG-02HIFC25OKIF498-NCOS000,07/29/26 08:22 AM EDT,$0.29,350
20260729,KBO-WIN-FG-02HIFC25OKIF498-KTON000,07/29/26 08:22 AM EDT,$0.72,350
20260729,KBO-WIN-FG-02HIFC25OKIF498-KTON000,07/29/26 08:22 AM EDT,$0.72,350
20260729,KBO-WIN-FG-02HIFC25OKIF498-NCOS000,07/29/26 08:22 AM EDT,$0.29,350
20260729,KBO-WIN-FG-02HIFC25OKIF498-KTON000,07/29/26 08:22 AM EDT,$0.72,350
20260729,KBO-WIN-FG-02HIFC25OKIF498-KTON000,07/29/26 08:22 AM EDT,$0.72,11
20260729,KBO-WIN-FG-02HIFC25OKIF498-NCOS000,07/29/26 08:22 AM EDT,$0.29,350
20260729,KBO-WIN-FG-02HIFC25OKIF498-KTON000,07/29/26 08:22 AM EDT,$0.72,339
20260729,KBO-WIN-FG-02HIFC25OKIF498-NCOS000,07/29/26 08:22 AM EDT,$0.29,350
20260729,KBO-WIN-FG-02HIFC25OKIF498-NCOS000,07/29/26 08:22 AM EDT,$0.29,8
20260729,KBO-WIN-FG-02HIFC25OKIF498-KTON000,07/29/26 08:22 AM EDT,$0.72,350
20260729,KBO-WIN-FG-02HIFC25OKIF498-KTON000,07/29/26 08:22 AM EDT,$0.71,350
20260729,KBO-WIN-FG-02HIFC25OKIF498-NCOS000,07/29/26 08:22 AM EDT,$0.30,350
20260729,KBO-WIN-FG-02HIFC25OKIF498-KTON000,07/29/26 08:22 AM EDT,$0.71,350
20260729,KBO-WIN-FG-02HIFC25OKIF498-KTON000,07/29/26 08:22 AM EDT,$0.73,32
20260729,KBO-WIN-FG-02HIFC68OKIF5K8-KIRS000,07/29/26 08:22 AM EDT,$0.83,56
20260729,KBO-MOVY-FG-02HIFC5LOKIF4C0-HAES000-GTE-P00025,07/29/26 08:23 AM EDT,$0.37,192
20260729,KBO-WIN-FG-02HIFC68OKIF5K8-KIRS000,07/29/26 08:23 AM EDT,$0.88,350
20260729,KBO-TRUNS-FG-02HIFC5LOKIF4C0-GTE-P00085,07/29/26 08:23 AM EDT,$0.55,106
20260729,KBO-TRUNS-FG-02HIFC25OKIF498-GTE-P00095,07/29/26 08:23 AM EDT,$0.70,377
20260729,KBO-TRUNS-FG-02HIFC25OKIF498-GTE-P00095,07/29/26 08:23 AM EDT,$0.70,87
20260729,KBO-WIN-FG-02HIFC68OKIF5K8-SANS000,07/29/26 08:24 AM EDT,$0.13,7
20260729,KBO-TRUNS-FG-02HIFC25OKIF498-GTE-P00095,07/29/26 08:24 AM EDT,$0.70,20
20260729,KBO-WIN-FG-02HIFC68OKIF5K8-SANS000,07/29/26 08:24 AM EDT,$0.13,71
20260729,NWSL-DWIN-FG-000A28PPI788FO8-UTSW003,07/29/26 08:24 AM EDT,$0.35,12
20260729,KBO-WIN-FG-02HIFC25OKIF498-NCOS000,07/29/26 08:24 AM EDT,$0.25,350
20260729,KBO-WIN-FG-02HIFC25OKIF498-NCOS000,07/29/26 08:24 AM EDT,$0.25,350
20260729,KBO-TRUNS-FG-02HIFC68OKIF5K8-GTE-P00135,07/29/26 08:24 AM EDT,$0.47,31
20260729,KBO-MOVY-FG-02HIFC5LOKIF4C0-HAES000-GTE-P00025,07/29/26 08:24 AM EDT,$0.36,60
20260729,MLB-TRUNS-I1-03VP8V0Q4PARC1O-GTE-P00005,07/29/26 08:24 AM EDT,$0.37,1
20260729,KBO-TRUNS-FG-02HIFC68OKIF5K8-GTE-P00135,07/29/26 08:24 AM EDT,$0.44,182
20260729,KBO-WIN-FG-02HIFC25OKIF498-NCOS000,07/29/26 08:24 AM EDT,$0.25,18
20260729,KBO-TRUNS-FG-02HIFC25OKIF498-GTE-P00105,07/29/26 08:25 AM EDT,$0.57,188
20260729,KBO-MOVY-FG-02HIFC68OKIF5K8-KIRS000-GTE-P00025,07/29/26 08:25 AM EDT,$0.55,30
20260729,KBO-TRUNS-FG-02HIFC25OKIF498-GTE-P00095,07/29/26 08:25 AM EDT,$0.66,17
20260729,KBO-WIN-FG-02HIFC25OKIF498-KTON000,07/29/26 08:25 AM EDT,$0.80,6
20260729,KBO-WIN-FG-02HIFC68OKIF5K8-SANS000,07/29/26 08:25 AM EDT,$0.15,31
20260729,KBO-TRUNS-FG-02HIFC68OKIF5K8-GTE-P00135,07/29/26 08:25 AM EDT,$0.37,15
20260729,KBO-WIN-FG-02HIFKVOOKIF2Q8-KIES000,07/29/26 08:25 AM EDT,$0.98,25
20260729,KBO-WIN-FG-02HIFKVOOKIF2Q8-KIES000,07/29/26 08:26 AM EDT,$0.98,34
20260729,KBO-WIN-FG-02HIFC25OKIF498-KTON000,07/29/26 08:26 AM EDT,$0.84,5
20260729,KBO-WIN-FG-02HIFKVOOKIF2Q8-KIES000,07/29/26 08:26 AM EDT,$0.96,34
20260729,KBO-WIN-FG-02HIFC25OKIF498-KTON000,07/29/26 08:27 AM EDT,$0.83,109
20260729,KBO-WIN-FG-02HIFC25OKIF498-KTON000,07/29/26 08:27 AM EDT,$0.83,1
20260729,KBO-WIN-FG-02HIFKVOOKIF2Q8-KIES000,07/29/26 08:27 AM EDT,$0.97,21
20260729,KBO-WIN-FG-02HIFC25OKIF498-KTON000,07/29/26 08:27 AM EDT,$0.83,2
20260729,KBO-WIN-FG-02HIFC25OKIF498-KTON000,07/29/26 08:27 AM EDT,$0.82,22
20260729,KBO-TRUNS-FG-02HIFC68OKIF5K8-GTE-P00135,07/29/26 08:28 AM EDT,$0.37,692
20260729,KBO-WIN-FG-02HIFC25OKIF498-KTON000,07/29/26 08:28 AM EDT,$0.81,12
20260729,KBO-TRUNS-FG-02HIFC68OKIF5K8-GTE-P00135,07/29/26 08:28 AM EDT,$0.34,44
20260729,KBO-WIN-FG-02HIFC25OKIF498-KTON000,07/29/26 08:28 AM EDT,$0.81,7
20260729,MLB-WIN-IT5-01DRGBP5TNRS7JG-SFTS000,07/29/26 08:28 AM EDT,$0.51,37
20260729,KBO-TRUNS-FG-02HIFC68OKIF5K8-GTE-P00135,07/29/26 08:29 AM EDT,$0.35,92
20260729,KBO-MOVY-FG-02HIFC5LOKIF4C0-HAES000-GTE-P00025,07/29/26 08:29 AM EDT,$0.48,97
20260729,KBO-WIN-FG-02HIFC25OKIF498-KTON000,07/29/26 08:29 AM EDT,$0.79,39
20260729,KBO-MOVY-FG-02HIFC68OKIF5K8-KIRS000-GTE-P00015,07/29/26 08:30 AM EDT,$0.66,40
20260729,KBO-TRUNS-FG-02HIFC68OKIF5K8-GTE-P00125,07/29/26 08:30 AM EDT,$0.47,24
20260729,KBO-WIN-FG-02HIFC25OKIF498-KTON000,07/29/26 08:30 AM EDT,$0.79,92
20260729,KBO-TRUNS-FG-02HIFC68OKIF5K8-GTE-P00125,07/29/26 08:30 AM EDT,$0.47,21
20260729,KBO-WIN-FG-02HIFC25OKIF498-KTON000,07/29/26 08:30 AM EDT,$0.79,6
20260729,KBO-TRUNS-FG-02HIFC68OKIF5K8-GTE-P00135,07/29/26 08:30 AM EDT,$0.30,13
20260729,MLB-TRUNS-I1-01DRGBPVTNRS63O-GTE-P00025,07/29/26 08:30 AM EDT,$0.07,1
20260729,KBO-TRUNS-FG-02HIFC25OKIF498-GTE-P00095,07/29/26 08:30 AM EDT,$0.65,19
20260729,KBO-WIN-FG-02HIFC68OKIF5K8-KIRS000,07/29/26 08:30 AM EDT,$0.82,47
20260729,KBO-MOVY-FG-02HIFKVOOKIF2Q8-KIES000-GTE-P00065,07/29/26 08:30 AM EDT,$0.56,14
20260729,KBO-MOVY-FG-02HIFC5LOKIF4C0-HAES000-GTE-P00025,07/29/26 08:30 AM EDT,$0.09,96
20260729,KBO-WIN-FG-02HIFC25OKIF498-NCOS000,07/29/26 08:31 AM EDT,$0.23,5
20260729,KBO-MOVY-FG-02HIFC25OKIF498-KTON000-GTE-P00015,07/29/26 08:31 AM EDT,$0.57,38
20260729,MLB-TRUNS-I1-01DRGBPVTNRS63O-GTE-P00025,07/29/26 08:31 AM EDT,$0.07,1
20260729,KBO-WIN-FG-02HIFC25OKIF498-NCOS000,07/29/26 08:31 AM EDT,$0.28,1
20260729,MLB-TRUNS-I1-01DRGBPVTNRS63O-GTE-P00025,07/29/26 08:31 AM EDT,$0.07,1
20260729,KBO-WIN-FG-02HIFC25OKIF498-NCOS000,07/29/26 08:31 AM EDT,$0.24,18
20260729,KBO-TRUNS-FG-02HIFC25OKIF498-GTE-P00095,07/29/26 08:31 AM EDT,$0.63,12
20260729,KBO-MOVY-FG-02HIFKVOOKIF2Q8-KIES000-GTE-P00065,07/29/26 08:31 AM EDT,$0.56,1
20260729,KBO-WIN-FG-02HIFKVOOKIF2Q8-KIES000,07/29/26 08:32 AM EDT,$0.97,82
20260729,MLB-TRUNS-I1-01DRGBPVTNRS63O-GTE-P00025,07/29/26 08:32 AM EDT,$0.15,1
20260729,MLB-TRUNS-I1-01DRGBPVTNRS63O-GTE-P00025,07/29/26 08:32 AM EDT,$0.15,1
20260729,MLB-TRUNS-I1-01DRGBPVTNRS63O-GTE-P00025,07/29/26 08:32 AM EDT,$0.15,1
20260729,KBO-WIN-FG-02HIFC68OKIF5K8-SANS000,07/29/26 08:34 AM EDT,$0.02,71
20260729,KBO-WIN-FG-02HIFKVOOKIF2Q8-KIES000,07/29/26 08:34 AM EDT,$0.99,25
20260729,KBO-WIN-FG-02HIFC68OKIF5K8-KIRS000,07/29/26 08:34 AM EDT,$0.90,54
20260729,KBO-WIN-FG-02HIFC68OKIF5K8-KIRS000,07/29/26 08:35 AM EDT,$0.98,13
20260729,KBO-WIN-FG-02HIFC25OKIF498-NCOS000,07/29/26 08:35 AM EDT,$0.13,100
20260729,KBO-MOVY-FG-02HIFC5LOKIF4C0-HAES000-GTE-P00015,07/29/26 08:35 AM EDT,$0.71,151
20260729,KBO-TRUNS-FG-02HIFC68OKIF5K8-GTE-P00145,07/29/26 08:35 AM EDT,$0.58,26
20260729,KBO-WIN-FG-02HIFC68OKIF5K8-KIRS000,07/29/26 08:36 AM EDT,$0.98,1
20260729,KBO-MOVY-FG-02HIFC68OKIF5K8-KIRS000-GTE-P00015,07/29/26 08:36 AM EDT,$0.94,40
20260729,KBO-MOVY-FG-02HIFKVOOKIF2Q8-KIES000-GTE-P00065,07/29/26 08:36 AM EDT,$0.53,64
20260729,KBO-WIN-FG-02HIFC5LOKIF4C0-LOTS001,07/29/26 08:36 AM EDT,$0.09,100
20260729,KBO-WIN-FG-02HIFC5LOKIF4C0-HAES000,07/29/26 08:36 AM EDT,$0.95,7
20260729,KBO-MOVY-FG-02HIFC5LOKIF4C0-HAES000-GTE-P00015,07/29/26 08:36 AM EDT,$0.71,272
20260729,KBO-MOVY-FG-02HIFC5LOKIF4C0-HAES000-GTE-P00015,07/29/26 08:36 AM EDT,$0.71,384
20260729,KBO-WIN-FG-02HIFC25OKIF498-KTON000,07/29/26 08:36 AM EDT,$0.88,79
20260729,MLB-TRUNS-I1-01DRGBPVTNRS63O-GTE-P00005,07/29/26 08:36 AM EDT,$0.43,1
20260729,KBO-MOVY-FG-02HIFC5LOKIF4C0-HAES000-GTE-P00015,07/29/26 08:36 AM EDT,$0.70,156
20260729,KBO-WIN-FG-02HIFC25OKIF498-KTON000,07/29/26 08:37 AM EDT,$0.88,90
20260729,KBO-WIN-FG-02HIFC25OKIF498-NCOS000,07/29/26 08:37 AM EDT,$0.12,4
20260729,KBO-MOVY-FG-02HIFC68OKIF5K8-KIRS000-GTE-P00045,07/29/26 08:37 AM EDT,$0.59,442
20260729,MLB-TRUNS-I1-01DRH59GTNRRIEG-GTE-P00005,07/29/26 08:37 AM EDT,$0.53,1
20260729,KBO-MOVY-FG-02HIFC5LOKIF4C0-HAES000-GTE-P00015,07/29/26 08:37 AM EDT,$0.70,102
20260729,KBO-WIN-FG-02HIFKVOOKIF2Q8-KIES000,07/29/26 08:37 AM EDT,$0.96,10
20260729,KBO-MOVY-FG-02HIFC68OKIF5K8-SANS000-GTE-P00025,07/29/26 08:37 AM EDT,$0.02,350
20260729,KBO-MOVY-FG-02HIFC5LOKIF4C0-HAES000-GTE-P00015,07/29/26 08:37 AM EDT,$0.66,350
20260729,MLB-TRUNS-I1-01DRH59GTNRRIEG-GTE-P00015,07/29/26 08:37 AM EDT,$0.30,1
20260729,MLB-TRUNS-I1-01DRGBT4TNRS6MO-GTE-P00005,07/29/26 08:37 AM EDT,$0.39,1
20260729,MLB-TRUNS-IT5-01DRGBS5TNRS7RO-GTE-P00045,07/29/26 08:38 AM EDT,$0.61,5
20260729,MLB-TRUNS-I1-01DRGBT4TNRS6MO-GTE-P00005,07/29/26 08:38 AM EDT,$0.47,1
20260729,MLB-TRUNS-I6-01DRH59GTNRRIEG-GTE-P00005,07/29/26 08:38 AM EDT,$0.47,1
20260729,MLB-MOVY-IT5-01DRH59GTNRRIEG-CHBS000-GTE-P00005,07/29/26 08:38 AM EDT,$0.47,10
20260729,KBO-MOVY-FG-02HIFC25OKIF498-KTON000-GTE-P00025,07/29/26 08:38 AM EDT,$0.47,12
20260729,KBO-WIN-FG-02HIFKVOOKIF2Q8-LGNS000,07/29/26 08:38 AM EDT,$0.04,400
20260729,KBO-MOVY-FG-02HIFC5LOKIF4C0-HAES000-GTE-P00015,07/29/26 08:39 AM EDT,$0.95,501
20260729,KBO-MOVY-FG-02HIFC68OKIF5K8-KIRS000-GTE-P00025,07/29/26 08:39 AM EDT,$0.79,30
20260729,KBO-WIN-FG-02HIFC68OKIF5K8-KIRS000,07/29/26 08:39 AM EDT,$0.98,26
20260729,KBO-MOVY-FG-02HIFC68OKIF5K8-KIRS000-GTE-P00045,07/29/26 08:39 AM EDT,$0.58,118
20260729,MLB-PHRR-FG-01DRH5DLTNRRJQO-ALEN000-GTE-P00035,07/29/26 08:39 AM EDT,$0.18,1
20260729,KBO-WIN-FG-02HIFC68OKIF5K8-KIRS000,07/29/26 08:39 AM EDT,$0.98,26
20260729,MLB-TRUNS-I1-01DRGBPVTNRS63O-GTE-P00005,07/29/26 08:40 AM EDT,$0.43,1
20260729,KBO-TRUNS-FG-02HIFC68OKIF5K8-GTE-P00135,07/29/26 08:40 AM EDT,$0.71,54
20260729,KBO-WIN-FG-02HIFC68OKIF5K8-KIRS000,07/29/26 08:40 AM EDT,$0.98,25
20260729,KBO-MOVY-FG-02HIFC68OKIF5K8-KIRS000-GTE-P00045,07/29/26 08:40 AM EDT,$0.58,83
20260729,KBO-TRUNS-FG-02HIFC68OKIF5K8-GTE-P00145,07/29/26 08:40 AM EDT,$0.52,100
20260729,MLB-TRUNS-IT5-01DRGBS5TNRS7RO-GTE-P00055,07/29/26 08:41 AM EDT,$0.49,5
20260729,MLB-TRUNS-I1-01DRGBPVTNRS63O-GTE-P00005,07/29/26 08:42 AM EDT,$0.51,1
20260729,KBO-MOVY-FG-02HIFC68OKIF5K8-KIRS000-GTE-P00045,07/29/26 08:42 AM EDT,$0.56,51
20260729,MLB-TRUNS-IT5-01DRGBT4TNRS7KG-GTE-P00045,07/29/26 08:42 AM EDT,$0.45,52
20260729,KBO-WIN-FG-02HIFC68OKIF5K8-KIRS000,07/29/26 08:42 AM EDT,$0.98,25
20260729,KBO-WIN-FG-02HIFC68OKIF5K8-KIRS000,07/29/26 08:42 AM EDT,$0.98,5
20260729,KBO-TRUNS-FG-02HIFC68OKIF5K8-GTE-P00135,07/29/26 08:43 AM EDT,$0.72,1
20260729,KBO-WIN-FG-02HIFC68OKIF5K8-KIRS000,07/29/26 08:43 AM EDT,$0.98,5
20260729,MLB-WIN-IT5-01DRGBP5TNRS7JG-SFTS000,07/29/26 08:43 AM EDT,$0.43,37
20260729,KBO-WIN-FG-02HIFC68OKIF5K8-SANS000,07/29/26 08:44 AM EDT,$0.04,83
20260729,KBO-MOVY-FG-02HIFKVOOKIF2Q8-LGNS000-GTE-P00015,07/29/26 08:44 AM EDT,$0.04,312
20260729,KBO-TRUNS-FG-02HIFC25OKIF498-GTE-P00115,07/29/26 08:44 AM EDT,$0.54,350
20260729,KBO-TRUNS-FG-02HIFC25OKIF498-GTE-P00115,07/29/26 08:45 AM EDT,$0.55,350
20260729,MLB-WIN-IT5-01DRH5ELTNRRJRO-NYES000,07/29/26 08:45 AM EDT,$0.60,40
20260729,KBO-WIN-FG-02HIFC25OKIF498-NCOS000,07/29/26 08:45 AM EDT,$0.02,1
20260729,KBO-WIN-FG-02HIFC25OKIF498-KTON000,07/29/26 08:45 AM EDT,$0.94,22
20260729,KBO-TRUNS-FG-02HIFC68OKIF5K8-GTE-P00145,07/29/26 08:46 AM EDT,$0.34,29
20260729,KBO-MOVY-FG-02HIFC5LOKIF4C0-HAES000-GTE-P00015,07/29/26 08:46 AM EDT,$0.97,102
20260729,KBO-TRUNS-FG-02HIFC68OKIF5K8-GTE-P00135,07/29/26 08:46 AM EDT,$0.60,82
20260729,KBO-TRUNS-FG-02HIFC68OKIF5K8-GTE-P00135,07/29/26 08:46 AM EDT,$0.60,668
20260729,KBO-TRUNS-FG-02HIFC68OKIF5K8-GTE-P00135,07/29/26 08:46 AM EDT,$0.60,138
20260729,KBO-TRUNS-FG-02HIFC68OKIF5K8-GTE-P00135,07/29/26 08:47 AM EDT,$0.58,3
20260729,KBO-TRUNS-FG-02HIFC68OKIF5K8-GTE-P00135,07/29/26 08:47 AM EDT,$0.56,53
20260729,KBO-TRUNS-FG-02HIFC68OKIF5K8-GTE-P00135,07/29/26 08:47 AM EDT,$0.56,217
20260729,KBO-TRUNS-FG-02HIFC68OKIF5K8-GTE-P00145,07/29/26 08:47 AM EDT,$0.35,147
20260729,MLB-TRUNS-I1-01DRGBS5TNRS7RO-GTE-P00005,07/29/26 08:47 AM EDT,$0.49,1
20260729,MLB-TRUNS-I1-01DRGBS5TNRS7RO-GTE-P00005,07/29/26 08:48 AM EDT,$0.57,1
20260729,KBO-MOVY-FG-02HIFKVOOKIF2Q8-KIES000-GTE-P00075,07/29/26 08:48 AM EDT,$0.38,51
20260729,MLB-TRUNS-I1-01DRGBT4TNRS7KG-GTE-P00005,07/29/26 08:48 AM EDT,$0.44,1
20260729,KBO-TRUNS-FG-02HIFC68OKIF5K8-GTE-P00135,07/29/26 08:49 AM EDT,$0.67,94
20260729,MLB-TRUNS-I1-01DRGBT4TNRS7KG-GTE-P00005,07/29/26 08:49 AM EDT,$0.44,1
20260729,KBO-TRUNS-FG-02HIFC68OKIF5K8-GTE-P00135,07/29/26 08:49 AM EDT,$0.71,342
20260729,KBO-TRUNS-FG-02HIFC68OKIF5K8-GTE-P00135,07/29/26 08:50 AM EDT,$0.75,400
20260729,KBO-TRUNS-FG-02HIFC68OKIF5K8-GTE-P00135,07/29/26 08:50 AM EDT,$0.75,775
20260729,KBO-WIN-FG-02HIFC68OKIF5K8-KIRS000,07/29/26 08:50 AM EDT,$0.98,58
20260729,KBO-MOVY-FG-02HIFKVOOKIF2Q8-KIES000-GTE-P00065,07/29/26 08:50 AM EDT,$0.57,593
20260729,KBO-WIN-FG-02HIFC25OKIF498-NCOS000,07/29/26 08:52 AM EDT,$0.04,100
20260729,MLB-TRUNS-I1-01DRGBPVTNRS63O-GTE-P00005,07/29/26 08:52 AM EDT,$0.41,1
20260729,KBO-MOVY-FG-02HIFC25OKIF498-NCOS000-GTE-P00005,07/29/26 08:52 AM EDT,$0.06,11
20260729,KBO-WIN-FG-02HIFC25OKIF498-KTON000,07/29/26 08:52 AM EDT,$0.96,9
20260729,MLB-TRUNS-I1-01DRGBPVTNRS63O-GTE-P00005,07/29/26 08:52 AM EDT,$0.49,1
20260729,MLB-TRUNS-I1-01DRGBPVTNRS63O-GTE-P00005,07/29/26 08:53 AM EDT,$0.49,1
20260729,MLB-TRUNS-I1-01DRGBPVTNRS63O-GTE-P00005,07/29/26 08:53 AM EDT,$0.41,1
20260729,KBO-WIN-FG-02HIFKVOOKIF2Q8-LGNS000,07/29/26 08:53 AM EDT,$0.03,350
20260729,KBO-WIN-FG-02HIFKVOOKIF2Q8-LGNS000,07/29/26 08:53 AM EDT,$0.03,350
20260729,KBO-WIN-FG-02HIFKVOOKIF2Q8-LGNS000,07/29/26 08:53 AM EDT,$0.03,331
20260729,KBO-WIN-FG-02HIFKVOOKIF2Q8-LGNS000,07/29/26 08:53 AM EDT,$0.03,350
20260729,KBO-TRUNS-FG-02HIFC25OKIF498-GTE-P00125,07/29/26 08:54 AM EDT,$0.45,82
20260729,KBO-TRUNS-FG-02HIFC25OKIF498-GTE-P00125,07/29/26 08:54 AM EDT,$0.44,10
20260729,MLB-TRUNS-I1-01DRGBPVTNRS63O-GTE-P00005,07/29/26 08:54 AM EDT,$0.49,1
20260729,MLB-TRUNS-I1-01DRGBPVTNRS63O-GTE-P00005,07/29/26 08:54 AM EDT,$0.49,1
20260729,KBO-TRUNS-FG-02HIFC68OKIF5K8-GTE-P00135,07/29/26 08:54 AM EDT,$0.55,20
20260729,KBO-TRUNS-FG-02HIFC25OKIF498-GTE-P00125,07/29/26 08:54 AM EDT,$0.43,6
20260729,KBO-MOVY-FG-02HIFC68OKIF5K8-KIRS000-GTE-P00035,07/29/26 08:54 AM EDT,$0.83,29
20260729,MLB-TRUNS-I1-01DRGBPVTNRS63O-GTE-P00005,07/29/26 08:54 AM EDT,$0.41,1
20260729,KBO-TRUNS-FG-02HIFC68OKIF5K8-GTE-P00135,07/29/26 08:55 AM EDT,$0.56,28
20260729,MLB-TRUNS-I1-01DRGBPVTNRS63O-GTE-P00005,07/29/26 08:55 AM EDT,$0.41,1
20260729,KBO-WIN-FG-02HIFKVOOKIF2Q8-KIES000,07/29/26 08:55 AM EDT,$0.96,26
20260729,KBO-WIN-FG-02HIFKVOOKIF2Q8-KIES000,07/29/26 08:55 AM EDT,$0.96,5
20260729,KBO-TRUNS-FG-02HIFC68OKIF5K8-GTE-P00135,07/29/26 08:55 AM EDT,$0.54,182
20260729,KBO-TRUNS-FG-02HIFC68OKIF5K8-GTE-P00135,07/29/26 08:56 AM EDT,$0.49,71
20260729,KBO-TRUNS-FG-02HIFC25OKIF498-GTE-P00115,07/29/26 08:56 AM EDT,$0.55,12
20260729,KBO-TRUNS-FG-02HIFC25OKIF498-GTE-P00115,07/29/26 08:56 AM EDT,$0.57,110
20260729,KBO-TRUNS-FG-02HIFC68OKIF5K8-GTE-P00135,07/29/26 08:56 AM EDT,$0.49,9
20260729,MLB-TRUNS-I5-01DRH5CMTNRRJNO-GTE-P00005,07/29/26 08:57 AM EDT,$0.54,1
20260729,MLB-TRUNS-I1-01DRGBPVTNRS63O-GTE-P00005,07/29/26 08:57 AM EDT,$0.49,1
20260729,KBO-TRUNS-FG-02HIFC68OKIF5K8-GTE-P00145,07/29/26 08:57 AM EDT,$0.31,26
20260729,KBO-MOVY-FG-02HIFC68OKIF5K8-KIRS000-GTE-P00045,07/29/26 08:57 AM EDT,$0.66,20
20260729,KBO-WIN-FG-02HIFC68OKIF5K8-KIRS000,07/29/26 08:57 AM EDT,$0.98,75
20260729,KBO-TRUNS-FG-02HIFC25OKIF498-GTE-P00125,07/29/26 08:57 AM EDT,$0.28,40
20260729,KBO-TRUNS-FG-02HIFC25OKIF498-GTE-P00115,07/29/26 08:57 AM EDT,$0.52,24
20260729,KBO-TRUNS-FG-02HIFC68OKIF5K8-GTE-P00135,07/29/26 08:57 AM EDT,$0.49,37
20260729,KBO-TRUNS-FG-02HIFC68OKIF5K8-GTE-P00145,07/29/26 08:57 AM EDT,$0.31,83
20260729,KBO-TRUNS-FG-02HIFC68OKIF5K8-GTE-P00135,07/29/26 08:57 AM EDT,$0.49,18
20260729,KBO-TRUNS-FG-02HIFC25OKIF498-GTE-P00115,07/29/26 08:58 AM EDT,$0.52,2
20260729,KBO-MOVY-FG-02HIFC25OKIF498-KTON000-GTE-P00055,07/29/26 08:58 AM EDT,$0.31,757
20260729,KBO-WIN-FG-02HIFKVOOKIF2Q8-KIES000,07/29/26 08:58 AM EDT,$0.97,25
20260729,KBO-TRUNS-FG-02HIFC25OKIF498-GTE-P00115,07/29/26 08:58 AM EDT,$0.56,179
20260729,MLB-TRUNS-I1-01DRGBT4TNRS6MO-GTE-P00005,07/29/26 08:58 AM EDT,$0.37,1
20260729,KBO-WIN-FG-02HIFKVOOKIF2Q8-KIES000,07/29/26 08:58 AM EDT,$0.98,20
20260729,MLB-TRUNS-I1-01DRGBP5TNRS7JG-GTE-P00005,07/29/26 08:58 AM EDT,$0.48,1
20260729,MLB-TRUNS-I1-01DRGBT4TNRS7KG-GTE-P00005,07/29/26 08:59 AM EDT,$0.44,1
20260729,KBO-TRUNS-FG-02HIFC68OKIF5K8-GTE-P00135,07/29/26 08:59 AM EDT,$0.49,1
20260729,MLB-TRUNS-I1-01DRGBT4TNRS7KG-GTE-P00005,07/29/26 08:59 AM EDT,$0.44,1
20260729,KBO-WIN-FG-02HIFKVOOKIF2Q8-LGNS000,07/29/26 09:00 AM EDT,$0.02,33
20260729,KBO-TRUNS-FG-02HIFC68OKIF5K8-GTE-P00135,07/29/26 09:00 AM EDT,$0.53,14
20260729,MLB-TRUNS-I1-01DRGBT4TNRS7KG-GTE-P00005,07/29/26 09:00 AM EDT,$0.44,1
20260729,MLB-TRUNS-I1-01DRGBPHTNRS6TO-GTE-P00015,07/29/26 09:00 AM EDT,$0.30,1
20260729,KBO-TRUNS-FG-02HIFC68OKIF5K8-GTE-P00135,07/29/26 09:00 AM EDT,$0.49,64
20260729,MLB-PHRR-FG-01DRGBS5TNRS7RO-JAOD000-GTE-P00025,07/29/26 09:01 AM EDT,$0.41,22
20260729,MLB-PHRR-FG-01DRGBS5TNRS7RO-JAOD000-GTE-P00025,07/29/26 09:01 AM EDT,$0.41,1
20260729,KBO-MOVY-FG-02HIFKVOOKIF2Q8-KIES000-GTE-P00075,07/29/26 09:01 AM EDT,$0.71,35
20260729,KBO-MOVY-FG-02HIFKVOOKIF2Q8-KIES000-GTE-P00075,07/29/26 09:01 AM EDT,$0.63,51
20260729,MLB-TRUNS-I1-01DRGBT4TNRS7KG-GTE-P00005,07/29/26 09:01 AM EDT,$0.52,1
20260729,KBO-TRUNS-FG-02HIFC25OKIF498-GTE-P00115,07/29/26 09:02 AM EDT,$0.56,12
20260729,MLB-PHRR-FG-01DRGBPHTNRS6TO-BOTE000-GTE-P00005,07/29/26 09:02 AM EDT,$0.76,1
20260729,MLB-TRUNS-I1-01DRGBT4TNRS6MO-GTE-P00005,07/29/26 09:02 AM EDT,$0.37,1
20260729,KBO-MOVY-FG-02HIFKVOOKIF2Q8-KIES000-GTE-P00075,07/29/26 09:02 AM EDT,$0.65,84
20260729,MLB-TRUNS-I1-01DRGBT4TNRS6MO-GTE-P00005,07/29/26 09:02 AM EDT,$0.37,1
20260729,KBO-MOVY-FG-02HIFKVOOKIF2Q8-KIES000-GTE-P00075,07/29/26 09:02 AM EDT,$0.65,5
20260729,KBO-MOVY-FG-02HIFKVOOKIF2Q8-KIES000-GTE-P00075,07/29/26 09:03 AM EDT,$0.65,434
20260729,KBO-MOVY-FG-02HIFKVOOKIF2Q8-KIES000-GTE-P00075,07/29/26 09:03 AM EDT,$0.73,157
20260729,MLB-TRUNS-IT5-01DRGBT4TNRS7KG-GTE-P00045,07/29/26 09:03 AM EDT,$0.45,52
20260729,KBO-MOVY-FG-02HIFKVOOKIF2Q8-KIES000-GTE-P00075,07/29/26 09:03 AM EDT,$0.74,19
20260729,MLB-MOVY-IT5-01DRGBQLTNRS7H8-TBYS000-GTE-P00005,07/29/26 09:03 AM EDT,$0.42,7
20260729,MLB-PHRR-FG-01DRGBPVTNRS63O-XADS000-GTE-P00015,07/29/26 09:04 AM EDT,$0.49,1
20260729,MLB-TRUNS-I4-01DRGBQLTNRS7H8-GTE-P00005,07/29/26 09:04 AM EDT,$0.48,1
20260729,KBO-TRUNS-FG-02HIFC25OKIF498-GTE-P00115,07/29/26 09:05 AM EDT,$0.97,179
20260729,KBO-MOVY-FG-02HIFKVOOKIF2Q8-KIES000-GTE-P00075,07/29/26 09:05 AM EDT,$0.71,35
20260729,MLB-WIN-IT5-01DRGBQLTNRS7H8-TERS000,07/29/26 09:05 AM EDT,$0.49,6
20260729,KBO-MOVY-FG-02HIFKVOOKIF2Q8-KIES000-GTE-P00075,07/29/26 09:08 AM EDT,$0.57,82
20260729,KBO-MOVY-FG-02HIFKVOOKIF2Q8-KIES000-GTE-P00075,07/29/26 09:08 AM EDT,$0.57,15
20260729,MLB-PHRR-FG-01DRGBS5TNRS7RO-CJMS000-GTE-P00015,07/29/26 09:09 AM EDT,$0.54,17
20260729,MLB-PHRR-FG-01DRGBP5TNRS7JG-BRNG003-GTE-P00055,07/29/26 09:10 AM EDT,$0.09,1
20260729,KBO-WIN-FG-02HIFKVOOKIF2Q8-LGNS000,07/29/26 09:10 AM EDT,$0.03,1031
20260729,KBO-MOVY-FG-02HIFKVOOKIF2Q8-KIES000-GTE-P00075,07/29/26 09:10 AM EDT,$0.74,7
20260729,KBO-WIN-FG-02HIFKVOOKIF2Q8-LGNS000,07/29/26 09:10 AM EDT,$0.03,25
20260729,KBO-WIN-FG-02HIFKVOOKIF2Q8-LGNS000,07/29/26 09:10 AM EDT,$0.03,250
20260729,KBO-MOVY-FG-02HIFKVOOKIF2Q8-KIES000-GTE-P00075,07/29/26 09:10 AM EDT,$0.75,15
20260729,MLB-TRUNS-IT5-01DRGBT4TNRS7KG-GTE-P00045,07/29/26 09:10 AM EDT,$0.45,70
20260729,MLB-TRUNS-IT5-01DRGBT4TNRS6MO-GTE-P00035,07/29/26 09:11 AM EDT,$0.57,9
20260729,MLB-PHRR-FG-01DRGBS5TNRS7RO-JAOD000-GTE-P00015,07/29/26 09:11 AM EDT,$0.57,253
20260729,MLB-PHRR-FG-01DRGBS5TNRS7RO-JAOD000-GTE-P00015,07/29/26 09:11 AM EDT,$0.57,1
20260729,MLB-PHRR-FG-01DRH5CMTNRRJNO-TEEZ000-GTE-P00085,07/29/26 09:13 AM EDT,$0.04,1
20260729,MLB-PHRR-FG-01DRH5CMTNRRJNO-SHNI001-GTE-P00085,07/29/26 09:13 AM EDT,$0.05,1
20260729,NWSL-DWIN-FG-000A28SHI788EU0-KATW001,07/29/26 09:15 AM EDT,$0.69,29
20260729,KBO-MOVY-FG-02HIFKVOOKIF2Q8-KIES000-GTE-P00065,07/29/26 09:16 AM EDT,$0.53,1
20260729,KBO-MOVY-FG-02HIFKVOOKIF2Q8-KIES000-GTE-P00065,07/29/26 09:16 AM EDT,$0.61,7
20260729,KBO-WIN-FG-02HIFKVOOKIF2Q8-LGNS000,07/29/26 09:17 AM EDT,$0.03,25
20260729,KBO-MOVY-FG-02HIFKVOOKIF2Q8-KIES000-GTE-P00065,07/29/26 09:17 AM EDT,$0.61,28
20260729,KBO-WIN-FG-02HIFKVOOKIF2Q8-LGNS000,07/29/26 09:17 AM EDT,$0.03,25
20260729,KBO-MOVY-FG-02HIFKVOOKIF2Q8-KIES000-GTE-P00075,07/29/26 09:17 AM EDT,$0.28,51
20260729,KBO-MOVY-FG-02HIFKVOOKIF2Q8-KIES000-GTE-P00075,07/29/26 09:18 AM EDT,$0.29,32
20260729,KBO-WIN-FG-02HIFKVOOKIF2Q8-KIES000,07/29/26 09:18 AM EDT,$0.99,25
20260729,KBO-MOVY-FG-02HIFKVOOKIF2Q8-KIES000-GTE-P00065,07/29/26 09:18 AM EDT,$0.58,45
20260729,KBO-WIN-FG-02HIFKVOOKIF2Q8-KIES000,07/29/26 09:18 AM EDT,$0.99,5
20260729,KBO-MOVY-FG-02HIFKVOOKIF2Q8-KIES000-GTE-P00075,07/29/26 09:19 AM EDT,$0.30,156
20260729,KBO-MOVY-FG-02HIFC25OKIF498-KTON000-GTE-P00015,07/29/26 09:19 AM EDT,$0.97,105
20260729,MLB-TRUNS-I1-01DRGBPVTNRS63O-GTE-P00025,07/29/26 09:19 AM EDT,$0.06,1
20260729,NWSL-DWIN-FG-000A28SHI788EU0-KATW001,07/29/26 09:20 AM EDT,$0.69,35
20260729,KBO-MOVY-FG-02HIFKVOOKIF2Q8-KIES000-GTE-P00065,07/29/26 09:20 AM EDT,$0.66,73
20260729,NWSL-DWIN-FG-000A28ULI788EFO-NJCW001,07/29/26 09:21 AM EDT,$0.60,25
20260729,KBO-MOVY-FG-02HIFKVOOKIF2Q8-KIES000-GTE-P00075,07/29/26 09:21 AM EDT,$0.29,319
20260729,KBO-MOVY-FG-02HIFKVOOKIF2Q8-KIES000-GTE-P00035,07/29/26 09:21 AM EDT,$0.98,25
20260729,MLB-TRUNS-I1-01DRGBPVTNRS63O-GTE-P00005,07/29/26 09:21 AM EDT,$0.41,1
20260729,MLB-MOVY-IT5-01DRGBPVTNRS63O-PHES000-GTE-P00005,07/29/26 09:22 AM EDT,$0.55,7
20260729,KBO-MOVY-FG-02HIFKVOOKIF2Q8-KIES000-GTE-P00055,07/29/26 09:22 AM EDT,$0.73,172
20260729,KBO-MOVY-FG-02HIFKVOOKIF2Q8-KIES000-GTE-P00065,07/29/26 09:23 AM EDT,$0.50,26
20260729,MLB-WIN-IT5-01DRGBT4TNRS6MO-DERS000,07/29/26 09:23 AM EDT,$0.67,7
20260729,MLB-TRUNS-IT5-01DRGBS5TNRS7RO-GTE-P00055,07/29/26 09:23 AM EDT,$0.41,1
20260729,MLB-PHRR-FG-01DRGBT4TNRS7KG-BRDS000-GTE-P00015,07/29/26 09:24 AM EDT,$0.55,1
20260729,KBO-MOVY-FG-02HIFKVOOKIF2Q8-KIES000-GTE-P00075,07/29/26 09:24 AM EDT,$0.25,7
20260729,MLB-PHRR-FG-01DRGBT4TNRS6MO-DIER000-GTE-P00015,07/29/26 09:24 AM EDT,$0.54,1
20260729,MLB-PHRR-FG-01DRGBT4TNRS7KG-BRDS000-GTE-P00015,07/29/26 09:25 AM EDT,$0.47,1
20260729,KBO-MOVY-FG-02HIFKVOOKIF2Q8-KIES000-GTE-P00065,07/29/26 09:25 AM EDT,$0.58,45
20260729,KBO-MOVY-FG-02HIFKVOOKIF2Q8-KIES000-GTE-P00065,07/29/26 09:26 AM EDT,$0.59,1
20260729,KBO-MOVY-FG-02HIFKVOOKIF2Q8-KIES000-GTE-P00065,07/29/26 09:26 AM EDT,$0.67,7
20260729,KBO-MOVY-FG-02HIFKVOOKIF2Q8-KIES000-GTE-P00065,07/29/26 09:27 AM EDT,$0.62,78
20260729,KBO-MOVY-FG-02HIFKVOOKIF2Q8-KIES000-GTE-P00065,07/29/26 09:27 AM EDT,$0.54,28
20260729,KBO-WIN-FG-02HIFKVOOKIF2Q8-LGNS000,07/29/26 09:27 AM EDT,$0.03,125
20260729,KBO-MOVY-FG-02HIFKVOOKIF2Q8-KIES000-GTE-P00065,07/29/26 09:27 AM EDT,$0.54,31
20260729,KBO-MOVY-FG-02HIFKVOOKIF2Q8-KIES000-GTE-P00065,07/29/26 09:27 AM EDT,$0.62,118
20260729,KBO-MOVY-FG-02HIFKVOOKIF2Q8-KIES000-GTE-P00075,07/29/26 09:28 AM EDT,$0.22,41
20260729,KBO-WIN-FG-02HIFKVOOKIF2Q8-LGNS000,07/29/26 09:28 AM EDT,$0.03,250
20260729,MLB-MOVY-IT5-01DRGBT4TNRS6MO-DERS000-GTE-P00005,07/29/26 09:28 AM EDT,$0.59,8
20260729,KBO-MOVY-FG-02HIFKVOOKIF2Q8-KIES000-GTE-P00065,07/29/26 09:29 AM EDT,$0.56,6
20260729,MLB-WIN-IT5-01DRGBT4TNRS7KG-PIES000,07/29/26 09:29 AM EDT,$0.60,25
20260729,KBO-WIN-FG-02HIFC25OKIF498-KTON000,07/29/26 09:30 AM EDT,$0.97,287
20260729,MLB-TRUNS-I1-01DRGBPVTNRS63O-GTE-P00025,07/29/26 09:31 AM EDT,$0.14,1
20260729,MLB-TRUNS-I1-01DRGBPVTNRS63O-GTE-P00025,07/29/26 09:32 AM EDT,$0.06,1
20260729,MLB-TRUNS-I1-01DRGBPVTNRS63O-GTE-P00025,07/29/26 09:33 AM EDT,$0.14,1
20260729,KBO-WIN-FG-02HIFC25OKIF498-KTON000,07/29/26 09:33 AM EDT,$0.97,7
20260729,KBO-WIN-FG-02HIFC68OKIF5K8-KIRS000,07/29/26 09:36 AM EDT,$0.97,7
20260729,MLB-TRUNS-I1-01DRGBPVTNRS63O-GTE-P00005,07/29/26 09:37 AM EDT,$0.48,1
20260729,MLB-PHRR-FG-01DRGBPHTNRS6TO-MAON003-GTE-P00045,07/29/26 09:37 AM EDT,$0.17,1
20260729,MLB-PHRR-FG-01DRGBT4TNRS7KG-COLL001-GTE-P00035,07/29/26 09:43 AM EDT,$0.24,3
20260729,KBO-WIN-FG-02HIFC25OKIF498-KTON000,07/29/26 09:43 AM EDT,$0.97,27
20260729,MLB-PHRR-FG-01DRGBTTTNRS7KO-ELUZ001-GTE-P00035,07/29/26 09:45 AM EDT,$0.24,3
20260729,MLB-MOVY-IT5-01DRGBPVTNRS63O-PHES000-GTE-P00005,07/29/26 09:47 AM EDT,$0.53,90
20260729,MLB-MOVY-IT5-01DRGBPVTNRS63O-PHES000-GTE-P00005,07/29/26 09:47 AM EDT,$0.53,181
20260729,MLB-TRUNS-IT5-01DRH58PTNRRJ90-GTE-P00055,07/29/26 09:47 AM EDT,$0.56,6
20260729,MLB-WIN-IT5-01DRGBT4TNRS7KG-PIES000,07/29/26 09:48 AM EDT,$0.59,9
20260729,MLB-WIN-IT5-01DRH5ANTNRRIEO-HOOS000,07/29/26 09:48 AM EDT,$0.57,42
20260729,MLB-PHRR-FG-01DRGBT4TNRS7KG-COLL001-GTE-P00015,07/29/26 09:51 AM EDT,$0.55,17
20260729,MLB-PHRR-FG-01DRGBP5TNRS7JG-JUEE000-GTE-P00015,07/29/26 09:56 AM EDT,$0.50,39
20260729,MLB-TRUNS-IT5-01DRGBT4TNRS6MO-GTE-P00035,07/29/26 09:57 AM EDT,$0.53,114
20260729,MLB-PHRR-FG-01DRH58PTNRRJ90-CELA000-GTE-P00025,07/29/26 09:59 AM EDT,$0.45,4
20260729,MLB-TRUNS-IT5-01DRGBT4TNRS7KG-GTE-P00045,07/29/26 10:00 AM EDT,$0.48,179
20260729,MLB-PHRR-FG-01DRGBPVTNRS63O-OTEZ000-GTE-P00015,07/29/26 10:01 AM EDT,$0.52,9
20260729,MLB-TRUNS-I1-01DRGBT4TNRS6MO-GTE-P00005,07/29/26 10:03 AM EDT,$0.46,10
20260729,MLB-WIN-IT5-01DRGBPVTNRS63O-PHES000,07/29/26 10:05 AM EDT,$0.62,1
20260729,MLB-TRUNS-I2-01DRGBQVTNRS6FO-GTE-P00005,07/29/26 10:06 AM EDT,$0.50,19
20260729,MLB-TRUNS-I2-01DRGBPVTNRS63O-GTE-P00005,07/29/26 10:07 AM EDT,$0.45,21
20260729,MLB-TRUNS-I1-01DRGBT4TNRS6MO-GTE-P00005,07/29/26 10:08 AM EDT,$0.47,1
20260729,MLB-TRUNS-I1-01DRGBPVTNRS63O-GTE-P00005,07/29/26 10:08 AM EDT,$0.48,1
20260729,MLB-PHRR-FG-01DRGBPVTNRS63O-KYRS000-GTE-P00005,07/29/26 10:11 AM EDT,$0.58,16
20260729,MLB-PHRR-FG-01DRGBPVTNRS63O-BRER000-GTE-P00015,07/29/26 10:11 AM EDT,$0.57,50
20260729,MLB-PHRR-FG-01DRH59GTNRRIEG-PENG000-GTE-P00015,07/29/26 10:11 AM EDT,$0.54,50
20260729,MLB-TRUNS-IT5-01DRGBPVTNRS63O-GTE-P00035,07/29/26 10:12 AM EDT,$0.51,862
20260729,MLB-TRUNS-I1-01DRGBPVTNRS63O-GTE-P00005,07/29/26 10:13 AM EDT,$0.48,2
20260729,MLB-TRUNS-IT5-01DRGBPVTNRS63O-GTE-P00035,07/29/26 10:16 AM EDT,$0.59,5
20260729,MLB-PHRR-FG-01DRGBPVTNRS63O-BRSH000-GTE-P00025,07/29/26 10:17 AM EDT,$0.36,5
20260729,MLB-PHRR-FG-01DRGBT4TNRS7KG-COLL001-GTE-P00025,07/29/26 10:17 AM EDT,$0.41,4
20260729,MLB-PHRR-FG-01DRGBT4TNRS6MO-GLES000-GTE-P00035,07/29/26 10:18 AM EDT,$0.22,8
20260729,MLB-PHRR-FG-01DRGBT4TNRS6MO-JAEZ000-GTE-P00025,07/29/26 10:18 AM EDT,$0.27,6
20260729,MLB-PHRR-FG-01DRGBT4TNRS6MO-SPON000-GTE-P00035,07/29/26 10:18 AM EDT,$0.21,8
20260729,MLB-WIN-IT5-01DRGBT4TNRS7KG-PIES000,07/29/26 10:19 AM EDT,$0.58,1500
20260729,MLB-WIN-IT5-01DRGBT4TNRS7KG-PIES000,07/29/26 10:19 AM EDT,$0.58,1000
20260729,MLB-TRUNS-IT5-03VP8V0Q4PARC1O-GTE-P00035,07/29/26 10:20 AM EDT,$0.50,9
20260729,MLB-TRUNS-I1-01DRGBT4TNRS7KG-GTE-P00025,07/29/26 10:21 AM EDT,$0.18,26
20260729,MLB-TRUNS-I1-01DRGBS5TNRS7RO-GTE-P00025,07/29/26 10:22 AM EDT,$0.21,17
20260729,MLB-PHRR-FG-01DRGBT4TNRS7KG-COLL001-GTE-P00015,07/29/26 10:22 AM EDT,$0.57,50
20260729,MLB-TRUNS-IT5-01DRGBT4TNRS7KG-GTE-P00045,07/29/26 10:22 AM EDT,$0.50,10
20260729,MLB-MOVY-IT5-01DRGBT4TNRS7KG-PIES000-GTE-P00005,07/29/26 10:22 AM EDT,$0.47,10
20260729,MLB-MOVY-IT5-01DRGBS5TNRS7RO-TOYS000-GTE-P00005,07/29/26 10:22 AM EDT,$0.45,85
20260729,MLB-PHRR-FG-01DRGBPVTNRS63O-OTEZ000-GTE-P00015,07/29/26 10:22 AM EDT,$0.52,14
20260729,MLB-MOVY-IT5-01DRGBS5TNRS7RO-TOYS000-GTE-P00005,07/29/26 10:24 AM EDT,$0.43,10
20260729,MLB-TRUNS-I1-01DRGBT4TNRS6MO-GTE-P00005,07/29/26 10:24 AM EDT,$0.39,63
20260729,MLB-WIN-IT5-01DRH5DLTNRRJQO-MINS000,07/29/26 10:25 AM EDT,$0.67,28
20260729,MLB-TRUNS-IT5-01DRGBQVTNRS6FO-GTE-P00045,07/29/26 10:25 AM EDT,$0.55,35
20260729,MLB-WIN-IT5-01DRH5ELTNRRJRO-NYES000,07/29/26 10:25 AM EDT,$0.61,31
20260729,MLB-WIN-IT5-01DRGBT4TNRS7KG-ARKS000,07/29/26 10:25 AM EDT,$0.44,43
20260729,MLB-TRUNS-I1-01DRH5CMTNRRJNO-GTE-P00005,07/29/26 10:25 AM EDT,$0.53,10
20260729,MLB-WIN-IT5-01DRGBT4TNRS7KG-PIES000,07/29/26 10:26 AM EDT,$0.57,50
20260729,MLB-PHRR-FG-01DRGBT4TNRS7KG-NIES001-GTE-P00015,07/29/26 10:26 AM EDT,$0.59,50
20260729,MLB-MOVY-IT5-01DRGBPVTNRS63O-PHES000-GTE-P00005,07/29/26 10:26 AM EDT,$0.52,37
20260729,MLB-TRUNS-IT5-01DRGBT4TNRS7KG-GTE-P00045,07/29/26 10:28 AM EDT,$0.49,56
20260729,MLB-WIN-IT5-01DRGBPVTNRS63O-PHES000,07/29/26 10:28 AM EDT,$0.62,23
20260729,MLB-WIN-IT5-01DRGBPVTNRS63O-PHES000,07/29/26 10:29 AM EDT,$0.62,23
20260729,MLB-WIN-IT5-01DRGBPVTNRS63O-PHES000,07/29/26 10:29 AM EDT,$0.62,7
20260729,MLB-MOVY-IT5-03VP8V0Q4PARC1O-ATES000-GTE-P00005,07/29/26 10:29 AM EDT,$0.44,50
20260729,MLB-MOVY-IT5-01DRGBPVTNRS63O-PHES000-GTE-P00005,07/29/26 10:30 AM EDT,$0.52,18
20260729,MLB-MOVY-IT5-01DRGBPVTNRS63O-PHES000-GTE-P00005,07/29/26 10:31 AM EDT,$0.52,740
20260729,MLB-WIN-IT5-01DRGBPVTNRS63O-PHES000,07/29/26 10:32 AM EDT,$0.62,231
20260729,MLB-WIN-IT5-01DRGBT4TNRS6MO-DERS000,07/29/26 10:32 AM EDT,$0.66,2
20260729,MLB-MOVY-IT5-01DRGBPVTNRS63O-PHES000-GTE-P00005,07/29/26 10:32 AM EDT,$0.52,37
20260729,MLB-PHRR-FG-01DRGBT4TNRS7KG-BRDS000-GTE-P00015,07/29/26 10:33 AM EDT,$0.55,45
20260729,MLB-PHRR-FG-01DRGBPVTNRS63O-BRTT001-GTE-P00015,07/29/26 10:33 AM EDT,$0.58,43
20260729,MLB-PHRR-FG-01DRGBPHTNRS6TO-ROJR000-GTE-P00015,07/29/26 10:34 AM EDT,$0.58,33
20260729,MLB-MOVY-IT5-01DRGBPVTNRS63O-PHES000-GTE-P00005,07/29/26 10:34 AM EDT,$0.52,111
20260729,MLB-WIN-IT5-01DRGBPVTNRS63O-PHES000,07/29/26 10:34 AM EDT,$0.62,7
20260729,MLB-PHRR-FG-01DRGBPHTNRS6TO-ROJR000-GTE-P00015,07/29/26 10:35 AM EDT,$0.58,16
20260729,MLB-TRUNS-I1-01DRGBPVTNRS63O-GTE-P00025,07/29/26 10:37 AM EDT,$0.14,333
20260729,MLB-MOVY-IT5-01DRGBPVTNRS63O-PHES000-GTE-P00005,07/29/26 10:38 AM EDT,$0.50,28
20260729,MLB-PHRR-FG-01DRH59GTNRRIEG-PENG000-GTE-P00015,07/29/26 10:38 AM EDT,$0.54,15
20260729,MLB-MOVY-IT5-01DRGBT4TNRS7KG-PIES000-GTE-P00005,07/29/26 10:42 AM EDT,$0.47,81
20260729,MLB-WIN-IT5-01DRH59GTNRRIEG-STLS000,07/29/26 10:42 AM EDT,$0.51,1886
20260729,MLB-MOVY-IT5-01DRGBT4TNRS7KG-PIES000-GTE-P00005,07/29/26 10:42 AM EDT,$0.49,81
20260729,MLB-MOVY-IT5-01DRGBT4TNRS7KG-PIES000-GTE-P00005,07/29/26 10:43 AM EDT,$0.47,90
20260729,MLB-TRUNS-IT5-01DRGBPVTNRS63O-GTE-P00035,07/29/26 10:43 AM EDT,$0.51,4
20260729,MLB-MOVY-IT5-01DRGBPVTNRS63O-PHES000-GTE-P00005,07/29/26 10:43 AM EDT,$0.52,92
20260729,MLB-MOVY-IT5-01DRGBT4TNRS7KG-PIES000-GTE-P00005,07/29/26 10:43 AM EDT,$0.47,18
20260729,MLB-TRUNS-IT5-01DRH5DLTNRRJQO-GTE-P00045,07/29/26 10:45 AM EDT,$0.52,200
20260729,MLB-PHRR-FG-01DRGBT4TNRS6MO-DIER000-GTE-P00025,07/29/26 10:46 AM EDT,$0.37,12
20260729,MLB-MOVY-IT5-01DRGBPVTNRS63O-PHES000-GTE-P00005,07/29/26 10:46 AM EDT,$0.52,92
20260729,MLB-TRUNS-IT5-01DRGBT4TNRS7KG-GTE-P00045,07/29/26 10:47 AM EDT,$0.51,13
20260729,MLB-MOVY-IT5-01DRGBPVTNRS63O-PHES000-GTE-P00005,07/29/26 10:48 AM EDT,$0.52,18
20260729,MLB-MOVY-IT5-01DRGBT4TNRS6MO-DERS000-GTE-P00005,07/29/26 10:48 AM EDT,$0.55,17
20260729,MLB-MOVY-IT5-01DRH5ANTNRRIEO-HOOS000-GTE-P00005,07/29/26 10:48 AM EDT,$0.48,20
20260729,MLB-WIN-IT5-01DRH5ANTNRRIEO-HOOS000,07/29/26 10:49 AM EDT,$0.56,34
20260729,MLB-TRUNS-I1-01DRGBQVTNRS6FO-GTE-P00005,07/29/26 10:49 AM EDT,$0.45,5
20260729,MLB-PHRR-FG-01DRGBT4TNRS6MO-HAEE000-GTE-P00015,07/29/26 10:51 AM EDT,$0.52,48
20260729,MLB-WIN-IT5-01DRGBPHTNRS6TO-ATES000,07/29/26 10:51 AM EDT,$0.51,56
20260729,MLB-PHRR-FG-01DRGBTTTNRS7KO-STAN000-GTE-P00015,07/29/26 10:51 AM EDT,$0.57,4
20260729,MLB-WIN-IT5-01DRGBPVTNRS63O-PHES000,07/29/26 10:51 AM EDT,$0.63,15
20260729,MLB-PHRR-FG-01DRGBTTTNRS7KO-KYDO000-GTE-P00015,07/29/26 10:52 AM EDT,$0.49,3
20260729,MLB-TRUNS-IT5-01DRGBT4TNRS7KG-GTE-P00045,07/29/26 10:53 AM EDT,$0.49,38
20260729,MLB-MOVY-IT5-01DRGBPVTNRS63O-PHES000-GTE-P00005,07/29/26 10:53 AM EDT,$0.52,28
20260729,MLB-PHRR-FG-01DRGBS5TNRS7RO-DAHO000-GTE-P00015,07/29/26 10:54 AM EDT,$0.57,4
20260729,MLB-MOVY-IT5-01DRGBPVTNRS63O-PHES000-GTE-P00005,07/29/26 10:55 AM EDT,$0.52,277
20260729,MLB-WIN-IT5-01DRGBT4TNRS7KG-ARKS000,07/29/26 10:55 AM EDT,$0.44,21
20260729,MLB-WIN-IT5-01DRGBPVTNRS63O-PHES000,07/29/26 10:55 AM EDT,$0.63,23
20260729,MLB-MOVY-IT5-01DRGBPVTNRS63O-PHES000-GTE-P00005,07/29/26 10:55 AM EDT,$0.52,10
20260729,MLB-PHRR-FG-01DRGBPVTNRS63O-KYRS000-GTE-P00015,07/29/26 10:56 AM EDT,$0.36,13
20260729,MLB-MOVY-IT5-01DRGBPVTNRS63O-PHES000-GTE-P00005,07/29/26 10:56 AM EDT,$0.52,157
20260729,MLB-PHRR-FG-01DRGBPHTNRS6TO-BOTE000-GTE-P00015,07/29/26 10:57 AM EDT,$0.52,1
20260729,MLB-PHRR-FG-01DRGBPHTNRS6TO-MAON003-GTE-P00015,07/29/26 10:57 AM EDT,$0.53,1
20260729,MLB-PHRR-FG-01DRGBT4TNRS6MO-RINE000-GTE-P00015,07/29/26 10:57 AM EDT,$0.49,1
20260729,MLB-PHRR-FG-01DRGBS5TNRS7RO-CJMS000-GTE-P00015,07/29/26 10:57 AM EDT,$0.55,1
20260729,MLB-PHRR-FG-01DRGBPVTNRS63O-BRER000-GTE-P00015,07/29/26 10:57 AM EDT,$0.57,10
20260729,MLB-PHRR-FG-01DRGBPHTNRS6TO-OZES000-GTE-P00015,07/29/26 10:58 AM EDT,$0.54,17
20260729,MLB-PHRR-FG-01DRH59GTNRRIEG-PENG000-GTE-P00015,07/29/26 10:59 AM EDT,$0.54,17
20260729,MLB-TRUNS-IT5-01DRGBT4TNRS6MO-GTE-P00035,07/29/26 10:59 AM EDT,$0.55,236
20260729,MLB-TRUNS-IT5-01DRGBT4TNRS6MO-GTE-P00035,07/29/26 10:59 AM EDT,$0.55,114
20260729,MLB-WIN-IT5-01DRGBT4TNRS6MO-DERS000,07/29/26 11:00 AM EDT,$0.66,935
20260729,MLB-WIN-IT5-01DRGBT4TNRS6MO-DERS000,07/29/26 11:00 AM EDT,$0.66,998
20260729,MLB-MOVY-IT5-01DRH5ELTNRRJRO-NYES000-GTE-P00005,07/29/26 11:01 AM EDT,$0.50,9
20260729,MLB-WIN-IT5-01DRGBT4TNRS7KG-PIES000,07/29/26 11:01 AM EDT,$0.57,16
20260729,MLB-WIN-IT5-01DRGBT4TNRS7KG-PIES000,07/29/26 11:02 AM EDT,$0.57,8
20260729,MLB-PHRR-FG-01DRGBP5TNRS7JG-BRNG003-GTE-P00015,07/29/26 11:03 AM EDT,$0.55,21
20260729,MLB-WIN-IT5-01DRGBPVTNRS63O-PHES000,07/29/26 11:03 AM EDT,$0.63,153
20260729,MLB-MOVY-IT5-01DRGBPVTNRS63O-PHES000-GTE-P00005,07/29/26 11:04 AM EDT,$0.52,9
20260729,MLB-WIN-IT5-01DRGBPVTNRS63O-PHES000,07/29/26 11:04 AM EDT,$0.63,15
20260729,MLB-MOVY-IT5-01DRGBPVTNRS63O-PHES000-GTE-P00005,07/29/26 11:05 AM EDT,$0.52,92
20260729,MLB-WIN-IT5-01DRGBPHTNRS6TO-NYTS000,07/29/26 11:05 AM EDT,$0.49,421
20260729,MLB-PHRR-FG-01DRH58PTNRRJ90-JOIM000-GTE-P00015,07/29/26 11:06 AM EDT,$0.58,2
20260729,MLB-TRUNS-IT5-01DRGBQVTNRS6FO-GTE-P00045,07/29/26 11:07 AM EDT,$0.54,223
20260729,MLB-WIN-IT5-01DRGBT4TNRS6MO-DERS000,07/29/26 11:07 AM EDT,$0.66,20
20260729,MLB-PHRR-FG-01DRGBQLTNRS7H8-EZAN000-GTE-P00015,07/29/26 11:07 AM EDT,$0.46,4
20260729,MLB-WIN-IT5-01DRGBT4TNRS6MO-BAES000,07/29/26 11:07 AM EDT,$0.36,302
20260729,MLB-PHRR-FG-01DRGBPVTNRS63O-LIKS001-GTE-P00015,07/29/26 11:08 AM EDT,$0.42,7
20260729,MLB-PHRR-FG-01DRGBPHTNRS6TO-OZES000-GTE-P00015,07/29/26 11:08 AM EDT,$0.54,50
20260729,MLB-PHRR-FG-01DRGBQVTNRS6FO-TYCE000-GTE-P00015,07/29/26 11:08 AM EDT,$0.55,4
20260729,MLB-PHRR-FG-01DRGBPHTNRS6TO-OZES000-GTE-P00015,07/29/26 11:09 AM EDT,$0.54,50
20260729,MLB-PHRR-FG-01DRGBPHTNRS6TO-OZES000-GTE-P00025,07/29/26 11:09 AM EDT,$0.38,50
20260729,MLB-WIN-IT5-01DRGBPVTNRS63O-PHES000,07/29/26 11:11 AM EDT,$0.63,2000
20260729,MLB-WIN-IT5-01DRGBPVTNRS63O-PHES000,07/29/26 11:11 AM EDT,$0.63,5790
20260729,MLB-WIN-IT5-01DRGBPVTNRS63O-PHES000,07/29/26 11:11 AM EDT,$0.63,794
20260729,MLB-MOVY-IT5-01DRGBT4TNRS7KG-PIES000-GTE-P00005,07/29/26 11:13 AM EDT,$0.47,63
20260729,MLB-TRUNS-IT5-01DRGBT4TNRS7KG-GTE-P00045,07/29/26 11:13 AM EDT,$0.51,9
20260729,MLB-WIN-IT5-01DRGBPVTNRS63O-PHES000,07/29/26 11:13 AM EDT,$0.63,1430
20260729,MLB-TRUNS-IT5-01DRGBPVTNRS63O-GTE-P00035,07/29/26 11:14 AM EDT,$0.49,18
20260729,MLB-WIN-IT5-01DRGBT4TNRS7KG-ARKS000,07/29/26 11:15 AM EDT,$0.44,22
20260729,MLB-MOVY-IT5-01DRGBS5TNRS7RO-TOYS000-GTE-P00005,07/29/26 11:16 AM EDT,$0.45,12
20260729,MLB-MOVY-IT5-01DRGBS5TNRS7RO-TOYS000-GTE-P00005,07/29/26 11:16 AM EDT,$0.45,10
20260729,MLB-WIN-IT5-01DRH5ELTNRRJRO-CHOX000,07/29/26 11:16 AM EDT,$0.42,11
20260729,MLB-PHRR-FG-01DRGBPVTNRS63O-BRER000-GTE-P00035,07/29/26 11:18 AM EDT,$0.28,33
20260729,MLB-MOVY-IT5-01DRGBT4TNRS7KG-PIES000-GTE-P00005,07/29/26 11:18 AM EDT,$0.47,3
20260729,MLB-MOVY-IT5-01DRGBT4TNRS7KG-PIES000-GTE-P00005,07/29/26 11:18 AM EDT,$0.47,18
20260729,MLB-WIN-IT5-01DRGBPHTNRS6TO-ATES000,07/29/26 11:19 AM EDT,$0.51,24
20260729,MLB-MOVY-IT5-01DRGBPVTNRS63O-PHES000-GTE-P00005,07/29/26 11:19 AM EDT,$0.52,21
20260729,NWSL-DWIN-FG-000A28PPI788FO8-UTSW003,07/29/26 11:20 AM EDT,$0.34,2
20260729,MLB-MOVY-IT5-01DRGBT4TNRS7KG-PIES000-GTE-P00005,07/29/26 11:20 AM EDT,$0.47,90
20260729,MLB-TRUNS-IT5-01DRGBT4TNRS7KG-GTE-P00045,07/29/26 11:20 AM EDT,$0.49,34
20260729,MLB-TRUNS-IT5-01DRGBT4TNRS7KG-GTE-P00045,07/29/26 11:20 AM EDT,$0.49,13
20260729,MLB-PHRR-FG-01DRGBP5TNRS7JG-BRNG003-GTE-P00015,07/29/26 11:21 AM EDT,$0.55,8
20260729,MLB-PHRR-FG-01DRH5ANTNRRIEO-YOEZ000-GTE-P00025,07/29/26 11:21 AM EDT,$0.55,8
20260729,MLB-PHRR-FG-01DRGBQVTNRS6FO-JALL000-GTE-P00015,07/29/26 11:21 AM EDT,$0.54,8
20260729,MLB-PHRR-FG-01DRGBTTTNRS7KO-JOEZ004-GTE-P00025,07/29/26 11:21 AM EDT,$0.43,11
20260729,MLB-MOVY-IT5-01DRGBT4TNRS7KG-PIES000-GTE-P00005,07/29/26 11:21 AM EDT,$0.47,36
20260729,MLB-MOVY-IT5-01DRGBPHTNRS6TO-ATES000-GTE-P00005,07/29/26 11:24 AM EDT,$0.43,12
20260729,MLB-WIN-IT5-01DRGBT4TNRS6MO-BAES000,07/29/26 11:24 AM EDT,$0.36,52
20260729,MLB-MOVY-IT5-01DRGBPVTNRS63O-PHES000-GTE-P00005,07/29/26 11:24 AM EDT,$0.52,46
20260729,MLB-WIN-IT5-01DRGBPVTNRS63O-PHES000,07/29/26 11:25 AM EDT,$0.63,384
20260729,MLB-WIN-IT5-01DRGBPVTNRS63O-PHES000,07/29/26 11:25 AM EDT,$0.63,50
20260729,MLB-TRUNS-IT5-01DRGBT4TNRS6MO-GTE-P00035,07/29/26 11:25 AM EDT,$0.53,30
20260729,MLB-PHRR-FG-01DRGBPVTNRS63O-TRER001-GTE-P00025,07/29/26 11:25 AM EDT,$0.40,50
20260729,MLB-TRUNS-IT5-01DRH5ELTNRRJRO-GTE-P00035,07/29/26 11:25 AM EDT,$0.56,21
20260729,MLB-MOVY-IT5-01DRGBT4TNRS6MO-DERS000-GTE-P00005,07/29/26 11:25 AM EDT,$0.55,50
20260729,MLB-MOVY-IT5-01DRH58PTNRRJ90-BOOX000-GTE-P00005,07/29/26 11:26 AM EDT,$0.49,100
20260729,MLB-WIN-IT5-01DRGBPHTNRS6TO-ATES000,07/29/26 11:26 AM EDT,$0.51,94
20260729,MLB-PHRR-FG-01DRGBPVTNRS63O-OTEZ000-GTE-P00025,07/29/26 11:26 AM EDT,$0.33,50
20260729,MLB-WIN-IT5-01DRGBT4TNRS7KG-PIES000,07/29/26 11:26 AM EDT,$0.58,4700
20260729,MLB-WIN-IT5-01DRGBT4TNRS7KG-ARKS000,07/29/26 11:26 AM EDT,$0.44,32
20260729,MLB-TRUNS-I1-01DRGBPVTNRS63O-GTE-P00015,07/29/26 11:27 AM EDT,$0.17,59
20260729,MLB-WIN-IT5-01DRH59GTNRRIEG-STLS000,07/29/26 11:27 AM EDT,$0.51,3
20260729,MLB-MOVY-IT5-01DRGBPHTNRS6TO-NYTS000-GTE-P00005,07/29/26 11:28 AM EDT,$0.42,33
20260729,MLB-TRUNS-IT5-01DRH58PTNRRJ90-GTE-P00055,07/29/26 11:28 AM EDT,$0.55,3
20260729,MLB-WIN-IT5-01DRGBT4TNRS7KG-PIES000,07/29/26 11:28 AM EDT,$0.58,8
20260729,MLB-TRUNS-IT5-01DRGBS5TNRS7RO-GTE-P00055,07/29/26 11:28 AM EDT,$0.44,8
20260729,MLB-TRUNS-IT5-01DRGBT4TNRS7KG-GTE-P00045,07/29/26 11:29 AM EDT,$0.49,9
20260729,MLB-MOVY-IT5-01DRGBT4TNRS7KG-PIES000-GTE-P00005,07/29/26 11:29 AM EDT,$0.47,14
20260729,MLB-TRUNS-I7-01DRGBPVTNRS63O-GTE-P00005,07/29/26 11:30 AM EDT,$0.50,96
20260729,MLB-TRUNS-IT5-01DRGBT4TNRS6MO-GTE-P00035,07/29/26 11:30 AM EDT,$0.54,10
20260729,MLB-TRUNS-I8-01DRGBPVTNRS63O-GTE-P00005,07/29/26 11:30 AM EDT,$0.51,94
20260729,MLB-PHRR-FG-01DRH59GTNRRIEG-PENG000-GTE-P00015,07/29/26 11:30 AM EDT,$0.57,16
20260729,MLB-MOVY-IT5-01DRGBPVTNRS63O-PHES000-GTE-P00005,07/29/26 11:30 AM EDT,$0.52,18
20260729,MLB-MOVY-IT5-01DRGBQVTNRS6FO-SDES000-GTE-P00005,07/29/26 11:30 AM EDT,$0.48,27
20260729,MLB-MOVY-IT5-01DRGBPVTNRS63O-PHES000-GTE-P00005,07/29/26 11:31 AM EDT,$0.52,7
20260729,MLB-TRUNS-I7-01DRGBT4TNRS7KG-GTE-P00005,07/29/26 11:31 AM EDT,$0.53,90
20260729,MLB-PHRR-FG-01DRGBT4TNRS7KG-COLL001-GTE-P00025,07/29/26 11:31 AM EDT,$0.40,23
20260729,MLB-PHRR-FG-01DRGBS5TNRS7RO-CJMS000-GTE-P00025,07/29/26 11:31 AM EDT,$0.37,25
20260729,MLB-PHRR-FG-01DRGBPVTNRS63O-TRER001-GTE-P00025,07/29/26 11:31 AM EDT,$0.40,23
20260729,MLB-TRUNS-I8-01DRGBT4TNRS7KG-GTE-P00005,07/29/26 11:31 AM EDT,$0.51,94
20260729,MLB-PHRR-FG-01DRGBS5TNRS7RO-CJMS000-GTE-P00015,07/29/26 11:31 AM EDT,$0.54,8
20260729,MLB-TRUNS-IT5-01DRGBPHTNRS6TO-GTE-P00045,07/29/26 11:31 AM EDT,$0.48,46
20260729,MLB-MOVY-IT5-01DRGBPVTNRS63O-PHES000-GTE-P00005,07/29/26 11:32 AM EDT,$0.52,925
20260729,MLB-MOVY-IT5-01DRGBPVTNRS63O-PHES000-GTE-P00005,07/29/26 11:33 AM EDT,$0.52,9
20260729,MLB-TRUNS-I5-01DRGBS5TNRS7RO-GTE-P00005,07/29/26 11:33 AM EDT,$0.54,89
20260729,MLB-TRUNS-I4-01DRGBS5TNRS7RO-GTE-P00005,07/29/26 11:33 AM EDT,$0.54,89
20260729,MLB-WIN-IT5-01DRGBPVTNRS63O-MINS001,07/29/26 11:33 AM EDT,$0.39,30
20260729,MLB-MOVY-IT5-01DRGBPVTNRS63O-PHES000-GTE-P00005,07/29/26 11:34 AM EDT,$0.52,203
20260729,MLB-WIN-IT5-01DRGBPVTNRS63O-MINS001,07/29/26 11:34 AM EDT,$0.39,48
20260729,MLB-TRUNS-IT5-01DRGBT4TNRS6MO-GTE-P00035,07/29/26 11:34 AM EDT,$0.53,37
20260729,MLB-MOVY-IT5-01DRGBT4TNRS7KG-PIES000-GTE-P00005,07/29/26 11:35 AM EDT,$0.47,14
20260729,MLB-TRUNS-I3-01DRGBPHTNRS6TO-GTE-P00005,07/29/26 11:35 AM EDT,$0.54,89
20260729,MLB-TRUNS-I4-01DRGBPHTNRS6TO-GTE-P00005,07/29/26 11:35 AM EDT,$0.52,92
20260729,MLB-TRUNS-I5-01DRGBPHTNRS6TO-GTE-P00005,07/29/26 11:35 AM EDT,$0.51,113
20260729,MLB-TRUNS-IT5-01DRGBPVTNRS63O-GTE-P00035,07/29/26 11:35 AM EDT,$0.49,11
20260729,MLB-WIN-IT5-01DRGBT4TNRS7KG-PIES000,07/29/26 11:35 AM EDT,$0.58,10
20260729,MLB-MOVY-IT5-01DRH5ELTNRRJRO-NYES000-GTE-P00005,07/29/26 11:37 AM EDT,$0.50,2
20260729,MLB-TRUNS-IT5-01DRGBPVTNRS63O-GTE-P00035,07/29/26 11:37 AM EDT,$0.57,216
20260729,NWSL-DWIN-FG-000A28SHI788EU0-KATW001,07/29/26 11:37 AM EDT,$0.69,28
20260729,MLB-PHRR-FG-01DRGBPVTNRS63O-ALHM000-GTE-P00015,07/29/26 11:37 AM EDT,$0.57,5
20260729,NWSL-DWIN-FG-000A28PPI788FO8-WATW003,07/29/26 11:37 AM EDT,$0.42,22
20260729,MLB-MOVY-IT5-01DRH5ELTNRRJRO-NYES000-GTE-P00005,07/29/26 11:38 AM EDT,$0.50,48
20260729,MLB-TRUNS-IT5-01DRGBPVTNRS63O-GTE-P00035,07/29/26 11:38 AM EDT,$0.57,33
20260729,MLB-MOVY-IT5-01DRGBPVTNRS63O-PHES000-GTE-P00005,07/29/26 11:38 AM EDT,$0.52,12
20260729,MLB-TRUNS-I1-01DRGBPVTNRS63O-GTE-P00005,07/29/26 11:38 AM EDT,$0.39,10
20260729,MLB-MOVY-IT5-01DRGBT4TNRS7KG-PIES000-GTE-P00005,07/29/26 11:39 AM EDT,$0.48,10
20260729,MLB-MOVY-IT5-01DRGBT4TNRS7KG-PIES000-GTE-P00005,07/29/26 11:39 AM EDT,$0.50,10
20260729,MLB-MOVY-IT5-01DRGBPVTNRS63O-PHES000-GTE-P00005,07/29/26 11:39 AM EDT,$0.52,2037
20260729,MLB-MOVY-IT5-01DRGBPVTNRS63O-PHES000-GTE-P00005,07/29/26 11:39 AM EDT,$0.52,370
20260729,MLB-WIN-IT5-01DRGBS5TNRS7RO-WALS000,07/29/26 11:39 AM EDT,$0.48,10
20260729,MLB-TRUNS-I1-01DRGBPVTNRS63O-GTE-P00025,07/29/26 11:39 AM EDT,$0.14,38
20260729,MLB-PHRR-FG-01DRGBT4TNRS6MO-HAEE000-GTE-P00025,07/29/26 11:40 AM EDT,$0.36,26
20260729,MLB-MOVY-IT5-01DRGBPVTNRS63O-PHES000-GTE-P00005,07/29/26 11:40 AM EDT,$0.52,4
20260729,MLB-PHRR-FG-01DRGBPHTNRS6TO-ROJR000-GTE-P00025,07/29/26 11:40 AM EDT,$0.43,11
20260729,MLB-TRUNS-I5-01DRGBT4TNRS7KG-GTE-P00005,07/29/26 11:40 AM EDT,$0.41,3
20260729,MLB-WIN-IT5-01DRGBT4TNRS6MO-DERS000,07/29/26 11:40 AM EDT,$0.67,26
20260729,MLB-TRUNS-IT5-01DRGBPVTNRS63O-GTE-P00035,07/29/26 11:41 AM EDT,$0.49,3
20260729,MLB-WIN-IT5-01DRGBT4TNRS7KG-PIES000,07/29/26 11:44 AM EDT,$0.58,603
20260729,MLB-WIN-IT5-01DRGBT4TNRS6MO-DERS000,07/29/26 11:44 AM EDT,$0.66,36
20260729,MLB-WIN-IT5-01DRGBPVTNRS63O-MINS001,07/29/26 11:44 AM EDT,$0.39,487
20260729,MLB-PHRR-FG-01DRGBPVTNRS63O-BRER000-GTE-P00025,07/29/26 11:44 AM EDT,$0.41,11
20260729,MLB-TRUNS-IT5-01DRGBPVTNRS63O-GTE-P00035,07/29/26 11:44 AM EDT,$0.49,226
20260729,MLB-MOVY-IT5-01DRGBT4TNRS7KG-PIES000-GTE-P00005,07/29/26 11:44 AM EDT,$0.49,26
20260729,MLB-WIN-IT5-01DRGBT4TNRS7KG-ARKS000,07/29/26 11:44 AM EDT,$0.44,11
20260729,MLB-TRUNS-IT5-01DRGBPVTNRS63O-GTE-P00035,07/29/26 11:46 AM EDT,$0.57,42
20260729,MLB-WIN-IT5-01DRGBT4TNRS7KG-ARKS000,07/29/26 11:46 AM EDT,$0.44,217
20260729,MLB-WIN-IT5-01DRGBPHTNRS6TO-ATES000,07/29/26 11:46 AM EDT,$0.51,94
20260729,MLB-TRUNS-I1-01DRH5CMTNRRJNO-GTE-P00035,07/29/26 11:46 AM EDT,$0.13,21
20260729,MLB-MOVY-IT5-01DRGBPVTNRS63O-PHES000-GTE-P00005,07/29/26 11:46 AM EDT,$0.52,37
20260729,MLB-TRUNS-IT5-01DRGBT4TNRS7KG-GTE-P00045,07/29/26 11:46 AM EDT,$0.50,38
20260729,MLB-MOVY-IT5-01DRGBT4TNRS7KG-PIES000-GTE-P00005,07/29/26 11:47 AM EDT,$0.47,10
20260729,MLB-MOVY-IT5-01DRGBPVTNRS63O-PHES000-GTE-P00005,07/29/26 11:47 AM EDT,$0.52,129
20260729,MLB-PHRR-FG-01DRGBPHTNRS6TO-ROJR000-GTE-P00015,07/29/26 11:48 AM EDT,$0.57,16
20260729,MLB-MOVY-IT5-01DRGBPHTNRS6TO-NYTS000-GTE-P00005,07/29/26 11:48 AM EDT,$0.42,25
20260729,MLB-TRUNS-IT5-01DRGBPHTNRS6TO-GTE-P00045,07/29/26 11:48 AM EDT,$0.48,27
20260729,MLB-MOVY-IT5-01DRGBT4TNRS7KG-PIES000-GTE-P00005,07/29/26 11:48 AM EDT,$0.49,29
20260729,MLB-WIN-IT5-01DRGBT4TNRS7KG-PIES000,07/29/26 11:48 AM EDT,$0.58,80
20260729,MLB-MOVY-IT5-01DRGBT4TNRS7KG-PIES000-GTE-P00005,07/29/26 11:48 AM EDT,$0.47,100
20260729,MLB-MOVY-IT5-01DRGBPVTNRS63O-PHES000-GTE-P00005,07/29/26 11:48 AM EDT,$0.52,13
20260729,MLB-MOVY-IT5-01DRGBPHTNRS6TO-NYTS000-GTE-P00005,07/29/26 11:49 AM EDT,$0.44,25
20260729,MLB-MOVY-IT5-01DRGBPHTNRS6TO-NYTS000-GTE-P00005,07/29/26 11:49 AM EDT,$0.42,25
20260729,MLB-MOVY-IT5-01DRGBPVTNRS63O-PHES000-GTE-P00005,07/29/26 11:49 AM EDT,$0.52,117
20260729,MLB-WIN-IT5-01DRGBPVTNRS63O-PHES000,07/29/26 11:49 AM EDT,$0.63,147
20260729,MLB-MOVY-IT5-01DRGBT4TNRS7KG-PIES000-GTE-P00005,07/29/26 11:50 AM EDT,$0.47,58
20260729,MLB-MOVY-IT5-01DRGBT4TNRS7KG-PIES000-GTE-P00005,07/29/26 11:50 AM EDT,$0.49,125
20260729,MLB-MOVY-IT5-01DRGBQVTNRS6FO-SDES000-GTE-P00005,07/29/26 11:50 AM EDT,$0.50,27
20260729,MLB-MOVY-IT5-01DRH5ELTNRRJRO-NYES000-GTE-P00005,07/29/26 11:50 AM EDT,$0.48,46
20260729,MLB-MOVY-IT5-01DRGBPVTNRS63O-PHES000-GTE-P00005,07/29/26 11:51 AM EDT,$0.52,185
20260729,MLB-MOVY-IT5-01DRGBPVTNRS63O-PHES000-GTE-P00005,07/29/26 11:52 AM EDT,$0.52,19
20260729,MLB-TRUNS-IT5-01DRGBT4TNRS6MO-GTE-P00035,07/29/26 11:52 AM EDT,$0.54,20
20260729,MLB-MOVY-IT5-01DRGBPVTNRS63O-PHES000-GTE-P00005,07/29/26 11:53 AM EDT,$0.52,46
20260729,MLB-PHRR-FG-01DRGBPVTNRS63O-BRER000-GTE-P00015,07/29/26 11:53 AM EDT,$0.58,16
20260729,MLB-WIN-IT5-01DRH59GTNRRIEG-CHBS000,07/29/26 11:53 AM EDT,$0.51,94
20260729,MLB-WIN-IT5-01DRGBT4TNRS7KG-PIES000,07/29/26 11:53 AM EDT,$0.58,84
20260729,MLB-TRUNS-IT5-01DRGBT4TNRS6MO-GTE-P00035,07/29/26 11:53 AM EDT,$0.54,479
20260729,MLB-PHRR-FG-01DRGBPVTNRS63O-KYRS000-GTE-P00015,07/29/26 11:53 AM EDT,$0.37,25
20260729,MLB-WIN-IT5-01DRGBTTTNRS7KO-CIDS000,07/29/26 11:53 AM EDT,$0.48,100
20260729,MLB-WIN-IT5-01DRGBQVTNRS6FO-COES000,07/29/26 11:54 AM EDT,$0.45,106
20260729,MLB-TRUNS-IT5-01DRGBP5TNRS7JG-GTE-P00035,07/29/26 11:54 AM EDT,$0.57,16
20260729,MLB-MOVY-IT5-01DRGBPVTNRS63O-PHES000-GTE-P00005,07/29/26 11:55 AM EDT,$0.52,103
20260729,MLB-WIN-IT5-01DRGBPHTNRS6TO-ATES000,07/29/26 11:55 AM EDT,$0.51,22
20260729,MLB-WIN-IT5-01DRGBT4TNRS6MO-BAES000,07/29/26 11:55 AM EDT,$0.35,135
20260729,MLB-MOVY-IT5-01DRGBPVTNRS63O-PHES000-GTE-P00005,07/29/26 11:55 AM EDT,$0.52,46
20260729,MLB-WIN-IT5-01DRGBT4TNRS7KG-PIES000,07/29/26 11:55 AM EDT,$0.58,108
20260729,MLB-MOVY-IT5-01DRGBPVTNRS63O-PHES000-GTE-P00005,07/29/26 11:55 AM EDT,$0.52,74
20260729,MLB-MOVY-IT5-01DRGBPVTNRS63O-PHES000-GTE-P00005,07/29/26 11:56 AM EDT,$0.53,36
20260729,MLB-TRUNS-I1-01DRH5ANTNRRIEO-GTE-P00015,07/29/26 11:56 AM EDT,$0.36,13
20260729,MLB-TRUNS-IT5-01DRGBS5TNRS7RO-GTE-P00055,07/29/26 11:56 AM EDT,$0.46,162
20260729,MLB-TRUNS-IT5-01DRGBT4TNRS7KG-GTE-P00045,07/29/26 11:56 AM EDT,$0.52,18
20260729,MLB-TRUNS-IT5-01DRH59GTNRRIEG-GTE-P00045,07/29/26 11:56 AM EDT,$0.46,35
20260729,MLB-WIN-IT5-01DRGBT4TNRS7KG-PIES000,07/29/26 11:56 AM EDT,$0.58,133
20260729,MLB-MOVY-IT5-01DRGBT4TNRS6MO-DERS000-GTE-P00005,07/29/26 11:56 AM EDT,$0.55,324
20260729,MLB-WIN-IT5-01DRGBT4TNRS6MO-DERS000,07/29/26 11:56 AM EDT,$0.67,7
20260729,MLB-WIN-IT5-01DRGBT4TNRS7KG-PIES000,07/29/26 11:57 AM EDT,$0.58,833
20260729,MLB-TRUNS-IT5-01DRGBT4TNRS7KG-GTE-P00045,07/29/26 11:57 AM EDT,$0.49,2
20260729,MLB-TRUNS-IT5-01DRGBT4TNRS7KG-GTE-P00045,07/29/26 11:57 AM EDT,$0.49,18
20260729,MLB-MOVY-IT5-01DRGBT4TNRS6MO-DERS000-GTE-P00005,07/29/26 11:57 AM EDT,$0.55,20
20260729,MLB-WIN-IT5-01DRGBPHTNRS6TO-NYTS000,07/29/26 11:57 AM EDT,$0.49,9
20260729,MLB-MOVY-IT5-01DRGBPVTNRS63O-PHES000-GTE-P00005,07/29/26 11:58 AM EDT,$0.53,26
20260729,MLB-WIN-IT5-01DRGBT4TNRS7KG-PIES000,07/29/26 11:58 AM EDT,$0.58,16
20260729,MLB-WIN-IT5-01DRGBT4TNRS6MO-DERS000,07/29/26 11:58 AM EDT,$0.67,8
20260729,MLB-TRUNS-IT5-01DRGBPVTNRS63O-GTE-P00035,07/29/26 11:58 AM EDT,$0.55,70
20260729,MLB-MOVY-IT5-01DRGBPVTNRS63O-PHES000-GTE-P00005,07/29/26 11:58 AM EDT,$0.53,16
20260729,MLB-WIN-IT5-01DRGBS5TNRS7RO-WALS000,07/29/26 11:58 AM EDT,$0.48,20
20260729,MLB-WIN-IT5-01DRGBT4TNRS7KG-ARKS000,07/29/26 11:58 AM EDT,$0.44,274
20260729,MLB-MOVY-IT5-01DRGBT4TNRS7KG-PIES000-GTE-P00005,07/29/26 11:59 AM EDT,$0.47,54
20260729,MLB-MOVY-IT5-01DRGBPVTNRS63O-PHES000-GTE-P00005,07/29/26 11:59 AM EDT,$0.53,18
20260729,MLB-WIN-IT5-01DRGBPVTNRS63O-MINS001,07/29/26 11:59 AM EDT,$0.38,500
20260729,MLB-TRUNS-IT5-01DRH5ANTNRRIEO-GTE-P00055,07/29/26 11:59 AM EDT,$0.50,28
20260729,MLB-MOVY-IT5-01DRGBPVTNRS63O-PHES000-GTE-P00005,07/29/26 11:59 AM EDT,$0.53,54
20260729,MLB-MOVY-IT5-01DRGBQLTNRS7H8-TBYS000-GTE-P00005,07/29/26 11:59 AM EDT,$0.45,17
20260729,MLB-WIN-IT5-01DRGBS5TNRS7RO-TOYS000,07/29/26 12:00 PM EDT,$0.54,35
20260729,MLB-WIN-IT5-01DRGBPVTNRS63O-PHES000,07/29/26 12:00 PM EDT,$0.64,30
20260729,MLB-WIN-IT5-01DRGBPVTNRS63O-MINS001,07/29/26 12:00 PM EDT,$0.38,3
20260729,MLB-WIN-IT5-01DRGBP5TNRS7JG-MIRS000,07/29/26 12:01 PM EDT,$0.51,9
20260729,MLB-WIN-IT5-01DRGBT4TNRS7KG-PIES000,07/29/26 12:01 PM EDT,$0.58,8
20260729,MLB-WIN-IT5-01DRGBQVTNRS6FO-COES000,07/29/26 12:01 PM EDT,$0.45,10
20260729,MLB-WIN-IT5-01DRGBPVTNRS63O-PHES000,07/29/26 12:03 PM EDT,$0.64,7
20260729,MLB-WIN-IT5-01DRGBPVTNRS63O-PHES000,07/29/26 12:03 PM EDT,$0.64,38
20260729,MLB-MOVY-IT5-01DRGBT4TNRS7KG-PIES000-GTE-P00005,07/29/26 12:03 PM EDT,$0.49,108
20260729,MLB-TRUNS-I1-01DRGBPVTNRS63O-GTE-P00025,07/29/26 12:04 PM EDT,$0.13,14
20260729,MLB-MOVY-IT5-01DRGBPVTNRS63O-PHES000-GTE-P00005,07/29/26 12:04 PM EDT,$0.53,63
20260729,MLB-PHRR-FG-01DRGBPVTNRS63O-BRER000-GTE-P00025,07/29/26 12:04 PM EDT,$0.39,7
20260729,MLB-TRUNS-I1-01DRGBPHTNRS6TO-GTE-P00035,07/29/26 12:04 PM EDT,$0.10,27
20260729,MLB-TRUNS-I1-01DRGBPVTNRS63O-GTE-P00015,07/29/26 12:04 PM EDT,$0.24,27
20260729,MLB-TRUNS-I1-01DRGBPVTNRS63O-GTE-P00015,07/29/26 12:04 PM EDT,$0.24,76
20260729,MLB-WIN-IT5-01DRGBPHTNRS6TO-NYTS000,07/29/26 12:04 PM EDT,$0.49,19
20260729,MLB-MOVY-IT5-01DRGBPVTNRS63O-PHES000-GTE-P00005,07/29/26 12:04 PM EDT,$0.53,363
20260729,MLB-TRUNS-IT5-01DRGBPVTNRS63O-GTE-P00035,07/29/26 12:05 PM EDT,$0.55,4
20260729,MLB-MOVY-IT5-01DRGBPVTNRS63O-PHES000-GTE-P00005,07/29/26 12:05 PM EDT,$0.53,54
20260729,MLB-WIN-IT5-01DRGBPVTNRS63O-PHES000,07/29/26 12:05 PM EDT,$0.64,30
20260729,MLB-TRUNS-I1-01DRGBPVTNRS63O-GTE-P00005,07/29/26 12:05 PM EDT,$0.46,1
20260729,MLB-MOVY-IT5-01DRGBPVTNRS63O-PHES000-GTE-P00005,07/29/26 12:05 PM EDT,$0.53,36
20260729,MLB-TRUNS-IT5-01DRGBQLTNRS7H8-GTE-P00045,07/29/26 12:05 PM EDT,$0.46,8
20260729,MLB-MOVY-IT5-01DRGBPVTNRS63O-PHES000-GTE-P00005,07/29/26 12:05 PM EDT,$0.53,90
20260729,MLB-MOVY-IT5-01DRGBPVTNRS63O-PHES000-GTE-P00005,07/29/26 12:05 PM EDT,$0.53,90
20260729,MLB-WIN-IT5-01DRGBPVTNRS63O-PHES000,07/29/26 12:06 PM EDT,$0.64,15
20260729,MLB-PHRR-FG-01DRGBT4TNRS7KG-GANO000-GTE-P00015,07/29/26 12:06 PM EDT,$0.55,17
20260729,MLB-MOVY-IT5-01DRGBPVTNRS63O-PHES000-GTE-P00005,07/29/26 12:06 PM EDT,$0.53,148
20260729,MLB-WIN-IT5-01DRGBPVTNRS63O-PHES000,07/29/26 12:07 PM EDT,$0.64,757
20260729,MLB-WIN-IT5-01DRGBPVTNRS63O-PHES000,07/29/26 12:07 PM EDT,$0.64,77
20260729,MLB-MOVY-IT5-01DRGBPVTNRS63O-PHES000-GTE-P00005,07/29/26 12:07 PM EDT,$0.53,4
20260729,MLB-PHRR-FG-01DRGBTTTNRS7KO-ELUZ001-GTE-P00015,07/29/26 12:07 PM EDT,$0.53,19
20260729,MLB-WIN-IT5-01DRGBT4TNRS7KG-PIES000,07/29/26 12:07 PM EDT,$0.58,16
20260729,MLB-MOVY-IT5-01DRGBT4TNRS7KG-PIES000-GTE-P00005,07/29/26 12:07 PM EDT,$0.47,11
20260729,MLB-WIN-IT5-01DRGBPVTNRS63O-PHES000,07/29/26 12:08 PM EDT,$0.64,22
20260729,MLB-WIN-IT5-01DRGBT4TNRS7KG-ARKS000,07/29/26 12:08 PM EDT,$0.44,22
20260729,MLB-MOVY-IT5-01DRGBPVTNRS63O-PHES000-GTE-P00005,07/29/26 12:08 PM EDT,$0.53,45
20260729,MLB-MOVY-IT5-01DRGBT4TNRS6MO-DERS000-GTE-P00005,07/29/26 12:08 PM EDT,$0.56,43
20260729,MLB-TRUNS-IT5-01DRGBPVTNRS63O-GTE-P00035,07/29/26 12:08 PM EDT,$0.54,89
20260729,MLB-WIN-IT5-01DRGBS5TNRS7RO-TOYS000,07/29/26 12:08 PM EDT,$0.54,133
20260729,MLB-TRUNS-I3-01DRGBPHTNRS6TO-GTE-P00035,07/29/26 12:08 PM EDT,$0.02,252
20260729,MLB-TRUNS-IT5-01DRGBT4TNRS7KG-GTE-P00045,07/29/26 12:08 PM EDT,$0.49,28
20260729,MLB-WIN-IT5-01DRGBTTTNRS7KO-CLNS000,07/29/26 12:08 PM EDT,$0.54,133
20260729,MLB-TRUNS-I3-01DRGBPHTNRS6TO-GTE-P00035,07/29/26 12:08 PM EDT,$0.10,252
20260729,MLB-WIN-IT5-01DRGBPVTNRS63O-PHES000,07/29/26 12:09 PM EDT,$0.64,45
20260729,MLB-WIN-IT5-01DRGBPVTNRS63O-PHES000,07/29/26 12:09 PM EDT,$0.64,15
20260729,MLB-TRUNS-IT5-01DRGBPVTNRS63O-GTE-P00035,07/29/26 12:09 PM EDT,$0.54,80
20260729,MLB-TRUNS-IT5-01DRGBPVTNRS63O-GTE-P00035,07/29/26 12:10 PM EDT,$0.54,171
20260729,MLB-MOVY-IT5-01DRGBT4TNRS6MO-DERS000-GTE-P00005,07/29/26 12:10 PM EDT,$0.56,8
20260729,MLB-TRUNS-IT5-01DRGBT4TNRS7KG-GTE-P00045,07/29/26 12:10 PM EDT,$0.51,3
20260729,MLB-TRUNS-I1-01DRGBT4TNRS6MO-GTE-P00005,07/29/26 12:10 PM EDT,$0.38,15
20260729,MLB-PHRR-FG-01DRGBTTTNRS7KO-JOEZ004-GTE-P00015,07/29/26 12:11 PM EDT,$0.59,4
20260729,MLB-WIN-IT5-01DRGBS5TNRS7RO-TOYS000,07/29/26 12:11 PM EDT,$0.54,62
20260729,MLB-TRUNS-IT5-01DRGBT4TNRS7KG-GTE-P00045,07/29/26 12:11 PM EDT,$0.51,67
20260729,MLB-WIN-IT5-01DRGBPVTNRS63O-PHES000,07/29/26 12:11 PM EDT,$0.65,7
20260729,MLB-TRUNS-IT5-01DRGBS5TNRS7RO-GTE-P00055,07/29/26 12:12 PM EDT,$0.44,17
20260729,MLB-TRUNS-IT5-01DRH5DLTNRRJQO-GTE-P00045,07/29/26 12:12 PM EDT,$0.52,10
20260729,MLB-WIN-IT5-01DRH5DLTNRRJQO-MINS000,07/29/26 12:12 PM EDT,$0.67,36
20260729,MLB-WIN-IT5-01DRH5ELTNRRJRO-NYES000,07/29/26 12:12 PM EDT,$0.61,23
20260729,MLB-TRUNS-IT5-01DRGBPVTNRS63O-GTE-P00035,07/29/26 12:12 PM EDT,$0.60,6
20260729,MLB-PHRR-FG-01DRGBTTTNRS7KO-DARS000-GTE-P00015,07/29/26 12:13 PM EDT,$0.42,11
20260729,MLB-WIN-IT5-01DRGBT4TNRS6MO-DERS000,07/29/26 12:13 PM EDT,$0.67,36
20260729,MLB-WIN-IT5-01DRGBPVTNRS63O-PHES000,07/29/26 12:13 PM EDT,$0.71,342
20260729,MLB-WIN-IT5-01DRH59GTNRRIEG-CHBS000,07/29/26 12:13 PM EDT,$0.51,4
20260729,MLB-TRUNS-I1-01DRGBPVTNRS63O-GTE-P00015,07/29/26 12:13 PM EDT,$0.30,34
20260729,MLB-TRUNS-IT5-01DRGBPVTNRS63O-GTE-P00035,07/29/26 12:13 PM EDT,$0.61,42
20260729,MLB-TRUNS-IT5-01DRGBPVTNRS63O-GTE-P00035,07/29/26 12:13 PM EDT,$0.53,2
20260729,MLB-TRUNS-I1-01DRGBPVTNRS63O-GTE-P00015,07/29/26 12:13 PM EDT,$0.38,40
20260729,MLB-TRUNS-IT5-01DRGBPVTNRS63O-GTE-P00035,07/29/26 12:13 PM EDT,$0.54,15
20260729,MLB-MOVY-IT5-01DRGBT4TNRS6MO-DERS000-GTE-P00005,07/29/26 12:13 PM EDT,$0.56,34
20260729,MLB-TRUNS-IT5-01DRGBPVTNRS63O-GTE-P00035,07/29/26 12:13 PM EDT,$0.54,26
20260729,MLB-TRUNS-I5-01DRGBT4TNRS7KG-GTE-P00005,07/29/26 12:13 PM EDT,$0.49,39
20260729,MLB-WIN-IT5-01DRGBPVTNRS63O-PHES000,07/29/26 12:14 PM EDT,$0.63,342
20260729,MLB-TRUNS-IT5-01DRGBPVTNRS63O-GTE-P00035,07/29/26 12:14 PM EDT,$0.46,289
20260729,MLB-TRUNS-I1-01DRGBPVTNRS63O-GTE-P00015,07/29/26 12:14 PM EDT,$0.26,17
20260729,MLB-TRUNS-IT5-01DRGBT4TNRS7KG-GTE-P00045,07/29/26 12:14 PM EDT,$0.49,1560
20260729,MLB-MOVY-IT5-01DRGBT4TNRS7KG-PIES000-GTE-P00005,07/29/26 12:14 PM EDT,$0.48,92
20260729,MLB-TRUNS-IT5-01DRGBT4TNRS7KG-GTE-P00045,07/29/26 12:15 PM EDT,$0.49,49
20260729,MLB-WIN-IT5-01DRGBT4TNRS7KG-ARKS000,07/29/26 12:15 PM EDT,$0.44,54
20260729,MLB-TRUNS-I1-01DRGBPVTNRS63O-GTE-P00015,07/29/26 12:15 PM EDT,$0.04,255
20260729,MLB-TRUNS-I1-01DRGBPVTNRS63O-GTE-P00015,07/29/26 12:15 PM EDT,$0.04,51
20260729,MLB-PHRR-FG-01DRGBPVTNRS63O-HEEZ002-GTE-P00015,07/29/26 12:15 PM EDT,$0.44,21
20260729,MLB-TRUNS-IT5-01DRGBPVTNRS63O-GTE-P00025,07/29/26 12:15 PM EDT,$0.61,17
20260729,MLB-MOVY-IT5-01DRGBT4TNRS6MO-DERS000-GTE-P00005,07/29/26 12:16 PM EDT,$0.56,17
20260729,MLB-TRUNS-IT5-01DRGBPVTNRS63O-GTE-P00025,07/29/26 12:16 PM EDT,$0.53,10
20260729,MLB-TRUNS-I2-01DRGBPVTNRS63O-GTE-P00005,07/29/26 12:16 PM EDT,$0.35,55
20260729,MLB-MOVY-IT5-01DRGBPVTNRS63O-PHES000-GTE-P00005,07/29/26 12:16 PM EDT,$0.47,51
20260729,MLB-TRUNS-IT5-01DRGBT4TNRS7KG-GTE-P00045,07/29/26 12:17 PM EDT,$0.51,19
20260729,MLB-TRUNS-IT5-01DRGBPVTNRS63O-GTE-P00025,07/29/26 12:17 PM EDT,$0.53,32
20260729,MLB-TRUNS-I1-01DRGBPVTNRS63O-GTE-P00005,07/29/26 12:17 PM EDT,$0.23,8
20260729,MLB-PHRR-FG-01DRGBPHTNRS6TO-ROJR000-GTE-P00015,07/29/26 12:17 PM EDT,$0.57,25
20260729,MLB-PHRR-FG-01DRGBPVTNRS63O-KYRS000-GTE-P00035,07/29/26 12:17 PM EDT,$0.13,25
20260729,MLB-MOVY-IT5-01DRGBT4TNRS7KG-PIES000-GTE-P00005,07/29/26 12:17 PM EDT,$0.50,92
20260729,MLB-WIN-IT5-01DRGBT4TNRS6MO-BAES000,07/29/26 12:17 PM EDT,$0.35,190
20260729,MLB-TRUNS-IT5-01DRGBPVTNRS63O-GTE-P00025,07/29/26 12:17 PM EDT,$0.59,95
20260729,MLB-TRUNS-IT5-01DRGBPVTNRS63O-GTE-P00025,07/29/26 12:17 PM EDT,$0.59,16
20260729,MLB-PHRR-FG-01DRGBQLTNRS7H8-ALNA001-GTE-P00015,07/29/26 12:17 PM EDT,$0.38,7
20260729,MLB-MOVY-IT5-01DRGBT4TNRS7KG-PIES000-GTE-P00005,07/29/26 12:17 PM EDT,$0.48,92
20260729,MLB-TRUNS-IT5-01DRGBPVTNRS63O-GTE-P00025,07/29/26 12:17 PM EDT,$0.51,7
20260729,MLB-TRUNS-I3-01DRGBPVTNRS63O-GTE-P00005,07/29/26 12:17 PM EDT,$0.44,10
20260729,MLB-WIN-IT5-01DRGBPVTNRS63O-MINS001,07/29/26 12:17 PM EDT,$0.43,21
20260729,MLB-TRUNS-IT5-01DRGBPVTNRS63O-GTE-P00025,07/29/26 12:17 PM EDT,$0.58,20
20260729,MLB-PHRR-FG-01DRGBQLTNRS7H8-EZAN000-GTE-P00025,07/29/26 12:17 PM EDT,$0.29,9
20260729,MLB-MOVY-IT5-01DRGBPVTNRS63O-PHES000-GTE-P00005,07/29/26 12:18 PM EDT,$0.47,81
20260729,MLB-PHRR-FG-01DRH58PTNRRJ90-WIEU000-GTE-P00015,07/29/26 12:18 PM EDT,$0.59,16
20260729,MLB-TRUNS-IT5-01DRGBT4TNRS7KG-GTE-P00045,07/29/26 12:18 PM EDT,$0.49,47
20260729,MLB-MOVY-IT5-01DRGBPVTNRS63O-PHES000-GTE-P00005,07/29/26 12:18 PM EDT,$0.49,9
20260729,MLB-MOVY-IT5-01DRGBPVTNRS63O-PHES000-GTE-P00005,07/29/26 12:19 PM EDT,$0.49,16
20260729,MLB-TRUNS-I2-01DRGBPVTNRS63O-GTE-P00005,07/29/26 12:19 PM EDT,$0.34,4
20260729,MLB-MOVY-IT5-01DRGBPVTNRS63O-PHES000-GTE-P00005,07/29/26 12:19 PM EDT,$0.49,9
20260729,MLB-WIN-IT5-01DRGBP5TNRS7JG-MIRS000,07/29/26 12:19 PM EDT,$0.51,9
20260729,MLB-TRUNS-IT5-01DRGBPVTNRS63O-GTE-P00025,07/29/26 12:19 PM EDT,$0.56,16
20260729,MLB-TRUNS-IT5-01DRGBPVTNRS63O-GTE-P00025,07/29/26 12:19 PM EDT,$0.56,254
20260729,MLB-TRUNS-I2-01DRGBPVTNRS63O-GTE-P00005,07/29/26 12:19 PM EDT,$0.34,26
20260729,MLB-WIN-IT5-01DRGBS5TNRS7RO-TOYS000,07/29/26 12:19 PM EDT,$0.54,71
20260729,MLB-MOVY-IT5-01DRGBT4TNRS6MO-DERS000-GTE-P00005,07/29/26 12:19 PM EDT,$0.56,68
20260729,MLB-MOVY-IT5-01DRGBPVTNRS63O-PHES000-GTE-P00005,07/29/26 12:19 PM EDT,$0.49,980
20260729,MLB-TRUNS-IT5-01DRGBPVTNRS63O-GTE-P00025,07/29/26 12:19 PM EDT,$0.48,92
20260729,MLB-TRUNS-I2-01DRGBPVTNRS63O-GTE-P00005,07/29/26 12:19 PM EDT,$0.42,11
20260729,MLB-TRUNS-IT5-01DRGBT4TNRS7KG-GTE-P00045,07/29/26 12:20 PM EDT,$0.49,15
20260729,MLB-TRUNS-I3-01DRGBPVTNRS63O-GTE-P00005,07/29/26 12:20 PM EDT,$0.43,11
20260729,MLB-TRUNS-I1-01DRGBT4TNRS7KG-GTE-P00015,07/29/26 12:20 PM EDT,$0.23,30
20260729,MLB-TRUNS-IT5-01DRGBPVTNRS63O-GTE-P00035,07/29/26 12:20 PM EDT,$0.33,89
20260729,MLB-MOVY-IT5-01DRGBPVTNRS63O-PHES000-GTE-P00005,07/29/26 12:20 PM EDT,$0.51,191
20260729,MLB-PHRR-FG-01DRH59GTNRRIEG-PENG000-GTE-P00015,07/29/26 12:20 PM EDT,$0.56,24
20260729,MLB-MOVY-IT5-01DRGBT4TNRS7KG-PIES000-GTE-P00005,07/29/26 12:20 PM EDT,$0.48,50
20260729,MLB-TRUNS-I2-01DRGBPVTNRS63O-GTE-P00015,07/29/26 12:20 PM EDT,$0.23,20
20260729,MLB-MOVY-IT5-01DRGBPVTNRS63O-PHES000-GTE-P00005,07/29/26 12:20 PM EDT,$0.51,4
20260729,NWSL-DWIN-FG-000A28ULI788EFO-NJCW001,07/29/26 12:20 PM EDT,$0.62,23
20260729,MLB-TRUNS-IT5-01DRGBPVTNRS63O-GTE-P00025,07/29/26 12:20 PM EDT,$0.55,70
20260729,MLB-WIN-IT5-01DRGBPVTNRS63O-PHES000,07/29/26 12:20 PM EDT,$0.63,43
20260729,MLB-WIN-IT5-01DRGBS5TNRS7RO-TOYS000,07/29/26 12:20 PM EDT,$0.54,330
20260729,MLB-TRUNS-IT5-01DRGBT4TNRS6MO-GTE-P00035,07/29/26 12:21 PM EDT,$0.54,31
20260729,MLB-WIN-IT5-01DRGBPVTNRS63O-PHES000,07/29/26 12:21 PM EDT,$0.63,23
20260729,MLB-PHRR-FG-01DRGBP5TNRS7JG-RARS000-GTE-P00015,07/29/26 12:21 PM EDT,$0.50,9
20260729,MLB-PHRR-FG-01DRGBPVTNRS63O-BRSH000-GTE-P00025,07/29/26 12:21 PM EDT,$0.33,28
20260729,MLB-PHRR-FG-01DRGBPVTNRS63O-BRER000-GTE-P00015,07/29/26 12:21 PM EDT,$0.45,21
20260729,MLB-WIN-IT5-01DRGBPVTNRS63O-PHES000,07/29/26 12:21 PM EDT,$0.63,384
20260729,MLB-TRUNS-IT5-01DRH5DLTNRRJQO-GTE-P00045,07/29/26 12:22 PM EDT,$0.52,9
20260729,MLB-TRUNS-I2-01DRGBPVTNRS63O-GTE-P00005,07/29/26 12:22 PM EDT,$0.35,149
20260729,MLB-PHRR-FG-01DRGBPVTNRS63O-JTTO000-GTE-P00035,07/29/26 12:22 PM EDT,$0.19,17
20260729,MLB-TRUNS-IT5-01DRGBPVTNRS63O-GTE-P00025,07/29/26 12:22 PM EDT,$0.47,45
20260729,MLB-TRUNS-I1-01DRGBS5TNRS7RO-GTE-P00005,07/29/26 12:22 PM EDT,$0.49,1
20260729,MLB-TRUNS-IT5-01DRGBT4TNRS7KG-GTE-P00045,07/29/26 12:22 PM EDT,$0.49,2
20260729,MLB-PHRR-FG-01DRGBT4TNRS7KG-COLL001-GTE-P00015,07/29/26 12:22 PM EDT,$0.54,8
20260729,MLB-TRUNS-IT5-01DRGBT4TNRS7KG-GTE-P00045,07/29/26 12:22 PM EDT,$0.49,471
20260729,MLB-TRUNS-I2-01DRGBPVTNRS63O-GTE-P00005,07/29/26 12:22 PM EDT,$0.34,51
20260729,MLB-WIN-IT5-01DRGBT4TNRS7KG-ARKS000,07/29/26 12:23 PM EDT,$0.44,304
20260729,MLB-WIN-IT5-01DRGBT4TNRS7KG-ARKS000,07/29/26 12:23 PM EDT,$0.44,130
20260729,MLB-TRUNS-IT5-01DRGBPVTNRS63O-GTE-P00035,07/29/26 12:23 PM EDT,$0.31,70
20260729,MLB-TRUNS-IT5-01DRGBPVTNRS63O-GTE-P00025,07/29/26 12:23 PM EDT,$0.48,21
20260729,MLB-TRUNS-I2-01DRGBPVTNRS63O-GTE-P00005,07/29/26 12:23 PM EDT,$0.40,11
20260729,MLB-TRUNS-I2-01DRGBPVTNRS63O-GTE-P00015,07/29/26 12:23 PM EDT,$0.22,702
20260729,MLB-TRUNS-I3-01DRGBPVTNRS63O-GTE-P00005,07/29/26 12:23 PM EDT,$0.37,40
20260729,MLB-TRUNS-I3-01DRGBPVTNRS63O-GTE-P00005,07/29/26 12:24 PM EDT,$0.38,15
20260729,MLB-WIN-IT5-01DRGBT4TNRS7KG-PIES000,07/29/26 12:24 PM EDT,$0.58,108
20260729,MLB-TRUNS-IT5-01DRGBPVTNRS63O-GTE-P00025,07/29/26 12:24 PM EDT,$0.47,454
20260729,MLB-TRUNS-I2-01DRGBPVTNRS63O-GTE-P00005,07/29/26 12:24 PM EDT,$0.36,20
20260729,MLB-TRUNS-IT5-01DRGBPVTNRS63O-GTE-P00025,07/29/26 12:25 PM EDT,$0.55,105
20260729,MLB-PHRR-FG-01DRGBS5TNRS7RO-DAHO000-GTE-P00015,07/29/26 12:25 PM EDT,$0.55,50
20260729,MLB-TRUNS-IT5-01DRGBPVTNRS63O-GTE-P00025,07/29/26 12:25 PM EDT,$0.46,44
20260729,MLB-TRUNS-I1-01DRGBT4TNRS7KG-GTE-P00015,07/29/26 12:25 PM EDT,$0.23,192
20260729,MLB-MOVY-IT5-01DRGBT4TNRS7KG-PIES000-GTE-P00005,07/29/26 12:25 PM EDT,$0.48,27
20260729,MLB-TRUNS-IT5-01DRGBT4TNRS6MO-GTE-P00035,07/29/26 12:25 PM EDT,$0.54,20
20260729,MLB-PHRR-FG-01DRGBT4TNRS7KG-COLL001-GTE-P00015,07/29/26 12:25 PM EDT,$0.54,49
20260729,MLB-MOVY-IT5-01DRGBPVTNRS63O-PHES000-GTE-P00005,07/29/26 12:25 PM EDT,$0.44,28
20260729,MLB-TRUNS-I3-01DRGBPVTNRS63O-GTE-P00005,07/29/26 12:25 PM EDT,$0.45,2
20260729,MLB-TRUNS-I3-01DRGBPHTNRS6TO-GTE-P00035,07/29/26 12:25 PM EDT,$0.10,3
20260729,MLB-WIN-IT5-01DRGBT4TNRS7KG-PIES000,07/29/26 12:25 PM EDT,$0.58,83
20260729,MLB-TRUNS-IT5-01DRGBPVTNRS63O-GTE-P00025,07/29/26 12:25 PM EDT,$0.46,9
20260729,MLB-TRUNS-IT5-01DRGBT4TNRS6MO-GTE-P00035,07/29/26 12:25 PM EDT,$0.56,86
20260729,MLB-WIN-IT5-01DRGBPVTNRS63O-MINS001,07/29/26 12:26 PM EDT,$0.44,22
20260729,MLB-TRUNS-IT5-01DRGBS5TNRS7RO-GTE-P00055,07/29/26 12:26 PM EDT,$0.45,63
20260729,MLB-TRUNS-I1-01DRGBPHTNRS6TO-GTE-P00025,07/29/26 12:26 PM EDT,$0.17,6
20260729,MLB-TRUNS-I1-01DRGBPHTNRS6TO-GTE-P00015,07/29/26 12:26 PM EDT,$0.30,31
20260729,MLB-MOVY-IT5-03VP8V0Q4PARC1O-ATES000-GTE-P00005,07/29/26 12:27 PM EDT,$0.52,37
20260729,MLB-MOVY-IT5-01DRGBPVTNRS63O-PHES000-GTE-P00005,07/29/26 12:27 PM EDT,$0.39,51
20260729,MLB-TRUNS-IT5-01DRGBPVTNRS63O-GTE-P00025,07/29/26 12:27 PM EDT,$0.44,43
20260729,MLB-TRUNS-I3-01DRGBPVTNRS63O-GTE-P00025,07/29/26 12:27 PM EDT,$0.13,5
20260729,MLB-TRUNS-IT5-01DRGBPVTNRS63O-GTE-P00025,07/29/26 12:27 PM EDT,$0.41,32
20260729,MLB-TRUNS-IT5-01DRGBPVTNRS63O-GTE-P00025,07/29/26 12:27 PM EDT,$0.41,409
20260729,MLB-TRUNS-I1-01DRGBPHTNRS6TO-GTE-P00005,07/29/26 12:28 PM EDT,$0.45,8
20260729,MLB-TRUNS-IT5-01DRGBPVTNRS63O-GTE-P00025,07/29/26 12:28 PM EDT,$0.41,81
20260729,MLB-WIN-IT5-01DRH5DLTNRRJQO-MINS000,07/29/26 12:28 PM EDT,$0.67,17
20260729,MLB-TRUNS-IT5-01DRGBT4TNRS7KG-GTE-P00045,07/29/26 12:28 PM EDT,$0.49,47
20260729,MLB-MOVY-IT5-01DRGBT4TNRS6MO-DERS000-GTE-P00005,07/29/26 12:28 PM EDT,$0.56,3
20260729,MLB-TRUNS-I3-01DRGBPVTNRS63O-GTE-P00015,07/29/26 12:28 PM EDT,$0.23,20
20260729,MLB-MOVY-IT5-01DRGBT4TNRS6MO-DERS000-GTE-P00005,07/29/26 12:29 PM EDT,$0.56,177
20260729,MLB-TRUNS-I1-01DRGBT4TNRS7KG-GTE-P00015,07/29/26 12:29 PM EDT,$0.31,12
20260729,MLB-TRUNS-IT5-01DRGBPVTNRS63O-GTE-P00025,07/29/26 12:29 PM EDT,$0.48,9
20260729,MLB-WIN-IT5-01DRGBPVTNRS63O-PHES000,07/29/26 12:30 PM EDT,$0.53,9
20260729,MLB-TRUNS-IT5-01DRGBPVTNRS63O-GTE-P00025,07/29/26 12:30 PM EDT,$0.40,16
20260729,MLB-TRUNS-IT5-01DRGBPVTNRS63O-GTE-P00025,07/29/26 12:30 PM EDT,$0.40,81
20260729,MLB-WIN-IT5-01DRGBPVTNRS63O-PHES000,07/29/26 12:30 PM EDT,$0.52,16
20260729,MLB-TRUNS-IT5-01DRGBPVTNRS63O-GTE-P00025,07/29/26 12:31 PM EDT,$0.40,266
20260729,MLB-WIN-IT5-01DRGBPVTNRS63O-PHES000,07/29/26 12:31 PM EDT,$0.51,90
20260729,MLB-TRUNS-IT5-01DRGBT4TNRS7KG-GTE-P00045,07/29/26 12:31 PM EDT,$0.49,487
20260729,MLB-TRUNS-IT5-01DRGBT4TNRS7KG-GTE-P00045,07/29/26 12:31 PM EDT,$0.49,79
20260729,MLB-WIN-IT5-01DRGBPVTNRS63O-MINS001,07/29/26 12:32 PM EDT,$0.50,576
20260729,MLB-TRUNS-IT5-01DRGBS5TNRS7RO-GTE-P00055,07/29/26 12:32 PM EDT,$0.45,63
20260729,MLB-WIN-IT5-01DRGBS5TNRS7RO-TOYS000,07/29/26 12:32 PM EDT,$0.54,44
20260729,MLB-MOVY-IT5-01DRGBT4TNRS7KG-PIES000-GTE-P00005,07/29/26 12:32 PM EDT,$0.47,46
20260729,MLB-TRUNS-I1-01DRGBT4TNRS7KG-GTE-P00005,07/29/26 12:32 PM EDT,$0.44,8
20260729,MLB-PHRR-FG-01DRGBT4TNRS7KG-COLL001-GTE-P00015,07/29/26 12:32 PM EDT,$0.54,50
20260729,MLB-TRUNS-IT5-01DRGBPVTNRS63O-GTE-P00025,07/29/26 12:33 PM EDT,$0.42,80
20260729,MLB-TRUNS-I1-01DRGBT4TNRS7KG-GTE-P00005,07/29/26 12:33 PM EDT,$0.44,18
20260729,MLB-MOVY-IT5-01DRGBPVTNRS63O-PHES000-GTE-P00005,07/29/26 12:33 PM EDT,$0.38,198
20260729,MLB-MOVY-IT5-01DRGBT4TNRS7KG-PIES000-GTE-P00005,07/29/26 12:33 PM EDT,$0.47,90
20260729,MLB-TRUNS-I1-01DRGBT4TNRS7KG-GTE-P00005,07/29/26 12:33 PM EDT,$0.44,53
20260729,MLB-TRUNS-IT5-01DRGBPVTNRS63O-GTE-P00025,07/29/26 12:33 PM EDT,$0.48,200
20260729,MLB-TRUNS-IT5-01DRGBPVTNRS63O-GTE-P00025,07/29/26 12:33 PM EDT,$0.48,6
20260729,MLB-WIN-IT5-01DRGBPVTNRS63O-MINS001,07/29/26 12:33 PM EDT,$0.49,10
20260729,MLB-TRUNS-I1-01DRGBT4TNRS7KG-GTE-P00005,07/29/26 12:33 PM EDT,$0.44,223
20260729,MLB-TRUNS-IT5-01DRGBPVTNRS63O-GTE-P00025,07/29/26 12:33 PM EDT,$0.48,100
20260729,MLB-PHRR-FG-01DRGBPHTNRS6TO-MAON003-GTE-P00015,07/29/26 12:33 PM EDT,$0.52,37
20260729,MLB-TRUNS-IT5-01DRGBPVTNRS63O-GTE-P00025,07/29/26 12:33 PM EDT,$0.40,39
20260729,MLB-TRUNS-IT5-01DRGBT4TNRS6MO-GTE-P00035,07/29/26 12:33 PM EDT,$0.54,10
20260729,MLB-PHRR-FG-01DRGBT4TNRS7KG-GANO000-GTE-P00005,07/29/26 12:34 PM EDT,$0.77,6
20260729,MLB-MOVY-IT5-01DRGBPVTNRS63O-PHES000-GTE-P00005,07/29/26 12:34 PM EDT,$0.40,20
20260729,MLB-MOVY-IT5-01DRGBPVTNRS63O-PHES000-GTE-P00005,07/29/26 12:34 PM EDT,$0.40,51
20260729,MLB-TRUNS-IT5-01DRGBPVTNRS63O-GTE-P00025,07/29/26 12:34 PM EDT,$0.48,40
20260729,MLB-PHRR-FG-01DRGBPVTNRS63O-BRER000-GTE-P00025,07/29/26 12:34 PM EDT,$0.27,10
20260729,MLB-TRUNS-IT5-01DRGBPVTNRS63O-GTE-P00025,07/29/26 12:34 PM EDT,$0.40,8
20260729,MLB-TRUNS-IT5-01DRGBT4TNRS7KG-GTE-P00045,07/29/26 12:34 PM EDT,$0.49,330
20260729,MLB-TRUNS-I1-01DRGBT4TNRS7KG-GTE-P00025,07/29/26 12:34 PM EDT,$0.18,563
20260729,MLB-TRUNS-IT5-01DRGBT4TNRS7KG-GTE-P00045,07/29/26 12:34 PM EDT,$0.49,94
20260729,MLB-TRUNS-I1-01DRGBT4TNRS7KG-GTE-P00005,07/29/26 12:34 PM EDT,$0.44,344
20260729,MLB-MOVY-IT5-01DRGBT4TNRS7KG-PIES000-GTE-P00005,07/29/26 12:34 PM EDT,$0.49,39
20260729,MLB-TRUNS-IT5-01DRGBT4TNRS6MO-GTE-P00035,07/29/26 12:34 PM EDT,$0.54,208
20260729,MLB-MOVY-IT5-01DRGBT4TNRS7KG-PIES000-GTE-P00005,07/29/26 12:34 PM EDT,$0.49,490
20260729,MLB-MOVY-IT5-01DRGBPVTNRS63O-PHES000-GTE-P00005,07/29/26 12:34 PM EDT,$0.38,15
20260729,MLB-PHRR-FG-01DRH5ELTNRRJRO-BECE001-GTE-P00015,07/29/26 12:34 PM EDT,$0.55,24
20260729,MLB-WIN-IT5-01DRGBPVTNRS63O-MINS001,07/29/26 12:34 PM EDT,$0.52,18
20260729,MLB-TRUNS-I4-01DRGBPVTNRS63O-GTE-P00005,07/29/26 12:34 PM EDT,$0.37,76
20260729,MLB-MOVY-IT5-01DRGBT4TNRS6MO-DERS000-GTE-P00005,07/29/26 12:35 PM EDT,$0.56,3
20260729,MLB-TRUNS-IT5-01DRGBPVTNRS63O-GTE-P00025,07/29/26 12:35 PM EDT,$0.48,40
20260729,MLB-WIN-IT5-01DRGBT4TNRS7KG-ARKS000,07/29/26 12:35 PM EDT,$0.44,489
20260729,MLB-MOVY-IT5-01DRGBT4TNRS6MO-DERS000-GTE-P00005,07/29/26 12:35 PM EDT,$0.56,17
20260729,MLB-MOVY-IT5-01DRGBT4TNRS7KG-PIES000-GTE-P00005,07/29/26 12:35 PM EDT,$0.49,98
20260729,MLB-PHRR-FG-01DRGBPVTNRS63O-KYRS000-GTE-P00015,07/29/26 12:35 PM EDT,$0.27,33
20260729,MLB-PHRR-FG-01DRGBPVTNRS63O-OTEZ000-GTE-P00015,07/29/26 12:35 PM EDT,$0.40,1
20260729,MLB-TRUNS-I2-01DRGBT4TNRS7KG-GTE-P00005,07/29/26 12:35 PM EDT,$0.40,32
20260729,MLB-TRUNS-I1-01DRGBT4TNRS7KG-GTE-P00015,07/29/26 12:35 PM EDT,$0.31,151
20260729,MLB-WIN-IT5-01DRGBPVTNRS63O-MINS001,07/29/26 12:36 PM EDT,$0.47,37
20260729,MLB-MOVY-IT5-01DRGBPVTNRS63O-PHES000-GTE-P00005,07/29/26 12:36 PM EDT,$0.37,31
20260729,MLB-TRUNS-IT5-01DRGBT4TNRS6MO-GTE-P00035,07/29/26 12:37 PM EDT,$0.54,10
20260729,MLB-TRUNS-I3-01DRGBPVTNRS63O-GTE-P00005,07/29/26 12:37 PM EDT,$0.36,107
20260729,MLB-WIN-IT5-01DRGBT4TNRS7KG-ARKS000,07/29/26 12:37 PM EDT,$0.41,21
20260729,MLB-MOVY-IT5-01DRGBPVTNRS63O-PHES000-GTE-P00005,07/29/26 12:38 PM EDT,$0.39,28
20260729,MLB-TRUNS-I3-01DRGBPVTNRS63O-GTE-P00005,07/29/26 12:39 PM EDT,$0.42,11
20260729,MLB-TRUNS-I3-01DRGBPVTNRS63O-GTE-P00005,07/29/26 12:39 PM EDT,$0.36,24
20260729,MLB-TRUNS-IT5-01DRGBPVTNRS63O-GTE-P00025,07/29/26 12:39 PM EDT,$0.42,32
20260729,MLB-WIN-IT5-01DRGBT4TNRS6MO-DERS000,07/29/26 12:39 PM EDT,$0.67,36
20260729,MLB-TRUNS-I1-01DRGBT4TNRS7KG-GTE-P00025,07/29/26 12:39 PM EDT,$0.12,15
20260729,MLB-TRUNS-IT5-01DRGBPVTNRS63O-GTE-P00025,07/29/26 12:39 PM EDT,$0.42,2
20260729,MLB-PHRR-FG-01DRGBTTTNRS7KO-ELUZ001-GTE-P00005,07/29/26 12:39 PM EDT,$0.74,3
20260729,MLB-WIN-IT5-01DRGBT4TNRS7KG-PIES000,07/29/26 12:39 PM EDT,$0.63,350
20260729,MLB-TRUNS-I3-01DRGBPVTNRS63O-GTE-P00005,07/29/26 12:40 PM EDT,$0.36,115
20260729,MLB-PHRR-FG-01DRGBTTTNRS7KO-ELUZ001-GTE-P00005,07/29/26 12:40 PM EDT,$0.74,3
20260729,NWSL-DWIN-FG-000A28SHI788EU0-KATW001,07/29/26 12:40 PM EDT,$0.66,35
20260729,MLB-WIN-IT5-01DRGBS5TNRS7RO-TOYS000,07/29/26 12:40 PM EDT,$0.54,191
20260729,MLB-WIN-IT5-01DRGBT4TNRS6MO-BAES000,07/29/26 12:40 PM EDT,$0.34,350
20260729,MLB-MOVY-IT5-01DRGBS5TNRS7RO-TOYS000-GTE-P00005,07/29/26 12:40 PM EDT,$0.43,25
20260729,MLB-PHRR-FG-01DRGBPHTNRS6TO-ROJR000-GTE-P00015,07/29/26 12:40 PM EDT,$0.57,33
20260729,MLB-TRUNS-IT5-01DRGBPHTNRS6TO-GTE-P00045,07/29/26 12:40 PM EDT,$0.50,19
20260729,NWSL-DWIN-FG-000A28ULI788EFO-NJCW001,07/29/26 12:40 PM EDT,$0.59,25
20260729,MLB-PHRR-FG-01DRGBTTTNRS7KO-ELUZ001-GTE-P00015,07/29/26 12:40 PM EDT,$0.53,5
20260729,MLB-WIN-IT5-01DRGBT4TNRS6MO-BAES000,07/29/26 12:40 PM EDT,$0.34,150
20260729,MLB-MOVY-IT5-01DRGBS5TNRS7RO-TOYS000-GTE-P00005,07/29/26 12:40 PM EDT,$0.43,5
20260729,MLB-PHRR-FG-01DRGBTTTNRS7KO-EUEZ001-GTE-P00025,07/29/26 12:41 PM EDT,$0.31,9
20260729,MLB-PHRR-FG-01DRGBPVTNRS63O-JURD000-GTE-P00005,07/29/26 12:41 PM EDT,$0.68,50
20260729,MLB-WIN-IT5-01DRGBT4TNRS7KG-ARKS000,07/29/26 12:41 PM EDT,$0.35,350
20260729,MLB-WIN-IT5-01DRGBPHTNRS6TO-ATES000,07/29/26 12:42 PM EDT,$0.51,18
20260729,MLB-WIN-IT5-01DRGBPVTNRS63O-MINS001,07/29/26 12:42 PM EDT,$0.41,46
20260729,MLB-MOVY-IT5-01DRH5ELTNRRJRO-NYES000-GTE-P00005,07/29/26 12:42 PM EDT,$0.50,5
20260729,MLB-TRUNS-IT5-01DRGBPVTNRS63O-GTE-P00035,07/29/26 12:42 PM EDT,$0.22,216
20260729,MLB-WIN-IT5-01DRGBT4TNRS7KG-ARKS000,07/29/26 12:42 PM EDT,$0.35,54
20260729,MLB-WIN-IT5-01DRGBT4TNRS7KG-ARKS000,07/29/26 12:42 PM EDT,$0.35,350
20260729,MLB-MOVY-IT5-01DRGBPVTNRS63O-PHES000-GTE-P00005,07/29/26 12:42 PM EDT,$0.42,16
20260729,MLB-WIN-IT5-01DRGBPVTNRS63O-PHES000,07/29/26 12:42 PM EDT,$0.59,350
20260729,MLB-WIN-IT5-01DRGBPVTNRS63O-MINS001,07/29/26 12:42 PM EDT,$0.41,350
20260729,MLB-WIN-IT5-01DRGBPVTNRS63O-PHES000,07/29/26 12:42 PM EDT,$0.58,350
20260729,MLB-WIN-IT5-01DRGBT4TNRS7KG-ARKS000,07/29/26 12:42 PM EDT,$0.35,19
20260729,MLB-TRUNS-IT5-01DRGBT4TNRS7KG-GTE-P00045,07/29/26 12:42 PM EDT,$0.43,139
20260729,MLB-TRUNS-IT5-01DRGBT4TNRS7KG-GTE-P00045,07/29/26 12:42 PM EDT,$0.43,19
20260729,MLB-WIN-IT5-01DRGBPVTNRS63O-MINS001,07/29/26 12:42 PM EDT,$0.42,350
20260729,MLB-WIN-IT5-01DRGBPVTNRS63O-PHES000,07/29/26 12:42 PM EDT,$0.58,350
20260729,MLB-WIN-IT5-01DRGBPVTNRS63O-PHES000,07/29/26 12:42 PM EDT,$0.58,350
20260729,MLB-WIN-IT5-01DRGBS5TNRS7RO-TOYS000,07/29/26 12:43 PM EDT,$0.54,17
20260729,MLB-WIN-IT5-01DRGBT4TNRS7KG-ARKS000,07/29/26 12:43 PM EDT,$0.32,350
20260729,MLB-TRUNS-IT5-01DRGBT4TNRS7KG-GTE-P00045,07/29/26 12:43 PM EDT,$0.48,84
20260729,MLB-WIN-IT5-01DRGBS5TNRS7RO-TOYS000,07/29/26 12:43 PM EDT,$0.54,36
20260729,MLB-TRUNS-IT5-01DRGBPVTNRS63O-GTE-P00025,07/29/26 12:43 PM EDT,$0.35,14
20260729,MLB-TRUNS-I1-01DRGBT4TNRS7KG-GTE-P00025,07/29/26 12:43 PM EDT,$0.10,54
20260729,MLB-TRUNS-I5-01DRGBT4TNRS6MO-GTE-P00005,07/29/26 12:43 PM EDT,$0.38,6
20260729,MLB-TRUNS-IT5-01DRGBPVTNRS63O-GTE-P00025,07/29/26 12:43 PM EDT,$0.36,212
20260729,MLB-WIN-IT5-01DRGBPVTNRS63O-PHES000,07/29/26 12:44 PM EDT,$0.61,63
20260729,MLB-WIN-IT5-01DRGBT4TNRS7KG-PIES000,07/29/26 12:44 PM EDT,$0.59,350
20260729,MLB-WIN-IT5-01DRGBT4TNRS7KG-PIES000,07/29/26 12:44 PM EDT,$0.59,350
20260729,MLB-WIN-IT5-01DRGBS5TNRS7RO-TOYS000,07/29/26 12:44 PM EDT,$0.54,35
20260729,MLB-TRUNS-I1-01DRGBT4TNRS7KG-GTE-P00005,07/29/26 12:44 PM EDT,$0.12,3
20260729,MLB-MOVY-IT5-01DRGBT4TNRS7KG-PIES000-GTE-P00005,07/29/26 12:44 PM EDT,$0.45,19
20260729,MLB-MOVY-IT5-01DRGBPVTNRS63O-PHES000-GTE-P00005,07/29/26 12:44 PM EDT,$0.47,15
20260729,MLB-MOVY-IT5-01DRGBT4TNRS6MO-DERS000-GTE-P00005,07/29/26 12:45 PM EDT,$0.57,8
20260729,MLB-TRUNS-IT5-01DRGBT4TNRS7KG-GTE-P00035,07/29/26 12:45 PM EDT,$0.49,566
20260729,MLB-TRUNS-I1-01DRGBT4TNRS7KG-GTE-P00005,07/29/26 12:45 PM EDT,$0.12,4
20260729,MLB-TRUNS-I1-01DRGBQVTNRS6FO-GTE-P00015,07/29/26 12:45 PM EDT,$0.30,62
20260729,MLB-PHRR-FG-01DRH5ANTNRRIEO-NOEL000-GTE-P00015,07/29/26 12:45 PM EDT,$0.57,8
20260729,MLB-TRUNS-IT5-01DRGBPVTNRS63O-GTE-P00025,07/29/26 12:45 PM EDT,$0.53,17
20260729,MLB-TRUNS-I3-01DRGBPVTNRS63O-GTE-P00005,07/29/26 12:45 PM EDT,$0.57,84
20260729,MLB-WIN-IT5-01DRGBPVTNRS63O-PHES000,07/29/26 12:45 PM EDT,$0.67,384
20260729,MLB-WIN-IT5-01DRGBPVTNRS63O-PHES000,07/29/26 12:45 PM EDT,$0.68,357
20260729,MLB-TRUNS-IT5-01DRGBS5TNRS7RO-GTE-P00055,07/29/26 12:45 PM EDT,$0.45,21
20260729,MLB-WIN-IT5-01DRGBT4TNRS6MO-DERS000,07/29/26 12:45 PM EDT,$0.66,73
20260729,MLB-TRUNS-IT5-01DRGBPVTNRS63O-GTE-P00025,07/29/26 12:45 PM EDT,$0.53,7
20260729,MLB-MOVY-IT5-01DRH5CMTNRRJNO-LARS000-GTE-P00005,07/29/26 12:45 PM EDT,$0.51,20
20260729,MLB-MOVY-IT5-01DRGBPVTNRS63O-PHES000-GTE-P00005,07/29/26 12:45 PM EDT,$0.50,35
20260729,MLB-MOVY-IT5-01DRGBPVTNRS63O-PHES000-GTE-P00005,07/29/26 12:45 PM EDT,$0.50,28
20260729,MLB-MOVY-IT5-01DRGBT4TNRS7KG-PIES000-GTE-P00005,07/29/26 12:46 PM EDT,$0.43,338
20260729,MLB-TRUNS-IT5-01DRGBT4TNRS7KG-GTE-P00035,07/29/26 12:46 PM EDT,$0.44,117
20260729,MLB-WIN-IT5-01DRGBT4TNRS6MO-DERS000,07/29/26 12:46 PM EDT,$0.66,14
20260729,MLB-MOVY-IT5-01DRGBPVTNRS63O-PHES000-GTE-P00005,07/29/26 12:46 PM EDT,$0.51,90
20260729,MLB-TRUNS-IT5-01DRGBPVTNRS63O-GTE-P00025,07/29/26 12:46 PM EDT,$0.48,56
20260729,MLB-TRUNS-I3-01DRGBPVTNRS63O-GTE-P00005,07/29/26 12:46 PM EDT,$0.45,416
20260729,MLB-TRUNS-I2-01DRGBT4TNRS7KG-GTE-P00005,07/29/26 12:46 PM EDT,$0.44,52
20260729,MLB-WIN-IT5-01DRGBT4TNRS7KG-ARKS000,07/29/26 12:46 PM EDT,$0.44,4
20260729,MLB-TRUNS-I2-01DRGBT4TNRS7KG-GTE-P00025,07/29/26 12:46 PM EDT,$0.16,294
20260729,MLB-TRUNS-I2-01DRGBT4TNRS7KG-GTE-P00005,07/29/26 12:46 PM EDT,$0.44,4
20260729,MLB-TRUNS-I2-01DRGBT4TNRS7KG-GTE-P00005,07/29/26 12:46 PM EDT,$0.44,412
20260729,MLB-TRUNS-I2-01DRGBT4TNRS7KG-GTE-P00005,07/29/26 12:46 PM EDT,$0.44,11
20260729,MLB-WIN-IT5-01DRGBPVTNRS63O-PHES000,07/29/26 12:46 PM EDT,$0.61,357
20260729,MLB-TRUNS-I2-01DRGBT4TNRS7KG-GTE-P00015,07/29/26 12:47 PM EDT,$0.29,322
20260729,MLB-TRUNS-I3-01DRGBPVTNRS63O-GTE-P00015,07/29/26 12:47 PM EDT,$0.32,12
20260729,MLB-TRUNS-I2-01DRGBT4TNRS7KG-GTE-P00005,07/29/26 12:47 PM EDT,$0.52,277
20260729,MLB-PHRR-FG-01DRGBPVTNRS63O-BRTT001-GTE-P00005,07/29/26 12:47 PM EDT,$0.76,350
20260729,MLB-WIN-IT5-01DRGBS5TNRS7RO-WALS000,07/29/26 12:47 PM EDT,$0.49,196
20260729,MLB-MOVY-IT5-01DRGBT4TNRS7KG-PIES000-GTE-P00005,07/29/26 12:47 PM EDT,$0.44,5
20260729,MLB-TRUNS-IT5-01DRGBT4TNRS7KG-GTE-P00035,07/29/26 12:47 PM EDT,$0.48,55
20260729,MLB-PHRR-FG-01DRGBPVTNRS63O-BRTT001-GTE-P00025,07/29/26 12:47 PM EDT,$0.33,350
20260729,MLB-WIN-IT5-01DRGBPVTNRS63O-PHES000,07/29/26 12:47 PM EDT,$0.92,267
20260729,MLB-MOVY-IT5-01DRGBT4TNRS6MO-DERS000-GTE-P00005,07/29/26 12:47 PM EDT,$0.57,508
20260729,MLB-WIN-IT5-01DRGBTTTNRS7KO-CIDS000,07/29/26 12:48 PM EDT,$0.48,200
20260729,MLB-TRUNS-IT5-01DRGBT4TNRS7KG-GTE-P00035,07/29/26 12:48 PM EDT,$0.45,1111
20260729,MLB-PHRR-FG-01DRGBQLTNRS7H8-EZAN000-GTE-P00015,07/29/26 12:48 PM EDT,$0.46,20
20260729,MLB-WIN-IT5-01DRGBT4TNRS6MO-DERS000,07/29/26 12:48 PM EDT,$0.66,7
20260729,MLB-TRUNS-I2-01DRGBT4TNRS7KG-GTE-P00015,07/29/26 12:48 PM EDT,$0.23,118
20260729,MLB-TRUNS-IT5-01DRGBPVTNRS63O-GTE-P00035,07/29/26 12:48 PM EDT,$0.53,61
20260729,MLB-TRUNS-IT5-01DRGBT4TNRS7KG-GTE-P00035,07/29/26 12:48 PM EDT,$0.45,643
20260729,MLB-WIN-IT5-01DRGBPVTNRS63O-MINS001,07/29/26 12:48 PM EDT,$0.08,10
20260729,MLB-TRUNS-IT5-01DRGBPVTNRS63O-GTE-P00035,07/29/26 12:48 PM EDT,$0.51,59
20260729,MLB-MOVY-IT5-01DRGBPVTNRS63O-PHES000-GTE-P00025,07/29/26 12:48 PM EDT,$0.42,22
20260729,MLB-WIN-IT5-01DRH5ELTNRRJRO-NYES000,07/29/26 12:49 PM EDT,$0.60,161
20260729,MLB-TRUNS-IT5-01DRGBPVTNRS63O-GTE-P00055,07/29/26 12:49 PM EDT,$0.21,350
20260729,MLB-TRUNS-IT5-01DRGBT4TNRS7KG-GTE-P00035,07/29/26 12:49 PM EDT,$0.43,1163
20260729,MLB-WIN-IT5-01DRGBS5TNRS7RO-TOYS000,07/29/26 12:49 PM EDT,$0.54,1
20260729,MLB-TRUNS-IT5-01DRGBT4TNRS7KG-GTE-P00035,07/29/26 12:49 PM EDT,$0.41,40
20260729,MLB-WIN-IT5-01DRGBPVTNRS63O-MINS001,07/29/26 12:50 PM EDT,$0.10,18
20260729,MLB-TRUNS-I1-01DRGBT4TNRS6MO-GTE-P00005,07/29/26 12:50 PM EDT,$0.36,30
20260729,MLB-WIN-IT5-01DRGBPVTNRS63O-PHES000,07/29/26 12:50 PM EDT,$0.90,90
20260729,MLB-WIN-IT5-01DRGBPVTNRS63O-PHES000,07/29/26 12:50 PM EDT,$0.90,834
20260729,MLB-TRUNS-IT5-01DRGBPVTNRS63O-GTE-P00055,07/29/26 12:50 PM EDT,$0.20,4
20260729,MLB-WIN-IT5-01DRGBT4TNRS6MO-DERS000,07/29/26 12:50 PM EDT,$0.66,19
20260729,MLB-TRUNS-I4-01DRGBPVTNRS63O-GTE-P00005,07/29/26 12:50 PM EDT,$0.35,7
20260729,MLB-TRUNS-I5-01DRGBPVTNRS63O-GTE-P00015,07/29/26 12:51 PM EDT,$0.26,178
20260729,MLB-MOVY-IT5-01DRGBT4TNRS7KG-PIES000-GTE-P00005,07/29/26 12:51 PM EDT,$0.53,14
20260729,MLB-TRUNS-IT5-01DRGBPVTNRS63O-GTE-P00035,07/29/26 12:52 PM EDT,$0.42,83
20260729,MLB-WIN-IT5-01DRGBT4TNRS7KG-ARKS000,07/29/26 12:52 PM EDT,$0.33,15
20260729,MLB-TRUNS-IT5-01DRGBT4TNRS7KG-GTE-P00025,07/29/26 12:52 PM EDT,$0.51,20
20260729,MLB-TRUNS-IT5-01DRGBP5TNRS7JG-GTE-P00035,07/29/26 12:52 PM EDT,$0.58,42
20260729,MLB-TRUNS-IT5-01DRGBT4TNRS7KG-GTE-P00025,07/29/26 12:53 PM EDT,$0.51,16
20260729,MLB-TRUNS-IT5-01DRGBPVTNRS63O-GTE-P00035,07/29/26 12:53 PM EDT,$0.51,283
20260729,MLB-TRUNS-I1-01DRGBT4TNRS6MO-GTE-P00015,07/29/26 12:53 PM EDT,$0.25,37
20260729,MLB-TRUNS-IT5-01DRGBT4TNRS7KG-GTE-P00025,07/29/26 12:53 PM EDT,$0.51,18
20260729,MLB-TRUNS-IT5-01DRGBT4TNRS7KG-GTE-P00025,07/29/26 12:53 PM EDT,$0.51,19
20260729,MLB-TRUNS-I4-01DRGBPVTNRS63O-GTE-P00005,07/29/26 12:53 PM EDT,$0.35,52
20260729,MLB-MOVY-IT5-01DRGBT4TNRS7KG-PIES000-GTE-P00005,07/29/26 12:53 PM EDT,$0.49,18
20260729,MLB-TRUNS-IT5-01DRGBPVTNRS63O-GTE-P00035,07/29/26 12:53 PM EDT,$0.40,21
20260729,MLB-TRUNS-IT5-01DRGBPVTNRS63O-GTE-P00035,07/29/26 12:54 PM EDT,$0.40,3
20260729,MLB-TRUNS-I3-01DRGBT4TNRS7KG-GTE-P00005,07/29/26 12:54 PM EDT,$0.39,11
20260729,MLB-TRUNS-IT5-01DRGBT4TNRS7KG-GTE-P00045,07/29/26 12:54 PM EDT,$0.31,84
20260729,MLB-TRUNS-IT5-01DRGBPVTNRS63O-GTE-P00035,07/29/26 12:54 PM EDT,$0.40,64
20260729,MLB-PHRR-FG-01DRGBT4TNRS6MO-HAEE000-GTE-P00015,07/29/26 12:55 PM EDT,$0.51,50
20260729,MLB-TRUNS-IT5-01DRGBPVTNRS63O-GTE-P00035,07/29/26 12:55 PM EDT,$0.38,12
20260729,MLB-TRUNS-IT5-01DRGBS5TNRS7RO-GTE-P00055,07/29/26 12:55 PM EDT,$0.43,389
20260729,MLB-PHRR-FG-01DRGBT4TNRS6MO-HAEE000-GTE-P00015,07/29/26 12:55 PM EDT,$0.51,42
20260729,MLB-PHRR-FG-01DRH5CMTNRRJNO-CAGH000-GTE-P00015,07/29/26 12:55 PM EDT,$0.52,18
20260729,MLB-TRUNS-IT5-01DRGBPVTNRS63O-GTE-P00035,07/29/26 12:55 PM EDT,$0.49,226
20260729,MLB-TRUNS-I1-01DRGBPHTNRS6TO-GTE-P00005,07/29/26 12:55 PM EDT,$0.53,32
20260729,MLB-MOVY-IT5-01DRGBT4TNRS6MO-DERS000-GTE-P00005,07/29/26 12:55 PM EDT,$0.57,8
20260729,MLB-WIN-IT5-01DRGBS5TNRS7RO-TOYS000,07/29/26 12:55 PM EDT,$0.54,14
20260729,MLB-MOVY-IT5-01DRGBT4TNRS7KG-PIES000-GTE-P00005,07/29/26 12:55 PM EDT,$0.55,10
20260729,MLB-PHRR-FG-01DRGBS5TNRS7RO-ERNT000-GTE-P00015,07/29/26 12:56 PM EDT,$0.56,1
20260729,MLB-TRUNS-IT5-01DRGBT4TNRS7KG-GTE-P00035,07/29/26 12:56 PM EDT,$0.38,117
20260729,MLB-PHRR-FG-01DRH5ANTNRRIEO-MIUT000-GTE-P00015,07/29/26 12:56 PM EDT,$0.55,8
20260729,MLB-TRUNS-IT5-01DRGBPVTNRS63O-GTE-P00035,07/29/26 12:56 PM EDT,$0.44,98
20260729,MLB-PHRR-FG-01DRGBS5TNRS7RO-CJMS000-GTE-P00015,07/29/26 12:56 PM EDT,$0.54,50
20260729,MLB-WIN-IT5-01DRGBPVTNRS63O-MINS001,07/29/26 12:56 PM EDT,$0.07,12
20260729,MLB-WIN-IT5-01DRGBPHTNRS6TO-NYTS000,07/29/26 12:56 PM EDT,$0.50,19
20260729,MLB-WIN-IT5-01DRGBT4TNRS6MO-DERS000,07/29/26 12:56 PM EDT,$0.67,23
20260729,MLB-MOVY-IT5-01DRGBT4TNRS6MO-DERS000-GTE-P00005,07/29/26 12:56 PM EDT,$0.57,338
20260729,MLB-WIN-IT5-01DRGBS5TNRS7RO-TOYS000,07/29/26 12:56 PM EDT,$0.54,535
20260729,MLB-TRUNS-I1-01DRGBS5TNRS7RO-GTE-P00015,07/29/26 12:57 PM EDT,$0.35,13
20260729,MLB-WIN-IT5-01DRGBPVTNRS63O-PHES000,07/29/26 12:57 PM EDT,$0.95,101
20260729,MLB-TRUNS-IT5-01DRGBS5TNRS7RO-GTE-P00055,07/29/26 12:57 PM EDT,$0.45,10
20260729,MLB-PHRR-FG-01DRGBS5TNRS7RO-JAOD000-GTE-P00015,07/29/26 12:57 PM EDT,$0.58,8
20260729,MLB-PHRR-FG-01DRGBS5TNRS7RO-CJMS000-GTE-P00015,07/29/26 12:57 PM EDT,$0.54,8
20260729,MLB-PHRR-FG-01DRGBS5TNRS7RO-DALE000-GTE-P00005,07/29/26 12:57 PM EDT,$0.73,6
20260729,MLB-TRUNS-IT5-01DRGBT4TNRS6MO-GTE-P00035,07/29/26 12:57 PM EDT,$0.51,307
20260729,MLB-TRUNS-IT5-01DRGBT4TNRS6MO-GTE-P00035,07/29/26 12:57 PM EDT,$0.51,281
20260729,MLB-TRUNS-I3-01DRGBS5TNRS7RO-GTE-P00005,07/29/26 12:57 PM EDT,$0.55,8
20260729,MLB-TRUNS-I1-01DRGBT4TNRS6MO-GTE-P00015,07/29/26 12:57 PM EDT,$0.26,357
20260729,MLB-MOVY-IT5-01DRGBT4TNRS6MO-DERS000-GTE-P00005,07/29/26 12:58 PM EDT,$0.57,24
20260729,MLB-WIN-IT5-01DRGBS5TNRS7RO-TOYS000,07/29/26 12:58 PM EDT,$0.54,92
20260729,MLB-MOVY-IT5-01DRGBT4TNRS6MO-DERS000-GTE-P00005,07/29/26 12:58 PM EDT,$0.57,42
20260729,MLB-TRUNS-IT5-01DRGBT4TNRS7KG-GTE-P00025,07/29/26 12:58 PM EDT,$0.42,33
20260729,MLB-MOVY-IT5-01DRGBPVTNRS63O-PHES000-GTE-P00025,07/29/26 12:58 PM EDT,$0.33,24
20260729,MLB-TRUNS-I5-01DRGBPVTNRS63O-GTE-P00005,07/29/26 12:58 PM EDT,$0.44,154
20260729,MLB-TRUNS-I3-01DRGBT4TNRS7KG-GTE-P00015,07/29/26 12:58 PM EDT,$0.27,98
20260729,MLB-TRUNS-I3-01DRGBT4TNRS7KG-GTE-P00005,07/29/26 12:58 PM EDT,$0.40,9
20260729,MLB-WIN-IT5-01DRGBS5TNRS7RO-WALS000,07/29/26 12:59 PM EDT,$0.49,9
20260729,MLB-TRUNS-IT5-01DRGBT4TNRS7KG-GTE-P00025,07/29/26 12:59 PM EDT,$0.42,166
20260729,MLB-WIN-IT5-01DRGBPVTNRS63O-PHES000,07/29/26 12:59 PM EDT,$0.94,350
20260729,MLB-WIN-IT5-01DRGBPVTNRS63O-MINS001,07/29/26 12:59 PM EDT,$0.06,350
20260729,MLB-WIN-IT5-01DRGBPVTNRS63O-MINS001,07/29/26 12:59 PM EDT,$0.06,71
20260729,MLB-TRUNS-I3-01DRGBT4TNRS7KG-GTE-P00005,07/29/26 12:59 PM EDT,$0.48,25
20260729,MLB-PHRR-FG-01DRGBPHTNRS6TO-ROJR000-GTE-P00015,07/29/26 12:59 PM EDT,$0.57,16
20260729,MLB-TRUNS-IT5-01DRGBT4TNRS7KG-GTE-P00025,07/29/26 12:59 PM EDT,$0.42,1
20260729,MLB-TRUNS-IT5-01DRGBT4TNRS7KG-GTE-P00025,07/29/26 12:59 PM EDT,$0.42,83
20260729,MLB-WIN-IT5-01DRGBS5TNRS7RO-WALS000,07/29/26 12:59 PM EDT,$0.49,100
20260729,MLB-WIN-IT5-01DRGBT4TNRS7KG-ARKS000,07/29/26 12:59 PM EDT,$0.44,350
20260729,MLB-MOVY-IT5-01DRGBPVTNRS63O-PHES000-GTE-P00025,07/29/26 12:59 PM EDT,$0.37,29
20260729,MLB-TRUNS-IT5-01DRGBPVTNRS63O-GTE-P00035,07/29/26 01:00 PM EDT,$0.41,40
20260729,MLB-MOVY-IT5-01DRGBT4TNRS6MO-DERS000-GTE-P00005,07/29/26 01:00 PM EDT,$0.57,5616
20260729,MLB-TRUNS-IT5-01DRGBPVTNRS63O-GTE-P00025,07/29/26 01:00 PM EDT,$0.64,115
20260729,MLB-TRUNS-IT5-01DRGBPVTNRS63O-GTE-P00025,07/29/26 01:00 PM EDT,$0.64,6
20260729,MLB-TRUNS-IT5-01DRGBPVTNRS63O-GTE-P00035,07/29/26 01:00 PM EDT,$0.47,980
20260729,MLB-TRUNS-I3-01DRGBT4TNRS7KG-GTE-P00015,07/29/26 01:00 PM EDT,$0.19,18
20260729,MLB-TRUNS-IT5-01DRGBT4TNRS7KG-GTE-P00025,07/29/26 01:01 PM EDT,$0.47,38
20260729,MLB-MOVY-IT5-01DRGBT4TNRS6MO-DERS000-GTE-P00005,07/29/26 01:01 PM EDT,$0.57,84
20260729,MLB-WIN-IT5-01DRGBS5TNRS7RO-TOYS000,07/29/26 01:01 PM EDT,$0.54,44
20260729,MLB-MOVY-IT5-01DRGBT4TNRS6MO-DERS000-GTE-P00005,07/29/26 01:01 PM EDT,$0.57,86
20260729,MLB-PHRR-FG-01DRGBPHTNRS6TO-JORT000-GTE-P00015,07/29/26 01:01 PM EDT,$0.38,7
20260729,MLB-MOVY-IT5-01DRGBPVTNRS63O-PHES000-GTE-P00025,07/29/26 01:01 PM EDT,$0.53,14
20260729,MLB-WIN-IT5-01DRGBS5TNRS7RO-TOYS000,07/29/26 01:01 PM EDT,$0.54,44
20260729,MLB-TRUNS-I3-01DRGBT4TNRS7KG-GTE-P00015,07/29/26 01:02 PM EDT,$0.19,415
20260729,MLB-WIN-IT5-01DRGBPHTNRS6TO-ATES000,07/29/26 01:02 PM EDT,$0.52,27
20260729,MLB-WIN-IT5-01DRGBPHTNRS6TO-ATES000,07/29/26 01:02 PM EDT,$0.52,25
20260729,MLB-TRUNS-IT5-01DRGBS5TNRS7RO-GTE-P00055,07/29/26 01:02 PM EDT,$0.43,127
20260729,MLB-WIN-IT5-01DRGBT4TNRS7KG-ARKS000,07/29/26 01:02 PM EDT,$0.33,350
20260729,MLB-WIN-IT5-01DRGBT4TNRS7KG-PIES000,07/29/26 01:02 PM EDT,$0.66,350
20260729,MLB-WIN-IT5-01DRGBP5TNRS7JG-MIRS000,07/29/26 01:03 PM EDT,$0.51,47
20260729,MLB-TRUNS-I5-01DRGBPVTNRS63O-GTE-P00035,07/29/26 01:03 PM EDT,$0.09,168
20260729,MLB-TRUNS-I1-01DRGBS5TNRS7RO-GTE-P00015,07/29/26 01:03 PM EDT,$0.27,133
20260729,MLB-TRUNS-I1-01DRGBS5TNRS7RO-GTE-P00015,07/29/26 01:03 PM EDT,$0.27,34
20260729,MLB-MOVY-IT5-01DRGBT4TNRS6MO-DERS000-GTE-P00005,07/29/26 01:03 PM EDT,$0.57,25
20260729,MLB-WIN-IT5-01DRGBT4TNRS7KG-PIES000,07/29/26 01:03 PM EDT,$0.67,28
20260729,MLB-TRUNS-IT5-01DRH5DLTNRRJQO-GTE-P00045,07/29/26 01:04 PM EDT,$0.51,19
20260729,MLB-WIN-IT5-01DRGBS5TNRS7RO-TOYS000,07/29/26 01:04 PM EDT,$0.54,26
20260729,MLB-MOVY-IT5-01DRGBPVTNRS63O-PHES000-GTE-P00005,07/29/26 01:04 PM EDT,$0.90,90
20260729,MLB-TRUNS-IT5-01DRGBPVTNRS63O-GTE-P00035,07/29/26 01:04 PM EDT,$0.55,11
20260729,MLB-TRUNS-IT5-01DRGBPVTNRS63O-GTE-P00035,07/29/26 01:04 PM EDT,$0.55,409
20260729,MLB-MOVY-IT5-01DRGBT4TNRS7KG-PIES000-GTE-P00005,07/29/26 01:04 PM EDT,$0.52,18
20260729,MLB-WIN-IT5-01DRGBS5TNRS7RO-WALS000,07/29/26 01:05 PM EDT,$0.49,673
20260729,MLB-MOVY-IT5-01DRGBT4TNRS6MO-DERS000-GTE-P00005,07/29/26 01:05 PM EDT,$0.57,33
20260729,MLB-TRUNS-IT5-01DRGBPVTNRS63O-GTE-P00035,07/29/26 01:05 PM EDT,$0.50,44
20260729,MLB-PHRR-FG-01DRGBPHTNRS6TO-MIIS000-GTE-P00025,07/29/26 01:05 PM EDT,$0.37,12
20260729,MLB-TRUNS-IT5-01DRGBPVTNRS63O-GTE-P00035,07/29/26 01:05 PM EDT,$0.50,82
20260729,MLB-TRUNS-IT5-01DRGBPVTNRS63O-GTE-P00035,07/29/26 01:05 PM EDT,$0.50,12
20260729,MLB-WIN-IT5-01DRGBT4TNRS6MO-DERS000,07/29/26 01:05 PM EDT,$0.67,2
20260729,MLB-MOVY-IT5-01DRGBT4TNRS6MO-DERS000-GTE-P00005,07/29/26 01:06 PM EDT,$0.57,1694
20260729,MLB-WIN-IT5-01DRGBT4TNRS7KG-PIES000,07/29/26 01:06 PM EDT,$0.61,350
20260729,MLB-TRUNS-I5-01DRGBT4TNRS7KG-GTE-P00015,07/29/26 01:06 PM EDT,$0.29,9
20260729,MLB-WIN-IT5-01DRGBPVTNRS63O-PHES000,07/29/26 01:06 PM EDT,$0.95,43
20260729,MLB-TRUNS-IT5-01DRGBT4TNRS7KG-GTE-P00015,07/29/26 01:06 PM EDT,$0.51,267
20260729,MLB-TRUNS-I5-01DRGBT4TNRS7KG-GTE-P00005,07/29/26 01:06 PM EDT,$0.41,4
20260729,MLB-TRUNS-IT5-01DRGBT4TNRS6MO-GTE-P00035,07/29/26 01:07 PM EDT,$0.53,909
20260729,MLB-TRUNS-IT5-01DRGBPVTNRS63O-GTE-P00035,07/29/26 01:07 PM EDT,$0.52,61
20260729,MLB-MOVY-IT5-01DRGBT4TNRS7KG-PIES000-GTE-P00005,07/29/26 01:07 PM EDT,$0.39,74
20260729,MLB-TRUNS-I5-01DRGBT4TNRS7KG-GTE-P00005,07/29/26 01:07 PM EDT,$0.49,29
20260729,MLB-TRUNS-IT5-01DRGBT4TNRS7KG-GTE-P00015,07/29/26 01:07 PM EDT,$0.50,96
20260729,MLB-PHRR-FG-01DRGBPVTNRS63O-BRER000-GTE-P00005,07/29/26 01:07 PM EDT,$0.58,166
20260729,MLB-TRUNS-I5-01DRGBPVTNRS63O-GTE-P00005,07/29/26 01:07 PM EDT,$0.39,26
20260729,MLB-MOVY-IT5-01DRGBT4TNRS6MO-DERS000-GTE-P00005,07/29/26 01:07 PM EDT,$0.57,85
20260729,MLB-TRUNS-IT5-01DRGBQLTNRS7H8-GTE-P00055,07/29/26 01:07 PM EDT,$0.32,350
20260729,MLB-TRUNS-I5-01DRGBPVTNRS63O-GTE-P00005,07/29/26 01:08 PM EDT,$0.47,26
20260729,MLB-TRUNS-IT5-01DRGBT4TNRS7KG-GTE-P00015,07/29/26 01:08 PM EDT,$0.50,51
20260729,MLB-TRUNS-IT5-01DRGBPVTNRS63O-GTE-P00035,07/29/26 01:08 PM EDT,$0.44,862
20260729,MLB-TRUNS-IT5-01DRGBPVTNRS63O-GTE-P00035,07/29/26 01:08 PM EDT,$0.44,17
20260729,MLB-TRUNS-IT5-01DRGBT4TNRS6MO-GTE-P00035,07/29/26 01:08 PM EDT,$0.51,588
20260729,MLB-WIN-IT5-01DRGBT4TNRS6MO-BAES000,07/29/26 01:08 PM EDT,$0.35,13
20260729,MLB-TRUNS-IT5-01DRGBPVTNRS63O-GTE-P00035,07/29/26 01:08 PM EDT,$0.52,5
20260729,MLB-MOVY-IT5-01DRGBPVTNRS63O-PHES000-GTE-P00035,07/29/26 01:08 PM EDT,$0.27,275
20260729,MLB-MOVY-IT5-01DRGBT4TNRS6MO-DERS000-GTE-P00005,07/29/26 01:08 PM EDT,$0.57,13
20260729,MLB-WIN-IT5-01DRGBT4TNRS6MO-DERS000,07/29/26 01:08 PM EDT,$0.67,22
20260729,MLB-MOVY-IT5-01DRGBPHTNRS6TO-ATES000-GTE-P00005,07/29/26 01:08 PM EDT,$0.43,134
20260729,MLB-WIN-IT5-01DRGBS5TNRS7RO-WALS000,07/29/26 01:08 PM EDT,$0.49,250
20260729,MLB-WIN-IT5-01DRGBS5TNRS7RO-WALS000,07/29/26 01:08 PM EDT,$0.49,5
20260729,MLB-TRUNS-I1-01DRGBT4TNRS6MO-GTE-P00025,07/29/26 01:08 PM EDT,$0.14,34
20260729,MLB-PHRR-FG-01DRGBPHTNRS6TO-MIIS000-GTE-P00035,07/29/26 01:08 PM EDT,$0.24,38
20260729,MLB-PHRR-FG-01DRGBPHTNRS6TO-AUEY000-GTE-P00035,07/29/26 01:08 PM EDT,$0.19,50
20260729,MLB-TRUNS-IT5-01DRGBPVTNRS63O-GTE-P00035,07/29/26 01:08 PM EDT,$0.49,9
20260729,MLB-TRUNS-IT5-01DRGBPVTNRS63O-GTE-P00035,07/29/26 01:08 PM EDT,$0.49,19
20260729,NWSL-DWIN-FG-000A28PPI788FO8-UTSW003,07/29/26 01:08 PM EDT,$0.35,27
20260729,MLB-MOVY-IT5-01DRGBPVTNRS63O-PHES000-GTE-P00035,07/29/26 01:08 PM EDT,$0.20,48
20260729,MLB-TRUNS-I5-01DRGBT4TNRS7KG-GTE-P00005,07/29/26 01:09 PM EDT,$0.49,9
20260729,MLB-MOVY-IT5-01DRGBPVTNRS63O-PHES000-GTE-P00035,07/29/26 01:09 PM EDT,$0.20,1
20260729,MLB-PHRR-FG-01DRH5ANTNRRIEO-MIUT000-GTE-P00015,07/29/26 01:09 PM EDT,$0.53,50
20260729,MLB-TRUNS-IT5-01DRGBPVTNRS63O-GTE-P00035,07/29/26 01:09 PM EDT,$0.45,34
20260729,MLB-WIN-IT5-01DRGBS5TNRS7RO-WALS000,07/29/26 01:09 PM EDT,$0.44,350
20260729,MLB-WIN-IT5-01DRGBS5TNRS7RO-TOYS000,07/29/26 01:09 PM EDT,$0.55,350
20260729,MLB-WIN-IT5-01DRGBS5TNRS7RO-WALS000,07/29/26 01:09 PM EDT,$0.44,350
20260729,MLB-WIN-IT5-01DRGBS5TNRS7RO-TOYS000,07/29/26 01:09 PM EDT,$0.55,350
20260729,MLB-WIN-IT5-01DRGBS5TNRS7RO-TOYS000,07/29/26 01:09 PM EDT,$0.55,350
20260729,MLB-WIN-IT5-01DRGBS5TNRS7RO-WALS000,07/29/26 01:09 PM EDT,$0.45,350
20260729,MLB-WIN-IT5-01DRGBS5TNRS7RO-TOYS000,07/29/26 01:09 PM EDT,$0.55,350
20260729,MLB-TRUNS-IT5-01DRGBS5TNRS7RO-GTE-P00065,07/29/26 01:09 PM EDT,$0.35,350
20260729,MLB-TRUNS-IT5-01DRGBS5TNRS7RO-GTE-P00055,07/29/26 01:09 PM EDT,$0.47,325
20260729,MLB-TRUNS-IT5-01DRGBS5TNRS7RO-GTE-P00055,07/29/26 01:09 PM EDT,$0.47,25
20260729,MLB-MOVY-IT5-01DRGBPVTNRS63O-PHES000-GTE-P00025,07/29/26 01:10 PM EDT,$0.75,24
20260729,MLB-WIN-IT5-01DRGBPHTNRS6TO-ATES000,07/29/26 01:11 PM EDT,$0.52,350
20260729,MLB-WIN-IT5-01DRGBPHTNRS6TO-ATES000,07/29/26 01:11 PM EDT,$0.52,350
20260729,MLB-WIN-IT5-01DRGBS5TNRS7RO-TOYS000,07/29/26 01:12 PM EDT,$0.54,350
20260729,MLB-WIN-IT5-01DRGBS5TNRS7RO-TOYS000,07/29/26 01:12 PM EDT,$0.54,350
20260729,MLB-WIN-IT5-01DRGBS5TNRS7RO-WALS000,07/29/26 01:12 PM EDT,$0.45,350
20260729,MLB-WIN-IT5-01DRGBS5TNRS7RO-TOYS000,07/29/26 01:12 PM EDT,$0.54,300
20260729,MLB-WIN-IT5-01DRGBS5TNRS7RO-WALS000,07/29/26 01:12 PM EDT,$0.45,350
20260729,MLB-TRUNS-IT5-01DRGBS5TNRS7RO-GTE-P00065,07/29/26 01:12 PM EDT,$0.37,350
20260729,MLB-MOVY-IT5-01DRGBS5TNRS7RO-WALS000-GTE-P00015,07/29/26 01:12 PM EDT,$0.28,350
20260729,MLB-WIN-IT5-01DRGBS5TNRS7RO-WALS000,07/29/26 01:12 PM EDT,$0.45,350
20260729,MLB-TRUNS-IT5-01DRGBS5TNRS7RO-GTE-P00055,07/29/26 01:12 PM EDT,$0.49,350
20260729,MLB-MOVY-IT5-01DRGBS5TNRS7RO-TOYS000-GTE-P00015,07/29/26 01:12 PM EDT,$0.35,350
20260729,MLB-MOVY-IT5-01DRGBS5TNRS7RO-TOYS000-GTE-P00025,07/29/26 01:12 PM EDT,$0.25,350
20260729,MLB-WIN-IT5-01DRGBS5TNRS7RO-WALS000,07/29/26 01:12 PM EDT,$0.45,350
20260729,MLB-MOVY-IT5-01DRGBS5TNRS7RO-WALS000-GTE-P00025,07/29/26 01:12 PM EDT,$0.20,350
20260729,MLB-MOVY-IT5-01DRGBS5TNRS7RO-WALS000-GTE-P00015,07/29/26 01:12 PM EDT,$0.28,350
20260729,MLB-WIN-IT5-01DRGBT4TNRS6MO-BAES000,07/29/26 01:12 PM EDT,$0.36,350
20260729,MLB-WIN-IT5-01DRGBT4TNRS6MO-BAES000,07/29/26 01:12 PM EDT,$0.36,350
20260729,MLB-TRUNS-I1-01DRGBPHTNRS6TO-GTE-P00005,07/29/26 01:12 PM EDT,$0.55,10
20260729,MLB-TRUNS-I5-01DRGBT4TNRS7KG-GTE-P00005,07/29/26 01:12 PM EDT,$0.49,23
20260729,MLB-TRUNS-IT5-01DRGBT4TNRS6MO-GTE-P00055,07/29/26 01:13 PM EDT,$0.29,350
20260729,MLB-TRUNS-I7-01DRGBT4TNRS7KG-GTE-P00035,07/29/26 01:13 PM EDT,$0.11,410
20260729,MLB-WIN-IT5-01DRGBPHTNRS6TO-ATES000,07/29/26 01:13 PM EDT,$0.49,350
20260729,MLB-WIN-IT5-01DRGBPHTNRS6TO-NYTS000,07/29/26 01:13 PM EDT,$0.50,350
20260729,MLB-WIN-IT5-01DRGBPHTNRS6TO-ATES000,07/29/26 01:13 PM EDT,$0.49,350
20260729,MLB-WIN-IT5-01DRGBPHTNRS6TO-NYTS000,07/29/26 01:13 PM EDT,$0.50,350
20260729,MLB-WIN-IT5-01DRGBPHTNRS6TO-ATES000,07/29/26 01:13 PM EDT,$0.49,300
20260729,MLB-WIN-IT5-01DRGBPHTNRS6TO-NYTS000,07/29/26 01:13 PM EDT,$0.50,350
20260729,MLB-WIN-IT5-01DRGBPHTNRS6TO-NYTS000,07/29/26 01:13 PM EDT,$0.50,350
20260729,MLB-WIN-IT5-01DRGBPHTNRS6TO-NYTS000,07/29/26 01:13 PM EDT,$0.50,100
20260729,MLB-TRUNS-IT5-01DRGBPHTNRS6TO-GTE-P00065,07/29/26 01:13 PM EDT,$0.29,350
20260729,MLB-WIN-IT5-01DRGBT4TNRS7KG-ARKS000,07/29/26 01:13 PM EDT,$0.56,11
20260729,MLB-PHRR-FG-01DRGBPVTNRS63O-TRER001-GTE-P00035,07/29/26 01:13 PM EDT,$0.22,350
20260729,MLB-WIN-IT5-01DRGBS5TNRS7RO-TOYS000,07/29/26 01:13 PM EDT,$0.44,350
20260729,MLB-PHRR-FG-01DRGBPVTNRS63O-TRER001-GTE-P00015,07/29/26 01:13 PM EDT,$0.60,350
20260729,MLB-MOVY-IT5-01DRGBT4TNRS7KG-ARKS000-GTE-P00005,07/29/26 01:13 PM EDT,$0.51,13
20260729,MLB-PHRR-FG-01DRGBPVTNRS63O-TRER001-GTE-P00045,07/29/26 01:13 PM EDT,$0.12,50
20260729,MLB-TRUNS-I5-01DRGBT4TNRS7KG-GTE-P00005,07/29/26 01:13 PM EDT,$0.49,35
20260729,MLB-TRUNS-IT5-01DRGBPVTNRS63O-GTE-P00045,07/29/26 01:14 PM EDT,$0.41,65
20260729,MLB-MOVY-IT5-01DRGBT4TNRS6MO-DERS000-GTE-P00015,07/29/26 01:14 PM EDT,$0.40,350
20260729,MLB-WIN-IT5-01DRGBT4TNRS6MO-BAES000,07/29/26 01:14 PM EDT,$0.34,350
20260729,MLB-PHRR-FG-01DRGBPHTNRS6TO-AUEY000-GTE-P00035,07/29/26 01:14 PM EDT,$0.19,15
20260729,MLB-TRUNS-I5-01DRGBT4TNRS7KG-GTE-P00005,07/29/26 01:14 PM EDT,$0.49,16
20260729,MLB-TRUNS-IT5-01DRGBPVTNRS63O-GTE-P00045,07/29/26 01:14 PM EDT,$0.53,9
20260729,MLB-TRUNS-I1-01DRGBT4TNRS6MO-GTE-P00015,07/29/26 01:14 PM EDT,$0.16,29
20260729,MLB-TRUNS-IT5-01DRGBT4TNRS6MO-GTE-P00035,07/29/26 01:14 PM EDT,$0.48,187
20260729,MLB-WIN-IT5-01DRGBT4TNRS6MO-BAES000,07/29/26 01:14 PM EDT,$0.33,350
20260729,MLB-WIN-IT5-01DRGBT4TNRS6MO-BAES000,07/29/26 01:14 PM EDT,$0.33,350
20260729,MLB-TRUNS-I1-01DRGBS5TNRS7RO-GTE-P00015,07/29/26 01:14 PM EDT,$0.12,55
20260729,MLB-TRUNS-I5-01DRGBT4TNRS7KG-GTE-P00015,07/29/26 01:14 PM EDT,$0.27,86
20260729,MLB-TRUNS-IT5-01DRGBT4TNRS6MO-GTE-P00055,07/29/26 01:14 PM EDT,$0.26,350
20260729,MLB-TRUNS-IT5-01DRGBT4TNRS6MO-GTE-P00055,07/29/26 01:15 PM EDT,$0.25,350
20260729,MLB-TRUNS-IT5-01DRGBPVTNRS63O-GTE-P00065,07/29/26 01:15 PM EDT,$0.15,350
20260729,MLB-TRUNS-IT5-01DRGBT4TNRS6MO-GTE-P00055,07/29/26 01:15 PM EDT,$0.25,317
20260729,MLB-TRUNS-IT5-01DRGBT4TNRS6MO-GTE-P00055,07/29/26 01:15 PM EDT,$0.26,33
20260729,MLB-TRUNS-IT5-01DRGBT4TNRS6MO-GTE-P00055,07/29/26 01:15 PM EDT,$0.25,350
20260729,MLB-TRUNS-IT5-01DRGBT4TNRS6MO-GTE-P00055,07/29/26 01:15 PM EDT,$0.25,317
20260729,MLB-MOVY-IT5-01DRGBS5TNRS7RO-WALS000-GTE-P00005,07/29/26 01:15 PM EDT,$0.50,5
20260729,MLB-MOVY-IT5-01DRGBPVTNRS63O-PHES000-GTE-P00045,07/29/26 01:15 PM EDT,$0.44,653
20260729,MLB-TRUNS-I1-01DRGBT4TNRS6MO-GTE-P00015,07/29/26 01:15 PM EDT,$0.21,29
20260729,MLB-MOVY-IT5-01DRGBPHTNRS6TO-NYTS000-GTE-P00005,07/29/26 01:15 PM EDT,$0.53,18
20260729,MLB-MOVY-IT5-01DRGBPVTNRS63O-PHES000-GTE-P00045,07/29/26 01:15 PM EDT,$0.44,652
20260729,MLB-TRUNS-IT5-01DRGBPVTNRS63O-GTE-P00045,07/29/26 01:15 PM EDT,$0.56,14
20260729,MLB-MOVY-IT5-01DRGBPVTNRS63O-PHES000-GTE-P00045,07/29/26 01:16 PM EDT,$0.40,60
20260729,MLB-PHRR-FG-01DRGBPHTNRS6TO-ROJR000-GTE-P00015,07/29/26 01:16 PM EDT,$0.47,4
20260729,MLB-MOVY-IT5-01DRGBPHTNRS6TO-NYTS000-GTE-P00005,07/29/26 01:16 PM EDT,$0.45,22
20260729,MLB-PHRR-FG-01DRGBPVTNRS63O-BRER000-GTE-P00025,07/29/26 01:16 PM EDT,$0.27,344
20260729,MLB-PHRR-FG-01DRGBPVTNRS63O-BRER000-GTE-P00005,07/29/26 01:16 PM EDT,$0.97,166
20260729,MLB-TRUNS-IT5-01DRGBPHTNRS6TO-GTE-P00045,07/29/26 01:17 PM EDT,$0.47,1
20260729,MLB-WIN-IT5-01DRH5DLTNRRJQO-MINS000,07/29/26 01:17 PM EDT,$0.65,297
20260729,MLB-WIN-IT5-01DRH5DLTNRRJQO-MINS000,07/29/26 01:17 PM EDT,$0.65,53
20260729,MLB-WIN-IT5-01DRGBS5TNRS7RO-WALS000,07/29/26 01:17 PM EDT,$0.58,84
20260729,MLB-TRUNS-IT5-01DRGBPHTNRS6TO-GTE-P00045,07/29/26 01:17 PM EDT,$0.43,423
20260729,MLB-PHRR-FG-01DRGBPVTNRS63O-BRER000-GTE-P00025,07/29/26 01:17 PM EDT,$0.27,6
20260729,MLB-TRUNS-IT5-01DRGBPVTNRS63O-GTE-P00065,07/29/26 01:17 PM EDT,$0.43,350
20260729,MLB-TRUNS-IT5-01DRGBPHTNRS6TO-GTE-P00045,07/29/26 01:17 PM EDT,$0.41,81
20260729,MLB-TRUNS-IT5-01DRGBPVTNRS63O-GTE-P00065,07/29/26 01:17 PM EDT,$0.46,156
20260729,MLB-TRUNS-IT5-01DRGBPVTNRS63O-GTE-P00065,07/29/26 01:17 PM EDT,$0.43,1
20260729,MLB-WIN-IT5-01DRGBPHTNRS6TO-ATES000,07/29/26 01:17 PM EDT,$0.36,350
20260729,MLB-WIN-IT5-01DRGBPHTNRS6TO-ATES000,07/29/26 01:17 PM EDT,$0.36,350
20260729,MLB-PHRR-FG-01DRGBT4TNRS7KG-COLL001-GTE-P00015,07/29/26 01:17 PM EDT,$0.46,350
20260729,MLB-WIN-IT5-01DRH59GTNRRIEG-CHBS000,07/29/26 01:18 PM EDT,$0.51,18
20260729,MLB-TRUNS-IT5-01DRGBPVTNRS63O-GTE-P00065,07/29/26 01:18 PM EDT,$0.44,54
20260729,MLB-TRUNS-I2-01DRGBT4TNRS6MO-GTE-P00005,07/29/26 01:18 PM EDT,$0.38,46
20260729,MLB-TRUNS-IT5-01DRGBT4TNRS7KG-GTE-P00035,07/29/26 01:18 PM EDT,$0.40,80
20260729,MLB-WIN-IT5-01DRGBPHTNRS6TO-ATES000,07/29/26 01:18 PM EDT,$0.34,350
20260729,MLB-WIN-IT5-01DRGBPHTNRS6TO-ATES000,07/29/26 01:18 PM EDT,$0.34,350
20260729,MLB-WIN-IT5-01DRGBPHTNRS6TO-NYTS000,07/29/26 01:18 PM EDT,$0.66,331
20260729,MLB-WIN-IT5-01DRGBPHTNRS6TO-NYTS000,07/29/26 01:18 PM EDT,$0.66,19
20260729,MLB-WIN-IT5-01DRGBPHTNRS6TO-ATES000,07/29/26 01:18 PM EDT,$0.34,350
20260729,MLB-WIN-IT5-01DRGBPHTNRS6TO-ATES000,07/29/26 01:18 PM EDT,$0.34,350
20260729,MLB-WIN-IT5-01DRGBPHTNRS6TO-ATES000,07/29/26 01:18 PM EDT,$0.34,350
20260729,MLB-WIN-IT5-01DRGBPHTNRS6TO-NYTS000,07/29/26 01:18 PM EDT,$0.66,350
20260729,MLB-MOVY-IT5-01DRGBS5TNRS7RO-WALS000-GTE-P00005,07/29/26 01:18 PM EDT,$0.44,8
20260729,MLB-WIN-IT5-01DRGBPHTNRS6TO-ATES000,07/29/26 01:18 PM EDT,$0.35,350
20260729,MLB-TRUNS-IT5-01DRGBPVTNRS63O-GTE-P00065,07/29/26 01:18 PM EDT,$0.46,10
20260729,MLB-WIN-IT5-01DRGBQVTNRS6FO-COES000,07/29/26 01:18 PM EDT,$0.45,14
20260729,MLB-TRUNS-IT5-01DRGBPVTNRS63O-GTE-P00065,07/29/26 01:18 PM EDT,$0.39,350
20260729,MLB-WIN-IT5-01DRH5DLTNRRJQO-MINS000,07/29/26 01:19 PM EDT,$0.65,350
20260729,NWSL-DWIN-FG-000A28ULI788EFO-NJCW001,07/29/26 01:19 PM EDT,$0.61,4
20260729,MLB-MOVY-IT5-01DRGBPVTNRS63O-PHES000-GTE-P00045,07/29/26 01:19 PM EDT,$0.94,16
20260729,MLB-TRUNS-I2-01DRGBS5TNRS7RO-GTE-P00005,07/29/26 01:19 PM EDT,$0.44,8
20260729,MLB-TRUNS-IT5-01DRGBPVTNRS63O-GTE-P00055,07/29/26 01:19 PM EDT,$0.86,350
20260729,NWSL-DWIN-FG-000A28SHI788EU0-KATW001,07/29/26 01:20 PM EDT,$0.69,1
20260729,MLB-TRUNS-I6-01DRGBPVTNRS63O-GTE-P00005,07/29/26 01:20 PM EDT,$0.41,22
20260729,MLB-TRUNS-IT5-01DRGBT4TNRS7KG-GTE-P00035,07/29/26 01:20 PM EDT,$0.37,7
20260729,MLB-TRUNS-IT5-01DRGBT4TNRS7KG-GTE-P00045,07/29/26 01:20 PM EDT,$0.23,10
20260729,MLB-TRUNS-IT5-01DRGBT4TNRS7KG-GTE-P00035,07/29/26 01:20 PM EDT,$0.38,23
20260729,MLB-WIN-IT5-01DRGBS5TNRS7RO-TOYS000,07/29/26 01:20 PM EDT,$0.54,455
20260729,MLB-TRUNS-IT5-01DRGBPVTNRS63O-GTE-P00065,07/29/26 01:20 PM EDT,$0.56,8
20260729,MLB-TRUNS-IT5-01DRGBT4TNRS6MO-GTE-P00055,07/29/26 01:20 PM EDT,$0.19,350
20260729,MLB-TRUNS-IT5-01DRGBT4TNRS6MO-GTE-P00025,07/29/26 01:20 PM EDT,$0.53,28
20260729,MLB-TRUNS-I5-01DRGBPVTNRS63O-GTE-P00035,07/29/26 01:20 PM EDT,$0.53,168
20260729,MLB-TRUNS-IT5-01DRGBT4TNRS7KG-GTE-P00025,07/29/26 01:20 PM EDT,$0.58,23
20260729,MLB-TRUNS-IT5-01DRGBPVTNRS63O-GTE-P00065,07/29/26 01:20 PM EDT,$0.31,8
20260729,MLB-WIN-IT5-01DRGBPHTNRS6TO-ATES000,07/29/26 01:20 PM EDT,$0.40,350
20260729,MLB-WIN-IT5-01DRGBPHTNRS6TO-ATES000,07/29/26 01:20 PM EDT,$0.40,350
20260729,MLB-TRUNS-IT5-01DRGBT4TNRS6MO-GTE-P00025,07/29/26 01:20 PM EDT,$0.53,10
20260729,MLB-MOVY-IT5-01DRGBPHTNRS6TO-NYTS000-GTE-P00005,07/29/26 01:20 PM EDT,$0.51,245
20260729,MLB-WIN-IT5-01DRH5ELTNRRJRO-NYES000,07/29/26 01:20 PM EDT,$0.60,4
20260729,MLB-WIN-IT5-01DRGBTTTNRS7KO-CIDS000,07/29/26 01:20 PM EDT,$0.48,6
20260729,MLB-TRUNS-IT5-01DRGBPVTNRS63O-GTE-P00065,07/29/26 01:21 PM EDT,$0.25,8
20260729,MLB-WIN-IT5-01DRGBT4TNRS6MO-DERS000,07/29/26 01:21 PM EDT,$0.63,26
20260729,MLB-TRUNS-IT5-01DRGBPVTNRS63O-GTE-P00065,07/29/26 01:21 PM EDT,$0.31,12
20260729,MLB-MOVY-IT5-01DRGBPVTNRS63O-PHES000-GTE-P00045,07/29/26 01:21 PM EDT,$0.96,10
20260729,MLB-PHRR-FG-01DRGBS5TNRS7RO-CJMS000-GTE-P00015,07/29/26 01:21 PM EDT,$0.43,5
20260729,MLB-TRUNS-I6-01DRGBPVTNRS63O-GTE-P00005,07/29/26 01:21 PM EDT,$0.42,83
20260729,MLB-WIN-IT5-01DRGBS5TNRS7RO-WALS000,07/29/26 01:21 PM EDT,$0.47,8
20260729,MLB-MOVY-IT5-01DRGBS5TNRS7RO-TOYS000-GTE-P00005,07/29/26 01:21 PM EDT,$0.46,20
20260729,MLB-WIN-IT5-01DRGBT4TNRS7KG-ARKS000,07/29/26 01:21 PM EDT,$0.84,350
20260729,MLB-WIN-IT5-01DRGBT4TNRS7KG-ARKS000,07/29/26 01:22 PM EDT,$0.84,350
20260729,MLB-WIN-IT5-01DRGBT4TNRS7KG-PIES000,07/29/26 01:22 PM EDT,$0.14,16
20260729,MLB-TRUNS-IT5-01DRGBT4TNRS7KG-GTE-P00025,07/29/26 01:22 PM EDT,$0.56,21
20260729,MLB-TRUNS-I2-01DRGBT4TNRS6MO-GTE-P00005,07/29/26 01:22 PM EDT,$0.37,7
20260729,MLB-TRUNS-I2-01DRGBT4TNRS6MO-GTE-P00005,07/29/26 01:22 PM EDT,$0.37,195
20260729,MLB-MOVY-IT5-01DRGBT4TNRS7KG-PIES000-GTE-P00005,07/29/26 01:22 PM EDT,$0.16,100
20260729,MLB-MOVY-IT5-01DRGBT4TNRS7KG-PIES000-GTE-P00005,07/29/26 01:22 PM EDT,$0.08,26
20260729,MLB-TRUNS-I2-01DRGBT4TNRS6MO-GTE-P00005,07/29/26 01:22 PM EDT,$0.37,153
20260729,MLB-TRUNS-I2-01DRGBS5TNRS7RO-GTE-P00005,07/29/26 01:22 PM EDT,$0.40,140
20260729,MLB-TRUNS-IT5-01DRGBS5TNRS7RO-GTE-P00035,07/29/26 01:22 PM EDT,$0.52,51
20260729,MLB-TRUNS-IT5-01DRGBT4TNRS7KG-GTE-P00025,07/29/26 01:22 PM EDT,$0.64,38
20260729,MLB-TRUNS-I2-01DRGBS5TNRS7RO-GTE-P00005,07/29/26 01:22 PM EDT,$0.40,10
20260729,MLB-TRUNS-IT5-01DRGBS5TNRS7RO-GTE-P00035,07/29/26 01:23 PM EDT,$0.53,10
20260729,MLB-TRUNS-IT5-01DRGBS5TNRS7RO-GTE-P00035,07/29/26 01:23 PM EDT,$0.53,17
20260729,MLB-MOVY-IT5-01DRGBS5TNRS7RO-TOYS000-GTE-P00005,07/29/26 01:23 PM EDT,$0.42,65
20260729,MLB-TRUNS-I5-01DRGBT4TNRS7KG-GTE-P00015,07/29/26 01:23 PM EDT,$0.20,86
20260729,MLB-WIN-IT5-01DRGBP5TNRS7JG-MIRS000,07/29/26 01:23 PM EDT,$0.51,10
20260729,MLB-TRUNS-I2-01DRGBT4TNRS6MO-GTE-P00005,07/29/26 01:23 PM EDT,$0.36,20
20260729,MLB-TRUNS-IT5-01DRGBT4TNRS7KG-GTE-P00025,07/29/26 01:23 PM EDT,$0.55,251
20260729,MLB-TRUNS-I2-01DRGBT4TNRS6MO-GTE-P00005,07/29/26 01:23 PM EDT,$0.36,79
20260729,MLB-TRUNS-IT5-01DRGBT4TNRS7KG-GTE-P00025,07/29/26 01:23 PM EDT,$0.56,31
20260729,MLB-MOVY-IT5-01DRGBT4TNRS6MO-DERS000-GTE-P00005,07/29/26 01:23 PM EDT,$0.51,40
20260729,MLB-TRUNS-I6-01DRGBPVTNRS63O-GTE-P00005,07/29/26 01:23 PM EDT,$0.41,24
20260729,MLB-TRUNS-I5-01DRGBT4TNRS7KG-GTE-P00005,07/29/26 01:23 PM EDT,$0.41,24
20260729,MLB-TRUNS-I2-01DRGBS5TNRS7RO-GTE-P00005,07/29/26 01:24 PM EDT,$0.43,22
20260729,MLB-TRUNS-IT5-01DRGBT4TNRS7KG-GTE-P00025,07/29/26 01:24 PM EDT,$0.49,41
20260729,MLB-WIN-IT5-01DRGBPHTNRS6TO-ATES000,07/29/26 01:24 PM EDT,$0.51,7
20260729,MLB-TRUNS-I2-01DRGBS5TNRS7RO-GTE-P00015,07/29/26 01:24 PM EDT,$0.23,20
20260729,MLB-TRUNS-I2-01DRGBS5TNRS7RO-GTE-P00005,07/29/26 01:24 PM EDT,$0.36,5
20260729,MLB-TRUNS-IT5-01DRGBPVTNRS63O-GTE-P00065,07/29/26 01:24 PM EDT,$0.25,18
20260729,MLB-TRUNS-IT5-01DRGBT4TNRS7KG-GTE-P00025,07/29/26 01:24 PM EDT,$0.49,96
20260729,MLB-WIN-IT5-01DRGBS5TNRS7RO-WALS000,07/29/26 01:24 PM EDT,$0.54,5
20260729,MLB-WIN-IT5-01DRGBPHTNRS6TO-ATES000,07/29/26 01:24 PM EDT,$0.52,5
20260729,MLB-WIN-IT5-01DRGBS5TNRS7RO-WALS000,07/29/26 01:24 PM EDT,$0.54,72
20260729,MLB-TRUNS-IT5-01DRH5DLTNRRJQO-GTE-P00045,07/29/26 01:25 PM EDT,$0.51,39
20260729,MLB-PHRR-FG-01DRGBPVTNRS63O-BRER000-GTE-P00025,07/29/26 01:25 PM EDT,$0.97,10
20260729,MLB-TRUNS-I5-01DRGBT4TNRS7KG-GTE-P00005,07/29/26 01:25 PM EDT,$0.40,35
20260729,MLB-TRUNS-IT5-01DRGBPVTNRS63O-GTE-P00065,07/29/26 01:25 PM EDT,$0.54,89
20260729,MLB-TRUNS-IT5-01DRGBPHTNRS6TO-GTE-P00035,07/29/26 01:25 PM EDT,$0.49,4
20260729,MLB-WIN-IT5-01DRGBT4TNRS7KG-ARKS000,07/29/26 01:25 PM EDT,$0.83,59
20260729,MLB-TRUNS-IT5-01DRGBT4TNRS7KG-GTE-P00035,07/29/26 01:25 PM EDT,$0.37,23
20260729,MLB-TRUNS-IT5-01DRGBPVTNRS63O-GTE-P00065,07/29/26 01:25 PM EDT,$0.59,82
20260729,MLB-MOVY-IT5-01DRGBT4TNRS7KG-ARKS000-GTE-P00015,07/29/26 01:25 PM EDT,$0.61,2
20260729,MLB-TRUNS-IT5-01DRGBT4TNRS6MO-GTE-P00025,07/29/26 01:26 PM EDT,$0.53,5
20260729,MLB-MOVY-IT5-01DRGBT4TNRS7KG-PIES000-GTE-P00005,07/29/26 01:26 PM EDT,$0.11,29
20260729,MLB-TRUNS-IT5-01DRGBT4TNRS6MO-GTE-P00025,07/29/26 01:26 PM EDT,$0.53,81
20260729,MLB-MOVY-IT5-01DRGBT4TNRS6MO-DERS000-GTE-P00005,07/29/26 01:26 PM EDT,$0.54,40
20260729,MLB-MOVY-IT5-01DRGBT4TNRS7KG-ARKS000-GTE-P00015,07/29/26 01:26 PM EDT,$0.55,4
20260729,MLB-TRUNS-IT5-01DRGBPVTNRS63O-GTE-P00065,07/29/26 01:26 PM EDT,$0.54,9
20260729,MLB-TRUNS-IT5-01DRGBT4TNRS7KG-GTE-P00025,07/29/26 01:26 PM EDT,$0.57,66
20260729,MLB-TRUNS-IT5-01DRGBS5TNRS7RO-GTE-P00035,07/29/26 01:26 PM EDT,$0.42,5
20260729,MLB-TRUNS-IT5-01DRGBPVTNRS63O-GTE-P00065,07/29/26 01:26 PM EDT,$0.60,350
20260729,MLB-TRUNS-IT5-01DRGBPVTNRS63O-GTE-P00065,07/29/26 01:26 PM EDT,$0.60,53
20260729,MLB-TRUNS-IT5-01DRGBPVTNRS63O-GTE-P00065,07/29/26 01:26 PM EDT,$0.60,214
20260729,MLB-TRUNS-IT5-01DRGBPHTNRS6TO-GTE-P00035,07/29/26 01:26 PM EDT,$0.45,350
20260729,MLB-TRUNS-I5-01DRGBPVTNRS63O-GTE-P00045,07/29/26 01:26 PM EDT,$0.29,50
20260729,MLB-TRUNS-IT5-01DRGBPVTNRS63O-GTE-P00065,07/29/26 01:26 PM EDT,$0.59,80
20260729,MLB-MOVY-IT5-01DRGBPVTNRS63O-PHES000-GTE-P00045,07/29/26 01:26 PM EDT,$0.62,83
20260729,MLB-TRUNS-IT5-01DRGBT4TNRS7KG-GTE-P00025,07/29/26 01:27 PM EDT,$0.57,5
20260729,MLB-TRUNS-I3-01DRGBS5TNRS7RO-GTE-P00015,07/29/26 01:27 PM EDT,$0.32,30
20260729,MLB-MOVY-IT5-01DRGBPVTNRS63O-PHES000-GTE-P00045,07/29/26 01:27 PM EDT,$0.61,24
20260729,MLB-MOVY-IT5-01DRGBT4TNRS6MO-DERS000-GTE-P00005,07/29/26 01:27 PM EDT,$0.56,51
20260729,MLB-PHRR-FG-01DRGBPVTNRS63O-BRER000-GTE-P00025,07/29/26 01:27 PM EDT,$0.97,11
20260729,MLB-TRUNS-IT5-01DRGBPVTNRS63O-GTE-P00065,07/29/26 01:27 PM EDT,$0.61,2
20260729,MLB-MOVY-IT5-01DRGBS5TNRS7RO-WALS000-GTE-P00005,07/29/26 01:27 PM EDT,$0.42,83
20260729,MLB-TRUNS-IT5-01DRGBPVTNRS63O-GTE-P00065,07/29/26 01:27 PM EDT,$0.68,350
20260729,MLB-TRUNS-I2-01DRGBPHTNRS6TO-GTE-P00005,07/29/26 01:27 PM EDT,$0.50,19
20260729,MLB-MOVY-IT5-01DRGBPVTNRS63O-PHES000-GTE-P00045,07/29/26 01:27 PM EDT,$0.58,113
20260729,MLB-TRUNS-IT5-01DRGBPVTNRS63O-GTE-P00065,07/29/26 01:28 PM EDT,$0.68,350
20260729,MLB-TRUNS-IT5-01DRGBPVTNRS63O-GTE-P00065,07/29/26 01:28 PM EDT,$0.97,53
20260729,MLB-MOVY-IT5-01DRGBPVTNRS63O-PHES000-GTE-P00025,07/29/26 01:28 PM EDT,$0.96,22
20260729,MLB-WIN-IT5-01DRGBPHTNRS6TO-NYTS000,07/29/26 01:28 PM EDT,$0.50,350
20260729,MLB-WIN-IT5-01DRGBPHTNRS6TO-NYTS000,07/29/26 01:28 PM EDT,$0.50,350
20260729,MLB-WIN-IT5-01DRGBPHTNRS6TO-NYTS000,07/29/26 01:28 PM EDT,$0.50,350
20260729,MLB-WIN-IT5-01DRGBT4TNRS7KG-PIES000,07/29/26 01:28 PM EDT,$0.28,6
20260729,MLB-TRUNS-IT5-01DRGBT4TNRS6MO-GTE-P00025,07/29/26 01:28 PM EDT,$0.41,11
20260729,MLB-TRUNS-I6-01DRGBPVTNRS63O-GTE-P00005,07/29/26 01:28 PM EDT,$0.38,85
20260729,MLB-MOVY-IT5-01DRGBT4TNRS6MO-DERS000-GTE-P00005,07/29/26 01:28 PM EDT,$0.61,28
20260729,MLB-PHRR-FG-01DRGBPHTNRS6TO-MAON003-GTE-P00015,07/29/26 01:29 PM EDT,$0.43,11
20260729,MLB-WIN-IT5-01DRGBT4TNRS7KG-ARKS000,07/29/26 01:29 PM EDT,$0.72,6
20260729,MLB-TRUNS-I9-01DRGBPVTNRS63O-GTE-P00005,07/29/26 01:29 PM EDT,$0.36,30
20260729,MLB-TRUNS-IT5-01DRGBT4TNRS7KG-GTE-P00025,07/29/26 01:29 PM EDT,$0.48,20
20260729,MLB-TRUNS-I3-01DRGBS5TNRS7RO-GTE-P00005,07/29/26 01:29 PM EDT,$0.49,37
20260729,MLB-MOVY-IT5-01DRGBPVTNRS63O-PHES000-GTE-P00045,07/29/26 01:29 PM EDT,$0.91,268
20260729,MLB-MOVY-IT5-01DRGBPVTNRS63O-PHES000-GTE-P00045,07/29/26 01:29 PM EDT,$0.90,54
20260729,MLB-TRUNS-IT5-01DRGBT4TNRS7KG-GTE-P00025,07/29/26 01:29 PM EDT,$0.48,42
20260729,MLB-TRUNS-IT5-01DRGBT4TNRS7KG-GTE-P00025,07/29/26 01:29 PM EDT,$0.40,5
20260729,MLB-WIN-IT5-01DRGBS5TNRS7RO-WALS000,07/29/26 01:30 PM EDT,$0.54,50
20260729,MLB-WIN-IT5-01DRGBT4TNRS7KG-PIES000,07/29/26 01:30 PM EDT,$0.05,8
20260729,MLB-TRUNS-I3-01DRGBPHTNRS6TO-GTE-P00005,07/29/26 01:30 PM EDT,$0.46,225
20260729,MLB-MOVY-IT5-01DRGBS5TNRS7RO-WALS000-GTE-P00005,07/29/26 01:30 PM EDT,$0.44,1500
20260729,MLB-PHRR-FG-01DRGBPVTNRS63O-HEEZ002-GTE-P00015,07/29/26 01:30 PM EDT,$0.29,350
20260729,MLB-TRUNS-IT5-01DRGBT4TNRS7KG-GTE-P00025,07/29/26 01:30 PM EDT,$0.40,9
20260729,MLB-TRUNS-IT5-01DRGBT4TNRS7KG-GTE-P00025,07/29/26 01:30 PM EDT,$0.48,500
20260729,MLB-WIN-IT5-01DRGBPHTNRS6TO-NYTS000,07/29/26 01:30 PM EDT,$0.60,80
20260729,MLB-TRUNS-I3-01DRGBT4TNRS6MO-GTE-P00005,07/29/26 01:31 PM EDT,$0.34,33
20260729,MLB-PHRR-FG-01DRGBPVTNRS63O-HEEZ002-GTE-P00035,07/29/26 01:31 PM EDT,$0.86,350
20260729,MLB-MOVY-IT5-01DRGBPHTNRS6TO-NYTS000-GTE-P00005,07/29/26 01:31 PM EDT,$0.52,46
20260729,MLB-TRUNS-IT5-01DRGBT4TNRS7KG-GTE-P00025,07/29/26 01:31 PM EDT,$0.40,22
20260729,MLB-MOVY-IT5-01DRGBPHTNRS6TO-NYTS000-GTE-P00005,07/29/26 01:31 PM EDT,$0.52,25
20260729,MLB-WIN-IT5-01DRGBT4TNRS7KG-ARKS000,07/29/26 01:31 PM EDT,$0.95,20
20260729,MLB-TRUNS-IT5-01DRGBPHTNRS6TO-GTE-P00035,07/29/26 01:31 PM EDT,$0.40,40
20260729,MLB-WIN-IT5-01DRGBPHTNRS6TO-ATES000,07/29/26 01:31 PM EDT,$0.41,10
20260729,MLB-MOVY-IT5-01DRGBT4TNRS7KG-PIES000-GTE-P00005,07/29/26 01:31 PM EDT,$0.09,90
20260729,MLB-WIN-IT5-01DRGBT4TNRS7KG-ARKS000,07/29/26 01:31 PM EDT,$0.95,5
20260729,MLB-TRUNS-IT5-01DRGBPHTNRS6TO-GTE-P00035,07/29/26 01:31 PM EDT,$0.40,646
20260729,MLB-MOVY-IT5-01DRGBT4TNRS6MO-DERS000-GTE-P00005,07/29/26 01:32 PM EDT,$0.53,44
20260729,MLB-MOVY-IT5-01DRGBT4TNRS6MO-DERS000-GTE-P00005,07/29/26 01:32 PM EDT,$0.54,8
20260729,MLB-MOVY-IT5-01DRGBT4TNRS6MO-DERS000-GTE-P00005,07/29/26 01:32 PM EDT,$0.50,19
20260729,MLB-MOVY-IT5-01DRGBPHTNRS6TO-NYTS000-GTE-P00005,07/29/26 01:32 PM EDT,$0.44,77
20260729,MLB-WIN-IT5-01DRGBS5TNRS7RO-TOYS000,07/29/26 01:32 PM EDT,$0.49,47
20260729,MLB-MOVY-IT5-01DRGBPHTNRS6TO-NYTS000-GTE-P00005,07/29/26 01:32 PM EDT,$0.44,16
20260729,MLB-MOVY-IT5-01DRGBT4TNRS6MO-DERS000-GTE-P00005,07/29/26 01:33 PM EDT,$0.50,19
20260729,MLB-MOVY-IT5-01DRGBT4TNRS6MO-DERS000-GTE-P00005,07/29/26 01:33 PM EDT,$0.51,34
20260729,MLB-WIN-IT5-01DRGBT4TNRS7KG-ARKS000,07/29/26 01:33 PM EDT,$0.87,25
20260729,MLB-MOVY-IT5-01DRGBT4TNRS6MO-DERS000-GTE-P00005,07/29/26 01:33 PM EDT,$0.51,11
20260729,MLB-TRUNS-I3-01DRGBT4TNRS6MO-GTE-P00005,07/29/26 01:33 PM EDT,$0.35,15
20260729,MLB-TRUNS-IT5-01DRGBT4TNRS7KG-GTE-P00025,07/29/26 01:33 PM EDT,$0.39,10
20260729,MLB-TRUNS-I3-01DRGBS5TNRS7RO-GTE-P00005,07/29/26 01:33 PM EDT,$0.51,79
20260729,MLB-TRUNS-I3-01DRGBS5TNRS7RO-GTE-P00005,07/29/26 01:33 PM EDT,$0.51,71
20260729,MLB-TRUNS-IT5-01DRH58PTNRRJ90-GTE-P00055,07/29/26 01:33 PM EDT,$0.52,40
20260729,MLB-WIN-IT5-01DRH5DLTNRRJQO-MINS000,07/29/26 01:33 PM EDT,$0.65,350
20260729,MLB-MOVY-IT5-01DRGBPVTNRS63O-PHES000-GTE-P00025,07/29/26 01:33 PM EDT,$0.97,1
20260729,MLB-TRUNS-IT5-01DRGBS5TNRS7RO-GTE-P00025,07/29/26 01:33 PM EDT,$0.54,10
20260729,MLB-WIN-IT5-01DRGBPHTNRS6TO-ATES000,07/29/26 01:33 PM EDT,$0.43,21
20260729,MLB-MOVY-IT5-01DRGBPHTNRS6TO-NYTS000-GTE-P00005,07/29/26 01:34 PM EDT,$0.52,9
20260729,MLB-MOVY-IT5-01DRH5ANTNRRIEO-HOOS000-GTE-P00005,07/29/26 01:34 PM EDT,$0.47,40
20260729,MLB-WIN-IT5-01DRGBT4TNRS6MO-DERS000,07/29/26 01:34 PM EDT,$0.65,175
20260729,MLB-TRUNS-I3-01DRGBS5TNRS7RO-GTE-P00005,07/29/26 01:34 PM EDT,$0.51,153
20260729,MLB-WIN-IT5-01DRGBT4TNRS6MO-DERS000,07/29/26 01:34 PM EDT,$0.65,36
20260729,MLB-WIN-IT5-01DRH5DLTNRRJQO-MINS000,07/29/26 01:34 PM EDT,$0.65,350
20260729,MLB-TRUNS-I2-01DRGBPHTNRS6TO-GTE-P00005,07/29/26 01:34 PM EDT,$0.44,102
20260729,MLB-TRUNS-I3-01DRGBS5TNRS7RO-GTE-P00005,07/29/26 01:34 PM EDT,$0.51,19
20260729,MLB-WIN-IT5-01DRGBPHTNRS6TO-NYTS000,07/29/26 01:34 PM EDT,$0.64,350
20260729,MLB-WIN-IT5-01DRGBPHTNRS6TO-NYTS000,07/29/26 01:34 PM EDT,$0.64,350
20260729,MLB-WIN-IT5-01DRGBT4TNRS6MO-BAES000,07/29/26 01:34 PM EDT,$0.38,250
20260729,MLB-TRUNS-IT5-01DRGBPVTNRS63O-GTE-P00065,07/29/26 01:34 PM EDT,$0.97,1
20260729,MLB-TRUNS-I5-01DRGBT4TNRS7KG-GTE-P00015,07/29/26 01:34 PM EDT,$0.12,334
20260729,MLB-WIN-IT5-01DRGBT4TNRS7KG-ARKS000,07/29/26 01:35 PM EDT,$0.87,32
20260729,MLB-PHRR-FG-01DRGBT4TNRS7KG-KETE002-GTE-P00005,07/29/26 01:35 PM EDT,$0.50,38
20260729,MLB-TRUNS-IT5-01DRGBPHTNRS6TO-GTE-P00035,07/29/26 01:35 PM EDT,$0.46,35
20260729,MLB-TRUNS-IT5-01DRGBS5TNRS7RO-GTE-P00025,07/29/26 01:35 PM EDT,$0.54,500
20260729,MLB-MOVY-IT5-01DRGBT4TNRS6MO-DERS000-GTE-P00005,07/29/26 01:35 PM EDT,$0.51,47
20260729,MLB-WIN-IT5-01DRGBS5TNRS7RO-TOYS000,07/29/26 01:35 PM EDT,$0.52,112
20260729,MLB-TRUNS-IT5-01DRGBT4TNRS7KG-GTE-P00025,07/29/26 01:35 PM EDT,$0.30,40
20260729,MLB-TRUNS-I3-01DRGBS5TNRS7RO-GTE-P00005,07/29/26 01:35 PM EDT,$0.51,10
20260729,MLB-TRUNS-IT5-01DRGBT4TNRS7KG-GTE-P00025,07/29/26 01:36 PM EDT,$0.30,15
20260729,MLB-MOVY-IT5-01DRGBT4TNRS7KG-ARKS000-GTE-P00025,07/29/26 01:36 PM EDT,$0.04,350
20260729,MLB-MOVY-IT5-01DRGBT4TNRS7KG-ARKS000-GTE-P00025,07/29/26 01:36 PM EDT,$0.07,350
20260729,MLB-WIN-IT5-01DRGBS5TNRS7RO-TOYS000,07/29/26 01:36 PM EDT,$0.56,2
20260729,MLB-TRUNS-IT5-01DRGBS5TNRS7RO-GTE-P00025,07/29/26 01:36 PM EDT,$0.54,33
20260729,MLB-WIN-IT5-01DRGBTTTNRS7KO-CIDS000,07/29/26 01:36 PM EDT,$0.48,14
20260729,MLB-TRUNS-IT5-01DRGBPHTNRS6TO-GTE-P00035,07/29/26 01:36 PM EDT,$0.43,42
20260729,MLB-TRUNS-I6-01DRGBPVTNRS63O-GTE-P00005,07/29/26 01:36 PM EDT,$0.49,27
20260729,MLB-TRUNS-IT5-01DRGBT4TNRS6MO-GTE-P00015,07/29/26 01:36 PM EDT,$0.51,35
20260729,MLB-TRUNS-I3-01DRGBS5TNRS7RO-GTE-P00005,07/29/26 01:36 PM EDT,$0.43,50
20260729,MLB-TRUNS-I2-01DRGBPHTNRS6TO-GTE-P00015,07/29/26 01:36 PM EDT,$0.11,54
20260729,MLB-TRUNS-IT5-01DRGBT4TNRS7KG-GTE-P00025,07/29/26 01:36 PM EDT,$0.22,375
20260729,MLB-WIN-IT5-01DRGBS5TNRS7RO-WALS000,07/29/26 01:36 PM EDT,$0.53,32
20260729,MLB-TRUNS-I3-01DRGBT4TNRS6MO-GTE-P00005,07/29/26 01:37 PM EDT,$0.40,10
20260729,MLB-TRUNS-IT5-01DRGBS5TNRS7RO-GTE-P00025,07/29/26 01:37 PM EDT,$0.46,10
20260729,MLB-TRUNS-IT5-01DRGBT4TNRS6MO-GTE-P00035,07/29/26 01:37 PM EDT,$0.27,86
20260729,MLB-WIN-IT5-01DRGBS5TNRS7RO-TOYS000,07/29/26 01:37 PM EDT,$0.42,350
20260729,MLB-WIN-IT5-01DRGBS5TNRS7RO-TOYS000,07/29/26 01:37 PM EDT,$0.42,350
20260729,MLB-WIN-IT5-01DRGBS5TNRS7RO-TOYS000,07/29/26 01:37 PM EDT,$0.42,350
20260729,MLB-WIN-IT5-01DRGBS5TNRS7RO-TOYS000,07/29/26 01:37 PM EDT,$0.42,350
20260729,MLB-WIN-IT5-01DRGBS5TNRS7RO-TOYS000,07/29/26 01:37 PM EDT,$0.42,350
20260729,MLB-TRUNS-IT5-01DRGBT4TNRS6MO-GTE-P00015,07/29/26 01:37 PM EDT,$0.49,47
20260729,MLB-TRUNS-IT5-01DRGBS5TNRS7RO-GTE-P00025,07/29/26 01:37 PM EDT,$0.46,53
20260729,MLB-TRUNS-I6-01DRGBPVTNRS63O-GTE-P00015,07/29/26 01:38 PM EDT,$0.12,38
20260729,MLB-TRUNS-IT5-01DRGBPHTNRS6TO-GTE-P00025,07/29/26 01:38 PM EDT,$0.52,1000
20260729,MLB-TRUNS-I5-01DRGBS5TNRS7RO-GTE-P00005,07/29/26 01:39 PM EDT,$0.55,350
20260729,MLB-WIN-IT5-01DRGBPHTNRS6TO-NYTS000,07/29/26 01:39 PM EDT,$0.52,80
20260729,MLB-TRUNS-IT5-01DRGBPHTNRS6TO-GTE-P00025,07/29/26 01:39 PM EDT,$0.52,400
20260729,MLB-TRUNS-IT5-01DRH5ELTNRRJRO-GTE-P00045,07/29/26 01:39 PM EDT,$0.45,151
20260729,MLB-MOVY-IT5-01DRGBPVTNRS63O-PHES000-GTE-P00025,07/29/26 01:39 PM EDT,$0.97,29
20260729,MLB-TRUNS-IT5-01DRGBPHTNRS6TO-GTE-P00025,07/29/26 01:39 PM EDT,$0.51,392
20260729,MLB-TRUNS-I3-01DRGBPHTNRS6TO-GTE-P00005,07/29/26 01:40 PM EDT,$0.56,9
20260729,MLB-TRUNS-IT5-01DRGBPHTNRS6TO-GTE-P00025,07/29/26 01:40 PM EDT,$0.48,231
20260729,MLB-TRUNS-I3-01DRGBS5TNRS7RO-GTE-P00005,07/29/26 01:40 PM EDT,$0.44,8
20260729,MLB-TRUNS-I6-01DRGBPVTNRS63O-GTE-P00005,07/29/26 01:40 PM EDT,$0.27,17
20260729,MLB-TRUNS-I3-01DRGBS5TNRS7RO-GTE-P00015,07/29/26 01:40 PM EDT,$0.17,30
20260729,MLB-TRUNS-IT5-01DRGBT4TNRS7KG-GTE-P00025,07/29/26 01:40 PM EDT,$0.08,31
20260729,MLB-MOVY-IT5-01DRGBS5TNRS7RO-TOYS000-GTE-P00015,07/29/26 01:40 PM EDT,$0.19,350
20260729,MLB-TRUNS-I5-01DRGBT4TNRS7KG-GTE-P00005,07/29/26 01:40 PM EDT,$0.08,29
20260729,MLB-WIN-IT5-01DRGBS5TNRS7RO-TOYS000,07/29/26 01:40 PM EDT,$0.40,4
20260729,MLB-PHRR-FG-01DRGBQLTNRS7H8-JURO000-GTE-P00015,07/29/26 01:41 PM EDT,$0.57,3
20260729,MLB-TRUNS-IT5-01DRGBT4TNRS6MO-GTE-P00015,07/29/26 01:41 PM EDT,$0.46,48
20260729,MLB-PHRR-FG-01DRGBPVTNRS63O-JAJA000-GTE-P00015,07/29/26 01:41 PM EDT,$0.28,83
20260729,NWSL-DWIN-FG-000A28SHI788EU0-RAEW001,07/29/26 01:41 PM EDT,$0.18,15
20260729,MLB-TRUNS-IT5-01DRGBS5TNRS7RO-GTE-P00025,07/29/26 01:41 PM EDT,$0.44,13
20260729,MLB-WIN-IT5-01DRGBT4TNRS6MO-DERS000,07/29/26 01:42 PM EDT,$0.71,36
20260729,MLB-TRUNS-I6-01DRGBPVTNRS63O-GTE-P00005,07/29/26 01:42 PM EDT,$0.35,27
20260729,MLB-TRUNS-I3-01DRGBPHTNRS6TO-GTE-P00005,07/29/26 01:42 PM EDT,$0.54,15
20260729,MLB-TRUNS-IT5-01DRGBT4TNRS6MO-GTE-P00015,07/29/26 01:42 PM EDT,$0.46,446
20260729,MLB-PHRR-FG-01DRGBPVTNRS63O-BRER000-GTE-P00035,07/29/26 01:42 PM EDT,$0.43,108
20260729,MLB-TRUNS-IT5-01DRGBS5TNRS7RO-GTE-P00025,07/29/26 01:42 PM EDT,$0.44,7
20260729,MLB-TRUNS-IT5-01DRGBT4TNRS7KG-GTE-P00025,07/29/26 01:42 PM EDT,$0.17,34
20260729,MLB-TRUNS-I3-01DRGBPHTNRS6TO-GTE-P00005,07/29/26 01:43 PM EDT,$0.44,43
20260729,MLB-MOVY-IT5-01DRGBT4TNRS6MO-DERS000-GTE-P00005,07/29/26 01:43 PM EDT,$0.54,48
20260729,MLB-TRUNS-IT5-01DRGBPHTNRS6TO-GTE-P00025,07/29/26 01:43 PM EDT,$0.46,44
20260729,MLB-TRUNS-I4-01DRGBS5TNRS7RO-GTE-P00005,07/29/26 01:43 PM EDT,$0.47,9
20260729,MLB-TRUNS-I3-01DRGBPHTNRS6TO-GTE-P00005,07/29/26 01:43 PM EDT,$0.44,25
20260729,MLB-TRUNS-I3-01DRGBT4TNRS6MO-GTE-P00005,07/29/26 01:43 PM EDT,$0.22,55
20260729,MLB-TRUNS-IT5-01DRGBP5TNRS7JG-GTE-P00045,07/29/26 01:43 PM EDT,$0.45,8
20260729,MLB-MOVY-IT5-01DRGBQVTNRS6FO-SDES000-GTE-P00005,07/29/26 01:43 PM EDT,$0.50,9
20260729,MLB-TRUNS-I3-01DRGBT4TNRS6MO-GTE-P00005,07/29/26 01:43 PM EDT,$0.48,10
20260729,MLB-PHRR-FG-01DRH59GTNRRIEG-PENG000-GTE-P00015,07/29/26 01:44 PM EDT,$0.57,3
20260729,MLB-TRUNS-I3-01DRGBT4TNRS6MO-GTE-P00005,07/29/26 01:44 PM EDT,$0.42,10
20260729,MLB-WIN-IT5-03VP8V0Q4PARC1O-NYTS000,07/29/26 01:44 PM EDT,$0.41,151
20260729,MLB-TRUNS-IT5-01DRGBPHTNRS6TO-GTE-P00065,07/29/26 01:44 PM EDT,$0.15,350
20260729,MLB-TRUNS-IT5-01DRGBT4TNRS6MO-GTE-P00015,07/29/26 01:44 PM EDT,$0.59,114
20260729,MLB-TRUNS-IT5-01DRGBPHTNRS6TO-GTE-P00065,07/29/26 01:44 PM EDT,$0.15,350
20260729,MLB-TRUNS-IT5-01DRGBPHTNRS6TO-GTE-P00055,07/29/26 01:44 PM EDT,$0.24,350
20260729,MLB-WIN-IT5-01DRGBPHTNRS6TO-ATES000,07/29/26 01:45 PM EDT,$0.67,24
20260729,MLB-WIN-IT5-01DRGBTTTNRS7KO-CIDS000,07/29/26 01:45 PM EDT,$0.48,2
20260729,MLB-TRUNS-I3-01DRGBS5TNRS7RO-GTE-P00005,07/29/26 01:45 PM EDT,$0.31,18
20260729,MLB-WIN-IT5-01DRGBPHTNRS6TO-ATES000,07/29/26 01:45 PM EDT,$0.66,350
20260729,MLB-WIN-IT5-01DRGBPHTNRS6TO-ATES000,07/29/26 01:45 PM EDT,$0.66,350
20260729,MLB-WIN-IT5-01DRGBS5TNRS7RO-TOYS000,07/29/26 01:45 PM EDT,$0.44,43
20260729,MLB-WIN-IT5-01DRGBPHTNRS6TO-ATES000,07/29/26 01:45 PM EDT,$0.66,350
20260729,MLB-WIN-IT5-01DRGBPHTNRS6TO-NYTS000,07/29/26 01:45 PM EDT,$0.33,350
20260729,MLB-WIN-IT5-01DRGBPHTNRS6TO-NYTS000,07/29/26 01:45 PM EDT,$0.33,350
20260729,MLB-WIN-IT5-01DRGBPHTNRS6TO-NYTS000,07/29/26 01:45 PM EDT,$0.33,350
20260729,MLB-WIN-IT5-01DRGBPHTNRS6TO-NYTS000,07/29/26 01:45 PM EDT,$0.33,331
20260729,MLB-WIN-IT5-01DRGBPHTNRS6TO-ATES000,07/29/26 01:45 PM EDT,$0.60,350
20260729,MLB-WIN-IT5-01DRGBPHTNRS6TO-ATES000,07/29/26 01:45 PM EDT,$0.60,350
20260729,MLB-WIN-IT5-01DRGBPHTNRS6TO-ATES000,07/29/26 01:45 PM EDT,$0.65,350
20260729,MLB-WIN-IT5-01DRGBPHTNRS6TO-ATES000,07/29/26 01:45 PM EDT,$0.65,350
20260729,MLB-WIN-IT5-01DRGBPHTNRS6TO-ATES000,07/29/26 01:45 PM EDT,$0.65,350
20260729,MLB-WIN-IT5-01DRGBPHTNRS6TO-ATES000,07/29/26 01:45 PM EDT,$0.65,350
20260729,MLB-MOVY-IT5-01DRGBPHTNRS6TO-NYTS000-GTE-P00005,07/29/26 01:46 PM EDT,$0.30,22
20260729,MLB-TRUNS-IT5-01DRGBS5TNRS7RO-GTE-P00025,07/29/26 01:46 PM EDT,$0.39,16
20260729,MLB-PHRR-FG-01DRH59GTNRRIEG-JOER005-GTE-P00015,07/29/26 01:46 PM EDT,$0.55,3
20260729,MLB-TRUNS-IT5-01DRGBQVTNRS6FO-GTE-P00045,07/29/26 01:46 PM EDT,$0.52,20
20260729,MLB-WIN-IT5-01DRH59GTNRRIEG-CHBS000,07/29/26 01:46 PM EDT,$0.51,3
20260729,MLB-TRUNS-IT5-01DRGBT4TNRS6MO-GTE-P00045,07/29/26 01:47 PM EDT,$0.44,17
20260729,MLB-MOVY-IT5-01DRGBS5TNRS7RO-WALS000-GTE-P00005,07/29/26 01:47 PM EDT,$0.33,28
20260729,MLB-TRUNS-I1-01DRGBP5TNRS7JG-GTE-P00005,07/29/26 01:47 PM EDT,$0.50,8
20260729,MLB-WIN-IT5-03VP8V0Q4PARC1O-NYTS000,07/29/26 01:47 PM EDT,$0.41,350
20260729,MLB-WIN-IT5-03VP8V0Q4PARC1O-NYTS000,07/29/26 01:47 PM EDT,$0.41,350
20260729,MLB-TRUNS-I3-01DRGBPHTNRS6TO-GTE-P00005,07/29/26 01:47 PM EDT,$0.27,15
20260729,MLB-TRUNS-IT5-01DRGBS5TNRS7RO-GTE-P00015,07/29/26 01:47 PM EDT,$0.53,10
20260729,MLB-TRUNS-I4-01DRGBPHTNRS6TO-GTE-P00005,07/29/26 01:47 PM EDT,$0.44,31
20260729,MLB-TRUNS-I3-01DRGBT4TNRS6MO-GTE-P00025,07/29/26 01:48 PM EDT,$0.62,39
20260729,MLB-TRUNS-IT5-01DRGBT4TNRS6MO-GTE-P00045,07/29/26 01:48 PM EDT,$0.42,6
20260729,MLB-TRUNS-I3-01DRGBPHTNRS6TO-GTE-P00005,07/29/26 01:48 PM EDT,$0.27,9
20260729,MLB-MOVY-IT5-01DRGBT4TNRS6MO-DERS000-GTE-P00035,07/29/26 01:48 PM EDT,$0.43,111
20260729,MLB-TRUNS-IT5-01DRGBS5TNRS7RO-GTE-P00015,07/29/26 01:48 PM EDT,$0.53,61
20260729,MLB-TRUNS-IT5-01DRGBS5TNRS7RO-GTE-P00015,07/29/26 01:48 PM EDT,$0.53,51
20260729,MLB-TRUNS-I7-01DRGBPVTNRS63O-GTE-P00005,07/29/26 01:48 PM EDT,$0.36,6
20260729,MLB-TRUNS-IT5-01DRGBS5TNRS7RO-GTE-P00015,07/29/26 01:49 PM EDT,$0.53,40
20260729,MLB-TRUNS-I4-01DRGBS5TNRS7RO-GTE-P00005,07/29/26 01:49 PM EDT,$0.58,10
20260729,MLB-TRUNS-I3-01DRGBT4TNRS6MO-GTE-P00025,07/29/26 01:49 PM EDT,$0.62,84
20260729,MLB-TRUNS-I4-01DRGBPHTNRS6TO-GTE-P00005,07/29/26 01:49 PM EDT,$0.52,16
20260729,MLB-TRUNS-I4-01DRGBS5TNRS7RO-GTE-P00005,07/29/26 01:49 PM EDT,$0.47,56
20260729,MLB-WIN-IT5-01DRGBQLTNRS7H8-TERS000,07/29/26 01:49 PM EDT,$0.46,2
20260729,MLB-WIN-IT5-01DRGBPHTNRS6TO-ATES000,07/29/26 01:49 PM EDT,$0.39,350
20260729,MLB-WIN-IT5-01DRGBPHTNRS6TO-ATES000,07/29/26 01:49 PM EDT,$0.39,350
20260729,MLB-TRUNS-I7-01DRGBPVTNRS63O-GTE-P00005,07/29/26 01:49 PM EDT,$0.51,20
20260729,MLB-WIN-IT5-03VP8V0Q4PARC1O-NYTS000,07/29/26 01:49 PM EDT,$0.41,350
20260729,MLB-TRUNS-IT5-01DRGBS5TNRS7RO-GTE-P00015,07/29/26 01:50 PM EDT,$0.50,9
20260729,MLB-WIN-IT5-03VP8V0Q4PARC1O-NYTS000,07/29/26 01:50 PM EDT,$0.41,350
20260729,MLB-WIN-IT5-01DRGBPHTNRS6TO-ATES000,07/29/26 01:50 PM EDT,$0.38,350
20260729,MLB-WIN-IT5-01DRGBPHTNRS6TO-NYTS000,07/29/26 01:50 PM EDT,$0.62,350
20260729,MLB-WIN-IT5-01DRGBPHTNRS6TO-NYTS000,07/29/26 01:50 PM EDT,$0.62,350
20260729,MLB-TRUNS-IT5-01DRGBT4TNRS6MO-GTE-P00045,07/29/26 01:50 PM EDT,$0.45,17
20260729,MLB-TRUNS-IT5-01DRGBT4TNRS6MO-GTE-P00045,07/29/26 01:50 PM EDT,$0.45,4
20260729,MLB-WIN-IT5-01DRGBPHTNRS6TO-NYTS000,07/29/26 01:50 PM EDT,$0.62,350
20260729,MLB-WIN-IT5-01DRGBPHTNRS6TO-NYTS000,07/29/26 01:50 PM EDT,$0.62,350
20260729,MLB-WIN-IT5-01DRGBPHTNRS6TO-NYTS000,07/29/26 01:50 PM EDT,$0.62,350
20260729,MLB-WIN-IT5-01DRGBPHTNRS6TO-ATES000,07/29/26 01:50 PM EDT,$0.38,350
20260729,MLB-WIN-IT5-01DRGBPHTNRS6TO-NYTS000,07/29/26 01:50 PM EDT,$0.62,350
20260729,MLB-WIN-IT5-01DRGBPHTNRS6TO-NYTS000,07/29/26 01:50 PM EDT,$0.62,350
20260729,MLB-WIN-IT5-01DRGBPHTNRS6TO-NYTS000,07/29/26 01:50 PM EDT,$0.62,350
20260729,MLB-WIN-IT5-01DRGBPHTNRS6TO-NYTS000,07/29/26 01:50 PM EDT,$0.62,350
20260729,MLB-WIN-IT5-01DRGBPHTNRS6TO-ATES000,07/29/26 01:50 PM EDT,$0.38,350
20260729,MLB-TRUNS-IT5-01DRGBPHTNRS6TO-GTE-P00025,07/29/26 01:50 PM EDT,$0.39,41
20260729,MLB-WIN-IT5-01DRGBS5TNRS7RO-TOYS000,07/29/26 01:50 PM EDT,$0.53,42
20260729,MLB-WIN-IT5-03VP8V0Q4PARC1O-NYTS000,07/29/26 01:50 PM EDT,$0.41,350
20260729,MLB-WIN-IT5-01DRGBS5TNRS7RO-WALS000,07/29/26 01:50 PM EDT,$0.48,350
20260729,MLB-WIN-IT5-01DRGBS5TNRS7RO-WALS000,07/29/26 01:50 PM EDT,$0.48,350
20260729,MLB-WIN-IT5-01DRGBS5TNRS7RO-TOYS000,07/29/26 01:50 PM EDT,$0.47,350
20260729,MLB-TRUNS-I7-01DRGBPVTNRS63O-GTE-P00005,07/29/26 01:51 PM EDT,$0.44,25
20260729,MLB-WIN-IT5-01DRGBS5TNRS7RO-TOYS000,07/29/26 01:51 PM EDT,$0.45,350
20260729,MLB-TRUNS-IT5-01DRGBT4TNRS6MO-GTE-P00045,07/29/26 01:51 PM EDT,$0.42,833
20260729,MLB-WIN-IT5-01DRGBT4TNRS6MO-DERS000,07/29/26 01:51 PM EDT,$0.94,36
20260729,MLB-MOVY-IT5-01DRGBT4TNRS6MO-DERS000-GTE-P00035,07/29/26 01:51 PM EDT,$0.46,8
20260729,MLB-TRUNS-I8-01DRGBT4TNRS7KG-GTE-P00005,07/29/26 01:51 PM EDT,$0.41,29
20260729,MLB-TRUNS-IT5-01DRGBS5TNRS7RO-GTE-P00015,07/29/26 01:51 PM EDT,$0.47,456
20260729,MLB-TRUNS-IT5-01DRGBS5TNRS7RO-GTE-P00055,07/29/26 01:51 PM EDT,$0.02,21
20260729,MLB-TRUNS-IT5-01DRGBS5TNRS7RO-GTE-P00015,07/29/26 01:51 PM EDT,$0.42,42
20260729,MLB-TRUNS-IT5-01DRGBS5TNRS7RO-GTE-P00015,07/29/26 01:52 PM EDT,$0.42,11
20260729,MLB-TRUNS-IT5-01DRGBT4TNRS6MO-GTE-P00045,07/29/26 01:52 PM EDT,$0.44,10
20260729,MLB-WIN-IT5-03VP8V0Q4PARC1O-NYTS000,07/29/26 01:52 PM EDT,$0.41,350
20260729,MLB-TRUNS-I3-01DRGBPHTNRS6TO-GTE-P00005,07/29/26 01:52 PM EDT,$0.13,280
20260729,MLB-TRUNS-I5-01DRGBS5TNRS7RO-GTE-P00005,07/29/26 01:52 PM EDT,$0.47,5
20260729,MLB-TRUNS-I7-01DRGBPVTNRS63O-GTE-P00015,07/29/26 01:52 PM EDT,$0.13,241
20260729,MLB-WIN-IT5-01DRGBS5TNRS7RO-WALS000,07/29/26 01:52 PM EDT,$0.61,20
20260729,MLB-MOVY-IT5-01DRGBS5TNRS7RO-WALS000-GTE-P00005,07/29/26 01:52 PM EDT,$0.39,83
20260729,MLB-TRUNS-I7-01DRGBPVTNRS63O-GTE-P00015,07/29/26 01:52 PM EDT,$0.05,44
20260729,MLB-TRUNS-IT5-01DRGBS5TNRS7RO-GTE-P00015,07/29/26 01:53 PM EDT,$0.42,451
20260729,MLB-TRUNS-IT5-01DRGBS5TNRS7RO-GTE-P00015,07/29/26 01:53 PM EDT,$0.42,8
20260729,MLB-TRUNS-IT5-01DRGBS5TNRS7RO-GTE-P00015,07/29/26 01:53 PM EDT,$0.42,16
20260729,MLB-WIN-IT5-01DRH59GTNRRIEG-STLS000,07/29/26 01:53 PM EDT,$0.51,47
20260729,MLB-PHRR-FG-01DRGBT4TNRS7KG-KETE002-GTE-P00005,07/29/26 01:53 PM EDT,$0.53,350
20260729,MLB-TRUNS-IT5-01DRGBT4TNRS6MO-GTE-P00045,07/29/26 01:53 PM EDT,$0.36,3
20260729,MLB-MOVY-IT5-01DRH5ANTNRRIEO-HOOS000-GTE-P00005,07/29/26 01:53 PM EDT,$0.47,20
20260729,MLB-TRUNS-IT5-01DRGBT4TNRS6MO-GTE-P00045,07/29/26 01:53 PM EDT,$0.39,8
20260729,MLB-TRUNS-I5-01DRGBS5TNRS7RO-GTE-P00005,07/29/26 01:53 PM EDT,$0.48,37
20260729,MLB-TRUNS-I1-01DRGBP5TNRS7JG-GTE-P00035,07/29/26 01:54 PM EDT,$0.10,454
20260729,MLB-WIN-IT5-01DRGBPHTNRS6TO-ATES000,07/29/26 01:54 PM EDT,$0.35,128
20260729,MLB-TRUNS-IT5-01DRGBT4TNRS6MO-GTE-P00045,07/29/26 01:54 PM EDT,$0.39,8
20260729,MLB-TRUNS-IT5-01DRGBS5TNRS7RO-GTE-P00035,07/29/26 01:54 PM EDT,$0.31,17
20260729,MLB-TRUNS-IT5-01DRGBS5TNRS7RO-GTE-P00025,07/29/26 01:54 PM EDT,$0.37,23
20260729,MLB-MOVY-IT5-01DRGBPHTNRS6TO-NYTS000-GTE-P00005,07/29/26 01:54 PM EDT,$0.47,45
20260729,MLB-TRUNS-I7-01DRGBPVTNRS63O-GTE-P00005,07/29/26 01:55 PM EDT,$0.26,68
20260729,MLB-WIN-IT5-01DRGBQVTNRS6FO-COES000,07/29/26 01:55 PM EDT,$0.45,31
20260729,MLB-WIN-IT5-01DRGBQVTNRS6FO-SDES000,07/29/26 01:55 PM EDT,$0.56,10
20260729,MLB-TRUNS-IT5-01DRGBT4TNRS6MO-GTE-P00045,07/29/26 01:55 PM EDT,$0.39,115
20260729,MLB-TRUNS-IT5-01DRH5DLTNRRJQO-GTE-P00045,07/29/26 01:55 PM EDT,$0.51,68
20260729,MLB-WIN-IT5-01DRGBPHTNRS6TO-ATES000,07/29/26 01:55 PM EDT,$0.40,11
20260729,MLB-PHRR-FG-01DRGBT4TNRS6MO-KELE000-GTE-P00045,07/29/26 01:55 PM EDT,$0.09,40
20260729,MLB-WIN-IT5-01DRGBS5TNRS7RO-TOYS000,07/29/26 01:55 PM EDT,$0.52,350
20260729,MLB-WIN-IT5-01DRGBS5TNRS7RO-TOYS000,07/29/26 01:55 PM EDT,$0.52,350
20260729,MLB-WIN-IT5-01DRGBS5TNRS7RO-TOYS000,07/29/26 01:55 PM EDT,$0.52,350
20260729,MLB-WIN-IT5-01DRGBS5TNRS7RO-TOYS000,07/29/26 01:55 PM EDT,$0.52,350
20260729,MLB-WIN-IT5-01DRGBS5TNRS7RO-TOYS000,07/29/26 01:55 PM EDT,$0.52,350
20260729,MLB-WIN-IT5-01DRGBS5TNRS7RO-TOYS000,07/29/26 01:55 PM EDT,$0.52,350
20260729,MLB-WIN-IT5-01DRGBS5TNRS7RO-TOYS000,07/29/26 01:55 PM EDT,$0.51,350
20260729,MLB-TRUNS-I3-01DRGBPHTNRS6TO-GTE-P00005,07/29/26 01:56 PM EDT,$0.23,37
20260729,MLB-TRUNS-I4-01DRGBT4TNRS6MO-GTE-P00005,07/29/26 01:56 PM EDT,$0.41,10
20260729,MLB-TRUNS-I4-01DRGBPHTNRS6TO-GTE-P00005,07/29/26 01:56 PM EDT,$0.44,10
20260729,MLB-WIN-IT5-01DRGBS5TNRS7RO-WALS000,07/29/26 01:57 PM EDT,$0.61,350
20260729,MLB-WIN-IT5-01DRGBS5TNRS7RO-WALS000,07/29/26 01:57 PM EDT,$0.62,350
20260729,MLB-WIN-IT5-01DRGBS5TNRS7RO-WALS000,07/29/26 01:57 PM EDT,$0.62,350
20260729,MLB-WIN-IT5-01DRGBS5TNRS7RO-WALS000,07/29/26 01:57 PM EDT,$0.62,350
20260729,MLB-WIN-IT5-01DRGBS5TNRS7RO-WALS000,07/29/26 01:57 PM EDT,$0.62,350
20260729,MLB-WIN-IT5-01DRGBS5TNRS7RO-WALS000,07/29/26 01:57 PM EDT,$0.62,350
20260729,MLB-WIN-IT5-01DRGBPHTNRS6TO-ATES000,07/29/26 01:57 PM EDT,$0.50,10
20260729,MLB-WIN-IT5-01DRGBS5TNRS7RO-WALS000,07/29/26 01:58 PM EDT,$0.62,350
20260729,MLB-PHRR-FG-01DRGBT4TNRS7KG-COLL001-GTE-P00015,07/29/26 01:58 PM EDT,$0.97,8
20260729,MLB-TRUNS-IT5-01DRGBPHTNRS6TO-GTE-P00015,07/29/26 01:59 PM EDT,$0.50,15
20260729,MLB-TRUNS-IT5-01DRGBPHTNRS6TO-GTE-P00015,07/29/26 02:00 PM EDT,$0.41,15
20260729,MLB-MOVY-IT5-01DRGBQVTNRS6FO-SDES000-GTE-P00005,07/29/26 02:00 PM EDT,$0.48,21
20260729,MLB-TRUNS-IT5-01DRGBPHTNRS6TO-GTE-P00035,07/29/26 02:00 PM EDT,$0.10,4
20260729,MLB-TRUNS-IT5-01DRGBT4TNRS6MO-GTE-P00045,07/29/26 02:00 PM EDT,$0.38,15
20260729,MLB-TRUNS-IT5-01DRGBPHTNRS6TO-GTE-P00015,07/29/26 02:00 PM EDT,$0.41,4
20260729,MLB-TRUNS-IT5-01DRGBPHTNRS6TO-GTE-P00015,07/29/26 02:00 PM EDT,$0.41,159
20260729,MLB-TRUNS-I4-01DRGBS5TNRS7RO-GTE-P00005,07/29/26 02:00 PM EDT,$0.41,9
20260729,MLB-WIN-IT5-01DRGBPHTNRS6TO-ATES000,07/29/26 02:00 PM EDT,$0.42,9
20260729,MLB-MOVY-IT5-01DRGBS5TNRS7RO-WALS000-GTE-P00005,07/29/26 02:01 PM EDT,$0.51,10
20260729,MLB-TRUNS-IT5-01DRGBPHTNRS6TO-GTE-P00015,07/29/26 02:01 PM EDT,$0.46,10
20260729,MLB-MOVY-IT5-01DRGBS5TNRS7RO-WALS000-GTE-P00005,07/29/26 02:01 PM EDT,$0.51,10
20260729,MLB-PHRR-FG-01DRGBPVTNRS63O-OTEZ000-GTE-P00025,07/29/26 02:01 PM EDT,$0.40,238
20260729,MLB-TRUNS-I5-01DRGBS5TNRS7RO-GTE-P00005,07/29/26 02:01 PM EDT,$0.49,222
20260729,MLB-TRUNS-IT5-01DRGBS5TNRS7RO-GTE-P00015,07/29/26 02:01 PM EDT,$0.52,16
20260729,MLB-PHRR-FG-01DRGBPVTNRS63O-OTEZ000-GTE-P00025,07/29/26 02:01 PM EDT,$0.40,112
20260729,MLB-MOVY-IT5-01DRGBPHTNRS6TO-NYTS000-GTE-P00005,07/29/26 02:01 PM EDT,$0.45,25
20260729,MLB-WIN-IT5-01DRGBPHTNRS6TO-ATES000,07/29/26 02:02 PM EDT,$0.33,24
20260729,MLB-TRUNS-I7-01DRGBPVTNRS63O-GTE-P00015,07/29/26 02:02 PM EDT,$0.31,6
20260729,MLB-TRUNS-IT5-01DRGBS5TNRS7RO-GTE-P00015,07/29/26 02:02 PM EDT,$0.41,40
20260729,MLB-PHRR-FG-01DRH5ANTNRRIEO-MIUT000-GTE-P00015,07/29/26 02:02 PM EDT,$0.54,29
20260729,MLB-TRUNS-I7-01DRGBPVTNRS63O-GTE-P00005,07/29/26 02:02 PM EDT,$0.63,385
20260729,MLB-TRUNS-I4-01DRGBPHTNRS6TO-GTE-P00005,07/29/26 02:02 PM EDT,$0.24,16
20260729,MLB-TRUNS-IT5-01DRGBT4TNRS6MO-GTE-P00055,07/29/26 02:02 PM EDT,$0.24,350
20260729,MLB-MOVY-IT5-01DRGBPHTNRS6TO-NYTS000-GTE-P00005,07/29/26 02:02 PM EDT,$0.37,46
20260729,MLB-MOVY-IT5-03VP8V0Q4PARC1O-ATES000-GTE-P00005,07/29/26 02:02 PM EDT,$0.54,133
20260729,MLB-WIN-IT5-01DRGBP5TNRS7JG-SFTS000,07/29/26 02:02 PM EDT,$0.54,53
20260729,MLB-TRUNS-IT5-01DRGBS5TNRS7RO-GTE-P00015,07/29/26 02:02 PM EDT,$0.38,39
20260729,MLB-WIN-IT5-01DRH5ANTNRRIEO-HOOS000,07/29/26 02:02 PM EDT,$0.56,9
20260729,MLB-TRUNS-I7-01DRGBPVTNRS63O-GTE-P00005,07/29/26 02:02 PM EDT,$0.69,70
20260729,MLB-MOVY-IT5-01DRGBS5TNRS7RO-WALS000-GTE-P00005,07/29/26 02:02 PM EDT,$0.37,5
20260729,MLB-TRUNS-IT5-01DRGBS5TNRS7RO-GTE-P00015,07/29/26 02:03 PM EDT,$0.37,33
20260729,MLB-TRUNS-I4-01DRGBPHTNRS6TO-GTE-P00005,07/29/26 02:03 PM EDT,$0.24,39
20260729,MLB-MOVY-IT5-01DRH5ELTNRRJRO-NYES000-GTE-P00005,07/29/26 02:03 PM EDT,$0.50,107
20260729,MLB-MOVY-IT5-01DRH5ELTNRRJRO-NYES000-GTE-P00005,07/29/26 02:03 PM EDT,$0.50,46
20260729,MLB-TRUNS-IT5-01DRGBT4TNRS6MO-GTE-P00035,07/29/26 02:03 PM EDT,$0.44,67
20260729,MLB-TRUNS-IT5-01DRGBPHTNRS6TO-GTE-P00015,07/29/26 02:03 PM EDT,$0.36,75
20260729,MLB-TRUNS-I4-01DRGBS5TNRS7RO-GTE-P00005,07/29/26 02:03 PM EDT,$0.27,34
20260729,MLB-PHRR-FG-01DRGBT4TNRS7KG-GEMO000-GTE-P00025,07/29/26 02:03 PM EDT,$0.10,50
20260729,MLB-TRUNS-IT5-01DRGBP5TNRS7JG-GTE-P00045,07/29/26 02:03 PM EDT,$0.47,102
20260729,MLB-TRUNS-IT5-01DRGBS5TNRS7RO-GTE-P00015,07/29/26 02:03 PM EDT,$0.35,19
20260729,MLB-PHRR-FG-01DRH5ANTNRRIEO-JENA000-GTE-P00015,07/29/26 02:03 PM EDT,$0.63,30
20260729,MLB-TRUNS-IT5-01DRGBPHTNRS6TO-GTE-P00015,07/29/26 02:03 PM EDT,$0.36,7
20260729,MLB-TRUNS-I7-01DRGBPVTNRS63O-GTE-P00015,07/29/26 02:03 PM EDT,$0.45,23
20260729,MLB-PHRR-FG-01DRGBT4TNRS7KG-ILAS000-GTE-P00015,07/29/26 02:04 PM EDT,$0.24,19
20260729,MLB-WIN-IT5-01DRGBQLTNRS7H8-TBYS000,07/29/26 02:04 PM EDT,$0.56,17
20260729,MLB-TRUNS-IT5-01DRGBT4TNRS6MO-GTE-P00035,07/29/26 02:04 PM EDT,$0.41,7
20260729,MLB-MOVY-IT5-01DRGBPHTNRS6TO-NYTS000-GTE-P00005,07/29/26 02:04 PM EDT,$0.49,18
20260729,MLB-TRUNS-I7-01DRGBPVTNRS63O-GTE-P00015,07/29/26 02:04 PM EDT,$0.45,148
20260729,MLB-TRUNS-I4-01DRGBPHTNRS6TO-GTE-P00005,07/29/26 02:04 PM EDT,$0.44,36
20260729,MLB-WIN-IT5-01DRGBPHTNRS6TO-NYTS000,07/29/26 02:04 PM EDT,$0.74,350
20260729,MLB-WIN-IT5-01DRGBPHTNRS6TO-ATES000,07/29/26 02:04 PM EDT,$0.25,350
20260729,MLB-WIN-IT5-01DRGBS5TNRS7RO-TOYS000,07/29/26 02:04 PM EDT,$0.39,350
20260729,MLB-WIN-IT5-01DRGBPHTNRS6TO-NYTS000,07/29/26 02:04 PM EDT,$0.74,350
20260729,MLB-WIN-IT5-01DRGBS5TNRS7RO-WALS000,07/29/26 02:05 PM EDT,$0.59,350
20260729,MLB-PHRR-FG-01DRH5CMTNRRJNO-ANES000-GTE-P00015,07/29/26 02:05 PM EDT,$0.57,26
20260729,MLB-WIN-IT5-01DRGBS5TNRS7RO-WALS000,07/29/26 02:05 PM EDT,$0.59,350
20260729,MLB-WIN-IT5-01DRGBS5TNRS7RO-WALS000,07/29/26 02:05 PM EDT,$0.59,350
20260729,MLB-WIN-IT5-01DRGBS5TNRS7RO-WALS000,07/29/26 02:05 PM EDT,$0.59,350
20260729,MLB-WIN-IT5-01DRGBS5TNRS7RO-WALS000,07/29/26 02:05 PM EDT,$0.59,100
20260729,MLB-PHRR-FG-01DRGBS5TNRS7RO-CJMS000-GTE-P00005,07/29/26 02:05 PM EDT,$0.62,350
20260729,MLB-WIN-IT5-01DRGBPHTNRS6TO-ATES000,07/29/26 02:05 PM EDT,$0.31,30
20260729,MLB-WIN-IT5-01DRGBS5TNRS7RO-TOYS000,07/29/26 02:05 PM EDT,$0.13,350
20260729,MLB-WIN-IT5-01DRGBS5TNRS7RO-TOYS000,07/29/26 02:05 PM EDT,$0.13,350
20260729,MLB-WIN-IT5-01DRGBS5TNRS7RO-TOYS000,07/29/26 02:05 PM EDT,$0.11,350
20260729,MLB-TRUNS-I5-01DRGBT4TNRS6MO-GTE-P00005,07/29/26 02:05 PM EDT,$0.34,21
20260729,MLB-TRUNS-IT5-01DRGBS5TNRS7RO-GTE-P00025,07/29/26 02:05 PM EDT,$0.42,53
20260729,MLB-TRUNS-IT5-01DRGBS5TNRS7RO-GTE-P00015,07/29/26 02:06 PM EDT,$0.67,16
20260729,MLB-WIN-IT5-01DRGBS5TNRS7RO-WALS000,07/29/26 02:06 PM EDT,$0.87,57
20260729,MLB-TRUNS-I4-01DRGBPHTNRS6TO-GTE-P00005,07/29/26 02:06 PM EDT,$0.32,36
20260729,MLB-TRUNS-I4-01DRGBS5TNRS7RO-GTE-P00015,07/29/26 02:06 PM EDT,$0.21,21
20260729,MLB-TRUNS-I5-01DRGBS5TNRS7RO-GTE-P00005,07/29/26 02:06 PM EDT,$0.49,26
20260729,MLB-WIN-IT5-01DRGBS5TNRS7RO-TOYS000,07/29/26 02:07 PM EDT,$0.08,4
20260729,MLB-TRUNS-I8-01DRGBPVTNRS63O-GTE-P00005,07/29/26 02:07 PM EDT,$0.36,3
20260729,MLB-PHRR-FG-01DRH5ELTNRRJRO-JAEZ003-GTE-P00015,07/29/26 02:07 PM EDT,$0.52,18
20260729,MLB-TRUNS-IT5-01DRGBT4TNRS6MO-GTE-P00035,07/29/26 02:07 PM EDT,$0.29,42
20260729,MLB-TRUNS-IT5-01DRGBS5TNRS7RO-GTE-P00015,07/29/26 02:07 PM EDT,$0.57,22
20260729,MLB-MOVY-IT5-01DRGBS5TNRS7RO-WALS000-GTE-P00015,07/29/26 02:08 PM EDT,$0.29,350
20260729,MLB-TRUNS-IT5-01DRGBS5TNRS7RO-GTE-P00015,07/29/26 02:08 PM EDT,$0.50,57
20260729,MLB-WIN-IT5-01DRGBS5TNRS7RO-WALS000,07/29/26 02:08 PM EDT,$0.85,81
20260729,MLB-TRUNS-I8-01DRGBT4TNRS7KG-GTE-P00005,07/29/26 02:08 PM EDT,$0.48,6
20260729,MLB-TRUNS-I6-01DRGBPHTNRS6TO-GTE-P00005,07/29/26 02:09 PM EDT,$0.47,45
20260729,MLB-TRUNS-IT5-01DRGBS5TNRS7RO-GTE-P00015,07/29/26 02:09 PM EDT,$0.50,126
20260729,MLB-TRUNS-IT5-01DRGBP5TNRS7JG-GTE-P00045,07/29/26 02:09 PM EDT,$0.45,8
20260729,MLB-MOVY-IT5-01DRGBP5TNRS7JG-SFTS000-GTE-P00005,07/29/26 02:09 PM EDT,$0.45,10
20260729,MLB-TRUNS-IT5-01DRGBS5TNRS7RO-GTE-P00015,07/29/26 02:09 PM EDT,$0.50,96
20260729,MLB-TRUNS-IT5-01DRGBS5TNRS7RO-GTE-P00015,07/29/26 02:10 PM EDT,$0.50,200
20260729,MLB-MOVY-IT5-01DRGBQVTNRS6FO-SDES000-GTE-P00005,07/29/26 02:10 PM EDT,$0.48,342
20260729,MLB-TRUNS-IT5-01DRGBP5TNRS7JG-GTE-P00045,07/29/26 02:10 PM EDT,$0.45,8
20260729,MLB-TRUNS-I5-01DRGBS5TNRS7RO-GTE-P00005,07/29/26 02:10 PM EDT,$0.43,84
20260729,MLB-TRUNS-IT5-01DRGBS5TNRS7RO-GTE-P00015,07/29/26 02:10 PM EDT,$0.43,50
20260729,MLB-TRUNS-IT5-01DRGBS5TNRS7RO-GTE-P00015,07/29/26 02:11 PM EDT,$0.51,101
20260729,MLB-TRUNS-IT5-01DRGBS5TNRS7RO-GTE-P00015,07/29/26 02:11 PM EDT,$0.44,8
20260729,MLB-WIN-IT5-01DRGBPHTNRS6TO-ATES000,07/29/26 02:11 PM EDT,$0.52,139
20260729,MLB-TRUNS-I5-01DRGBPHTNRS6TO-GTE-P00005,07/29/26 02:11 PM EDT,$0.44,20
20260729,MLB-TRUNS-IT5-01DRGBT4TNRS6MO-GTE-P00035,07/29/26 02:11 PM EDT,$0.31,6
20260729,MLB-TRUNS-IT5-01DRGBPHTNRS6TO-GTE-P00015,07/29/26 02:11 PM EDT,$0.31,290
20260729,MLB-MOVY-IT5-01DRGBQVTNRS6FO-SDES000-GTE-P00005,07/29/26 02:12 PM EDT,$0.50,19
20260729,MLB-TRUNS-I6-01DRGBS5TNRS7RO-GTE-P00005,07/29/26 02:12 PM EDT,$0.46,91
20260729,MLB-TRUNS-I6-01DRGBT4TNRS6MO-GTE-P00005,07/29/26 02:12 PM EDT,$0.31,23
20260729,MLB-TRUNS-IT5-01DRGBT4TNRS6MO-GTE-P00035,07/29/26 02:12 PM EDT,$0.31,757
20260729,MLB-TRUNS-I8-01DRGBPVTNRS63O-GTE-P00005,07/29/26 02:13 PM EDT,$0.43,1
20260729,MLB-WIN-IT5-01DRH5ELTNRRJRO-NYES000,07/29/26 02:13 PM EDT,$0.60,8
20260729,MLB-TRUNS-IT5-01DRGBS5TNRS7RO-GTE-P00015,07/29/26 02:13 PM EDT,$0.58,83
20260729,MLB-TRUNS-IT5-03VP8V0Q4PARC1O-GTE-P00035,07/29/26 02:13 PM EDT,$0.51,9
20260729,MLB-PHRR-FG-01DRGBT4TNRS6MO-MANG000-GTE-P00025,07/29/26 02:13 PM EDT,$0.38,50
20260729,MLB-WIN-IT5-01DRGBS5TNRS7RO-WALS000,07/29/26 02:13 PM EDT,$0.84,350
20260729,MLB-WIN-IT5-01DRGBS5TNRS7RO-WALS000,07/29/26 02:13 PM EDT,$0.84,350
20260729,MLB-WIN-IT5-01DRGBS5TNRS7RO-WALS000,07/29/26 02:13 PM EDT,$0.84,350
20260729,MLB-WIN-IT5-01DRGBS5TNRS7RO-WALS000,07/29/26 02:13 PM EDT,$0.84,350
20260729,MLB-WIN-IT5-01DRH5DLTNRRJQO-MINS000,07/29/26 02:13 PM EDT,$0.66,7
20260729,MLB-TRUNS-I5-01DRGBT4TNRS6MO-GTE-P00005,07/29/26 02:14 PM EDT,$0.80,60
20260729,MLB-TRUNS-I5-01DRGBT4TNRS6MO-GTE-P00005,07/29/26 02:14 PM EDT,$0.80,305
20260729,MLB-TRUNS-I5-01DRGBT4TNRS6MO-GTE-P00005,07/29/26 02:14 PM EDT,$0.80,61
20260729,MLB-TRUNS-IT5-01DRGBT4TNRS6MO-GTE-P00035,07/29/26 02:14 PM EDT,$0.80,114
20260729,MLB-TRUNS-IT5-01DRGBT4TNRS6MO-GTE-P00045,07/29/26 02:14 PM EDT,$0.32,14
20260729,MLB-TRUNS-IT5-01DRGBS5TNRS7RO-GTE-P00015,07/29/26 02:15 PM EDT,$0.38,83
20260729,MLB-WIN-IT5-01DRGBS5TNRS7RO-WALS000,07/29/26 02:15 PM EDT,$0.94,903
20260729,MLB-TRUNS-IT5-01DRGBT4TNRS6MO-GTE-P00045,07/29/26 02:15 PM EDT,$0.32,294
20260729,MLB-TRUNS-IT5-01DRGBT4TNRS6MO-GTE-P00045,07/29/26 02:15 PM EDT,$0.32,88
20260729,MLB-TRUNS-I5-01DRGBPHTNRS6TO-GTE-P00005,07/29/26 02:15 PM EDT,$0.39,12
20260729,MLB-PHRR-FG-01DRH5CMTNRRJNO-SHNI001-GTE-P00025,07/29/26 02:15 PM EDT,$0.47,20
20260729,MLB-WIN-IT5-03VP8V0Q4PARC1O-ATES000,07/29/26 02:16 PM EDT,$0.61,31
20260729,MLB-TRUNS-IT5-01DRGBS5TNRS7RO-GTE-P00015,07/29/26 02:16 PM EDT,$0.45,21
20260729,MLB-TRUNS-I5-01DRGBT4TNRS6MO-GTE-P00015,07/29/26 02:16 PM EDT,$0.48,10
20260729,MLB-TRUNS-I5-01DRGBT4TNRS6MO-GTE-P00015,07/29/26 02:16 PM EDT,$0.47,20
20260729,MLB-TRUNS-IT5-01DRGBT4TNRS6MO-GTE-P00045,07/29/26 02:16 PM EDT,$0.47,6
20260729,MLB-TRUNS-IT5-01DRGBT4TNRS6MO-GTE-P00045,07/29/26 02:16 PM EDT,$0.47,120
20260729,MLB-TRUNS-IT5-01DRGBT4TNRS6MO-GTE-P00055,07/29/26 02:17 PM EDT,$0.59,24
20260729,MLB-PHRR-FG-01DRGBT4TNRS6MO-GLES000-GTE-P00005,07/29/26 02:17 PM EDT,$0.72,50
20260729,MLB-TRUNS-I8-01DRGBPVTNRS63O-GTE-P00005,07/29/26 02:17 PM EDT,$0.42,11
20260729,MLB-TRUNS-IT5-01DRGBT4TNRS6MO-GTE-P00055,07/29/26 02:17 PM EDT,$0.59,24
20260729,MLB-TRUNS-I5-01DRGBT4TNRS6MO-GTE-P00035,07/29/26 02:17 PM EDT,$0.30,31
20260729,MLB-TRUNS-IT5-01DRGBT4TNRS6MO-GTE-P00055,07/29/26 02:17 PM EDT,$0.59,75
20260729,MLB-MOVY-IT5-01DRGBS5TNRS7RO-WALS000-GTE-P00015,07/29/26 02:17 PM EDT,$0.24,98
20260729,MLB-TRUNS-IT5-01DRGBP5TNRS7JG-GTE-P00045,07/29/26 02:17 PM EDT,$0.47,122
20260729,MLB-TRUNS-IT5-01DRGBT4TNRS6MO-GTE-P00055,07/29/26 02:17 PM EDT,$0.59,44
20260729,MLB-TRUNS-IT5-01DRGBT4TNRS6MO-GTE-P00055,07/29/26 02:17 PM EDT,$0.55,51
20260729,MLB-PHRR-FG-01DRGBQLTNRS7H8-EZAN000-GTE-P00015,07/29/26 02:17 PM EDT,$0.46,20
20260729,MLB-TRUNS-I5-01DRGBT4TNRS6MO-GTE-P00025,07/29/26 02:18 PM EDT,$0.59,40
20260729,MLB-PHRR-FG-01DRGBQVTNRS6FO-TYCE000-GTE-P00015,07/29/26 02:18 PM EDT,$0.56,12
20260729,MLB-TRUNS-IT5-01DRGBT4TNRS6MO-GTE-P00055,07/29/26 02:18 PM EDT,$0.62,149
20260729,MLB-TRUNS-I6-01DRGBPHTNRS6TO-GTE-P00005,07/29/26 02:18 PM EDT,$0.44,25
20260729,MLB-TRUNS-IT5-01DRGBT4TNRS6MO-GTE-P00055,07/29/26 02:19 PM EDT,$0.60,781
20260729,MLB-TRUNS-IT5-01DRGBPHTNRS6TO-GTE-P00015,07/29/26 02:19 PM EDT,$0.17,75
20260729,MLB-TRUNS-IT5-01DRGBT4TNRS6MO-GTE-P00045,07/29/26 02:19 PM EDT,$0.81,88
20260729,MLB-TRUNS-IT5-01DRGBT4TNRS6MO-GTE-P00055,07/29/26 02:19 PM EDT,$0.56,112
20260729,MLB-MOVY-IT5-01DRGBT4TNRS6MO-DERS000-GTE-P00045,07/29/26 02:20 PM EDT,$0.72,33
20260729,MLB-TRUNS-IT5-01DRGBT4TNRS6MO-GTE-P00055,07/29/26 02:20 PM EDT,$0.47,7
20260729,MLB-TRUNS-IT5-01DRGBT4TNRS6MO-GTE-P00055,07/29/26 02:20 PM EDT,$0.46,350
20260729,MLB-TRUNS-I6-01DRGBPHTNRS6TO-GTE-P00005,07/29/26 02:20 PM EDT,$0.44,19
20260729,MLB-TRUNS-IT5-01DRGBT4TNRS6MO-GTE-P00055,07/29/26 02:20 PM EDT,$0.47,9
20260729,MLB-TRUNS-IT5-01DRGBT4TNRS6MO-GTE-P00065,07/29/26 02:21 PM EDT,$0.35,350
20260729,MLB-PHRR-FG-01DRGBT4TNRS6MO-GLES000-GTE-P00015,07/29/26 02:21 PM EDT,$0.52,49
20260729,MLB-MOVY-IT5-01DRGBPHTNRS6TO-NYTS000-GTE-P00025,07/29/26 02:21 PM EDT,$0.09,350
20260729,MLB-TRUNS-I8-01DRGBPVTNRS63O-GTE-P00005,07/29/26 02:21 PM EDT,$0.27,16
20260729,MLB-MOVY-IT5-01DRGBS5TNRS7RO-TOYS000-GTE-P00015,07/29/26 02:22 PM EDT,$0.04,350
20260729,MLB-PHRR-FG-01DRGBT4TNRS6MO-GLES000-GTE-P00015,07/29/26 02:22 PM EDT,$0.46,50
20260729,MLB-MOVY-IT5-01DRGBS5TNRS7RO-WALS000-GTE-P00015,07/29/26 02:22 PM EDT,$0.30,350
20260729,MLB-TRUNS-IT5-01DRGBT4TNRS6MO-GTE-P00055,07/29/26 02:22 PM EDT,$0.21,51
20260729,MLB-WIN-IT5-03VP8V0Q4PARC1O-ATES000,07/29/26 02:22 PM EDT,$0.61,19
20260729,MLB-WIN-IT5-03VP8V0Q4PARC1O-ATES000,07/29/26 02:22 PM EDT,$0.61,158
20260729,MLB-TRUNS-IT5-01DRGBT4TNRS6MO-GTE-P00065,07/29/26 02:22 PM EDT,$0.04,350
20260729,MLB-PHRR-FG-01DRGBT4TNRS6MO-GLES000-GTE-P00015,07/29/26 02:22 PM EDT,$0.32,50
20260729,MLB-PHRR-FG-01DRGBT4TNRS6MO-GLES000-GTE-P00015,07/29/26 02:22 PM EDT,$0.32,50
20260729,MLB-MOVY-IT5-01DRGBS5TNRS7RO-WALS000-GTE-P00015,07/29/26 02:23 PM EDT,$0.30,350
20260729,MLB-MOVY-IT5-01DRGBS5TNRS7RO-WALS000-GTE-P00015,07/29/26 02:23 PM EDT,$0.30,350
20260729,MLB-PHRR-FG-01DRGBT4TNRS6MO-GLES000-GTE-P00015,07/29/26 02:23 PM EDT,$0.32,50
20260729,MLB-MOVY-IT5-01DRGBPHTNRS6TO-NYTS000-GTE-P00005,07/29/26 02:23 PM EDT,$0.34,86
20260729,MLB-MOVY-IT5-01DRGBS5TNRS7RO-WALS000-GTE-P00015,07/29/26 02:23 PM EDT,$0.30,350
20260729,MLB-MOVY-IT5-01DRGBQVTNRS6FO-SDES000-GTE-P00005,07/29/26 02:23 PM EDT,$0.48,27
20260729,MLB-WIN-IT5-01DRGBP5TNRS7JG-SFTS000,07/29/26 02:24 PM EDT,$0.54,16
20260729,MLB-MOVY-IT5-01DRH5ELTNRRJRO-NYES000-GTE-P00005,07/29/26 02:24 PM EDT,$0.50,70
20260729,MLB-MOVY-IT5-01DRGBPHTNRS6TO-NYTS000-GTE-P00005,07/29/26 02:24 PM EDT,$0.79,39
20260729,MLB-TRUNS-IT5-01DRGBPHTNRS6TO-GTE-P00025,07/29/26 02:24 PM EDT,$0.31,23
20260729,MLB-TRUNS-I9-01DRGBPVTNRS63O-GTE-P00005,07/29/26 02:24 PM EDT,$0.42,20
20260729,MLB-TRUNS-IT5-01DRGBS5TNRS7RO-GTE-P00015,07/29/26 02:25 PM EDT,$0.27,13
20260729,MLB-TRUNS-I9-01DRGBT4TNRS7KG-GTE-P00005,07/29/26 02:25 PM EDT,$0.38,12
20260729,MLB-TRUNS-IT5-01DRGBS5TNRS7RO-GTE-P00015,07/29/26 02:25 PM EDT,$0.27,6
20260729,MLB-TRUNS-I5-01DRGBPHTNRS6TO-GTE-P00015,07/29/26 02:25 PM EDT,$0.86,56
20260729,MLB-TRUNS-IT5-01DRH5DLTNRRJQO-GTE-P00045,07/29/26 02:26 PM EDT,$0.52,68
20260729,MLB-TRUNS-IT5-01DRGBPHTNRS6TO-GTE-P00015,07/29/26 02:26 PM EDT,$0.86,15
20260729,MLB-TRUNS-IT5-01DRH5ELTNRRJRO-GTE-P00035,07/29/26 02:26 PM EDT,$0.55,1
20260729,MLB-TRUNS-IT5-01DRGBPHTNRS6TO-GTE-P00025,07/29/26 02:26 PM EDT,$0.61,396
20260729,MLB-PHRR-FG-01DRGBPHTNRS6TO-FREZ002-GTE-P00025,07/29/26 02:26 PM EDT,$0.61,50
20260729,MLB-PHRR-FG-01DRGBPHTNRS6TO-FREZ002-GTE-P00025,07/29/26 02:27 PM EDT,$0.62,50
20260729,MLB-PHRR-FG-01DRGBPHTNRS6TO-BOTE000-GTE-P00005,07/29/26 02:27 PM EDT,$0.53,50
20260729,MLB-TRUNS-IT5-01DRGBPHTNRS6TO-GTE-P00025,07/29/26 02:27 PM EDT,$0.37,138
20260729,MLB-PHRR-FG-01DRGBPHTNRS6TO-FREZ002-GTE-P00025,07/29/26 02:28 PM EDT,$0.62,50
20260729,MLB-TRUNS-I5-01DRGBPHTNRS6TO-GTE-P00025,07/29/26 02:28 PM EDT,$0.45,106
20260729,MLB-TRUNS-I8-01DRGBT4TNRS7KG-GTE-P00005,07/29/26 02:28 PM EDT,$0.40,36
20260729,MLB-MOVY-IT5-01DRGBS5TNRS7RO-WALS000-GTE-P00015,07/29/26 02:28 PM EDT,$0.05,350
20260729,MLB-MOVY-IT5-01DRGBS5TNRS7RO-WALS000-GTE-P00015,07/29/26 02:28 PM EDT,$0.05,350
20260729,MLB-WIN-IT5-01DRH5ANTNRRIEO-HOOS000,07/29/26 02:28 PM EDT,$0.56,258
20260729,MLB-PHRR-FG-01DRGBPHTNRS6TO-BOTE000-GTE-P00005,07/29/26 02:28 PM EDT,$0.53,50
20260729,MLB-WIN-IT5-01DRH5ELTNRRJRO-NYES000,07/29/26 02:29 PM EDT,$0.60,8
20260729,MLB-MOVY-IT5-01DRGBPHTNRS6TO-NYTS000-GTE-P00025,07/29/26 02:29 PM EDT,$0.43,36
20260729,MLB-TRUNS-I6-01DRGBS5TNRS7RO-GTE-P00005,07/29/26 02:29 PM EDT,$0.48,409
20260729,MLB-MOVY-IT5-01DRGBS5TNRS7RO-WALS000-GTE-P00015,07/29/26 02:29 PM EDT,$0.03,98
20260729,MLB-TRUNS-IT5-01DRGBPHTNRS6TO-GTE-P00025,07/29/26 02:29 PM EDT,$0.49,12
20260729,MLB-TRUNS-IT5-01DRGBPHTNRS6TO-GTE-P00025,07/29/26 02:29 PM EDT,$0.41,3
20260729,MLB-PHRR-FG-01DRGBT4TNRS6MO-JAEZ000-GTE-P00065,07/29/26 02:29 PM EDT,$0.34,13
20260729,MLB-TRUNS-I9-01DRGBT4TNRS7KG-GTE-P00005,07/29/26 02:30 PM EDT,$0.40,165
20260729,MLB-TRUNS-I7-01DRGBS5TNRS7RO-GTE-P00005,07/29/26 02:30 PM EDT,$0.43,17
20260729,MLB-TRUNS-I9-01DRGBPVTNRS63O-GTE-P00015,07/29/26 02:30 PM EDT,$0.14,66
20260729,MLB-PHRR-FG-01DRGBT4TNRS6MO-RINE000-GTE-P00005,07/29/26 02:30 PM EDT,$0.55,50
20260729,MLB-WIN-IT5-01DRGBP5TNRS7JG-MIRS000,07/29/26 02:30 PM EDT,$0.50,350
20260729,MLB-WIN-IT5-01DRGBP5TNRS7JG-MIRS000,07/29/26 02:30 PM EDT,$0.50,350
20260729,MLB-WIN-IT5-01DRGBP5TNRS7JG-MIRS000,07/29/26 02:30 PM EDT,$0.50,300
20260729,MLB-TRUNS-IT5-01DRGBP5TNRS7JG-GTE-P00045,07/29/26 02:31 PM EDT,$0.45,43
20260729,MLB-TRUNS-I7-01DRGBS5TNRS7RO-GTE-P00005,07/29/26 02:31 PM EDT,$0.44,29
20260729,MLB-TRUNS-I6-01DRGBT4TNRS6MO-GTE-P00005,07/29/26 02:31 PM EDT,$0.42,523
20260729,MLB-PHRR-FG-01DRGBPHTNRS6TO-BOTE000-GTE-P00005,07/29/26 02:31 PM EDT,$0.26,50
20260729,MLB-MOVY-IT5-01DRGBPHTNRS6TO-NYTS000-GTE-P00025,07/29/26 02:31 PM EDT,$0.44,61
20260729,MLB-PHRR-FG-01DRGBPHTNRS6TO-BOTE000-GTE-P00005,07/29/26 02:31 PM EDT,$0.26,50
20260729,MLB-PHRR-FG-01DRGBPVTNRS63O-TRER001-GTE-P00025,07/29/26 02:31 PM EDT,$0.97,23
20260729,MLB-PHRR-FG-01DRGBQVTNRS6FO-FEJR000-GTE-P00015,07/29/26 02:31 PM EDT,$0.60,16
20260729,MLB-PHRR-FG-01DRH5ANTNRRIEO-ISES000-GTE-P00015,07/29/26 02:31 PM EDT,$0.56,12
20260729,MLB-TRUNS-IT5-01DRGBPHTNRS6TO-GTE-P00025,07/29/26 02:31 PM EDT,$0.17,23
20260729,MLB-PHRR-FG-01DRGBQVTNRS6FO-MADO001-GTE-P00015,07/29/26 02:32 PM EDT,$0.55,23
20260729,MLB-TRUNS-I5-01DRGBPHTNRS6TO-GTE-P00025,07/29/26 02:32 PM EDT,$0.21,20
20260729,MLB-WIN-IT5-01DRH5ELTNRRJRO-NYES000,07/29/26 02:32 PM EDT,$0.60,48
20260729,MLB-MOVY-IT5-01DRGBPHTNRS6TO-NYTS000-GTE-P00025,07/29/26 02:32 PM EDT,$0.19,350
20260729,MLB-TRUNS-IT5-01DRGBP5TNRS7JG-GTE-P00045,07/29/26 02:33 PM EDT,$0.45,8
20260729,MLB-TRUNS-I6-01DRGBPHTNRS6TO-GTE-P00005,07/29/26 02:33 PM EDT,$0.45,5
20260729,MLB-TRUNS-I7-01DRGBS5TNRS7RO-GTE-P00005,07/29/26 02:33 PM EDT,$0.45,5
20260729,MLB-TRUNS-I6-01DRGBPHTNRS6TO-GTE-P00005,07/29/26 02:33 PM EDT,$0.45,18
20260729,MLB-PHRR-FG-01DRGBTTTNRS7KO-STAN000-GTE-P00015,07/29/26 02:33 PM EDT,$0.55,8
20260729,MLB-TRUNS-I9-01DRGBPHTNRS6TO-GTE-P00005,07/29/26 02:34 PM EDT,$0.33,142
20260729,MLB-TRUNS-I8-01DRGBT4TNRS6MO-GTE-P00005,07/29/26 02:34 PM EDT,$0.48,98
20260729,MLB-PHRR-FG-01DRGBQVTNRS6FO-FEJR000-GTE-P00025,07/29/26 02:34 PM EDT,$0.42,34
20260729,MLB-TRUNS-IT5-01DRH5DLTNRRJQO-GTE-P00045,07/29/26 02:34 PM EDT,$0.52,2000
20260729,MLB-TRUNS-I9-01DRGBT4TNRS6MO-GTE-P00005,07/29/26 02:34 PM EDT,$0.31,151
20260729,MLB-TRUNS-I7-01DRGBS5TNRS7RO-GTE-P00015,07/29/26 02:34 PM EDT,$0.22,48
20260729,MLB-PHRR-FG-01DRGBQVTNRS6FO-MIAK000-GTE-P00015,07/29/26 02:34 PM EDT,$0.50,19
20260729,MLB-WIN-IT5-03VP8V0Q4PARC1O-NYTS000,07/29/26 02:34 PM EDT,$0.41,350
20260729,MLB-TRUNS-I2-01DRGBP5TNRS7JG-GTE-P00005,07/29/26 02:35 PM EDT,$0.47,77
20260729,MLB-TRUNS-I9-01DRGBPVTNRS63O-GTE-P00005,07/29/26 02:35 PM EDT,$0.23,20
20260729,MLB-TRUNS-I8-01DRGBT4TNRS6MO-GTE-P00005,07/29/26 02:35 PM EDT,$0.47,6
20260729,MLB-TRUNS-I9-01DRGBT4TNRS7KG-GTE-P00005,07/29/26 02:35 PM EDT,$0.47,22
20260729,MLB-PHRR-FG-01DRGBT4TNRS6MO-JAEZ000-GTE-P00065,07/29/26 02:36 PM EDT,$0.39,50
20260729,MLB-TRUNS-I9-01DRGBT4TNRS7KG-GTE-P00005,07/29/26 02:37 PM EDT,$0.41,40
20260729,MLB-PHRR-FG-01DRGBPHTNRS6TO-MAON003-GTE-P00035,07/29/26 02:37 PM EDT,$0.12,350
20260729,MLB-PHRR-FG-01DRGBPHTNRS6TO-MAON003-GTE-P00025,07/29/26 02:37 PM EDT,$0.18,263
20260729,MLB-PHRR-FG-01DRGBT4TNRS6MO-SPON000-GTE-P00025,07/29/26 02:37 PM EDT,$0.28,50
20260729,MLB-PHRR-FG-01DRGBPVTNRS63O-TRER001-GTE-P00045,07/29/26 02:37 PM EDT,$0.22,20
20260729,MLB-PHRR-FG-01DRGBPHTNRS6TO-MAON003-GTE-P00025,07/29/26 02:38 PM EDT,$0.18,87
20260729,MLB-PHRR-FG-01DRGBPHTNRS6TO-MAON003-GTE-P00015,07/29/26 02:38 PM EDT,$0.30,350
20260729,MLB-TRUNS-I7-01DRGBPHTNRS6TO-GTE-P00005,07/29/26 02:39 PM EDT,$0.44,425
20260729,MLB-MOVY-IT5-01DRGBQVTNRS6FO-SDES000-GTE-P00005,07/29/26 02:39 PM EDT,$0.48,47
20260729,MLB-WIN-IT5-01DRGBP5TNRS7JG-SFTS000,07/29/26 02:40 PM EDT,$0.54,16
20260729,MLB-PHRR-FG-01DRGBPHTNRS6TO-BOTE000-GTE-P00005,07/29/26 02:40 PM EDT,$0.36,50
20260729,MLB-PHRR-FG-01DRGBQVTNRS6FO-HUAN001-GTE-P00015,07/29/26 02:40 PM EDT,$0.50,48
20260729,MLB-WIN-IT5-01DRGBQVTNRS6FO-COES000,07/29/26 02:41 PM EDT,$0.45,21
20260729,MLB-TRUNS-I7-01DRGBPHTNRS6TO-GTE-P00005,07/29/26 02:41 PM EDT,$0.51,5
20260729,MLB-TRUNS-I6-01DRGBPHTNRS6TO-GTE-P00025,07/29/26 02:41 PM EDT,$0.31,15
20260729,MLB-TRUNS-I7-01DRGBPHTNRS6TO-GTE-P00005,07/29/26 02:41 PM EDT,$0.43,8
20260729,MLB-PHRR-FG-01DRGBT4TNRS6MO-GUON000-GTE-P00005,07/29/26 02:41 PM EDT,$0.28,50
20260729,MLB-TRUNS-IT5-01DRGBP5TNRS7JG-GTE-P00035,07/29/26 02:41 PM EDT,$0.58,42
20260729,MLB-PHRR-FG-01DRGBS5TNRS7RO-YOGO000-GTE-P00015,07/29/26 02:44 PM EDT,$0.25,50
20260729,MLB-TRUNS-I3-01DRGBQVTNRS6FO-GTE-P00005,07/29/26 02:44 PM EDT,$0.52,92
20260729,MLB-TRUNS-I4-01DRGBQVTNRS6FO-GTE-P00005,07/29/26 02:44 PM EDT,$0.52,92
20260729,MLB-WIN-IT5-01DRGBP5TNRS7JG-MIRS000,07/29/26 02:44 PM EDT,$0.47,10
20260729,MLB-PHRR-FG-01DRGBPHTNRS6TO-ROJR000-GTE-P00005,07/29/26 02:44 PM EDT,$0.43,22
20260729,MLB-TRUNS-I9-01DRGBT4TNRS7KG-GTE-P00005,07/29/26 02:44 PM EDT,$0.14,40
20260729,MLB-TRUNS-I9-01DRGBT4TNRS7KG-GTE-P00005,07/29/26 02:45 PM EDT,$0.14,100
20260729,NWSL-DWIN-FG-000A28PPI788FO8-UTSW003,07/29/26 02:45 PM EDT,$0.35,270
20260729,MLB-TRUNS-I8-01DRGBT4TNRS6MO-GTE-P00005,07/29/26 02:45 PM EDT,$0.49,5
20260729,MLB-TRUNS-I6-01DRGBPHTNRS6TO-GTE-P00025,07/29/26 02:45 PM EDT,$0.41,48
20260729,MLB-TRUNS-I6-01DRGBPHTNRS6TO-GTE-P00025,07/29/26 02:45 PM EDT,$0.43,549
20260729,MLB-PHRR-FG-01DRGBPVTNRS63O-BRTT001-GTE-P00015,07/29/26 02:45 PM EDT,$0.97,43
20260729,MLB-TRUNS-I7-01DRGBS5TNRS7RO-GTE-P00005,07/29/26 02:46 PM EDT,$0.45,224
20260729,MLB-TRUNS-I8-01DRGBT4TNRS6MO-GTE-P00015,07/29/26 02:46 PM EDT,$0.30,17
20260729,MLB-WIN-IT5-01DRGBQVTNRS6FO-COES000,07/29/26 02:46 PM EDT,$0.45,21
20260729,MLB-WIN-IT5-01DRGBQVTNRS6FO-COES000,07/29/26 02:47 PM EDT,$0.45,17
20260729,MLB-TRUNS-I7-01DRGBS5TNRS7RO-GTE-P00005,07/29/26 02:47 PM EDT,$0.45,45
20260729,MLB-TRUNS-I7-01DRGBPHTNRS6TO-GTE-P00005,07/29/26 02:47 PM EDT,$0.45,45
20260729,MLB-TRUNS-I8-01DRGBT4TNRS6MO-GTE-P00005,07/29/26 02:47 PM EDT,$0.44,43
20260729,MLB-TRUNS-I9-01DRGBT4TNRS6MO-GTE-P00015,07/29/26 02:48 PM EDT,$0.17,50
20260729,MLB-PHRR-FG-01DRGBT4TNRS6MO-GUON000-GTE-P00015,07/29/26 02:48 PM EDT,$0.25,350
20260729,MLB-TRUNS-I7-01DRGBS5TNRS7RO-GTE-P00005,07/29/26 02:48 PM EDT,$0.44,25
20260729,MLB-TRUNS-I7-01DRGBS5TNRS7RO-GTE-P00005,07/29/26 02:48 PM EDT,$0.44,21
20260729,MLB-TRUNS-I1-01DRGBQVTNRS6FO-GTE-P00015,07/29/26 02:48 PM EDT,$0.30,15
20260729,MLB-TRUNS-I1-01DRGBQVTNRS6FO-GTE-P00005,07/29/26 02:49 PM EDT,$0.52,18
20260729,MLB-PHRR-FG-01DRGBS5TNRS7RO-CJMS000-GTE-P00015,07/29/26 02:49 PM EDT,$0.30,50
20260729,MLB-PHRR-FG-01DRGBS5TNRS7RO-CJMS000-GTE-P00015,07/29/26 02:49 PM EDT,$0.30,50
20260729,MLB-WIN-IT5-01DRGBQVTNRS6FO-COES000,07/29/26 02:49 PM EDT,$0.45,53
20260729,MLB-TRUNS-I7-01DRGBS5TNRS7RO-GTE-P00005,07/29/26 02:49 PM EDT,$0.45,18
20260729,MLB-PHRR-FG-01DRGBQVTNRS6FO-MIAK000-GTE-P00015,07/29/26 02:50 PM EDT,$0.50,10
20260729,MLB-TRUNS-I1-01DRGBP5TNRS7JG-GTE-P00015,07/29/26 02:50 PM EDT,$0.30,15
20260729,MLB-TRUNS-I7-01DRGBPHTNRS6TO-GTE-P00005,07/29/26 02:50 PM EDT,$0.52,464
20260729,MLB-TRUNS-I7-01DRGBS5TNRS7RO-GTE-P00005,07/29/26 02:50 PM EDT,$0.45,64
20260729,MLB-MOVY-IT5-01DRH5ELTNRRJRO-NYES000-GTE-P00005,07/29/26 02:50 PM EDT,$0.50,76
20260729,MLB-TRUNS-I7-01DRGBS5TNRS7RO-GTE-P00005,07/29/26 02:50 PM EDT,$0.45,4
20260729,MLB-PHRR-FG-01DRGBP5TNRS7JG-BRNG003-GTE-P00015,07/29/26 02:51 PM EDT,$0.59,50
20260729,MLB-TRUNS-I7-01DRGBPHTNRS6TO-GTE-P00005,07/29/26 02:51 PM EDT,$0.46,40
20260729,MLB-WIN-IT5-01DRGBP5TNRS7JG-SFTS000,07/29/26 02:52 PM EDT,$0.54,268
20260729,MLB-PHRR-FG-01DRGBP5TNRS7JG-BRNG003-GTE-P00015,07/29/26 02:52 PM EDT,$0.59,50
20260729,MLB-WIN-IT5-01DRGBP5TNRS7JG-SFTS000,07/29/26 02:53 PM EDT,$0.56,1
20260729,MLB-WIN-IT5-01DRGBQVTNRS6FO-SDES000,07/29/26 02:53 PM EDT,$0.56,1
20260729,MLB-TRUNS-I7-01DRGBPHTNRS6TO-GTE-P00005,07/29/26 02:53 PM EDT,$0.42,41
20260729,MLB-WIN-IT5-01DRH5ELTNRRJRO-NYES000,07/29/26 02:54 PM EDT,$0.60,1
20260729,MLB-TRUNS-I7-01DRGBPHTNRS6TO-GTE-P00005,07/29/26 02:55 PM EDT,$0.43,24
20260729,MLB-PHRR-FG-01DRGBP5TNRS7JG-JARS000-GTE-P00015,07/29/26 02:55 PM EDT,$0.49,23
20260729,MLB-TRUNS-IT5-01DRGBQVTNRS6FO-GTE-P00045,07/29/26 02:56 PM EDT,$0.52,1
20260729,MLB-PHRR-FG-01DRGBP5TNRS7JG-CHCH000-GTE-P00015,07/29/26 02:57 PM EDT,$0.52,18
20260729,MLB-TRUNS-I9-01DRGBT4TNRS6MO-GTE-P00005,07/29/26 02:57 PM EDT,$0.28,16
20260729,MLB-PHRR-FG-01DRGBPHTNRS6TO-ROJR000-GTE-P00005,07/29/26 02:57 PM EDT,$0.41,36
20260729,MLB-PHRR-FG-01DRGBT4TNRS6MO-COYO000-GTE-P00015,07/29/26 02:58 PM EDT,$0.46,50
20260729,MLB-TRUNS-IT5-01DRGBQVTNRS6FO-GTE-P00045,07/29/26 02:58 PM EDT,$0.55,52
20260729,MLB-TRUNS-I7-01DRGBPHTNRS6TO-GTE-P00005,07/29/26 02:58 PM EDT,$0.32,147
20260729,MLB-PHRR-FG-01DRH59GTNRRIEG-PENG000-GTE-P00015,07/29/26 02:59 PM EDT,$0.57,16
20260729,MLB-PHRR-FG-01DRGBQLTNRS7H8-JURO000-GTE-P00015,07/29/26 02:59 PM EDT,$0.57,20
20260729,MLB-TRUNS-I8-01DRGBT4TNRS6MO-GTE-P00005,07/29/26 03:00 PM EDT,$0.43,169
20260729,MLB-WIN-IT5-01DRH5ELTNRRJRO-NYES000,07/29/26 03:00 PM EDT,$0.60,24
20260729,MLB-WIN-IT5-01DRGBP5TNRS7JG-MIRS000,07/29/26 03:03 PM EDT,$0.46,110
20260729,MLB-PHRR-FG-01DRGBP5TNRS7JG-BRNG003-GTE-P00005,07/29/26 03:04 PM EDT,$0.80,5
20260729,MLB-TRUNS-I7-01DRGBPHTNRS6TO-GTE-P00005,07/29/26 03:04 PM EDT,$0.30,15
20260729,MLB-TRUNS-I7-01DRGBPHTNRS6TO-GTE-P00015,07/29/26 03:05 PM EDT,$0.18,15
20260729,MLB-WIN-IT5-01DRH5CMTNRRJNO-SERS000,07/29/26 03:05 PM EDT,$0.43,11
20260729,MLB-TRUNS-I1-01DRGBP5TNRS7JG-GTE-P00015,07/29/26 03:05 PM EDT,$0.30,15
20260729,MLB-PHRR-FG-01DRGBQLTNRS7H8-EZAN000-GTE-P00035,07/29/26 03:06 PM EDT,$0.18,15
20260729,MLB-WIN-IT5-01DRGBP5TNRS7JG-MIRS000,07/29/26 03:07 PM EDT,$0.48,18
20260729,MLB-WIN-IT5-01DRGBP5TNRS7JG-SFTS000,07/29/26 03:07 PM EDT,$0.55,87
20260729,MLB-TRUNS-IT5-01DRH59GTNRRIEG-GTE-P00045,07/29/26 03:07 PM EDT,$0.48,40
20260729,MLB-TRUNS-I7-01DRGBPHTNRS6TO-GTE-P00005,07/29/26 03:07 PM EDT,$0.33,12
20260729,MLB-TRUNS-I7-01DRGBPHTNRS6TO-GTE-P00005,07/29/26 03:08 PM EDT,$0.44,10
20260729,MLB-MOVY-IT5-01DRH5ANTNRRIEO-HOOS000-GTE-P00005,07/29/26 03:08 PM EDT,$0.47,4
20260729,MLB-TRUNS-I7-01DRGBPHTNRS6TO-GTE-P00005,07/29/26 03:09 PM EDT,$0.44,21
20260729,MLB-TRUNS-I7-01DRGBPHTNRS6TO-GTE-P00005,07/29/26 03:09 PM EDT,$0.41,65
20260729,MLB-TRUNS-I7-01DRGBPHTNRS6TO-GTE-P00015,07/29/26 03:09 PM EDT,$0.25,29
20260729,MLB-TRUNS-I9-01DRGBS5TNRS7RO-GTE-P00005,07/29/26 03:09 PM EDT,$0.47,20
20260729,MLB-TRUNS-I8-01DRGBT4TNRS6MO-GTE-P00015,07/29/26 03:09 PM EDT,$0.27,34
20260729,MLB-WIN-IT5-01DRGBQVTNRS6FO-COES000,07/29/26 03:09 PM EDT,$0.45,638
20260729,MLB-TRUNS-I7-01DRGBPHTNRS6TO-GTE-P00005,07/29/26 03:09 PM EDT,$0.30,34
20260729,MLB-WIN-IT5-01DRGBP5TNRS7JG-SFTS000,07/29/26 03:10 PM EDT,$0.53,183
20260729,MLB-TRUNS-I8-01DRGBT4TNRS6MO-GTE-P00005,07/29/26 03:10 PM EDT,$0.41,81
20260729,MLB-TRUNS-I8-01DRGBS5TNRS7RO-GTE-P00025,07/29/26 03:10 PM EDT,$0.10,54
20260729,MLB-WIN-IT5-01DRGBP5TNRS7JG-SFTS000,07/29/26 03:10 PM EDT,$0.53,545
20260729,MLB-TRUNS-I1-01DRGBTTTNRS7KO-GTE-P00005,07/29/26 03:10 PM EDT,$0.54,17
20260729,MLB-TRUNS-I8-01DRGBS5TNRS7RO-GTE-P00005,07/29/26 03:10 PM EDT,$0.43,43
20260729,MLB-MOVY-IT5-01DRGBP5TNRS7JG-SFTS000-GTE-P00005,07/29/26 03:11 PM EDT,$0.47,51
20260729,MLB-TRUNS-I2-03VP8V0Q4PARC1O-GTE-P00015,07/29/26 03:11 PM EDT,$0.17,1
20260729,MLB-TRUNS-I7-01DRGBPHTNRS6TO-GTE-P00005,07/29/26 03:11 PM EDT,$0.31,15
20260729,MLB-TRUNS-I7-01DRGBPHTNRS6TO-GTE-P00005,07/29/26 03:11 PM EDT,$0.31,45
20260729,MLB-TRUNS-I8-01DRGBS5TNRS7RO-GTE-P00005,07/29/26 03:11 PM EDT,$0.43,50
20260729,MLB-TRUNS-I7-01DRGBPHTNRS6TO-GTE-P00005,07/29/26 03:12 PM EDT,$0.21,21
20260729,MLB-TRUNS-I1-01DRH5CMTNRRJNO-GTE-P00025,07/29/26 03:13 PM EDT,$0.23,40
20260729,MLB-TRUNS-I7-01DRGBPHTNRS6TO-GTE-P00015,07/29/26 03:13 PM EDT,$0.27,20
20260729,MLB-PHRR-FG-01DRGBQVTNRS6FO-TJLD000-GTE-P00025,07/29/26 03:14 PM EDT,$0.29,50
20260729,MLB-PHRR-FG-01DRGBQVTNRS6FO-HUAN001-GTE-P00025,07/29/26 03:14 PM EDT,$0.38,50
20260729,MLB-PHRR-FG-01DRGBQVTNRS6FO-COGG000-GTE-P00025,07/29/26 03:14 PM EDT,$0.32,50
20260729,MLB-PHRR-FG-01DRGBQVTNRS6FO-MIAK000-GTE-P00025,07/29/26 03:14 PM EDT,$0.32,50
20260729,MLB-TRUNS-I7-01DRGBPHTNRS6TO-GTE-P00015,07/29/26 03:14 PM EDT,$0.34,15
20260729,MLB-PHRR-FG-01DRGBPHTNRS6TO-BOTE000-GTE-P00005,07/29/26 03:14 PM EDT,$0.10,50
20260729,MLB-MOVY-IT5-01DRGBQVTNRS6FO-SDES000-GTE-P00005,07/29/26 03:14 PM EDT,$0.50,19
20260729,MLB-TRUNS-IT5-01DRGBP5TNRS7JG-GTE-P00045,07/29/26 03:14 PM EDT,$0.45,43
20260729,MLB-TRUNS-I9-01DRGBPHTNRS6TO-GTE-P00005,07/29/26 03:14 PM EDT,$0.32,14
20260729,MLB-PHRR-FG-01DRGBP5TNRS7JG-RARS000-GTE-P00015,07/29/26 03:14 PM EDT,$0.50,2
20260729,MLB-WIN-IT5-01DRGBQVTNRS6FO-COES000,07/29/26 03:15 PM EDT,$0.45,53
20260729,MLB-TRUNS-I7-01DRGBPHTNRS6TO-GTE-P00015,07/29/26 03:15 PM EDT,$0.34,13
20260729,MLB-PHRR-FG-01DRGBPHTNRS6TO-ROJR000-GTE-P00005,07/29/26 03:15 PM EDT,$0.36,36
20260729,MLB-PHRR-FG-01DRGBP5TNRS7JG-BRGE001-GTE-P00015,07/29/26 03:15 PM EDT,$0.49,2
20260729,MLB-WIN-IT5-01DRGBP5TNRS7JG-SFTS000,07/29/26 03:15 PM EDT,$0.55,26
20260729,MLB-TRUNS-IT5-01DRGBP5TNRS7JG-GTE-P00045,07/29/26 03:15 PM EDT,$0.45,43
20260729,MLB-TRUNS-I7-01DRGBPHTNRS6TO-GTE-P00035,07/29/26 03:15 PM EDT,$0.14,66
20260729,MLB-WIN-IT5-01DRGBP5TNRS7JG-SFTS000,07/29/26 03:16 PM EDT,$0.55,8
20260729,MLB-TRUNS-I7-01DRGBPHTNRS6TO-GTE-P00015,07/29/26 03:16 PM EDT,$0.34,58
20260729,MLB-PHRR-FG-01DRGBPHTNRS6TO-FROR000-GTE-P00005,07/29/26 03:16 PM EDT,$0.41,116
20260729,MLB-TRUNS-I8-01DRGBS5TNRS7RO-GTE-P00005,07/29/26 03:18 PM EDT,$0.42,295
20260729,MLB-PHRR-FG-01DRGBT4TNRS6MO-GUON000-GTE-P00025,07/29/26 03:18 PM EDT,$0.48,200
20260729,MLB-TRUNS-IT5-01DRGBQVTNRS6FO-GTE-P00045,07/29/26 03:18 PM EDT,$0.54,10
20260729,MLB-WIN-IT5-01DRGBP5TNRS7JG-SFTS000,07/29/26 03:19 PM EDT,$0.56,47
20260729,MLB-WIN-IT5-01DRGBQVTNRS6FO-COES000,07/29/26 03:20 PM EDT,$0.45,36
20260729,MLB-WIN-IT5-01DRGBQVTNRS6FO-COES000,07/29/26 03:20 PM EDT,$0.45,7
20260729,MLB-PHRR-FG-01DRH5ELTNRRJRO-BECE001-GTE-P00015,07/29/26 03:20 PM EDT,$0.55,8
20260729,MLB-TRUNS-IT5-01DRGBP5TNRS7JG-GTE-P00045,07/29/26 03:20 PM EDT,$0.47,20
20260729,MLB-TRUNS-I9-01DRGBT4TNRS6MO-GTE-P00005,07/29/26 03:20 PM EDT,$0.33,85
20260729,MLB-PHRR-FG-01DRGBT4TNRS6MO-GUON000-GTE-P00025,07/29/26 03:21 PM EDT,$0.48,150
20260729,MLB-TRUNS-I9-01DRGBPHTNRS6TO-GTE-P00005,07/29/26 03:21 PM EDT,$0.32,14
20260729,MLB-WIN-IT5-01DRGBP5TNRS7JG-MIRS000,07/29/26 03:21 PM EDT,$0.46,72
20260729,MLB-WIN-IT5-01DRH5DLTNRRJQO-MINS000,07/29/26 03:23 PM EDT,$0.65,350
20260729,MLB-PHRR-FG-01DRGBT4TNRS6MO-COYO000-GTE-P00055,07/29/26 03:24 PM EDT,$0.30,50
20260729,MLB-MOVY-IT5-01DRGBP5TNRS7JG-SFTS000-GTE-P00005,07/29/26 03:24 PM EDT,$0.48,484
20260729,MLB-PHRR-FG-01DRGBQVTNRS6FO-JAHY000-GTE-P00015,07/29/26 03:25 PM EDT,$0.52,18
20260729,MLB-TRUNS-I1-01DRH5ELTNRRJRO-GTE-P00005,07/29/26 03:25 PM EDT,$0.42,25
20260729,MLB-WIN-IT5-01DRGBP5TNRS7JG-MIRS000,07/29/26 03:25 PM EDT,$0.46,73
20260729,MLB-PHRR-FG-01DRGBP5TNRS7JG-BRGE001-GTE-P00015,07/29/26 03:25 PM EDT,$0.49,9
20260729,MLB-PHRR-FG-01DRGBP5TNRS7JG-RARS000-GTE-P00015,07/29/26 03:25 PM EDT,$0.49,9
20260729,MLB-TRUNS-IT5-01DRGBQVTNRS6FO-GTE-P00045,07/29/26 03:27 PM EDT,$0.54,89
20260729,MLB-TRUNS-I9-01DRGBT4TNRS6MO-GTE-P00025,07/29/26 03:27 PM EDT,$0.13,20
20260729,MLB-WIN-IT5-01DRGBP5TNRS7JG-SFTS000,07/29/26 03:27 PM EDT,$0.56,518
20260729,MLB-TRUNS-I8-01DRGBT4TNRS6MO-GTE-P00025,07/29/26 03:28 PM EDT,$0.30,45
20260729,MLB-TRUNS-I9-01DRGBT4TNRS6MO-GTE-P00005,07/29/26 03:28 PM EDT,$0.45,19
20260729,MLB-WIN-IT5-01DRGBP5TNRS7JG-SFTS000,07/29/26 03:28 PM EDT,$0.56,17
20260729,MLB-MOVY-IT5-01DRGBQLTNRS7H8-TBYS000-GTE-P00005,07/29/26 03:29 PM EDT,$0.45,35
20260729,MLB-TRUNS-I9-01DRGBT4TNRS6MO-GTE-P00005,07/29/26 03:30 PM EDT,$0.46,13
20260729,MLB-WIN-IT5-01DRGBP5TNRS7JG-SFTS000,07/29/26 03:30 PM EDT,$0.56,51
20260729,MLB-TRUNS-I9-01DRGBT4TNRS6MO-GTE-P00005,07/29/26 03:30 PM EDT,$0.44,20
20260729,MLB-WIN-IT5-01DRGBP5TNRS7JG-MIRS000,07/29/26 03:30 PM EDT,$0.46,185
20260729,MLB-TRUNS-I9-01DRGBS5TNRS7RO-GTE-P00005,07/29/26 03:31 PM EDT,$0.49,98
20260729,MLB-MOVY-IT5-01DRGBP5TNRS7JG-SFTS000-GTE-P00005,07/29/26 03:31 PM EDT,$0.48,8000
20260729,MLB-TRUNS-I8-01DRGBP5TNRS7JG-GTE-P00005,07/29/26 03:31 PM EDT,$0.45,106
20260729,MLB-PHRR-FG-01DRGBQLTNRS7H8-CHON002-GTE-P00015,07/29/26 03:32 PM EDT,$0.50,9
20260729,MLB-WIN-IT5-01DRGBP5TNRS7JG-SFTS000,07/29/26 03:33 PM EDT,$0.56,18
20260729,MLB-WIN-IT5-01DRGBP5TNRS7JG-MIRS000,07/29/26 03:34 PM EDT,$0.46,8
20260729,MLB-TRUNS-IT5-01DRGBQVTNRS6FO-GTE-P00045,07/29/26 03:34 PM EDT,$0.54,44
20260729,MLB-PHRR-FG-01DRGBP5TNRS7JG-HEOS000-GTE-P00015,07/29/26 03:34 PM EDT,$0.59,3
20260729,MLB-MOVY-IT5-01DRGBP5TNRS7JG-SFTS000-GTE-P00005,07/29/26 03:34 PM EDT,$0.46,35
20260729,MLB-TRUNS-I9-01DRGBT4TNRS6MO-GTE-P00015,07/29/26 03:35 PM EDT,$0.23,40
20260729,MLB-PHRR-FG-01DRGBP5TNRS7JG-DAAC000-GTE-P00045,07/29/26 03:35 PM EDT,$0.11,41
20260729,MLB-PHRR-FG-01DRGBP5TNRS7JG-DAAC000-GTE-P00035,07/29/26 03:35 PM EDT,$0.18,26
20260729,MLB-PHRR-FG-01DRGBP5TNRS7JG-DAAC000-GTE-P00025,07/29/26 03:35 PM EDT,$0.30,31
20260729,MLB-PHRR-FG-01DRGBP5TNRS7JG-DAAC000-GTE-P00015,07/29/26 03:35 PM EDT,$0.48,50
20260729,MLB-WIN-IT5-01DRGBP5TNRS7JG-SFTS000,07/29/26 03:35 PM EDT,$0.56,68
20260729,MLB-TRUNS-I8-01DRGBS5TNRS7RO-GTE-P00035,07/29/26 03:35 PM EDT,$0.25,444
20260729,MLB-PHRR-FG-01DRGBQVTNRS6FO-JAHY000-GTE-P00025,07/29/26 03:35 PM EDT,$0.33,28
20260729,MLB-MOVY-IT5-01DRGBP5TNRS7JG-SFTS000-GTE-P00005,07/29/26 03:35 PM EDT,$0.48,3
20260729,MLB-MOVY-IT5-01DRH5ELTNRRJRO-NYES000-GTE-P00005,07/29/26 03:35 PM EDT,$0.50,9
20260729,MLB-PHRR-FG-01DRH59GTNRRIEG-PENG000-GTE-P00015,07/29/26 03:35 PM EDT,$0.57,42
20260729,MLB-PHRR-FG-01DRH59GTNRRIEG-JOER005-GTE-P00015,07/29/26 03:35 PM EDT,$0.55,43
20260729,MLB-PHRR-FG-01DRGBP5TNRS7JG-DAAC000-GTE-P00055,07/29/26 03:35 PM EDT,$0.07,50
20260729,MLB-PHRR-FG-01DRGBP5TNRS7JG-DAAC000-GTE-P00045,07/29/26 03:35 PM EDT,$0.11,41
20260729,MLB-PHRR-FG-01DRGBQVTNRS6FO-MADO001-GTE-P00025,07/29/26 03:36 PM EDT,$0.39,12
20260729,MLB-PHRR-FG-01DRGBQVTNRS6FO-MADO001-GTE-P00015,07/29/26 03:36 PM EDT,$0.56,51
20260729,MLB-PHRR-FG-01DRGBQVTNRS6FO-COGG000-GTE-P00015,07/29/26 03:36 PM EDT,$0.49,50
20260729,MLB-TRUNS-I1-01DRGBP5TNRS7JG-GTE-P00005,07/29/26 03:36 PM EDT,$0.42,190
20260729,MLB-TRUNS-I9-01DRGBT4TNRS6MO-GTE-P00005,07/29/26 03:36 PM EDT,$0.40,80
20260729,MLB-PHRR-FG-01DRGBQVTNRS6FO-COGG000-GTE-P00015,07/29/26 03:36 PM EDT,$0.49,50
20260729,MLB-MOVY-IT5-01DRGBP5TNRS7JG-SFTS000-GTE-P00005,07/29/26 03:36 PM EDT,$0.46,807
20260729,MLB-WIN-IT5-01DRGBP5TNRS7JG-SFTS000,07/29/26 03:37 PM EDT,$0.56,51
20260729,MLB-PHRR-FG-01DRGBT4TNRS6MO-JAAY002-GTE-P00045,07/29/26 03:37 PM EDT,$0.11,25
20260729,MLB-TRUNS-I9-01DRGBPHTNRS6TO-GTE-P00005,07/29/26 03:38 PM EDT,$0.12,33
20260729,MLB-TRUNS-IT5-01DRGBP5TNRS7JG-GTE-P00045,07/29/26 03:38 PM EDT,$0.47,20
20260729,MLB-MOVY-IT5-03VP8V0Q4PARC1O-ATES000-GTE-P00005,07/29/26 03:38 PM EDT,$0.53,12
20260729,MLB-TRUNS-I1-01DRGBP5TNRS7JG-GTE-P00005,07/29/26 03:38 PM EDT,$0.42,10
20260729,MLB-PHRR-FG-01DRGBP5TNRS7JG-BRNG003-GTE-P00025,07/29/26 03:38 PM EDT,$0.38,5
20260729,MLB-TRUNS-IT5-01DRGBP5TNRS7JG-GTE-P00045,07/29/26 03:39 PM EDT,$0.47,10
20260729,MLB-PHRR-FG-01DRGBP5TNRS7JG-JUEE000-GTE-P00025,07/29/26 03:39 PM EDT,$0.34,5
20260729,MLB-WIN-IT5-01DRGBP5TNRS7JG-MIRS000,07/29/26 03:39 PM EDT,$0.46,10
20260729,MLB-WIN-IT5-01DRH59GTNRRIEG-STLS000,07/29/26 03:39 PM EDT,$0.52,55
20260729,MLB-TRUNS-I1-01DRGBP5TNRS7JG-GTE-P00015,07/29/26 03:39 PM EDT,$0.22,625
20260729,MLB-PHRR-FG-01DRGBT4TNRS6MO-GUON000-GTE-P00035,07/29/26 03:40 PM EDT,$0.46,50
20260729,MLB-PHRR-FG-01DRGBT4TNRS6MO-KELE000-GTE-P00015,07/29/26 03:40 PM EDT,$0.31,16
20260729,MLB-TRUNS-IT5-01DRGBP5TNRS7JG-GTE-P00045,07/29/26 03:40 PM EDT,$0.47,2040
20260729,MLB-TRUNS-IT5-01DRGBP5TNRS7JG-GTE-P00045,07/29/26 03:40 PM EDT,$0.44,35
20260729,MLB-PHRR-FG-01DRGBP5TNRS7JG-BRNG003-GTE-P00015,07/29/26 03:40 PM EDT,$0.58,16
20260729,MLB-TRUNS-I9-01DRGBS5TNRS7RO-GTE-P00005,07/29/26 03:41 PM EDT,$0.41,81
20260729,MLB-WIN-IT5-01DRH59GTNRRIEG-STLS000,07/29/26 03:41 PM EDT,$0.52,11
20260729,MLB-TRUNS-I1-01DRGBQVTNRS6FO-GTE-P00015,07/29/26 03:43 PM EDT,$0.31,3
20260729,MLB-TRUNS-IT5-01DRGBP5TNRS7JG-GTE-P00045,07/29/26 03:43 PM EDT,$0.44,1000
20260729,MLB-TRUNS-IT5-01DRGBP5TNRS7JG-GTE-P00045,07/29/26 03:43 PM EDT,$0.44,2448
20260729,MLB-WIN-IT5-01DRGBP5TNRS7JG-SFTS000,07/29/26 03:43 PM EDT,$0.56,51
20260729,MLB-TRUNS-I9-01DRGBT4TNRS6MO-GTE-P00005,07/29/26 03:43 PM EDT,$0.32,14
20260729,MLB-PHRR-FG-01DRGBP5TNRS7JG-BRNG003-GTE-P00025,07/29/26 03:44 PM EDT,$0.39,48
20260729,MLB-PHRR-FG-01DRGBP5TNRS7JG-RARS000-GTE-P00025,07/29/26 03:44 PM EDT,$0.34,55
20260729,MLB-TRUNS-I8-01DRGBS5TNRS7RO-GTE-P00045,07/29/26 03:44 PM EDT,$0.43,21
20260729,MLB-WIN-IT5-01DRGBQVTNRS6FO-SDES000,07/29/26 03:44 PM EDT,$0.56,43
20260729,MLB-PHRR-FG-01DRGBT4TNRS6MO-GUON000-GTE-P00045,07/29/26 03:44 PM EDT,$0.13,7
20260729,MLB-PHRR-FG-01DRGBQVTNRS6FO-TYCE000-GTE-P00015,07/29/26 03:45 PM EDT,$0.57,5
20260729,MLB-WIN-IT5-01DRGBP5TNRS7JG-SFTS000,07/29/26 03:45 PM EDT,$0.56,43
20260729,MLB-TRUNS-I9-01DRGBT4TNRS6MO-GTE-P00005,07/29/26 03:46 PM EDT,$0.31,45
20260729,MLB-TRUNS-I9-01DRGBT4TNRS6MO-GTE-P00005,07/29/26 03:46 PM EDT,$0.23,20
20260729,MLB-WIN-IT5-01DRGBP5TNRS7JG-SFTS000,07/29/26 03:46 PM EDT,$0.57,16
20260729,MLB-TRUNS-IT5-01DRGBP5TNRS7JG-GTE-P00045,07/29/26 03:46 PM EDT,$0.47,193
20260729,MLB-PHRR-FG-01DRGBP5TNRS7JG-RARS000-GTE-P00015,07/29/26 03:46 PM EDT,$0.50,9
20260729,MLB-PHRR-FG-01DRGBT4TNRS6MO-JAEZ000-GTE-P00065,07/29/26 03:46 PM EDT,$0.12,50
20260729,MLB-TRUNS-IT5-01DRGBP5TNRS7JG-GTE-P00045,07/29/26 03:46 PM EDT,$0.47,30
20260729,MLB-WIN-IT5-01DRGBP5TNRS7JG-MIRS000,07/29/26 03:46 PM EDT,$0.46,60
20260729,MLB-MOVY-IT5-01DRGBP5TNRS7JG-SFTS000-GTE-P00005,07/29/26 03:47 PM EDT,$0.49,240
20260729,MLB-TRUNS-IT5-01DRGBP5TNRS7JG-GTE-P00045,07/29/26 03:47 PM EDT,$0.42,73
20260729,MLB-WIN-IT5-01DRGBP5TNRS7JG-SFTS000,07/29/26 03:47 PM EDT,$0.52,350
20260729,MLB-TRUNS-I9-01DRGBT4TNRS6MO-GTE-P00015,07/29/26 03:47 PM EDT,$0.02,40
20260729,MLB-WIN-IT5-01DRGBP5TNRS7JG-SFTS000,07/29/26 03:47 PM EDT,$0.52,27
20260729,MLB-TRUNS-I1-01DRH58PTNRRJ90-GTE-P00015,07/29/26 03:47 PM EDT,$0.39,2
20260729,MLB-WIN-IT5-01DRGBP5TNRS7JG-MIRS000,07/29/26 03:47 PM EDT,$0.53,436
20260729,MLB-TRUNS-IT5-01DRGBP5TNRS7JG-GTE-P00045,07/29/26 03:48 PM EDT,$0.51,150
20260729,MLB-MOVY-IT5-01DRGBP5TNRS7JG-SFTS000-GTE-P00005,07/29/26 03:48 PM EDT,$0.46,40
20260729,MLB-TRUNS-I1-01DRGBQVTNRS6FO-GTE-P00015,07/29/26 03:48 PM EDT,$0.31,15
20260729,MLB-TRUNS-IT5-01DRGBP5TNRS7JG-GTE-P00045,07/29/26 03:48 PM EDT,$0.46,58
20260729,MLB-TRUNS-I9-01DRGBT4TNRS6MO-GTE-P00005,07/29/26 03:48 PM EDT,$0.19,35
20260729,MLB-PHRR-FG-01DRGBP5TNRS7JG-GALL001-GTE-P00015,07/29/26 03:49 PM EDT,$0.50,18
20260729,MLB-TRUNS-I1-01DRGBQVTNRS6FO-GTE-P00035,07/29/26 03:49 PM EDT,$0.11,375
20260729,MLB-PHRR-FG-01DRGBT4TNRS6MO-JAEZ000-GTE-P00065,07/29/26 03:49 PM EDT,$0.13,35
20260729,MLB-MOVY-IT5-01DRH5ELTNRRJRO-NYES000-GTE-P00005,07/29/26 03:49 PM EDT,$0.50,8
20260729,MLB-WIN-IT5-01DRGBP5TNRS7JG-SFTS000,07/29/26 03:49 PM EDT,$0.56,350
20260729,MLB-TRUNS-I9-01DRGBT4TNRS6MO-GTE-P00005,07/29/26 03:50 PM EDT,$0.09,10
20260729,MLB-MOVY-IT5-01DRGBP5TNRS7JG-SFTS000-GTE-P00005,07/29/26 03:50 PM EDT,$0.50,9
20260729,MLB-MOVY-IT5-01DRH5ELTNRRJRO-NYES000-GTE-P00005,07/29/26 03:50 PM EDT,$0.50,48
20260729,MLB-WIN-IT5-01DRH59GTNRRIEG-CHBS000,07/29/26 03:50 PM EDT,$0.51,20
20260729,MLB-PHRR-FG-01DRGBQVTNRS6FO-MADO001-GTE-P00025,07/29/26 03:50 PM EDT,$0.40,11
20260729,MLB-WIN-IT5-01DRGBP5TNRS7JG-MIRS000,07/29/26 03:51 PM EDT,$0.46,20
20260729,MLB-TRUNS-IT5-01DRGBP5TNRS7JG-GTE-P00055,07/29/26 03:51 PM EDT,$0.30,350
20260729,MLB-WIN-IT5-01DRGBP5TNRS7JG-MIRS000,07/29/26 03:51 PM EDT,$0.42,10
20260729,MLB-PHRR-FG-01DRGBQVTNRS6FO-FEJR000-GTE-P00025,07/29/26 03:51 PM EDT,$0.42,9
20260729,MLB-TRUNS-IT5-01DRGBQVTNRS6FO-GTE-P00045,07/29/26 03:51 PM EDT,$0.54,35
20260729,MLB-MOVY-IT5-01DRGBQVTNRS6FO-SDES000-GTE-P00005,07/29/26 03:51 PM EDT,$0.51,37
20260729,NWSL-DWIN-FG-000A28SHI788EU0-KATW001,07/29/26 03:51 PM EDT,$0.70,13
20260729,MLB-WIN-IT5-01DRGBQVTNRS6FO-COES000,07/29/26 03:51 PM EDT,$0.43,22
20260729,MLB-TRUNS-IT5-01DRGBP5TNRS7JG-GTE-P00035,07/29/26 03:51 PM EDT,$0.51,40
20260729,MLB-MOVY-IT5-01DRGBQLTNRS7H8-TBYS000-GTE-P00005,07/29/26 03:52 PM EDT,$0.48,35
20260729,MLB-WIN-IT5-01DRGBP5TNRS7JG-SFTS000,07/29/26 03:52 PM EDT,$0.61,350
20260729,MLB-WIN-IT5-01DRGBP5TNRS7JG-SFTS000,07/29/26 03:52 PM EDT,$0.62,350
20260729,MLB-WIN-IT5-01DRGBP5TNRS7JG-SFTS000,07/29/26 03:52 PM EDT,$0.62,350
20260729,NWSL-DWIN-FG-000A28PPI788FO8-UTSW003,07/29/26 03:52 PM EDT,$0.35,13
20260729,MLB-PHRR-FG-01DRGBT4TNRS6MO-COYO000-GTE-P00055,07/29/26 03:52 PM EDT,$0.29,16
20260729,MLB-WIN-IT5-01DRGBP5TNRS7JG-SFTS000,07/29/26 03:52 PM EDT,$0.62,350
20260729,NWSL-DWIN-FG-000A28PPI788FO8-DRAW,07/29/26 03:52 PM EDT,$0.26,17
20260729,MLB-WIN-IT5-01DRGBP5TNRS7JG-SFTS000,07/29/26 03:53 PM EDT,$0.62,350
20260729,NWSL-DWIN-FG-000A28ULI788EFO-BACW004,07/29/26 03:53 PM EDT,$0.21,21
20260729,MLB-TRUNS-I5-01DRGBP5TNRS7JG-GTE-P00005,07/29/26 03:53 PM EDT,$0.50,8
20260729,MLB-TRUNS-IT5-01DRGBP5TNRS7JG-GTE-P00035,07/29/26 03:53 PM EDT,$0.51,117
20260729,NWSL-DWIN-FG-000A28ULI788EFO-DRAW,07/29/26 03:53 PM EDT,$0.24,19
20260729,MLB-MOVY-IT5-01DRGBP5TNRS7JG-SFTS000-GTE-P00005,07/29/26 03:53 PM EDT,$0.48,38
20260729,MLB-TRUNS-I8-01DRGBS5TNRS7RO-GTE-P00045,07/29/26 03:53 PM EDT,$0.34,4
20260729,MLB-WIN-IT5-01DRGBP5TNRS7JG-SFTS000,07/29/26 03:53 PM EDT,$0.62,345
20260729,MLB-WIN-IT5-01DRGBP5TNRS7JG-SFTS000,07/29/26 03:53 PM EDT,$0.62,5
20260729,MLB-TRUNS-I8-01DRGBS5TNRS7RO-GTE-P00045,07/29/26 03:53 PM EDT,$0.29,58
20260729,MLB-TRUNS-I4-01DRGBP5TNRS7JG-GTE-P00005,07/29/26 03:53 PM EDT,$0.49,6
20260729,MLB-MOVY-IT5-01DRGBP5TNRS7JG-SFTS000-GTE-P00005,07/29/26 03:54 PM EDT,$0.47,38
20260729,MLB-PHRR-FG-01DRGBS5TNRS7RO-DAHO000-GTE-P00035,07/29/26 03:54 PM EDT,$0.29,50
20260729,MLB-PHRR-FG-01DRGBS5TNRS7RO-ERNT000-GTE-P00025,07/29/26 03:54 PM EDT,$0.33,50
20260729,MLB-WIN-IT5-01DRGBP5TNRS7JG-MIRS000,07/29/26 03:54 PM EDT,$0.40,488
20260729,MLB-WIN-IT5-01DRGBP5TNRS7JG-SFTS000,07/29/26 03:54 PM EDT,$0.59,350
20260729,MLB-TRUNS-IT5-01DRGBP5TNRS7JG-GTE-P00035,07/29/26 03:54 PM EDT,$0.47,58
20260729,MLB-TRUNS-IT5-01DRGBP5TNRS7JG-GTE-P00035,07/29/26 03:54 PM EDT,$0.47,40
20260729,MLB-MOVY-IT5-01DRGBP5TNRS7JG-SFTS000-GTE-P00005,07/29/26 03:54 PM EDT,$0.50,362
20260729,MLB-TRUNS-I9-01DRGBS5TNRS7RO-GTE-P00005,07/29/26 03:55 PM EDT,$0.42,33
20260729,MLB-PHRR-FG-01DRGBT4TNRS6MO-COYO000-GTE-P00055,07/29/26 03:55 PM EDT,$0.32,2
20260729,MLB-WIN-IT5-01DRGBP5TNRS7JG-MIRS000,07/29/26 03:55 PM EDT,$0.41,4
20260729,MLB-PHRR-FG-01DRGBQVTNRS6FO-HUAN001-GTE-P00015,07/29/26 03:57 PM EDT,$0.49,47
20260729,NWSL-DWIN-FG-000A28PPI788FO8-DRAW,07/29/26 03:57 PM EDT,$0.26,4
20260729,MLB-TRUNS-I1-01DRGBQVTNRS6FO-GTE-P00005,07/29/26 03:57 PM EDT,$0.53,9
20260729,MLB-MOVY-IT5-01DRGBP5TNRS7JG-SFTS000-GTE-P00005,07/29/26 03:57 PM EDT,$0.47,816
20260729,MLB-TRUNS-I2-01DRGBP5TNRS7JG-GTE-P00005,07/29/26 03:57 PM EDT,$0.47,12
20260729,MLB-TRUNS-IT5-01DRGBP5TNRS7JG-GTE-P00035,07/29/26 03:58 PM EDT,$0.45,82
20260729,MLB-TRUNS-I1-01DRGBQVTNRS6FO-GTE-P00015,07/29/26 03:58 PM EDT,$0.31,8
20260729,MLB-TRUNS-IT5-01DRGBQVTNRS6FO-GTE-P00045,07/29/26 03:58 PM EDT,$0.54,36
20260729,MLB-PHRR-FG-01DRGBT4TNRS6MO-COYO000-GTE-P00055,07/29/26 03:58 PM EDT,$0.02,16
20260729,MLB-PHRR-FG-01DRGBQVTNRS6FO-COGG000-GTE-P00015,07/29/26 03:58 PM EDT,$0.49,50
20260729,MLB-PHRR-FG-01DRGBQVTNRS6FO-TYCE000-GTE-P00015,07/29/26 03:58 PM EDT,$0.57,50
20260729,MLB-TRUNS-I1-01DRGBQVTNRS6FO-GTE-P00015,07/29/26 03:58 PM EDT,$0.23,8
20260729,MLB-TRUNS-IT5-01DRGBQVTNRS6FO-GTE-P00045,07/29/26 03:58 PM EDT,$0.54,35
20260729,MLB-PHRR-FG-01DRGBQVTNRS6FO-FEJR000-GTE-P00015,07/29/26 03:58 PM EDT,$0.61,7
20260729,MLB-MOVY-IT5-01DRGBQVTNRS6FO-SDES000-GTE-P00005,07/29/26 03:58 PM EDT,$0.49,37
20260729,MLB-MOVY-IT5-01DRGBP5TNRS7JG-SFTS000-GTE-P00005,07/29/26 03:58 PM EDT,$0.46,178
20260729,MLB-TRUNS-IT5-01DRGBP5TNRS7JG-GTE-P00035,07/29/26 03:59 PM EDT,$0.47,1000
20260729,MLB-TRUNS-IT5-01DRGBP5TNRS7JG-GTE-P00035,07/29/26 03:59 PM EDT,$0.47,5
20260729,MLB-TRUNS-IT5-01DRGBQVTNRS6FO-GTE-P00045,07/29/26 03:59 PM EDT,$0.52,39
20260729,MLB-MOVY-IT5-01DRGBQVTNRS6FO-SDES000-GTE-P00005,07/29/26 03:59 PM EDT,$0.51,94
20260729,MLB-PHRR-FG-01DRGBQLTNRS7H8-TALS000-GTE-P00015,07/29/26 03:59 PM EDT,$0.40,12
20260729,MLB-TRUNS-IT5-01DRGBP5TNRS7JG-GTE-P00035,07/29/26 03:59 PM EDT,$0.47,172
20260729,MLB-WIN-IT5-01DRGBQVTNRS6FO-COES000,07/29/26 03:59 PM EDT,$0.43,144
20260729,MLB-TRUNS-I1-01DRGBQVTNRS6FO-GTE-P00015,07/29/26 03:59 PM EDT,$0.31,8
20260729,MLB-TRUNS-I1-01DRGBQVTNRS6FO-GTE-P00015,07/29/26 03:59 PM EDT,$0.23,8
20260729,MLB-PHRR-FG-01DRGBT4TNRS6MO-COYO000-GTE-P00055,07/29/26 03:59 PM EDT,$0.21,4
20260729,MLB-TRUNS-IT5-01DRGBQVTNRS6FO-GTE-P00045,07/29/26 04:00 PM EDT,$0.52,50
20260729,MLB-TRUNS-IT5-01DRGBP5TNRS7JG-GTE-P00035,07/29/26 04:00 PM EDT,$0.46,37
20260729,MLB-WIN-IT5-01DRGBQVTNRS6FO-COES000,07/29/26 04:00 PM EDT,$0.44,10
20260729,MLB-TRUNS-I2-01DRGBP5TNRS7JG-GTE-P00005,07/29/26 04:00 PM EDT,$0.47,51
20260729,MLB-TRUNS-I2-01DRGBP5TNRS7JG-GTE-P00005,07/29/26 04:01 PM EDT,$0.39,44
20260729,MLB-TRUNS-IT5-01DRGBQVTNRS6FO-GTE-P00045,07/29/26 04:01 PM EDT,$0.54,8
20260729,MLB-MOVY-IT5-01DRGBQVTNRS6FO-SDES000-GTE-P00005,07/29/26 04:01 PM EDT,$0.49,37
20260729,MLB-PHRR-FG-01DRGBQVTNRS6FO-FEJR000-GTE-P00015,07/29/26 04:01 PM EDT,$0.61,7
20260729,MLB-PHRR-FG-01DRH5ELTNRRJRO-PADT000-GTE-P00025,07/29/26 04:01 PM EDT,$0.34,50
20260729,MLB-TRUNS-IT5-01DRGBP5TNRS7JG-GTE-P00045,07/29/26 04:01 PM EDT,$0.39,8
20260729,MLB-PHRR-FG-01DRH5ELTNRRJRO-PADT000-GTE-P00025,07/29/26 04:01 PM EDT,$0.34,50
20260729,MLB-MOVY-IT5-03VP8V0Q4PARC1O-ATES000-GTE-P00005,07/29/26 04:01 PM EDT,$0.53,61
20260729,MLB-WIN-IT5-01DRH58PTNRRJ90-BOOX000,07/29/26 04:04 PM EDT,$0.56,3
20260729,MLB-MOVY-IT5-01DRGBP5TNRS7JG-SFTS000-GTE-P00005,07/29/26 04:05 PM EDT,$0.50,32
20260729,MLB-TRUNS-IT5-01DRGBP5TNRS7JG-GTE-P00025,07/29/26 04:06 PM EDT,$0.55,531
20260729,MLB-TRUNS-IT5-01DRGBQVTNRS6FO-GTE-P00045,07/29/26 04:06 PM EDT,$0.54,2
20260729,MLB-MOVY-IT5-01DRGBQVTNRS6FO-SDES000-GTE-P00005,07/29/26 04:06 PM EDT,$0.49,18
20260729,MLB-TRUNS-IT5-01DRGBP5TNRS7JG-GTE-P00025,07/29/26 04:06 PM EDT,$0.53,106
20260729,MLB-MOVY-IT5-01DRGBQVTNRS6FO-SDES000-GTE-P00005,07/29/26 04:06 PM EDT,$0.49,37
20260729,MLB-MOVY-IT5-01DRGBP5TNRS7JG-SFTS000-GTE-P00005,07/29/26 04:07 PM EDT,$0.49,188
20260729,MLB-MOVY-IT5-01DRGBQVTNRS6FO-SDES000-GTE-P00005,07/29/26 04:08 PM EDT,$0.49,28
20260729,MLB-MOVY-IT5-01DRGBQVTNRS6FO-SDES000-GTE-P00005,07/29/26 04:08 PM EDT,$0.49,16
20260729,MLB-TRUNS-IT5-01DRGBQVTNRS6FO-GTE-P00045,07/29/26 04:08 PM EDT,$0.54,1
20260729,MLB-TRUNS-IT5-01DRGBQVTNRS6FO-GTE-P00045,07/29/26 04:09 PM EDT,$0.52,382
20260729,MLB-TRUNS-IT5-01DRGBQVTNRS6FO-GTE-P00045,07/29/26 04:09 PM EDT,$0.52,1618
20260729,MLB-MOVY-IT5-01DRGBQVTNRS6FO-SDES000-GTE-P00005,07/29/26 04:09 PM EDT,$0.49,44
20260729,MLB-WIN-IT5-01DRGBQVTNRS6FO-COES000,07/29/26 04:09 PM EDT,$0.43,88
20260729,MLB-PHRR-FG-01DRGBQVTNRS6FO-JALL000-GTE-P00015,07/29/26 04:09 PM EDT,$0.55,26
20260729,MLB-MOVY-IT5-01DRGBQVTNRS6FO-SDES000-GTE-P00005,07/29/26 04:10 PM EDT,$0.51,44
20260729,MLB-TRUNS-IT5-01DRGBQVTNRS6FO-GTE-P00045,07/29/26 04:10 PM EDT,$0.54,78
20260729,MLB-WIN-IT5-01DRH5CMTNRRJNO-LARS000,07/29/26 04:10 PM EDT,$0.58,5
20260729,MLB-MOVY-IT5-01DRGBQVTNRS6FO-SDES000-GTE-P00005,07/29/26 04:10 PM EDT,$0.48,4068
20260729,MLB-MOVY-IT5-01DRGBQVTNRS6FO-SDES000-GTE-P00005,07/29/26 04:11 PM EDT,$0.51,4068
20260729,MLB-WIN-IT5-01DRGBQVTNRS6FO-COES000,07/29/26 04:11 PM EDT,$0.44,17
20260729,MLB-WIN-IT5-01DRGBP5TNRS7JG-MIRS000,07/29/26 04:11 PM EDT,$0.40,5
20260729,MLB-MOVY-IT5-01DRGBQVTNRS6FO-SDES000-GTE-P00005,07/29/26 04:12 PM EDT,$0.50,28
20260729,MLB-MOVY-IT5-01DRGBQVTNRS6FO-SDES000-GTE-P00005,07/29/26 04:12 PM EDT,$0.50,22
20260729,MLB-TRUNS-IT5-01DRGBQVTNRS6FO-GTE-P00045,07/29/26 04:12 PM EDT,$0.53,165
20260729,MLB-MOVY-IT5-03VP8V0Q4PARC1O-ATES000-GTE-P00005,07/29/26 04:13 PM EDT,$0.53,90
20260729,MLB-TRUNS-IT5-01DRGBQVTNRS6FO-GTE-P00045,07/29/26 04:13 PM EDT,$0.49,943
20260729,MLB-MOVY-IT5-01DRGBP5TNRS7JG-SFTS000-GTE-P00005,07/29/26 04:13 PM EDT,$0.63,123
20260729,MLB-MOVY-IT5-01DRGBQVTNRS6FO-SDES000-GTE-P00005,07/29/26 04:13 PM EDT,$0.51,196
20260729,MLB-TRUNS-IT5-01DRGBQVTNRS6FO-GTE-P00045,07/29/26 04:14 PM EDT,$0.51,9
20260729,MLB-WIN-IT5-01DRGBQVTNRS6FO-SDES000,07/29/26 04:14 PM EDT,$0.62,350
20260729,MLB-WIN-IT5-01DRGBQVTNRS6FO-SDES000,07/29/26 04:14 PM EDT,$0.62,350
20260729,MLB-WIN-IT5-01DRGBQVTNRS6FO-SDES000,07/29/26 04:14 PM EDT,$0.62,350
20260729,MLB-MOVY-IT5-01DRGBQVTNRS6FO-SDES000-GTE-P00005,07/29/26 04:15 PM EDT,$0.56,50
20260729,MLB-WIN-IT5-01DRGBQVTNRS6FO-COES000,07/29/26 04:15 PM EDT,$0.36,26
20260729,MLB-TRUNS-IT5-01DRGBP5TNRS7JG-GTE-P00035,07/29/26 04:15 PM EDT,$0.47,91
20260729,MLB-TRUNS-IT5-01DRGBP5TNRS7JG-GTE-P00035,07/29/26 04:15 PM EDT,$0.47,81
20260729,MLB-WIN-IT5-01DRGBQVTNRS6FO-SDES000,07/29/26 04:16 PM EDT,$0.66,11
20260729,MLB-WIN-IT5-01DRH5ELTNRRJRO-NYES000,07/29/26 04:16 PM EDT,$0.61,7
20260729,MLB-TRUNS-IT5-01DRGBP5TNRS7JG-GTE-P00025,07/29/26 04:17 PM EDT,$0.66,531
20260729,MLB-TRUNS-IT5-01DRGBP5TNRS7JG-GTE-P00035,07/29/26 04:17 PM EDT,$0.51,16
20260729,MLB-TRUNS-I7-01DRGBQVTNRS6FO-GTE-P00015,07/29/26 04:17 PM EDT,$0.27,34
20260729,MLB-TRUNS-I5-01DRGBQVTNRS6FO-GTE-P00015,07/29/26 04:18 PM EDT,$0.33,14
20260729,MLB-PHRR-FG-01DRGBQVTNRS6FO-JAHY000-GTE-P00005,07/29/26 04:18 PM EDT,$0.64,11
20260729,MLB-TRUNS-IT5-01DRGBP5TNRS7JG-GTE-P00055,07/29/26 04:18 PM EDT,$0.51,24
20260729,MLB-MOVY-IT5-01DRGBQVTNRS6FO-SDES000-GTE-P00005,07/29/26 04:18 PM EDT,$0.50,96
20260729,MLB-TRUNS-I5-01DRGBQVTNRS6FO-GTE-P00015,07/29/26 04:19 PM EDT,$0.33,85
20260729,MLB-WIN-IT5-01DRGBP5TNRS7JG-SFTS000,07/29/26 04:19 PM EDT,$0.93,27
20260729,MLB-TRUNS-IT5-01DRGBQVTNRS6FO-GTE-P00045,07/29/26 04:19 PM EDT,$0.53,72
20260729,MLB-TRUNS-IT5-01DRGBQVTNRS6FO-GTE-P00045,07/29/26 04:19 PM EDT,$0.50,4
20260729,MLB-TRUNS-I2-01DRGBQVTNRS6FO-GTE-P00035,07/29/26 04:19 PM EDT,$0.10,2
20260729,MLB-TRUNS-IT5-01DRGBP5TNRS7JG-GTE-P00035,07/29/26 04:19 PM EDT,$0.86,5
20260729,MLB-TRUNS-IT5-01DRGBP5TNRS7JG-GTE-P00045,07/29/26 04:19 PM EDT,$0.70,1151
20260729,MLB-TRUNS-IT5-01DRGBP5TNRS7JG-GTE-P00045,07/29/26 04:19 PM EDT,$0.68,735
20260729,MLB-TRUNS-IT5-01DRGBP5TNRS7JG-GTE-P00045,07/29/26 04:19 PM EDT,$0.68,1562
20260729,MLB-TRUNS-I2-01DRGBP5TNRS7JG-GTE-P00035,07/29/26 04:19 PM EDT,$0.16,23
20260729,MLB-TRUNS-IT5-01DRGBQVTNRS6FO-GTE-P00045,07/29/26 04:19 PM EDT,$0.52,27
20260729,MLB-PHRR-FG-01DRGBT4TNRS6MO-DIER000-GTE-P00015,07/29/26 04:20 PM EDT,$0.30,30
20260729,MLB-TRUNS-I5-01DRGBQVTNRS6FO-GTE-P00015,07/29/26 04:20 PM EDT,$0.33,57
20260729,MLB-MOVY-IT5-01DRGBQVTNRS6FO-SDES000-GTE-P00005,07/29/26 04:20 PM EDT,$0.51,37
20260729,MLB-PHRR-FG-01DRGBQVTNRS6FO-MIAK000-GTE-P00005,07/29/26 04:20 PM EDT,$0.67,11
20260729,MLB-MOVY-IT5-01DRGBP5TNRS7JG-SFTS000-GTE-P00035,07/29/26 04:20 PM EDT,$0.40,46
20260729,MLB-TRUNS-I2-01DRGBQVTNRS6FO-GTE-P00005,07/29/26 04:21 PM EDT,$0.42,41
20260729,MLB-TRUNS-IT5-01DRGBQVTNRS6FO-GTE-P00045,07/29/26 04:21 PM EDT,$0.50,8
20260729,MLB-MOVY-IT5-01DRGBQVTNRS6FO-SDES000-GTE-P00005,07/29/26 04:21 PM EDT,$0.51,99
20260729,MLB-TRUNS-IT5-01DRGBQVTNRS6FO-GTE-P00045,07/29/26 04:22 PM EDT,$0.42,1000
20260729,MLB-PHRR-FG-01DRGBP5TNRS7JG-CHSS000-GTE-P00005,07/29/26 04:22 PM EDT,$0.52,50
20260729,MLB-TRUNS-IT5-01DRGBQVTNRS6FO-GTE-P00045,07/29/26 04:22 PM EDT,$0.42,300
20260729,MLB-TRUNS-IT5-01DRGBQVTNRS6FO-GTE-P00045,07/29/26 04:22 PM EDT,$0.42,51
20260729,MLB-TRUNS-IT5-01DRGBQVTNRS6FO-GTE-P00045,07/29/26 04:22 PM EDT,$0.42,249
20260729,MLB-MOVY-IT5-01DRGBP5TNRS7JG-SFTS000-GTE-P00035,07/29/26 04:22 PM EDT,$0.39,79
20260729,MLB-TRUNS-IT5-01DRGBP5TNRS7JG-GTE-P00055,07/29/26 04:22 PM EDT,$0.45,150
20260729,MLB-TRUNS-IT5-01DRGBP5TNRS7JG-GTE-P00055,07/29/26 04:22 PM EDT,$0.45,551
20260729,MLB-TRUNS-IT5-01DRGBQVTNRS6FO-GTE-P00045,07/29/26 04:22 PM EDT,$0.45,143
20260729,MLB-WIN-IT5-01DRGBQLTNRS7H8-TERS000,07/29/26 04:23 PM EDT,$0.45,10
20260729,MLB-WIN-IT5-01DRH5DLTNRRJQO-MINS000,07/29/26 04:23 PM EDT,$0.67,14
20260729,MLB-TRUNS-IT5-01DRGBP5TNRS7JG-GTE-P00055,07/29/26 04:23 PM EDT,$0.46,8
20260729,MLB-PHRR-FG-01DRGBT4TNRS6MO-PESO000-GTE-P00015,07/29/26 04:23 PM EDT,$0.34,13
20260729,MLB-TRUNS-I3-01DRGBP5TNRS7JG-GTE-P00005,07/29/26 04:23 PM EDT,$0.42,70
20260729,MLB-PHRR-FG-01DRGBT4TNRS6MO-TARD000-GTE-P00035,07/29/26 04:23 PM EDT,$0.10,50
20260729,MLB-MOVY-IT5-01DRGBQVTNRS6FO-SDES000-GTE-P00015,07/29/26 04:23 PM EDT,$0.52,120
20260729,MLB-TRUNS-I2-01DRGBQVTNRS6FO-GTE-P00005,07/29/26 04:23 PM EDT,$0.43,20
20260729,MLB-PHRR-FG-01DRGBT4TNRS6MO-COYO000-GTE-P00065,07/29/26 04:24 PM EDT,$0.16,27
20260729,MLB-TRUNS-IT5-01DRGBQVTNRS6FO-GTE-P00045,07/29/26 04:25 PM EDT,$0.50,240
20260729,MLB-MOVY-IT5-01DRH5ELTNRRJRO-NYES000-GTE-P00005,07/29/26 04:26 PM EDT,$0.50,29
20260729,NWSL-DWIN-FG-000A28PPI788FO8-WATW003,07/29/26 04:26 PM EDT,$0.43,22
20260729,MLB-PHRR-FG-01DRGBQLTNRS7H8-JOCA001-GTE-P00015,07/29/26 04:26 PM EDT,$0.47,50
20260729,MLB-MOVY-IT5-01DRGBP5TNRS7JG-SFTS000-GTE-P00035,07/29/26 04:26 PM EDT,$0.38,38
20260729,NWSL-DWIN-FG-000A28ULI788EFO-NJCW001,07/29/26 04:26 PM EDT,$0.60,16
20260729,MLB-TRUNS-I2-01DRGBQVTNRS6FO-GTE-P00005,07/29/26 04:26 PM EDT,$0.52,9
20260729,MLB-WIN-IT5-01DRGBQLTNRS7H8-TBYS000,07/29/26 04:27 PM EDT,$0.56,43
20260729,MLB-TRUNS-I5-01DRGBQVTNRS6FO-GTE-P00015,07/29/26 04:28 PM EDT,$0.24,142
20260729,MLB-TRUNS-IT5-01DRGBQVTNRS6FO-GTE-P00035,07/29/26 04:28 PM EDT,$0.47,38
20260729,MLB-TRUNS-I2-01DRGBQVTNRS6FO-GTE-P00015,07/29/26 04:28 PM EDT,$0.29,80
20260729,MLB-WIN-IT5-01DRH59GTNRRIEG-STLS000,07/29/26 04:28 PM EDT,$0.52,92
20260729,MLB-TRUNS-I2-01DRGBQVTNRS6FO-GTE-P00005,07/29/26 04:28 PM EDT,$0.44,50
20260729,MLB-MOVY-IT5-01DRGBTTTNRS7KO-CLNS000-GTE-P00005,07/29/26 04:28 PM EDT,$0.47,81
20260729,MLB-WIN-IT5-01DRGBQVTNRS6FO-SDES000,07/29/26 04:29 PM EDT,$0.57,169
20260729,MLB-WIN-IT5-01DRGBP5TNRS7JG-MIRS000,07/29/26 04:30 PM EDT,$0.19,50
20260729,MLB-WIN-IT5-03VP8V0Q4PARC1O-ATES000,07/29/26 04:31 PM EDT,$0.62,156
20260729,MLB-TRUNS-IT5-01DRGBP5TNRS7JG-GTE-P00055,07/29/26 04:31 PM EDT,$0.66,86
20260729,MLB-MOVY-IT5-01DRGBP5TNRS7JG-SFTS000-GTE-P00005,07/29/26 04:31 PM EDT,$0.73,33
20260729,MLB-MOVY-IT5-01DRGBP5TNRS7JG-SFTS000-GTE-P00005,07/29/26 04:31 PM EDT,$0.73,37
20260729,MLB-MOVY-IT5-01DRGBP5TNRS7JG-SFTS000-GTE-P00005,07/29/26 04:31 PM EDT,$0.73,652
20260729,MLB-MOVY-IT5-01DRGBP5TNRS7JG-SFTS000-GTE-P00005,07/29/26 04:31 PM EDT,$0.76,38
20260729,MLB-MOVY-IT5-01DRGBQVTNRS6FO-SDES000-GTE-P00005,07/29/26 04:31 PM EDT,$0.54,35
20260729,MLB-MOVY-IT5-01DRH5ELTNRRJRO-NYES000-GTE-P00005,07/29/26 04:32 PM EDT,$0.50,19
20260729,MLB-WIN-IT5-01DRH5ELTNRRJRO-NYES000,07/29/26 04:32 PM EDT,$0.62,100
20260729,MLB-TRUNS-IT5-01DRGBP5TNRS7JG-GTE-P00055,07/29/26 04:32 PM EDT,$0.64,86
20260729,MLB-MOVY-IT5-01DRGBQLTNRS7H8-TBYS000-GTE-P00005,07/29/26 04:32 PM EDT,$0.48,10
20260729,MLB-WIN-IT5-01DRH5DLTNRRJQO-KCLS000,07/29/26 04:33 PM EDT,$0.36,60
20260729,MLB-WIN-IT5-01DRH5ELTNRRJRO-NYES000,07/29/26 04:34 PM EDT,$0.62,7
20260729,MLB-TRUNS-IT5-01DRGBQVTNRS6FO-GTE-P00035,07/29/26 04:35 PM EDT,$0.39,793
20260729,MLB-TRUNS-IT5-01DRGBQVTNRS6FO-GTE-P00035,07/29/26 04:35 PM EDT,$0.38,521
20260729,MLB-WIN-IT5-01DRGBP5TNRS7JG-MIRS000,07/29/26 04:36 PM EDT,$0.04,10
20260729,MLB-TRUNS-IT5-01DRGBQVTNRS6FO-GTE-P00035,07/29/26 04:38 PM EDT,$0.36,151
20260729,MLB-TRUNS-IT5-01DRGBP5TNRS7JG-GTE-P00065,07/29/26 04:39 PM EDT,$0.46,43
20260729,MLB-TRUNS-I3-01DRGBQVTNRS6FO-GTE-P00005,07/29/26 04:39 PM EDT,$0.43,25
20260729,MLB-MOVY-IT5-01DRGBQVTNRS6FO-SDES000-GTE-P00005,07/29/26 04:39 PM EDT,$0.45,14
20260729,MLB-WIN-IT5-01DRH59GTNRRIEG-CHBS000,07/29/26 04:39 PM EDT,$0.49,15
20260729,MLB-MOVY-IT5-01DRGBQVTNRS6FO-SDES000-GTE-P00005,07/29/26 04:39 PM EDT,$0.45,3
20260729,MLB-TRUNS-IT5-01DRGBP5TNRS7JG-GTE-P00065,07/29/26 04:39 PM EDT,$0.46,208
20260729,MLB-TRUNS-IT5-01DRGBP5TNRS7JG-GTE-P00065,07/29/26 04:39 PM EDT,$0.54,260
20260729,MLB-WIN-IT5-01DRH5ELTNRRJRO-NYES000,07/29/26 04:39 PM EDT,$0.61,15
20260729,MLB-MOVY-IT5-01DRGBQVTNRS6FO-SDES000-GTE-P00005,07/29/26 04:39 PM EDT,$0.45,5
20260729,MLB-TRUNS-I3-01DRGBQVTNRS6FO-GTE-P00005,07/29/26 04:40 PM EDT,$0.50,19
20260729,MLB-TRUNS-I3-01DRGBQVTNRS6FO-GTE-P00005,07/29/26 04:40 PM EDT,$0.42,18
20260729,MLB-WIN-IT5-03VP8V0Q4PARC1O-ATES000,07/29/26 04:42 PM EDT,$0.61,24
20260729,MLB-MOVY-IT5-01DRGBQVTNRS6FO-SDES000-GTE-P00005,07/29/26 04:43 PM EDT,$0.45,98
20260729,MLB-WIN-IT5-01DRGBQVTNRS6FO-COES000,07/29/26 04:43 PM EDT,$0.46,8
20260729,MLB-MOVY-IT5-01DRGBQVTNRS6FO-SDES000-GTE-P00005,07/29/26 04:43 PM EDT,$0.45,42
20260729,MLB-MOVY-IT5-01DRH5ELTNRRJRO-NYES000-GTE-P00005,07/29/26 04:44 PM EDT,$0.50,10
20260729,MLB-TRUNS-IT5-01DRGBP5TNRS7JG-GTE-P00055,07/29/26 04:44 PM EDT,$0.43,42
20260729,MLB-TRUNS-IT5-01DRGBQVTNRS6FO-GTE-P00035,07/29/26 04:44 PM EDT,$0.36,4
20260729,MLB-WIN-IT5-01DRH59GTNRRIEG-CHBS000,07/29/26 04:44 PM EDT,$0.49,10
20260729,MLB-MOVY-IT5-01DRGBP5TNRS7JG-SFTS000-GTE-P00005,07/29/26 04:44 PM EDT,$0.82,240
20260729,MLB-TRUNS-IT5-01DRGBQVTNRS6FO-GTE-P00035,07/29/26 04:44 PM EDT,$0.36,5
20260729,MLB-WIN-IT5-01DRGBQVTNRS6FO-COES000,07/29/26 04:44 PM EDT,$0.46,447
20260729,MLB-MOVY-IT5-01DRGBQVTNRS6FO-SDES000-GTE-P00005,07/29/26 04:44 PM EDT,$0.45,105
20260729,MLB-WIN-IT5-01DRGBQVTNRS6FO-COES000,07/29/26 04:44 PM EDT,$0.44,8
20260729,MLB-PHRR-FG-01DRGBP5TNRS7JG-JARS000-GTE-P00015,07/29/26 04:45 PM EDT,$0.38,50
20260729,MLB-MOVY-IT5-01DRGBP5TNRS7JG-SFTS000-GTE-P00025,07/29/26 04:45 PM EDT,$0.29,1
20260729,MLB-PHRR-FG-01DRGBP5TNRS7JG-JARS000-GTE-P00005,07/29/26 04:45 PM EDT,$0.60,50
20260729,MLB-TRUNS-I3-01DRGBQVTNRS6FO-GTE-P00005,07/29/26 04:45 PM EDT,$0.43,179
20260729,MLB-TRUNS-I3-01DRGBQVTNRS6FO-GTE-P00005,07/29/26 04:45 PM EDT,$0.43,15
20260729,MLB-WIN-IT5-01DRGBP5TNRS7JG-MIRS000,07/29/26 04:45 PM EDT,$0.15,31
20260729,MLB-MOVY-IT5-01DRGBQVTNRS6FO-SDES000-GTE-P00005,07/29/26 04:45 PM EDT,$0.45,91
20260729,MLB-WIN-IT5-01DRGBP5TNRS7JG-MIRS000,07/29/26 04:45 PM EDT,$0.14,20
20260729,MLB-WIN-IT5-01DRGBP5TNRS7JG-MIRS000,07/29/26 04:46 PM EDT,$0.15,506
20260729,MLB-TRUNS-IT5-01DRGBP5TNRS7JG-GTE-P00055,07/29/26 04:46 PM EDT,$0.68,54
20260729,MLB-TRUNS-IT5-01DRGBQVTNRS6FO-GTE-P00035,07/29/26 04:46 PM EDT,$0.36,353
20260729,MLB-TRUNS-I3-01DRGBQVTNRS6FO-GTE-P00005,07/29/26 04:46 PM EDT,$0.43,332
20260729,MLB-TRUNS-IT5-01DRGBQVTNRS6FO-GTE-P00035,07/29/26 04:46 PM EDT,$0.39,121
20260729,MLB-TRUNS-IT5-01DRGBQVTNRS6FO-GTE-P00035,07/29/26 04:46 PM EDT,$0.36,158
20260729,MLB-WIN-IT5-01DRGBP5TNRS7JG-MIRS000,07/29/26 04:46 PM EDT,$0.15,76
20260729,MLB-TRUNS-I3-01DRGBQVTNRS6FO-GTE-P00005,07/29/26 04:47 PM EDT,$0.43,8
20260729,MLB-WIN-IT5-01DRGBP5TNRS7JG-MIRS000,07/29/26 04:47 PM EDT,$0.15,128
20260729,MLB-MOVY-IT5-01DRGBTTTNRS7KO-CLNS000-GTE-P00005,07/29/26 04:47 PM EDT,$0.47,153
20260729,MLB-TRUNS-IT5-01DRGBP5TNRS7JG-GTE-P00065,07/29/26 04:47 PM EDT,$0.34,28
20260729,MLB-WIN-IT5-01DRGBP5TNRS7JG-MIRS000,07/29/26 04:47 PM EDT,$0.15,31
20260729,MLB-WIN-IT5-01DRGBP5TNRS7JG-MIRS000,07/29/26 04:47 PM EDT,$0.15,31
20260729,MLB-MOVY-IT5-01DRGBP5TNRS7JG-SFTS000-GTE-P00005,07/29/26 04:47 PM EDT,$0.59,8
20260729,MLB-WIN-IT5-01DRGBQVTNRS6FO-SDES000,07/29/26 04:47 PM EDT,$0.60,32
20260729,MLB-TRUNS-IT5-01DRGBP5TNRS7JG-GTE-P00065,07/29/26 04:47 PM EDT,$0.34,277
20260729,MLB-MOVY-IT5-01DRGBQVTNRS6FO-SDES000-GTE-P00005,07/29/26 04:48 PM EDT,$0.48,200
20260729,MLB-WIN-IT5-01DRGBP5TNRS7JG-MIRS000,07/29/26 04:48 PM EDT,$0.15,93
20260729,MLB-WIN-IT5-01DRGBP5TNRS7JG-MIRS000,07/29/26 04:48 PM EDT,$0.15,125
20260729,MLB-TRUNS-I6-01DRGBP5TNRS7JG-GTE-P00035,07/29/26 04:48 PM EDT,$0.10,90
20260729,MLB-TRUNS-IT5-01DRGBQVTNRS6FO-GTE-P00035,07/29/26 04:49 PM EDT,$0.36,31
20260729,MLB-WIN-IT5-01DRH58PTNRRJ90-BOOX000,07/29/26 04:49 PM EDT,$0.56,60
20260729,MLB-TRUNS-IT5-01DRGBQVTNRS6FO-GTE-P00035,07/29/26 04:49 PM EDT,$0.36,151
20260729,MLB-PHRR-FG-01DRGBQLTNRS7H8-BRMO000-GTE-P00015,07/29/26 04:49 PM EDT,$0.48,18
20260729,MLB-MOVY-IT5-01DRH5CMTNRRJNO-LARS000-GTE-P00005,07/29/26 04:49 PM EDT,$0.51,1037
20260729,MLB-TRUNS-IT5-01DRGBP5TNRS7JG-GTE-P00055,07/29/26 04:49 PM EDT,$0.60,11
20260729,MLB-WIN-IT5-01DRGBQVTNRS6FO-SDES000,07/29/26 04:49 PM EDT,$0.60,645
20260729,MLB-TRUNS-I3-01DRGBQVTNRS6FO-GTE-P00005,07/29/26 04:49 PM EDT,$0.43,34
20260729,MLB-WIN-IT5-03VP8V0Q4PARC1O-ATES000,07/29/26 04:49 PM EDT,$0.61,39
20260729,MLB-PHRR-FG-01DRGBP5TNRS7JG-GALL001-GTE-P00005,07/29/26 04:49 PM EDT,$0.62,50
20260729,MLB-TRUNS-IT5-01DRGBQVTNRS6FO-GTE-P00045,07/29/26 04:49 PM EDT,$0.24,9
20260729,MLB-TRUNS-IT5-01DRGBP5TNRS7JG-GTE-P00055,07/29/26 04:49 PM EDT,$0.73,13
20260729,MLB-WIN-IT5-01DRGBQVTNRS6FO-COES000,07/29/26 04:50 PM EDT,$0.41,4
20260729,MLB-WIN-IT5-01DRGBP5TNRS7JG-MIRS000,07/29/26 04:50 PM EDT,$0.15,312
20260729,MLB-PHRR-FG-01DRGBP5TNRS7JG-GALL001-GTE-P00015,07/29/26 04:50 PM EDT,$0.39,50
20260729,MLB-TRUNS-IT5-01DRGBQVTNRS6FO-GTE-P00035,07/29/26 04:50 PM EDT,$0.36,151
20260729,MLB-MOVY-IT5-01DRGBQVTNRS6FO-SDES000-GTE-P00005,07/29/26 04:50 PM EDT,$0.45,8
20260729,MLB-MOVY-IT5-01DRGBQVTNRS6FO-SDES000-GTE-P00005,07/29/26 04:50 PM EDT,$0.45,17
20260729,MLB-MOVY-IT5-01DRGBQVTNRS6FO-SDES000-GTE-P00005,07/29/26 04:50 PM EDT,$0.48,28
20260729,MLB-WIN-IT5-01DRH58PTNRRJ90-BOOX000,07/29/26 04:50 PM EDT,$0.56,86
20260729,MLB-WIN-IT5-01DRH58PTNRRJ90-BOOX000,07/29/26 04:51 PM EDT,$0.56,17
20260729,MLB-WIN-IT5-01DRGBP5TNRS7JG-MIRS000,07/29/26 04:51 PM EDT,$0.14,200
20260729,MLB-MOVY-IT5-01DRGBQVTNRS6FO-SDES000-GTE-P00005,07/29/26 04:51 PM EDT,$0.45,26
20260729,MLB-TRUNS-IT5-01DRGBP5TNRS7JG-GTE-P00055,07/29/26 04:51 PM EDT,$0.64,5
20260729,MLB-MOVY-IT5-01DRGBP5TNRS7JG-SFTS000-GTE-P00015,07/29/26 04:51 PM EDT,$0.65,1
20260729,MLB-PHRR-FG-01DRGBP5TNRS7JG-GALL001-GTE-P00015,07/29/26 04:51 PM EDT,$0.31,50
20260729,MLB-TRUNS-I3-01DRGBQVTNRS6FO-GTE-P00015,07/29/26 04:51 PM EDT,$0.21,70
20260729,MLB-WIN-IT5-01DRGBP5TNRS7JG-MIRS000,07/29/26 04:52 PM EDT,$0.14,666
20260729,MLB-TRUNS-I6-01DRGBP5TNRS7JG-GTE-P00015,07/29/26 04:52 PM EDT,$0.27,7
20260729,MLB-TRUNS-IT5-01DRGBQVTNRS6FO-GTE-P00035,07/29/26 04:52 PM EDT,$0.36,22
20260729,MLB-MOVY-IT5-01DRGBQVTNRS6FO-SDES000-GTE-P00005,07/29/26 04:52 PM EDT,$0.45,18
20260729,MLB-TRUNS-I3-01DRGBQVTNRS6FO-GTE-P00015,07/29/26 04:52 PM EDT,$0.21,10
20260729,MLB-MOVY-IT5-01DRH5ANTNRRIEO-HOOS000-GTE-P00005,07/29/26 04:52 PM EDT,$0.47,187
20260729,MLB-TRUNS-I5-01DRGBQVTNRS6FO-GTE-P00005,07/29/26 04:52 PM EDT,$0.44,20
20260729,MLB-TRUNS-IT5-01DRGBQVTNRS6FO-GTE-P00035,07/29/26 04:53 PM EDT,$0.36,36
20260729,MLB-TRUNS-IT5-01DRGBP5TNRS7JG-GTE-P00065,07/29/26 04:53 PM EDT,$0.34,625
20260729,MLB-MOVY-IT5-01DRGBP5TNRS7JG-SFTS000-GTE-P00005,07/29/26 04:53 PM EDT,$0.87,7
20260729,MLB-WIN-IT5-01DRGBP5TNRS7JG-MIRS000,07/29/26 04:53 PM EDT,$0.09,50
20260729,MLB-TRUNS-IT5-01DRGBQVTNRS6FO-GTE-P00035,07/29/26 04:53 PM EDT,$0.36,327
20260729,MLB-PHRR-FG-01DRH5ELTNRRJRO-SPES000-GTE-P00015,07/29/26 04:53 PM EDT,$0.41,1
20260729,MLB-MOVY-IT5-01DRH59GTNRRIEG-STLS000-GTE-P00005,07/29/26 04:54 PM EDT,$0.43,36
20260729,MLB-WIN-IT5-01DRGBQVTNRS6FO-COES000,07/29/26 04:54 PM EDT,$0.41,46
20260729,MLB-TRUNS-IT5-01DRGBQVTNRS6FO-GTE-P00045,07/29/26 04:54 PM EDT,$0.24,10
20260729,MLB-TRUNS-IT5-01DRGBP5TNRS7JG-GTE-P00065,07/29/26 04:54 PM EDT,$0.34,277
20260729,MLB-MOVY-IT5-01DRH5ELTNRRJRO-NYES000-GTE-P00005,07/29/26 04:54 PM EDT,$0.50,6
20260729,NWSL-DWIN-FG-000A28PPI788FO8-WATW003,07/29/26 04:55 PM EDT,$0.43,44
20260729,MLB-TRUNS-I3-01DRGBQVTNRS6FO-GTE-P00015,07/29/26 04:55 PM EDT,$0.21,488
20260729,MLB-MOVY-IT5-01DRGBQVTNRS6FO-SDES000-GTE-P00005,07/29/26 04:55 PM EDT,$0.45,83
20260729,MLB-MOVY-IT5-01DRGBQVTNRS6FO-SDES000-GTE-P00005,07/29/26 04:56 PM EDT,$0.48,5
20260729,MLB-WIN-IT5-01DRGBQVTNRS6FO-SDES000,07/29/26 04:56 PM EDT,$0.60,330
20260729,MLB-WIN-IT5-01DRGBP5TNRS7JG-MIRS000,07/29/26 04:56 PM EDT,$0.08,50
20260729,MLB-TRUNS-I1-01DRGBQLTNRS7H8-GTE-P00015,07/29/26 04:56 PM EDT,$0.31,154
20260729,MLB-MOVY-IT5-01DRGBQVTNRS6FO-SDES000-GTE-P00005,07/29/26 04:56 PM EDT,$0.45,501
20260729,MLB-MOVY-IT5-01DRGBQVTNRS6FO-SDES000-GTE-P00005,07/29/26 04:56 PM EDT,$0.45,100
20260729,MLB-MOVY-IT5-01DRGBQVTNRS6FO-SDES000-GTE-P00005,07/29/26 04:56 PM EDT,$0.44,5
20260729,MLB-TRUNS-I3-01DRGBQVTNRS6FO-GTE-P00025,07/29/26 04:56 PM EDT,$0.17,83
20260729,MLB-PHRR-FG-01DRGBP5TNRS7JG-WIES000-GTE-P00015,07/29/26 04:56 PM EDT,$0.56,50
20260729,MLB-MOVY-IT5-01DRGBQVTNRS6FO-SDES000-GTE-P00005,07/29/26 04:56 PM EDT,$0.44,72
20260729,MLB-TRUNS-I4-01DRGBQVTNRS6FO-GTE-P00015,07/29/26 04:56 PM EDT,$0.30,109
20260729,MLB-WIN-IT5-01DRGBP5TNRS7JG-SFTS000,07/29/26 04:56 PM EDT,$0.92,957
20260729,MLB-MOVY-IT5-01DRGBQVTNRS6FO-SDES000-GTE-P00005,07/29/26 04:56 PM EDT,$0.44,5
20260729,MLB-MOVY-IT5-01DRGBQVTNRS6FO-SDES000-GTE-P00005,07/29/26 04:57 PM EDT,$0.44,194
20260729,MLB-MOVY-IT5-01DRGBQVTNRS6FO-SDES000-GTE-P00005,07/29/26 04:57 PM EDT,$0.48,20
20260729,MLB-WIN-IT5-01DRH5ELTNRRJRO-NYES000,07/29/26 04:57 PM EDT,$0.61,80
20260729,MLB-MOVY-IT5-01DRGBQVTNRS6FO-SDES000-GTE-P00005,07/29/26 04:57 PM EDT,$0.44,25
20260729,MLB-MOVY-IT5-01DRGBQVTNRS6FO-SDES000-GTE-P00005,07/29/26 04:57 PM EDT,$0.44,146
20260729,MLB-WIN-IT5-01DRGBQVTNRS6FO-COES000,07/29/26 04:58 PM EDT,$0.46,77
20260729,MLB-WIN-IT5-01DRGBQVTNRS6FO-COES000,07/29/26 04:58 PM EDT,$0.46,108
20260729,MLB-WIN-IT5-01DRH59GTNRRIEG-STLS000,07/29/26 04:58 PM EDT,$0.54,180
20260729,MLB-WIN-IT5-01DRGBQVTNRS6FO-COES000,07/29/26 04:58 PM EDT,$0.46,20
20260729,MLB-MOVY-IT5-01DRGBQVTNRS6FO-SDES000-GTE-P00005,07/29/26 04:58 PM EDT,$0.44,446
20260729,MLB-WIN-IT5-01DRGBQVTNRS6FO-COES000,07/29/26 04:58 PM EDT,$0.46,1
20260729,MLB-TRUNS-IT5-01DRGBP5TNRS7JG-GTE-P00055,07/29/26 04:58 PM EDT,$0.57,11
20260729,MLB-TRUNS-IT5-01DRGBP5TNRS7JG-GTE-P00055,07/29/26 04:58 PM EDT,$0.60,483
20260729,MLB-TRUNS-IT5-01DRGBTTTNRS7KO-GTE-P00045,07/29/26 04:58 PM EDT,$0.49,9
20260729,MLB-WIN-IT5-01DRH5DLTNRRJQO-MINS000,07/29/26 04:58 PM EDT,$0.68,3976
20260729,MLB-WIN-IT5-03VP8V0Q4PARC1O-ATES000,07/29/26 04:58 PM EDT,$0.62,79
20260729,MLB-WIN-IT5-01DRGBP5TNRS7JG-MIRS000,07/29/26 04:59 PM EDT,$0.09,50
20260729,MLB-TRUNS-IT5-01DRGBP5TNRS7JG-GTE-P00055,07/29/26 04:59 PM EDT,$0.61,18
20260730,MLB-TRUNS-IT5-01DRGBP5TNRS7JG-GTE-P00055,07/29/26 05:00 PM EDT,$0.52,14
20260730,MLB-WIN-IT5-01DRGBQVTNRS6FO-SDES000,07/29/26 05:01 PM EDT,$0.48,100
20260730,MLB-WIN-IT5-01DRGBQVTNRS6FO-COES000,07/29/26 05:01 PM EDT,$0.57,32
20260730,MLB-WIN-IT5-01DRGBQVTNRS6FO-COES000,07/29/26 05:02 PM EDT,$0.57,8
20260730,MLB-WIN-IT5-01DRGBQVTNRS6FO-SDES000,07/29/26 05:03 PM EDT,$0.54,192
20260730,MLB-WIN-IT5-01DRGBQVTNRS6FO-COES000,07/29/26 05:03 PM EDT,$0.48,18
20260730,MLB-MOVY-IT5-01DRGBQVTNRS6FO-SDES000-GTE-P00015,07/29/26 05:03 PM EDT,$0.25,37
20260730,MLB-WIN-IT5-01DRGBQVTNRS6FO-SDES000,07/29/26 05:03 PM EDT,$0.54,680
20260730,MLB-WIN-IT5-01DRGBQVTNRS6FO-SDES000,07/29/26 05:03 PM EDT,$0.54,89
20260730,MLB-TRUNS-I5-01DRGBQVTNRS6FO-GTE-P00015,07/29/26 05:03 PM EDT,$0.22,18
20260730,MLB-TRUNS-I5-01DRGBQVTNRS6FO-GTE-P00005,07/29/26 05:03 PM EDT,$0.43,16
20260730,MLB-WIN-IT5-01DRGBQVTNRS6FO-COES000,07/29/26 05:04 PM EDT,$0.49,78
20260730,MLB-TRUNS-I4-01DRGBQVTNRS6FO-GTE-P00005,07/29/26 05:04 PM EDT,$0.42,216
20260730,MLB-TRUNS-IT5-01DRGBP5TNRS7JG-GTE-P00065,07/29/26 05:04 PM EDT,$0.16,11
20260730,MLB-TRUNS-I5-01DRGBQVTNRS6FO-GTE-P00005,07/29/26 05:05 PM EDT,$0.52,37
20260730,MLB-WIN-IT5-01DRGBQVTNRS6FO-COES000,07/29/26 05:06 PM EDT,$0.33,5
20260730,MLB-WIN-IT5-01DRGBP5TNRS7JG-SFTS000,07/29/26 05:06 PM EDT,$0.95,31
20260730,MLB-TRUNS-I4-01DRGBQVTNRS6FO-GTE-P00005,07/29/26 05:06 PM EDT,$0.35,67
20260730,MLB-TRUNS-I6-01DRGBP5TNRS7JG-GTE-P00035,07/29/26 05:06 PM EDT,$0.01,50
20260730,MLB-WIN-IT5-01DRGBQVTNRS6FO-COES000,07/29/26 05:06 PM EDT,$0.33,34
20260730,MLB-TRUNS-IT5-01DRGBP5TNRS7JG-GTE-P00065,07/29/26 05:08 PM EDT,$0.09,161
20260730,MLB-WIN-IT5-01DRGBQVTNRS6FO-SDES000,07/29/26 05:08 PM EDT,$0.73,653
20260730,MLB-TRUNS-I4-01DRGBQVTNRS6FO-GTE-P00005,07/29/26 05:08 PM EDT,$0.49,392
20260730,MLB-TRUNS-I4-01DRGBQVTNRS6FO-GTE-P00005,07/29/26 05:09 PM EDT,$0.49,29
20260730,MLB-MOVY-IT5-01DRGBQVTNRS6FO-SDES000-GTE-P00015,07/29/26 05:09 PM EDT,$0.30,694
20260730,MLB-PHRR-FG-01DRGBQVTNRS6FO-EZAR000-GTE-P00035,07/29/26 05:10 PM EDT,$0.08,50
20260730,MLB-MOVY-IT5-01DRGBQVTNRS6FO-SDES000-GTE-P00005,07/29/26 05:10 PM EDT,$0.46,20
20260730,MLB-MOVY-IT5-01DRGBQVTNRS6FO-SDES000-GTE-P00005,07/29/26 05:10 PM EDT,$0.54,57
20260730,MLB-TRUNS-I4-01DRGBQVTNRS6FO-GTE-P00005,07/29/26 05:10 PM EDT,$0.45,21
20260730,MLB-TRUNS-I5-01DRGBP5TNRS7JG-GTE-P00005,07/29/26 05:10 PM EDT,$0.38,8
20260730,MLB-TRUNS-I1-01DRGBQLTNRS7H8-GTE-P00035,07/29/26 05:10 PM EDT,$0.10,347
20260730,MLB-MOVY-IT5-01DRGBQVTNRS6FO-SDES000-GTE-P00005,07/29/26 05:10 PM EDT,$0.46,87
20260730,MLB-TRUNS-IT5-01DRGBP5TNRS7JG-GTE-P00055,07/29/26 05:11 PM EDT,$0.34,6
20260730,MLB-TRUNS-IT5-01DRGBP5TNRS7JG-GTE-P00055,07/29/26 05:11 PM EDT,$0.34,49
20260730,MLB-WIN-IT5-01DRH5ELTNRRJRO-NYES000,07/29/26 05:11 PM EDT,$0.61,3
20260730,MLB-TRUNS-I4-01DRGBQVTNRS6FO-GTE-P00005,07/29/26 05:11 PM EDT,$0.37,143
20260730,MLB-MOVY-IT5-01DRH5ANTNRRIEO-HOOS000-GTE-P00005,07/29/26 05:11 PM EDT,$0.50,38
20260730,MLB-MOVY-IT5-01DRGBP5TNRS7JG-SFTS000-GTE-P00015,07/29/26 05:11 PM EDT,$0.48,1
20260730,MLB-TRUNS-I1-01DRH58PTNRRJ90-GTE-P00015,07/29/26 05:12 PM EDT,$0.39,2
20260730,MLB-TRUNS-IT5-01DRGBP5TNRS7JG-GTE-P00055,07/29/26 05:12 PM EDT,$0.26,6
20260730,MLB-MOVY-IT5-01DRGBP5TNRS7JG-SFTS000-GTE-P00025,07/29/26 05:12 PM EDT,$0.14,1
20260730,MLB-MOVY-IT5-01DRGBQVTNRS6FO-SDES000-GTE-P00015,07/29/26 05:13 PM EDT,$0.48,63
20260730,MLB-MOVY-IT5-01DRGBQVTNRS6FO-SDES000-GTE-P00015,07/29/26 05:13 PM EDT,$0.56,168
20260730,MLB-TRUNS-I4-01DRGBQVTNRS6FO-GTE-P00005,07/29/26 05:13 PM EDT,$0.73,66
20260730,MLB-MOVY-IT5-01DRGBQVTNRS6FO-SDES000-GTE-P00015,07/29/26 05:13 PM EDT,$0.45,54
20260730,MLB-MOVY-IT5-01DRGBQVTNRS6FO-SDES000-GTE-P00015,07/29/26 05:13 PM EDT,$0.45,43
20260730,MLB-TRUNS-IT5-01DRGBP5TNRS7JG-GTE-P00055,07/29/26 05:13 PM EDT,$0.21,108
20260730,MLB-MOVY-IT5-01DRGBQVTNRS6FO-SDES000-GTE-P00005,07/29/26 05:14 PM EDT,$0.86,83
20260730,MLB-MOVY-IT5-01DRGBQVTNRS6FO-SDES000-GTE-P00005,07/29/26 05:14 PM EDT,$0.88,21
20260730,MLB-WIN-IT5-01DRH5ELTNRRJRO-CHOX000,07/29/26 05:14 PM EDT,$0.46,20
20260730,MLB-MOVY-IT5-01DRGBQVTNRS6FO-SDES000-GTE-P00015,07/29/26 05:15 PM EDT,$0.67,46
20260730,MLB-MOVY-IT5-01DRGBQVTNRS6FO-SDES000-GTE-P00015,07/29/26 05:15 PM EDT,$0.64,57
20260730,MLB-WIN-IT5-01DRGBQVTNRS6FO-COES000,07/29/26 05:15 PM EDT,$0.06,17
20260730,MLB-WIN-IT5-01DRGBQVTNRS6FO-COES000,07/29/26 05:15 PM EDT,$0.06,31
20260730,MLB-WIN-IT5-01DRGBQVTNRS6FO-COES000,07/29/26 05:15 PM EDT,$0.10,350
20260730,MLB-TRUNS-I4-01DRGBQVTNRS6FO-GTE-P00035,07/29/26 05:15 PM EDT,$0.27,83
20260730,MLB-WIN-IT5-01DRGBQVTNRS6FO-SDES000,07/29/26 05:16 PM EDT,$0.90,350
20260730,MLB-WIN-IT5-01DRGBQVTNRS6FO-SDES000,07/29/26 05:16 PM EDT,$0.90,350
20260730,MLB-WIN-IT5-01DRGBQVTNRS6FO-COES000,07/29/26 05:16 PM EDT,$0.09,350
20260730,MLB-WIN-IT5-01DRGBP5TNRS7JG-MIRS000,07/29/26 05:16 PM EDT,$0.04,20
20260730,MLB-TRUNS-I5-01DRGBQVTNRS6FO-GTE-P00035,07/29/26 05:16 PM EDT,$0.12,115
20260730,MLB-MOVY-IT5-01DRGBQVTNRS6FO-SDES000-GTE-P00015,07/29/26 05:16 PM EDT,$0.67,350
20260730,MLB-MOVY-IT5-01DRGBP5TNRS7JG-SFTS000-GTE-P00015,07/29/26 05:16 PM EDT,$0.11,1
20260730,MLB-MOVY-IT5-01DRH59GTNRRIEG-STLS000-GTE-P00005,07/29/26 05:16 PM EDT,$0.40,86
20260730,MLB-TRUNS-IT5-01DRGBQVTNRS6FO-GTE-P00045,07/29/26 05:16 PM EDT,$0.49,68
20260730,MLB-WIN-IT5-01DRGBQVTNRS6FO-COES000,07/29/26 05:16 PM EDT,$0.07,62
20260730,MLB-TRUNS-IT5-01DRGBP5TNRS7JG-GTE-P00055,07/29/26 05:17 PM EDT,$0.19,6
20260730,MLB-TRUNS-I5-01DRGBQVTNRS6FO-GTE-P00025,07/29/26 05:17 PM EDT,$0.21,217
20260730,MLB-TRUNS-IT5-01DRGBQVTNRS6FO-GTE-P00055,07/29/26 05:17 PM EDT,$0.33,15
20260730,MLB-TRUNS-IT5-01DRGBQVTNRS6FO-GTE-P00055,07/29/26 05:17 PM EDT,$0.33,285
20260730,MLB-TRUNS-I5-01DRGBQVTNRS6FO-GTE-P00035,07/29/26 05:17 PM EDT,$0.06,115
20260730,MLB-MOVY-IT5-01DRGBQVTNRS6FO-SDES000-GTE-P00035,07/29/26 05:17 PM EDT,$0.50,19
20260730,MLB-MOVY-IT5-01DRGBQVTNRS6FO-SDES000-GTE-P00035,07/29/26 05:17 PM EDT,$0.42,42
20260730,MLB-TRUNS-IT5-01DRGBP5TNRS7JG-GTE-P00055,07/29/26 05:17 PM EDT,$0.18,25
20260730,MLB-MOVY-IT5-01DRGBQVTNRS6FO-SDES000-GTE-P00035,07/29/26 05:18 PM EDT,$0.50,653
20260730,MLB-WIN-IT5-01DRGBTTTNRS7KO-CLNS000,07/29/26 05:18 PM EDT,$0.57,16
20260730,MLB-MOVY-IT5-01DRGBQVTNRS6FO-SDES000-GTE-P00035,07/29/26 05:18 PM EDT,$0.51,30
20260730,MLB-TRUNS-IT5-01DRGBQVTNRS6FO-GTE-P00055,07/29/26 05:18 PM EDT,$0.29,32
20260730,MLB-TRUNS-IT5-01DRGBQVTNRS6FO-GTE-P00055,07/29/26 05:18 PM EDT,$0.29,32
20260730,MLB-TRUNS-IT5-01DRGBP5TNRS7JG-GTE-P00055,07/29/26 05:19 PM EDT,$0.23,24
20260730,MLB-MOVY-IT5-01DRGBQVTNRS6FO-SDES000-GTE-P00035,07/29/26 05:19 PM EDT,$0.44,11
20260730,MLB-TRUNS-IT5-01DRGBQVTNRS6FO-GTE-P00055,07/29/26 05:19 PM EDT,$0.23,32
20260730,MLB-TRUNS-IT5-01DRGBP5TNRS7JG-GTE-P00055,07/29/26 05:19 PM EDT,$0.26,35
20260730,MLB-TRUNS-IT5-01DRGBP5TNRS7JG-GTE-P00055,07/29/26 05:19 PM EDT,$0.28,350
20260730,MLB-TRUNS-IT5-01DRGBP5TNRS7JG-GTE-P00055,07/29/26 05:20 PM EDT,$0.28,350
20260730,MLB-MOVY-IT5-01DRGBQVTNRS6FO-SDES000-GTE-P00015,07/29/26 05:20 PM EDT,$0.87,57
20260730,MLB-TRUNS-I5-01DRGBQVTNRS6FO-GTE-P00005,07/29/26 05:20 PM EDT,$0.48,37
20260730,MLB-TRUNS-IT5-01DRGBP5TNRS7JG-GTE-P00055,07/29/26 05:20 PM EDT,$0.28,350
20260730,MLB-TRUNS-I5-01DRGBQVTNRS6FO-GTE-P00005,07/29/26 05:20 PM EDT,$0.48,148
20260730,MLB-MOVY-IT5-01DRGBQVTNRS6FO-SDES000-GTE-P00035,07/29/26 05:20 PM EDT,$0.41,120
20260730,MLB-TRUNS-IT5-01DRGBP5TNRS7JG-GTE-P00055,07/29/26 05:20 PM EDT,$0.28,350
20260730,MLB-TRUNS-IT5-01DRGBP5TNRS7JG-GTE-P00055,07/29/26 05:20 PM EDT,$0.35,108
20260730,MLB-TRUNS-IT5-01DRGBQVTNRS6FO-GTE-P00055,07/29/26 05:20 PM EDT,$0.28,40
20260730,MLB-TRUNS-I1-01DRH5ANTNRRIEO-GTE-P00005,07/29/26 05:20 PM EDT,$0.59,1
20260730,NWSL-DWIN-FG-000A28PPI788FO8-WATW003,07/29/26 05:21 PM EDT,$0.40,23
20260730,MLB-TRUNS-IT5-01DRGBP5TNRS7JG-GTE-P00055,07/29/26 05:21 PM EDT,$0.36,26
20260730,MLB-TRUNS-IT5-01DRGBP5TNRS7JG-GTE-P00055,07/29/26 05:21 PM EDT,$0.28,350
20260730,MLB-TRUNS-IT5-01DRGBP5TNRS7JG-GTE-P00065,07/29/26 05:21 PM EDT,$0.09,350
20260730,MLB-TRUNS-IT5-01DRGBQVTNRS6FO-GTE-P00055,07/29/26 05:21 PM EDT,$0.24,37
20260730,MLB-TRUNS-IT5-01DRGBQVTNRS6FO-GTE-P00055,07/29/26 05:21 PM EDT,$0.16,25
20260730,MLB-TRUNS-I5-01DRGBQVTNRS6FO-GTE-P00005,07/29/26 05:21 PM EDT,$0.44,56
20260730,MLB-WIN-IT5-01DRH59GTNRRIEG-STLS000,07/29/26 05:21 PM EDT,$0.55,17
20260730,MLB-MOVY-IT5-01DRGBP5TNRS7JG-SFTS000-GTE-P00025,07/29/26 05:22 PM EDT,$0.03,1
20260730,MLB-MOVY-IT5-01DRGBQVTNRS6FO-SDES000-GTE-P00035,07/29/26 05:22 PM EDT,$0.20,69
20260730,MLB-MOVY-IT5-01DRGBQVTNRS6FO-SDES000-GTE-P00005,07/29/26 05:22 PM EDT,$0.92,20
20260730,MLB-TRUNS-I6-01DRGBP5TNRS7JG-GTE-P00005,07/29/26 05:23 PM EDT,$0.39,15
20260730,MLB-TRUNS-I6-01DRGBP5TNRS7JG-GTE-P00005,07/29/26 05:23 PM EDT,$0.39,193
20260730,MLB-WIN-IT5-01DRGBQVTNRS6FO-SDES000,07/29/26 05:23 PM EDT,$0.96,89
20260730,MLB-TRUNS-I5-01DRGBQVTNRS6FO-GTE-P00015,07/29/26 05:23 PM EDT,$0.30,206
20260730,MLB-TRUNS-I6-01DRGBP5TNRS7JG-GTE-P00005,07/29/26 05:23 PM EDT,$0.46,64
20260730,MLB-WIN-IT5-01DRH5DLTNRRJQO-MINS000,07/29/26 05:24 PM EDT,$0.68,7
20260730,MLB-TRUNS-I5-01DRGBQVTNRS6FO-GTE-P00005,07/29/26 05:24 PM EDT,$0.44,17
20260730,MLB-WIN-IT5-03VP8V0Q4PARC1O-ATES000,07/29/26 05:25 PM EDT,$0.62,78
20260730,MLB-WIN-IT5-01DRH58PTNRRJ90-BOOX000,07/29/26 05:25 PM EDT,$0.56,18
20260730,MLB-WIN-IT5-01DRGBQVTNRS6FO-COES000,07/29/26 05:25 PM EDT,$0.08,11
20260730,MLB-TRUNS-I6-01DRGBP5TNRS7JG-GTE-P00005,07/29/26 05:25 PM EDT,$0.29,93
20260730,MLB-MOVY-IT5-01DRGBQVTNRS6FO-SDES000-GTE-P00025,07/29/26 05:26 PM EDT,$0.76,102
20260730,MLB-TRUNS-I5-01DRGBQVTNRS6FO-GTE-P00005,07/29/26 05:26 PM EDT,$0.52,16
20260730,MLB-WIN-IT5-01DRH58PTNRRJ90-BOOX000,07/29/26 05:26 PM EDT,$0.56,129
20260730,MLB-MOVY-IT5-01DRGBQVTNRS6FO-SDES000-GTE-P00025,07/29/26 05:26 PM EDT,$0.71,161
20260730,MLB-MOVY-IT5-01DRGBQVTNRS6FO-SDES000-GTE-P00025,07/29/26 05:26 PM EDT,$0.70,117
20260730,MLB-MOVY-IT5-01DRGBQVTNRS6FO-SDES000-GTE-P00005,07/29/26 05:27 PM EDT,$0.96,87
20260730,MLB-TRUNS-IT5-01DRGBQVTNRS6FO-GTE-P00055,07/29/26 05:27 PM EDT,$0.23,40
20260730,MLB-TRUNS-IT5-01DRH5ELTNRRJRO-GTE-P00035,07/29/26 05:27 PM EDT,$0.57,13
20260730,MLB-WIN-IT5-03VP8V0Q4PARC1O-ATES000,07/29/26 05:28 PM EDT,$0.62,78
20260730,MLB-WIN-IT5-03VP8V0Q4PARC1O-ATES000,07/29/26 05:31 PM EDT,$0.62,93
20260730,MLB-MOVY-IT5-01DRGBQVTNRS6FO-SDES000-GTE-P00035,07/29/26 05:31 PM EDT,$0.23,77
20260730,MLB-TRUNS-I5-01DRGBQVTNRS6FO-GTE-P00005,07/29/26 05:32 PM EDT,$0.40,35
20260730,MLB-TRUNS-IT5-01DRGBQLTNRS7H8-GTE-P00045,07/29/26 05:32 PM EDT,$0.40,3
20260730,MLB-WIN-IT5-03VP8V0Q4PARC1O-ATES000,07/29/26 05:33 PM EDT,$0.62,10
20260730,MLB-WIN-IT5-01DRGBTTTNRS7KO-CLNS000,07/29/26 05:33 PM EDT,$0.55,8
20260730,MLB-MOVY-IT5-01DRGBQVTNRS6FO-SDES000-GTE-P00035,07/29/26 05:33 PM EDT,$0.32,58
20260730,MLB-MOVY-IT5-01DRGBQVTNRS6FO-SDES000-GTE-P00015,07/29/26 05:33 PM EDT,$0.97,168
20260730,MLB-TRUNS-I6-01DRGBP5TNRS7JG-GTE-P00005,07/29/26 05:33 PM EDT,$0.40,169
20260730,MLB-WIN-IT5-01DRH5ELTNRRJRO-NYES000,07/29/26 05:35 PM EDT,$0.60,289
20260730,MLB-TRUNS-I6-01DRGBP5TNRS7JG-GTE-P00005,07/29/26 05:35 PM EDT,$0.62,50
20260730,MLB-TRUNS-I6-01DRGBP5TNRS7JG-GTE-P00005,07/29/26 05:36 PM EDT,$0.70,48
20260730,MLB-MOVY-IT5-03VP8V0Q4PARC1O-ATES000-GTE-P00005,07/29/26 05:36 PM EDT,$0.55,70
20260730,MLB-TRUNS-I6-01DRGBP5TNRS7JG-GTE-P00015,07/29/26 05:36 PM EDT,$0.40,7
20260730,MLB-MOVY-IT5-01DRGBTTTNRS7KO-CIDS000-GTE-P00005,07/29/26 05:37 PM EDT,$0.37,15
20260730,MLB-TRUNS-IT5-01DRGBQVTNRS6FO-GTE-P00055,07/29/26 05:37 PM EDT,$0.31,187
20260730,MLB-MOVY-IT5-01DRGBTTTNRS7KO-CIDS000-GTE-P00005,07/29/26 05:37 PM EDT,$0.39,37
20260730,MLB-TRUNS-I5-01DRGBQVTNRS6FO-GTE-P00005,07/29/26 05:38 PM EDT,$0.67,17
20260730,MLB-TRUNS-I6-01DRGBP5TNRS7JG-GTE-P00005,07/29/26 05:38 PM EDT,$0.78,25
20260730,MLB-MOVY-IT5-01DRGBQVTNRS6FO-SDES000-GTE-P00035,07/29/26 05:39 PM EDT,$0.67,11
20260730,MLB-MOVY-IT5-01DRGBQVTNRS6FO-SDES000-GTE-P00045,07/29/26 05:39 PM EDT,$0.36,5
20260730,MLB-PHRR-FG-01DRGBQVTNRS6FO-JAHY000-GTE-P00005,07/29/26 05:39 PM EDT,$0.31,42
20260730,MLB-WIN-IT5-01DRH5ELTNRRJRO-NYES000,07/29/26 05:39 PM EDT,$0.60,8
20260730,MLB-TRUNS-I6-01DRGBP5TNRS7JG-GTE-P00015,07/29/26 05:40 PM EDT,$0.36,261
20260730,MLB-PHRR-FG-01DRGBQVTNRS6FO-HUAN001-GTE-P00015,07/29/26 05:40 PM EDT,$0.24,38
20260730,MLB-WIN-IT5-01DRH5ELTNRRJRO-NYES000,07/29/26 05:40 PM EDT,$0.60,201
20260730,MLB-PHRR-FG-01DRGBP5TNRS7JG-DAAC000-GTE-P00055,07/29/26 05:41 PM EDT,$0.54,44
20260730,MLB-WIN-IT5-01DRH5CMTNRRJNO-SERS000,07/29/26 05:41 PM EDT,$0.44,4
20260730,MLB-TRUNS-I6-01DRGBP5TNRS7JG-GTE-P00005,07/29/26 05:41 PM EDT,$0.87,301
20260730,MLB-TRUNS-I6-01DRGBP5TNRS7JG-GTE-P00005,07/29/26 05:42 PM EDT,$0.87,26
20260730,MLB-PHRR-FG-01DRH59GTNRRIEG-PENG000-GTE-P00015,07/29/26 05:42 PM EDT,$0.58,3
20260730,MLB-TRUNS-IT5-01DRGBQLTNRS7H8-GTE-P00045,07/29/26 05:42 PM EDT,$0.48,5
20260730,MLB-PHRR-FG-01DRGBP5TNRS7JG-HEOS000-GTE-P00025,07/29/26 05:45 PM EDT,$0.38,50
20260730,MLB-PHRR-FG-01DRGBP5TNRS7JG-HEOS000-GTE-P00025,07/29/26 05:45 PM EDT,$0.38,50
20260730,MLB-TRUNS-I8-01DRGBP5TNRS7JG-GTE-P00035,07/29/26 05:45 PM EDT,$0.10,45
20260730,NWSL-DWIN-FG-000A28PPI788FO8-WATW003,07/29/26 05:45 PM EDT,$0.40,4
20260730,NWSL-DWIN-FG-000A28ULI788EFO-NJCW001,07/29/26 05:45 PM EDT,$0.61,7
20260730,NWSL-DWIN-FG-000A28SHI788EU0-KATW001,07/29/26 05:45 PM EDT,$0.70,2
20260730,MLB-TRUNS-I6-01DRGBQVTNRS6FO-GTE-P00005,07/29/26 05:46 PM EDT,$0.30,38
20260730,MLB-PHRR-FG-01DRGBQLTNRS7H8-BRMO000-GTE-P00015,07/29/26 05:46 PM EDT,$0.48,2
20260730,MLB-TRUNS-I9-01DRGBP5TNRS7JG-GTE-P00005,07/29/26 05:46 PM EDT,$0.28,26
20260730,MLB-PHRR-FG-01DRGBP5TNRS7JG-RARS000-GTE-P00005,07/29/26 05:46 PM EDT,$0.45,50
20260730,MLB-MOVY-IT5-01DRGBQLTNRS7H8-TBYS000-GTE-P00005,07/29/26 05:46 PM EDT,$0.50,19
20260730,MLB-PHRR-FG-01DRGBQLTNRS7H8-JAER001-GTE-P00015,07/29/26 05:47 PM EDT,$0.50,1
20260730,MLB-TRUNS-IT5-01DRH5DLTNRRJQO-GTE-P00045,07/29/26 05:47 PM EDT,$0.52,60
20260730,MLB-MOVY-IT5-01DRH5ANTNRRIEO-HOOS000-GTE-P00005,07/29/26 05:47 PM EDT,$0.48,50
20260730,MLB-MOVY-IT5-01DRGBQLTNRS7H8-TBYS000-GTE-P00005,07/29/26 05:48 PM EDT,$0.50,58
20260730,MLB-WIN-IT5-01DRH59GTNRRIEG-STLS000,07/29/26 05:49 PM EDT,$0.54,8
20260730,MLB-TRUNS-I8-01DRGBP5TNRS7JG-GTE-P00005,07/29/26 05:50 PM EDT,$0.49,90
20260730,MLB-MOVY-IT5-01DRGBQLTNRS7H8-TBYS000-GTE-P00005,07/29/26 05:50 PM EDT,$0.50,9
20260730,MLB-PHRR-FG-01DRGBP5TNRS7JG-JUEE000-GTE-P00015,07/29/26 05:50 PM EDT,$0.45,50
20260730,MLB-WIN-IT5-01DRH5DLTNRRJQO-MINS000,07/29/26 05:51 PM EDT,$0.68,28
20260730,MLB-PHRR-FG-01DRGBQVTNRS6FO-LUFO000-GTE-P00015,07/29/26 05:51 PM EDT,$0.41,23
20260730,MLB-TRUNS-I9-01DRGBP5TNRS7JG-GTE-P00005,07/29/26 05:52 PM EDT,$0.28,66
20260730,MLB-TRUNS-I6-01DRGBQVTNRS6FO-GTE-P00005,07/29/26 05:52 PM EDT,$0.43,111
20260730,MLB-WIN-IT5-01DRGBTTTNRS7KO-CLNS000,07/29/26 05:53 PM EDT,$0.55,87
20260730,MLB-PHRR-FG-01DRGBP5TNRS7JG-WIES000-GTE-P00035,07/29/26 05:54 PM EDT,$0.33,50
20260730,MLB-PHRR-FG-01DRGBQLTNRS7H8-NIEZ000-GTE-P00025,07/29/26 05:54 PM EDT,$0.23,40
20260730,MLB-PHRR-FG-01DRGBP5TNRS7JG-WIES000-GTE-P00035,07/29/26 05:54 PM EDT,$0.34,50
20260730,MLB-TRUNS-I6-01DRGBQVTNRS6FO-GTE-P00005,07/29/26 05:54 PM EDT,$0.43,116
20260730,MLB-PHRR-FG-01DRGBP5TNRS7JG-DAAC000-GTE-P00065,07/29/26 05:55 PM EDT,$0.32,33
20260730,MLB-WIN-IT5-01DRH5ANTNRRIEO-HOOS000,07/29/26 05:55 PM EDT,$0.56,17
20260730,MLB-WIN-IT5-01DRH58PTNRRJ90-BOOX000,07/29/26 05:55 PM EDT,$0.56,3
20260730,MLB-TRUNS-I6-01DRGBQVTNRS6FO-GTE-P00025,07/29/26 05:55 PM EDT,$0.17,26
20260730,MLB-PHRR-FG-01DRGBP5TNRS7JG-DAAC000-GTE-P00065,07/29/26 05:55 PM EDT,$0.26,50
20260730,MLB-TRUNS-I6-01DRGBQVTNRS6FO-GTE-P00005,07/29/26 05:55 PM EDT,$0.49,29
20260730,MLB-TRUNS-I6-01DRGBQVTNRS6FO-GTE-P00015,07/29/26 05:55 PM EDT,$0.30,46
20260730,MLB-WIN-IT5-01DRGBTTTNRS7KO-CLNS000,07/29/26 05:58 PM EDT,$0.55,169
20260730,MLB-MOVY-IT5-01DRH59GTNRRIEG-STLS000-GTE-P00005,07/29/26 05:58 PM EDT,$0.45,53
20260730,MLB-WIN-IT5-01DRH59GTNRRIEG-STLS000,07/29/26 05:59 PM EDT,$0.54,44
20260730,MLB-WIN-IT5-01DRH59GTNRRIEG-STLS000,07/29/26 05:59 PM EDT,$0.54,116
20260730,MLB-TRUNS-I6-01DRGBQVTNRS6FO-GTE-P00005,07/29/26 05:59 PM EDT,$0.16,232
20260730,MLB-MOVY-IT5-01DRGBQLTNRS7H8-TBYS000-GTE-P00005,07/29/26 05:59 PM EDT,$0.50,353
20260730,MLB-PHRR-FG-01DRGBP5TNRS7JG-GALL001-GTE-P00015,07/29/26 06:00 PM EDT,$0.25,17
20260730,MLB-TRUNS-I1-01DRH5ELTNRRJRO-GTE-P00005,07/29/26 06:00 PM EDT,$0.42,8
20260730,MLB-PHRR-FG-01DRGBQLTNRS7H8-EZAN000-GTE-P00015,07/29/26 06:00 PM EDT,$0.48,20
20260730,MLB-PHRR-FG-01DRH5CMTNRRJNO-SHNI001-GTE-P00015,07/29/26 06:01 PM EDT,$0.63,15
20260730,MLB-MOVY-IT5-03VP8V0Q4PARC1O-ATES000-GTE-P00005,07/29/26 06:02 PM EDT,$0.55,71
20260730,MLB-TRUNS-IT5-01DRH58PTNRRJ90-GTE-P00055,07/29/26 06:02 PM EDT,$0.54,44
20260730,NWSL-DWIN-FG-000A28PPI788FO8-WATW003,07/29/26 06:03 PM EDT,$0.40,47
20260730,NWSL-DWIN-FG-000A28ULI788EFO-NJCW001,07/29/26 06:03 PM EDT,$0.61,39
20260730,NWSL-DWIN-FG-000A28SHI788EU0-KATW001,07/29/26 06:04 PM EDT,$0.70,6
20260730,MLB-WIN-IT5-03VP8V0Q4PARC1O-ATES000,07/29/26 06:04 PM EDT,$0.62,39
20260730,MLB-MOVY-IT5-01DRGBQLTNRS7H8-TBYS000-GTE-P00015,07/29/26 06:04 PM EDT,$0.33,71
20260730,MLB-WIN-IT5-01DRGBQLTNRS7H8-TBYS000,07/29/26 06:04 PM EDT,$0.56,43
20260730,NWSL-DWIN-FG-000A28SHI788EU0-RAEW001,07/29/26 06:04 PM EDT,$0.18,27
20260730,MLB-WIN-IT5-03VP8V0Q4PARC1O-ATES000,07/29/26 06:05 PM EDT,$0.62,15
20260730,NWSL-DWIN-FG-000A28PPI788FO8-UTSW003,07/29/26 06:05 PM EDT,$0.39,24
20260730,NWSL-DWIN-FG-000A28ULI788EFO-BACW004,07/29/26 06:05 PM EDT,$0.22,41
20260730,MLB-TRUNS-IT5-01DRH58PTNRRJ90-GTE-P00055,07/29/26 06:07 PM EDT,$0.54,178
20260730,MLB-WIN-IT5-01DRH5ELTNRRJRO-NYES000,07/29/26 06:07 PM EDT,$0.61,23
20260730,NWSL-DWIN-FG-000A28SHI788EU0-KATW001,07/29/26 06:08 PM EDT,$0.70,2
20260730,MLB-WIN-IT5-01DRGBQLTNRS7H8-TERS000,07/29/26 06:09 PM EDT,$0.45,10
20260730,MLB-MOVY-IT5-01DRH59GTNRRIEG-STLS000-GTE-P00005,07/29/26 06:09 PM EDT,$0.45,531
20260730,MLB-MOVY-IT5-01DRH59GTNRRIEG-STLS000-GTE-P00005,07/29/26 06:09 PM EDT,$0.45,107
20260730,MLB-TRUNS-IT5-01DRH59GTNRRIEG-GTE-P00035,07/29/26 06:10 PM EDT,$0.56,54
20260730,NWSL-DWIN-FG-000A28ULI788EFO-NJCW001,07/29/26 06:10 PM EDT,$0.58,60
20260730,MLB-MOVY-IT5-01DRGBQLTNRS7H8-TBYS000-GTE-P00005,07/29/26 06:10 PM EDT,$0.45,52
20260730,NWSL-DWIN-FG-000A28ULI788EFO-BACW004,07/29/26 06:10 PM EDT,$0.22,62
20260730,MLB-WIN-IT5-01DRH5ELTNRRJRO-NYES000,07/29/26 06:11 PM EDT,$0.61,79
20260730,MLB-WIN-IT5-01DRH59GTNRRIEG-CHBS000,07/29/26 06:12 PM EDT,$0.48,20
20260730,MLB-TRUNS-IT5-01DRH58PTNRRJ90-GTE-P00055,07/29/26 06:12 PM EDT,$0.54,7
20260730,MLB-TRUNS-IT5-01DRH58PTNRRJ90-GTE-P00055,07/29/26 06:12 PM EDT,$0.54,1
20260730,MLB-TRUNS-I5-01DRH59GTNRRIEG-GTE-P00005,07/29/26 06:12 PM EDT,$0.49,18
20260730,MLB-MOVY-IT5-01DRGBTTTNRS7KO-CLNS000-GTE-P00005,07/29/26 06:13 PM EDT,$0.45,8
20260730,NWSL-DWIN-FG-000A28SHI788EU0-KATW001,07/29/26 06:13 PM EDT,$0.70,27
20260730,MLB-MOVY-IT5-01DRGBTTTNRS7KO-CLNS000-GTE-P00005,07/29/26 06:13 PM EDT,$0.45,47
20260730,NWSL-DWIN-FG-000A28ULI788EFO-NJCW001,07/29/26 06:13 PM EDT,$0.58,3
20260730,NWSL-DWIN-FG-000A28SHI788EU0-KATW001,07/29/26 06:13 PM EDT,$0.70,2
20260730,NWSL-DWIN-FG-000A28PPI788FO8-WATW003,07/29/26 06:13 PM EDT,$0.40,5
20260730,NWSL-DWIN-FG-000A28PPI788FO8-WATW003,07/29/26 06:14 PM EDT,$0.40,11
20260730,MLB-MOVY-IT5-01DRH59GTNRRIEG-STLS000-GTE-P00005,07/29/26 06:14 PM EDT,$0.43,135
20260730,MLB-TRUNS-I9-01DRGBQVTNRS6FO-GTE-P00015,07/29/26 06:15 PM EDT,$0.05,5
20260730,MLB-WIN-IT5-01DRH59GTNRRIEG-STLS000,07/29/26 06:15 PM EDT,$0.54,35
20260730,MLB-MOVY-IT5-01DRGBTTTNRS7KO-CLNS000-GTE-P00005,07/29/26 06:15 PM EDT,$0.45,1
20260730,MLB-TRUNS-IT5-01DRGBQLTNRS7H8-GTE-P00035,07/29/26 06:15 PM EDT,$0.58,166
20260730,MLB-MOVY-IT5-01DRGBTTTNRS7KO-CLNS000-GTE-P00005,07/29/26 06:16 PM EDT,$0.47,1
20260730,NWSL-DWIN-FG-000A28PPI788FO8-UTSW003,07/29/26 06:16 PM EDT,$0.38,157
20260730,MLB-TRUNS-I8-01DRGBQVTNRS6FO-GTE-P00005,07/29/26 06:16 PM EDT,$0.40,81
20260730,MLB-PHRR-FG-01DRGBQVTNRS6FO-JATH000-GTE-P00025,07/29/26 06:17 PM EDT,$0.34,15
20260730,MLB-MOVY-IT5-01DRH59GTNRRIEG-STLS000-GTE-P00005,07/29/26 06:17 PM EDT,$0.43,16
20260730,MLB-MOVY-IT5-01DRGBTTTNRS7KO-CLNS000-GTE-P00005,07/29/26 06:17 PM EDT,$0.45,26
20260730,MLB-MOVY-IT5-01DRGBTTTNRS7KO-CLNS000-GTE-P00005,07/29/26 06:17 PM EDT,$0.45,43
20260730,MLB-MOVY-IT5-01DRH58PTNRRJ90-BOOX000-GTE-P00005,07/29/26 06:18 PM EDT,$0.49,49
20260730,MLB-WIN-IT5-01DRGBQLTNRS7H8-TBYS000,07/29/26 06:18 PM EDT,$0.56,17
20260730,MLB-PHRR-FG-01DRGBP5TNRS7JG-JUEE000-GTE-P00045,07/29/26 06:19 PM EDT,$0.34,50
20260730,MLB-TRUNS-I8-01DRGBQVTNRS6FO-GTE-P00005,07/29/26 06:20 PM EDT,$0.42,5
20260730,MLB-MOVY-IT5-01DRH58PTNRRJ90-BOOX000-GTE-P00005,07/29/26 06:21 PM EDT,$0.49,19
20260730,MLB-TRUNS-IT5-01DRH5ELTNRRJRO-GTE-P00035,07/29/26 06:23 PM EDT,$0.57,2033
20260730,MLB-TRUNS-IT5-01DRH59GTNRRIEG-GTE-P00035,07/29/26 06:23 PM EDT,$0.58,2000
20260730,MLB-MOVY-IT5-01DRGBQLTNRS7H8-TBYS000-GTE-P00005,07/29/26 06:23 PM EDT,$0.47,40
20260730,MLB-TRUNS-IT5-01DRGBQLTNRS7H8-GTE-P00045,07/29/26 06:23 PM EDT,$0.45,42
20260730,MLB-MOVY-IT5-01DRH59GTNRRIEG-STLS000-GTE-P00005,07/29/26 06:24 PM EDT,$0.43,11
20260730,MLB-TRUNS-I8-01DRGBP5TNRS7JG-GTE-P00005,07/29/26 06:24 PM EDT,$0.59,8
20260730,MLB-TRUNS-IT5-01DRGBQLTNRS7H8-GTE-P00045,07/29/26 06:24 PM EDT,$0.45,63
20260730,MLB-WIN-IT5-01DRH5ELTNRRJRO-CHOX000,07/29/26 06:24 PM EDT,$0.41,23
20260730,MLB-WIN-IT5-01DRGBQLTNRS7H8-TBYS000,07/29/26 06:24 PM EDT,$0.56,6
20260730,MLB-TRUNS-I9-01DRGBP5TNRS7JG-GTE-P00005,07/29/26 06:24 PM EDT,$0.33,28
20260730,MLB-TRUNS-I8-01DRGBP5TNRS7JG-GTE-P00005,07/29/26 06:25 PM EDT,$0.57,17
20260730,MLB-TRUNS-IT5-01DRH5ELTNRRJRO-GTE-P00035,07/29/26 06:25 PM EDT,$0.57,67
20260730,MLB-TRUNS-IT5-01DRH5CMTNRRJNO-GTE-P00055,07/29/26 06:25 PM EDT,$0.50,19
20260730,MLB-PHRR-FG-01DRH59GTNRRIEG-PENG000-GTE-P00015,07/29/26 06:25 PM EDT,$0.58,8
20260730,MLB-MOVY-IT5-01DRGBTTTNRS7KO-CLNS000-GTE-P00005,07/29/26 06:25 PM EDT,$0.45,87
20260730,NWSL-DWIN-FG-000A28SHI788EU0-KATW001,07/29/26 06:26 PM EDT,$0.70,2
20260730,MLB-WIN-IT5-01DRH5DLTNRRJQO-MINS000,07/29/26 06:26 PM EDT,$0.68,15
20260730,NWSL-DWIN-FG-000A28PPI788FO8-DRAW,07/29/26 06:26 PM EDT,$0.27,17
20260730,MLB-MOVY-IT5-01DRGBQLTNRS7H8-TBYS000-GTE-P00005,07/29/26 06:26 PM EDT,$0.47,796
20260730,MLB-TRUNS-I1-03VP8V0Q4PARC1O-GTE-P00005,07/29/26 06:26 PM EDT,$0.42,7
20260730,MLB-MOVY-IT5-01DRGBTTTNRS7KO-CLNS000-GTE-P00005,07/29/26 06:26 PM EDT,$0.45,30
20260730,MLB-TRUNS-I9-01DRGBP5TNRS7JG-GTE-P00005,07/29/26 06:26 PM EDT,$0.33,14
20260730,MLB-TRUNS-I8-01DRGBP5TNRS7JG-GTE-P00015,07/29/26 06:26 PM EDT,$0.50,20
20260730,MLB-TRUNS-I8-01DRGBP5TNRS7JG-GTE-P00015,07/29/26 06:27 PM EDT,$0.50,98
20260730,MLB-MOVY-IT5-01DRH59GTNRRIEG-STLS000-GTE-P00005,07/29/26 06:27 PM EDT,$0.45,17
20260730,MLB-TRUNS-I8-01DRGBP5TNRS7JG-GTE-P00015,07/29/26 06:27 PM EDT,$0.51,16
20260730,MLB-PHRR-FG-01DRGBQVTNRS6FO-GATS000-GTE-P00015,07/29/26 06:28 PM EDT,$0.12,15
20260730,MLB-TRUNS-I8-01DRGBP5TNRS7JG-GTE-P00035,07/29/26 06:29 PM EDT,$0.11,83
20260730,MLB-WIN-IT5-01DRGBQVTNRS6FO-COES000,07/29/26 06:29 PM EDT,$0.04,350
20260730,MLB-MOVY-IT5-01DRGBTTTNRS7KO-CLNS000-GTE-P00005,07/29/26 06:29 PM EDT,$0.45,26
20260730,MLB-TRUNS-I8-01DRGBP5TNRS7JG-GTE-P00005,07/29/26 06:29 PM EDT,$0.53,45
20260730,MLB-TRUNS-I9-01DRGBP5TNRS7JG-GTE-P00025,07/29/26 06:29 PM EDT,$0.11,83
20260730,MLB-WIN-IT5-01DRH5DLTNRRJQO-MINS000,07/29/26 06:29 PM EDT,$0.68,71
20260730,MLB-TRUNS-I8-01DRGBP5TNRS7JG-GTE-P00005,07/29/26 06:29 PM EDT,$0.50,19
20260730,NWSL-DWIN-FG-000A28SHI788EU0-KATW001,07/29/26 06:31 PM EDT,$0.65,57
20260730,MLB-MOVY-IT5-01DRGBTTTNRS7KO-CLNS000-GTE-P00005,07/29/26 06:32 PM EDT,$0.45,17
20260730,MLB-TRUNS-I8-01DRGBQVTNRS6FO-GTE-P00005,07/29/26 06:33 PM EDT,$0.33,28
20260730,MLB-MOVY-IT5-01DRH59GTNRRIEG-STLS000-GTE-P00005,07/29/26 06:33 PM EDT,$0.43,2
20260730,MLB-TRUNS-I9-01DRGBP5TNRS7JG-GTE-P00005,07/29/26 06:34 PM EDT,$0.34,83
20260730,MLB-TRUNS-I9-01DRGBP5TNRS7JG-GTE-P00025,07/29/26 06:34 PM EDT,$0.04,1
20260730,MLB-MOVY-IT5-01DRH58PTNRRJ90-BOOX000-GTE-P00005,07/29/26 06:35 PM EDT,$0.49,49
20260730,MLB-TRUNS-I9-01DRGBQVTNRS6FO-GTE-P00005,07/29/26 06:36 PM EDT,$0.22,20
20260730,MLB-TRUNS-IT5-01DRGBQLTNRS7H8-GTE-P00035,07/29/26 06:36 PM EDT,$0.55,53
20260730,MLB-TRUNS-I9-01DRGBP5TNRS7JG-GTE-P00005,07/29/26 06:36 PM EDT,$0.34,138
20260730,MLB-TRUNS-IT5-01DRGBQLTNRS7H8-GTE-P00035,07/29/26 06:36 PM EDT,$0.55,21
20260730,MLB-TRUNS-I9-01DRGBP5TNRS7JG-GTE-P00005,07/29/26 06:37 PM EDT,$0.34,13
20260730,MLB-MOVY-IT5-01DRGBQLTNRS7H8-TBYS000-GTE-P00005,07/29/26 06:37 PM EDT,$0.47,204
20260730,MLB-MOVY-IT5-01DRGBQLTNRS7H8-TBYS000-GTE-P00005,07/29/26 06:38 PM EDT,$0.47,204
20260730,MLB-TRUNS-IT5-01DRGBQLTNRS7H8-GTE-P00035,07/29/26 06:38 PM EDT,$0.58,8
20260730,MLB-PHRR-FG-01DRGBQLTNRS7H8-JURO000-GTE-P00025,07/29/26 06:38 PM EDT,$0.43,50
20260730,MLB-TRUNS-IT5-01DRGBQLTNRS7H8-GTE-P00035,07/29/26 06:38 PM EDT,$0.55,4
20260730,MLB-TRUNS-IT5-01DRGBQLTNRS7H8-GTE-P00035,07/29/26 06:38 PM EDT,$0.55,87
20260730,MLB-PHRR-FG-01DRGBQVTNRS6FO-MIAK000-GTE-P00015,07/29/26 06:38 PM EDT,$0.20,11
20260730,MLB-PHRR-FG-01DRH59GTNRRIEG-PENG000-GTE-P00025,07/29/26 06:39 PM EDT,$0.41,43
20260730,MLB-TRUNS-I9-01DRGBP5TNRS7JG-GTE-P00025,07/29/26 06:39 PM EDT,$0.04,256
20260730,MLB-TRUNS-I9-01DRGBQVTNRS6FO-GTE-P00005,07/29/26 06:39 PM EDT,$0.21,12
20260730,MLB-TRUNS-I1-03VP8V0Q4PARC1O-GTE-P00015,07/29/26 06:40 PM EDT,$0.29,32
20260730,NWSL-DWIN-FG-000A28SHI788EU0-DRAW,07/29/26 06:40 PM EDT,$0.20,9
20260730,MLB-MOVY-IT5-01DRGBTTTNRS7KO-CLNS000-GTE-P00005,07/29/26 06:40 PM EDT,$0.45,87
20260730,MLB-WIN-IT5-01DRGBQLTNRS7H8-TBYS000,07/29/26 06:41 PM EDT,$0.60,322
20260730,NWSL-DWIN-FG-000A28PPI788FO8-UTSW003,07/29/26 06:41 PM EDT,$0.38,5
20260730,MLB-TRUNS-I4-01DRH5ELTNRRJRO-GTE-P00025,07/29/26 06:41 PM EDT,$0.13,71
20260730,NWSL-DWIN-FG-000A28ULI788EFO-NJCW001,07/29/26 06:42 PM EDT,$0.58,4
20260730,MLB-TRUNS-I9-01DRGBP5TNRS7JG-GTE-P00005,07/29/26 06:42 PM EDT,$0.33,11
20260730,MLB-TRUNS-I9-01DRGBP5TNRS7JG-GTE-P00015,07/29/26 06:43 PM EDT,$0.19,60
20260730,MLB-TRUNS-IT5-01DRGBQLTNRS7H8-GTE-P00035,07/29/26 06:43 PM EDT,$0.49,56
20260730,MLB-WIN-IT5-01DRGBQLTNRS7H8-TERS000,07/29/26 06:43 PM EDT,$0.38,12
20260730,MLB-TRUNS-IT5-01DRGBQLTNRS7H8-GTE-P00035,07/29/26 06:43 PM EDT,$0.53,5
20260730,MLB-TRUNS-IT5-01DRH5DLTNRRJQO-GTE-P00045,07/29/26 06:43 PM EDT,$0.51,303
20260730,MLB-TRUNS-I9-01DRGBP5TNRS7JG-GTE-P00005,07/29/26 06:43 PM EDT,$0.34,41
20260730,MLB-TRUNS-I9-01DRGBP5TNRS7JG-GTE-P00015,07/29/26 06:43 PM EDT,$0.21,26
20260730,MLB-MOVY-IT5-01DRH5ELTNRRJRO-CHOX000-GTE-P00005,07/29/26 06:44 PM EDT,$0.37,6
20260730,MLB-TRUNS-I9-01DRGBP5TNRS7JG-GTE-P00025,07/29/26 06:44 PM EDT,$0.05,21
20260730,MLB-PHRR-FG-01DRGBQLTNRS7H8-YAAZ000-GTE-P00015,07/29/26 06:44 PM EDT,$0.59,50
20260730,MLB-MOVY-IT5-01DRGBTTTNRS7KO-CLNS000-GTE-P00005,07/29/26 06:44 PM EDT,$0.45,75
20260730,MLB-MOVY-IT5-01DRGBTTTNRS7KO-CLNS000-GTE-P00005,07/29/26 06:44 PM EDT,$0.45,3697
20260730,MLB-TRUNS-I5-01DRGBQLTNRS7H8-GTE-P00005,07/29/26 06:44 PM EDT,$0.48,96
20260730,MLB-TRUNS-I4-01DRGBQLTNRS7H8-GTE-P00005,07/29/26 06:44 PM EDT,$0.48,96
20260730,MLB-WIN-IT5-01DRGBQLTNRS7H8-TERS000,07/29/26 06:45 PM EDT,$0.40,69
20260730,MLB-WIN-IT5-03VP8V0Q4PARC1O-ATES000,07/29/26 06:45 PM EDT,$0.62,12
20260730,MLB-TRUNS-I1-03VP8V0Q4PARC1O-GTE-P00005,07/29/26 06:45 PM EDT,$0.41,184
20260730,MLB-MOVY-IT5-01DRH59GTNRRIEG-STLS000-GTE-P00005,07/29/26 06:46 PM EDT,$0.43,13
20260730,MLB-MOVY-IT5-01DRH58PTNRRJ90-BOOX000-GTE-P00005,07/29/26 06:46 PM EDT,$0.48,49
20260730,MLB-MOVY-IT5-01DRGBQLTNRS7H8-TBYS000-GTE-P00015,07/29/26 06:46 PM EDT,$0.54,36
20260730,MLB-WIN-IT5-01DRGBQLTNRS7H8-TBYS000,07/29/26 06:46 PM EDT,$0.78,350
20260730,MLB-WIN-IT5-01DRGBQLTNRS7H8-TBYS000,07/29/26 06:46 PM EDT,$0.78,350
20260730,MLB-TRUNS-IT5-01DRGBQLTNRS7H8-GTE-P00045,07/29/26 06:46 PM EDT,$0.53,181
20260730,MLB-TRUNS-I9-01DRGBP5TNRS7JG-GTE-P00005,07/29/26 06:46 PM EDT,$0.38,33
20260730,MLB-TRUNS-I9-01DRGBP5TNRS7JG-GTE-P00015,07/29/26 06:46 PM EDT,$0.27,55
20260730,MLB-MOVY-IT5-01DRGBQLTNRS7H8-TBYS000-GTE-P00015,07/29/26 06:47 PM EDT,$0.53,454
20260730,MLB-TRUNS-I9-01DRGBP5TNRS7JG-GTE-P00025,07/29/26 06:47 PM EDT,$0.16,58
20260730,MLB-MOVY-IT5-01DRGBQLTNRS7H8-TBYS000-GTE-P00015,07/29/26 06:47 PM EDT,$0.50,37
20260730,MLB-WIN-IT5-01DRGBQLTNRS7H8-TBYS000,07/29/26 06:47 PM EDT,$0.79,350
20260730,MLB-WIN-IT5-01DRGBQLTNRS7H8-TBYS000,07/29/26 06:47 PM EDT,$0.79,350
20260730,MLB-WIN-IT5-01DRGBQLTNRS7H8-TBYS000,07/29/26 06:47 PM EDT,$0.79,350
20260730,MLB-WIN-IT5-01DRGBQLTNRS7H8-TBYS000,07/29/26 06:47 PM EDT,$0.79,350
20260730,MLB-MOVY-IT5-01DRGBTTTNRS7KO-CLNS000-GTE-P00005,07/29/26 06:47 PM EDT,$0.45,70
20260730,MLB-WIN-IT5-03VP8V0Q4PARC1O-ATES000,07/29/26 06:48 PM EDT,$0.62,15
20260730,MLB-TRUNS-IT5-01DRGBQLTNRS7H8-GTE-P00045,07/29/26 06:48 PM EDT,$0.49,9
20260730,MLB-WIN-IT5-01DRH59GTNRRIEG-STLS000,07/29/26 06:48 PM EDT,$0.54,98
20260730,MLB-WIN-IT5-01DRGBTTTNRS7KO-CLNS000,07/29/26 06:48 PM EDT,$0.55,10
20260730,MLB-TRUNS-I9-01DRGBP5TNRS7JG-GTE-P00005,07/29/26 06:49 PM EDT,$0.36,28
20260730,MLB-TRUNS-IT5-01DRGBQLTNRS7H8-GTE-P00055,07/29/26 06:50 PM EDT,$0.47,79
20260730,MLB-TRUNS-IT5-01DRGBQLTNRS7H8-GTE-P00055,07/29/26 06:50 PM EDT,$0.47,101
20260730,MLB-TRUNS-IT5-01DRGBQLTNRS7H8-GTE-P00055,07/29/26 06:50 PM EDT,$0.47,408
20260730,MLB-TRUNS-IT5-01DRGBQLTNRS7H8-GTE-P00055,07/29/26 06:50 PM EDT,$0.47,61
20260730,MLB-MOVY-IT5-01DRGBTTTNRS7KO-CLNS000-GTE-P00005,07/29/26 06:50 PM EDT,$0.45,35
20260730,MLB-TRUNS-I1-01DRGBTTTNRS7KO-GTE-P00015,07/29/26 06:50 PM EDT,$0.31,485
20260730,MLB-WIN-IT5-01DRGBQLTNRS7H8-TERS000,07/29/26 06:50 PM EDT,$0.18,52
20260730,MLB-TRUNS-I3-03VP8V0Q4PARC1O-GTE-P00005,07/29/26 06:50 PM EDT,$0.47,20
20260730,MLB-WIN-IT5-01DRGBQLTNRS7H8-TBYS000,07/29/26 06:50 PM EDT,$0.84,45
20260730,MLB-TRUNS-IT5-01DRGBQLTNRS7H8-GTE-P00055,07/29/26 06:51 PM EDT,$0.47,3
20260730,MLB-TRUNS-IT5-01DRGBQLTNRS7H8-GTE-P00055,07/29/26 06:51 PM EDT,$0.47,31
20260730,MLB-TRUNS-IT5-01DRGBQLTNRS7H8-GTE-P00045,07/29/26 06:51 PM EDT,$0.56,69
20260730,MLB-WIN-IT5-03VP8V0Q4PARC1O-ATES000,07/29/26 06:51 PM EDT,$0.62,76
20260730,MLB-TRUNS-IT5-01DRGBQLTNRS7H8-GTE-P00045,07/29/26 06:52 PM EDT,$0.51,55
20260730,MLB-MOVY-IT5-01DRGBQLTNRS7H8-TBYS000-GTE-P00015,07/29/26 06:52 PM EDT,$0.54,21
20260730,MLB-MOVY-IT5-01DRGBQLTNRS7H8-TBYS000-GTE-P00015,07/29/26 06:52 PM EDT,$0.54,78
20260730,MLB-WIN-IT5-01DRGBQLTNRS7H8-TERS000,07/29/26 06:52 PM EDT,$0.22,31
20260730,NWSL-DWIN-FG-000A28ULI788EFO-BACW004,07/29/26 06:52 PM EDT,$0.22,20
20260730,NWSL-DWIN-FG-000A28SHI788EU0-KATW001,07/29/26 06:52 PM EDT,$0.70,6
20260730,MLB-PHRR-FG-01DRGBQLTNRS7H8-JODA002-GTE-P00015,07/29/26 06:52 PM EDT,$0.81,50
20260730,MLB-TRUNS-IT5-01DRGBQLTNRS7H8-GTE-P00065,07/29/26 06:52 PM EDT,$0.50,3
20260730,MLB-PHRR-FG-01DRGBQLTNRS7H8-RYDE000-GTE-P00015,07/29/26 06:52 PM EDT,$0.38,50
20260730,MLB-TRUNS-IT5-01DRH58PTNRRJ90-GTE-P00055,07/29/26 06:52 PM EDT,$0.55,25
20260730,MLB-MOVY-IT5-01DRGBTTTNRS7KO-CLNS000-GTE-P00005,07/29/26 06:52 PM EDT,$0.47,43
20260730,MLB-WIN-IT5-01DRGBQLTNRS7H8-TERS000,07/29/26 06:52 PM EDT,$0.08,55
20260730,MLB-TRUNS-IT5-01DRH58PTNRRJ90-GTE-P00055,07/29/26 06:53 PM EDT,$0.55,5
20260730,MLB-MOVY-IT5-01DRGBTTTNRS7KO-CLNS000-GTE-P00005,07/29/26 06:53 PM EDT,$0.45,39
20260730,MLB-MOVY-IT5-01DRGBQLTNRS7H8-TBYS000-GTE-P00045,07/29/26 06:53 PM EDT,$0.38,121
20260730,MLB-TRUNS-IT5-03VP8V0Q4PARC1O-GTE-P00025,07/29/26 06:54 PM EDT,$0.64,197
20260730,NWSL-DWIN-FG-000A28SHI788EU0-KATW001,07/29/26 06:55 PM EDT,$0.70,4
20260730,MLB-TRUNS-I3-01DRGBQLTNRS7H8-GTE-P00015,07/29/26 06:55 PM EDT,$0.28,16
20260730,MLB-TRUNS-I1-03VP8V0Q4PARC1O-GTE-P00015,07/29/26 06:55 PM EDT,$0.29,16
20260730,MLB-TRUNS-IT5-01DRGBQLTNRS7H8-GTE-P00065,07/29/26 06:55 PM EDT,$0.50,26
20260730,MLB-TRUNS-I1-03VP8V0Q4PARC1O-GTE-P00015,07/29/26 06:55 PM EDT,$0.29,64
20260730,MLB-TRUNS-I1-01DRH59GTNRRIEG-GTE-P00015,07/29/26 06:55 PM EDT,$0.28,5
20260730,MLB-PHRR-FG-01DRH59GTNRRIEG-PENG000-GTE-P00015,07/29/26 06:55 PM EDT,$0.59,8
20260730,MLB-TRUNS-I1-03VP8V0Q4PARC1O-GTE-P00005,07/29/26 06:55 PM EDT,$0.49,10
20260730,MLB-TRUNS-IT5-03VP8V0Q4PARC1O-GTE-P00035,07/29/26 06:55 PM EDT,$0.57,1
20260730,MLB-TRUNS-I1-01DRGBTTTNRS7KO-GTE-P00005,07/29/26 06:55 PM EDT,$0.53,10
20260730,MLB-MOVY-IT5-01DRGBQLTNRS7H8-TBYS000-GTE-P00035,07/29/26 06:55 PM EDT,$0.43,51
20260730,MLB-WIN-IT5-03VP8V0Q4PARC1O-NYTS000,07/29/26 06:55 PM EDT,$0.40,23
20260730,MLB-WIN-IT5-01DRGBQLTNRS7H8-TERS000,07/29/26 06:55 PM EDT,$0.08,222
20260730,MLB-TRUNS-IT5-01DRGBQLTNRS7H8-GTE-P00065,07/29/26 06:55 PM EDT,$0.48,20
20260730,MLB-TRUNS-I3-01DRGBQLTNRS7H8-GTE-P00005,07/29/26 06:56 PM EDT,$0.41,1
20260730,MLB-MOVY-IT5-01DRGBQLTNRS7H8-TBYS000-GTE-P00035,07/29/26 06:56 PM EDT,$0.42,41
20260730,MLB-TRUNS-IT5-01DRGBQLTNRS7H8-GTE-P00065,07/29/26 06:56 PM EDT,$0.47,4
20260730,MLB-TRUNS-I1-03VP8V0Q4PARC1O-GTE-P00005,07/29/26 06:56 PM EDT,$0.49,10
20260730,NWSL-DWIN-FG-000A28PPI788FO8-UTSW003,07/29/26 06:56 PM EDT,$0.38,4
20260730,MLB-TRUNS-IT5-01DRGBTTTNRS7KO-GTE-P00045,07/29/26 06:57 PM EDT,$0.53,9
20260730,MLB-MOVY-IT5-01DRGBQLTNRS7H8-TBYS000-GTE-P00035,07/29/26 06:57 PM EDT,$0.50,20
20260730,MLB-WIN-IT5-01DRH59GTNRRIEG-STLS000,07/29/26 06:57 PM EDT,$0.54,105
20260730,MLB-MOVY-IT5-01DRGBQLTNRS7H8-TBYS000-GTE-P00035,07/29/26 06:57 PM EDT,$0.42,33
20260730,MLB-WIN-IT5-03VP8V0Q4PARC1O-ATES000,07/29/26 06:57 PM EDT,$0.62,3154
20260730,MLB-TRUNS-I1-01DRGBTTTNRS7KO-GTE-P00005,07/29/26 06:57 PM EDT,$0.45,22
20260730,MLB-MOVY-IT5-01DRGBQLTNRS7H8-TBYS000-GTE-P00035,07/29/26 06:57 PM EDT,$0.49,4
20260730,NWSL-DWIN-FG-000A28ULI788EFO-BACW004,07/29/26 06:57 PM EDT,$0.22,7
20260730,MLB-TRUNS-I3-01DRGBQLTNRS7H8-GTE-P00005,07/29/26 06:57 PM EDT,$0.41,78
20260730,MLB-MOVY-IT5-01DRGBQLTNRS7H8-TBYS000-GTE-P00035,07/29/26 06:57 PM EDT,$0.49,20
20260730,MLB-MOVY-IT5-01DRGBQLTNRS7H8-TBYS000-GTE-P00035,07/29/26 06:57 PM EDT,$0.49,107
20260730,MLB-WIN-IT5-03VP8V0Q4PARC1O-ATES000,07/29/26 06:58 PM EDT,$0.62,39
20260730,MLB-WIN-IT5-03VP8V0Q4PARC1O-ATES000,07/29/26 06:58 PM EDT,$0.62,937
20260730,MLB-WIN-IT5-01DRGBTTTNRS7KO-CIDS000,07/29/26 06:58 PM EDT,$0.47,255
20260730,MLB-TRUNS-IT5-01DRGBTTTNRS7KO-GTE-P00045,07/29/26 06:58 PM EDT,$0.53,136
20260730,MLB-TRUNS-IT5-01DRH5ELTNRRJRO-GTE-P00035,07/29/26 06:58 PM EDT,$0.59,8
20260730,MLB-MOVY-IT5-01DRGBTTTNRS7KO-CLNS000-GTE-P00005,07/29/26 06:58 PM EDT,$0.46,223
20260730,MLB-WIN-IT5-01DRGBQLTNRS7H8-TERS000,07/29/26 06:58 PM EDT,$0.08,55
20260730,MLB-WIN-IT5-01DRGBQLTNRS7H8-TERS000,07/29/26 06:58 PM EDT,$0.08,13
20260730,MLB-WIN-IT5-03VP8V0Q4PARC1O-ATES000,07/29/26 06:58 PM EDT,$0.60,39
20260730,MLB-TRUNS-IT5-03VP8V0Q4PARC1O-GTE-P00035,07/29/26 06:58 PM EDT,$0.49,190
20260730,MLB-WIN-IT5-01DRGBTTTNRS7KO-CLNS000,07/29/26 06:59 PM EDT,$0.55,210
20260730,MLB-WIN-IT5-01DRGBQLTNRS7H8-TBYS000,07/29/26 06:59 PM EDT,$0.94,172
20260730,MLB-TRUNS-IT5-01DRH59GTNRRIEG-GTE-P00035,07/29/26 06:59 PM EDT,$0.58,8
20260730,MLB-MOVY-IT5-01DRGBQLTNRS7H8-TBYS000-GTE-P00035,07/29/26 06:59 PM EDT,$0.41,35
20260730,MLB-WIN-IT5-01DRGBQLTNRS7H8-TBYS000,07/29/26 06:59 PM EDT,$0.94,34
20260730,MLB-TRUNS-IT5-01DRH5DLTNRRJQO-GTE-P00045,07/29/26 07:00 PM EDT,$0.53,136
20260730,MLB-TRUNS-I3-01DRGBQLTNRS7H8-GTE-P00005,07/29/26 07:00 PM EDT,$0.42,8
20260730,MLB-MOVY-IT5-01DRGBQLTNRS7H8-TBYS000-GTE-P00035,07/29/26 07:00 PM EDT,$0.50,480
20260730,MLB-WIN-IT5-01DRGBTTTNRS7KO-CLNS000,07/29/26 07:00 PM EDT,$0.55,175
20260730,MLB-TRUNS-I1-03VP8V0Q4PARC1O-GTE-P00005,07/29/26 07:00 PM EDT,$0.41,45
20260730,MLB-MOVY-IT5-01DRGBQLTNRS7H8-TBYS000-GTE-P00035,07/29/26 07:00 PM EDT,$0.43,508
20260730,MLB-WIN-IT5-01DRGBTTTNRS7KO-CLNS000,07/29/26 07:01 PM EDT,$0.55,105
20260730,MLB-TRUNS-IT5-01DRGBQLTNRS7H8-GTE-P00065,07/29/26 07:01 PM EDT,$0.42,1
20260730,MLB-TRUNS-IT5-01DRGBQLTNRS7H8-GTE-P00065,07/29/26 07:01 PM EDT,$0.42,165
20260730,MLB-TRUNS-IT5-01DRGBTTTNRS7KO-GTE-P00045,07/29/26 07:01 PM EDT,$0.53,54
20260730,MLB-TRUNS-IT5-01DRGBQLTNRS7H8-GTE-P00065,07/29/26 07:01 PM EDT,$0.42,10
20260730,MLB-TRUNS-IT5-01DRGBTTTNRS7KO-GTE-P00045,07/29/26 07:01 PM EDT,$0.53,69
20260730,MLB-MOVY-IT5-01DRH58PTNRRJ90-BOOX000-GTE-P00005,07/29/26 07:01 PM EDT,$0.50,96
20260730,MLB-WIN-IT5-01DRGBQLTNRS7H8-TERS000,07/29/26 07:01 PM EDT,$0.07,62
20260730,MLB-TRUNS-I2-01DRH5DLTNRRJQO-GTE-P00005,07/29/26 07:01 PM EDT,$0.43,25
20260730,MLB-MOVY-IT5-01DRGBQLTNRS7H8-TBYS000-GTE-P00035,07/29/26 07:01 PM EDT,$0.53,58
20260730,MLB-MOVY-IT5-01DRH58PTNRRJ90-BOOX000-GTE-P00005,07/29/26 07:01 PM EDT,$0.50,76
20260730,MLB-TRUNS-IT5-01DRGBTTTNRS7KO-GTE-P00045,07/29/26 07:02 PM EDT,$0.50,4
20260730,MLB-TRUNS-IT5-01DRGBTTTNRS7KO-GTE-P00045,07/29/26 07:02 PM EDT,$0.50,329
20260730,MLB-TRUNS-IT5-01DRGBTTTNRS7KO-GTE-P00045,07/29/26 07:02 PM EDT,$0.50,145
20260730,MLB-PHRR-FG-01DRH59GTNRRIEG-ALON001-GTE-P00015,07/29/26 07:02 PM EDT,$0.52,37
20260730,MLB-MOVY-IT5-03VP8V0Q4PARC1O-ATES000-GTE-P00005,07/29/26 07:03 PM EDT,$0.56,17
20260730,MLB-TRUNS-I3-01DRGBQLTNRS7H8-GTE-P00025,07/29/26 07:03 PM EDT,$0.16,12
20260730,MLB-TRUNS-IT5-01DRGBQLTNRS7H8-GTE-P00055,07/29/26 07:03 PM EDT,$0.56,1136
20260730,MLB-TRUNS-IT5-01DRGBQLTNRS7H8-GTE-P00055,07/29/26 07:03 PM EDT,$0.53,52
20260730,MLB-MOVY-IT5-03VP8V0Q4PARC1O-ATES000-GTE-P00005,07/29/26 07:03 PM EDT,$0.56,137
20260730,MLB-TRUNS-IT5-01DRGBTTTNRS7KO-GTE-P00045,07/29/26 07:03 PM EDT,$0.52,74
20260730,MLB-TRUNS-IT5-01DRGBQLTNRS7H8-GTE-P00055,07/29/26 07:03 PM EDT,$0.56,1136
20260730,MLB-TRUNS-IT5-01DRGBQLTNRS7H8-GTE-P00065,07/29/26 07:05 PM EDT,$0.39,317
20260730,MLB-MOVY-IT5-01DRGBTTTNRS7KO-CLNS000-GTE-P00005,07/29/26 07:05 PM EDT,$0.46,14
20260730,NWSL-DWIN-FG-000A28SHI788EU0-DRAW,07/29/26 07:05 PM EDT,$0.20,90
20260730,MLB-WIN-IT5-01DRGBQLTNRS7H8-TERS000,07/29/26 07:05 PM EDT,$0.07,3
20260730,MLB-WIN-IT5-03VP8V0Q4PARC1O-ATES000,07/29/26 07:05 PM EDT,$0.62,70
20260730,MLB-WIN-IT5-03VP8V0Q4PARC1O-ATES000,07/29/26 07:05 PM EDT,$0.62,39
20260730,NWSL-DWIN-FG-000A28PPI788FO8-DRAW,07/29/26 07:05 PM EDT,$0.27,68
20260730,MLB-MOVY-IT5-01DRGBQLTNRS7H8-TBYS000-GTE-P00005,07/29/26 07:05 PM EDT,$0.85,58
20260730,MLB-TRUNS-I4-01DRGBQLTNRS7H8-GTE-P00005,07/29/26 07:05 PM EDT,$0.47,20
20260730,NWSL-DWIN-FG-000A28ULI788EFO-DRAW,07/29/26 07:05 PM EDT,$0.24,76
20260730,MLB-MOVY-IT5-01DRGBTTTNRS7KO-CLNS000-GTE-P00005,07/29/26 07:05 PM EDT,$0.48,10
20260730,MLB-MOVY-IT5-03VP8V0Q4PARC1O-ATES000-GTE-P00005,07/29/26 07:05 PM EDT,$0.56,68
20260730,MLB-TRUNS-I1-01DRGBTTTNRS7KO-GTE-P00015,07/29/26 07:05 PM EDT,$0.31,12
20260730,MLB-TRUNS-IT5-01DRGBQLTNRS7H8-GTE-P00065,07/29/26 07:05 PM EDT,$0.39,23
20260730,MLB-TRUNS-I1-01DRH5DLTNRRJQO-GTE-P00015,07/29/26 07:05 PM EDT,$0.26,6
20260730,MLB-WIN-IT5-03VP8V0Q4PARC1O-ATES000,07/29/26 07:06 PM EDT,$0.62,937
20260730,MLB-MOVY-IT5-01DRGBTTTNRS7KO-CLNS000-GTE-P00005,07/29/26 07:06 PM EDT,$0.48,12
20260730,MLB-TRUNS-I1-01DRGBTTTNRS7KO-GTE-P00015,07/29/26 07:06 PM EDT,$0.23,12
20260730,MLB-MOVY-IT5-01DRGBTTTNRS7KO-CLNS000-GTE-P00005,07/29/26 07:06 PM EDT,$0.46,14
20260730,NWSL-DWIN-FG-000A28ULI788EFO-BACW004,07/29/26 07:06 PM EDT,$0.22,20
20260730,MLB-TRUNS-I1-01DRGBTTTNRS7KO-GTE-P00015,07/29/26 07:06 PM EDT,$0.31,12
20260730,MLB-MOVY-IT5-01DRGBQLTNRS7H8-TBYS000-GTE-P00035,07/29/26 07:07 PM EDT,$0.51,66
20260730,MLB-TRUNS-IT5-01DRGBQLTNRS7H8-GTE-P00055,07/29/26 07:07 PM EDT,$0.55,425
20260730,MLB-TRUNS-IT5-01DRH5ELTNRRJRO-GTE-P00035,07/29/26 07:07 PM EDT,$0.56,4
20260730,MLB-MOVY-IT5-01DRGBTTTNRS7KO-CLNS000-GTE-P00005,07/29/26 07:07 PM EDT,$0.46,8
20260730,MLB-TRUNS-I3-01DRGBQLTNRS7H8-GTE-P00005,07/29/26 07:07 PM EDT,$0.50,38
20260730,MLB-TRUNS-IT5-01DRH5CMTNRRJNO-GTE-P00055,07/29/26 07:08 PM EDT,$0.50,3
20260730,MLB-TRUNS-I3-01DRGBQLTNRS7H8-GTE-P00005,07/29/26 07:08 PM EDT,$0.42,51
20260730,MLB-WIN-IT5-01DRGBQLTNRS7H8-TBYS000,07/29/26 07:08 PM EDT,$0.95,17
20260730,MLB-TRUNS-IT5-01DRH5ELTNRRJRO-GTE-P00035,07/29/26 07:08 PM EDT,$0.56,54
20260730,MLB-PHRR-FG-01DRGBQLTNRS7H8-ALNA001-GTE-P00005,07/29/26 07:08 PM EDT,$0.47,40
20260730,MLB-MOVY-IT5-01DRGBTTTNRS7KO-CLNS000-GTE-P00005,07/29/26 07:08 PM EDT,$0.45,21
20260730,MLB-MOVY-IT5-01DRGBTTTNRS7KO-CLNS000-GTE-P00005,07/29/26 07:08 PM EDT,$0.45,14
20260730,MLB-TRUNS-I3-01DRGBQLTNRS7H8-GTE-P00005,07/29/26 07:08 PM EDT,$0.42,11
20260730,MLB-TRUNS-I3-01DRGBQLTNRS7H8-GTE-P00005,07/29/26 07:08 PM EDT,$0.42,417
20260730,MLB-TRUNS-IT5-01DRH5ANTNRRIEO-GTE-P00055,07/29/26 07:08 PM EDT,$0.49,41
20260730,MLB-WIN-IT5-01DRH59GTNRRIEG-STLS000,07/29/26 07:08 PM EDT,$0.54,10
20260730,MLB-MOVY-IT5-01DRGBTTTNRS7KO-CLNS000-GTE-P00005,07/29/26 07:09 PM EDT,$0.45,17
20260730,MLB-PHRR-FG-01DRGBQLTNRS7H8-ALNA001-GTE-P00005,07/29/26 07:09 PM EDT,$0.39,40
20260730,MLB-MOVY-IT5-01DRGBQLTNRS7H8-TBYS000-GTE-P00035,07/29/26 07:09 PM EDT,$0.46,108
20260730,MLB-TRUNS-IT5-03VP8V0Q4PARC1O-GTE-P00035,07/29/26 07:10 PM EDT,$0.49,1000
20260730,MLB-WIN-IT5-01DRH58PTNRRJ90-BOOX000,07/29/26 07:10 PM EDT,$0.56,13
20260730,MLB-TRUNS-IT5-01DRH5ELTNRRJRO-GTE-P00035,07/29/26 07:10 PM EDT,$0.56,108
20260730,MLB-WIN-IT5-01DRH58PTNRRJ90-BOOX000,07/29/26 07:10 PM EDT,$0.56,15
20260730,MLB-TRUNS-IT5-01DRGBQLTNRS7H8-GTE-P00055,07/29/26 07:10 PM EDT,$0.49,11
20260730,MLB-MOVY-IT5-01DRGBQLTNRS7H8-TBYS000-GTE-P00035,07/29/26 07:10 PM EDT,$0.54,100
20260730,MLB-TRUNS-IT5-01DRGBQLTNRS7H8-GTE-P00055,07/29/26 07:10 PM EDT,$0.49,4
20260730,MLB-TRUNS-IT5-01DRGBQLTNRS7H8-GTE-P00055,07/29/26 07:10 PM EDT,$0.49,903
20260730,MLB-WIN-IT5-03VP8V0Q4PARC1O-ATES000,07/29/26 07:11 PM EDT,$0.64,350
20260730,MLB-WIN-IT5-03VP8V0Q4PARC1O-NYTS000,07/29/26 07:11 PM EDT,$0.38,350
20260730,MLB-TRUNS-IT5-01DRGBTTTNRS7KO-GTE-P00045,07/29/26 07:11 PM EDT,$0.52,2
20260730,MLB-TRUNS-IT5-01DRGBQLTNRS7H8-GTE-P00055,07/29/26 07:11 PM EDT,$0.50,367
20260730,MLB-WIN-IT5-03VP8V0Q4PARC1O-ATES000,07/29/26 07:11 PM EDT,$0.64,350
20260730,MLB-WIN-IT5-03VP8V0Q4PARC1O-ATES000,07/29/26 07:11 PM EDT,$0.64,350
20260730,MLB-WIN-IT5-03VP8V0Q4PARC1O-NYTS000,07/29/26 07:11 PM EDT,$0.38,350
20260730,MLB-WIN-IT5-01DRH5DLTNRRJQO-KCLS000,07/29/26 07:11 PM EDT,$0.35,135
20260730,MLB-TRUNS-IT5-01DRGBQLTNRS7H8-GTE-P00055,07/29/26 07:11 PM EDT,$0.50,1
20260730,MLB-WIN-IT5-01DRGBTTTNRS7KO-CLNS000,07/29/26 07:11 PM EDT,$0.55,371
20260730,MLB-WIN-IT5-03VP8V0Q4PARC1O-ATES000,07/29/26 07:12 PM EDT,$0.65,328
20260730,MLB-WIN-IT5-01DRH58PTNRRJ90-BOOX000,07/29/26 07:12 PM EDT,$0.56,34
20260730,MLB-TRUNS-IT5-01DRH58PTNRRJ90-GTE-P00055,07/29/26 07:12 PM EDT,$0.55,43
20260730,MLB-WIN-IT5-01DRH5DLTNRRJQO-KCLS000,07/29/26 07:12 PM EDT,$0.35,135
20260730,MLB-MOVY-IT5-03VP8V0Q4PARC1O-ATES000-GTE-P00015,07/29/26 07:12 PM EDT,$0.42,11
20260730,MLB-WIN-IT5-01DRGBTTTNRS7KO-CIDS000,07/29/26 07:12 PM EDT,$0.48,3068
20260730,MLB-WIN-IT5-01DRGBTTTNRS7KO-CLNS000,07/29/26 07:12 PM EDT,$0.55,352
20260730,MLB-TRUNS-IT5-01DRGBQLTNRS7H8-GTE-P00055,07/29/26 07:12 PM EDT,$0.48,436
20260730,MLB-TRUNS-IT5-01DRGBQLTNRS7H8-GTE-P00055,07/29/26 07:12 PM EDT,$0.48,962
20260730,MLB-MOVY-IT5-03VP8V0Q4PARC1O-ATES000-GTE-P00005,07/29/26 07:12 PM EDT,$0.56,4
20260730,MLB-TRUNS-IT5-03VP8V0Q4PARC1O-GTE-P00035,07/29/26 07:12 PM EDT,$0.56,17
20260730,MLB-TRUNS-I5-01DRGBTTTNRS7KO-GTE-P00005,07/29/26 07:12 PM EDT,$0.43,115
20260730,MLB-TRUNS-IT5-03VP8V0Q4PARC1O-GTE-P00035,07/29/26 07:13 PM EDT,$0.55,47
20260730,MLB-WIN-IT5-01DRH59GTNRRIEG-CHBS000,07/29/26 07:13 PM EDT,$0.48,2
20260730,MLB-WIN-IT5-01DRGBTTTNRS7KO-CLNS000,07/29/26 07:13 PM EDT,$0.52,49
20260730,MLB-TRUNS-IT5-03VP8V0Q4PARC1O-GTE-P00035,07/29/26 07:13 PM EDT,$0.52,800
20260730,MLB-WIN-IT5-01DRH59GTNRRIEG-STLS000,07/29/26 07:14 PM EDT,$0.54,5
20260730,MLB-WIN-IT5-03VP8V0Q4PARC1O-ATES000,07/29/26 07:14 PM EDT,$0.57,350
20260730,MLB-WIN-IT5-01DRGBQLTNRS7H8-TERS000,07/29/26 07:14 PM EDT,$0.06,71
20260730,MLB-WIN-IT5-03VP8V0Q4PARC1O-NYTS000,07/29/26 07:15 PM EDT,$0.46,110
20260730,MLB-TRUNS-IT5-03VP8V0Q4PARC1O-GTE-P00035,07/29/26 07:15 PM EDT,$0.42,47
20260730,MLB-TRUNS-IT5-01DRGBTTTNRS7KO-GTE-P00045,07/29/26 07:15 PM EDT,$0.44,87
20260730,MLB-TRUNS-IT5-03VP8V0Q4PARC1O-GTE-P00035,07/29/26 07:15 PM EDT,$0.41,983
20260730,MLB-TRUNS-I1-01DRGBTTTNRS7KO-GTE-P00005,07/29/26 07:15 PM EDT,$0.34,163
20260730,MLB-TRUNS-IT5-01DRGBTTTNRS7KO-GTE-P00045,07/29/26 07:16 PM EDT,$0.46,73
20260730,MLB-WIN-IT5-01DRGBTTTNRS7KO-CLNS000,07/29/26 07:16 PM EDT,$0.50,851
20260730,MLB-TRUNS-IT5-01DRGBQLTNRS7H8-GTE-P00055,07/29/26 07:16 PM EDT,$0.43,350
20260730,MLB-TRUNS-I1-01DRGBTTTNRS7KO-GTE-P00005,07/29/26 07:16 PM EDT,$0.31,70
20260730,MLB-MOVY-IT5-01DRGBTTTNRS7KO-CIDS000-GTE-P00005,07/29/26 07:16 PM EDT,$0.41,26
20260730,MLB-MOVY-IT5-01DRGBTTTNRS7KO-CIDS000-GTE-P00005,07/29/26 07:16 PM EDT,$0.41,37
20260730,MLB-TRUNS-IT5-01DRGBQLTNRS7H8-GTE-P00045,07/29/26 07:17 PM EDT,$0.60,72
20260730,MLB-WIN-IT5-01DRGBTTTNRS7KO-CLNS000,07/29/26 07:17 PM EDT,$0.46,350
20260730,MLB-TRUNS-IT5-01DRGBQLTNRS7H8-GTE-P00055,07/29/26 07:17 PM EDT,$0.41,95
20260730,MLB-TRUNS-IT5-01DRGBQLTNRS7H8-GTE-P00055,07/29/26 07:17 PM EDT,$0.41,350
20260730,MLB-TRUNS-I7-01DRGBQLTNRS7H8-GTE-P00005,07/29/26 07:17 PM EDT,$0.47,102
20260730,MLB-WIN-IT5-01DRGBTTTNRS7KO-CIDS000,07/29/26 07:17 PM EDT,$0.55,43
20260730,MLB-TRUNS-I4-01DRGBQLTNRS7H8-GTE-P00005,07/29/26 07:17 PM EDT,$0.46,5
20260730,MLB-MOVY-IT5-01DRGBQLTNRS7H8-TBYS000-GTE-P00035,07/29/26 07:17 PM EDT,$0.49,1500
20260730,MLB-TRUNS-I8-01DRGBQLTNRS7H8-GTE-P00005,07/29/26 07:17 PM EDT,$0.47,102
20260730,MLB-TRUNS-I5-01DRGBQLTNRS7H8-GTE-P00005,07/29/26 07:17 PM EDT,$0.47,5
20260730,MLB-TRUNS-IT5-01DRGBQLTNRS7H8-GTE-P00055,07/29/26 07:17 PM EDT,$0.41,13
20260730,MLB-MOVY-IT5-01DRGBQLTNRS7H8-TBYS000-GTE-P00035,07/29/26 07:17 PM EDT,$0.40,60
20260730,MLB-WIN-IT5-01DRGBTTTNRS7KO-CLNS000,07/29/26 07:18 PM EDT,$0.45,10
20260730,MLB-WIN-IT5-01DRGBTTTNRS7KO-CIDS000,07/29/26 07:18 PM EDT,$0.57,169
20260730,MLB-TRUNS-I5-01DRGBTTTNRS7KO-GTE-P00005,07/29/26 07:18 PM EDT,$0.52,74
20260730,MLB-TRUNS-I4-01DRGBTTTNRS7KO-GTE-P00005,07/29/26 07:18 PM EDT,$0.51,75
20260730,MLB-WIN-IT5-01DRGBTTTNRS7KO-CLNS000,07/29/26 07:18 PM EDT,$0.45,10
20260730,NWSL-DWIN-FG-000A28PPI788FO8-WATW003,07/29/26 07:18 PM EDT,$0.40,11
20260730,NWSL-DWIN-FG-000A28ULI788EFO-DRAW,07/29/26 07:18 PM EDT,$0.24,19
20260730,MLB-MOVY-IT5-01DRGBQLTNRS7H8-TBYS000-GTE-P00035,07/29/26 07:19 PM EDT,$0.35,107
20260730,MLB-WIN-IT5-01DRH5ELTNRRJRO-NYES000,07/29/26 07:19 PM EDT,$0.61,7
20260730,MLB-WIN-IT5-01DRH59GTNRRIEG-STLS000,07/29/26 07:19 PM EDT,$0.54,21
20260730,MLB-TRUNS-IT5-01DRGBQLTNRS7H8-GTE-P00055,07/29/26 07:19 PM EDT,$0.48,188
20260730,MLB-TRUNS-IT5-01DRGBQLTNRS7H8-GTE-P00055,07/29/26 07:19 PM EDT,$0.47,162
20260730,MLB-TRUNS-IT5-03VP8V0Q4PARC1O-GTE-P00035,07/29/26 07:19 PM EDT,$0.48,9
20260730,MLB-TRUNS-IT5-01DRH5ELTNRRJRO-GTE-P00035,07/29/26 07:19 PM EDT,$0.56,12
20260730,MLB-TRUNS-IT5-01DRGBTTTNRS7KO-GTE-P00045,07/29/26 07:20 PM EDT,$0.45,9
20260730,MLB-WIN-IT5-01DRGBTTTNRS7KO-CLNS000,07/29/26 07:20 PM EDT,$0.47,10
20260730,MLB-MOVY-IT5-01DRGBQLTNRS7H8-TBYS000-GTE-P00035,07/29/26 07:20 PM EDT,$0.40,20
20260730,MLB-MOVY-IT5-01DRGBQLTNRS7H8-TBYS000-GTE-P00005,07/29/26 07:20 PM EDT,$0.88,10
20260730,MLB-TRUNS-IT5-01DRGBQLTNRS7H8-GTE-P00055,07/29/26 07:21 PM EDT,$0.42,8
20260730,MLB-TRUNS-IT5-01DRGBQLTNRS7H8-GTE-P00055,07/29/26 07:21 PM EDT,$0.44,10
20260730,MLB-TRUNS-I1-01DRH5DLTNRRJQO-GTE-P00015,07/29/26 07:21 PM EDT,$0.26,45
20260730,MLB-TRUNS-IT5-01DRGBTTTNRS7KO-GTE-P00035,07/29/26 07:21 PM EDT,$0.55,5
20260730,MLB-TRUNS-I1-03VP8V0Q4PARC1O-GTE-P00005,07/29/26 07:21 PM EDT,$0.10,54
20260730,MLB-TRUNS-I4-01DRGBTTTNRS7KO-GTE-P00005,07/29/26 07:21 PM EDT,$0.44,103
20260730,MLB-MOVY-IT5-03VP8V0Q4PARC1O-ATES000-GTE-P00005,07/29/26 07:21 PM EDT,$0.49,36
20260730,MLB-TRUNS-IT5-03VP8V0Q4PARC1O-GTE-P00025,07/29/26 07:21 PM EDT,$0.61,5
20260730,MLB-TRUNS-IT5-03VP8V0Q4PARC1O-GTE-P00025,07/29/26 07:21 PM EDT,$0.61,6
20260730,MLB-WIN-IT5-01DRGBTTTNRS7KO-CLNS000,07/29/26 07:22 PM EDT,$0.50,40
20260730,MLB-TRUNS-I4-01DRGBQLTNRS7H8-GTE-P00005,07/29/26 07:23 PM EDT,$0.39,1
20260730,MLB-MOVY-IT5-01DRGBQLTNRS7H8-TBYS000-GTE-P00035,07/29/26 07:23 PM EDT,$0.44,546
20260730,MLB-TRUNS-I1-01DRGBTTTNRS7KO-GTE-P00005,07/29/26 07:23 PM EDT,$0.30,15
20260730,MLB-MOVY-IT5-01DRGBQLTNRS7H8-TBYS000-GTE-P00035,07/29/26 07:23 PM EDT,$0.52,1500
20260730,MLB-PHRR-FG-01DRH59GTNRRIEG-IVRA000-GTE-P00025,07/29/26 07:24 PM EDT,$0.34,13
20260730,MLB-PHRR-FG-01DRH59GTNRRIEG-ALON001-GTE-P00025,07/29/26 07:24 PM EDT,$0.34,13
20260730,MLB-PHRR-FG-01DRH59GTNRRIEG-JOER005-GTE-P00035,07/29/26 07:24 PM EDT,$0.27,17
20260730,MLB-WIN-IT5-01DRGBTTTNRS7KO-CIDS000,07/29/26 07:24 PM EDT,$0.55,178
20260730,MLB-MOVY-IT5-01DRGBQLTNRS7H8-TBYS000-GTE-P00035,07/29/26 07:24 PM EDT,$0.45,246
20260730,MLB-TRUNS-IT5-01DRGBTTTNRS7KO-GTE-P00045,07/29/26 07:24 PM EDT,$0.44,420
20260730,MLB-TRUNS-IT5-01DRGBQLTNRS7H8-GTE-P00055,07/29/26 07:24 PM EDT,$0.33,350
20260730,MLB-TRUNS-IT5-01DRGBQLTNRS7H8-GTE-P00055,07/29/26 07:24 PM EDT,$0.32,350
20260730,MLB-WIN-IT5-03VP8V0Q4PARC1O-NYTS000,07/29/26 07:24 PM EDT,$0.41,11
20260730,MLB-MOVY-IT5-01DRGBQLTNRS7H8-TBYS000-GTE-P00035,07/29/26 07:25 PM EDT,$0.36,379
20260730,MLB-TRUNS-IT5-01DRGBTTTNRS7KO-GTE-P00045,07/29/26 07:25 PM EDT,$0.52,73
20260730,MLB-TRUNS-I1-01DRGBTTTNRS7KO-GTE-P00015,07/29/26 07:25 PM EDT,$0.28,36
20260730,MLB-TRUNS-I4-01DRGBTTTNRS7KO-GTE-P00005,07/29/26 07:25 PM EDT,$0.50,4
20260730,MLB-MOVY-IT5-01DRGBQLTNRS7H8-TBYS000-GTE-P00005,07/29/26 07:25 PM EDT,$0.89,204
20260730,MLB-TRUNS-IT5-01DRGBQLTNRS7H8-GTE-P00045,07/29/26 07:26 PM EDT,$0.47,40
20260730,MLB-TRUNS-I2-03VP8V0Q4PARC1O-GTE-P00005,07/29/26 07:26 PM EDT,$0.44,2
20260730,MLB-TRUNS-IT5-01DRGBQLTNRS7H8-GTE-P00045,07/29/26 07:26 PM EDT,$0.44,342
20260730,MLB-TRUNS-IT5-01DRGBQLTNRS7H8-GTE-P00045,07/29/26 07:26 PM EDT,$0.44,2
20260730,MLB-MOVY-IT5-01DRH5ELTNRRJRO-NYES000-GTE-P00015,07/29/26 07:26 PM EDT,$0.35,405
20260730,MLB-TRUNS-IT5-01DRH5DLTNRRJQO-GTE-P00045,07/29/26 07:27 PM EDT,$0.53,45
20260730,MLB-WIN-IT5-01DRH5ELTNRRJRO-NYES000,07/29/26 07:27 PM EDT,$0.61,23
20260730,MLB-PHRR-FG-01DRGBQLTNRS7H8-JURO000-GTE-P00015,07/29/26 07:27 PM EDT,$0.31,15
20260730,MLB-TRUNS-IT5-01DRGBTTTNRS7KO-GTE-P00055,07/29/26 07:27 PM EDT,$0.33,3
20260730,MLB-PHRR-FG-01DRGBQLTNRS7H8-ELAZ000-GTE-P00015,07/29/26 07:27 PM EDT,$0.42,6
20260730,MLB-TRUNS-IT5-01DRH59GTNRRIEG-GTE-P00035,07/29/26 07:27 PM EDT,$0.60,24
20260730,NWSL-DWIN-FG-000A28SHI788EU0-DRAW,07/29/26 07:28 PM EDT,$0.20,68
20260730,NWSL-DWIN-FG-000A28SHI788EU0-RAEW001,07/29/26 07:28 PM EDT,$0.18,78
20260730,MLB-PHRR-FG-01DRH59GTNRRIEG-PENG000-GTE-P00025,07/29/26 07:28 PM EDT,$0.42,11
20260730,MLB-PHRR-FG-01DRGBQLTNRS7H8-CAEY002-GTE-P00015,07/29/26 07:28 PM EDT,$0.47,7
20260730,MLB-WIN-IT5-01DRGBTTTNRS7KO-CLNS000,07/29/26 07:29 PM EDT,$0.45,350
20260730,MLB-WIN-IT5-01DRGBTTTNRS7KO-CLNS000,07/29/26 07:29 PM EDT,$0.45,350
20260730,MLB-WIN-IT5-01DRGBTTTNRS7KO-CLNS000,07/29/26 07:29 PM EDT,$0.45,350
20260730,MLB-WIN-IT5-01DRGBTTTNRS7KO-CLNS000,07/29/26 07:29 PM EDT,$0.45,350
20260730,MLB-WIN-IT5-01DRGBTTTNRS7KO-CLNS000,07/29/26 07:29 PM EDT,$0.45,100
20260730,MLB-TRUNS-I1-01DRH5ELTNRRJRO-GTE-P00015,07/29/26 07:29 PM EDT,$0.28,333
20260730,MLB-MOVY-IT5-01DRGBTTTNRS7KO-CIDS000-GTE-P00015,07/29/26 07:29 PM EDT,$0.32,350
20260730,MLB-WIN-IT5-01DRGBTTTNRS7KO-CLNS000,07/29/26 07:29 PM EDT,$0.53,18
20260730,MLB-MOVY-IT5-01DRGBTTTNRS7KO-CIDS000-GTE-P00015,07/29/26 07:29 PM EDT,$0.32,350
20260730,MLB-MOVY-IT5-03VP8V0Q4PARC1O-ATES000-GTE-P00005,07/29/26 07:29 PM EDT,$0.45,70
20260730,MLB-TRUNS-IT5-01DRGBTTTNRS7KO-GTE-P00035,07/29/26 07:29 PM EDT,$0.58,3
20260730,MLB-TRUNS-IT5-03VP8V0Q4PARC1O-GTE-P00025,07/29/26 07:29 PM EDT,$0.44,16
20260730,MLB-WIN-IT5-03VP8V0Q4PARC1O-NYTS000,07/29/26 07:29 PM EDT,$0.47,816
20260730,MLB-TRUNS-IT5-01DRGBQLTNRS7H8-GTE-P00045,07/29/26 07:29 PM EDT,$0.38,28
20260730,MLB-TRUNS-IT5-01DRGBQLTNRS7H8-GTE-P00055,07/29/26 07:29 PM EDT,$0.24,350
20260730,MLB-MOVY-IT5-01DRGBTTTNRS7KO-CIDS000-GTE-P00015,07/29/26 07:29 PM EDT,$0.32,300
20260730,MLB-TRUNS-IT5-01DRGBQLTNRS7H8-GTE-P00045,07/29/26 07:30 PM EDT,$0.38,156
20260730,MLB-TRUNS-I3-03VP8V0Q4PARC1O-GTE-P00005,07/29/26 07:30 PM EDT,$0.37,28
20260730,MLB-TRUNS-I4-01DRGBQLTNRS7H8-GTE-P00005,07/29/26 07:30 PM EDT,$0.36,20
20260730,MLB-TRUNS-IT5-01DRGBQLTNRS7H8-GTE-P00055,07/29/26 07:30 PM EDT,$0.24,350
20260730,MLB-MOVY-IT5-03VP8V0Q4PARC1O-ATES000-GTE-P00005,07/29/26 07:30 PM EDT,$0.43,15
20260730,MLB-TRUNS-IT5-01DRH59GTNRRIEG-GTE-P00035,07/29/26 07:30 PM EDT,$0.58,54
20260730,MLB-TRUNS-I1-01DRH5CMTNRRJNO-GTE-P00015,07/29/26 07:30 PM EDT,$0.37,2
20260730,MLB-TRUNS-IT5-03VP8V0Q4PARC1O-GTE-P00025,07/29/26 07:31 PM EDT,$0.50,9
20260730,MLB-TRUNS-I4-01DRGBQLTNRS7H8-GTE-P00015,07/29/26 07:31 PM EDT,$0.22,6
20260730,MLB-MOVY-IT5-01DRGBTTTNRS7KO-CIDS000-GTE-P00005,07/29/26 07:31 PM EDT,$0.34,74
20260730,MLB-MOVY-IT5-01DRGBQLTNRS7H8-TBYS000-GTE-P00025,07/29/26 07:31 PM EDT,$0.77,350
20260730,MLB-MOVY-IT5-03VP8V0Q4PARC1O-ATES000-GTE-P00005,07/29/26 07:31 PM EDT,$0.35,17
20260730,MLB-TRUNS-IT5-03VP8V0Q4PARC1O-GTE-P00025,07/29/26 07:31 PM EDT,$0.42,225
20260730,MLB-MOVY-IT5-01DRH59GTNRRIEG-STLS000-GTE-P00005,07/29/26 07:31 PM EDT,$0.46,36
20260730,MLB-MOVY-IT5-01DRGBQLTNRS7H8-TBYS000-GTE-P00025,07/29/26 07:31 PM EDT,$0.77,350
20260730,MLB-MOVY-IT5-01DRGBQLTNRS7H8-TBYS000-GTE-P00025,07/29/26 07:31 PM EDT,$0.77,350
20260730,MLB-MOVY-IT5-01DRGBTTTNRS7KO-CIDS000-GTE-P00005,07/29/26 07:31 PM EDT,$0.36,151
20260730,MLB-MOVY-IT5-01DRGBQLTNRS7H8-TBYS000-GTE-P00025,07/29/26 07:31 PM EDT,$0.77,350
20260730,MLB-WIN-IT5-01DRH59GTNRRIEG-STLS000,07/29/26 07:31 PM EDT,$0.55,117
20260730,MLB-WIN-IT5-01DRH59GTNRRIEG-CHBS000,07/29/26 07:31 PM EDT,$0.48,55
20260730,MLB-TRUNS-IT5-01DRGBTTTNRS7KO-GTE-P00035,07/29/26 07:31 PM EDT,$0.46,153
20260730,MLB-TRUNS-IT5-01DRGBQLTNRS7H8-GTE-P00035,07/29/26 07:32 PM EDT,$0.61,6
20260730,MLB-WIN-IT5-01DRH5ELTNRRJRO-NYES000,07/29/26 07:32 PM EDT,$0.61,47
20260730,MLB-MOVY-IT5-01DRH59GTNRRIEG-STLS000-GTE-P00005,07/29/26 07:32 PM EDT,$0.46,36
20260730,MLB-MOVY-IT5-01DRGBQLTNRS7H8-TBYS000-GTE-P00025,07/29/26 07:32 PM EDT,$0.77,100
20260730,MLB-TRUNS-IT5-03VP8V0Q4PARC1O-GTE-P00025,07/29/26 07:32 PM EDT,$0.42,5
20260730,MLB-TRUNS-IT5-01DRGBTTTNRS7KO-GTE-P00035,07/29/26 07:32 PM EDT,$0.47,144
20260730,MLB-MOVY-IT5-01DRH59GTNRRIEG-STLS000-GTE-P00005,07/29/26 07:32 PM EDT,$0.47,41
20260730,MLB-TRUNS-IT5-01DRGBQLTNRS7H8-GTE-P00035,07/29/26 07:32 PM EDT,$0.59,18
20260730,MLB-WIN-IT5-01DRH5ELTNRRJRO-NYES000,07/29/26 07:32 PM EDT,$0.61,3174
20260730,MLB-MOVY-IT5-01DRGBTTTNRS7KO-CIDS000-GTE-P00005,07/29/26 07:32 PM EDT,$0.36,44
20260730,MLB-MOVY-IT5-01DRH5CMTNRRJNO-LARS000-GTE-P00005,07/29/26 07:32 PM EDT,$0.51,377
20260730,MLB-TRUNS-IT5-01DRGBTTTNRS7KO-GTE-P00035,07/29/26 07:32 PM EDT,$0.49,3
20260730,MLB-TRUNS-IT5-01DRGBQLTNRS7H8-GTE-P00035,07/29/26 07:33 PM EDT,$0.58,9
20260730,NWSL-DWIN-FG-000A28SHI788EU0-KATW001,07/29/26 07:33 PM EDT,$0.67,3
20260730,MLB-TRUNS-IT5-03VP8V0Q4PARC1O-GTE-P00025,07/29/26 07:33 PM EDT,$0.48,98
20260730,MLB-TRUNS-IT5-01DRGBQLTNRS7H8-GTE-P00035,07/29/26 07:33 PM EDT,$0.54,54
20260730,MLB-TRUNS-IT5-03VP8V0Q4PARC1O-GTE-P00025,07/29/26 07:33 PM EDT,$0.47,8
20260730,MLB-TRUNS-IT5-01DRGBQLTNRS7H8-GTE-P00035,07/29/26 07:34 PM EDT,$0.54,10
20260730,MLB-TRUNS-IT5-01DRGBQLTNRS7H8-GTE-P00035,07/29/26 07:34 PM EDT,$0.54,20
20260730,MLB-TRUNS-I1-01DRH59GTNRRIEG-GTE-P00015,07/29/26 07:34 PM EDT,$0.20,66
20260730,MLB-TRUNS-IT5-01DRGBQLTNRS7H8-GTE-P00035,07/29/26 07:34 PM EDT,$0.57,20
20260730,MLB-MOVY-IT5-01DRH5ELTNRRJRO-NYES000-GTE-P00015,07/29/26 07:35 PM EDT,$0.35,13
20260730,MLB-MOVY-IT5-01DRGBQLTNRS7H8-TBYS000-GTE-P00015,07/29/26 07:35 PM EDT,$0.91,36
20260730,MLB-TRUNS-I5-03VP8V0Q4PARC1O-GTE-P00005,07/29/26 07:35 PM EDT,$0.42,113
20260730,MLB-TRUNS-I1-01DRH59GTNRRIEG-GTE-P00015,07/29/26 07:35 PM EDT,$0.19,60
20260730,MLB-MOVY-IT5-01DRGBTTTNRS7KO-CLNS000-GTE-P00005,07/29/26 07:35 PM EDT,$0.42,52
20260730,MLB-TRUNS-IT5-03VP8V0Q4PARC1O-GTE-P00015,07/29/26 07:35 PM EDT,$0.53,61
20260730,MLB-WIN-IT5-03VP8V0Q4PARC1O-ATES000,07/29/26 07:35 PM EDT,$0.62,231
20260730,MLB-TRUNS-I7-03VP8V0Q4PARC1O-GTE-P00005,07/29/26 07:35 PM EDT,$0.44,104
20260730,MLB-WIN-IT5-01DRH59GTNRRIEG-STLS000,07/29/26 07:36 PM EDT,$0.54,446
20260730,MLB-WIN-IT5-01DRH5ELTNRRJRO-CHOX000,07/29/26 07:36 PM EDT,$0.42,297
20260730,MLB-WIN-IT5-01DRH59GTNRRIEG-CHBS000,07/29/26 07:36 PM EDT,$0.48,50
20260730,MLB-WIN-IT5-01DRGBQLTNRS7H8-TBYS000,07/29/26 07:36 PM EDT,$0.96,6
20260730,MLB-WIN-IT5-01DRH5DLTNRRJQO-MINS000,07/29/26 07:36 PM EDT,$0.68,34
20260730,MLB-MOVY-IT5-03VP8V0Q4PARC1O-ATES000-GTE-P00005,07/29/26 07:37 PM EDT,$0.48,20
20260730,MLB-TRUNS-I6-01DRH5CMTNRRJNO-GTE-P00045,07/29/26 07:37 PM EDT,$0.09,100
20260730,MLB-TRUNS-IT5-01DRH5DLTNRRJQO-GTE-P00045,07/29/26 07:37 PM EDT,$0.53,3227
20260730,MLB-TRUNS-IT5-01DRH5DLTNRRJQO-GTE-P00045,07/29/26 07:37 PM EDT,$0.53,98
20260730,MLB-TRUNS-IT5-01DRH5ELTNRRJRO-GTE-P00035,07/29/26 07:37 PM EDT,$0.58,201
20260730,MLB-WIN-IT5-01DRH5ANTNRRIEO-HOOS000,07/29/26 07:37 PM EDT,$0.55,52
20260730,MLB-WIN-IT5-01DRH5ELTNRRJRO-CHOX000,07/29/26 07:37 PM EDT,$0.41,546
20260730,MLB-MOVY-IT5-01DRH59GTNRRIEG-STLS000-GTE-P00005,07/29/26 07:37 PM EDT,$0.46,20
20260730,MLB-TRUNS-I4-01DRGBQLTNRS7H8-GTE-P00005,07/29/26 07:37 PM EDT,$0.29,21
20260730,MLB-MOVY-IT5-03VP8V0Q4PARC1O-ATES000-GTE-P00005,07/29/26 07:38 PM EDT,$0.48,15
20260730,MLB-TRUNS-IT5-01DRH5ELTNRRJRO-GTE-P00035,07/29/26 07:38 PM EDT,$0.56,434
20260730,MLB-TRUNS-IT5-03VP8V0Q4PARC1O-GTE-P00015,07/29/26 07:38 PM EDT,$0.61,31
20260730,MLB-WIN-IT5-03VP8V0Q4PARC1O-ATES000,07/29/26 07:38 PM EDT,$0.62,31
20260730,MLB-MOVY-IT5-03VP8V0Q4PARC1O-ATES000-GTE-P00005,07/29/26 07:38 PM EDT,$0.48,40
20260730,MLB-MOVY-IT5-01DRGBQLTNRS7H8-TBYS000-GTE-P00035,07/29/26 07:38 PM EDT,$0.34,27
20260730,MLB-TRUNS-IT5-01DRGBTTTNRS7KO-GTE-P00035,07/29/26 07:38 PM EDT,$0.46,35
20260730,MLB-MOVY-IT5-01DRGBQLTNRS7H8-TBYS000-GTE-P00035,07/29/26 07:38 PM EDT,$0.37,176
20260730,MLB-TRUNS-I3-03VP8V0Q4PARC1O-GTE-P00005,07/29/26 07:38 PM EDT,$0.37,8
20260730,MLB-TRUNS-I4-03VP8V0Q4PARC1O-GTE-P00005,07/29/26 07:39 PM EDT,$0.46,6
20260730,MLB-WIN-IT5-01DRH59GTNRRIEG-STLS000,07/29/26 07:39 PM EDT,$0.54,44
20260730,NWSL-DWIN-FG-000A28SHI788EU0-KATW001,07/29/26 07:39 PM EDT,$0.67,72
20260730,MLB-TRUNS-I6-01DRH58PTNRRJ90-GTE-P00035,07/29/26 07:39 PM EDT,$0.13,71
20260730,MLB-WIN-IT5-01DRGBTTTNRS7KO-CLNS000,07/29/26 07:39 PM EDT,$0.52,350
20260730,MLB-TRUNS-IT5-01DRH5ELTNRRJRO-GTE-P00035,07/29/26 07:39 PM EDT,$0.57,108
20260730,MLB-TRUNS-IT5-01DRGBQLTNRS7H8-GTE-P00045,07/29/26 07:39 PM EDT,$0.30,3
20260730,MLB-TRUNS-IT5-01DRGBQLTNRS7H8-GTE-P00035,07/29/26 07:39 PM EDT,$0.49,9
20260730,MLB-TRUNS-IT5-01DRGBQLTNRS7H8-GTE-P00035,07/29/26 07:39 PM EDT,$0.52,91
20260730,MLB-MOVY-IT5-03VP8V0Q4PARC1O-ATES000-GTE-P00005,07/29/26 07:39 PM EDT,$0.40,11
20260730,MLB-TRUNS-I1-01DRH59GTNRRIEG-GTE-P00015,07/29/26 07:39 PM EDT,$0.19,36
20260730,MLB-TRUNS-IT5-01DRH58PTNRRJ90-GTE-P00055,07/29/26 07:39 PM EDT,$0.53,165
20260730,MLB-TRUNS-IT5-01DRH58PTNRRJ90-GTE-P00055,07/29/26 07:39 PM EDT,$0.53,39
20260730,MLB-WIN-IT5-01DRH59GTNRRIEG-CHBS000,07/29/26 07:40 PM EDT,$0.48,1000
20260730,MLB-TRUNS-IT5-01DRH5DLTNRRJQO-GTE-P00045,07/29/26 07:40 PM EDT,$0.53,2
20260730,MLB-MOVY-IT5-01DRH59GTNRRIEG-STLS000-GTE-P00005,07/29/26 07:40 PM EDT,$0.46,86
20260730,MLB-TRUNS-IT5-01DRH5ELTNRRJRO-GTE-P00035,07/29/26 07:40 PM EDT,$0.55,99
20260730,MLB-WIN-IT5-01DRH5ELTNRRJRO-NYES000,07/29/26 07:40 PM EDT,$0.61,158
20260730,MLB-TRUNS-IT5-01DRGBQLTNRS7H8-GTE-P00035,07/29/26 07:40 PM EDT,$0.47,22
20260730,NWSL-DWIN-FG-000A28PPI788FO8-WATW003,07/29/26 07:40 PM EDT,$0.40,83
20260730,NWSL-DWIN-FG-000A28PPI788FO8-UTSW003,07/29/26 07:40 PM EDT,$0.38,37
20260730,MLB-TRUNS-I3-03VP8V0Q4PARC1O-GTE-P00005,07/29/26 07:40 PM EDT,$0.19,120
20260730,MLB-WIN-IT5-01DRGBTTTNRS7KO-CIDS000,07/29/26 07:41 PM EDT,$0.54,350
20260730,MLB-WIN-IT5-01DRH59GTNRRIEG-CHBS000,07/29/26 07:41 PM EDT,$0.48,150
20260730,NWSL-DWIN-FG-000A28PPI788FO8-WATW003,07/29/26 07:41 PM EDT,$0.40,2
20260730,MLB-TRUNS-IT5-01DRGBQLTNRS7H8-GTE-P00035,07/29/26 07:41 PM EDT,$0.41,49
20260730,NWSL-DWIN-FG-000A28PPI788FO8-UTSW003,07/29/26 07:41 PM EDT,$0.38,25
20260730,MLB-TRUNS-I8-01DRH5CMTNRRJNO-GTE-P00005,07/29/26 07:41 PM EDT,$0.50,19
20260730,MLB-TRUNS-IT5-01DRH5DLTNRRJQO-GTE-P00045,07/29/26 07:41 PM EDT,$0.51,98
20260730,MLB-TRUNS-I5-01DRGBQLTNRS7H8-GTE-P00005,07/29/26 07:41 PM EDT,$0.36,53
20260730,MLB-WIN-IT5-01DRGBTTTNRS7KO-CIDS000,07/29/26 07:41 PM EDT,$0.54,178
20260730,MLB-TRUNS-IT5-01DRGBQLTNRS7H8-GTE-P00035,07/29/26 07:41 PM EDT,$0.43,81
20260730,MLB-TRUNS-I5-01DRGBQLTNRS7H8-GTE-P00005,07/29/26 07:43 PM EDT,$0.45,20
20260730,MLB-TRUNS-IT5-01DRGBQLTNRS7H8-GTE-P00065,07/29/26 07:43 PM EDT,$0.02,4
20260730,MLB-TRUNS-IT5-01DRH5DLTNRRJQO-GTE-P00045,07/29/26 07:43 PM EDT,$0.51,59
20260730,MLB-WIN-IT5-01DRH59GTNRRIEG-CHBS000,07/29/26 07:43 PM EDT,$0.48,22
20260730,MLB-TRUNS-IT5-01DRH5ELTNRRJRO-GTE-P00035,07/29/26 07:43 PM EDT,$0.56,5
20260730,MLB-WIN-IT5-01DRH5ELTNRRJRO-CHOX000,07/29/26 07:43 PM EDT,$0.39,546
20260730,MLB-TRUNS-IT5-03VP8V0Q4PARC1O-GTE-P00015,07/29/26 07:43 PM EDT,$0.43,338
20260730,MLB-WIN-IT5-01DRH59GTNRRIEG-CHBS000,07/29/26 07:43 PM EDT,$0.48,240
20260730,MLB-TRUNS-IT5-01DRH58PTNRRJ90-GTE-P00055,07/29/26 07:43 PM EDT,$0.53,62
20260730,MLB-TRUNS-I5-01DRGBQLTNRS7H8-GTE-P00005,07/29/26 07:44 PM EDT,$0.45,5
20260730,MLB-MOVY-IT5-01DRH5ELTNRRJRO-NYES000-GTE-P00005,07/29/26 07:44 PM EDT,$0.43,498
20260730,MLB-MOVY-IT5-01DRH5ELTNRRJRO-NYES000-GTE-P00005,07/29/26 07:44 PM EDT,$0.43,10
20260730,MLB-WIN-IT5-01DRH5ELTNRRJRO-NYES000,07/29/26 07:44 PM EDT,$0.57,25
20260730,MLB-TRUNS-I3-03VP8V0Q4PARC1O-GTE-P00005,07/29/26 07:44 PM EDT,$0.13,364
20260730,MLB-WIN-IT5-01DRGBTTTNRS7KO-CLNS000,07/29/26 07:44 PM EDT,$0.51,320
20260730,MLB-TRUNS-IT5-03VP8V0Q4PARC1O-GTE-P00015,07/29/26 07:44 PM EDT,$0.48,9
20260730,MLB-TRUNS-IT5-01DRH5ELTNRRJRO-GTE-P00035,07/29/26 07:44 PM EDT,$0.52,315
20260730,MLB-MOVY-IT5-01DRH5ELTNRRJRO-NYES000-GTE-P00005,07/29/26 07:44 PM EDT,$0.45,51
20260730,MLB-WIN-IT5-01DRH59GTNRRIEG-STLS000,07/29/26 07:44 PM EDT,$0.54,85
20260730,MLB-MOVY-IT5-01DRH5ELTNRRJRO-NYES000-GTE-P00005,07/29/26 07:45 PM EDT,$0.48,6
20260730,MLB-WIN-IT5-01DRH59GTNRRIEG-STLS000,07/29/26 07:45 PM EDT,$0.54,1160
20260730,MLB-WIN-IT5-01DRH5DLTNRRJQO-MINS000,07/29/26 07:45 PM EDT,$0.70,350
20260730,MLB-TRUNS-IT5-01DRH5ELTNRRJRO-GTE-P00055,07/29/26 07:45 PM EDT,$0.29,350
20260730,MLB-TRUNS-IT5-03VP8V0Q4PARC1O-GTE-P00015,07/29/26 07:45 PM EDT,$0.42,8
20260730,MLB-TRUNS-I1-01DRH58PTNRRJ90-GTE-P00045,07/29/26 07:46 PM EDT,$0.09,10
20260730,MLB-MOVY-IT5-01DRH5CMTNRRJNO-LARS000-GTE-P00005,07/29/26 07:46 PM EDT,$0.51,19
20260730,MLB-MOVY-IT5-01DRH5ELTNRRJRO-NYES000-GTE-P00005,07/29/26 07:46 PM EDT,$0.53,37
20260730,MLB-WIN-IT5-01DRH5ELTNRRJRO-NYES000,07/29/26 07:46 PM EDT,$0.64,7
20260730,MLB-TRUNS-IT5-01DRH5ELTNRRJRO-GTE-P00065,07/29/26 07:47 PM EDT,$0.23,350
20260730,MLB-MOVY-IT5-01DRH59GTNRRIEG-STLS000-GTE-P00005,07/29/26 07:47 PM EDT,$0.41,16
20260730,MLB-TRUNS-I1-01DRH5ELTNRRJRO-GTE-P00015,07/29/26 07:47 PM EDT,$0.37,102
20260730,MLB-TRUNS-I1-01DRH5ELTNRRJRO-GTE-P00015,07/29/26 07:47 PM EDT,$0.37,64
20260730,MLB-TRUNS-IT5-01DRH5ELTNRRJRO-GTE-P00045,07/29/26 07:47 PM EDT,$0.48,38
20260730,MLB-TRUNS-IT5-01DRH5ELTNRRJRO-GTE-P00045,07/29/26 07:47 PM EDT,$0.48,962
20260730,MLB-WIN-IT5-01DRH5ELTNRRJRO-NYES000,07/29/26 07:47 PM EDT,$0.64,15
20260730,MLB-TRUNS-IT5-03VP8V0Q4PARC1O-GTE-P00015,07/29/26 07:47 PM EDT,$0.44,382
20260730,MLB-TRUNS-IT5-01DRH5ELTNRRJRO-GTE-P00045,07/29/26 07:47 PM EDT,$0.48,10
20260730,MLB-TRUNS-I1-01DRH5DLTNRRJQO-GTE-P00015,07/29/26 07:48 PM EDT,$0.17,168
20260730,MLB-WIN-IT5-01DRH59GTNRRIEG-CHBS000,07/29/26 07:48 PM EDT,$0.43,350
20260730,MLB-TRUNS-IT5-03VP8V0Q4PARC1O-GTE-P00015,07/29/26 07:48 PM EDT,$0.51,162
20260730,MLB-TRUNS-IT5-01DRH5DLTNRRJQO-GTE-P00045,07/29/26 07:48 PM EDT,$0.46,5
20260730,MLB-WIN-IT5-01DRH59GTNRRIEG-STLS000,07/29/26 07:48 PM EDT,$0.57,25
20260730,MLB-WIN-IT5-01DRH5ELTNRRJRO-NYES000,07/29/26 07:48 PM EDT,$0.71,350
20260730,MLB-WIN-IT5-01DRH5ELTNRRJRO-NYES000,07/29/26 07:48 PM EDT,$0.79,350
20260730,MLB-MOVY-IT5-01DRH5ELTNRRJRO-NYES000-GTE-P00025,07/29/26 07:49 PM EDT,$0.46,6
20260730,MLB-TRUNS-IT5-01DRH5ELTNRRJRO-GTE-P00055,07/29/26 07:49 PM EDT,$0.50,192
20260730,MLB-TRUNS-IT5-03VP8V0Q4PARC1O-GTE-P00015,07/29/26 07:49 PM EDT,$0.40,8
20260730,MLB-MOVY-IT5-01DRGBQLTNRS7H8-TBYS000-GTE-P00035,07/29/26 07:49 PM EDT,$0.28,64
20260730,MLB-TRUNS-IT5-03VP8V0Q4PARC1O-GTE-P00015,07/29/26 07:49 PM EDT,$0.40,24
20260730,MLB-WIN-IT5-01DRH5ELTNRRJRO-NYES000,07/29/26 07:49 PM EDT,$0.93,350
20260730,MLB-WIN-IT5-01DRH5ELTNRRJRO-NYES000,07/29/26 07:50 PM EDT,$0.94,350
20260730,MLB-WIN-IT5-01DRH5ELTNRRJRO-NYES000,07/29/26 07:50 PM EDT,$0.94,350
20260730,MLB-TRUNS-I1-01DRH5ANTNRRIEO-GTE-P00015,07/29/26 07:50 PM EDT,$0.36,10
20260730,MLB-MOVY-IT5-01DRGBQLTNRS7H8-TBYS000-GTE-P00035,07/29/26 07:50 PM EDT,$0.21,20
20260730,MLB-TRUNS-IT5-01DRH59GTNRRIEG-GTE-P00035,07/29/26 07:50 PM EDT,$0.54,5
20260730,MLB-MOVY-IT5-01DRH59GTNRRIEG-STLS000-GTE-P00005,07/29/26 07:50 PM EDT,$0.43,43
20260730,MLB-WIN-IT5-01DRH59GTNRRIEG-STLS000,07/29/26 07:50 PM EDT,$0.56,350
20260730,MLB-WIN-IT5-01DRH59GTNRRIEG-STLS000,07/29/26 07:50 PM EDT,$0.56,350
20260730,MLB-WIN-IT5-01DRH59GTNRRIEG-STLS000,07/29/26 07:50 PM EDT,$0.56,350
20260730,MLB-WIN-IT5-01DRH59GTNRRIEG-STLS000,07/29/26 07:51 PM EDT,$0.56,350
20260730,MLB-TRUNS-IT5-01DRH5DLTNRRJQO-GTE-P00045,07/29/26 07:51 PM EDT,$0.44,34
20260730,MLB-WIN-IT5-01DRH59GTNRRIEG-STLS000,07/29/26 07:51 PM EDT,$0.56,350
20260730,MLB-MOVY-IT5-01DRGBQLTNRS7H8-TBYS000-GTE-P00035,07/29/26 07:51 PM EDT,$0.21,2
20260730,MLB-TRUNS-I3-01DRH5DLTNRRJQO-GTE-P00005,07/29/26 07:51 PM EDT,$0.46,21
20260730,MLB-TRUNS-IT5-01DRH5ELTNRRJRO-GTE-P00075,07/29/26 07:51 PM EDT,$0.50,38
20260730,MLB-TRUNS-IT5-03VP8V0Q4PARC1O-GTE-P00015,07/29/26 07:51 PM EDT,$0.35,7
20260730,MLB-TRUNS-IT5-01DRH59GTNRRIEG-GTE-P00035,07/29/26 07:51 PM EDT,$0.54,19
20260730,MLB-WIN-IT5-01DRH5DLTNRRJQO-MINS000,07/29/26 07:51 PM EDT,$0.75,33
20260730,MLB-WIN-IT5-03VP8V0Q4PARC1O-ATES000,07/29/26 07:51 PM EDT,$0.60,350
20260730,MLB-MOVY-IT5-01DRGBQLTNRS7H8-TBYS000-GTE-P00035,07/29/26 07:51 PM EDT,$0.21,30
20260730,MLB-TRUNS-IT5-01DRH5DLTNRRJQO-GTE-P00045,07/29/26 07:51 PM EDT,$0.48,89
20260730,MLB-WIN-IT5-03VP8V0Q4PARC1O-NYTS000,07/29/26 07:51 PM EDT,$0.40,350
20260730,MLB-TRUNS-I4-03VP8V0Q4PARC1O-GTE-P00005,07/29/26 07:51 PM EDT,$0.40,6
20260730,MLB-WIN-IT5-03VP8V0Q4PARC1O-ATES000,07/29/26 07:51 PM EDT,$0.60,350
20260730,MLB-TRUNS-I3-01DRH5DLTNRRJQO-GTE-P00005,07/29/26 07:51 PM EDT,$0.53,21
20260730,MLB-WIN-IT5-01DRH5ANTNRRIEO-HOOS000,07/29/26 07:51 PM EDT,$0.56,6
20260730,MLB-PHRR-FG-01DRH5CMTNRRJNO-DONE000-GTE-P00015,07/29/26 07:52 PM EDT,$0.54,2
20260730,MLB-TRUNS-IT5-01DRGBTTTNRS7KO-GTE-P00025,07/29/26 07:52 PM EDT,$0.53,3
20260730,MLB-MOVY-IT5-01DRH5ANTNRRIEO-HOOS000-GTE-P00005,07/29/26 07:52 PM EDT,$0.47,5
20260730,MLB-TRUNS-IT5-01DRH5ELTNRRJRO-GTE-P00075,07/29/26 07:52 PM EDT,$0.49,588
20260730,MLB-TRUNS-IT5-01DRH5ELTNRRJRO-GTE-P00075,07/29/26 07:52 PM EDT,$0.41,167
20260730,MLB-TRUNS-IT5-01DRGBTTTNRS7KO-GTE-P00035,07/29/26 07:53 PM EDT,$0.40,16
20260730,MLB-TRUNS-IT5-01DRGBTTTNRS7KO-GTE-P00035,07/29/26 07:53 PM EDT,$0.40,322
20260730,MLB-MOVY-IT5-01DRGBQLTNRS7H8-TBYS000-GTE-P00035,07/29/26 07:53 PM EDT,$0.26,74
20260730,MLB-TRUNS-I1-01DRH5DLTNRRJQO-GTE-P00005,07/29/26 07:53 PM EDT,$0.16,12
20260730,MLB-WIN-IT5-03VP8V0Q4PARC1O-NYTS000,07/29/26 07:53 PM EDT,$0.40,350
20260730,MLB-TRUNS-I5-01DRGBQLTNRS7H8-GTE-P00005,07/29/26 07:53 PM EDT,$0.26,35
20260730,MLB-WIN-IT5-01DRGBTTTNRS7KO-CLNS000,07/29/26 07:53 PM EDT,$0.59,350
20260730,MLB-WIN-IT5-01DRGBTTTNRS7KO-CIDS000,07/29/26 07:53 PM EDT,$0.30,350
20260730,MLB-WIN-IT5-01DRGBTTTNRS7KO-CIDS000,07/29/26 07:53 PM EDT,$0.30,178
20260730,MLB-WIN-IT5-01DRGBTTTNRS7KO-CIDS000,07/29/26 07:53 PM EDT,$0.30,172
20260730,MLB-WIN-IT5-01DRGBTTTNRS7KO-CIDS000,07/29/26 07:53 PM EDT,$0.29,350
20260730,MLB-WIN-IT5-01DRGBTTTNRS7KO-CIDS000,07/29/26 07:53 PM EDT,$0.29,350
20260730,MLB-WIN-IT5-01DRGBTTTNRS7KO-CIDS000,07/29/26 07:53 PM EDT,$0.29,350
20260730,MLB-TRUNS-IT5-01DRH5ELTNRRJRO-GTE-P00075,07/29/26 07:53 PM EDT,$0.48,10
20260730,MLB-TRUNS-IT5-01DRH58PTNRRJ90-GTE-P00055,07/29/26 07:53 PM EDT,$0.55,9
20260730,MLB-WIN-IT5-01DRGBTTTNRS7KO-CIDS000,07/29/26 07:53 PM EDT,$0.29,350
20260730,MLB-WIN-IT5-01DRH59GTNRRIEG-STLS000,07/29/26 07:53 PM EDT,$0.60,32
20260730,MLB-WIN-IT5-01DRGBTTTNRS7KO-CIDS000,07/29/26 07:54 PM EDT,$0.29,350
20260730,MLB-MOVY-IT5-01DRH58PTNRRJ90-BOOX000-GTE-P00005,07/29/26 07:54 PM EDT,$0.50,67
20260730,MLB-WIN-IT5-01DRGBTTTNRS7KO-CIDS000,07/29/26 07:54 PM EDT,$0.29,350
20260730,MLB-WIN-IT5-01DRGBTTTNRS7KO-CIDS000,07/29/26 07:54 PM EDT,$0.29,350
20260730,MLB-WIN-IT5-03VP8V0Q4PARC1O-ATES000,07/29/26 07:54 PM EDT,$0.48,892
20260730,MLB-WIN-IT5-03VP8V0Q4PARC1O-ATES000,07/29/26 07:54 PM EDT,$0.46,350
20260730,MLB-TRUNS-IT5-01DRGBTTTNRS7KO-GTE-P00035,07/29/26 07:54 PM EDT,$0.51,11
20260730,MLB-WIN-IT5-03VP8V0Q4PARC1O-ATES000,07/29/26 07:54 PM EDT,$0.45,350
20260730,MLB-WIN-IT5-03VP8V0Q4PARC1O-ATES000,07/29/26 07:54 PM EDT,$0.45,350
20260730,MLB-TRUNS-IT5-01DRH59GTNRRIEG-GTE-P00035,07/29/26 07:54 PM EDT,$0.54,89
20260730,MLB-MOVY-IT5-01DRGBTTTNRS7KO-CLNS000-GTE-P00015,07/29/26 07:54 PM EDT,$0.42,108
20260730,MLB-TRUNS-I4-03VP8V0Q4PARC1O-GTE-P00005,07/29/26 07:55 PM EDT,$0.22,6
20260730,MLB-WIN-IT5-01DRH59GTNRRIEG-CHBS000,07/29/26 07:55 PM EDT,$0.42,350
20260730,MLB-WIN-IT5-01DRH59GTNRRIEG-CHBS000,07/29/26 07:55 PM EDT,$0.42,350
20260730,MLB-WIN-IT5-03VP8V0Q4PARC1O-ATES000,07/29/26 07:55 PM EDT,$0.45,350
20260730,MLB-TRUNS-IT5-01DRH5DLTNRRJQO-GTE-P00065,07/29/26 07:55 PM EDT,$0.21,350
20260730,MLB-MOVY-IT5-01DRGBQLTNRS7H8-TBYS000-GTE-P00035,07/29/26 07:55 PM EDT,$0.39,16
20260730,MLB-TRUNS-I1-01DRH5DLTNRRJQO-GTE-P00015,07/29/26 07:55 PM EDT,$0.07,45
20260730,MLB-MOVY-IT5-03VP8V0Q4PARC1O-ATES000-GTE-P00005,07/29/26 07:55 PM EDT,$0.16,68
20260730,MLB-TRUNS-I2-01DRH5DLTNRRJQO-GTE-P00005,07/29/26 07:55 PM EDT,$0.42,82
20260730,MLB-TRUNS-IT5-03VP8V0Q4PARC1O-GTE-P00005,07/29/26 07:55 PM EDT,$0.46,57
20260730,MLB-TRUNS-IT5-01DRH5ELTNRRJRO-GTE-P00075,07/29/26 07:55 PM EDT,$0.46,283
20260730,MLB-MOVY-IT5-01DRH5ELTNRRJRO-NYES000-GTE-P00025,07/29/26 07:55 PM EDT,$0.73,6
20260730,MLB-WIN-IT5-01DRH5DLTNRRJQO-KCLS000,07/29/26 07:55 PM EDT,$0.34,350
20260730,MLB-WIN-IT5-01DRH59GTNRRIEG-CHBS000,07/29/26 07:56 PM EDT,$0.46,562
20260730,MLB-MOVY-IT5-03VP8V0Q4PARC1O-NYTS000-GTE-P00005,07/29/26 07:56 PM EDT,$0.30,60
20260730,MLB-TRUNS-IT5-01DRGBTTTNRS7KO-GTE-P00035,07/29/26 07:56 PM EDT,$0.41,40
20260730,MLB-TRUNS-IT5-01DRH5ELTNRRJRO-GTE-P00075,07/29/26 07:56 PM EDT,$0.46,54
20260730,MLB-TRUNS-I3-01DRH5ELTNRRJRO-GTE-P00005,07/29/26 07:56 PM EDT,$0.46,2
20260730,MLB-TRUNS-I5-01DRH5CMTNRRJNO-GTE-P00015,07/29/26 07:56 PM EDT,$0.31,1
20260730,MLB-PHRR-FG-01DRH58PTNRRJ90-TOTE001-GTE-P00025,07/29/26 07:56 PM EDT,$0.41,5
20260730,MLB-MOVY-IT5-01DRGBTTTNRS7KO-CLNS000-GTE-P00005,07/29/26 07:56 PM EDT,$0.60,130
20260730,MLB-WIN-IT5-01DRGBTTTNRS7KO-CLNS000,07/29/26 07:57 PM EDT,$0.68,71
20260730,MLB-MOVY-IT5-01DRGBQLTNRS7H8-TBYS000-GTE-P00035,07/29/26 07:57 PM EDT,$0.16,20
20260730,MLB-TRUNS-I5-03VP8V0Q4PARC1O-GTE-P00005,07/29/26 07:57 PM EDT,$0.39,24
20260730,MLB-TRUNS-IT5-01DRH5ELTNRRJRO-GTE-P00065,07/29/26 07:57 PM EDT,$0.61,74
20260730,MLB-TRUNS-I7-03VP8V0Q4PARC1O-GTE-P00005,07/29/26 07:57 PM EDT,$0.44,23
20260730,MLB-WIN-IT5-01DRGBTTTNRS7KO-CLNS000,07/29/26 07:57 PM EDT,$0.65,350
20260730,MLB-WIN-IT5-01DRGBTTTNRS7KO-CLNS000,07/29/26 07:57 PM EDT,$0.65,350
20260730,MLB-WIN-IT5-01DRGBTTTNRS7KO-CLNS000,07/29/26 07:57 PM EDT,$0.65,350
20260730,MLB-WIN-IT5-01DRGBTTTNRS7KO-CLNS000,07/29/26 07:57 PM EDT,$0.65,350
20260730,MLB-WIN-IT5-01DRGBTTTNRS7KO-CLNS000,07/29/26 07:57 PM EDT,$0.65,350
20260730,MLB-WIN-IT5-01DRGBTTTNRS7KO-CLNS000,07/29/26 07:57 PM EDT,$0.65,350
20260730,MLB-MOVY-IT5-01DRGBQLTNRS7H8-TBYS000-GTE-P00035,07/29/26 07:57 PM EDT,$0.10,978
20260730,MLB-TRUNS-I5-01DRGBQLTNRS7H8-GTE-P00005,07/29/26 07:57 PM EDT,$0.10,36
20260730,MLB-TRUNS-I2-01DRH5DLTNRRJQO-GTE-P00005,07/29/26 07:57 PM EDT,$0.44,148
20260730,MLB-TRUNS-I1-01DRH5CMTNRRJNO-GTE-P00015,07/29/26 07:58 PM EDT,$0.37,7
20260730,NWSL-DWIN-FG-000A28SHI788EU0-RAEW001,07/29/26 07:58 PM EDT,$0.20,45
20260730,MLB-TRUNS-IT5-01DRH5ANTNRRIEO-GTE-P00055,07/29/26 07:58 PM EDT,$0.48,20
20260730,MLB-WIN-IT5-01DRGBTTTNRS7KO-CLNS000,07/29/26 07:58 PM EDT,$0.55,350
20260730,MLB-WIN-IT5-01DRGBTTTNRS7KO-CLNS000,07/29/26 07:58 PM EDT,$0.55,350
20260730,MLB-WIN-IT5-01DRGBTTTNRS7KO-CLNS000,07/29/26 07:58 PM EDT,$0.55,350
20260730,MLB-WIN-IT5-01DRGBTTTNRS7KO-CLNS000,07/29/26 07:58 PM EDT,$0.55,350
20260730,MLB-WIN-IT5-01DRGBTTTNRS7KO-CIDS000,07/29/26 07:58 PM EDT,$0.43,350
20260730,MLB-WIN-IT5-01DRGBTTTNRS7KO-CIDS000,07/29/26 07:58 PM EDT,$0.43,350
20260730,MLB-MOVY-IT5-01DRH59GTNRRIEG-STLS000-GTE-P00005,07/29/26 07:58 PM EDT,$0.43,144
20260730,MLB-WIN-IT5-01DRGBTTTNRS7KO-CIDS000,07/29/26 07:58 PM EDT,$0.58,350
20260730,MLB-WIN-IT5-01DRGBTTTNRS7KO-CIDS000,07/29/26 07:58 PM EDT,$0.58,350
20260730,MLB-WIN-IT5-01DRGBTTTNRS7KO-CIDS000,07/29/26 07:58 PM EDT,$0.58,350
20260730,MLB-WIN-IT5-01DRGBTTTNRS7KO-CIDS000,07/29/26 07:58 PM EDT,$0.58,350
20260730,MLB-WIN-IT5-01DRGBTTTNRS7KO-CIDS000,07/29/26 07:58 PM EDT,$0.59,350
20260730,MLB-WIN-IT5-03VP8V0Q4PARC1O-ATES000,07/29/26 07:58 PM EDT,$0.41,11
20260730,MLB-TRUNS-I2-01DRH5DLTNRRJQO-GTE-P00005,07/29/26 07:58 PM EDT,$0.44,33
20260730,MLB-WIN-IT5-01DRH5DLTNRRJQO-MINS000,07/29/26 07:58 PM EDT,$0.60,350
20260730,MLB-TRUNS-IT5-01DRH5DLTNRRJQO-GTE-P00035,07/29/26 07:58 PM EDT,$0.47,727
20260730,MLB-TRUNS-IT5-03VP8V0Q4PARC1O-GTE-P00005,07/29/26 07:59 PM EDT,$0.43,536
20260730,MLB-MOVY-IT5-01DRGBTTTNRS7KO-CIDS000-GTE-P00005,07/29/26 07:59 PM EDT,$0.38,24
20260730,MLB-TRUNS-IT5-01DRGBTTTNRS7KO-GTE-P00015,07/29/26 07:59 PM EDT,$0.64,3
20260730,MLB-PHRR-FG-01DRH58PTNRRJ90-TYOM000-GTE-P00025,07/29/26 07:59 PM EDT,$0.40,11
20260730,NWSL-DWIN-FG-000A28SHI788EU0-KATW001,07/29/26 07:59 PM EDT,$0.64,7
20260730,MLB-WIN-IT5-01DRH5DLTNRRJQO-KCLS000,07/29/26 07:59 PM EDT,$0.41,11
20260730,MLB-TRUNS-I6-01DRGBQLTNRS7H8-GTE-P00005,07/29/26 08:00 PM EDT,$0.50,48
20260730,MLB-TRUNS-IT5-03VP8V0Q4PARC1O-GTE-P00005,07/29/26 08:00 PM EDT,$0.47,430
20260730,NWSL-DWIN-FG-000A28SHI788EU0-RAEW001,07/29/26 08:00 PM EDT,$0.24,18
20260730,MLB-WIN-IT5-01DRH59GTNRRIEG-STLS000,07/29/26 08:00 PM EDT,$0.52,324
20260730,MLB-WIN-IT5-01DRGBTTTNRS7KO-CLNS000,07/29/26 08:00 PM EDT,$0.39,350
20260730,MLB-WIN-IT5-01DRGBTTTNRS7KO-CLNS000,07/29/26 08:00 PM EDT,$0.39,350
20260730,NWSL-DWIN-FG-000A28PPI788FO8-UTSW003,07/29/26 08:00 PM EDT,$0.38,12
20260730,MLB-WIN-IT5-01DRGBTTTNRS7KO-CLNS000,07/29/26 08:00 PM EDT,$0.39,300
20260730,MLB-WIN-IT5-01DRH5DLTNRRJQO-KCLS000,07/29/26 08:00 PM EDT,$0.58,46
20260730,MLB-TRUNS-IT5-01DRH5DLTNRRJQO-GTE-P00045,07/29/26 08:00 PM EDT,$0.55,27
20260730,NWSL-DWIN-FG-000A28ULI788EFO-BACW004,07/29/26 08:00 PM EDT,$0.22,20
20260730,MLB-WIN-IT5-01DRH5DLTNRRJQO-KCLS000,07/29/26 08:01 PM EDT,$0.55,77
20260730,MLB-WIN-IT5-01DRH5DLTNRRJQO-KCLS000,07/29/26 08:01 PM EDT,$0.53,350
20260730,MLB-WIN-IT5-01DRH5DLTNRRJQO-KCLS000,07/29/26 08:01 PM EDT,$0.53,350
20260730,MLB-WIN-IT5-01DRH5DLTNRRJQO-KCLS000,07/29/26 08:01 PM EDT,$0.53,300
20260730,MLB-WIN-IT5-01DRH5DLTNRRJQO-KCLS000,07/29/26 08:01 PM EDT,$0.53,50
20260730,MLB-WIN-IT5-01DRH5DLTNRRJQO-KCLS000,07/29/26 08:01 PM EDT,$0.53,350
20260730,MLB-WIN-IT5-01DRH5DLTNRRJQO-KCLS000,07/29/26 08:01 PM EDT,$0.53,350
20260730,MLB-WIN-IT5-01DRH5DLTNRRJQO-KCLS000,07/29/26 08:01 PM EDT,$0.53,350
20260730,MLB-WIN-IT5-01DRH5DLTNRRJQO-KCLS000,07/29/26 08:01 PM EDT,$0.53,350
20260730,MLB-TRUNS-I3-01DRH5DLTNRRJQO-GTE-P00015,07/29/26 08:01 PM EDT,$0.30,312
20260730,MLB-TRUNS-IT5-03VP8V0Q4PARC1O-GTE-P00005,07/29/26 08:01 PM EDT,$0.39,30
20260730,NWSL-DWIN-FG-000A28ULI788EFO-NJCW001,07/29/26 08:01 PM EDT,$0.58,3
20260730,MLB-MOVY-IT5-03VP8V0Q4PARC1O-NYTS000-GTE-P00005,07/29/26 08:01 PM EDT,$0.25,381
20260730,MLB-TRUNS-IT5-03VP8V0Q4PARC1O-GTE-P00005,07/29/26 08:01 PM EDT,$0.39,95
20260730,MLB-WIN-IT5-01DRGBTTTNRS7KO-CIDS000,07/29/26 08:01 PM EDT,$0.54,714
20260730,MLB-WIN-IT5-03VP8V0Q4PARC1O-ATES000,07/29/26 08:01 PM EDT,$0.54,8
20260730,MLB-WIN-IT5-03VP8V0Q4PARC1O-NYTS000,07/29/26 08:02 PM EDT,$0.48,350
20260730,MLB-TRUNS-IT5-01DRH5ELTNRRJRO-GTE-P00065,07/29/26 08:02 PM EDT,$0.52,350
20260730,NWSL-DWIN-FG-000A28PPI788FO8-WATW003,07/29/26 08:02 PM EDT,$0.40,9
20260730,MLB-WIN-IT5-03VP8V0Q4PARC1O-NYTS000,07/29/26 08:02 PM EDT,$0.48,350
20260730,MLB-WIN-IT5-01DRH5DLTNRRJQO-KCLS000,07/29/26 08:02 PM EDT,$0.47,32
20260730,MLB-TRUNS-IT5-01DRH5DLTNRRJQO-GTE-P00045,07/29/26 08:02 PM EDT,$0.47,1020
20260730,MLB-TRUNS-I3-01DRH5ELTNRRJRO-GTE-P00005,07/29/26 08:02 PM EDT,$0.45,212
20260730,MLB-TRUNS-IT5-01DRH59GTNRRIEG-GTE-P00025,07/29/26 08:02 PM EDT,$0.55,19
20260730,MLB-WIN-IT5-03VP8V0Q4PARC1O-NYTS000,07/29/26 08:02 PM EDT,$0.50,5
20260730,MLB-TRUNS-I2-01DRH59GTNRRIEG-GTE-P00005,07/29/26 08:02 PM EDT,$0.39,139
20260730,MLB-WIN-IT5-01DRH59GTNRRIEG-CHBS000,07/29/26 08:02 PM EDT,$0.53,36
20260730,MLB-TRUNS-IT5-01DRH5DLTNRRJQO-GTE-P00045,07/29/26 08:02 PM EDT,$0.49,401
20260730,MLB-TRUNS-IT5-01DRH5ELTNRRJRO-GTE-P00065,07/29/26 08:02 PM EDT,$0.49,47
20260730,MLB-TRUNS-IT5-03VP8V0Q4PARC1O-GTE-P00005,07/29/26 08:03 PM EDT,$0.34,4
20260730,MLB-TRUNS-I4-01DRGBTTTNRS7KO-GTE-P00005,07/29/26 08:03 PM EDT,$0.51,4
20260730,MLB-MOVY-IT5-01DRH59GTNRRIEG-STLS000-GTE-P00005,07/29/26 08:03 PM EDT,$0.36,16
20260730,MLB-WIN-IT5-01DRGBTTTNRS7KO-CLNS000,07/29/26 08:03 PM EDT,$0.51,28
20260730,MLB-TRUNS-IT5-01DRH5CMTNRRJNO-GTE-P00055,07/29/26 08:03 PM EDT,$0.50,9
20260730,MLB-TRUNS-IT5-01DRH5DLTNRRJQO-GTE-P00035,07/29/26 08:03 PM EDT,$0.51,18
20260730,MLB-TRUNS-IT5-01DRH5DLTNRRJQO-GTE-P00035,07/29/26 08:03 PM EDT,$0.52,962
20260730,MLB-TRUNS-IT5-01DRH5DLTNRRJQO-GTE-P00035,07/29/26 08:03 PM EDT,$0.52,22
20260730,MLB-TRUNS-IT5-01DRH59GTNRRIEG-GTE-P00025,07/29/26 08:03 PM EDT,$0.50,15
20260730,MLB-WIN-IT5-01DRH5DLTNRRJQO-MINS000,07/29/26 08:04 PM EDT,$0.65,350
20260730,MLB-WIN-IT5-01DRH5DLTNRRJQO-MINS000,07/29/26 08:04 PM EDT,$0.65,350
20260730,MLB-TRUNS-IT5-03VP8V0Q4PARC1O-GTE-P00005,07/29/26 08:04 PM EDT,$0.41,116
20260730,MLB-WIN-IT5-01DRH5DLTNRRJQO-MINS000,07/29/26 08:04 PM EDT,$0.63,350
20260730,MLB-WIN-IT5-01DRH5DLTNRRJQO-MINS000,07/29/26 08:04 PM EDT,$0.63,350
20260730,MLB-WIN-IT5-01DRH5DLTNRRJQO-MINS000,07/29/26 08:04 PM EDT,$0.63,350
20260730,MLB-WIN-IT5-01DRH5DLTNRRJQO-MINS000,07/29/26 08:04 PM EDT,$0.63,350
20260730,MLB-WIN-IT5-01DRH5DLTNRRJQO-MINS000,07/29/26 08:04 PM EDT,$0.63,350
20260730,MLB-WIN-IT5-01DRH5DLTNRRJQO-MINS000,07/29/26 08:04 PM EDT,$0.63,350
20260730,MLB-TRUNS-IT5-03VP8V0Q4PARC1O-GTE-P00025,07/29/26 08:04 PM EDT,$0.04,5
20260730,MLB-TRUNS-I1-01DRH5ANTNRRIEO-GTE-P00015,07/29/26 08:04 PM EDT,$0.36,45
20260730,MLB-WIN-IT5-03VP8V0Q4PARC1O-ATES000,07/29/26 08:04 PM EDT,$0.56,86
20260730,MLB-MOVY-IT5-03VP8V0Q4PARC1O-NYTS000-GTE-P00005,07/29/26 08:04 PM EDT,$0.10,381
20260730,MLB-TRUNS-IT5-01DRH5DLTNRRJQO-GTE-P00035,07/29/26 08:04 PM EDT,$0.55,87
20260730,MLB-WIN-IT5-01DRGBTTTNRS7KO-CIDS000,07/29/26 08:04 PM EDT,$0.49,37
20260730,MLB-WIN-IT5-01DRGBTTTNRS7KO-CLNS000,07/29/26 08:04 PM EDT,$0.51,350
20260730,MLB-WIN-IT5-01DRGBTTTNRS7KO-CLNS000,07/29/26 08:04 PM EDT,$0.51,350
20260730,MLB-TRUNS-IT5-03VP8V0Q4PARC1O-GTE-P00005,07/29/26 08:05 PM EDT,$0.41,100
20260730,MLB-TRUNS-IT5-01DRGBTTTNRS7KO-GTE-P00035,07/29/26 08:05 PM EDT,$0.22,3
20260730,MLB-WIN-IT5-01DRH5ELTNRRJRO-CHOX000,07/29/26 08:06 PM EDT,$0.05,166
20260730,MLB-TRUNS-I2-01DRH59GTNRRIEG-GTE-P00005,07/29/26 08:06 PM EDT,$0.25,50
20260730,MLB-TRUNS-IT5-03VP8V0Q4PARC1O-GTE-P00025,07/29/26 08:06 PM EDT,$0.10,5
20260730,MLB-TRUNS-I6-01DRGBQLTNRS7H8-GTE-P00005,07/29/26 08:06 PM EDT,$0.32,150
20260730,MLB-MOVY-IT5-01DRH59GTNRRIEG-CHBS000-GTE-P00015,07/29/26 08:06 PM EDT,$0.21,350
20260730,MLB-TRUNS-IT5-03VP8V0Q4PARC1O-GTE-P00005,07/29/26 08:06 PM EDT,$0.29,547
20260730,MLB-TRUNS-IT5-01DRH5DLTNRRJQO-GTE-P00035,07/29/26 08:07 PM EDT,$0.46,89
20260730,MLB-MOVY-IT5-01DRH59GTNRRIEG-CHBS000-GTE-P00015,07/29/26 08:07 PM EDT,$0.21,350
20260730,MLB-MOVY-IT5-01DRH59GTNRRIEG-CHBS000-GTE-P00015,07/29/26 08:07 PM EDT,$0.21,300
20260730,MLB-TRUNS-I3-01DRH5DLTNRRJQO-GTE-P00005,07/29/26 08:07 PM EDT,$0.54,4
20260730,MLB-TRUNS-I4-01DRGBTTTNRS7KO-GTE-P00005,07/29/26 08:07 PM EDT,$0.42,85
20260730,MLB-TRUNS-I4-01DRGBTTTNRS7KO-GTE-P00005,07/29/26 08:07 PM EDT,$0.42,8
20260730,MLB-TRUNS-IT5-03VP8V0Q4PARC1O-GTE-P00005,07/29/26 08:08 PM EDT,$0.30,47
20260730,MLB-TRUNS-IT5-03VP8V0Q4PARC1O-GTE-P00005,07/29/26 08:08 PM EDT,$0.39,12
20260730,MLB-PHRR-FG-01DRH59GTNRRIEG-PENG000-GTE-P00015,07/29/26 08:08 PM EDT,$0.48,10
20260730,MLB-TRUNS-I3-01DRH5DLTNRRJQO-GTE-P00005,07/29/26 08:08 PM EDT,$0.54,4
20260730,MLB-TRUNS-IT5-01DRH5ELTNRRJRO-GTE-P00065,07/29/26 08:08 PM EDT,$0.44,248
20260730,MLB-TRUNS-IT5-01DRH59GTNRRIEG-GTE-P00025,07/29/26 08:09 PM EDT,$0.47,10
20260730,MLB-WIN-IT5-03VP8V0Q4PARC1O-ATES000,07/29/26 08:09 PM EDT,$0.58,350
20260730,MLB-WIN-IT5-01DRH59GTNRRIEG-CHBS000,07/29/26 08:09 PM EDT,$0.43,44
20260730,MLB-TRUNS-IT5-01DRGBTTTNRS7KO-GTE-P00035,07/29/26 08:09 PM EDT,$0.12,4
20260730,MLB-TRUNS-IT5-01DRGBTTTNRS7KO-GTE-P00035,07/29/26 08:09 PM EDT,$0.12,1
20260730,MLB-TRUNS-IT5-01DRH58PTNRRJ90-GTE-P00055,07/29/26 08:09 PM EDT,$0.53,77
20260730,MLB-TRUNS-IT5-01DRH58PTNRRJ90-GTE-P00055,07/29/26 08:09 PM EDT,$0.55,77
20260730,MLB-TRUNS-IT5-01DRH58PTNRRJ90-GTE-P00055,07/29/26 08:09 PM EDT,$0.56,56
20260730,MLB-TRUNS-I5-03VP8V0Q4PARC1O-GTE-P00005,07/29/26 08:09 PM EDT,$0.42,129
20260730,MLB-WIN-IT5-01DRGBTTTNRS7KO-CLNS000,07/29/26 08:10 PM EDT,$0.40,350
20260730,MLB-WIN-IT5-01DRGBTTTNRS7KO-CLNS000,07/29/26 08:10 PM EDT,$0.40,350
20260730,MLB-WIN-IT5-01DRGBTTTNRS7KO-CLNS000,07/29/26 08:10 PM EDT,$0.40,350
20260730,MLB-WIN-IT5-01DRGBTTTNRS7KO-CLNS000,07/29/26 08:10 PM EDT,$0.40,350
20260730,MLB-TRUNS-I3-01DRH5DLTNRRJQO-GTE-P00005,07/29/26 08:10 PM EDT,$0.45,263
20260730,MLB-MOVY-IT5-03VP8V0Q4PARC1O-ATES000-GTE-P00005,07/29/26 08:10 PM EDT,$0.18,38
20260730,MLB-TRUNS-IT5-01DRH5DLTNRRJQO-GTE-P00025,07/29/26 08:10 PM EDT,$0.53,80
20260730,MLB-TRUNS-IT5-01DRGBQLTNRS7H8-GTE-P00065,07/29/26 08:10 PM EDT,$0.03,10
20260730,MLB-WIN-IT5-03VP8V0Q4PARC1O-ATES000,07/29/26 08:10 PM EDT,$0.56,350
20260730,MLB-WIN-IT5-03VP8V0Q4PARC1O-ATES000,07/29/26 08:10 PM EDT,$0.56,350
20260730,MLB-WIN-IT5-03VP8V0Q4PARC1O-ATES000,07/29/26 08:10 PM EDT,$0.48,79
20260730,MLB-PHRR-FG-01DRH59GTNRRIEG-JOER005-GTE-P00025,07/29/26 08:11 PM EDT,$0.29,16
20260730,MLB-PHRR-FG-01DRH5CMTNRRJNO-ANES000-GTE-P00015,07/29/26 08:11 PM EDT,$0.57,16
20260730,MLB-TRUNS-IT5-03VP8V0Q4PARC1O-GTE-P00005,07/29/26 08:11 PM EDT,$0.31,13
20260730,MLB-MOVY-IT5-01DRH59GTNRRIEG-STLS000-GTE-P00005,07/29/26 08:11 PM EDT,$0.40,26
20260730,MLB-PHRR-FG-01DRGBQLTNRS7H8-EZAN000-GTE-P00005,07/29/26 08:11 PM EDT,$0.24,10
20260730,MLB-TRUNS-IT5-01DRGBQLTNRS7H8-GTE-P00065,07/29/26 08:11 PM EDT,$0.03,317
20260730,MLB-TRUNS-IT5-03VP8V0Q4PARC1O-GTE-P00035,07/29/26 08:11 PM EDT,$0.07,190
20260730,MLB-TRUNS-IT5-03VP8V0Q4PARC1O-GTE-P00005,07/29/26 08:12 PM EDT,$0.31,57
20260730,MLB-TRUNS-IT5-01DRH5ELTNRRJRO-GTE-P00065,07/29/26 08:13 PM EDT,$0.40,161
20260730,MLB-TRUNS-I5-03VP8V0Q4PARC1O-GTE-P00005,07/29/26 08:13 PM EDT,$0.39,12
20260730,MLB-WIN-IT5-01DRH59GTNRRIEG-CHBS000,07/29/26 08:14 PM EDT,$0.52,927
20260730,MLB-WIN-IT5-01DRH59GTNRRIEG-CHBS000,07/29/26 08:14 PM EDT,$0.52,350
20260730,MLB-WIN-IT5-01DRH59GTNRRIEG-CHBS000,07/29/26 08:14 PM EDT,$0.52,1500
20260730,NWSL-DWIN-FG-000A28ULI788EFO-NJCW001,07/29/26 08:14 PM EDT,$0.58,1062
20260730,NWSL-DWIN-FG-000A28ULI788EFO-NJCW001,07/29/26 08:14 PM EDT,$0.58,823
20260730,MLB-WIN-IT5-01DRGBTTTNRS7KO-CIDS000,07/29/26 08:14 PM EDT,$0.61,350
20260730,MLB-WIN-IT5-01DRGBTTTNRS7KO-CIDS000,07/29/26 08:14 PM EDT,$0.61,350
20260730,MLB-TRUNS-IT5-03VP8V0Q4PARC1O-GTE-P00005,07/29/26 08:14 PM EDT,$0.31,140
20260730,MLB-MOVY-IT5-01DRGBTTTNRS7KO-CIDS000-GTE-P00005,07/29/26 08:14 PM EDT,$0.44,104
20260730,MLB-WIN-IT5-01DRGBTTTNRS7KO-CIDS000,07/29/26 08:14 PM EDT,$0.66,350
20260730,MLB-WIN-IT5-01DRGBTTTNRS7KO-CIDS000,07/29/26 08:14 PM EDT,$0.66,350
20260730,MLB-WIN-IT5-01DRGBTTTNRS7KO-CIDS000,07/29/26 08:14 PM EDT,$0.66,350
20260730,MLB-WIN-IT5-01DRGBTTTNRS7KO-CIDS000,07/29/26 08:14 PM EDT,$0.66,350
20260730,MLB-WIN-IT5-01DRGBTTTNRS7KO-CIDS000,07/29/26 08:14 PM EDT,$0.66,350
20260730,MLB-WIN-IT5-01DRGBTTTNRS7KO-CIDS000,07/29/26 08:14 PM EDT,$0.66,350
20260730,MLB-WIN-IT5-01DRGBTTTNRS7KO-CIDS000,07/29/26 08:14 PM EDT,$0.66,350
20260730,MLB-WIN-IT5-01DRGBTTTNRS7KO-CIDS000,07/29/26 08:14 PM EDT,$0.66,350
20260730,MLB-TRUNS-IT5-03VP8V0Q4PARC1O-GTE-P00005,07/29/26 08:14 PM EDT,$0.39,2
20260730,MLB-WIN-IT5-01DRH59GTNRRIEG-STLS000,07/29/26 08:14 PM EDT,$0.47,85
20260730,MLB-WIN-IT5-01DRGBTTTNRS7KO-CIDS000,07/29/26 08:15 PM EDT,$0.67,289
20260730,MLB-TRUNS-IT5-01DRH5DLTNRRJQO-GTE-P00025,07/29/26 08:15 PM EDT,$0.48,9
20260730,MLB-MOVY-IT5-01DRGBTTTNRS7KO-CIDS000-GTE-P00005,07/29/26 08:15 PM EDT,$0.44,43
20260730,MLB-MOVY-IT5-01DRGBTTTNRS7KO-CIDS000-GTE-P00005,07/29/26 08:15 PM EDT,$0.44,22
20260730,MLB-TRUNS-I3-01DRH5DLTNRRJQO-GTE-P00005,07/29/26 08:15 PM EDT,$0.44,31
20260730,MLB-WIN-IT5-01DRH5ELTNRRJRO-CHOX000,07/29/26 08:15 PM EDT,$0.06,142
20260730,MLB-WIN-IT5-01DRH58PTNRRJ90-BOOX000,07/29/26 08:15 PM EDT,$0.58,25
20260730,MLB-TRUNS-IT5-01DRH5DLTNRRJQO-GTE-P00025,07/29/26 08:15 PM EDT,$0.48,14
20260730,MLB-TRUNS-IT5-01DRH59GTNRRIEG-GTE-P00015,07/29/26 08:16 PM EDT,$0.54,72
20260730,MLB-TRUNS-IT5-03VP8V0Q4PARC1O-GTE-P00005,07/29/26 08:16 PM EDT,$0.19,54
20260730,MLB-TRUNS-I4-01DRGBTTTNRS7KO-GTE-P00005,07/29/26 08:16 PM EDT,$0.37,41
20260730,MLB-TRUNS-IT5-01DRH5ELTNRRJRO-GTE-P00065,07/29/26 08:16 PM EDT,$0.44,21
20260730,MLB-TRUNS-I3-01DRH5ELTNRRJRO-GTE-P00005,07/29/26 08:16 PM EDT,$0.40,80
20260730,MLB-WIN-IT5-01DRGBTTTNRS7KO-CLNS000,07/29/26 08:17 PM EDT,$0.32,29
20260730,NWSL-DWIN-FG-000A28SHI788EU0-RAEW001,07/29/26 08:17 PM EDT,$0.08,60
20260730,NWSL-DWIN-FG-000A28PPI788FO8-WATW003,07/29/26 08:17 PM EDT,$0.40,11
20260730,MLB-WIN-IT5-01DRH5DLTNRRJQO-KCLS000,07/29/26 08:17 PM EDT,$0.61,47
20260730,MLB-WIN-IT5-03VP8V0Q4PARC1O-ATES000,07/29/26 08:17 PM EDT,$0.43,350
20260730,MLB-WIN-IT5-03VP8V0Q4PARC1O-ATES000,07/29/26 08:17 PM EDT,$0.43,350
20260730,MLB-TRUNS-I7-01DRGBQLTNRS7H8-GTE-P00005,07/29/26 08:17 PM EDT,$0.50,22
20260730,MLB-MOVY-IT5-01DRGBTTTNRS7KO-CIDS000-GTE-P00005,07/29/26 08:17 PM EDT,$0.43,877
20260730,MLB-MOVY-IT5-01DRGBTTTNRS7KO-CIDS000-GTE-P00005,07/29/26 08:17 PM EDT,$0.43,85
20260730,MLB-TRUNS-I3-01DRH5ELTNRRJRO-GTE-P00005,07/29/26 08:17 PM EDT,$0.48,80
20260730,MLB-TRUNS-IT5-01DRH59GTNRRIEG-GTE-P00015,07/29/26 08:17 PM EDT,$0.51,5
20260730,MLB-MOVY-IT5-01DRGBTTTNRS7KO-CIDS000-GTE-P00005,07/29/26 08:17 PM EDT,$0.43,877
20260730,MLB-WIN-IT5-01DRH59GTNRRIEG-STLS000,07/29/26 08:18 PM EDT,$0.60,350
20260730,MLB-WIN-IT5-03VP8V0Q4PARC1O-NYTS000,07/29/26 08:18 PM EDT,$0.62,714
20260730,MLB-WIN-IT5-03VP8V0Q4PARC1O-NYTS000,07/29/26 08:18 PM EDT,$0.62,350
20260730,MLB-MOVY-IT5-01DRGBTTTNRS7KO-CIDS000-GTE-P00005,07/29/26 08:18 PM EDT,$0.48,668
20260730,MLB-WIN-IT5-01DRH5DLTNRRJQO-KCLS000,07/29/26 08:18 PM EDT,$0.63,15
20260730,MLB-TRUNS-I3-01DRH5DLTNRRJQO-GTE-P00015,07/29/26 08:18 PM EDT,$0.39,281
20260730,MLB-WIN-IT5-01DRH5DLTNRRJQO-MINS000,07/29/26 08:18 PM EDT,$0.43,350
20260730,NWSL-DWIN-FG-000A28SHI788EU0-DRAW,07/29/26 08:19 PM EDT,$0.15,58
20260730,NWSL-DWIN-FG-000A28PPI788FO8-UTSW003,07/29/26 08:19 PM EDT,$0.38,12
20260730,MLB-WIN-IT5-01DRH5DLTNRRJQO-KCLS000,07/29/26 08:19 PM EDT,$0.58,16
20260730,NWSL-DWIN-FG-000A28ULI788EFO-NJCW001,07/29/26 08:19 PM EDT,$0.58,8
20260730,MLB-TRUNS-IT5-01DRH5ELTNRRJRO-GTE-P00055,07/29/26 08:19 PM EDT,$0.56,76
20260730,NWSL-DWIN-FG-000A28SHI788EU0-RAEW001,07/29/26 08:19 PM EDT,$0.08,111
20260730,MLB-TRUNS-IT5-01DRH5ELTNRRJRO-GTE-P00055,07/29/26 08:20 PM EDT,$0.57,43
20260730,MLB-TRUNS-IT5-01DRH5ELTNRRJRO-GTE-P00055,07/29/26 08:20 PM EDT,$0.56,43
20260730,NWSL-DWIN-FG-000A28SHI788EU0-RAEW001,07/29/26 08:22 PM EDT,$0.05,14
20260730,NWSL-DWIN-FG-000A28SHI788EU0-RAEW001,07/29/26 08:22 PM EDT,$0.06,28
20260730,MLB-WIN-IT5-01DRGBTTTNRS7KO-CLNS000,07/29/26 08:22 PM EDT,$0.27,34
20260730,NWSL-DWIN-FG-000A28ULI788EFO-NJCW001,07/29/26 08:22 PM EDT,$0.58,25
20260730,MLB-WIN-IT5-01DRH5ANTNRRIEO-LALS000,07/29/26 08:23 PM EDT,$0.46,20
20260730,MLB-TRUNS-IT5-01DRH5ELTNRRJRO-GTE-P00055,07/29/26 08:23 PM EDT,$0.49,18
20260730,NWSL-DWIN-FG-000A28SHI788EU0-DRAW,07/29/26 08:23 PM EDT,$0.07,33
20260730,MLB-TRUNS-IT5-01DRGBTTTNRS7KO-GTE-P00045,07/29/26 08:24 PM EDT,$0.06,420
20260730,MLB-TRUNS-IT5-01DRGBTTTNRS7KO-GTE-P00035,07/29/26 08:24 PM EDT,$0.12,11
20260730,MLB-WIN-IT5-03VP8V0Q4PARC1O-NYTS000,07/29/26 08:24 PM EDT,$0.50,23
20260730,MLB-TRUNS-IT5-01DRH5ANTNRRIEO-GTE-P00055,07/29/26 08:24 PM EDT,$0.48,50
20260730,NWSL-DWIN-FG-000A28SHI788EU0-DRAW,07/29/26 08:25 PM EDT,$0.07,12
20260730,NWSL-DWIN-FG-000A28ULI788EFO-BACW004,07/29/26 08:25 PM EDT,$0.22,4
20260730,MLB-WIN-IT5-01DRH5DLTNRRJQO-MINS000,07/29/26 08:25 PM EDT,$0.39,350
20260730,MLB-WIN-IT5-01DRH5DLTNRRJQO-MINS000,07/29/26 08:25 PM EDT,$0.39,350
20260730,MLB-WIN-IT5-01DRH5DLTNRRJQO-MINS000,07/29/26 08:25 PM EDT,$0.39,350
20260730,MLB-WIN-IT5-01DRGBTTTNRS7KO-CIDS000,07/29/26 08:26 PM EDT,$0.47,350
20260730,MLB-WIN-IT5-01DRGBTTTNRS7KO-CIDS000,07/29/26 08:26 PM EDT,$0.47,350
20260730,MLB-TRUNS-I6-03VP8V0Q4PARC1O-GTE-P00005,07/29/26 08:27 PM EDT,$0.43,86
20260730,MLB-TRUNS-I6-03VP8V0Q4PARC1O-GTE-P00005,07/29/26 08:28 PM EDT,$0.37,120
20260730,MLB-WIN-IT5-03VP8V0Q4PARC1O-ATES000,07/29/26 08:28 PM EDT,$0.33,12
20260730,MLB-WIN-IT5-01DRH5DLTNRRJQO-KCLS000,07/29/26 08:28 PM EDT,$0.71,350
20260730,MLB-WIN-IT5-01DRH5DLTNRRJQO-KCLS000,07/29/26 08:28 PM EDT,$0.71,350
20260730,MLB-WIN-IT5-01DRH5DLTNRRJQO-KCLS000,07/29/26 08:28 PM EDT,$0.71,350
20260730,MLB-WIN-IT5-01DRH5DLTNRRJQO-MINS000,07/29/26 08:28 PM EDT,$0.30,350
20260730,MLB-TRUNS-I6-03VP8V0Q4PARC1O-GTE-P00005,07/29/26 08:28 PM EDT,$0.44,76
20260730,MLB-WIN-IT5-01DRH5DLTNRRJQO-KCLS000,07/29/26 08:29 PM EDT,$0.72,350
20260730,MLB-WIN-IT5-01DRH5DLTNRRJQO-KCLS000,07/29/26 08:29 PM EDT,$0.72,350
20260730,MLB-WIN-IT5-01DRH5DLTNRRJQO-KCLS000,07/29/26 08:29 PM EDT,$0.72,350
20260730,MLB-WIN-IT5-01DRH5DLTNRRJQO-KCLS000,07/29/26 08:29 PM EDT,$0.72,350
20260730,MLB-WIN-IT5-01DRH5DLTNRRJQO-KCLS000,07/29/26 08:29 PM EDT,$0.72,100
20260730,MLB-WIN-IT5-01DRH5DLTNRRJQO-KCLS000,07/29/26 08:29 PM EDT,$0.73,250
20260730,MLB-TRUNS-IT5-01DRH5ELTNRRJRO-GTE-P00055,07/29/26 08:29 PM EDT,$0.48,4
20260730,MLB-TRUNS-I6-03VP8V0Q4PARC1O-GTE-P00005,07/29/26 08:29 PM EDT,$0.71,782
20260730,MLB-WIN-IT5-01DRH5DLTNRRJQO-MINS000,07/29/26 08:29 PM EDT,$0.20,350
20260730,MLB-MOVY-IT5-01DRGBTTTNRS7KO-CLNS000-GTE-P00005,07/29/26 08:29 PM EDT,$0.45,42
20260730,MLB-MOVY-IT5-01DRH5ANTNRRIEO-HOOS000-GTE-P00005,07/29/26 08:29 PM EDT,$0.48,48
20260730,MLB-WIN-IT5-01DRH5DLTNRRJQO-MINS000,07/29/26 08:29 PM EDT,$0.20,350
20260730,MLB-WIN-IT5-01DRH5DLTNRRJQO-MINS000,07/29/26 08:29 PM EDT,$0.20,350
20260730,MLB-PHRR-FG-01DRH59GTNRRIEG-ALAN000-GTE-P00005,07/29/26 08:30 PM EDT,$0.57,50
20260730,NWSL-DWIN-FG-000A28ULI788EFO-NJCW001,07/29/26 08:30 PM EDT,$0.58,8
20260730,MLB-TRUNS-IT5-01DRH5ELTNRRJRO-GTE-P00055,07/29/26 08:30 PM EDT,$0.47,41
20260730,MLB-MOVY-IT5-01DRGBTTTNRS7KO-CLNS000-GTE-P00005,07/29/26 08:30 PM EDT,$0.56,8
20260730,MLB-MOVY-IT5-01DRGBTTTNRS7KO-CLNS000-GTE-P00005,07/29/26 08:31 PM EDT,$0.52,19
20260730,MLB-WIN-IT5-01DRGBQLTNRS7H8-TERS000,07/29/26 08:31 PM EDT,$0.04,100
20260730,MLB-TRUNS-I4-01DRH59GTNRRIEG-GTE-P00005,07/29/26 08:31 PM EDT,$0.31,7
20260730,MLB-MOVY-IT5-01DRGBTTTNRS7KO-CLNS000-GTE-P00005,07/29/26 08:31 PM EDT,$0.60,241
20260730,MLB-WIN-IT5-03VP8V0Q4PARC1O-NYTS000,07/29/26 08:31 PM EDT,$0.48,350
20260730,MLB-TRUNS-IT5-01DRH5ELTNRRJRO-GTE-P00055,07/29/26 08:31 PM EDT,$0.43,284
20260730,MLB-TRUNS-IT5-01DRH5ELTNRRJRO-GTE-P00055,07/29/26 08:31 PM EDT,$0.43,66
20260730,MLB-TRUNS-IT5-01DRH5ELTNRRJRO-GTE-P00055,07/29/26 08:31 PM EDT,$0.43,350
20260730,MLB-TRUNS-IT5-01DRH5ELTNRRJRO-GTE-P00055,07/29/26 08:32 PM EDT,$0.43,10
20260730,MLB-WIN-IT5-01DRH59GTNRRIEG-CHBS000,07/29/26 08:32 PM EDT,$0.27,44
20260730,MLB-WIN-IT5-01DRGBTTTNRS7KO-CLNS000,07/29/26 08:32 PM EDT,$0.82,46
20260730,MLB-WIN-IT5-01DRGBTTTNRS7KO-CIDS000,07/29/26 08:32 PM EDT,$0.12,169
20260730,MLB-PHRR-FG-01DRH5CMTNRRJNO-CAGH000-GTE-P00025,07/29/26 08:32 PM EDT,$0.41,23
20260730,MLB-TRUNS-I5-01DRGBTTTNRS7KO-GTE-P00025,07/29/26 08:33 PM EDT,$0.68,120
20260730,MLB-WIN-IT5-01DRH5DLTNRRJQO-KCLS000,07/29/26 08:33 PM EDT,$0.82,350
20260730,MLB-WIN-IT5-01DRH5DLTNRRJQO-KCLS000,07/29/26 08:33 PM EDT,$0.82,350
20260730,MLB-TRUNS-IT5-01DRH59GTNRRIEG-GTE-P00025,07/29/26 08:33 PM EDT,$0.16,10
20260730,MLB-WIN-IT5-01DRGBTTTNRS7KO-CIDS000,07/29/26 08:33 PM EDT,$0.06,289
20260730,MLB-TRUNS-I8-01DRGBQLTNRS7H8-GTE-P00005,07/29/26 08:33 PM EDT,$0.43,42
20260730,MLB-TRUNS-I8-01DRGBQLTNRS7H8-GTE-P00005,07/29/26 08:33 PM EDT,$0.43,59
20260730,MLB-TRUNS-I5-01DRGBTTTNRS7KO-GTE-P00025,07/29/26 08:33 PM EDT,$0.60,59
20260730,MLB-TRUNS-IT5-01DRH59GTNRRIEG-GTE-P00005,07/29/26 08:33 PM EDT,$0.51,98
20260730,MLB-TRUNS-I4-01DRH5ELTNRRJRO-GTE-P00005,07/29/26 08:33 PM EDT,$0.41,3
20260730,MLB-MOVY-IT5-01DRGBTTTNRS7KO-CLNS000-GTE-P00025,07/29/26 08:33 PM EDT,$0.52,462
20260730,MLB-TRUNS-IT5-01DRH5ELTNRRJRO-GTE-P00055,07/29/26 08:34 PM EDT,$0.42,325
20260730,MLB-MOVY-IT5-01DRGBTTTNRS7KO-CLNS000-GTE-P00005,07/29/26 08:34 PM EDT,$0.95,8
20260730,MLB-TRUNS-I4-01DRH5ELTNRRJRO-GTE-P00005,07/29/26 08:34 PM EDT,$0.41,16
20260730,MLB-TRUNS-I5-01DRGBTTTNRS7KO-GTE-P00025,07/29/26 08:34 PM EDT,$0.46,120
20260730,MLB-TRUNS-IT5-01DRH59GTNRRIEG-GTE-P00005,07/29/26 08:34 PM EDT,$0.43,25
20260730,MLB-WIN-IT5-01DRH59GTNRRIEG-STLS000,07/29/26 08:34 PM EDT,$0.58,324
20260730,MLB-WIN-IT5-01DRH5DLTNRRJQO-MINS000,07/29/26 08:34 PM EDT,$0.18,1000
20260730,MLB-WIN-IT5-01DRH5DLTNRRJQO-MINS000,07/29/26 08:35 PM EDT,$0.18,500
20260730,MLB-WIN-IT5-01DRH5DLTNRRJQO-MINS000,07/29/26 08:35 PM EDT,$0.16,2276
20260730,MLB-WIN-IT5-01DRH5DLTNRRJQO-MINS000,07/29/26 08:35 PM EDT,$0.18,200
20260730,MLB-TRUNS-IT5-01DRH5ELTNRRJRO-GTE-P00055,07/29/26 08:35 PM EDT,$0.40,82
20260730,MLB-TRUNS-IT5-01DRH5ELTNRRJRO-GTE-P00055,07/29/26 08:35 PM EDT,$0.40,9
20260730,MLB-MOVY-IT5-01DRGBTTTNRS7KO-CLNS000-GTE-P00025,07/29/26 08:35 PM EDT,$0.50,576
20260730,MLB-MOVY-IT5-01DRGBTTTNRS7KO-CLNS000-GTE-P00025,07/29/26 08:35 PM EDT,$0.50,38
20260730,MLB-MOVY-IT5-01DRGBTTTNRS7KO-CLNS000-GTE-P00005,07/29/26 08:36 PM EDT,$0.89,42
20260730,MLB-TRUNS-I5-01DRGBTTTNRS7KO-GTE-P00025,07/29/26 08:36 PM EDT,$0.76,216
20260730,MLB-TRUNS-I5-01DRGBTTTNRS7KO-GTE-P00045,07/29/26 08:36 PM EDT,$0.36,278
20260730,MLB-MOVY-IT5-01DRH5CMTNRRJNO-LARS000-GTE-P00005,07/29/26 08:36 PM EDT,$0.51,188
20260730,MLB-TRUNS-I5-01DRGBTTTNRS7KO-GTE-P00035,07/29/26 08:36 PM EDT,$0.53,34
20260730,MLB-PHRR-FG-01DRH5ANTNRRIEO-MIUT000-GTE-P00015,07/29/26 08:36 PM EDT,$0.53,136
20260730,MLB-TRUNS-IT5-01DRH5ELTNRRJRO-GTE-P00045,07/29/26 08:37 PM EDT,$0.56,208
20260730,MLB-WIN-IT5-01DRGBTTTNRS7KO-CIDS000,07/29/26 08:37 PM EDT,$0.02,350
20260730,MLB-WIN-IT5-01DRGBTTTNRS7KO-CIDS000,07/29/26 08:37 PM EDT,$0.02,1000
20260730,MLB-TRUNS-I4-01DRH59GTNRRIEG-GTE-P00005,07/29/26 08:37 PM EDT,$0.25,40
20260730,MLB-PHRR-FG-01DRH5CMTNRRJNO-SHNI001-GTE-P00025,07/29/26 08:37 PM EDT,$0.47,145
20260730,MLB-TRUNS-IT5-01DRH59GTNRRIEG-GTE-P00005,07/29/26 08:37 PM EDT,$0.50,12
20260730,MLB-WIN-IT5-01DRGBTTTNRS7KO-CIDS000,07/29/26 08:37 PM EDT,$0.02,350
20260730,MLB-WIN-IT5-01DRGBTTTNRS7KO-CIDS000,07/29/26 08:37 PM EDT,$0.02,300
20260730,MLB-TRUNS-IT5-01DRH59GTNRRIEG-GTE-P00005,07/29/26 08:37 PM EDT,$0.50,67
20260730,MLB-MOVY-IT5-01DRH5CMTNRRJNO-LARS000-GTE-P00005,07/29/26 08:37 PM EDT,$0.51,226
20260730,MLB-TRUNS-I4-01DRH5DLTNRRJQO-GTE-P00015,07/29/26 08:37 PM EDT,$0.37,25
20260730,MLB-MOVY-IT5-01DRGBTTTNRS7KO-CLNS000-GTE-P00025,07/29/26 08:37 PM EDT,$0.56,344
20260730,MLB-TRUNS-I4-01DRH5DLTNRRJQO-GTE-P00025,07/29/26 08:37 PM EDT,$0.21,21
20260730,MLB-TRUNS-I5-01DRGBTTTNRS7KO-GTE-P00025,07/29/26 08:37 PM EDT,$0.80,64
20260730,MLB-TRUNS-IT5-01DRH59GTNRRIEG-GTE-P00005,07/29/26 08:37 PM EDT,$0.44,51
20260730,MLB-TRUNS-I5-01DRGBTTTNRS7KO-GTE-P00025,07/29/26 08:37 PM EDT,$0.79,8
20260730,MLB-TRUNS-I5-01DRH59GTNRRIEG-GTE-P00005,07/29/26 08:38 PM EDT,$0.45,10
20260730,MLB-MOVY-IT5-01DRH5CMTNRRJNO-LARS000-GTE-P00005,07/29/26 08:38 PM EDT,$0.51,943
20260730,MLB-TRUNS-I7-03VP8V0Q4PARC1O-GTE-P00015,07/29/26 08:38 PM EDT,$0.24,41
20260730,MLB-TRUNS-IT5-01DRH59GTNRRIEG-GTE-P00005,07/29/26 08:38 PM EDT,$0.44,301
20260730,MLB-MOVY-IT5-01DRGBTTTNRS7KO-CLNS000-GTE-P00045,07/29/26 08:38 PM EDT,$0.37,412
20260730,MLB-TRUNS-IT5-01DRH5ELTNRRJRO-GTE-P00055,07/29/26 08:38 PM EDT,$0.35,350
20260730,MLB-TRUNS-IT5-01DRH59GTNRRIEG-GTE-P00005,07/29/26 08:38 PM EDT,$0.46,51
20260730,MLB-WIN-IT5-01DRH5ANTNRRIEO-HOOS000,07/29/26 08:39 PM EDT,$0.56,25
20260730,MLB-WIN-IT5-01DRH5ANTNRRIEO-HOOS000,07/29/26 08:39 PM EDT,$0.56,32
20260730,MLB-MOVY-IT5-01DRGBTTTNRS7KO-CIDS000-GTE-P00005,07/29/26 08:39 PM EDT,$0.04,44
20260730,MLB-TRUNS-IT5-01DRH59GTNRRIEG-GTE-P00005,07/29/26 08:39 PM EDT,$0.44,33
20260730,MLB-WIN-IT5-03VP8V0Q4PARC1O-ATES000,07/29/26 08:40 PM EDT,$0.50,20
20260730,MLB-TRUNS-IT5-01DRH59GTNRRIEG-GTE-P00005,07/29/26 08:40 PM EDT,$0.40,32
20260730,MLB-MOVY-IT5-01DRGBTTTNRS7KO-CLNS000-GTE-P00045,07/29/26 08:40 PM EDT,$0.37,25
20260730,MLB-TRUNS-I5-01DRH59GTNRRIEG-GTE-P00005,07/29/26 08:40 PM EDT,$0.46,52
20260730,MLB-TRUNS-I8-01DRGBQLTNRS7H8-GTE-P00005,07/29/26 08:40 PM EDT,$0.24,31
20260730,MLB-TRUNS-I5-01DRH59GTNRRIEG-GTE-P00005,07/29/26 08:40 PM EDT,$0.38,16
20260730,MLB-TRUNS-IT5-01DRH5CMTNRRJNO-GTE-P00055,07/29/26 08:40 PM EDT,$0.50,21
20260730,MLB-TRUNS-IT5-01DRH5CMTNRRJNO-GTE-P00055,07/29/26 08:40 PM EDT,$0.50,9
20260730,MLB-MOVY-IT5-01DRGBTTTNRS7KO-CIDS000-GTE-P00005,07/29/26 08:40 PM EDT,$0.04,24
20260730,NWSL-DWIN-FG-000A28SHI788EU0-RAEW001,07/29/26 08:40 PM EDT,$0.04,200
20260730,MLB-TRUNS-IT5-01DRH5DLTNRRJQO-GTE-P00025,07/29/26 08:41 PM EDT,$0.51,28
20260730,MLB-WIN-IT5-01DRH59GTNRRIEG-CHBS000,07/29/26 08:41 PM EDT,$0.47,20
20260730,MLB-TRUNS-I7-03VP8V0Q4PARC1O-GTE-P00015,07/29/26 08:41 PM EDT,$0.16,41
20260730,MLB-TRUNS-I4-01DRH5DLTNRRJQO-GTE-P00015,07/29/26 08:41 PM EDT,$0.13,546
20260730,MLB-MOVY-IT5-01DRH5ANTNRRIEO-HOOS000-GTE-P00005,07/29/26 08:41 PM EDT,$0.48,100
20260730,NWSL-DWIN-FG-000A28PPI788FO8-UTSW003,07/29/26 08:41 PM EDT,$0.38,25
20260730,MLB-TRUNS-I5-01DRH59GTNRRIEG-GTE-P00005,07/29/26 08:41 PM EDT,$0.38,78
20260730,MLB-MOVY-IT5-01DRGBTTTNRS7KO-CLNS000-GTE-P00005,07/29/26 08:41 PM EDT,$0.94,8
20260730,MLB-MOVY-IT5-01DRH59GTNRRIEG-CHBS000-GTE-P00005,07/29/26 08:42 PM EDT,$0.24,288
20260730,MLB-TRUNS-IT5-01DRH59GTNRRIEG-GTE-P00005,07/29/26 08:42 PM EDT,$0.45,25
20260730,MLB-TRUNS-IT5-01DRH5ELTNRRJRO-GTE-P00045,07/29/26 08:43 PM EDT,$0.53,18
20260730,MLB-WIN-IT5-01DRH5DLTNRRJQO-MINS000,07/29/26 08:43 PM EDT,$0.18,350
20260730,MLB-WIN-IT5-01DRH5DLTNRRJQO-MINS000,07/29/26 08:43 PM EDT,$0.18,350
20260730,MLB-WIN-IT5-01DRH5DLTNRRJQO-MINS000,07/29/26 08:43 PM EDT,$0.18,300
20260730,MLB-WIN-IT5-01DRH5DLTNRRJQO-MINS000,07/29/26 08:43 PM EDT,$0.17,350
20260730,MLB-WIN-IT5-01DRH5DLTNRRJQO-MINS000,07/29/26 08:43 PM EDT,$0.17,350
20260730,MLB-WIN-IT5-01DRH5DLTNRRJQO-MINS000,07/29/26 08:43 PM EDT,$0.17,350
20260730,MLB-WIN-IT5-01DRH5DLTNRRJQO-MINS000,07/29/26 08:43 PM EDT,$0.17,350
20260730,MLB-WIN-IT5-01DRH5DLTNRRJQO-MINS000,07/29/26 08:43 PM EDT,$0.17,100
20260730,MLB-WIN-IT5-01DRH5DLTNRRJQO-MINS000,07/29/26 08:43 PM EDT,$0.16,250
20260730,MLB-WIN-IT5-01DRH5DLTNRRJQO-KCLS000,07/29/26 08:43 PM EDT,$0.84,350
20260730,MLB-TRUNS-IT5-01DRH5ELTNRRJRO-GTE-P00045,07/29/26 08:43 PM EDT,$0.52,24
20260730,MLB-TRUNS-IT5-01DRH5DLTNRRJQO-GTE-P00055,07/29/26 08:43 PM EDT,$0.10,350
20260730,MLB-TRUNS-IT5-01DRH59GTNRRIEG-GTE-P00005,07/29/26 08:43 PM EDT,$0.57,200
20260730,MLB-TRUNS-IT5-01DRH5DLTNRRJQO-GTE-P00025,07/29/26 08:43 PM EDT,$0.46,31
20260730,MLB-TRUNS-I8-01DRGBQLTNRS7H8-GTE-P00005,07/29/26 08:43 PM EDT,$0.10,59
20260730,MLB-TRUNS-IT5-01DRGBTTTNRS7KO-GTE-P00065,07/29/26 08:43 PM EDT,$0.19,12
20260730,MLB-TRUNS-I5-01DRH5DLTNRRJQO-GTE-P00015,07/29/26 08:43 PM EDT,$0.29,9
20260730,MLB-MOVY-IT5-01DRGBTTTNRS7KO-CLNS000-GTE-P00035,07/29/26 08:43 PM EDT,$0.67,40
20260730,NWSL-DWIN-FG-000A28PPI788FO8-UTSW003,07/29/26 08:44 PM EDT,$0.38,12
20260730,NWSL-DWIN-FG-000A28ULI788EFO-NJCW001,07/29/26 08:44 PM EDT,$0.58,19
20260730,MLB-TRUNS-IT5-01DRH5DLTNRRJQO-GTE-P00025,07/29/26 08:44 PM EDT,$0.43,16
20260730,MLB-MOVY-IT5-01DRGBTTTNRS7KO-CLNS000-GTE-P00035,07/29/26 08:44 PM EDT,$0.76,3
20260730,MLB-MOVY-IT5-01DRGBTTTNRS7KO-CIDS000-GTE-P00005,07/29/26 08:44 PM EDT,$0.04,63
20260730,MLB-TRUNS-IT5-01DRH59GTNRRIEG-GTE-P00005,07/29/26 08:44 PM EDT,$0.47,17
20260730,MLB-WIN-IT5-01DRGBTTTNRS7KO-CLNS000,07/29/26 08:44 PM EDT,$0.94,320
20260730,MLB-MOVY-IT5-01DRGBTTTNRS7KO-CLNS000-GTE-P00035,07/29/26 08:44 PM EDT,$0.76,2
20260730,MLB-MOVY-IT5-01DRH59GTNRRIEG-CHBS000-GTE-P00005,07/29/26 08:44 PM EDT,$0.33,71
20260730,MLB-TRUNS-IT5-01DRH59GTNRRIEG-GTE-P00005,07/29/26 08:44 PM EDT,$0.45,17
20260730,MLB-TRUNS-IT5-01DRH5ANTNRRIEO-GTE-P00055,07/29/26 08:45 PM EDT,$0.48,40
20260730,MLB-TRUNS-IT5-01DRGBTTTNRS7KO-GTE-P00065,07/29/26 08:45 PM EDT,$0.19,6
20260730,MLB-TRUNS-I8-01DRGBQLTNRS7H8-GTE-P00005,07/29/26 08:45 PM EDT,$0.18,26
20260730,NWSL-DWIN-FG-000A28PPI788FO8-UTSW003,07/29/26 08:46 PM EDT,$0.38,7
20260730,MLB-MOVY-IT5-01DRH5ANTNRRIEO-HOOS000-GTE-P00005,07/29/26 08:46 PM EDT,$0.48,70
20260730,MLB-MOVY-IT5-01DRH59GTNRRIEG-CHBS000-GTE-P00005,07/29/26 08:46 PM EDT,$0.32,9
20260730,MLB-WIN-IT5-01DRH59GTNRRIEG-CHBS000,07/29/26 08:46 PM EDT,$0.52,350
20260730,MLB-WIN-IT5-01DRH59GTNRRIEG-CHBS000,07/29/26 08:46 PM EDT,$0.52,350
20260730,MLB-WIN-IT5-01DRH59GTNRRIEG-CHBS000,07/29/26 08:46 PM EDT,$0.52,300
20260730,NWSL-DWIN-FG-000A28PPI788FO8-DRAW,07/29/26 08:46 PM EDT,$0.27,5
20260730,MLB-WIN-IT5-01DRH59GTNRRIEG-STLS000,07/29/26 08:46 PM EDT,$0.47,350
20260730,MLB-WIN-IT5-01DRH59GTNRRIEG-STLS000,07/29/26 08:46 PM EDT,$0.47,350
20260730,MLB-WIN-IT5-01DRH59GTNRRIEG-STLS000,07/29/26 08:46 PM EDT,$0.47,350
20260730,MLB-WIN-IT5-01DRH59GTNRRIEG-STLS000,07/29/26 08:46 PM EDT,$0.47,350
20260730,MLB-WIN-IT5-01DRH59GTNRRIEG-STLS000,07/29/26 08:46 PM EDT,$0.47,100
20260730,MLB-TRUNS-IT5-01DRH59GTNRRIEG-GTE-P00005,07/29/26 08:47 PM EDT,$0.36,43
20260730,MLB-TRUNS-I8-01DRGBQLTNRS7H8-GTE-P00005,07/29/26 08:47 PM EDT,$0.06,26
20260730,MLB-TRUNS-IT5-01DRH5ANTNRRIEO-GTE-P00055,07/29/26 08:47 PM EDT,$0.46,41
20260730,MLB-TRUNS-IT5-01DRH5ELTNRRJRO-GTE-P00045,07/29/26 08:47 PM EDT,$0.44,25
20260730,MLB-TRUNS-IT5-01DRGBTTTNRS7KO-GTE-P00065,07/29/26 08:47 PM EDT,$0.19,332
20260730,MLB-TRUNS-IT5-01DRH5ANTNRRIEO-GTE-P00055,07/29/26 08:47 PM EDT,$0.46,32
20260730,KBO-WIN-FG-00N6J63FPGPBDE8-DORS000,07/29/26 08:48 PM EDT,$0.53,18
20260730,MLB-TRUNS-IT5-01DRH5DLTNRRJQO-GTE-P00025,07/29/26 08:48 PM EDT,$0.49,9
20260730,MLB-MOVY-IT5-01DRH5CMTNRRJNO-LARS000-GTE-P00005,07/29/26 08:48 PM EDT,$0.51,94
20260730,MLB-TRUNS-IT5-01DRH5ELTNRRJRO-GTE-P00035,07/29/26 08:48 PM EDT,$0.98,8
20260730,MLB-TRUNS-IT5-01DRH59GTNRRIEG-GTE-P00005,07/29/26 08:48 PM EDT,$0.27,51
20260730,KBO-WIN-FG-00N6IK4TPGPBUUG-SANS000,07/29/26 08:48 PM EDT,$0.57,16
20260730,MLB-TRUNS-I5-01DRH59GTNRRIEG-GTE-P00015,07/29/26 08:49 PM EDT,$0.22,24
20260730,NWSL-DWIN-FG-000A28PPI788FO8-UTSW003,07/29/26 08:49 PM EDT,$0.38,25
20260730,MLB-TRUNS-IT5-01DRH59GTNRRIEG-GTE-P00005,07/29/26 08:49 PM EDT,$0.26,32
20260730,MLB-TRUNS-IT5-01DRGBTTTNRS7KO-GTE-P00015,07/29/26 08:49 PM EDT,$0.98,3
20260730,MLB-TRUNS-IT5-01DRH5DLTNRRJQO-GTE-P00035,07/29/26 08:49 PM EDT,$0.58,5
20260730,MLB-TRUNS-I7-01DRGBTTTNRS7KO-GTE-P00005,07/29/26 08:50 PM EDT,$0.43,110
20260730,MLB-TRUNS-IT5-01DRH5DLTNRRJQO-GTE-P00025,07/29/26 08:50 PM EDT,$0.98,40
20260730,NWSL-DWIN-FG-000A28PPI788FO8-DRAW,07/29/26 08:50 PM EDT,$0.24,5
20260730,MLB-TRUNS-IT5-01DRH5ELTNRRJRO-GTE-P00045,07/29/26 08:50 PM EDT,$0.47,40
20260730,MLB-TRUNS-IT5-01DRH59GTNRRIEG-GTE-P00015,07/29/26 08:51 PM EDT,$0.09,5
20260730,MLB-TRUNS-IT5-01DRH5DLTNRRJQO-GTE-P00035,07/29/26 08:51 PM EDT,$0.42,85
20260730,MLB-TRUNS-I5-01DRH5DLTNRRJQO-GTE-P00015,07/29/26 08:51 PM EDT,$0.50,15
20260730,MLB-TRUNS-I6-01DRH5ELTNRRJRO-GTE-P00005,07/29/26 08:51 PM EDT,$0.41,40
20260730,MLB-TRUNS-I4-01DRH5ANTNRRIEO-GTE-P00015,07/29/26 08:51 PM EDT,$0.33,14
20260730,MLB-MOVY-IT5-01DRH5ELTNRRJRO-NYES000-GTE-P00035,07/29/26 08:51 PM EDT,$0.88,6
20260730,MLB-PHRR-FG-01DRH5ANTNRRIEO-YOEZ000-GTE-P00015,07/29/26 08:51 PM EDT,$0.65,1
20260730,MLB-TRUNS-IT5-01DRH5DLTNRRJQO-GTE-P00045,07/29/26 08:52 PM EDT,$0.37,28
20260730,MLB-TRUNS-IT5-01DRH5CMTNRRJNO-GTE-P00055,07/29/26 08:52 PM EDT,$0.50,9
20260730,MLB-MOVY-IT5-01DRH59GTNRRIEG-STLS000-GTE-P00005,07/29/26 08:53 PM EDT,$0.17,43
20260730,MLB-PHRR-FG-01DRH5ANTNRRIEO-MIUT000-GTE-P00015,07/29/26 08:53 PM EDT,$0.55,10
20260730,MLB-TRUNS-IT5-01DRH58PTNRRJ90-GTE-P00055,07/29/26 08:53 PM EDT,$0.55,17
20260730,MLB-TRUNS-IT5-01DRH5DLTNRRJQO-GTE-P00045,07/29/26 08:54 PM EDT,$0.25,1
20260730,MLB-MOVY-IT5-01DRH59GTNRRIEG-STLS000-GTE-P00005,07/29/26 08:54 PM EDT,$0.17,222
20260730,NWSL-DWIN-FG-000A28PPI788FO8-WATW003,07/29/26 08:54 PM EDT,$0.40,247
20260730,MLB-TRUNS-IT5-01DRH5DLTNRRJQO-GTE-P00045,07/29/26 08:54 PM EDT,$0.32,29
20260730,MLB-WIN-IT5-01DRH59GTNRRIEG-CHBS000,07/29/26 08:54 PM EDT,$0.38,10
20260730,MLB-TRUNS-IT5-01DRH59GTNRRIEG-GTE-P00005,07/29/26 08:54 PM EDT,$0.18,15
20260730,NWSL-DWIN-FG-000A28PPI788FO8-WATW003,07/29/26 08:55 PM EDT,$0.40,169
20260730,MLB-PHRR-FG-01DRH5ANTNRRIEO-YOEZ000-GTE-P00025,07/29/26 08:56 PM EDT,$0.51,7
20260730,MLB-TRUNS-I7-03VP8V0Q4PARC1O-GTE-P00005,07/29/26 08:56 PM EDT,$0.57,48
20260730,MLB-TRUNS-I7-03VP8V0Q4PARC1O-GTE-P00005,07/29/26 08:56 PM EDT,$0.55,33
20260730,NWSL-DWIN-FG-000A28PPI788FO8-DRAW,07/29/26 08:56 PM EDT,$0.27,103
20260730,MLB-WIN-IT5-03VP8V0Q4PARC1O-ATES000,07/29/26 08:57 PM EDT,$0.50,3
20260730,MLB-TRUNS-IT5-01DRH5ELTNRRJRO-GTE-P00045,07/29/26 08:58 PM EDT,$0.21,685
20260730,MLB-TRUNS-IT5-01DRH5DLTNRRJQO-GTE-P00045,07/29/26 08:58 PM EDT,$0.26,32
20260730,MLB-TRUNS-IT5-01DRH5ELTNRRJRO-GTE-P00045,07/29/26 08:58 PM EDT,$0.22,2
20260730,MLB-TRUNS-I7-03VP8V0Q4PARC1O-GTE-P00005,07/29/26 08:58 PM EDT,$0.44,16
20260730,MLB-TRUNS-IT5-01DRH59GTNRRIEG-GTE-P00005,07/29/26 08:58 PM EDT,$0.24,7
20260730,MLB-PHRR-FG-01DRGBTTTNRS7KO-TRNA000-GTE-P00045,07/29/26 08:58 PM EDT,$0.62,234
20260730,MLB-PHRR-FG-01DRH5ELTNRRJRO-PADT000-GTE-P00025,07/29/26 08:59 PM EDT,$0.98,100
20260730,MLB-TRUNS-I7-03VP8V0Q4PARC1O-GTE-P00005,07/29/26 08:59 PM EDT,$0.42,2
20260730,NWSL-DWIN-FG-000A28PPI788FO8-UTSW003,07/29/26 08:59 PM EDT,$0.38,25
20260730,MLB-TRUNS-IT5-01DRH5DLTNRRJQO-GTE-P00045,07/29/26 08:59 PM EDT,$0.20,490
20260730,MLB-TRUNS-IT5-01DRH59GTNRRIEG-GTE-P00005,07/29/26 08:59 PM EDT,$0.16,574
20260730,MLB-PHRR-FG-01DRH58PTNRRJ90-WIAS000-GTE-P00025,07/29/26 08:59 PM EDT,$0.49,9
20260730,MLB-TRUNS-IT5-01DRH5ELTNRRJRO-GTE-P00045,07/29/26 08:59 PM EDT,$0.22,6
20260730,MLB-PHRR-FG-01DRH58PTNRRJ90-TYOM000-GTE-P00025,07/29/26 08:59 PM EDT,$0.40,11
20260730,NWSL-DWIN-FG-000A28PPI788FO8-WATW003,07/29/26 08:59 PM EDT,$0.39,12
20260730,MLB-TRUNS-IT5-01DRH5DLTNRRJQO-GTE-P00055,07/29/26 09:00 PM EDT,$0.04,350
20260730,MLB-TRUNS-IT5-01DRH5DLTNRRJQO-GTE-P00045,07/29/26 09:00 PM EDT,$0.04,68
20260730,MLB-WIN-IT5-01DRH59GTNRRIEG-CHBS000,07/29/26 09:00 PM EDT,$0.44,88
20260730,MLB-TRUNS-IT5-01DRH5DLTNRRJQO-GTE-P00045,07/29/26 09:00 PM EDT,$0.04,89
20260730,MLB-MOVY-IT5-01DRH5ANTNRRIEO-HOOS000-GTE-P00005,07/29/26 09:00 PM EDT,$0.48,20
20260730,MLB-MOVY-IT5-01DRH59GTNRRIEG-STLS000-GTE-P00005,07/29/26 09:01 PM EDT,$0.25,18
20260730,MLB-TRUNS-I5-01DRH5ELTNRRJRO-GTE-P00005,07/29/26 09:01 PM EDT,$0.11,54
20260730,MLB-TRUNS-IT5-01DRH59GTNRRIEG-GTE-P00005,07/29/26 09:01 PM EDT,$0.25,7
20260730,NWSL-DWIN-FG-000A28PPI788FO8-WATW003,07/29/26 09:01 PM EDT,$0.42,300
20260730,MLB-PHRR-FG-01DRH5ANTNRRIEO-MIUT000-GTE-P00015,07/29/26 09:01 PM EDT,$0.55,17
20260730,MLB-MOVY-IT5-01DRH59GTNRRIEG-STLS000-GTE-P00005,07/29/26 09:01 PM EDT,$0.21,549
20260730,NWSL-DWIN-FG-000A28ULI788EFO-DRAW,07/29/26 09:02 PM EDT,$0.24,11
20260730,MLB-WIN-IT5-03VP8V0Q4PARC1O-ATES000,07/29/26 09:02 PM EDT,$0.50,38
20260730,MLB-TRUNS-I7-03VP8V0Q4PARC1O-GTE-P00005,07/29/26 09:02 PM EDT,$0.19,120
20260730,MLB-MOVY-IT5-01DRH5ELTNRRJRO-NYES000-GTE-P00025,07/29/26 09:02 PM EDT,$0.96,3
20260730,MLB-PHRR-FG-01DRH5ANTNRRIEO-YOEZ000-GTE-P00015,07/29/26 09:02 PM EDT,$0.69,5
20260730,MLB-TRUNS-I6-01DRH59GTNRRIEG-GTE-P00005,07/29/26 09:02 PM EDT,$0.53,4
20260730,MLB-TRUNS-I7-03VP8V0Q4PARC1O-GTE-P00005,07/29/26 09:02 PM EDT,$0.19,16
20260730,MLB-PHRR-FG-01DRH58PTNRRJ90-CELA000-GTE-P00015,07/29/26 09:02 PM EDT,$0.65,50
20260730,MLB-WIN-IT5-01DRH58PTNRRJ90-BOOX000,07/29/26 09:02 PM EDT,$0.58,8
20260730,MLB-TRUNS-I6-01DRH59GTNRRIEG-GTE-P00005,07/29/26 09:03 PM EDT,$0.45,2
20260730,MLB-TRUNS-I6-01DRH59GTNRRIEG-GTE-P00005,07/29/26 09:03 PM EDT,$0.53,418
20260730,NWSL-DWIN-FG-000A28PPI788FO8-WATW003,07/29/26 09:03 PM EDT,$0.42,45
20260730,NWSL-DWIN-FG-000A28SHI788EU0-KATW001,07/29/26 09:03 PM EDT,$0.96,2
20260730,NWSL-DWIN-FG-000A28SHI788EU0-RAEW001,07/29/26 09:03 PM EDT,$0.03,350
20260730,MLB-TRUNS-I6-01DRH59GTNRRIEG-GTE-P00015,07/29/26 09:03 PM EDT,$0.29,9
20260730,MLB-TRUNS-I8-03VP8V0Q4PARC1O-GTE-P00005,07/29/26 09:04 PM EDT,$0.47,204
20260730,MLB-WIN-IT5-01DRH5ANTNRRIEO-HOOS000,07/29/26 09:04 PM EDT,$0.56,8
20260730,MLB-MOVY-IT5-01DRH5ANTNRRIEO-HOOS000-GTE-P00005,07/29/26 09:05 PM EDT,$0.48,36
20260730,MLB-TRUNS-IT5-01DRH5ELTNRRJRO-GTE-P00045,07/29/26 09:05 PM EDT,$0.06,208
20260730,MLB-TRUNS-I6-01DRH59GTNRRIEG-GTE-P00005,07/29/26 09:05 PM EDT,$0.41,81
20260730,MLB-PHRR-FG-01DRH5CMTNRRJNO-MOTS000-GTE-P00015,07/29/26 09:06 PM EDT,$0.53,18
20260730,MLB-TRUNS-IT5-01DRH5ANTNRRIEO-GTE-P00055,07/29/26 09:06 PM EDT,$0.46,17
20260730,MLB-TRUNS-I6-01DRH5DLTNRRJQO-GTE-P00005,07/29/26 09:06 PM EDT,$0.47,10
20260730,MLB-WIN-IT5-01DRH5ANTNRRIEO-HOOS000,07/29/26 09:06 PM EDT,$0.56,51
20260730,MLB-PHRR-FG-01DRH5CMTNRRJNO-SHNI001-GTE-P00025,07/29/26 09:06 PM EDT,$0.49,19
20260730,MLB-TRUNS-I9-01DRH58PTNRRJ90-GTE-P00015,07/29/26 09:06 PM EDT,$0.28,33
20260730,MLB-TRUNS-IT5-01DRH5ELTNRRJRO-GTE-P00045,07/29/26 09:06 PM EDT,$0.06,25
20260730,MLB-WIN-IT5-01DRH58PTNRRJ90-BOOX000,07/29/26 09:06 PM EDT,$0.58,8
20260730,MLB-WIN-IT5-01DRH5ANTNRRIEO-HOOS000,07/29/26 09:06 PM EDT,$0.56,8
20260730,MLB-WIN-IT5-01DRH58PTNRRJ90-BOOX000,07/29/26 09:07 PM EDT,$0.58,41
20260730,MLB-MOVY-IT5-01DRH58PTNRRJ90-BOOX000-GTE-P00005,07/29/26 09:07 PM EDT,$0.49,19
20260730,MLB-PHRR-FG-01DRH5ANTNRRIEO-MIUT000-GTE-P00015,07/29/26 09:07 PM EDT,$0.55,500
20260730,MLB-PHRR-FG-01DRH5ANTNRRIEO-MIUT000-GTE-P00015,07/29/26 09:07 PM EDT,$0.55,50
20260730,MLB-TRUNS-IT5-01DRH5ELTNRRJRO-GTE-P00045,07/29/26 09:08 PM EDT,$0.02,24
20260730,MLB-TRUNS-IT5-01DRH5ELTNRRJRO-GTE-P00065,07/29/26 09:08 PM EDT,$0.02,248
20260730,MLB-WIN-IT5-01DRH5ANTNRRIEO-HOOS000,07/29/26 09:08 PM EDT,$0.56,2
20260730,MLB-TRUNS-I8-03VP8V0Q4PARC1O-GTE-P00005,07/29/26 09:08 PM EDT,$0.38,30
20260730,MLB-PHRR-FG-01DRH5CMTNRRJNO-MAAD000-GTE-P00025,07/29/26 09:09 PM EDT,$0.40,46
20260730,MLB-TRUNS-IT5-01DRH58PTNRRJ90-GTE-P00055,07/29/26 09:09 PM EDT,$0.55,233
20260730,MLB-MOVY-IT5-01DRH5ANTNRRIEO-HOOS000-GTE-P00005,07/29/26 09:09 PM EDT,$0.48,20
20260730,MLB-WIN-IT5-01DRH5ANTNRRIEO-HOOS000,07/29/26 09:09 PM EDT,$0.56,258
20260730,MLB-TRUNS-IT5-01DRH5ELTNRRJRO-GTE-P00065,07/29/26 09:10 PM EDT,$0.02,161
20260730,MLB-TRUNS-I6-01DRH5ELTNRRJRO-GTE-P00005,07/29/26 09:10 PM EDT,$0.43,25
20260730,NWSL-DWIN-FG-000A28ULI788EFO-NJCW001,07/29/26 09:10 PM EDT,$0.58,8
20260730,MLB-PHRR-FG-01DRH59GTNRRIEG-PENG000-GTE-P00005,07/29/26 09:10 PM EDT,$0.36,10
20260730,MLB-TRUNS-IT5-01DRH5CMTNRRJNO-GTE-P00055,07/29/26 09:10 PM EDT,$0.50,107
20260730,MLB-TRUNS-I5-01DRH5CMTNRRJNO-GTE-P00005,07/29/26 09:11 PM EDT,$0.53,18
20260730,MLB-WIN-IT5-01DRH5ANTNRRIEO-LALS000,07/29/26 09:11 PM EDT,$0.46,5
20260730,MLB-TRUNS-I1-01DRH58PTNRRJ90-GTE-P00025,07/29/26 09:12 PM EDT,$0.24,207
20260730,MLB-TRUNS-I2-01DRH5ANTNRRIEO-GTE-P00035,07/29/26 09:12 PM EDT,$0.12,38
20260730,MLB-PHRR-FG-01DRH5ANTNRRIEO-YOEZ000-GTE-P00035,07/29/26 09:12 PM EDT,$0.37,129
20260730,MLB-TRUNS-I3-01DRH5ANTNRRIEO-GTE-P00035,07/29/26 09:12 PM EDT,$0.12,38
20260730,MLB-TRUNS-IT5-01DRGBTTTNRS7KO-GTE-P00055,07/29/26 09:12 PM EDT,$0.03,125
20260730,MLB-TRUNS-I6-01DRGBTTTNRS7KO-GTE-P00015,07/29/26 09:13 PM EDT,$0.27,18
20260730,MLB-WIN-IT5-01DRGBTTTNRS7KO-CLNS000,07/29/26 09:13 PM EDT,$0.98,49
20260730,MLB-TRUNS-I1-01DRH5ANTNRRIEO-GTE-P00035,07/29/26 09:13 PM EDT,$0.13,35
20260730,NWSL-DWIN-FG-000A28ULI788EFO-BACW004,07/29/26 09:13 PM EDT,$0.22,20
20260730,MLB-WIN-IT5-01DRH5ANTNRRIEO-HOOS000,07/29/26 09:13 PM EDT,$0.56,172
20260730,MLB-PHRR-FG-01DRH5CMTNRRJNO-MOTS000-GTE-P00015,07/29/26 09:14 PM EDT,$0.53,36
20260730,MLB-TRUNS-I6-01DRGBTTTNRS7KO-GTE-P00015,07/29/26 09:14 PM EDT,$0.16,479
20260730,MLB-TRUNS-IT5-01DRH58PTNRRJ90-GTE-P00055,07/29/26 09:14 PM EDT,$0.53,174
20260730,MLB-TRUNS-I1-01DRH58PTNRRJ90-GTE-P00005,07/29/26 09:15 PM EDT,$0.52,10
20260730,MLB-PHRR-FG-01DRH5CMTNRRJNO-ANES000-GTE-P00015,07/29/26 09:15 PM EDT,$0.50,26
20260730,NWSL-DWIN-FG-000A28ULI788EFO-NJCW001,07/29/26 09:15 PM EDT,$0.58,33
20260730,MLB-PHRR-FG-01DRH5CMTNRRJNO-JUEZ003-GTE-P00015,07/29/26 09:15 PM EDT,$0.56,17
20260730,NWSL-DWIN-FG-000A28PPI788FO8-WATW003,07/29/26 09:16 PM EDT,$0.38,21
20260730,MLB-PHRR-FG-01DRH5CMTNRRJNO-MAAD000-GTE-P00015,07/29/26 09:16 PM EDT,$0.55,1
20260730,MLB-TRUNS-I7-01DRGBTTTNRS7KO-GTE-P00015,07/29/26 09:16 PM EDT,$0.29,16
20260730,NWSL-DWIN-FG-000A28PPI788FO8-WATW003,07/29/26 09:16 PM EDT,$0.38,50
20260730,MLB-PHRR-FG-01DRH5CMTNRRJNO-KYER000-GTE-P00015,07/29/26 09:17 PM EDT,$0.50,28
20260730,MLB-TRUNS-I1-01DRH5ANTNRRIEO-GTE-P00035,07/29/26 09:18 PM EDT,$0.13,285
20260730,NWSL-DWIN-FG-000A28PPI788FO8-WATW003,07/29/26 09:18 PM EDT,$0.37,350
20260730,NWSL-DWIN-FG-000A28PPI788FO8-WATW003,07/29/26 09:18 PM EDT,$0.37,350
20260730,MLB-WIN-IT5-01DRH5ANTNRRIEO-LALS000,07/29/26 09:18 PM EDT,$0.46,43
20260730,NWSL-DWIN-FG-000A28PPI788FO8-WATW003,07/29/26 09:18 PM EDT,$0.37,350
20260730,MLB-PHRR-FG-01DRH5CMTNRRJNO-SHNI001-GTE-P00015,07/29/26 09:18 PM EDT,$0.63,1
20260730,NWSL-DWIN-FG-000A28PPI788FO8-WATW003,07/29/26 09:18 PM EDT,$0.37,245
20260730,NWSL-DWIN-FG-000A28PPI788FO8-UTSW003,07/29/26 09:18 PM EDT,$0.39,21
20260730,KBO-WIN-FG-00N6J63FPGPBDE8-DORS000,07/29/26 09:18 PM EDT,$0.53,45
20260730,NWSL-DWIN-FG-000A28PPI788FO8-WATW003,07/29/26 09:19 PM EDT,$0.36,26
20260730,NWSL-DWIN-FG-000A28PPI788FO8-UTSW003,07/29/26 09:19 PM EDT,$0.39,36
20260730,KBO-WIN-FG-00N6IK4TPGPBUUG-SANS000,07/29/26 09:19 PM EDT,$0.57,42
20260730,NWSL-DWIN-FG-000A28PPI788FO8-DRAW,07/29/26 09:19 PM EDT,$0.28,16
20260730,MLB-TRUNS-IT5-01DRH5ELTNRRJRO-GTE-P00055,07/29/26 09:19 PM EDT,$0.03,9
20260730,MLB-WIN-IT5-01DRH5ANTNRRIEO-LALS000,07/29/26 09:19 PM EDT,$0.46,14
20260730,NWSL-DWIN-FG-000A28ULI788EFO-NJCW001,07/29/26 09:20 PM EDT,$0.58,1
20260730,NWSL-DWIN-FG-000A28PPI788FO8-WATW003,07/29/26 09:20 PM EDT,$0.37,2
20260730,MLB-TRUNS-I9-03VP8V0Q4PARC1O-GTE-P00005,07/29/26 09:20 PM EDT,$0.36,25
20260730,MLB-TRUNS-IT5-01DRH5CMTNRRJNO-GTE-P00055,07/29/26 09:20 PM EDT,$0.48,19
20260730,MLB-TRUNS-IT5-01DRH5CMTNRRJNO-GTE-P00055,07/29/26 09:20 PM EDT,$0.48,899
20260730,MLB-TRUNS-IT5-01DRH5CMTNRRJNO-GTE-P00055,07/29/26 09:20 PM EDT,$0.48,7
20260730,MLB-TRUNS-I6-01DRH59GTNRRIEG-GTE-P00005,07/29/26 09:20 PM EDT,$0.35,13
20260730,MLB-TRUNS-I7-01DRH5DLTNRRJQO-GTE-P00005,07/29/26 09:20 PM EDT,$0.66,55
20260730,MLB-TRUNS-IT5-01DRH58PTNRRJ90-GTE-P00055,07/29/26 09:20 PM EDT,$0.55,78
20260730,MLB-TRUNS-I6-01DRH59GTNRRIEG-GTE-P00005,07/29/26 09:20 PM EDT,$0.35,1
20260730,MLB-TRUNS-I6-01DRH59GTNRRIEG-GTE-P00035,07/29/26 09:20 PM EDT,$0.09,50
20260730,KBO-TRUNS-FG-00N6J60MPGPBDG0-GTE-P00095,07/29/26 09:20 PM EDT,$0.41,32
20260730,MLB-PHRR-FG-01DRH59GTNRRIEG-PENG000-GTE-P00015,07/29/26 09:21 PM EDT,$0.14,42
20260730,KBO-WIN-FG-00N6IK4TPGPBUUG-SANS000,07/29/26 09:21 PM EDT,$0.57,16
20260730,MLB-PHRR-FG-01DRH5ANTNRRIEO-YOEZ000-GTE-P00025,07/29/26 09:22 PM EDT,$0.52,22
20260730,MLB-MOVY-IT5-01DRH5ANTNRRIEO-HOOS000-GTE-P00005,07/29/26 09:22 PM EDT,$0.48,45
20260730,MLB-WIN-IT5-01DRH5ANTNRRIEO-HOOS000,07/29/26 09:22 PM EDT,$0.56,55
20260730,MLB-PHRR-FG-01DRH5CMTNRRJNO-SHNI001-GTE-P00025,07/29/26 09:22 PM EDT,$0.49,21
20260730,MLB-TRUNS-I2-01DRH5ANTNRRIEO-GTE-P00015,07/29/26 09:23 PM EDT,$0.31,462
20260730,MLB-TRUNS-I7-01DRH5DLTNRRJQO-GTE-P00005,07/29/26 09:23 PM EDT,$0.51,16
20260730,MLB-TRUNS-I9-03VP8V0Q4PARC1O-GTE-P00005,07/29/26 09:23 PM EDT,$0.35,298
20260730,MLB-PHRR-FG-01DRH5CMTNRRJNO-SHNI001-GTE-P00025,07/29/26 09:23 PM EDT,$0.49,1
20260730,MLB-TRUNS-IT5-01DRH5CMTNRRJNO-GTE-P00055,07/29/26 09:23 PM EDT,$0.48,9
20260730,MLB-TRUNS-I1-01DRH5ANTNRRIEO-GTE-P00035,07/29/26 09:24 PM EDT,$0.13,111
20260730,NWSL-DWIN-FG-000A28PPI788FO8-UTSW003,07/29/26 09:24 PM EDT,$0.38,3
20260730,MLB-TRUNS-I4-01DRH5ANTNRRIEO-GTE-P00025,07/29/26 09:24 PM EDT,$0.20,459
20260730,MLB-MOVY-IT5-01DRH5CMTNRRJNO-LARS000-GTE-P00005,07/29/26 09:24 PM EDT,$0.52,18
20260730,NWSL-DWIN-FG-000A28ULI788EFO-NJCW001,07/29/26 09:24 PM EDT,$0.58,5
20260730,MLB-TRUNS-IT5-01DRH5ANTNRRIEO-GTE-P00055,07/29/26 09:24 PM EDT,$0.47,51
20260730,MLB-TRUNS-I1-01DRH5ANTNRRIEO-GTE-P00015,07/29/26 09:24 PM EDT,$0.36,13
20260730,MLB-MOVY-IT5-01DRGBTTTNRS7KO-CLNS000-GTE-P00025,07/29/26 09:24 PM EDT,$0.97,350
20260730,MLB-TRUNS-IT5-01DRH5ANTNRRIEO-GTE-P00055,07/29/26 09:25 PM EDT,$0.47,39
20260730,MLB-TRUNS-IT5-01DRH5ANTNRRIEO-GTE-P00055,07/29/26 09:25 PM EDT,$0.47,1
20260730,MLB-TRUNS-IT5-01DRH5CMTNRRJNO-GTE-P00055,07/29/26 09:25 PM EDT,$0.48,92
20260730,MLB-WIN-IT5-01DRH59GTNRRIEG-CHBS000,07/29/26 09:25 PM EDT,$0.12,20
20260730,MLB-WIN-IT5-01DRH5CMTNRRJNO-SERS000,07/29/26 09:25 PM EDT,$0.43,33
20260730,MLB-PHRR-FG-01DRGBTTTNRS7KO-STAN000-GTE-P00035,07/29/26 09:25 PM EDT,$0.42,295
20260730,MLB-TRUNS-IT5-01DRH5CMTNRRJNO-GTE-P00055,07/29/26 09:25 PM EDT,$0.50,80
20260730,MLB-WIN-IT5-01DRH5CMTNRRJNO-SERS000,07/29/26 09:25 PM EDT,$0.43,26
20260730,MLB-PHRR-FG-01DRH5CMTNRRJNO-DANG001-GTE-P00025,07/29/26 09:25 PM EDT,$0.31,60
20260730,MLB-TRUNS-I1-01DRH5CMTNRRJNO-GTE-P00005,07/29/26 09:25 PM EDT,$0.50,9
20260730,NWSL-DWIN-FG-000A28PPI788FO8-WATW003,07/29/26 09:26 PM EDT,$0.36,350
20260730,NWSL-DWIN-FG-000A28PPI788FO8-WATW003,07/29/26 09:26 PM EDT,$0.36,89
20260730,MLB-TRUNS-IT5-01DRH5CMTNRRJNO-GTE-P00055,07/29/26 09:26 PM EDT,$0.50,9
20260730,NWSL-DWIN-FG-000A28PPI788FO8-DRAW,07/29/26 09:27 PM EDT,$0.28,26
20260730,MLB-PHRR-FG-01DRH5ANTNRRIEO-JENA000-GTE-P00015,07/29/26 09:27 PM EDT,$0.60,80
20260730,MLB-TRUNS-I9-03VP8V0Q4PARC1O-GTE-P00005,07/29/26 09:27 PM EDT,$0.38,46
20260730,MLB-MOVY-IT5-01DRH5CMTNRRJNO-LARS000-GTE-P00005,07/29/26 09:27 PM EDT,$0.50,9
20260730,MLB-TRUNS-IT5-01DRH58PTNRRJ90-GTE-P00055,07/29/26 09:27 PM EDT,$0.56,10
20260730,MLB-TRUNS-I7-01DRH59GTNRRIEG-GTE-P00005,07/29/26 09:27 PM EDT,$0.31,42
20260730,MLB-TRUNS-I7-01DRH59GTNRRIEG-GTE-P00015,07/29/26 09:27 PM EDT,$0.16,16
20260730,MLB-TRUNS-I8-01DRGBTTTNRS7KO-GTE-P00005,07/29/26 09:27 PM EDT,$0.39,82
20260730,MLB-TRUNS-I7-01DRH5DLTNRRJQO-GTE-P00005,07/29/26 09:28 PM EDT,$0.18,29
20260730,NWSL-DWIN-FG-000A28PPI788FO8-DRAW,07/29/26 09:28 PM EDT,$0.28,16
20260730,NWSL-DWIN-FG-000A28PPI788FO8-WATW003,07/29/26 09:28 PM EDT,$0.36,13
20260730,MLB-TRUNS-IT5-01DRH5ANTNRRIEO-GTE-P00055,07/29/26 09:29 PM EDT,$0.45,9
20260730,MLB-WIN-IT5-01DRGBTTTNRS7KO-CLNS000,07/29/26 09:29 PM EDT,$0.98,210
20260730,MLB-WIN-IT5-01DRGBTTTNRS7KO-CLNS000,07/29/26 09:29 PM EDT,$0.98,87
20260730,MLB-PHRR-FG-01DRH5ANTNRRIEO-MIUT000-GTE-P00025,07/29/26 09:29 PM EDT,$0.42,4
20260730,NWSL-DWIN-FG-000A28ULI788EFO-NJCW001,07/29/26 09:30 PM EDT,$0.58,11
20260730,MLB-TRUNS-I9-01DRGBTTTNRS7KO-GTE-P00005,07/29/26 09:30 PM EDT,$0.49,58
20260730,MLB-MOVY-IT5-01DRH58PTNRRJ90-BOOX000-GTE-P00005,07/29/26 09:30 PM EDT,$0.49,301
20260730,MLB-TRUNS-I7-01DRH59GTNRRIEG-GTE-P00005,07/29/26 09:30 PM EDT,$0.34,4
20260730,MLB-TRUNS-I8-01DRGBTTTNRS7KO-GTE-P00005,07/29/26 09:30 PM EDT,$0.47,61
20260730,MLB-MOVY-IT5-01DRH5CMTNRRJNO-LARS000-GTE-P00005,07/29/26 09:30 PM EDT,$0.52,370
20260730,MLB-TRUNS-IT5-01DRH58PTNRRJ90-GTE-P00055,07/29/26 09:30 PM EDT,$0.54,42
20260730,MLB-TRUNS-I8-01DRH59GTNRRIEG-GTE-P00005,07/29/26 09:30 PM EDT,$0.48,30
20260730,MLB-TRUNS-I9-03VP8V0Q4PARC1O-GTE-P00005,07/29/26 09:31 PM EDT,$0.57,3
20260730,MLB-TRUNS-IT5-01DRH58PTNRRJ90-GTE-P00055,07/29/26 09:31 PM EDT,$0.56,170
20260730,MLB-TRUNS-IT5-01DRH5ANTNRRIEO-GTE-P00055,07/29/26 09:31 PM EDT,$0.47,40
20260730,MLB-WIN-IT5-01DRH5ANTNRRIEO-LALS000,07/29/26 09:31 PM EDT,$0.46,52
20260730,MLB-PHRR-FG-01DRH58PTNRRJ90-JOIM000-GTE-P00015,07/29/26 09:32 PM EDT,$0.54,8
20260730,MLB-WIN-IT5-01DRH5ANTNRRIEO-HOOS000,07/29/26 09:32 PM EDT,$0.55,8
20260730,MLB-PHRR-FG-01DRH58PTNRRJ90-JOIM000-GTE-P00015,07/29/26 09:32 PM EDT,$0.54,1
20260730,MLB-PHRR-FG-01DRH58PTNRRJ90-CONG002-GTE-P00015,07/29/26 09:32 PM EDT,$0.49,49
20260730,MLB-PHRR-FG-01DRH59GTNRRIEG-PENG000-GTE-P00015,07/29/26 09:32 PM EDT,$0.17,15
20260730,NWSL-DWIN-FG-000A28PPI788FO8-WATW003,07/29/26 09:32 PM EDT,$0.38,25
20260730,NWSL-DWIN-FG-000A28PPI788FO8-UTSW003,07/29/26 09:32 PM EDT,$0.41,22
20260730,MLB-PHRR-FG-01DRH5CMTNRRJNO-SHNI001-GTE-P00035,07/29/26 09:33 PM EDT,$0.34,69
20260730,NWSL-DWIN-FG-000A28ULI788EFO-BACW004,07/29/26 09:33 PM EDT,$0.22,41
20260730,NWSL-DWIN-FG-000A28ULI788EFO-NJCW001,07/29/26 09:33 PM EDT,$0.58,16
20260730,MLB-WIN-IT5-01DRH5ANTNRRIEO-HOOS000,07/29/26 09:33 PM EDT,$0.55,48
20260730,NWSL-DWIN-FG-000A28PPI788FO8-WATW003,07/29/26 09:33 PM EDT,$0.38,2
20260730,MLB-MOVY-IT5-01DRH5ANTNRRIEO-HOOS000-GTE-P00005,07/29/26 09:33 PM EDT,$0.48,20
20260730,MLB-TRUNS-IT5-01DRH5ANTNRRIEO-GTE-P00055,07/29/26 09:33 PM EDT,$0.47,20
20260730,MLB-PHRR-FG-01DRH5ANTNRRIEO-MIUT000-GTE-P00015,07/29/26 09:33 PM EDT,$0.56,8
20260730,KBO-MOVY-FG-00N6J60MPGPBDG0-LGNS000-GTE-P00015,07/29/26 09:34 PM EDT,$0.39,7
20260730,MLB-TRUNS-I8-01DRGBTTTNRS7KO-GTE-P00005,07/29/26 09:34 PM EDT,$0.40,12
20260730,MLB-MOVY-IT5-01DRH5ANTNRRIEO-HOOS000-GTE-P00005,07/29/26 09:34 PM EDT,$0.48,128
20260730,MLB-TRUNS-IT5-01DRH5ANTNRRIEO-GTE-P00055,07/29/26 09:34 PM EDT,$0.47,40
20260730,MLB-TRUNS-IT5-01DRH58PTNRRJ90-GTE-P00055,07/29/26 09:35 PM EDT,$0.56,94
20260730,MLB-TRUNS-I8-01DRH5ELTNRRJRO-GTE-P00005,07/29/26 09:35 PM EDT,$0.45,57
20260730,MLB-MOVY-IT5-01DRH5CMTNRRJNO-LARS000-GTE-P00005,07/29/26 09:35 PM EDT,$0.52,672
20260730,MLB-WIN-IT5-01DRH5ANTNRRIEO-LALS000,07/29/26 09:35 PM EDT,$0.46,1041
20260730,MLB-PHRR-FG-01DRH5ANTNRRIEO-YOEZ000-GTE-P00015,07/29/26 09:36 PM EDT,$0.66,7
20260730,NWSL-DWIN-FG-000A28ULI788EFO-NJCW001,07/29/26 09:37 PM EDT,$0.58,50
20260730,MLB-TRUNS-I9-01DRH5DLTNRRJQO-GTE-P00005,07/29/26 09:37 PM EDT,$0.42,35
20260730,MLB-TRUNS-IT5-01DRH58PTNRRJ90-GTE-P00055,07/29/26 09:37 PM EDT,$0.56,24
20260730,MLB-MOVY-IT5-01DRH5CMTNRRJNO-LARS000-GTE-P00005,07/29/26 09:37 PM EDT,$0.50,38
20260730,NWSL-DWIN-FG-000A28ULI788EFO-NJCW001,07/29/26 09:37 PM EDT,$0.58,3
20260730,MLB-TRUNS-IT5-01DRH5ANTNRRIEO-GTE-P00055,07/29/26 09:38 PM EDT,$0.45,578
20260730,MLB-PHRR-FG-01DRH58PTNRRJ90-TOTE001-GTE-P00015,07/29/26 09:38 PM EDT,$0.56,34
20260730,MLB-PHRR-FG-01DRH5ANTNRRIEO-TALL000-GTE-P00015,07/29/26 09:38 PM EDT,$0.45,8
20260730,MLB-TRUNS-IT5-01DRH5CMTNRRJNO-GTE-P00055,07/29/26 09:38 PM EDT,$0.48,46
20260730,MLB-PHRR-FG-01DRH58PTNRRJ90-CELA000-GTE-P00015,07/29/26 09:38 PM EDT,$0.63,47
20260730,NWSL-DWIN-FG-000A28ULI788EFO-NJCW001,07/29/26 09:38 PM EDT,$0.58,16
20260730,MLB-PHRR-FG-01DRH58PTNRRJ90-JOIM000-GTE-P00015,07/29/26 09:38 PM EDT,$0.54,1
20260730,NWSL-DWIN-FG-000A28ULI788EFO-NJCW001,07/29/26 09:39 PM EDT,$0.58,33
20260730,NWSL-DWIN-FG-000A28ULI788EFO-NJCW001,07/29/26 09:39 PM EDT,$0.58,16
20260730,MLB-PHRR-FG-01DRH5ANTNRRIEO-JOLL001-GTE-P00055,07/29/26 09:39 PM EDT,$0.11,42
20260730,MLB-TRUNS-IT5-01DRH5ANTNRRIEO-GTE-P00055,07/29/26 09:39 PM EDT,$0.47,408
20260730,MLB-WIN-IT5-01DRH5ANTNRRIEO-LALS000,07/29/26 09:39 PM EDT,$0.46,81
20260730,MLB-MOVY-IT5-01DRH58PTNRRJ90-BOOX000-GTE-P00005,07/29/26 09:40 PM EDT,$0.50,143
20260730,MLB-MOVY-IT5-01DRH58PTNRRJ90-BOOX000-GTE-P00005,07/29/26 09:40 PM EDT,$0.50,49
20260730,MLB-TRUNS-IT5-01DRH58PTNRRJ90-GTE-P00055,07/29/26 09:40 PM EDT,$0.56,86
20260730,MLB-MOVY-IT5-01DRH5ANTNRRIEO-HOOS000-GTE-P00005,07/29/26 09:40 PM EDT,$0.50,30
20260730,MLB-MOVY-IT5-01DRH5ANTNRRIEO-HOOS000-GTE-P00005,07/29/26 09:40 PM EDT,$0.50,58
20260730,NWSL-DWIN-FG-000A28ULI788EFO-DRAW,07/29/26 09:40 PM EDT,$0.24,115
20260730,MLB-TRUNS-I8-01DRH59GTNRRIEG-GTE-P00005,07/29/26 09:41 PM EDT,$0.43,31
20260730,MLB-TRUNS-I3-01DRH5ANTNRRIEO-GTE-P00005,07/29/26 09:42 PM EDT,$0.49,39
20260730,NWSL-DWIN-FG-000A28ULI788EFO-NJCW001,07/29/26 09:42 PM EDT,$0.58,374
20260730,MLB-TRUNS-I8-01DRH59GTNRRIEG-GTE-P00005,07/29/26 09:42 PM EDT,$0.43,29
20260730,MLB-MOVY-IT5-01DRH5ANTNRRIEO-HOOS000-GTE-P00005,07/29/26 09:42 PM EDT,$0.46,2
20260730,MLB-WIN-IT5-01DRH5ANTNRRIEO-HOOS000,07/29/26 09:42 PM EDT,$0.53,18
20260730,MLB-TRUNS-I2-01DRH58PTNRRJ90-GTE-P00005,07/29/26 09:42 PM EDT,$0.52,6
20260730,MLB-PHRR-FG-01DRH5ELTNRRJRO-ANDI000-GTE-P00005,07/29/26 09:42 PM EDT,$0.27,151
20260730,MLB-WIN-IT5-01DRH5ANTNRRIEO-HOOS000,07/29/26 09:42 PM EDT,$0.52,40
20260730,MLB-WIN-IT5-01DRH58PTNRRJ90-BOOX000,07/29/26 09:42 PM EDT,$0.57,6
20260730,NWSL-DWIN-FG-000A28ULI788EFO-NJCW001,07/29/26 09:43 PM EDT,$0.58,33
20260730,MLB-WIN-IT5-01DRH58PTNRRJ90-BOOX000,07/29/26 09:43 PM EDT,$0.62,78
20260730,MLB-WIN-IT5-01DRH58PTNRRJ90-BOOX000,07/29/26 09:44 PM EDT,$0.62,48
20260730,MLB-TRUNS-IT5-01DRH5ANTNRRIEO-GTE-P00045,07/29/26 09:44 PM EDT,$0.50,96
20260730,MLB-WIN-IT5-01DRH5ANTNRRIEO-HOOS000,07/29/26 09:44 PM EDT,$0.47,40
20260730,MLB-PHRR-FG-01DRH5ANTNRRIEO-ZATO000-GTE-P00015,07/29/26 09:44 PM EDT,$0.58,25
20260730,MLB-TRUNS-IT5-01DRH5ANTNRRIEO-GTE-P00045,07/29/26 09:44 PM EDT,$0.50,61
20260730,MLB-MOVY-IT5-01DRH58PTNRRJ90-BOOX000-GTE-P00005,07/29/26 09:44 PM EDT,$0.55,50
20260730,MLB-WIN-IT5-01DRH5ANTNRRIEO-LALS000,07/29/26 09:45 PM EDT,$0.53,350
20260730,MLB-TRUNS-IT5-01DRH5ANTNRRIEO-GTE-P00045,07/29/26 09:46 PM EDT,$0.52,23
20260730,MLB-TRUNS-I8-01DRH59GTNRRIEG-GTE-P00005,07/29/26 09:46 PM EDT,$0.35,14
20260730,MLB-PHRR-FG-01DRH5ANTNRRIEO-JENA000-GTE-P00025,07/29/26 09:47 PM EDT,$0.53,9
20260730,MLB-PHRR-FG-01DRH5ANTNRRIEO-CHER000-GTE-P00015,07/29/26 09:47 PM EDT,$0.99,5
20260730,MLB-PHRR-FG-01DRH5ANTNRRIEO-ISES000-GTE-P00015,07/29/26 09:47 PM EDT,$0.57,8
20260730,MLB-MOVY-IT5-01DRH58PTNRRJ90-BOOX000-GTE-P00005,07/29/26 09:47 PM EDT,$0.51,9
20260730,MLB-PHRR-FG-01DRH5CMTNRRJNO-SHNI001-GTE-P00025,07/29/26 09:47 PM EDT,$0.50,19
20260730,MLB-TRUNS-IT5-01DRH58PTNRRJ90-GTE-P00055,07/29/26 09:48 PM EDT,$0.55,163
20260730,MLB-TRUNS-IT5-01DRH58PTNRRJ90-GTE-P00055,07/29/26 09:48 PM EDT,$0.55,1111
20260730,MLB-TRUNS-I8-01DRH5DLTNRRJQO-GTE-P00005,07/29/26 09:48 PM EDT,$0.08,85
20260730,NWSL-DWIN-FG-000A28ULI788EFO-DRAW,07/29/26 09:48 PM EDT,$0.24,134
20260730,NWSL-DWIN-FG-000A28ULI788EFO-BACW004,07/29/26 09:49 PM EDT,$0.22,62
20260730,MLB-TRUNS-I7-01DRH5ELTNRRJRO-GTE-P00015,07/29/26 09:49 PM EDT,$0.57,15
20260730,MLB-TRUNS-IT5-01DRH58PTNRRJ90-GTE-P00055,07/29/26 09:49 PM EDT,$0.53,1064
20260730,MLB-TRUNS-IT5-01DRH5CMTNRRJNO-GTE-P00055,07/29/26 09:49 PM EDT,$0.48,25
20260730,MLB-TRUNS-IT5-01DRH58PTNRRJ90-GTE-P00055,07/29/26 09:49 PM EDT,$0.53,1064
20260730,MLB-TRUNS-IT5-01DRH5CMTNRRJNO-GTE-P00055,07/29/26 09:49 PM EDT,$0.50,505
20260730,MLB-PHRR-FG-01DRH5CMTNRRJNO-DANG001-GTE-P00045,07/29/26 09:49 PM EDT,$0.11,41
20260730,MLB-WIN-IT5-01DRH58PTNRRJ90-ATCS000,07/29/26 09:49 PM EDT,$0.45,350
20260730,MLB-TRUNS-IT5-01DRH58PTNRRJ90-GTE-P00055,07/29/26 09:50 PM EDT,$0.53,1078
20260730,MLB-TRUNS-I1-01DRH5CMTNRRJNO-GTE-P00015,07/29/26 09:50 PM EDT,$0.38,10
20260730,MLB-TRUNS-I7-01DRH5ELTNRRJRO-GTE-P00015,07/29/26 09:50 PM EDT,$0.23,48
20260730,MLB-MOVY-IT5-01DRH5CMTNRRJNO-LARS000-GTE-P00005,07/29/26 09:50 PM EDT,$0.51,1
20260730,MLB-WIN-IT5-01DRH58PTNRRJ90-ATCS000,07/29/26 09:50 PM EDT,$0.45,350
20260730,MLB-TRUNS-IT5-01DRH5ANTNRRIEO-GTE-P00055,07/29/26 09:50 PM EDT,$0.44,3
20260730,MLB-TRUNS-IT5-01DRH5ANTNRRIEO-GTE-P00065,07/29/26 09:50 PM EDT,$0.33,3
20260730,MLB-MOVY-IT5-01DRH5ANTNRRIEO-HOOS000-GTE-P00015,07/29/26 09:50 PM EDT,$0.29,350
20260730,MLB-TRUNS-I7-01DRH5ELTNRRJRO-GTE-P00015,07/29/26 09:51 PM EDT,$0.17,442
20260730,NWSL-DWIN-FG-000A28PPI788FO8-WATW003,07/29/26 09:51 PM EDT,$0.38,45
20260730,MLB-TRUNS-IT5-01DRH5CMTNRRJNO-GTE-P00055,07/29/26 09:52 PM EDT,$0.48,10
20260730,MLB-MOVY-IT5-01DRH58PTNRRJ90-BOOX000-GTE-P00005,07/29/26 09:52 PM EDT,$0.48,1006
20260730,MLB-WIN-IT5-01DRH5ANTNRRIEO-HOOS000,07/29/26 09:52 PM EDT,$0.49,9
20260730,MLB-MOVY-IT5-01DRH58PTNRRJ90-BOOX000-GTE-P00005,07/29/26 09:52 PM EDT,$0.47,11
20260730,MLB-TRUNS-I3-01DRH5ANTNRRIEO-GTE-P00005,07/29/26 09:52 PM EDT,$0.57,8
20260730,MLB-WIN-IT5-01DRH58PTNRRJ90-ATCS000,07/29/26 09:53 PM EDT,$0.45,300
20260730,MLB-TRUNS-I3-01DRH5ANTNRRIEO-GTE-P00025,07/29/26 09:54 PM EDT,$0.12,40
20260730,NWSL-DWIN-FG-000A28ULI788EFO-DRAW,07/29/26 09:54 PM EDT,$0.24,19
20260730,NWSL-DWIN-FG-000A28ULI788EFO-BACW004,07/29/26 09:54 PM EDT,$0.22,20
20260730,MLB-TRUNS-IT5-01DRH5CMTNRRJNO-GTE-P00055,07/29/26 09:55 PM EDT,$0.48,9
20260730,MLB-TRUNS-IT5-01DRH5ANTNRRIEO-GTE-P00055,07/29/26 09:55 PM EDT,$0.54,20
20260730,MLB-MOVY-IT5-01DRH5ANTNRRIEO-HOOS000-GTE-P00005,07/29/26 09:55 PM EDT,$0.19,40
20260730,MLB-TRUNS-I1-01DRH58PTNRRJ90-GTE-P00015,07/29/26 09:55 PM EDT,$0.14,2
20260730,MLB-WIN-IT5-01DRH58PTNRRJ90-BOOX000,07/29/26 09:55 PM EDT,$0.48,350
20260730,MLB-MOVY-IT5-01DRH5ANTNRRIEO-LALS000-GTE-P00015,07/29/26 09:55 PM EDT,$0.47,91
20260730,MLB-TRUNS-I3-01DRH5ANTNRRIEO-GTE-P00025,07/29/26 09:55 PM EDT,$0.20,22
20260730,MLB-PHRR-FG-01DRH5ANTNRRIEO-CHER000-GTE-P00015,07/29/26 09:56 PM EDT,$0.46,40
20260730,MLB-TRUNS-I2-01DRH5CMTNRRJNO-GTE-P00005,07/29/26 09:56 PM EDT,$0.49,18
20260730,MLB-TRUNS-I2-01DRH58PTNRRJ90-GTE-P00005,07/29/26 09:56 PM EDT,$0.51,196
20260730,NWSL-DWIN-FG-000A28ULI788EFO-NJCW001,07/29/26 09:56 PM EDT,$0.59,25
20260730,MLB-PHRR-FG-01DRH5CMTNRRJNO-DONE000-GTE-P00015,07/29/26 09:56 PM EDT,$0.51,9
20260730,MLB-TRUNS-I8-01DRH59GTNRRIEG-GTE-P00005,07/29/26 09:56 PM EDT,$0.02,30
20260730,MLB-TRUNS-IT5-01DRH58PTNRRJ90-GTE-P00045,07/29/26 09:57 PM EDT,$0.54,20
20260730,NWSL-DWIN-FG-000A28PPI788FO8-WATW003,07/29/26 09:57 PM EDT,$0.40,50
20260730,MLB-TRUNS-I1-01DRH5CMTNRRJNO-GTE-P00015,07/29/26 09:57 PM EDT,$0.30,76
20260730,MLB-TRUNS-I1-01DRH58PTNRRJ90-GTE-P00005,07/29/26 09:58 PM EDT,$0.19,60
20260730,KBO-TRUNS-FG-00N6J60MPGPBDG0-GTE-P00095,07/29/26 09:58 PM EDT,$0.43,11
20260730,KBO-TRUNS-FG-00N6IK4TPGPBUUG-GTE-P00115,07/29/26 09:58 PM EDT,$0.42,12
20260730,MLB-TRUNS-IT5-01DRH5ANTNRRIEO-GTE-P00065,07/29/26 09:58 PM EDT,$0.56,215
20260730,MLB-TRUNS-I9-01DRH59GTNRRIEG-GTE-P00005,07/29/26 09:58 PM EDT,$0.37,161
20260730,KBO-WIN-FG-00N6IK4TPGPBUUG-SANS000,07/29/26 09:58 PM EDT,$0.58,41
20260730,KBO-TRUNS-FG-00N6J60MPGPBDG0-GTE-P00095,07/29/26 09:58 PM EDT,$0.43,42
20260730,KBO-WIN-FG-00N6J63FPGPBDE8-DORS000,07/29/26 09:58 PM EDT,$0.53,45
20260730,MLB-TRUNS-I3-01DRH5ANTNRRIEO-GTE-P00025,07/29/26 09:59 PM EDT,$0.21,40
20260730,MLB-MOVY-IT5-01DRH5CMTNRRJNO-LARS000-GTE-P00005,07/29/26 10:00 PM EDT,$0.51,94
20260730,MLB-TRUNS-IT5-01DRH5ANTNRRIEO-GTE-P00055,07/29/26 10:00 PM EDT,$0.77,9
20260730,MLB-TRUNS-I1-01DRH58PTNRRJ90-GTE-P00015,07/29/26 10:00 PM EDT,$0.14,68
20260730,MLB-TRUNS-IT5-01DRH5ANTNRRIEO-GTE-P00055,07/29/26 10:00 PM EDT,$0.77,17
20260730,NWSL-DWIN-FG-000A28ULI788EFO-NJCW001,07/29/26 10:00 PM EDT,$0.59,244
20260730,MLB-TRUNS-I3-01DRH5CMTNRRJNO-GTE-P00005,07/29/26 10:01 PM EDT,$0.49,26
20260730,MLB-WIN-IT5-01DRH58PTNRRJ90-BOOX000,07/29/26 10:01 PM EDT,$0.49,1495
20260730,MLB-TRUNS-I8-01DRH5CMTNRRJNO-GTE-P00005,07/29/26 10:01 PM EDT,$0.43,26
20260730,MLB-MOVY-IT5-01DRH5ANTNRRIEO-LALS000-GTE-P00025,07/29/26 10:02 PM EDT,$0.62,350
20260730,MLB-TRUNS-I9-01DRH59GTNRRIEG-GTE-P00015,07/29/26 10:02 PM EDT,$0.13,12
20260730,NWSL-DWIN-FG-000A28ULI788EFO-NJCW001,07/29/26 10:02 PM EDT,$0.60,63
20260730,MLB-TRUNS-IT5-01DRH58PTNRRJ90-GTE-P00065,07/29/26 10:02 PM EDT,$0.34,350
20260730,MLB-TRUNS-I4-01DRH58PTNRRJ90-GTE-P00005,07/29/26 10:02 PM EDT,$0.52,10
20260730,MLB-TRUNS-IT5-01DRH5ANTNRRIEO-GTE-P00075,07/29/26 10:02 PM EDT,$0.60,3
20260730,MLB-TRUNS-IT5-01DRH58PTNRRJ90-GTE-P00065,07/29/26 10:03 PM EDT,$0.34,350
20260730,MLB-TRUNS-IT5-01DRH5ANTNRRIEO-GTE-P00065,07/29/26 10:03 PM EDT,$0.57,28
20260730,MLB-TRUNS-IT5-01DRH5CMTNRRJNO-GTE-P00055,07/29/26 10:04 PM EDT,$0.50,96
20260730,MLB-WIN-IT5-01DRH58PTNRRJ90-BOOX000,07/29/26 10:04 PM EDT,$0.50,167
20260730,MLB-TRUNS-IT5-01DRH5CMTNRRJNO-GTE-P00055,07/29/26 10:04 PM EDT,$0.48,648
20260730,MLB-WIN-IT5-01DRH5CMTNRRJNO-LARS000,07/29/26 10:04 PM EDT,$0.59,163
20260730,MLB-PHRR-FG-01DRH5ANTNRRIEO-JOWE000-GTE-P00015,07/29/26 10:04 PM EDT,$0.49,41
20260730,MLB-TRUNS-I8-01DRH5ELTNRRJRO-GTE-P00005,07/29/26 10:04 PM EDT,$0.30,76
20260730,MLB-TRUNS-I3-01DRH5ANTNRRIEO-GTE-P00005,07/29/26 10:05 PM EDT,$0.57,42
20260730,MLB-TRUNS-I2-01DRH58PTNRRJ90-GTE-P00005,07/29/26 10:05 PM EDT,$0.51,9
20260730,MLB-PHRR-FG-01DRH5CMTNRRJNO-KYER000-GTE-P00015,07/29/26 10:05 PM EDT,$0.50,20
20260730,MLB-PHRR-FG-01DRH5CMTNRRJNO-SHNI001-GTE-P00045,07/29/26 10:06 PM EDT,$0.23,160
20260730,MLB-TRUNS-IT5-01DRH5CMTNRRJNO-GTE-P00055,07/29/26 10:06 PM EDT,$0.50,91
20260730,MLB-TRUNS-IT5-01DRH5CMTNRRJNO-GTE-P00055,07/29/26 10:06 PM EDT,$0.50,1
20260730,MLB-TRUNS-I9-01DRH59GTNRRIEG-GTE-P00005,07/29/26 10:06 PM EDT,$0.34,45
20260730,MLB-TRUNS-IT5-01DRH58PTNRRJ90-GTE-P00045,07/29/26 10:06 PM EDT,$0.49,68
20260730,MLB-TRUNS-I9-01DRH59GTNRRIEG-GTE-P00005,07/29/26 10:06 PM EDT,$0.42,2
20260730,MLB-TRUNS-IT5-01DRH5CMTNRRJNO-GTE-P00055,07/29/26 10:07 PM EDT,$0.48,37
20260730,MLB-MOVY-IT5-01DRH5ANTNRRIEO-LALS000-GTE-P00025,07/29/26 10:07 PM EDT,$0.41,66
20260730,MLB-TRUNS-IT5-01DRH58PTNRRJ90-GTE-P00045,07/29/26 10:07 PM EDT,$0.48,10
20260730,MLB-TRUNS-I2-01DRH58PTNRRJ90-GTE-P00005,07/29/26 10:07 PM EDT,$0.47,90
20260730,MLB-WIN-IT5-01DRH5ANTNRRIEO-LALS000,07/29/26 10:07 PM EDT,$0.79,350
20260730,MLB-TRUNS-IT5-01DRH5ANTNRRIEO-GTE-P00085,07/29/26 10:07 PM EDT,$0.35,3
20260730,MLB-PHRR-FG-01DRH5CMTNRRJNO-RANA000-GTE-P00015,07/29/26 10:07 PM EDT,$0.53,83
20260730,MLB-WIN-IT5-01DRH5ANTNRRIEO-LALS000,07/29/26 10:08 PM EDT,$0.79,350
20260730,MLB-MOVY-IT5-01DRH5CMTNRRJNO-LARS000-GTE-P00005,07/29/26 10:08 PM EDT,$0.51,15
20260730,MLB-TRUNS-I9-01DRH59GTNRRIEG-GTE-P00005,07/29/26 10:08 PM EDT,$0.23,19
20260730,MLB-WIN-IT5-01DRH58PTNRRJ90-BOOX000,07/29/26 10:08 PM EDT,$0.54,178
20260730,MLB-TRUNS-IT5-01DRH58PTNRRJ90-GTE-P00045,07/29/26 10:08 PM EDT,$0.46,12
20260730,MLB-TRUNS-IT5-01DRH5CMTNRRJNO-GTE-P00055,07/29/26 10:08 PM EDT,$0.48,1
20260730,MLB-TRUNS-IT5-01DRH5CMTNRRJNO-GTE-P00055,07/29/26 10:08 PM EDT,$0.48,10
20260730,MLB-TRUNS-I2-01DRH58PTNRRJ90-GTE-P00005,07/29/26 10:09 PM EDT,$0.37,30
20260730,MLB-PHRR-FG-01DRH5CMTNRRJNO-SHNI001-GTE-P00025,07/29/26 10:09 PM EDT,$0.50,177
20260730,MLB-TRUNS-IT5-01DRH5ANTNRRIEO-GTE-P00065,07/29/26 10:09 PM EDT,$0.63,500
20260730,MLB-WIN-IT5-01DRH5CMTNRRJNO-SERS000,07/29/26 10:09 PM EDT,$0.43,33
20260730,MLB-TRUNS-I2-01DRH58PTNRRJ90-GTE-P00005,07/29/26 10:09 PM EDT,$0.38,43
20260730,MLB-TRUNS-IT5-01DRH58PTNRRJ90-GTE-P00045,07/29/26 10:10 PM EDT,$0.50,245
20260730,MLB-TRUNS-I3-01DRH5ANTNRRIEO-GTE-P00005,07/29/26 10:10 PM EDT,$0.49,4
20260730,MLB-TRUNS-IT5-01DRH58PTNRRJ90-GTE-P00045,07/29/26 10:10 PM EDT,$0.48,42
20260730,MLB-WIN-IT5-01DRH5CMTNRRJNO-LARS000,07/29/26 10:11 PM EDT,$0.59,45
20260730,MLB-WIN-IT5-01DRH5ANTNRRIEO-LALS000,07/29/26 10:11 PM EDT,$0.82,31
20260730,MLB-TRUNS-IT5-01DRH58PTNRRJ90-GTE-P00045,07/29/26 10:11 PM EDT,$0.46,122
20260730,MLB-TRUNS-I8-01DRH5ELTNRRJRO-GTE-P00035,07/29/26 10:11 PM EDT,$0.14,33
20260730,MLB-WIN-IT5-01DRH5CMTNRRJNO-LARS000,07/29/26 10:11 PM EDT,$0.60,10
20260730,MLB-TRUNS-IT5-01DRH58PTNRRJ90-GTE-P00045,07/29/26 10:11 PM EDT,$0.46,89
20260730,MLB-PHRR-FG-01DRH5CMTNRRJNO-FRAN000-GTE-P00015,07/29/26 10:12 PM EDT,$0.64,24
20260730,MLB-WIN-IT5-01DRH5ANTNRRIEO-HOOS000,07/29/26 10:12 PM EDT,$0.21,126
20260730,MLB-MOVY-IT5-01DRH5ANTNRRIEO-LALS000-GTE-P00025,07/29/26 10:12 PM EDT,$0.45,263
20260730,MLB-PHRR-FG-01DRH5CMTNRRJNO-RANA000-GTE-P00025,07/29/26 10:12 PM EDT,$0.44,20
20260730,MLB-WIN-IT5-01DRH5CMTNRRJNO-SERS000,07/29/26 10:12 PM EDT,$0.42,22
20260730,MLB-MOVY-IT5-01DRH5ANTNRRIEO-LALS000-GTE-P00025,07/29/26 10:12 PM EDT,$0.48,263
20260730,MLB-PHRR-FG-01DRH5ELTNRRJRO-ANDI000-GTE-P00025,07/29/26 10:13 PM EDT,$0.10,300
20260730,MLB-WIN-IT5-01DRH58PTNRRJ90-BOOX000,07/29/26 10:13 PM EDT,$0.53,21
20260730,MLB-PHRR-FG-01DRH5ANTNRRIEO-VAOM000-GTE-P00065,07/29/26 10:13 PM EDT,$0.29,8
20260730,MLB-TRUNS-I1-01DRH5CMTNRRJNO-GTE-P00015,07/29/26 10:13 PM EDT,$0.23,117
20260730,MLB-PHRR-FG-01DRH5CMTNRRJNO-DONE000-GTE-P00015,07/29/26 10:13 PM EDT,$0.54,44
20260730,MLB-PHRR-FG-01DRH5ELTNRRJRO-ANDI000-GTE-P00025,07/29/26 10:13 PM EDT,$0.03,300
20260730,MLB-WIN-IT5-01DRH5ANTNRRIEO-LALS000,07/29/26 10:13 PM EDT,$0.84,350
20260730,MLB-WIN-IT5-01DRH5ANTNRRIEO-LALS000,07/29/26 10:14 PM EDT,$0.84,8
20260730,MLB-PHRR-FG-01DRH5ELTNRRJRO-ANDI000-GTE-P00005,07/29/26 10:14 PM EDT,$0.98,151
20260730,MLB-WIN-IT5-01DRH5CMTNRRJNO-LARS000,07/29/26 10:14 PM EDT,$0.59,12
20260730,MLB-TRUNS-I2-01DRH58PTNRRJ90-GTE-P00005,07/29/26 10:14 PM EDT,$0.27,66
20260730,MLB-TRUNS-I1-01DRH5CMTNRRJNO-GTE-P00005,07/29/26 10:14 PM EDT,$0.53,20
20260730,MLB-PHRR-FG-01DRH5ANTNRRIEO-MIUT000-GTE-P00015,07/29/26 10:14 PM EDT,$0.98,136
20260730,MLB-MOVY-IT5-01DRH5CMTNRRJNO-LARS000-GTE-P00005,07/29/26 10:14 PM EDT,$0.51,38
20260730,MLB-TRUNS-I1-01DRH5CMTNRRJNO-GTE-P00005,07/29/26 10:14 PM EDT,$0.54,104
20260730,MLB-TRUNS-IT5-01DRH5CMTNRRJNO-GTE-P00055,07/29/26 10:14 PM EDT,$0.48,4
20260730,MLB-WIN-IT5-01DRH5CMTNRRJNO-SERS000,07/29/26 10:15 PM EDT,$0.43,11
20260730,MLB-TRUNS-IT5-01DRH5CMTNRRJNO-GTE-P00055,07/29/26 10:15 PM EDT,$0.47,2
20260730,MLB-TRUNS-I2-01DRH58PTNRRJ90-GTE-P00005,07/29/26 10:15 PM EDT,$0.27,60
20260730,MLB-TRUNS-IT5-01DRH5CMTNRRJNO-GTE-P00055,07/29/26 10:15 PM EDT,$0.46,83
20260730,MLB-WIN-IT5-01DRH5CMTNRRJNO-SERS000,07/29/26 10:15 PM EDT,$0.38,10
20260730,MLB-MOVY-IT5-01DRH5ANTNRRIEO-LALS000-GTE-P00025,07/29/26 10:15 PM EDT,$0.48,10
20260730,KBO-TRUNS-FG-00N6IK4TPGPBUUG-GTE-P00115,07/29/26 10:15 PM EDT,$0.41,1639
20260730,MLB-TRUNS-IT5-01DRH5ANTNRRIEO-GTE-P00065,07/29/26 10:15 PM EDT,$0.64,350
20260730,MLB-TRUNS-IT5-01DRH5ANTNRRIEO-GTE-P00065,07/29/26 10:16 PM EDT,$0.64,350
20260730,MLB-PHRR-FG-01DRH5CMTNRRJNO-SHNI001-GTE-P00055,07/29/26 10:16 PM EDT,$0.16,17
20260730,MLB-WIN-IT5-01DRH5CMTNRRJNO-LARS000,07/29/26 10:16 PM EDT,$0.60,519
20260730,MLB-TRUNS-IT5-01DRH5CMTNRRJNO-GTE-P00055,07/29/26 10:16 PM EDT,$0.43,81
20260730,MLB-TRUNS-IT5-01DRH5CMTNRRJNO-GTE-P00055,07/29/26 10:16 PM EDT,$0.46,65
20260730,MLB-TRUNS-IT5-01DRH5CMTNRRJNO-GTE-P00055,07/29/26 10:16 PM EDT,$0.46,350
20260730,MLB-TRUNS-IT5-01DRH5CMTNRRJNO-GTE-P00055,07/29/26 10:16 PM EDT,$0.46,7
20260730,MLB-WIN-IT5-01DRH5ANTNRRIEO-LALS000,07/29/26 10:16 PM EDT,$0.84,350
20260730,MLB-TRUNS-IT5-01DRH5CMTNRRJNO-GTE-P00055,07/29/26 10:17 PM EDT,$0.43,40
20260730,MLB-PHRR-FG-01DRH59GTNRRIEG-IVRA000-GTE-P00025,07/29/26 10:17 PM EDT,$0.23,4
20260730,MLB-WIN-IT5-01DRH58PTNRRJ90-ATCS000,07/29/26 10:17 PM EDT,$0.70,350
20260730,MLB-WIN-IT5-01DRH58PTNRRJ90-ATCS000,07/29/26 10:17 PM EDT,$0.70,350
20260730,MLB-WIN-IT5-01DRH5ANTNRRIEO-LALS000,07/29/26 10:18 PM EDT,$0.86,350
20260730,NWSL-DWIN-FG-000A28ULI788EFO-BACW004,07/29/26 10:18 PM EDT,$0.09,200
20260730,MLB-TRUNS-I1-01DRH5CMTNRRJNO-GTE-P00005,07/29/26 10:18 PM EDT,$0.41,377
20260730,MLB-PHRR-FG-01DRH59GTNRRIEG-MICH001-GTE-P00005,07/29/26 10:18 PM EDT,$0.30,3
20260730,MLB-MOVY-IT5-01DRH5ANTNRRIEO-LALS000-GTE-P00025,07/29/26 10:18 PM EDT,$0.48,93
20260730,MLB-MOVY-IT5-01DRH5CMTNRRJNO-LARS000-GTE-P00005,07/29/26 10:18 PM EDT,$0.52,36
20260730,NWSL-DWIN-FG-000A28ULI788EFO-DRAW,07/29/26 10:19 PM EDT,$0.18,12
20260730,MLB-PHRR-FG-01DRH59GTNRRIEG-PENG000-GTE-P00005,07/29/26 10:19 PM EDT,$0.36,45
20260730,MLB-TRUNS-IT5-01DRH5CMTNRRJNO-GTE-P00055,07/29/26 10:19 PM EDT,$0.47,55
20260730,MLB-TRUNS-I1-01DRH5CMTNRRJNO-GTE-P00005,07/29/26 10:19 PM EDT,$0.58,5
20260730,NWSL-DWIN-FG-000A28ULI788EFO-NJCW001,07/29/26 10:19 PM EDT,$0.80,160
20260730,MLB-MOVY-IT5-01DRH5ANTNRRIEO-LALS000-GTE-P00025,07/29/26 10:19 PM EDT,$0.42,44
20260730,MLB-PHRR-FG-01DRH5CMTNRRJNO-SHNI001-GTE-P00055,07/29/26 10:19 PM EDT,$0.16,29
20260730,MLB-TRUNS-I3-01DRH58PTNRRJ90-GTE-P00005,07/29/26 10:20 PM EDT,$0.51,50
20260730,MLB-MOVY-IT5-01DRH58PTNRRJ90-ATCS000-GTE-P00015,07/29/26 10:20 PM EDT,$0.44,408
20260730,NWSL-DWIN-FG-000A28ULI788EFO-NJCW001,07/29/26 10:20 PM EDT,$0.79,350
20260730,NWSL-DWIN-FG-000A28ULI788EFO-NJCW001,07/29/26 10:20 PM EDT,$0.79,350
20260730,NWSL-DWIN-FG-000A28ULI788EFO-NJCW001,07/29/26 10:20 PM EDT,$0.79,350
20260730,NWSL-DWIN-FG-000A28ULI788EFO-NJCW001,07/29/26 10:20 PM EDT,$0.79,350
20260730,NWSL-DWIN-FG-000A28ULI788EFO-NJCW001,07/29/26 10:20 PM EDT,$0.79,100
20260730,NWSL-DWIN-FG-000A28ULI788EFO-BACW004,07/29/26 10:20 PM EDT,$0.10,350
20260730,NWSL-DWIN-FG-000A28ULI788EFO-BACW004,07/29/26 10:20 PM EDT,$0.10,67
20260730,MLB-MOVY-IT5-01DRH5CMTNRRJNO-LARS000-GTE-P00005,07/29/26 10:20 PM EDT,$0.48,348
20260730,NWSL-DWIN-FG-000A28ULI788EFO-BACW004,07/29/26 10:20 PM EDT,$0.24,19
20260730,NWSL-DWIN-FG-000A28ULI788EFO-DRAW,07/29/26 10:21 PM EDT,$0.23,19
20260730,MLB-MOVY-IT5-01DRH5CMTNRRJNO-LARS000-GTE-P00005,07/29/26 10:21 PM EDT,$0.49,94
20260730,NWSL-DWIN-FG-000A28ULI788EFO-NJCW001,07/29/26 10:21 PM EDT,$0.61,15
20260730,MLB-PHRR-FG-01DRH5CMTNRRJNO-SHNI001-GTE-P00025,07/29/26 10:21 PM EDT,$0.58,8
20260730,KBO-WIN-FG-00N6IK6LPGPBURG-HAES000,07/29/26 10:21 PM EDT,$0.57,8
20260730,MLB-WIN-IT5-01DRH5CMTNRRJNO-SERS000,07/29/26 10:21 PM EDT,$0.42,227
20260730,MLB-TRUNS-IT5-01DRH5ANTNRRIEO-GTE-P00065,07/29/26 10:21 PM EDT,$0.51,2
20260730,KBO-WIN-FG-00N6IK4TPGPBUUG-SANS000,07/29/26 10:21 PM EDT,$0.60,8
20260730,KBO-WIN-FG-00N6J63FPGPBDE8-DORS000,07/29/26 10:21 PM EDT,$0.55,8
20260730,KBO-WIN-FG-00N6J60MPGPBDG0-KIES000,07/29/26 10:21 PM EDT,$0.41,23
20260730,MLB-MOVY-IT5-01DRH58PTNRRJ90-ATCS000-GTE-P00005,07/29/26 10:22 PM EDT,$0.55,38
20260730,MLB-TRUNS-IT5-01DRH58PTNRRJ90-GTE-P00045,07/29/26 10:23 PM EDT,$0.47,5
20260730,MLB-MOVY-IT5-01DRH58PTNRRJ90-ATCS000-GTE-P00015,07/29/26 10:23 PM EDT,$0.42,408
20260730,MLB-TRUNS-IT5-01DRH5ANTNRRIEO-GTE-P00065,07/29/26 10:23 PM EDT,$0.55,19
20260730,MLB-WIN-IT5-01DRH5CMTNRRJNO-LARS000,07/29/26 10:23 PM EDT,$0.60,350
20260730,MLB-WIN-IT5-01DRH58PTNRRJ90-BOOX000,07/29/26 10:23 PM EDT,$0.34,22
20260730,MLB-WIN-IT5-01DRH5CMTNRRJNO-LARS000,07/29/26 10:23 PM EDT,$0.60,350
20260730,MLB-MOVY-IT5-01DRH58PTNRRJ90-ATCS000-GTE-P00005,07/29/26 10:23 PM EDT,$0.54,14
20260730,MLB-WIN-IT5-01DRH5CMTNRRJNO-LARS000,07/29/26 10:23 PM EDT,$0.60,350
20260730,MLB-WIN-IT5-01DRH5CMTNRRJNO-LARS000,07/29/26 10:23 PM EDT,$0.60,350
20260730,MLB-WIN-IT5-01DRH5CMTNRRJNO-LARS000,07/29/26 10:24 PM EDT,$0.60,350
20260730,MLB-MOVY-IT5-01DRH5CMTNRRJNO-LARS000-GTE-P00015,07/29/26 10:24 PM EDT,$0.46,83
20260730,MLB-TRUNS-IT5-01DRH5CMTNRRJNO-GTE-P00045,07/29/26 10:24 PM EDT,$0.52,200
20260730,MLB-PHRR-FG-01DRH5ANTNRRIEO-JENA000-GTE-P00085,07/29/26 10:24 PM EDT,$0.06,1
20260730,MLB-WIN-IT5-01DRH5CMTNRRJNO-LARS000,07/29/26 10:24 PM EDT,$0.60,221
20260730,MLB-TRUNS-I3-01DRH58PTNRRJ90-GTE-P00005,07/29/26 10:24 PM EDT,$0.53,40
20260730,MLB-TRUNS-IT5-01DRH58PTNRRJ90-GTE-P00045,07/29/26 10:24 PM EDT,$0.47,820
20260730,NWSL-DWIN-FG-000A28ULI788EFO-BACW004,07/29/26 10:24 PM EDT,$0.14,58
20260730,MLB-MOVY-IT5-01DRH5CMTNRRJNO-LARS000-GTE-P00015,07/29/26 10:25 PM EDT,$0.46,15
20260730,MLB-TRUNS-IT5-01DRH58PTNRRJ90-GTE-P00045,07/29/26 10:25 PM EDT,$0.49,94
20260730,MLB-PHRR-FG-01DRH5ANTNRRIEO-JENA000-GTE-P00055,07/29/26 10:25 PM EDT,$0.24,2
20260730,NWSL-DWIN-FG-000A28ULI788EFO-BACW004,07/29/26 10:25 PM EDT,$0.12,369
20260730,MLB-PHRR-FG-01DRH5CMTNRRJNO-CAGH000-GTE-P00015,07/29/26 10:25 PM EDT,$0.49,10
20260730,KBO-WIN-FG-00N6IK4TPGPBUUG-SANS000,07/29/26 10:25 PM EDT,$0.60,32
20260730,MLB-WIN-IT5-01DRH58PTNRRJ90-ATCS000,07/29/26 10:25 PM EDT,$0.68,350
20260730,NWSL-DWIN-FG-000A28ULI788EFO-BACW004,07/29/26 10:26 PM EDT,$0.10,45
20260730,MLB-WIN-IT5-01DRH58PTNRRJ90-ATCS000,07/29/26 10:26 PM EDT,$0.67,350
20260730,MLB-WIN-IT5-01DRH58PTNRRJ90-ATCS000,07/29/26 10:26 PM EDT,$0.67,350
20260730,NWSL-DWIN-FG-000A28ULI788EFO-DRAW,07/29/26 10:26 PM EDT,$0.15,64
20260730,NWSL-DWIN-FG-000A28ULI788EFO-NJCW001,07/29/26 10:26 PM EDT,$0.78,350
20260730,NWSL-DWIN-FG-000A28ULI788EFO-NJCW001,07/29/26 10:26 PM EDT,$0.78,34
20260730,NWSL-DWIN-FG-000A28ULI788EFO-DRAW,07/29/26 10:26 PM EDT,$0.15,256
20260730,MLB-TRUNS-IT5-01DRH5CMTNRRJNO-GTE-P00045,07/29/26 10:26 PM EDT,$0.51,37
20260730,MLB-TRUNS-IT5-01DRH58PTNRRJ90-GTE-P00045,07/29/26 10:27 PM EDT,$0.45,257
20260730,NWSL-DWIN-FG-000A28ULI788EFO-DRAW,07/29/26 10:27 PM EDT,$0.16,2
20260730,MLB-TRUNS-IT5-01DRH5CMTNRRJNO-GTE-P00045,07/29/26 10:27 PM EDT,$0.51,18
20260730,MLB-MOVY-IT5-01DRH5ANTNRRIEO-HOOS000-GTE-P00015,07/29/26 10:27 PM EDT,$0.11,350
20260730,MLB-TRUNS-IT5-01DRH5ANTNRRIEO-GTE-P00065,07/29/26 10:27 PM EDT,$0.68,19
20260730,MLB-TRUNS-IT5-01DRH5CMTNRRJNO-GTE-P00045,07/29/26 10:28 PM EDT,$0.50,181
20260730,MLB-TRUNS-IT5-01DRH5CMTNRRJNO-GTE-P00045,07/29/26 10:28 PM EDT,$0.47,45
20260730,MLB-TRUNS-IT5-01DRH58PTNRRJ90-GTE-P00045,07/29/26 10:28 PM EDT,$0.45,17
20260730,MLB-TRUNS-IT5-01DRH58PTNRRJ90-GTE-P00045,07/29/26 10:29 PM EDT,$0.45,140
20260730,MLB-TRUNS-IT5-01DRH5ANTNRRIEO-GTE-P00065,07/29/26 10:29 PM EDT,$0.64,25
20260730,MLB-WIN-IT5-01DRH5CMTNRRJNO-LARS000,07/29/26 10:30 PM EDT,$0.76,350
20260730,MLB-TRUNS-IT5-01DRH5ANTNRRIEO-GTE-P00065,07/29/26 10:30 PM EDT,$0.64,13
20260730,MLB-TRUNS-IT5-01DRH5ANTNRRIEO-GTE-P00065,07/29/26 10:30 PM EDT,$0.67,14
20260730,MLB-TRUNS-IT5-01DRH5ANTNRRIEO-GTE-P00065,07/29/26 10:30 PM EDT,$0.65,5
20260730,NWSL-DWIN-FG-000A28ULI788EFO-BACW004,07/29/26 10:30 PM EDT,$0.12,15
20260730,NWSL-DWIN-FG-000A28ULI788EFO-DRAW,07/29/26 10:31 PM EDT,$0.18,52
20260730,NWSL-DWIN-FG-000A28ULI788EFO-BACW004,07/29/26 10:31 PM EDT,$0.12,115
20260730,MLB-PHRR-FG-01DRH59GTNRRIEG-JOER005-GTE-P00015,07/29/26 10:31 PM EDT,$0.32,43
20260730,MLB-WIN-IT5-01DRH5ANTNRRIEO-LALS000,07/29/26 10:31 PM EDT,$0.63,31
20260730,MLB-WIN-IT5-01DRH5ANTNRRIEO-HOOS000,07/29/26 10:31 PM EDT,$0.38,25
20260730,NWSL-DWIN-FG-000A28ULI788EFO-DRAW,07/29/26 10:32 PM EDT,$0.17,12
20260730,KBO-WIN-FG-00N6IK4TPGPBUUG-SANS000,07/29/26 10:32 PM EDT,$0.60,8
20260730,MLB-PHRR-FG-01DRH5ELTNRRJRO-RYON000-GTE-P00015,07/29/26 10:33 PM EDT,$0.14,4
20260730,KBO-WIN-FG-00N6J63FPGPBDE8-DORS000,07/29/26 10:33 PM EDT,$0.56,8
20260730,MLB-MOVY-IT5-01DRH5ANTNRRIEO-LALS000-GTE-P00025,07/29/26 10:33 PM EDT,$0.25,350
20260730,KBO-WIN-FG-00N6IK4TPGPBUUG-SANS000,07/29/26 10:33 PM EDT,$0.60,8
20260730,NWSL-DWIN-FG-000A28ULI788EFO-BACW004,07/29/26 10:33 PM EDT,$0.13,71
20260730,MLB-PHRR-FG-01DRH5ELTNRRJRO-ANDI000-GTE-P00025,07/29/26 10:33 PM EDT,$0.13,5
20260730,KBO-WIN-FG-00N6IK4TPGPBUUG-SANS000,07/29/26 10:33 PM EDT,$0.60,8
20260730,MLB-TRUNS-I4-01DRH58PTNRRJ90-GTE-P00005,07/29/26 10:33 PM EDT,$0.51,9
20260730,NWSL-DWIN-FG-000A28ULI788EFO-DRAW,07/29/26 10:33 PM EDT,$0.17,263
20260730,MLB-WIN-IT5-01DRH5CMTNRRJNO-LARS000,07/29/26 10:34 PM EDT,$0.75,12
20260730,MLB-PHRR-FG-01DRH59GTNRRIEG-IVRA000-GTE-P00025,07/29/26 10:34 PM EDT,$0.30,241
20260730,MLB-PHRR-FG-01DRH59GTNRRIEG-JOER005-GTE-P00025,07/29/26 10:34 PM EDT,$0.85,500
20260730,NWSL-DWIN-FG-000A28ULI788EFO-DRAW,07/29/26 10:35 PM EDT,$0.19,50
20260730,MLB-MOVY-IT5-01DRH5ANTNRRIEO-LALS000-GTE-P00015,07/29/26 10:35 PM EDT,$0.41,31
20260730,MLB-PHRR-FG-01DRH5CMTNRRJNO-COON004-GTE-P00005,07/29/26 10:35 PM EDT,$0.63,7
20260730,MLB-TRUNS-I3-01DRH58PTNRRJ90-GTE-P00005,07/29/26 10:35 PM EDT,$0.27,80
20260730,NWSL-DWIN-FG-000A28ULI788EFO-BACW004,07/29/26 10:35 PM EDT,$0.11,83
20260730,NWSL-DWIN-FG-000A28ULI788EFO-DRAW,07/29/26 10:36 PM EDT,$0.19,25
20260730,NWSL-DWIN-FG-000A28ULI788EFO-BACW004,07/29/26 10:36 PM EDT,$0.11,25
20260730,NWSL-DWIN-FG-000A28ULI788EFO-BACW004,07/29/26 10:36 PM EDT,$0.11,41
20260730,NWSL-DWIN-FG-000A28ULI788EFO-DRAW,07/29/26 10:36 PM EDT,$0.16,322
20260730,MLB-TRUNS-IT5-01DRH58PTNRRJ90-GTE-P00035,07/29/26 10:36 PM EDT,$0.48,27
20260730,MLB-TRUNS-IT5-01DRH58PTNRRJ90-GTE-P00035,07/29/26 10:36 PM EDT,$0.48,18
20260730,MLB-TRUNS-IT5-01DRH5ANTNRRIEO-GTE-P00065,07/29/26 10:37 PM EDT,$0.55,15
20260730,MLB-TRUNS-I2-01DRH5CMTNRRJNO-GTE-P00005,07/29/26 10:37 PM EDT,$0.49,47
20260730,NWSL-DWIN-FG-000A28ULI788EFO-NJCW001,07/29/26 10:37 PM EDT,$0.76,51
20260730,MLB-MOVY-IT5-01DRH5CMTNRRJNO-LARS000-GTE-P00015,07/29/26 10:37 PM EDT,$0.50,1
20260730,MLB-MOVY-IT5-01DRH5CMTNRRJNO-LARS000-GTE-P00015,07/29/26 10:37 PM EDT,$0.48,185
20260730,MLB-WIN-IT5-01DRH58PTNRRJ90-ATCS000,07/29/26 10:37 PM EDT,$0.77,350
20260730,MLB-WIN-IT5-01DRH58PTNRRJ90-ATCS000,07/29/26 10:37 PM EDT,$0.77,350
20260730,MLB-MOVY-IT5-01DRH5ANTNRRIEO-LALS000-GTE-P00015,07/29/26 10:38 PM EDT,$0.37,31
20260730,MLB-TRUNS-IT5-01DRH5ANTNRRIEO-GTE-P00065,07/29/26 10:38 PM EDT,$0.56,13
20260730,MLB-TRUNS-I3-01DRH5CMTNRRJNO-GTE-P00005,07/29/26 10:38 PM EDT,$0.50,27
20260730,MLB-TRUNS-I2-01DRH5CMTNRRJNO-GTE-P00005,07/29/26 10:38 PM EDT,$0.48,35
20260730,MLB-TRUNS-IT5-01DRH5ANTNRRIEO-GTE-P00065,07/29/26 10:38 PM EDT,$0.55,722
20260730,MLB-MOVY-IT5-01DRH58PTNRRJ90-ATCS000-GTE-P00015,07/29/26 10:38 PM EDT,$0.38,79
20260730,MLB-WIN-IT5-01DRH58PTNRRJ90-BOOX000,07/29/26 10:38 PM EDT,$0.24,18
20260730,NWSL-DWIN-FG-000A28ULI788EFO-DRAW,07/29/26 10:38 PM EDT,$0.16,12
20260730,MLB-WIN-IT5-01DRH5ANTNRRIEO-HOOS000,07/29/26 10:39 PM EDT,$0.25,18
20260730,MLB-TRUNS-IT5-01DRH5ANTNRRIEO-GTE-P00065,07/29/26 10:39 PM EDT,$0.53,100
20260730,NWSL-DWIN-FG-000A28ULI788EFO-BACW004,07/29/26 10:39 PM EDT,$0.11,166
20260730,MLB-WIN-IT5-01DRH58PTNRRJ90-ATCS000,07/29/26 10:40 PM EDT,$0.74,350
20260730,MLB-MOVY-IT5-01DRH5ANTNRRIEO-LALS000-GTE-P00015,07/29/26 10:40 PM EDT,$0.36,28
20260730,MLB-TRUNS-I9-01DRH58PTNRRJ90-GTE-P00035,07/29/26 10:40 PM EDT,$0.09,10
20260730,MLB-TRUNS-IT5-01DRH5CMTNRRJNO-GTE-P00045,07/29/26 10:40 PM EDT,$0.54,23
20260730,MLB-TRUNS-IT5-01DRH5CMTNRRJNO-GTE-P00045,07/29/26 10:40 PM EDT,$0.54,18
20260730,MLB-TRUNS-IT5-01DRH5CMTNRRJNO-GTE-P00045,07/29/26 10:40 PM EDT,$0.54,10
20260730,MLB-TRUNS-IT5-01DRH58PTNRRJ90-GTE-P00035,07/29/26 10:40 PM EDT,$0.37,15
20260730,KBO-TRUNS-FG-00N6IK6LPGPBURG-GTE-P00115,07/29/26 10:40 PM EDT,$0.38,625
20260730,MLB-TRUNS-I4-01DRH58PTNRRJ90-GTE-P00005,07/29/26 10:41 PM EDT,$0.52,72
20260730,MLB-TRUNS-IT5-01DRH5CMTNRRJNO-GTE-P00045,07/29/26 10:41 PM EDT,$0.51,7
20260730,MLB-TRUNS-IT5-01DRH5ANTNRRIEO-GTE-P00065,07/29/26 10:41 PM EDT,$0.54,89
20260730,MLB-TRUNS-I1-03VQO66O4OOAO5O-GTE-P00035,07/29/26 10:41 PM EDT,$0.10,136
20260730,MLB-TRUNS-I4-01DRH58PTNRRJ90-GTE-P00005,07/29/26 10:41 PM EDT,$0.52,2
20260730,MLB-TRUNS-IT5-01DRH5CMTNRRJNO-GTE-P00045,07/29/26 10:41 PM EDT,$0.52,4
20260730,MLB-TRUNS-IT5-01DRH5CMTNRRJNO-GTE-P00045,07/29/26 10:42 PM EDT,$0.48,120
20260730,MLB-TRUNS-IT5-01DRH5ANTNRRIEO-GTE-P00065,07/29/26 10:42 PM EDT,$0.51,2
20260730,MLB-TRUNS-I4-01DRH5ANTNRRIEO-GTE-P00005,07/29/26 10:43 PM EDT,$0.47,43
20260730,MLB-WIN-IT5-01DRH5ANTNRRIEO-HOOS000,07/29/26 10:43 PM EDT,$0.26,450
20260730,NWSL-DWIN-FG-000A28ULI788EFO-BACW004,07/29/26 10:43 PM EDT,$0.11,125
20260730,MLB-TRUNS-IT5-01DRH58PTNRRJ90-GTE-P00035,07/29/26 10:43 PM EDT,$0.45,17
20260730,NWSL-DWIN-FG-000A28ULI788EFO-DRAW,07/29/26 10:43 PM EDT,$0.19,75
20260730,MLB-WIN-IT5-01DRH58PTNRRJ90-BOOX000,07/29/26 10:43 PM EDT,$0.39,350
20260730,MLB-TRUNS-IT5-01DRH58PTNRRJ90-GTE-P00055,07/29/26 10:44 PM EDT,$0.18,30
20260730,MLB-MOVY-IT5-01DRH58PTNRRJ90-ATCS000-GTE-P00005,07/29/26 10:44 PM EDT,$0.59,18
20260730,MLB-WIN-IT5-01DRH5ANTNRRIEO-HOOS000,07/29/26 10:44 PM EDT,$0.19,48
20260730,MLB-TRUNS-IT5-01DRH5CMTNRRJNO-GTE-P00045,07/29/26 10:44 PM EDT,$0.48,650
20260730,MLB-MOVY-IT5-01DRH58PTNRRJ90-ATCS000-GTE-P00005,07/29/26 10:44 PM EDT,$0.60,34
20260730,MLB-WIN-IT5-01DRH58PTNRRJ90-BOOX000,07/29/26 10:44 PM EDT,$0.28,25
20260730,MLB-TRUNS-IT5-01DRH58PTNRRJ90-GTE-P00035,07/29/26 10:44 PM EDT,$0.38,47
20260730,MLB-MOVY-IT5-01DRH58PTNRRJ90-ATCS000-GTE-P00005,07/29/26 10:44 PM EDT,$0.61,22
20260730,MLB-MOVY-IT5-01DRH58PTNRRJ90-ATCS000-GTE-P00005,07/29/26 10:44 PM EDT,$0.64,34
20260730,MLB-TRUNS-IT5-01DRH58PTNRRJ90-GTE-P00055,07/29/26 10:44 PM EDT,$0.15,61
20260730,MLB-TRUNS-I2-01DRH5CMTNRRJNO-GTE-P00005,07/29/26 10:45 PM EDT,$0.37,5
20260730,MLB-TRUNS-IT5-01DRH5ANTNRRIEO-GTE-P00065,07/29/26 10:45 PM EDT,$0.43,6
20260730,MLB-MOVY-IT5-01DRH58PTNRRJ90-ATCS000-GTE-P00005,07/29/26 10:45 PM EDT,$0.52,23
20260730,MLB-TRUNS-IT5-01DRH5ANTNRRIEO-GTE-P00065,07/29/26 10:45 PM EDT,$0.42,148
20260730,MLB-WIN-IT5-01DRH58PTNRRJ90-BOOX000,07/29/26 10:46 PM EDT,$0.52,350
20260730,MLB-WIN-IT5-01DRH58PTNRRJ90-BOOX000,07/29/26 10:46 PM EDT,$0.53,45
20260730,MLB-MOVY-IT5-01DRH58PTNRRJ90-BOOX000-GTE-P00005,07/29/26 10:46 PM EDT,$0.44,141
20260730,MLB-TRUNS-IT5-01DRH58PTNRRJ90-GTE-P00035,07/29/26 10:46 PM EDT,$0.62,17
20260730,MLB-PHRR-FG-01DRH58PTNRRJ90-JAON003-GTE-P00005,07/29/26 10:46 PM EDT,$0.63,20
20260730,MLB-WIN-IT5-01DRH58PTNRRJ90-BOOX000,07/29/26 10:46 PM EDT,$0.53,18
20260730,NWSL-DWIN-FG-000A28ULI788EFO-BACW004,07/29/26 10:46 PM EDT,$0.11,41
20260730,MLB-TRUNS-I4-01DRH58PTNRRJ90-GTE-P00025,07/29/26 10:46 PM EDT,$0.43,222
20260730,MLB-TRUNS-IT5-01DRH58PTNRRJ90-GTE-P00045,07/29/26 10:46 PM EDT,$0.45,212
20260730,MLB-WIN-IT5-01DRH58PTNRRJ90-BOOX000,07/29/26 10:47 PM EDT,$0.52,350
20260730,MLB-WIN-IT5-01DRH5ANTNRRIEO-HOOS000,07/29/26 10:48 PM EDT,$0.14,33
20260730,MLB-TRUNS-I5-01DRH5ANTNRRIEO-GTE-P00005,07/29/26 10:48 PM EDT,$0.49,76
20260730,MLB-TRUNS-I3-01DRH5CMTNRRJNO-GTE-P00005,07/29/26 10:49 PM EDT,$0.50,21
20260730,MLB-TRUNS-IT5-01DRH58PTNRRJ90-GTE-P00055,07/29/26 10:49 PM EDT,$0.14,174
20260730,MLB-WIN-IT5-01DRH58PTNRRJ90-BOOX000,07/29/26 10:49 PM EDT,$0.14,45
20260730,MLB-WIN-IT5-01DRH58PTNRRJ90-BOOX000,07/29/26 10:49 PM EDT,$0.15,31
20260730,MLB-WIN-IT5-01DRH58PTNRRJ90-BOOX000,07/29/26 10:49 PM EDT,$0.14,78
20260730,MLB-TRUNS-IT5-01DRH58PTNRRJ90-GTE-P00025,07/29/26 10:50 PM EDT,$0.42,41
20260730,MLB-TRUNS-I1-03VQO66O4OOAO5O-GTE-P00005,07/29/26 10:50 PM EDT,$0.44,174
20260730,MLB-TRUNS-IT5-01DRH58PTNRRJ90-GTE-P00025,07/29/26 10:50 PM EDT,$0.42,33
20260730,MLB-TRUNS-IT5-01DRH58PTNRRJ90-GTE-P00025,07/29/26 10:51 PM EDT,$0.42,33
20260730,MLB-WIN-IT5-01DRH58PTNRRJ90-BOOX000,07/29/26 10:51 PM EDT,$0.14,350
20260730,MLB-TRUNS-IT5-01DRH5ANTNRRIEO-GTE-P00055,07/29/26 10:51 PM EDT,$0.61,350
20260730,MLB-TRUNS-IT5-01DRH5ANTNRRIEO-GTE-P00055,07/29/26 10:51 PM EDT,$0.61,381
20260730,MLB-WIN-IT5-01DRH58PTNRRJ90-BOOX000,07/29/26 10:51 PM EDT,$0.14,350
20260730,MLB-WIN-IT5-01DRH58PTNRRJ90-BOOX000,07/29/26 10:51 PM EDT,$0.14,350
20260730,MLB-TRUNS-IT5-01DRH5ANTNRRIEO-GTE-P00055,07/29/26 10:51 PM EDT,$0.61,350
20260730,MLB-TRUNS-IT5-01DRH5ANTNRRIEO-GTE-P00055,07/29/26 10:51 PM EDT,$0.61,350
20260730,MLB-TRUNS-IT5-01DRH5ANTNRRIEO-GTE-P00055,07/29/26 10:51 PM EDT,$0.61,350
20260730,MLB-TRUNS-IT5-01DRH5ANTNRRIEO-GTE-P00055,07/29/26 10:52 PM EDT,$0.61,232
20260730,MLB-TRUNS-I4-01DRH58PTNRRJ90-GTE-P00015,07/29/26 10:52 PM EDT,$0.10,261
20260730,MLB-TRUNS-IT5-01DRH58PTNRRJ90-GTE-P00025,07/29/26 10:52 PM EDT,$0.41,409
20260730,MLB-TRUNS-IT5-01DRH5ANTNRRIEO-GTE-P00055,07/29/26 10:52 PM EDT,$0.59,46
20260730,MLB-MOVY-IT5-01DRH5CMTNRRJNO-LARS000-GTE-P00015,07/29/26 10:52 PM EDT,$0.46,185
20260730,MLB-MOVY-IT5-01DRH5CMTNRRJNO-LARS000-GTE-P00015,07/29/26 10:52 PM EDT,$0.46,440
20260730,KBO-TRUNS-FG-00N6IK4TPGPBUUG-GTE-P00105,07/29/26 10:53 PM EDT,$0.47,9
20260730,MLB-WIN-IT5-01DRH5ANTNRRIEO-HOOS000,07/29/26 10:53 PM EDT,$0.14,33
20260730,NWSL-DWIN-FG-000A28ULI788EFO-BACW004,07/29/26 10:53 PM EDT,$0.10,2
20260730,NWSL-DWIN-FG-000A28ULI788EFO-DRAW,07/29/26 10:53 PM EDT,$0.20,350
20260730,NWSL-DWIN-FG-000A28ULI788EFO-DRAW,07/29/26 10:53 PM EDT,$0.20,469
20260730,MLB-TRUNS-IT5-01DRH5ANTNRRIEO-GTE-P00055,07/29/26 10:53 PM EDT,$0.58,350
20260730,MLB-PHRR-FG-01DRH5ELTNRRJRO-MIAS003-GTE-P00015,07/29/26 10:53 PM EDT,$0.32,2
20260730,MLB-TRUNS-IT5-01DRH5ANTNRRIEO-GTE-P00055,07/29/26 10:53 PM EDT,$0.61,350
20260730,MLB-TRUNS-IT5-01DRH5ANTNRRIEO-GTE-P00055,07/29/26 10:53 PM EDT,$0.61,350
20260730,MLB-TRUNS-IT5-01DRH5ANTNRRIEO-GTE-P00055,07/29/26 10:53 PM EDT,$0.60,230
20260730,MLB-TRUNS-IT5-01DRH5ANTNRRIEO-GTE-P00055,07/29/26 10:53 PM EDT,$0.61,120
20260730,MLB-WIN-IT5-01DRH58PTNRRJ90-BOOX000,07/29/26 10:54 PM EDT,$0.17,205
20260730,MLB-WIN-IT5-01DRH58PTNRRJ90-BOOX000,07/29/26 10:54 PM EDT,$0.17,350
20260730,MLB-TRUNS-IT5-01DRH5ANTNRRIEO-GTE-P00055,07/29/26 10:54 PM EDT,$0.60,350
20260730,MLB-TRUNS-IT5-01DRH58PTNRRJ90-GTE-P00055,07/29/26 10:54 PM EDT,$0.06,233
20260730,MLB-TRUNS-IT5-01DRH5ANTNRRIEO-GTE-P00055,07/29/26 10:54 PM EDT,$0.61,350
20260730,MLB-TRUNS-IT5-01DRH5ANTNRRIEO-GTE-P00055,07/29/26 10:54 PM EDT,$0.61,350
20260730,MLB-TRUNS-IT5-01DRH5ANTNRRIEO-GTE-P00055,07/29/26 10:54 PM EDT,$0.59,350
20260730,NWSL-DWIN-FG-000A28ULI788EFO-DRAW,07/29/26 10:54 PM EDT,$0.21,329
20260730,MLB-WIN-IT5-01DRH5ANTNRRIEO-HOOS000,07/29/26 10:54 PM EDT,$0.14,6
20260730,MLB-WIN-IT5-01DRH58PTNRRJ90-BOOX000,07/29/26 10:55 PM EDT,$0.17,5
20260730,KBO-WIN-FG-00N6IK4TPGPBUUG-SANS000,07/29/26 10:55 PM EDT,$0.60,16
20260730,MLB-MOVY-IT5-01DRH58PTNRRJ90-ATCS000-GTE-P00015,07/29/26 10:55 PM EDT,$0.37,84
20260730,MLB-TRUNS-IT5-01DRH58PTNRRJ90-GTE-P00025,07/29/26 10:55 PM EDT,$0.43,17
20260730,MLB-WIN-IT5-01DRH5ANTNRRIEO-HOOS000,07/29/26 10:55 PM EDT,$0.16,33
20260730,MLB-TRUNS-I3-01DRH5CMTNRRJNO-GTE-P00005,07/29/26 10:56 PM EDT,$0.43,169
20260730,MLB-TRUNS-I4-01DRH58PTNRRJ90-GTE-P00005,07/29/26 10:56 PM EDT,$0.16,72
20260730,MLB-WIN-IT5-01DRH5ANTNRRIEO-HOOS000,07/29/26 10:56 PM EDT,$0.21,21
20260730,NWSL-DWIN-FG-000A28ULI788EFO-BACW004,07/29/26 10:56 PM EDT,$0.10,45
20260730,MLB-TRUNS-I5-01DRH5ANTNRRIEO-GTE-P00005,07/29/26 10:56 PM EDT,$0.50,93
20260730,MLB-TRUNS-IT5-01DRH5CMTNRRJNO-GTE-P00035,07/29/26 10:56 PM EDT,$0.50,4
20260730,MLB-PHRR-FG-01DRH5ELTNRRJRO-MIAS003-GTE-P00015,07/29/26 10:57 PM EDT,$0.08,111
20260730,MLB-MOVY-IT5-01DRH5CMTNRRJNO-LARS000-GTE-P00015,07/29/26 10:57 PM EDT,$0.53,18
20260730,MLB-WIN-IT5-01DRH5ANTNRRIEO-HOOS000,07/29/26 10:57 PM EDT,$0.20,21
20260730,NWSL-DWIN-FG-000A28ULI788EFO-NJCW001,07/29/26 10:57 PM EDT,$0.75,235
20260730,MLB-TRUNS-IT5-01DRH58PTNRRJ90-GTE-P00015,07/29/26 10:58 PM EDT,$0.51,19
20260730,NWSL-DWIN-FG-000A28ULI788EFO-BACW004,07/29/26 10:58 PM EDT,$0.13,350
20260730,MLB-WIN-IT5-01DRH58PTNRRJ90-BOOX000,07/29/26 10:58 PM EDT,$0.17,555
20260730,NWSL-DWIN-FG-000A28ULI788EFO-BACW004,07/29/26 10:58 PM EDT,$0.13,350
20260730,MLB-WIN-IT5-01DRH5CMTNRRJNO-LARS000,07/29/26 10:58 PM EDT,$0.84,350
20260730,NWSL-DWIN-FG-000A28ULI788EFO-BACW004,07/29/26 10:58 PM EDT,$0.13,350
20260730,MLB-TRUNS-IT5-01DRH5ANTNRRIEO-GTE-P00055,07/29/26 10:58 PM EDT,$0.42,13
20260730,NWSL-DWIN-FG-000A28ULI788EFO-BACW004,07/29/26 10:58 PM EDT,$0.13,350
20260730,NWSL-DWIN-FG-000A28ULI788EFO-BACW004,07/29/26 10:58 PM EDT,$0.13,100
20260730,MLB-WIN-IT5-01DRH5CMTNRRJNO-SERS000,07/29/26 10:58 PM EDT,$0.16,17
20260730,MLB-TRUNS-I3-01DRH5CMTNRRJNO-GTE-P00005,07/29/26 10:59 PM EDT,$0.41,19
20260730,MLB-TRUNS-IT5-01DRH5CMTNRRJNO-GTE-P00035,07/29/26 10:59 PM EDT,$0.42,63
20260730,MLB-TRUNS-IT5-01DRH58PTNRRJ90-GTE-P00015,07/29/26 10:59 PM EDT,$0.51,13
20260730,MLB-WIN-IT5-01DRH58PTNRRJ90-ATCS000,07/29/26 10:59 PM EDT,$0.82,1500
20260730,MLB-TRUNS-IT5-01DRH58PTNRRJ90-GTE-P00015,07/29/26 10:59 PM EDT,$0.51,21
20260730,MLB-WIN-IT5-01DRH58PTNRRJ90-ATCS000,07/29/26 10:59 PM EDT,$0.82,300
20260730,MLB-WIN-IT5-01DRH58PTNRRJ90-ATCS000,07/29/26 10:59 PM EDT,$0.82,300
20260730,NWSL-DWIN-FG-000A28ULI788EFO-NJCW001,07/29/26 10:59 PM EDT,$0.75,50
20260730,MLB-WIN-IT5-01DRH58PTNRRJ90-ATCS000,07/29/26 11:00 PM EDT,$0.82,300
20260730,NWSL-DWIN-FG-000A28ULI788EFO-BACW004,07/29/26 11:00 PM EDT,$0.11,350
20260730,NWSL-DWIN-FG-000A28ULI788EFO-BACW004,07/29/26 11:00 PM EDT,$0.11,350
20260730,NWSL-DWIN-FG-000A28ULI788EFO-BACW004,07/29/26 11:00 PM EDT,$0.11,350
20260730,MLB-WIN-IT5-01DRH58PTNRRJ90-ATCS000,07/29/26 11:00 PM EDT,$0.82,20
20260730,NWSL-DWIN-FG-000A28ULI788EFO-BACW004,07/29/26 11:00 PM EDT,$0.14,350
20260730,MLB-WIN-IT5-01DRH5ANTNRRIEO-LALS000,07/29/26 11:00 PM EDT,$0.94,350
20260730,MLB-WIN-IT5-01DRH5ANTNRRIEO-LALS000,07/29/26 11:00 PM EDT,$0.94,350
20260730,MLB-MOVY-IT5-01DRH5ANTNRRIEO-LALS000-GTE-P00015,07/29/26 11:00 PM EDT,$0.26,91
20260730,MLB-WIN-IT5-01DRH58PTNRRJ90-ATCS000,07/29/26 11:00 PM EDT,$0.81,1
20260730,NWSL-DWIN-FG-000A28ULI788EFO-BACW004,07/29/26 11:00 PM EDT,$0.14,350
20260730,MLB-WIN-IT5-01DRH5ANTNRRIEO-LALS000,07/29/26 11:00 PM EDT,$0.94,350
20260730,MLB-MOVY-IT5-01DRH58PTNRRJ90-BOOX000-GTE-P00005,07/29/26 11:00 PM EDT,$0.10,141
20260730,MLB-TRUNS-I1-03VQO66O4OOAO5O-GTE-P00005,07/29/26 11:00 PM EDT,$0.44,56
20260730,MLB-WIN-IT5-01DRH5ANTNRRIEO-LALS000,07/29/26 11:00 PM EDT,$0.94,350
20260730,MLB-MOVY-IT5-01DRH58PTNRRJ90-ATCS000-GTE-P00005,07/29/26 11:00 PM EDT,$0.66,250
20260730,MLB-WIN-IT5-01DRH5ANTNRRIEO-LALS000,07/29/26 11:00 PM EDT,$0.94,100
20260730,MLB-TRUNS-I3-01DRH5CMTNRRJNO-GTE-P00005,07/29/26 11:00 PM EDT,$0.41,58
20260730,NWSL-DWIN-FG-000A28ULI788EFO-DRAW,07/29/26 11:00 PM EDT,$0.23,20
20260730,MLB-WIN-IT5-01DRH5CMTNRRJNO-SERS000,07/29/26 11:01 PM EDT,$0.15,350
20260730,MLB-TRUNS-IT5-01DRH5ANTNRRIEO-GTE-P00055,07/29/26 11:01 PM EDT,$0.36,78
20260730,MLB-TRUNS-I1-03VQO64O4OOAPQG-GTE-P00005,07/29/26 11:01 PM EDT,$0.51,72
20260730,MLB-WIN-IT5-01DRH5ANTNRRIEO-LALS000,07/29/26 11:01 PM EDT,$0.97,350
20260730,MLB-MOVY-IT5-01DRH58PTNRRJ90-BOOX000-GTE-P00005,07/29/26 11:01 PM EDT,$0.31,33
20260730,MLB-WIN-IT5-01DRH58PTNRRJ90-BOOX000,07/29/26 11:01 PM EDT,$0.48,350
20260730,MLB-TRUNS-IT5-01DRH5ANTNRRIEO-GTE-P00055,07/29/26 11:01 PM EDT,$0.32,70
20260730,MLB-WIN-IT5-01DRH5CMTNRRJNO-SERS000,07/29/26 11:01 PM EDT,$0.16,350
20260730,MLB-MOVY-IT5-01DRH58PTNRRJ90-ATCS000-GTE-P00005,07/29/26 11:02 PM EDT,$0.26,250
20260730,MLB-TRUNS-IT5-01DRH5ANTNRRIEO-GTE-P00055,07/29/26 11:02 PM EDT,$0.25,3
20260730,MLB-WIN-IT5-01DRH5CMTNRRJNO-SERS000,07/29/26 11:02 PM EDT,$0.16,350
20260730,MLB-WIN-IT5-01DRH58PTNRRJ90-BOOX000,07/29/26 11:02 PM EDT,$0.55,438
20260730,MLB-TRUNS-IT5-01DRH5ANTNRRIEO-GTE-P00065,07/29/26 11:02 PM EDT,$0.15,13
20260730,MLB-TRUNS-I6-01DRH5ANTNRRIEO-GTE-P00005,07/29/26 11:02 PM EDT,$0.41,68
20260730,MLB-TRUNS-IT5-01DRH5CMTNRRJNO-GTE-P00025,07/29/26 11:02 PM EDT,$0.59,4
20260730,MLB-MOVY-IT5-01DRH58PTNRRJ90-BOOX000-GTE-P00005,07/29/26 11:02 PM EDT,$0.30,3
20260730,NWSL-DWIN-FG-000A28ULI788EFO-DRAW,07/29/26 11:03 PM EDT,$0.23,40
20260730,MLB-WIN-IT5-01DRH5CMTNRRJNO-SERS000,07/29/26 11:03 PM EDT,$0.17,10
20260730,NWSL-DWIN-FG-000A28ULI788EFO-DRAW,07/29/26 11:03 PM EDT,$0.23,32
20260730,MLB-TRUNS-I5-01DRH5CMTNRRJNO-GTE-P00005,07/29/26 11:03 PM EDT,$0.47,509
20260730,MLB-TRUNS-I5-01DRH58PTNRRJ90-GTE-P00015,07/29/26 11:03 PM EDT,$0.42,115
20260730,MLB-TRUNS-I1-03VQO67A4OOAPFG-GTE-P00005,07/29/26 11:03 PM EDT,$0.42,60
20260730,MLB-TRUNS-IT5-01DRH5CMTNRRJNO-GTE-P00025,07/29/26 11:03 PM EDT,$0.71,4
20260730,MLB-TRUNS-IT5-01DRH58PTNRRJ90-GTE-P00025,07/29/26 11:04 PM EDT,$0.52,33
20260730,MLB-TRUNS-IT5-01DRH58PTNRRJ90-GTE-P00025,07/29/26 11:04 PM EDT,$0.44,34
20260730,MLB-TRUNS-I1-03VQO6384OOAO8O-GTE-P00005,07/29/26 11:04 PM EDT,$0.47,65
20260730,MLB-MOVY-IT5-01DRH5ANTNRRIEO-LALS000-GTE-P00015,07/29/26 11:04 PM EDT,$0.24,350
20260730,MLB-TRUNS-I3-01DRH5CMTNRRJNO-GTE-P00005,07/29/26 11:04 PM EDT,$0.38,125
20260730,MLB-MOVY-IT5-01DRH5CMTNRRJNO-LARS000-GTE-P00015,07/29/26 11:04 PM EDT,$0.56,350
20260730,MLB-MOVY-IT5-01DRH5CMTNRRJNO-LARS000-GTE-P00015,07/29/26 11:04 PM EDT,$0.56,98
20260730,MLB-MOVY-IT5-01DRH5CMTNRRJNO-LARS000-GTE-P00015,07/29/26 11:05 PM EDT,$0.57,350
20260730,MLB-TRUNS-IT5-01DRH5ANTNRRIEO-GTE-P00055,07/29/26 11:05 PM EDT,$0.19,4
20260730,MLB-TRUNS-I5-01DRH5CMTNRRJNO-GTE-P00005,07/29/26 11:05 PM EDT,$0.53,181
20260730,MLB-WIN-IT5-01DRH5CMTNRRJNO-SERS000,07/29/26 11:05 PM EDT,$0.11,833
20260730,MLB-PHRR-FG-01DRH5ELTNRRJRO-RYON000-GTE-P00015,07/29/26 11:05 PM EDT,$0.10,227
20260730,MLB-TRUNS-I3-01DRH5CMTNRRJNO-GTE-P00005,07/29/26 11:05 PM EDT,$0.67,289
20260730,MLB-WIN-IT5-01DRH58PTNRRJ90-BOOX000,07/29/26 11:05 PM EDT,$0.40,8
20260730,MLB-MOVY-IT5-01DRH5ANTNRRIEO-LALS000-GTE-P00025,07/29/26 11:06 PM EDT,$0.12,350
20260730,MLB-TRUNS-IT5-01DRH58PTNRRJ90-GTE-P00055,07/29/26 11:06 PM EDT,$0.02,9
20260730,MLB-MOVY-IT5-01DRH5ANTNRRIEO-LALS000-GTE-P00025,07/29/26 11:06 PM EDT,$0.12,350
20260730,NWSL-DWIN-FG-000A28ULI788EFO-DRAW,07/29/26 11:06 PM EDT,$0.21,108
20260730,MLB-TRUNS-I1-03VQO66O4OOAO5O-GTE-P00005,07/29/26 11:06 PM EDT,$0.44,17
20260730,MLB-TRUNS-I1-03VQO64O4OOAPQG-GTE-P00005,07/29/26 11:06 PM EDT,$0.51,19
20260730,MLB-TRUNS-I3-01DRH5CMTNRRJNO-GTE-P00025,07/29/26 11:06 PM EDT,$0.31,13
20260730,MLB-WIN-IT5-01DRH5CMTNRRJNO-SERS000,07/29/26 11:06 PM EDT,$0.08,1111
20260730,MLB-TRUNS-I1-03VQO67A4OOAPFG-GTE-P00005,07/29/26 11:06 PM EDT,$0.42,16
20260730,KBO-WIN-FG-00N6IK4TPGPBUUG-SANS000,07/29/26 11:06 PM EDT,$0.60,93
20260730,MLB-MOVY-IT5-01DRH5ANTNRRIEO-LALS000-GTE-P00025,07/29/26 11:06 PM EDT,$0.02,44
20260730,MLB-PHRR-FG-01DRH5CMTNRRJNO-MOTS000-GTE-P00015,07/29/26 11:06 PM EDT,$0.47,10
20260730,MLB-TRUNS-IT5-01DRH58PTNRRJ90-GTE-P00045,07/29/26 11:06 PM EDT,$0.11,140
20260730,MLB-TRUNS-I1-03VQO6384OOAO8O-GTE-P00005,07/29/26 11:06 PM EDT,$0.47,18
20260730,MLB-TRUNS-IT5-01DRH5CMTNRRJNO-GTE-P00045,07/29/26 11:07 PM EDT,$0.54,8
20260730,MLB-WIN-IT5-01DRH58PTNRRJ90-BOOX000,07/29/26 11:07 PM EDT,$0.34,5
20260730,MLB-TRUNS-IT5-01DRH5CMTNRRJNO-GTE-P00045,07/29/26 11:07 PM EDT,$0.52,39
20260730,MLB-MOVY-IT5-01DRH5CMTNRRJNO-LARS000-GTE-P00025,07/29/26 11:07 PM EDT,$0.59,39
20260730,NWSL-DWIN-FG-000A28PPI788FO8-DRAW,07/29/26 11:07 PM EDT,$0.26,350
20260730,NWSL-DWIN-FG-000A28PPI788FO8-DRAW,07/29/26 11:07 PM EDT,$0.27,350
20260730,MLB-TRUNS-I3-01DRH5CMTNRRJNO-GTE-P00015,07/29/26 11:08 PM EDT,$0.45,21
20260730,MLB-MOVY-IT5-01DRH5CMTNRRJNO-LARS000-GTE-P00025,07/29/26 11:08 PM EDT,$0.49,350
20260730,MLB-TRUNS-I6-01DRH5ANTNRRIEO-GTE-P00015,07/29/26 11:08 PM EDT,$0.20,10
20260730,KBO-WIN-FG-00N6J60MPGPBDG0-LGNS000,07/29/26 11:08 PM EDT,$0.62,6
20260730,MLB-TRUNS-I6-01DRH5ANTNRRIEO-GTE-P00025,07/29/26 11:08 PM EDT,$0.11,25
20260730,MLB-WIN-IT5-01DRH58PTNRRJ90-BOOX000,07/29/26 11:09 PM EDT,$0.34,350
20260730,MLB-WIN-IT5-01DRH58PTNRRJ90-ATCS000,07/29/26 11:09 PM EDT,$0.67,350
20260730,MLB-WIN-IT5-01DRH58PTNRRJ90-BOOX000,07/29/26 11:09 PM EDT,$0.34,350
20260730,MLB-WIN-IT5-01DRH58PTNRRJ90-ATCS000,07/29/26 11:09 PM EDT,$0.67,350
20260730,MLB-TRUNS-I6-01DRH5ANTNRRIEO-GTE-P00025,07/29/26 11:09 PM EDT,$0.13,35
20260730,MLB-TRUNS-I5-01DRH5CMTNRRJNO-GTE-P00035,07/29/26 11:09 PM EDT,$0.10,63
20260730,MLB-TRUNS-IT5-01DRH58PTNRRJ90-GTE-P00035,07/29/26 11:09 PM EDT,$0.31,47
20260730,MLB-TRUNS-I3-01DRH5CMTNRRJNO-GTE-P00015,07/29/26 11:10 PM EDT,$0.21,754
20260730,MLB-TRUNS-IT5-01DRH5CMTNRRJNO-GTE-P00035,07/29/26 11:10 PM EDT,$0.55,21
20260730,MLB-TRUNS-IT5-01DRH58PTNRRJ90-GTE-P00035,07/29/26 11:10 PM EDT,$0.21,29
20260730,NWSL-DWIN-FG-000A28ULI788EFO-DRAW,07/29/26 11:10 PM EDT,$0.19,52
20260730,NWSL-DWIN-FG-000A28ULI788EFO-BACW004,07/29/26 11:11 PM EDT,$0.10,9
20260730,MLB-TRUNS-IT5-01DRH58PTNRRJ90-GTE-P00035,07/29/26 11:11 PM EDT,$0.18,43
20260730,KBO-TRUNS-FG-00N6IK4TPGPBUUG-GTE-P00105,07/29/26 11:11 PM EDT,$0.47,21
20260730,KBO-TRUNS-FG-00N6J60MPGPBDG0-GTE-P00095,07/29/26 11:11 PM EDT,$0.48,40
20260730,KBO-TRUNS-FG-00N6IK75PGPBU3O-GTE-P00095,07/29/26 11:11 PM EDT,$0.50,23
20260730,MLB-TRUNS-I6-01DRH5ANTNRRIEO-GTE-P00005,07/29/26 11:11 PM EDT,$0.49,11
20260730,MLB-WIN-IT5-01DRH5CMTNRRJNO-SERS000,07/29/26 11:11 PM EDT,$0.10,45
20260730,MLB-MOVY-IT5-01DRH5CMTNRRJNO-LARS000-GTE-P00025,07/29/26 11:12 PM EDT,$0.40,324
20260730,MLB-TRUNS-IT5-01DRH58PTNRRJ90-GTE-P00035,07/29/26 11:12 PM EDT,$0.32,23
20260730,MLB-TRUNS-I5-01DRH58PTNRRJ90-GTE-P00025,07/29/26 11:13 PM EDT,$0.34,25
20260730,MLB-WIN-IT5-01DRH5ANTNRRIEO-HOOS000,07/29/26 11:13 PM EDT,$0.04,20
20260730,NWSL-DWIN-FG-000A28ULI788EFO-BACW004,07/29/26 11:14 PM EDT,$0.08,408
20260730,NWSL-DWIN-FG-000A28ULI788EFO-BACW004,07/29/26 11:14 PM EDT,$0.08,703
20260730,MLB-TRUNS-IT5-01DRH58PTNRRJ90-GTE-P00055,07/29/26 11:14 PM EDT,$0.12,350
20260730,MLB-TRUNS-IT5-01DRH5CMTNRRJNO-GTE-P00035,07/29/26 11:14 PM EDT,$0.45,8
20260730,MLB-WIN-IT5-01DRH5CMTNRRJNO-SERS000,07/29/26 11:15 PM EDT,$0.05,33
20260730,MLB-PHRR-FG-01DRH5ANTNRRIEO-JENA000-GTE-P00035,07/29/26 11:15 PM EDT,$0.70,138
20260730,MLB-TRUNS-IT5-01DRH5CMTNRRJNO-GTE-P00035,07/29/26 11:15 PM EDT,$0.39,9
20260730,NWSL-DWIN-FG-000A28PPI788FO8-WATW003,07/29/26 11:16 PM EDT,$0.61,169
20260730,NWSL-DWIN-FG-000A28ULI788EFO-DRAW,07/29/26 11:16 PM EDT,$0.20,90
20260730,NWSL-DWIN-FG-000A28PPI788FO8-WATW003,07/29/26 11:16 PM EDT,$0.62,350
20260730,NWSL-DWIN-FG-000A28PPI788FO8-WATW003,07/29/26 11:16 PM EDT,$0.62,350
20260730,NWSL-DWIN-FG-000A28PPI788FO8-WATW003,07/29/26 11:17 PM EDT,$0.62,63
20260730,NWSL-DWIN-FG-000A28PPI788FO8-WATW003,07/29/26 11:17 PM EDT,$0.62,287
20260730,NWSL-DWIN-FG-000A28PPI788FO8-WATW003,07/29/26 11:17 PM EDT,$0.62,350
20260730,MLB-TRUNS-I6-01DRH5ANTNRRIEO-GTE-P00045,07/29/26 11:17 PM EDT,$0.35,13
20260730,MLB-TRUNS-IT5-01DRH58PTNRRJ90-GTE-P00055,07/29/26 11:17 PM EDT,$0.12,350
20260730,NWSL-DWIN-FG-000A28PPI788FO8-WATW003,07/29/26 11:17 PM EDT,$0.62,192
20260730,MLB-TRUNS-IT5-01DRH58PTNRRJ90-GTE-P00055,07/29/26 11:17 PM EDT,$0.15,350
20260730,MLB-MOVY-IT5-01DRH58PTNRRJ90-ATCS000-GTE-P00015,07/29/26 11:18 PM EDT,$0.25,78
20260730,MLB-MOVY-IT5-01DRH58PTNRRJ90-ATCS000-GTE-P00015,07/29/26 11:18 PM EDT,$0.23,63
20260730,MLB-TRUNS-IT5-01DRH5CMTNRRJNO-GTE-P00035,07/29/26 11:18 PM EDT,$0.38,90
20260730,MLB-TRUNS-IT5-01DRH58PTNRRJ90-GTE-P00035,07/29/26 11:19 PM EDT,$0.24,43
20260730,MLB-TRUNS-IT5-01DRH5CMTNRRJNO-GTE-P00035,07/29/26 11:19 PM EDT,$0.47,21
20260730,MLB-WIN-IT5-01DRH5ANTNRRIEO-HOOS000,07/29/26 11:20 PM EDT,$0.04,20
20260730,MLB-WIN-IT5-01DRH5ANTNRRIEO-HOOS000,07/29/26 11:20 PM EDT,$0.04,100
20260730,MLB-TRUNS-IT5-01DRH5CMTNRRJNO-GTE-P00035,07/29/26 11:21 PM EDT,$0.45,25
20260730,MLB-TRUNS-IT5-01DRH5CMTNRRJNO-GTE-P00035,07/29/26 11:21 PM EDT,$0.43,166
20260730,MLB-TRUNS-I6-01DRH58PTNRRJ90-GTE-P00005,07/29/26 11:21 PM EDT,$0.51,137
20260730,NWSL-DWIN-FG-000A28ULI788EFO-BACW004,07/29/26 11:22 PM EDT,$0.07,403
20260730,MLB-MOVY-IT5-01DRH5CMTNRRJNO-LARS000-GTE-P00015,07/29/26 11:22 PM EDT,$0.86,350
20260730,MLB-MOVY-IT5-01DRH5CMTNRRJNO-LARS000-GTE-P00015,07/29/26 11:22 PM EDT,$0.86,119
20260730,MLB-MOVY-IT5-01DRH5CMTNRRJNO-LARS000-GTE-P00015,07/29/26 11:22 PM EDT,$0.86,231
20260730,MLB-MOVY-IT5-01DRH5CMTNRRJNO-LARS000-GTE-P00015,07/29/26 11:22 PM EDT,$0.86,350
20260730,MLB-TRUNS-IT5-01DRH5CMTNRRJNO-GTE-P00035,07/29/26 11:22 PM EDT,$0.45,21
20260730,NWSL-DWIN-FG-000A28ULI788EFO-BACW004,07/29/26 11:23 PM EDT,$0.07,403
20260730,MLB-MOVY-IT5-01DRH5CMTNRRJNO-LARS000-GTE-P00025,07/29/26 11:23 PM EDT,$0.47,40
20260730,MLB-MOVY-IT5-01DRH5CMTNRRJNO-LARS000-GTE-P00025,07/29/26 11:23 PM EDT,$0.47,81
20260730,MLB-TRUNS-I6-01DRH58PTNRRJ90-GTE-P00005,07/29/26 11:23 PM EDT,$0.62,7
20260730,MLB-PHRR-FG-01DRH5CMTNRRJNO-MOTS000-GTE-P00015,07/29/26 11:23 PM EDT,$0.89,379
20260730,MLB-TRUNS-I5-01DRH5CMTNRRJNO-GTE-P00005,07/29/26 11:24 PM EDT,$0.45,256
20260730,NWSL-DWIN-FG-000A28ULI788EFO-DRAW,07/29/26 11:24 PM EDT,$0.20,22
20260730,MLB-PHRR-FG-01DRH5ANTNRRIEO-TYAN002-GTE-P00015,07/29/26 11:24 PM EDT,$0.33,2
20260730,MLB-WIN-IT5-01DRH5ANTNRRIEO-HOOS000,07/29/26 11:24 PM EDT,$0.04,60
20260730,MLB-MOVY-IT5-01DRH5CMTNRRJNO-LARS000-GTE-P00035,07/29/26 11:25 PM EDT,$0.45,237
20260730,MLB-MOVY-IT5-01DRH5CMTNRRJNO-LARS000-GTE-P00025,07/29/26 11:25 PM EDT,$0.65,350
20260730,MLB-TRUNS-IT5-01DRH5CMTNRRJNO-GTE-P00035,07/29/26 11:25 PM EDT,$0.62,5
20260730,MLB-MOVY-IT5-01DRH5CMTNRRJNO-LARS000-GTE-P00025,07/29/26 11:25 PM EDT,$0.65,350
20260730,MLB-TRUNS-I7-01DRH5ANTNRRIEO-GTE-P00005,07/29/26 11:25 PM EDT,$0.43,85
20260730,MLB-MOVY-IT5-01DRH5CMTNRRJNO-LARS000-GTE-P00035,07/29/26 11:25 PM EDT,$0.46,104
20260730,MLB-TRUNS-IT5-01DRH5CMTNRRJNO-GTE-P00055,07/29/26 11:26 PM EDT,$0.23,350
20260730,NWSL-DWIN-FG-000A28ULI788EFO-NJCW001,07/29/26 11:26 PM EDT,$0.78,125
20260730,MLB-MOVY-IT5-01DRH5CMTNRRJNO-LARS000-GTE-P00015,07/29/26 11:26 PM EDT,$0.87,350
20260730,MLB-PHRR-FG-03VQO66O4OOAO5O-ALNA001-GTE-P00005,07/29/26 11:26 PM EDT,$0.63,15
20260730,NWSL-DWIN-FG-000A28ULI788EFO-DRAW,07/29/26 11:26 PM EDT,$0.20,113
20260730,MLB-TRUNS-I6-01DRH58PTNRRJ90-GTE-P00005,07/29/26 11:26 PM EDT,$0.63,5
20260730,MLB-TRUNS-IT5-01DRH58PTNRRJ90-GTE-P00055,07/29/26 11:26 PM EDT,$0.01,350
20260730,MLB-TRUNS-IT5-01DRH5CMTNRRJNO-GTE-P00035,07/29/26 11:26 PM EDT,$0.51,16
20260730,MLB-MOVY-IT5-01DRH5CMTNRRJNO-LARS000-GTE-P00025,07/29/26 11:26 PM EDT,$0.51,37
20260730,NWSL-DWIN-FG-000A28ULI788EFO-BACW004,07/29/26 11:26 PM EDT,$0.08,11
20260730,MLB-TRUNS-IT5-01DRH5CMTNRRJNO-GTE-P00055,07/29/26 11:26 PM EDT,$0.22,350
20260730,MLB-TRUNS-IT5-01DRH5CMTNRRJNO-GTE-P00055,07/29/26 11:26 PM EDT,$0.22,350
20260730,MLB-MOVY-IT5-01DRH5CMTNRRJNO-LARS000-GTE-P00025,07/29/26 11:27 PM EDT,$0.48,350
20260730,MLB-TRUNS-IT5-01DRH5CMTNRRJNO-GTE-P00035,07/29/26 11:27 PM EDT,$0.51,35
20260730,MLB-WIN-IT5-01DRH5CMTNRRJNO-SERS000,07/29/26 11:27 PM EDT,$0.07,62
20260730,MLB-TRUNS-I6-01DRH58PTNRRJ90-GTE-P00005,07/29/26 11:27 PM EDT,$0.54,3
20260730,NWSL-DWIN-FG-000A28ULI788EFO-NJCW001,07/29/26 11:27 PM EDT,$0.78,935
20260730,MLB-TRUNS-IT5-01DRH5CMTNRRJNO-GTE-P00035,07/29/26 11:27 PM EDT,$0.47,283
20260730,NWSL-DWIN-FG-000A28ULI788EFO-DRAW,07/29/26 11:28 PM EDT,$0.19,50
20260730,NWSL-DWIN-FG-000A28ULI788EFO-NJCW001,07/29/26 11:28 PM EDT,$0.79,350
20260730,MLB-TRUNS-IT5-01DRH5CMTNRRJNO-GTE-P00035,07/29/26 11:28 PM EDT,$0.46,104
20260730,NWSL-DWIN-FG-000A28ULI788EFO-NJCW001,07/29/26 11:28 PM EDT,$0.79,884
20260730,NWSL-DWIN-FG-000A28ULI788EFO-BACW004,07/29/26 11:28 PM EDT,$0.07,1212
20260730,MLB-MOVY-IT5-01DRH5CMTNRRJNO-LARS000-GTE-P00025,07/29/26 11:28 PM EDT,$0.42,13
20260730,MLB-MOVY-IT5-01DRH58PTNRRJ90-ATCS000-GTE-P00015,07/29/26 11:28 PM EDT,$0.03,84
20260730,MLB-TRUNS-I7-01DRH5ANTNRRIEO-GTE-P00005,07/29/26 11:28 PM EDT,$0.53,9
20260730,MLB-MOVY-IT5-01DRH5CMTNRRJNO-LARS000-GTE-P00025,07/29/26 11:29 PM EDT,$0.44,8
20260730,MLB-TRUNS-I6-01DRH5CMTNRRJNO-GTE-P00005,07/29/26 11:29 PM EDT,$0.45,10
20260730,NWSL-DWIN-FG-000A28ULI788EFO-DRAW,07/29/26 11:29 PM EDT,$0.17,50
20260730,NWSL-DWIN-FG-000A28ULI788EFO-BACW004,07/29/26 11:29 PM EDT,$0.07,125
20260730,MLB-PHRR-FG-01DRH5CMTNRRJNO-ANES000-GTE-P00095,07/29/26 11:29 PM EDT,$0.10,300
20260730,MLB-TRUNS-IT5-01DRH5CMTNRRJNO-GTE-P00045,07/29/26 11:29 PM EDT,$0.28,7
20260730,MLB-MOVY-IT5-01DRH5CMTNRRJNO-LARS000-GTE-P00025,07/29/26 11:29 PM EDT,$0.50,6
20260730,MLB-MOVY-IT5-01DRH5CMTNRRJNO-LARS000-GTE-P00025,07/29/26 11:30 PM EDT,$0.50,311
20260730,MLB-MOVY-IT5-01DRH5CMTNRRJNO-LARS000-GTE-P00025,07/29/26 11:30 PM EDT,$0.50,350
20260730,MLB-TRUNS-IT5-01DRH5CMTNRRJNO-GTE-P00035,07/29/26 11:30 PM EDT,$0.70,9
20260730,NWSL-DWIN-FG-000A28ULI788EFO-DRAW,07/29/26 11:30 PM EDT,$0.18,5
20260730,MLB-TRUNS-IT5-01DRH5ANTNRRIEO-GTE-P00065,07/29/26 11:31 PM EDT,$0.03,15
20260730,MLB-TRUNS-I6-01DRH5CMTNRRJNO-GTE-P00025,07/29/26 11:31 PM EDT,$0.18,410
20260730,MLB-TRUNS-IT5-01DRH5CMTNRRJNO-GTE-P00035,07/29/26 11:31 PM EDT,$0.47,166
20260730,MLB-TRUNS-IT5-01DRH5CMTNRRJNO-GTE-P00035,07/29/26 11:31 PM EDT,$0.47,5
20260730,MLB-TRUNS-IT5-01DRH5CMTNRRJNO-GTE-P00035,07/29/26 11:31 PM EDT,$0.47,9
20260730,MLB-TRUNS-IT5-01DRH5CMTNRRJNO-GTE-P00035,07/29/26 11:31 PM EDT,$0.50,19
20260730,NWSL-DWIN-FG-000A28SHI788EU0-KATW001,07/29/26 11:31 PM EDT,$0.97,2
20260730,MLB-TRUNS-IT5-01DRH5CMTNRRJNO-GTE-P00035,07/29/26 11:31 PM EDT,$0.47,8
20260730,MLB-TRUNS-I1-03VQO66O4OOAO5O-GTE-P00005,07/29/26 11:32 PM EDT,$0.44,15
20260730,MLB-TRUNS-IT5-01DRH5CMTNRRJNO-GTE-P00035,07/29/26 11:32 PM EDT,$0.50,25
20260730,MLB-TRUNS-IT5-01DRH5CMTNRRJNO-GTE-P00035,07/29/26 11:32 PM EDT,$0.50,5
20260730,MLB-WIN-IT5-01DRH58PTNRRJ90-BOOX000,07/29/26 11:32 PM EDT,$0.04,40
20260730,MLB-TRUNS-IT5-01DRH5CMTNRRJNO-GTE-P00035,07/29/26 11:32 PM EDT,$0.50,26
20260730,MLB-TRUNS-I1-03VQO64O4OOAPQG-GTE-P00005,07/29/26 11:32 PM EDT,$0.51,17
20260730,MLB-TRUNS-IT5-01DRH5CMTNRRJNO-GTE-P00035,07/29/26 11:32 PM EDT,$0.47,409
20260730,MLB-PHRR-FG-01DRH5ANTNRRIEO-JOLL001-GTE-P00045,07/29/26 11:33 PM EDT,$0.18,26
20260730,KBO-WIN-FG-00N6IK4TPGPBUUG-SANS000,07/29/26 11:33 PM EDT,$0.61,7
20260730,MLB-TRUNS-I1-03VQO67A4OOAPFG-GTE-P00005,07/29/26 11:33 PM EDT,$0.42,8
20260730,MLB-TRUNS-I1-03VQO6384OOAO8O-GTE-P00005,07/29/26 11:34 PM EDT,$0.47,5
20260730,KBO-WIN-FG-00N6J63FPGPBDE8-DORS000,07/29/26 11:34 PM EDT,$0.56,8
20260730,NWSL-DWIN-FG-000A28ULI788EFO-NJCW001,07/29/26 11:34 PM EDT,$0.78,49
20260730,NWSL-DWIN-FG-000A28ULI788EFO-DRAW,07/29/26 11:34 PM EDT,$0.13,40
20260730,MLB-TRUNS-IT5-01DRH5CMTNRRJNO-GTE-P00035,07/29/26 11:34 PM EDT,$0.40,3
20260730,KBO-WIN-FG-00N6IK4TPGPBUUG-SANS000,07/29/26 11:34 PM EDT,$0.61,68
20260730,MLB-TRUNS-I1-03VQO66O4OOAO5O-GTE-P00005,07/29/26 11:35 PM EDT,$0.44,25
20260730,MLB-TRUNS-I7-01DRH58PTNRRJ90-GTE-P00005,07/29/26 11:35 PM EDT,$0.45,10
20260730,MLB-TRUNS-I1-03VQO64O4OOAPQG-GTE-P00005,07/29/26 11:36 PM EDT,$0.51,29
20260730,NWSL-DWIN-FG-000A28PPI788FO8-WATW003,07/29/26 11:36 PM EDT,$0.66,95
20260730,MLB-TRUNS-IT5-01DRH5CMTNRRJNO-GTE-P00035,07/29/26 11:36 PM EDT,$0.36,8
20260730,NWSL-DWIN-FG-000A28PPI788FO8-WATW003,07/29/26 11:36 PM EDT,$0.68,350
20260730,MLB-TRUNS-IT5-01DRH5CMTNRRJNO-GTE-P00035,07/29/26 11:37 PM EDT,$0.29,270
20260730,KBO-WIN-FG-00N6IK4TPGPBUUG-SANS000,07/29/26 11:37 PM EDT,$0.62,40
20260730,MLB-TRUNS-IT5-01DRH5CMTNRRJNO-GTE-P00035,07/29/26 11:37 PM EDT,$0.25,931
20260730,MLB-MOVY-IT5-01DRH5CMTNRRJNO-LARS000-GTE-P00035,07/29/26 11:37 PM EDT,$0.25,3
20260730,NWSL-DWIN-FG-000A28PPI788FO8-DRAW,07/29/26 11:38 PM EDT,$0.21,350
20260730,NWSL-DWIN-FG-000A28PPI788FO8-DRAW,07/29/26 11:38 PM EDT,$0.21,350
20260730,MLB-TRUNS-IT5-01DRH5CMTNRRJNO-GTE-P00035,07/29/26 11:38 PM EDT,$0.33,1
20260730,MLB-TRUNS-I6-01DRH58PTNRRJ90-GTE-P00015,07/29/26 11:38 PM EDT,$0.18,15
20260730,MLB-TRUNS-I7-01DRH5CMTNRRJNO-GTE-P00005,07/29/26 11:38 PM EDT,$0.48,465
20260730,MLB-TRUNS-I7-01DRH5ANTNRRIEO-GTE-P00005,07/29/26 11:38 PM EDT,$0.42,13
20260730,MLB-TRUNS-IT5-01DRH5CMTNRRJNO-GTE-P00035,07/29/26 11:38 PM EDT,$0.33,5
20260730,MLB-PHRR-FG-01DRH5CMTNRRJNO-CAGH000-GTE-P00005,07/29/26 11:39 PM EDT,$0.36,14
20260730,MLB-TRUNS-IT5-01DRH5CMTNRRJNO-GTE-P00035,07/29/26 11:39 PM EDT,$0.33,14
20260730,KBO-WIN-FG-00N6IK75PGPBU3O-KTON000,07/29/26 11:39 PM EDT,$0.47,204
20260730,MLB-TRUNS-IT5-01DRH5ANTNRRIEO-GTE-P00065,07/29/26 11:39 PM EDT,$0.03,2
20260730,MLB-TRUNS-I1-03VQO66O4OOAO5O-GTE-P00005,07/29/26 11:39 PM EDT,$0.44,17
20260730,MLB-TRUNS-I7-01DRH58PTNRRJ90-GTE-P00005,07/29/26 11:39 PM EDT,$0.46,89
20260730,NWSL-DWIN-FG-000A28ULI788EFO-DRAW,07/29/26 11:40 PM EDT,$0.15,64
20260730,KBO-WIN-FG-00N6IK6LPGPBURG-HAES000,07/29/26 11:40 PM EDT,$0.57,179
20260730,MLB-TRUNS-I7-01DRH58PTNRRJ90-GTE-P00015,07/29/26 11:40 PM EDT,$0.34,222
20260730,MLB-TRUNS-I7-01DRH58PTNRRJ90-GTE-P00005,07/29/26 11:40 PM EDT,$0.47,9
20260730,KBO-WIN-FG-00N6J63FPGPBDE8-DORS000,07/29/26 11:40 PM EDT,$0.57,16
20260730,MLB-TRUNS-I7-01DRH58PTNRRJ90-GTE-P00005,07/29/26 11:40 PM EDT,$0.47,57
20260730,NWSL-DWIN-FG-000A28ULI788EFO-DRAW,07/29/26 11:41 PM EDT,$0.17,55
20260730,NWSL-DWIN-FG-000A28PPI788FO8-WATW003,07/29/26 11:41 PM EDT,$0.71,350
20260730,NWSL-DWIN-FG-000A28PPI788FO8-WATW003,07/29/26 11:41 PM EDT,$0.70,350
20260730,KBO-MOVY-FG-00N6IK4TPGPBUUG-SANS000-GTE-P00005,07/29/26 11:41 PM EDT,$0.56,25
20260730,MLB-PHRR-FG-03VQO66O4OOAO5O-ALNA001-GTE-P00005,07/29/26 11:41 PM EDT,$0.63,7
20260730,MLB-PHRR-FG-03VQO66O4OOAO5O-WYRD000-GTE-P00015,07/29/26 11:41 PM EDT,$0.54,8
20260730,MLB-TRUNS-IT5-01DRH5CMTNRRJNO-GTE-P00035,07/29/26 11:41 PM EDT,$0.16,100
20260730,MLB-TRUNS-I1-03VQOQO34OOEMK8-GTE-P00005,07/29/26 11:41 PM EDT,$0.55,57
20260730,MLB-MOVY-IT5-01DRH5CMTNRRJNO-LARS000-GTE-P00025,07/29/26 11:42 PM EDT,$0.97,39
20260730,MLB-TRUNS-I1-03VQO64O4OOAPQG-GTE-P00005,07/29/26 11:43 PM EDT,$0.51,82
20260730,MLB-PHRR-FG-01DRH5CMTNRRJNO-MAAD000-GTE-P00025,07/29/26 11:43 PM EDT,$0.13,71
20260730,NWSL-DWIN-FG-000A28ULI788EFO-DRAW,07/29/26 11:43 PM EDT,$0.17,27
20260730,NWSL-DWIN-FG-000A28ULI788EFO-NJCW001,07/29/26 11:43 PM EDT,$0.83,5
20260730,MLB-MOVY-IT5-01DRH5CMTNRRJNO-SERS000-GTE-P00015,07/29/26 11:44 PM EDT,$0.01,350
20260730,KBO-TRUNS-FG-00N6IK6LPGPBURG-GTE-P00095,07/29/26 11:44 PM EDT,$0.56,8
20260730,MLB-TRUNS-I8-01DRH5ANTNRRIEO-GTE-P00005,07/29/26 11:44 PM EDT,$0.49,49
20260730,MLB-TRUNS-I1-03VQO64O4OOAPQG-GTE-P00005,07/29/26 11:44 PM EDT,$0.51,50
20260730,MLB-MOVY-IT5-01DRH5ANTNRRIEO-LALS000-GTE-P00025,07/29/26 11:44 PM EDT,$0.03,66
20260730,NWSL-DWIN-FG-000A28ULI788EFO-NJCW001,07/29/26 11:44 PM EDT,$0.83,5
20260730,MLB-TRUNS-I1-03VQO67A4OOAPFG-GTE-P00005,07/29/26 11:44 PM EDT,$0.42,41
20260730,MLB-TRUNS-I1-03VQO6384OOAO8O-GTE-P00005,07/29/26 11:45 PM EDT,$0.47,54
20260730,MLB-TRUNS-I1-03VQO66O4OOAO5O-GTE-P00005,07/29/26 11:45 PM EDT,$0.52,37
20260730,MLB-TRUNS-I1-03VQO6384OOAO8O-GTE-P00005,07/29/26 11:45 PM EDT,$0.47,45
20260730,NWSL-DWIN-FG-000A28ULI788EFO-DRAW,07/29/26 11:45 PM EDT,$0.17,55
20260730,MLB-TRUNS-I7-01DRH58PTNRRJ90-GTE-P00005,07/29/26 11:46 PM EDT,$0.48,92
20260730,MLB-TRUNS-I1-03VQO66O4OOAO5O-GTE-P00005,07/29/26 11:46 PM EDT,$0.44,45
20260730,NWSL-DWIN-FG-000A28ULI788EFO-DRAW,07/29/26 11:46 PM EDT,$0.15,12
20260730,NWSL-DWIN-FG-000A28ULI788EFO-DRAW,07/29/26 11:46 PM EDT,$0.16,30
20260730,MLB-PHRR-FG-01DRH5CMTNRRJNO-DANG001-GTE-P00005,07/29/26 11:46 PM EDT,$0.45,10
20260730,NWSL-DWIN-FG-000A28ULI788EFO-DRAW,07/29/26 11:47 PM EDT,$0.16,29
20260730,MLB-TRUNS-I7-01DRH58PTNRRJ90-GTE-P00005,07/29/26 11:47 PM EDT,$0.54,10
20260730,MLB-TRUNS-IT5-01DRH5CMTNRRJNO-GTE-P00035,07/29/26 11:48 PM EDT,$0.02,8
20260730,MLB-TRUNS-IT5-01DRH5CMTNRRJNO-GTE-P00035,07/29/26 11:48 PM EDT,$0.02,63
20260730,MLB-TRUNS-I7-01DRH58PTNRRJ90-GTE-P00005,07/29/26 11:48 PM EDT,$0.46,8
20260730,MLB-WIN-IT5-01DRH5ANTNRRIEO-HOOS000,07/29/26 11:48 PM EDT,$0.04,20
20260730,NWSL-DWIN-FG-000A28ULI788EFO-DRAW,07/29/26 11:48 PM EDT,$0.15,125
20260730,MLB-TRUNS-I7-01DRH5CMTNRRJNO-GTE-P00005,07/29/26 11:48 PM EDT,$0.47,9
20260730,NWSL-DWIN-FG-000A28ULI788EFO-DRAW,07/29/26 11:48 PM EDT,$0.15,312
20260730,MLB-TRUNS-I7-01DRH5CMTNRRJNO-GTE-P00005,07/29/26 11:49 PM EDT,$0.47,4
20260730,MLB-MOVY-IT5-01DRH58PTNRRJ90-ATCS000-GTE-P00015,07/29/26 11:49 PM EDT,$0.03,63
20260730,NWSL-DWIN-FG-000A28ULI788EFO-DRAW,07/29/26 11:49 PM EDT,$0.14,40
20260730,NWSL-DWIN-FG-000A28PPI788FO8-WATW003,07/29/26 11:50 PM EDT,$0.71,350
20260730,NWSL-DWIN-FG-000A28ULI788EFO-NJCW001,07/29/26 11:50 PM EDT,$0.87,5
20260730,MLB-TRUNS-I1-03VQO64O4OOAPQG-GTE-P00005,07/29/26 11:50 PM EDT,$0.51,9
20260730,NWSL-DWIN-FG-000A28ULI788EFO-BACW004,07/29/26 11:51 PM EDT,$0.05,83
20260730,MLB-PHRR-FG-01DRH5CMTNRRJNO-SHNI001-GTE-P00025,07/29/26 11:51 PM EDT,$0.51,1
20260730,NWSL-DWIN-FG-000A28PPI788FO8-DRAW,07/29/26 11:51 PM EDT,$0.20,130
20260730,MLB-TRUNS-I7-01DRH58PTNRRJ90-GTE-P00005,07/29/26 11:51 PM EDT,$0.57,8
20260730,NWSL-DWIN-FG-000A28ULI788EFO-DRAW,07/29/26 11:51 PM EDT,$0.11,76
20260730,NWSL-DWIN-FG-000A28ULI788EFO-BACW004,07/29/26 11:52 PM EDT,$0.07,87
20260730,MLB-TRUNS-I8-01DRH5CMTNRRJNO-GTE-P00035,07/29/26 11:52 PM EDT,$0.10,90
20260730,MLB-PHRR-FG-01DRH5CMTNRRJNO-MOTS000-GTE-P00015,07/29/26 11:52 PM EDT,$0.98,10
20260730,MLB-TRUNS-I7-01DRH58PTNRRJ90-GTE-P00005,07/29/26 11:52 PM EDT,$0.60,9
20260730,NWSL-DWIN-FG-000A28ULI788EFO-DRAW,07/29/26 11:52 PM EDT,$0.13,312
20260730,MLB-TRUNS-I7-01DRH58PTNRRJ90-GTE-P00015,07/29/26 11:52 PM EDT,$0.40,42
20260730,NWSL-DWIN-FG-000A28ULI788EFO-DRAW,07/29/26 11:52 PM EDT,$0.18,52
20260730,NWSL-DWIN-FG-000A28ULI788EFO-DRAW,07/29/26 11:53 PM EDT,$0.18,26
20260730,NWSL-DWIN-FG-000A28ULI788EFO-DRAW,07/29/26 11:53 PM EDT,$0.16,58
20260730,NWSL-DWIN-FG-000A28ULI788EFO-NJCW001,07/29/26 11:54 PM EDT,$0.87,7
20260730,MLB-TRUNS-I7-01DRH58PTNRRJ90-GTE-P00005,07/29/26 11:54 PM EDT,$0.45,19
20260730,MLB-TRUNS-I7-01DRH58PTNRRJ90-GTE-P00015,07/29/26 11:54 PM EDT,$0.37,15
20260730,MLB-MOVY-IT5-01DRH58PTNRRJ90-ATCS000-GTE-P00015,07/29/26 11:55 PM EDT,$0.03,79
20260730,KBO-WIN-FG-00N6J60MPGPBDG0-KIES000,07/29/26 11:56 PM EDT,$0.41,11
20260730,NWSL-DWIN-FG-000A28ULI788EFO-DRAW,07/29/26 11:57 PM EDT,$0.08,52
20260730,KBO-WIN-FG-00N6J60MPGPBDG0-KIES000,07/29/26 11:58 PM EDT,$0.41,12
20260730,KBO-TRUNS-FG-00N6J60MPGPBDG0-GTE-P00095,07/29/26 11:59 PM EDT,$0.47,14
20260730,MLB-PHRR-FG-01DRH5CMTNRRJNO-DANG001-GTE-P00025,07/29/26 11:59 PM EDT,$0.46,133
20260730,MLB-PHRR-FG-01DRH5ANTNRRIEO-MIUT000-GTE-P00015,07/29/26 11:59 PM EDT,$0.98,514
20260730,NWSL-DWIN-FG-000A28ULI788EFO-NJCW001,07/29/26 11:59 PM EDT,$0.90,235
20260730,KBO-TRUNS-FG-00N6J63FPGPBDE8-GTE-P00095,07/29/26 11:59 PM EDT,$0.53,12
20260730,KBO-TRUNS-FG-00N6IK4TPGPBUUG-GTE-P00095,07/29/26 11:59 PM EDT,$0.59,11
20260730,MLB-TRUNS-I7-01DRH58PTNRRJ90-GTE-P00005,07/29/26 11:59 PM EDT,$0.09,8
