Business Date,Symbol,Transaction Date and Time,Last Price (USD),Last Quantity
20260727,MLB-WIN-IT5-02HOSF5NOK1VG6O-WALS000,07/27/26 05:43 AM EDT,$0.58,3
20260727,MLB-WIN-FG-02HOSF7EOK1VGP0-PIES000,07/27/26 08:15 AM EDT,$0.51,30
20260727,MLB-WIN-IT5-02HOSF7EOK1VGP0-PIES000,07/27/26 09:37 AM EDT,$0.54,44
20260727,MLB-WIN-IT5-02HOSF5NOK1VG6O-WALS000,07/27/26 10:24 AM EDT,$0.57,16
20260727,KBO-TRUNS-FG-000ABKU5I43KKM0-GTE-P00065,07/27/26 10:25 AM EDT,$0.73,20
20260727,MLB-TRUNS-IT5-02HOT9VAOK1VM3G-GTE-P00045,07/27/26 10:26 AM EDT,$0.47,4
20260727,NWSL-DWIN-FG-000A28SHI788EU0-KATW001,07/27/26 10:27 AM EDT,$0.68,5
20260727,MLB-TRUNS-IT5-02HOT9VAOK1VM3G-GTE-P00045,07/27/26 10:27 AM EDT,$0.47,10
20260727,MLB-TRUNS-IT5-02HOSF2TOK1VH9O-GTE-P00045,07/27/26 10:27 AM EDT,$0.46,247
20260727,MLB-WIN-IT5-02HOSF2TOK1VH9O-SERS000,07/27/26 10:28 AM EDT,$0.57,5
20260727,MLB-MOVY-IT5-02HOSF34OK1VGU8-PHES000-GTE-P00005,07/27/26 10:28 AM EDT,$0.54,1
20260727,MLB-MOVY-IT5-02HOSF2TOK1VH9O-SERS000-GTE-P00005,07/27/26 10:28 AM EDT,$0.47,4
20260727,MLB-TRUNS-IT5-02HOSF2TOK1VH9O-GTE-P00045,07/27/26 10:33 AM EDT,$0.46,10
20260727,MLB-WIN-IT5-02HOSF34OK1VGU8-PHES000,07/27/26 10:37 AM EDT,$0.65,97
20260727,MLB-WIN-IT5-02HOSF2TOK1VH9O-SERS000,07/27/26 10:37 AM EDT,$0.57,117
20260727,MLB-MOVY-IT5-02HOSF03OK1VHG0-DERS000-GTE-P00005,07/27/26 10:37 AM EDT,$0.38,5
20260727,MLB-MOVY-IT5-02HOSF34OK1VGU8-PHES000-GTE-P00005,07/27/26 10:39 AM EDT,$0.55,87
20260727,MLB-TRUNS-IT5-02HOSF2TOK1VH9O-GTE-P00045,07/27/26 10:39 AM EDT,$0.44,90
20260727,MLB-WIN-IT5-02HOSF2TOK1VH9O-SERS000,07/27/26 10:40 AM EDT,$0.57,84
20260727,MLB-WIN-IT5-02HOT9O1OK1VMH8-CHBS000,07/27/26 10:42 AM EDT,$0.52,5
20260727,KBO-WIN-FG-000ABKVAI43KK20-LGNS000,07/27/26 10:43 AM EDT,$0.76,1
20260727,MLB-TRUNS-IT5-02HOT9O1OK1VMH8-GTE-P00055,07/27/26 10:43 AM EDT,$0.49,5
20260727,MLB-WIN-IT5-02HOSF3DOK1VH80-CIDS000,07/27/26 10:45 AM EDT,$0.65,14
20260727,MLB-WIN-IT5-02HOSF34OK1VGU8-PHES000,07/27/26 10:45 AM EDT,$0.65,14
20260727,MLB-MOVY-IT5-02HOSF2TOK1VH9O-SERS000-GTE-P00005,07/27/26 10:47 AM EDT,$0.45,17
20260727,MLB-WIN-IT5-02HOSF5NOK1VG6O-WALS000,07/27/26 10:51 AM EDT,$0.56,43
20260727,MLB-TRUNS-IT5-02HOSF2TOK1VH9O-GTE-P00045,07/27/26 10:51 AM EDT,$0.44,690
20260727,MLB-MOVY-IT5-02HOSF03OK1VHG0-DERS000-GTE-P00005,07/27/26 10:52 AM EDT,$0.46,41
20260727,MLB-WIN-IT5-02HOSF7EOK1VGP0-PIES000,07/27/26 10:53 AM EDT,$0.52,37
20260727,KBO-WIN-FG-000ABKSKI43KLPO-KTON000,07/27/26 10:53 AM EDT,$0.59,81
20260727,KBO-WIN-FG-000ABKSKI43KLPO-KTON000,07/27/26 10:54 AM EDT,$0.55,81
20260727,MLB-TRUNS-IT5-02HOSF3DOK1VH80-GTE-P00045,07/27/26 10:58 AM EDT,$0.47,54
20260727,MLB-WIN-IT5-02HOT9R0OK1VNTG-BOOX000,07/27/26 10:59 AM EDT,$0.61,3
20260727,MLB-WIN-IT5-02HOSF34OK1VGU8-PHES000,07/27/26 10:59 AM EDT,$0.65,14
20260727,MLB-WIN-IT5-02HOT9V9OK1VNE0-NYES000,07/27/26 10:59 AM EDT,$0.60,16
20260727,MLB-TRUNS-IT5-02HOT9R0OK1VNTG-GTE-P00055,07/27/26 10:59 AM EDT,$0.46,2
20260727,MLB-WIN-IT5-02HOT9QTOK1VME8-MIRS000,07/27/26 11:00 AM EDT,$0.53,18
20260727,MLB-WIN-IT5-02HOSF2TOK1VH9O-SERS000,07/27/26 11:01 AM EDT,$0.56,86
20260727,MLB-MOVY-IT5-02HOT9V9OK1VNE0-NYES000-GTE-P00005,07/27/26 11:01 AM EDT,$0.52,4
20260727,MLB-TRUNS-IT5-02HOSF2TOK1VH9O-GTE-P00045,07/27/26 11:02 AM EDT,$0.46,10
20260727,MLB-WIN-IT5-02HOSF34OK1VGU8-PHES000,07/27/26 11:03 AM EDT,$0.64,45
20260727,MLB-WIN-IT5-02HOSF2TOK1VH9O-SERS000,07/27/26 11:06 AM EDT,$0.56,96
20260727,MLB-WIN-IT5-02HOSF5NOK1VG6O-WALS000,07/27/26 11:07 AM EDT,$0.57,44
20260727,MLB-MOVY-IT5-02HOSF2TOK1VH9O-SERS000-GTE-P00005,07/27/26 11:07 AM EDT,$0.48,18
20260727,MLB-TRUNS-IT5-02HOSF2TOK1VH9O-GTE-P00045,07/27/26 11:07 AM EDT,$0.44,18
20260727,MLB-TRUNS-IT5-02HOSF2TOK1VH9O-GTE-P00045,07/27/26 11:07 AM EDT,$0.46,14
20260727,MLB-WIN-IT5-02HOSF5NOK1VG6O-WALS000,07/27/26 11:09 AM EDT,$0.57,84
20260727,MLB-MOVY-IT5-02HOSF34OK1VGU8-PHES000-GTE-P00005,07/27/26 11:09 AM EDT,$0.55,17
20260727,KBO-MOVY-FG-000ABKU5I43KKM0-DORS000-GTE-P00015,07/27/26 11:10 AM EDT,$0.49,98
20260727,KBO-MOVY-FG-000ABKU5I43KKM0-DORS000-GTE-P00015,07/27/26 11:11 AM EDT,$0.43,98
20260727,MLB-WIN-IT5-02HOSF2TOK1VH9O-TERS000,07/27/26 11:12 AM EDT,$0.46,20
20260727,MLB-TRUNS-IT5-02HOSF3DOK1VH80-GTE-P00045,07/27/26 11:13 AM EDT,$0.47,45
20260727,MLB-MOVY-IT5-02HOSF2TOK1VH9O-SERS000-GTE-P00005,07/27/26 11:16 AM EDT,$0.45,38
20260727,MLB-WIN-IT5-02HOSF2TOK1VH9O-SERS000,07/27/26 11:16 AM EDT,$0.56,44
20260727,MLB-MOVY-IT5-02HOT9R0OK1VNTG-BOOX000-GTE-P00005,07/27/26 11:18 AM EDT,$0.55,17
20260727,MLB-WIN-IT5-02HOSF5NOK1VG6O-WALS000,07/27/26 11:18 AM EDT,$0.57,16
20260727,MLB-MOVY-IT5-02HOSF34OK1VGU8-PHES000-GTE-P00005,07/27/26 11:18 AM EDT,$0.55,263
20260727,MLB-TRUNS-IT5-02HOSF2TOK1VH9O-GTE-P00045,07/27/26 11:19 AM EDT,$0.46,210
20260727,MLB-WIN-IT5-02HOSF2TOK1VH9O-SERS000,07/27/26 11:20 AM EDT,$0.56,10
20260727,MLB-WIN-IT5-02HOSF5NOK1VG6O-WALS000,07/27/26 11:20 AM EDT,$0.57,17
20260727,MLB-WIN-IT5-02HOSF2TOK1VH9O-SERS000,07/27/26 11:23 AM EDT,$0.56,236
20260727,MLB-WIN-IT5-02HOSF34OK1VGU8-PHES000,07/27/26 11:23 AM EDT,$0.64,7
20260727,MLB-WIN-IT5-02HOSF5NOK1VG6O-WALS000,07/27/26 11:25 AM EDT,$0.57,16
20260727,MLB-TRUNS-IT5-02HOSF2TOK1VH9O-GTE-P00045,07/27/26 11:30 AM EDT,$0.43,84
20260727,MLB-TRUNS-IT5-02HOSF2TOK1VH9O-GTE-P00045,07/27/26 11:31 AM EDT,$0.45,10
20260727,MLB-TRUNS-IT5-02HOSF2TOK1VH9O-GTE-P00045,07/27/26 11:35 AM EDT,$0.43,338
20260727,MLB-TRUNS-IT5-02HOSF34OK1VGU8-GTE-P00045,07/27/26 11:37 AM EDT,$0.43,16
20260727,MLB-MOVY-IT5-02HOT9V9OK1VNE0-NYES000-GTE-P00005,07/27/26 11:38 AM EDT,$0.52,18
20260727,MLB-WIN-IT5-02HOT9V9OK1VNE0-NYES000,07/27/26 11:39 AM EDT,$0.60,16
20260727,MLB-WIN-IT5-02HOSF34OK1VGU8-PHES000,07/27/26 11:40 AM EDT,$0.64,37
20260727,MLB-TRUNS-IT5-02HOSF2TOK1VH9O-GTE-P00045,07/27/26 11:40 AM EDT,$0.43,83
20260727,MLB-TRUNS-IT5-02HOSF2TOK1VH9O-GTE-P00045,07/27/26 11:42 AM EDT,$0.45,33
20260727,MLB-WIN-IT5-02HOT9V9OK1VNE0-NYES000,07/27/26 11:43 AM EDT,$0.60,32
20260727,MLB-MOVY-IT5-02HOT9V9OK1VNE0-NYES000-GTE-P00005,07/27/26 11:43 AM EDT,$0.52,10
20260727,MLB-MOVY-IT5-02HOSF2TOK1VH9O-SERS000-GTE-P00005,07/27/26 11:44 AM EDT,$0.48,302
20260727,MLB-TRUNS-IT5-02HOSF03OK1VHG0-GTE-P00045,07/27/26 11:45 AM EDT,$0.47,45
20260727,MLB-TRUNS-IT5-02HOSF2TOK1VH9O-GTE-P00045,07/27/26 11:46 AM EDT,$0.43,16
20260727,MLB-MOVY-IT5-02HOSF34OK1VGU8-PHES000-GTE-P00005,07/27/26 11:47 AM EDT,$0.55,17
20260727,MLB-WIN-IT5-02HOSF34OK1VGU8-PHES000,07/27/26 11:49 AM EDT,$0.64,8
20260727,MLB-MOVY-IT5-02HOSF34OK1VGU8-PHES000-GTE-P00005,07/27/26 11:50 AM EDT,$0.55,26
20260727,MLB-TRUNS-IT5-02HOT9VAOK1VM3G-GTE-P00045,07/27/26 11:51 AM EDT,$0.48,37
20260727,MLB-WIN-IT5-02HOSF5NOK1VG6O-WALS000,07/27/26 11:52 AM EDT,$0.57,54
20260727,MLB-WIN-IT5-02HOSF2TOK1VH9O-SERS000,07/27/26 11:54 AM EDT,$0.56,8
20260727,MLB-MOVY-IT5-02HOSF3DOK1VH80-CIDS000-GTE-P00005,07/27/26 11:55 AM EDT,$0.55,61
20260727,MLB-MOVY-IT5-02HOSF5NOK1VG6O-WALS000-GTE-P00005,07/27/26 11:56 AM EDT,$0.49,15
20260727,MLB-MOVY-IT5-02HOSF3DOK1VH80-CIDS000-GTE-P00005,07/27/26 12:02 PM EDT,$0.55,30
20260727,MLB-WIN-IT5-02HOSF3DOK1VH80-CIDS000,07/27/26 12:03 PM EDT,$0.65,25
20260727,MLB-TRUNS-IT5-02HOSF03OK1VHG0-GTE-P00045,07/27/26 12:04 PM EDT,$0.47,54
20260727,MLB-TRUNS-IT5-02HOSF2TOK1VH9O-GTE-P00045,07/27/26 12:04 PM EDT,$0.44,21
20260727,MLB-MOVY-IT5-02HOSF2TOK1VH9O-SERS000-GTE-P00005,07/27/26 12:05 PM EDT,$0.48,20
20260727,MLB-MOVY-IT5-02HOSF34OK1VGU8-PHES000-GTE-P00005,07/27/26 12:08 PM EDT,$0.55,30
20260727,MLB-WIN-IT5-02HOSF34OK1VGU8-PHES000,07/27/26 12:08 PM EDT,$0.64,25
20260727,MLB-MOVY-IT5-02HOSF3DOK1VH80-CIDS000-GTE-P00005,07/27/26 12:08 PM EDT,$0.55,5
20260727,MLB-MOVY-IT5-02HOSF5NOK1VG6O-WALS000-GTE-P00005,07/27/26 12:08 PM EDT,$0.49,19
20260727,MLB-MOVY-IT5-02HOSF2TOK1VH9O-SERS000-GTE-P00005,07/27/26 12:09 PM EDT,$0.48,17
20260727,MLB-MOVY-IT5-02HOSF2TOK1VH9O-SERS000-GTE-P00005,07/27/26 12:09 PM EDT,$0.48,55
20260727,MLB-WIN-IT5-02HOSF2TOK1VH9O-SERS000,07/27/26 12:10 PM EDT,$0.56,4
20260727,MLB-MOVY-IT5-02HOSF3DOK1VH80-CIDS000-GTE-P00005,07/27/26 12:12 PM EDT,$0.55,439
20260727,MLB-MOVY-IT5-02HOSF34OK1VGU8-PHES000-GTE-P00005,07/27/26 12:13 PM EDT,$0.55,29
20260727,MLB-WIN-IT5-02HOSF2TOK1VH9O-SERS000,07/27/26 12:14 PM EDT,$0.56,43
20260727,MLB-WIN-IT5-02HOSF2TOK1VH9O-TERS000,07/27/26 12:15 PM EDT,$0.45,53
20260727,MLB-MOVY-IT5-02HOSF3DOK1VH80-CIDS000-GTE-P00005,07/27/26 12:17 PM EDT,$0.55,8
20260727,MLB-WIN-IT5-02HOSF5NOK1VG6O-WALS000,07/27/26 12:17 PM EDT,$0.57,10
20260727,MLB-MOVY-IT5-02HOSF3DOK1VH80-CIDS000-GTE-P00005,07/27/26 12:18 PM EDT,$0.55,17
20260727,MLB-TRUNS-IT5-02HOSF7EOK1VGP0-GTE-P00055,07/27/26 12:19 PM EDT,$0.47,59
20260727,MLB-MOVY-IT5-02HOSF3DOK1VH80-CIDS000-GTE-P00005,07/27/26 12:19 PM EDT,$0.55,17
20260727,MLB-MOVY-IT5-02HOSF2TOK1VH9O-SERS000-GTE-P00005,07/27/26 12:19 PM EDT,$0.47,40
20260727,MLB-MOVY-IT5-02HOSF2TOK1VH9O-SERS000-GTE-P00005,07/27/26 12:20 PM EDT,$0.47,102
20260727,MLB-MOVY-IT5-02HOSF3DOK1VH80-CIDS000-GTE-P00005,07/27/26 12:21 PM EDT,$0.55,26
20260727,MLB-TRUNS-IT5-02HOSF2TOK1VH9O-GTE-P00045,07/27/26 12:21 PM EDT,$0.43,50
20260727,MLB-TRUNS-IT5-02HOSF2TOK1VH9O-GTE-P00045,07/27/26 12:22 PM EDT,$0.45,53
20260727,MLB-MOVY-IT5-02HOSF2TOK1VH9O-SERS000-GTE-P00005,07/27/26 12:22 PM EDT,$0.47,61
20260727,KBO-WIN-FG-000ABKVAI43KK20-KIES000,07/27/26 12:24 PM EDT,$0.26,7
20260727,MLB-WIN-IT5-02HOSF34OK1VGU8-PHES000,07/27/26 12:24 PM EDT,$0.64,11
20260727,MLB-MOVY-IT5-02HOT9R0OK1VNTG-BOOX000-GTE-P00005,07/27/26 12:25 PM EDT,$0.55,17
20260727,MLB-MOVY-IT5-02HOSF2TOK1VH9O-SERS000-GTE-P00005,07/27/26 12:28 PM EDT,$0.47,26
20260727,MLB-TRUNS-IT5-02HOSF2TOK1VH9O-GTE-P00045,07/27/26 12:29 PM EDT,$0.43,42
20260727,MLB-WIN-IT5-02HOSF2TOK1VH9O-SERS000,07/27/26 12:30 PM EDT,$0.56,17
20260727,MLB-WIN-IT5-02HOSF1BOK1VH78-NYTS000,07/27/26 12:30 PM EDT,$0.52,50
20260727,MLB-TRUNS-IT5-02HOSF2TOK1VH9O-GTE-P00045,07/27/26 12:32 PM EDT,$0.43,16
20260727,MLB-MOVY-IT5-02HOT9V9OK1VNE0-NYES000-GTE-P00005,07/27/26 12:35 PM EDT,$0.53,90
20260727,MLB-WIN-IT5-02HOSF2TOK1VH9O-TERS000,07/27/26 12:36 PM EDT,$0.46,10
20260727,MLB-WIN-IT5-02HOSF34OK1VGU8-MINS001,07/27/26 12:37 PM EDT,$0.38,25
20260727,MLB-WIN-IT5-02HOT9VAOK1VM3G-LALS000,07/27/26 12:38 PM EDT,$0.51,94
20260727,MLB-WIN-IT5-02HOSF1BOK1VH78-NYTS000,07/27/26 12:38 PM EDT,$0.51,94
20260727,MLB-MOVY-IT5-02HOSF34OK1VGU8-PHES000-GTE-P00005,07/27/26 12:40 PM EDT,$0.55,35
20260727,MLB-MOVY-IT5-02HOSF2TOK1VH9O-SERS000-GTE-P00005,07/27/26 12:40 PM EDT,$0.45,239
20260727,MLB-MOVY-IT5-02HOSF34OK1VGU8-PHES000-GTE-P00005,07/27/26 12:40 PM EDT,$0.55,17
20260727,MLB-TRUNS-IT5-02HOSF5NOK1VG6O-GTE-P00055,07/27/26 12:41 PM EDT,$0.50,9
20260727,MLB-MOVY-IT5-02HOSF3DOK1VH80-CIDS000-GTE-P00005,07/27/26 12:42 PM EDT,$0.55,131
20260727,MLB-WIN-IT5-02HOSF5NOK1VG6O-WALS000,07/27/26 12:44 PM EDT,$0.57,8
20260727,MLB-TRUNS-IT5-02HOSF2TOK1VH9O-GTE-P00045,07/27/26 12:44 PM EDT,$0.46,41
20260727,MLB-MOVY-IT5-02HOSF3DOK1VH80-CIDS000-GTE-P00005,07/27/26 12:45 PM EDT,$0.55,14
20260727,MLB-WIN-IT5-02HOT9R0OK1VNTG-BOOX000,07/27/26 12:45 PM EDT,$0.61,3
20260727,NWSL-DWIN-FG-000A28PPI788FO8-UTSW003,07/27/26 12:47 PM EDT,$0.33,11
20260727,NWSL-DWIN-FG-000A28ULI788EFO-NJCW001,07/27/26 12:47 PM EDT,$0.60,3
20260727,MLB-MOVY-IT5-02HOSF5NOK1VG6O-WALS000-GTE-P00005,07/27/26 12:47 PM EDT,$0.49,19
20260727,MLB-WIN-IT5-02HOSF2TOK1VH9O-SERS000,07/27/26 12:58 PM EDT,$0.56,8
20260727,MLB-MOVY-IT5-02HOT9VAOK1VM3G-LALS000-GTE-P00005,07/27/26 01:00 PM EDT,$0.47,102
20260727,MLB-WIN-IT5-02HOT9VAOK1VM3G-LALS000,07/27/26 01:00 PM EDT,$0.51,94
20260727,MLB-WIN-IT5-02HOSF2TOK1VH9O-SERS000,07/27/26 01:02 PM EDT,$0.56,26
20260727,MLB-TRUNS-IT5-02HOSF2TOK1VH9O-GTE-P00045,07/27/26 01:03 PM EDT,$0.45,21
20260727,MLB-WIN-IT5-02HOSF5NOK1VG6O-WALS000,07/27/26 01:04 PM EDT,$0.58,10
20260727,MLB-TRUNS-IT5-02HOSF2TOK1VH9O-GTE-P00045,07/27/26 01:04 PM EDT,$0.46,10
20260727,MLB-WIN-IT5-02HOSF5NOK1VG6O-WALS000,07/27/26 01:05 PM EDT,$0.58,5
20260727,MLB-WIN-IT5-02HOSF2TOK1VH9O-SERS000,07/27/26 01:06 PM EDT,$0.56,458
20260727,MLB-TRUNS-IT5-02HOSF2TOK1VH9O-GTE-P00045,07/27/26 01:07 PM EDT,$0.46,41
20260727,MLB-MOVY-IT5-02HOT9R0OK1VNTG-BOOX000-GTE-P00005,07/27/26 01:12 PM EDT,$0.47,17
20260727,MLB-WIN-IT5-02HOT9VAOK1VM3G-LALS000,07/27/26 01:13 PM EDT,$0.51,21
20260727,NWSL-DWIN-FG-000A28SHI788EU0-RAEW001,07/27/26 01:14 PM EDT,$0.20,90
20260727,NWSL-DWIN-FG-000A28PPI788FO8-DRAW,07/27/26 01:14 PM EDT,$0.30,62
20260727,NWSL-DWIN-FG-000A28ULI788EFO-BACW004,07/27/26 01:14 PM EDT,$0.23,60
20260727,MLB-WIN-IT5-02HOSF2TOK1VH9O-SERS000,07/27/26 01:15 PM EDT,$0.56,26
20260727,MLB-WIN-IT5-02HOSF3DOK1VH80-CIDS000,07/27/26 01:15 PM EDT,$0.64,37
20260727,MLB-WIN-IT5-02HOSF2TOK1VH9O-TERS000,07/27/26 01:16 PM EDT,$0.46,97
20260727,MLB-WIN-IT5-02HOT9QTOK1VME8-MIRS000,07/27/26 01:16 PM EDT,$0.54,12
20260727,MLB-WIN-IT5-02HOSF3DOK1VH80-CIDS000,07/27/26 01:16 PM EDT,$0.64,10
20260727,MLB-WIN-IT5-02HOT9R0OK1VNTG-BOOX000,07/27/26 01:16 PM EDT,$0.60,11
20260727,MLB-WIN-IT5-02HOSF7EOK1VGP0-PIES000,07/27/26 01:18 PM EDT,$0.52,37
20260727,MLB-WIN-IT5-02HOSF2TOK1VH9O-SERS000,07/27/26 01:21 PM EDT,$0.55,63
20260727,MLB-WIN-IT5-02HOT9V9OK1VNE0-NYES000,07/27/26 01:21 PM EDT,$0.59,16
20260727,MLB-WIN-IT5-02HOSF34OK1VGU8-PHES000,07/27/26 01:21 PM EDT,$0.64,15
20260727,MLB-TRUNS-IT5-02HOSF1BOK1VH78-GTE-P00045,07/27/26 01:21 PM EDT,$0.54,20
20260727,MLB-WIN-IT5-02HOSF3DOK1VH80-CIDS000,07/27/26 01:21 PM EDT,$0.64,15
20260727,MLB-WIN-IT5-02HOT9R0OK1VNTG-BOOX000,07/27/26 01:21 PM EDT,$0.60,16
20260727,MLB-WIN-IT5-02HOSF2TOK1VH9O-SERS000,07/27/26 01:23 PM EDT,$0.56,25
20260727,MLB-WIN-IT5-02HOSF3DOK1VH80-CIDS000,07/27/26 01:25 PM EDT,$0.64,37
20260727,MLB-TRUNS-IT5-02HOSF2TOK1VH9O-GTE-P00045,07/27/26 01:26 PM EDT,$0.43,849
20260727,MLB-WIN-IT5-02HOT9V9OK1VNE0-NYES000,07/27/26 01:27 PM EDT,$0.59,40
20260727,MLB-WIN-IT5-02HOSF2TOK1VH9O-SERS000,07/27/26 01:27 PM EDT,$0.56,34
20260727,MLB-MOVY-IT5-02HOSF2TOK1VH9O-SERS000-GTE-P00005,07/27/26 01:28 PM EDT,$0.47,20
20260727,MLB-TRUNS-IT5-02HOSF7EOK1VGP0-GTE-P00055,07/27/26 01:28 PM EDT,$0.46,41
20260727,MLB-TRUNS-IT5-02HOSF2TOK1VH9O-GTE-P00045,07/27/26 01:28 PM EDT,$0.45,84
20260727,MLB-MOVY-IT5-02HOSF2TOK1VH9O-SERS000-GTE-P00005,07/27/26 01:30 PM EDT,$0.47,20
20260727,MLB-WIN-IT5-02HOSF2TOK1VH9O-SERS000,07/27/26 01:31 PM EDT,$0.56,8
20260727,MLB-MOVY-IT5-02HOSF2TOK1VH9O-SERS000-GTE-P00005,07/27/26 01:34 PM EDT,$0.47,10
20260727,MLB-WIN-IT5-02HOSF2TOK1VH9O-TERS000,07/27/26 01:34 PM EDT,$0.46,53
20260727,MLB-MOVY-IT5-02HOT9QTOK1VME8-MIRS000-GTE-P00005,07/27/26 01:36 PM EDT,$0.45,21
20260727,MLB-MOVY-IT5-02HOSF34OK1VGU8-PHES000-GTE-P00005,07/27/26 01:36 PM EDT,$0.56,17
20260727,MLB-MOVY-IT5-02HOT9O1OK1VMH8-CHBS000-GTE-P00005,07/27/26 01:37 PM EDT,$0.43,8
20260727,MLB-TRUNS-IT5-02HOSF1BOK1VH78-GTE-P00045,07/27/26 01:37 PM EDT,$0.54,10
20260727,MLB-MOVY-IT5-02HOSF3DOK1VH80-CIDS000-GTE-P00005,07/27/26 01:38 PM EDT,$0.55,17
20260727,MLB-TRUNS-IT5-02HOSF03OK1VHG0-GTE-P00045,07/27/26 01:38 PM EDT,$0.48,27
20260727,MLB-MOVY-IT5-02HOSF34OK1VGU8-PHES000-GTE-P00005,07/27/26 01:38 PM EDT,$0.56,1094
20260727,MLB-TRUNS-IT5-02HOSF34OK1VGU8-GTE-P00045,07/27/26 01:39 PM EDT,$0.43,40
20260727,MLB-WIN-IT5-02HOSF2TOK1VH9O-SERS000,07/27/26 01:39 PM EDT,$0.56,51
20260727,MLB-MOVY-IT5-02HOSF2TOK1VH9O-SERS000-GTE-P00005,07/27/26 01:39 PM EDT,$0.47,102
20260727,MLB-TRUNS-IT5-02HOSF2TOK1VH9O-GTE-P00045,07/27/26 01:40 PM EDT,$0.43,246
20260727,MLB-TRUNS-IT5-02HOSF1BOK1VH78-GTE-P00045,07/27/26 01:40 PM EDT,$0.54,20
20260727,MLB-MOVY-IT5-02HOSF34OK1VGU8-PHES000-GTE-P00005,07/27/26 01:41 PM EDT,$0.55,17
20260727,MLB-WIN-IT5-02HOSF2TOK1VH9O-SERS000,07/27/26 01:41 PM EDT,$0.55,2
20260727,MLB-MOVY-IT5-02HOSF2TOK1VH9O-SERS000-GTE-P00005,07/27/26 01:41 PM EDT,$0.47,2
20260727,MLB-MOVY-IT5-02HOSF3DOK1VH80-CIDS000-GTE-P00005,07/27/26 01:42 PM EDT,$0.55,17
20260727,MLB-WIN-IT5-02HOSF2TOK1VH9O-SERS000,07/27/26 01:42 PM EDT,$0.55,5
20260727,MLB-TRUNS-IT5-02HOSF2TOK1VH9O-GTE-P00045,07/27/26 01:42 PM EDT,$0.45,10
20260727,MLB-MOVY-IT5-02HOSF34OK1VGU8-PHES000-GTE-P00005,07/27/26 01:42 PM EDT,$0.56,12
20260727,MLB-TRUNS-IT5-02HOSF2TOK1VH9O-GTE-P00045,07/27/26 01:42 PM EDT,$0.43,84
20260727,MLB-TRUNS-IT5-02HOSF34OK1VGU8-GTE-P00045,07/27/26 01:42 PM EDT,$0.43,9
20260727,MLB-TRUNS-IT5-02HOSF2TOK1VH9O-GTE-P00045,07/27/26 01:43 PM EDT,$0.43,18
20260727,MLB-MOVY-IT5-02HOSF34OK1VGU8-PHES000-GTE-P00005,07/27/26 01:43 PM EDT,$0.56,43
20260727,MLB-TRUNS-IT5-02HOSF5NOK1VG6O-GTE-P00055,07/27/26 01:44 PM EDT,$0.50,38
20260727,MLB-TRUNS-IT5-02HOSF03OK1VHG0-GTE-P00045,07/27/26 01:44 PM EDT,$0.48,27
20260727,MLB-TRUNS-IT5-02HOSF2TOK1VH9O-GTE-P00045,07/27/26 01:45 PM EDT,$0.45,246
20260727,MLB-TRUNS-IT5-02HOSF3DOK1VH80-GTE-P00045,07/27/26 01:45 PM EDT,$0.47,45
20260727,MLB-TRUNS-IT5-02HOSF34OK1VGU8-GTE-P00045,07/27/26 01:45 PM EDT,$0.43,42
20260727,MLB-MOVY-IT5-02HOSF2TOK1VH9O-SERS000-GTE-P00005,07/27/26 01:46 PM EDT,$0.45,52
20260727,MLB-WIN-IT5-02HOSF1BOK1VH78-NYTS000,07/27/26 01:47 PM EDT,$0.51,10
20260727,MLB-MOVY-IT5-02HOSF5NOK1VG6O-WALS000-GTE-P00005,07/27/26 01:47 PM EDT,$0.50,38
20260727,KBO-WIN-FG-000ABKVAI43KK20-KIES000,07/27/26 01:48 PM EDT,$0.24,7
20260727,KBO-WIN-FG-000ABKQ0I43KKSG-SANS000,07/27/26 01:48 PM EDT,$0.45,4
20260727,MLB-WIN-IT5-02HOSF2TOK1VH9O-SERS000,07/27/26 01:49 PM EDT,$0.55,43
20260727,MLB-TRUNS-IT5-02HOSF2TOK1VH9O-GTE-P00045,07/27/26 01:49 PM EDT,$0.43,50
20260727,MLB-TRUNS-IT5-02HOSF03OK1VHG0-GTE-P00045,07/27/26 01:49 PM EDT,$0.48,92
20260727,MLB-MOVY-IT5-02HOSF2TOK1VH9O-SERS000-GTE-P00005,07/27/26 01:50 PM EDT,$0.45,140
20260727,MLB-WIN-IT5-02HOSF5NOK1VG6O-WALS000,07/27/26 01:50 PM EDT,$0.59,16
20260727,MLB-MOVY-IT5-02HOSF34OK1VGU8-PHES000-GTE-P00005,07/27/26 01:51 PM EDT,$0.56,129
20260727,MLB-TRUNS-IT5-02HOSF34OK1VGU8-GTE-P00045,07/27/26 01:51 PM EDT,$0.45,10
20260727,MLB-TRUNS-IT5-02HOSF2TOK1VH9O-GTE-P00045,07/27/26 01:51 PM EDT,$0.45,106
20260727,MLB-TRUNS-IT5-02HOSF2TOK1VH9O-GTE-P00045,07/27/26 01:51 PM EDT,$0.43,42
20260727,MLB-WIN-IT5-02HOSF2TOK1VH9O-TERS000,07/27/26 01:52 PM EDT,$0.46,44
20260727,MLB-MOVY-IT5-02HOSF2TOK1VH9O-SERS000-GTE-P00005,07/27/26 01:53 PM EDT,$0.45,95
20260727,MLB-WIN-IT5-02HOSF2TOK1VH9O-TERS000,07/27/26 01:54 PM EDT,$0.46,104
20260727,MLB-MOVY-IT5-02HOSF2TOK1VH9O-SERS000-GTE-P00005,07/27/26 01:54 PM EDT,$0.47,1
20260727,MLB-TRUNS-IT5-02HOSF2TOK1VH9O-GTE-P00045,07/27/26 01:55 PM EDT,$0.45,1
20260727,MLB-MOVY-IT5-02HOSF2TOK1VH9O-SERS000-GTE-P00005,07/27/26 01:56 PM EDT,$0.47,51
20260727,MLB-TRUNS-IT5-02HOSF2TOK1VH9O-GTE-P00045,07/27/26 01:56 PM EDT,$0.45,53
20260727,MLB-WIN-IT5-02HOSF2TOK1VH9O-TERS000,07/27/26 01:56 PM EDT,$0.46,52
20260727,MLB-TRUNS-IT5-02HOSF34OK1VGU8-GTE-P00045,07/27/26 01:59 PM EDT,$0.43,7
20260727,MLB-WIN-IT5-02HOSF7EOK1VGP0-ARKS000,07/27/26 01:59 PM EDT,$0.50,96
20260727,MLB-WIN-IT5-02HOSF03OK1VHG0-BAES000,07/27/26 01:59 PM EDT,$0.49,98
20260727,MLB-WIN-IT5-02HOSF1BOK1VH78-NYTS000,07/27/26 02:00 PM EDT,$0.52,92
20260727,MLB-WIN-IT5-02HOT9V9OK1VNE0-NYES000,07/27/26 02:00 PM EDT,$0.59,81
20260727,MLB-WIN-IT5-02HOT9O1OK1VMH8-CHBS000,07/27/26 02:00 PM EDT,$0.53,90
20260727,MLB-TRUNS-IT5-02HOSF34OK1VGU8-GTE-P00045,07/27/26 02:00 PM EDT,$0.43,296
20260727,MLB-WIN-IT5-02HOT9R0OK1VNTG-BOOX000,07/27/26 02:00 PM EDT,$0.61,79
20260727,MLB-WIN-IT5-02HOT9QTOK1VME8-SFTS000,07/27/26 02:00 PM EDT,$0.49,98
20260727,NWSL-DWIN-FG-000A28ULI788EFO-NJCW001,07/27/26 02:01 PM EDT,$0.60,11
20260727,MLB-WIN-IT5-02HOSF3DOK1VH80-CIDS000,07/27/26 02:01 PM EDT,$0.64,37
20260727,MLB-WIN-IT5-02HOSF34OK1VGU8-PHES000,07/27/26 02:01 PM EDT,$0.65,37
20260727,MLB-TRUNS-IT5-02HOSF34OK1VGU8-GTE-P00045,07/27/26 02:01 PM EDT,$0.43,33
20260727,MLB-TRUNS-IT5-02HOSF7EOK1VGP0-GTE-P00055,07/27/26 02:01 PM EDT,$0.46,63
20260727,MLB-MOVY-IT5-02HOSF2TOK1VH9O-SERS000-GTE-P00005,07/27/26 02:02 PM EDT,$0.47,51
20260727,MLB-WIN-IT5-02HOSF2TOK1VH9O-TERS000,07/27/26 02:02 PM EDT,$0.46,10
20260727,MLB-MOVY-IT5-02HOSF2TOK1VH9O-SERS000-GTE-P00005,07/27/26 02:03 PM EDT,$0.45,14
20260727,MLB-WIN-IT5-02HOSF1BOK1VH78-NYTS000,07/27/26 02:07 PM EDT,$0.51,37
20260727,MLB-WIN-IT5-02HOSF5NOK1VG6O-WALS000,07/27/26 02:07 PM EDT,$0.58,33
20260727,MLB-WIN-IT5-02HOT9V9OK1VNE0-NYES000,07/27/26 02:07 PM EDT,$0.59,16
20260727,MLB-MOVY-IT5-02HOSF5NOK1VG6O-WALS000-GTE-P00005,07/27/26 02:07 PM EDT,$0.50,40
20260727,KBO-MOVY-FG-000ABKVAI43KK20-LGNS000-GTE-P00025,07/27/26 02:08 PM EDT,$0.52,10
20260727,MLB-WIN-IT5-02HOSF5NOK1VG6O-WALS000,07/27/26 02:08 PM EDT,$0.58,166
20260727,KBO-WIN-FG-000ABKU5I43KKM0-SSRS000,07/27/26 02:08 PM EDT,$0.43,11
20260727,MLB-WIN-IT5-02HOSF2TOK1VH9O-SERS000,07/27/26 02:09 PM EDT,$0.55,87
20260727,KBO-TRUNS-FG-000ABKU5I43KKM0-GTE-P00095,07/27/26 02:10 PM EDT,$0.47,18
20260727,MLB-WIN-IT5-02HOSF5NOK1VG6O-WALS000,07/27/26 02:11 PM EDT,$0.58,3
20260727,MLB-TRUNS-IT5-02HOSF1BOK1VH78-GTE-P00045,07/27/26 02:11 PM EDT,$0.55,8
20260727,MLB-WIN-IT5-02HOSF2TOK1VH9O-SERS000,07/27/26 02:11 PM EDT,$0.55,17
20260727,MLB-MOVY-IT5-02HOSF2TOK1VH9O-SERS000-GTE-P00005,07/27/26 02:12 PM EDT,$0.47,61
20260727,MLB-MOVY-IT5-02HOSF3DOK1VH80-CIDS000-GTE-P00005,07/27/26 02:13 PM EDT,$0.54,17
20260727,MLB-MOVY-IT5-02HOSF2TOK1VH9O-SERS000-GTE-P00005,07/27/26 02:13 PM EDT,$0.45,301
20260727,MLB-WIN-IT5-02HOSF2TOK1VH9O-SERS000,07/27/26 02:13 PM EDT,$0.55,26
20260727,MLB-MOVY-IT5-02HOSF2TOK1VH9O-SERS000-GTE-P00005,07/27/26 02:14 PM EDT,$0.45,2456
20260727,MLB-MOVY-IT5-02HOSF2TOK1VH9O-SERS000-GTE-P00005,07/27/26 02:14 PM EDT,$0.47,5
20260727,MLB-MOVY-IT5-02HOSF3DOK1VH80-CIDS000-GTE-P00005,07/27/26 02:14 PM EDT,$0.54,35
20260727,MLB-TRUNS-IT5-02HOSF2TOK1VH9O-GTE-P00045,07/27/26 02:16 PM EDT,$0.45,22
20260727,MLB-WIN-IT5-02HOSF2TOK1VH9O-SERS000,07/27/26 02:16 PM EDT,$0.55,168
20260727,MLB-TRUNS-IT5-02HOSF34OK1VGU8-GTE-P00045,07/27/26 02:16 PM EDT,$0.43,5
20260727,MLB-WIN-IT5-02HOSF5NOK1VG6O-WALS000,07/27/26 02:17 PM EDT,$0.59,24
20260727,MLB-TRUNS-IT5-02HOSF34OK1VGU8-GTE-P00045,07/27/26 02:17 PM EDT,$0.43,77
20260727,MLB-WIN-IT5-02HOSF34OK1VGU8-PHES000,07/27/26 02:18 PM EDT,$0.65,7
20260727,MLB-WIN-IT5-02HOSF2TOK1VH9O-SERS000,07/27/26 02:18 PM EDT,$0.55,400
20260727,MLB-MOVY-IT5-02HOSF2TOK1VH9O-SERS000-GTE-P00005,07/27/26 02:18 PM EDT,$0.45,52
20260727,MLB-MOVY-IT5-02HOSF2TOK1VH9O-SERS000-GTE-P00005,07/27/26 02:18 PM EDT,$0.47,510
20260727,MLB-MOVY-IT5-02HOSF34OK1VGU8-PHES000-GTE-P00005,07/27/26 02:20 PM EDT,$0.56,34
20260727,MLB-WIN-IT5-02HOSF2TOK1VH9O-SERS000,07/27/26 02:20 PM EDT,$0.55,9
20260727,MLB-WIN-IT5-02HOSF2TOK1VH9O-SERS000,07/27/26 02:20 PM EDT,$0.55,87
20260727,MLB-WIN-IT5-02HOSF2TOK1VH9O-SERS000,07/27/26 02:20 PM EDT,$0.55,5
20260727,MLB-MOVY-IT5-02HOSF2TOK1VH9O-SERS000-GTE-P00005,07/27/26 02:20 PM EDT,$0.47,103
20260727,MLB-WIN-IT5-02HOSF7EOK1VGP0-ARKS000,07/27/26 02:20 PM EDT,$0.50,3
20260727,MLB-TRUNS-IT5-02HOSF2TOK1VH9O-GTE-P00045,07/27/26 02:21 PM EDT,$0.43,255
20260727,MLB-WIN-IT5-02HOSF03OK1VHG0-BAES000,07/27/26 02:21 PM EDT,$0.49,3
20260727,MLB-TRUNS-IT5-02HOSF2TOK1VH9O-GTE-P00045,07/27/26 02:21 PM EDT,$0.43,51
20260727,MLB-WIN-IT5-02HOSF3DOK1VH80-CIDS000,07/27/26 02:21 PM EDT,$0.64,29
20260727,MLB-WIN-IT5-02HOSF2TOK1VH9O-SERS000,07/27/26 02:21 PM EDT,$0.55,8
20260727,MLB-WIN-IT5-02HOSF1BOK1VH78-NYTS000,07/27/26 02:22 PM EDT,$0.51,3
20260727,MLB-MOVY-IT5-02HOSF2TOK1VH9O-SERS000-GTE-P00005,07/27/26 02:22 PM EDT,$0.45,162
20260727,MLB-WIN-IT5-02HOT9V9OK1VNE0-NYES000,07/27/26 02:22 PM EDT,$0.59,4
20260727,MLB-TRUNS-IT5-02HOSF2TOK1VH9O-GTE-P00045,07/27/26 02:22 PM EDT,$0.45,29
20260727,MLB-MOVY-IT5-02HOSF2TOK1VH9O-SERS000-GTE-P00005,07/27/26 02:22 PM EDT,$0.47,13
20260727,MLB-WIN-IT5-02HOT9O1OK1VMH8-CHBS000,07/27/26 02:22 PM EDT,$0.53,3
20260727,MLB-WIN-IT5-02HOSF5NOK1VG6O-WALS000,07/27/26 02:22 PM EDT,$0.59,14
20260727,MLB-WIN-IT5-02HOT9R0OK1VNTG-BOOX000,07/27/26 02:22 PM EDT,$0.61,3
20260727,MLB-WIN-IT5-02HOT9QTOK1VME8-SFTS000,07/27/26 02:23 PM EDT,$0.49,3
20260727,MLB-MOVY-IT5-02HOSF2TOK1VH9O-SERS000-GTE-P00005,07/27/26 02:23 PM EDT,$0.47,20
20260727,MLB-TRUNS-IT5-02HOSF2TOK1VH9O-GTE-P00045,07/27/26 02:23 PM EDT,$0.43,16
20260727,MLB-WIN-IT5-02HOSF2TOK1VH9O-SERS000,07/27/26 02:23 PM EDT,$0.55,15
20260727,MLB-WIN-IT5-02HOSF1BOK1VH78-NYTS000,07/27/26 02:25 PM EDT,$0.51,9
20260727,MLB-WIN-IT5-02HOSF2TOK1VH9O-SERS000,07/27/26 02:25 PM EDT,$0.55,290
20260727,MLB-TRUNS-IT5-02HOSF2TOK1VH9O-GTE-P00045,07/27/26 02:26 PM EDT,$0.45,53
20260727,MLB-TRUNS-IT5-02HOSF2TOK1VH9O-GTE-P00045,07/27/26 02:26 PM EDT,$0.43,305
20260727,MLB-TRUNS-IT5-02HOSF2TOK1VH9O-GTE-P00045,07/27/26 02:26 PM EDT,$0.43,135
20260727,MLB-MOVY-IT5-02HOSF2TOK1VH9O-SERS000-GTE-P00005,07/27/26 02:27 PM EDT,$0.47,255
20260727,MLB-MOVY-IT5-02HOSF2TOK1VH9O-SERS000-GTE-P00005,07/27/26 02:27 PM EDT,$0.45,8
20260727,MLB-WIN-IT5-02HOSF2TOK1VH9O-SERS000,07/27/26 02:27 PM EDT,$0.56,60
20260727,MLB-MOVY-IT5-02HOSF3DOK1VH80-CIDS000-GTE-P00005,07/27/26 02:27 PM EDT,$0.54,35
20260727,MLB-TRUNS-IT5-02HOSF2TOK1VH9O-GTE-P00045,07/27/26 02:28 PM EDT,$0.43,9
20260727,MLB-WIN-IT5-02HOSF2TOK1VH9O-SERS000,07/27/26 02:28 PM EDT,$0.56,86
20260727,MLB-MOVY-IT5-02HOSF5NOK1VG6O-WALS000-GTE-P00005,07/27/26 02:28 PM EDT,$0.50,96
20260727,MLB-WIN-IT5-02HOT9QTOK1VME8-MIRS000,07/27/26 02:28 PM EDT,$0.53,10
20260727,MLB-WIN-IT5-02HOSF5NOK1VG6O-WALS000,07/27/26 02:28 PM EDT,$0.59,27
20260727,MLB-MOVY-IT5-02HOSF34OK1VGU8-PHES000-GTE-P00005,07/27/26 02:28 PM EDT,$0.57,28
20260727,MLB-TRUNS-IT5-02HOSF2TOK1VH9O-GTE-P00045,07/27/26 02:29 PM EDT,$0.43,16
20260727,MLB-WIN-IT5-02HOSF2TOK1VH9O-SERS000,07/27/26 02:29 PM EDT,$0.56,17
20260727,MLB-TRUNS-IT5-02HOSF2TOK1VH9O-GTE-P00045,07/27/26 02:30 PM EDT,$0.43,677
20260727,MLB-MOVY-IT5-02HOT9V9OK1VNE0-NYES000-GTE-P00005,07/27/26 02:30 PM EDT,$0.50,38
20260727,MLB-TRUNS-IT5-02HOSF2TOK1VH9O-GTE-P00045,07/27/26 02:30 PM EDT,$0.45,6
20260727,MLB-TRUNS-IT5-02HOSF2TOK1VH9O-GTE-P00045,07/27/26 02:30 PM EDT,$0.43,423
20260727,MLB-WIN-IT5-02HOSF2TOK1VH9O-TERS000,07/27/26 02:30 PM EDT,$0.46,4
20260727,MLB-TRUNS-IT5-02HOSF2TOK1VH9O-GTE-P00045,07/27/26 02:30 PM EDT,$0.43,25
20260727,MLB-WIN-IT5-02HOSF2TOK1VH9O-TERS000,07/27/26 02:31 PM EDT,$0.46,20
20260727,MLB-MOVY-IT5-02HOSF2TOK1VH9O-SERS000-GTE-P00005,07/27/26 02:31 PM EDT,$0.45,214
20260727,MLB-TRUNS-IT5-02HOT9V9OK1VNE0-GTE-P00045,07/27/26 02:31 PM EDT,$0.48,111
20260727,MLB-WIN-IT5-02HOSF2TOK1VH9O-SERS000,07/27/26 02:31 PM EDT,$0.56,12
20260727,MLB-WIN-IT5-02HOSF2TOK1VH9O-SERS000,07/27/26 02:31 PM EDT,$0.56,86
20260727,MLB-WIN-IT5-02HOSF2TOK1VH9O-TERS000,07/27/26 02:31 PM EDT,$0.46,20
20260727,MLB-TRUNS-IT5-02HOSF2TOK1VH9O-GTE-P00045,07/27/26 02:31 PM EDT,$0.45,106
20260727,MLB-TRUNS-IT5-02HOSF2TOK1VH9O-GTE-P00045,07/27/26 02:31 PM EDT,$0.43,25
20260727,MLB-MOVY-IT5-02HOSF2TOK1VH9O-SERS000-GTE-P00005,07/27/26 02:31 PM EDT,$0.45,18
20260727,MLB-MOVY-IT5-02HOSF2TOK1VH9O-SERS000-GTE-P00005,07/27/26 02:31 PM EDT,$0.45,18
20260727,MLB-WIN-IT5-02HOSF2TOK1VH9O-SERS000,07/27/26 02:32 PM EDT,$0.55,129
20260727,MLB-TRUNS-IT5-02HOSF2TOK1VH9O-GTE-P00045,07/27/26 02:32 PM EDT,$0.44,129
20260727,MLB-TRUNS-IT5-02HOSF2TOK1VH9O-GTE-P00045,07/27/26 02:32 PM EDT,$0.45,44
20260727,MLB-WIN-IT5-02HOSF2TOK1VH9O-SERS000,07/27/26 02:33 PM EDT,$0.56,477
20260727,MLB-MOVY-IT5-02HOSF34OK1VGU8-PHES000-GTE-P00005,07/27/26 02:33 PM EDT,$0.57,44
20260727,MLB-WIN-IT5-02HOSF2TOK1VH9O-TERS000,07/27/26 02:33 PM EDT,$0.46,45
20260727,MLB-TRUNS-IT5-02HOSF7EOK1VGP0-GTE-P00055,07/27/26 02:34 PM EDT,$0.46,52
20260727,MLB-TRUNS-IT5-02HOSF2TOK1VH9O-GTE-P00045,07/27/26 02:34 PM EDT,$0.43,1261
20260727,MLB-MOVY-IT5-02HOSF2TOK1VH9O-SERS000-GTE-P00005,07/27/26 02:34 PM EDT,$0.47,205
20260727,MLB-WIN-IT5-02HOSF2TOK1VH9O-SERS000,07/27/26 02:34 PM EDT,$0.55,5
20260727,MLB-WIN-IT5-02HOSF2TOK1VH9O-SERS000,07/27/26 02:34 PM EDT,$0.55,455
20260727,MLB-WIN-IT5-02HOSF2TOK1VH9O-SERS000,07/27/26 02:34 PM EDT,$0.55,87
20260727,MLB-MOVY-IT5-02HOSF2TOK1VH9O-SERS000-GTE-P00005,07/27/26 02:34 PM EDT,$0.47,10
20260727,MLB-TRUNS-IT5-02HOSF2TOK1VH9O-GTE-P00045,07/27/26 02:35 PM EDT,$0.44,593
20260727,MLB-WIN-IT5-02HOSF2TOK1VH9O-TERS000,07/27/26 02:35 PM EDT,$0.46,110
20260727,MLB-WIN-IT5-02HOSF2TOK1VH9O-SERS000,07/27/26 02:35 PM EDT,$0.56,727
20260727,MLB-TRUNS-IT5-02HOSF1BOK1VH78-GTE-P00045,07/27/26 02:35 PM EDT,$0.55,21
20260727,MLB-TRUNS-IT5-02HOSF2TOK1VH9O-GTE-P00045,07/27/26 02:35 PM EDT,$0.43,84
20260727,MLB-TRUNS-IT5-02HOSF2TOK1VH9O-GTE-P00045,07/27/26 02:35 PM EDT,$0.46,1041
20260727,MLB-WIN-IT5-02HOSF3DOK1VH80-CIDS000,07/27/26 02:36 PM EDT,$0.64,1
20260727,MLB-TRUNS-IT5-02HOSF2TOK1VH9O-GTE-P00045,07/27/26 02:36 PM EDT,$0.47,30
20260727,MLB-MOVY-IT5-02HOSF2TOK1VH9O-SERS000-GTE-P00005,07/27/26 02:36 PM EDT,$0.46,44
20260727,MLB-WIN-IT5-02HOSF2TOK1VH9O-SERS000,07/27/26 02:37 PM EDT,$0.56,1120
20260727,MLB-TRUNS-IT5-02HOSF2TOK1VH9O-GTE-P00045,07/27/26 02:37 PM EDT,$0.46,10
20260727,MLB-WIN-IT5-02HOSF2TOK1VH9O-TERS000,07/27/26 02:37 PM EDT,$0.46,10
20260727,MLB-WIN-IT5-02HOSF2TOK1VH9O-SERS000,07/27/26 02:37 PM EDT,$0.56,34
20260727,MLB-WIN-IT5-02HOSF2TOK1VH9O-SERS000,07/27/26 02:37 PM EDT,$0.56,3
20260727,MLB-TRUNS-IT5-02HOSF2TOK1VH9O-GTE-P00045,07/27/26 02:37 PM EDT,$0.44,25
20260727,MLB-TRUNS-IT5-02HOSF2TOK1VH9O-GTE-P00045,07/27/26 02:37 PM EDT,$0.44,25
20260727,MLB-MOVY-IT5-02HOSF2TOK1VH9O-SERS000-GTE-P00005,07/27/26 02:38 PM EDT,$0.47,87
20260727,MLB-TRUNS-IT5-02HOSF2TOK1VH9O-GTE-P00045,07/27/26 02:39 PM EDT,$0.43,33
20260727,MLB-MOVY-IT5-02HOSF2TOK1VH9O-SERS000-GTE-P00005,07/27/26 02:39 PM EDT,$0.44,17
20260727,MLB-WIN-IT5-02HOSF1BOK1VH78-NYTS000,07/27/26 02:39 PM EDT,$0.51,22
20260727,MLB-WIN-IT5-02HOSF3DOK1VH80-CIDS000,07/27/26 02:40 PM EDT,$0.64,75
20260727,KBO-WIN-FG-000ABKU5I43KKM0-DORS000,07/27/26 02:40 PM EDT,$0.59,16
20260727,MLB-TRUNS-IT5-02HOSF2TOK1VH9O-GTE-P00035,07/27/26 02:40 PM EDT,$0.53,561
20260727,MLB-MOVY-IT5-02HOSF2TOK1VH9O-SERS000-GTE-P00005,07/27/26 02:41 PM EDT,$0.42,17
20260727,MLB-TRUNS-IT5-02HOSF2TOK1VH9O-GTE-P00035,07/27/26 02:41 PM EDT,$0.52,10
20260727,KBO-WIN-FG-000ABKSKI43KLPO-KTON000,07/27/26 02:41 PM EDT,$0.56,17
20260727,MLB-WIN-IT5-02HOSF2TOK1VH9O-TERS000,07/27/26 02:41 PM EDT,$0.51,189
20260727,MLB-WIN-IT5-02HOSF2TOK1VH9O-SERS000,07/27/26 02:41 PM EDT,$0.50,96
20260727,MLB-TRUNS-IT5-02HOSF2TOK1VH9O-GTE-P00035,07/27/26 02:41 PM EDT,$0.52,200
20260727,MLB-TRUNS-IT5-02HOSF2TOK1VH9O-GTE-P00035,07/27/26 02:41 PM EDT,$0.54,10
20260727,MLB-WIN-IT5-02HOSF2TOK1VH9O-TERS000,07/27/26 02:42 PM EDT,$0.54,17
20260727,MLB-WIN-IT5-02HOSF2TOK1VH9O-SERS000,07/27/26 02:42 PM EDT,$0.49,39
20260727,MLB-TRUNS-IT5-02HOSF2TOK1VH9O-GTE-P00035,07/27/26 02:42 PM EDT,$0.51,1960
20260727,MLB-WIN-IT5-02HOSF5NOK1VG6O-WALS000,07/27/26 02:42 PM EDT,$0.58,83
20260727,MLB-TRUNS-IT5-02HOSF2TOK1VH9O-GTE-P00035,07/27/26 02:42 PM EDT,$0.54,10
20260727,MLB-TRUNS-IT5-02HOSF2TOK1VH9O-GTE-P00035,07/27/26 02:43 PM EDT,$0.50,188
20260727,MLB-WIN-IT5-02HOSF2TOK1VH9O-SERS000,07/27/26 02:43 PM EDT,$0.49,9
20260727,MLB-TRUNS-IT5-02HOSF2TOK1VH9O-GTE-P00035,07/27/26 02:43 PM EDT,$0.50,619
20260727,MLB-WIN-IT5-02HOSF2TOK1VH9O-SERS000,07/27/26 02:43 PM EDT,$0.49,117
20260727,MLB-TRUNS-IT5-02HOSF7EOK1VGP0-GTE-P00055,07/27/26 02:43 PM EDT,$0.46,20
20260727,MLB-WIN-IT5-02HOSF2TOK1VH9O-TERS000,07/27/26 02:43 PM EDT,$0.54,27
20260727,MLB-WIN-IT5-02HOSF2TOK1VH9O-TERS000,07/27/26 02:43 PM EDT,$0.54,323
20260727,MLB-WIN-IT5-02HOSF2TOK1VH9O-TERS000,07/27/26 02:43 PM EDT,$0.54,159
20260727,MLB-WIN-IT5-02HOSF2TOK1VH9O-TERS000,07/27/26 02:43 PM EDT,$0.54,53
20260727,MLB-TRUNS-IT5-02HOSF2TOK1VH9O-GTE-P00035,07/27/26 02:44 PM EDT,$0.54,89
20260727,MLB-TRUNS-IT5-02HOSF2TOK1VH9O-GTE-P00035,07/27/26 02:44 PM EDT,$0.54,26
20260727,MLB-WIN-IT5-02HOSF5NOK1VG6O-WALS000,07/27/26 02:44 PM EDT,$0.58,31
20260727,MLB-TRUNS-IT5-02HOSF2TOK1VH9O-GTE-P00035,07/27/26 02:44 PM EDT,$0.50,48
20260727,MLB-TRUNS-IT5-02HOSF2TOK1VH9O-GTE-P00035,07/27/26 02:45 PM EDT,$0.50,26
20260727,MLB-WIN-IT5-02HOSF2TOK1VH9O-TERS000,07/27/26 02:46 PM EDT,$0.67,350
20260727,MLB-TRUNS-IT5-02HOSF2TOK1VH9O-GTE-P00045,07/27/26 02:46 PM EDT,$0.50,57
20260727,MLB-WIN-IT5-02HOSF2TOK1VH9O-TERS000,07/27/26 02:46 PM EDT,$0.70,350
20260727,MLB-WIN-IT5-02HOSF2TOK1VH9O-TERS000,07/27/26 02:46 PM EDT,$0.70,242
20260727,MLB-WIN-IT5-02HOSF2TOK1VH9O-SERS000,07/27/26 02:46 PM EDT,$0.31,15
20260727,MLB-WIN-IT5-02HOSF2TOK1VH9O-SERS000,07/27/26 02:46 PM EDT,$0.31,30
20260727,MLB-WIN-IT5-02HOSF2TOK1VH9O-TERS000,07/27/26 02:46 PM EDT,$0.70,6
20260727,MLB-TRUNS-IT5-02HOSF2TOK1VH9O-GTE-P00045,07/27/26 02:46 PM EDT,$0.50,9
20260727,MLB-TRUNS-IT5-02HOSF2TOK1VH9O-GTE-P00045,07/27/26 02:46 PM EDT,$0.50,55
20260727,MLB-TRUNS-IT5-02HOSF2TOK1VH9O-GTE-P00045,07/27/26 02:46 PM EDT,$0.53,36
20260727,MLB-WIN-IT5-02HOSF2TOK1VH9O-SERS000,07/27/26 02:46 PM EDT,$0.31,151
20260727,MLB-WIN-IT5-02HOSF2TOK1VH9O-SERS000,07/27/26 02:46 PM EDT,$0.31,15
20260727,MLB-WIN-IT5-02HOSF2TOK1VH9O-TERS000,07/27/26 02:46 PM EDT,$0.71,53
20260727,MLB-MOVY-IT5-02HOSF2TOK1VH9O-TERS000-GTE-P00015,07/27/26 02:47 PM EDT,$0.42,26
20260727,MLB-TRUNS-IT5-02HOSF2TOK1VH9O-GTE-P00045,07/27/26 02:47 PM EDT,$0.49,60
20260727,MLB-WIN-IT5-02HOSF2TOK1VH9O-TERS000,07/27/26 02:47 PM EDT,$0.69,10
20260727,MLB-MOVY-IT5-02HOSF2TOK1VH9O-TERS000-GTE-P00015,07/27/26 02:47 PM EDT,$0.42,33
20260727,MLB-WIN-IT5-02HOSF2TOK1VH9O-SERS000,07/27/26 02:47 PM EDT,$0.31,8
20260727,MLB-TRUNS-IT5-02HOSF2TOK1VH9O-GTE-P00045,07/27/26 02:47 PM EDT,$0.47,45
20260727,MLB-WIN-IT5-02HOSF2TOK1VH9O-TERS000,07/27/26 02:47 PM EDT,$0.66,350
20260727,MLB-WIN-IT5-02HOSF2TOK1VH9O-TERS000,07/27/26 02:48 PM EDT,$0.66,350
20260727,MLB-TRUNS-IT5-02HOSF2TOK1VH9O-GTE-P00045,07/27/26 02:48 PM EDT,$0.46,8
20260727,MLB-TRUNS-IT5-02HOSF2TOK1VH9O-GTE-P00045,07/27/26 02:48 PM EDT,$0.48,32
20260727,MLB-TRUNS-IT5-02HOSF2TOK1VH9O-GTE-P00045,07/27/26 02:48 PM EDT,$0.48,10
20260727,MLB-MOVY-IT5-02HOSF2TOK1VH9O-TERS000-GTE-P00005,07/27/26 02:48 PM EDT,$0.55,21
20260727,MLB-WIN-IT5-02HOSF2TOK1VH9O-TERS000,07/27/26 02:48 PM EDT,$0.66,350
20260727,MLB-MOVY-IT5-02HOSF2TOK1VH9O-TERS000-GTE-P00005,07/27/26 02:48 PM EDT,$0.58,1500
20260727,MLB-MOVY-IT5-02HOSF2TOK1VH9O-TERS000-GTE-P00005,07/27/26 02:48 PM EDT,$0.58,1190
20260727,MLB-MOVY-IT5-02HOSF2TOK1VH9O-TERS000-GTE-P00005,07/27/26 02:48 PM EDT,$0.58,21
20260727,MLB-WIN-IT5-02HOSF2TOK1VH9O-SERS000,07/27/26 02:48 PM EDT,$0.34,25
20260727,MLB-MOVY-IT5-02HOSF2TOK1VH9O-TERS000-GTE-P00005,07/27/26 02:49 PM EDT,$0.58,143
20260727,MLB-TRUNS-IT5-02HOSF2TOK1VH9O-GTE-P00045,07/27/26 02:49 PM EDT,$0.46,36
20260727,MLB-TRUNS-IT5-02HOSF2TOK1VH9O-GTE-P00045,07/27/26 02:49 PM EDT,$0.47,204
20260727,MLB-MOVY-IT5-02HOSF2TOK1VH9O-TERS000-GTE-P00005,07/27/26 02:49 PM EDT,$0.58,1
20260727,MLB-TRUNS-IT5-02HOSF2TOK1VH9O-GTE-P00045,07/27/26 02:49 PM EDT,$0.42,27
20260727,MLB-TRUNS-IT5-02HOSF2TOK1VH9O-GTE-P00045,07/27/26 02:49 PM EDT,$0.42,188
20260727,MLB-TRUNS-IT5-02HOSF2TOK1VH9O-GTE-P00045,07/27/26 02:49 PM EDT,$0.43,22
20260727,MLB-TRUNS-IT5-02HOSF2TOK1VH9O-GTE-P00045,07/27/26 02:49 PM EDT,$0.46,94
20260727,MLB-TRUNS-IT5-02HOSF2TOK1VH9O-GTE-P00045,07/27/26 02:49 PM EDT,$0.47,909
20260727,MLB-MOVY-IT5-02HOSF2TOK1VH9O-TERS000-GTE-P00015,07/27/26 02:50 PM EDT,$0.38,39
20260727,MLB-TRUNS-IT5-02HOSF2TOK1VH9O-GTE-P00045,07/27/26 02:50 PM EDT,$0.49,19
20260727,MLB-TRUNS-IT5-02HOSF2TOK1VH9O-GTE-P00045,07/27/26 02:50 PM EDT,$0.47,20
20260727,MLB-TRUNS-IT5-02HOSF2TOK1VH9O-GTE-P00045,07/27/26 02:50 PM EDT,$0.49,9
20260727,MLB-TRUNS-IT5-02HOSF2TOK1VH9O-GTE-P00045,07/27/26 02:50 PM EDT,$0.48,182
20260727,MLB-WIN-IT5-02HOSF2TOK1VH9O-TERS000,07/27/26 02:50 PM EDT,$0.70,48
20260727,MLB-TRUNS-IT5-02HOSF2TOK1VH9O-GTE-P00045,07/27/26 02:50 PM EDT,$0.48,3
20260727,MLB-WIN-IT5-02HOSF2TOK1VH9O-SERS000,07/27/26 02:50 PM EDT,$0.38,23
20260727,MLB-WIN-IT5-02HOSF2TOK1VH9O-SERS000,07/27/26 02:50 PM EDT,$0.37,25
20260727,MLB-TRUNS-IT5-02HOSF2TOK1VH9O-GTE-P00045,07/27/26 02:51 PM EDT,$0.42,350
20260727,MLB-TRUNS-IT5-02HOSF2TOK1VH9O-GTE-P00045,07/27/26 02:51 PM EDT,$0.42,483
20260727,MLB-WIN-IT5-02HOSF2TOK1VH9O-SERS000,07/27/26 02:51 PM EDT,$0.37,25
20260727,MLB-TRUNS-IT5-02HOSF2TOK1VH9O-GTE-P00045,07/27/26 02:51 PM EDT,$0.41,31
20260727,MLB-TRUNS-IT5-02HOSF2TOK1VH9O-GTE-P00045,07/27/26 02:51 PM EDT,$0.41,15
20260727,MLB-TRUNS-IT5-02HOSF2TOK1VH9O-GTE-P00045,07/27/26 02:51 PM EDT,$0.46,22
20260727,MLB-TRUNS-IT5-02HOSF2TOK1VH9O-GTE-P00045,07/27/26 02:51 PM EDT,$0.41,81
20260727,MLB-TRUNS-IT5-02HOSF2TOK1VH9O-GTE-P00045,07/27/26 02:51 PM EDT,$0.41,409
20260727,MLB-WIN-IT5-02HOSF2TOK1VH9O-TERS000,07/27/26 02:51 PM EDT,$0.66,25
20260727,MLB-TRUNS-IT5-02HOSF03OK1VHG0-GTE-P00045,07/27/26 02:51 PM EDT,$0.47,45
20260727,MLB-TRUNS-IT5-02HOSF03OK1VHG0-GTE-P00045,07/27/26 02:51 PM EDT,$0.47,46
20260727,MLB-TRUNS-IT5-02HOSF2TOK1VH9O-GTE-P00045,07/27/26 02:52 PM EDT,$0.41,82
20260727,MLB-MOVY-IT5-02HOSF2TOK1VH9O-TERS000-GTE-P00005,07/27/26 02:52 PM EDT,$0.60,34
20260727,MLB-TRUNS-IT5-02HOSF2TOK1VH9O-GTE-P00045,07/27/26 02:52 PM EDT,$0.46,208
20260727,MLB-TRUNS-IT5-02HOSF2TOK1VH9O-GTE-P00045,07/27/26 02:54 PM EDT,$0.58,222
20260727,MLB-TRUNS-IT5-02HOSF2TOK1VH9O-GTE-P00025,07/27/26 02:54 PM EDT,$0.87,350
20260727,MLB-TRUNS-IT5-02HOSF2TOK1VH9O-GTE-P00025,07/27/26 02:54 PM EDT,$0.87,350
20260727,MLB-TRUNS-IT5-02HOSF2TOK1VH9O-GTE-P00025,07/27/26 02:54 PM EDT,$0.87,350
20260727,MLB-WIN-IT5-02HOSF2TOK1VH9O-TERS000,07/27/26 02:54 PM EDT,$0.45,212
20260727,MLB-MOVY-IT5-02HOSF2TOK1VH9O-SERS000-GTE-P00005,07/27/26 02:54 PM EDT,$0.46,2
20260727,MLB-TRUNS-IT5-02HOSF2TOK1VH9O-GTE-P00025,07/27/26 02:54 PM EDT,$0.87,350
20260727,MLB-TRUNS-IT5-02HOSF2TOK1VH9O-GTE-P00025,07/27/26 02:54 PM EDT,$0.87,350
20260727,MLB-MOVY-IT5-02HOSF34OK1VGU8-PHES000-GTE-P00005,07/27/26 02:54 PM EDT,$0.57,16
20260727,MLB-MOVY-IT5-02HOT9R0OK1VNTG-BOOX000-GTE-P00005,07/27/26 02:54 PM EDT,$0.53,18
20260727,MLB-TRUNS-IT5-02HOSF2TOK1VH9O-GTE-P00055,07/27/26 02:54 PM EDT,$0.44,778
20260727,MLB-MOVY-IT5-02HOSF2TOK1VH9O-SERS000-GTE-P00005,07/27/26 02:55 PM EDT,$0.41,2
20260727,MLB-TRUNS-IT5-02HOSF2TOK1VH9O-GTE-P00055,07/27/26 02:55 PM EDT,$0.45,22
20260727,MLB-WIN-IT5-02HOSF2TOK1VH9O-SERS000,07/27/26 02:55 PM EDT,$0.56,43
20260727,MLB-TRUNS-IT5-02HOSF2TOK1VH9O-GTE-P00055,07/27/26 02:55 PM EDT,$0.44,23
20260727,MLB-WIN-IT5-02HOSF2TOK1VH9O-SERS000,07/27/26 02:55 PM EDT,$0.56,154
20260727,MLB-WIN-IT5-02HOSF2TOK1VH9O-TERS000,07/27/26 02:55 PM EDT,$0.47,34
20260727,MLB-MOVY-IT5-02HOSF2TOK1VH9O-SERS000-GTE-P00005,07/27/26 02:56 PM EDT,$0.38,1000
20260727,MLB-TRUNS-IT5-02HOSF2TOK1VH9O-GTE-P00045,07/27/26 02:56 PM EDT,$0.54,83
20260727,MLB-TRUNS-IT5-02HOSF2TOK1VH9O-GTE-P00045,07/27/26 02:56 PM EDT,$0.54,14
20260727,MLB-TRUNS-IT5-02HOSF34OK1VGU8-GTE-P00045,07/27/26 02:56 PM EDT,$0.43,8
20260727,MLB-MOVY-IT5-02HOSF2TOK1VH9O-SERS000-GTE-P00005,07/27/26 02:56 PM EDT,$0.39,190
20260727,MLB-MOVY-IT5-02HOSF2TOK1VH9O-TERS000-GTE-P00005,07/27/26 02:56 PM EDT,$0.36,1
20260727,MLB-MOVY-IT5-02HOSF2TOK1VH9O-SERS000-GTE-P00005,07/27/26 02:56 PM EDT,$0.39,158
20260727,MLB-WIN-IT5-02HOSF2TOK1VH9O-TERS000,07/27/26 02:56 PM EDT,$0.49,196
20260727,MLB-MOVY-IT5-02HOSF2TOK1VH9O-SERS000-GTE-P00005,07/27/26 02:56 PM EDT,$0.39,1282
20260727,MLB-MOVY-IT5-02HOSF2TOK1VH9O-SERS000-GTE-P00005,07/27/26 02:56 PM EDT,$0.39,371
20260727,MLB-MOVY-IT5-02HOSF2TOK1VH9O-SERS000-GTE-P00005,07/27/26 02:56 PM EDT,$0.39,820
20260727,MLB-TRUNS-IT5-02HOSF2TOK1VH9O-GTE-P00045,07/27/26 02:57 PM EDT,$0.52,106
20260727,MLB-WIN-IT5-02HOSF2TOK1VH9O-TERS000,07/27/26 02:57 PM EDT,$0.51,188
20260727,MLB-TRUNS-IT5-02HOSF2TOK1VH9O-GTE-P00045,07/27/26 02:57 PM EDT,$0.52,1
20260727,MLB-TRUNS-IT5-02HOSF2TOK1VH9O-GTE-P00045,07/27/26 02:57 PM EDT,$0.52,8
20260727,MLB-WIN-IT5-02HOSF5NOK1VG6O-WALS000,07/27/26 02:57 PM EDT,$0.58,30
20260727,MLB-TRUNS-IT5-02HOSF2TOK1VH9O-GTE-P00045,07/27/26 02:57 PM EDT,$0.59,1
20260727,MLB-WIN-IT5-02HOSF2TOK1VH9O-TERS000,07/27/26 02:57 PM EDT,$0.48,201
20260727,MLB-MOVY-IT5-02HOSF2TOK1VH9O-SERS000-GTE-P00005,07/27/26 02:57 PM EDT,$0.39,793
20260727,MLB-TRUNS-IT5-02HOSF2TOK1VH9O-GTE-P00045,07/27/26 02:58 PM EDT,$0.54,10
20260727,MLB-TRUNS-IT5-02HOSF2TOK1VH9O-GTE-P00045,07/27/26 02:58 PM EDT,$0.53,30
20260727,MLB-MOVY-IT5-02HOSF2TOK1VH9O-SERS000-GTE-P00005,07/27/26 02:58 PM EDT,$0.45,150
20260727,MLB-TRUNS-IT5-02HOSF2TOK1VH9O-GTE-P00055,07/27/26 02:58 PM EDT,$0.43,52
20260727,MLB-TRUNS-IT5-02HOSF2TOK1VH9O-GTE-P00055,07/27/26 02:59 PM EDT,$0.43,145
20260727,MLB-TRUNS-IT5-02HOSF2TOK1VH9O-GTE-P00055,07/27/26 02:59 PM EDT,$0.43,50
20260727,MLB-WIN-IT5-02HOSF2TOK1VH9O-TERS000,07/27/26 02:59 PM EDT,$0.43,189
20260727,MLB-TRUNS-IT5-02HOSF34OK1VGU8-GTE-P00045,07/27/26 02:59 PM EDT,$0.43,16
20260727,MLB-MOVY-IT5-02HOSF2TOK1VH9O-SERS000-GTE-P00005,07/27/26 02:59 PM EDT,$0.43,333
20260727,MLB-TRUNS-IT5-02HOSF2TOK1VH9O-GTE-P00055,07/27/26 02:59 PM EDT,$0.45,36
20260727,MLB-TRUNS-IT5-02HOSF2TOK1VH9O-GTE-P00055,07/27/26 02:59 PM EDT,$0.45,21
20260727,MLB-WIN-IT5-02HOSF2TOK1VH9O-TERS000,07/27/26 03:00 PM EDT,$0.44,3
20260727,MLB-TRUNS-IT5-02HOSF2TOK1VH9O-GTE-P00055,07/27/26 03:00 PM EDT,$0.43,169
20260727,MLB-MOVY-IT5-02HOT9V9OK1VNE0-NYES000-GTE-P00005,07/27/26 03:00 PM EDT,$0.50,19
20260727,MLB-WIN-IT5-02HOSF2TOK1VH9O-TERS000,07/27/26 03:00 PM EDT,$0.46,108
20260727,MLB-TRUNS-IT5-02HOSF2TOK1VH9O-GTE-P00055,07/27/26 03:00 PM EDT,$0.42,86
20260727,MLB-WIN-IT5-02HOSF2TOK1VH9O-TERS000,07/27/26 03:00 PM EDT,$0.43,6
20260727,MLB-TRUNS-IT5-02HOSF2TOK1VH9O-GTE-P00045,07/27/26 03:01 PM EDT,$0.52,400
20260727,MLB-TRUNS-IT5-02HOSF2TOK1VH9O-GTE-P00045,07/27/26 03:01 PM EDT,$0.56,151
20260727,MLB-WIN-IT5-02HOSF2TOK1VH9O-TERS000,07/27/26 03:01 PM EDT,$0.50,52
20260727,MLB-TRUNS-IT5-02HOSF2TOK1VH9O-GTE-P00045,07/27/26 03:01 PM EDT,$0.52,22
20260727,MLB-TRUNS-IT5-02HOSF2TOK1VH9O-GTE-P00045,07/27/26 03:01 PM EDT,$0.55,75
20260727,MLB-TRUNS-IT5-02HOSF2TOK1VH9O-GTE-P00045,07/27/26 03:01 PM EDT,$0.53,52
20260727,MLB-WIN-IT5-02HOSF2TOK1VH9O-TERS000,07/27/26 03:01 PM EDT,$0.52,670
20260727,MLB-TRUNS-IT5-02HOSF2TOK1VH9O-GTE-P00045,07/27/26 03:02 PM EDT,$0.52,10
20260727,MLB-TRUNS-IT5-02HOSF2TOK1VH9O-GTE-P00045,07/27/26 03:02 PM EDT,$0.52,20
20260727,MLB-WIN-IT5-02HOSF2TOK1VH9O-TERS000,07/27/26 03:02 PM EDT,$0.55,19
20260727,MLB-TRUNS-IT5-02HOSF2TOK1VH9O-GTE-P00045,07/27/26 03:02 PM EDT,$0.49,470
20260727,MLB-TRUNS-IT5-02HOSF2TOK1VH9O-GTE-P00045,07/27/26 03:02 PM EDT,$0.49,1
20260727,MLB-MOVY-IT5-02HOSF3DOK1VH80-CIDS000-GTE-P00005,07/27/26 03:03 PM EDT,$0.55,5
20260727,MLB-TRUNS-IT5-02HOSF2TOK1VH9O-GTE-P00045,07/27/26 03:03 PM EDT,$0.46,373
20260727,MLB-WIN-IT5-02HOSF2TOK1VH9O-SERS000,07/27/26 03:03 PM EDT,$0.48,20
20260727,MLB-MOVY-IT5-02HOSF2TOK1VH9O-TERS000-GTE-P00005,07/27/26 03:03 PM EDT,$0.37,769
20260727,MLB-TRUNS-IT5-02HOSF2TOK1VH9O-GTE-P00045,07/27/26 03:03 PM EDT,$0.46,11
20260727,MLB-WIN-IT5-02HOSF2TOK1VH9O-SERS000,07/27/26 03:04 PM EDT,$0.48,20
20260727,MLB-TRUNS-IT5-02HOSF2TOK1VH9O-GTE-P00045,07/27/26 03:04 PM EDT,$0.52,18
20260727,MLB-MOVY-IT5-02HOSF2TOK1VH9O-TERS000-GTE-P00005,07/27/26 03:04 PM EDT,$0.45,10
20260727,MLB-TRUNS-IT5-02HOSF2TOK1VH9O-GTE-P00045,07/27/26 03:04 PM EDT,$0.46,20
20260727,MLB-TRUNS-IT5-02HOSF2TOK1VH9O-GTE-P00045,07/27/26 03:04 PM EDT,$0.46,892
20260727,MLB-WIN-IT5-02HOSF2TOK1VH9O-SERS000,07/27/26 03:04 PM EDT,$0.48,21
20260727,MLB-TRUNS-IT5-02HOSF2TOK1VH9O-GTE-P00045,07/27/26 03:04 PM EDT,$0.48,371
20260727,MLB-TRUNS-IT5-02HOSF2TOK1VH9O-GTE-P00045,07/27/26 03:04 PM EDT,$0.46,39
20260727,MLB-TRUNS-IT5-02HOSF2TOK1VH9O-GTE-P00045,07/27/26 03:05 PM EDT,$0.49,96
20260727,MLB-TRUNS-IT5-02HOSF2TOK1VH9O-GTE-P00045,07/27/26 03:05 PM EDT,$0.42,32
20260727,MLB-MOVY-IT5-02HOSF2TOK1VH9O-TERS000-GTE-P00005,07/27/26 03:06 PM EDT,$0.47,2
20260727,MLB-WIN-IT5-02HOSF2TOK1VH9O-SERS000,07/27/26 03:07 PM EDT,$0.51,96
20260727,MLB-TRUNS-IT5-02HOSF2TOK1VH9O-GTE-P00045,07/27/26 03:07 PM EDT,$0.43,250
20260727,MLB-WIN-IT5-02HOSF2TOK1VH9O-SERS000,07/27/26 03:07 PM EDT,$0.51,24
20260727,MLB-TRUNS-IT5-02HOSF2TOK1VH9O-GTE-P00045,07/27/26 03:07 PM EDT,$0.48,40
20260727,MLB-MOVY-IT5-02HOSF2TOK1VH9O-TERS000-GTE-P00005,07/27/26 03:08 PM EDT,$0.44,369
20260727,MLB-TRUNS-IT5-02HOSF2TOK1VH9O-GTE-P00045,07/27/26 03:08 PM EDT,$0.51,22
20260727,MLB-WIN-IT5-02HOT9R0OK1VNTG-BOOX000,07/27/26 03:08 PM EDT,$0.61,79
20260727,MLB-WIN-IT5-02HOSF34OK1VGU8-PHES000,07/27/26 03:08 PM EDT,$0.66,73
20260727,MLB-WIN-IT5-02HOT9O1OK1VMH8-STLS000,07/27/26 03:08 PM EDT,$0.50,96
20260727,MLB-TRUNS-IT5-02HOSF2TOK1VH9O-GTE-P00045,07/27/26 03:08 PM EDT,$0.51,47
20260727,MLB-TRUNS-IT5-02HOSF2TOK1VH9O-GTE-P00045,07/27/26 03:08 PM EDT,$0.44,43
20260727,MLB-MOVY-IT5-02HOSF2TOK1VH9O-TERS000-GTE-P00005,07/27/26 03:08 PM EDT,$0.46,5
20260727,MLB-TRUNS-IT5-02HOSF3DOK1VH80-GTE-P00045,07/27/26 03:08 PM EDT,$0.47,9
20260727,MLB-TRUNS-IT5-02HOSF2TOK1VH9O-GTE-P00045,07/27/26 03:09 PM EDT,$0.44,12
20260727,MLB-MOVY-IT5-02HOSF2TOK1VH9O-TERS000-GTE-P00005,07/27/26 03:09 PM EDT,$0.46,50
20260727,MLB-TRUNS-IT5-02HOSF2TOK1VH9O-GTE-P00045,07/27/26 03:09 PM EDT,$0.44,1695
20260727,MLB-WIN-IT5-02HOSF2TOK1VH9O-SERS000,07/27/26 03:09 PM EDT,$0.49,258
20260727,MLB-TRUNS-IT5-02HOSF2TOK1VH9O-GTE-P00045,07/27/26 03:09 PM EDT,$0.51,433
20260727,MLB-TRUNS-IT5-02HOSF7EOK1VGP0-GTE-P00055,07/27/26 03:09 PM EDT,$0.45,8
20260727,MLB-WIN-IT5-02HOSF7EOK1VGP0-ARKS000,07/27/26 03:09 PM EDT,$0.50,9
20260727,MLB-MOVY-IT5-02HOSF7EOK1VGP0-PIES000-GTE-P00005,07/27/26 03:09 PM EDT,$0.47,10
20260727,MLB-TRUNS-IT5-02HOSF2TOK1VH9O-GTE-P00045,07/27/26 03:10 PM EDT,$0.94,106
20260727,MLB-TRUNS-IT5-02HOSF2TOK1VH9O-GTE-P00075,07/27/26 03:10 PM EDT,$0.51,9
20260727,MLB-TRUNS-IT5-02HOSF2TOK1VH9O-GTE-P00045,07/27/26 03:10 PM EDT,$0.94,151
20260727,MLB-TRUNS-IT5-02HOSF2TOK1VH9O-GTE-P00055,07/27/26 03:10 PM EDT,$0.48,86
20260727,MLB-TRUNS-IT5-02HOSF2TOK1VH9O-GTE-P00055,07/27/26 03:11 PM EDT,$0.48,145
20260727,MLB-TRUNS-IT5-02HOSF2TOK1VH9O-GTE-P00075,07/27/26 03:11 PM EDT,$0.42,208
20260727,MLB-TRUNS-IT5-02HOSF2TOK1VH9O-GTE-P00075,07/27/26 03:11 PM EDT,$0.41,801
20260727,MLB-MOVY-IT5-02HOSF2TOK1VH9O-TERS000-GTE-P00005,07/27/26 03:11 PM EDT,$0.82,5
20260727,MLB-TRUNS-IT5-02HOSF2TOK1VH9O-GTE-P00065,07/27/26 03:11 PM EDT,$0.63,58
20260727,MLB-TRUNS-IT5-02HOSF2TOK1VH9O-GTE-P00065,07/27/26 03:11 PM EDT,$0.63,94
20260727,MLB-TRUNS-IT5-02HOSF2TOK1VH9O-GTE-P00065,07/27/26 03:12 PM EDT,$0.61,48
20260727,MLB-TRUNS-IT5-02HOSF2TOK1VH9O-GTE-P00065,07/27/26 03:12 PM EDT,$0.61,20
20260727,MLB-TRUNS-IT5-02HOSF2TOK1VH9O-GTE-P00065,07/27/26 03:12 PM EDT,$0.61,60
20260727,MLB-TRUNS-IT5-02HOSF2TOK1VH9O-GTE-P00065,07/27/26 03:12 PM EDT,$0.61,48
20260727,MLB-WIN-IT5-02HOSF2TOK1VH9O-TERS000,07/27/26 03:12 PM EDT,$0.94,1041
20260727,MLB-TRUNS-IT5-02HOSF2TOK1VH9O-GTE-P00045,07/27/26 03:12 PM EDT,$0.97,210
20260727,MLB-TRUNS-IT5-02HOSF2TOK1VH9O-GTE-P00065,07/27/26 03:12 PM EDT,$0.61,97
20260727,MLB-WIN-IT5-02HOSF2TOK1VH9O-SERS000,07/27/26 03:12 PM EDT,$0.12,21
20260727,MLB-MOVY-IT5-02HOSF2TOK1VH9O-TERS000-GTE-P00025,07/27/26 03:12 PM EDT,$0.62,39
20260727,MLB-MOVY-IT5-02HOSF2TOK1VH9O-TERS000-GTE-P00025,07/27/26 03:13 PM EDT,$0.61,19
20260727,MLB-TRUNS-IT5-02HOSF2TOK1VH9O-GTE-P00065,07/27/26 03:13 PM EDT,$0.60,23
20260727,MLB-MOVY-IT5-02HOSF2TOK1VH9O-TERS000-GTE-P00025,07/27/26 03:13 PM EDT,$0.61,60
20260727,MLB-WIN-IT5-02HOSF34OK1VGU8-MINS001,07/27/26 03:13 PM EDT,$0.35,27
20260727,MLB-MOVY-IT5-02HOSF2TOK1VH9O-TERS000-GTE-P00025,07/27/26 03:13 PM EDT,$0.63,2
20260727,MLB-WIN-IT5-02HOSF2TOK1VH9O-SERS000,07/27/26 03:13 PM EDT,$0.13,142
20260727,MLB-TRUNS-IT5-02HOSF2TOK1VH9O-GTE-P00065,07/27/26 03:13 PM EDT,$0.61,17
20260727,MLB-MOVY-IT5-02HOSF34OK1VGU8-PHES000-GTE-P00005,07/27/26 03:13 PM EDT,$0.58,41
20260727,MLB-MOVY-IT5-02HOSF2TOK1VH9O-TERS000-GTE-P00025,07/27/26 03:14 PM EDT,$0.55,32
20260727,MLB-MOVY-IT5-02HOSF2TOK1VH9O-TERS000-GTE-P00025,07/27/26 03:14 PM EDT,$0.54,906
20260727,MLB-TRUNS-IT5-02HOSF2TOK1VH9O-GTE-P00085,07/27/26 03:14 PM EDT,$0.40,47
20260727,MLB-MOVY-IT5-02HOSF2TOK1VH9O-TERS000-GTE-P00025,07/27/26 03:14 PM EDT,$0.54,35
20260727,MLB-WIN-IT5-02HOSF2TOK1VH9O-TERS000,07/27/26 03:14 PM EDT,$0.75,110
20260727,MLB-TRUNS-IT5-02HOSF2TOK1VH9O-GTE-P00065,07/27/26 03:14 PM EDT,$0.76,23
20260727,MLB-MOVY-IT5-02HOSF2TOK1VH9O-TERS000-GTE-P00015,07/27/26 03:15 PM EDT,$0.56,847
20260727,MLB-WIN-IT5-02HOSF2TOK1VH9O-SERS000,07/27/26 03:15 PM EDT,$0.27,34
20260727,MLB-TRUNS-IT5-02HOSF2TOK1VH9O-GTE-P00085,07/27/26 03:15 PM EDT,$0.52,555
20260727,MLB-WIN-IT5-02HOSF2TOK1VH9O-TERS000,07/27/26 03:15 PM EDT,$0.80,32
20260727,MLB-MOVY-IT5-02HOSF2TOK1VH9O-TERS000-GTE-P00015,07/27/26 03:15 PM EDT,$0.55,68
20260727,MLB-TRUNS-IT5-02HOSF2TOK1VH9O-GTE-P00085,07/27/26 03:15 PM EDT,$0.45,43
20260727,MLB-TRUNS-IT5-02HOSF2TOK1VH9O-GTE-P00065,07/27/26 03:15 PM EDT,$0.83,106
20260727,MLB-WIN-IT5-02HOSF2TOK1VH9O-TERS000,07/27/26 03:15 PM EDT,$0.77,33
20260727,MLB-MOVY-IT5-02HOSF2TOK1VH9O-TERS000-GTE-P00015,07/27/26 03:15 PM EDT,$0.56,10
20260727,MLB-MOVY-IT5-02HOSF2TOK1VH9O-TERS000-GTE-P00015,07/27/26 03:15 PM EDT,$0.59,727
20260727,MLB-MOVY-IT5-02HOSF5NOK1VG6O-WALS000-GTE-P00005,07/27/26 03:15 PM EDT,$0.51,41
20260727,MLB-WIN-IT5-02HOSF2TOK1VH9O-SERS000,07/27/26 03:16 PM EDT,$0.25,7
20260727,MLB-TRUNS-IT5-02HOSF2TOK1VH9O-GTE-P00085,07/27/26 03:16 PM EDT,$0.50,38
20260727,MLB-TRUNS-IT5-02HOSF2TOK1VH9O-GTE-P00085,07/27/26 03:16 PM EDT,$0.42,16
20260727,MLB-TRUNS-IT5-02HOSF2TOK1VH9O-GTE-P00085,07/27/26 03:16 PM EDT,$0.42,208
20260727,MLB-TRUNS-IT5-02HOSF2TOK1VH9O-GTE-P00085,07/27/26 03:16 PM EDT,$0.50,32
20260727,MLB-TRUNS-IT5-02HOSF2TOK1VH9O-GTE-P00085,07/27/26 03:16 PM EDT,$0.50,19
20260727,MLB-TRUNS-IT5-02HOSF2TOK1VH9O-GTE-P00085,07/27/26 03:16 PM EDT,$0.50,568
20260727,MLB-TRUNS-IT5-02HOSF2TOK1VH9O-GTE-P00085,07/27/26 03:16 PM EDT,$0.42,283
20260727,MLB-MOVY-IT5-02HOSF3DOK1VH80-CIDS000-GTE-P00005,07/27/26 03:16 PM EDT,$0.57,16
20260727,MLB-TRUNS-IT5-02HOSF2TOK1VH9O-GTE-P00065,07/27/26 03:16 PM EDT,$0.78,4
20260727,MLB-WIN-IT5-02HOSF2TOK1VH9O-TERS000,07/27/26 03:16 PM EDT,$0.82,233
20260727,MLB-TRUNS-IT5-02HOSF2TOK1VH9O-GTE-P00085,07/27/26 03:17 PM EDT,$0.42,41
20260727,MLB-WIN-IT5-02HOSF2TOK1VH9O-SERS000,07/27/26 03:17 PM EDT,$0.22,100
20260727,MLB-TRUNS-IT5-02HOSF2TOK1VH9O-GTE-P00085,07/27/26 03:17 PM EDT,$0.49,196
20260727,MLB-TRUNS-IT5-02HOSF2TOK1VH9O-GTE-P00085,07/27/26 03:17 PM EDT,$0.49,136
20260727,MLB-WIN-IT5-02HOSF2TOK1VH9O-TERS000,07/27/26 03:17 PM EDT,$0.80,25
20260727,MLB-MOVY-IT5-02HOSF2TOK1VH9O-TERS000-GTE-P00015,07/27/26 03:17 PM EDT,$0.60,40
20260727,MLB-WIN-IT5-02HOSF2TOK1VH9O-SERS000,07/27/26 03:18 PM EDT,$0.21,63
20260727,MLB-MOVY-IT5-02HOSF2TOK1VH9O-TERS000-GTE-P00015,07/27/26 03:18 PM EDT,$0.60,47
20260727,MLB-MOVY-IT5-02HOSF2TOK1VH9O-TERS000-GTE-P00015,07/27/26 03:18 PM EDT,$0.60,119
20260727,MLB-WIN-IT5-02HOSF2TOK1VH9O-SERS000,07/27/26 03:18 PM EDT,$0.20,22
20260727,MLB-MOVY-IT5-02HOSF2TOK1VH9O-TERS000-GTE-P00015,07/27/26 03:18 PM EDT,$0.65,323
20260727,MLB-MOVY-IT5-02HOSF3DOK1VH80-CIDS000-GTE-P00005,07/27/26 03:18 PM EDT,$0.57,254
20260727,MLB-MOVY-IT5-02HOSF2TOK1VH9O-TERS000-GTE-P00025,07/27/26 03:19 PM EDT,$0.40,322
20260727,MLB-MOVY-IT5-02HOSF2TOK1VH9O-TERS000-GTE-P00005,07/27/26 03:19 PM EDT,$0.81,2
20260727,MLB-MOVY-IT5-02HOSF2TOK1VH9O-TERS000-GTE-P00025,07/27/26 03:19 PM EDT,$0.43,66
20260727,MLB-MOVY-IT5-02HOSF2TOK1VH9O-TERS000-GTE-P00025,07/27/26 03:19 PM EDT,$0.40,13
20260727,MLB-WIN-IT5-02HOSF2TOK1VH9O-TERS000,07/27/26 03:20 PM EDT,$0.92,10
20260727,MLB-MOVY-IT5-02HOSF2TOK1VH9O-TERS000-GTE-P00025,07/27/26 03:21 PM EDT,$0.43,556
20260727,MLB-TRUNS-IT5-02HOSF34OK1VGU8-GTE-P00035,07/27/26 03:21 PM EDT,$0.58,5
20260727,MLB-WIN-IT5-02HOSF2TOK1VH9O-SERS000,07/27/26 03:22 PM EDT,$0.14,10
20260727,MLB-WIN-IT5-02HOSF3DOK1VH80-CIDS000,07/27/26 03:22 PM EDT,$0.65,5
20260727,MLB-WIN-IT5-02HOT9VAOK1VM3G-LALS000,07/27/26 03:22 PM EDT,$0.51,7
20260727,MLB-TRUNS-IT5-02HOSF03OK1VHG0-GTE-P00045,07/27/26 03:23 PM EDT,$0.49,9
20260727,MLB-WIN-IT5-02HOSF2TOK1VH9O-TERS000,07/27/26 03:24 PM EDT,$0.98,50
20260727,MLB-MOVY-IT5-02HOSF2TOK1VH9O-SERS000-GTE-P00005,07/27/26 03:24 PM EDT,$0.07,1500
20260727,MLB-TRUNS-IT5-02HOSF2TOK1VH9O-GTE-P00055,07/27/26 03:25 PM EDT,$0.94,22
20260727,MLB-TRUNS-IT5-02HOSF03OK1VHG0-GTE-P00045,07/27/26 03:25 PM EDT,$0.49,9
20260727,MLB-MOVY-IT5-02HOSF2TOK1VH9O-TERS000-GTE-P00035,07/27/26 03:25 PM EDT,$0.37,138
20260727,MLB-MOVY-IT5-02HOSF2TOK1VH9O-TERS000-GTE-P00015,07/27/26 03:25 PM EDT,$0.86,40
20260727,MLB-WIN-IT5-02HOSF7EOK1VGP0-ARKS000,07/27/26 03:26 PM EDT,$0.50,48
20260727,MLB-MOVY-IT5-02HOSF2TOK1VH9O-TERS000-GTE-P00035,07/27/26 03:26 PM EDT,$0.48,40
20260727,MLB-MOVY-IT5-02HOSF34OK1VGU8-PHES000-GTE-P00005,07/27/26 03:26 PM EDT,$0.58,41
20260727,MLB-MOVY-IT5-02HOSF2TOK1VH9O-TERS000-GTE-P00035,07/27/26 03:26 PM EDT,$0.48,20
20260727,MLB-MOVY-IT5-02HOSF3DOK1VH80-CIDS000-GTE-P00005,07/27/26 03:27 PM EDT,$0.58,16
20260727,MLB-MOVY-IT5-02HOSF2TOK1VH9O-TERS000-GTE-P00035,07/27/26 03:27 PM EDT,$0.48,40
20260727,MLB-MOVY-IT5-02HOSF2TOK1VH9O-TERS000-GTE-P00035,07/27/26 03:27 PM EDT,$0.46,45
20260727,MLB-MOVY-IT5-02HOSF5NOK1VG6O-WALS000-GTE-P00005,07/27/26 03:27 PM EDT,$0.51,47
20260727,MLB-MOVY-IT5-02HOSF2TOK1VH9O-TERS000-GTE-P00035,07/27/26 03:27 PM EDT,$0.53,7
20260727,MLB-MOVY-IT5-02HOSF2TOK1VH9O-TERS000-GTE-P00035,07/27/26 03:27 PM EDT,$0.53,686
20260727,MLB-MOVY-IT5-02HOSF2TOK1VH9O-TERS000-GTE-P00045,07/27/26 03:28 PM EDT,$0.73,666
20260727,MLB-MOVY-IT5-02HOSF2TOK1VH9O-TERS000-GTE-P00045,07/27/26 03:28 PM EDT,$0.73,12
20260727,MLB-MOVY-IT5-02HOSF2TOK1VH9O-TERS000-GTE-P00045,07/27/26 03:28 PM EDT,$0.65,54
20260727,MLB-TRUNS-IT5-02HOSF2TOK1VH9O-GTE-P00105,07/27/26 03:28 PM EDT,$0.52,425
20260727,MLB-WIN-IT5-02HOSF2TOK1VH9O-SERS000,07/27/26 03:28 PM EDT,$0.04,40
20260727,MLB-MOVY-IT5-02HOSF2TOK1VH9O-TERS000-GTE-P00045,07/27/26 03:29 PM EDT,$0.73,333
20260727,MLB-TRUNS-IT5-02HOSF2TOK1VH9O-GTE-P00105,07/27/26 03:29 PM EDT,$0.45,439
20260727,MLB-TRUNS-IT5-02HOSF34OK1VGU8-GTE-P00035,07/27/26 03:29 PM EDT,$0.58,10
20260727,MLB-TRUNS-IT5-02HOSF2TOK1VH9O-GTE-P00105,07/27/26 03:29 PM EDT,$0.48,53
20260727,MLB-TRUNS-IT5-02HOSF2TOK1VH9O-GTE-P00105,07/27/26 03:29 PM EDT,$0.48,9
20260727,MLB-TRUNS-IT5-02HOSF2TOK1VH9O-GTE-P00105,07/27/26 03:29 PM EDT,$0.56,34
20260727,MLB-WIN-IT5-02HOSF34OK1VGU8-PHES000,07/27/26 03:29 PM EDT,$0.66,147
20260727,MLB-MOVY-IT5-02HOSF34OK1VGU8-PHES000-GTE-P00005,07/27/26 03:29 PM EDT,$0.58,166
20260727,MLB-WIN-IT5-02HOSF34OK1VGU8-PHES000,07/27/26 03:29 PM EDT,$0.66,10
20260727,MLB-TRUNS-IT5-02HOSF2TOK1VH9O-GTE-P00105,07/27/26 03:30 PM EDT,$0.56,172
20260727,MLB-TRUNS-IT5-02HOSF2TOK1VH9O-GTE-P00105,07/27/26 03:30 PM EDT,$0.56,43
20260727,MLB-MOVY-IT5-02HOSF34OK1VGU8-PHES000-GTE-P00005,07/27/26 03:30 PM EDT,$0.58,76
20260727,MLB-WIN-IT5-02HOT9V9OK1VNE0-NYES000,07/27/26 03:30 PM EDT,$0.59,40
20260727,MLB-TRUNS-IT5-02HOSF2TOK1VH9O-GTE-P00105,07/27/26 03:31 PM EDT,$0.52,18
20260727,MLB-MOVY-IT5-02HOSF2TOK1VH9O-TERS000-GTE-P00045,07/27/26 03:31 PM EDT,$0.71,5
20260727,MLB-MOVY-IT5-02HOSF2TOK1VH9O-TERS000-GTE-P00025,07/27/26 03:31 PM EDT,$0.89,2
20260727,MLB-TRUNS-IT5-02HOSF2TOK1VH9O-GTE-P00105,07/27/26 03:31 PM EDT,$0.52,19
20260727,MLB-TRUNS-IT5-02HOT9R0OK1VNTG-GTE-P00055,07/27/26 03:31 PM EDT,$0.47,20
20260727,MLB-TRUNS-IT5-02HOSF2TOK1VH9O-GTE-P00105,07/27/26 03:31 PM EDT,$0.52,55
20260727,MLB-TRUNS-IT5-02HOSF2TOK1VH9O-GTE-P00105,07/27/26 03:32 PM EDT,$0.53,9
20260727,MLB-MOVY-IT5-02HOSF2TOK1VH9O-TERS000-GTE-P00045,07/27/26 03:32 PM EDT,$0.61,24
20260727,MLB-TRUNS-IT5-02HOSF2TOK1VH9O-GTE-P00105,07/27/26 03:32 PM EDT,$0.51,109
20260727,MLB-TRUNS-IT5-02HOSF2TOK1VH9O-GTE-P00105,07/27/26 03:32 PM EDT,$0.43,176
20260727,MLB-MOVY-IT5-02HOSF2TOK1VH9O-TERS000-GTE-P00045,07/27/26 03:32 PM EDT,$0.69,4
20260727,MLB-TRUNS-IT5-02HOSF2TOK1VH9O-GTE-P00105,07/27/26 03:33 PM EDT,$0.51,793
20260727,MLB-MOVY-IT5-02HOSF2TOK1VH9O-TERS000-GTE-P00045,07/27/26 03:33 PM EDT,$0.61,21
20260727,MLB-MOVY-IT5-02HOSF2TOK1VH9O-TERS000-GTE-P00005,07/27/26 03:34 PM EDT,$0.93,143
20260727,MLB-MOVY-IT5-02HOSF2TOK1VH9O-TERS000-GTE-P00035,07/27/26 03:34 PM EDT,$0.76,40
20260727,MLB-TRUNS-IT5-02HOSF2TOK1VH9O-GTE-P00095,07/27/26 03:34 PM EDT,$0.74,706
20260727,MLB-MOVY-IT5-02HOSF2TOK1VH9O-TERS000-GTE-P00045,07/27/26 03:34 PM EDT,$0.68,42
20260727,MLB-TRUNS-IT5-02HOSF2TOK1VH9O-GTE-P00095,07/27/26 03:34 PM EDT,$0.74,26
20260727,MLB-TRUNS-IT5-02HOSF2TOK1VH9O-GTE-P00095,07/27/26 03:35 PM EDT,$0.66,13
20260727,MLB-TRUNS-IT5-02HOSF2TOK1VH9O-GTE-P00095,07/27/26 03:35 PM EDT,$0.73,80
20260727,MLB-TRUNS-IT5-02HOSF2TOK1VH9O-GTE-P00095,07/27/26 03:36 PM EDT,$0.62,25
20260727,MLB-TRUNS-IT5-02HOSF2TOK1VH9O-GTE-P00095,07/27/26 03:36 PM EDT,$0.62,25
20260727,MLB-WIN-IT5-02HOSF34OK1VGU8-PHES000,07/27/26 03:36 PM EDT,$0.66,14
20260727,MLB-WIN-IT5-02HOSF3DOK1VH80-CIDS000,07/27/26 03:36 PM EDT,$0.64,15
20260727,MLB-MOVY-IT5-02HOSF2TOK1VH9O-TERS000-GTE-P00045,07/27/26 03:36 PM EDT,$0.80,464
20260727,MLB-WIN-IT5-02HOT9VAOK1VM3G-LALS000,07/27/26 03:36 PM EDT,$0.53,18
20260727,MLB-TRUNS-IT5-02HOSF2TOK1VH9O-GTE-P00095,07/27/26 03:37 PM EDT,$0.56,78
20260727,MLB-TRUNS-IT5-02HOSF2TOK1VH9O-GTE-P00095,07/27/26 03:37 PM EDT,$0.64,329
20260727,MLB-TRUNS-IT5-02HOSF2TOK1VH9O-GTE-P00095,07/27/26 03:37 PM EDT,$0.56,67
20260727,MLB-TRUNS-IT5-02HOSF2TOK1VH9O-GTE-P00095,07/27/26 03:38 PM EDT,$0.57,1
20260727,MLB-TRUNS-IT5-02HOSF2TOK1VH9O-GTE-P00095,07/27/26 03:38 PM EDT,$0.65,68
20260727,MLB-MOVY-IT5-02HOSF2TOK1VH9O-TERS000-GTE-P00045,07/27/26 03:38 PM EDT,$0.84,581
20260727,MLB-MOVY-IT5-02HOSF2TOK1VH9O-TERS000-GTE-P00015,07/27/26 03:38 PM EDT,$0.96,323
20260727,MLB-MOVY-IT5-02HOSF34OK1VGU8-PHES000-GTE-P00005,07/27/26 03:40 PM EDT,$0.58,58
20260727,MLB-WIN-IT5-02HOSF3DOK1VH80-CIDS000,07/27/26 03:42 PM EDT,$0.64,4
20260727,MLB-TRUNS-IT5-02HOSF1BOK1VH78-GTE-P00045,07/27/26 03:42 PM EDT,$0.58,335
20260727,MLB-WIN-IT5-02HOT9R0OK1VNTG-ATCS000,07/27/26 03:43 PM EDT,$0.40,350
20260727,MLB-TRUNS-IT5-02HOSF2TOK1VH9O-GTE-P00105,07/27/26 03:43 PM EDT,$0.22,52
20260727,MLB-WIN-IT5-02HOSF7EOK1VGP0-PIES000,07/27/26 03:43 PM EDT,$0.50,44
20260727,MLB-MOVY-IT5-02HOSF2TOK1VH9O-TERS000-GTE-P00045,07/27/26 03:43 PM EDT,$0.76,57
20260727,MLB-MOVY-IT5-02HOSF2TOK1VH9O-TERS000-GTE-P00045,07/27/26 03:43 PM EDT,$0.76,41
20260727,MLB-WIN-IT5-02HOT9V9OK1VNE0-NYES000,07/27/26 03:44 PM EDT,$0.59,303
20260727,MLB-WIN-IT5-02HOT9V9OK1VNE0-NYES000,07/27/26 03:44 PM EDT,$0.59,24
20260727,MLB-WIN-IT5-02HOT9R0OK1VNTG-ATCS000,07/27/26 03:44 PM EDT,$0.40,350
20260727,MLB-TRUNS-IT5-02HOSF2TOK1VH9O-GTE-P00105,07/27/26 03:44 PM EDT,$0.21,13
20260727,MLB-WIN-IT5-02HOT9V9OK1VNE0-CHOX000,07/27/26 03:44 PM EDT,$0.46,10
20260727,MLB-MOVY-IT5-02HOSF2TOK1VH9O-TERS000-GTE-P00045,07/27/26 03:45 PM EDT,$0.82,23
20260727,MLB-MOVY-IT5-02HOSF2TOK1VH9O-TERS000-GTE-P00045,07/27/26 03:45 PM EDT,$0.74,17
20260727,MLB-TRUNS-IT5-02HOSF1BOK1VH78-GTE-P00045,07/27/26 03:45 PM EDT,$0.53,52
20260727,MLB-MOVY-IT5-02HOSF2TOK1VH9O-TERS000-GTE-P00045,07/27/26 03:45 PM EDT,$0.74,53
20260727,MLB-MOVY-IT5-02HOSF2TOK1VH9O-TERS000-GTE-P00045,07/27/26 03:45 PM EDT,$0.82,1500
20260727,MLB-TRUNS-IT5-02HOSF2TOK1VH9O-GTE-P00105,07/27/26 03:45 PM EDT,$0.29,19
20260727,MLB-MOVY-IT5-02HOSF2TOK1VH9O-TERS000-GTE-P00045,07/27/26 03:46 PM EDT,$0.82,175
20260727,MLB-TRUNS-IT5-02HOSF2TOK1VH9O-GTE-P00105,07/27/26 03:46 PM EDT,$0.29,46
20260727,MLB-MOVY-IT5-02HOSF34OK1VGU8-PHES000-GTE-P00005,07/27/26 03:46 PM EDT,$0.58,333
20260727,MLB-MOVY-IT5-02HOSF2TOK1VH9O-TERS000-GTE-P00045,07/27/26 03:46 PM EDT,$0.82,525
20260727,MLB-WIN-IT5-02HOSF2TOK1VH9O-TERS000,07/27/26 03:47 PM EDT,$0.98,71
20260727,MLB-MOVY-IT5-02HOSF2TOK1VH9O-TERS000-GTE-P00045,07/27/26 03:48 PM EDT,$0.93,52
20260727,MLB-MOVY-IT5-02HOSF2TOK1VH9O-TERS000-GTE-P00045,07/27/26 03:49 PM EDT,$0.98,50
20260727,MLB-MOVY-IT5-02HOSF34OK1VGU8-PHES000-GTE-P00005,07/27/26 03:50 PM EDT,$0.58,378
20260727,MLB-WIN-IT5-02HOSF3DOK1VH80-CIDS000,07/27/26 03:51 PM EDT,$0.64,30
20260727,MLB-WIN-IT5-02HOSF34OK1VGU8-PHES000,07/27/26 03:52 PM EDT,$0.66,29
20260727,MLB-WIN-IT5-02HOT9R0OK1VNTG-ATCS000,07/27/26 03:54 PM EDT,$0.40,350
20260727,MLB-MOVY-IT5-02HOSF5NOK1VG6O-WALS000-GTE-P00005,07/27/26 03:56 PM EDT,$0.52,37
20260727,MLB-MOVY-IT5-02HOSF3DOK1VH80-CIDS000-GTE-P00005,07/27/26 03:56 PM EDT,$0.57,33
20260727,MLB-MOVY-IT5-02HOT9V9OK1VNE0-NYES000-GTE-P00005,07/27/26 03:56 PM EDT,$0.52,37
20260727,MLB-MOVY-IT5-02HOSF34OK1VGU8-PHES000-GTE-P00005,07/27/26 03:56 PM EDT,$0.58,33
20260727,MLB-WIN-IT5-02HOT9R0OK1VNTG-ATCS000,07/27/26 03:56 PM EDT,$0.40,350
20260727,MLB-WIN-IT5-02HOT9R0OK1VNTG-ATCS000,07/27/26 03:57 PM EDT,$0.40,350
20260727,MLB-MOVY-IT5-02HOT9V9OK1VNE0-NYES000-GTE-P00005,07/27/26 03:59 PM EDT,$0.50,48
20260727,MLB-WIN-IT5-02HOT9R0OK1VNTG-ATCS000,07/27/26 04:00 PM EDT,$0.40,350
20260727,MLB-MOVY-IT5-02HOSF34OK1VGU8-PHES000-GTE-P00005,07/27/26 04:00 PM EDT,$0.56,86
20260727,MLB-WIN-IT5-02HOSF7EOK1VGP0-ARKS000,07/27/26 04:00 PM EDT,$0.50,39
20260727,MLB-WIN-IT5-02HOSF1BOK1VH78-NYTS000,07/27/26 04:02 PM EDT,$0.52,648
20260727,MLB-WIN-IT5-02HOSF1BOK1VH78-NYTS000,07/27/26 04:02 PM EDT,$0.52,139
20260727,MLB-TRUNS-IT5-02HOT9R0OK1VNTG-GTE-P00055,07/27/26 04:03 PM EDT,$0.46,4
20260727,MLB-TRUNS-IT5-02HOSF5NOK1VG6O-GTE-P00055,07/27/26 04:04 PM EDT,$0.50,48
20260727,MLB-MOVY-IT5-02HOSF34OK1VGU8-PHES000-GTE-P00005,07/27/26 04:07 PM EDT,$0.57,169
20260727,MLB-MOVY-IT5-02HOSF3DOK1VH80-CIDS000-GTE-P00005,07/27/26 04:08 PM EDT,$0.56,25
20260727,MLB-WIN-IT5-02HOT9V9OK1VNE0-NYES000,07/27/26 04:11 PM EDT,$0.59,4
20260727,MLB-MOVY-IT5-02HOT9V9OK1VNE0-NYES000-GTE-P00005,07/27/26 04:11 PM EDT,$0.50,5
20260727,MLB-MOVY-IT5-02HOSF1BOK1VH78-NYTS000-GTE-P00005,07/27/26 04:11 PM EDT,$0.42,16
20260727,MLB-TRUNS-IT5-02HOT9V9OK1VNE0-GTE-P00045,07/27/26 04:11 PM EDT,$0.47,18
20260727,MLB-MOVY-IT5-02HOSF5NOK1VG6O-WALS000-GTE-P00005,07/27/26 04:13 PM EDT,$0.47,9
20260727,MLB-MOVY-IT5-02HOSF03OK1VHG0-DERS000-GTE-P00005,07/27/26 04:13 PM EDT,$0.44,10
20260727,MLB-MOVY-IT5-02HOSF34OK1VGU8-PHES000-GTE-P00005,07/27/26 04:13 PM EDT,$0.54,10
20260727,MLB-MOVY-IT5-02HOSF03OK1VHG0-DERS000-GTE-P00005,07/27/26 04:14 PM EDT,$0.42,10
20260727,MLB-MOVY-IT5-02HOSF03OK1VHG0-DERS000-GTE-P00005,07/27/26 04:14 PM EDT,$0.41,67
20260727,MLB-MOVY-IT5-02HOSF03OK1VHG0-DERS000-GTE-P00005,07/27/26 04:14 PM EDT,$0.42,10
20260727,MLB-WIN-IT5-02HOSF1BOK1VH78-NYTS000,07/27/26 04:17 PM EDT,$0.52,46
20260727,MLB-TRUNS-IT5-02HOSF03OK1VHG0-GTE-P00045,07/27/26 04:17 PM EDT,$0.48,101
20260727,MLB-TRUNS-IT5-02HOSF34OK1VGU8-GTE-P00035,07/27/26 04:20 PM EDT,$0.58,102
20260727,MLB-MOVY-IT5-02HOSF1BOK1VH78-NYTS000-GTE-P00005,07/27/26 04:21 PM EDT,$0.42,11
20260727,MLB-MOVY-IT5-02HOSF7EOK1VGP0-PIES000-GTE-P00005,07/27/26 04:22 PM EDT,$0.45,42
20260727,MLB-TRUNS-IT5-02HOSF5NOK1VG6O-GTE-P00055,07/27/26 04:24 PM EDT,$0.49,27
20260727,MLB-WIN-IT5-02HOSF1BOK1VH78-NYTS000,07/27/26 04:25 PM EDT,$0.52,83
20260727,KBO-TRUNS-FG-000ABKVAI43KK20-GTE-P00095,07/27/26 04:27 PM EDT,$0.54,67
20260727,MLB-MOVY-IT5-02HOSF3DOK1VH80-CIDS000-GTE-P00005,07/27/26 04:27 PM EDT,$0.55,39
20260727,MLB-WIN-IT5-02HOSF5NOK1VG6O-WALS000,07/27/26 04:28 PM EDT,$0.58,83
20260727,MLB-TRUNS-IT5-02HOSF7EOK1VGP0-GTE-P00055,07/27/26 04:28 PM EDT,$0.47,28
20260727,MLB-TRUNS-IT5-02HOSF5NOK1VG6O-GTE-P00055,07/27/26 04:29 PM EDT,$0.48,1
20260727,MLB-TRUNS-IT5-02HOSF7EOK1VGP0-GTE-P00055,07/27/26 04:29 PM EDT,$0.46,1
20260727,KBO-WIN-FG-000ABKVAI43KK20-LGNS000,07/27/26 04:29 PM EDT,$0.76,77
20260727,MLB-MOVY-IT5-02HOT9V9OK1VNE0-NYES000-GTE-P00005,07/27/26 04:30 PM EDT,$0.50,48
20260727,MLB-MOVY-IT5-02HOSF7EOK1VGP0-PIES000-GTE-P00005,07/27/26 04:30 PM EDT,$0.45,61
20260727,MLB-WIN-IT5-02HOSF5NOK1VG6O-WALS000,07/27/26 04:36 PM EDT,$0.58,8
20260727,MLB-WIN-IT5-02HOSF34OK1VGU8-PHES000,07/27/26 04:36 PM EDT,$0.66,4
20260727,MLB-MOVY-IT5-02HOSF7EOK1VGP0-PIES000-GTE-P00005,07/27/26 04:36 PM EDT,$0.43,5
20260727,MLB-TRUNS-IT5-02HOSF3DOK1VH80-GTE-P00045,07/27/26 04:37 PM EDT,$0.52,4
20260727,MLB-MOVY-IT5-02HOSF5NOK1VG6O-WALS000-GTE-P00005,07/27/26 04:39 PM EDT,$0.51,49
20260727,MLB-TRUNS-IT5-02HOSF3DOK1VH80-GTE-P00045,07/27/26 04:40 PM EDT,$0.53,3
20260727,MLB-TRUNS-IT5-02HOSF5NOK1VG6O-GTE-P00055,07/27/26 04:41 PM EDT,$0.49,24
20260727,MLB-TRUNS-IT5-02HOSF7EOK1VGP0-GTE-P00055,07/27/26 04:42 PM EDT,$0.46,28
20260727,MLB-TRUNS-IT5-02HOSF7EOK1VGP0-GTE-P00055,07/27/26 04:42 PM EDT,$0.47,51
20260727,MLB-TRUNS-IT5-02HOSF5NOK1VG6O-GTE-P00055,07/27/26 04:42 PM EDT,$0.49,24
20260727,MLB-TRUNS-IT5-02HOSF7EOK1VGP0-GTE-P00055,07/27/26 04:42 PM EDT,$0.47,102
20260727,MLB-WIN-IT5-02HOSF34OK1VGU8-PHES000,07/27/26 04:43 PM EDT,$0.66,44
20260727,MLB-TRUNS-IT5-02HOSF34OK1VGU8-GTE-P00035,07/27/26 04:43 PM EDT,$0.57,101
20260727,MLB-WIN-IT5-02HOT9R0OK1VNTG-BOOX000,07/27/26 04:44 PM EDT,$0.61,47
20260727,MLB-MOVY-IT5-02HOSF3DOK1VH80-CIDS000-GTE-P00005,07/27/26 04:45 PM EDT,$0.55,47
20260727,MLB-TRUNS-IT5-02HOSF03OK1VHG0-GTE-P00045,07/27/26 04:49 PM EDT,$0.47,9
20260727,MLB-WIN-IT5-02HOSF1BOK1VH78-NYTS000,07/27/26 04:49 PM EDT,$0.52,12
20260727,MLB-WIN-IT5-02HOSF03OK1VHG0-DERS000,07/27/26 04:50 PM EDT,$0.53,18
20260727,MLB-WIN-IT5-02HOT9O1OK1VMH8-STLS000,07/27/26 04:52 PM EDT,$0.49,98
20260727,KBO-WIN-FG-000ABKU5I43KKM0-DORS000,07/27/26 04:54 PM EDT,$0.59,1
20260727,KBO-WIN-FG-000ABKVAI43KK20-LGNS000,07/27/26 04:54 PM EDT,$0.77,1
20260727,KBO-WIN-FG-000ABKQ0I43KKSG-KIRS000,07/27/26 04:54 PM EDT,$0.56,1
20260727,MLB-WIN-IT5-02HOSF1BOK1VH78-NYTS000,07/27/26 04:54 PM EDT,$0.52,2
20260727,KBO-WIN-FG-000ABKSKI43KLPO-KTON000,07/27/26 04:54 PM EDT,$0.56,1
20260727,KBO-WIN-FG-000ABKUPI43KK2G-HAES000,07/27/26 04:54 PM EDT,$0.65,1
20260727,MLB-WIN-IT5-02HOT9V9OK1VNE0-NYES000,07/27/26 04:55 PM EDT,$0.59,1
20260727,MLB-TRUNS-IT5-02HOSF03OK1VHG0-GTE-P00045,07/27/26 04:56 PM EDT,$0.47,36
20260727,MLB-MOVY-IT5-02HOSF3DOK1VH80-CIDS000-GTE-P00005,07/27/26 04:56 PM EDT,$0.55,5
20260727,MLB-WIN-IT5-02HOSF03OK1VHG0-BAES000,07/27/26 04:57 PM EDT,$0.49,27
20260727,MLB-WIN-IT5-02HOSF03OK1VHG0-BAES000,07/27/26 04:57 PM EDT,$0.49,19
20260727,MLB-WIN-IT5-02HOT9R0OK1VNTG-BOOX000,07/27/26 04:57 PM EDT,$0.61,15
20260727,MLB-WIN-IT5-02HOSF7EOK1VGP0-ARKS000,07/27/26 04:57 PM EDT,$0.50,19
20260727,MLB-WIN-IT5-02HOSF1BOK1VH78-NYTS000,07/27/26 04:57 PM EDT,$0.52,18
20260727,MLB-WIN-IT5-02HOT9QTOK1VME8-SFTS000,07/27/26 04:57 PM EDT,$0.48,20
20260727,MLB-WIN-IT5-02HOT9O1OK1VMH8-CHBS000,07/27/26 04:57 PM EDT,$0.52,18
20260727,MLB-WIN-IT5-02HOT9V9OK1VNE0-NYES000,07/27/26 04:57 PM EDT,$0.59,16
20260727,MLB-WIN-IT5-02HOSF1BOK1VH78-ATES000,07/27/26 04:58 PM EDT,$0.50,1
20260727,MLB-WIN-IT5-02HOT9O1OK1VMH8-STLS000,07/27/26 04:58 PM EDT,$0.50,1
20260727,MLB-WIN-IT5-02HOSF7EOK1VGP0-PIES000,07/27/26 04:58 PM EDT,$0.51,1
20260728,MLB-TRUNS-IT5-02HOSF03OK1VHG0-GTE-P00045,07/27/26 05:00 PM EDT,$0.47,181
20260728,MLB-MOVY-IT5-02HOSF3DOK1VH80-CIDS000-GTE-P00005,07/27/26 05:00 PM EDT,$0.56,25
20260728,MLB-TRUNS-IT5-02HOSF1BOK1VH78-GTE-P00045,07/27/26 05:01 PM EDT,$0.53,10
20260728,MLB-MOVY-IT5-02HOSF7EOK1VGP0-PIES000-GTE-P00005,07/27/26 05:02 PM EDT,$0.43,10
20260728,MLB-TRUNS-IT5-02HOSF03OK1VHG0-GTE-P00045,07/27/26 05:02 PM EDT,$0.46,35
20260728,MLB-WIN-IT5-02HOSF1BOK1VH78-NYTS000,07/27/26 05:03 PM EDT,$0.52,96
20260728,MLB-WIN-IT5-02HOSF03OK1VHG0-DERS000,07/27/26 05:04 PM EDT,$0.53,18
20260728,MLB-WIN-IT5-02HOT9V9OK1VNE0-CHOX000,07/27/26 05:04 PM EDT,$0.43,4
20260728,MLB-MOVY-IT5-02HOSF34OK1VGU8-PHES000-GTE-P00005,07/27/26 05:04 PM EDT,$0.57,33
20260728,MLB-WIN-IT5-02HOSF34OK1VGU8-MINS001,07/27/26 05:05 PM EDT,$0.35,54
20260728,MLB-TRUNS-IT5-02HOSF5NOK1VG6O-GTE-P00055,07/27/26 05:05 PM EDT,$0.48,75
20260728,MLB-TRUNS-IT5-02HOSF5NOK1VG6O-GTE-P00055,07/27/26 05:06 PM EDT,$0.49,48
20260728,MLB-MOVY-IT5-02HOSF7EOK1VGP0-PIES000-GTE-P00005,07/27/26 05:08 PM EDT,$0.45,8
20260728,MLB-MOVY-IT5-02HOSF34OK1VGU8-PHES000-GTE-P00005,07/27/26 05:08 PM EDT,$0.57,22
20260728,KBO-TRUNS-FG-000ABKVAI43KK20-GTE-P00095,07/27/26 05:11 PM EDT,$0.56,17
20260728,MLB-TRUNS-IT5-02HOSF3DOK1VH80-GTE-P00045,07/27/26 05:11 PM EDT,$0.52,30
20260728,MLB-WIN-IT5-02HOSF5NOK1VG6O-WALS000,07/27/26 05:11 PM EDT,$0.58,1
20260728,MLB-WIN-IT5-02HOSF03OK1VHG0-BAES000,07/27/26 05:12 PM EDT,$0.50,192
20260728,KBO-WIN-FG-000ABKQ0I43KKSG-SANS000,07/27/26 05:12 PM EDT,$0.44,10
20260728,MLB-TRUNS-IT5-02HOSF03OK1VHG0-GTE-P00045,07/27/26 05:13 PM EDT,$0.47,9
20260728,KBO-WIN-FG-000ABKUPI43KK2G-LOTS001,07/27/26 05:13 PM EDT,$0.36,13
20260728,MLB-WIN-IT5-02HOSF34OK1VGU8-PHES000,07/27/26 05:14 PM EDT,$0.66,14
20260728,MLB-WIN-IT5-02HOSF3DOK1VH80-CIDS000,07/27/26 05:14 PM EDT,$0.64,15
20260728,MLB-WIN-IT5-02HOSF1BOK1VH78-NYTS000,07/27/26 05:14 PM EDT,$0.52,218
20260728,MLB-TRUNS-IT5-02HOSF03OK1VHG0-GTE-P00045,07/27/26 05:15 PM EDT,$0.48,20
20260728,MLB-MOVY-IT5-02HOSF3DOK1VH80-CIDS000-GTE-P00005,07/27/26 05:15 PM EDT,$0.55,1754
20260728,MLB-WIN-IT5-02HOSF03OK1VHG0-BAES000,07/27/26 05:16 PM EDT,$0.50,442
20260728,MLB-MOVY-IT5-02HOSF5NOK1VG6O-WALS000-GTE-P00005,07/27/26 05:16 PM EDT,$0.49,433
20260728,MLB-WIN-IT5-02HOSF7EOK1VGP0-PIES000,07/27/26 05:16 PM EDT,$0.51,2
20260728,KBO-TRUNS-FG-000ABKVAI43KK20-GTE-P00095,07/27/26 05:16 PM EDT,$0.56,12
20260728,MLB-TRUNS-IT5-02HOSF34OK1VGU8-GTE-P00035,07/27/26 05:16 PM EDT,$0.58,38
20260728,MLB-WIN-IT5-02HOT9V9OK1VNE0-NYES000,07/27/26 05:17 PM EDT,$0.59,24
20260728,MLB-WIN-IT5-02HOSF34OK1VGU8-PHES000,07/27/26 05:17 PM EDT,$0.66,14
20260728,MLB-WIN-IT5-02HOSF03OK1VHG0-DERS000,07/27/26 05:17 PM EDT,$0.53,18
20260728,MLB-WIN-IT5-02HOT9R0OK1VNTG-BOOX000,07/27/26 05:18 PM EDT,$0.61,39
20260728,MLB-WIN-IT5-02HOSF5NOK1VG6O-WALS000,07/27/26 05:18 PM EDT,$0.58,166
20260728,MLB-WIN-IT5-02HOSF34OK1VGU8-PHES000,07/27/26 05:18 PM EDT,$0.66,220
20260728,MLB-WIN-IT5-02HOSF1BOK1VH78-NYTS000,07/27/26 05:18 PM EDT,$0.52,55
20260728,MLB-MOVY-IT5-02HOSF34OK1VGU8-PHES000-GTE-P00005,07/27/26 05:18 PM EDT,$0.57,469
20260728,MLB-WIN-IT5-02HOSF34OK1VGU8-PHES000,07/27/26 05:19 PM EDT,$0.66,37
20260728,MLB-PHRR-FG-02HOSF03OK1VHG0-HAEE000-GTE-P00015,07/27/26 05:19 PM EDT,$0.44,10
20260728,MLB-WIN-IT5-02HOSF5NOK1VG6O-WALS000,07/27/26 05:20 PM EDT,$0.58,42
20260728,MLB-WIN-IT5-02HOSF1BOK1VH78-NYTS000,07/27/26 05:22 PM EDT,$0.52,5
20260728,MLB-WIN-IT5-02HOSF3DOK1VH80-CIDS000,07/27/26 05:22 PM EDT,$0.64,80
20260728,MLB-WIN-IT5-02HOT9V9OK1VNE0-CHOX000,07/27/26 05:23 PM EDT,$0.42,11
20260728,MLB-WIN-IT5-02HOSF3DOK1VH80-CIDS000,07/27/26 05:25 PM EDT,$0.65,37
20260728,MLB-WIN-IT5-02HOT9V9OK1VNE0-NYES000,07/27/26 05:25 PM EDT,$0.59,40
20260728,MLB-MOVY-IT5-02HOSF34OK1VGU8-PHES000-GTE-P00005,07/27/26 05:25 PM EDT,$0.57,2374
20260728,MLB-WIN-IT5-02HOSF34OK1VGU8-MINS001,07/27/26 05:25 PM EDT,$0.35,350
20260728,MLB-WIN-IT5-02HOT9R0OK1VNTG-ATCS000,07/27/26 05:25 PM EDT,$0.40,350
20260728,MLB-WIN-IT5-02HOSF34OK1VGU8-PHES000,07/27/26 05:25 PM EDT,$0.66,148
20260728,MLB-WIN-IT5-02HOSF3DOK1VH80-CIDS000,07/27/26 05:25 PM EDT,$0.65,7
20260728,MLB-WIN-IT5-02HOSF34OK1VGU8-PHES000,07/27/26 05:25 PM EDT,$0.66,14
20260728,MLB-WIN-IT5-02HOSF34OK1VGU8-MINS001,07/27/26 05:26 PM EDT,$0.35,350
20260728,MLB-WIN-IT5-02HOSF03OK1VHG0-DERS000,07/27/26 05:27 PM EDT,$0.53,9
20260728,MLB-WIN-IT5-02HOSF03OK1VHG0-BAES000,07/27/26 05:27 PM EDT,$0.50,169
20260728,MLB-TRUNS-IT5-02HOSF7EOK1VGP0-GTE-P00055,07/27/26 05:27 PM EDT,$0.47,7
20260728,MLB-TRUNS-IT5-02HOSF34OK1VGU8-GTE-P00045,07/27/26 05:27 PM EDT,$0.42,8
20260728,MLB-WIN-IT5-02HOSF34OK1VGU8-MINS001,07/27/26 05:28 PM EDT,$0.35,350
20260728,MLB-WIN-IT5-02HOSF5NOK1VG6O-WALS000,07/27/26 05:28 PM EDT,$0.58,8
20260728,MLB-WIN-IT5-02HOSF5NOK1VG6O-WALS000,07/27/26 05:29 PM EDT,$0.58,6
20260728,MLB-WIN-IT5-02HOSF34OK1VGU8-PHES000,07/27/26 05:29 PM EDT,$0.66,294
20260728,MLB-TRUNS-IT5-02HOSF7EOK1VGP0-GTE-P00055,07/27/26 05:29 PM EDT,$0.48,77
20260728,MLB-WIN-IT5-02HOSF5NOK1VG6O-WALS000,07/27/26 05:29 PM EDT,$0.58,8
20260728,MLB-TRUNS-IT5-02HOSF34OK1VGU8-GTE-P00045,07/27/26 05:29 PM EDT,$0.42,83
20260728,MLB-TRUNS-IT5-02HOSF03OK1VHG0-GTE-P00045,07/27/26 05:29 PM EDT,$0.48,80
20260728,MLB-MOVY-IT5-02HOSF34OK1VGU8-PHES000-GTE-P00005,07/27/26 05:29 PM EDT,$0.57,84
20260728,MLB-TRUNS-IT5-02HOSF1BOK1VH78-GTE-P00045,07/27/26 05:29 PM EDT,$0.55,10
20260728,MLB-WIN-IT5-02HOT9V9OK1VNE0-NYES000,07/27/26 05:29 PM EDT,$0.58,327
20260728,MLB-WIN-IT5-02HOSF34OK1VGU8-MINS001,07/27/26 05:30 PM EDT,$0.35,350
20260728,MLB-WIN-IT5-02HOSF34OK1VGU8-MINS001,07/27/26 05:30 PM EDT,$0.35,350
20260728,MLB-WIN-IT5-02HOSF34OK1VGU8-MINS001,07/27/26 05:30 PM EDT,$0.35,350
20260728,MLB-WIN-IT5-02HOT9R0OK1VNTG-BOOX000,07/27/26 05:30 PM EDT,$0.61,1
20260728,MLB-WIN-IT5-02HOT9QTOK1VME8-MIRS000,07/27/26 05:31 PM EDT,$0.54,17
20260728,MLB-MOVY-IT5-02HOSF3DOK1VH80-CIDS000-GTE-P00005,07/27/26 05:31 PM EDT,$0.55,350
20260728,MLB-MOVY-IT5-02HOSF34OK1VGU8-PHES000-GTE-P00005,07/27/26 05:31 PM EDT,$0.57,16
20260728,MLB-MOVY-IT5-02HOSF5NOK1VG6O-WALS000-GTE-P00005,07/27/26 05:33 PM EDT,$0.51,11
20260728,MLB-WIN-IT5-02HOSF1BOK1VH78-NYTS000,07/27/26 05:33 PM EDT,$0.51,37
20260728,MLB-WIN-IT5-02HOSF03OK1VHG0-DERS000,07/27/26 05:34 PM EDT,$0.53,18
20260728,NWSL-DWIN-FG-000A28PPI788FO8-WATW003,07/27/26 05:36 PM EDT,$0.43,22
20260728,MLB-MOVY-IT5-02HOSF5NOK1VG6O-WALS000-GTE-P00005,07/27/26 05:36 PM EDT,$0.51,37
20260728,MLB-MOVY-IT5-02HOT9V9OK1VNE0-NYES000-GTE-P00005,07/27/26 05:36 PM EDT,$0.50,8
20260728,MLB-WIN-IT5-02HOSF34OK1VGU8-PHES000,07/27/26 05:37 PM EDT,$0.66,61
20260728,MLB-TRUNS-IT5-02HOSF03OK1VHG0-GTE-P00045,07/27/26 05:39 PM EDT,$0.47,4
20260728,MLB-TRUNS-IT5-02HOSF5NOK1VG6O-GTE-P00055,07/27/26 05:40 PM EDT,$0.52,18
20260728,MLB-MOVY-IT5-02HOSF5NOK1VG6O-WALS000-GTE-P00005,07/27/26 05:40 PM EDT,$0.51,18
20260728,MLB-TRUNS-IT5-02HOSF7EOK1VGP0-GTE-P00055,07/27/26 05:40 PM EDT,$0.48,150
20260728,MLB-TRUNS-IT5-02HOSF03OK1VHG0-GTE-P00045,07/27/26 05:40 PM EDT,$0.47,47
20260728,MLB-TRUNS-IT5-02HOSF03OK1VHG0-GTE-P00045,07/27/26 05:40 PM EDT,$0.47,45
20260728,MLB-TRUNS-IT5-02HOSF03OK1VHG0-GTE-P00045,07/27/26 05:40 PM EDT,$0.48,20
20260728,MLB-MOVY-IT5-02HOSF3DOK1VH80-CIDS000-GTE-P00005,07/27/26 05:40 PM EDT,$0.55,3
20260728,MLB-TRUNS-IT5-02HOSF5NOK1VG6O-GTE-P00055,07/27/26 05:41 PM EDT,$0.52,103
20260728,MLB-MOVY-IT5-02HOT9V9OK1VNE0-NYES000-GTE-P00005,07/27/26 05:41 PM EDT,$0.50,16
20260728,MLB-TRUNS-IT5-02HOSF7EOK1VGP0-GTE-P00055,07/27/26 05:42 PM EDT,$0.48,40
20260728,MLB-MOVY-IT5-02HOSF3DOK1VH80-CIDS000-GTE-P00005,07/27/26 05:42 PM EDT,$0.55,21
20260728,MLB-MOVY-IT5-02HOSF5NOK1VG6O-WALS000-GTE-P00005,07/27/26 05:43 PM EDT,$0.51,18
20260728,MLB-WIN-IT5-02HOT9O1OK1VMH8-STLS000,07/27/26 05:44 PM EDT,$0.50,19
20260728,MLB-WIN-IT5-02HOSF03OK1VHG0-DERS000,07/27/26 05:44 PM EDT,$0.53,90
20260728,MLB-MOVY-IT5-02HOT9V9OK1VNE0-NYES000-GTE-P00005,07/27/26 05:45 PM EDT,$0.50,9
20260728,MLB-TRUNS-IT5-02HOSF7EOK1VGP0-GTE-P00055,07/27/26 05:46 PM EDT,$0.48,40
20260728,MLB-MOVY-IT5-02HOT9QTOK1VME8-MIRS000-GTE-P00005,07/27/26 05:47 PM EDT,$0.43,1
20260728,MLB-TRUNS-IT5-02HOSF03OK1VHG0-GTE-P00045,07/27/26 05:49 PM EDT,$0.47,156
20260728,MLB-MOVY-IT5-02HOT9V9OK1VNE0-NYES000-GTE-P00005,07/27/26 05:49 PM EDT,$0.50,3
20260728,KBO-MOVY-FG-000ABKVAI43KK20-LGNS000-GTE-P00015,07/27/26 05:50 PM EDT,$0.64,22
20260728,MLB-MOVY-IT5-02HOSF34OK1VGU8-PHES000-GTE-P00005,07/27/26 05:51 PM EDT,$0.57,372
20260728,MLB-MOVY-IT5-02HOSF7EOK1VGP0-PIES000-GTE-P00005,07/27/26 05:53 PM EDT,$0.45,10
20260728,MLB-MOVY-IT5-02HOSF34OK1VGU8-PHES000-GTE-P00005,07/27/26 05:54 PM EDT,$0.57,423
20260728,MLB-PHRR-FG-02HOSF03OK1VHG0-GUON000-GTE-P00015,07/27/26 05:55 PM EDT,$0.51,47
20260728,MLB-MOVY-IT5-02HOSF3DOK1VH80-CIDS000-GTE-P00005,07/27/26 05:55 PM EDT,$0.55,17
20260728,MLB-MOVY-IT5-02HOSF34OK1VGU8-PHES000-GTE-P00005,07/27/26 05:55 PM EDT,$0.57,110
20260728,MLB-WIN-IT5-02HOSF1BOK1VH78-NYTS000,07/27/26 05:55 PM EDT,$0.52,27
20260728,MLB-WIN-IT5-02HOSF34OK1VGU8-MINS001,07/27/26 05:55 PM EDT,$0.35,81
20260728,MLB-MOVY-IT5-02HOSF34OK1VGU8-PHES000-GTE-P00005,07/27/26 05:56 PM EDT,$0.57,83
20260728,MLB-PHRR-FG-02HOSF03OK1VHG0-GUON000-GTE-P00015,07/27/26 05:58 PM EDT,$0.51,9
20260728,MLB-WIN-IT5-02HOSF03OK1VHG0-DERS000,07/27/26 06:00 PM EDT,$0.53,3
20260728,MLB-MOVY-IT5-02HOSF3DOK1VH80-CIDS000-GTE-P00005,07/27/26 06:00 PM EDT,$0.55,35
20260728,MLB-TRUNS-IT5-02HOSF34OK1VGU8-GTE-P00035,07/27/26 06:01 PM EDT,$0.55,21
20260728,MLB-TRUNS-IT5-02HOSF03OK1VHG0-GTE-P00045,07/27/26 06:01 PM EDT,$0.47,14
20260728,MLB-WIN-IT5-02HOT9V9OK1VNE0-NYES000,07/27/26 06:01 PM EDT,$0.59,51
20260728,MLB-TRUNS-IT5-02HOSF03OK1VHG0-GTE-P00045,07/27/26 06:02 PM EDT,$0.47,72
20260728,MLB-WIN-IT5-02HOSF34OK1VGU8-PHES000,07/27/26 06:02 PM EDT,$0.66,294
20260728,MLB-TRUNS-IT5-02HOSF03OK1VHG0-GTE-P00045,07/27/26 06:02 PM EDT,$0.48,262
20260728,MLB-MOVY-IT5-02HOSF7EOK1VGP0-PIES000-GTE-P00005,07/27/26 06:02 PM EDT,$0.43,59
20260728,MLB-MOVY-IT5-02HOT9R0OK1VNTG-BOOX000-GTE-P00005,07/27/26 06:03 PM EDT,$0.53,40
20260728,MLB-TRUNS-IT5-02HOSF1BOK1VH78-GTE-P00045,07/27/26 06:03 PM EDT,$0.57,10
20260728,MLB-MOVY-IT5-02HOSF5NOK1VG6O-WALS000-GTE-P00005,07/27/26 06:04 PM EDT,$0.51,56
20260728,MLB-TRUNS-IT5-02HOSF03OK1VHG0-GTE-P00045,07/27/26 06:05 PM EDT,$0.47,81
20260728,MLB-MOVY-IT5-02HOSF34OK1VGU8-PHES000-GTE-P00005,07/27/26 06:05 PM EDT,$0.58,16
20260728,MLB-MOVY-IT5-02HOSF34OK1VGU8-PHES000-GTE-P00005,07/27/26 06:05 PM EDT,$0.58,3333
20260728,MLB-TRUNS-IT5-02HOSF5NOK1VG6O-GTE-P00055,07/27/26 06:05 PM EDT,$0.49,1
20260728,MLB-TRUNS-IT5-02HOSF1BOK1VH78-GTE-P00045,07/27/26 06:06 PM EDT,$0.56,4
20260728,MLB-WIN-IT5-02HOSF5NOK1VG6O-WALS000,07/27/26 06:06 PM EDT,$0.59,9
20260728,MLB-WIN-IT5-02HOT9VAOK1VM3G-LALS000,07/27/26 06:06 PM EDT,$0.52,55
20260728,MLB-MOVY-IT5-02HOSF1BOK1VH78-NYTS000-GTE-P00005,07/27/26 06:06 PM EDT,$0.40,29
20260728,MLB-PHRR-FG-02HOSF03OK1VHG0-COYO000-GTE-P00015,07/27/26 06:06 PM EDT,$0.47,2
20260728,MLB-WIN-IT5-02HOSF1BOK1VH78-NYTS000,07/27/26 06:07 PM EDT,$0.52,80
20260728,MLB-TRUNS-IT5-02HOSF1BOK1VH78-GTE-P00045,07/27/26 06:08 PM EDT,$0.57,1694
20260728,KBO-TRUNS-FG-000ABKVAI43KK20-GTE-P00095,07/27/26 06:09 PM EDT,$0.55,8
20260728,MLB-TRUNS-IT5-02HOT9R0OK1VNTG-GTE-P00055,07/27/26 06:09 PM EDT,$0.45,15
20260728,MLB-WIN-IT5-02HOSF1BOK1VH78-ATES000,07/27/26 06:10 PM EDT,$0.50,230
20260728,MLB-WIN-IT5-02HOT9VAOK1VM3G-HOOS000,07/27/26 06:11 PM EDT,$0.49,20
20260728,MLB-MOVY-IT5-02HOSF34OK1VGU8-PHES000-GTE-P00005,07/27/26 06:11 PM EDT,$0.58,83
20260728,MLB-TRUNS-IT5-02HOSF34OK1VGU8-GTE-P00035,07/27/26 06:11 PM EDT,$0.56,29
20260728,MLB-MOVY-IT5-02HOSF34OK1VGU8-PHES000-GTE-P00005,07/27/26 06:12 PM EDT,$0.59,31
20260728,MLB-WIN-IT5-02HOSF5NOK1VG6O-WALS000,07/27/26 06:12 PM EDT,$0.59,90
20260728,MLB-MOVY-IT5-02HOSF34OK1VGU8-PHES000-GTE-P00005,07/27/26 06:12 PM EDT,$0.58,25
20260728,MLB-WIN-IT5-02HOT9R0OK1VNTG-ATCS000,07/27/26 06:13 PM EDT,$0.40,50
20260728,MLB-MOVY-IT5-02HOSF34OK1VGU8-PHES000-GTE-P00005,07/27/26 06:13 PM EDT,$0.58,18
20260728,MLB-WIN-IT5-02HOT9VAOK1VM3G-LALS000,07/27/26 06:13 PM EDT,$0.52,45
20260728,MLB-MOVY-IT5-02HOSF34OK1VGU8-PHES000-GTE-P00005,07/27/26 06:14 PM EDT,$0.57,33
20260728,MLB-MOVY-IT5-02HOT9V9OK1VNE0-NYES000-GTE-P00005,07/27/26 06:14 PM EDT,$0.49,39
20260728,KBO-MOVY-FG-000ABKU5I43KKM0-DORS000-GTE-P00015,07/27/26 06:14 PM EDT,$0.46,20
20260728,MLB-TRUNS-IT5-02HOSF03OK1VHG0-GTE-P00045,07/27/26 06:14 PM EDT,$0.47,9
20260728,MLB-TRUNS-IT5-02HOSF7EOK1VGP0-GTE-P00055,07/27/26 06:14 PM EDT,$0.47,20
20260728,MLB-WIN-IT5-02HOSF1BOK1VH78-NYTS000,07/27/26 06:15 PM EDT,$0.52,30
20260728,KBO-MOVY-FG-000ABKU5I43KKM0-DORS000-GTE-P00025,07/27/26 06:15 PM EDT,$0.36,22
20260728,MLB-TRUNS-IT5-02HOSF5NOK1VG6O-GTE-P00055,07/27/26 06:16 PM EDT,$0.51,283
20260728,MLB-TRUNS-IT5-02HOSF7EOK1VGP0-GTE-P00055,07/27/26 06:16 PM EDT,$0.48,90
20260728,MLB-WIN-IT5-02HOT9R0OK1VNTG-BOOX000,07/27/26 06:16 PM EDT,$0.61,63
20260728,MLB-TRUNS-IT5-02HOSF03OK1VHG0-GTE-P00045,07/27/26 06:16 PM EDT,$0.47,18
20260728,MLB-TRUNS-IT5-02HOT9V9OK1VNE0-GTE-P00045,07/27/26 06:16 PM EDT,$0.45,61
20260728,MLB-WIN-IT5-02HOSF5NOK1VG6O-WALS000,07/27/26 06:16 PM EDT,$0.59,24
20260728,MLB-TRUNS-IT5-02HOSF7EOK1VGP0-GTE-P00055,07/27/26 06:17 PM EDT,$0.47,1818
20260728,KBO-MOVY-FG-000ABKVAI43KK20-LGNS000-GTE-P00025,07/27/26 06:17 PM EDT,$0.53,17
20260728,MLB-MOVY-IT5-02HOSF34OK1VGU8-PHES000-GTE-P00005,07/27/26 06:17 PM EDT,$0.57,42
20260728,MLB-MOVY-IT5-02HOSF5NOK1VG6O-WALS000-GTE-P00005,07/27/26 06:17 PM EDT,$0.51,19
20260728,MLB-MOVY-IT5-02HOSF5NOK1VG6O-WALS000-GTE-P00005,07/27/26 06:17 PM EDT,$0.51,188
20260728,KBO-MOVY-FG-000ABKVAI43KK20-LGNS000-GTE-P00035,07/27/26 06:17 PM EDT,$0.41,15
20260728,MLB-WIN-IT5-02HOSF7EOK1VGP0-PIES000,07/27/26 06:17 PM EDT,$0.51,7
20260728,MLB-WIN-IT5-02HOSF34OK1VGU8-PHES000,07/27/26 06:18 PM EDT,$0.66,50
20260728,MLB-PHRR-FG-02HOSF03OK1VHG0-DIER000-GTE-P00005,07/27/26 06:18 PM EDT,$0.76,8
20260728,MLB-TRUNS-IT5-02HOSF7EOK1VGP0-GTE-P00055,07/27/26 06:18 PM EDT,$0.48,100
20260728,MLB-TRUNS-IT5-02HOSF7EOK1VGP0-GTE-P00055,07/27/26 06:18 PM EDT,$0.48,40
20260728,MLB-WIN-IT5-02HOSF7EOK1VGP0-ARKS000,07/27/26 06:19 PM EDT,$0.50,29
20260728,MLB-TRUNS-IT5-02HOSF03OK1VHG0-GTE-P00045,07/27/26 06:19 PM EDT,$0.47,290
20260728,MLB-TRUNS-IT5-02HOSF7EOK1VGP0-GTE-P00055,07/27/26 06:19 PM EDT,$0.47,28
20260728,KBO-MOVY-FG-000ABKQ0I43KKSG-KIRS000-GTE-P00015,07/27/26 06:20 PM EDT,$0.45,15
20260728,KBO-MOVY-FG-000ABKQ0I43KKSG-KIRS000-GTE-P00025,07/27/26 06:20 PM EDT,$0.36,22
20260728,MLB-WIN-IT5-02HOSF03OK1VHG0-DERS000,07/27/26 06:20 PM EDT,$0.52,92
20260728,MLB-WIN-IT5-02HOSF1BOK1VH78-NYTS000,07/27/26 06:20 PM EDT,$0.51,226
20260728,MLB-WIN-IT5-02HOSF5NOK1VG6O-TOYS000,07/27/26 06:21 PM EDT,$0.44,21
20260728,MLB-WIN-IT5-02HOSF34OK1VGU8-PHES000,07/27/26 06:21 PM EDT,$0.66,32
20260728,MLB-MOVY-IT5-02HOSF3DOK1VH80-CIDS000-GTE-P00005,07/27/26 06:22 PM EDT,$0.55,245
20260728,MLB-TRUNS-IT5-02HOSF1BOK1VH78-GTE-P00055,07/27/26 06:22 PM EDT,$0.43,3
20260728,KBO-MOVY-FG-000ABKUPI43KK2G-HAES000-GTE-P00015,07/27/26 06:22 PM EDT,$0.50,9
20260728,KBO-MOVY-FG-000ABKUPI43KK2G-HAES000-GTE-P00025,07/27/26 06:22 PM EDT,$0.38,8
20260728,MLB-MOVY-IT5-02HOSF34OK1VGU8-PHES000-GTE-P00005,07/27/26 06:22 PM EDT,$0.57,249
20260728,MLB-TRUNS-IT5-02HOSF34OK1VGU8-GTE-P00035,07/27/26 06:22 PM EDT,$0.56,4
20260728,MLB-MOVY-IT5-02HOT9V9OK1VNE0-NYES000-GTE-P00005,07/27/26 06:22 PM EDT,$0.49,58
20260728,MLB-WIN-IT5-02HOSF5NOK1VG6O-WALS000,07/27/26 06:23 PM EDT,$0.59,1639
20260728,MLB-PHRR-FG-02HOSF03OK1VHG0-COTH000-GTE-P00015,07/27/26 06:23 PM EDT,$0.49,5
20260728,MLB-MOVY-IT5-02HOSF7EOK1VGP0-PIES000-GTE-P00005,07/27/26 06:23 PM EDT,$0.43,3
20260728,MLB-PHRR-FG-02HOSF03OK1VHG0-COTH000-GTE-P00015,07/27/26 06:24 PM EDT,$0.46,5
20260728,MLB-WIN-IT5-02HOSF5NOK1VG6O-WALS000,07/27/26 06:24 PM EDT,$0.59,100
20260728,MLB-PHRR-FG-02HOSF03OK1VHG0-TARD000-GTE-P00015,07/27/26 06:24 PM EDT,$0.47,8
20260728,MLB-MOVY-IT5-02HOSF3DOK1VH80-CIDS000-GTE-P00005,07/27/26 06:24 PM EDT,$0.55,105
20260728,MLB-TRUNS-IT5-02HOSF03OK1VHG0-GTE-P00045,07/27/26 06:24 PM EDT,$0.46,44
20260728,MLB-MOVY-IT5-02HOSF5NOK1VG6O-WALS000-GTE-P00005,07/27/26 06:24 PM EDT,$0.50,192
20260728,MLB-TRUNS-IT5-02HOSF7EOK1VGP0-GTE-P00055,07/27/26 06:25 PM EDT,$0.46,178
20260728,MLB-WIN-IT5-02HOSF5NOK1VG6O-WALS000,07/27/26 06:25 PM EDT,$0.59,8
20260728,MLB-WIN-IT5-02HOSF5NOK1VG6O-TOYS000,07/27/26 06:25 PM EDT,$0.41,21
20260728,MLB-TRUNS-IT5-02HOSF03OK1VHG0-GTE-P00045,07/27/26 06:25 PM EDT,$0.46,45
20260728,MLB-TRUNS-IT5-02HOSF1BOK1VH78-GTE-P00045,07/27/26 06:25 PM EDT,$0.57,33
20260728,MLB-WIN-IT5-02HOSF03OK1VHG0-BAES000,07/27/26 06:26 PM EDT,$0.49,98
20260728,MLB-MOVY-IT5-02HOSF5NOK1VG6O-WALS000-GTE-P00005,07/27/26 06:26 PM EDT,$0.52,185
20260728,MLB-WIN-IT5-02HOSF5NOK1VG6O-WALS000,07/27/26 06:26 PM EDT,$0.59,57
20260728,MLB-PHRR-FG-02HOSF03OK1VHG0-GUON000-GTE-P00005,07/27/26 06:27 PM EDT,$0.73,1
20260728,MLB-PHRR-FG-02HOSF03OK1VHG0-DIER000-GTE-P00005,07/27/26 06:27 PM EDT,$0.77,2
20260728,MLB-WIN-IT5-02HOSF03OK1VHG0-DERS000,07/27/26 06:27 PM EDT,$0.52,18
20260728,MLB-MOVY-IT5-02HOSF34OK1VGU8-PHES000-GTE-P00005,07/27/26 06:27 PM EDT,$0.57,33
20260728,MLB-TRUNS-IT5-02HOSF34OK1VGU8-GTE-P00035,07/27/26 06:27 PM EDT,$0.57,169
20260728,MLB-TRUNS-IT5-02HOSF03OK1VHG0-GTE-P00045,07/27/26 06:28 PM EDT,$0.47,100
20260728,MLB-MOVY-IT5-02HOT9R0OK1VNTG-BOOX000-GTE-P00005,07/27/26 06:28 PM EDT,$0.53,727
20260728,MLB-PHRR-FG-02HOSF03OK1VHG0-HAEE000-GTE-P00015,07/27/26 06:28 PM EDT,$0.46,312
20260728,NWSL-DWIN-FG-000A28SHI788EU0-KATW001,07/27/26 06:28 PM EDT,$0.67,7
20260728,NWSL-DWIN-FG-000A28PPI788FO8-DRAW,07/27/26 06:28 PM EDT,$0.28,16
20260728,MLB-WIN-IT5-02HOSF5NOK1VG6O-WALS000,07/27/26 06:28 PM EDT,$0.59,8
20260728,NWSL-DWIN-FG-000A28ULI788EFO-NJCW001,07/27/26 06:28 PM EDT,$0.57,16
20260728,MLB-WIN-IT5-02HOSF7EOK1VGP0-PIES000,07/27/26 06:29 PM EDT,$0.51,449
20260728,MLB-WIN-IT5-02HOSF1BOK1VH78-NYTS000,07/27/26 06:29 PM EDT,$0.52,92
20260728,MLB-MOVY-IT5-02HOSF34OK1VGU8-PHES000-GTE-P00005,07/27/26 06:29 PM EDT,$0.58,234
20260728,MLB-TRUNS-IT5-02HOSF7EOK1VGP0-GTE-P00055,07/27/26 06:29 PM EDT,$0.47,1024
20260728,MLB-TRUNS-IT5-02HOSF03OK1VHG0-GTE-P00045,07/27/26 06:29 PM EDT,$0.48,10
20260728,MLB-MOVY-IT5-02HOSF5NOK1VG6O-WALS000-GTE-P00005,07/27/26 06:31 PM EDT,$0.49,18
20260728,MLB-TRUNS-IT5-02HOSF7EOK1VGP0-GTE-P00055,07/27/26 06:31 PM EDT,$0.47,20
20260728,MLB-MOVY-IT5-02HOSF34OK1VGU8-PHES000-GTE-P00005,07/27/26 06:31 PM EDT,$0.55,21
20260728,MLB-TRUNS-IT5-02HOSF03OK1VHG0-GTE-P00045,07/27/26 06:31 PM EDT,$0.46,17
20260728,MLB-WIN-IT5-02HOSF3DOK1VH80-CLNS000,07/27/26 06:31 PM EDT,$0.37,25
20260728,MLB-MOVY-IT5-02HOSF34OK1VGU8-PHES000-GTE-P00005,07/27/26 06:31 PM EDT,$0.57,51
20260728,MLB-TRUNS-IT5-02HOSF03OK1VHG0-GTE-P00045,07/27/26 06:31 PM EDT,$0.47,51
20260728,MLB-MOVY-IT5-02HOSF5NOK1VG6O-WALS000-GTE-P00005,07/27/26 06:32 PM EDT,$0.51,169
20260728,MLB-WIN-IT5-02HOSF5NOK1VG6O-TOYS000,07/27/26 06:32 PM EDT,$0.43,21
20260728,MLB-TRUNS-IT5-02HOSF03OK1VHG0-GTE-P00045,07/27/26 06:32 PM EDT,$0.46,107
20260728,MLB-WIN-IT5-02HOSF7EOK1VGP0-ARKS000,07/27/26 06:32 PM EDT,$0.50,96
20260728,MLB-TRUNS-IT5-02HOSF1BOK1VH78-GTE-P00055,07/27/26 06:32 PM EDT,$0.45,53
20260728,MLB-WIN-IT5-02HOSF34OK1VGU8-PHES000,07/27/26 06:32 PM EDT,$0.66,1867
20260728,MLB-WIN-IT5-02HOSF34OK1VGU8-PHES000,07/27/26 06:32 PM EDT,$0.66,1074
20260728,MLB-MOVY-IT5-02HOSF3DOK1VH80-CIDS000-GTE-P00005,07/27/26 06:33 PM EDT,$0.53,102
20260728,MLB-MOVY-IT5-02HOSF5NOK1VG6O-WALS000-GTE-P00005,07/27/26 06:33 PM EDT,$0.51,1411
20260728,MLB-TRUNS-IT5-02HOSF5NOK1VG6O-GTE-P00055,07/27/26 06:33 PM EDT,$0.51,88
20260728,MLB-TRUNS-IT5-02HOSF1BOK1VH78-GTE-P00055,07/27/26 06:33 PM EDT,$0.44,86
20260728,MLB-WIN-IT5-02HOSF1BOK1VH78-NYTS000,07/27/26 06:33 PM EDT,$0.51,8
20260728,MLB-WIN-IT5-02HOSF34OK1VGU8-MINS001,07/27/26 06:34 PM EDT,$0.35,238
20260728,MLB-WIN-IT5-02HOSF34OK1VGU8-MINS001,07/27/26 06:34 PM EDT,$0.35,168
20260728,MLB-TRUNS-IT5-02HOSF03OK1VHG0-GTE-P00045,07/27/26 06:34 PM EDT,$0.46,44
20260728,MLB-MOVY-IT5-02HOSF34OK1VGU8-PHES000-GTE-P00005,07/27/26 06:34 PM EDT,$0.58,83
20260728,MLB-TRUNS-IT5-02HOSF5NOK1VG6O-GTE-P00055,07/27/26 06:35 PM EDT,$0.52,9
20260728,MLB-TRUNS-IT5-02HOSF34OK1VGU8-GTE-P00035,07/27/26 06:35 PM EDT,$0.56,43
20260728,MLB-TRUNS-IT5-02HOSF7EOK1VGP0-GTE-P00055,07/27/26 06:35 PM EDT,$0.47,40
20260728,MLB-TRUNS-IT5-02HOSF3DOK1VH80-GTE-P00045,07/27/26 06:35 PM EDT,$0.52,20
20260728,MLB-MOVY-IT5-02HOSF34OK1VGU8-PHES000-GTE-P00005,07/27/26 06:35 PM EDT,$0.57,254
20260728,MLB-TRUNS-IT5-02HOSF03OK1VHG0-GTE-P00045,07/27/26 06:35 PM EDT,$0.46,689
20260728,MLB-WIN-IT5-02HOSF7EOK1VGP0-ARKS000,07/27/26 06:36 PM EDT,$0.50,21
20260728,MLB-MOVY-IT5-02HOSF34OK1VGU8-PHES000-GTE-P00005,07/27/26 06:38 PM EDT,$0.58,8
20260728,MLB-WIN-IT5-02HOSF03OK1VHG0-BAES000,07/27/26 06:38 PM EDT,$0.50,384
20260728,MLB-WIN-IT5-02HOSF1BOK1VH78-ATES000,07/27/26 06:38 PM EDT,$0.49,156
20260728,MLB-MOVY-IT5-02HOSF03OK1VHG0-DERS000-GTE-P00005,07/27/26 06:38 PM EDT,$0.39,15
20260728,MLB-WIN-IT5-02HOSF03OK1VHG0-DERS000,07/27/26 06:39 PM EDT,$0.53,363
20260728,MLB-MOVY-IT5-02HOSF5NOK1VG6O-WALS000-GTE-P00005,07/27/26 06:39 PM EDT,$0.51,25
20260728,MLB-MOVY-IT5-02HOSF3DOK1VH80-CIDS000-GTE-P00005,07/27/26 06:39 PM EDT,$0.55,102
20260728,MLB-TRUNS-IT5-02HOT9O1OK1VMH8-GTE-P00055,07/27/26 06:39 PM EDT,$0.48,100
20260728,MLB-MOVY-IT5-02HOSF3DOK1VH80-CIDS000-GTE-P00005,07/27/26 06:39 PM EDT,$0.54,93
20260728,MLB-WIN-IT5-02HOSF5NOK1VG6O-WALS000,07/27/26 06:40 PM EDT,$0.59,18
20260728,MLB-TRUNS-IT5-02HOSF5NOK1VG6O-GTE-P00055,07/27/26 06:41 PM EDT,$0.50,10
20260728,MLB-WIN-IT5-02HOSF34OK1VGU8-MINS001,07/27/26 06:41 PM EDT,$0.37,50
20260728,MLB-WIN-IT5-02HOSF34OK1VGU8-PHES000,07/27/26 06:41 PM EDT,$0.63,9
20260728,MLB-TRUNS-IT5-02HOSF5NOK1VG6O-GTE-P00055,07/27/26 06:41 PM EDT,$0.50,48
20260728,MLB-MOVY-IT5-02HOSF5NOK1VG6O-WALS000-GTE-P00005,07/27/26 06:41 PM EDT,$0.51,47
20260728,MLB-WIN-IT5-02HOSF03OK1VHG0-DERS000,07/27/26 06:41 PM EDT,$0.54,26
20260728,MLB-WIN-IT5-02HOSF7EOK1VGP0-ARKS000,07/27/26 06:41 PM EDT,$0.50,9
20260728,MLB-TRUNS-IT5-02HOSF03OK1VHG0-GTE-P00045,07/27/26 06:41 PM EDT,$0.45,122
20260728,MLB-TRUNS-IT5-02HOSF34OK1VGU8-GTE-P00035,07/27/26 06:42 PM EDT,$0.54,599
20260728,MLB-MOVY-IT5-02HOSF34OK1VGU8-PHES000-GTE-P00005,07/27/26 06:42 PM EDT,$0.53,60
20260728,MLB-TRUNS-IT5-02HOSF34OK1VGU8-GTE-P00035,07/27/26 06:42 PM EDT,$0.54,8
20260728,MLB-WIN-IT5-02HOSF5NOK1VG6O-WALS000,07/27/26 06:42 PM EDT,$0.59,24
20260728,MLB-TRUNS-IT5-02HOSF7EOK1VGP0-GTE-P00055,07/27/26 06:42 PM EDT,$0.48,9
20260728,MLB-WIN-IT5-02HOSF03OK1VHG0-BAES000,07/27/26 06:42 PM EDT,$0.53,227
20260728,MLB-WIN-IT5-02HOSF03OK1VHG0-BAES000,07/27/26 06:42 PM EDT,$0.52,350
20260728,MLB-WIN-IT5-02HOSF03OK1VHG0-BAES000,07/27/26 06:42 PM EDT,$0.52,350
20260728,MLB-MOVY-IT5-02HOSF34OK1VGU8-PHES000-GTE-P00005,07/27/26 06:42 PM EDT,$0.55,39
20260728,MLB-MOVY-IT5-02HOSF34OK1VGU8-PHES000-GTE-P00005,07/27/26 06:43 PM EDT,$0.55,21
20260728,MLB-TRUNS-IT5-02HOSF7EOK1VGP0-GTE-P00065,07/27/26 06:43 PM EDT,$0.32,350
20260728,MLB-TRUNS-IT5-02HOSF03OK1VHG0-GTE-P00065,07/27/26 06:43 PM EDT,$0.28,350
20260728,MLB-TRUNS-IT5-02HOSF03OK1VHG0-GTE-P00055,07/27/26 06:43 PM EDT,$0.38,350
20260728,MLB-TRUNS-IT5-02HOSF03OK1VHG0-GTE-P00035,07/27/26 06:43 PM EDT,$0.64,350
20260728,MLB-TRUNS-IT5-02HOSF03OK1VHG0-GTE-P00065,07/27/26 06:43 PM EDT,$0.28,350
20260728,MLB-TRUNS-IT5-02HOSF03OK1VHG0-GTE-P00055,07/27/26 06:43 PM EDT,$0.38,350
20260728,MLB-TRUNS-IT5-02HOSF03OK1VHG0-GTE-P00035,07/27/26 06:43 PM EDT,$0.65,350
20260728,MLB-TRUNS-IT5-02HOSF03OK1VHG0-GTE-P00065,07/27/26 06:43 PM EDT,$0.28,350
20260728,MLB-PHRR-FG-02HOSF5NOK1VG6O-ALRK000-GTE-P00005,07/27/26 06:43 PM EDT,$0.78,2
20260728,MLB-PHRR-FG-02HOSF5NOK1VG6O-GEER000-GTE-P00005,07/27/26 06:43 PM EDT,$0.78,2
20260728,MLB-PHRR-FG-02HOSF5NOK1VG6O-NAES001-GTE-P00005,07/27/26 06:43 PM EDT,$0.78,2
20260728,MLB-PHRR-FG-02HOSF5NOK1VG6O-KEIZ000-GTE-P00005,07/27/26 06:43 PM EDT,$0.73,1
20260728,MLB-WIN-IT5-02HOSF03OK1VHG0-BAES000,07/27/26 06:43 PM EDT,$0.59,40
20260728,MLB-MOVY-IT5-02HOSF5NOK1VG6O-WALS000-GTE-P00005,07/27/26 06:44 PM EDT,$0.51,9
20260728,MLB-WIN-IT5-02HOSF3DOK1VH80-CIDS000,07/27/26 06:44 PM EDT,$0.64,15
20260728,MLB-TRUNS-IT5-02HOSF34OK1VGU8-GTE-P00055,07/27/26 06:44 PM EDT,$0.54,17
20260728,MLB-MOVY-IT5-02HOT9V9OK1VNE0-NYES000-GTE-P00005,07/27/26 06:44 PM EDT,$0.50,30
20260728,MLB-WIN-IT5-02HOSF34OK1VGU8-PHES000,07/27/26 06:44 PM EDT,$0.85,350
20260728,MLB-PHRR-FG-02HOT9R0OK1VNTG-JAON003-GTE-P00015,07/27/26 06:44 PM EDT,$0.57,84
20260728,MLB-TRUNS-IT5-02HOSF7EOK1VGP0-GTE-P00045,07/27/26 06:45 PM EDT,$0.52,350
20260728,MLB-TRUNS-IT5-02HOSF34OK1VGU8-GTE-P00055,07/27/26 06:45 PM EDT,$0.51,392
20260728,MLB-MOVY-IT5-02HOSF34OK1VGU8-PHES000-GTE-P00025,07/27/26 06:45 PM EDT,$0.52,462
20260728,MLB-MOVY-IT5-02HOSF5NOK1VG6O-WALS000-GTE-P00005,07/27/26 06:45 PM EDT,$0.51,754
20260728,MLB-TRUNS-IT5-02HOSF03OK1VHG0-GTE-P00045,07/27/26 06:45 PM EDT,$0.49,9
20260728,MLB-TRUNS-IT5-02HOSF03OK1VHG0-GTE-P00045,07/27/26 06:45 PM EDT,$0.50,38
20260728,MLB-TRUNS-IT5-02HOSF34OK1VGU8-GTE-P00055,07/27/26 06:45 PM EDT,$0.49,286
20260728,MLB-WIN-IT5-02HOSF03OK1VHG0-DERS000,07/27/26 06:45 PM EDT,$0.41,179
20260728,MLB-TRUNS-IT5-02HOSF34OK1VGU8-GTE-P00055,07/27/26 06:45 PM EDT,$0.49,472
20260728,MLB-TRUNS-IT5-02HOSF03OK1VHG0-GTE-P00045,07/27/26 06:46 PM EDT,$0.50,38
20260728,MLB-WIN-IT5-02HOSF3DOK1VH80-CIDS000,07/27/26 06:46 PM EDT,$0.64,15
20260728,MLB-MOVY-IT5-02HOSF5NOK1VG6O-WALS000-GTE-P00005,07/27/26 06:46 PM EDT,$0.52,18
20260728,MLB-MOVY-IT5-02HOSF34OK1VGU8-PHES000-GTE-P00025,07/27/26 06:46 PM EDT,$0.48,2
20260728,MLB-MOVY-IT5-02HOSF5NOK1VG6O-WALS000-GTE-P00005,07/27/26 06:46 PM EDT,$0.51,46
20260728,MLB-TRUNS-IT5-02HOSF5NOK1VG6O-GTE-P00055,07/27/26 06:46 PM EDT,$0.46,178
20260728,MLB-TRUNS-IT5-02HOSF7EOK1VGP0-GTE-P00045,07/27/26 06:47 PM EDT,$0.54,350
20260728,MLB-MOVY-IT5-02HOSF03OK1VHG0-BAES000-GTE-P00005,07/27/26 06:47 PM EDT,$0.54,35
20260728,MLB-WIN-IT5-02HOSF34OK1VGU8-PHES000,07/27/26 06:47 PM EDT,$0.84,9
20260728,MLB-MOVY-IT5-02HOSF5NOK1VG6O-WALS000-GTE-P00005,07/27/26 06:47 PM EDT,$0.51,49
20260728,MLB-TRUNS-IT5-02HOSF34OK1VGU8-GTE-P00055,07/27/26 06:47 PM EDT,$0.49,9
20260728,MLB-MOVY-IT5-02HOSF34OK1VGU8-PHES000-GTE-P00025,07/27/26 06:47 PM EDT,$0.48,20
20260728,MLB-TRUNS-IT5-02HOSF7EOK1VGP0-GTE-P00045,07/27/26 06:47 PM EDT,$0.56,51
20260728,MLB-WIN-IT5-02HOT9R0OK1VNTG-BOOX000,07/27/26 06:47 PM EDT,$0.61,15
20260728,MLB-TRUNS-IT5-02HOSF34OK1VGU8-GTE-P00055,07/27/26 06:47 PM EDT,$0.46,282
20260728,MLB-TRUNS-IT5-02HOSF34OK1VGU8-GTE-P00055,07/27/26 06:47 PM EDT,$0.49,9
20260728,MLB-TRUNS-IT5-02HOSF03OK1VHG0-GTE-P00045,07/27/26 06:47 PM EDT,$0.49,472
20260728,MLB-MOVY-IT5-02HOSF34OK1VGU8-PHES000-GTE-P00025,07/27/26 06:48 PM EDT,$0.48,10
20260728,MLB-PHRR-FG-02HOT9V9OK1VNE0-SPES000-GTE-P00025,07/27/26 06:48 PM EDT,$0.26,71
20260728,MLB-WIN-IT5-02HOT9V9OK1VNE0-NYES000,07/27/26 06:48 PM EDT,$0.58,83
20260728,MLB-TRUNS-IT5-02HOSF1BOK1VH78-GTE-P00055,07/27/26 06:48 PM EDT,$0.45,14
20260728,MLB-WIN-IT5-02HOSF5NOK1VG6O-TOYS000,07/27/26 06:48 PM EDT,$0.41,3
20260728,MLB-MOVY-IT5-02HOSF1BOK1VH78-NYTS000-GTE-P00005,07/27/26 06:48 PM EDT,$0.44,10
20260728,MLB-TRUNS-IT5-02HOSF03OK1VHG0-GTE-P00045,07/27/26 06:48 PM EDT,$0.49,9
20260728,MLB-MOVY-IT5-02HOSF03OK1VHG0-BAES000-GTE-P00005,07/27/26 06:48 PM EDT,$0.54,432
20260728,MLB-WIN-IT5-02HOSF03OK1VHG0-DERS000,07/27/26 06:48 PM EDT,$0.44,123
20260728,MLB-MOVY-IT5-02HOSF34OK1VGU8-PHES000-GTE-P00025,07/27/26 06:48 PM EDT,$0.45,350
20260728,MLB-WIN-IT5-02HOSF3DOK1VH80-CLNS000,07/27/26 06:48 PM EDT,$0.37,12
20260728,MLB-TRUNS-IT5-02HOSF34OK1VGU8-GTE-P00055,07/27/26 06:48 PM EDT,$0.52,28
20260728,MLB-TRUNS-IT5-02HOSF5NOK1VG6O-GTE-P00045,07/27/26 06:49 PM EDT,$0.55,18
20260728,MLB-WIN-IT5-02HOSF7EOK1VGP0-PIES000,07/27/26 06:49 PM EDT,$0.58,350
20260728,MLB-WIN-IT5-02HOSF7EOK1VGP0-PIES000,07/27/26 06:49 PM EDT,$0.58,350
20260728,MLB-WIN-IT5-02HOSF7EOK1VGP0-PIES000,07/27/26 06:49 PM EDT,$0.58,350
20260728,MLB-MOVY-IT5-02HOSF34OK1VGU8-PHES000-GTE-P00025,07/27/26 06:49 PM EDT,$0.45,85
20260728,MLB-TRUNS-IT5-02HOSF34OK1VGU8-GTE-P00055,07/27/26 06:49 PM EDT,$0.54,35
20260728,MLB-MOVY-IT5-02HOSF03OK1VHG0-BAES000-GTE-P00005,07/27/26 06:49 PM EDT,$0.53,72
20260728,MLB-TRUNS-IT5-02HOSF03OK1VHG0-GTE-P00045,07/27/26 06:50 PM EDT,$0.50,9
20260728,MLB-TRUNS-IT5-02HOSF5NOK1VG6O-GTE-P00055,07/27/26 06:50 PM EDT,$0.45,528
20260728,MLB-WIN-IT5-02HOSF5NOK1VG6O-TOYS000,07/27/26 06:51 PM EDT,$0.32,27
20260728,MLB-TRUNS-IT5-02HOSF34OK1VGU8-GTE-P00055,07/27/26 06:51 PM EDT,$0.50,43
20260728,MLB-WIN-IT5-02HOSF3DOK1VH80-CIDS000,07/27/26 06:51 PM EDT,$0.64,75
20260728,MLB-TRUNS-IT5-02HOSF34OK1VGU8-GTE-P00055,07/27/26 06:51 PM EDT,$0.49,76
20260728,MLB-MOVY-IT5-02HOSF5NOK1VG6O-WALS000-GTE-P00015,07/27/26 06:51 PM EDT,$0.48,350
20260728,MLB-WIN-IT5-02HOSF3DOK1VH80-CIDS000,07/27/26 06:51 PM EDT,$0.64,15
20260728,MLB-TRUNS-IT5-02HOSF34OK1VGU8-GTE-P00055,07/27/26 06:51 PM EDT,$0.50,5
20260728,MLB-MOVY-IT5-02HOSF7EOK1VGP0-PIES000-GTE-P00015,07/27/26 06:51 PM EDT,$0.36,350
20260728,MLB-MOVY-IT5-02HOSF7EOK1VGP0-PIES000-GTE-P00015,07/27/26 06:51 PM EDT,$0.36,350
20260728,MLB-TRUNS-IT5-02HOSF34OK1VGU8-GTE-P00025,07/27/26 06:51 PM EDT,$0.94,350
20260728,MLB-MOVY-IT5-02HOSF7EOK1VGP0-PIES000-GTE-P00015,07/27/26 06:51 PM EDT,$0.36,350
20260728,MLB-MOVY-IT5-02HOSF3DOK1VH80-CIDS000-GTE-P00005,07/27/26 06:51 PM EDT,$0.55,105
20260728,MLB-TRUNS-IT5-02HOSF03OK1VHG0-GTE-P00045,07/27/26 06:52 PM EDT,$0.50,28
20260728,MLB-WIN-IT5-02HOSF5NOK1VG6O-WALS000,07/27/26 06:52 PM EDT,$0.72,350
20260728,MLB-TRUNS-IT5-02HOSF5NOK1VG6O-GTE-P00055,07/27/26 06:52 PM EDT,$0.47,9
20260728,MLB-TRUNS-IT5-02HOSF34OK1VGU8-GTE-P00065,07/27/26 06:52 PM EDT,$0.51,92
20260728,MLB-WIN-IT5-02HOT9R0OK1VNTG-BOOX000,07/27/26 06:52 PM EDT,$0.61,87
20260728,MLB-WIN-IT5-02HOSF1BOK1VH78-ATES000,07/27/26 06:52 PM EDT,$0.49,98
20260728,MLB-WIN-IT5-02HOSF34OK1VGU8-MINS001,07/27/26 06:52 PM EDT,$0.40,119
20260728,MLB-TRUNS-IT5-02HOSF5NOK1VG6O-GTE-P00045,07/27/26 06:52 PM EDT,$0.67,350
20260728,MLB-WIN-IT5-02HOSF7EOK1VGP0-PIES000,07/27/26 06:52 PM EDT,$0.55,89
20260728,MLB-WIN-IT5-02HOSF34OK1VGU8-PHES000,07/27/26 06:52 PM EDT,$0.57,350
20260728,MLB-WIN-IT5-02HOSF34OK1VGU8-PHES000,07/27/26 06:53 PM EDT,$0.57,350
20260728,MLB-WIN-IT5-02HOSF34OK1VGU8-MINS001,07/27/26 06:53 PM EDT,$0.40,231
20260728,MLB-MOVY-IT5-02HOSF34OK1VGU8-PHES000-GTE-P00005,07/27/26 06:53 PM EDT,$0.47,23
20260728,MLB-MOVY-IT5-02HOT9R0OK1VNTG-BOOX000-GTE-P00005,07/27/26 06:53 PM EDT,$0.53,36
20260728,MLB-WIN-IT5-02HOSF7EOK1VGP0-ARKS000,07/27/26 06:53 PM EDT,$0.49,49
20260728,MLB-TRUNS-IT5-02HOSF34OK1VGU8-GTE-P00035,07/27/26 06:53 PM EDT,$0.97,102
20260728,MLB-WIN-IT5-02HOSF1BOK1VH78-NYTS000,07/27/26 06:53 PM EDT,$0.53,28
20260728,MLB-MOVY-IT5-02HOSF34OK1VGU8-PHES000-GTE-P00005,07/27/26 06:53 PM EDT,$0.51,94
20260728,MLB-TRUNS-IT5-02HOSF34OK1VGU8-GTE-P00045,07/27/26 06:53 PM EDT,$0.93,77
20260728,MLB-WIN-IT5-02HOSF34OK1VGU8-MINS001,07/27/26 06:53 PM EDT,$0.41,270
20260728,MLB-TRUNS-IT5-02HOSF1BOK1VH78-GTE-P00045,07/27/26 06:53 PM EDT,$0.57,110
20260728,MLB-WIN-IT5-02HOSF3DOK1VH80-CIDS000,07/27/26 06:53 PM EDT,$0.64,151
20260728,MLB-TRUNS-IT5-02HOSF03OK1VHG0-GTE-P00045,07/27/26 06:53 PM EDT,$0.49,5
20260728,MLB-MOVY-IT5-02HOSF5NOK1VG6O-WALS000-GTE-P00025,07/27/26 06:53 PM EDT,$0.46,762
20260728,MLB-TRUNS-IT5-02HOSF03OK1VHG0-GTE-P00045,07/27/26 06:53 PM EDT,$0.49,111
20260728,MLB-WIN-IT5-02HOSF7EOK1VGP0-PIES000,07/27/26 06:53 PM EDT,$0.52,89
20260728,MLB-MOVY-IT5-02HOT9V9OK1VNE0-NYES000-GTE-P00005,07/27/26 06:53 PM EDT,$0.50,48
20260728,MLB-TRUNS-IT5-02HOSF34OK1VGU8-GTE-P00075,07/27/26 06:54 PM EDT,$0.49,17
20260728,MLB-WIN-IT5-02HOSF1BOK1VH78-NYTS000,07/27/26 06:54 PM EDT,$0.53,54
20260728,MLB-TRUNS-IT5-02HOSF1BOK1VH78-GTE-P00045,07/27/26 06:54 PM EDT,$0.57,254
20260728,MLB-WIN-IT5-02HOSF03OK1VHG0-DERS000,07/27/26 06:54 PM EDT,$0.44,350
20260728,MLB-WIN-IT5-02HOSF03OK1VHG0-BAES000,07/27/26 06:54 PM EDT,$0.56,350
20260728,MLB-WIN-IT5-02HOSF03OK1VHG0-BAES000,07/27/26 06:54 PM EDT,$0.56,350
20260728,MLB-WIN-IT5-02HOSF03OK1VHG0-BAES000,07/27/26 06:54 PM EDT,$0.56,300
20260728,MLB-MOVY-IT5-02HOSF3DOK1VH80-CIDS000-GTE-P00005,07/27/26 06:54 PM EDT,$0.55,61
20260728,MLB-WIN-IT5-02HOSF1BOK1VH78-ATES000,07/27/26 06:54 PM EDT,$0.50,32
20260728,MLB-TRUNS-IT5-02HOSF03OK1VHG0-GTE-P00045,07/27/26 06:54 PM EDT,$0.50,237
20260728,MLB-WIN-IT5-02HOT9V9OK1VNE0-NYES000,07/27/26 06:54 PM EDT,$0.59,40
20260728,MLB-TRUNS-IT5-02HOSF5NOK1VG6O-GTE-P00055,07/27/26 06:54 PM EDT,$0.57,8
20260728,MLB-WIN-IT5-02HOSF7EOK1VGP0-ARKS000,07/27/26 06:54 PM EDT,$0.49,290
20260728,MLB-TRUNS-IT5-02HOSF34OK1VGU8-GTE-P00075,07/27/26 06:55 PM EDT,$0.40,8
20260728,MLB-MOVY-IT5-02HOSF34OK1VGU8-PHES000-GTE-P00005,07/27/26 06:55 PM EDT,$0.52,313
20260728,MLB-WIN-IT5-02HOSF03OK1VHG0-DERS000,07/27/26 06:55 PM EDT,$0.52,9
20260728,MLB-WIN-IT5-02HOSF7EOK1VGP0-ARKS000,07/27/26 06:55 PM EDT,$0.48,290
20260728,MLB-WIN-IT5-02HOSF1BOK1VH78-ATES000,07/27/26 06:55 PM EDT,$0.50,9
20260728,MLB-WIN-IT5-02HOT9QTOK1VME8-SFTS000,07/27/26 06:55 PM EDT,$0.48,40
20260728,MLB-TRUNS-IT5-02HOSF34OK1VGU8-GTE-P00075,07/27/26 06:55 PM EDT,$0.47,102
20260728,MLB-WIN-IT5-02HOSF34OK1VGU8-PHES000,07/27/26 06:55 PM EDT,$0.63,350
20260728,MLB-MOVY-IT5-02HOSF3DOK1VH80-CIDS000-GTE-P00005,07/27/26 06:55 PM EDT,$0.55,175
20260728,MLB-MOVY-IT5-02HOSF03OK1VHG0-DERS000-GTE-P00005,07/27/26 06:55 PM EDT,$0.46,8
20260728,MLB-WIN-IT5-02HOSF34OK1VGU8-PHES000,07/27/26 06:55 PM EDT,$0.63,350
20260728,MLB-WIN-IT5-02HOSF1BOK1VH78-NYTS000,07/27/26 06:56 PM EDT,$0.53,100
20260728,MLB-WIN-IT5-02HOSF34OK1VGU8-PHES000,07/27/26 06:56 PM EDT,$0.64,7
20260728,MLB-WIN-IT5-02HOSF34OK1VGU8-PHES000,07/27/26 06:56 PM EDT,$0.64,30
20260728,MLB-TRUNS-IT5-02HOSF5NOK1VG6O-GTE-P00055,07/27/26 06:56 PM EDT,$0.51,28
20260728,MLB-TRUNS-IT5-02HOSF03OK1VHG0-GTE-P00055,07/27/26 06:56 PM EDT,$0.47,545
20260728,MLB-TRUNS-IT5-02HOSF34OK1VGU8-GTE-P00075,07/27/26 06:56 PM EDT,$0.47,20
20260728,MLB-TRUNS-IT5-02HOSF03OK1VHG0-GTE-P00055,07/27/26 06:56 PM EDT,$0.47,454
20260728,MLB-WIN-IT5-02HOSF1BOK1VH78-NYTS000,07/27/26 06:56 PM EDT,$0.53,181
20260728,MLB-MOVY-IT5-02HOT9O1OK1VMH8-CHBS000-GTE-P00005,07/27/26 06:56 PM EDT,$0.43,110
20260728,MLB-MOVY-IT5-02HOSF3DOK1VH80-CIDS000-GTE-P00005,07/27/26 06:56 PM EDT,$0.55,5
20260728,MLB-TRUNS-IT5-02HOSF03OK1VHG0-GTE-P00065,07/27/26 06:57 PM EDT,$0.32,350
20260728,MLB-TRUNS-IT5-02HOSF03OK1VHG0-GTE-P00065,07/27/26 06:57 PM EDT,$0.32,350
20260728,MLB-TRUNS-IT5-02HOSF03OK1VHG0-GTE-P00065,07/27/26 06:57 PM EDT,$0.32,300
20260728,MLB-TRUNS-IT5-02HOSF03OK1VHG0-GTE-P00055,07/27/26 06:57 PM EDT,$0.44,350
20260728,MLB-TRUNS-IT5-02HOSF03OK1VHG0-GTE-P00055,07/27/26 06:57 PM EDT,$0.44,350
20260728,MLB-WIN-IT5-02HOSF03OK1VHG0-DERS000,07/27/26 06:57 PM EDT,$0.48,376
20260728,MLB-WIN-IT5-02HOSF03OK1VHG0-DERS000,07/27/26 06:57 PM EDT,$0.48,350
20260728,MLB-WIN-IT5-02HOSF03OK1VHG0-DERS000,07/27/26 06:57 PM EDT,$0.48,350
20260728,MLB-TRUNS-IT5-02HOT9O1OK1VMH8-GTE-P00055,07/27/26 06:57 PM EDT,$0.49,9
20260728,MLB-WIN-IT5-02HOSF03OK1VHG0-DERS000,07/27/26 06:57 PM EDT,$0.48,350
20260728,MLB-TRUNS-IT5-02HOSF03OK1VHG0-GTE-P00055,07/27/26 06:57 PM EDT,$0.44,350
20260728,MLB-TRUNS-IT5-02HOSF34OK1VGU8-GTE-P00075,07/27/26 06:57 PM EDT,$0.40,3
20260728,MLB-TRUNS-IT5-02HOSF03OK1VHG0-GTE-P00055,07/27/26 06:57 PM EDT,$0.42,10
20260728,MLB-MOVY-IT5-02HOSF5NOK1VG6O-WALS000-GTE-P00015,07/27/26 06:57 PM EDT,$0.58,12
20260728,MLB-WIN-IT5-02HOSF7EOK1VGP0-PIES000,07/27/26 06:57 PM EDT,$0.48,7
20260728,MLB-TRUNS-IT5-02HOSF03OK1VHG0-GTE-P00055,07/27/26 06:57 PM EDT,$0.38,350
20260728,MLB-TRUNS-IT5-02HOSF03OK1VHG0-GTE-P00055,07/27/26 06:57 PM EDT,$0.38,350
20260728,MLB-WIN-IT5-02HOSF03OK1VHG0-DERS000,07/27/26 06:57 PM EDT,$0.38,350
20260728,MLB-TRUNS-IT5-02HOSF03OK1VHG0-GTE-P00055,07/27/26 06:57 PM EDT,$0.38,300
20260728,MLB-TRUNS-IT5-02HOSF3DOK1VH80-GTE-P00045,07/27/26 06:58 PM EDT,$0.52,16
20260728,MLB-TRUNS-IT5-02HOSF7EOK1VGP0-GTE-P00045,07/27/26 06:58 PM EDT,$0.47,31
20260728,MLB-TRUNS-IT5-02HOSF34OK1VGU8-GTE-P00075,07/27/26 06:58 PM EDT,$0.40,81
20260728,MLB-TRUNS-IT5-02HOSF03OK1VHG0-GTE-P00045,07/27/26 06:58 PM EDT,$0.45,10
20260728,MLB-TRUNS-IT5-02HOSF34OK1VGU8-GTE-P00075,07/27/26 06:58 PM EDT,$0.48,40
20260728,MLB-WIN-IT5-02HOSF5NOK1VG6O-TOYS000,07/27/26 06:58 PM EDT,$0.26,350
20260728,MLB-WIN-IT5-02HOSF5NOK1VG6O-TOYS000,07/27/26 06:58 PM EDT,$0.26,350
20260728,MLB-TRUNS-IT5-02HOSF5NOK1VG6O-GTE-P00055,07/27/26 06:59 PM EDT,$0.50,384
20260728,MLB-WIN-IT5-02HOSF34OK1VGU8-MINS001,07/27/26 06:59 PM EDT,$0.38,250
20260728,MLB-MOVY-IT5-02HOSF34OK1VGU8-PHES000-GTE-P00005,07/27/26 06:59 PM EDT,$0.53,101
20260728,MLB-WIN-IT5-02HOSF7EOK1VGP0-ARKS000,07/27/26 06:59 PM EDT,$0.49,36
20260728,MLB-MOVY-IT5-02HOSF34OK1VGU8-PHES000-GTE-P00005,07/27/26 07:00 PM EDT,$0.49,19
20260728,MLB-WIN-IT5-02HOSF5NOK1VG6O-WALS000,07/27/26 07:00 PM EDT,$0.74,14
20260728,MLB-WIN-IT5-02HOSF5NOK1VG6O-WALS000,07/27/26 07:00 PM EDT,$0.73,350
20260728,MLB-TRUNS-IT5-02HOSF34OK1VGU8-GTE-P00065,07/27/26 07:00 PM EDT,$0.55,2
20260728,MLB-TRUNS-IT5-02HOSF03OK1VHG0-GTE-P00035,07/27/26 07:00 PM EDT,$0.65,350
20260728,MLB-TRUNS-IT5-02HOSF03OK1VHG0-GTE-P00055,07/27/26 07:00 PM EDT,$0.37,350
20260728,MLB-MOVY-IT5-02HOSF5NOK1VG6O-WALS000-GTE-P00025,07/27/26 07:00 PM EDT,$0.39,350
20260728,MLB-TRUNS-IT5-02HOSF03OK1VHG0-GTE-P00035,07/27/26 07:00 PM EDT,$0.65,350
20260728,MLB-TRUNS-IT5-02HOSF03OK1VHG0-GTE-P00065,07/27/26 07:00 PM EDT,$0.26,350
20260728,MLB-TRUNS-IT5-02HOSF03OK1VHG0-GTE-P00045,07/27/26 07:00 PM EDT,$0.50,360
20260728,MLB-TRUNS-IT5-02HOSF03OK1VHG0-GTE-P00055,07/27/26 07:00 PM EDT,$0.37,350
20260728,MLB-TRUNS-IT5-02HOSF03OK1VHG0-GTE-P00065,07/27/26 07:00 PM EDT,$0.25,350
20260728,MLB-TRUNS-IT5-02HOSF03OK1VHG0-GTE-P00045,07/27/26 07:00 PM EDT,$0.50,350
20260728,MLB-TRUNS-IT5-02HOSF03OK1VHG0-GTE-P00055,07/27/26 07:00 PM EDT,$0.37,350
20260728,MLB-TRUNS-IT5-02HOSF03OK1VHG0-GTE-P00065,07/27/26 07:00 PM EDT,$0.25,350
20260728,MLB-TRUNS-IT5-02HOSF03OK1VHG0-GTE-P00045,07/27/26 07:00 PM EDT,$0.50,350
20260728,MLB-MOVY-IT5-02HOSF3DOK1VH80-CIDS000-GTE-P00005,07/27/26 07:00 PM EDT,$0.55,175
20260728,MLB-WIN-IT5-02HOSF03OK1VHG0-DERS000,07/27/26 07:00 PM EDT,$0.28,179
20260728,MLB-WIN-IT5-02HOSF03OK1VHG0-DERS000,07/27/26 07:00 PM EDT,$0.26,350
20260728,MLB-WIN-IT5-02HOSF03OK1VHG0-DERS000,07/27/26 07:00 PM EDT,$0.26,350
20260728,MLB-TRUNS-IT5-02HOSF5NOK1VG6O-GTE-P00055,07/27/26 07:00 PM EDT,$0.47,164
20260728,MLB-TRUNS-IT5-02HOSF5NOK1VG6O-GTE-P00055,07/27/26 07:00 PM EDT,$0.44,893
20260728,MLB-TRUNS-IT5-02HOSF7EOK1VGP0-GTE-P00035,07/27/26 07:01 PM EDT,$0.48,37
20260728,MLB-TRUNS-IT5-02HOSF7EOK1VGP0-GTE-P00035,07/27/26 07:01 PM EDT,$0.48,27
20260728,MLB-WIN-IT5-02HOSF5NOK1VG6O-WALS000,07/27/26 07:01 PM EDT,$0.59,1
20260728,MLB-TRUNS-IT5-02HOSF7EOK1VGP0-GTE-P00035,07/27/26 07:01 PM EDT,$0.48,27
20260728,MLB-TRUNS-IT5-02HOSF7EOK1VGP0-GTE-P00055,07/27/26 07:02 PM EDT,$0.23,100
20260728,MLB-TRUNS-IT5-02HOSF34OK1VGU8-GTE-P00065,07/27/26 07:02 PM EDT,$0.57,54
20260728,MLB-TRUNS-IT5-02HOSF3DOK1VH80-GTE-P00045,07/27/26 07:02 PM EDT,$0.55,20
20260728,MLB-MOVY-IT5-02HOSF34OK1VGU8-PHES000-GTE-P00005,07/27/26 07:02 PM EDT,$0.48,100
20260728,MLB-WIN-IT5-02HOSF5NOK1VG6O-WALS000,07/27/26 07:02 PM EDT,$0.55,14
20260728,MLB-WIN-IT5-02HOSF03OK1VHG0-DERS000,07/27/26 07:02 PM EDT,$0.26,18
20260728,MLB-TRUNS-IT5-02HOSF7EOK1VGP0-GTE-P00035,07/27/26 07:02 PM EDT,$0.48,71
20260728,MLB-TRUNS-IT5-02HOSF34OK1VGU8-GTE-P00035,07/27/26 07:02 PM EDT,$0.97,169
20260728,MLB-TRUNS-IT5-02HOSF03OK1VHG0-GTE-P00045,07/27/26 07:02 PM EDT,$0.55,112
20260728,MLB-TRUNS-IT5-02HOSF34OK1VGU8-GTE-P00065,07/27/26 07:03 PM EDT,$0.56,5
20260728,MLB-TRUNS-IT5-02HOSF03OK1VHG0-GTE-P00045,07/27/26 07:03 PM EDT,$0.56,8
20260728,MLB-TRUNS-IT5-02HOSF34OK1VGU8-GTE-P00065,07/27/26 07:03 PM EDT,$0.53,7
20260728,MLB-TRUNS-IT5-02HOSF34OK1VGU8-GTE-P00065,07/27/26 07:04 PM EDT,$0.53,181
20260728,MLB-WIN-IT5-02HOSF34OK1VGU8-MINS001,07/27/26 07:04 PM EDT,$0.46,20
20260728,MLB-TRUNS-IT5-02HOSF03OK1VHG0-GTE-P00045,07/27/26 07:04 PM EDT,$0.66,35
20260728,MLB-TRUNS-IT5-02HOSF34OK1VGU8-GTE-P00065,07/27/26 07:04 PM EDT,$0.50,31
20260728,MLB-TRUNS-IT5-02HOSF1BOK1VH78-GTE-P00045,07/27/26 07:04 PM EDT,$0.57,3389
20260728,MLB-WIN-IT5-02HOSF03OK1VHG0-DERS000,07/27/26 07:04 PM EDT,$0.23,156
20260728,MLB-TRUNS-IT5-02HOSF03OK1VHG0-GTE-P00065,07/27/26 07:04 PM EDT,$0.45,350
20260728,MLB-TRUNS-IT5-02HOSF03OK1VHG0-GTE-P00065,07/27/26 07:04 PM EDT,$0.45,350
20260728,MLB-TRUNS-IT5-02HOSF03OK1VHG0-GTE-P00065,07/27/26 07:04 PM EDT,$0.45,300
20260728,MLB-TRUNS-IT5-02HOSF03OK1VHG0-GTE-P00035,07/27/26 07:04 PM EDT,$0.85,350
20260728,MLB-TRUNS-IT5-02HOSF03OK1VHG0-GTE-P00035,07/27/26 07:04 PM EDT,$0.85,350
20260728,MLB-TRUNS-IT5-02HOSF03OK1VHG0-GTE-P00035,07/27/26 07:04 PM EDT,$0.85,300
20260728,MLB-WIN-IT5-02HOSF34OK1VGU8-MINS001,07/27/26 07:04 PM EDT,$0.46,416
20260728,MLB-TRUNS-IT5-02HOSF03OK1VHG0-GTE-P00015,07/27/26 07:04 PM EDT,$0.97,350
20260728,MLB-TRUNS-IT5-02HOSF03OK1VHG0-GTE-P00055,07/27/26 07:04 PM EDT,$0.51,677
20260728,MLB-TRUNS-IT5-02HOSF03OK1VHG0-GTE-P00055,07/27/26 07:04 PM EDT,$0.47,20
20260728,MLB-MOVY-IT5-02HOT9O1OK1VMH8-CHBS000-GTE-P00005,07/27/26 07:04 PM EDT,$0.45,10
20260728,MLB-MOVY-IT5-02HOSF03OK1VHG0-BAES000-GTE-P00025,07/27/26 07:04 PM EDT,$0.42,113
20260728,MLB-WIN-IT5-02HOSF1BOK1VH78-ATES000,07/27/26 07:05 PM EDT,$0.49,10
20260728,MLB-TRUNS-IT5-02HOSF34OK1VGU8-GTE-P00065,07/27/26 07:05 PM EDT,$0.50,13
20260728,MLB-WIN-IT5-02HOSF03OK1VHG0-DERS000,07/27/26 07:05 PM EDT,$0.18,350
20260728,MLB-TRUNS-IT5-02HOSF34OK1VGU8-GTE-P00065,07/27/26 07:05 PM EDT,$0.50,211
20260728,MLB-TRUNS-IT5-02HOSF34OK1VGU8-GTE-P00065,07/27/26 07:05 PM EDT,$0.51,45
20260728,MLB-TRUNS-IT5-02HOSF7EOK1VGP0-GTE-P00055,07/27/26 07:05 PM EDT,$0.19,350
20260728,MLB-MOVY-IT5-02HOSF34OK1VGU8-PHES000-GTE-P00005,07/27/26 07:05 PM EDT,$0.48,1000
20260728,NWSL-DWIN-FG-000A28ULI788EFO-NJCW001,07/27/26 07:05 PM EDT,$0.57,16
20260728,NWSL-DWIN-FG-000A28PPI788FO8-WATW003,07/27/26 07:05 PM EDT,$0.43,22
20260728,MLB-TRUNS-IT5-02HOSF3DOK1VH80-GTE-P00045,07/27/26 07:06 PM EDT,$0.52,10
20260728,MLB-WIN-IT5-02HOSF1BOK1VH78-ATES000,07/27/26 07:06 PM EDT,$0.49,19
20260728,MLB-TRUNS-IT5-02HOSF03OK1VHG0-GTE-P00055,07/27/26 07:06 PM EDT,$0.46,3
20260728,MLB-MOVY-IT5-02HOSF34OK1VGU8-PHES000-GTE-P00015,07/27/26 07:06 PM EDT,$0.26,350
20260728,MLB-TRUNS-IT5-02HOSF7EOK1VGP0-GTE-P00025,07/27/26 07:06 PM EDT,$0.55,395
20260728,MLB-MOVY-IT5-02HOSF34OK1VGU8-MINS001-GTE-P00015,07/27/26 07:06 PM EDT,$0.34,350
20260728,MLB-TRUNS-IT5-02HOSF7EOK1VGP0-GTE-P00025,07/27/26 07:06 PM EDT,$0.56,62
20260728,MLB-MOVY-IT5-02HOSF34OK1VGU8-MINS001-GTE-P00025,07/27/26 07:06 PM EDT,$0.20,350
20260728,MLB-MOVY-IT5-02HOSF34OK1VGU8-MINS001-GTE-P00025,07/27/26 07:06 PM EDT,$0.18,350
20260728,MLB-MOVY-IT5-02HOSF34OK1VGU8-MINS001-GTE-P00015,07/27/26 07:06 PM EDT,$0.34,350
20260728,MLB-TRUNS-IT5-02HOSF5NOK1VG6O-GTE-P00035,07/27/26 07:06 PM EDT,$0.50,28
20260728,MLB-TRUNS-IT5-02HOSF7EOK1VGP0-GTE-P00055,07/27/26 07:07 PM EDT,$0.18,9
20260728,MLB-TRUNS-IT5-02HOSF03OK1VHG0-GTE-P00025,07/27/26 07:07 PM EDT,$0.93,350
20260728,NWSL-DWIN-FG-000A28SHI788EU0-KATW001,07/27/26 07:07 PM EDT,$0.67,14
20260728,MLB-TRUNS-IT5-02HOSF7EOK1VGP0-GTE-P00025,07/27/26 07:07 PM EDT,$0.55,16
20260728,MLB-TRUNS-IT5-02HOSF7EOK1VGP0-GTE-P00025,07/27/26 07:07 PM EDT,$0.55,62
20260728,MLB-TRUNS-IT5-02HOSF1BOK1VH78-GTE-P00045,07/27/26 07:07 PM EDT,$0.55,125
20260728,MLB-TRUNS-IT5-02HOSF5NOK1VG6O-GTE-P00035,07/27/26 07:07 PM EDT,$0.49,22
20260728,MLB-TRUNS-IT5-02HOSF5NOK1VG6O-GTE-P00055,07/27/26 07:07 PM EDT,$0.26,1057
20260728,MLB-WIN-IT5-02HOSF03OK1VHG0-DERS000,07/27/26 07:07 PM EDT,$0.14,248
20260728,MLB-TRUNS-IT5-02HOSF5NOK1VG6O-GTE-P00035,07/27/26 07:07 PM EDT,$0.50,19
20260728,MLB-WIN-IT5-02HOT9V9OK1VNE0-CHOX000,07/27/26 07:08 PM EDT,$0.43,23
20260728,MLB-TRUNS-IT5-02HOSF34OK1VGU8-GTE-P00075,07/27/26 07:08 PM EDT,$0.59,40
20260728,MLB-TRUNS-IT5-02HOSF34OK1VGU8-GTE-P00075,07/27/26 07:08 PM EDT,$0.55,81
20260728,MLB-TRUNS-IT5-02HOSF5NOK1VG6O-GTE-P00035,07/27/26 07:08 PM EDT,$0.47,23
20260728,MLB-WIN-IT5-02HOSF34OK1VGU8-MINS001,07/27/26 07:08 PM EDT,$0.70,350
20260728,MLB-TRUNS-IT5-02HOSF03OK1VHG0-GTE-P00065,07/27/26 07:08 PM EDT,$0.44,47
20260728,MLB-TRUNS-IT5-02HOSF7EOK1VGP0-GTE-P00025,07/27/26 07:08 PM EDT,$0.55,10
20260728,MLB-WIN-IT5-02HOSF34OK1VGU8-MINS001,07/27/26 07:08 PM EDT,$0.70,350
20260728,MLB-WIN-IT5-02HOSF34OK1VGU8-MINS001,07/27/26 07:08 PM EDT,$0.70,350
20260728,MLB-WIN-IT5-02HOSF34OK1VGU8-MINS001,07/27/26 07:09 PM EDT,$0.70,350
20260728,MLB-TRUNS-IT5-02HOSF03OK1VHG0-GTE-P00065,07/27/26 07:09 PM EDT,$0.45,10
20260728,MLB-WIN-IT5-02HOSF34OK1VGU8-MINS001,07/27/26 07:09 PM EDT,$0.70,350
20260728,MLB-TRUNS-IT5-02HOSF34OK1VGU8-GTE-P00085,07/27/26 07:09 PM EDT,$0.47,51
20260728,MLB-WIN-IT5-02HOSF34OK1VGU8-MINS001,07/27/26 07:09 PM EDT,$0.70,350
20260728,MLB-MOVY-IT5-02HOSF34OK1VGU8-PHES000-GTE-P00005,07/27/26 07:09 PM EDT,$0.27,263
20260728,MLB-WIN-IT5-02HOSF34OK1VGU8-MINS001,07/27/26 07:09 PM EDT,$0.70,350
20260728,MLB-WIN-IT5-02HOSF34OK1VGU8-MINS001,07/27/26 07:09 PM EDT,$0.70,350
20260728,MLB-MOVY-IT5-02HOSF34OK1VGU8-MINS001-GTE-P00015,07/27/26 07:09 PM EDT,$0.43,350
20260728,MLB-MOVY-IT5-02HOSF34OK1VGU8-MINS001-GTE-P00025,07/27/26 07:09 PM EDT,$0.28,350
20260728,MLB-MOVY-IT5-02HOSF34OK1VGU8-MINS001-GTE-P00015,07/27/26 07:09 PM EDT,$0.43,350
20260728,MLB-MOVY-IT5-02HOSF34OK1VGU8-MINS001-GTE-P00015,07/27/26 07:10 PM EDT,$0.46,350
20260728,KBO-MOVY-FG-000ABKU5I43KKM0-DORS000-GTE-P00015,07/27/26 07:10 PM EDT,$0.47,20
20260728,MLB-MOVY-IT5-02HOSF3DOK1VH80-CIDS000-GTE-P00005,07/27/26 07:10 PM EDT,$0.55,350
20260728,MLB-MOVY-IT5-02HOSF3DOK1VH80-CIDS000-GTE-P00005,07/27/26 07:10 PM EDT,$0.55,96
20260728,MLB-WIN-IT5-02HOSF5NOK1VG6O-TOYS000,07/27/26 07:10 PM EDT,$0.38,350
20260728,MLB-WIN-IT5-02HOSF5NOK1VG6O-TOYS000,07/27/26 07:10 PM EDT,$0.38,350
20260728,MLB-MOVY-IT5-02HOSF34OK1VGU8-MINS001-GTE-P00015,07/27/26 07:10 PM EDT,$0.44,173
20260728,MLB-WIN-IT5-02HOSF34OK1VGU8-PHES000,07/27/26 07:10 PM EDT,$0.33,350
20260728,MLB-WIN-IT5-02HOSF1BOK1VH78-NYTS000,07/27/26 07:10 PM EDT,$0.54,2678
20260728,KBO-MOVY-FG-000ABKSKI43KLPO-KTON000-GTE-P00005,07/27/26 07:10 PM EDT,$0.57,13
20260728,MLB-WIN-IT5-02HOSF1BOK1VH78-ATES000,07/27/26 07:10 PM EDT,$0.48,1
20260728,MLB-MOVY-IT5-02HOSF34OK1VGU8-MINS001-GTE-P00005,07/27/26 07:10 PM EDT,$0.58,833
20260728,MLB-WIN-IT5-02HOSF03OK1VHG0-BAES000,07/27/26 07:11 PM EDT,$0.91,1179
20260728,MLB-WIN-IT5-02HOSF1BOK1VH78-ATES000,07/27/26 07:11 PM EDT,$0.45,1
20260728,MLB-TRUNS-IT5-02HOSF34OK1VGU8-GTE-P00075,07/27/26 07:11 PM EDT,$0.52,11
20260728,MLB-WIN-IT5-02HOSF34OK1VGU8-MINS001,07/27/26 07:11 PM EDT,$0.68,124
20260728,MLB-WIN-IT5-02HOSF34OK1VGU8-MINS001,07/27/26 07:11 PM EDT,$0.68,226
20260728,MLB-TRUNS-IT5-02HOSF7EOK1VGP0-GTE-P00025,07/27/26 07:11 PM EDT,$0.54,267
20260728,MLB-TRUNS-IT5-02HOSF03OK1VHG0-GTE-P00065,07/27/26 07:11 PM EDT,$0.45,61
20260728,MLB-WIN-IT5-02HOSF34OK1VGU8-MINS001,07/27/26 07:11 PM EDT,$0.68,350
20260728,MLB-MOVY-IT5-02HOSF5NOK1VG6O-WALS000-GTE-P00005,07/27/26 07:11 PM EDT,$0.45,87
20260728,MLB-WIN-IT5-02HOSF3DOK1VH80-CIDS000,07/27/26 07:11 PM EDT,$0.63,350
20260728,MLB-TRUNS-IT5-02HOSF03OK1VHG0-GTE-P00045,07/27/26 07:11 PM EDT,$0.76,9
20260728,MLB-WIN-IT5-02HOSF34OK1VGU8-MINS001,07/27/26 07:12 PM EDT,$0.68,350
20260728,MLB-WIN-IT5-02HOT9V9OK1VNE0-NYES000,07/27/26 07:12 PM EDT,$0.59,8
20260728,MLB-WIN-IT5-02HOSF3DOK1VH80-CIDS000,07/27/26 07:12 PM EDT,$0.63,150
20260728,MLB-MOVY-IT5-02HOSF5NOK1VG6O-WALS000-GTE-P00005,07/27/26 07:12 PM EDT,$0.48,20
20260728,MLB-TRUNS-IT5-02HOSF34OK1VGU8-GTE-P00065,07/27/26 07:12 PM EDT,$0.69,45
20260728,MLB-WIN-IT5-02HOSF3DOK1VH80-CIDS000,07/27/26 07:12 PM EDT,$0.63,604
20260728,MLB-WIN-IT5-02HOSF1BOK1VH78-NYTS000,07/27/26 07:12 PM EDT,$0.45,350
20260728,MLB-WIN-IT5-02HOSF1BOK1VH78-NYTS000,07/27/26 07:12 PM EDT,$0.45,350
20260728,MLB-WIN-IT5-02HOSF1BOK1VH78-NYTS000,07/27/26 07:12 PM EDT,$0.45,350
20260728,MLB-WIN-IT5-02HOSF1BOK1VH78-NYTS000,07/27/26 07:12 PM EDT,$0.45,350
20260728,MLB-WIN-IT5-02HOSF1BOK1VH78-NYTS000,07/27/26 07:12 PM EDT,$0.45,350
20260728,MLB-WIN-IT5-02HOSF1BOK1VH78-NYTS000,07/27/26 07:12 PM EDT,$0.45,350
20260728,MLB-TRUNS-IT5-02HOSF1BOK1VH78-GTE-P00045,07/27/26 07:12 PM EDT,$0.61,71
20260728,MLB-TRUNS-IT5-02HOSF1BOK1VH78-GTE-P00045,07/27/26 07:12 PM EDT,$0.61,279
20260728,MLB-TRUNS-IT5-02HOSF1BOK1VH78-GTE-P00045,07/27/26 07:12 PM EDT,$0.61,350
20260728,MLB-TRUNS-IT5-02HOSF1BOK1VH78-GTE-P00055,07/27/26 07:12 PM EDT,$0.49,350
20260728,MLB-TRUNS-IT5-02HOSF7EOK1VGP0-GTE-P00025,07/27/26 07:12 PM EDT,$0.52,10
20260728,MLB-MOVY-IT5-02HOSF34OK1VGU8-MINS001-GTE-P00015,07/27/26 07:12 PM EDT,$0.57,350
20260728,MLB-MOVY-IT5-02HOSF34OK1VGU8-MINS001-GTE-P00025,07/27/26 07:13 PM EDT,$0.38,350
20260728,MLB-WIN-IT5-02HOSF1BOK1VH78-ATES000,07/27/26 07:13 PM EDT,$0.63,15
20260728,MLB-TRUNS-IT5-02HOSF34OK1VGU8-GTE-P00085,07/27/26 07:13 PM EDT,$0.60,25
20260728,MLB-TRUNS-IT5-02HOSF1BOK1VH78-GTE-P00055,07/27/26 07:13 PM EDT,$0.53,40
20260728,MLB-WIN-IT5-02HOSF1BOK1VH78-ATES000,07/27/26 07:13 PM EDT,$0.63,26
20260728,MLB-TRUNS-IT5-02HOSF1BOK1VH78-GTE-P00035,07/27/26 07:13 PM EDT,$0.77,350
20260728,MLB-TRUNS-IT5-02HOSF1BOK1VH78-GTE-P00035,07/27/26 07:13 PM EDT,$0.77,51
20260728,MLB-TRUNS-IT5-02HOSF1BOK1VH78-GTE-P00035,07/27/26 07:13 PM EDT,$0.77,299
20260728,MLB-WIN-IT5-02HOSF3DOK1VH80-CIDS000,07/27/26 07:14 PM EDT,$0.64,1
20260728,MLB-PHRR-FG-02HOSF3DOK1VH80-CHER002-GTE-P00005,07/27/26 07:14 PM EDT,$0.78,2
20260728,MLB-PHRR-FG-02HOSF3DOK1VH80-TYON000-GTE-P00005,07/27/26 07:14 PM EDT,$0.75,1
20260728,MLB-PHRR-FG-02HOSF3DOK1VH80-JOEZ004-GTE-P00005,07/27/26 07:14 PM EDT,$0.78,2
20260728,MLB-PHRR-FG-02HOSF3DOK1VH80-NAWE000-GTE-P00005,07/27/26 07:14 PM EDT,$0.74,1
20260728,MLB-MOVY-IT5-02HOSF34OK1VGU8-MINS001-GTE-P00025,07/27/26 07:14 PM EDT,$0.38,350
20260728,MLB-MOVY-IT5-02HOSF34OK1VGU8-MINS001-GTE-P00025,07/27/26 07:14 PM EDT,$0.38,350
20260728,MLB-TRUNS-IT5-02HOSF1BOK1VH78-GTE-P00055,07/27/26 07:14 PM EDT,$0.42,350
20260728,MLB-TRUNS-IT5-02HOSF34OK1VGU8-GTE-P00085,07/27/26 07:14 PM EDT,$0.60,16
20260728,MLB-TRUNS-IT5-02HOSF03OK1VHG0-GTE-P00055,07/27/26 07:14 PM EDT,$0.56,43
20260728,MLB-WIN-IT5-02HOSF7EOK1VGP0-PIES000,07/27/26 07:14 PM EDT,$0.54,74
20260728,MLB-WIN-IT5-02HOSF7EOK1VGP0-PIES000,07/27/26 07:14 PM EDT,$0.54,276
20260728,NWSL-DWIN-FG-000A28ULI788EFO-BACW004,07/27/26 07:15 PM EDT,$0.20,22
20260728,MLB-TRUNS-IT5-02HOSF7EOK1VGP0-GTE-P00025,07/27/26 07:15 PM EDT,$0.51,350
20260728,MLB-TRUNS-IT5-02HOSF7EOK1VGP0-GTE-P00025,07/27/26 07:15 PM EDT,$0.50,714
20260728,MLB-TRUNS-IT5-02HOSF34OK1VGU8-GTE-P00085,07/27/26 07:15 PM EDT,$0.59,90
20260728,MLB-TRUNS-IT5-02HOSF34OK1VGU8-GTE-P00085,07/27/26 07:15 PM EDT,$0.59,40
20260728,MLB-TRUNS-IT5-02HOSF34OK1VGU8-GTE-P00085,07/27/26 07:15 PM EDT,$0.59,24
20260728,MLB-WIN-IT5-02HOSF03OK1VHG0-DERS000,07/27/26 07:15 PM EDT,$0.18,31
20260728,NWSL-DWIN-FG-000A28SHI788EU0-RAEW001,07/27/26 07:15 PM EDT,$0.18,26
20260728,MLB-TRUNS-IT5-02HOSF34OK1VGU8-GTE-P00085,07/27/26 07:15 PM EDT,$0.51,58
20260728,MLB-TRUNS-IT5-02HOSF1BOK1VH78-GTE-P00015,07/27/26 07:15 PM EDT,$0.88,350
20260728,MLB-TRUNS-IT5-02HOSF1BOK1VH78-GTE-P00025,07/27/26 07:15 PM EDT,$0.78,350
20260728,MLB-TRUNS-IT5-02HOSF03OK1VHG0-GTE-P00055,07/27/26 07:15 PM EDT,$0.56,350
20260728,MLB-WIN-IT5-02HOSF1BOK1VH78-ATES000,07/27/26 07:15 PM EDT,$0.47,153
20260728,MLB-TRUNS-IT5-02HOSF1BOK1VH78-GTE-P00045,07/27/26 07:15 PM EDT,$0.51,350
20260728,MLB-WIN-IT5-02HOSF1BOK1VH78-NYTS000,07/27/26 07:15 PM EDT,$0.57,3
20260728,MLB-TRUNS-IT5-02HOSF1BOK1VH78-GTE-P00055,07/27/26 07:15 PM EDT,$0.41,40
20260728,MLB-MOVY-IT5-02HOSF3DOK1VH80-CIDS000-GTE-P00005,07/27/26 07:15 PM EDT,$0.55,43
20260728,MLB-MOVY-IT5-02HOSF34OK1VGU8-MINS001-GTE-P00015,07/27/26 07:16 PM EDT,$0.60,238
20260728,MLB-MOVY-IT5-02HOT9V9OK1VNE0-NYES000-GTE-P00005,07/27/26 07:16 PM EDT,$0.50,28
20260728,MLB-TRUNS-IT5-02HOSF7EOK1VGP0-GTE-P00025,07/27/26 07:16 PM EDT,$0.45,20
20260728,MLB-MOVY-IT5-02HOSF3DOK1VH80-CIDS000-GTE-P00005,07/27/26 07:16 PM EDT,$0.55,877
20260728,MLB-WIN-IT5-02HOSF34OK1VGU8-PHES000,07/27/26 07:16 PM EDT,$0.19,500
20260728,MLB-MOVY-IT5-02HOSF34OK1VGU8-PHES000-GTE-P00005,07/27/26 07:16 PM EDT,$0.14,313
20260728,MLB-TRUNS-IT5-02HOSF5NOK1VG6O-GTE-P00035,07/27/26 07:16 PM EDT,$0.48,23
20260728,MLB-TRUNS-IT5-02HOSF5NOK1VG6O-GTE-P00035,07/27/26 07:16 PM EDT,$0.48,17
20260728,MLB-WIN-IT5-02HOSF34OK1VGU8-PHES000,07/27/26 07:16 PM EDT,$0.20,96
20260728,MLB-WIN-IT5-02HOSF3DOK1VH80-CIDS000,07/27/26 07:16 PM EDT,$0.64,18
20260728,MLB-WIN-IT5-02HOSF34OK1VGU8-PHES000,07/27/26 07:16 PM EDT,$0.15,350
20260728,MLB-WIN-IT5-02HOSF34OK1VGU8-PHES000,07/27/26 07:16 PM EDT,$0.15,350
20260728,MLB-WIN-IT5-02HOSF5NOK1VG6O-WALS000,07/27/26 07:17 PM EDT,$0.65,6
20260728,MLB-WIN-IT5-02HOSF34OK1VGU8-PHES000,07/27/26 07:17 PM EDT,$0.11,294
20260728,MLB-WIN-IT5-02HOSF5NOK1VG6O-TOYS000,07/27/26 07:17 PM EDT,$0.35,27
20260728,MLB-TRUNS-IT5-02HOT9QTOK1VME8-GTE-P00045,07/27/26 07:17 PM EDT,$0.51,18
20260728,MLB-TRUNS-IT5-02HOSF03OK1VHG0-GTE-P00045,07/27/26 07:17 PM EDT,$0.87,9
20260728,MLB-TRUNS-IT5-02HOSF03OK1VHG0-GTE-P00045,07/27/26 07:17 PM EDT,$0.87,9
20260728,MLB-MOVY-IT5-02HOSF34OK1VGU8-MINS001-GTE-P00035,07/27/26 07:17 PM EDT,$0.42,21
20260728,MLB-TRUNS-IT5-02HOT9V9OK1VNE0-GTE-P00045,07/27/26 07:18 PM EDT,$0.48,8
20260728,MLB-TRUNS-IT5-02HOSF34OK1VGU8-GTE-P00095,07/27/26 07:18 PM EDT,$0.59,172
20260728,MLB-TRUNS-IT5-02HOSF03OK1VHG0-GTE-P00065,07/27/26 07:18 PM EDT,$0.49,92
20260728,MLB-TRUNS-IT5-02HOSF1BOK1VH78-GTE-P00065,07/27/26 07:18 PM EDT,$0.37,350
20260728,MLB-WIN-IT5-02HOSF34OK1VGU8-PHES000,07/27/26 07:18 PM EDT,$0.08,25
20260728,MLB-TRUNS-IT5-02HOSF7EOK1VGP0-GTE-P00025,07/27/26 07:18 PM EDT,$0.42,41
20260728,MLB-MOVY-IT5-02HOSF34OK1VGU8-PHES000-GTE-P00005,07/27/26 07:18 PM EDT,$0.05,30
20260728,MLB-MOVY-IT5-02HOSF34OK1VGU8-MINS001-GTE-P00035,07/27/26 07:18 PM EDT,$0.43,22
20260728,MLB-TRUNS-IT5-02HOSF1BOK1VH78-GTE-P00035,07/27/26 07:18 PM EDT,$0.77,350
20260728,MLB-MOVY-IT5-02HOSF34OK1VGU8-MINS001-GTE-P00035,07/27/26 07:18 PM EDT,$0.35,298
20260728,MLB-TRUNS-IT5-02HOSF1BOK1VH78-GTE-P00035,07/27/26 07:18 PM EDT,$0.77,299
20260728,MLB-TRUNS-IT5-02HOSF1BOK1VH78-GTE-P00035,07/27/26 07:18 PM EDT,$0.77,51
20260728,MLB-TRUNS-IT5-02HOSF03OK1VHG0-GTE-P00055,07/27/26 07:18 PM EDT,$0.69,20
20260728,MLB-TRUNS-IT5-02HOSF34OK1VGU8-GTE-P00065,07/27/26 07:18 PM EDT,$0.97,54
20260728,MLB-TRUNS-IT5-02HOSF7EOK1VGP0-GTE-P00025,07/27/26 07:18 PM EDT,$0.42,33
20260728,MLB-TRUNS-IT5-02HOSF34OK1VGU8-GTE-P00095,07/27/26 07:18 PM EDT,$0.59,16
20260728,MLB-TRUNS-IT5-02HOSF34OK1VGU8-GTE-P00075,07/27/26 07:18 PM EDT,$0.94,3
20260728,MLB-TRUNS-IT5-02HOSF34OK1VGU8-GTE-P00095,07/27/26 07:18 PM EDT,$0.59,50
20260728,MLB-TRUNS-IT5-02HOSF1BOK1VH78-GTE-P00055,07/27/26 07:18 PM EDT,$0.49,30
20260728,MLB-TRUNS-IT5-02HOSF34OK1VGU8-GTE-P00065,07/27/26 07:19 PM EDT,$0.97,92
20260728,MLB-TRUNS-IT5-02HOSF34OK1VGU8-GTE-P00095,07/27/26 07:19 PM EDT,$0.60,80
20260728,MLB-TRUNS-IT5-02HOSF7EOK1VGP0-GTE-P00025,07/27/26 07:20 PM EDT,$0.42,19
20260728,MLB-TRUNS-IT5-02HOSF34OK1VGU8-GTE-P00095,07/27/26 07:20 PM EDT,$0.55,26
20260728,MLB-TRUNS-IT5-02HOSF03OK1VHG0-GTE-P00065,07/27/26 07:20 PM EDT,$0.48,650
20260728,MLB-MOVY-IT5-02HOSF3DOK1VH80-CIDS000-GTE-P00005,07/27/26 07:20 PM EDT,$0.55,350
20260728,MLB-TRUNS-IT5-02HOSF34OK1VGU8-GTE-P00095,07/27/26 07:20 PM EDT,$0.54,35
20260728,MLB-MOVY-IT5-02HOSF03OK1VHG0-BAES000-GTE-P00015,07/27/26 07:20 PM EDT,$0.57,777
20260728,MLB-WIN-IT5-02HOSF03OK1VHG0-DERS000,07/27/26 07:20 PM EDT,$0.18,43
20260728,MLB-TRUNS-IT5-02HOSF03OK1VHG0-GTE-P00045,07/27/26 07:20 PM EDT,$0.84,9
20260728,MLB-WIN-IT5-02HOSF1BOK1VH78-NYTS000,07/27/26 07:20 PM EDT,$0.43,226
20260728,MLB-TRUNS-IT5-02HOSF7EOK1VGP0-GTE-P00025,07/27/26 07:21 PM EDT,$0.45,6
20260728,MLB-WIN-IT5-02HOSF7EOK1VGP0-PIES000,07/27/26 07:21 PM EDT,$0.60,8
20260728,MLB-TRUNS-IT5-02HOSF1BOK1VH78-GTE-P00055,07/27/26 07:21 PM EDT,$0.46,23
20260728,MLB-TRUNS-IT5-02HOSF34OK1VGU8-GTE-P00095,07/27/26 07:21 PM EDT,$0.54,267
20260728,MLB-WIN-IT5-02HOSF1BOK1VH78-NYTS000,07/27/26 07:21 PM EDT,$0.43,28
20260728,MLB-TRUNS-IT5-02HOSF34OK1VGU8-GTE-P00085,07/27/26 07:21 PM EDT,$0.64,25
20260728,MLB-TRUNS-IT5-02HOSF03OK1VHG0-GTE-P00065,07/27/26 07:21 PM EDT,$0.42,83
20260728,MLB-TRUNS-IT5-02HOSF7EOK1VGP0-GTE-P00025,07/27/26 07:21 PM EDT,$0.42,1
20260728,MLB-TRUNS-IT5-02HOSF34OK1VGU8-GTE-P00095,07/27/26 07:21 PM EDT,$0.52,9
20260728,MLB-WIN-IT5-02HOSF7EOK1VGP0-ARKS000,07/27/26 07:21 PM EDT,$0.44,350
20260728,MLB-TRUNS-IT5-02HOSF03OK1VHG0-GTE-P00045,07/27/26 07:21 PM EDT,$0.85,290
20260728,MLB-WIN-IT5-02HOSF7EOK1VGP0-ARKS000,07/27/26 07:21 PM EDT,$0.44,8
20260728,MLB-WIN-IT5-02HOSF1BOK1VH78-ATES000,07/27/26 07:21 PM EDT,$0.57,350
20260728,MLB-WIN-IT5-02HOSF1BOK1VH78-ATES000,07/27/26 07:21 PM EDT,$0.57,350
20260728,MLB-WIN-IT5-02HOSF1BOK1VH78-ATES000,07/27/26 07:21 PM EDT,$0.57,350
20260728,MLB-WIN-IT5-02HOSF5NOK1VG6O-WALS000,07/27/26 07:21 PM EDT,$0.76,155
20260728,MLB-MOVY-IT5-02HOT9V9OK1VNE0-NYES000-GTE-P00005,07/27/26 07:22 PM EDT,$0.50,153
20260728,MLB-TRUNS-IT5-02HOSF1BOK1VH78-GTE-P00055,07/27/26 07:22 PM EDT,$0.47,42
20260728,MLB-MOVY-IT5-02HOSF34OK1VGU8-MINS001-GTE-P00025,07/27/26 07:22 PM EDT,$0.55,251
20260728,MLB-TRUNS-IT5-02HOSF7EOK1VGP0-GTE-P00015,07/27/26 07:22 PM EDT,$0.52,50
20260728,MLB-TRUNS-IT5-02HOSF34OK1VGU8-GTE-P00095,07/27/26 07:22 PM EDT,$0.42,417
20260728,MLB-TRUNS-IT5-02HOSF34OK1VGU8-GTE-P00095,07/27/26 07:22 PM EDT,$0.42,33
20260728,MLB-WIN-IT5-02HOSF5NOK1VG6O-WALS000,07/27/26 07:22 PM EDT,$0.76,45
20260728,MLB-TRUNS-IT5-02HOSF34OK1VGU8-GTE-P00095,07/27/26 07:22 PM EDT,$0.50,48
20260728,MLB-TRUNS-IT5-02HOSF34OK1VGU8-GTE-P00095,07/27/26 07:22 PM EDT,$0.50,96
20260728,MLB-WIN-IT5-02HOSF34OK1VGU8-PHES000,07/27/26 07:23 PM EDT,$0.13,29
20260728,MLB-TRUNS-IT5-02HOSF7EOK1VGP0-GTE-P00025,07/27/26 07:23 PM EDT,$0.36,350
20260728,MLB-MOVY-IT5-02HOSF1BOK1VH78-ATES000-GTE-P00005,07/27/26 07:23 PM EDT,$0.45,103
20260728,MLB-MOVY-IT5-02HOT9V9OK1VNE0-NYES000-GTE-P00005,07/27/26 07:23 PM EDT,$0.50,192
20260728,MLB-TRUNS-IT5-02HOT9O1OK1VMH8-GTE-P00055,07/27/26 07:23 PM EDT,$0.49,294
20260728,MLB-WIN-IT5-02HOSF34OK1VGU8-PHES000,07/27/26 07:23 PM EDT,$0.11,7
20260728,MLB-WIN-IT5-02HOSF34OK1VGU8-PHES000,07/27/26 07:23 PM EDT,$0.13,14
20260728,MLB-TRUNS-IT5-02HOSF7EOK1VGP0-GTE-P00015,07/27/26 07:23 PM EDT,$0.51,16
20260728,MLB-WIN-IT5-02HOSF34OK1VGU8-PHES000,07/27/26 07:24 PM EDT,$0.11,14
20260728,MLB-MOVY-IT5-02HOT9V9OK1VNE0-NYES000-GTE-P00005,07/27/26 07:24 PM EDT,$0.50,153
20260728,MLB-TRUNS-IT5-02HOSF7EOK1VGP0-GTE-P00015,07/27/26 07:24 PM EDT,$0.51,19
20260728,MLB-MOVY-IT5-02HOSF34OK1VGU8-MINS001-GTE-P00025,07/27/26 07:24 PM EDT,$0.51,660
20260728,MLB-MOVY-IT5-02HOSF3DOK1VH80-CIDS000-GTE-P00005,07/27/26 07:24 PM EDT,$0.55,35
20260728,MLB-TRUNS-IT5-02HOSF7EOK1VGP0-GTE-P00015,07/27/26 07:24 PM EDT,$0.51,73
20260728,MLB-TRUNS-IT5-02HOSF7EOK1VGP0-GTE-P00015,07/27/26 07:24 PM EDT,$0.51,9
20260728,MLB-TRUNS-IT5-02HOT9R0OK1VNTG-GTE-P00055,07/27/26 07:24 PM EDT,$0.45,10
20260728,MLB-MOVY-IT5-02HOSF34OK1VGU8-MINS001-GTE-P00025,07/27/26 07:24 PM EDT,$0.55,2
20260728,MLB-MOVY-IT5-02HOSF34OK1VGU8-MINS001-GTE-P00025,07/27/26 07:24 PM EDT,$0.55,175
20260728,MLB-WIN-IT5-02HOSF3DOK1VH80-CIDS000,07/27/26 07:24 PM EDT,$0.64,7
20260728,MLB-WIN-IT5-02HOSF34OK1VGU8-PHES000,07/27/26 07:24 PM EDT,$0.13,62
20260728,MLB-TRUNS-IT5-02HOSF7EOK1VGP0-GTE-P00015,07/27/26 07:24 PM EDT,$0.51,98
20260728,MLB-TRUNS-IT5-02HOSF03OK1VHG0-GTE-P00055,07/27/26 07:24 PM EDT,$0.68,3
20260728,MLB-MOVY-IT5-02HOT9V9OK1VNE0-NYES000-GTE-P00005,07/27/26 07:24 PM EDT,$0.50,96
20260728,MLB-TRUNS-IT5-02HOSF7EOK1VGP0-GTE-P00015,07/27/26 07:24 PM EDT,$0.51,1
20260728,MLB-TRUNS-IT5-02HOSF7EOK1VGP0-GTE-P00015,07/27/26 07:25 PM EDT,$0.51,2
20260728,MLB-TRUNS-IT5-02HOSF03OK1VHG0-GTE-P00065,07/27/26 07:25 PM EDT,$0.48,45
20260728,MLB-MOVY-IT5-02HOSF34OK1VGU8-MINS001-GTE-P00025,07/27/26 07:25 PM EDT,$0.43,83
20260728,MLB-MOVY-IT5-02HOSF7EOK1VGP0-PIES000-GTE-P00005,07/27/26 07:25 PM EDT,$0.30,6
20260728,MLB-WIN-IT5-02HOSF5NOK1VG6O-TOYS000,07/27/26 07:25 PM EDT,$0.46,21
20260728,MLB-TRUNS-IT5-02HOSF7EOK1VGP0-GTE-P00015,07/27/26 07:25 PM EDT,$0.50,5
20260728,MLB-TRUNS-IT5-02HOSF03OK1VHG0-GTE-P00065,07/27/26 07:26 PM EDT,$0.47,636
20260728,MLB-TRUNS-IT5-02HOSF5NOK1VG6O-GTE-P00045,07/27/26 07:26 PM EDT,$0.55,5
20260728,MLB-WIN-IT5-02HOT9R0OK1VNTG-BOOX000,07/27/26 07:26 PM EDT,$0.60,16
20260728,MLB-WIN-IT5-02HOT9V9OK1VNE0-NYES000,07/27/26 07:26 PM EDT,$0.59,32
20260728,MLB-TRUNS-IT5-02HOSF7EOK1VGP0-GTE-P00055,07/27/26 07:26 PM EDT,$0.06,41
20260728,MLB-TRUNS-IT5-02HOSF34OK1VGU8-GTE-P00095,07/27/26 07:26 PM EDT,$0.54,52
20260728,MLB-TRUNS-IT5-02HOSF7EOK1VGP0-GTE-P00015,07/27/26 07:26 PM EDT,$0.49,543
20260728,MLB-WIN-IT5-02HOSF5NOK1VG6O-WALS000,07/27/26 07:26 PM EDT,$0.41,350
20260728,MLB-TRUNS-IT5-02HOSF5NOK1VG6O-GTE-P00055,07/27/26 07:26 PM EDT,$0.50,350
20260728,MLB-TRUNS-IT5-02HOSF5NOK1VG6O-GTE-P00035,07/27/26 07:26 PM EDT,$0.83,350
20260728,MLB-WIN-IT5-02HOSF34OK1VGU8-PHES000,07/27/26 07:26 PM EDT,$0.17,5
20260728,MLB-MOVY-IT5-02HOSF34OK1VGU8-MINS001-GTE-P00025,07/27/26 07:26 PM EDT,$0.41,3
20260728,MLB-TRUNS-IT5-02HOSF34OK1VGU8-GTE-P00095,07/27/26 07:26 PM EDT,$0.46,3
20260728,MLB-TRUNS-IT5-02HOSF7EOK1VGP0-GTE-P00055,07/27/26 07:26 PM EDT,$0.06,77
20260728,MLB-TRUNS-IT5-02HOSF5NOK1VG6O-GTE-P00035,07/27/26 07:26 PM EDT,$0.83,350
20260728,MLB-MOVY-IT5-02HOSF34OK1VGU8-MINS001-GTE-P00025,07/27/26 07:27 PM EDT,$0.41,40
20260728,MLB-WIN-IT5-02HOSF7EOK1VGP0-PIES000,07/27/26 07:27 PM EDT,$0.53,350
20260728,MLB-MOVY-IT5-02HOSF1BOK1VH78-NYTS000-GTE-P00005,07/27/26 07:27 PM EDT,$0.59,32
20260728,MLB-WIN-IT5-02HOSF5NOK1VG6O-TOYS000,07/27/26 07:27 PM EDT,$0.68,371
20260728,MLB-WIN-IT5-02HOSF1BOK1VH78-ATES000,07/27/26 07:27 PM EDT,$0.38,1500
20260728,MLB-WIN-IT5-02HOSF1BOK1VH78-ATES000,07/27/26 07:27 PM EDT,$0.38,350
20260728,MLB-TRUNS-IT5-02HOSF5NOK1VG6O-GTE-P00055,07/27/26 07:27 PM EDT,$0.60,40
20260728,MLB-WIN-IT5-02HOSF5NOK1VG6O-TOYS000,07/27/26 07:27 PM EDT,$0.71,350
20260728,MLB-WIN-IT5-02HOSF5NOK1VG6O-TOYS000,07/27/26 07:27 PM EDT,$0.71,350
20260728,MLB-WIN-IT5-02HOSF5NOK1VG6O-TOYS000,07/27/26 07:27 PM EDT,$0.71,50
20260728,MLB-WIN-IT5-02HOSF5NOK1VG6O-TOYS000,07/27/26 07:27 PM EDT,$0.71,300
20260728,MLB-WIN-IT5-02HOT9O1OK1VMH8-STLS000,07/27/26 07:27 PM EDT,$0.50,151
20260728,MLB-WIN-IT5-02HOSF5NOK1VG6O-TOYS000,07/27/26 07:27 PM EDT,$0.71,350
20260728,MLB-WIN-IT5-02HOSF5NOK1VG6O-TOYS000,07/27/26 07:27 PM EDT,$0.71,350
20260728,MLB-WIN-IT5-02HOSF5NOK1VG6O-TOYS000,07/27/26 07:27 PM EDT,$0.71,350
20260728,MLB-WIN-IT5-02HOSF5NOK1VG6O-TOYS000,07/27/26 07:27 PM EDT,$0.71,350
20260728,MLB-WIN-IT5-02HOSF5NOK1VG6O-TOYS000,07/27/26 07:27 PM EDT,$0.71,350
20260728,MLB-WIN-IT5-02HOSF5NOK1VG6O-TOYS000,07/27/26 07:27 PM EDT,$0.71,350
20260728,MLB-WIN-IT5-02HOSF5NOK1VG6O-TOYS000,07/27/26 07:27 PM EDT,$0.71,350
20260728,MLB-WIN-IT5-02HOSF5NOK1VG6O-TOYS000,07/27/26 07:27 PM EDT,$0.71,33
20260728,MLB-WIN-IT5-02HOSF5NOK1VG6O-TOYS000,07/27/26 07:27 PM EDT,$0.71,317
20260728,MLB-TRUNS-IT5-02HOSF7EOK1VGP0-GTE-P00015,07/27/26 07:27 PM EDT,$0.44,24
20260728,MLB-WIN-IT5-02HOSF5NOK1VG6O-TOYS000,07/27/26 07:27 PM EDT,$0.71,350
20260728,MLB-MOVY-IT5-02HOT9VAOK1VM3G-LALS000-GTE-P00005,07/27/26 07:27 PM EDT,$0.44,10
20260728,MLB-TRUNS-IT5-02HOSF5NOK1VG6O-GTE-P00065,07/27/26 07:28 PM EDT,$0.43,4
20260728,MLB-TRUNS-IT5-02HOSF5NOK1VG6O-GTE-P00065,07/27/26 07:28 PM EDT,$0.43,1
20260728,MLB-WIN-IT5-02HOT9O1OK1VMH8-STLS000,07/27/26 07:28 PM EDT,$0.50,9
20260728,MLB-WIN-IT5-02HOSF1BOK1VH78-NYTS000,07/27/26 07:28 PM EDT,$0.60,350
20260728,MLB-WIN-IT5-02HOSF1BOK1VH78-NYTS000,07/27/26 07:28 PM EDT,$0.60,350
20260728,MLB-TRUNS-IT5-02HOSF34OK1VGU8-GTE-P00085,07/27/26 07:28 PM EDT,$0.55,1
20260728,MLB-TRUNS-IT5-02HOSF7EOK1VGP0-GTE-P00015,07/27/26 07:28 PM EDT,$0.41,30
20260728,MLB-WIN-IT5-02HOSF03OK1VHG0-DERS000,07/27/26 07:29 PM EDT,$0.08,111
20260728,MLB-TRUNS-IT5-02HOSF7EOK1VGP0-GTE-P00015,07/27/26 07:29 PM EDT,$0.45,42
20260728,MLB-TRUNS-IT5-02HOSF5NOK1VG6O-GTE-P00035,07/27/26 07:29 PM EDT,$0.91,350
20260728,MLB-TRUNS-IT5-02HOSF7EOK1VGP0-GTE-P00015,07/27/26 07:29 PM EDT,$0.41,8
20260728,MLB-TRUNS-IT5-02HOSF5NOK1VG6O-GTE-P00035,07/27/26 07:29 PM EDT,$0.91,17
20260728,MLB-TRUNS-IT5-02HOSF5NOK1VG6O-GTE-P00035,07/27/26 07:29 PM EDT,$0.91,199
20260728,MLB-TRUNS-IT5-02HOSF03OK1VHG0-GTE-P00075,07/27/26 07:29 PM EDT,$0.59,47
20260728,MLB-WIN-IT5-02HOSF7EOK1VGP0-ARKS000,07/27/26 07:29 PM EDT,$0.41,350
20260728,MLB-TRUNS-IT5-02HOSF7EOK1VGP0-GTE-P00025,07/27/26 07:29 PM EDT,$0.27,350
20260728,MLB-TRUNS-IT5-02HOSF7EOK1VGP0-GTE-P00025,07/27/26 07:29 PM EDT,$0.27,350
20260728,MLB-TRUNS-IT5-02HOSF7EOK1VGP0-GTE-P00015,07/27/26 07:29 PM EDT,$0.44,172
20260728,MLB-MOVY-IT5-02HOSF34OK1VGU8-MINS001-GTE-P00025,07/27/26 07:29 PM EDT,$0.64,911
20260728,MLB-TRUNS-IT5-02HOSF7EOK1VGP0-GTE-P00025,07/27/26 07:29 PM EDT,$0.27,350
20260728,MLB-MOVY-IT5-02HOSF03OK1VHG0-BAES000-GTE-P00035,07/27/26 07:29 PM EDT,$0.53,36
20260728,MLB-TRUNS-IT5-02HOSF7EOK1VGP0-GTE-P00015,07/27/26 07:29 PM EDT,$0.44,52
20260728,MLB-TRUNS-IT5-02HOSF03OK1VHG0-GTE-P00075,07/27/26 07:30 PM EDT,$0.51,49
20260728,MLB-TRUNS-IT5-02HOSF03OK1VHG0-GTE-P00075,07/27/26 07:30 PM EDT,$0.51,82
20260728,MLB-TRUNS-IT5-02HOSF03OK1VHG0-GTE-P00075,07/27/26 07:30 PM EDT,$0.63,32
20260728,MLB-WIN-IT5-02HOSF1BOK1VH78-ATES000,07/27/26 07:30 PM EDT,$0.50,1
20260728,MLB-TRUNS-IT5-02HOSF03OK1VHG0-GTE-P00055,07/27/26 07:30 PM EDT,$0.94,999
20260728,MLB-TRUNS-IT5-02HOSF34OK1VGU8-GTE-P00085,07/27/26 07:30 PM EDT,$0.57,84
20260728,MLB-TRUNS-IT5-02HOSF5NOK1VG6O-GTE-P00065,07/27/26 07:30 PM EDT,$0.45,350
20260728,MLB-TRUNS-IT5-02HOSF1BOK1VH78-GTE-P00055,07/27/26 07:30 PM EDT,$0.50,6
20260728,MLB-TRUNS-IT5-02HOSF34OK1VGU8-GTE-P00085,07/27/26 07:30 PM EDT,$0.57,84
20260728,MLB-TRUNS-IT5-02HOSF03OK1VHG0-GTE-P00085,07/27/26 07:31 PM EDT,$0.48,3
20260728,MLB-TRUNS-IT5-02HOSF34OK1VGU8-GTE-P00085,07/27/26 07:31 PM EDT,$0.49,18
20260728,MLB-TRUNS-IT5-02HOSF7EOK1VGP0-GTE-P00015,07/27/26 07:31 PM EDT,$0.40,322
20260728,MLB-TRUNS-IT5-02HOSF03OK1VHG0-GTE-P00085,07/27/26 07:31 PM EDT,$0.48,60
20260728,MLB-TRUNS-IT5-02HOSF03OK1VHG0-GTE-P00085,07/27/26 07:31 PM EDT,$0.48,120
20260728,MLB-TRUNS-IT5-02HOSF34OK1VGU8-GTE-P00085,07/27/26 07:31 PM EDT,$0.57,8
20260728,MLB-MOVY-IT5-02HOSF7EOK1VGP0-PIES000-GTE-P00005,07/27/26 07:31 PM EDT,$0.38,354
20260728,MLB-TRUNS-IT5-02HOSF7EOK1VGP0-GTE-P00015,07/27/26 07:31 PM EDT,$0.39,15
20260728,MLB-TRUNS-IT5-02HOSF7EOK1VGP0-GTE-P00015,07/27/26 07:31 PM EDT,$0.39,396
20260728,MLB-TRUNS-IT5-02HOSF7EOK1VGP0-GTE-P00015,07/27/26 07:31 PM EDT,$0.39,25
20260728,MLB-TRUNS-IT5-02HOSF03OK1VHG0-GTE-P00085,07/27/26 07:31 PM EDT,$0.49,19
20260728,MLB-MOVY-IT5-02HOSF3DOK1VH80-CIDS000-GTE-P00005,07/27/26 07:31 PM EDT,$0.55,175
20260728,MLB-TRUNS-IT5-02HOSF5NOK1VG6O-GTE-P00055,07/27/26 07:31 PM EDT,$0.61,359
20260728,MLB-TRUNS-IT5-02HOSF03OK1VHG0-GTE-P00065,07/27/26 07:31 PM EDT,$0.73,350
20260728,MLB-TRUNS-IT5-02HOSF5NOK1VG6O-GTE-P00065,07/27/26 07:32 PM EDT,$0.41,92
20260728,MLB-TRUNS-IT5-02HOT9V9OK1VNE0-GTE-P00045,07/27/26 07:32 PM EDT,$0.48,80
20260728,MLB-MOVY-IT5-02HOSF3DOK1VH80-CIDS000-GTE-P00005,07/27/26 07:32 PM EDT,$0.55,51
20260728,MLB-TRUNS-IT5-02HOT9V9OK1VNE0-GTE-P00045,07/27/26 07:32 PM EDT,$0.48,40
20260728,MLB-TRUNS-IT5-02HOSF1BOK1VH78-GTE-P00055,07/27/26 07:32 PM EDT,$0.55,30
20260728,MLB-MOVY-IT5-02HOSF3DOK1VH80-CIDS000-GTE-P00005,07/27/26 07:32 PM EDT,$0.55,9
20260728,MLB-TRUNS-IT5-02HOSF5NOK1VG6O-GTE-P00035,07/27/26 07:32 PM EDT,$0.90,350
20260728,MLB-TRUNS-IT5-02HOSF5NOK1VG6O-GTE-P00035,07/27/26 07:32 PM EDT,$0.90,206
20260728,MLB-TRUNS-IT5-02HOSF7EOK1VGP0-GTE-P00015,07/27/26 07:32 PM EDT,$0.44,130
20260728,MLB-TRUNS-IT5-02HOSF03OK1VHG0-GTE-P00045,07/27/26 07:32 PM EDT,$0.97,28
20260728,MLB-WIN-IT5-02HOSF7EOK1VGP0-PIES000,07/27/26 07:32 PM EDT,$0.64,350
20260728,MLB-TRUNS-IT5-02HOSF3DOK1VH80-GTE-P00045,07/27/26 07:32 PM EDT,$0.55,45
20260728,MLB-MOVY-IT5-02HOSF5NOK1VG6O-TOYS000-GTE-P00005,07/27/26 07:33 PM EDT,$0.52,16
20260728,MLB-TRUNS-IT5-02HOSF34OK1VGU8-GTE-P00095,07/27/26 07:33 PM EDT,$0.27,172
20260728,MLB-TRUNS-IT5-02HOSF03OK1VHG0-GTE-P00065,07/27/26 07:33 PM EDT,$0.60,45
20260728,MLB-WIN-IT5-02HOSF1BOK1VH78-NYTS000,07/27/26 07:34 PM EDT,$0.56,20
20260728,MLB-TRUNS-IT5-02HOSF34OK1VGU8-GTE-P00075,07/27/26 07:34 PM EDT,$0.79,81
20260728,MLB-MOVY-IT5-02HOSF3DOK1VH80-CIDS000-GTE-P00005,07/27/26 07:34 PM EDT,$0.55,26
20260728,MLB-TRUNS-IT5-02HOSF03OK1VHG0-GTE-P00065,07/27/26 07:34 PM EDT,$0.59,29
20260728,MLB-TRUNS-IT5-02HOSF03OK1VHG0-GTE-P00045,07/27/26 07:34 PM EDT,$0.97,80
20260728,MLB-MOVY-IT5-02HOSF7EOK1VGP0-PIES000-GTE-P00005,07/27/26 07:34 PM EDT,$0.41,81
20260728,MLB-MOVY-IT5-02HOSF03OK1VHG0-BAES000-GTE-P00025,07/27/26 07:34 PM EDT,$0.59,245
20260728,MLB-MOVY-IT5-02HOSF7EOK1VGP0-PIES000-GTE-P00005,07/27/26 07:34 PM EDT,$0.41,1
20260728,MLB-TRUNS-IT5-02HOSF34OK1VGU8-GTE-P00085,07/27/26 07:34 PM EDT,$0.53,4
20260728,MLB-TRUNS-IT5-02HOSF7EOK1VGP0-GTE-P00015,07/27/26 07:35 PM EDT,$0.41,49
20260728,MLB-TRUNS-IT5-02HOSF7EOK1VGP0-GTE-P00005,07/27/26 07:35 PM EDT,$0.59,350
20260728,MLB-TRUNS-IT5-02HOSF1BOK1VH78-GTE-P00055,07/27/26 07:35 PM EDT,$0.46,26
20260728,MLB-TRUNS-IT5-02HOSF5NOK1VG6O-GTE-P00055,07/27/26 07:35 PM EDT,$0.48,196
20260728,MLB-WIN-IT5-02HOSF34OK1VGU8-MINS001,07/27/26 07:35 PM EDT,$0.95,51
20260728,MLB-TRUNS-IT5-02HOSF34OK1VGU8-GTE-P00085,07/27/26 07:36 PM EDT,$0.52,25
20260728,MLB-TRUNS-IT5-02HOSF34OK1VGU8-GTE-P00065,07/27/26 07:36 PM EDT,$0.97,7
20260728,MLB-TRUNS-IT5-02HOSF5NOK1VG6O-GTE-P00045,07/27/26 07:36 PM EDT,$0.63,350
20260728,MLB-WIN-IT5-02HOT9V9OK1VNE0-NYES000,07/27/26 07:36 PM EDT,$0.59,8
20260728,MLB-TRUNS-IT5-02HOSF03OK1VHG0-GTE-P00065,07/27/26 07:36 PM EDT,$0.60,350
20260728,MLB-TRUNS-IT5-02HOSF7EOK1VGP0-GTE-P00005,07/27/26 07:36 PM EDT,$0.53,83
20260728,MLB-TRUNS-IT5-02HOSF7EOK1VGP0-GTE-P00005,07/27/26 07:36 PM EDT,$0.53,63
20260728,MLB-WIN-IT5-02HOSF5NOK1VG6O-WALS000,07/27/26 07:36 PM EDT,$0.40,8
20260728,MLB-TRUNS-IT5-02HOSF7EOK1VGP0-GTE-P00005,07/27/26 07:36 PM EDT,$0.51,980
20260728,MLB-TRUNS-IT5-02HOSF5NOK1VG6O-GTE-P00055,07/27/26 07:36 PM EDT,$0.50,350
20260728,MLB-WIN-IT5-02HOSF1BOK1VH78-NYTS000,07/27/26 07:36 PM EDT,$0.57,350
20260728,MLB-WIN-IT5-02HOSF1BOK1VH78-NYTS000,07/27/26 07:36 PM EDT,$0.57,350
20260728,MLB-TRUNS-IT5-02HOSF7EOK1VGP0-GTE-P00005,07/27/26 07:36 PM EDT,$0.51,9
20260728,MLB-TRUNS-IT5-02HOSF7EOK1VGP0-GTE-P00035,07/27/26 07:37 PM EDT,$0.12,27
20260728,MLB-TRUNS-IT5-02HOSF7EOK1VGP0-GTE-P00005,07/27/26 07:37 PM EDT,$0.51,30
20260728,MLB-TRUNS-IT5-02HOSF7EOK1VGP0-GTE-P00035,07/27/26 07:37 PM EDT,$0.12,27
20260728,MLB-TRUNS-IT5-02HOSF03OK1VHG0-GTE-P00075,07/27/26 07:37 PM EDT,$0.48,2
20260728,MLB-WIN-IT5-02HOSF03OK1VHG0-BAES000,07/27/26 07:37 PM EDT,$0.89,350
20260728,MLB-WIN-IT5-02HOSF03OK1VHG0-BAES000,07/27/26 07:37 PM EDT,$0.89,350
20260728,MLB-WIN-IT5-02HOSF03OK1VHG0-BAES000,07/27/26 07:37 PM EDT,$0.89,350
20260728,MLB-WIN-IT5-02HOSF03OK1VHG0-BAES000,07/27/26 07:37 PM EDT,$0.89,350
20260728,MLB-TRUNS-IT5-02HOSF7EOK1VGP0-GTE-P00005,07/27/26 07:37 PM EDT,$0.50,19
20260728,MLB-TRUNS-IT5-02HOSF7EOK1VGP0-GTE-P00015,07/27/26 07:37 PM EDT,$0.33,24
20260728,MLB-TRUNS-IT5-02HOSF5NOK1VG6O-GTE-P00055,07/27/26 07:37 PM EDT,$0.53,639
20260728,MLB-TRUNS-IT5-02HOT9V9OK1VNE0-GTE-P00045,07/27/26 07:37 PM EDT,$0.47,7
20260728,MLB-TRUNS-IT5-02HOSF7EOK1VGP0-GTE-P00005,07/27/26 07:37 PM EDT,$0.50,13
20260728,MLB-TRUNS-IT5-02HOSF7EOK1VGP0-GTE-P00005,07/27/26 07:37 PM EDT,$0.51,350
20260728,MLB-MOVY-IT5-02HOSF7EOK1VGP0-PIES000-GTE-P00015,07/27/26 07:37 PM EDT,$0.14,350
20260728,MLB-TRUNS-IT5-02HOSF03OK1VHG0-GTE-P00065,07/27/26 07:37 PM EDT,$0.58,1
20260728,MLB-TRUNS-IT5-02HOSF34OK1VGU8-GTE-P00085,07/27/26 07:37 PM EDT,$0.51,9
20260728,MLB-WIN-IT5-02HOSF7EOK1VGP0-PIES000,07/27/26 07:37 PM EDT,$0.56,350
20260728,MLB-TRUNS-IT5-02HOSF34OK1VGU8-GTE-P00085,07/27/26 07:37 PM EDT,$0.51,37
20260728,MLB-TRUNS-IT5-02HOSF03OK1VHG0-GTE-P00065,07/27/26 07:37 PM EDT,$0.59,16
20260728,MLB-TRUNS-IT5-02HOSF03OK1VHG0-GTE-P00065,07/27/26 07:37 PM EDT,$0.56,4
20260728,KBO-TRUNS-FG-000ABKVAI43KK20-GTE-P00095,07/27/26 07:38 PM EDT,$0.57,8
20260728,MLB-TRUNS-IT5-02HOSF03OK1VHG0-GTE-P00065,07/27/26 07:38 PM EDT,$0.55,350
20260728,MLB-TRUNS-IT5-02HOSF03OK1VHG0-GTE-P00065,07/27/26 07:38 PM EDT,$0.55,350
20260728,MLB-TRUNS-IT5-02HOSF03OK1VHG0-GTE-P00065,07/27/26 07:38 PM EDT,$0.55,300
20260728,MLB-TRUNS-IT5-02HOSF34OK1VGU8-GTE-P00085,07/27/26 07:38 PM EDT,$0.39,158
20260728,MLB-TRUNS-IT5-02HOSF5NOK1VG6O-GTE-P00055,07/27/26 07:38 PM EDT,$0.52,18
20260728,MLB-TRUNS-IT5-02HOSF7EOK1VGP0-GTE-P00005,07/27/26 07:38 PM EDT,$0.53,20
20260728,MLB-TRUNS-IT5-02HOSF7EOK1VGP0-GTE-P00005,07/27/26 07:38 PM EDT,$0.53,40
20260728,MLB-TRUNS-IT5-02HOSF03OK1VHG0-GTE-P00065,07/27/26 07:38 PM EDT,$0.45,175
20260728,MLB-TRUNS-IT5-02HOSF5NOK1VG6O-GTE-P00055,07/27/26 07:38 PM EDT,$0.52,19
20260728,MLB-TRUNS-IT5-02HOSF03OK1VHG0-GTE-P00045,07/27/26 07:39 PM EDT,$0.99,20
20260728,MLB-TRUNS-IT5-02HOSF1BOK1VH78-GTE-P00055,07/27/26 07:39 PM EDT,$0.44,17
20260728,MLB-TRUNS-IT5-02HOSF34OK1VGU8-GTE-P00095,07/27/26 07:39 PM EDT,$0.22,52
20260728,MLB-TRUNS-IT5-02HOSF7EOK1VGP0-GTE-P00005,07/27/26 07:39 PM EDT,$0.52,49
20260728,MLB-TRUNS-IT5-02HOSF03OK1VHG0-GTE-P00065,07/27/26 07:39 PM EDT,$0.50,1
20260728,MLB-TRUNS-IT5-02HOSF34OK1VGU8-GTE-P00085,07/27/26 07:39 PM EDT,$0.47,23
20260728,MLB-TRUNS-IT5-02HOSF5NOK1VG6O-GTE-P00045,07/27/26 07:39 PM EDT,$0.69,350
20260728,MLB-TRUNS-IT5-02HOSF5NOK1VG6O-GTE-P00055,07/27/26 07:39 PM EDT,$0.52,350
20260728,MLB-TRUNS-IT5-02HOSF5NOK1VG6O-GTE-P00065,07/27/26 07:39 PM EDT,$0.37,350
20260728,MLB-MOVY-IT5-02HOSF34OK1VGU8-MINS001-GTE-P00025,07/27/26 07:40 PM EDT,$0.56,110
20260728,MLB-WIN-IT5-02HOSF03OK1VHG0-BAES000,07/27/26 07:40 PM EDT,$0.96,1
20260728,MLB-TRUNS-IT5-02HOSF1BOK1VH78-GTE-P00045,07/27/26 07:40 PM EDT,$0.55,19
20260728,MLB-TRUNS-IT5-02HOSF34OK1VGU8-GTE-P00095,07/27/26 07:40 PM EDT,$0.24,96
20260728,MLB-TRUNS-IT5-02HOSF1BOK1VH78-GTE-P00045,07/27/26 07:40 PM EDT,$0.55,5
20260728,MLB-MOVY-IT5-02HOSF5NOK1VG6O-TOYS000-GTE-P00005,07/27/26 07:40 PM EDT,$0.46,4
20260728,MLB-TRUNS-IT5-02HOSF03OK1VHG0-GTE-P00065,07/27/26 07:40 PM EDT,$0.45,56
20260728,MLB-TRUNS-IT5-02HOSF34OK1VGU8-GTE-P00065,07/27/26 07:40 PM EDT,$0.97,181
20260728,MLB-TRUNS-IT5-02HOSF03OK1VHG0-GTE-P00065,07/27/26 07:41 PM EDT,$0.45,154
20260728,MLB-WIN-IT5-02HOSF3DOK1VH80-CIDS000,07/27/26 07:41 PM EDT,$0.64,75
20260728,MLB-TRUNS-IT5-02HOSF03OK1VHG0-GTE-P00065,07/27/26 07:41 PM EDT,$0.40,32
20260728,MLB-WIN-IT5-02HOSF34OK1VGU8-MINS001,07/27/26 07:41 PM EDT,$0.89,66
20260728,MLB-MOVY-IT5-02HOSF5NOK1VG6O-TOYS000-GTE-P00005,07/27/26 07:41 PM EDT,$0.46,35
20260728,MLB-TRUNS-IT5-02HOSF7EOK1VGP0-GTE-P00005,07/27/26 07:41 PM EDT,$0.50,48
20260728,MLB-WIN-IT5-02HOT9VAOK1VM3G-HOOS000,07/27/26 07:41 PM EDT,$0.50,19
20260728,MLB-TRUNS-IT5-02HOSF7EOK1VGP0-GTE-P00005,07/27/26 07:42 PM EDT,$0.49,12
20260728,MLB-WIN-IT5-02HOT9R0OK1VNTG-BOOX000,07/27/26 07:42 PM EDT,$0.60,16
20260728,MLB-TRUNS-IT5-02HOSF34OK1VGU8-GTE-P00085,07/27/26 07:42 PM EDT,$0.51,58
20260728,MLB-MOVY-IT5-02HOSF7EOK1VGP0-ARKS000-GTE-P00005,07/27/26 07:42 PM EDT,$0.17,258
20260728,MLB-MOVY-IT5-02HOSF7EOK1VGP0-PIES000-GTE-P00005,07/27/26 07:43 PM EDT,$0.29,3
20260728,MLB-MOVY-IT5-02HOT9V9OK1VNE0-NYES000-GTE-P00005,07/27/26 07:43 PM EDT,$0.50,8
20260728,MLB-MOVY-IT5-02HOT9O1OK1VMH8-CHBS000-GTE-P00005,07/27/26 07:43 PM EDT,$0.45,42
20260728,MLB-TRUNS-IT5-02HOSF03OK1VHG0-GTE-P00055,07/27/26 07:43 PM EDT,$0.62,25
20260728,MLB-TRUNS-IT5-02HOSF03OK1VHG0-GTE-P00055,07/27/26 07:43 PM EDT,$0.62,2
20260728,MLB-MOVY-IT5-02HOSF5NOK1VG6O-WALS000-GTE-P00005,07/27/26 07:43 PM EDT,$0.42,113
20260728,MLB-TRUNS-IT5-02HOSF7EOK1VGP0-GTE-P00005,07/27/26 07:43 PM EDT,$0.38,10
20260728,MLB-MOVY-IT5-02HOSF34OK1VGU8-MINS001-GTE-P00015,07/27/26 07:43 PM EDT,$0.62,350
20260728,MLB-TRUNS-IT5-02HOSF7EOK1VGP0-GTE-P00005,07/27/26 07:43 PM EDT,$0.33,67
20260728,MLB-MOVY-IT5-02HOSF34OK1VGU8-MINS001-GTE-P00015,07/27/26 07:43 PM EDT,$0.61,350
20260728,MLB-MOVY-IT5-02HOSF34OK1VGU8-MINS001-GTE-P00025,07/27/26 07:43 PM EDT,$0.45,350
20260728,MLB-MOVY-IT5-02HOSF5NOK1VG6O-WALS000-GTE-P00005,07/27/26 07:43 PM EDT,$0.42,22
20260728,MLB-MOVY-IT5-02HOSF3DOK1VH80-CIDS000-GTE-P00005,07/27/26 07:43 PM EDT,$0.55,35
20260728,MLB-MOVY-IT5-02HOSF34OK1VGU8-MINS001-GTE-P00035,07/27/26 07:43 PM EDT,$0.09,21
20260728,MLB-MOVY-IT5-02HOSF7EOK1VGP0-PIES000-GTE-P00005,07/27/26 07:44 PM EDT,$0.31,15
20260728,MLB-TRUNS-IT5-02HOSF7EOK1VGP0-GTE-P00005,07/27/26 07:44 PM EDT,$0.33,36
20260728,MLB-TRUNS-IT5-02HOSF34OK1VGU8-GTE-P00095,07/27/26 07:44 PM EDT,$0.51,37
20260728,MLB-TRUNS-IT5-02HOSF7EOK1VGP0-GTE-P00005,07/27/26 07:44 PM EDT,$0.33,7
20260728,MLB-TRUNS-IT5-02HOSF1BOK1VH78-GTE-P00045,07/27/26 07:44 PM EDT,$0.51,99
20260728,MLB-MOVY-IT5-02HOSF34OK1VGU8-MINS001-GTE-P00015,07/27/26 07:44 PM EDT,$0.58,55
20260728,MLB-MOVY-IT5-02HOSF34OK1VGU8-MINS001-GTE-P00015,07/27/26 07:44 PM EDT,$0.58,3
20260728,MLB-WIN-IT5-02HOSF1BOK1VH78-ATES000,07/27/26 07:44 PM EDT,$0.53,45
20260728,MLB-WIN-IT5-02HOSF5NOK1VG6O-WALS000,07/27/26 07:44 PM EDT,$0.44,350
20260728,MLB-WIN-IT5-02HOSF5NOK1VG6O-WALS000,07/27/26 07:44 PM EDT,$0.44,350
20260728,MLB-WIN-IT5-02HOSF5NOK1VG6O-WALS000,07/27/26 07:44 PM EDT,$0.44,300
20260728,MLB-WIN-IT5-02HOSF5NOK1VG6O-TOYS000,07/27/26 07:44 PM EDT,$0.53,350
20260728,MLB-MOVY-IT5-02HOSF34OK1VGU8-MINS001-GTE-P00025,07/27/26 07:44 PM EDT,$0.38,350
20260728,MLB-WIN-IT5-02HOSF5NOK1VG6O-TOYS000,07/27/26 07:44 PM EDT,$0.53,350
20260728,MLB-WIN-IT5-02HOSF5NOK1VG6O-TOYS000,07/27/26 07:44 PM EDT,$0.53,350
20260728,MLB-WIN-IT5-02HOSF5NOK1VG6O-TOYS000,07/27/26 07:44 PM EDT,$0.53,350
20260728,MLB-WIN-IT5-02HOSF5NOK1VG6O-TOYS000,07/27/26 07:44 PM EDT,$0.53,100
20260728,MLB-WIN-IT5-02HOSF5NOK1VG6O-TOYS000,07/27/26 07:45 PM EDT,$0.62,350
20260728,MLB-WIN-IT5-02HOSF5NOK1VG6O-TOYS000,07/27/26 07:45 PM EDT,$0.62,350
20260728,MLB-TRUNS-IT5-02HOSF7EOK1VGP0-GTE-P00025,07/27/26 07:45 PM EDT,$0.10,62
20260728,MLB-WIN-IT5-02HOSF5NOK1VG6O-TOYS000,07/27/26 07:45 PM EDT,$0.62,350
20260728,MLB-WIN-IT5-02HOSF1BOK1VH78-NYTS000,07/27/26 07:45 PM EDT,$0.51,37
20260728,MLB-TRUNS-IT5-02HOSF03OK1VHG0-GTE-P00055,07/27/26 07:45 PM EDT,$0.58,56
20260728,MLB-WIN-IT5-02HOSF34OK1VGU8-PHES000,07/27/26 07:45 PM EDT,$0.21,350
20260728,MLB-WIN-IT5-02HOSF7EOK1VGP0-PIES000,07/27/26 07:46 PM EDT,$0.68,7
20260728,MLB-WIN-IT5-02HOSF5NOK1VG6O-TOYS000,07/27/26 07:46 PM EDT,$0.63,30
20260728,MLB-TRUNS-IT5-02HOSF03OK1VHG0-GTE-P00085,07/27/26 07:46 PM EDT,$0.08,3
20260728,MLB-TRUNS-IT5-02HOSF7EOK1VGP0-GTE-P00005,07/27/26 07:46 PM EDT,$0.32,61
20260728,MLB-TRUNS-IT5-02HOT9O1OK1VMH8-GTE-P00055,07/27/26 07:46 PM EDT,$0.46,208
20260728,MLB-MOVY-IT5-02HOSF7EOK1VGP0-PIES000-GTE-P00005,07/27/26 07:46 PM EDT,$0.32,2
20260728,MLB-WIN-IT5-02HOSF34OK1VGU8-MINS001,07/27/26 07:46 PM EDT,$0.95,25
20260728,MLB-MOVY-IT5-02HOSF1BOK1VH78-NYTS000-GTE-P00005,07/27/26 07:46 PM EDT,$0.42,10
20260728,MLB-MOVY-IT5-02HOSF34OK1VGU8-MINS001-GTE-P00015,07/27/26 07:46 PM EDT,$0.83,350
20260728,MLB-TRUNS-IT5-02HOSF5NOK1VG6O-GTE-P00055,07/27/26 07:46 PM EDT,$0.43,224
20260728,MLB-MOVY-IT5-02HOSF34OK1VGU8-MINS001-GTE-P00015,07/27/26 07:46 PM EDT,$0.83,350
20260728,MLB-TRUNS-IT5-02HOSF03OK1VHG0-GTE-P00055,07/27/26 07:46 PM EDT,$0.62,350
20260728,MLB-TRUNS-IT5-02HOSF03OK1VHG0-GTE-P00055,07/27/26 07:47 PM EDT,$0.62,350
20260728,MLB-TRUNS-IT5-02HOSF03OK1VHG0-GTE-P00055,07/27/26 07:47 PM EDT,$0.62,350
20260728,MLB-TRUNS-IT5-02HOSF34OK1VGU8-GTE-P00075,07/27/26 07:47 PM EDT,$0.50,81
20260728,MLB-TRUNS-IT5-02HOSF34OK1VGU8-GTE-P00085,07/27/26 07:47 PM EDT,$0.27,84
20260728,MLB-MOVY-IT5-02HOSF34OK1VGU8-MINS001-GTE-P00035,07/27/26 07:47 PM EDT,$0.30,9
20260728,MLB-TRUNS-IT5-02HOSF7EOK1VGP0-GTE-P00005,07/27/26 07:47 PM EDT,$0.29,6
20260728,MLB-TRUNS-IT5-02HOSF1BOK1VH78-GTE-P00045,07/27/26 07:47 PM EDT,$0.42,53
20260728,MLB-TRUNS-IT5-02HOSF7EOK1VGP0-GTE-P00005,07/27/26 07:47 PM EDT,$0.24,115
20260728,MLB-WIN-IT5-02HOSF5NOK1VG6O-TOYS000,07/27/26 07:47 PM EDT,$0.63,350
20260728,KBO-WIN-FG-000ABKSKI43KLPO-NCOS000,07/27/26 07:48 PM EDT,$0.45,1
20260728,MLB-WIN-IT5-02HOSF03OK1VHG0-BAES000,07/27/26 07:48 PM EDT,$0.93,350
20260728,MLB-WIN-IT5-02HOSF03OK1VHG0-BAES000,07/27/26 07:48 PM EDT,$0.93,350
20260728,MLB-WIN-IT5-02HOSF03OK1VHG0-BAES000,07/27/26 07:48 PM EDT,$0.93,350
20260728,MLB-TRUNS-IT5-02HOSF34OK1VGU8-GTE-P00075,07/27/26 07:48 PM EDT,$0.49,54
20260728,MLB-WIN-IT5-02HOSF7EOK1VGP0-PIES000,07/27/26 07:48 PM EDT,$0.54,2
20260728,MLB-WIN-IT5-02HOSF03OK1VHG0-BAES000,07/27/26 07:48 PM EDT,$0.92,169
20260728,MLB-TRUNS-IT5-02HOSF5NOK1VG6O-GTE-P00045,07/27/26 07:48 PM EDT,$0.57,350
20260728,MLB-MOVY-IT5-02HOSF03OK1VHG0-BAES000-GTE-P00015,07/27/26 07:48 PM EDT,$0.75,350
20260728,MLB-WIN-IT5-02HOT9R0OK1VNTG-BOOX000,07/27/26 07:48 PM EDT,$0.60,6
20260728,MLB-TRUNS-IT5-02HOSF5NOK1VG6O-GTE-P00045,07/27/26 07:48 PM EDT,$0.57,350
20260728,MLB-WIN-IT5-02HOSF5NOK1VG6O-TOYS000,07/27/26 07:48 PM EDT,$0.68,350
20260728,MLB-WIN-IT5-02HOSF5NOK1VG6O-TOYS000,07/27/26 07:48 PM EDT,$0.68,350
20260728,MLB-MOVY-IT5-02HOSF03OK1VHG0-BAES000-GTE-P00015,07/27/26 07:48 PM EDT,$0.75,350
20260728,MLB-TRUNS-IT5-02HOSF5NOK1VG6O-GTE-P00045,07/27/26 07:48 PM EDT,$0.57,350
20260728,MLB-WIN-IT5-02HOSF5NOK1VG6O-WALS000,07/27/26 07:48 PM EDT,$0.28,6
20260728,MLB-MOVY-IT5-02HOT9V9OK1VNE0-NYES000-GTE-P00005,07/27/26 07:48 PM EDT,$0.50,20
20260728,MLB-MOVY-IT5-02HOSF03OK1VHG0-BAES000-GTE-P00005,07/27/26 07:48 PM EDT,$0.76,35
20260728,MLB-WIN-IT5-02HOSF03OK1VHG0-BAES000,07/27/26 07:49 PM EDT,$0.89,350
20260728,MLB-MOVY-IT5-02HOT9R0OK1VNTG-BOOX000-GTE-P00005,07/27/26 07:49 PM EDT,$0.53,18
20260728,MLB-WIN-IT5-02HOSF03OK1VHG0-BAES000,07/27/26 07:49 PM EDT,$0.89,350
20260728,MLB-TRUNS-IT5-02HOSF34OK1VGU8-GTE-P00075,07/27/26 07:49 PM EDT,$0.58,13
20260728,MLB-MOVY-IT5-02HOSF03OK1VHG0-BAES000-GTE-P00025,07/27/26 07:49 PM EDT,$0.48,16
20260728,MLB-TRUNS-IT5-02HOSF7EOK1VGP0-GTE-P00005,07/27/26 07:50 PM EDT,$0.15,10
20260728,MLB-MOVY-IT5-02HOT9R0OK1VNTG-BOOX000-GTE-P00005,07/27/26 07:50 PM EDT,$0.53,10
20260728,MLB-WIN-IT5-02HOSF03OK1VHG0-DERS000,07/27/26 07:50 PM EDT,$0.18,263
20260728,MLB-TRUNS-IT5-02HOSF34OK1VGU8-GTE-P00075,07/27/26 07:50 PM EDT,$0.57,169
20260728,MLB-TRUNS-IT5-02HOSF03OK1VHG0-GTE-P00065,07/27/26 07:50 PM EDT,$0.67,88
20260728,MLB-TRUNS-IT5-02HOSF7EOK1VGP0-GTE-P00005,07/27/26 07:51 PM EDT,$0.17,1
20260728,MLB-WIN-IT5-02HOSF5NOK1VG6O-TOYS000,07/27/26 07:51 PM EDT,$0.72,350
20260728,MLB-WIN-IT5-02HOSF5NOK1VG6O-TOYS000,07/27/26 07:51 PM EDT,$0.72,350
20260728,MLB-WIN-IT5-02HOSF5NOK1VG6O-TOYS000,07/27/26 07:51 PM EDT,$0.72,300
20260728,MLB-WIN-IT5-02HOSF5NOK1VG6O-TOYS000,07/27/26 07:51 PM EDT,$0.72,50
20260728,MLB-WIN-IT5-02HOSF5NOK1VG6O-TOYS000,07/27/26 07:51 PM EDT,$0.72,350
20260728,MLB-WIN-IT5-02HOSF5NOK1VG6O-TOYS000,07/27/26 07:51 PM EDT,$0.72,350
20260728,MLB-TRUNS-IT5-02HOSF34OK1VGU8-GTE-P00075,07/27/26 07:51 PM EDT,$0.48,3
20260728,MLB-TRUNS-IT5-02HOSF7EOK1VGP0-GTE-P00005,07/27/26 07:51 PM EDT,$0.18,31
20260728,MLB-WIN-IT5-02HOSF34OK1VGU8-PHES000,07/27/26 07:51 PM EDT,$0.08,22
20260728,MLB-TRUNS-IT5-02HOSF03OK1VHG0-GTE-P00075,07/27/26 07:51 PM EDT,$0.49,47
20260728,MLB-MOVY-IT5-02HOT9V9OK1VNE0-NYES000-GTE-P00005,07/27/26 07:52 PM EDT,$0.49,58
20260728,MLB-TRUNS-IT5-02HOSF7EOK1VGP0-GTE-P00005,07/27/26 07:52 PM EDT,$0.14,55
20260728,MLB-TRUNS-IT5-02HOSF5NOK1VG6O-GTE-P00045,07/27/26 07:52 PM EDT,$0.48,43
20260728,MLB-TRUNS-IT5-02HOSF7EOK1VGP0-GTE-P00005,07/27/26 07:52 PM EDT,$0.19,25
20260728,MLB-TRUNS-IT5-02HOSF5NOK1VG6O-GTE-P00045,07/27/26 07:52 PM EDT,$0.48,307
20260728,MLB-TRUNS-IT5-02HOSF5NOK1VG6O-GTE-P00045,07/27/26 07:52 PM EDT,$0.48,11
20260728,MLB-TRUNS-IT5-02HOSF5NOK1VG6O-GTE-P00055,07/27/26 07:52 PM EDT,$0.31,350
20260728,MLB-TRUNS-IT5-02HOSF34OK1VGU8-GTE-P00075,07/27/26 07:52 PM EDT,$0.55,40
20260728,MLB-TRUNS-IT5-02HOSF5NOK1VG6O-GTE-P00065,07/27/26 07:52 PM EDT,$0.19,350
20260728,MLB-TRUNS-IT5-02HOSF5NOK1VG6O-GTE-P00035,07/27/26 07:52 PM EDT,$0.70,350
20260728,MLB-MOVY-IT5-02HOSF34OK1VGU8-MINS001-GTE-P00025,07/27/26 07:52 PM EDT,$0.71,294
20260728,MLB-WIN-IT5-02HOSF5NOK1VG6O-WALS000,07/27/26 07:52 PM EDT,$0.20,9
20260728,MLB-TRUNS-IT5-02HOSF03OK1VHG0-GTE-P00075,07/27/26 07:52 PM EDT,$0.46,208
20260728,MLB-TRUNS-IT5-02HOSF7EOK1VGP0-GTE-P00005,07/27/26 07:52 PM EDT,$0.18,59
20260728,MLB-TRUNS-IT5-02HOT9O1OK1VMH8-GTE-P00035,07/27/26 07:52 PM EDT,$0.71,350
20260728,MLB-TRUNS-IT5-02HOSF34OK1VGU8-GTE-P00075,07/27/26 07:52 PM EDT,$0.60,42
20260728,MLB-WIN-IT5-02HOSF7EOK1VGP0-ARKS000,07/27/26 07:52 PM EDT,$0.48,350
20260728,MLB-TRUNS-IT5-02HOT9V9OK1VNE0-GTE-P00045,07/27/26 07:53 PM EDT,$0.45,175
20260728,MLB-MOVY-IT5-02HOT9R0OK1VNTG-BOOX000-GTE-P00005,07/27/26 07:53 PM EDT,$0.53,7
20260728,MLB-WIN-IT5-02HOSF03OK1VHG0-DERS000,07/27/26 07:53 PM EDT,$0.24,20
20260728,MLB-MOVY-IT5-02HOSF03OK1VHG0-BAES000-GTE-P00015,07/27/26 07:53 PM EDT,$0.41,40
20260728,MLB-TRUNS-IT5-02HOSF03OK1VHG0-GTE-P00075,07/27/26 07:53 PM EDT,$0.44,210
20260728,MLB-TRUNS-IT5-02HOSF7EOK1VGP0-GTE-P00015,07/27/26 07:54 PM EDT,$0.03,52
20260728,MLB-TRUNS-IT5-02HOSF03OK1VHG0-GTE-P00075,07/27/26 07:54 PM EDT,$0.52,18
20260728,MLB-WIN-IT5-02HOT9VAOK1VM3G-LALS000,07/27/26 07:54 PM EDT,$0.51,18
20260728,MLB-TRUNS-IT5-02HOSF03OK1VHG0-GTE-P00075,07/27/26 07:54 PM EDT,$0.57,338
20260728,MLB-TRUNS-IT5-02HOSF03OK1VHG0-GTE-P00075,07/27/26 07:54 PM EDT,$0.51,49
20260728,MLB-TRUNS-IT5-02HOSF7EOK1VGP0-GTE-P00005,07/27/26 07:54 PM EDT,$0.03,67
20260728,MLB-TRUNS-IT5-02HOSF34OK1VGU8-GTE-P00075,07/27/26 07:54 PM EDT,$0.47,64
20260728,MLB-MOVY-IT5-02HOSF03OK1VHG0-BAES000-GTE-P00025,07/27/26 07:54 PM EDT,$0.17,113
20260728,MLB-MOVY-IT5-02HOSF03OK1VHG0-BAES000-GTE-P00005,07/27/26 07:54 PM EDT,$0.53,102
20260728,MLB-TRUNS-IT5-02HOSF7EOK1VGP0-GTE-P00015,07/27/26 07:55 PM EDT,$0.03,73
20260728,MLB-TRUNS-IT5-02HOSF34OK1VGU8-GTE-P00075,07/27/26 07:55 PM EDT,$0.46,13
20260728,MLB-TRUNS-IT5-02HOT9O1OK1VMH8-GTE-P00055,07/27/26 07:55 PM EDT,$0.48,10
20260728,MLB-TRUNS-IT5-02HOSF34OK1VGU8-GTE-P00075,07/27/26 07:55 PM EDT,$0.52,16
20260728,MLB-TRUNS-IT5-02HOSF34OK1VGU8-GTE-P00075,07/27/26 07:55 PM EDT,$0.52,102
20260728,MLB-TRUNS-IT5-02HOSF1BOK1VH78-GTE-P00055,07/27/26 07:55 PM EDT,$0.56,235
20260728,MLB-TRUNS-IT5-02HOSF1BOK1VH78-GTE-P00055,07/27/26 07:55 PM EDT,$0.56,403
20260728,MLB-TRUNS-IT5-02HOSF5NOK1VG6O-GTE-P00045,07/27/26 07:55 PM EDT,$0.45,8
20260728,MLB-WIN-IT5-02HOSF1BOK1VH78-ATES000,07/27/26 07:56 PM EDT,$0.14,38
20260728,MLB-WIN-IT5-02HOSF03OK1VHG0-BAES000,07/27/26 07:56 PM EDT,$0.49,350
20260728,MLB-TRUNS-IT5-02HOSF1BOK1VH78-GTE-P00055,07/27/26 07:56 PM EDT,$0.54,13
20260728,MLB-WIN-IT5-02HOSF03OK1VHG0-DERS000,07/27/26 07:56 PM EDT,$0.54,37
20260728,MLB-TRUNS-IT5-02HOSF03OK1VHG0-GTE-P00085,07/27/26 07:56 PM EDT,$0.52,1000
20260728,MLB-TRUNS-IT5-02HOSF03OK1VHG0-GTE-P00065,07/27/26 07:56 PM EDT,$0.92,1286
20260728,MLB-TRUNS-IT5-02HOSF1BOK1VH78-GTE-P00055,07/27/26 07:56 PM EDT,$0.49,95
20260728,MLB-TRUNS-IT5-02HOT9VAOK1VM3G-GTE-P00045,07/27/26 07:56 PM EDT,$0.52,101
20260728,MLB-TRUNS-IT5-02HOSF1BOK1VH78-GTE-P00055,07/27/26 07:56 PM EDT,$0.49,9
20260728,MLB-MOVY-IT5-02HOSF34OK1VGU8-MINS001-GTE-P00025,07/27/26 07:57 PM EDT,$0.78,178
20260728,MLB-TRUNS-IT5-02HOSF1BOK1VH78-GTE-P00055,07/27/26 07:57 PM EDT,$0.49,305
20260728,MLB-TRUNS-IT5-02HOT9O1OK1VMH8-GTE-P00035,07/27/26 07:57 PM EDT,$0.71,350
20260728,MLB-TRUNS-IT5-02HOT9O1OK1VMH8-GTE-P00035,07/27/26 07:57 PM EDT,$0.71,350
20260728,MLB-TRUNS-IT5-02HOSF03OK1VHG0-GTE-P00085,07/27/26 07:57 PM EDT,$0.52,500
20260728,MLB-TRUNS-IT5-02HOSF03OK1VHG0-GTE-P00065,07/27/26 07:57 PM EDT,$0.89,88
20260728,MLB-TRUNS-IT5-02HOSF34OK1VGU8-GTE-P00075,07/27/26 07:57 PM EDT,$0.55,8
20260728,MLB-TRUNS-IT5-02HOSF03OK1VHG0-GTE-P00085,07/27/26 07:57 PM EDT,$0.56,17
20260728,MLB-MOVY-IT5-02HOSF1BOK1VH78-NYTS000-GTE-P00005,07/27/26 07:57 PM EDT,$0.85,10
20260728,MLB-TRUNS-IT5-02HOSF5NOK1VG6O-GTE-P00045,07/27/26 07:57 PM EDT,$0.50,39
20260728,MLB-WIN-IT5-02HOSF5NOK1VG6O-WALS000,07/27/26 07:57 PM EDT,$0.21,166
20260728,MLB-TRUNS-IT5-02HOSF7EOK1VGP0-GTE-P00015,07/27/26 07:57 PM EDT,$0.03,8
20260728,MLB-WIN-IT5-02HOSF03OK1VHG0-DERS000,07/27/26 07:57 PM EDT,$0.51,145
20260728,MLB-TRUNS-IT5-02HOSF5NOK1VG6O-GTE-P00055,07/27/26 07:57 PM EDT,$0.36,178
20260728,MLB-TRUNS-IT5-02HOSF34OK1VGU8-GTE-P00085,07/27/26 07:57 PM EDT,$0.29,58
20260728,MLB-TRUNS-IT5-02HOSF5NOK1VG6O-GTE-P00045,07/27/26 07:58 PM EDT,$0.52,92
20260728,MLB-TRUNS-IT5-02HOSF03OK1VHG0-GTE-P00065,07/27/26 07:58 PM EDT,$0.88,350
20260728,MLB-TRUNS-IT5-02HOSF03OK1VHG0-GTE-P00065,07/27/26 07:58 PM EDT,$0.88,218
20260728,MLB-TRUNS-IT5-02HOSF03OK1VHG0-GTE-P00065,07/27/26 07:58 PM EDT,$0.88,132
20260728,MLB-TRUNS-IT5-02HOSF03OK1VHG0-GTE-P00065,07/27/26 07:58 PM EDT,$0.88,350
20260728,MLB-TRUNS-IT5-02HOSF03OK1VHG0-GTE-P00065,07/27/26 07:58 PM EDT,$0.88,350
20260728,MLB-MOVY-IT5-02HOSF03OK1VHG0-BAES000-GTE-P00005,07/27/26 07:58 PM EDT,$0.54,107
20260728,MLB-TRUNS-IT5-02HOSF03OK1VHG0-GTE-P00085,07/27/26 07:58 PM EDT,$0.50,53
20260728,MLB-TRUNS-IT5-02HOSF34OK1VGU8-GTE-P00075,07/27/26 07:59 PM EDT,$0.49,2
20260728,MLB-WIN-IT5-02HOSF1BOK1VH78-ATES000,07/27/26 07:59 PM EDT,$0.17,350
20260728,MLB-MOVY-IT5-02HOSF03OK1VHG0-BAES000-GTE-P00005,07/27/26 07:59 PM EDT,$0.58,107
20260728,MLB-WIN-IT5-02HOSF03OK1VHG0-DERS000,07/27/26 08:00 PM EDT,$0.13,145
20260728,MLB-WIN-IT5-02HOSF5NOK1VG6O-WALS000,07/27/26 08:00 PM EDT,$0.16,29
20260728,MLB-WIN-IT5-02HOSF03OK1VHG0-DERS000,07/27/26 08:00 PM EDT,$0.21,21
20260728,MLB-MOVY-IT5-02HOSF5NOK1VG6O-WALS000-GTE-P00005,07/27/26 08:00 PM EDT,$0.04,113
20260728,MLB-WIN-IT5-02HOSF7EOK1VGP0-PIES000,07/27/26 08:00 PM EDT,$0.48,37
20260728,MLB-TRUNS-IT5-02HOSF7EOK1VGP0-GTE-P00015,07/27/26 08:00 PM EDT,$0.03,322
20260728,MLB-TRUNS-IT5-02HOSF7EOK1VGP0-GTE-P00025,07/27/26 08:00 PM EDT,$0.03,33
20260728,MLB-TRUNS-IT5-02HOSF03OK1VHG0-GTE-P00075,07/27/26 08:01 PM EDT,$0.51,116
20260728,MLB-WIN-IT5-02HOSF34OK1VGU8-MINS001,07/27/26 08:01 PM EDT,$0.99,1
20260728,MLB-WIN-IT5-02HOSF5NOK1VG6O-WALS000,07/27/26 08:01 PM EDT,$0.08,1
20260728,MLB-WIN-IT5-02HOT9R0OK1VNTG-BOOX000,07/27/26 08:01 PM EDT,$0.62,296
20260728,MLB-TRUNS-IT5-02HOSF03OK1VHG0-GTE-P00075,07/27/26 08:01 PM EDT,$0.51,377
20260728,MLB-TRUNS-IT5-02HOSF7EOK1VGP0-GTE-P00025,07/27/26 08:01 PM EDT,$0.03,10
20260728,MLB-WIN-IT5-02HOSF03OK1VHG0-BAES000,07/27/26 08:01 PM EDT,$0.78,27
20260728,MLB-TRUNS-IT5-02HOSF7EOK1VGP0-GTE-P00005,07/27/26 08:01 PM EDT,$0.03,64
20260728,MLB-TRUNS-IT5-02HOSF5NOK1VG6O-GTE-P00065,07/27/26 08:02 PM EDT,$0.29,1
20260728,MLB-TRUNS-IT5-02HOSF7EOK1VGP0-GTE-P00015,07/27/26 08:02 PM EDT,$0.03,20
20260728,MLB-MOVY-IT5-02HOSF5NOK1VG6O-TOYS000-GTE-P00015,07/27/26 08:02 PM EDT,$0.61,7
20260728,MLB-TRUNS-IT5-02HOSF7EOK1VGP0-GTE-P00025,07/27/26 08:02 PM EDT,$0.03,1
20260728,MLB-TRUNS-IT5-02HOSF34OK1VGU8-GTE-P00075,07/27/26 08:02 PM EDT,$0.21,40
20260728,MLB-TRUNS-IT5-02HOSF1BOK1VH78-GTE-P00075,07/27/26 08:02 PM EDT,$0.65,29
20260728,MLB-TRUNS-IT5-02HOSF03OK1VHG0-GTE-P00075,07/27/26 08:02 PM EDT,$0.50,9
20260728,MLB-MOVY-IT5-02HOT9V9OK1VNE0-NYES000-GTE-P00005,07/27/26 08:02 PM EDT,$0.53,727
20260728,MLB-TRUNS-IT5-02HOSF5NOK1VG6O-GTE-P00055,07/27/26 08:02 PM EDT,$0.37,770
20260728,MLB-WIN-IT5-02HOSF1BOK1VH78-ATES000,07/27/26 08:03 PM EDT,$0.58,7
20260728,MLB-MOVY-IT5-02HOT9V9OK1VNE0-NYES000-GTE-P00005,07/27/26 08:03 PM EDT,$0.53,136
20260728,MLB-MOVY-IT5-02HOSF34OK1VGU8-MINS001-GTE-P00025,07/27/26 08:03 PM EDT,$0.82,111
20260728,MLB-TRUNS-IT5-02HOSF03OK1VHG0-GTE-P00055,07/27/26 08:03 PM EDT,$0.97,43
20260728,MLB-WIN-IT5-02HOSF5NOK1VG6O-WALS000,07/27/26 08:03 PM EDT,$0.12,100
20260728,MLB-WIN-IT5-02HOSF1BOK1VH78-ATES000,07/27/26 08:03 PM EDT,$0.58,4
20260728,MLB-TRUNS-IT5-02HOSF5NOK1VG6O-GTE-P00055,07/27/26 08:03 PM EDT,$0.37,38
20260728,MLB-MOVY-IT5-02HOSF1BOK1VH78-ATES000-GTE-P00005,07/27/26 08:03 PM EDT,$0.46,30
20260728,MLB-TRUNS-IT5-02HOSF1BOK1VH78-GTE-P00085,07/27/26 08:03 PM EDT,$0.45,153
20260728,MLB-TRUNS-IT5-02HOSF1BOK1VH78-GTE-P00085,07/27/26 08:04 PM EDT,$0.45,319
20260728,MLB-WIN-IT5-02HOT9V9OK1VNE0-NYES000,07/27/26 08:04 PM EDT,$0.57,23
20260728,MLB-MOVY-IT5-02HOSF34OK1VGU8-MINS001-GTE-P00025,07/27/26 08:04 PM EDT,$0.82,3
20260728,MLB-TRUNS-IT5-02HOT9V9OK1VNE0-GTE-P00045,07/27/26 08:04 PM EDT,$0.45,87
20260728,MLB-MOVY-IT5-02HOSF34OK1VGU8-MINS001-GTE-P00025,07/27/26 08:04 PM EDT,$0.82,236
20260728,MLB-MOVY-IT5-02HOT9V9OK1VNE0-NYES000-GTE-P00005,07/27/26 08:04 PM EDT,$0.48,38
20260728,MLB-MOVY-IT5-02HOSF34OK1VGU8-MINS001-GTE-P00015,07/27/26 08:04 PM EDT,$0.95,238
20260728,MLB-MOVY-IT5-02HOT9R0OK1VNTG-BOOX000-GTE-P00005,07/27/26 08:05 PM EDT,$0.56,96
20260728,MLB-TRUNS-IT5-02HOSF34OK1VGU8-GTE-P00075,07/27/26 08:05 PM EDT,$0.22,83
20260728,MLB-WIN-IT5-02HOSF1BOK1VH78-NYTS000,07/27/26 08:05 PM EDT,$0.58,350
20260728,MLB-TRUNS-IT5-02HOSF1BOK1VH78-GTE-P00065,07/27/26 08:05 PM EDT,$0.69,350
20260728,MLB-TRUNS-IT5-02HOT9V9OK1VNE0-GTE-P00045,07/27/26 08:05 PM EDT,$0.45,5
20260728,MLB-TRUNS-IT5-02HOSF1BOK1VH78-GTE-P00065,07/27/26 08:05 PM EDT,$0.69,350
20260728,MLB-TRUNS-IT5-02HOSF34OK1VGU8-GTE-P00075,07/27/26 08:05 PM EDT,$0.22,19
20260728,MLB-TRUNS-IT5-02HOSF5NOK1VG6O-GTE-P00045,07/27/26 08:06 PM EDT,$0.55,56
20260728,MLB-TRUNS-IT5-02HOSF03OK1VHG0-GTE-P00085,07/27/26 08:06 PM EDT,$0.49,3
20260728,MLB-MOVY-IT5-02HOSF03OK1VHG0-BAES000-GTE-P00005,07/27/26 08:06 PM EDT,$0.92,102
20260728,MLB-TRUNS-IT5-02HOT9V9OK1VNE0-GTE-P00035,07/27/26 08:06 PM EDT,$0.49,1000
20260728,MLB-TRUNS-IT5-02HOSF03OK1VHG0-GTE-P00085,07/27/26 08:06 PM EDT,$0.49,98
20260728,MLB-WIN-IT5-02HOSF1BOK1VH78-ATES000,07/27/26 08:07 PM EDT,$0.42,33
20260728,MLB-WIN-IT5-02HOT9V9OK1VNE0-CHOX000,07/27/26 08:07 PM EDT,$0.47,116
20260728,MLB-TRUNS-IT5-02HOSF03OK1VHG0-GTE-P00065,07/27/26 08:07 PM EDT,$0.99,29
20260728,MLB-TRUNS-IT5-02HOSF34OK1VGU8-GTE-P00075,07/27/26 08:07 PM EDT,$0.34,9
20260728,MLB-MOVY-IT5-02HOSF5NOK1VG6O-WALS000-GTE-P00005,07/27/26 08:07 PM EDT,$0.04,19
20260728,MLB-MOVY-IT5-02HOSF34OK1VGU8-MINS001-GTE-P00035,07/27/26 08:07 PM EDT,$0.34,13
20260728,MLB-MOVY-IT5-02HOSF34OK1VGU8-MINS001-GTE-P00035,07/27/26 08:07 PM EDT,$0.34,298
20260728,MLB-TRUNS-IT5-02HOSF5NOK1VG6O-GTE-P00055,07/27/26 08:07 PM EDT,$0.34,350
20260728,MLB-TRUNS-IT5-02HOSF5NOK1VG6O-GTE-P00045,07/27/26 08:07 PM EDT,$0.57,350
20260728,MLB-TRUNS-IT5-02HOSF5NOK1VG6O-GTE-P00045,07/27/26 08:07 PM EDT,$0.56,61
20260728,MLB-TRUNS-IT5-02HOSF5NOK1VG6O-GTE-P00055,07/27/26 08:07 PM EDT,$0.34,350
20260728,MLB-TRUNS-IT5-02HOSF03OK1VHG0-GTE-P00085,07/27/26 08:07 PM EDT,$0.49,4
20260728,MLB-TRUNS-IT5-02HOSF5NOK1VG6O-GTE-P00045,07/27/26 08:08 PM EDT,$0.57,350
20260728,MLB-TRUNS-IT5-02HOT9V9OK1VNE0-GTE-P00035,07/27/26 08:08 PM EDT,$0.53,591
20260728,MLB-TRUNS-IT5-02HOSF5NOK1VG6O-GTE-P00045,07/27/26 08:08 PM EDT,$0.57,350
20260728,MLB-TRUNS-IT5-02HOSF5NOK1VG6O-GTE-P00055,07/27/26 08:08 PM EDT,$0.34,350
20260728,MLB-TRUNS-IT5-02HOSF1BOK1VH78-GTE-P00045,07/27/26 08:08 PM EDT,$0.80,350
20260728,MLB-TRUNS-IT5-02HOSF1BOK1VH78-GTE-P00055,07/27/26 08:08 PM EDT,$0.60,350
20260728,MLB-MOVY-IT5-02HOT9VAOK1VM3G-LALS000-GTE-P00005,07/27/26 08:08 PM EDT,$0.44,102
20260728,MLB-TRUNS-IT5-02HOSF5NOK1VG6O-GTE-P00045,07/27/26 08:08 PM EDT,$0.57,350
20260728,MLB-WIN-IT5-02HOSF1BOK1VH78-NYTS000,07/27/26 08:08 PM EDT,$0.58,20
20260728,MLB-WIN-IT5-02HOSF1BOK1VH78-ATES000,07/27/26 08:08 PM EDT,$0.37,350
20260728,MLB-TRUNS-IT5-02HOSF1BOK1VH78-GTE-P00045,07/27/26 08:08 PM EDT,$0.80,350
20260728,MLB-TRUNS-IT5-02HOSF1BOK1VH78-GTE-P00055,07/27/26 08:08 PM EDT,$0.60,350
20260728,MLB-TRUNS-IT5-02HOSF5NOK1VG6O-GTE-P00045,07/27/26 08:08 PM EDT,$0.56,350
20260728,MLB-WIN-IT5-02HOSF1BOK1VH78-NYTS000,07/27/26 08:09 PM EDT,$0.63,350
20260728,MLB-WIN-IT5-02HOSF1BOK1VH78-NYTS000,07/27/26 08:09 PM EDT,$0.63,350
20260728,MLB-TRUNS-IT5-02HOSF5NOK1VG6O-GTE-P00045,07/27/26 08:09 PM EDT,$0.55,350
20260728,MLB-WIN-IT5-02HOT9V9OK1VNE0-CHOX000,07/27/26 08:09 PM EDT,$0.52,28
20260728,MLB-WIN-IT5-02HOT9VAOK1VM3G-LALS000,07/27/26 08:09 PM EDT,$0.51,18
20260728,MLB-WIN-IT5-02HOSF1BOK1VH78-NYTS000,07/27/26 08:09 PM EDT,$0.63,350
20260728,MLB-TRUNS-IT5-02HOSF03OK1VHG0-GTE-P00085,07/27/26 08:09 PM EDT,$0.43,4
20260728,MLB-MOVY-IT5-02HOSF03OK1VHG0-BAES000-GTE-P00025,07/27/26 08:09 PM EDT,$0.25,350
20260728,MLB-TRUNS-IT5-02HOSF5NOK1VG6O-GTE-P00045,07/27/26 08:09 PM EDT,$0.45,475
20260728,MLB-TRUNS-IT5-02HOSF5NOK1VG6O-GTE-P00045,07/27/26 08:09 PM EDT,$0.46,350
20260728,MLB-WIN-IT5-02HOSF03OK1VHG0-BAES000,07/27/26 08:10 PM EDT,$0.74,1156
20260728,MLB-WIN-IT5-02HOSF03OK1VHG0-BAES000,07/27/26 08:10 PM EDT,$0.74,26
20260728,MLB-WIN-IT5-02HOSF03OK1VHG0-DERS000,07/27/26 08:10 PM EDT,$0.20,263
20260728,MLB-TRUNS-IT5-02HOSF5NOK1VG6O-GTE-P00045,07/27/26 08:10 PM EDT,$0.45,6
20260728,MLB-TRUNS-IT5-02HOSF03OK1VHG0-GTE-P00105,07/27/26 08:10 PM EDT,$0.40,119
20260728,MLB-TRUNS-IT5-02HOSF7EOK1VGP0-GTE-P00005,07/27/26 08:10 PM EDT,$0.03,13
20260728,MLB-WIN-IT5-02HOSF03OK1VHG0-DERS000,07/27/26 08:10 PM EDT,$0.20,363
20260728,MLB-TRUNS-IT5-02HOSF03OK1VHG0-GTE-P00105,07/27/26 08:10 PM EDT,$0.26,6
20260728,MLB-WIN-IT5-02HOT9VAOK1VM3G-LALS000,07/27/26 08:10 PM EDT,$0.51,5
20260728,MLB-TRUNS-IT5-02HOT9O1OK1VMH8-GTE-P00035,07/27/26 08:10 PM EDT,$0.71,350
20260728,MLB-TRUNS-IT5-02HOSF1BOK1VH78-GTE-P00065,07/27/26 08:10 PM EDT,$0.53,90
20260728,MLB-TRUNS-IT5-02HOT9O1OK1VMH8-GTE-P00035,07/27/26 08:11 PM EDT,$0.71,350
20260728,MLB-WIN-IT5-02HOSF03OK1VHG0-DERS000,07/27/26 08:11 PM EDT,$0.20,43
20260728,MLB-WIN-IT5-02HOSF03OK1VHG0-BAES000,07/27/26 08:11 PM EDT,$0.74,65
20260728,MLB-WIN-IT5-02HOSF03OK1VHG0-DERS000,07/27/26 08:11 PM EDT,$0.20,21
20260728,MLB-WIN-IT5-02HOT9V9OK1VNE0-NYES000,07/27/26 08:11 PM EDT,$0.51,92
20260728,MLB-MOVY-IT5-02HOSF1BOK1VH78-NYTS000-GTE-P00005,07/27/26 08:11 PM EDT,$0.26,4
20260728,MLB-TRUNS-IT5-02HOSF1BOK1VH78-GTE-P00065,07/27/26 08:11 PM EDT,$0.53,9
20260728,MLB-TRUNS-IT5-02HOSF5NOK1VG6O-GTE-P00045,07/27/26 08:11 PM EDT,$0.51,114
20260728,MLB-WIN-IT5-02HOSF03OK1VHG0-BAES000,07/27/26 08:12 PM EDT,$0.74,65
20260728,MLB-TRUNS-IT5-02HOSF03OK1VHG0-GTE-P00105,07/27/26 08:12 PM EDT,$0.31,7
20260728,MLB-MOVY-IT5-02HOT9V9OK1VNE0-CHOX000-GTE-P00015,07/27/26 08:12 PM EDT,$0.32,350
20260728,MLB-TRUNS-IT5-02HOSF5NOK1VG6O-GTE-P00045,07/27/26 08:12 PM EDT,$0.37,61
20260728,MLB-TRUNS-IT5-02HOSF1BOK1VH78-GTE-P00065,07/27/26 08:13 PM EDT,$0.54,104
20260728,MLB-TRUNS-IT5-02HOT9V9OK1VNE0-GTE-P00045,07/27/26 08:13 PM EDT,$0.48,6
20260728,MLB-TRUNS-IT5-02HOSF5NOK1VG6O-GTE-P00045,07/27/26 08:13 PM EDT,$0.37,15
20260728,MLB-WIN-IT5-02HOT9V9OK1VNE0-NYES000,07/27/26 08:13 PM EDT,$0.30,350
20260728,MLB-WIN-IT5-02HOSF03OK1VHG0-BAES000,07/27/26 08:13 PM EDT,$0.74,1973
20260728,MLB-WIN-IT5-02HOT9V9OK1VNE0-NYES000,07/27/26 08:13 PM EDT,$0.30,350
20260728,MLB-WIN-IT5-02HOSF03OK1VHG0-BAES000,07/27/26 08:13 PM EDT,$0.74,78
20260728,MLB-WIN-IT5-02HOT9V9OK1VNE0-NYES000,07/27/26 08:13 PM EDT,$0.30,350
20260728,MLB-MOVY-IT5-02HOT9V9OK1VNE0-CHOX000-GTE-P00015,07/27/26 08:13 PM EDT,$0.48,100
20260728,MLB-WIN-IT5-02HOSF03OK1VHG0-BAES000,07/27/26 08:13 PM EDT,$0.74,701
20260728,MLB-WIN-IT5-02HOSF03OK1VHG0-BAES000,07/27/26 08:14 PM EDT,$0.88,23
20260728,MLB-WIN-IT5-02HOT9V9OK1VNE0-NYES000,07/27/26 08:14 PM EDT,$0.28,350
20260728,KBO-TRUNS-FG-000ABKVAI43KK20-GTE-P00095,07/27/26 08:14 PM EDT,$0.56,84
20260728,MLB-TRUNS-IT5-02HOT9O1OK1VMH8-GTE-P00035,07/27/26 08:14 PM EDT,$0.71,350
20260728,MLB-WIN-IT5-02HOSF03OK1VHG0-BAES000,07/27/26 08:14 PM EDT,$0.74,72
20260728,MLB-WIN-IT5-02HOT9V9OK1VNE0-NYES000,07/27/26 08:14 PM EDT,$0.28,350
20260728,MLB-WIN-IT5-02HOT9V9OK1VNE0-CHOX000,07/27/26 08:14 PM EDT,$0.70,350
20260728,MLB-TRUNS-IT5-02HOSF1BOK1VH78-GTE-P00085,07/27/26 08:14 PM EDT,$0.10,153
20260728,MLB-WIN-IT5-02HOT9V9OK1VNE0-NYES000,07/27/26 08:14 PM EDT,$0.28,327
20260728,MLB-WIN-IT5-02HOT9V9OK1VNE0-NYES000,07/27/26 08:14 PM EDT,$0.28,23
20260728,MLB-TRUNS-IT5-02HOT9V9OK1VNE0-GTE-P00045,07/27/26 08:14 PM EDT,$0.58,350
20260728,MLB-TRUNS-IT5-02HOT9V9OK1VNE0-GTE-P00035,07/27/26 08:14 PM EDT,$0.72,350
20260728,MLB-TRUNS-IT5-02HOT9V9OK1VNE0-GTE-P00055,07/27/26 08:14 PM EDT,$0.45,350
20260728,MLB-TRUNS-IT5-02HOT9V9OK1VNE0-GTE-P00065,07/27/26 08:14 PM EDT,$0.35,350
20260728,MLB-WIN-IT5-02HOT9V9OK1VNE0-CHOX000,07/27/26 08:14 PM EDT,$0.72,350
20260728,MLB-TRUNS-IT5-02HOT9V9OK1VNE0-GTE-P00045,07/27/26 08:14 PM EDT,$0.58,350
20260728,MLB-WIN-IT5-02HOT9V9OK1VNE0-NYES000,07/27/26 08:14 PM EDT,$0.28,833
20260728,MLB-TRUNS-IT5-02HOT9V9OK1VNE0-GTE-P00055,07/27/26 08:14 PM EDT,$0.46,350
20260728,MLB-TRUNS-IT5-02HOSF5NOK1VG6O-GTE-P00045,07/27/26 08:14 PM EDT,$0.55,15
20260728,MLB-WIN-IT5-02HOT9V9OK1VNE0-NYES000,07/27/26 08:14 PM EDT,$0.28,327
20260728,MLB-WIN-IT5-02HOT9V9OK1VNE0-NYES000,07/27/26 08:14 PM EDT,$0.28,23
20260728,MLB-WIN-IT5-02HOT9V9OK1VNE0-CHOX000,07/27/26 08:14 PM EDT,$0.72,312
20260728,MLB-WIN-IT5-02HOT9V9OK1VNE0-CHOX000,07/27/26 08:14 PM EDT,$0.72,38
20260728,MLB-WIN-IT5-02HOSF03OK1VHG0-DERS000,07/27/26 08:14 PM EDT,$0.20,16
20260728,MLB-WIN-IT5-02HOSF03OK1VHG0-DERS000,07/27/26 08:14 PM EDT,$0.20,74
20260728,MLB-MOVY-IT5-02HOT9V9OK1VNE0-CHOX000-GTE-P00015,07/27/26 08:15 PM EDT,$0.49,9
20260728,MLB-WIN-IT5-02HOT9V9OK1VNE0-NYES000,07/27/26 08:15 PM EDT,$0.31,350
20260728,MLB-WIN-IT5-02HOT9V9OK1VNE0-CHOX000,07/27/26 08:15 PM EDT,$0.69,350
20260728,MLB-TRUNS-IT5-02HOSF5NOK1VG6O-GTE-P00045,07/27/26 08:15 PM EDT,$0.51,5
20260728,MLB-WIN-IT5-02HOT9V9OK1VNE0-NYES000,07/27/26 08:15 PM EDT,$0.31,350
20260728,MLB-WIN-IT5-02HOT9V9OK1VNE0-CHOX000,07/27/26 08:15 PM EDT,$0.69,350
20260728,MLB-TRUNS-IT5-02HOSF03OK1VHG0-GTE-P00045,07/27/26 08:15 PM EDT,$0.97,38
20260728,MLB-TRUNS-IT5-02HOSF5NOK1VG6O-GTE-P00045,07/27/26 08:15 PM EDT,$0.51,114
20260728,MLB-TRUNS-IT5-02HOSF1BOK1VH78-GTE-P00065,07/27/26 08:15 PM EDT,$0.47,40
20260728,MLB-TRUNS-IT5-02HOSF7EOK1VGP0-GTE-P00005,07/27/26 08:15 PM EDT,$0.03,273
20260728,MLB-TRUNS-IT5-02HOSF03OK1VHG0-GTE-P00105,07/27/26 08:15 PM EDT,$0.24,23
20260728,MLB-MOVY-IT5-02HOT9V9OK1VNE0-CHOX000-GTE-P00015,07/27/26 08:15 PM EDT,$0.47,20
20260728,MLB-TRUNS-IT5-02HOT9V9OK1VNE0-GTE-P00055,07/27/26 08:16 PM EDT,$0.44,80
20260728,MLB-TRUNS-IT5-02HOT9V9OK1VNE0-GTE-P00055,07/27/26 08:16 PM EDT,$0.44,21
20260728,MLB-TRUNS-IT5-02HOSF1BOK1VH78-GTE-P00065,07/27/26 08:16 PM EDT,$0.37,90
20260728,MLB-TRUNS-IT5-02HOT9V9OK1VNE0-GTE-P00045,07/27/26 08:16 PM EDT,$0.57,350
20260728,MLB-WIN-IT5-02HOSF03OK1VHG0-DERS000,07/27/26 08:16 PM EDT,$0.20,111
20260728,MLB-WIN-IT5-02HOSF1BOK1VH78-NYTS000,07/27/26 08:16 PM EDT,$0.66,36
20260728,MLB-TRUNS-IT5-02HOT9V9OK1VNE0-GTE-P00045,07/27/26 08:16 PM EDT,$0.57,350
20260728,MLB-TRUNS-IT5-02HOSF5NOK1VG6O-GTE-P00055,07/27/26 08:17 PM EDT,$0.47,21
20260728,MLB-MOVY-IT5-02HOT9V9OK1VNE0-CHOX000-GTE-P00015,07/27/26 08:17 PM EDT,$0.51,60
20260728,MLB-TRUNS-IT5-02HOT9V9OK1VNE0-GTE-P00045,07/27/26 08:17 PM EDT,$0.57,350
20260728,MLB-TRUNS-IT5-02HOSF7EOK1VGP0-GTE-P00025,07/27/26 08:17 PM EDT,$0.03,62
20260728,MLB-TRUNS-IT5-02HOSF5NOK1VG6O-GTE-P00045,07/27/26 08:17 PM EDT,$0.77,15
20260728,MLB-TRUNS-IT5-02HOT9V9OK1VNE0-GTE-P00045,07/27/26 08:17 PM EDT,$0.57,350
20260728,MLB-WIN-IT5-02HOT9V9OK1VNE0-NYES000,07/27/26 08:17 PM EDT,$0.29,350
20260728,MLB-WIN-IT5-02HOT9V9OK1VNE0-NYES000,07/27/26 08:17 PM EDT,$0.29,350
20260728,MLB-WIN-IT5-02HOSF03OK1VHG0-BAES000,07/27/26 08:17 PM EDT,$0.74,686
20260728,MLB-TRUNS-IT5-02HOT9V9OK1VNE0-GTE-P00055,07/27/26 08:17 PM EDT,$0.45,53
20260728,MLB-WIN-IT5-02HOT9V9OK1VNE0-CHOX000,07/27/26 08:17 PM EDT,$0.70,350
20260728,MLB-TRUNS-IT5-02HOSF5NOK1VG6O-GTE-P00055,07/27/26 08:18 PM EDT,$0.45,9
20260728,MLB-TRUNS-IT5-02HOSF03OK1VHG0-GTE-P00105,07/27/26 08:19 PM EDT,$0.82,17
20260728,MLB-TRUNS-IT5-02HOSF5NOK1VG6O-GTE-P00045,07/27/26 08:19 PM EDT,$0.66,350
20260728,MLB-MOVY-IT5-02HOSF03OK1VHG0-BAES000-GTE-P00025,07/27/26 08:19 PM EDT,$0.44,2
20260728,MLB-MOVY-IT5-02HOSF03OK1VHG0-BAES000-GTE-P00025,07/27/26 08:19 PM EDT,$0.38,14
20260728,MLB-WIN-IT5-02HOT9V9OK1VNE0-NYES000,07/27/26 08:20 PM EDT,$0.37,350
20260728,KBO-TRUNS-FG-000ABKVAI43KK20-GTE-P00105,07/27/26 08:20 PM EDT,$0.48,40
20260728,MLB-TRUNS-IT5-02HOSF5NOK1VG6O-GTE-P00045,07/27/26 08:20 PM EDT,$0.42,68
20260728,MLB-WIN-IT5-02HOT9V9OK1VNE0-NYES000,07/27/26 08:20 PM EDT,$0.40,144
20260728,MLB-TRUNS-IT5-02HOSF03OK1VHG0-GTE-P00105,07/27/26 08:20 PM EDT,$0.83,41
20260728,MLB-TRUNS-IT5-02HOSF03OK1VHG0-GTE-P00105,07/27/26 08:21 PM EDT,$0.62,34
20260728,MLB-MOVY-IT5-02HOT9R0OK1VNTG-BOOX000-GTE-P00005,07/27/26 08:21 PM EDT,$0.53,54
20260728,MLB-TRUNS-IT5-02HOSF7EOK1VGP0-GTE-P00025,07/27/26 08:21 PM EDT,$0.03,19
20260728,MLB-MOVY-IT5-02HOSF03OK1VHG0-BAES000-GTE-P00035,07/27/26 08:21 PM EDT,$0.37,76
20260728,MLB-MOVY-IT5-02HOSF03OK1VHG0-BAES000-GTE-P00035,07/27/26 08:21 PM EDT,$0.37,275
20260728,MLB-TRUNS-IT5-02HOSF03OK1VHG0-GTE-P00105,07/27/26 08:21 PM EDT,$0.62,156
20260728,MLB-MOVY-IT5-02HOSF3DOK1VH80-CIDS000-GTE-P00005,07/27/26 08:21 PM EDT,$0.54,877
20260728,MLB-WIN-IT5-02HOSF03OK1VHG0-BAES000,07/27/26 08:22 PM EDT,$0.74,526
20260728,MLB-WIN-IT5-02HOT9VAOK1VM3G-LALS000,07/27/26 08:22 PM EDT,$0.51,47
20260728,MLB-TRUNS-IT5-02HOSF03OK1VHG0-GTE-P00105,07/27/26 08:22 PM EDT,$0.67,142
20260728,MLB-TRUNS-IT5-02HOSF03OK1VHG0-GTE-P00105,07/27/26 08:22 PM EDT,$0.67,2
20260728,NWSL-DWIN-FG-000A28SHI788EU0-KATW001,07/27/26 08:23 PM EDT,$0.68,7
20260728,KBO-WIN-FG-000ABKU5I43KKM0-SSRS000,07/27/26 08:23 PM EDT,$0.43,15
20260728,MLB-WIN-IT5-02HOT9V9OK1VNE0-NYES000,07/27/26 08:23 PM EDT,$0.24,350
20260728,MLB-MOVY-IT5-02HOSF03OK1VHG0-BAES000-GTE-P00025,07/27/26 08:23 PM EDT,$0.76,1500
20260728,MLB-WIN-IT5-02HOSF1BOK1VH78-ATES000,07/27/26 08:23 PM EDT,$0.43,38
20260728,MLB-WIN-IT5-02HOT9V9OK1VNE0-NYES000,07/27/26 08:24 PM EDT,$0.24,350
20260728,MLB-MOVY-IT5-02HOT9VAOK1VM3G-LALS000-GTE-P00005,07/27/26 08:24 PM EDT,$0.44,10
20260728,MLB-WIN-IT5-02HOSF1BOK1VH78-ATES000,07/27/26 08:24 PM EDT,$0.39,230
20260728,MLB-WIN-IT5-02HOT9V9OK1VNE0-NYES000,07/27/26 08:24 PM EDT,$0.25,350
20260728,MLB-WIN-IT5-02HOT9V9OK1VNE0-CHOX000,07/27/26 08:24 PM EDT,$0.75,350
20260728,MLB-WIN-IT5-02HOSF03OK1VHG0-DERS000,07/27/26 08:24 PM EDT,$0.20,43
20260728,MLB-WIN-IT5-02HOSF03OK1VHG0-BAES000,07/27/26 08:24 PM EDT,$0.74,1
20260728,MLB-WIN-IT5-02HOSF03OK1VHG0-BAES000,07/27/26 08:24 PM EDT,$0.74,3380
20260728,MLB-TRUNS-IT5-02HOT9QTOK1VME8-GTE-P00045,07/27/26 08:24 PM EDT,$0.51,94
20260728,MLB-WIN-IT5-02HOT9V9OK1VNE0-NYES000,07/27/26 08:25 PM EDT,$0.22,312
20260728,MLB-WIN-IT5-02HOSF34OK1VGU8-MINS001,07/27/26 08:25 PM EDT,$0.96,250
20260728,MLB-MOVY-IT5-02HOSF3DOK1VH80-CIDS000-GTE-P00005,07/27/26 08:25 PM EDT,$0.54,26
20260728,MLB-MOVY-IT5-02HOT9O1OK1VMH8-CHBS000-GTE-P00005,07/27/26 08:25 PM EDT,$0.43,10
20260728,MLB-WIN-IT5-02HOT9V9OK1VNE0-NYES000,07/27/26 08:25 PM EDT,$0.21,350
20260728,MLB-WIN-IT5-02HOT9V9OK1VNE0-CHOX000,07/27/26 08:25 PM EDT,$0.78,350
20260728,MLB-WIN-IT5-02HOT9V9OK1VNE0-NYES000,07/27/26 08:25 PM EDT,$0.21,416
20260728,MLB-WIN-IT5-02HOT9V9OK1VNE0-NYES000,07/27/26 08:25 PM EDT,$0.22,125
20260728,MLB-WIN-IT5-02HOSF03OK1VHG0-BAES000,07/27/26 08:26 PM EDT,$0.74,657
20260728,MLB-WIN-IT5-02HOSF5NOK1VG6O-WALS000,07/27/26 08:26 PM EDT,$0.12,38
20260728,MLB-TRUNS-IT5-02HOSF5NOK1VG6O-GTE-P00065,07/27/26 08:26 PM EDT,$0.08,4
20260728,MLB-TRUNS-IT5-02HOT9V9OK1VNE0-GTE-P00055,07/27/26 08:26 PM EDT,$0.51,377
20260728,MLB-MOVY-IT5-02HOSF5NOK1VG6O-TOYS000-GTE-P00015,07/27/26 08:26 PM EDT,$0.67,42
20260728,MLB-WIN-IT5-02HOT9VAOK1VM3G-LALS000,07/27/26 08:26 PM EDT,$0.51,9
20260728,MLB-WIN-IT5-02HOSF03OK1VHG0-BAES000,07/27/26 08:26 PM EDT,$0.74,6578
20260728,MLB-WIN-IT5-02HOT9V9OK1VNE0-CHOX000,07/27/26 08:26 PM EDT,$0.88,350
20260728,MLB-WIN-IT5-02HOSF03OK1VHG0-BAES000,07/27/26 08:27 PM EDT,$0.74,131
20260728,MLB-TRUNS-IT5-02HOT9V9OK1VNE0-GTE-P00065,07/27/26 08:27 PM EDT,$0.54,6
20260728,MLB-WIN-IT5-02HOSF5NOK1VG6O-TOYS000,07/27/26 08:27 PM EDT,$0.93,350
20260728,MLB-MOVY-IT5-02HOT9R0OK1VNTG-BOOX000-GTE-P00005,07/27/26 08:27 PM EDT,$0.53,24
20260728,MLB-WIN-IT5-02HOSF03OK1VHG0-BAES000,07/27/26 08:27 PM EDT,$0.74,983
20260728,MLB-WIN-IT5-02HOT9V9OK1VNE0-CHOX000,07/27/26 08:27 PM EDT,$0.88,350
20260728,MLB-WIN-IT5-02HOT9V9OK1VNE0-NYES000,07/27/26 08:27 PM EDT,$0.12,350
20260728,MLB-WIN-IT5-02HOSF03OK1VHG0-DERS000,07/27/26 08:27 PM EDT,$0.20,31
20260728,MLB-WIN-IT5-02HOT9V9OK1VNE0-NYES000,07/27/26 08:27 PM EDT,$0.12,350
20260728,MLB-WIN-IT5-02HOSF03OK1VHG0-BAES000,07/27/26 08:27 PM EDT,$0.74,1386
20260728,MLB-WIN-IT5-02HOT9V9OK1VNE0-NYES000,07/27/26 08:27 PM EDT,$0.12,350
20260728,MLB-MOVY-IT5-02HOT9QTOK1VME8-MIRS000-GTE-P00005,07/27/26 08:27 PM EDT,$0.45,1
20260728,MLB-WIN-IT5-02HOT9V9OK1VNE0-NYES000,07/27/26 08:27 PM EDT,$0.12,350
20260728,MLB-WIN-IT5-02HOSF03OK1VHG0-BAES000,07/27/26 08:28 PM EDT,$0.74,789
20260728,MLB-WIN-IT5-02HOT9V9OK1VNE0-NYES000,07/27/26 08:28 PM EDT,$0.12,350
20260728,MLB-TRUNS-IT5-02HOT9V9OK1VNE0-GTE-P00065,07/27/26 08:28 PM EDT,$0.52,50
20260728,MLB-WIN-IT5-02HOT9V9OK1VNE0-NYES000,07/27/26 08:28 PM EDT,$0.12,350
20260728,MLB-WIN-IT5-02HOSF03OK1VHG0-DERS000,07/27/26 08:28 PM EDT,$0.20,20
20260728,MLB-WIN-IT5-02HOT9V9OK1VNE0-NYES000,07/27/26 08:28 PM EDT,$0.12,173
20260728,MLB-MOVY-IT5-02HOT9R0OK1VNTG-BOOX000-GTE-P00005,07/27/26 08:28 PM EDT,$0.53,18
20260728,MLB-WIN-IT5-02HOSF03OK1VHG0-BAES000,07/27/26 08:28 PM EDT,$0.74,131
20260728,MLB-WIN-IT5-02HOSF03OK1VHG0-BAES000,07/27/26 08:28 PM EDT,$0.74,2342
20260728,MLB-WIN-IT5-02HOT9V9OK1VNE0-NYES000,07/27/26 08:28 PM EDT,$0.12,350
20260728,MLB-WIN-IT5-02HOSF5NOK1VG6O-WALS000,07/27/26 08:28 PM EDT,$0.08,3
20260728,MLB-WIN-IT5-02HOT9V9OK1VNE0-NYES000,07/27/26 08:29 PM EDT,$0.12,350
20260728,MLB-TRUNS-IT5-02HOSF1BOK1VH78-GTE-P00075,07/27/26 08:29 PM EDT,$0.24,96
20260728,MLB-TRUNS-IT5-02HOSF1BOK1VH78-GTE-P00075,07/27/26 08:29 PM EDT,$0.24,19
20260728,KBO-WIN-FG-000ABKU5I43KKM0-SSRS000,07/27/26 08:29 PM EDT,$0.41,15
20260728,MLB-WIN-IT5-02HOSF5NOK1VG6O-TOYS000,07/27/26 08:29 PM EDT,$0.91,350
20260728,MLB-TRUNS-IT5-02HOSF1BOK1VH78-GTE-P00065,07/27/26 08:30 PM EDT,$0.42,56
20260728,MLB-MOVY-IT5-02HOSF1BOK1VH78-NYTS000-GTE-P00005,07/27/26 08:30 PM EDT,$0.42,15
20260728,MLB-WIN-IT5-02HOSF1BOK1VH78-NYTS000,07/27/26 08:30 PM EDT,$0.69,350
20260728,MLB-WIN-IT5-02HOSF03OK1VHG0-BAES000,07/27/26 08:30 PM EDT,$0.88,97
20260728,MLB-TRUNS-IT5-02HOSF1BOK1VH78-GTE-P00065,07/27/26 08:31 PM EDT,$0.41,81
20260728,MLB-WIN-IT5-02HOSF03OK1VHG0-BAES000,07/27/26 08:32 PM EDT,$0.74,34
20260728,MLB-WIN-IT5-02HOSF1BOK1VH78-NYTS000,07/27/26 08:32 PM EDT,$0.58,350
20260728,MLB-WIN-IT5-02HOSF03OK1VHG0-BAES000,07/27/26 08:32 PM EDT,$0.74,1
20260728,MLB-TRUNS-IT5-02HOT9V9OK1VNE0-GTE-P00065,07/27/26 08:32 PM EDT,$0.52,75
20260728,MLB-WIN-IT5-02HOSF03OK1VHG0-BAES000,07/27/26 08:32 PM EDT,$0.74,6578
20260728,MLB-WIN-IT5-02HOSF03OK1VHG0-BAES000,07/27/26 08:32 PM EDT,$0.74,37
20260728,MLB-MOVY-IT5-02HOT9R0OK1VNTG-BOOX000-GTE-P00005,07/27/26 08:33 PM EDT,$0.53,16
20260728,MLB-MOVY-IT5-02HOT9R0OK1VNTG-BOOX000-GTE-P00005,07/27/26 08:33 PM EDT,$0.53,173
20260728,MLB-WIN-IT5-02HOSF03OK1VHG0-BAES000,07/27/26 08:33 PM EDT,$0.74,394
20260728,MLB-TRUNS-IT5-02HOSF3DOK1VH80-GTE-P00045,07/27/26 08:33 PM EDT,$0.51,350
20260728,MLB-TRUNS-IT5-02HOT9V9OK1VNE0-GTE-P00065,07/27/26 08:33 PM EDT,$0.44,4
20260728,MLB-TRUNS-IT5-02HOT9O1OK1VMH8-GTE-P00035,07/27/26 08:34 PM EDT,$0.71,350
20260728,MLB-TRUNS-IT5-02HOSF3DOK1VH80-GTE-P00045,07/27/26 08:34 PM EDT,$0.51,350
20260728,MLB-TRUNS-IT5-02HOSF3DOK1VH80-GTE-P00045,07/27/26 08:34 PM EDT,$0.51,350
20260728,MLB-TRUNS-IT5-02HOT9V9OK1VNE0-GTE-P00065,07/27/26 08:34 PM EDT,$0.44,68
20260728,MLB-WIN-IT5-02HOT9QTOK1VME8-MIRS000,07/27/26 08:34 PM EDT,$0.54,232
20260728,MLB-WIN-IT5-02HOT9V9OK1VNE0-NYES000,07/27/26 08:34 PM EDT,$0.12,19
20260728,MLB-MOVY-IT5-02HOT9V9OK1VNE0-CHOX000-GTE-P00035,07/27/26 08:35 PM EDT,$0.40,783
20260728,MLB-TRUNS-IT5-02HOSF5NOK1VG6O-GTE-P00035,07/27/26 08:35 PM EDT,$0.97,40
20260728,MLB-TRUNS-IT5-02HOSF7EOK1VGP0-GTE-P00025,07/27/26 08:35 PM EDT,$0.03,225
20260728,MLB-MOVY-IT5-02HOT9V9OK1VNE0-CHOX000-GTE-P00035,07/27/26 08:36 PM EDT,$0.42,4
20260728,MLB-MOVY-IT5-02HOT9V9OK1VNE0-CHOX000-GTE-P00035,07/27/26 08:36 PM EDT,$0.42,522
20260728,MLB-WIN-IT5-02HOT9VAOK1VM3G-HOOS000,07/27/26 08:36 PM EDT,$0.50,38
20260728,MLB-WIN-IT5-02HOT9QTOK1VME8-MIRS000,07/27/26 08:36 PM EDT,$0.54,268
20260728,MLB-WIN-IT5-02HOT9QTOK1VME8-MIRS000,07/27/26 08:36 PM EDT,$0.54,64
20260728,MLB-WIN-IT5-02HOT9R0OK1VNTG-ATCS000,07/27/26 08:36 PM EDT,$0.42,34
20260728,MLB-TRUNS-IT5-02HOT9VAOK1VM3G-GTE-P00045,07/27/26 08:36 PM EDT,$0.49,18
20260728,MLB-TRUNS-IT5-02HOT9QTOK1VME8-GTE-P00045,07/27/26 08:36 PM EDT,$0.51,18
20260728,MLB-TRUNS-IT5-02HOT9V9OK1VNE0-GTE-P00065,07/27/26 08:36 PM EDT,$0.41,6
20260728,MLB-TRUNS-IT5-02HOT9V9OK1VNE0-GTE-P00055,07/27/26 08:36 PM EDT,$0.56,171
20260728,MLB-TRUNS-IT5-02HOT9V9OK1VNE0-GTE-P00055,07/27/26 08:36 PM EDT,$0.56,893
20260728,MLB-TRUNS-IT5-02HOT9V9OK1VNE0-GTE-P00065,07/27/26 08:37 PM EDT,$0.40,17
20260728,MLB-WIN-IT5-02HOSF03OK1VHG0-BAES000,07/27/26 08:37 PM EDT,$0.74,657
20260728,MLB-WIN-IT5-02HOT9V9OK1VNE0-NYES000,07/27/26 08:38 PM EDT,$0.11,25
20260728,MLB-TRUNS-IT5-02HOSF3DOK1VH80-GTE-P00045,07/27/26 08:39 PM EDT,$0.51,350
20260728,MLB-TRUNS-IT5-02HOSF3DOK1VH80-GTE-P00045,07/27/26 08:39 PM EDT,$0.51,350
20260728,MLB-TRUNS-IT5-02HOT9QTOK1VME8-GTE-P00045,07/27/26 08:39 PM EDT,$0.51,188
20260728,MLB-TRUNS-IT5-02HOT9V9OK1VNE0-GTE-P00055,07/27/26 08:39 PM EDT,$0.53,84
20260728,MLB-WIN-IT5-02HOT9QTOK1VME8-MIRS000,07/27/26 08:40 PM EDT,$0.54,2
20260728,MLB-WIN-IT5-02HOT9V9OK1VNE0-CHOX000,07/27/26 08:40 PM EDT,$0.91,116
20260728,MLB-MOVY-IT5-02HOSF3DOK1VH80-CIDS000-GTE-P00005,07/27/26 08:40 PM EDT,$0.54,60
20260728,MLB-WIN-IT5-02HOT9V9OK1VNE0-NYES000,07/27/26 08:41 PM EDT,$0.09,5
20260728,MLB-MOVY-IT5-02HOT9O1OK1VMH8-CHBS000-GTE-P00005,07/27/26 08:42 PM EDT,$0.42,33
20260728,MLB-WIN-IT5-02HOT9V9OK1VNE0-NYES000,07/27/26 08:42 PM EDT,$0.05,23
20260728,MLB-WIN-IT5-02HOT9VAOK1VM3G-LALS000,07/27/26 08:43 PM EDT,$0.51,18
20260728,MLB-WIN-IT5-02HOT9V9OK1VNE0-NYES000,07/27/26 08:43 PM EDT,$0.09,100
20260728,MLB-MOVY-IT5-02HOT9R0OK1VNTG-BOOX000-GTE-P00005,07/27/26 08:44 PM EDT,$0.53,120
20260728,MLB-MOVY-IT5-02HOT9V9OK1VNE0-CHOX000-GTE-P00035,07/27/26 08:44 PM EDT,$0.46,8
20260728,MLB-WIN-IT5-02HOT9V9OK1VNE0-NYES000,07/27/26 08:44 PM EDT,$0.09,100
20260728,MLB-TRUNS-IT5-02HOT9O1OK1VMH8-GTE-P00035,07/27/26 08:44 PM EDT,$0.71,350
20260728,MLB-MOVY-IT5-02HOSF3DOK1VH80-CIDS000-GTE-P00005,07/27/26 08:45 PM EDT,$0.54,17
20260728,MLB-TRUNS-IT5-02HOT9O1OK1VMH8-GTE-P00035,07/27/26 08:46 PM EDT,$0.71,350
20260728,MLB-WIN-IT5-02HOSF03OK1VHG0-BAES000,07/27/26 08:46 PM EDT,$0.74,1973
20260728,MLB-WIN-IT5-02HOT9V9OK1VNE0-NYES000,07/27/26 08:46 PM EDT,$0.09,250
20260728,MLB-TRUNS-IT5-02HOT9O1OK1VMH8-GTE-P00035,07/27/26 08:46 PM EDT,$0.71,350
20260728,MLB-MOVY-IT5-02HOT9R0OK1VNTG-BOOX000-GTE-P00005,07/27/26 08:46 PM EDT,$0.53,88
20260728,MLB-TRUNS-IT5-02HOT9O1OK1VMH8-GTE-P00035,07/27/26 08:47 PM EDT,$0.71,350
20260728,MLB-MOVY-IT5-02HOT9R0OK1VNTG-BOOX000-GTE-P00005,07/27/26 08:47 PM EDT,$0.53,27
20260728,MLB-TRUNS-IT5-02HOT9V9OK1VNE0-GTE-P00055,07/27/26 08:47 PM EDT,$0.54,178
20260728,MLB-WIN-IT5-02HOSF34OK1VGU8-MINS001,07/27/26 08:47 PM EDT,$0.96,81
20260728,MLB-WIN-IT5-02HOSF34OK1VGU8-MINS001,07/27/26 08:48 PM EDT,$0.96,19
20260728,MLB-TRUNS-IT5-02HOT9O1OK1VMH8-GTE-P00035,07/27/26 08:48 PM EDT,$0.71,350
20260728,MLB-TRUNS-IT5-02HOT9O1OK1VMH8-GTE-P00035,07/27/26 08:48 PM EDT,$0.71,350
20260728,MLB-TRUNS-IT5-02HOSF1BOK1VH78-GTE-P00065,07/27/26 08:48 PM EDT,$0.37,56
20260728,MLB-TRUNS-IT5-02HOT9V9OK1VNE0-GTE-P00055,07/27/26 08:48 PM EDT,$0.54,104
20260728,MLB-TRUNS-IT5-02HOT9O1OK1VMH8-GTE-P00035,07/27/26 08:49 PM EDT,$0.71,350
20260728,MLB-TRUNS-IT5-02HOT9O1OK1VMH8-GTE-P00035,07/27/26 08:49 PM EDT,$0.71,350
20260728,MLB-MOVY-IT5-02HOT9VAOK1VM3G-LALS000-GTE-P00005,07/27/26 08:51 PM EDT,$0.44,54
20260728,MLB-TRUNS-IT5-02HOT9O1OK1VMH8-GTE-P00035,07/27/26 08:51 PM EDT,$0.71,350
20260728,MLB-TRUNS-IT5-02HOT9V9OK1VNE0-GTE-P00055,07/27/26 08:52 PM EDT,$0.54,350
20260728,MLB-TRUNS-IT5-02HOT9O1OK1VMH8-GTE-P00035,07/27/26 08:52 PM EDT,$0.71,350
20260728,MLB-TRUNS-IT5-02HOT9V9OK1VNE0-GTE-P00065,07/27/26 08:52 PM EDT,$0.38,350
20260728,MLB-TRUNS-IT5-02HOT9O1OK1VMH8-GTE-P00035,07/27/26 08:52 PM EDT,$0.71,350
20260728,MLB-TRUNS-IT5-02HOT9V9OK1VNE0-GTE-P00065,07/27/26 08:52 PM EDT,$0.31,75
20260728,MLB-MOVY-IT5-02HOT9R0OK1VNTG-BOOX000-GTE-P00005,07/27/26 08:53 PM EDT,$0.53,1818
20260728,MLB-TRUNS-IT5-02HOT9V9OK1VNE0-GTE-P00055,07/27/26 08:53 PM EDT,$0.47,8
20260728,MLB-MOVY-IT5-02HOT9V9OK1VNE0-CHOX000-GTE-P00035,07/27/26 08:55 PM EDT,$0.41,8
20260728,MLB-MOVY-IT5-02HOSF3DOK1VH80-CIDS000-GTE-P00005,07/27/26 08:56 PM EDT,$0.54,21
20260728,MLB-WIN-IT5-02HOT9V9OK1VNE0-CHOX000,07/27/26 08:56 PM EDT,$0.91,2
20260728,MLB-WIN-IT5-02HOT9VAOK1VM3G-LALS000,07/27/26 08:56 PM EDT,$0.51,13
20260728,MLB-TRUNS-IT5-02HOT9V9OK1VNE0-GTE-P00055,07/27/26 08:56 PM EDT,$0.49,1
20260728,KBO-TRUNS-FG-000ABKVAI43KK20-GTE-P00095,07/27/26 08:56 PM EDT,$0.54,84
20260728,MLB-TRUNS-IT5-02HOT9O1OK1VMH8-GTE-P00055,07/27/26 08:56 PM EDT,$0.48,40
20260728,MLB-TRUNS-IT5-02HOT9V9OK1VNE0-GTE-P00055,07/27/26 08:57 PM EDT,$0.43,184
20260728,MLB-MOVY-IT5-02HOT9R0OK1VNTG-BOOX000-GTE-P00005,07/27/26 08:58 PM EDT,$0.53,727
20260728,MLB-TRUNS-IT5-02HOT9V9OK1VNE0-GTE-P00055,07/27/26 08:58 PM EDT,$0.43,42
20260728,KBO-MOVY-FG-000ABKVAI43KK20-LGNS000-GTE-P00025,07/27/26 08:58 PM EDT,$0.55,300
20260728,MLB-TRUNS-IT5-02HOT9V9OK1VNE0-GTE-P00055,07/27/26 08:59 PM EDT,$0.45,53
20260728,MLB-TRUNS-IT5-02HOT9R0OK1VNTG-GTE-P00055,07/27/26 09:00 PM EDT,$0.46,10
20260728,MLB-MOVY-IT5-02HOT9V9OK1VNE0-CHOX000-GTE-P00035,07/27/26 09:00 PM EDT,$0.42,50
20260728,MLB-MOVY-IT5-02HOT9V9OK1VNE0-CHOX000-GTE-P00035,07/27/26 09:01 PM EDT,$0.42,416
20260728,MLB-MOVY-IT5-02HOT9V9OK1VNE0-CHOX000-GTE-P00035,07/27/26 09:02 PM EDT,$0.42,416
20260728,MLB-TRUNS-IT5-02HOT9V9OK1VNE0-GTE-P00055,07/27/26 09:02 PM EDT,$0.40,322
20260728,MLB-MOVY-IT5-02HOT9QTOK1VME8-MIRS000-GTE-P00005,07/27/26 09:03 PM EDT,$0.45,106
20260728,MLB-TRUNS-IT5-02HOSF3DOK1VH80-GTE-P00045,07/27/26 09:03 PM EDT,$0.54,45
20260728,MLB-WIN-IT5-02HOT9O1OK1VMH8-STLS000,07/27/26 09:04 PM EDT,$0.51,141
20260728,MLB-TRUNS-IT5-02HOT9V9OK1VNE0-GTE-P00045,07/27/26 09:04 PM EDT,$0.49,6
20260728,MLB-TRUNS-IT5-02HOT9V9OK1VNE0-GTE-P00055,07/27/26 09:04 PM EDT,$0.33,350
20260728,MLB-TRUNS-IT5-02HOT9V9OK1VNE0-GTE-P00045,07/27/26 09:05 PM EDT,$0.51,19
20260728,KBO-WIN-FG-000ABKVAI43KK20-KIES000,07/27/26 09:05 PM EDT,$0.24,153
20260728,MLB-TRUNS-IT5-02HOT9V9OK1VNE0-GTE-P00055,07/27/26 09:06 PM EDT,$0.29,53
20260728,MLB-TRUNS-IT5-02HOT9V9OK1VNE0-GTE-P00045,07/27/26 09:06 PM EDT,$0.47,9
20260728,MLB-TRUNS-IT5-02HOT9V9OK1VNE0-GTE-P00045,07/27/26 09:06 PM EDT,$0.50,5
20260728,MLB-TRUNS-IT5-02HOT9V9OK1VNE0-GTE-P00045,07/27/26 09:09 PM EDT,$0.49,1000
20260728,MLB-TRUNS-IT5-02HOT9V9OK1VNE0-GTE-P00045,07/27/26 09:09 PM EDT,$0.48,1042
20260728,MLB-WIN-IT5-02HOT9VAOK1VM3G-LALS000,07/27/26 09:10 PM EDT,$0.51,18
20260728,MLB-WIN-IT5-02HOT9QTOK1VME8-SFTS000,07/27/26 09:10 PM EDT,$0.48,1900
20260728,MLB-WIN-IT5-02HOT9QTOK1VME8-SFTS000,07/27/26 09:10 PM EDT,$0.48,500
20260728,MLB-MOVY-IT5-02HOT9R0OK1VNTG-BOOX000-GTE-P00005,07/27/26 09:10 PM EDT,$0.53,2181
20260728,MLB-TRUNS-IT5-02HOT9VAOK1VM3G-GTE-P00045,07/27/26 09:10 PM EDT,$0.51,18
20260728,MLB-TRUNS-IT5-02HOT9VAOK1VM3G-GTE-P00045,07/27/26 09:10 PM EDT,$0.51,2246
20260728,MLB-MOVY-IT5-02HOT9VAOK1VM3G-LALS000-GTE-P00005,07/27/26 09:10 PM EDT,$0.42,2000
20260728,MLB-WIN-IT5-02HOT9V9OK1VNE0-NYES000,07/27/26 09:10 PM EDT,$0.08,350
20260728,MLB-MOVY-IT5-02HOT9QTOK1VME8-MIRS000-GTE-P00005,07/27/26 09:10 PM EDT,$0.45,44
20260728,MLB-WIN-IT5-02HOT9V9OK1VNE0-NYES000,07/27/26 09:11 PM EDT,$0.07,51
20260728,MLB-WIN-IT5-02HOT9V9OK1VNE0-CHOX000,07/27/26 09:11 PM EDT,$0.90,11
20260728,MLB-MOVY-IT5-02HOT9VAOK1VM3G-LALS000-GTE-P00005,07/27/26 09:11 PM EDT,$0.44,21
20260728,MLB-WIN-IT5-02HOT9V9OK1VNE0-CHOX000,07/27/26 09:11 PM EDT,$0.90,28
20260728,MLB-MOVY-IT5-02HOT9V9OK1VNE0-CHOX000-GTE-P00025,07/27/26 09:12 PM EDT,$0.59,350
20260728,MLB-TRUNS-IT5-02HOT9O1OK1VMH8-GTE-P00055,07/27/26 09:12 PM EDT,$0.49,58
20260728,MLB-WIN-IT5-02HOT9VAOK1VM3G-LALS000,07/27/26 09:13 PM EDT,$0.51,18
20260728,MLB-WIN-IT5-02HOT9R0OK1VNTG-BOOX000,07/27/26 09:13 PM EDT,$0.61,39
20260728,MLB-MOVY-IT5-02HOT9R0OK1VNTG-BOOX000-GTE-P00005,07/27/26 09:13 PM EDT,$0.54,8
20260728,MLB-MOVY-IT5-02HOT9VAOK1VM3G-LALS000-GTE-P00005,07/27/26 09:13 PM EDT,$0.44,21
20260728,MLB-TRUNS-IT5-02HOT9V9OK1VNE0-GTE-P00065,07/27/26 09:14 PM EDT,$0.49,5
20260728,MLB-WIN-IT5-02HOT9V9OK1VNE0-NYES000,07/27/26 09:14 PM EDT,$0.30,151
20260728,MLB-MOVY-IT5-02HOT9V9OK1VNE0-CHOX000-GTE-P00015,07/27/26 09:14 PM EDT,$0.45,100
20260728,MLB-WIN-IT5-02HOT9V9OK1VNE0-NYES000,07/27/26 09:14 PM EDT,$0.30,31
20260728,MLB-MOVY-IT5-02HOT9QTOK1VME8-MIRS000-GTE-P00005,07/27/26 09:15 PM EDT,$0.43,44
20260728,MLB-MOVY-IT5-02HOT9V9OK1VNE0-CHOX000-GTE-P00015,07/27/26 09:15 PM EDT,$0.45,87
20260728,MLB-MOVY-IT5-02HOT9V9OK1VNE0-CHOX000-GTE-P00015,07/27/26 09:15 PM EDT,$0.45,17
20260728,MLB-WIN-IT5-02HOT9V9OK1VNE0-NYES000,07/27/26 09:15 PM EDT,$0.29,46
20260728,MLB-MOVY-IT5-02HOT9V9OK1VNE0-CHOX000-GTE-P00015,07/27/26 09:15 PM EDT,$0.47,438
20260728,MLB-MOVY-IT5-02HOT9R0OK1VNTG-BOOX000-GTE-P00005,07/27/26 09:15 PM EDT,$0.54,821
20260728,MLB-MOVY-IT5-02HOT9R0OK1VNTG-BOOX000-GTE-P00005,07/27/26 09:15 PM EDT,$0.54,71
20260728,MLB-TRUNS-IT5-02HOT9V9OK1VNE0-GTE-P00065,07/27/26 09:15 PM EDT,$0.50,19
20260728,MLB-WIN-IT5-02HOT9V9OK1VNE0-NYES000,07/27/26 09:16 PM EDT,$0.23,178
20260728,MLB-WIN-IT5-02HOT9V9OK1VNE0-NYES000,07/27/26 09:16 PM EDT,$0.23,2
20260728,MLB-WIN-IT5-02HOT9QTOK1VME8-MIRS000,07/27/26 09:16 PM EDT,$0.53,525
20260728,NWSL-DWIN-FG-000A28SHI788EU0-RAEW001,07/27/26 09:17 PM EDT,$0.17,27
20260728,MLB-MOVY-IT5-02HOSF3DOK1VH80-CIDS000-GTE-P00005,07/27/26 09:17 PM EDT,$0.54,35
20260728,MLB-MOVY-IT5-02HOT9V9OK1VNE0-CHOX000-GTE-P00015,07/27/26 09:17 PM EDT,$0.41,31
20260728,MLB-TRUNS-IT5-02HOT9V9OK1VNE0-GTE-P00065,07/27/26 09:19 PM EDT,$0.49,19
20260728,MLB-TRUNS-IT5-02HOT9V9OK1VNE0-GTE-P00055,07/27/26 09:19 PM EDT,$0.67,350
20260728,MLB-WIN-IT5-02HOT9VAOK1VM3G-HOOS000,07/27/26 09:20 PM EDT,$0.50,1
20260728,MLB-TRUNS-IT5-02HOT9V9OK1VNE0-GTE-P00075,07/27/26 09:20 PM EDT,$0.51,37
20260728,MLB-TRUNS-IT5-02HOT9R0OK1VNTG-GTE-P00055,07/27/26 09:20 PM EDT,$0.46,11
20260728,MLB-MOVY-IT5-02HOT9V9OK1VNE0-NYES000-GTE-P00005,07/27/26 09:20 PM EDT,$0.37,16
20260728,MLB-MOVY-IT5-02HOT9V9OK1VNE0-NYES000-GTE-P00005,07/27/26 09:21 PM EDT,$0.41,44
20260728,MLB-TRUNS-IT5-02HOT9V9OK1VNE0-GTE-P00045,07/27/26 09:21 PM EDT,$0.95,28
20260728,MLB-TRUNS-IT5-02HOT9V9OK1VNE0-GTE-P00055,07/27/26 09:21 PM EDT,$0.97,178
20260728,MLB-TRUNS-IT5-02HOT9V9OK1VNE0-GTE-P00065,07/27/26 09:21 PM EDT,$0.76,350
20260728,MLB-TRUNS-IT5-02HOT9V9OK1VNE0-GTE-P00065,07/27/26 09:22 PM EDT,$0.78,350
20260728,MLB-TRUNS-IT5-02HOT9V9OK1VNE0-GTE-P00065,07/27/26 09:22 PM EDT,$0.84,17
20260728,MLB-TRUNS-IT5-02HOT9V9OK1VNE0-GTE-P00075,07/27/26 09:22 PM EDT,$0.58,166
20260728,MLB-TRUNS-IT5-02HOT9V9OK1VNE0-GTE-P00055,07/27/26 09:22 PM EDT,$0.99,377
20260728,MLB-TRUNS-IT5-02HOT9V9OK1VNE0-GTE-P00075,07/27/26 09:22 PM EDT,$0.50,37
20260728,KBO-WIN-FG-000ABKU5I43KKM0-DORS000,07/27/26 09:23 PM EDT,$0.59,8
20260728,MLB-WIN-IT5-02HOT9V9OK1VNE0-NYES000,07/27/26 09:23 PM EDT,$0.66,50
20260728,MLB-TRUNS-IT5-02HOT9V9OK1VNE0-GTE-P00075,07/27/26 09:24 PM EDT,$0.63,567
20260728,KBO-WIN-FG-000ABKU5I43KKM0-DORS000,07/27/26 09:24 PM EDT,$0.58,8
20260728,MLB-MOVY-IT5-02HOT9V9OK1VNE0-CHOX000-GTE-P00035,07/27/26 09:24 PM EDT,$0.07,882
20260728,MLB-MOVY-IT5-02HOSF3DOK1VH80-CIDS000-GTE-P00005,07/27/26 09:24 PM EDT,$0.54,105
20260728,MLB-TRUNS-IT5-02HOT9QTOK1VME8-GTE-P00045,07/27/26 09:24 PM EDT,$0.51,9
20260728,MLB-TRUNS-IT5-02HOT9R0OK1VNTG-GTE-P00055,07/27/26 09:25 PM EDT,$0.46,10
20260728,MLB-MOVY-IT5-02HOSF3DOK1VH80-CIDS000-GTE-P00005,07/27/26 09:26 PM EDT,$0.54,17
20260728,KBO-MOVY-FG-000ABKVAI43KK20-LGNS000-GTE-P00015,07/27/26 09:26 PM EDT,$0.64,30
20260728,MLB-TRUNS-IT5-02HOT9VAOK1VM3G-GTE-P00045,07/27/26 09:26 PM EDT,$0.51,75
20260728,MLB-MOVY-IT5-02HOT9VAOK1VM3G-LALS000-GTE-P00005,07/27/26 09:26 PM EDT,$0.44,43
20260728,MLB-MOVY-IT5-02HOT9VAOK1VM3G-LALS000-GTE-P00005,07/27/26 09:27 PM EDT,$0.44,21
20260728,MLB-WIN-IT5-02HOT9R0OK1VNTG-BOOX000,07/27/26 09:27 PM EDT,$0.60,564
20260728,MLB-WIN-IT5-02HOT9V9OK1VNE0-NYES000,07/27/26 09:27 PM EDT,$0.73,178
20260728,MLB-MOVY-IT5-02HOT9QTOK1VME8-MIRS000-GTE-P00005,07/27/26 09:27 PM EDT,$0.43,33
20260728,MLB-WIN-IT5-02HOT9VAOK1VM3G-HOOS000,07/27/26 09:27 PM EDT,$0.50,9
20260728,MLB-WIN-IT5-02HOT9O1OK1VMH8-STLS000,07/27/26 09:28 PM EDT,$0.51,216
20260728,MLB-MOVY-IT5-02HOT9R0OK1VNTG-BOOX000-GTE-P00005,07/27/26 09:28 PM EDT,$0.55,96
20260728,MLB-MOVY-IT5-02HOT9R0OK1VNTG-BOOX000-GTE-P00005,07/27/26 09:28 PM EDT,$0.55,26
20260728,MLB-TRUNS-IT5-02HOT9V9OK1VNE0-GTE-P00065,07/27/26 09:28 PM EDT,$0.95,19
20260728,MLB-TRUNS-IT5-02HOT9V9OK1VNE0-GTE-P00085,07/27/26 09:29 PM EDT,$0.43,21
20260728,MLB-MOVY-IT5-02HOT9QTOK1VME8-MIRS000-GTE-P00005,07/27/26 09:29 PM EDT,$0.45,21
20260728,MLB-MOVY-IT5-02HOT9O1OK1VMH8-CHBS000-GTE-P00005,07/27/26 09:29 PM EDT,$0.42,50
20260728,MLB-WIN-IT5-02HOT9QTOK1VME8-MIRS000,07/27/26 09:29 PM EDT,$0.54,62
20260728,MLB-MOVY-IT5-02HOT9O1OK1VMH8-CHBS000-GTE-P00005,07/27/26 09:30 PM EDT,$0.42,8
20260728,MLB-MOVY-IT5-02HOT9O1OK1VMH8-CHBS000-GTE-P00005,07/27/26 09:30 PM EDT,$0.42,133
20260728,MLB-WIN-IT5-02HOT9V9OK1VNE0-NYES000,07/27/26 09:30 PM EDT,$0.79,50
20260728,MLB-MOVY-IT5-02HOT9V9OK1VNE0-CHOX000-GTE-P00015,07/27/26 09:30 PM EDT,$0.08,31
20260728,MLB-WIN-IT5-02HOT9R0OK1VNTG-BOOX000,07/27/26 09:31 PM EDT,$0.60,16
20260728,MLB-WIN-IT5-02HOT9R0OK1VNTG-BOOX000,07/27/26 09:31 PM EDT,$0.60,403
20260728,MLB-WIN-IT5-02HOT9VAOK1VM3G-LALS000,07/27/26 09:31 PM EDT,$0.51,37
20260728,MLB-WIN-IT5-02HOT9R0OK1VNTG-BOOX000,07/27/26 09:31 PM EDT,$0.60,33
20260728,MLB-WIN-IT5-02HOT9R0OK1VNTG-BOOX000,07/27/26 09:32 PM EDT,$0.60,120
20260728,MLB-WIN-IT5-02HOT9O1OK1VMH8-CHBS000,07/27/26 09:32 PM EDT,$0.52,14
20260728,MLB-MOVY-IT5-02HOT9R0OK1VNTG-BOOX000-GTE-P00005,07/27/26 09:32 PM EDT,$0.52,303
20260728,MLB-MOVY-IT5-02HOT9R0OK1VNTG-BOOX000-GTE-P00005,07/27/26 09:32 PM EDT,$0.55,175
20260728,MLB-MOVY-IT5-02HOT9O1OK1VMH8-CHBS000-GTE-P00005,07/27/26 09:33 PM EDT,$0.45,41
20260728,MLB-WIN-IT5-02HOT9O1OK1VMH8-STLS000,07/27/26 09:33 PM EDT,$0.47,350
20260728,MLB-WIN-IT5-02HOT9V9OK1VNE0-CHOX000,07/27/26 09:33 PM EDT,$0.22,350
20260728,MLB-WIN-IT5-02HOT9O1OK1VMH8-CHBS000,07/27/26 09:33 PM EDT,$0.58,226
20260728,MLB-TRUNS-IT5-02HOT9V9OK1VNE0-GTE-P00075,07/27/26 09:33 PM EDT,$0.55,25
20260728,MLB-TRUNS-IT5-02HOT9R0OK1VNTG-GTE-P00055,07/27/26 09:33 PM EDT,$0.44,86
20260728,MLB-WIN-IT5-02HOT9O1OK1VMH8-CHBS000,07/27/26 09:34 PM EDT,$0.56,14
20260728,MLB-TRUNS-IT5-02HOT9V9OK1VNE0-GTE-P00075,07/27/26 09:34 PM EDT,$0.47,545
20260728,MLB-WIN-IT5-02HOT9V9OK1VNE0-NYES000,07/27/26 09:34 PM EDT,$0.85,65
20260728,MLB-TRUNS-IT5-02HOT9V9OK1VNE0-GTE-P00075,07/27/26 09:34 PM EDT,$0.47,45
20260728,MLB-MOVY-IT5-02HOT9V9OK1VNE0-CHOX000-GTE-P00015,07/27/26 09:34 PM EDT,$0.06,87
20260728,MLB-MOVY-IT5-02HOT9O1OK1VMH8-CHBS000-GTE-P00015,07/27/26 09:34 PM EDT,$0.41,350
20260728,MLB-MOVY-IT5-02HOT9R0OK1VNTG-BOOX000-GTE-P00005,07/27/26 09:34 PM EDT,$0.52,20
20260728,MLB-MOVY-IT5-02HOT9O1OK1VMH8-CHBS000-GTE-P00015,07/27/26 09:35 PM EDT,$0.31,350
20260728,MLB-TRUNS-IT5-02HOT9O1OK1VMH8-GTE-P00055,07/27/26 09:35 PM EDT,$0.45,350
20260728,MLB-WIN-IT5-02HOT9R0OK1VNTG-BOOX000,07/27/26 09:35 PM EDT,$0.60,24
20260728,MLB-WIN-IT5-02HOT9O1OK1VMH8-CHBS000,07/27/26 09:36 PM EDT,$0.51,350
20260728,MLB-WIN-IT5-02HOT9O1OK1VMH8-CHBS000,07/27/26 09:36 PM EDT,$0.51,350
20260728,KBO-TRUNS-FG-000ABKVAI43KK20-GTE-P00095,07/27/26 09:36 PM EDT,$0.55,8
20260728,MLB-TRUNS-IT5-02HOT9V9OK1VNE0-GTE-P00075,07/27/26 09:37 PM EDT,$0.37,8
20260728,MLB-MOVY-IT5-02HOT9R0OK1VNTG-BOOX000-GTE-P00005,07/27/26 09:38 PM EDT,$0.54,35
20260728,MLB-TRUNS-IT5-02HOT9O1OK1VMH8-GTE-P00065,07/27/26 09:38 PM EDT,$0.49,160
20260728,MLB-TRUNS-IT5-02HOT9V9OK1VNE0-GTE-P00075,07/27/26 09:39 PM EDT,$0.37,53
20260728,MLB-TRUNS-IT5-02HOT9O1OK1VMH8-GTE-P00065,07/27/26 09:39 PM EDT,$0.49,5
20260728,MLB-WIN-IT5-02HOT9R0OK1VNTG-BOOX000,07/27/26 09:39 PM EDT,$0.62,625
20260728,MLB-MOVY-IT5-02HOT9R0OK1VNTG-BOOX000-GTE-P00005,07/27/26 09:40 PM EDT,$0.53,272
20260728,MLB-MOVY-IT5-02HOSF3DOK1VH80-CIDS000-GTE-P00005,07/27/26 09:40 PM EDT,$0.54,175
20260728,MLB-WIN-IT5-02HOT9VAOK1VM3G-LALS000,07/27/26 09:40 PM EDT,$0.51,45
20260728,NWSL-DWIN-FG-000A28PPI788FO8-WATW003,07/27/26 09:40 PM EDT,$0.43,2
20260728,MLB-TRUNS-IT5-02HOT9O1OK1VMH8-GTE-P00055,07/27/26 09:40 PM EDT,$0.57,33
20260728,MLB-WIN-IT5-02HOT9QTOK1VME8-SFTS000,07/27/26 09:40 PM EDT,$0.48,20
20260728,MLB-TRUNS-IT5-02HOT9VAOK1VM3G-GTE-P00045,07/27/26 09:40 PM EDT,$0.48,27
20260728,MLB-TRUNS-IT5-02HOT9O1OK1VMH8-GTE-P00065,07/27/26 09:41 PM EDT,$0.46,25
20260728,MLB-MOVY-IT5-02HOT9O1OK1VMH8-CHBS000-GTE-P00005,07/27/26 09:41 PM EDT,$0.56,37
20260728,MLB-MOVY-IT5-02HOT9VAOK1VM3G-LALS000-GTE-P00005,07/27/26 09:41 PM EDT,$0.43,338
20260728,MLB-WIN-IT5-02HOT9QTOK1VME8-MIRS000,07/27/26 09:41 PM EDT,$0.54,71
20260728,MLB-MOVY-IT5-02HOT9V9OK1VNE0-NYES000-GTE-P00005,07/27/26 09:41 PM EDT,$0.62,123
20260728,MLB-TRUNS-IT5-02HOT9R0OK1VNTG-GTE-P00055,07/27/26 09:41 PM EDT,$0.48,4
20260728,MLB-TRUNS-IT5-02HOT9VAOK1VM3G-GTE-P00065,07/27/26 09:41 PM EDT,$0.28,350
20260728,MLB-TRUNS-IT5-02HOT9VAOK1VM3G-GTE-P00065,07/27/26 09:41 PM EDT,$0.28,350
20260728,MLB-TRUNS-IT5-02HOT9VAOK1VM3G-GTE-P00065,07/27/26 09:41 PM EDT,$0.28,350
20260728,MLB-MOVY-IT5-02HOT9VAOK1VM3G-LALS000-GTE-P00005,07/27/26 09:41 PM EDT,$0.46,1
20260728,MLB-TRUNS-IT5-02HOT9V9OK1VNE0-GTE-P00075,07/27/26 09:42 PM EDT,$0.25,2
20260728,MLB-TRUNS-IT5-02HOT9R0OK1VNTG-GTE-P00055,07/27/26 09:42 PM EDT,$0.51,347
20260728,MLB-WIN-IT5-02HOT9VAOK1VM3G-HOOS000,07/27/26 09:42 PM EDT,$0.47,18
20260728,MLB-MOVY-IT5-02HOT9V9OK1VNE0-NYES000-GTE-P00005,07/27/26 09:43 PM EDT,$0.67,1000
20260728,MLB-WIN-IT5-02HOT9VAOK1VM3G-LALS000,07/27/26 09:43 PM EDT,$0.56,350
20260728,MLB-WIN-IT5-02HOT9VAOK1VM3G-LALS000,07/27/26 09:43 PM EDT,$0.56,350
20260728,MLB-WIN-IT5-02HOT9VAOK1VM3G-LALS000,07/27/26 09:44 PM EDT,$0.59,24
20260728,MLB-TRUNS-IT5-02HOT9VAOK1VM3G-GTE-P00045,07/27/26 09:44 PM EDT,$0.44,10
20260728,MLB-TRUNS-IT5-02HOT9VAOK1VM3G-GTE-P00045,07/27/26 09:44 PM EDT,$0.43,8
20260728,MLB-MOVY-IT5-02HOT9QTOK1VME8-MIRS000-GTE-P00005,07/27/26 09:44 PM EDT,$0.45,21
20260728,MLB-MOVY-IT5-02HOT9QTOK1VME8-MIRS000-GTE-P00005,07/27/26 09:44 PM EDT,$0.45,29
20260728,MLB-WIN-IT5-02HOT9V9OK1VNE0-NYES000,07/27/26 09:44 PM EDT,$0.84,350
20260728,MLB-WIN-IT5-02HOT9V9OK1VNE0-NYES000,07/27/26 09:44 PM EDT,$0.84,350
20260728,MLB-WIN-IT5-02HOT9V9OK1VNE0-NYES000,07/27/26 09:44 PM EDT,$0.84,300
20260728,MLB-WIN-IT5-02HOT9VAOK1VM3G-LALS000,07/27/26 09:44 PM EDT,$0.58,13
20260728,MLB-TRUNS-IT5-02HOT9QTOK1VME8-GTE-P00045,07/27/26 09:44 PM EDT,$0.51,116
20260728,MLB-TRUNS-IT5-02HOT9V9OK1VNE0-GTE-P00075,07/27/26 09:45 PM EDT,$0.42,227
20260728,MLB-TRUNS-IT5-02HOT9R0OK1VNTG-GTE-P00055,07/27/26 09:45 PM EDT,$0.45,408
20260728,MLB-WIN-IT5-02HOT9V9OK1VNE0-NYES000,07/27/26 09:45 PM EDT,$0.69,350
20260728,MLB-WIN-IT5-02HOT9V9OK1VNE0-NYES000,07/27/26 09:45 PM EDT,$0.69,350
20260728,MLB-WIN-IT5-02HOT9V9OK1VNE0-NYES000,07/27/26 09:45 PM EDT,$0.69,300
20260728,MLB-WIN-IT5-02HOT9O1OK1VMH8-STLS000,07/27/26 09:45 PM EDT,$0.48,350
20260728,MLB-WIN-IT5-02HOT9O1OK1VMH8-CHBS000,07/27/26 09:45 PM EDT,$0.52,336
20260728,MLB-WIN-IT5-02HOT9O1OK1VMH8-CHBS000,07/27/26 09:45 PM EDT,$0.52,14
20260728,MLB-WIN-IT5-02HOT9V9OK1VNE0-NYES000,07/27/26 09:45 PM EDT,$0.32,151
20260728,MLB-WIN-IT5-02HOT9VAOK1VM3G-HOOS000,07/27/26 09:46 PM EDT,$0.42,113
20260728,MLB-TRUNS-IT5-02HOT9R0OK1VNTG-GTE-P00055,07/27/26 09:46 PM EDT,$0.42,80
20260728,MLB-TRUNS-IT5-02HOT9V9OK1VNE0-GTE-P00085,07/27/26 09:46 PM EDT,$0.25,250
20260728,MLB-WIN-IT5-02HOT9V9OK1VNE0-NYES000,07/27/26 09:46 PM EDT,$0.35,5
20260728,MLB-TRUNS-IT5-02HOT9V9OK1VNE0-GTE-P00085,07/27/26 09:46 PM EDT,$0.25,11
20260728,MLB-TRUNS-IT5-02HOT9V9OK1VNE0-GTE-P00085,07/27/26 09:46 PM EDT,$0.25,144
20260728,MLB-TRUNS-IT5-02HOT9R0OK1VNTG-GTE-P00045,07/27/26 09:47 PM EDT,$0.52,52
20260728,MLB-MOVY-IT5-02HOT9QTOK1VME8-MIRS000-GTE-P00005,07/27/26 09:47 PM EDT,$0.47,56
20260728,MLB-WIN-IT5-02HOT9QTOK1VME8-MIRS000,07/27/26 09:47 PM EDT,$0.54,2
20260728,MLB-WIN-IT5-02HOT9VAOK1VM3G-HOOS000,07/27/26 09:47 PM EDT,$0.42,22
20260728,MLB-TRUNS-IT5-02HOT9V9OK1VNE0-GTE-P00085,07/27/26 09:47 PM EDT,$0.25,11
20260728,MLB-TRUNS-IT5-02HOT9O1OK1VMH8-GTE-P00055,07/27/26 09:47 PM EDT,$0.50,10
20260728,MLB-WIN-IT5-02HOT9V9OK1VNE0-NYES000,07/27/26 09:47 PM EDT,$0.35,100
20260728,MLB-WIN-IT5-02HOT9V9OK1VNE0-NYES000,07/27/26 09:47 PM EDT,$0.35,312
20260728,MLB-TRUNS-IT5-02HOT9R0OK1VNTG-GTE-P00045,07/27/26 09:47 PM EDT,$0.52,9
20260728,MLB-MOVY-IT5-02HOT9VAOK1VM3G-LALS000-GTE-P00005,07/27/26 09:47 PM EDT,$0.54,191
20260728,MLB-WIN-IT5-02HOT9O1OK1VMH8-STLS000,07/27/26 09:47 PM EDT,$0.46,62
20260728,MLB-MOVY-IT5-02HOT9V9OK1VNE0-CHOX000-GTE-P00035,07/27/26 09:48 PM EDT,$0.06,522
20260728,MLB-WIN-IT5-02HOT9V9OK1VNE0-NYES000,07/27/26 09:48 PM EDT,$0.35,100
20260728,MLB-WIN-IT5-02HOT9V9OK1VNE0-CHOX000,07/27/26 09:48 PM EDT,$0.64,1421
20260728,MLB-MOVY-IT5-02HOT9O1OK1VMH8-CHBS000-GTE-P00005,07/27/26 09:48 PM EDT,$0.46,35
20260728,MLB-TRUNS-IT5-02HOT9V9OK1VNE0-GTE-P00085,07/27/26 09:48 PM EDT,$0.26,35
20260728,MLB-MOVY-IT5-02HOT9V9OK1VNE0-CHOX000-GTE-P00005,07/27/26 09:48 PM EDT,$0.26,714
20260728,MLB-WIN-IT5-02HOT9R0OK1VNTG-ATCS000,07/27/26 09:48 PM EDT,$0.47,6
20260728,MLB-TRUNS-IT5-02HOT9R0OK1VNTG-GTE-P00045,07/27/26 09:48 PM EDT,$0.49,279
20260728,MLB-WIN-IT5-02HOT9VAOK1VM3G-LALS000,07/27/26 09:48 PM EDT,$0.64,606
20260728,MLB-MOVY-IT5-02HOT9V9OK1VNE0-CHOX000-GTE-P00005,07/27/26 09:48 PM EDT,$0.22,76
20260728,MLB-WIN-IT5-02HOT9VAOK1VM3G-LALS000,07/27/26 09:48 PM EDT,$0.64,37
20260728,MLB-TRUNS-IT5-02HOT9R0OK1VNTG-GTE-P00045,07/27/26 09:49 PM EDT,$0.50,9
20260728,MLB-WIN-IT5-02HOT9VAOK1VM3G-LALS000,07/27/26 09:49 PM EDT,$0.65,52
20260728,MLB-WIN-IT5-02HOT9VAOK1VM3G-HOOS000,07/27/26 09:49 PM EDT,$0.38,47
20260728,MLB-WIN-IT5-02HOT9R0OK1VNTG-BOOX000,07/27/26 09:49 PM EDT,$0.52,18
20260728,MLB-TRUNS-IT5-02HOT9V9OK1VNE0-GTE-P00085,07/27/26 09:49 PM EDT,$0.15,3
20260728,MLB-TRUNS-IT5-02HOT9V9OK1VNE0-GTE-P00085,07/27/26 09:49 PM EDT,$0.15,575
20260728,MLB-TRUNS-IT5-02HOT9V9OK1VNE0-GTE-P00085,07/27/26 09:49 PM EDT,$0.23,32
20260728,MLB-WIN-IT5-02HOT9R0OK1VNTG-BOOX000,07/27/26 09:50 PM EDT,$0.52,350
20260728,MLB-WIN-IT5-02HOT9VAOK1VM3G-LALS000,07/27/26 09:50 PM EDT,$0.64,55
20260728,MLB-WIN-IT5-02HOT9R0OK1VNTG-BOOX000,07/27/26 09:50 PM EDT,$0.52,350
20260728,MLB-WIN-IT5-02HOT9R0OK1VNTG-BOOX000,07/27/26 09:50 PM EDT,$0.52,350
20260728,MLB-TRUNS-IT5-02HOT9O1OK1VMH8-GTE-P00055,07/27/26 09:50 PM EDT,$0.45,175
20260728,MLB-WIN-IT5-02HOT9O1OK1VMH8-STLS000,07/27/26 09:50 PM EDT,$0.33,175
20260728,MLB-TRUNS-IT5-02HOT9V9OK1VNE0-GTE-P00085,07/27/26 09:50 PM EDT,$0.14,173
20260728,MLB-WIN-IT5-02HOT9O1OK1VMH8-STLS000,07/27/26 09:50 PM EDT,$0.33,77
20260728,MLB-WIN-IT5-02HOT9R0OK1VNTG-BOOX000,07/27/26 09:50 PM EDT,$0.55,350
20260728,MLB-MOVY-IT5-02HOT9R0OK1VNTG-BOOX000-GTE-P00005,07/27/26 09:50 PM EDT,$0.49,176
20260728,MLB-WIN-IT5-02HOT9R0OK1VNTG-BOOX000,07/27/26 09:50 PM EDT,$0.55,350
20260728,MLB-TRUNS-IT5-02HOT9V9OK1VNE0-GTE-P00085,07/27/26 09:51 PM EDT,$0.16,21
20260728,MLB-TRUNS-IT5-02HOT9O1OK1VMH8-GTE-P00045,07/27/26 09:51 PM EDT,$0.55,63
20260728,MLB-TRUNS-IT5-02HOT9V9OK1VNE0-GTE-P00085,07/27/26 09:51 PM EDT,$0.11,53
20260728,MLB-TRUNS-IT5-02HOT9R0OK1VNTG-GTE-P00055,07/27/26 09:51 PM EDT,$0.46,535
20260728,MLB-MOVY-IT5-02HOT9R0OK1VNTG-BOOX000-GTE-P00005,07/27/26 09:51 PM EDT,$0.33,176
20260728,MLB-WIN-IT5-02HOT9R0OK1VNTG-BOOX000,07/27/26 09:51 PM EDT,$0.38,350
20260728,MLB-TRUNS-IT5-02HOT9V9OK1VNE0-GTE-P00085,07/27/26 09:51 PM EDT,$0.11,183
20260728,MLB-TRUNS-IT5-02HOT9V9OK1VNE0-GTE-P00085,07/27/26 09:51 PM EDT,$0.19,50
20260728,MLB-WIN-IT5-02HOT9VAOK1VM3G-LALS000,07/27/26 09:52 PM EDT,$0.66,36
20260728,MLB-WIN-IT5-02HOT9R0OK1VNTG-BOOX000,07/27/26 09:52 PM EDT,$0.38,125
20260728,MLB-TRUNS-IT5-02HOT9V9OK1VNE0-GTE-P00085,07/27/26 09:52 PM EDT,$0.25,148
20260728,MLB-TRUNS-IT5-02HOT9VAOK1VM3G-GTE-P00045,07/27/26 09:52 PM EDT,$0.57,10
20260728,MLB-WIN-IT5-02HOSF3DOK1VH80-CIDS000,07/27/26 09:52 PM EDT,$0.37,15
20260728,MLB-TRUNS-IT5-02HOT9O1OK1VMH8-GTE-P00045,07/27/26 09:52 PM EDT,$0.55,38
20260728,MLB-TRUNS-IT5-02HOT9R0OK1VNTG-GTE-P00055,07/27/26 09:52 PM EDT,$0.43,5
20260728,MLB-WIN-IT5-02HOT9R0OK1VNTG-BOOX000,07/27/26 09:52 PM EDT,$0.42,45
20260728,MLB-MOVY-IT5-02HOT9VAOK1VM3G-LALS000-GTE-P00015,07/27/26 09:52 PM EDT,$0.49,94
20260728,MLB-MOVY-IT5-02HOT9V9OK1VNE0-CHOX000-GTE-P00005,07/27/26 09:52 PM EDT,$0.17,1000
20260728,MLB-TRUNS-IT5-02HOT9QTOK1VME8-GTE-P00035,07/27/26 09:52 PM EDT,$0.54,11
20260728,MLB-TRUNS-IT5-02HOT9V9OK1VNE0-GTE-P00055,07/27/26 09:53 PM EDT,$0.97,80
20260728,MLB-TRUNS-IT5-02HOT9VAOK1VM3G-GTE-P00055,07/27/26 09:53 PM EDT,$0.45,106
20260728,MLB-WIN-IT5-02HOT9QTOK1VME8-MIRS000,07/27/26 09:53 PM EDT,$0.50,119
20260728,MLB-WIN-IT5-02HOT9R0OK1VNTG-BOOX000,07/27/26 09:53 PM EDT,$0.40,22
20260728,MLB-WIN-IT5-02HOT9VAOK1VM3G-HOOS000,07/27/26 09:53 PM EDT,$0.31,27
20260728,MLB-TRUNS-IT5-02HOT9QTOK1VME8-GTE-P00035,07/27/26 09:53 PM EDT,$0.54,825
20260728,MLB-MOVY-IT5-02HOT9R0OK1VNTG-ATCS000-GTE-P00005,07/27/26 09:53 PM EDT,$0.48,17
20260728,MLB-TRUNS-IT5-02HOT9V9OK1VNE0-GTE-P00085,07/27/26 09:53 PM EDT,$0.24,80
20260728,MLB-TRUNS-IT5-02HOT9VAOK1VM3G-GTE-P00055,07/27/26 09:53 PM EDT,$0.46,83
20260728,MLB-TRUNS-IT5-02HOT9QTOK1VME8-GTE-P00035,07/27/26 09:53 PM EDT,$0.55,212
20260728,MLB-WIN-IT5-02HOSF3DOK1VH80-CLNS000,07/27/26 09:53 PM EDT,$0.35,12
20260728,MLB-WIN-IT5-02HOT9R0OK1VNTG-BOOX000,07/27/26 09:54 PM EDT,$0.42,333
20260728,MLB-TRUNS-IT5-02HOT9O1OK1VMH8-GTE-P00045,07/27/26 09:54 PM EDT,$0.61,350
20260728,MLB-MOVY-IT5-02HOT9V9OK1VNE0-NYES000-GTE-P00025,07/27/26 09:54 PM EDT,$0.02,350
20260728,MLB-MOVY-IT5-02HOT9VAOK1VM3G-LALS000-GTE-P00025,07/27/26 09:54 PM EDT,$0.44,1000
20260728,MLB-TRUNS-IT5-02HOT9QTOK1VME8-GTE-P00035,07/27/26 09:54 PM EDT,$0.56,169
20260728,MLB-TRUNS-IT5-02HOT9QTOK1VME8-GTE-P00065,07/27/26 09:54 PM EDT,$0.23,350
20260728,MLB-MOVY-IT5-02HOT9VAOK1VM3G-LALS000-GTE-P00025,07/27/26 09:55 PM EDT,$0.46,508
20260728,MLB-WIN-IT5-02HOT9V9OK1VNE0-NYES000,07/27/26 09:55 PM EDT,$0.46,144
20260728,MLB-TRUNS-IT5-02HOT9QTOK1VME8-GTE-P00065,07/27/26 09:55 PM EDT,$0.23,350
20260728,MLB-TRUNS-IT5-02HOT9VAOK1VM3G-GTE-P00055,07/27/26 09:55 PM EDT,$0.52,350
20260728,MLB-WIN-IT5-02HOT9V9OK1VNE0-CHOX000,07/27/26 09:55 PM EDT,$0.48,23
20260728,MLB-WIN-IT5-02HOT9QTOK1VME8-SFTS000,07/27/26 09:55 PM EDT,$0.54,350
20260728,MLB-TRUNS-IT5-02HOT9O1OK1VMH8-GTE-P00055,07/27/26 09:55 PM EDT,$0.49,19
20260728,MLB-MOVY-IT5-02HOT9O1OK1VMH8-CHBS000-GTE-P00015,07/27/26 09:55 PM EDT,$0.49,67
20260728,MLB-TRUNS-IT5-02HOT9O1OK1VMH8-GTE-P00055,07/27/26 09:56 PM EDT,$0.46,350
20260728,MLB-TRUNS-IT5-02HOT9O1OK1VMH8-GTE-P00065,07/27/26 09:56 PM EDT,$0.34,350
20260728,MLB-TRUNS-IT5-02HOT9O1OK1VMH8-GTE-P00055,07/27/26 09:56 PM EDT,$0.44,100
20260728,MLB-MOVY-IT5-02HOT9R0OK1VNTG-ATCS000-GTE-P00005,07/27/26 09:56 PM EDT,$0.47,29
20260728,MLB-TRUNS-IT5-02HOT9R0OK1VNTG-GTE-P00045,07/27/26 09:56 PM EDT,$0.54,350
20260728,MLB-TRUNS-IT5-02HOT9O1OK1VMH8-GTE-P00055,07/27/26 09:57 PM EDT,$0.51,201
20260728,MLB-WIN-IT5-02HOT9VAOK1VM3G-HOOS000,07/27/26 09:57 PM EDT,$0.21,260
20260728,MLB-WIN-IT5-02HOT9QTOK1VME8-SFTS000,07/27/26 09:57 PM EDT,$0.53,350
20260728,MLB-WIN-IT5-02HOT9QTOK1VME8-SFTS000,07/27/26 09:57 PM EDT,$0.53,350
20260728,MLB-WIN-IT5-02HOT9QTOK1VME8-SFTS000,07/27/26 09:57 PM EDT,$0.53,350
20260728,MLB-WIN-IT5-02HOT9QTOK1VME8-SFTS000,07/27/26 09:57 PM EDT,$0.53,350
20260728,MLB-WIN-IT5-02HOT9QTOK1VME8-SFTS000,07/27/26 09:58 PM EDT,$0.53,350
20260728,MLB-WIN-IT5-02HOT9QTOK1VME8-SFTS000,07/27/26 09:58 PM EDT,$0.54,350
20260728,MLB-WIN-IT5-02HOT9QTOK1VME8-SFTS000,07/27/26 09:58 PM EDT,$0.54,350
20260728,MLB-TRUNS-IT5-02HOT9VAOK1VM3G-GTE-P00055,07/27/26 09:58 PM EDT,$0.56,300
20260728,MLB-TRUNS-IT5-02HOT9QTOK1VME8-GTE-P00045,07/27/26 09:58 PM EDT,$0.45,350
20260728,MLB-WIN-IT5-02HOT9QTOK1VME8-SFTS000,07/27/26 09:58 PM EDT,$0.56,32
20260728,MLB-TRUNS-IT5-02HOT9VAOK1VM3G-GTE-P00055,07/27/26 09:58 PM EDT,$0.56,10
20260728,MLB-MOVY-IT5-02HOT9VAOK1VM3G-LALS000-GTE-P00025,07/27/26 09:58 PM EDT,$0.59,1
20260728,MLB-TRUNS-IT5-02HOT9QTOK1VME8-GTE-P00035,07/27/26 09:58 PM EDT,$0.53,36
20260728,MLB-TRUNS-IT5-02HOT9QTOK1VME8-GTE-P00035,07/27/26 09:58 PM EDT,$0.52,36
20260728,MLB-TRUNS-IT5-02HOT9QTOK1VME8-GTE-P00035,07/27/26 09:58 PM EDT,$0.52,10
20260728,MLB-TRUNS-IT5-02HOT9O1OK1VMH8-GTE-P00055,07/27/26 09:59 PM EDT,$0.58,5
20260728,MLB-TRUNS-IT5-02HOT9QTOK1VME8-GTE-P00035,07/27/26 09:59 PM EDT,$0.52,54
20260728,MLB-TRUNS-IT5-02HOT9VAOK1VM3G-GTE-P00065,07/27/26 09:59 PM EDT,$0.52,127
20260728,MLB-TRUNS-IT5-02HOT9QTOK1VME8-GTE-P00035,07/27/26 09:59 PM EDT,$0.52,300
20260728,MLB-MOVY-IT5-02HOT9R0OK1VNTG-ATCS000-GTE-P00005,07/27/26 09:59 PM EDT,$0.50,192
20260728,MLB-MOVY-IT5-02HOT9QTOK1VME8-MIRS000-GTE-P00015,07/27/26 10:00 PM EDT,$0.29,2
20260728,MLB-TRUNS-IT5-02HOT9R0OK1VNTG-GTE-P00045,07/27/26 10:00 PM EDT,$0.50,19
20260728,MLB-TRUNS-IT5-02HOT9VAOK1VM3G-GTE-P00065,07/27/26 10:00 PM EDT,$0.50,2
20260728,MLB-TRUNS-IT5-02HOT9VAOK1VM3G-GTE-P00065,07/27/26 10:00 PM EDT,$0.48,18
20260728,MLB-MOVY-IT5-02HOT9R0OK1VNTG-ATCS000-GTE-P00005,07/27/26 10:00 PM EDT,$0.56,29
20260728,MLB-TRUNS-IT5-02HOT9QTOK1VME8-GTE-P00035,07/27/26 10:00 PM EDT,$0.50,37
20260728,MLB-TRUNS-IT5-02HOT9VAOK1VM3G-GTE-P00065,07/27/26 10:00 PM EDT,$0.48,37
20260728,MLB-WIN-IT5-02HOT9R0OK1VNTG-BOOX000,07/27/26 10:00 PM EDT,$0.45,350
20260728,MLB-WIN-IT5-02HOT9R0OK1VNTG-BOOX000,07/27/26 10:00 PM EDT,$0.45,350
20260728,MLB-WIN-IT5-02HOT9R0OK1VNTG-ATCS000,07/27/26 10:01 PM EDT,$0.63,350
20260728,MLB-WIN-IT5-02HOT9R0OK1VNTG-ATCS000,07/27/26 10:01 PM EDT,$0.63,350
20260728,MLB-TRUNS-IT5-02HOT9QTOK1VME8-GTE-P00035,07/27/26 10:01 PM EDT,$0.46,5
20260728,MLB-TRUNS-IT5-02HOT9R0OK1VNTG-GTE-P00045,07/27/26 10:01 PM EDT,$0.48,9
20260728,MLB-MOVY-IT5-02HOT9R0OK1VNTG-BOOX000-GTE-P00005,07/27/26 10:01 PM EDT,$0.28,173
20260728,MLB-TRUNS-IT5-02HOT9O1OK1VMH8-GTE-P00055,07/27/26 10:01 PM EDT,$0.50,19
20260728,MLB-WIN-IT5-02HOT9R0OK1VNTG-BOOX000,07/27/26 10:01 PM EDT,$0.33,57
20260728,MLB-WIN-IT5-02HOT9QTOK1VME8-MIRS000,07/27/26 10:02 PM EDT,$0.52,89
20260728,MLB-TRUNS-IT5-02HOT9VAOK1VM3G-GTE-P00065,07/27/26 10:02 PM EDT,$0.48,166
20260728,MLB-WIN-IT5-02HOT9QTOK1VME8-MIRS000,07/27/26 10:02 PM EDT,$0.52,27
20260728,MLB-TRUNS-IT5-02HOT9R0OK1VNTG-GTE-P00045,07/27/26 10:02 PM EDT,$0.46,71
20260728,MLB-WIN-IT5-02HOT9QTOK1VME8-MIRS000,07/27/26 10:02 PM EDT,$0.52,3
20260728,MLB-MOVY-IT5-02HOT9VAOK1VM3G-LALS000-GTE-P00025,07/27/26 10:02 PM EDT,$0.52,10
20260728,MLB-TRUNS-IT5-02HOT9VAOK1VM3G-GTE-P00045,07/27/26 10:02 PM EDT,$0.75,27
20260728,MLB-TRUNS-IT5-02HOT9O1OK1VMH8-GTE-P00065,07/27/26 10:03 PM EDT,$0.29,160
20260728,MLB-MOVY-IT5-02HOT9QTOK1VME8-SFTS000-GTE-P00005,07/27/26 10:03 PM EDT,$0.43,11
20260728,MLB-TRUNS-IT5-02HOT9O1OK1VMH8-GTE-P00055,07/27/26 10:03 PM EDT,$0.42,8
20260728,MLB-TRUNS-IT5-02HOT9VAOK1VM3G-GTE-P00065,07/27/26 10:03 PM EDT,$0.49,7
20260728,MLB-TRUNS-IT5-02HOT9O1OK1VMH8-GTE-P00055,07/27/26 10:03 PM EDT,$0.42,4
20260728,MLB-WIN-IT5-02HOT9VAOK1VM3G-HOOS000,07/27/26 10:03 PM EDT,$0.16,29
20260728,KBO-WIN-FG-000ABKU5I43KKM0-DORS000,07/27/26 10:03 PM EDT,$0.59,50
20260728,KBO-WIN-FG-000ABKSKI43KLPO-KTON000,07/27/26 10:03 PM EDT,$0.60,50
20260728,KBO-WIN-FG-000ABKUPI43KK2G-HAES000,07/27/26 10:03 PM EDT,$0.65,50
20260728,MLB-WIN-IT5-02HOT9VAOK1VM3G-HOOS000,07/27/26 10:03 PM EDT,$0.16,235
20260728,MLB-TRUNS-IT5-02HOT9QTOK1VME8-GTE-P00035,07/27/26 10:04 PM EDT,$0.46,311
20260728,MLB-WIN-IT5-02HOT9VAOK1VM3G-LALS000,07/27/26 10:04 PM EDT,$0.88,27
20260728,MLB-TRUNS-IT5-02HOT9VAOK1VM3G-GTE-P00065,07/27/26 10:04 PM EDT,$0.51,37
20260728,MLB-TRUNS-IT5-02HOT9QTOK1VME8-GTE-P00035,07/27/26 10:04 PM EDT,$0.53,10
20260728,MLB-TRUNS-IT5-02HOT9R0OK1VNTG-GTE-P00045,07/27/26 10:04 PM EDT,$0.48,87
20260728,MLB-WIN-IT5-02HOT9R0OK1VNTG-BOOX000,07/27/26 10:04 PM EDT,$0.34,83
20260728,MLB-TRUNS-IT5-02HOT9VAOK1VM3G-GTE-P00065,07/27/26 10:04 PM EDT,$0.50,9
20260728,MLB-MOVY-IT5-02HOT9QTOK1VME8-MIRS000-GTE-P00005,07/27/26 10:04 PM EDT,$0.47,40
20260728,MLB-TRUNS-IT5-02HOT9O1OK1VMH8-GTE-P00065,07/27/26 10:05 PM EDT,$0.41,16
20260728,MLB-WIN-IT5-02HOT9R0OK1VNTG-ATCS000,07/27/26 10:05 PM EDT,$0.76,33
20260728,MLB-WIN-IT5-02HOT9QTOK1VME8-SFTS000,07/27/26 10:05 PM EDT,$0.36,350
20260728,MLB-WIN-IT5-02HOT9QTOK1VME8-SFTS000,07/27/26 10:05 PM EDT,$0.37,350
20260728,MLB-WIN-IT5-02HOT9QTOK1VME8-SFTS000,07/27/26 10:05 PM EDT,$0.37,350
20260728,MLB-WIN-IT5-02HOT9QTOK1VME8-SFTS000,07/27/26 10:05 PM EDT,$0.37,350
20260728,MLB-WIN-IT5-02HOT9QTOK1VME8-SFTS000,07/27/26 10:05 PM EDT,$0.37,350
20260728,MLB-WIN-IT5-02HOT9QTOK1VME8-SFTS000,07/27/26 10:05 PM EDT,$0.37,350
20260728,MLB-WIN-IT5-02HOT9QTOK1VME8-SFTS000,07/27/26 10:05 PM EDT,$0.37,350
20260728,MLB-WIN-IT5-02HOT9QTOK1VME8-SFTS000,07/27/26 10:05 PM EDT,$0.37,350
20260728,MLB-WIN-IT5-02HOT9QTOK1VME8-SFTS000,07/27/26 10:05 PM EDT,$0.37,350
20260728,MLB-WIN-IT5-02HOT9QTOK1VME8-SFTS000,07/27/26 10:05 PM EDT,$0.37,350
20260728,MLB-WIN-IT5-02HOT9QTOK1VME8-SFTS000,07/27/26 10:05 PM EDT,$0.37,350
20260728,MLB-WIN-IT5-02HOT9QTOK1VME8-SFTS000,07/27/26 10:05 PM EDT,$0.37,350
20260728,MLB-WIN-IT5-02HOT9QTOK1VME8-SFTS000,07/27/26 10:05 PM EDT,$0.37,350
20260728,MLB-WIN-IT5-02HOT9R0OK1VNTG-BOOX000,07/27/26 10:06 PM EDT,$0.25,211
20260728,MLB-MOVY-IT5-02HOT9QTOK1VME8-MIRS000-GTE-P00005,07/27/26 10:06 PM EDT,$0.51,462
20260728,MLB-TRUNS-IT5-02HOT9VAOK1VM3G-GTE-P00065,07/27/26 10:06 PM EDT,$0.50,4
20260728,MLB-TRUNS-IT5-02HOT9O1OK1VMH8-GTE-P00055,07/27/26 10:06 PM EDT,$0.51,88
20260728,MLB-WIN-IT5-02HOT9QTOK1VME8-SFTS000,07/27/26 10:06 PM EDT,$0.42,22
20260728,MLB-TRUNS-IT5-02HOT9O1OK1VMH8-GTE-P00055,07/27/26 10:06 PM EDT,$0.51,15
20260728,MLB-WIN-IT5-02HOT9O1OK1VMH8-CHBS000,07/27/26 10:06 PM EDT,$0.75,38
20260728,MLB-TRUNS-IT5-02HOT9VAOK1VM3G-GTE-P00065,07/27/26 10:06 PM EDT,$0.47,6
20260728,MLB-TRUNS-IT5-02HOT9O1OK1VMH8-GTE-P00055,07/27/26 10:06 PM EDT,$0.51,19
20260728,MLB-MOVY-IT5-02HOT9QTOK1VME8-MIRS000-GTE-P00005,07/27/26 10:07 PM EDT,$0.53,36
20260728,MLB-TRUNS-IT5-02HOT9O1OK1VMH8-GTE-P00055,07/27/26 10:07 PM EDT,$0.51,59
20260728,MLB-TRUNS-IT5-02HOT9O1OK1VMH8-GTE-P00055,07/27/26 10:07 PM EDT,$0.51,37
20260728,MLB-TRUNS-IT5-02HOT9QTOK1VME8-GTE-P00035,07/27/26 10:07 PM EDT,$0.57,33
20260728,MLB-WIN-IT5-02HOT9VAOK1VM3G-HOOS000,07/27/26 10:07 PM EDT,$0.19,25
20260728,MLB-MOVY-IT5-02HOT9QTOK1VME8-MIRS000-GTE-P00005,07/27/26 10:07 PM EDT,$0.55,1
20260728,MLB-WIN-IT5-02HOT9VAOK1VM3G-HOOS000,07/27/26 10:07 PM EDT,$0.19,500
20260728,MLB-TRUNS-IT5-02HOT9VAOK1VM3G-GTE-P00055,07/27/26 10:08 PM EDT,$0.53,18
20260728,MLB-WIN-IT5-02HOT9VAOK1VM3G-LALS000,07/27/26 10:08 PM EDT,$0.83,104
20260728,MLB-WIN-IT5-02HOT9QTOK1VME8-MIRS000,07/27/26 10:08 PM EDT,$0.54,44
20260728,MLB-WIN-IT5-02HOT9R0OK1VNTG-BOOX000,07/27/26 10:08 PM EDT,$0.29,161
20260728,MLB-TRUNS-IT5-02HOT9R0OK1VNTG-GTE-P00045,07/27/26 10:08 PM EDT,$0.46,632
20260728,MLB-TRUNS-IT5-02HOT9R0OK1VNTG-GTE-P00045,07/27/26 10:08 PM EDT,$0.47,1064
20260728,MLB-TRUNS-IT5-02HOT9VAOK1VM3G-GTE-P00055,07/27/26 10:09 PM EDT,$0.50,38
20260728,MLB-TRUNS-IT5-02HOT9O1OK1VMH8-GTE-P00065,07/27/26 10:09 PM EDT,$0.55,41
20260728,MLB-WIN-IT5-02HOT9R0OK1VNTG-BOOX000,07/27/26 10:09 PM EDT,$0.28,483
20260728,MLB-WIN-IT5-02HOT9VAOK1VM3G-HOOS000,07/27/26 10:09 PM EDT,$0.19,20
20260728,MLB-TRUNS-IT5-02HOT9O1OK1VMH8-GTE-P00065,07/27/26 10:09 PM EDT,$0.55,1
20260728,MLB-TRUNS-IT5-02HOT9O1OK1VMH8-GTE-P00065,07/27/26 10:09 PM EDT,$0.54,5
20260728,MLB-TRUNS-IT5-02HOT9O1OK1VMH8-GTE-P00065,07/27/26 10:09 PM EDT,$0.54,234
20260728,MLB-MOVY-IT5-02HOT9VAOK1VM3G-LALS000-GTE-P00025,07/27/26 10:10 PM EDT,$0.43,25
20260728,MLB-WIN-IT5-02HOT9QTOK1VME8-MIRS000,07/27/26 10:10 PM EDT,$0.48,50
20260728,MLB-MOVY-IT5-02HOT9O1OK1VMH8-CHBS000-GTE-P00025,07/27/26 10:10 PM EDT,$0.50,192
20260728,MLB-TRUNS-IT5-02HOT9O1OK1VMH8-GTE-P00065,07/27/26 10:10 PM EDT,$0.63,350
20260728,MLB-TRUNS-IT5-02HOT9O1OK1VMH8-GTE-P00065,07/27/26 10:10 PM EDT,$0.62,106
20260728,MLB-TRUNS-IT5-02HOT9QTOK1VME8-GTE-P00025,07/27/26 10:10 PM EDT,$0.55,122
20260728,MLB-TRUNS-IT5-02HOT9O1OK1VMH8-GTE-P00065,07/27/26 10:10 PM EDT,$0.59,93
20260728,MLB-TRUNS-IT5-02HOT9QTOK1VME8-GTE-P00025,07/27/26 10:10 PM EDT,$0.57,4
20260728,MLB-TRUNS-IT5-02HOT9R0OK1VNTG-GTE-P00045,07/27/26 10:11 PM EDT,$0.42,100
20260728,MLB-TRUNS-IT5-02HOT9O1OK1VMH8-GTE-P00065,07/27/26 10:11 PM EDT,$0.47,424
20260728,MLB-TRUNS-IT5-02HOT9R0OK1VNTG-GTE-P00045,07/27/26 10:11 PM EDT,$0.41,116
20260728,MLB-TRUNS-IT5-02HOT9R0OK1VNTG-GTE-P00045,07/27/26 10:12 PM EDT,$0.37,350
20260728,MLB-TRUNS-IT5-02HOT9R0OK1VNTG-GTE-P00045,07/27/26 10:12 PM EDT,$0.36,87
20260728,MLB-MOVY-IT5-02HOT9QTOK1VME8-SFTS000-GTE-P00005,07/27/26 10:12 PM EDT,$0.46,322
20260728,MLB-MOVY-IT5-02HOT9QTOK1VME8-SFTS000-GTE-P00005,07/27/26 10:12 PM EDT,$0.49,322
20260728,MLB-MOVY-IT5-02HOT9QTOK1VME8-SFTS000-GTE-P00005,07/27/26 10:12 PM EDT,$0.50,78
20260728,MLB-TRUNS-IT5-02HOT9R0OK1VNTG-GTE-P00045,07/27/26 10:12 PM EDT,$0.37,350
20260728,MLB-MOVY-IT5-02HOT9R0OK1VNTG-ATCS000-GTE-P00005,07/27/26 10:13 PM EDT,$0.56,34
20260728,MLB-TRUNS-IT5-02HOT9O1OK1VMH8-GTE-P00065,07/27/26 10:13 PM EDT,$0.47,18
20260728,MLB-TRUNS-IT5-02HOT9QTOK1VME8-GTE-P00035,07/27/26 10:13 PM EDT,$0.45,26
20260728,MLB-TRUNS-IT5-02HOT9VAOK1VM3G-GTE-P00055,07/27/26 10:13 PM EDT,$0.47,35
20260728,MLB-TRUNS-IT5-02HOT9QTOK1VME8-GTE-P00035,07/27/26 10:13 PM EDT,$0.45,11
20260728,MLB-WIN-IT5-02HOT9VAOK1VM3G-HOOS000,07/27/26 10:13 PM EDT,$0.13,25
20260728,MLB-TRUNS-IT5-02HOT9R0OK1VNTG-GTE-P00045,07/27/26 10:13 PM EDT,$0.40,274
20260728,MLB-WIN-IT5-02HOT9VAOK1VM3G-HOOS000,07/27/26 10:13 PM EDT,$0.16,350
20260728,MLB-WIN-IT5-02HOT9VAOK1VM3G-HOOS000,07/27/26 10:14 PM EDT,$0.16,350
20260728,MLB-TRUNS-IT5-02HOT9R0OK1VNTG-GTE-P00045,07/27/26 10:14 PM EDT,$0.42,833
20260728,KBO-MOVY-FG-000ABKU5I43KKM0-DORS000-GTE-P00015,07/27/26 10:14 PM EDT,$0.46,1
20260728,KBO-TRUNS-FG-000ABKVAI43KK20-GTE-P00095,07/27/26 10:14 PM EDT,$0.55,702
20260728,KBO-MOVY-FG-000ABKVAI43KK20-LGNS000-GTE-P00025,07/27/26 10:14 PM EDT,$0.53,1
20260728,KBO-MOVY-FG-000ABKQ0I43KKSG-KIRS000-GTE-P00015,07/27/26 10:14 PM EDT,$0.45,1
20260728,MLB-TRUNS-IT5-02HOT9QTOK1VME8-GTE-P00035,07/27/26 10:14 PM EDT,$0.45,52
20260728,MLB-TRUNS-IT5-02HOT9O1OK1VMH8-GTE-P00065,07/27/26 10:14 PM EDT,$0.44,50
20260728,KBO-MOVY-FG-000ABKSKI43KLPO-KTON000-GTE-P00015,07/27/26 10:14 PM EDT,$0.46,1
20260728,MLB-MOVY-IT5-02HOT9R0OK1VNTG-ATCS000-GTE-P00005,07/27/26 10:14 PM EDT,$0.48,180
20260728,MLB-MOVY-IT5-02HOT9R0OK1VNTG-ATCS000-GTE-P00005,07/27/26 10:14 PM EDT,$0.48,166
20260728,MLB-WIN-IT5-02HOT9V9OK1VNE0-CHOX000,07/27/26 10:15 PM EDT,$0.48,4
20260728,KBO-MOVY-FG-000ABKUPI43KK2G-HAES000-GTE-P00015,07/27/26 10:15 PM EDT,$0.47,1
20260728,MLB-WIN-IT5-02HOT9QTOK1VME8-SFTS000,07/27/26 10:15 PM EDT,$0.61,15
20260728,MLB-WIN-IT5-02HOT9R0OK1VNTG-ATCS000,07/27/26 10:15 PM EDT,$0.57,16
20260728,MLB-TRUNS-IT5-02HOT9R0OK1VNTG-GTE-P00045,07/27/26 10:15 PM EDT,$0.49,10
20260728,MLB-WIN-IT5-02HOT9R0OK1VNTG-BOOX000,07/27/26 10:15 PM EDT,$0.45,8
20260728,MLB-TRUNS-IT5-02HOT9R0OK1VNTG-GTE-P00045,07/27/26 10:15 PM EDT,$0.47,32
20260728,MLB-TRUNS-IT5-02HOT9O1OK1VMH8-GTE-P00055,07/27/26 10:15 PM EDT,$0.57,4
20260728,MLB-MOVY-IT5-02HOT9QTOK1VME8-MIRS000-GTE-P00005,07/27/26 10:15 PM EDT,$0.29,56
20260728,MLB-TRUNS-IT5-02HOT9R0OK1VNTG-GTE-P00045,07/27/26 10:15 PM EDT,$0.47,898
20260728,MLB-TRUNS-IT5-02HOT9O1OK1VMH8-GTE-P00055,07/27/26 10:15 PM EDT,$0.56,32
20260728,MLB-TRUNS-IT5-02HOT9VAOK1VM3G-GTE-P00055,07/27/26 10:16 PM EDT,$0.48,40
20260728,MLB-WIN-IT5-02HOT9VAOK1VM3G-LALS000,07/27/26 10:16 PM EDT,$0.84,18
20260728,MLB-TRUNS-I7-02HOT9V9OK1VNE0-GTE-P00005,07/27/26 10:16 PM EDT,$0.60,10
20260728,MLB-WIN-IT5-02HOT9R0OK1VNTG-BOOX000,07/27/26 10:16 PM EDT,$0.48,20
20260728,MLB-TRUNS-IT5-02HOT9R0OK1VNTG-GTE-P00045,07/27/26 10:16 PM EDT,$0.48,25
20260728,MLB-TRUNS-I7-02HOT9V9OK1VNE0-GTE-P00005,07/27/26 10:16 PM EDT,$0.60,10
20260728,MLB-TRUNS-I7-02HOT9V9OK1VNE0-GTE-P00005,07/27/26 10:16 PM EDT,$0.60,10
20260728,MLB-TRUNS-IT5-02HOT9O1OK1VMH8-GTE-P00055,07/27/26 10:17 PM EDT,$0.55,82
20260728,MLB-TRUNS-IT5-02HOT9O1OK1VMH8-GTE-P00055,07/27/26 10:17 PM EDT,$0.55,10
20260728,MLB-TRUNS-IT5-02HOT9R0OK1VNTG-GTE-P00045,07/27/26 10:17 PM EDT,$0.47,22
20260728,MLB-WIN-IT5-02HOT9VAOK1VM3G-LALS000,07/27/26 10:17 PM EDT,$0.85,350
20260728,MLB-WIN-IT5-02HOT9VAOK1VM3G-HOOS000,07/27/26 10:17 PM EDT,$0.16,10
20260728,MLB-TRUNS-I7-02HOT9V9OK1VNE0-GTE-P00015,07/27/26 10:17 PM EDT,$0.26,10
20260728,MLB-TRUNS-I7-02HOT9V9OK1VNE0-GTE-P00015,07/27/26 10:17 PM EDT,$0.26,10
20260728,MLB-WIN-IT5-02HOT9VAOK1VM3G-HOOS000,07/27/26 10:17 PM EDT,$0.16,17
20260728,MLB-TRUNS-I7-02HOT9V9OK1VNE0-GTE-P00015,07/27/26 10:17 PM EDT,$0.26,10
20260728,MLB-MOVY-IT5-02HOT9VAOK1VM3G-LALS000-GTE-P00025,07/27/26 10:17 PM EDT,$0.45,10
20260728,KBO-TRUNS-FG-000ABKUPI43KK2G-GTE-P00155,07/27/26 10:17 PM EDT,$0.13,7
20260728,MLB-TRUNS-IT5-02HOT9O1OK1VMH8-GTE-P00055,07/27/26 10:17 PM EDT,$0.59,4
20260728,MLB-TRUNS-I7-02HOT9V9OK1VNE0-GTE-P00005,07/27/26 10:17 PM EDT,$0.60,10
20260728,KBO-TRUNS-FG-000ABKQ0I43KKSG-GTE-P00085,07/27/26 10:17 PM EDT,$0.72,3
20260728,KBO-TRUNS-FG-000ABKU5I43KKM0-GTE-P00075,07/27/26 10:17 PM EDT,$0.66,3
20260728,KBO-TRUNS-FG-000ABKVAI43KK20-GTE-P00085,07/27/26 10:17 PM EDT,$0.66,3
20260728,KBO-TRUNS-FG-000ABKUPI43KK2G-GTE-P00075,07/27/26 10:17 PM EDT,$0.63,3
20260728,KBO-TRUNS-FG-000ABKSKI43KLPO-GTE-P00085,07/27/26 10:17 PM EDT,$0.66,3
20260728,MLB-TRUNS-I7-02HOT9V9OK1VNE0-GTE-P00005,07/27/26 10:18 PM EDT,$0.60,10
20260728,MLB-TRUNS-I7-02HOT9V9OK1VNE0-GTE-P00005,07/27/26 10:18 PM EDT,$0.61,10
20260728,MLB-TRUNS-I7-02HOT9V9OK1VNE0-GTE-P00005,07/27/26 10:19 PM EDT,$0.42,4
20260728,MLB-TRUNS-IT5-02HOT9R0OK1VNTG-GTE-P00045,07/27/26 10:19 PM EDT,$0.28,10
20260728,MLB-WIN-IT5-02HOT9VAOK1VM3G-HOOS000,07/27/26 10:19 PM EDT,$0.16,294
20260728,MLB-WIN-IT5-02HOT9VAOK1VM3G-LALS000,07/27/26 10:19 PM EDT,$0.85,350
20260728,MLB-MOVY-IT5-02HOT9R0OK1VNTG-ATCS000-GTE-P00015,07/27/26 10:19 PM EDT,$0.41,58
20260728,MLB-TRUNS-I7-02HOT9V9OK1VNE0-GTE-P00005,07/27/26 10:19 PM EDT,$0.42,10
20260728,MLB-TRUNS-IT5-02HOT9VAOK1VM3G-GTE-P00045,07/27/26 10:20 PM EDT,$0.60,8
20260728,MLB-WIN-IT5-02HOT9QTOK1VME8-MIRS000,07/27/26 10:20 PM EDT,$0.36,350
20260728,MLB-TRUNS-IT5-02HOT9O1OK1VMH8-GTE-P00055,07/27/26 10:20 PM EDT,$0.55,12
20260728,MLB-WIN-IT5-02HOT9R0OK1VNTG-ATCS000,07/27/26 10:20 PM EDT,$0.76,51
20260728,MLB-TRUNS-I7-02HOT9V9OK1VNE0-GTE-P00005,07/27/26 10:20 PM EDT,$0.35,10
20260728,MLB-MOVY-IT5-02HOSF3DOK1VH80-CIDS000-GTE-P00005,07/27/26 10:20 PM EDT,$0.54,1754
20260728,MLB-WIN-IT5-02HOT9VAOK1VM3G-HOOS000,07/27/26 10:20 PM EDT,$0.11,294
20260728,MLB-TRUNS-I7-02HOT9V9OK1VNE0-GTE-P00005,07/27/26 10:21 PM EDT,$0.35,10
20260728,MLB-WIN-IT5-02HOT9QTOK1VME8-SFTS000,07/27/26 10:21 PM EDT,$0.59,350
20260728,MLB-TRUNS-IT5-02HOT9O1OK1VMH8-GTE-P00055,07/27/26 10:22 PM EDT,$0.50,39
20260728,MLB-TRUNS-I7-02HOT9V9OK1VNE0-GTE-P00015,07/27/26 10:22 PM EDT,$0.33,10
20260728,MLB-MOVY-IT5-02HOT9QTOK1VME8-SFTS000-GTE-P00005,07/27/26 10:22 PM EDT,$0.39,3
20260728,MLB-TRUNS-I7-02HOT9V9OK1VNE0-GTE-P00015,07/27/26 10:22 PM EDT,$0.33,10
20260728,NWSL-DWIN-FG-000A28PPI788FO8-DRAW,07/27/26 10:22 PM EDT,$0.29,64
20260728,MLB-MOVY-IT5-02HOT9O1OK1VMH8-CHBS000-GTE-P00025,07/27/26 10:22 PM EDT,$0.38,125
20260728,MLB-TRUNS-IT5-02HOT9QTOK1VME8-GTE-P00025,07/27/26 10:22 PM EDT,$0.45,175
20260728,MLB-WIN-IT5-02HOT9QTOK1VME8-MIRS000,07/27/26 10:22 PM EDT,$0.54,17
20260728,MLB-TRUNS-I7-02HOT9V9OK1VNE0-GTE-P00015,07/27/26 10:22 PM EDT,$0.31,9
20260728,MLB-TRUNS-IT5-02HOT9O1OK1VMH8-GTE-P00055,07/27/26 10:22 PM EDT,$0.56,82
20260728,MLB-TRUNS-IT5-02HOT9R0OK1VNTG-GTE-P00025,07/27/26 10:22 PM EDT,$0.56,21
20260728,MLB-TRUNS-IT5-02HOT9R0OK1VNTG-GTE-P00025,07/27/26 10:22 PM EDT,$0.56,38
20260728,MLB-TRUNS-IT5-02HOT9R0OK1VNTG-GTE-P00025,07/27/26 10:22 PM EDT,$0.56,22
20260728,MLB-TRUNS-I4-02HOT9O1OK1VMH8-GTE-P00005,07/27/26 10:23 PM EDT,$0.47,10
20260728,MLB-TRUNS-IT5-02HOT9R0OK1VNTG-GTE-P00025,07/27/26 10:23 PM EDT,$0.57,19
20260728,MLB-TRUNS-IT5-02HOT9QTOK1VME8-GTE-P00025,07/27/26 10:23 PM EDT,$0.48,39
20260728,MLB-TRUNS-IT5-02HOT9O1OK1VMH8-GTE-P00055,07/27/26 10:23 PM EDT,$0.56,17
20260728,MLB-TRUNS-IT5-02HOT9O1OK1VMH8-GTE-P00055,07/27/26 10:23 PM EDT,$0.50,173
20260728,MLB-TRUNS-IT5-02HOT9QTOK1VME8-GTE-P00025,07/27/26 10:23 PM EDT,$0.50,19
20260728,MLB-TRUNS-IT5-02HOT9O1OK1VMH8-GTE-P00065,07/27/26 10:24 PM EDT,$0.32,18
20260728,MLB-MOVY-IT5-02HOT9QTOK1VME8-SFTS000-GTE-P00005,07/27/26 10:24 PM EDT,$0.36,319
20260728,MLB-MOVY-IT5-02HOT9QTOK1VME8-MIRS000-GTE-P00005,07/27/26 10:24 PM EDT,$0.41,3
20260728,MLB-TRUNS-IT5-02HOT9R0OK1VNTG-GTE-P00025,07/27/26 10:24 PM EDT,$0.57,56
20260728,MLB-TRUNS-IT5-02HOT9QTOK1VME8-GTE-P00025,07/27/26 10:24 PM EDT,$0.49,320
20260728,MLB-WIN-IT5-02HOT9VAOK1VM3G-HOOS000,07/27/26 10:24 PM EDT,$0.15,50
20260728,MLB-MOVY-IT5-02HOT9O1OK1VMH8-CHBS000-GTE-P00025,07/27/26 10:24 PM EDT,$0.37,12
20260728,KBO-WIN-FG-000ABKU5I43KKM0-DORS000,07/27/26 10:24 PM EDT,$0.59,8
20260728,MLB-TRUNS-IT5-02HOT9QTOK1VME8-GTE-P00025,07/27/26 10:24 PM EDT,$0.41,5
20260728,MLB-TRUNS-IT5-02HOT9QTOK1VME8-GTE-P00025,07/27/26 10:24 PM EDT,$0.41,16
20260728,MLB-TRUNS-IT5-02HOT9O1OK1VMH8-GTE-P00055,07/27/26 10:25 PM EDT,$0.50,3
20260728,MLB-TRUNS-IT5-02HOT9VAOK1VM3G-GTE-P00045,07/27/26 10:25 PM EDT,$0.54,20
20260728,MLB-TRUNS-I8-02HOT9V9OK1VNE0-GTE-P00005,07/27/26 10:25 PM EDT,$0.46,10
20260728,MLB-MOVY-IT5-02HOT9VAOK1VM3G-LALS000-GTE-P00025,07/27/26 10:25 PM EDT,$0.42,84
20260728,KBO-WIN-FG-000ABKQ0I43KKSG-KIRS000,07/27/26 10:25 PM EDT,$0.57,8
20260728,MLB-TRUNS-IT5-02HOT9QTOK1VME8-GTE-P00035,07/27/26 10:25 PM EDT,$0.25,212
20260728,MLB-WIN-IT5-02HOT9R0OK1VNTG-BOOX000,07/27/26 10:25 PM EDT,$0.24,76
20260728,MLB-TRUNS-IT5-02HOT9QTOK1VME8-GTE-P00025,07/27/26 10:25 PM EDT,$0.38,320
20260728,MLB-WIN-IT5-02HOT9R0OK1VNTG-BOOX000,07/27/26 10:25 PM EDT,$0.23,57
20260728,KBO-WIN-FG-000ABKSKI43KLPO-KTON000,07/27/26 10:25 PM EDT,$0.59,8
20260728,MLB-MOVY-IT5-02HOT9O1OK1VMH8-CHBS000-GTE-P00005,07/27/26 10:25 PM EDT,$0.84,33
20260728,KBO-WIN-FG-000ABKUPI43KK2G-HAES000,07/27/26 10:25 PM EDT,$0.65,7
20260728,MLB-TRUNS-IT5-02HOT9VAOK1VM3G-GTE-P00045,07/27/26 10:26 PM EDT,$0.55,43
20260728,MLB-MOVY-IT5-02HOT9O1OK1VMH8-CHBS000-GTE-P00015,07/27/26 10:26 PM EDT,$0.66,350
20260728,MLB-TRUNS-IT5-02HOT9R0OK1VNTG-GTE-P00025,07/27/26 10:26 PM EDT,$0.55,31
20260728,MLB-WIN-IT5-02HOT9QTOK1VME8-MIRS000,07/27/26 10:27 PM EDT,$0.48,350
20260728,MLB-TRUNS-IT5-02HOT9R0OK1VNTG-GTE-P00025,07/27/26 10:27 PM EDT,$0.54,83
20260728,MLB-WIN-IT5-02HOT9VAOK1VM3G-HOOS000,07/27/26 10:27 PM EDT,$0.14,66
20260728,MLB-TRUNS-IT5-02HOT9QTOK1VME8-GTE-P00015,07/27/26 10:27 PM EDT,$0.55,212
20260728,MLB-TRUNS-I7-02HOT9V9OK1VNE0-GTE-P00015,07/27/26 10:27 PM EDT,$0.20,10
20260728,MLB-TRUNS-I7-02HOT9V9OK1VNE0-GTE-P00015,07/27/26 10:27 PM EDT,$0.20,10
20260728,MLB-WIN-IT5-02HOT9O1OK1VMH8-STLS000,07/27/26 10:27 PM EDT,$0.12,71
20260728,KBO-TRUNS-FG-000ABKU5I43KKM0-GTE-P00095,07/27/26 10:27 PM EDT,$0.46,14
20260728,MLB-TRUNS-I7-02HOT9V9OK1VNE0-GTE-P00015,07/27/26 10:27 PM EDT,$0.20,9
20260728,MLB-MOVY-IT5-02HOT9R0OK1VNTG-ATCS000-GTE-P00005,07/27/26 10:27 PM EDT,$0.55,23
20260728,MLB-TRUNS-IT5-02HOT9VAOK1VM3G-GTE-P00045,07/27/26 10:27 PM EDT,$0.50,69
20260728,KBO-WIN-FG-000ABKVAI43KK20-LGNS000,07/27/26 10:28 PM EDT,$0.78,12
20260728,KBO-WIN-FG-000ABKU5I43KKM0-DORS000,07/27/26 10:28 PM EDT,$0.59,32
20260728,MLB-WIN-IT5-02HOT9R0OK1VNTG-BOOX000,07/27/26 10:28 PM EDT,$0.29,32
20260728,KBO-WIN-FG-000ABKVAI43KK20-LGNS000,07/27/26 10:28 PM EDT,$0.76,12
20260728,MLB-WIN-IT5-02HOT9QTOK1VME8-SFTS000,07/27/26 10:28 PM EDT,$0.61,350
20260728,MLB-WIN-IT5-02HOT9QTOK1VME8-SFTS000,07/27/26 10:28 PM EDT,$0.61,350
20260728,MLB-WIN-IT5-02HOT9QTOK1VME8-MIRS000,07/27/26 10:28 PM EDT,$0.40,350
20260728,KBO-WIN-FG-000ABKU5I43KKM0-DORS000,07/27/26 10:28 PM EDT,$0.58,32
20260728,MLB-TRUNS-IT5-02HOT9O1OK1VMH8-GTE-P00055,07/27/26 10:28 PM EDT,$0.44,25
20260728,MLB-MOVY-IT5-02HOT9R0OK1VNTG-ATCS000-GTE-P00005,07/27/26 10:28 PM EDT,$0.55,53
20260728,MLB-WIN-IT5-02HOT9QTOK1VME8-SFTS000,07/27/26 10:28 PM EDT,$0.70,350
20260728,MLB-WIN-IT5-02HOT9QTOK1VME8-SFTS000,07/27/26 10:28 PM EDT,$0.70,350
20260728,MLB-WIN-IT5-02HOT9QTOK1VME8-SFTS000,07/27/26 10:28 PM EDT,$0.69,350
20260728,MLB-WIN-IT5-02HOT9QTOK1VME8-SFTS000,07/27/26 10:29 PM EDT,$0.69,350
20260728,MLB-TRUNS-IT5-02HOT9QTOK1VME8-GTE-P00005,07/27/26 10:29 PM EDT,$0.89,350
20260728,MLB-WIN-IT5-02HOT9QTOK1VME8-MIRS000,07/27/26 10:29 PM EDT,$0.23,134
20260728,MLB-WIN-IT5-02HOT9QTOK1VME8-SFTS000,07/27/26 10:30 PM EDT,$0.80,350
20260728,MLB-WIN-IT5-02HOT9QTOK1VME8-SFTS000,07/27/26 10:30 PM EDT,$0.80,350
20260728,MLB-WIN-IT5-02HOT9QTOK1VME8-SFTS000,07/27/26 10:30 PM EDT,$0.80,350
20260728,MLB-MOVY-IT5-02HOT9O1OK1VMH8-CHBS000-GTE-P00025,07/27/26 10:30 PM EDT,$0.37,24
20260728,MLB-WIN-IT5-02HOT9QTOK1VME8-SFTS000,07/27/26 10:30 PM EDT,$0.80,350
20260728,MLB-WIN-IT5-02HOT9QTOK1VME8-SFTS000,07/27/26 10:31 PM EDT,$0.80,350
20260728,MLB-WIN-IT5-02HOT9QTOK1VME8-SFTS000,07/27/26 10:31 PM EDT,$0.80,350
20260728,MLB-WIN-IT5-02HOT9QTOK1VME8-SFTS000,07/27/26 10:31 PM EDT,$0.80,350
20260728,MLB-WIN-IT5-02HOT9QTOK1VME8-SFTS000,07/27/26 10:31 PM EDT,$0.80,350
20260728,MLB-TRUNS-IT5-02HOT9R0OK1VNTG-GTE-P00045,07/27/26 10:31 PM EDT,$0.31,52
20260728,MLB-WIN-IT5-02HOT9R0OK1VNTG-BOOX000,07/27/26 10:31 PM EDT,$0.29,161
20260728,KBO-WIN-FG-000ABKVAI43KK20-KIES000,07/27/26 10:31 PM EDT,$0.24,19
20260728,MLB-TRUNS-IT5-02HOT9VAOK1VM3G-GTE-P00055,07/27/26 10:31 PM EDT,$0.33,350
20260728,MLB-TRUNS-I4-02HOT9O1OK1VMH8-GTE-P00005,07/27/26 10:31 PM EDT,$0.44,43
20260728,MLB-TRUNS-IT5-02HOT9QTOK1VME8-GTE-P00025,07/27/26 10:31 PM EDT,$0.53,204
20260728,MLB-TRUNS-IT5-02HOT9VAOK1VM3G-GTE-P00045,07/27/26 10:31 PM EDT,$0.46,62
20260728,MLB-MOVY-IT5-02HOT9R0OK1VNTG-ATCS000-GTE-P00005,07/27/26 10:31 PM EDT,$0.49,1
20260728,MLB-WIN-IT5-02HOT9R0OK1VNTG-BOOX000,07/27/26 10:32 PM EDT,$0.29,161
20260728,MLB-TRUNS-IT5-02HOT9VAOK1VM3G-GTE-P00055,07/27/26 10:32 PM EDT,$0.31,350
20260728,MLB-TRUNS-IT5-02HOT9VAOK1VM3G-GTE-P00055,07/27/26 10:32 PM EDT,$0.31,350
20260728,MLB-MOVY-IT5-02HOT9O1OK1VMH8-CHBS000-GTE-P00025,07/27/26 10:32 PM EDT,$0.36,71
20260728,MLB-WIN-IT5-02HOT9R0OK1VNTG-BOOX000,07/27/26 10:32 PM EDT,$0.34,45
20260728,MLB-TRUNS-IT5-02HOT9O1OK1VMH8-GTE-P00055,07/27/26 10:32 PM EDT,$0.50,9
20260728,MLB-TRUNS-IT5-02HOT9QTOK1VME8-GTE-P00025,07/27/26 10:33 PM EDT,$0.57,1960
20260728,MLB-WIN-IT5-02HOT9R0OK1VNTG-ATCS000,07/27/26 10:33 PM EDT,$0.62,350
20260728,MLB-WIN-IT5-02HOT9R0OK1VNTG-ATCS000,07/27/26 10:33 PM EDT,$0.62,350
20260728,MLB-WIN-IT5-02HOT9R0OK1VNTG-ATCS000,07/27/26 10:33 PM EDT,$0.62,350
20260728,MLB-TRUNS-IT5-02HOT9R0OK1VNTG-GTE-P00015,07/27/26 10:33 PM EDT,$0.76,350
20260728,MLB-WIN-IT5-02HOT9R0OK1VNTG-ATCS000,07/27/26 10:33 PM EDT,$0.62,350
20260728,MLB-WIN-IT5-02HOT9R0OK1VNTG-ATCS000,07/27/26 10:33 PM EDT,$0.62,100
20260728,MLB-TRUNS-IT5-02HOT9R0OK1VNTG-GTE-P00035,07/27/26 10:33 PM EDT,$0.42,350
20260728,MLB-MOVY-IT5-02HOT9R0OK1VNTG-BOOX000-GTE-P00015,07/27/26 10:33 PM EDT,$0.16,350
20260728,MLB-WIN-IT5-02HOT9R0OK1VNTG-BOOX000,07/27/26 10:33 PM EDT,$0.38,10
20260728,MLB-WIN-IT5-02HOT9R0OK1VNTG-BOOX000,07/27/26 10:33 PM EDT,$0.37,564
20260728,MLB-WIN-IT5-02HOT9R0OK1VNTG-ATCS000,07/27/26 10:33 PM EDT,$0.69,21
20260728,MLB-TRUNS-IT5-02HOT9R0OK1VNTG-GTE-P00025,07/27/26 10:34 PM EDT,$0.50,57
20260728,MLB-WIN-IT5-02HOT9R0OK1VNTG-BOOX000,07/27/26 10:34 PM EDT,$0.27,161
20260728,MLB-WIN-IT5-02HOT9R0OK1VNTG-ATCS000,07/27/26 10:34 PM EDT,$0.70,34
20260728,MLB-WIN-IT5-02HOT9R0OK1VNTG-BOOX000,07/27/26 10:34 PM EDT,$0.28,350
20260728,MLB-WIN-IT5-02HOT9R0OK1VNTG-BOOX000,07/27/26 10:34 PM EDT,$0.28,350
20260728,MLB-TRUNS-IT5-02HOT9R0OK1VNTG-GTE-P00025,07/27/26 10:34 PM EDT,$0.51,39
20260728,MLB-TRUNS-IT5-02HOT9R0OK1VNTG-GTE-P00045,07/27/26 10:34 PM EDT,$0.19,9
20260728,MLB-WIN-IT5-02HOT9R0OK1VNTG-ATCS000,07/27/26 10:34 PM EDT,$0.72,350
20260728,MLB-WIN-IT5-02HOT9R0OK1VNTG-ATCS000,07/27/26 10:34 PM EDT,$0.72,350
20260728,MLB-MOVY-IT5-02HOT9O1OK1VMH8-CHBS000-GTE-P00025,07/27/26 10:34 PM EDT,$0.16,24
20260728,MLB-TRUNS-IT5-02HOT9VAOK1VM3G-GTE-P00045,07/27/26 10:35 PM EDT,$0.41,41
20260728,MLB-WIN-IT5-02HOT9R0OK1VNTG-BOOX000,07/27/26 10:35 PM EDT,$0.22,32
20260728,MLB-MOVY-IT5-02HOT9O1OK1VMH8-CHBS000-GTE-P00015,07/27/26 10:35 PM EDT,$0.62,342
20260728,MLB-TRUNS-IT5-02HOT9O1OK1VMH8-GTE-P00045,07/27/26 10:35 PM EDT,$0.63,23
20260728,MLB-TRUNS-IT5-02HOT9O1OK1VMH8-GTE-P00045,07/27/26 10:35 PM EDT,$0.58,56
20260728,MLB-TRUNS-IT5-02HOT9O1OK1VMH8-GTE-P00045,07/27/26 10:35 PM EDT,$0.63,15
20260728,MLB-TRUNS-IT5-02HOT9VAOK1VM3G-GTE-P00045,07/27/26 10:35 PM EDT,$0.41,16
20260728,MLB-WIN-IT5-02HOT9R0OK1VNTG-BOOX000,07/27/26 10:35 PM EDT,$0.14,161
20260728,MLB-MOVY-IT5-02HOT9O1OK1VMH8-CHBS000-GTE-P00025,07/27/26 10:36 PM EDT,$0.16,71
20260728,KBO-WIN-FG-000ABKSKI43KLPO-KTON000,07/27/26 10:36 PM EDT,$0.59,42
20260728,KBO-WIN-FG-000ABKSKI43KLPO-KTON000,07/27/26 10:36 PM EDT,$0.58,42
20260728,MLB-WIN-IT5-02HOT9VAOK1VM3G-HOOS000,07/27/26 10:36 PM EDT,$0.08,55
20260728,MLB-MOVY-IT5-02HOT9O1OK1VMH8-CHBS000-GTE-P00015,07/27/26 10:36 PM EDT,$0.58,1
20260728,MLB-WIN-IT5-02HOT9O1OK1VMH8-STLS000,07/27/26 10:36 PM EDT,$0.16,4
20260728,MLB-WIN-IT5-02HOT9VAOK1VM3G-HOOS000,07/27/26 10:36 PM EDT,$0.08,333
20260728,MLB-TRUNS-IT5-02HOT9O1OK1VMH8-GTE-P00045,07/27/26 10:36 PM EDT,$0.58,22
20260728,MLB-WIN-IT5-02HOT9QTOK1VME8-MIRS000,07/27/26 10:36 PM EDT,$0.30,1
20260728,MLB-WIN-IT5-02HOT9O1OK1VMH8-CHBS000,07/27/26 10:36 PM EDT,$0.86,350
20260728,MLB-WIN-IT5-02HOT9R0OK1VNTG-BOOX000,07/27/26 10:36 PM EDT,$0.12,125
20260728,MLB-WIN-IT5-02HOT9R0OK1VNTG-BOOX000,07/27/26 10:37 PM EDT,$0.12,625
20260728,MLB-WIN-IT5-02HOT9R0OK1VNTG-BOOX000,07/27/26 10:37 PM EDT,$0.13,350
20260728,MLB-TRUNS-IT5-02HOT9O1OK1VMH8-GTE-P00045,07/27/26 10:37 PM EDT,$0.55,49
20260728,MLB-WIN-IT5-02HOT9R0OK1VNTG-BOOX000,07/27/26 10:37 PM EDT,$0.13,350
20260728,MLB-WIN-IT5-02HOT9R0OK1VNTG-BOOX000,07/27/26 10:37 PM EDT,$0.13,350
20260728,MLB-TRUNS-IT5-02HOT9VAOK1VM3G-GTE-P00055,07/27/26 10:37 PM EDT,$0.25,106
20260728,MLB-MOVY-IT5-02HOT9R0OK1VNTG-BOOX000-GTE-P00005,07/27/26 10:37 PM EDT,$0.06,727
20260728,MLB-TRUNS-IT5-02HOT9O1OK1VMH8-GTE-P00045,07/27/26 10:37 PM EDT,$0.52,126
20260728,MLB-TRUNS-IT5-02HOT9O1OK1VMH8-GTE-P00045,07/27/26 10:37 PM EDT,$0.52,962
20260728,MLB-TRUNS-IT5-02HOT9O1OK1VMH8-GTE-P00045,07/27/26 10:37 PM EDT,$0.52,350
20260728,MLB-TRUNS-IT5-02HOT9VAOK1VM3G-GTE-P00055,07/27/26 10:37 PM EDT,$0.25,333
20260728,MLB-TRUNS-IT5-02HOT9VAOK1VM3G-GTE-P00055,07/27/26 10:37 PM EDT,$0.25,17
20260728,MLB-WIN-IT5-02HOT9VAOK1VM3G-HOOS000,07/27/26 10:38 PM EDT,$0.09,3
20260728,MLB-WIN-IT5-02HOT9VAOK1VM3G-HOOS000,07/27/26 10:38 PM EDT,$0.09,6
20260728,MLB-TRUNS-IT5-02HOT9O1OK1VMH8-GTE-P00045,07/27/26 10:38 PM EDT,$0.59,215
20260728,MLB-WIN-IT5-02HOT9QTOK1VME8-MIRS000,07/27/26 10:38 PM EDT,$0.24,350
20260728,MLB-TRUNS-IT5-02HOT9R0OK1VNTG-GTE-P00015,07/27/26 10:38 PM EDT,$0.54,150
20260728,MLB-TRUNS-IT5-02HOT9R0OK1VNTG-GTE-P00015,07/27/26 10:38 PM EDT,$0.54,1168
20260728,MLB-WIN-IT5-02HOT9QTOK1VME8-MIRS000,07/27/26 10:38 PM EDT,$0.24,30
20260728,MLB-WIN-IT5-02HOT9R0OK1VNTG-BOOX000,07/27/26 10:39 PM EDT,$0.14,350
20260728,MLB-WIN-IT5-02HOT9R0OK1VNTG-BOOX000,07/27/26 10:39 PM EDT,$0.14,350
20260728,MLB-TRUNS-IT5-02HOT9QTOK1VME8-GTE-P00025,07/27/26 10:39 PM EDT,$0.39,15
20260728,MLB-TRUNS-IT5-02HOT9O1OK1VMH8-GTE-P00045,07/27/26 10:39 PM EDT,$0.58,150
20260728,MLB-WIN-IT5-02HOT9R0OK1VNTG-BOOX000,07/27/26 10:39 PM EDT,$0.15,5
20260728,MLB-TRUNS-IT5-02HOT9R0OK1VNTG-GTE-P00015,07/27/26 10:39 PM EDT,$0.49,4
20260728,MLB-TRUNS-IT5-02HOT9VAOK1VM3G-GTE-P00055,07/27/26 10:39 PM EDT,$0.24,83
20260728,MLB-WIN-IT5-02HOT9VAOK1VM3G-HOOS000,07/27/26 10:40 PM EDT,$0.07,19
20260728,MLB-TRUNS-IT5-02HOT9R0OK1VNTG-GTE-P00015,07/27/26 10:40 PM EDT,$0.49,4
20260728,MLB-WIN-IT5-02HOT9R0OK1VNTG-BOOX000,07/27/26 10:40 PM EDT,$0.13,16
20260728,MLB-MOVY-IT5-02HOT9QTOK1VME8-SFTS000-GTE-P00015,07/27/26 10:40 PM EDT,$0.33,289
20260728,MLB-TRUNS-IT5-02HOT9QTOK1VME8-GTE-P00015,07/27/26 10:40 PM EDT,$0.58,77
20260728,MLB-WIN-IT5-02HOT9QTOK1VME8-MIRS000,07/27/26 10:40 PM EDT,$0.18,7
20260728,MLB-TRUNS-IT5-02HOT9QTOK1VME8-GTE-P00015,07/27/26 10:41 PM EDT,$0.58,340
20260728,MLB-MOVY-IT5-02HOT9QTOK1VME8-SFTS000-GTE-P00015,07/27/26 10:41 PM EDT,$0.37,289
20260728,MLB-WIN-IT5-02HOT9R0OK1VNTG-BOOX000,07/27/26 10:42 PM EDT,$0.16,350
20260728,MLB-WIN-IT5-02HOT9R0OK1VNTG-BOOX000,07/27/26 10:42 PM EDT,$0.16,350
20260728,MLB-WIN-IT5-02HOT9R0OK1VNTG-BOOX000,07/27/26 10:42 PM EDT,$0.16,300
20260728,MLB-TRUNS-IT5-02HOT9R0OK1VNTG-GTE-P00015,07/27/26 10:42 PM EDT,$0.44,17
20260728,MLB-TRUNS-IT5-02HOT9O1OK1VMH8-GTE-P00045,07/27/26 10:43 PM EDT,$0.45,44
20260728,MLB-WIN-IT5-02HOT9R0OK1VNTG-ATCS000,07/27/26 10:43 PM EDT,$0.78,21
20260728,MLB-TRUNS-IT5-02HOT9QTOK1VME8-GTE-P00015,07/27/26 10:43 PM EDT,$0.56,32
20260728,MLB-WIN-IT5-02HOSF3DOK1VH80-CIDS000,07/27/26 10:43 PM EDT,$0.44,1
20260728,MLB-WIN-IT5-02HOT9R0OK1VNTG-BOOX000,07/27/26 10:43 PM EDT,$0.22,166
20260728,MLB-TRUNS-IT5-02HOT9O1OK1VMH8-GTE-P00045,07/27/26 10:43 PM EDT,$0.45,350
20260728,MLB-MOVY-IT5-02HOT9R0OK1VNTG-ATCS000-GTE-P00005,07/27/26 10:44 PM EDT,$0.69,50
20260728,MLB-WIN-IT5-02HOT9R0OK1VNTG-BOOX000,07/27/26 10:44 PM EDT,$0.24,11
20260728,MLB-TRUNS-IT5-02HOT9R0OK1VNTG-GTE-P00015,07/27/26 10:44 PM EDT,$0.60,312
20260728,MLB-TRUNS-IT5-02HOT9O1OK1VMH8-GTE-P00045,07/27/26 10:44 PM EDT,$0.52,12
20260728,MLB-TRUNS-IT5-02HOT9QTOK1VME8-GTE-P00025,07/27/26 10:44 PM EDT,$0.42,3
20260728,MLB-TRUNS-IT5-02HOT9QTOK1VME8-GTE-P00025,07/27/26 10:44 PM EDT,$0.42,36
20260728,KBO-WIN-FG-000ABKQ0I43KKSG-KIRS000,07/27/26 10:44 PM EDT,$0.57,1
20260728,MLB-MOVY-IT5-02HOT9R0OK1VNTG-BOOX000-GTE-P00015,07/27/26 10:44 PM EDT,$0.06,350
20260728,MLB-MOVY-IT5-02HOT9QTOK1VME8-SFTS000-GTE-P00015,07/27/26 10:44 PM EDT,$0.45,3
20260728,MLB-TRUNS-IT5-02HOT9R0OK1VNTG-GTE-P00025,07/27/26 10:44 PM EDT,$0.26,350
20260728,MLB-TRUNS-IT5-02HOT9R0OK1VNTG-GTE-P00015,07/27/26 10:44 PM EDT,$0.60,8
20260728,MLB-WIN-IT5-02HOT9QTOK1VME8-MIRS000,07/27/26 10:44 PM EDT,$0.14,17
20260728,MLB-TRUNS-IT5-02HOT9R0OK1VNTG-GTE-P00025,07/27/26 10:44 PM EDT,$0.26,203
20260728,MLB-TRUNS-IT5-02HOT9R0OK1VNTG-GTE-P00045,07/27/26 10:45 PM EDT,$0.05,22
20260728,MLB-TRUNS-IT5-02HOT9R0OK1VNTG-GTE-P00045,07/27/26 10:45 PM EDT,$0.05,25
20260728,MLB-TRUNS-IT5-02HOT9R0OK1VNTG-GTE-P00025,07/27/26 10:45 PM EDT,$0.26,350
20260728,MLB-MOVY-IT5-02HOT9QTOK1VME8-SFTS000-GTE-P00015,07/27/26 10:45 PM EDT,$0.44,13
20260728,MLB-MOVY-IT5-02HOT9QTOK1VME8-SFTS000-GTE-P00015,07/27/26 10:45 PM EDT,$0.44,77
20260728,MLB-TRUNS-IT5-02HOT9VAOK1VM3G-GTE-P00045,07/27/26 10:45 PM EDT,$0.54,10
20260728,MLB-MOVY-IT5-02HOT9QTOK1VME8-SFTS000-GTE-P00015,07/27/26 10:45 PM EDT,$0.47,4
20260728,MLB-MOVY-IT5-02HOT9QTOK1VME8-SFTS000-GTE-P00015,07/27/26 10:45 PM EDT,$0.45,140
20260728,KBO-TRUNS-FG-000ABKU5I43KKM0-GTE-P00095,07/27/26 10:45 PM EDT,$0.46,11
20260728,MLB-TRUNS-IT5-02HOT9O1OK1VMH8-GTE-P00045,07/27/26 10:46 PM EDT,$0.46,25
20260728,MLB-TRUNS-IT5-02HOT9QTOK1VME8-GTE-P00025,07/27/26 10:46 PM EDT,$0.40,350
20260728,MLB-TRUNS-IT5-02HOT9QTOK1VME8-GTE-P00025,07/27/26 10:46 PM EDT,$0.40,760
20260728,MLB-TRUNS-IT5-02HOT9O1OK1VMH8-GTE-P00045,07/27/26 10:46 PM EDT,$0.57,10
20260728,MLB-TRUNS-IT5-02HOT9QTOK1VME8-GTE-P00015,07/27/26 10:46 PM EDT,$0.56,350
20260728,MLB-WIN-IT5-02HOT9QTOK1VME8-SFTS000,07/27/26 10:46 PM EDT,$0.88,350
20260728,KBO-WIN-FG-000ABKUPI43KK2G-HAES000,07/27/26 10:46 PM EDT,$0.64,7
20260728,MLB-WIN-IT5-02HOT9VAOK1VM3G-HOOS000,07/27/26 10:46 PM EDT,$0.06,71
20260728,MLB-TRUNS-IT5-02HOT9QTOK1VME8-GTE-P00015,07/27/26 10:46 PM EDT,$0.46,168
20260728,MLB-TRUNS-IT5-02HOT9O1OK1VMH8-GTE-P00045,07/27/26 10:46 PM EDT,$0.60,201
20260728,KBO-WIN-FG-000ABKU5I43KKM0-DORS000,07/27/26 10:47 PM EDT,$0.59,6
20260728,KBO-TRUNS-FG-000ABKVAI43KK20-GTE-P00105,07/27/26 10:47 PM EDT,$0.46,5
20260728,MLB-TRUNS-IT5-02HOT9R0OK1VNTG-GTE-P00015,07/27/26 10:47 PM EDT,$0.28,64
20260728,MLB-TRUNS-IT5-02HOT9O1OK1VMH8-GTE-P00045,07/27/26 10:47 PM EDT,$0.51,5
20260728,MLB-MOVY-IT5-02HOT9R0OK1VNTG-ATCS000-GTE-P00015,07/27/26 10:47 PM EDT,$0.28,83
20260728,MLB-TRUNS-IT5-02HOT9QTOK1VME8-GTE-P00015,07/27/26 10:48 PM EDT,$0.46,191
20260728,MLB-TRUNS-IT5-02HOT9R0OK1VNTG-GTE-P00045,07/27/26 10:48 PM EDT,$0.04,32
20260728,MLB-WIN-IT5-02HOT9VAOK1VM3G-HOOS000,07/27/26 10:48 PM EDT,$0.06,7
20260728,MLB-TRUNS-IT5-02HOT9O1OK1VMH8-GTE-P00045,07/27/26 10:48 PM EDT,$0.59,62
20260728,MLB-MOVY-IT5-02HOT9O1OK1VMH8-CHBS000-GTE-P00025,07/27/26 10:48 PM EDT,$0.37,50
20260728,MLB-TRUNS-IT5-02HOT9O1OK1VMH8-GTE-P00045,07/27/26 10:48 PM EDT,$0.59,2
20260728,MLB-TRUNS-IT5-02HOT9O1OK1VMH8-GTE-P00045,07/27/26 10:48 PM EDT,$0.59,3
20260728,MLB-TRUNS-IT5-02HOT9VAOK1VM3G-GTE-P00055,07/27/26 10:48 PM EDT,$0.56,109
20260728,MLB-TRUNS-IT5-02HOT9QTOK1VME8-GTE-P00015,07/27/26 10:48 PM EDT,$0.46,1
20260728,MLB-TRUNS-IT5-02HOT9VAOK1VM3G-GTE-P00055,07/27/26 10:48 PM EDT,$0.58,8
20260728,MLB-TRUNS-IT5-02HOT9O1OK1VMH8-GTE-P00045,07/27/26 10:48 PM EDT,$0.55,19
20260728,MLB-TRUNS-IT5-02HOT9R0OK1VNTG-GTE-P00015,07/27/26 10:48 PM EDT,$0.24,312
20260728,MLB-TRUNS-IT5-02HOT9QTOK1VME8-GTE-P00015,07/27/26 10:48 PM EDT,$0.46,35
20260728,MLB-WIN-IT5-02HOT9QTOK1VME8-MIRS000,07/27/26 10:48 PM EDT,$0.16,2
20260728,MLB-WIN-IT5-02HOT9QTOK1VME8-MIRS000,07/27/26 10:48 PM EDT,$0.17,27
20260728,MLB-WIN-IT5-02HOT9QTOK1VME8-SFTS000,07/27/26 10:48 PM EDT,$0.89,350
20260728,MLB-TRUNS-IT5-02HOT9VAOK1VM3G-GTE-P00055,07/27/26 10:49 PM EDT,$0.56,15
20260728,MLB-TRUNS-IT5-02HOT9O1OK1VMH8-GTE-P00055,07/27/26 10:49 PM EDT,$0.56,19
20260728,MLB-TRUNS-IT5-02HOT9O1OK1VMH8-GTE-P00055,07/27/26 10:49 PM EDT,$0.56,34
20260728,MLB-MOVY-IT5-02HOT9R0OK1VNTG-ATCS000-GTE-P00015,07/27/26 10:49 PM EDT,$0.22,558
20260728,MLB-TRUNS-I9-02HOT9V9OK1VNE0-GTE-P00005,07/27/26 10:49 PM EDT,$0.42,33
20260728,MLB-TRUNS-IT5-02HOT9QTOK1VME8-GTE-P00025,07/27/26 10:49 PM EDT,$0.85,350
20260728,MLB-TRUNS-IT5-02HOT9O1OK1VMH8-GTE-P00055,07/27/26 10:49 PM EDT,$0.52,10
20260728,MLB-TRUNS-IT5-02HOT9VAOK1VM3G-GTE-P00055,07/27/26 10:49 PM EDT,$0.58,10
20260728,MLB-MOVY-IT5-02HOT9O1OK1VMH8-CHBS000-GTE-P00025,07/27/26 10:49 PM EDT,$0.61,2
20260728,MLB-TRUNS-IT5-02HOT9QTOK1VME8-GTE-P00035,07/27/26 10:49 PM EDT,$0.48,5
20260728,KBO-TRUNS-FG-000ABKVAI43KK20-GTE-P00105,07/27/26 10:50 PM EDT,$0.48,20
20260728,MLB-MOVY-IT5-02HOT9R0OK1VNTG-ATCS000-GTE-P00015,07/27/26 10:50 PM EDT,$0.21,156
20260728,MLB-TRUNS-IT5-02HOT9QTOK1VME8-GTE-P00035,07/27/26 10:50 PM EDT,$0.48,2
20260728,MLB-TRUNS-IT5-02HOT9VAOK1VM3G-GTE-P00065,07/27/26 10:50 PM EDT,$0.45,568
20260728,MLB-TRUNS-IT5-02HOT9O1OK1VMH8-GTE-P00065,07/27/26 10:50 PM EDT,$0.51,188
20260728,KBO-MOVY-FG-000ABKVAI43KK20-LGNS000-GTE-P00025,07/27/26 10:50 PM EDT,$0.55,1
20260728,MLB-TRUNS-IT5-02HOT9QTOK1VME8-GTE-P00035,07/27/26 10:50 PM EDT,$0.48,300
20260728,MLB-TRUNS-IT5-02HOT9O1OK1VMH8-GTE-P00065,07/27/26 10:50 PM EDT,$0.51,283
20260728,KBO-MOVY-FG-000ABKU5I43KKM0-DORS000-GTE-P00015,07/27/26 10:50 PM EDT,$0.47,1
20260728,MLB-TRUNS-IT5-02HOT9O1OK1VMH8-GTE-P00065,07/27/26 10:50 PM EDT,$0.49,37
20260728,KBO-MOVY-FG-000ABKQ0I43KKSG-KIRS000-GTE-P00015,07/27/26 10:50 PM EDT,$0.47,1
20260728,MLB-WIN-IT5-02HOT9QTOK1VME8-MIRS000,07/27/26 10:50 PM EDT,$0.06,11
20260728,KBO-MOVY-FG-000ABKSKI43KLPO-KTON000-GTE-P00015,07/27/26 10:51 PM EDT,$0.49,1
20260728,KBO-MOVY-FG-000ABKUPI43KK2G-HAES000-GTE-P00015,07/27/26 10:51 PM EDT,$0.48,1
20260728,KBO-WIN-FG-000ABKU5I43KKM0-DORS000,07/27/26 10:51 PM EDT,$0.59,81
20260728,MLB-MOVY-IT5-02HOT9R0OK1VNTG-ATCS000-GTE-P00015,07/27/26 10:51 PM EDT,$0.16,714
20260728,MLB-MOVY-IT5-02HOT9O1OK1VMH8-CHBS000-GTE-P00025,07/27/26 10:51 PM EDT,$0.85,50
20260728,KBO-WIN-FG-000ABKQ0I43KKSG-KIRS000,07/27/26 10:51 PM EDT,$0.57,84
20260728,MLB-TRUNS-IT5-02HOT9O1OK1VMH8-GTE-P00045,07/27/26 10:51 PM EDT,$0.97,49
20260728,MLB-TRUNS-IT5-02HOT9O1OK1VMH8-GTE-P00065,07/27/26 10:51 PM EDT,$0.35,2
20260728,MLB-TRUNS-IT5-02HOT9VAOK1VM3G-GTE-P00055,07/27/26 10:51 PM EDT,$0.49,56
20260728,KBO-WIN-FG-000ABKSKI43KLPO-KTON000,07/27/26 10:51 PM EDT,$0.59,9
20260728,MLB-MOVY-IT5-02HOT9R0OK1VNTG-ATCS000-GTE-P00015,07/27/26 10:51 PM EDT,$0.14,667
20260728,MLB-TRUNS-IT5-02HOT9QTOK1VME8-GTE-P00035,07/27/26 10:51 PM EDT,$0.43,22
20260728,MLB-TRUNS-IT5-02HOT9O1OK1VMH8-GTE-P00065,07/27/26 10:51 PM EDT,$0.36,14
20260728,MLB-TRUNS-IT5-02HOT9QTOK1VME8-GTE-P00025,07/27/26 10:52 PM EDT,$0.97,39
20260728,MLB-TRUNS-IT5-02HOT9O1OK1VMH8-GTE-P00045,07/27/26 10:52 PM EDT,$0.97,12
20260728,MLB-TRUNS-IT5-02HOT9QTOK1VME8-GTE-P00035,07/27/26 10:52 PM EDT,$0.46,40
20260728,MLB-TRUNS-IT5-02HOT9QTOK1VME8-GTE-P00035,07/27/26 10:52 PM EDT,$0.46,20
20260728,MLB-TRUNS-IT5-02HOT9VAOK1VM3G-GTE-P00055,07/27/26 10:52 PM EDT,$0.49,3
20260728,MLB-TRUNS-IT5-02HOT9QTOK1VME8-GTE-P00035,07/27/26 10:52 PM EDT,$0.43,3
20260728,MLB-MOVY-IT5-02HOT9QTOK1VME8-SFTS000-GTE-P00025,07/27/26 10:53 PM EDT,$0.75,44
20260728,MLB-WIN-IT5-02HOT9VAOK1VM3G-LALS000,07/27/26 10:53 PM EDT,$0.96,350
20260728,MLB-TRUNS-IT5-02HOT9VAOK1VM3G-GTE-P00055,07/27/26 10:53 PM EDT,$0.54,98
20260728,MLB-TRUNS-IT5-02HOT9QTOK1VME8-GTE-P00035,07/27/26 10:53 PM EDT,$0.43,350
20260728,MLB-TRUNS-IT5-02HOT9QTOK1VME8-GTE-P00035,07/27/26 10:53 PM EDT,$0.39,914
20260728,MLB-TRUNS-IT5-02HOT9QTOK1VME8-GTE-P00035,07/27/26 10:54 PM EDT,$0.42,2000
20260728,MLB-TRUNS-IT5-02HOT9VAOK1VM3G-GTE-P00055,07/27/26 10:54 PM EDT,$0.44,46
20260728,MLB-TRUNS-IT5-02HOT9O1OK1VMH8-GTE-P00055,07/27/26 10:54 PM EDT,$0.97,28
20260728,MLB-TRUNS-IT5-02HOT9O1OK1VMH8-GTE-P00065,07/27/26 10:54 PM EDT,$0.26,54
20260728,MLB-TRUNS-IT5-02HOT9O1OK1VMH8-GTE-P00065,07/27/26 10:54 PM EDT,$0.31,33
20260728,MLB-TRUNS-IT5-02HOT9R0OK1VNTG-GTE-P00025,07/27/26 10:54 PM EDT,$0.02,19
20260728,MLB-TRUNS-I9-02HOT9V9OK1VNE0-GTE-P00035,07/27/26 10:55 PM EDT,$0.11,11
20260728,MLB-TRUNS-IT5-02HOT9QTOK1VME8-GTE-P00035,07/27/26 10:55 PM EDT,$0.47,15
20260728,MLB-TRUNS-IT5-02HOT9VAOK1VM3G-GTE-P00055,07/27/26 10:55 PM EDT,$0.46,11
20260728,MLB-TRUNS-IT5-02HOT9O1OK1VMH8-GTE-P00045,07/27/26 10:55 PM EDT,$0.97,201
20260728,MLB-TRUNS-IT5-02HOT9QTOK1VME8-GTE-P00035,07/27/26 10:55 PM EDT,$0.47,10
20260728,MLB-TRUNS-IT5-02HOT9R0OK1VNTG-GTE-P00055,07/27/26 10:55 PM EDT,$0.01,535
20260728,MLB-TRUNS-IT5-02HOT9VAOK1VM3G-GTE-P00055,07/27/26 10:56 PM EDT,$0.46,25
20260728,MLB-WIN-IT5-02HOT9QTOK1VME8-MIRS000,07/27/26 10:56 PM EDT,$0.07,18
20260728,MLB-TRUNS-IT5-02HOT9R0OK1VNTG-GTE-P00025,07/27/26 10:56 PM EDT,$0.01,56
20260728,MLB-TRUNS-IT5-02HOT9O1OK1VMH8-GTE-P00065,07/27/26 10:56 PM EDT,$0.26,350
20260728,MLB-TRUNS-IT5-02HOT9O1OK1VMH8-GTE-P00045,07/27/26 10:57 PM EDT,$0.97,67
20260728,MLB-TRUNS-IT5-02HOT9O1OK1VMH8-GTE-P00065,07/27/26 10:57 PM EDT,$0.20,1
20260728,MLB-TRUNS-IT5-02HOT9QTOK1VME8-GTE-P00035,07/27/26 10:57 PM EDT,$0.32,2
20260728,MLB-TRUNS-IT5-02HOT9O1OK1VMH8-GTE-P00065,07/27/26 10:58 PM EDT,$0.28,13
20260728,MLB-TRUNS-IT5-02HOT9R0OK1VNTG-GTE-P00025,07/27/26 10:58 PM EDT,$0.01,83
20260728,MLB-TRUNS-IT5-02HOT9R0OK1VNTG-GTE-P00025,07/27/26 10:58 PM EDT,$0.01,38
20260728,MLB-WIN-IT5-02HOT9R0OK1VNTG-ATCS000,07/27/26 10:58 PM EDT,$0.98,16
20260728,MLB-WIN-IT5-02HOT9QTOK1VME8-SFTS000,07/27/26 10:58 PM EDT,$0.95,15
20260728,MLB-TRUNS-IT5-02HOT9QTOK1VME8-GTE-P00035,07/27/26 10:59 PM EDT,$0.45,10
20260728,MLB-TRUNS-IT5-02HOT9QTOK1VME8-GTE-P00035,07/27/26 10:59 PM EDT,$0.37,10
20260728,MLB-TRUNS-IT5-02HOT9QTOK1VME8-GTE-P00035,07/27/26 10:59 PM EDT,$0.37,58
20260728,MLB-TRUNS-IT5-02HOT9O1OK1VMH8-GTE-P00065,07/27/26 10:59 PM EDT,$0.18,150
20260728,MLB-TRUNS-IT5-02HOT9O1OK1VMH8-GTE-P00065,07/27/26 10:59 PM EDT,$0.18,2
20260728,MLB-MOVY-IT5-02HOT9QTOK1VME8-SFTS000-GTE-P00025,07/27/26 10:59 PM EDT,$0.77,60
20260728,MLB-TRUNS-IT5-02HOT9VAOK1VM3G-GTE-P00065,07/27/26 10:59 PM EDT,$0.38,50
20260728,MLB-TRUNS-IT5-02HOT9VAOK1VM3G-GTE-P00065,07/27/26 11:00 PM EDT,$0.38,125
20260728,MLB-TRUNS-IT5-02HOT9QTOK1VME8-GTE-P00035,07/27/26 11:00 PM EDT,$0.26,71
20260728,MLB-TRUNS-IT5-02HOT9VAOK1VM3G-GTE-P00065,07/27/26 11:00 PM EDT,$0.45,319
20260728,MLB-MOVY-IT5-02HOT9O1OK1VMH8-CHBS000-GTE-P00035,07/27/26 11:00 PM EDT,$0.97,1
20260728,MLB-MOVY-IT5-02HOT9O1OK1VMH8-CHBS000-GTE-P00035,07/27/26 11:00 PM EDT,$0.97,1020
20260728,MLB-WIN-IT5-02HOT9VAOK1VM3G-LALS000,07/27/26 11:00 PM EDT,$0.96,256
20260728,MLB-TRUNS-IT5-02HOT9O1OK1VMH8-GTE-P00015,07/27/26 11:01 PM EDT,$0.98,350
20260728,MLB-TRUNS-IT5-02HOT9VAOK1VM3G-GTE-P00065,07/27/26 11:01 PM EDT,$0.39,3
20260728,MLB-TRUNS-IT5-02HOT9VAOK1VM3G-GTE-P00065,07/27/26 11:01 PM EDT,$0.44,125
20260728,MLB-MOVY-IT5-02HOT9VAOK1VM3G-LALS000-GTE-P00035,07/27/26 11:02 PM EDT,$0.36,49
20260728,MLB-MOVY-IT5-02HOT9VAOK1VM3G-LALS000-GTE-P00035,07/27/26 11:02 PM EDT,$0.36,125
20260728,MLB-TRUNS-IT5-02HOT9R0OK1VNTG-GTE-P00015,07/27/26 11:03 PM EDT,$0.03,17
20260728,MLB-TRUNS-IT5-02HOT9R0OK1VNTG-GTE-P00045,07/27/26 11:03 PM EDT,$0.03,19
20260728,MLB-TRUNS-IT5-02HOT9VAOK1VM3G-GTE-P00055,07/27/26 11:03 PM EDT,$0.54,114
20260728,MLB-TRUNS-IT5-02HOT9VAOK1VM3G-GTE-P00055,07/27/26 11:04 PM EDT,$0.63,3
20260728,MLB-TRUNS-IT5-02HOT9O1OK1VMH8-GTE-P00065,07/27/26 11:04 PM EDT,$0.03,350
20260728,MLB-MOVY-IT5-02HOT9QTOK1VME8-SFTS000-GTE-P00035,07/27/26 11:06 PM EDT,$0.15,3
20260728,MLB-TRUNS-IT5-02HOT9VAOK1VM3G-GTE-P00055,07/27/26 11:06 PM EDT,$0.51,88
20260728,MLB-TRUNS-IT5-02HOT9VAOK1VM3G-GTE-P00055,07/27/26 11:06 PM EDT,$0.51,19
20260728,MLB-TRUNS-IT5-02HOT9O1OK1VMH8-GTE-P00065,07/27/26 11:06 PM EDT,$0.03,42
20260728,MLB-TRUNS-IT5-02HOT9VAOK1VM3G-GTE-P00055,07/27/26 11:06 PM EDT,$0.53,88
20260728,MLB-TRUNS-IT5-02HOT9VAOK1VM3G-GTE-P00055,07/27/26 11:06 PM EDT,$0.50,48
20260728,MLB-TRUNS-IT5-02HOT9VAOK1VM3G-GTE-P00045,07/27/26 11:07 PM EDT,$0.99,10
20260728,KBO-WIN-FG-000ABKU5I43KKM0-SSRS000,07/27/26 11:07 PM EDT,$0.42,22
20260728,MLB-TRUNS-IT5-02HOT9VAOK1VM3G-GTE-P00055,07/27/26 11:07 PM EDT,$0.53,45
20260728,MLB-MOVY-IT5-02HOT9QTOK1VME8-SFTS000-GTE-P00015,07/27/26 11:08 PM EDT,$0.99,144
20260728,KBO-MOVY-FG-000ABKVAI43KK20-LGNS000-GTE-P00025,07/27/26 11:09 PM EDT,$0.53,32
20260728,MLB-TRUNS-IT5-02HOT9VAOK1VM3G-GTE-P00055,07/27/26 11:09 PM EDT,$0.46,45
20260728,MLB-TRUNS-IT5-02HOT9VAOK1VM3G-GTE-P00055,07/27/26 11:09 PM EDT,$0.46,205
20260728,MLB-TRUNS-IT5-02HOT9VAOK1VM3G-GTE-P00055,07/27/26 11:09 PM EDT,$0.46,71
20260728,MLB-TRUNS-IT5-02HOT9R0OK1VNTG-GTE-P00035,07/27/26 11:10 PM EDT,$0.03,350
20260728,MLB-TRUNS-IT5-02HOT9R0OK1VNTG-GTE-P00025,07/27/26 11:10 PM EDT,$0.03,22
20260728,MLB-TRUNS-IT5-02HOT9QTOK1VME8-GTE-P00035,07/27/26 11:11 PM EDT,$0.03,36
20260728,MLB-TRUNS-IT5-02HOT9QTOK1VME8-GTE-P00035,07/27/26 11:11 PM EDT,$0.03,311
20260728,MLB-TRUNS-IT5-02HOT9R0OK1VNTG-GTE-P00055,07/27/26 11:11 PM EDT,$0.03,80
20260728,MLB-TRUNS-IT5-02HOT9VAOK1VM3G-GTE-P00055,07/27/26 11:11 PM EDT,$0.38,39
20260728,MLB-TRUNS-I9-02HOT9V9OK1VNE0-GTE-P00015,07/27/26 11:12 PM EDT,$0.27,1
20260728,KBO-TRUNS-FG-000ABKSKI43KLPO-GTE-P00105,07/27/26 11:12 PM EDT,$0.49,301
20260728,MLB-TRUNS-IT5-02HOT9VAOK1VM3G-GTE-P00055,07/27/26 11:12 PM EDT,$0.39,1
20260728,KBO-TRUNS-FG-000ABKUPI43KK2G-GTE-P00085,07/27/26 11:12 PM EDT,$0.56,265
20260728,KBO-TRUNS-FG-000ABKQ0I43KKSG-GTE-P00155,07/27/26 11:12 PM EDT,$0.22,18
20260728,KBO-TRUNS-FG-000ABKQ0I43KKSG-GTE-P00105,07/27/26 11:12 PM EDT,$0.54,280
20260728,KBO-TRUNS-FG-000ABKUPI43KK2G-GTE-P00155,07/27/26 11:12 PM EDT,$0.13,12
20260728,MLB-WIN-IT5-02HOT9R0OK1VNTG-BOOX000,07/27/26 11:12 PM EDT,$0.04,140
20260728,MLB-WIN-IT5-02HOT9R0OK1VNTG-BOOX000,07/27/26 11:13 PM EDT,$0.04,200
20260728,MLB-WIN-IT5-02HOT9VAOK1VM3G-HOOS000,07/27/26 11:13 PM EDT,$0.06,14
20260728,MLB-WIN-IT5-02HOT9R0OK1VNTG-BOOX000,07/27/26 11:13 PM EDT,$0.04,10
20260728,MLB-MOVY-IT5-02HOT9VAOK1VM3G-LALS000-GTE-P00025,07/27/26 11:13 PM EDT,$0.83,350
20260728,MLB-TRUNS-IT5-02HOT9O1OK1VMH8-GTE-P00065,07/27/26 11:13 PM EDT,$0.03,54
20260728,KBO-MOVY-FG-000ABKUPI43KK2G-HAES000-GTE-P00015,07/27/26 11:14 PM EDT,$0.48,25
20260728,MLB-TRUNS-IT5-02HOT9VAOK1VM3G-GTE-P00055,07/27/26 11:14 PM EDT,$0.37,15
20260728,MLB-TRUNS-IT5-02HOT9VAOK1VM3G-GTE-P00055,07/27/26 11:14 PM EDT,$0.42,132
20260728,KBO-WIN-FG-000ABKVAI43KK20-KIES000,07/27/26 11:15 PM EDT,$0.24,27
20260728,MLB-WIN-IT5-02HOT9QTOK1VME8-SFTS000,07/27/26 11:15 PM EDT,$0.96,32
20260728,MLB-TRUNS-IT5-02HOT9VAOK1VM3G-GTE-P00055,07/27/26 11:15 PM EDT,$0.46,5
20260728,MLB-TRUNS-IT5-02HOT9VAOK1VM3G-GTE-P00055,07/27/26 11:15 PM EDT,$0.42,3
20260728,KBO-TRUNS-FG-000ABKSKI43KLPO-GTE-P00085,07/27/26 11:15 PM EDT,$0.63,3
20260728,KBO-TRUNS-FG-000ABKUPI43KK2G-GTE-P00075,07/27/26 11:15 PM EDT,$0.61,3
20260728,KBO-TRUNS-FG-000ABKQ0I43KKSG-GTE-P00085,07/27/26 11:15 PM EDT,$0.64,3
20260728,KBO-TRUNS-FG-000ABKU5I43KKM0-GTE-P00075,07/27/26 11:15 PM EDT,$0.63,3
20260728,KBO-TRUNS-FG-000ABKVAI43KK20-GTE-P00085,07/27/26 11:16 PM EDT,$0.64,3
20260728,MLB-TRUNS-IT5-02HOT9VAOK1VM3G-GTE-P00055,07/27/26 11:16 PM EDT,$0.40,23
20260728,KBO-WIN-FG-000ABKQ0I43KKSG-SANS000,07/27/26 11:16 PM EDT,$0.45,57
20260728,MLB-TRUNS-IT5-02HOT9VAOK1VM3G-GTE-P00065,07/27/26 11:16 PM EDT,$0.24,4
20260728,MLB-MOVY-IT5-02HOT9VAOK1VM3G-LALS000-GTE-P00015,07/27/26 11:16 PM EDT,$0.96,350
20260728,MLB-TRUNS-IT5-02HOT9VAOK1VM3G-GTE-P00055,07/27/26 11:16 PM EDT,$0.28,20
20260728,MLB-TRUNS-IT5-02HOT9VAOK1VM3G-GTE-P00055,07/27/26 11:16 PM EDT,$0.27,526
20260728,MLB-TRUNS-IT5-02HOT9VAOK1VM3G-GTE-P00055,07/27/26 11:17 PM EDT,$0.28,5
20260728,MLB-TRUNS-IT5-02HOT9VAOK1VM3G-GTE-P00055,07/27/26 11:17 PM EDT,$0.25,64
20260728,MLB-TRUNS-IT5-02HOT9QTOK1VME8-GTE-P00065,07/27/26 11:17 PM EDT,$0.03,2
20260728,MLB-TRUNS-IT5-02HOT9VAOK1VM3G-GTE-P00055,07/27/26 11:17 PM EDT,$0.28,64
20260728,MLB-MOVY-IT5-02HOT9VAOK1VM3G-LALS000-GTE-P00035,07/27/26 11:18 PM EDT,$0.25,6
20260728,MLB-MOVY-IT5-02HOT9VAOK1VM3G-LALS000-GTE-P00035,07/27/26 11:18 PM EDT,$0.25,320
20260728,MLB-TRUNS-IT5-02HOT9VAOK1VM3G-GTE-P00055,07/27/26 11:18 PM EDT,$0.28,33
20260728,KBO-WIN-FG-000ABKSKI43KLPO-NCOS000,07/27/26 11:18 PM EDT,$0.42,115
20260728,KBO-WIN-FG-000ABKVAI43KK20-LGNS000,07/27/26 11:18 PM EDT,$0.78,25
20260728,MLB-TRUNS-IT5-02HOT9VAOK1VM3G-GTE-P00055,07/27/26 11:18 PM EDT,$0.26,19
20260728,MLB-TRUNS-IT5-02HOT9O1OK1VMH8-GTE-P00055,07/27/26 11:19 PM EDT,$0.97,9
20260728,MLB-TRUNS-IT5-02HOT9VAOK1VM3G-GTE-P00065,07/27/26 11:19 PM EDT,$0.09,7
20260728,MLB-TRUNS-IT5-02HOT9VAOK1VM3G-GTE-P00055,07/27/26 11:19 PM EDT,$0.24,146
20260728,MLB-TRUNS-IT5-02HOT9O1OK1VMH8-GTE-P00065,07/27/26 11:19 PM EDT,$0.03,254
20260728,MLB-TRUNS-IT5-02HOT9VAOK1VM3G-GTE-P00065,07/27/26 11:19 PM EDT,$0.17,350
20260728,MLB-TRUNS-IT5-02HOSF3DOK1VH80-GTE-P00045,07/27/26 11:21 PM EDT,$0.54,10
20260728,MLB-TRUNS-IT5-02HOT9VAOK1VM3G-GTE-P00055,07/27/26 11:22 PM EDT,$0.23,61
20260728,KBO-TRUNS-FG-000ABKVAI43KK20-GTE-P00095,07/27/26 11:22 PM EDT,$0.56,17
20260728,MLB-TRUNS-IT5-02HOT9VAOK1VM3G-GTE-P00055,07/27/26 11:22 PM EDT,$0.13,112
20260728,KBO-MOVY-FG-000ABKU5I43KKM0-DORS000-GTE-P00015,07/27/26 11:22 PM EDT,$0.46,1
20260728,KBO-MOVY-FG-000ABKQ0I43KKSG-KIRS000-GTE-P00015,07/27/26 11:23 PM EDT,$0.45,1
20260728,KBO-MOVY-FG-000ABKSKI43KLPO-KTON000-GTE-P00015,07/27/26 11:23 PM EDT,$0.46,1
20260728,KBO-WIN-FG-000ABKU5I43KKM0-DORS000,07/27/26 11:23 PM EDT,$0.59,286
20260728,KBO-MOVY-FG-000ABKUPI43KK2G-HAES000-GTE-P00015,07/27/26 11:23 PM EDT,$0.46,1
20260728,MLB-TRUNS-IT5-02HOT9VAOK1VM3G-GTE-P00055,07/27/26 11:24 PM EDT,$0.10,1
20260728,KBO-MOVY-FG-000ABKQ0I43KKSG-KIRS000-GTE-P00015,07/27/26 11:24 PM EDT,$0.47,1
20260728,KBO-MOVY-FG-000ABKSKI43KLPO-KTON000-GTE-P00015,07/27/26 11:24 PM EDT,$0.49,1
20260728,KBO-MOVY-FG-000ABKU5I43KKM0-DORS000-GTE-P00015,07/27/26 11:25 PM EDT,$0.48,1
20260728,KBO-MOVY-FG-000ABKUPI43KK2G-HAES000-GTE-P00015,07/27/26 11:25 PM EDT,$0.48,1
20260728,MLB-TRUNS-IT5-02HOT9VAOK1VM3G-GTE-P00015,07/27/26 11:25 PM EDT,$0.98,350
20260728,MLB-TRUNS-IT5-02HOT9VAOK1VM3G-GTE-P00055,07/27/26 11:25 PM EDT,$0.03,15
20260728,KBO-MOVY-FG-000ABKQ0I43KKSG-KIRS000-GTE-P00015,07/27/26 11:25 PM EDT,$0.45,1
20260728,KBO-MOVY-FG-000ABKQ0I43KKSG-KIRS000-GTE-P00015,07/27/26 11:26 PM EDT,$0.47,1
20260728,MLB-MOVY-IT5-02HOT9VAOK1VM3G-HOOS000-GTE-P00015,07/27/26 11:26 PM EDT,$0.01,350
20260728,MLB-TRUNS-IT5-02HOT9VAOK1VM3G-GTE-P00055,07/27/26 11:26 PM EDT,$0.03,20
20260728,KBO-TRUNS-FG-000ABKUPI43KK2G-GTE-P00085,07/27/26 11:27 PM EDT,$0.54,25
20260728,KBO-TRUNS-FG-000ABKU5I43KKM0-GTE-P00095,07/27/26 11:27 PM EDT,$0.46,25
20260728,KBO-TRUNS-FG-000ABKVAI43KK20-GTE-P00105,07/27/26 11:27 PM EDT,$0.46,25
20260728,KBO-TRUNS-FG-000ABKSKI43KLPO-GTE-P00105,07/27/26 11:27 PM EDT,$0.46,25
20260728,KBO-TRUNS-FG-000ABKQ0I43KKSG-GTE-P00105,07/27/26 11:27 PM EDT,$0.52,25
20260728,MLB-MOVY-IT5-02HOSF3DOK1VH80-CIDS000-GTE-P00005,07/27/26 11:27 PM EDT,$0.54,61
20260728,KBO-WIN-FG-000ABKQ0I43KKSG-SANS000,07/27/26 11:27 PM EDT,$0.45,21
20260728,MLB-TRUNS-I6-02HOT9O1OK1VMH8-GTE-P00025,07/27/26 11:28 PM EDT,$0.15,2
20260728,MLB-TRUNS-I7-02HOT9O1OK1VMH8-GTE-P00005,07/27/26 11:31 PM EDT,$0.36,14
20260728,MLB-WIN-IT5-02HOT9VAOK1VM3G-HOOS000,07/27/26 11:33 PM EDT,$0.04,20
20260728,KBO-WIN-FG-000ABKU5I43KKM0-DORS000,07/27/26 11:33 PM EDT,$0.59,5
20260728,KBO-WIN-FG-000ABKSKI43KLPO-KTON000,07/27/26 11:33 PM EDT,$0.60,9
20260728,KBO-TRUNS-FG-000ABKQ0I43KKSG-GTE-P00155,07/27/26 11:34 PM EDT,$0.22,269
20260728,MLB-TRUNS-IT5-02HOT9VAOK1VM3G-GTE-P00055,07/27/26 11:34 PM EDT,$0.03,11
20260728,MLB-TRUNS-I7-02HOT9O1OK1VMH8-GTE-P00005,07/27/26 11:34 PM EDT,$0.39,50
20260728,MLB-TRUNS-I7-02HOT9O1OK1VMH8-GTE-P00015,07/27/26 11:35 PM EDT,$0.30,23
20260728,KBO-WIN-FG-000ABKU5I43KKM0-DORS000,07/27/26 11:35 PM EDT,$0.59,32
20260728,KBO-WIN-FG-000ABKSKI43KLPO-KTON000,07/27/26 11:35 PM EDT,$0.60,80
20260728,KBO-WIN-FG-000ABKUPI43KK2G-HAES000,07/27/26 11:35 PM EDT,$0.64,69
20260728,KBO-TRUNS-FG-000ABKQ0I43KKSG-GTE-P00105,07/27/26 11:36 PM EDT,$0.54,35
20260728,KBO-WIN-FG-000ABKU5I43KKM0-SSRS000,07/27/26 11:36 PM EDT,$0.43,97
20260728,KBO-MOVY-FG-000ABKVAI43KK20-LGNS000-GTE-P00025,07/27/26 11:36 PM EDT,$0.53,81
20260728,KBO-TRUNS-FG-000ABKVAI43KK20-GTE-P00105,07/27/26 11:37 PM EDT,$0.46,10
20260728,KBO-TRUNS-FG-000ABKVAI43KK20-GTE-P00105,07/27/26 11:37 PM EDT,$0.46,25
20260728,KBO-WIN-FG-000ABKU5I43KKM0-SSRS000,07/27/26 11:39 PM EDT,$0.43,7
20260728,KBO-WIN-FG-000ABKU5I43KKM0-SSRS000,07/27/26 11:39 PM EDT,$0.43,15
20260728,KBO-WIN-FG-000ABKVAI43KK20-KIES000,07/27/26 11:42 PM EDT,$0.24,19
20260728,KBO-WIN-FG-000ABKQ0I43KKSG-SANS000,07/27/26 11:43 PM EDT,$0.45,21
20260728,KBO-WIN-FG-000ABKSKI43KLPO-KTON000,07/27/26 11:43 PM EDT,$0.60,16
20260728,MLB-WIN-IT5-02HOSF3DOK1VH80-CIDS000,07/27/26 11:44 PM EDT,$0.57,37
20260728,MLB-TRUNS-I7-02HOT9O1OK1VMH8-GTE-P00005,07/27/26 11:45 PM EDT,$0.18,26
20260728,MLB-TRUNS-I7-02HOT9O1OK1VMH8-GTE-P00005,07/27/26 11:45 PM EDT,$0.18,14
20260728,KBO-WIN-FG-000ABKUPI43KK2G-HAES000,07/27/26 11:47 PM EDT,$0.64,121
20260728,KBO-WIN-FG-000ABKVAI43KK20-KIES000,07/27/26 11:47 PM EDT,$0.24,26
20260728,KBO-TRUNS-FG-000ABKVAI43KK20-GTE-P00095,07/27/26 11:47 PM EDT,$0.56,6
20260728,KBO-TRUNS-FG-000ABKU5I43KKM0-GTE-P00095,07/27/26 11:48 PM EDT,$0.46,89
20260728,MLB-TRUNS-I8-02HOT9O1OK1VMH8-GTE-P00005,07/27/26 11:51 PM EDT,$0.35,1
20260728,MLB-TRUNS-I9-02HOT9O1OK1VMH8-GTE-P00035,07/27/26 11:51 PM EDT,$0.09,5
20260728,MLB-TRUNS-I8-02HOT9O1OK1VMH8-GTE-P00015,07/27/26 11:51 PM EDT,$0.18,2
20260728,MLB-TRUNS-I9-02HOT9O1OK1VMH8-GTE-P00025,07/27/26 11:51 PM EDT,$0.15,2
20260728,MLB-TRUNS-I8-02HOT9O1OK1VMH8-GTE-P00025,07/27/26 11:51 PM EDT,$0.10,3
20260728,MLB-TRUNS-I9-02HOT9O1OK1VMH8-GTE-P00015,07/27/26 11:51 PM EDT,$0.26,1
20260728,MLB-TRUNS-I9-02HOT9O1OK1VMH8-GTE-P00005,07/27/26 11:51 PM EDT,$0.46,1
20260728,KBO-WIN-FG-000ABKQ0I43KKSG-SANS000,07/27/26 11:51 PM EDT,$0.45,10
20260728,KBO-WIN-FG-000ABKUPI43KK2G-LOTS001,07/27/26 11:52 PM EDT,$0.38,11
20260728,KBO-MOVY-FG-000ABKUPI43KK2G-HAES000-GTE-P00015,07/27/26 11:53 PM EDT,$0.46,25
20260728,KBO-WIN-FG-000ABKSKI43KLPO-KTON000,07/27/26 11:54 PM EDT,$0.60,15
20260728,KBO-WIN-FG-000ABKU5I43KKM0-SSRS000,07/27/26 11:56 PM EDT,$0.42,71
20260728,KBO-TRUNS-FG-000ABKUPI43KK2G-GTE-P00155,07/27/26 11:59 PM EDT,$0.13,178
20260728,KBO-WIN-FG-000ABKQ0I43KKSG-KIRS000,07/27/26 11:59 PM EDT,$0.56,51
20260728,KBO-TRUNS-FG-000ABKU5I43KKM0-GTE-P00155,07/27/26 11:59 PM EDT,$0.14,166
20260728,MLB-TRUNS-I9-02HOT9O1OK1VMH8-GTE-P00015,07/27/26 11:59 PM EDT,$0.26,7
20260728,MLB-TRUNS-I9-02HOT9O1OK1VMH8-GTE-P00025,07/27/26 11:59 PM EDT,$0.15,5
